tree
version=v4
num_class=1
num_tree_per_iteration=1
label_index=0
max_feature_idx=49
objective=binary sigmoid:1
average_output
feature_names=Column_0 Column_1 Column_2 Column_3 Column_4 Column_5 Column_6 Column_7 Column_8 Column_9 Column_10 Column_11 Column_12 Column_13 Column_14 Column_15 Column_16 Column_17 Column_18 Column_19 Column_20 Column_21 Column_22 Column_23 Column_24 Column_25 Column_26 Column_27 Column_28 Column_29 Column_30 Column_31 Column_32 Column_33 Column_34 Column_35 Column_36 Column_37 Column_38 Column_39 Column_40 Column_41 Column_42 Column_43 Column_44 Column_45 Column_46 Column_47 Column_48 Column_49
feature_infos=[-1.2504883594784932:15.798026433845127] [-1.6942035155796722:31.698713898142451] [-1.2896648374313537:41.078922051193565] [-0.97804474198327029:9.7605787938453812] [-1.1152888280384345:12.961958469173164] [-1.8862102267685008:19.869853026967405] [-1.5540989689317364:47.607737950131309] [-1.5002415319004463:4.6653551563690892] [-1.2138337338365262:29.713077130013048] [-1.7560963937658212:4.0743700750396483] [-1.7340317224577881:4.7065332170985608] [-0.97869483213632102:6.0008285365236516] [-1.5579095479715643:59.004612215098327] [-0.96776256976426955:9.764175400841701] [-5.7175227242526372:7.6513710065328215] [-0.77399648462484738:9.7791031611688801] [-0.059509790911492735:40.221515814628638] [-0.038186151847367227:0.035340447584859179] [-1.0538865892455764:1.0171488228821155] [-0.8372301391356739:9.7723828108543724] [-0.68886770146199205:12.781567845435854] [-1.9547255726441837:11.035072096676103] [-0.86951015623001549:119.05123222314909] [-3.3263630773699115:2.3966212858456437] [-0.28229914078801199:4.1126100380045401] [-1.6642384446554661:9.4631116693494146] [-1.7369647438352842:4.9704035988239283] [-1.6279496045771977:4.4334029956433021] [-0.72481424855633592:34.139763059305217] [-1.0164738168665284:7.3084434598582915] [-0.121383293391677:12.362016191829406] [-1.7104296920285054:56.810156472352482] [-2.36423798798715:4.7794127332731167] [-0.80976315975979374:2.4091642995358473] [-0.032497488837272763:3.0145892820273552] [-0.030516122026900076:5.0323200925609015] [0:6] [0:1] [0:3897] [0:0.40000000000000002] [0:0.56000000000000005] [0:0.40000000000000002] [0:1] [0:4] [0:1] [0:1] [0:34] [0:4] [0:56] [0:35]
tree_sizes=3308 3310 3299 3318 3307 3296 3306 3316 3304 3321 3308 3328 3320 3314 3306 3297 3301 3325 3320 3321 3308 3313 3313 3319 3306 3313 3316 3311 3311 3310 3343 3308 3308 3302 3325 3308 3308 3317 3330 3325 3313 3311 3304 3304 3318 3327 3332 3321 3309 3299 3330 3321 3318 3308 3310 3323 3310 3309 3314 3315 3305 3296 3299 3315 3307 3306 3313 3308 3315 3326 3305 3305 3315 3317 3307 3347 3328 3320 3315 3325 3333 3307 3307 3312 3320 3311 3314 3322 3295 3314 3316 3324 3315 3324 3315 3315 3320 3334 3319 3308

Tree=0
num_leaves=31
num_cat=0
split_feature=10 36 34 8 34 14 35 35 35 35 35 34 20 49 35 0 20 34 20 6 6 9 28 6 0 35 35 6 20 6
split_gain=8250.13 6649.56 3416.18 1007.82 726.518 228.662 293.474 225.519 567.808 379.081 630.128 136.569 132.239 102.011 94.1262 91.3865 90.2759 75.7102 75.2642 105.631 59.9701 36.6761 35.8505 35.7188 35.6163 34.6332 73.1382 34.5384 27.6927 26.1261
threshold=1.5552819910174021 3.5000000000000004 0.031450555220707131 -0.45128626237464337 0.97392298712563552 -1.0994183075655302 4.9821933372715934 3.9829812312414954 4.9719404740209621 1.022266111254815 0.021372449354867915 0.022712859276481874 2.8226152211827329 14.500000000000002 3.9786411023398522 -0.59495052060856568 -0.044790908973797873 1.0052488024084618 0.34330622176733294 -1.1443219107003644 -0.12000415446219208 1.438366478306347 -0.56535940001863971 -0.48895835778212454 -0.91944320065812446 3.001626907424972 4.999625008347782 -0.78137799809396824 3.2850745008845155 1.3974503352586811
decision_type=2 2 2 2 2 2 2 2 2 2 2 2 2 2 2 2 2 2 2 2 2 2 2 2 2 2 2 2 2 2
left_child=1 3 -2 4 29 6 18 9 17 10 28 -8 -4 14 20 -10 -7 -9 27 -20 -6 -18 -22 -17 -11 -14 -27 -3 -5 -1
right_child=2 5 12 7 13 16 11 8 15 24 -12 -13 25 -15 -16 23 21 -19 19 -21 22 -23 -24 -25 -26 26 -28 -29 -30 -31
leaf_value=4.9318918782512036 4.8784442746148731 -2.3548790156008175 -2.1792259152149382 -1.5749669670735718 2.307580357628527 -2.7646907952002824 4.01819746850828 4.8269132817188503 4.80096152867001 -0.054444525666515142 3.8010889960496308 -1.1683720188647042 -0.46523146189174058 -2.1635002363087641 5.0148846258570678 1.5791500346710077 -2.4098095490544842 -0.91661943251131872 2.8070152270815636 -1.5182024915567758 2.4867025681918506 -1.124094677473972 -1.6105006171207035 -1.8902280048643783 -1.9789854249512393 4.6117036222894452 -1.4460250770651457 -0.88702532815737811 1.6580676462815158 1.7088003966025571
leaf_weight=115.32849544286728 247.79710698127747 313.05197754502296 96.229508936405182 44.809160649776459 9.3046344518661517 2666.0226292610168 11.753222465515138 36.606390804052353 2.4485880136489859 11.018646061420439 46.155884057283401 8.9373462498188001 11.630793064832689 13.834522277116774 5.1420348286628714 3.3055938184261313 717.92600560188293 2.4485880136489859 6.2438994348049155 59.010971128940582 2.571017414331437 22.894297927618027 12.610228270292282 29.015767961740494 75.538940221071243 5.0196054279804212 3.3055938184261322 16.895257294178009 2.815876215696334 2.5710174143314353
leaf_count=942 2024 2557 786 366 76 21776 96 299 20 90 377 73 95 113 42 27 5864 20 51 482 21 187 103 237 617 41 27 138 23 21
internal_value=-1.79198 -2.18046 2.78067 1.61873 3.57329 -2.59343 -1.89343 0.377823 1.85006 -0.224865 1.16803 1.77784 -1.69339 0.0784927 1.12537 -1.08918 -2.67888 4.46682 -2.08564 -1.10434 0.308576 -2.37008 -0.916619 -1.53541 -1.73399 0.649326 2.20643 -2.27972 -1.38381 4.86161
internal_weight=0 4238.26 363.983 415.525 161.362 3822.74 415.893 254.163 73.8249 180.339 93.7809 20.6906 116.186 43.4624 29.6279 34.7699 3406.84 39.055 395.202 65.2549 24.4859 740.82 15.1812 32.3214 86.5576 19.956 8.3252 329.947 47.625 117.9
internal_count=37591 34618 2973 3394 1318 31224 3397 2076 603 1473 766 169 949 355 242 284 27827 319 3228 533 200 6051 124 264 707 163 68 2695 389 963
is_linear=0
shrinkage=1


Tree=1
num_leaves=31
num_cat=0
split_feature=10 36 46 8 34 35 35 35 35 14 35 34 36 0 34 34 38 9 38 14 1 33 46 6 9 6 6 35 35 38
split_gain=8100.95 6487.24 3534.56 1067.33 675.276 221.461 549.385 349.552 635.401 206.557 253.628 141.444 134.285 105.283 86.4143 82.3205 80.1428 76.1103 84.0165 67.7081 76.1044 51.3989 50.1539 47.0766 55.6025 47.0218 45.9491 44.2828 69.8607 40.29
threshold=1.5552819910174021 3.5000000000000004 10.500000000000002 -0.45128626237464337 0.98615402669926089 3.9829812312414954 4.9719404740209621 1.9917766687961107 0.021372449354867915 -1.0994183075655302 4.9821933372715934 0.022712859276481874 3.5000000000000004 -0.59761956593285281 1.0078492228598839 1.0186899407806365 47.500000000000007 0.14409912162382785 76.500000000000014 -2.535449313321108 -0.038335830237856278 -0.096747904038029561 1.5000000000000002 0.41153669862126691 1.4973996768058531 1.5785218697442356 -0.78137799809396824 3.9883192444734608 4.9878135843335505 31.500000000000004
decision_type=2 2 2 2 2 2 2 2 2 2 2 2 2 2 2 2 2 2 2 2 2 2 2 2 2 2 2 2 2 2
left_child=1 3 -2 4 -1 7 14 8 -5 10 19 -12 27 -8 -7 16 -6 -11 -19 20 -3 -22 -15 24 -20 -18 -21 -4 -29 -10
right_child=2 9 12 5 15 6 13 -9 29 17 11 -13 -14 22 -16 -17 25 18 23 26 21 -23 -24 -25 -26 -27 -28 28 -30 -31
leaf_value=4.8349947486770422 4.9030611886911064 -2.7686597770800216 -0.67158024846069075 -1.4460250770651455 -1.7917593755492773 4.8163992779515503 5.209360168754392 -1.7081785944726184 1.288733223944337 -2.7867855376435973 4.0027278230505381 -1.2831310325870451 -2.2496942388244858 1.2203501958371827 -1.3250180725956995 -2.725241981456433 2.3799316818952829 -2.7150618149922332 -2.0449445163023974 -2.2626367636687696 -0.50822079242693841 4.6988618686489172 -2.1608106383497807 -2.6013653135751156 0.46310570290888631 -2.1807104613439257 -0.70365081651639638 4.9886041470871607 -0.73098368701841876 4.0390237673185538
leaf_weight=117.53222465515137 244.85880136489868 5.2644642293453217 12.242940068244936 49.583907276391983 8.5700580477714556 35.626955598592758 2.4485880136489859 87.169733285903931 6.1214700341224662 2182.4264965653419 10.773787260055544 9.5494932532310468 97.331373542547226 5.2644642293453243 2.4485880136489859 8.5700580477714521 18.731698304414753 665.15893390774727 363.37046122550964 359.20786160230637 3.6728820204734802 3.9177408218383771 26.322321146726608 184.74596562981606 9.0597756505012494 2.5710174143314353 19.955992311239243 4.5298878252506238 4.0401702225208282 41.013849228620529
leaf_count=960 2000 43 100 405 70 291 20 712 50 17826 88 78 795 43 20 70 153 5433 2968 2934 30 32 215 1509 74 21 163 37 33 335
internal_value=-1.79198 -2.18705 2.73555 1.58293 3.64501 0.326545 1.81182 -0.255895 1.053 -2.59394 -1.92549 1.51901 -1.75669 -1.1076 4.42145 0.00682972 0.790621 -2.67489 -2.47511 -2.10406 0.152996 2.17931 -1.59728 -2.18866 -1.98393 1.82951 -2.18058 0.548811 2.29223 3.68184
internal_weight=0 4229.08 363.003 411.975 155.975 256 72.1109 183.889 96.7192 3817.1 412.342 20.3233 118.144 34.0354 38.0755 38.4428 29.8728 3404.76 1222.34 392.019 12.8551 7.59062 31.5868 557.176 372.43 21.3027 379.164 20.813 8.57006 47.1353
internal_count=37508 34543 2965 3365 1274 2091 589 1502 790 31178 3368 166 965 278 311 314 244 27810 9984 3202 105 62 258 4551 3042 174 3097 170 70 385
is_linear=0
shrinkage=1


Tree=2
num_leaves=31
num_cat=0
split_feature=1 36 46 2 46 35 35 35 35 14 35 9 46 0 49 35 20 6 1 38 6 33 6 1 9 35 20 1 49 35
split_gain=8049.25 6353.74 3379.83 946.186 680.087 237.244 499.843 311.423 609.663 216.17 241.735 171.46 131.278 103.461 101.311 132.726 80.126 77.4451 67.7642 67.3835 63.8633 53.6928 53.4199 43.1649 43.1068 38.9962 38.6098 37.3188 36.5954 57.9667
threshold=1.5367684771616057 3.5000000000000004 10.500000000000002 -0.5664734721152126 7.0000000000000009 3.9829812312414954 4.9719404740209621 1.9937452855582312 0.021372449354867915 -1.0994183075655302 4.9821933372715934 1.20733357875903 7.0000000000000009 -0.59761956593285281 14.500000000000002 3.9786411023398522 -0.044790908973797873 -1.1961339953951045 -1.0000000180025095e-35 76.500000000000014 -0.12000415446219208 -0.096747904038029561 -0.42093785253414762 1.3261781174378513 1.438366478306347 0.97918049801925522 1.0422042645942826 1.5862336113674254 11.500000000000002 3.9904505456625414
decision_type=2 2 2 2 2 2 2 2 2 2 2 2 2 2 2 2 2 2 2 2 2 2 2 2 2 2 2 2 2 2
left_child=1 3 27 4 -1 7 -7 8 -5 10 17 -4 -12 -8 15 20 -11 18 -3 -18 -6 -20 -15 -9 -21 -13 -19 -2 -27 -30
right_child=2 9 11 5 14 6 13 23 -10 16 12 25 -14 22 -16 -17 19 26 21 24 -22 -23 -24 -25 -26 28 -28 -29 29 -31
leaf_value=4.5754279513099796 2.9654115968621899 -2.725241981456433 -2.2352497279867176 -1.5074499524303466 2.0602622211157935 4.4234383871487104 5.2093601687543813 -1.8835541855098903 3.6837330649909004 -2.7620961707689768 3.8327355392564777 -1.6689327168772832 -1.4197192065283095 2.4867025681918435 -2.0663130831690291 5.0608515723600718 -2.668072307478822 -2.2278959878483255 -1.1829663716967846 -2.1294396363982675 -1.1299620056897268 4.3495735580504338 -2.0088483536672208 1.9421710480793459 -0.23595503237068427 4.3925628885856245 -0.6062364660471895 4.8377090545671741 -1.7917593755492773 2.5292440932006426
leaf_weight=123.04154768586159 11.141075462102888 4.2850290238857269 99.535102754831314 48.23718386888504 10.161640256643294 35.626955598592758 2.4485880136489895 80.925833851099014 42.605431437492371 2671.5319522917271 10.896216660737993 4.6523172259330776 8.4476286470890027 2.9383056163787904 14.56909868121147 6.7336170375347129 395.81425240635872 361.289161413908 2.8158762156963348 323.21361780166626 16.405539691448215 4.6523172259330732 26.322321146726605 3.0607350170612326 12.487798869609831 3.6728820204734829 15.303675085306166 239.47190773487091 5.1420348286628705 7.8354816436767578
leaf_count=1005 91 35 813 394 83 291 20 661 348 21821 89 38 69 24 119 55 3233 2951 23 2640 134 38 215 25 102 30 125 1956 42 64
internal_value=-1.79198 -2.19556 2.6599 1.52966 3.33119 0.258198 1.85307 -0.356072 0.927229 -2.59936 -1.91125 -1.68418 1.53894 -1.03488 0.133101 1.09534 -2.6818 -2.0831 0.444709 -2.38856 0.090262 2.26353 -1.55741 -1.74413 -2.059 0.890662 -2.162 4.75448 1.60584 0.817148
internal_weight=0 4223.81 371.451 413.077 170.911 242.165 67.3362 174.829 90.8426 3810.74 407.69 120.838 19.3438 31.7092 47.8699 33.3008 3403.05 388.346 11.7532 731.516 26.5672 7.46819 29.2606 83.9866 335.701 21.3027 376.593 250.613 16.6504 12.9775
internal_count=37534 34500 3034 3374 1396 1978 550 1428 742 31126 3330 987 158 259 391 272 27796 3172 96 5975 217 61 239 686 2742 174 3076 2047 136 106
is_linear=0
shrinkage=1


Tree=3
num_leaves=31
num_cat=0
split_feature=10 36 46 2 34 40 40 40 40 14 40 20 34 0 49 40 34 20 14 10 6 6 46 14 6 40 49 40 20 25
split_gain=8076.78 6644.13 3586.49 900.044 698.116 215.072 466.402 345.138 603.317 202.91 278.886 143.167 131.388 103.651 88.5195 111.48 86.038 81.0945 61.0266 89.0638 60.0013 55.8632 48.9996 41.8739 38.78 38.2113 45.0021 32.6346 29.2799 28.9413
threshold=1.5552819910174021 3.5000000000000004 10.500000000000002 -0.5664734721152126 0.024778475639627966 0.38000000000000006 0.48000000000000004 0.18000000000000002 0.080000000000000016 -1.0994183075655302 0.53500000000000014 2.8226152211827329 0.022712859276481874 -0.59761956593285281 14.500000000000002 0.38000000000000006 1.0078492228598839 -0.044790908973797873 -2.535449313321108 -1.0000000180025095e-35 -0.12000415446219208 -0.78137799809396824 1.5000000000000002 0.094421792039942734 1.3133051261033066 0.03500000000000001 14.500000000000002 0.41500000000000004 0.12131051083623319 2.5465057148004799
decision_type=2 2 2 2 2 2 2 2 2 2 2 2 2 2 2 2 2 2 2 2 2 2 2 2 2 2 2 2 2 2
left_child=1 3 -2 4 24 7 16 8 -5 10 18 -4 -12 -8 15 20 -7 -11 19 -3 -6 28 -15 -9 29 -13 27 -27 -20 -1
right_child=2 9 11 5 14 6 13 23 -10 17 12 25 -14 22 -16 -17 -18 -19 21 -21 -22 -23 -24 -25 -26 26 -28 -29 -30 -31
leaf_value=4.9159000680949561 4.8861960618626963 -2.4140811128207145 -2.276275838689048 -1.2959209684675501 2.000513710948542 4.817538595241702 5.2093601687543813 -0.8228176247180865 3.8365916306556334 -2.7505473623388488 3.9664077858888835 -1.997674656264091 -1.1683720188647042 1.708800396602554 -1.9895311140889291 5.0317955426307481 -1.3250180725956995 -2.3767253884858195 -2.4338346600975234 2.6961377682351269 -1.1080562950508723 -0.59038383244391412 -1.9527046524298215 -2.260846112186039 0.94780914178694076 1.2122670955881127 -0.82783711944949689 4.9541110187016528 -1.7552952112560292 3.5959334424951099
leaf_weight=102.2285495698452 247.55224817991257 7.3457640409469604 99.657532155513763 48.114754468202591 10.284069657325746 33.178367584943771 2.5710174143314388 34.647520393133163 43.707296043634415 2657.8198594152927 11.263504862785341 4.1625996232032803 8.9373462498188001 4.2850290238857296 14.44666928052902 5.6317524313926688 2.4485880136489859 742.4118857383728 280.11846876144409 6.3663288354873639 15.670963287353517 20.690568715333939 24.853168338537216 48.726901471614838 2.815876215696334 5.7541818320751172 5.6317524313926688 3.9177408218383789 82.272557258605957 19.833562910556793
leaf_count=835 2022 60 814 393 84 271 21 283 357 21709 92 34 73 35 118 46 20 6064 2288 52 128 169 203 398 23 47 46 32 672 162
internal_value=-1.79198 -2.17576 2.7167 1.63209 3.3897 0.393514 1.91247 -0.190292 1.14716 -2.58819 -1.92982 -1.79176 1.69466 -0.877199 0.0609305 0.998739 4.39537 -2.66893 -2.11435 -0.0414795 0.123641 -2.18854 -1.41425 -1.66325 4.61678 0.688721 1.41942 2.72795 -2.27979 4.70142
internal_weight=0 4230.67 366.676 413.444 170.911 242.533 67.3362 175.196 91.8221 3817.23 416.995 119.124 20.2009 31.7092 46.0335 31.5868 35.627 3400.23 396.794 13.7121 25.955 383.082 29.1382 83.3744 124.878 19.4663 15.3037 9.67192 362.391 122.062
internal_count=37551 34556 2995 3377 1396 1981 550 1431 750 31179 3406 973 165 259 376 258 291 27773 3241 112 212 3129 238 681 1020 159 125 79 2960 997
is_linear=0
shrinkage=1


Tree=4
num_leaves=31
num_cat=0
split_feature=10 36 34 8 34 35 35 35 35 6 35 36 34 0 49 35 6 34 9 38 6 10 38 6 9 6 6 38 35 35
split_gain=7882.3 6531.03 3533.6 1046.12 701.257 248.902 542.048 338.484 617.1 233.115 256.523 133.343 130.383 106.303 104.429 100.197 91.5179 88.8499 73.2917 68.2334 66.9401 85.5694 49.9974 44.6826 41.5833 41.1217 40.2187 39.4065 34.2925 52.8741
threshold=1.5552819910174021 3.5000000000000004 0.031450555220707131 -0.45128626237464337 0.97392298712563552 3.9829812312414954 4.9719404740209621 1.9870976676944114 0.021372449354867915 -0.76514077609537645 4.9936386559525756 3.5000000000000004 0.99231319516608674 -0.59761956593285281 14.500000000000002 3.9786411023398522 -0.12000415446219208 1.0076240587683358 0.14409912162382785 76.500000000000014 -1.1961339953951045 -1.0000000180025095e-35 78.500000000000014 -0.78137799809396824 0.37788823067859451 -0.48895835778212454 0.41153669862126691 507.50000000000006 3.0011073808500774 4.9878135843335505
decision_type=2 2 2 2 2 2 2 2 2 2 2 2 2 2 2 2 2 2 2 2 2 2 2 2 2 2 2 2 2 2
left_child=1 3 -2 4 -1 7 17 8 -5 10 20 28 -12 -8 15 16 -6 -7 -11 -20 21 -3 -21 -22 -23 -15 -24 -18 -4 -30
right_child=2 9 11 5 14 6 13 -9 -10 18 12 -13 -14 25 -16 -17 27 -19 19 22 23 24 26 -25 -26 -27 -28 -29 29 -31
leaf_value=4.898199300118673 4.8826412566868864 -2.4685342648319653 -0.576287232441002 -1.4513059313749095 2.8756536539864999 4.9016625632113655 5.209360168754392 -1.728143272564213 3.6452802705588909 -2.7870165656708776 3.9387866218252054 -2.2576298924898821 -1.3497695053280863 1.6699052880230889 -2.2023188549991839 5.0278496620502224 -2.4350246328250416 -1.3250180725956995 -2.6997252729397476 0.090763879696820204 -2.2142686111578089 -0.50822079242693752 -2.0710863338531573 -0.73098368701841854 4.7143315141066555 -1.888572527908644 -2.6459367096987063 1.0257643434997603 4.3495735580504338 -0.55626769126039499
leaf_weight=115.69578364491463 241.79806634783745 6.121470034122467 11.753222465515138 49.094189673662186 8.5700580477714556 35.749384999275208 2.5710174143314353 85.333292275667191 46.033454656600952 2185.3648021817207 11.018646061420442 98.43323814868927 8.0803404450416547 3.6728820204734829 13.222375273704527 5.5093230307102194 9.5494932532310504 2.4485880136489859 652.79356443881989 9.1822050511836988 353.3312503695488 2.448588013648985 366.18633744120598 21.547574520111084 4.0401702225208282 28.036332756280899 182.29737761616707 5.0196054279804221 4.6523172259330732 4.1625996232032776
leaf_count=945 1975 50 96 401 70 292 21 697 376 17850 90 804 66 30 108 45 78 20 5332 75 2886 20 2991 176 33 229 1489 41 38 34
internal_value=-1.79198 -2.1829 2.68718 1.60649 3.62908 0.34653 1.91182 -0.282133 1.015 -2.592 -1.87644 -1.77375 1.70132 -0.974962 0.122289 1.19519 0.282646 4.50252 -2.67768 -2.48028 -2.05278 0.213416 -2.22341 -2.12901 2.74356 -1.47639 -2.26215 -1.24265 0.541947 2.03293
internal_weight=0 4212.92 360.799 410.506 157.567 252.939 72.4782 180.461 95.1276 3802.41 406.588 119.001 19.099 34.2802 41.8709 28.6485 23.1392 38.198 3395.82 1210.46 387.489 12.6102 557.666 374.879 6.48876 31.7092 548.484 14.5691 20.5681 8.81492
internal_count=37358 34411 2947 3353 1287 2066 592 1474 777 31058 3321 972 156 280 342 234 189 312 27737 9887 3165 103 4555 3062 53 259 4480 119 168 72
is_linear=0
shrinkage=1


Tree=5
num_leaves=31
num_cat=0
split_feature=1 36 34 2 34 35 35 35 35 14 35 9 34 49 35 20 34 38 14 9 4 14 35 1 25 2 35 35 35 38
split_gain=8078.95 6328.92 3352.84 900.661 748.06 211.783 484.631 309.309 604.68 210.954 269.777 175.205 158.047 93.9336 134.296 93.1607 74.3286 72.0816 69.6235 68.5021 74.4009 57.6618 53.0156 48.9129 47.6431 148.263 42.8075 60.4677 55.1408 42.3671
threshold=1.5367684771616057 3.5000000000000004 0.031450555220707131 -0.5664734721152126 0.024778475639627966 3.9829812312414954 4.9860846871693445 1.9917766687961107 0.030199858773715799 -1.0994183075655302 4.995472352605244 1.20733357875903 0.01224054493628219 14.500000000000002 3.9786411023398522 -0.044790908973797873 1.0076240587683358 76.500000000000014 0.07817701666252462 0.25605916806326806 3.3089934626293531 -0.30262631911587462 0.97918049801925522 1.6330604916994051 2.0879261500709805 -0.78866886814977144 1.0003939098877817 3.001626907424972 4.9878135843335505 32.500000000000007
decision_type=2 2 2 2 2 2 2 2 2 2 2 2 2 2 2 2 2 2 2 2 2 2 2 2 2 2 2 2 2 2
left_child=1 3 23 4 24 7 16 8 -5 10 19 -4 -12 14 18 -11 -7 -17 -6 -3 -21 -8 -13 -2 -1 -26 -24 -28 -29 -10
right_child=2 9 11 5 13 6 21 -9 29 15 12 22 -14 -15 -16 17 -18 -19 -20 20 -22 -23 26 -25 25 -27 27 28 -30 -31
leaf_value=4.8980016121462224 3.1673669683324879 -2.4513937651624711 -2.2142651722691018 -1.5297505501314725 1.9825067162358265 4.80096152867001 2.0678321681053067 -1.7001397864509824 1.1253737679105846 -2.7622815435715564 4.2110523818814585 -2.258500678502855 -1.538095623944072 -2.1158852803781509 5.049203839309536 -2.6473105842300644 -0.91661943251131872 -2.0226071010641551 -1.3737820893221926 -1.7010436497465622 3.091737590539084 -1.7234557702389977 4.9068426575807695 4.8313312663361927 4.8249849780867375 -0.27849655737947399 -1.6880390860040377 4.4833181419377155 -0.62490611816533281 4.0089552202635605
leaf_weight=96.351938337087631 19.098986506462097 228.69812047481537 100.75939676165581 46.890460461378098 9.9167814552783984 31.831644177436829 4.774746626615527 82.639845460653305 5.8766112327575675 2668.9609348773956 11.018646061420442 4.2850290238857296 8.4476286470890027 15.426104485988615 6.2438994348049155 404.75159865617752 2.4485880136489859 339.74158689379692 16.405539691448212 160.62737369537354 3.3055938184261313 25.098027139902115 3.3055938184261349 235.43173751235008 20.812998116016391 7.8354816436767569 5.5093230307102194 5.5093230307102186 3.4280232191085815 38.320402413606644
leaf_count=787 156 1868 823 383 81 260 39 675 48 21800 90 35 69 126 51 3306 20 2775 134 1312 27 205 27 1923 170 64 45 45 28 313
internal_value=-1.79198 -2.19287 2.636 1.53669 3.27286 0.274105 1.82682 -0.299273 0.971675 -2.59344 -1.9176 -1.65565 1.71614 -0.0831528 0.87972 -2.67503 4.39256 -2.36223 -0.10932 -2.09775 -1.6044 -1.11747 0.898486 4.70647 4.56136 3.42916 1.66052 0.917713 2.524 3.62554
internal_weight=0 4236.42 377.327 410.873 172.993 237.88 64.153 173.727 91.0875 3825.55 412.097 122.797 19.4663 47.9923 32.5662 3413.45 34.2802 744.493 26.3223 392.631 163.933 29.8728 22.0373 254.531 125 28.6485 17.7523 14.4467 8.93735 44.197
internal_count=37685 34603 3082 3356 1413 1943 524 1419 744 31247 3366 1003 159 392 266 27881 280 6081 215 3207 1339 244 180 2079 1021 234 145 118 73 361
is_linear=0
shrinkage=1


Tree=6
num_leaves=31
num_cat=0
split_feature=10 36 34 8 34 35 35 35 35 14 35 34 36 49 20 35 34 38 6 6 9 6 49 10 38 38 35 35 9 6
split_gain=8050.51 6685.04 3547.61 1042.72 681.701 278.353 518.939 346.847 633.535 230.701 276.578 154.624 127.719 110.782 98.3333 97.6247 87.8387 80.6662 77.3464 75.4892 59.4616 78.562 50.3964 48.7945 52.38 45.2736 42.7547 71.8068 39.7508 37.0742
threshold=1.5552819910174021 3.5000000000000004 0.031450555220707131 -0.45128626237464337 0.97392298712563552 3.9829812312414954 4.9719404740209621 1.9937452855582312 0.021372449354867915 -1.0994183075655302 4.9936386559525756 0.01224054493628219 3.5000000000000004 14.500000000000002 -0.11406589857182009 3.9786411023398522 1.0076240587683358 76.500000000000014 -0.12000415446219208 -0.48895835778212454 0.29595293557037805 -1.1443219107003644 11.500000000000002 -1.0000000180025095e-35 198.50000000000003 875.50000000000011 3.0011073808500774 4.9878135843335505 1.438366478306347 -0.7904930731381431
decision_type=2 2 2 2 2 2 2 2 2 2 2 2 2 2 2 2 2 2 2 2 2 2 2 2 2 2 2 2 2 2
left_child=1 3 -2 4 -1 7 16 8 -5 10 20 -12 26 15 -11 18 -7 -16 -6 -8 -3 23 -10 -22 -25 -20 -4 -28 -19 -23
right_child=2 9 12 5 13 6 19 -9 22 14 11 -13 -14 -15 17 -17 -18 28 25 -21 21 29 -24 24 -26 -27 27 -29 -30 -31
leaf_value=4.8549646546315817 4.8810198228801003 -2.3680115498795677 -0.68505319328821668 -1.4735266689900197 2.7135907015720631 4.858919091454263 2.9404788349522764 -1.7339943628074979 3.8890577158788591 -2.7740301526661924 4.0304774963458687 -1.433924376618201 -2.239101381171658 -2.1564010184817599 -2.6610278913685526 5.0317955426307481 -1.3250180725956995 -2.1125694143440961 -2.0408628799346138 -1.508885858607715 -1.997674656264091 -1.9469449356683604 -0.47270786720220936 -1.7334167126800801 3.73912506445062 2.1841850570182384 4.7904897686678485 -1.2083327468573051 -0.40168201675275172 0.020295094741084041
leaf_weight=118.51165986061096 246.69524237513542 248.89897158741951 11.875651866197588 49.828766077756882 8.8149168491363543 37.09610840678215 4.4074584245681754 86.557586282491684 44.686731249094009 2524.6166714727879 11.875651866197588 9.1822050511836988 98.678096950054169 13.712092876434324 480.53539767861366 5.6317524313926688 2.4485880136489859 382.95916533470154 10.896216660737993 28.281191557645798 4.1625996232032785 120.5929596722126 2.815876215696334 2.4485880136489833 6.121470034122467 3.3055938184261313 4.7747466266155225 3.4280232191085815 14.079381078481672 10.406499058008192
leaf_count=968 2015 2033 97 407 72 303 36 707 365 20621 97 75 806 112 3925 46 20 3128 89 231 34 985 23 20 50 27 39 28 115 85
internal_value=-1.79198 -2.17262 2.71929 1.62898 3.62425 0.375732 2.03908 -0.277647 1.01749 -2.58806 -1.88293 1.64774 -1.77131 0.181099 -2.6738 1.2999 4.47601 -2.38544 0.38678 -0.908972 -2.07228 -1.56018 3.6305 0.811221 2.17554 -1.05745 0.527717 2.28352 -2.0519 -1.79067
internal_weight=0 4232.87 365.452 416.995 160.872 256.122 72.2333 183.889 97.3314 3815.88 413.689 21.0579 118.757 42.3606 3402.19 28.6485 39.5447 877.574 23.0167 32.6886 392.631 143.732 47.5026 12.7327 8.57006 14.2018 20.0784 8.20277 397.039 130.999
internal_count=37559 34574 2985 3406 1314 2092 590 1502 795 31168 3379 172 970 346 27789 234 323 7168 188 267 3207 1174 388 104 70 116 164 67 3243 1070
is_linear=0
shrinkage=1


Tree=7
num_leaves=31
num_cat=0
split_feature=10 36 49 2 49 35 35 35 35 14 35 49 20 49 35 20 38 6 6 9 14 10 35 35 25 2 1 6 9 38
split_gain=8189.71 6686.31 3552.99 907.94 700.075 241.871 511.963 353.539 601.933 211.557 264.56 136.554 134.437 97.5942 129.235 81.8757 78.2478 70.916 70.0588 62.466 70.4497 84.3274 52.3308 60.1362 42.6695 128.012 41.0908 36.9032 34.0419 27.8321
threshold=1.5552819910174021 3.5000000000000004 7.5000000000000009 -0.5664734721152126 7.5000000000000009 3.9829812312414954 4.9719404740209621 1.9841635176235748 0.021372449354867915 -1.0994183075655302 4.9936386559525756 14.500000000000002 2.8226152211827329 14.500000000000002 3.9786411023398522 1.0000000180025095e-35 76.500000000000014 -0.63351987614264982 -0.12000415446219208 0.22308993566552213 -2.535449313321108 -1.0000000180025095e-35 3.0011073808500774 4.9878135843335505 2.0879261500709805 -0.78866886814977144 0.67263789433894916 -0.7904930731381431 1.438366478306347 78.500000000000014
decision_type=2 2 2 2 2 2 2 2 2 2 2 2 2 2 2 2 2 2 2 2 2 2 2 2 2 2 2 2 2 2
left_child=1 3 -2 4 24 7 -7 8 -5 10 19 -12 -4 14 18 -11 -17 -8 -6 -3 21 -21 -14 -24 -1 -26 -20 -22 29 -18
right_child=2 9 12 5 13 6 17 -9 -10 15 11 -13 22 -15 -16 16 28 -19 26 20 27 -23 23 -25 25 -27 -28 -29 -30 -31
leaf_value=4.8952073686894835 4.8805561580826264 -2.4390326919094281 -2.2399929688442253 -1.3462335863663166 2.1725497681269452 4.4402977945695188 4.042506911370447 -1.7707665133474673 3.8559460708003397 -2.753603106503276 3.833701591628055 -1.3250180725956995 -0.76925909846025387 -2.1208718327601335 5.0522837687219369 -2.6773463518833731 0.30857648774182334 -1.4334724832405144 -1.9844507391539654 -2.4316466457275694 -1.9312856729335401 3.8148282270028484 4.6259335400624195 -0.84099005471791521 4.8249849780867375 0.13531645861511632 2.1463703681215365 -0.12812700858602932 -0.39153546668854355 -2.0960235886872032
leaf_weight=98.678096950054169 249.38868919014931 227.10653826594353 98.800526350736618 47.135319262742996 9.5494932532310468 37.708255410194397 2.5710174143314353 81.66041025519371 42.115713834762573 2746.2138867080212 11.630793064832689 9.1822050511836988 11.875651866197588 14.324239879846571 6.3663288354873648 355.53497958183289 4.8971760272979727 29.505485564470291 13.344804674386983 3.7953114211559296 138.22279337048531 5.0196054279804212 5.1420348286628705 3.3055938184261322 20.812998116016391 8.0803404450416547 2.9383056163787833 12.365369468927382 12.855087071657179 281.71005097031593
leaf_count=806 2037 1855 807 385 78 308 21 667 344 22431 95 75 97 117 52 2904 40 241 109 31 1129 41 42 27 170 66 24 101 105 2301
internal_value=-1.79198 -2.18103 2.73455 1.63165 3.37128 0.373388 1.94217 -0.26716 1.10857 -2.59627 -1.91521 1.5578 -1.75818 0.0506405 1.01667 -2.67783 -2.36014 -0.994558 0.0221168 -2.10223 -1.62238 1.12537 0.584123 2.4867 4.58226 3.51347 -1.23904 -1.78322 -1.98353 -2.05494
internal_weight=0 4223.32 368.512 414.791 174.095 240.696 69.7848 170.911 89.251 3808.53 407.323 20.813 119.124 46.5232 32.1989 3401.21 654.997 32.0765 25.8326 386.51 159.403 8.81492 20.3233 8.44763 127.571 28.8933 16.2831 150.588 299.462 286.607
internal_count=37506 34496 3010 3388 1422 1966 570 1396 729 31108 3327 170 973 380 263 27781 5350 262 211 3157 1302 72 166 69 1042 236 133 1230 2446 2341
is_linear=0
shrinkage=1


Tree=8
num_leaves=31
num_cat=0
split_feature=10 36 46 8 46 14 35 35 35 35 35 20 46 0 49 35 6 20 20 6 38 14 6 38 6 46 38 40 49 40
split_gain=8125.35 6538.76 3658.94 1039.56 743.317 245.021 291.067 205.272 531.963 388.928 649.515 127.516 117.812 111.32 102.342 101.798 88.7726 85.467 68.3217 75.1232 64.4713 57.5317 41.2357 41.208 34.5822 32.5388 32.2809 29.4338 31.2504 35.6331
threshold=1.5552819910174021 3.5000000000000004 10.500000000000002 -0.65934424735539465 7.0000000000000009 -1.0994183075655302 4.995472352605244 3.9829812312414954 4.9719404740209621 1.022266111254815 0.021372449354867915 2.8226152211827329 7.0000000000000009 -0.59761956593285281 14.500000000000002 3.9786411023398522 -0.12000415446219208 -0.044790908973797873 0.34330622176733294 -1.1443219107003644 76.500000000000014 -0.48434266572258294 -0.7904930731381431 78.500000000000014 -0.78137799809396824 13.500000000000002 507.50000000000006 0.03500000000000001 14.500000000000002 0.41500000000000004
decision_type=2 2 2 2 2 2 2 2 2 2 2 2 2 2 2 2 2 2 2 2 2 2 2 2 2 2 2 2 2 2
left_child=1 3 -2 4 -1 6 18 9 25 10 -5 -4 -8 -10 15 16 -6 -7 24 -20 -19 -15 -21 -22 -3 -9 -18 -13 29 -29
right_child=2 5 11 7 14 17 12 8 13 -11 -12 27 -14 21 -16 -17 26 20 19 22 23 -23 -24 -25 -26 -27 -28 28 -30 -31
leaf_value=4.9077999914768959 4.8918061080588586 -2.3168660339674898 -2.3437087833707921 -1.4245263706873252 2.5914201682134883 -2.7672107488081652 3.9196802526984507 4.9068426575807766 5.209360168754392 -1.7557554882246675 3.7815397304131122 -1.8548325245970581 -1.0736958325437729 1.9421710480793459 -2.2227592273757795 5.0237244232614913 -2.3535776105859911 -2.6544465249684701 2.3683261507760913 -1.710472968855115 0.43186664323899482 -1.9854073629449107 1.220350195837185 -2.1125158895666063 -0.85827676964212152 2.4353316700680323 0.81122096784567654 0.82285625673696838 -0.71642402070524991 4.8952073686894817
leaf_weight=116.06307184696198 248.77654218673706 314.76598915457726 97.576232343912125 48.23718386888504 9.5494932532310504 2680.224439740181 11.630793064832689 29.75034436583519 2.6934468150138846 87.29216268658638 47.625036865472794 4.5298878252506283 7.9579110443592063 4.285029023885726 13.589663475751875 5.3868936300277701 9.9167814552783984 404.38431045413017 5.6317524313926688 54.481083303689957 6.4887582361698142 28.770909160375595 5.2644642293453208 334.4771226644516 17.140116095542908 6.4887582361698142 4.7747466266155234 6.6111876368522662 6.2438994348049155 3.1831644177436829
leaf_count=948 2032 2571 797 394 78 21892 95 243 22 713 389 37 65 35 111 44 81 3303 46 445 53 235 43 2732 140 53 39 54 51 26
internal_value=-1.79198 -2.1888 2.71563 1.58505 3.58958 -2.59582 -1.87195 0.33366 1.76436 -0.228675 1.16188 -1.86673 1.89112 -0.972564 0.0494227 1.09162 0.217821 -2.68391 -2.05749 -1.12311 -2.38439 -1.47628 -1.45222 -2.06409 -2.24154 4.46431 -1.32502 0.39609 1.03185 2.14637
internal_weight=0 4256.87 366.921 414.424 159.281 3842.45 416.872 255.143 71.9885 183.154 95.8622 118.144 19.5887 35.7494 43.2176 29.6279 24.241 3425.57 397.283 65.3773 745.35 33.0559 59.7455 340.966 331.906 36.2391 14.6915 20.5681 16.0383 9.79435
internal_count=37767 34770 2997 3385 1301 31385 3405 2084 588 1496 783 965 160 292 353 242 198 27980 3245 534 6088 270 488 2785 2711 296 120 168 131 80
is_linear=0
shrinkage=1


Tree=9
num_leaves=31
num_cat=0
split_feature=10 36 46 8 46 35 35 35 35 14 35 46 9 0 38 46 9 38 14 14 1 14 9 35 6 38 6 38 38 25
split_gain=8079.81 6702.1 3523.56 1039.26 699.267 265.046 550.137 352.952 598.624 222.626 299.014 122.782 106.748 101.706 98.3694 79.8293 72.928 70.0487 64.0198 57.2467 79.2073 49.4278 58.4022 44.7661 43.593 40.9566 39.6295 34.7185 34.7118 30.6861
threshold=1.5552819910174021 3.5000000000000004 10.500000000000002 -0.66425008661974583 7.0000000000000009 3.9829812312414954 4.9719404740209621 1.9937452855582312 0.021372449354867915 -1.0994183075655302 4.9936386559525756 7.0000000000000009 1.3066773283987783 -0.59495052060856568 76.500000000000014 17.000000000000004 0.14409912162382785 76.500000000000014 -0.48434266572258294 -2.535449313321108 -0.038335830237856278 0.9339492431873897 1.4973996768058531 3.9883192444734608 1.3133051261033066 481.50000000000006 -0.78137799809396824 21.500000000000004 78.500000000000014 -0.50584305416047626
decision_type=2 2 2 2 2 2 2 2 2 2 2 2 2 2 2 2 2 2 2 2 2 2 2 2 2 2 2 2 2 2
left_child=1 3 -2 4 -1 7 -7 8 -5 10 19 -12 -4 -8 -6 24 -11 -18 -15 20 -3 22 28 -14 -16 -22 29 -10 -19 -21
right_child=2 9 12 5 14 6 13 -9 27 16 11 -13 23 18 15 -17 17 21 -20 26 25 -23 -24 -25 -26 -27 -28 -29 -30 -31
leaf_value=4.8789131363209712 4.8649763948737128 -2.9586126329332219 -2.1656055648082111 -1.3764387246160088 -1.9895311140889291 4.5631597888740423 5.209360168754392 -1.7814636115135367 -0.099822152342557313 -2.7973514053717192 3.8208047924674955 -1.1568539266786015 -0.71466406104102087 2.583940339640511 2.5894443644394953 -2.2160696509616211 -2.7131770933528365 -0.26915817384095919 -2.0020032057085468 -2.6549111001894556 4.0425069113704488 -2.7124722947380366 0.46310570290888631 2.5894443644394962 -1.7917593755492773 -0.50822079242693841 -0.8320398324938435 3.7666475814997855 -2.1527337123338715 -2.0410555832948236
leaf_weight=118.02194225788116 246.81767177581787 5.6317524313926697 100.88182616233826 50.563342481851578 14.44666928052902 38.687690615653992 2.4485880136489859 83.251992464065552 2.4485880136489859 2182.7937847673893 12.242940068244936 8.3251992464065534 11.141075462102892 3.4280232191085842 19.466274708509452 5.3868936300277701 655.97672885656357 10.039210855960844 27.179326951503754 125.12284749746323 4.2850290238857252 154.38347426056862 9.0597756505012494 6.4887582361698142 2.5710174143314353 3.6728820204734802 20.690568715333939 45.054019451141357 384.67317694425583 233.22800830006599
leaf_count=964 2016 46 824 413 118 316 20 680 20 17829 100 68 91 28 159 44 5358 82 222 1022 35 1261 74 53 21 30 169 368 3142 1905
internal_value=-1.79198 -2.18903 2.71298 1.63754 3.6333 0.376544 2.0035 -0.267208 1.0183 -2.60377 -1.91069 1.80604 -1.76886 -0.992249 0.122289 1.23477 -2.68807 -2.49161 -1.48838 -2.10539 -0.0887844 -2.23122 -2.04721 0.501431 2.0783 1.94217 -2.1777 3.56735 -2.10483 -2.25539
internal_weight=0 4223.08 365.329 412.954 159.893 253.062 71.7436 181.318 98.0659 3810.13 413.199 20.5681 118.512 33.0559 41.8709 27.4242 3396.93 1214.13 30.6074 392.631 13.5897 558.156 403.772 17.6298 22.0373 7.95791 379.041 47.5026 394.712 358.351
internal_count=37478 34494 2984 3373 1306 2067 586 1481 801 31121 3375 168 968 270 342 224 27746 9917 250 3207 111 4559 3298 144 180 65 3096 388 3224 2927
is_linear=0
shrinkage=1


Tree=10
num_leaves=31
num_cat=0
split_feature=10 36 46 8 46 40 40 40 40 14 40 20 46 49 40 20 6 0 38 20 6 6 9 6 38 38 6 6 40 40
split_gain=8011.49 6491.59 3478.57 1020.22 677.657 249.843 536.283 348.403 678.645 241.12 308.944 145.197 142.881 89.4593 107.811 87.9779 81.8609 75.5284 69.0572 62.3536 96.7424 54.899 43.0572 38.3249 38.1868 37.9571 34.8961 31.5355 30.6518 58.9186
threshold=1.5552819910174021 3.5000000000000004 10.500000000000002 -0.66425008661974583 7.0000000000000009 0.38000000000000006 0.48000000000000004 0.18000000000000002 0.080000000000000016 -1.0994183075655302 0.53500000000000014 3.0639810612353506 7.0000000000000009 14.500000000000002 0.38000000000000006 -0.044790908973797873 -0.12000415446219208 -0.58880181967462397 76.500000000000014 0.34330622176733294 -1.1443219107003644 -0.63351987614264982 1.438366478306347 1.3974503352586811 530.50000000000011 78.500000000000014 -0.78137799809396824 -0.7904930731381431 0.41500000000000004 0.51500000000000012
decision_type=2 2 2 2 2 2 2 2 2 2 2 2 2 2 2 2 2 2 2 2 2 2 2 2 2 2 2 2 2 2
left_child=1 3 -2 4 23 7 -7 8 -5 10 19 -4 -12 14 16 -11 -6 -8 -17 26 -21 -19 25 -1 -18 -20 -3 -22 -13 -30
right_child=2 9 11 5 13 6 17 -9 -10 15 12 28 -14 -15 -16 18 24 21 22 20 27 -23 -24 -25 -26 -27 -28 -29 29 -31
leaf_value=4.9424329530129665 4.8656178263988004 -2.3180498029920553 -2.1971914395555632 -1.5337328567174469 2.5239992476516124 4.5645202107264229 4.3925628885856298 -1.731663928817057 3.762948318455543 -2.763237029098693 4.2535335643015841 -0.10931979513521806 -1.1179427057923514 -2.0863048579957102 5.0317955426307481 -2.65572427589853 -2.5287193275812423 3.1673669683324808 0.27775394886753046 2.9299258985159873 -1.7685768605019143 -1.766719606077519 -0.33065616630329431 1.1253737679105846 0.92117444786839453 -2.1652416609910983 -0.78899485748494991 0.69090712952294586 5.209360168754392 -0.82783711944949723
leaf_weight=112.39018982648849 244.36908376216888 313.78655394911766 101.12668496370316 49.828766077756882 8.9373462498188037 37.2185378074646 2.4485880136489859 85.578151077032089 47.012889862060547 2671.776811093092 11.50836366415024 10.528928458690645 8.6924874484539014 12.61022827029228 5.6317524313926688 399.4871344268322 9.3046344518661517 2.4485880136489895 6.4887582361698142 5.2644642293453208 55.460518509149551 28.526050359010696 14.079381078481672 2.6934468150138846 4.8971760272979727 320.15288278460503 15.670963287353514 5.7541818320751181 3.7953114211559287 2.8158762156963348
leaf_count=918 1996 2563 826 407 73 304 20 699 384 21823 94 86 71 103 46 3263 76 20 53 43 453 233 115 22 40 2615 128 47 31 23
internal_value=-1.79198 -2.18625 2.71099 1.59787 3.60517 0.356786 1.9535 -0.261537 1.0376 -2.59107 -1.87243 -1.74103 1.94217 0.134584 1.108 -2.67872 0.152996 -0.954019 -2.37364 -2.06706 -1.18362 -1.37667 -2.04291 4.8531 -1.3391 -2.11671 -2.24532 -1.53739 0.950346 2.63796
internal_weight=0 4237.65 362.636 409.526 156.465 253.062 70.6418 182.42 96.8417 3828.12 416.138 118.267 20.2009 41.3811 28.7709 3411.98 23.1392 33.4232 740.208 395.937 66.4792 30.9746 340.721 115.084 14.2018 326.642 329.458 61.2147 17.1401 6.61119
internal_count=37575 34613 2962 3345 1278 2067 577 1490 791 31268 3399 966 165 338 235 27869 189 273 6046 3234 543 253 2783 940 116 2668 2691 500 140 54
is_linear=0
shrinkage=1


Tree=11
num_leaves=31
num_cat=0
split_feature=10 36 46 8 34 35 35 35 35 14 35 20 34 0 38 34 20 38 6 34 14 10 6 33 20 38 12 48 35 14
split_gain=8277.05 6590.35 3533.87 960.621 729.296 255.189 588.678 373.125 617.965 218.607 311.142 158.861 127.612 112.983 111.263 90.5975 81.6064 72.173 56.8182 56.6672 49.0402 81.4818 45.6578 40.1893 35.6188 35.5545 33.8387 32.7372 61.5297 30.0825
threshold=1.5552819910174021 3.5000000000000004 10.500000000000002 -0.65934424735539465 0.97392298712563552 3.9855503962196184 4.9878135843335505 1.9937452855582312 0.021372449354867915 -1.0994183075655302 4.9914530442260867 2.8226152211827329 0.022712859276481874 -0.59495052060856568 76.500000000000014 1.0112457448216736 -0.044790908973797873 76.500000000000014 -0.78137799809396824 1.0052488024084618 -2.535449313321108 -1.0000000180025095e-35 1.3133051261033066 -0.096747904038029561 1.0422042645942826 78.500000000000014 -0.31754989214260126 32.500000000000007 4.999625008347782 0.094421792039942734
decision_type=2 2 2 2 2 2 2 2 2 2 2 2 2 2 2 2 2 2 2 2 2 2 2 2 2 2 2 2 2 2
left_child=1 3 -2 4 -1 7 19 8 -5 10 18 -4 -12 -8 -6 22 -11 -18 20 -7 21 -3 -16 -23 -22 -19 -15 -13 -29 -9
right_child=2 9 11 5 14 6 13 29 -10 16 12 27 -14 26 15 -17 17 25 -20 -21 24 23 -24 -25 -26 -27 -28 28 -30 -31
leaf_value=4.9003017384202661 4.8788181197343654 -2.6668993185872356 -2.3351032587585951 -1.3370297973040635 -1.93005309494293 4.8646080699818626 5.209360168754392 -1.0481376386401871 3.697550292863625 -2.7542729697157453 4.0916375748392433 -0.36876759825178418 -1.0367366795949602 0.00079780246083993589 2.8532141682675785 -1.8998013438255685 -2.665747002243724 0.19393827298129529 -0.47904946099233947 -0.099822152342557313 -2.3217279408864337 -0.47270786720220981 -1.7334167126800801 4.6259335400624213 -0.70537875660560467 -2.0868010346669696 -2.3587050260296123 4.1666402366240582 -1.5380956239440722 -2.2492353424640745
leaf_weight=113.24719563126564 251.1027007997036 6.8560464382171631 96.229508936405182 49.951195478439331 16.527969092130661 37.708255410194397 2.5710174143314353 36.116673201322556 47.625036865472794 2672.0216698944569 11.630793064832689 10.039210855960848 8.3251992464065534 8.4476286470890063 19.098986506462104 6.6111876368522635 402.91515764594078 6.9784758388996115 20.568139314651489 2.4485880136489859 340.72102209925652 2.8158762156963348 2.4485880136489859 3.4280232191085798 14.201810479164122 332.64068165421486 21.670003920793533 5.7541818320751172 2.8158762156963348 49.339048475027084
leaf_count=925 2051 56 786 408 135 308 21 295 389 21825 95 82 68 69 156 54 3291 57 168 20 2783 23 20 28 116 2717 177 47 23 403
internal_value=-1.79198 -2.17974 2.77728 1.6111 3.55044 0.414096 1.99708 -0.215922 1.12025 -2.59006 -1.89876 -1.81788 1.95219 -1.1537 0.129552 1.33845 -2.67278 -2.37951 -2.09652 4.5619 -2.18692 -0.286846 2.33201 2.32655 -2.25705 -2.03994 -1.69689 0.85669 2.29223 -1.74161
internal_weight=0 4236.91 365.941 413.811 157.934 255.877 72.8455 183.032 97.5762 3823.1 408.547 114.839 19.956 32.6886 44.6867 28.1588 3414.56 742.534 388.591 40.1568 368.023 13.0999 21.5476 6.2439 354.923 339.619 30.1176 18.6093 8.57006 85.4557
internal_count=37596 34607 2989 3380 1290 2090 595 1495 797 31227 3337 938 163 267 365 230 27890 6065 3174 328 3006 107 176 51 2899 2774 246 152 70 698
is_linear=0
shrinkage=1


Tree=12
num_leaves=31
num_cat=0
split_feature=22 36 46 29 34 14 35 14 9 35 35 35 34 38 35 49 35 20 38 14 14 22 49 35 35 35 35 29 0 22
split_gain=8104.45 6443.93 3330.29 825.881 647.671 224.087 273.207 211.818 151.456 147.521 164.256 246.014 146.649 133.222 123.699 100.315 145.955 94.8386 76.8309 73.5413 71.8053 85.2343 68.9825 111.835 115.921 135.151 87.7172 66.1367 174.138 58.3382
threshold=-0.58919495915236875 3.5000000000000004 10.500000000000002 -0.16491235758749825 0.97917700869328217 -1.0994183075655302 4.995472352605244 0.08493228518956035 1.4906560138589964 0.98830039778318834 1.9999481521674403 3.9829812312414954 0.01224054493628219 183.50000000000003 4.9878135843335505 14.500000000000002 3.9945271572596091 1.0000000180025095e-35 73.500000000000014 0.07817701666252462 -2.535449313321108 -0.26852385069993451 14.500000000000002 3.9829812312414954 1.9923505481351218 0.021372449354867915 4.9946815292752342 0.19471789939279396 0.9000657378386846 -0.59676418347312266
decision_type=2 2 2 2 2 2 2 2 2 2 2 2 2 2 2 2 2 2 2 2 2 2 2 2 2 2 2 2 2 2
left_child=2 3 29 7 27 6 20 9 -4 -2 -11 -12 -8 -9 -13 16 19 -7 -19 -6 21 -3 23 24 25 -15 -25 28 -5 -1
right_child=1 5 8 4 15 17 12 13 -10 10 11 14 -14 22 -16 -17 -18 18 -20 -21 -22 -23 -24 26 -26 -27 -28 -29 -30 -31
leaf_value=4.8268148651241436 -1.0590840744012189 2.6847140300509467 -2.1873028526285809 4.5120941978786195 2.2304524410800837 -2.7565025203390681 4.1322648542461327 -1.5946093163449173 1.0372301765254663 3.8197880323677018 -0.87949228341273866 4.6221202941232544 -1.3480264466849603 -0.96897823252213711 0.28889462556908185 -2.0056824727363338 5.0732272887262653 -2.6518210976527432 -1.9696361722286877 -1.0736958325437729 -2.15029605132559 -2.7593937841115732 -1.8319956947694134 4.745270805022141 -1.8501020384184745 4.3018076352335459 -1.1435075658915301 4.8983090183375158 -0.4127509804591607 3.0102905683000336
leaf_weight=237.88032552599907 21.057856917381287 6.7336170375347137 101.12668496370316 30.117632567882538 10.406499058008196 2716.3411129415035 11.141075462102892 62.316564947366714 17.017686694860458 29.505485564470291 33.668085187673569 18.731698304414753 8.6924874484539014 9.5494932532310504 10.161640256643294 14.691528081893919 7.3457640409469596 355.29012078046799 308.39966031908989 19.098986506462097 377.32741290330887 5.0196054279804212 10.651357859373091 10.77378726005554 17.140116095542908 9.9167814552783948 3.3055938184261313 86.802445083856583 9.4270638525485975 19.098986506462097
leaf_count=1943 172 55 826 246 85 22187 91 509 139 241 275 153 71 78 83 120 60 2902 2519 156 3082 41 87 88 140 81 27 709 77 156
internal_value=-1.79198 -2.17952 2.67153 1.56307 3.19126 -2.58912 -1.88993 0.339829 -1.72284 1.32869 1.87483 0.957539 1.73041 -0.564831 3.09815 0.203809 1.08467 -2.6737 -2.33483 0.0916677 -2.07448 0.359626 0.481392 0.967539 0.0463272 1.71614 3.36269 4.40998 3.33806 4.69181
internal_weight=0 4203.61 375.124 414.668 177.89 3788.95 408.914 236.778 118.144 113.125 92.0669 62.5614 19.8336 123.654 28.8933 51.5428 36.8512 3380.03 663.69 29.5055 389.081 11.7532 61.3371 50.6858 36.6064 19.4663 14.0794 126.347 39.5447 256.979
internal_count=37399 34335 3064 3387 1453 30948 3340 1934 965 924 752 511 162 1010 236 421 301 27608 5421 241 3178 96 501 414 299 159 115 1032 323 2099
is_linear=0
shrinkage=1


Tree=13
num_leaves=31
num_cat=0
split_feature=10 36 46 8 34 35 35 35 35 14 35 34 36 34 9 34 38 38 14 1 6 6 9 33 6 33 6 25 35 35
split_gain=8007.5 6516.63 3630.89 1003.53 755.916 234.733 542.809 394.75 680.792 216.14 251.244 144.938 122.94 111.52 80.411 77.3498 75.6354 68.7035 62.2581 83.937 60.5214 54.0676 47.9461 46.5628 43.9764 39.6026 34.1356 33.7629 28.5267 35.0575
threshold=1.5552819910174021 3.5000000000000004 10.500000000000002 -0.45128626237464337 0.97392298712563552 3.9829812312414954 4.9719404740209621 1.9937452855582312 0.98830039778318834 -1.0994183075655302 4.995472352605244 0.01224054493628219 3.5000000000000004 1.0097813894692098 0.14409912162382785 1.004062055407553 76.500000000000014 76.500000000000014 -2.535449313321108 -0.038335830237856278 -0.63351987614264982 0.41153669862126691 1.438366478306347 -0.096747904038029561 0.61925979896924177 -0.30924736290256588 -0.7904930731381431 0.64169804028513366 0.99067853626049052 1.9999481521674403
decision_type=2 2 2 2 2 2 2 2 2 2 2 2 2 2 2 2 2 2 2 2 2 2 2 2 2 2 2 2 2 2
left_child=1 3 -2 4 -1 7 13 8 -5 10 18 -12 28 -7 -11 17 -16 -6 19 -3 -8 22 -18 -21 -19 -20 -27 -22 -4 -30
right_child=2 9 12 5 15 6 20 -9 -10 14 11 -13 -14 -15 16 -17 21 24 25 23 27 -23 -24 -25 -26 26 -28 -29 29 -31
leaf_value=4.8975393619031156 4.888170596164386 -2.7884465328980634 -1.8241719660321647 -1.402808289754629 -1.1950730507506693 4.8281881046756361 3.575765608416861 -1.8221990257419021 3.8445318085752276 -2.7940983692547068 4.0827432305905802 -1.4417033983340939 -2.3092334288238963 -2.141815352764461 -2.7032684887792366 -2.1499024545483101 -2.0498286848485758 2.7792195004836953 -2.4087232159371634 -0.53847254354429985 1.125373767910582 -2.642605816343341 -0.047255990747538057 4.4886566862525452 -0.85827676964212152 -1.8888112239167756 -0.12482615071507053 -2.0331772908700936 4.4314579971650954 0.38636670490075309
leaf_weight=115.45092484354973 245.96066597104073 5.8766112327575684 4.4074584245681789 51.420348286628723 10.773787260055544 36.728820204734802 2.4485880136489895 84.476286470890045 47.625036865472794 2182.1816377639771 10.651357859373094 8.5700580477714521 98.555667549371719 2.4485880136489859 657.93559926748276 12.365369468927382 360.92187321186066 14.813957482576372 236.41117271780968 3.3055938184261322 3.9177408218383816 186.70483604073524 12.365369468927382 4.1625996232032758 4.285029023885726 128.06115311384201 11.998081266880034 24.853168338537216 2.5710174143314353 12.855087071657179
leaf_count=943 2009 48 36 420 88 300 20 690 389 17824 87 70 805 20 5374 101 2948 121 1931 27 32 1525 101 34 35 1046 98 203 21 105
internal_value=-1.79198 -2.18813 2.69804 1.59184 3.57323 0.361349 1.91376 -0.234139 1.12033 -2.59659 -1.90981 1.61961 -1.85209 4.39256 -2.67921 -0.0465528 -2.47336 0.824096 -2.08384 0.0388086 -1.19689 -2.20324 -1.98349 2.26353 1.96311 -2.15908 -1.7377 -1.60308 0.4195 1.06055
internal_weight=0 4220.75 364.35 411.608 157.689 253.919 70.3969 183.522 99.0454 3809.15 409.037 19.2214 118.389 39.1774 3400.11 42.2381 1217.93 29.8728 389.815 13.3448 31.2195 559.992 373.287 7.46819 19.099 376.47 140.059 28.7709 19.8336 15.4261
internal_count=37451 34475 2976 3362 1288 2074 575 1499 809 31113 3341 157 967 320 27772 345 9948 244 3184 109 255 4574 3049 61 156 3075 1144 235 162 126
is_linear=0
shrinkage=1


Tree=14
num_leaves=31
num_cat=0
split_feature=10 36 46 8 34 35 35 35 35 14 35 34 36 34 49 35 9 6 6 38 9 6 10 38 38 6 14 15 46 35
split_gain=8136.6 6607.42 3503.19 1120.98 664.455 254.071 506.907 349.827 605.15 235.48 269.408 137.599 125.436 111.825 98.5271 96.446 78.2218 70.4997 68.9784 67.9802 62.7877 76.6842 65.5729 52.1159 43.3144 43.2404 43.1735 34.5732 32.4283 30.1447
threshold=1.5552819910174021 3.5000000000000004 10.500000000000002 -0.4435267372621326 0.97392298712563552 3.9829812312414954 4.9719404740209621 1.9917766687961107 0.021372449354867915 -1.0994183075655302 4.9936386559525756 0.99231319516608674 3.5000000000000004 1.0097813894692098 14.500000000000002 3.9786411023398522 0.14409912162382785 -0.12000415446219208 -0.63351987614264982 76.500000000000014 0.12981588697813506 -1.1443219107003644 -1.0000000180025095e-35 198.50000000000003 507.50000000000006 -0.78137799809396824 0.9339492431873897 -0.61167200944859479 21.500000000000004 4.0099398674095008
decision_type=2 2 2 2 2 2 2 2 2 2 2 2 2 2 2 2 2 2 2 2 2 2 2 2 2 2 2 2 2 2
left_child=1 3 -2 4 -1 7 13 8 -5 10 20 -12 28 -7 15 17 -11 -6 -8 -18 -3 22 -22 -24 -19 -23 29 -20 -4 -21
right_child=2 9 12 5 14 6 18 -9 -10 16 11 -13 -14 -15 -16 -17 19 24 27 26 21 25 23 -25 -26 -27 -28 -29 -30 -31
leaf_value=4.8965082084413041 4.8698699582933536 -2.4299866726865438 1.1570325772194505 -1.4422810484615116 2.5602879087475965 4.8444679130088968 3.7888431597652414 -1.7917593755492773 3.5887306446100236 -2.7970925836925229 3.9797728652745339 -1.3250180725956995 -2.2470089418771044 -2.141815352764461 -2.0863048579957102 5.0278496620502224 -2.7004998050564071 -2.3051748087982129 1.1253737679105824 -2.1558837962932036 -2.3887540653736208 -1.9615520888306921 -1.8447981599758203 3.26460473978115 1.3198493108079088 0.20647682772072806 -2.6758503958960427 -1.8360002573458249 -2.141815352764461 -1.312516073409443
leaf_weight=118.26680105924606 247.42981877923012 213.76173359155655 15.793392688035967 49.461477875709534 9.059775650501253 35.626955598592758 2.815876215696334 85.700580477714539 46.278313457965851 2185.4872315824032 11.38593426346779 8.5700580477714521 96.964085340499878 2.4485880136489859 12.61022827029228 5.5093230307102194 654.75243484973907 9.1822050511837023 4.6523172259330776 362.5134554207325 5.2644642293453225 151.44516864418983 2.6934468150138819 7.7130522429943085 5.1420348286628714 9.7943520545959455 155.60776826739311 25.832603543996811 3.6728820204734793 47.992325067520142
leaf_count=966 2021 1746 129 404 74 291 23 700 378 17851 93 70 792 20 103 45 5348 75 38 2961 43 1237 22 63 42 80 1271 211 30 392
internal_value=-1.79198 -2.18667 2.74138 1.61497 3.68843 0.304621 1.90294 -0.324138 0.989589 -2.59759 -1.88221 1.70164 -1.78194 4.39519 0.245931 1.26381 -2.68383 0.376999 -0.946649 -2.48108 -2.06528 -1.6246 0.487251 1.94217 -1.00388 -1.82986 -2.22731 -1.38406 0.534608 -2.05729
internal_weight=0 4229.57 363.86 412.587 159.77 252.817 71.3763 181.44 95.7398 3816.98 410.628 19.956 116.43 38.0755 41.5036 28.8933 3406.35 23.384 33.3008 1220.87 390.672 176.91 15.671 10.4065 14.3242 161.24 566.114 30.4849 19.4663 410.506
internal_count=37519 34547 2972 3370 1305 2065 583 1482 782 31177 3354 163 951 311 339 236 27823 191 272 9972 3191 1445 128 85 117 1317 4624 249 159 3353
is_linear=0
shrinkage=1


Tree=15
num_leaves=31
num_cat=0
split_feature=1 36 34 8 34 35 35 35 35 14 35 9 34 49 35 20 6 38 9 6 1 38 1 38 34 6 9 1 35 40
split_gain=8327.71 6391.32 3318.28 950.443 722.342 248.422 542.4 351.672 643.632 220.272 259.499 158.069 122.86 90.8333 97.6545 74.0656 69.8533 65.77 65.6679 72.1767 58.4942 58.2323 52.3226 74.179 48.0066 37.0599 36.3628 35.5972 34.8836 43.9999
threshold=1.5367684771616057 3.5000000000000004 0.031450555220707131 -0.4435267372621326 0.97392298712563552 3.9829812312414954 4.9719404740209621 1.9917766687961107 0.021372449354867915 -1.0994183075655302 4.9936386559525756 1.20733357875903 0.99231319516608674 14.500000000000002 3.9786411023398522 1.0000000180025095e-35 -0.63351987614264982 73.500000000000014 0.12981588697813506 -1.1443219107003644 1.6330604916994051 159.50000000000003 -0.038335830237856278 198.50000000000003 1.0026445942072915 -0.7904930731381431 1.4906560138589964 1.3512401056532033 0.97918049801925522 0.13500000000000004
decision_type=2 2 2 2 2 2 2 2 2 2 2 2 2 2 2 2 2 2 2 2 2 2 2 2 2 2 2 2 2 2
left_child=1 3 20 4 -1 7 24 8 -5 10 18 -4 -12 14 21 -11 -8 -17 -3 22 -2 -6 -20 -24 -7 -21 -19 -9 -13 -30
right_child=2 9 11 5 13 6 16 27 -10 15 12 28 -14 -15 -16 17 -18 26 19 25 -22 -23 23 -25 -26 -27 -28 -29 29 -31
leaf_value=4.821249150099689 3.0017999520820635 -2.4551074602264515 -2.1661973611277077 -1.438518439070763 -1.3910218932153975 4.8907513006034566 3.575765608416869 -1.8574488922612624 3.7783137210193645 -2.7609123016808206 4.1883635685434371 -1.6689327168772832 -1.0367366795949602 -2.141815352764461 5.0101413199327425 -2.679678756642407 -1.4374517063031402 -2.1150688423307229 -2.3460146728066507 -1.9722404004713598 4.8655337982521409 1.6859209209675776 -2.6318937208657176 3.1368894578784299 0.30857648774182334 -0.15345025659606182 -0.3210380823882637 1.6154521360118417 4.6259335400624124 0.64083300848843816
leaf_weight=113.36962503194809 18.119551301002502 214.49630999565125 98.43323814868927 49.339048475027084 12.12051066756249 34.525090992450714 3.0607350170612326 82.639845460653305 45.421307653188705 2746.5811749100685 9.794352054595949 4.6523172259330776 8.3251992464065534 13.467234075069426 5.0196054279804221 354.92283257842064 30.240061968564987 291.62683242559433 4.8971760272979763 148.01714542508125 238.49247252941132 12.487798869609831 3.0607350170612326 8.2027698457241041 2.4485880136489859 12.120510667562483 11.753222465515135 3.0607350170612326 3.4280232191085842 14.44666928052902
leaf_count=926 148 1752 804 403 99 282 25 675 371 22434 80 38 68 110 41 2899 247 2382 40 1209 1948 102 25 67 20 99 96 25 28 118
internal_value=-1.79198 -2.20334 2.69858 1.56251 3.49651 0.355638 1.95071 -0.265509 1.06206 -2.60542 -1.91194 -1.61933 1.78764 0.0115593 0.990366 -2.68871 -0.976678 -2.38745 -2.08347 -1.63132 4.73393 0.170412 0.382831 1.56929 4.5873 -1.83458 -2.04557 -1.73342 0.770245 1.4051
internal_weight=0 4221 377.572 407.2 156.465 250.735 70.2745 180.461 94.7604 3813.8 408.914 120.96 18.1196 43.0951 29.6279 3404.88 33.3008 658.303 390.795 176.298 256.612 24.6083 16.1607 11.2635 36.9737 160.138 303.38 85.7006 22.527 17.8747
internal_count=37561 34477 3084 3326 1278 2048 574 1474 774 31151 3340 988 148 352 242 27811 272 5377 3192 1440 2096 201 132 92 302 1308 2478 700 184 146
is_linear=0
shrinkage=1


Tree=16
num_leaves=31
num_cat=0
split_feature=10 9 46 8 34 20 20 38 20 34 48 48 48 48 14 48 9 9 38 10 6 48 34 38 6 34 20 34 6 20
split_gain=8339.85 5180.05 3528.29 857.149 685.123 279.08 193.189 166.62 141.35 140.414 140.234 518.522 334.819 523.668 136.731 139.738 132.931 167.62 98.3095 83.8819 79.2127 97.2461 69.0986 67.7187 67.186 65.7934 62.1016 56.4745 48.561 49.144
threshold=1.5552819910174021 1.20733357875903 10.500000000000002 -0.66425008661974583 0.98615402669926089 1.0000000180025095e-35 1.651340523002 31.500000000000004 2.8226152211827329 1.0235892608653105 8.0000000000000018 13.500000000000002 38.000000000000007 43.500000000000007 -1.0994183075655302 52.500000000000007 1.352687448232494 1.2936119574462694 76.500000000000014 -0.75528265473295186 -0.76514077609537645 53.500000000000007 0.01224054493628219 76.500000000000014 -0.75538647965663919 1.0112457448216736 1.0873412765671604 0.99231319516608674 -1.1443219107003644 0.46493881844541035
decision_type=2 2 2 2 2 2 2 2 2 2 2 2 2 2 2 2 2 2 2 2 2 2 2 2 2 2 2 2 2 2
left_child=1 5 -2 4 16 20 14 24 -4 10 -9 -12 -13 -14 15 28 17 -3 -16 -20 21 -1 -23 -6 -5 -25 -19 -17 29 -7
right_child=2 3 8 7 23 6 -8 9 -10 -11 11 12 13 -15 18 27 -18 26 19 -21 -22 22 -24 25 -26 -27 -28 -29 -30 -31
leaf_value=-2.3191813977591687 4.8729853198476825 4.2440542921913078 -2.2456973011151011 0.96625741463095594 -2.0203995408474826 -1.1435075658915301 3.2031914104451533 -1.1519893652702298 0.7118055247871613 -2.4745846150554378 4.2805605859537934 -1.378578549983815 4.9264866518128283 -0.97096906141988648 -2.6297009764894259 4.3925628885856316 4.4895388202580531 -2.3580263975150153 3.9841642485012492 -1.8932248761913595 -2.7599590585103373 3.2127445950085316 -1.742106045447833 1.3628148377270843 -1.9260923690630047 -2.0510600994123762 3.26460473978115 -1.1022551780042193 -1.6258431781123994 3.167366968332487
leaf_weight=262.73349386453629 252.69428300857544 13.467234075069429 98.188379347324371 9.4270638525485975 18.119551301002502 6.6111876368522626 6.9784758388996115 39.299837619066238 19.343845307826996 16.527969092130661 36.606390804052353 74.681934416294098 28.281191557645798 32.198932379484177 346.59763333201408 6.1214700341224653 100.02482035756111 8.3251992464065534 2.4485880136489859 292.85112643241882 2718.2999833524227 5.5093230307102186 5.754181832075119 21.05785691738129 54.236224502325058 7.7130522429943076 2.5710174143314353 2.6934468150138855 105.04442578554153 4.4074584245681763
leaf_count=2146 2064 110 802 77 148 54 57 321 158 135 299 610 231 263 2831 50 817 68 20 2392 22203 45 47 172 443 63 21 22 858 36
internal_value=-1.79198 -2.18199 2.76761 0.976197 2.75138 -2.56988 -2.03455 -0.0677202 -1.75894 0.332303 0.5521 0.941987 0.0377904 1.78675 -2.08222 -1.12482 3.97934 1.88471 -2.26847 -1.84449 -2.7083 -2.19583 0.681462 -0.506088 -1.4978 0.447606 -1.03134 2.71359 -1.41635 0.580842
internal_weight=0 4228.59 370.227 462.538 171.279 3766.05 773.754 291.26 117.532 227.596 211.068 171.768 135.162 60.4801 766.775 124.878 124.388 24.3635 641.897 295.3 2992.3 273.997 11.2635 46.8905 63.6633 28.7709 10.8962 8.81492 116.063 11.0186
internal_count=37563 34539 3024 3778 1399 30761 6320 2379 960 1859 1724 1403 1104 494 6263 1020 1016 199 5243 2412 24441 2238 92 383 520 235 89 72 948 90
is_linear=0
shrinkage=1


Tree=17
num_leaves=31
num_cat=0
split_feature=10 36 46 8 34 40 40 40 40 14 40 34 20 0 20 49 40 6 34 38 14 10 6 6 38 38 9 3 9 40
split_gain=8184.68 6540.25 3479.03 1033.93 746.767 290.752 593.897 354.977 618.38 225.606 288.645 152.536 141.739 101.56 92.326 90.7313 119.313 79.984 78.466 71.194 63.1124 86.7271 66.4839 52.7547 51.1244 33.8345 33.4657 41.4858 32.2014 32.0403
threshold=1.5552819910174021 3.5000000000000004 10.500000000000002 -0.45128626237464337 0.97392298712563552 0.38000000000000006 0.48000000000000004 0.18000000000000002 0.080000000000000016 -1.0994183075655302 0.53500000000000014 0.022712859276481874 3.0639810612353506 -0.59761956593285281 -0.044790908973797873 14.500000000000002 0.38000000000000006 -0.12000415446219208 1.0052488024084618 73.500000000000014 -2.535449313321108 -1.0000000180025095e-35 -0.78137799809396824 -0.48895835778212454 792.00000000000011 481.50000000000006 0.66096383037865147 -0.063887243265105684 0.93771645626483302 0.080000000000000016
decision_type=2 2 2 2 2 2 2 2 2 2 2 2 2 2 2 2 2 2 2 2 2 2 2 2 2 2 2 2 2 2
left_child=1 3 -2 4 -1 7 18 8 -5 10 20 -12 -4 -8 -11 16 17 -6 -7 -16 21 -3 26 -15 -19 -23 -22 -28 -24 -14
right_child=2 9 12 5 15 6 13 -9 -10 14 11 -13 29 23 19 -17 -18 24 -20 -21 22 25 28 -25 -26 -27 27 -29 -30 -31
leaf_value=4.837319999733424 4.8931805764309999 -2.5210426614142429 -2.1922349379600634 -1.4018931107292301 2.3732585015017462 4.9223068115065836 5.209360168754392 -1.8112339778978273 3.636916206932177 -2.7652189502120086 3.9841642485012474 -1.3674491001369338 -1.6823668826695326 2.0475642455204763 -2.6542317555066126 -2.2023188549991839 5.0355735133993367 -2.4427406665108462 -0.91661943251131872 -2.0326178554156957 -2.4345612806125567 4.1055800604182284 -0.93152449236841317 -1.9123020674277842 1.7840812519176503 -0.50822079242693863 1.5205982583148239 -1.8644605130809873 2.5956088722143549 1.547855119722013
leaf_weight=118.26680105924606 246.69524237513542 6.8560464382171631 99.167814552783966 52.03249529004097 8.8149168491363543 38.320402413606644 2.4485880136489859 88.026739090681076 45.788595855236053 2662.9618942439556 12.242940068244936 9.4270638525485975 3.9177408218383816 3.7953114211559287 397.52826401591301 13.222375273704527 5.7541818320751181 11.630793064832689 2.4485880136489859 343.4144689142704 276.69044554233551 4.5298878252506238 16.772827893495563 29.62791496515274 3.7953114211559287 2.4485880136489868 3.7953114211559287 78.599675238132477 3.0607350170612326 14.201810479164122
leaf_count=966 2015 56 810 425 72 313 20 719 374 21751 100 77 32 31 3247 108 47 95 20 2805 2260 37 137 242 31 20 31 642 25 116
internal_value=-1.79198 -2.17979 2.76144 1.54639 3.53737 0.321529 1.96044 -0.354331 0.956698 -2.59353 -1.8969 1.65606 -1.72233 -1.00722 -2.67835 -0.0199935 0.942011 -0.0296931 4.57162 -2.36612 -2.09293 0.00498812 -2.16953 -1.46265 -1.40281 2.4867 -2.26797 -1.70854 -0.387214 0.849429
internal_weight=0 4242.3 363.983 423.973 161.484 262.489 76.6408 185.848 97.8211 3818.33 414.424 21.67 117.287 35.8718 3403.9 43.2176 29.9952 24.241 40.769 740.943 392.754 13.8345 378.919 33.4232 15.4261 6.97848 359.085 82.395 19.8336 18.1196
internal_count=37624 34651 2973 3463 1319 2144 626 1518 799 31188 3385 177 958 293 27803 353 245 198 333 6052 3208 113 3095 273 126 57 2933 673 162 148
is_linear=0
shrinkage=1


Tree=18
num_leaves=31
num_cat=0
split_feature=10 36 46 8 34 35 35 35 35 14 35 34 36 34 38 6 10 9 6 38 6 34 6 9 38 25 38 3 14 28
split_gain=8193.44 6621.6 3555.15 1060.42 726.744 269.628 571.685 351.983 613.745 229.584 265.03 138.37 132.225 87.3994 94.022 79.0496 79.8674 77.4927 75.3027 74.0121 65.3833 58.0712 56.2582 44.5809 37.2973 32.6468 31.1824 29.2381 28.4969 26.1898
threshold=1.5552819910174021 3.5000000000000004 10.500000000000002 -0.45128626237464337 0.97392298712563552 3.9829812312414954 4.9719404740209621 1.9870976676944114 0.021372449354867915 -1.0994183075655302 4.9821933372715934 0.022712859276481874 3.5000000000000004 1.0112457448216736 47.500000000000007 -1.1961339953951045 -1.0000000180025095e-35 0.14409912162382785 -0.63351987614264982 76.500000000000014 -0.78137799809396824 1.0052488024084618 0.53898518654417926 1.438366478306347 80.500000000000014 0.72957021672490352 31.500000000000004 1.1024753067206203 0.9339492431873897 -0.32822357179591716
decision_type=2 2 2 2 2 2 2 2 2 2 2 2 2 2 2 2 2 2 2 2 2 2 2 2 2 2 2 2 2 2
left_child=1 3 -2 4 -1 7 21 8 -5 10 15 -12 -4 14 -6 16 -3 -11 -8 -19 -17 -7 -16 24 -21 -20 -10 -18 -26 -28
right_child=2 9 12 5 13 6 18 -9 26 17 11 -13 -14 -15 22 20 27 19 25 23 -22 -23 -24 -25 28 -27 29 -29 -30 -31
leaf_value=4.9121886011254237 4.8770357851563162 -2.1732306327709514 0.4879886070852506 -1.3840636591139233 -1.7179079035629519 4.9324797347988785 3.4590802826784741 -1.7985237422587494 1.4805030201578724 -2.7880010470905856 3.905960253591473 -1.261371531283848 -2.2693756332945947 -2.466566078614691 2.9176267927413186 -2.2520885269527806 0.15299605342396472 -2.7024103493851417 0.56482661485359031 -0.59219060627606313 -0.38721378795749195 -0.099822152342557313 -0.69938611331749923 -0.64904790969741422 -2.1526146718508583 -1.9929409716499575 4.5052245824020112 4.4668171867827891 -2.6615954401445818 2.696137768235126
leaf_weight=117.77708345651627 249.75597739219666 6.3663288354873657 21.180286318063736 50.808201283216476 9.6719226539134961 36.116673201322556 3.4280232191085807 84.476286470890045 5.6317524313926688 2197.975030452013 11.50836366415024 9.4270638525485975 97.208944141864777 10.161640256643294 17.017686694860462 360.92187321186066 2.5710174143314344 655.73187005519867 6.243899434804919 13.099945873022078 19.833562910556793 2.4485880136489859 5.7541818320751181 17.752263098955154 379.65357151627541 24.853168338537216 28.403620958328247 4.0401702225208282 154.87319186329842 11.141075462102888
leaf_count=962 2040 52 173 415 79 295 28 690 46 17953 94 77 794 83 139 2948 21 5356 51 107 162 20 47 145 3101 203 232 33 1265 91
internal_value=-1.79198 -2.18031 2.73751 1.61941 3.63188 0.346439 1.9668 -0.30984 1.00035 -2.59057 -1.88788 1.57915 -1.77607 0.0926416 0.894205 -2.07223 0.35481 -2.67579 -0.989031 -2.47381 -2.15495 4.61297 2.00365 -2.20867 -2.25923 -1.47937 3.68202 2.78922 -2.30009 3.99554
internal_weight=0 4247.69 368.145 413.934 160.383 253.551 73.0904 180.461 95.9847 3833.75 414.668 20.9354 118.389 42.6054 32.4438 393.733 12.9775 3419.09 34.5251 1221.11 380.755 38.5653 22.7719 565.379 547.627 31.0971 45.1764 6.61119 534.527 39.5447
internal_count=37702 34695 3007 3381 1310 2071 597 1474 784 31314 3387 171 967 348 265 3216 106 27927 282 9974 3110 315 186 4618 4473 254 369 54 4366 323
is_linear=0
shrinkage=1


Tree=19
num_leaves=31
num_cat=0
split_feature=10 36 34 8 34 35 35 35 35 14 35 34 20 34 20 49 35 6 38 6 20 6 49 38 38 9 35 35 6 20
split_gain=8321.89 6417.02 3555.58 1027.66 768.497 244.28 530.769 348.984 619.795 224.714 278.598 152.833 134.529 111.261 88.5405 83.0035 120.487 74.3608 67.9833 58.9522 56.3259 84.2672 50.1712 40.4998 38.7453 38.5025 32.8175 71.6907 31.6971 28.2885
threshold=1.5552819910174021 3.5000000000000004 0.031450555220707131 -0.45128626237464337 0.97392298712563552 3.9829812312414954 4.9719404740209621 1.9937452855582312 0.021372449354867915 -1.0994183075655302 4.9914530442260867 0.022712859276481874 2.8226152211827329 1.0095527063218983 -0.044790908973797873 14.500000000000002 3.9786411023398522 -0.63351987614264982 76.500000000000014 -0.12000415446219208 0.34330622176733294 -1.1443219107003644 11.500000000000002 78.500000000000014 530.50000000000011 1.438366478306347 3.0011073808500774 4.9878135843335505 -0.78137799809396824 3.0639810612353506
decision_type=2 2 2 2 2 2 2 2 2 2 2 2 2 2 2 2 2 2 2 2 2 2 2 2 2 2 2 2 2 2
left_child=1 3 -2 4 -1 7 13 8 29 10 20 -12 -4 -7 -11 16 19 -8 -16 -6 28 -22 -10 -20 -21 -25 -14 -28 -3 -5
right_child=2 9 12 5 15 6 17 -9 22 14 11 -13 26 -15 18 -17 -18 -19 23 24 21 -23 -24 25 -26 -27 27 -29 -30 -31
leaf_value=4.8905679813467522 4.9018130265881581 -2.3233616886251056 -2.1888036907913051 -1.6723177035335981 2.0131968985288018 4.8230371308367346 3.7888431597652414 -1.7883820868158939 3.8405515399001486 -2.7608308985788126 3.9717885321350548 -1.6176021729546588 -0.46523146189174058 -2.141815352764461 -2.6503399558520391 -2.1343217997353898 5.0317955426307481 -1.5915878962491028 0.43186664323899482 -2.4544167809771964 2.7589683282481077 -1.5555252804960862 -0.34486133639318584 -2.1598420811700119 0.85310800785433072 -0.43396649422977784 4.7794668634024138 -0.97849801434228567 -0.9311016537909067 1.1253737679105846
leaf_weight=116.06307184696198 250.3681243956089 310.11367192864418 100.02482035756111 46.645601660013199 8.4476286470890063 36.239102602005005 2.815876215696334 84.598715871572495 44.56430184841156 2664.5534764528275 12.120510667562487 8.2027698457241041 11.630793064832689 2.4485880136489859 398.9974168241024 13.344804674386976 5.6317524313926688 29.260626763105392 6.4887582361698142 9.9167814552783984 4.8971760272979727 59.867976933717728 3.0607350170612326 321.74446499347687 5.5093230307102194 13.467234075069426 4.6523172259330732 4.0401702225208282 17.262545496225357 3.917740821838378
leaf_count=948 2045 2533 817 381 69 296 23 691 364 21764 99 67 95 20 3259 109 46 239 53 81 40 489 25 2628 45 110 38 33 141 32
internal_value=-1.79198 -2.18654 2.75465 1.56056 3.55437 0.310943 1.88847 -0.299782 0.982791 -2.59138 -1.89428 1.71583 -1.71223 4.38222 -2.67581 -0.0648166 0.871184 -1.11926 -2.36998 -0.110294 -2.08138 -1.22929 3.57157 -2.04261 -1.27316 -2.0905 0.633327 2.10323 -2.24995 -1.45555
internal_weight=0 4230.18 370.716 412.465 158.913 253.551 70.7642 182.787 98.1884 3817.72 412.465 20.3233 120.348 38.6877 3405.25 42.8503 29.5055 32.0765 740.698 23.8737 392.141 64.7652 47.625 341.7 15.4261 335.212 20.3233 8.69249 327.376 50.5633
internal_count=37580 34552 3028 3369 1298 2071 578 1493 802 31183 3369 166 983 316 27814 350 241 262 6050 195 3203 529 389 2791 126 2738 166 71 2674 413
is_linear=0
shrinkage=1


Tree=20
num_leaves=31
num_cat=0
split_feature=10 36 46 8 34 14 48 48 48 48 48 34 20 0 34 20 34 38 38 9 14 10 14 14 48 48 14 14 9 48
split_gain=8132.09 6571.87 3473.23 992.464 718.181 225.225 275.811 221.773 582.333 347.402 639.074 145.519 141.147 106.416 99.9341 87.6209 84.9067 88.0621 65.7306 59.8311 63.9645 72.959 42.937 42.6375 37.9084 62.2537 37.2406 35.0731 34.3158 28.6786
threshold=1.5552819910174021 3.5000000000000004 10.500000000000002 -0.66425008661974583 0.97392298712563552 -1.0994183075655302 53.500000000000007 38.000000000000007 48.000000000000007 20.500000000000004 8.0000000000000018 0.99147933693198653 3.0639810612353506 -0.59495052060856568 1.0095527063218983 1.0000000180025095e-35 1.004062055407553 47.500000000000007 73.500000000000014 0.22308993566552213 -2.535449313321108 -1.0000000180025095e-35 1.5194639019721075 -0.48434266572258294 38.000000000000007 51.500000000000007 1.6086895075859411 0.094421792039942734 1.438366478306347 38.000000000000007
decision_type=2 2 2 2 2 2 2 2 2 2 2 2 2 2 2 2 2 2 2 2 2 2 2 2 2 2 2 2 2 2
left_child=1 3 -2 4 26 6 19 9 14 10 -5 -8 -4 -10 -9 -7 17 -6 -17 -3 21 -21 29 -15 -14 -26 -1 -11 -20 -19
right_child=2 5 12 7 16 15 11 8 13 27 -12 -13 24 23 -16 18 -18 22 28 20 -22 -23 -24 -25 25 -27 -28 -29 -30 -31
leaf_value=4.985211628642217 4.858439855792998 -2.410573663415803 -2.1969366416102054 -1.4066978006125757 -1.8276625526995527 -2.7547877224488211 4.0676005298088089 4.8612170657316405 5.209360168754392 -0.94313882472459021 3.7794232857003265 -1.302942470428976 -0.49837986134056789 1.5205982583148239 -1.7334167126800801 -2.6451116021630545 -2.0339364667044357 1.7508491626344092 -2.0814477301795096 -2.3751860042412494 -1.7604715121809382 3.7047336000224633 -1.7917593755492773 -2.047165024161214 4.6117036222894452 -0.91661943251131894 1.3029383940342285 -2.2311850297294908 -0.34822957260006726 4.3758935563372887
leaf_weight=111.53318402171135 247.91953638195992 228.08597347140312 99.779961556196213 48.971760272979736 7.9579110443592098 2737.6438286602497 11.38593426346779 37.340967208147049 2.4485880136489859 37.708255410194397 46.155884057283401 9.0597756505012494 10.161640256643297 3.7953114211559287 2.4485880136489859 354.06582677364349 12.977516472339628 13.589663475751882 299.82960227131844 3.4280232191085815 155.24048006534576 4.6523172259330732 2.5710174143314353 28.526050359010696 5.0196054279804212 3.4280232191085815 2.815876215696334 48.114754468202591 11.875651866197584 5.9990406334400168
leaf_count=911 2025 1863 815 400 65 22361 93 305 20 308 377 74 83 31 20 2892 106 111 2449 28 1268 38 21 233 41 28 23 393 97 49
internal_value=-1.79198 -2.18098 2.73058 1.60848 3.58339 -2.59114 -1.8927 0.391548 1.84292 -0.206481 1.10961 1.68784 -1.72539 -1.1467 4.45539 -2.67566 0.104377 1.02576 -2.3503 -2.07973 -1.61769 1.12537 2.05048 -1.62822 0.802954 2.36833 4.89453 -1.66525 -2.01541 2.55477
internal_weight=0 4228.22 366.309 412.954 157.444 3815.27 411.853 255.51 74.5595 180.951 95.1276 20.4457 118.389 34.7699 39.7896 3403.41 43.0951 30.1176 665.771 391.407 163.321 8.08034 22.1597 32.3214 18.6093 8.44763 114.349 85.823 311.705 19.5887
internal_count=37528 34536 2992 3373 1286 31163 3364 2087 609 1478 777 167 967 284 325 27799 352 246 5438 3197 1334 66 181 264 152 69 934 701 2546 160
is_linear=0
shrinkage=1


Tree=21
num_leaves=31
num_cat=0
split_feature=10 36 34 8 34 35 35 35 35 14 35 34 36 0 34 9 38 34 6 10 38 6 14 9 14 6 38 9 6 35
split_gain=8272.96 6589.16 3629.77 1014.6 722.317 272.989 545.886 368.109 635.542 238.112 333.321 155.6 124.825 114.514 103.024 83.9012 77.6515 77.0573 72.1471 83.1844 66.7233 61.275 52.0518 45.3866 36.402 35.9201 35.4775 33.8726 33.5287 32.2904
threshold=1.5552819910174021 3.5000000000000004 0.031450555220707131 -0.45128626237464337 0.97392298712563552 3.9829812312414954 4.9719404740209621 1.9949398888231071 0.030199858773715799 -1.0994183075655302 4.9914530442260867 0.01224054493628219 3.5000000000000004 -0.59495052060856568 1.0095527063218983 0.15066954889719533 76.500000000000014 1.0086014403560746 -1.1961339953951045 -1.0000000180025095e-35 76.500000000000014 -0.78137799809396824 0.9339492431873897 1.4973996768058531 -0.30262631911587462 1.3133051261033066 400.50000000000006 0.19112862607662964 1.3974503352586811 3.0011073808500774
decision_type=2 2 2 2 2 2 2 2 2 2 2 2 2 2 2 2 2 2 2 2 2 2 2 2 2 2 2 2 2 2
left_child=1 3 -2 4 28 7 14 8 -5 10 18 -12 29 -8 -7 -11 -17 20 19 -3 -6 27 23 -18 -15 -22 -21 -20 -1 -4
right_child=2 9 12 5 17 6 13 -9 -10 15 11 -13 -14 24 -16 16 22 -19 21 26 25 -23 -24 -25 -26 -27 -28 -29 -30 -31
leaf_value=4.9717144083604623 4.8994857142156594 -2.2421237906799227 -0.55121012296213645 -1.4698688217881892 -1.1634537754194609 4.9651350683717048 5.209360168754392 -1.8349122327010505 3.6385961684298507 -2.7931222042562318 4.4436127185961762 -1.1829663716967844 -2.2241898050779567 1.0257643434997581 -1.7334167126800801 -2.699856242650752 -2.0441519925920462 -2.360956086468275 -2.5167068511534523 4.4886566862525452 2.3424558078971489 -0.45309950358119355 -2.6798643547803911 0.33295849610507 -1.9095152088632534 -1.7334167126800801 -0.23595503237068471 -1.8905964524493977 1.3198493108079088 2.0396990815323326
leaf_weight=113.61448383331299 251.71484780311584 6.9784758388996124 11.630793064832689 49.706336677074432 11.141075462102888 36.851249605417252 2.815876215696334 82.762274861335754 47.747466266155243 2205.5656532943249 11.753222465515138 8.4476286470890027 100.75939676165581 5.0196054279804256 2.4485880136489859 641.53005957603455 386.01990035176277 10.039210855960844 205.92625194787979 4.1625996232032758 18.486839503049854 19.955992311239243 154.26104485988617 8.2027698457241041 26.689609348773956 2.4485880136489859 2.5710174143314362 148.8741512298584 2.5710174143314353 8.2027698457241041
leaf_count=928 2056 57 95 406 91 301 23 676 390 18015 96 69 823 41 20 5240 3153 82 1682 34 151 163 1260 67 218 20 21 1216 21 67
internal_value=-1.79198 -2.17931 2.73829 1.61768 3.60482 0.379431 1.99906 -0.284045 1.03302 -2.59087 -1.86971 2.09068 -1.77281 -0.902137 4.54778 -2.67766 -2.46366 0.056889 -2.07566 0.177305 0.813619 -2.15809 -2.1874 -1.99469 -1.44486 1.86575 2.68471 -2.25399 4.8909 0.520339
internal_weight=0 4216.59 372.308 412.342 158.301 254.041 73.8249 180.216 97.4538 3804.25 408.669 20.2009 120.593 34.5251 39.2998 3395.58 1190.01 42.1157 388.468 13.7121 32.0765 374.756 548.484 394.223 31.7092 20.9354 6.73362 354.8 116.186 19.8336
internal_count=37482 34441 3041 3368 1293 2075 603 1472 796 31073 3338 165 985 282 321 27735 9720 344 3173 112 262 3061 4480 3220 259 171 55 2898 949 162
is_linear=0
shrinkage=1


Tree=22
num_leaves=31
num_cat=0
split_feature=10 9 46 8 34 42 42 14 35 40 40 40 35 20 34 20 20 34 38 9 38 4 20 14 20 34 14 38 9 46
split_gain=8446.76 5061.65 3450.12 810.609 696.4 315.646 303.442 232.644 246.156 211.111 687.185 352.547 702.049 170.543 129.43 114.342 84.6387 78.2099 77.7441 74.4757 68.8649 65.1687 55.3288 49.1968 48.3778 45.4522 42.1614 42.0342 36.5502 36.3476
threshold=1.5552819910174021 1.20733357875903 10.500000000000002 -0.4435267372621326 0.020856364949953299 0.84375000000000011 0.21875000000000003 -1.0994183075655302 4.9821933372715934 0.38000000000000006 0.43500000000000005 0.13500000000000004 0.030199858773715799 2.8226152211827329 0.022712859276481874 1.0000000180025095e-35 1.651340523002 1.0058521794213908 875.50000000000011 0.22308993566552213 76.500000000000014 3.3089934626293531 -0.011222982852585571 -0.093922768596306924 3.0639810612353506 1.0043654461049718 -0.79724185153239568 78.500000000000014 1.5303348782786643 21.500000000000004
decision_type=2 2 2 2 2 2 2 2 2 2 2 2 2 2 2 2 2 2 2 2 2 2 2 2 2 2 2 2 2 2
left_child=1 6 -2 4 5 22 23 8 19 11 17 12 -5 -4 -10 -9 20 -11 24 -8 -17 -21 28 -1 -6 -20 -12 -22 -3 -15
right_child=2 3 13 9 18 -7 7 15 14 10 26 -13 -14 29 -16 16 -18 -19 25 21 27 -23 -24 -25 -26 -27 -28 -29 -30 -31
leaf_value=3.6005170411492551 4.865902636735628 -0.088784351259195704 -2.2641276358354174 -1.546643592816545 -1.3818837060251701 -1.8397122491403983 -2.4111846685647969 -2.7630362850761019 3.9099099503040873 4.9390963628161977 1.4395265679754927 -1.8720052027199883 3.9093524856029096 1.5859737379305621 -1.2569516325816359 -2.620850363176273 3.575765608416869 -0.91661943251131872 3.8190669259139471 -1.6200267959024757 0.8404444841307841 2.5745302327261288 4.5050668812628505 -0.041479489473360109 2.827034768262171 -1.3250180725956997 -1.7078917976748063 -2.010947280251234 4.4991016642598147 -2.0510600994123762
leaf_weight=8.0803404450416547 253.30643001198769 4.5298878252506247 96.474367737770081 55.950236111879349 38.687690615653992 8.9373462498188001 230.16727328300476 2725.2784591913223 10.773787260055544 33.300796985626221 4.7747466266155234 108.59487840533257 40.76899042725563 16.283110290765766 8.8149168491363508 340.47616329789162 2.4485880136489859 2.4485880136489859 5.7541818320751172 153.89375665783882 5.2644642293453208 3.7953114211559287 109.32945480942726 6.8560464382171622 2.9383056163787833 2.4485880136489868 39.177408218383789 288.0763798058033 2.8158762156963348 3.3055938184261313
leaf_count=66 2069 37 788 457 316 73 1880 22260 88 272 39 887 333 133 72 2781 20 20 47 1257 43 31 893 56 24 20 320 2353 23 27
internal_value=-1.79198 -2.18865 2.79714 0.94186 2.633 3.88784 -2.5696 -2.58743 -1.8738 -0.0991204 1.28221 -0.635343 0.753162 -1.71791 1.58482 -2.67392 -2.29222 4.53802 -0.530296 -2.04848 -2.31489 -1.51907 4.32657 1.92878 -1.08478 2.28352 -1.36597 -1.95977 1.66991 0.972224
internal_weight=0 4244.38 369.37 460.457 175.441 125.613 3783.93 3768.99 407.445 285.016 79.7015 205.314 96.7192 116.063 19.5887 3361.54 636.266 35.7494 49.8288 387.856 633.817 157.689 116.675 14.9364 41.626 8.20277 43.9522 293.341 7.34576 19.5887
internal_count=37685 34668 3017 3761 1433 1026 30907 30785 3328 2328 651 1677 790 948 160 27457 5197 292 407 3168 5177 1288 953 122 340 67 359 2396 60 160
is_linear=0
shrinkage=1


Tree=23
num_leaves=31
num_cat=0
split_feature=36 1 46 46 8 22 49 48 14 48 48 48 48 48 48 48 46 6 20 38 14 1 1 9 31 33 38 6 6 20
split_gain=7921.3 6389.33 3110.38 1185.68 915.783 410.317 265.369 527.02 251.724 296.626 211.607 514.746 159.259 254.261 205.41 294.588 155.85 82.7669 78.3903 66.8632 64.6951 95.7011 57.3672 41.734 38.3042 37.0913 32.8213 31.0614 27.2474 25.8014
threshold=3.5000000000000004 1.5367684771616057 10.500000000000002 7.0000000000000009 -0.65934424735539465 -0.58919495915236875 14.500000000000002 41.500000000000007 -1.0994183075655302 53.500000000000007 18.000000000000004 8.0000000000000018 38.000000000000007 51.500000000000007 21.500000000000004 8.0000000000000018 7.0000000000000009 -0.48895835778212454 -0.044790908973797873 76.500000000000014 -2.535449313321108 -0.038335830237856278 1.6330604916994051 0.78268920649631857 -0.20747242272594393 -0.096747904038029561 78.500000000000014 1.3974503352586811 -0.11091508031062654 4.0027640783861056
decision_type=2 2 2 2 2 2 2 2 2 2 2 2 2 2 2 2 2 2 2 2 2 2 2 2 2 2 2 2 2 2
left_child=3 8 22 4 27 -6 7 10 9 20 11 28 14 -14 15 -7 -11 -15 -10 -20 21 -2 -3 -22 -12 -23 -21 -1 -5 -8
right_child=1 2 -4 6 5 12 29 -9 18 16 24 -13 13 17 -16 -17 -18 -19 19 26 23 25 -24 -25 -26 -27 -28 -29 -30 -31
leaf_value=5.0111415819351937 -2.7952531768994699 2.7234554030233791 -2.2361383802040966 -0.30156123961315551 4.8773287540516428 -0.86999858318661782 -2.1928651827750083 4.8128566346918866 -2.760311547270101 4.1367980836842992 -0.36560539430223371 4.5493219625574124 4.9618458414305238 4.5286957686137495 -1.4121431158137008 3.8230528583762182 -1.3250180725956995 -1.3106882957506334 -2.6675266590481952 0.10437716769963301 -2.2866887066306698 -0.35971219603261839 4.8214955385066549 -1.4306876507993505 -2.2379091504313742 4.3263360820854615 -2.1063821124878803 1.6580676462815158 -2.3111513742628627 0.40467028540873651
leaf_weight=146.30313381552696 6.121470034122467 14.079381078481672 99.657532155513763 10.161640256643297 30.117632567882538 26.812038749456406 47.012889862060547 25.220456540584564 2657.5750006139278 12.120510667562487 15.426104485988615 24.241021335124969 20.200851112604141 2.9383056163787868 45.911025255918503 26.689609348773956 9.1822050511836988 13.956951677799223 398.5076992213726 6.8560464382171622 305.09406650066376 2.6934468150138855 175.31890177726746 70.029617190361023 37.463396608829498 4.5298878252506238 327.37621742486954 2.815876215696334 20.078421711921692 4.1625996232032767
leaf_count=1195 50 115 814 83 246 219 384 206 21707 99 126 198 165 24 375 218 75 114 3255 56 2492 22 1432 572 306 37 2674 23 164 34
internal_value=-1.79198 -2.24624 2.28605 1.9722 3.14757 1.53647 -0.0473099 0.699251 -2.59099 -1.85068 -0.267 1.1162 0.799387 2.56757 0.139584 1.47116 1.78257 -0.295143 -2.68047 -2.39088 -2.04992 0.113744 4.66553 -2.12689 -1.69182 2.579 -2.06103 4.94782 -1.63586 -1.98158
internal_weight=0 4089.14 289.056 499.512 315.745 166.626 183.767 132.591 3800.09 409.771 107.371 54.4811 136.509 37.0961 99.4127 53.5016 21.3027 16.8953 3390.31 732.74 388.468 13.3448 189.398 375.124 52.8895 7.22333 334.232 149.119 30.2401 51.1755
internal_count=37480 33400 2361 4080 2579 1361 1501 1083 31039 3347 877 445 1115 303 812 437 174 138 27692 5985 3173 109 1547 3064 432 59 2730 1218 247 418
is_linear=0
shrinkage=1


Tree=24
num_leaves=31
num_cat=0
split_feature=10 36 46 8 46 35 35 35 35 14 35 46 20 6 49 35 20 20 6 6 38 9 38 6 35 35 46 6 3 6
split_gain=8100.9 6548.42 3578.06 1016.9 738.999 248.302 579.992 362.653 650.722 214.542 260.841 140.658 124.069 97.5083 94.2201 112.221 85.9927 66.7566 91.8564 66.1149 61.8579 38.3065 37.3727 33.6904 32.8404 60.7337 29.5282 35.6964 26.1382 24.2514
threshold=1.5552819910174021 3.5000000000000004 10.500000000000002 -0.45128626237464337 7.0000000000000009 3.9829812312414954 4.9719404740209621 1.9917766687961107 0.98268797370888072 -1.0994183075655302 4.9914530442260867 7.0000000000000009 3.0639810612353506 -0.63351987614264982 14.500000000000002 3.9786411023398522 -0.044790908973797873 0.34330622176733294 -1.1443219107003644 -0.11361271675088158 73.500000000000014 1.438366478306347 875.50000000000011 -0.78137799809396824 3.9883192444734608 4.9878135843335505 13.500000000000002 0.21934890415531688 -0.063887243265105684 -0.12000415446219208
decision_type=2 2 2 2 2 2 2 2 2 2 2 2 2 2 2 2 2 2 2 2 2 2 2 2 2 2 2 2 2 2
left_child=1 3 -2 4 -1 7 26 8 -5 10 17 -12 -4 -8 15 19 -11 -3 -19 -6 -18 -22 -21 28 -14 -26 -7 -28 -20 -9
right_child=2 9 12 5 14 6 13 29 -10 16 11 -13 24 -15 -16 -17 20 18 23 22 21 -23 -24 -25 25 -27 27 -29 -30 -31
leaf_value=4.859060079979086 4.8379071269172531 -2.2869437975521558 -2.2871351142668783 -1.4956921311384257 2.3265462387469964 4.8987908607054322 4.229203432551877 -1.1676285634601906 3.7030586910405723 -2.7664427002770298 3.7778597808297563 -1.433924376618201 -0.56798644707343326 -1.6894853848622384 -2.1564010184817599 5.0317955426307481 -2.6494463852502967 2.8756536539865016 0.42810779703481261 -1.9685553236377538 -2.1388013406605171 -0.41080460304901245 1.9421710480793459 1.0206561678889488 4.7288911804198257 -1.0736958325437731 -0.11757861495492183 4.3716193685813014 -1.9649419757936097 -2.2421237906799227
leaf_weight=117.04250705242157 250.3681243956089 333.497687458992 99.779961556196213 49.216619074344635 8.325199246406557 32.198932379484177 3.0607350170612326 36.851249605417252 47.135319262742996 2664.3086176514626 11.875651866197588 9.1822050511836988 10.039210855960848 30.729779571294785 13.712092876434324 5.6317524313926688 401.07871663570404 5.1420348286628714 5.0196054279804221 12.120510667562487 331.78367584943771 13.344804674386976 3.0607350170612326 4.7747466266155234 4.1625996232032767 3.1831644177436829 2.815876215696334 4.7747466266155243 50.318483680486679 48.849330872297287
leaf_count=956 2045 2724 815 402 68 263 25 301 385 21762 97 75 82 251 112 46 3276 42 41 99 2710 109 25 39 34 26 23 39 411 399
internal_value=-1.79198 -2.19033 2.70346 1.58022 3.55825 0.343001 1.89324 -0.28356 1.04753 -2.59937 -1.92481 1.50528 -1.8576 -1.15337 0.00519464 1.02242 -2.68241 -2.10595 -1.18097 0.0618356 -2.38237 -2.07199 -1.1801 -1.52797 0.607685 2.21444 4.48053 2.70627 -1.74787 -1.78009
internal_weight=0 4245.85 367.533 415.525 159.893 255.633 73.5801 182.053 96.3519 3830.33 419.81 21.0579 117.165 33.7905 42.8503 29.1382 3410.52 398.753 65.2549 23.5064 746.207 345.128 15.1812 60.1128 17.385 7.34576 39.7896 7.59062 55.3381 85.7006
internal_count=37682 34680 3002 3394 1306 2088 601 1487 787 31286 3429 172 957 276 350 238 27857 3257 533 192 6095 2819 124 491 142 60 325 62 452 700
is_linear=0
shrinkage=1


Tree=25
num_leaves=31
num_cat=0
split_feature=10 36 46 8 34 35 35 35 35 14 35 20 34 20 34 34 38 6 14 10 6 6 38 47 6 14 35 35 38 35
split_gain=8129.39 6468.35 3535.71 998.518 732.985 243.172 534.946 354.664 609.849 225.588 313.278 144.903 136.03 93.8846 78.4586 76.641 76.097 74.6882 69.1333 85.164 66.0236 56.3182 46.7034 34.5812 34.1179 33.9247 30.6021 42.5668 30.0881 29.7742
threshold=1.5552819910174021 3.5000000000000004 10.500000000000002 -0.45128626237464337 0.98615402669926089 3.9829812312414954 4.9860846871693445 1.9949398888231071 0.021372449354867915 -1.0994183075655302 4.995472352605244 3.0639810612353506 0.01224054493628219 -0.044790908973797873 1.0070194420364602 1.0078492228598839 76.500000000000014 -0.12000415446219208 -2.535449313321108 -1.0000000180025095e-35 -0.63351987614264982 -0.78137799809396824 167.50000000000003 2.5000000000000004 1.3974503352586811 0.094421792039942734 3.001626907424972 4.9878135843335505 86.500000000000014 4.0099398674095008
decision_type=2 2 2 2 2 2 2 2 2 2 2 2 2 2 2 2 2 2 2 2 2 2 2 2 2 2 2 2 2 2
left_child=1 3 -2 4 24 7 15 8 -5 10 18 -4 -12 -11 17 -7 -15 -6 19 -3 -8 -20 -19 -21 -1 -9 -13 -28 29 -18
right_child=2 9 11 5 14 6 20 25 -10 13 12 26 -14 16 -16 -17 28 22 21 23 -22 -23 -24 -25 -26 -27 27 -29 -30 -31
leaf_value=4.8975393619031156 4.878280697801161 -2.3854215591305827 -2.2804785837224788 -1.4437505093119605 2.9728914254351619 4.8690279686840743 3.3244433683649421 -1.0300634992014244 3.5883964941926743 -2.7596222880214896 4.3833853910556417 -0.34486133639318628 -1.0080519638734935 -2.6510424454417967 -2.2707833443700549 -0.91661943251131872 -1.3163747151335963 -1.8054870609302649 -2.2568095868254874 -0.50822079242693752 -1.4644712667708539 -0.59175687789874321 1.288733223944337 4.1346269053744411 1.1253737679105846 -2.319200620679899 4.3263360820854597 -0.4453902324139567 -2.0932800960851599 2.3505696881637266
leaf_weight=115.45092484354973 247.67467758059502 6.9784758388996124 98.800526350736618 48.849330872297287 10.284069657325746 35.25966739654541 3.183164417743682 35.25966739654541 47.502607464790344 2668.4712172746658 10.896216660737993 9.1822050511837023 8.2027698457241041 403.16001644730568 11.630793064832686 2.4485880136489859 23.139156728982929 10.406499058008196 354.80040317773819 2.448588013648985 30.117632567882538 21.547574520111084 9.1822050511836988 4.652317225933075 2.4485880136489859 48.482042670249939 4.5298878252506247 3.1831644177436829 313.17440694570541 2.4485880136489859
leaf_count=943 2023 57 807 399 84 288 26 288 388 21796 89 75 67 3293 95 20 189 85 2898 20 246 176 75 38 20 396 37 26 2558 20
internal_value=-1.79198 -2.18257 2.74631 1.58944 3.54691 0.346808 1.91401 -0.271122 1.03716 -2.58792 -1.88664 -1.81769 2.06783 -2.67214 -0.0672948 4.49334 -2.35747 0.790621 -2.08009 0.0954989 -1.00671 -2.16148 -0.355071 2.53364 4.8192 -1.77641 0.888621 2.35705 -2.00809 -0.965471
internal_weight=0 4230.43 363.37 410.506 159.403 251.103 71.0091 180.094 96.3519 3819.92 409.526 115.696 19.099 3410.39 41.5036 37.7083 741.922 29.8728 390.427 14.0794 33.3008 376.348 19.5887 7.10091 117.9 83.7417 16.8953 7.71305 338.762 25.5877
internal_count=37522 34554 2968 3353 1302 2051 580 1471 787 31201 3345 945 156 27856 339 308 6060 244 3189 115 272 3074 160 58 963 684 138 63 2767 209
is_linear=0
shrinkage=1


Tree=26
num_leaves=31
num_cat=0
split_feature=10 9 34 8 34 14 35 35 40 35 40 9 9 20 20 34 20 20 38 38 6 34 49 20 20 10 6 49 40 35
split_gain=8215.03 5136.13 3493.89 862.795 638.735 262.883 268.305 182.314 677.321 398.865 686.376 171.214 208.709 142.674 131.574 120.837 116.405 109.584 84.6306 81.13 80.1558 77.8298 76.8349 54.7173 46.5376 44.5075 42.2379 41.4423 51.1479 39.6611
threshold=1.5552819910174021 1.20733357875903 0.031450555220707131 -0.65934424735539465 0.020856364949953299 -1.0994183075655302 4.9821933372715934 0.021372449354867915 0.13500000000000004 3.0225815593593368 0.43500000000000005 1.352687448232494 1.2936119574462694 2.8226152211827329 1.651340523002 0.022712859276481874 0.34330622176733294 1.0000000180025095e-35 76.500000000000014 76.500000000000014 -1.1961339953951045 1.004984957417103 14.500000000000002 1.2350024600756087 -0.18522128031288262 -0.752328709455373 -0.7904930731381431 13.500000000000002 0.23500000000000001 0.030199858773715799
decision_type=2 2 2 2 2 2 2 2 2 2 2 2 2 2 2 2 2 2 2 2 2 2 2 2 2 2 2 2 2 2
left_child=1 5 -2 4 11 6 16 -5 -9 -10 21 12 -3 -4 17 -8 -1 -7 -19 -6 -18 -11 27 -14 -13 -20 -22 28 29 -21
right_child=2 3 13 7 19 14 15 8 9 10 -12 24 23 -15 -16 -17 20 18 25 22 26 -23 -24 -25 -26 -27 -28 -29 -30 -31
leaf_value=-2.2410701306177856 4.8685267430580499 4.3018076352335441 -2.2736238083952522 -1.6707165065260465 -2.0755885462642909 -2.7561100060959633 4.0162854898561982 3.8404261796447359 -1.7682130093688839 4.9309065505150418 -1.3507439711836919 0.63529539980932803 -2.5397422328466779 0.67159750115016159 2.8756536539865016 -0.94459194210613939 4.229203432551877 -2.6294468245913176 2.3505696881637266 -0.91661943251132116 -1.3066630775357273 -0.91661943251131872 -2.1552054721114899 2.7589683282481077 4.5952268753944203 -1.9310627811162953 1.348136662502065 4.042506911370447 -2.4316466457275698 2.891421941248447
leaf_weight=316.3575713634491 249.38868919014931 13.222375273704531 96.351938337087631 59.010971128940582 18.119551301002502 2725.8906061947346 10.896216660737993 43.829725444316864 109.20702540874481 32.321361780166626 46.645601660013199 3.0607350170612326 9.5494932532310468 19.833562910556793 4.285029023885726 8.9373462498188001 3.0607350170612326 343.29203951358795 2.4485880136489859 3.9177408218383887 54.481083303689957 2.4485880136489859 7.4681934416294089 2.4485880136489859 97.698661744594574 286.11750939488411 6.7336170375347129 5.1420348286628714 3.7953114211559287 9.0597756505012494
leaf_count=2584 2037 108 787 482 148 22265 89 358 892 264 381 25 78 162 35 73 25 2804 20 32 445 20 61 20 798 2337 55 42 31 74
internal_value=-1.79198 -2.18262 2.75842 0.945481 2.71343 -2.57084 -1.80496 -0.0996518 0.295781 -0.519237 1.15608 3.89169 1.56153 -1.77086 -2.66207 1.78083 -1.9918 -2.66913 -2.29391 -0.411384 -0.764929 4.51911 0.614875 -1.45837 4.47494 -1.89473 -1.01464 1.55887 0.797462 1.74182
internal_weight=0 4229.45 365.574 466.946 173.482 3762.5 400.467 293.463 234.452 190.623 81.4156 125.98 25.2205 116.186 3362.03 19.8336 380.633 3357.75 631.858 47.5026 64.2754 34.7699 29.3831 11.9981 100.759 288.566 61.2147 21.9149 16.7728 12.9775
internal_count=37532 34546 2986 3814 1417 30732 3271 2397 1915 1557 665 1029 206 949 27461 162 3109 27426 5161 388 525 284 240 98 823 2357 500 179 137 106
is_linear=0
shrinkage=1


Tree=27
num_leaves=31
num_cat=0
split_feature=10 36 46 8 46 40 40 40 40 6 40 46 20 6 49 40 20 6 38 38 6 10 33 40 40 6 20 9 46 22
split_gain=8177.94 6545.36 3467.79 997.85 698.631 261.216 555.758 325.284 703.02 227.529 304.237 145.708 137.996 92.8063 85.869 89.6561 79.8459 73.4233 60.5972 57.8974 57.8857 71.7379 43.0282 36.0071 41.3074 35.2181 31.0516 30.4627 30.33 33.1219
threshold=1.5552819910174021 3.5000000000000004 10.500000000000002 -0.66425008661974583 7.0000000000000009 0.38000000000000006 0.48000000000000004 0.18000000000000002 0.080000000000000016 -0.76514077609537645 0.53500000000000014 7.0000000000000009 2.8226152211827329 -0.42093785253414762 14.500000000000002 0.38000000000000006 -0.044790908973797873 -0.78137799809396824 129.50000000000003 76.500000000000014 -1.1961339953951045 -1.0000000180025095e-35 -0.096747904038029561 0.32500000000000007 0.10500000000000002 1.245555876799578 3.0639810612353506 0.22308993566552213 13.500000000000002 -0.33254568716850735
decision_type=2 2 2 2 2 2 2 2 2 2 2 2 2 2 2 2 2 2 2 2 2 2 2 2 2 2 2 2 2 2
left_child=1 3 -2 4 25 7 28 8 26 10 17 -12 -4 -8 15 18 -11 20 -6 -18 21 -3 -23 24 -20 -1 -5 -22 -7 -30
right_child=2 9 12 5 14 6 13 -9 -10 16 11 -13 -14 -15 -16 -17 19 -19 23 -21 27 22 -24 -25 -26 -27 -28 -29 29 -31
leaf_value=4.9591378072147272 4.8734128235908276 -2.4962745498188288 -2.228227155704229 -1.8072760412059787 -1.7020014326735895 4.9570675725632682 2.8756536539865016 -1.6794329843930642 3.8627484365842712 -2.7646650941328534 4.1776162359096389 -1.1315660851873086 0.68872113385810207 -1.7459005139053669 -2.0863048579957102 4.9999249687111202 -2.648784359023995 -0.26798629825965525 -0.75954303247886457 -2.0849686556098583 -2.5172288615462679 -1.0138572039599811 4.2193028594589244 -1.5972838326519532 3.4590802826784741 1.1253737679105846 1.1253737679105846 -1.9211901771727293 4.3716193685813014 0.10437716769963301
leaf_weight=111.9004722237587 247.06253057718277 6.4887582361698151 97.208944141864777 46.033454656600952 9.5494932532310539 31.709214776754379 5.1420348286628714 85.210862874984741 45.298878252506256 2660.5133062303066 11.630793064832689 9.3046344518661481 19.466274708509445 28.036332756280899 12.61022827029228 4.7747466266155234 400.2217108309269 20.812998116016388 3.183164417743682 334.2322638630867 210.70099857449532 2.5710174143314362 4.0401702225208265 2.9383056163787833 8.5700580477714521 2.4485880136489859 3.917740821838378 144.58912220597267 4.7747466266155243 2.9383056163787833
leaf_count=914 2018 53 794 376 78 259 42 696 370 21731 95 76 159 229 103 39 3269 170 26 2730 1721 21 33 24 70 20 32 1181 39 24
internal_value=-1.79198 -2.19048 2.75155 1.61066 3.60013 0.384447 1.98625 -0.259968 1.00989 -2.5991 -1.89556 1.81798 -1.74156 -1.02964 0.0923654 1.03921 -2.68409 -2.09531 0.259074 -2.39221 -2.19855 -0.134173 2.18419 1.53377 2.31654 4.87704 -1.57726 -2.27466 4.52447 2.746
internal_weight=0 4214.14 363.738 409.037 155.975 253.062 72.6006 180.461 95.2501 3805.11 410.138 20.9354 116.675 33.1784 41.626 29.0158 3394.97 389.203 24.241 734.454 368.39 13.0999 6.61119 14.6915 11.7532 114.349 49.9512 355.29 39.4223 7.71305
internal_count=37392 34421 2971 3341 1274 2067 593 1474 778 31080 3350 171 953 271 340 237 27730 3179 198 5999 3009 107 54 120 96 934 408 2902 322 63
is_linear=0
shrinkage=1


Tree=28
num_leaves=31
num_cat=0
split_feature=10 36 46 8 34 35 35 35 35 14 35 36 34 20 34 14 38 38 34 9 14 10 9 6 6 35 35 40 38 35
split_gain=8262.34 6530.61 3515.49 1003.38 783.466 296.842 575.947 348.714 624.959 232.735 269.249 148.215 122.288 93.4672 78.4262 77.049 75.7363 75.16 73.4054 68.1162 72.5153 75.3529 44.6175 44.0112 40.5862 35.396 36.3846 43.2074 35.0321 31.5017
threshold=1.5552819910174021 3.5000000000000004 10.500000000000002 -0.45128626237464337 0.98615402669926089 3.9829812312414954 4.9719404740209621 1.9923505481351218 0.021372449354867915 -1.0994183075655302 4.995472352605244 3.5000000000000004 0.01224054493628219 1.0000000180025095e-35 1.0058521794213908 -0.48434266572258294 76.500000000000014 76.500000000000014 1.9906066699633143 0.12981588697813506 -2.535449313321108 -1.0000000180025095e-35 1.438366478306347 -0.7904930731381431 1.3133051261033066 0.99067853626049052 4.999625008347782 0.41500000000000004 78.500000000000014 3.9786411023398522
decision_type=2 2 2 2 2 2 2 2 2 2 2 2 2 2 2 2 2 2 2 2 2 2 2 2 2 2 2 2 2 2
left_child=1 3 -2 4 -1 7 14 8 -5 10 19 25 -12 -11 -7 -8 -15 -6 24 -3 21 -21 28 -22 29 -4 27 -27 -18 -19
right_child=2 9 11 5 17 6 15 -9 -10 13 12 -13 -14 16 -16 -17 22 18 -20 20 23 -23 -24 -25 -26 26 -28 -29 -30 -31
leaf_value=4.8626863748939435 4.8781722144114159 -2.4307504450690569 -1.8241719660321647 -1.5101051410083253 -1.9046806585219171 4.9213867686948927 2.5500201868095869 -1.8324044817571361 3.5930067119560509 -2.7536579292139134 4.1397446828191065 -2.2676351358207598 -0.97496209538051604 -2.6503872441902931 -0.91661943251131872 -1.6029324998730374 0.41511526341600957 1.4022542018660946 -2.4140811128207145 -2.3953041638513177 -1.8901465296391766 3.5386384593182894 -0.18599801217687628 0.018498948990300468 -1.8932248761913595 0.7169751278262031 -1.2260123416661526 4.5810545686245732 -2.102985696618449 4.2595958894883896
leaf_weight=118.26680105924606 250.6129831969738 215.96546280384064 4.4074584245681789 49.706336677074432 15.181245684623716 38.197973012924194 5.2644642293453208 84.353857070207596 46.4007428586483 2746.9484631121159 10.284069657325746 96.964085340499878 8.5700580477714521 356.88170298933983 2.4485880136489859 29.505485564470291 5.6317524313926688 14.446669280529031 5.5093230307102194 3.5504526197910309 155.36290946602821 5.3868936300277692 13.344804674386976 13.099945873022078 2.815876215696334 7.3457640409469622 4.0401702225208274 4.7747466266155243 291.01468542218208 5.2644642293453208
leaf_count=966 2047 1764 36 406 124 312 43 689 379 22437 84 792 70 2915 20 241 46 118 45 29 1269 44 109 107 23 60 33 39 2377 43
internal_value=-1.79198 -2.17669 2.76196 1.57942 3.53118 0.347658 2.01377 -0.348629 0.95369 -2.58643 -1.87667 -1.75043 1.81488 -2.67213 4.5697 -0.97414 -2.33631 -0.112548 0.857864 -2.0536 -1.59447 1.18132 -1.97471 -1.74173 1.65807 0.687804 1.37289 2.23919 -2.05518 2.1654
internal_weight=0 4243.4 368.145 417.362 161.484 255.877 75.4165 180.461 96.1071 3826.04 412.22 117.532 18.8541 3413.82 40.6466 34.7699 666.873 43.2176 28.0363 393.366 177.4 8.93735 309.991 168.463 22.527 20.5681 16.1607 12.1205 296.646 19.7111
internal_count=37667 34660 3007 3409 1319 2090 616 1474 785 31251 3367 960 154 27884 332 284 5447 353 229 3213 1449 73 2532 1376 184 168 132 99 2423 161
is_linear=0
shrinkage=1


Tree=29
num_leaves=31
num_cat=0
split_feature=10 36 46 8 46 35 35 35 35 6 35 46 20 49 35 20 38 6 6 20 6 6 49 38 38 40 49 40 5 4
split_gain=8118.05 6623.29 3509.18 1014.75 763.279 226.691 568.57 342.026 590.958 221.794 255.038 135.018 120.409 94.9681 117.073 84.3065 75.2253 72.9071 63.7042 77.8152 62.5033 56.59 52.1125 38.2005 37.5826 29.8232 39.5833 36.6272 29.1671 28.6737
threshold=1.5552819910174021 3.5000000000000004 7.0000000000000009 -0.45128626237464337 7.0000000000000009 3.9829812312414954 4.9719404740209621 1.9917766687961107 0.021372449354867915 -0.76514077609537645 4.995472352605244 7.0000000000000009 2.8226152211827329 14.500000000000002 3.9786411023398522 -0.044790908973797873 76.500000000000014 -0.12000415446219208 -1.1961339953951045 0.46493881844541035 -0.7904930731381431 -0.63351987614264982 11.500000000000002 86.500000000000014 507.50000000000006 0.03500000000000001 14.500000000000002 0.41500000000000004 -0.45357046729783151 0.51580730808691511
decision_type=2 2 2 2 2 2 2 2 2 2 2 2 2 2 2 2 2 2 2 2 2 2 2 2 2 2 2 2 2 2
left_child=1 3 -2 4 -1 7 -7 8 28 10 18 -12 -4 14 17 -11 -17 -6 19 -3 -20 -8 -10 -18 -19 -14 27 -27 -5 -9
right_child=2 9 12 5 13 6 21 29 22 15 11 -13 25 -15 -16 16 23 24 20 -21 -22 -23 -24 -25 -26 26 -28 -29 -30 -31
leaf_value=4.9024217336179046 4.8847512148870251 -1.3465127378632984 -2.234868207467231 -2.2039629719077363 2.2772673681485798 4.610375496630633 3.1673669683324879 -1.9444683588981828 3.796521630084102 -2.7629251527099905 3.9387866218252054 -1.3970884208458842 -1.8241719660321647 -2.1491738868200354 5.0391940687192331 -2.6725362908451293 -0.84689283542374161 -2.3014194190043336 -2.2575353397170153 4.3018076352335459 -0.6133531156169767 -1.4192639126151718 -0.73098368701841854 -2.129052895261824 0.93973802241768434 0.87533378418545382 -0.91661943251131872 4.9277059342134368 -0.67586040888078869 -0.20536337393739723
leaf_weight=117.28736585378647 246.45038357377052 9.3046344518661481 96.719226539134979 22.527009725570679 9.5494932532310504 36.728820204734802 2.9383056163787833 72.967922806739807 45.298878252506256 2652.1881069839001 11.018646061420442 8.3251992464065534 4.4074584245681789 13.589663475751875 5.8766112327575675 405.48617506027222 25.098027139902115 10.651357859373098 355.16769137978554 3.3055938184261313 24.730738937854767 31.831644177436829 2.6934468150138846 313.41926574707031 5.3868936300277701 5.9990406334400159 5.8766112327575675 3.5504526197910309 28.036332756280899 10.89621666073799
leaf_count=958 2013 76 790 184 78 300 24 596 370 21663 90 68 36 111 48 3312 205 87 2901 27 202 260 22 2560 44 49 48 29 229 89
internal_value=-1.79198 -2.18144 2.74657 1.60584 3.55852 0.357411 1.86665 -0.234128 1.02898 -2.59543 -1.90241 1.64233 -1.7746 0.059986 1.01414 -2.67948 -2.382 0.0897217 -2.0771 0.134115 -2.1505 -1.03166 3.54243 -2.03399 -1.21279 0.469919 1.12537 2.38198 -1.35666 -1.71851
internal_weight=0 4224.3 363.003 416.26 162.341 253.919 71.4988 182.42 98.5557 3808.04 411.853 19.3438 116.553 45.054 31.4644 3396.19 744.003 25.5877 392.509 12.6102 379.898 34.7699 47.9923 338.517 16.0383 19.8336 15.4261 9.54949 50.5633 83.8641
internal_count=37469 34504 2965 3400 1326 2074 584 1490 805 31104 3364 158 952 368 257 27740 6077 209 3206 103 3103 284 392 2765 131 162 126 78 413 685
is_linear=0
shrinkage=1


Tree=30
num_leaves=31
num_cat=0
split_feature=10 20 46 42 8 42 46 37 42 8 20 10 38 49 20 6 49 35 40 40 35 6 35 14 31 34 20 6 20 34
split_gain=8125.16 3614.85 3537.48 953.968 546.572 443.043 371.862 328.923 770.031 183.82 168.281 412.313 159.639 153.162 151.637 127.75 122.481 151.362 222.749 212.121 396.249 102.159 128.885 95.1218 69.2265 66.0507 60.7526 68.6464 49.2672 48.878
threshold=1.5552819910174021 0.84218552557480997 10.500000000000002 0.21875000000000003 -0.66627133502233671 0.84375000000000011 11.500000000000002 1.0000000180025095e-35 0.84375000000000011 -0.67500700365959532 1.4443200809437995 0.45318166602627302 76.500000000000014 11.500000000000002 3.0639810612353506 -0.11091508031062654 14.500000000000002 3.9829812312414954 0.43500000000000005 0.13500000000000004 0.021372449354867915 -0.76514077609537645 4.999625008347782 -1.1453800006332731 0.23831575807096692 0.99442501917518578 1.5004818891229856 1.0000000180025095e-35 -0.044790908973797873 1.0073264878603008
decision_type=2 2 2 2 2 2 2 2 2 2 2 2 2 2 2 2 2 2 2 2 2 2 2 2 2 2 2 2 2 2
left_child=1 3 -2 15 5 6 10 21 9 13 11 -3 23 -9 -4 -1 17 19 -19 20 -14 22 -5 -6 -11 -24 -25 -28 -23 -8
right_child=2 4 14 7 12 -7 29 8 -10 24 -12 -13 16 -15 -16 -17 -18 18 -20 -21 -22 28 25 26 -26 -27 27 -29 -30 -31
leaf_value=2.8945500630129621 4.8708748627150431 4.7310554551420534 -2.2449062716207124 -2.2648437086675699 0.97411501232377695 -1.6766438075562424 0.37072410688509816 4.7143315141066555 -2.3303070328034057 1.001616604248651 4.7239683424245946 -1.2548637049738427 -1.0765912500558918 -1.1829663716967844 0.95281096224112805 -0.006333307022036605 -1.8106813202636116 5.1488566665196664 -0.19095242740270835 -1.3449399574778644 4.5678963361611231 -2.7736788750854293 3.2874842154161299 -2.3245690821172889 -1.618554595156348 -1.2083327468573051 0.45950641994692054 -2.1699807762185559 -2.4070699773686224 -2.5633881425289831
leaf_weight=30.240061968564987 248.16439518332481 27.179326951503754 100.88182616233826 324.3154824078083 16.527969092130661 27.301756352186203 22.527009725570682 20.200851112604145 345.37333932518959 28.281191557645798 59.745547533035278 19.955992311239243 26.567179948091507 5.6317524313926688 17.384974896907806 30.484920769929886 22.649439126253128 16.527969092130665 14.813957482576368 50.19605427980423 23.384015530347824 2557.6726096570492 6.2438994348049146 53.624077498912811 15.670963287353514 6.8560464382171631 22.527009725570679 17.752263098955154 427.89075538516045 7.5906228423118582
leaf_count=247 2027 222 824 2649 135 223 184 165 2821 231 488 163 217 46 142 249 185 135 121 410 191 20891 51 438 128 56 184 145 3495 62
internal_value=-1.79198 -2.18278 2.72595 -2.49347 0.569261 2.00182 2.73488 -2.55734 -1.71812 1.31166 3.60945 2.19676 -0.320369 3.42866 -1.77485 1.43826 0.337122 0.707088 2.62496 0.106873 1.5658 -2.66219 -2.14063 -1.23809 0.0674051 0.934533 -1.62746 -0.699386 -2.72114 -0.368768
internal_weight=0 4227.73 366.431 3798.86 428.87 164.3 136.998 3738.14 415.158 69.7848 106.881 47.1353 264.57 25.8326 118.267 60.725 154.139 131.489 31.3419 100.147 49.9512 3322.98 337.415 110.431 43.9522 13.0999 93.9034 40.2793 2985.56 30.1176
internal_count=37525 34532 2993 31029 3503 1342 1119 30533 3391 570 873 385 2161 211 966 496 1259 1074 256 818 408 27142 2756 902 359 107 767 329 24386 246
is_linear=0
shrinkage=1


Tree=31
num_leaves=31
num_cat=0
split_feature=10 36 46 8 34 35 35 35 35 14 35 20 34 49 35 0 20 34 6 38 20 6 9 38 38 46 49 6 6 14
split_gain=8055.04 6651.97 3564.04 1025.2 674.522 286.233 539.338 372.331 589.84 210.94 280.285 133.761 128.751 106.789 107.724 106.11 87.133 78.0146 75.6076 62.2764 53.292 65.7778 40.921 37.7162 37.5308 37.0459 32.8736 31.0448 27.7151 25.9058
threshold=1.5552819910174021 3.5000000000000004 10.500000000000002 -0.45128626237464337 0.97392298712563552 3.9829812312414954 4.9719404740209621 1.9937452855582312 0.021372449354867915 -1.0994183075655302 4.995472352605244 2.8226152211827329 0.99231319516608674 14.500000000000002 3.9786411023398522 -0.59495052060856568 1.0000000180025095e-35 1.0058521794213908 -0.12000415446219208 76.500000000000014 0.34330622176733294 -1.1961339953951045 1.438366478306347 78.500000000000014 507.50000000000006 1.5000000000000002 11.500000000000002 -0.78137799809396824 -0.7904930731381431 0.094421792039942734
decision_type=2 2 2 2 2 2 2 2 2 2 2 2 2 2 2 2 2 2 2 2 2 2 2 2 2 2 2 2 2 2
left_child=1 3 -2 4 -1 7 17 8 -5 10 20 -4 -12 14 18 -8 -11 -7 -6 -18 27 -22 23 -21 -20 -17 -10 -3 -23 -9
right_child=2 9 11 5 13 6 15 29 26 16 12 -13 -14 -15 -16 25 19 -19 24 22 21 28 -24 -25 -26 -27 -28 -29 -30 -31
leaf_value=4.858325698241611 4.8654881092479787 -2.3382602682480869 -2.2653898490261555 -1.3250180725956995 2.6358892860308951 4.911851225646565 5.209360168754392 -1.1925644595953597 3.8327355392564795 -2.7594204295215805 4.0295418751772907 0.60841346400630547 -1.1179427057923514 -2.1343217997353898 5.209360168754392 1.3806229179633198 -2.6391170981733323 -0.91661943251131872 -2.2255894327817694 0.49008699444599246 3.091737590539084 -1.7049237843021001 -0.26238860130818464 -2.1511324320059297 1.1253737679105846 -1.9183519459258374 0.15299605342396405 -0.94621353686525944 0.81122096784567654 -2.3126760083099671
leaf_weight=116.79764825105667 247.18495997786522 309.50152492523193 99.535102754831314 50.19605427980423 8.9373462498188037 36.973679006099701 2.5710174143314353 36.239102602005005 43.584866642951965 2746.0914573073387 11.018646061420442 19.343845307826996 8.6924874484539014 13.344804674386976 5.6317524313926688 3.9177408218383816 359.94243800640106 2.4485880136489859 9.5494932532310504 5.5093230307102194 3.3055938184261313 52.644642293453217 12.61022827029228 289.79039141535759 5.1420348286628714 25.95503294467926 2.5710174143314353 16.895257294178009 4.7747466266155234 47.992325067520142
leaf_count=954 2019 2528 813 410 73 302 21 296 356 22430 90 158 71 109 46 32 2940 20 78 45 27 430 103 2367 42 212 21 138 39 392
internal_value=-1.79198 -2.18793 2.7016 1.63041 3.61592 0.376709 2.06462 -0.295023 1.04753 -2.59952 -1.91887 -1.79777 1.75953 0.209998 1.27916 -0.955148 -2.68064 4.54983 0.342433 -2.35668 -2.10617 -1.24597 -2.02652 -2.10186 -1.05275 -1.4857 3.62776 -2.2662 -1.49569 -1.83077
internal_weight=0 4232.63 366.064 411.853 159.403 252.449 71.8661 180.583 96.3519 3820.78 406.833 118.879 19.7111 42.6054 29.2606 32.4438 3413.94 39.4223 23.6289 667.852 387.122 60.725 307.91 295.3 14.6915 29.8728 46.1559 326.397 57.4194 84.2314
internal_count=37562 34572 2990 3364 1302 2062 587 1475 787 31208 3323 971 161 348 239 265 27885 322 193 5455 3162 496 2515 2412 120 244 377 2666 469 688
is_linear=0
shrinkage=1


Tree=32
num_leaves=31
num_cat=0
split_feature=1 36 46 8 46 35 35 35 35 14 35 36 46 20 49 35 6 6 9 4 1 49 3 14 49 40 35 35 6 11
split_gain=8098.45 6540.74 3396.5 960.058 734.511 240.527 565.346 344.728 586.913 232.143 239.454 151.868 136.122 91.3929 85.3392 110.568 66.9809 64.5886 63.8854 89.6068 58.2169 45.1438 37.7058 35.2978 33.0422 55.16 35.7411 68.1491 31.7231 28.8892
threshold=1.5367684771616057 3.5000000000000004 10.500000000000002 -0.45128626237464337 7.0000000000000009 3.9829812312414954 4.9719404740209621 1.9937452855582312 0.98830039778318834 -1.0994183075655302 4.9821933372715934 3.5000000000000004 7.0000000000000009 1.0000000180025095e-35 14.500000000000002 3.9786411023398522 -0.48895835778212454 -0.12000415446219208 0.22308993566552213 2.9204891741360162 1.6330604916994051 11.500000000000002 0.73063604188441322 0.094421792039942734 14.500000000000002 0.41500000000000004 1.9999481521674403 0.98268797370888072 -0.7904930731381431 -0.45093986522709412
decision_type=2 2 2 2 2 2 2 2 2 2 2 2 2 2 2 2 2 2 2 2 2 2 2 2 2 2 2 2 2 2
left_child=1 3 20 4 -1 7 -7 8 -5 10 18 24 -12 -11 15 17 -8 29 -3 28 -2 -10 -21 -9 25 26 27 -4 -20 -6
right_child=2 9 11 5 14 6 16 23 21 13 12 -13 -14 -15 -16 -17 -18 -19 19 22 -22 -23 -24 -25 -26 -27 -28 -29 -30 -31
leaf_value=4.8693911834120041 3.0517824475538897 -2.3971480540938117 -1.4460250770651459 -1.2816133862099197 0.16443579124145313 4.5201874636119985 2.5602879087475983 -0.93174530806999956 3.9062078129295874 -2.7559922912295338 3.8480313684731207 -2.3143196129527741 -1.3465127378632984 -2.3412746700201565 -2.0593862694446776 5.0278496620502224 -1.5640806911816785 -1.1943305077686976 -1.8588084049186808 -0.44539023241395648 4.8507456604158339 -0.50822079242693818 4.3342202257164306 -2.2677890626412349 -1.1765094762013792 4.9277059342134386 -1.9685553236377538 4.9176468544084031 -0.18150188035943349 3.6897373219287863
leaf_weight=114.71634843945503 19.466274708509445 224.41309145092964 3.305593818426134 50.685771882534027 4.1625996232032776 39.177408218383789 4.5298878252506247 33.055938184261322 42.972719639539719 2739.1129814684391 11.018646061420442 96.229508936405182 9.3046344518661481 659.2823226749897 13.344804674386976 5.5093230307102194 30.117632567882538 15.303675085306169 142.75268119573593 3.183164417743682 237.02331972122192 2.4485880136489859 3.4280232191085815 49.216619074344635 6.7336170375347129 3.55045261979103 4.0401702225208282 3.4280232191085815 12.242940068244932 5.2644642293453234
leaf_count=937 159 1833 27 414 34 320 37 270 351 22373 90 786 76 5385 109 45 246 125 1166 26 1936 20 28 402 55 29 33 28 100 43
internal_value=-1.79198 -2.18096 2.67576 1.61136 3.54165 0.399772 1.91779 -0.22848 1.05774 -2.59012 -1.87578 -1.78202 1.46981 -2.67554 0.0470178 0.976565 -1.02485 0.0740505 -2.05192 -1.57253 4.71421 3.66823 2.03293 -1.73099 0.650492 1.50934 0.382831 1.79366 -1.72632 2.13311
internal_weight=0 4215.24 373.777 410.506 158.301 252.205 73.8249 178.38 96.1071 3804.74 406.343 117.287 20.3233 3398.4 43.5849 30.2401 34.6475 24.7307 386.02 161.607 256.49 45.4213 6.61119 82.2726 21.0579 14.3242 10.7738 6.73362 154.996 9.42706
internal_count=37483 34430 3053 3353 1293 2060 603 1457 785 31077 3319 958 166 27758 356 247 283 202 3153 1320 2095 371 54 672 172 117 88 55 1266 77
is_linear=0
shrinkage=1


Tree=33
num_leaves=31
num_cat=0
split_feature=10 36 46 8 34 35 35 35 35 6 35 20 34 0 49 35 20 6 34 18 14 4 49 35 35 23 6 6 1 5
split_gain=8015.29 6645.46 3388.57 972.303 702.749 264.319 539.505 360.763 614.638 238.726 301.99 143.129 129.111 103.76 100.138 101.984 95.3901 75.8512 68.463 57.1402 56.5287 51.9607 50.4294 44.4799 46.127 35.8191 31.7196 30.9483 26.6536 26.5649
threshold=1.5552819910174021 3.5000000000000004 10.500000000000002 -0.66425008661974583 0.97392298712563552 3.9829812312414954 4.9860846871693445 1.9937452855582312 0.030199858773715799 -0.76514077609537645 4.995472352605244 2.8226152211827329 0.01224054493628219 -0.59495052060856568 14.500000000000002 3.9786411023398522 -0.044790908973797873 -0.11361271675088158 1.004984957417103 0.96524487874718257 -0.48434266572258294 2.9204891741360162 11.500000000000002 3.0011073808500774 4.9878135843335505 -0.66012354839240694 -0.78137799809396824 1.3974503352586811 0.74071696122290731 -0.45357046729783151
decision_type=2 2 2 2 2 2 2 2 2 2 2 2 2 2 2 2 2 2 2 2 2 2 2 2 2 2 2 2 2 2
left_child=1 3 -2 4 27 7 18 8 29 10 19 -4 -12 -8 15 17 -11 -6 -7 -3 -15 26 -10 -13 -25 -23 -21 -1 -19 -5
right_child=2 9 11 5 14 6 13 -9 22 16 12 23 -14 20 -16 -17 -18 28 -20 21 -22 25 -24 24 -26 -27 -28 -29 -30 -31
leaf_value=4.9264866518128283 4.8492491434294873 -2.4514163916900067 -2.2123003972460289 -2.1871929794405029 2.5956088722143531 4.9576075824010069 5.209360168754392 -1.7171735849494514 3.8883942169989827 -2.7634682375702999 4.1554281943430844 -0.49120418242342256 -1.1435075658915301 2.1463703681215329 -2.0352765770902748 5.0317955426307481 -2.3593247496780547 -1.677361997374381 -0.50822079242693818 -1.8688302644121535 -1.9190524581729804 3.2377805269677249 -0.47270786720220936 4.4124847734677957 -0.576287232441002 -1.538095623944072 0.011559294953182864 1.4966452588963852 1.6154521360118417 -0.72129834377531066
leaf_weight=113.12476623058319 244.36908376216888 189.27585345506668 96.474367737770081 22.037292122840881 9.1822050511837023 35.749384999275208 2.5710174143314353 86.190298080444336 45.421307653188705 2669.8179406821728 11.38593426346779 11.753222465515138 7.7130522429943076 3.9177408218383816 14.079381078481672 5.6317524313926688 747.55392056703568 12.487798869609835 2.4485880136489859 185.3581126332283 26.934468150138855 3.5504526197910309 2.815876215696334 5.0196054279804221 2.9383056163787842 2.815876215696334 9.4270638525485975 2.6934468150138846 3.0607350170612326 28.158762156963348
leaf_count=924 1996 1546 788 180 75 292 21 704 371 21807 93 96 63 32 115 46 6106 102 20 1514 220 29 23 41 24 23 77 22 25 230
internal_value=-1.79198 -2.17575 2.73539 1.61756 3.54956 0.409261 2.03991 -0.223317 1.08474 -2.5886 -1.86711 -1.71061 2.01547 -0.89418 0.169068 1.19124 -2.67506 0.316664 4.60723 -2.05704 -1.40281 -1.68594 3.63381 0.744878 2.57048 1.12537 -1.77782 4.84672 -1.02917 -1.36486
internal_weight=0 4243.4 360.555 416.505 160.26 256.245 71.6212 184.624 98.4332 3826.9 409.526 116.186 19.099 33.4232 44.4419 30.3625 3417.37 24.7307 38.198 390.427 30.8522 201.152 48.2372 19.7111 7.95791 6.36633 194.785 115.818 15.5485 50.1961
internal_count=37605 34660 2945 3402 1309 2093 585 1508 804 31258 3345 949 156 273 363 248 27913 202 312 3189 252 1643 394 161 65 52 1591 946 127 410
is_linear=0
shrinkage=1


Tree=34
num_leaves=31
num_cat=0
split_feature=10 9 46 8 46 20 38 20 9 9 14 49 6 35 35 40 35 40 20 49 38 14 35 35 40 20 38 40 35 46
split_gain=8161.54 5154.63 3518.68 796.865 598.449 267.255 176.164 172.345 161.644 189.343 154.241 149.052 136.984 135.511 133.767 230.509 281.245 183.75 98.8619 87.1303 100.466 84.4497 110.892 80.7184 147.024 72.9658 71.6694 66.5033 180.002 66.267
threshold=1.5552819910174021 1.20733357875903 10.500000000000002 -0.45128626237464337 7.0000000000000009 1.0000000180025095e-35 156.50000000000003 1.5004818891229856 1.352687448232494 1.2936119574462694 0.08493228518956035 14.500000000000002 -0.76514077609537645 4.9821933372715934 3.0225815593593368 0.13500000000000004 0.97918049801925522 0.43500000000000005 2.8226152211827329 14.500000000000002 183.50000000000003 -1.0994183075655302 4.996426192781251 3.9855503962196184 0.43500000000000005 1.0422042645942826 76.500000000000014 0.13500000000000004 0.030199858773715799 7.0000000000000009
decision_type=2 2 2 2 2 2 2 2 2 2 2 2 2 2 2 2 2 2 2 2 2 2 2 2 2 2 2 2 2 2
left_child=1 5 -2 4 8 21 10 12 9 -3 23 14 13 -7 15 16 -8 -16 -4 20 -6 22 -1 27 -25 -11 -14 28 -5 -24
right_child=2 3 18 6 19 7 11 -9 -10 25 -12 -13 26 -15 17 -17 -18 -19 -20 -21 -22 -23 29 24 -26 -27 -28 -29 -30 -31
leaf_value=-2.3062306870920599 4.8634981988158721 4.2577516870043759 -2.2002312184728918 -1.5245410723315802 -1.0138572039599807 -1.4302496240284848 -0.55927062243748571 1.8356322724051597 4.4146928641567058 -2.7348325561746574 -1.7513965270234177 -1.6715381308491133 -2.6039889027531906 2.7711593324297303 5.0437931525039659 -1.1234035540730305 4.5712372936225467 -0.49703178858900987 0.28763296773749625 -2.3460146728066511 2.4867025681918533 -2.7597510792715454 3.3942551017127003 4.7051643167983634 -0.74015088432670972 2.9223277842818596 -1.9294411758305687 -1.4447211222756042 3.4979753912579388 -1.5972838326519532
leaf_weight=265.18208187818527 248.65411278605461 12.610228270292284 97.576232343912125 16.038251489400867 17.997121900320053 119.73595386743546 19.588704109191895 11.263504862785338 99.412673354148865 8.9373462498188001 77.865098834037781 20.200851112604141 344.02661591768265 8.2027698457241041 18.119551301002506 38.687690615653992 23.506444931030273 8.9373462498188001 19.098986506462097 14.691528081893919 15.058816283941267 2730.5429234206676 5.5093230307102186 9.9167814552783984 9.9167814552783948 3.0607350170612326 290.52496781945229 28.403620958328247 12.855087071657179 5.1420348286628723
leaf_count=2166 2031 103 797 131 147 978 160 92 812 73 636 165 2810 67 148 316 192 73 156 120 123 22303 45 81 81 25 2373 232 105 42
internal_value=-1.79198 -2.18853 2.73762 0.988254 2.68852 -2.57159 -0.0399706 -2.04747 3.84669 1.55206 -0.75855 0.823143 -2.10483 -1.16088 1.28616 0.648501 2.23919 3.21357 -1.79298 -0.319729 0.580842 -2.70648 -2.17916 0.243751 1.98251 -1.29168 -2.29515 -0.358126 0.710053 0.984547
internal_weight=0 4235.93 365.329 455.805 171.768 3780.13 284.036 773.754 124.021 24.6083 154.996 129.041 762.49 127.939 108.84 81.7828 43.0951 27.0569 116.675 47.7475 33.0559 3006.38 275.833 77.1305 19.8336 11.9981 634.552 57.297 28.8933 10.6514
internal_count=37583 34599 2984 3723 1403 30876 2320 6320 1013 201 1266 1054 6228 1045 889 668 352 221 953 390 270 24556 2253 630 162 98 5183 468 236 87
is_linear=0
shrinkage=1


Tree=35
num_leaves=31
num_cat=0
split_feature=10 9 46 8 46 20 40 40 40 40 20 9 9 14 40 20 38 6 40 38 6 46 49 6 10 20 46 14 20 22
split_gain=8217.45 4982.73 3548.39 894.952 605.763 271.943 182.147 679.574 291.639 682.895 162.866 149.01 158.909 125.813 146.989 112.582 98.7811 87.2543 86.8324 84.321 76.0189 65.7324 64.3068 58.2378 52.1432 51.6766 50.4031 45.2124 40.0455 34.0292
threshold=1.5552819910174021 1.20733357875903 10.500000000000002 -0.45128626237464337 7.0000000000000009 1.0000000180025095e-35 0.38000000000000006 0.43500000000000005 0.13500000000000004 0.080000000000000016 1.565881740232979 1.352687448232494 1.2936119574462694 -1.0994183075655302 0.52500000000000013 2.8226152211827329 76.500000000000014 -0.75540712581079394 0.53500000000000014 481.50000000000006 -1.1961339953951045 7.0000000000000009 14.500000000000002 -0.7904930731381431 -0.752328709455373 0.91638820700047952 7.0000000000000009 -0.30262631911587462 0.46493881844541035 -0.56835095950012993
decision_type=2 2 2 2 2 2 2 2 2 2 2 2 2 2 2 2 2 2 2 2 2 2 2 2 2 2 2 2 2 2
left_child=1 5 -2 4 11 17 8 -8 9 -5 13 12 -3 14 20 -4 -15 18 -1 -6 28 -20 -21 -22 -18 -14 -16 -9 -7 -10
right_child=2 3 15 6 19 10 7 27 29 -11 -12 -13 25 16 26 -17 24 -19 21 22 23 -23 -24 -25 -26 -27 -28 -29 -30 -31
leaf_value=-2.2871216074575558 4.8768728011525901 4.1202971285293746 -2.2710026776891117 -1.6745645069037283 -1.0957416430746436 -0.73098368701841854 4.5067388524801881 0.48571324729649445 1.2662008851810609 3.6718594060837817 2.7732981050931733 4.4521315406622151 -2.4481143328277462 -2.6262968230144543 4.5142135473341707 0.35962631775237108 2.7589683282481077 -2.75593705141153 3.1198787543691888 3.2748402946704833 -1.8747110289178042 -1.6773619973743807 -1.7917593755492773 0.56846653143188375 -1.8750360563869224 2.0475642455204754 -0.576287232441002 -1.9028882572048911 4.5559223446193808 -1.8816220534808297
leaf_weight=272.52784591913223 249.63354799151421 12.855087071657183 95.984650135040283 56.072665512561798 34.892379194498062 2.6934468150138846 34.157802790403366 10.161640256643294 3.55045261979103 41.625996232032776 6.9784758388996115 99.045385152101517 7.835481643676756 343.04718071222305 5.7541818320751172 19.588704109191895 2.4485880136489859 2723.564447581768 5.2644642293453199 9.3046344518661481 103.33041417598724 6.2438994348049164 3.4280232191085807 10.77378726005554 291.62683242559433 3.7953114211559296 2.9383056163787842 35.994243800640106 3.0607350170612335 104.92199638485909
leaf_count=2226 2039 105 784 458 285 22 279 83 29 340 57 809 64 2802 47 160 20 22246 43 76 844 51 28 88 2382 31 24 294 25 857
internal_value=-1.79198 -2.18771 2.75596 0.928713 2.73793 -2.56499 -0.152181 1.12537 -0.649851 0.60336 -2.03582 3.90605 1.69713 -2.07965 -1.17722 -1.82513 -2.26173 -2.70093 -2.1735 -0.291948 -1.46518 0.51712 1.91076 -1.64402 -1.83645 -0.981103 2.79348 -1.37702 2.0812 -1.77859
internal_weight=0 4237.89 365.207 457.641 171.156 3780.25 286.485 80.3137 206.171 97.6987 772.652 123.531 24.4859 765.673 128.551 115.573 637.123 3007.6 284.036 47.625 119.858 11.5084 12.7327 114.104 294.075 11.6308 8.69249 46.1559 5.75418 108.472
internal_count=37598 34615 2983 3738 1398 30877 2340 656 1684 798 6311 1009 200 6254 1050 944 5204 24566 2320 389 979 94 104 932 2402 95 71 377 47 886
is_linear=0
shrinkage=1


Tree=36
num_leaves=31
num_cat=0
split_feature=1 36 46 8 46 35 35 35 35 14 35 9 46 49 35 9 6 14 1 6 6 38 22 49 6 46 33 38 6 35
split_gain=8314.75 6517.27 3336.82 1052.33 735.118 238.845 560.31 323.173 614.052 213.701 283.006 155.45 117.759 85.5243 105.986 71.0926 66.3232 59.468 86.4388 58.4441 54.9797 54.0345 50.4758 48.9899 45.8547 43.4153 38.5937 37.7432 37.0356 32.552
threshold=1.5367684771616057 3.5000000000000004 10.500000000000002 -0.65934424735539465 7.0000000000000009 3.9829812312414954 4.9719404740209621 1.9949398888231071 0.021372449354867915 -1.0994183075655302 4.995472352605244 1.20733357875903 7.0000000000000009 14.500000000000002 3.9786411023398522 0.63534875518359957 -0.10712599987421977 -2.535449313321108 -1.0000000180025095e-35 -0.63351987614264982 -0.78137799809396824 76.500000000000014 -0.58919495915236875 11.500000000000002 0.41153669862126691 21.500000000000004 -0.096747904038029561 875.50000000000011 -0.12000415446219208 3.9883192444734608
decision_type=2 2 2 2 2 2 2 2 2 2 2 2 2 2 2 2 2 2 2 2 2 2 2 2 2 2 2 2 2 2
left_child=1 3 22 4 -1 7 -7 8 -5 10 17 -4 -12 14 16 -11 -6 18 -3 -8 -19 -17 -2 -10 -23 29 -20 -18 -9 -13
right_child=2 9 11 5 13 6 19 28 23 15 12 25 -14 -15 -16 21 27 20 26 -21 -22 24 -24 -25 -26 -27 -28 -29 -30 -31
leaf_value=4.8919074443190542 4.8261121780593719 -2.7884465328980634 -2.1652105426074018 -1.4608181093963737 2.1883291325137657 4.5002435589615768 3.1673669683324879 -0.89571165230222083 3.8291763989401413 -2.7536918895967544 3.8919452007402584 0.34528647786176636 -1.2178971178194684 -2.118914494441972 5.0194073129011905 -2.6521379219576802 -2.1507911470520296 -2.2656925025961496 -0.62490611816533304 -1.5000460612032911 -0.6114940117586205 -1.8202192110952273 1.6234208899647076 -0.47270786720220936 -2.6657371141476105 -2.3953041638513177 4.2758775628472367 1.7536793680404013 -2.2196055699233903 3.09695340969725
leaf_weight=116.55278944969177 250.49055379629135 5.8766112327575684 98.310808748006821 50.07362487912178 8.9373462498188037 38.075543612241745 2.9383056163787833 35.871814399957657 44.197013646364212 2737.6438286602497 11.38593426346779 10.896216660737997 7.4681934416294089 13.099945873022078 5.2644642293453208 355.65740898251534 11.141075462102892 353.5761091709137 2.5710174143314362 30.852208971977234 21.302715718746185 210.82342797517776 5.0196054279804221 2.815876215696334 92.189338713884354 3.55045261979103 4.2850290238857252 3.183164417743682 51.420348286628723 7.1009052395820609
leaf_count=952 2046 48 803 409 73 311 24 293 361 22361 93 89 61 107 43 2905 91 2888 21 252 174 1722 41 23 753 29 35 26 420 58
internal_value=-1.79198 -2.19033 2.72114 1.5754 3.60358 0.323406 1.86981 -0.279344 0.976022 -2.60072 -1.91547 -1.63205 1.86792 -0.00372835 0.967623 -2.68273 0.0506405 -2.0995 0.025839 -1.09418 -2.17169 -2.38777 4.76319 3.57151 -2.07746 0.800511 2.43808 -1.28313 -1.67557 1.43098
internal_weight=0 4217.2 375.369 414.424 158.179 256.245 71.8661 184.379 97.0865 3802.78 406.466 119.858 18.8541 41.626 28.5261 3396.31 23.2616 387.611 12.7327 33.7905 374.879 658.67 255.51 47.0129 303.013 21.5476 6.85605 14.3242 87.2922 17.9971
internal_count=37512 34446 3066 3385 1292 2093 587 1506 793 31061 3320 979 154 340 233 27741 190 3166 104 276 3062 5380 2087 384 2475 176 56 117 713 147
is_linear=0
shrinkage=1


Tree=37
num_leaves=31
num_cat=0
split_feature=22 9 46 8 34 42 20 42 35 40 40 35 9 20 14 35 38 14 35 34 34 38 49 31 22 35 40 14 49 14
split_gain=8045.03 4965.06 3207.98 839.959 646.774 328.898 322.477 273.393 219.617 680.452 274.749 666.574 169.485 159.2 118.238 147.171 84.5614 80.7418 93.2421 76.8167 74.817 65.0497 81.2145 55.6207 55.2104 51.4332 53.3626 51.0692 49.8425 49.7766
threshold=-0.58919495915236875 1.20733357875903 10.500000000000002 -0.66627133502233671 0.020856364949953299 0.84375000000000011 1.0000000180025095e-35 0.21875000000000003 3.9829812312414954 0.43500000000000005 0.13500000000000004 0.021372449354867915 1.20733357875903 1.5004818891229856 -1.0994183075655302 4.9821933372715934 76.500000000000014 -1.0994183075655302 4.995472352605244 1.004984957417103 0.01224054493628219 76.500000000000014 14.500000000000002 -1.2821927326242124 -0.59676418347312266 0.97918049801925522 0.13500000000000004 0.07817701666252462 13.500000000000002 -0.79724185153239568
decision_type=2 2 2 2 2 2 2 2 2 2 2 2 2 2 2 2 2 2 2 2 2 2 2 2 2 2 2 2 2 2
left_child=2 6 24 4 5 -3 17 27 10 19 11 -5 -4 14 15 23 -16 18 -2 -10 -20 -6 28 -9 -1 -14 -27 -8 -23 -11
right_child=1 3 12 8 21 -7 7 13 9 29 -12 -13 25 -15 16 -17 -18 -19 20 -21 -22 22 -24 -25 -26 26 -28 -29 -30 -31
leaf_value=4.804371955727083 -2.3139687941138987 4.3426620901187292 -2.2113520970736182 -1.6201633082869327 -1.9100215300138663 -2.0382776693627869 3.7935782164618721 2.3928178233448691 4.8838250208610443 1.6234208899647076 -1.7603993775904703 3.670106935609613 -2.2379091504313737 2.2499497333603284 -2.6264153802067192 3.0053040159180511 -1.8904931127125342 -2.7638026371652384 3.5757656084168699 -0.91661943251131872 -1.742106045447833 0.67822197219775804 -2.063492325898963 -1.6266861825500367 3.0517824475538897 5.2093601687543849 0.79423973540973547 -0.30954037292642855 4.2369824542677712 -1.719508399859869
leaf_weight=234.57473170757294 268.36524629592896 114.22663083672523 96.351938337087631 58.276394724845886 18.119551301002502 8.6924874484539014 9.1822050511836988 3.55045261979103 33.790514588356018 5.0196054279804221 109.32945480942726 40.279272824525833 4.1625996232032803 8.4476286470890027 343.1696101129055 7.7130522429943076 286.48479759693146 2705.2000374794006 4.8971760272979719 2.4485880136489859 5.754181832075119 16.772827893495567 8.9373462498188001 113.36962503194809 19.466274708509445 3.4280232191085842 13.589663475751875 4.5298878252506247 5.1420348286628714 39.544696420431137
leaf_count=1916 2192 933 787 476 148 71 75 29 276 41 893 329 34 69 2803 63 2340 22096 40 20 47 137 73 926 159 28 111 37 42 323
internal_value=-1.79198 -2.18206 2.6715 0.916941 2.66705 3.89142 -2.56161 -1.98752 -0.125109 1.27388 -0.668886 0.541947 -1.64833 -2.06708 -2.11543 -1.22553 -2.29158 -2.71098 -2.1988 4.4919 0.702892 -0.406121 0.477122 -1.50463 4.67008 0.912912 1.68362 2.43808 1.51324 -1.34297
internal_weight=0 4221.24 371.573 460.579 171.891 122.919 3760.66 776.447 288.689 80.8034 207.885 98.5557 117.532 762.735 754.288 124.633 629.654 2984.22 279.017 36.2391 10.6514 48.9718 30.8522 116.92 254.041 21.1803 17.0177 13.7121 21.9149 44.5643
internal_count=37514 34479 3035 3762 1404 1004 30717 6342 2358 660 1698 805 960 6230 6161 1018 5143 24375 2279 296 87 400 252 955 2075 173 139 112 179 364
is_linear=0
shrinkage=1


Tree=38
num_leaves=31
num_cat=0
split_feature=10 36 46 8 34 35 35 35 35 14 35 34 20 49 35 0 20 6 6 10 34 38 6 6 9 33 38 14 38 35
split_gain=8039.42 6624.56 3521.31 1003.96 686.711 246.787 542.759 331.674 655.672 219.29 274.816 132.154 119.653 105.013 103.766 101.497 85.2706 71.8054 64.4756 86.8551 63.2686 59.1177 53.3926 47.8968 44.5111 43.2015 40.1869 37.8117 37.74 32.2197
threshold=1.5552819910174021 3.5000000000000004 10.500000000000002 -0.66425008661974583 0.97392298712563552 3.9829812312414954 4.9719404740209621 1.9870976676944114 0.98830039778318834 -1.0994183075655302 4.995472352605244 0.01224054493628219 3.0639810612353506 14.500000000000002 3.9786411023398522 -0.59761956593285281 -0.044790908973797873 -0.12000415446219208 -1.1961339953951045 -1.0000000180025095e-35 1.0026445942072915 76.500000000000014 -0.78137799809396824 -0.62582628441099386 1.438366478306347 -0.096747904038029561 507.50000000000006 0.094421792039942734 78.500000000000014 3.9883192444734608
decision_type=2 2 2 2 2 2 2 2 2 2 2 2 2 2 2 2 2 2 2 2 2 2 2 2 2 2 2 2 2 2
left_child=1 3 -2 4 -1 7 20 8 -5 10 18 -12 -4 14 17 -8 -11 -6 19 -3 -7 -18 -20 -17 28 -21 -19 -9 -23 -14
right_child=2 9 12 5 13 6 15 27 -10 16 11 -13 29 -15 -16 23 21 26 22 25 -22 24 -24 -25 -26 -27 -28 -29 -30 -31
leaf_value=4.8945346646208225 4.8868864799321425 -2.4230078590520669 -2.2124027720383044 -1.3752231063649378 2.4867025681918515 4.9006051831235879 5.209360168754392 -0.86358064808477586 3.8153594772663717 -2.7573754490095346 4.0295418751772907 -1.1072054645506966 -0.52766834671667096 -2.1880491610759001 5.0355735133993367 2.7589683282481006 -2.6319919526492619 -2.3991624410368102 -2.2590603203529196 -0.73098368701841876 -0.23595503237068427 0.13958394701725196 -0.63816581427196839 -1.8529045244078246 -0.28545789783545761 4.3263360820854615 1.0346185145585003 -2.1922349379600634 -2.1912992370691633 2.2144368081355998
leaf_weight=114.34906023740768 244.98123076558113 7.4681934416294098 99.167814552783966 51.787636488676071 9.1822050511837023 35.626955598592758 2.4485880136489859 37.708255410194397 45.911025255918503 2658.5544358193874 11.018646061420442 9.1822050511836988 10.284069657325746 12.977516472339628 5.7541818320751181 2.4485880136489895 407.20018666982651 8.9373462498188037 357.37142059206963 2.6934468150138855 2.5710174143314353 7.1009052395820609 21.547574520111084 28.036332756280899 13.467234075069426 4.5298878252506238 5.5093230307102194 49.583907276391983 319.29587697982788 7.3457640409469596
leaf_count=934 2001 61 810 423 75 291 20 308 375 21715 90 75 84 106 47 20 3326 73 2919 22 21 58 176 229 110 37 45 405 2608 60
internal_value=-1.79198 -2.17865 2.73271 1.62679 3.62043 0.406967 1.98997 -0.201719 1.06396 -2.58997 -1.90258 1.69466 -1.78564 0.181099 1.22747 -0.984939 -2.6735 0.300112 -2.08719 -0.0317557 4.55488 -2.37499 -2.16689 -1.48247 -2.06708 2.44056 -1.08967 -1.61829 -2.14059 0.614875
internal_weight=0 4232.26 361.779 412.832 156.71 256.122 71.1315 184.991 97.6987 3819.43 413.811 20.2009 116.798 42.3606 29.3831 32.9335 3405.62 23.6289 393.611 14.6915 38.198 747.064 378.919 30.4849 339.864 7.22333 14.4467 87.2922 326.397 17.6298
internal_count=37524 34569 2955 3372 1280 2092 581 1511 798 31197 3380 165 954 346 240 269 27817 193 3215 120 312 6102 3095 249 2776 59 118 713 2666 144
is_linear=0
shrinkage=1


Tree=39
num_leaves=31
num_cat=0
split_feature=10 36 46 8 34 40 40 40 40 14 40 36 34 49 34 40 0 9 38 6 9 6 10 38 14 9 14 46 6 1
split_gain=8207.91 6605.83 3558.69 1019.88 707.665 249.552 522.419 322.367 661.013 219.693 275.304 144.375 131.271 121.296 112.454 111.804 104.869 74.8512 74.2178 60.9128 56.8533 77.0286 67.0289 56.376 47.7142 50.5331 42.0257 41.9637 41.8012 34.4448
threshold=1.5552819910174021 3.5000000000000004 10.500000000000002 -0.45128626237464337 0.98615402669926089 0.38000000000000006 0.48000000000000004 0.18000000000000002 0.080000000000000016 -1.0994183075655302 0.53500000000000014 3.5000000000000004 0.022712859276481874 14.500000000000002 1.0095527063218983 0.38000000000000006 -0.59495052060856568 0.14409912162382785 76.500000000000014 -0.12000415446219208 0.29595293557037805 -1.1443219107003644 -1.0000000180025095e-35 198.50000000000003 0.9339492431873897 1.4973996768058531 0.094421792039942734 1.5000000000000002 -0.78137799809396824 0.71754873748419912
decision_type=2 2 2 2 2 2 2 2 2 2 2 2 2 2 2 2 2 2 2 2 2 2 2 2 2 2 2 2 2 2
left_child=1 3 -2 4 -1 7 14 8 -5 10 20 -4 -12 15 -7 19 -8 -11 -19 -6 -3 22 -22 -24 25 -20 -9 -18 -23 -21
right_child=2 9 11 5 13 6 16 26 -10 17 12 -13 -14 -15 -16 -17 27 18 24 29 21 28 23 -25 -26 -27 -28 -29 -30 -31
leaf_value=4.8736900536165439 4.8845659630908198 -2.3874257237242982 0.71697512782620398 -1.4211118702626124 2.4054292069810299 4.8565905793127335 5.209360168754392 -0.87152810000988867 3.8110387380306965 -2.7904417483206356 3.8480313684731207 -2.2536088152783109 -1.2569516325816359 -2.3193799788881044 -2.141815352764461 5.209360168754392 1.4754297451257656 -2.7101282046623973 -2.0916349845789104 -1.7917593755492773 -2.3303070328034057 -1.9833322984033579 -1.7334167126800801 3.9281095331955496 -2.6915577008206286 0.26558715720662551 -2.2710026776891117 -1.8916251948749303 0.24234968124165368 2.3505696881637266
leaf_weight=116.18550124764442 249.38868919014931 245.10366016626358 19.588704109191895 52.03249529004097 8.2027698457241076 36.851249605417252 2.5710174143314353 38.810120016336441 45.054019451141357 2182.3040671646595 11.753222465515138 99.290243953466415 8.8149168491363508 14.079381078481672 2.4485880136489859 5.7541818320751181 4.2850290238857296 655.97672885656357 402.54786944389343 11.141075462102892 4.7747466266155252 123.04154768586159 2.4485880136489833 6.2438994348049164 153.52646845579147 9.3046344518661481 47.992325067520142 27.179326951503754 9.0597756505012494 2.4485880136489859
leaf_count=949 2037 2002 160 425 67 301 21 317 368 17825 96 811 72 115 20 47 35 5358 3288 91 39 1005 20 51 1254 76 392 222 74 20
internal_value=-1.79198 -2.1839 2.73833 1.60485 3.60618 0.376999 1.93672 -0.245018 1.00692 -2.59609 -1.9057 -1.76412 1.66018 0.068342 4.42055 1.28873 -0.93131 -2.6795 -2.48127 0.253512 -2.09344 -1.59843 0.679848 2.33331 -2.21575 -2.03838 -1.64529 -1.43308 -1.83069 -1.04539
internal_weight=0 4229.94 368.268 415.036 157.811 257.224 73.3352 183.889 97.0865 3814.9 411.24 118.879 20.5681 41.626 39.2998 27.5466 34.0354 3403.66 1221.36 21.7924 390.672 145.569 13.4672 8.69249 565.379 411.853 86.8024 31.4644 132.101 13.5897
internal_count=37558 34550 3008 3390 1289 2101 599 1502 793 31160 3359 971 168 340 321 225 278 27801 9976 178 3191 1189 110 71 4618 3364 709 257 1079 111
is_linear=0
shrinkage=1


Tree=40
num_leaves=31
num_cat=0
split_feature=1 36 34 8 34 35 35 35 35 14 35 9 34 38 34 20 14 1 38 6 6 34 1 31 35 40 35 35 9 38
split_gain=8250.99 6484.11 3359.5 1009.56 764.288 219.656 538.933 330.789 648.811 209.983 287.685 144.197 136.983 87.7727 87.6268 85.6958 72.8788 94.7318 68.8036 66.7694 60.7704 60.3801 59.6954 56.064 42.2103 46.6055 47.9101 54.464 40.3937 34.5329
threshold=1.5367684771616057 3.5000000000000004 0.031450555220707131 -0.66425008661974583 0.97392298712563552 3.9829812312414954 4.9860846871693445 1.9937452855582312 0.021372449354867915 -1.0994183075655302 4.9914530442260867 1.20733357875903 0.022712859276481874 76.500000000000014 1.0095527063218983 -0.044790908973797873 -2.535449313321108 -0.038335830237856278 76.500000000000014 -0.63351987614264982 -0.78137799809396824 1.0020786495885163 1.6330604916994051 0.12813469253009058 0.97918049801925522 0.13500000000000004 3.001626907424972 4.9878135843335505 1.438366478306347 86.500000000000014
decision_type=2 2 2 2 2 2 2 2 2 2 2 2 2 2 2 2 2 2 2 2 2 2 2 2 2 2 2 2 2 2
left_child=1 3 22 4 -1 7 14 8 -5 10 16 -4 -12 -6 -7 -11 17 -3 -17 -8 -18 23 -2 -15 -13 -26 -27 -28 29 -20
right_child=2 9 11 5 13 6 19 -9 -10 15 12 24 -14 21 -16 18 20 -19 28 -21 -22 -23 -24 -25 25 26 27 -29 -30 -31
leaf_value=4.8826412566868864 3.0381268923564186 -2.7848259775781665 -2.1759321924766697 -1.4805985069135588 -1.9455307350494873 4.8642345574154788 3.5076991684028056 -1.729156220160571 3.6385961684298507 -2.7630377522089589 3.8892837563604323 -2.1928651827750079 -1.4506791926216627 3.2490466963493616 -1.3250180725956995 -2.6596311615703105 -2.2871944576638814 2.6744720578858225 -0.99515763252754585 -1.4793734641236544 -0.488052958348697 -1.4357702461779045 4.8648263365844411 -0.28289740479417635 4.8952073686894764 -1.65916241448292 4.5286957686137566 -0.84099005471791521 -0.26318160837630966 -2.2079164746650641
leaf_weight=116.30793064832687 19.343845307826996 5.754181832075119 99.657532155513763 51.420348286628723 15.793392688035963 34.769949793815613 2.9383056163787833 82.150127857923508 47.747466266155243 2663.9413294494152 12.120510667562487 3.9177408218383816 7.9579110443592063 12.242940068244939 2.4485880136489859 398.01798161864281 351.49480935931206 7.10090523958206 25.465315341949463 31.097067773342133 19.833562910556793 7.2233346402645102 238.00275492668152 7.1009052395820609 3.1831644177436855 5.3868936300277692 4.4074584245681763 3.3055938184261322 12.242940068244932 301.05389627814293
leaf_count=950 158 47 814 420 129 284 24 671 390 21759 99 32 65 100 20 3251 2871 58 208 254 162 59 1944 58 26 44 36 27 100 2459
internal_value=-1.79198 -2.19086 2.69084 1.58131 3.55812 0.339459 1.82709 -0.245147 0.984199 -2.59856 -1.91721 -1.68211 1.77284 -0.078576 4.45705 -2.67955 -2.11006 0.230786 -2.37771 -1.04883 -2.1911 1.03127 4.72752 1.95251 0.754102 1.46315 0.629189 2.2274 -2.04647 -2.11333
internal_weight=0 4216.22 377.205 411.24 158.669 252.572 71.2539 181.318 99.1678 3804.98 404.262 119.858 20.0784 42.3606 37.2185 3400.72 384.183 12.8551 736.78 34.0354 371.328 26.5672 257.347 19.3438 20.2009 16.2831 13.0999 7.71305 338.762 326.519
internal_count=37519 34438 3081 3359 1296 2063 582 1481 810 31079 3302 979 164 346 304 27777 3138 105 6018 278 3033 217 2102 158 165 133 107 63 2767 2667
is_linear=0
shrinkage=1


Tree=41
num_leaves=31
num_cat=0
split_feature=10 36 34 8 34 35 35 35 35 14 35 20 34 0 34 38 20 14 10 34 6 38 6 6 9 38 34 35 35 38
split_gain=8156.87 6536.98 3485 1013.37 691.404 257.914 565.617 341.953 574.863 215.848 255.121 164.449 143.428 100.062 90.0626 82.3579 79.3674 72.2269 92.2909 66.7793 62.9274 61.1278 54.6504 52.8326 49.0753 45.8265 38.2015 32.6671 46.991 32.5726
threshold=1.5552819910174021 3.5000000000000004 0.031450555220707131 -0.45128626237464337 0.97392298712563552 3.9829812312414954 4.9719404740209621 1.9937452855582312 0.021372449354867915 -1.0994183075655302 4.995472352605244 3.0639810612353506 0.01224054493628219 -0.59761956593285281 1.0058521794213908 76.500000000000014 -0.044790908973797873 -2.535449313321108 -1.0000000180025095e-35 1.0305391116123008 -0.48895835778212454 76.500000000000014 -0.78137799809396824 1.3133051261033066 1.438366478306347 78.500000000000014 1.0086014403560746 3.9883192444734608 4.9878135843335505 28.500000000000004
decision_type=2 2 2 2 2 2 2 2 2 2 2 2 2 2 2 2 2 2 2 2 2 2 2 2 2 2 2 2 2 2
left_child=1 3 -2 4 -1 7 14 8 -5 10 17 -4 -12 -8 -7 -6 -11 18 -3 23 -15 -18 -19 -17 25 -23 29 -13 -29 -10
right_child=2 9 11 5 15 6 13 -9 26 16 12 27 -14 20 -16 19 21 22 -20 -21 -22 24 -24 -25 -26 -27 -28 28 -30 -31
leaf_value=4.8763312347800039 4.8764706211707018 -2.2779482327925877 -2.2224007117092475 -1.3653537407521816 -1.883879369553273 4.937998946106962 5.209360168754392 -1.7411000445485272 1.4805030201578724 -2.7655916632241815 4.0827432305905802 -0.075798702925829797 -1.3703956992717417 2.4867025681918533 -1.3250180725956995 2.522527010304517 -2.6577392386681593 -2.2689097882554803 2.8976697531824258 -1.9158927008028885 -1.9035828127152388 0.49706816778076801 -0.62490611816533259 -2.2160696509616211 -0.21120359963829749 -2.2126359261894981 -0.23595503237068427 4.755583901993969 -0.34486133639318628 4.0535149609684087
leaf_weight=114.10420143604279 246.32795417308807 7.3457640409469604 100.51453796029091 49.583907276391983 13.956951677799223 36.851249605417252 2.4485880136489859 84.598715871572495 5.6317524313926688 2668.1039290726185 10.651357859373094 10.406499058008196 8.8149168491363508 3.6728820204734793 2.4485880136489859 18.609268903732307 405.48617506027222 359.57514980435371 6.4887582361698133 5.7541818320751181 29.383056163787842 6.3663288354873648 21.425145119428635 2.6934468150138846 13.467234075069426 317.70429477095604 2.5710174143314353 4.4074584245681754 3.0607350170612335 38.93254941701889
leaf_count=932 2012 60 821 405 114 301 20 691 46 21793 87 85 72 30 20 152 3312 2937 53 47 240 52 175 22 110 2595 21 36 25 318
internal_value=-1.79198 -2.19504 2.73347 1.59347 3.61058 0.371828 1.93415 -0.272723 1.01164 -2.60231 -1.92072 -1.72539 1.6134 -0.958868 4.54778 0.0891384 -2.6851 -2.09496 0.149554 1.10689 -1.41577 -2.39605 -2.17646 1.92339 -2.08167 -2.1594 3.51212 1.06943 2.66524 3.72835
internal_weight=0 4236.67 364.717 411.24 155.118 256.122 74.8044 181.318 96.7192 3825.43 414.301 118.389 19.4663 35.5045 39.2998 41.0138 3411.13 394.835 13.8345 27.0569 33.0559 743.024 381 21.3027 337.538 324.071 47.1353 17.8747 7.46819 44.5643
internal_count=37584 34605 2979 3359 1267 2092 611 1481 790 31246 3384 967 159 290 321 335 27862 3225 113 221 270 6069 3112 174 2757 2647 385 146 61 364
is_linear=0
shrinkage=1


Tree=42
num_leaves=31
num_cat=0
split_feature=1 36 46 8 46 35 35 35 35 6 35 36 46 20 0 38 46 6 9 6 1 38 1 38 6 9 35 35 35 35
split_gain=8171.18 6297.66 3256.28 1047.09 727.576 229.848 556.725 310.024 576.076 217.179 259.226 188.978 132.989 92.5779 80.8567 73.0178 69.7697 72.7964 63.9533 92.6003 54.9315 51.4388 47.8211 62.0219 45.8143 41.9517 38.3808 40.9172 56.818 61.7773
threshold=1.5367684771616057 3.5000000000000004 10.500000000000002 -0.66425008661974583 7.0000000000000009 3.9829812312414954 4.9719404740209621 1.9937452855582312 0.98830039778318834 -0.76514077609537645 4.9914530442260867 3.5000000000000004 7.0000000000000009 -0.044790908973797873 -0.58880181967462397 76.500000000000014 17.000000000000004 -0.12000415446219208 0.29595293557037805 -1.1443219107003644 1.6330604916994051 264.50000000000006 -0.038335830237856278 198.50000000000003 -0.7904930731381431 1.438366478306347 0.97918049801925522 1.9909174402552061 3.001626907424972 4.9878135843335505
decision_type=2 2 2 2 2 2 2 2 2 2 2 2 2 2 2 2 2 2 2 2 2 2 2 2 2 2 2 2 2 2
left_child=1 3 20 4 -1 7 -7 8 -5 10 18 26 -12 -11 -8 -15 17 -6 -3 22 -2 -19 -20 -24 -21 -17 -4 -28 -29 -30
right_child=2 9 11 5 16 6 14 -9 -10 13 12 -13 -14 15 -16 25 -18 21 19 24 -22 -23 23 -25 -26 -27 27 28 29 -31
leaf_value=4.8784614838246156 3.1150081683216704 -2.3912222184231879 -1.7210409963138869 -1.3682140826046243 2.7159789977129098 4.4815210082079702 4.3925628885856298 -1.6966082515565952 3.5622275319499832 -2.7547059567318763 3.8190669259139454 -2.2293293470682567 -1.302942470428976 -2.6429421864911888 -1.5758455838286261 -2.0863048579957102 -2.4140811128207145 -1.7334167126800801 -2.1136499293103652 -1.9787852504727121 4.8790377392743771 1.3976395279668385 -1.8447981599758203 3.8480313684731215 0.1617365272620459 -0.28545789783545761 4.664828648641878 -2.0510600994123762 4.6259335400624195 -0.55626769126039499
leaf_weight=114.83877784013748 19.098986506462097 244.98123076558113 4.0401702225208309 50.930630683898926 11.630793064832686 37.09610840678215 2.4485880136489859 85.578151077032089 44.319443047046661 2648.2703661620617 11.50836366415024 95.984650135040283 9.0597756505012494 405.48617506027222 31.097067773342133 327.86593502759933 9.1822050511836988 12.242940068244936 3.5504526197910318 121.44996547698975 233.10557889938354 9.1822050511836988 2.6934468150138819 6.6111876368522644 10.89621666073799 13.467234075069426 3.6728820204734829 4.4074584245681754 5.1420348286628705 4.1625996232032776
leaf_count=938 156 2001 33 416 95 303 20 699 362 21631 94 784 74 3312 254 2678 75 100 29 992 1904 75 22 54 89 110 30 36 42 34
internal_value=-1.79198 -2.18341 2.72028 1.5476 3.57322 0.282331 1.81194 -0.31522 0.925899 -2.58393 -1.89714 -1.62993 1.56294 -2.66702 -1.1402 -2.35606 0.0244731 0.701849 -2.07954 -1.55367 4.74545 -0.391535 1.00869 2.20011 -1.80255 -2.01525 1.05536 1.70058 0.906589 2.30758
internal_weight=0 4214.39 369.614 408.547 157.077 251.47 70.6418 180.828 95.2501 3805.84 410.751 117.41 20.5681 3395.09 33.5457 746.819 42.2381 33.0559 390.182 145.201 252.205 21.4251 12.8551 9.30463 132.346 341.333 21.4251 17.385 13.7121 9.30463
internal_count=37442 34423 3019 3337 1283 2054 577 1477 778 31086 3355 959 168 27731 274 6100 345 270 3187 1186 2060 175 105 76 1081 2788 175 142 112 76
is_linear=0
shrinkage=1


Tree=43
num_leaves=31
num_cat=0
split_feature=10 36 34 8 34 35 35 35 35 6 35 34 20 0 34 20 38 38 20 6 34 6 35 35 6 6 9 38 13 35
split_gain=8081.64 6603.01 3485.08 970.149 712.131 269.384 553.569 376.882 577.24 237.185 229.649 171.957 133.887 106.886 99.7854 94.8727 90.131 72.0158 61.3345 112.818 53.847 46.4527 41.2279 78.7598 37.736 37.4144 35.8075 31.3118 31.2285 26.7404
threshold=1.5552819910174021 3.5000000000000004 0.031450555220707131 -0.45128626237464337 0.98615402669926089 3.9855503962196184 4.9719404740209621 1.9937452855582312 0.98830039778318834 -0.76514077609537645 4.9914530442260867 0.022712859276481874 2.8226152211827329 -0.59761956593285281 1.0095527063218983 1.0000000180025095e-35 76.500000000000014 76.500000000000014 0.42289895043593934 -1.1443219107003644 1.0305391116123008 -0.48895835778212454 3.0011073808500774 4.999625008347782 1.3133051261033066 1.3974503352586811 1.438366478306347 78.500000000000014 -0.06384295737549385 3.9786411023398522
decision_type=2 2 2 2 2 2 2 2 2 2 2 2 2 2 2 2 2 2 2 2 2 2 2 2 2 2 2 2 2 2
left_child=1 3 -2 4 25 7 14 8 -5 10 18 -12 -4 -8 -7 -11 -6 -17 -3 -20 24 -15 -14 -24 29 -1 27 -19 -21 -18
right_child=2 9 12 5 16 6 13 -9 -10 15 11 -13 22 21 -16 17 20 26 19 28 -22 -23 23 -25 -26 -27 -28 -29 -30 -31
leaf_value=4.8958772040840781 4.857919202509672 -2.2135713755082587 -2.2309764109510133 -1.2443467362827354 -1.9214097374808268 4.8486295087429507 5.209360168754392 -1.7784048318310062 3.6902493242356713 -2.7576077887839325 3.9196802526984507 -1.8067190326952254 -0.6613702824585812 1.7840812519176468 -1.7334167126800801 -2.6416548971534488 1.5629437394295613 0.30857648774182334 3.3098316102223886 0.56482661485359165 -1.9114366327168615 -1.9466514008657303 4.8109224711110947 -1.1718685825640569 -1.7917593755492773 1.1253737679105846 -0.36318202305117664 -2.098095532330619 -1.812596040859705 4.2369824542677712
leaf_weight=114.83877784013748 247.55224817991257 327.49864682555199 97.576232343912125 49.583907276391983 15.426104485988615 38.810120016336441 2.5710174143314353 85.578151077032089 45.421307653188705 2731.2774998247623 11.630793064832689 9.5494932532310468 11.753222465515138 3.7953114211559322 2.4485880136489859 356.51441478729248 13.712092876434335 5.5093230307102194 5.2644642293453208 6.2438994348049155 4.7747466266155234 27.669044554233551 5.0196054279804212 3.9177408218383789 2.5710174143314353 2.6934468150138846 13.099945873022078 288.19880920648575 47.992325067520142 5.1420348286628714
leaf_count=938 2022 2675 797 405 126 317 21 699 371 22309 95 78 96 31 20 2912 112 45 43 51 39 226 41 32 21 22 107 2354 392 42
internal_value=-1.79198 -2.17527 2.72453 1.61208 3.55063 0.40628 1.9953 -0.25626 1.11485 -2.58862 -1.86841 1.33784 -1.74103 -0.990072 4.458 -2.67522 -0.00372835 -2.33599 -2.04388 -1.10989 1.12537 -1.49664 0.569565 2.18833 1.80215 4.80947 -1.9808 -2.05295 -1.5389 2.29223
internal_weight=0 4217.82 365.819 415.036 159.158 255.877 75.2941 180.583 95.0052 3802.78 408.18 21.1803 118.267 34.0354 41.2587 3394.6 41.626 663.322 386.999 59.5007 26.1999 31.4644 20.6906 8.93735 21.4251 117.532 306.808 293.708 54.2362 18.8541
internal_count=37439 34451 2988 3390 1300 2090 615 1475 776 31061 3334 173 966 278 337 27727 340 5418 3161 486 214 257 169 73 175 960 2506 2399 443 154
is_linear=0
shrinkage=1


Tree=44
num_leaves=31
num_cat=0
split_feature=10 36 46 2 34 35 35 35 35 41 35 34 20 34 49 35 41 20 38 38 20 7 35 49 35 35 9 11 2 38
split_gain=8166.23 6579.78 3604.36 861.884 741.786 209.4 481.437 371.732 652.548 186.048 319.411 224.83 135.615 112.362 100.198 118.372 74.529 70.6607 62.9005 57.7837 53.336 52.6055 49.174 44.3969 35.7929 66.8804 34.4916 33.1947 112.221 32.4428
threshold=1.5552819910174021 3.5000000000000004 10.500000000000002 -0.5664734721152126 0.022712859276481874 3.9829812312414954 4.9719404740209621 1.022266111254815 0.021372449354867915 1.0000000180025095e-35 4.9936386559525756 0.98270983078019891 2.8226152211827329 1.0095527063218983 14.500000000000002 3.9786411023398522 1.0000000180025095e-35 -0.044790908973797873 73.500000000000014 76.500000000000014 0.34330622176733294 -1.0304371287324878 2.0014224994999155 10.500000000000002 3.0011073808500774 4.9878135843335505 1.4906560138589964 1.2793731565792121 -0.78866886814977144 86.500000000000014
decision_type=2 2 2 2 2 2 2 2 2 2 2 2 2 2 2 2 2 2 2 2 2 2 2 2 2 2 2 2 2 2
left_child=1 3 -2 4 27 7 13 8 -5 10 20 -12 -4 -7 15 18 -8 -11 -6 -19 -3 -22 23 -20 -14 -26 29 -1 -29 -21
right_child=2 9 12 5 14 6 16 -9 -10 17 11 -13 24 -15 -16 -17 -18 19 22 26 21 -23 -24 -25 25 -27 -28 28 -30 -31
leaf_value=4.8116322769857547 4.8914932469153172 -2.3952400495252215 -2.2804785837224788 -1.4483884951211894 -2.0873622007532098 4.8778188373205769 4.0955456957969893 -1.7671940438148785 3.8663781178030585 -2.7773155738335853 3.8941781074657063 -1.4789074152361907 -0.53248209777848587 -2.141815352764461 -2.2160696509616211 5.0355735133993367 -1.3995804799140097 -2.6645551100180782 -0.6897312991311082 -0.47270786720220936 2.8756536539865016 -1.7093932632633519 -2.141815352764461 3.1175622561270759 4.5810545686245767 -1.2083327468573051 -0.23595503237068427 4.8408801927384069 -0.18150188035943349 -2.2059977396065338
leaf_weight=103.08555537462234 248.53168338537216 537.83235719799995 98.800526350736618 47.012889862060547 9.1822050511837023 33.178367584943771 2.6934468150138846 81.415551453828812 45.421307653188705 2498.6616385281086 14.446669280529024 16.895257294178009 12.365369468927385 2.4485880136489859 14.813957482576368 5.7541818320751181 29.505485564470291 380.8778655230999 4.4074584245681789 11.263504862785338 2.5710174143314353 93.658491522073746 3.6728820204734793 10.039210855960844 4.7747466266155225 3.4280232191085815 9.9167814552783948 16.283110290765766 6.1214700341224662 261.75405865907669
leaf_count=842 2030 4393 807 384 75 271 22 665 371 20409 118 138 101 20 121 47 241 3111 36 92 21 765 30 82 39 28 81 133 50 2138
internal_value=-1.79198 -2.18909 2.72227 1.5928 3.29427 0.372298 1.86256 -0.209112 1.16324 -2.59914 -2.11852 0.997749 -1.79415 4.39537 -0.0549087 0.913612 -0.939912 -2.70027 0.0448572 -2.41026 -2.27256 -1.58689 1.12537 1.95602 0.541947 2.16161 -2.06795 4.57186 3.46864 -2.13449
internal_weight=0 4242.91 367.9 415.036 173.36 241.676 67.8259 173.85 92.4342 3827.88 665.404 31.3419 119.369 35.627 47.8699 33.0559 32.1989 3162.47 27.3018 663.812 634.062 96.2295 18.1196 14.4467 20.5681 8.20277 282.934 125.49 22.4046 273.018
internal_count=37661 34656 3005 3390 1416 1974 554 1420 755 31266 5435 256 975 291 391 270 263 25831 223 5422 5179 786 148 118 168 67 2311 1025 183 2230
is_linear=0
shrinkage=1


Tree=45
num_leaves=31
num_cat=0
split_feature=10 36 34 8 34 35 35 35 35 6 35 34 20 34 20 6 49 35 6 10 6 33 9 6 49 40 49 28 9 14
split_gain=8046.8 6722.4 3541.31 974.556 760.303 264.535 541.013 348.106 654.565 225.537 256.837 127.275 126.026 89.4232 85.7514 81.3414 76.265 98.5807 61.7003 74.4802 61.3876 48.122 48.0604 47.3324 42.8569 73.3802 42.1268 29.8249 28.3025 26.2049
threshold=1.5552819910174021 3.5000000000000004 0.031450555220707131 -0.45128626237464337 0.97392298712563552 3.9829812312414954 4.9719404740209621 1.9937452855582312 0.021372449354867915 -0.76514077609537645 4.9914530442260867 0.99231319516608674 2.8226152211827329 1.0052488024084618 -0.044790908973797873 -0.48895835778212454 14.500000000000002 3.9786411023398522 -1.1961339953951045 -1.0000000180025095e-35 -0.12000415446219208 -0.096747904038029561 1.438366478306347 -0.78137799809396824 14.500000000000002 0.41500000000000004 11.500000000000002 -0.56535940001863971 0.65759171132335259 0.094421792039942734
decision_type=2 2 2 2 2 2 2 2 2 2 2 2 2 2 2 2 2 2 2 2 2 2 2 2 2 2 2 2 2 2
left_child=1 3 -2 4 -1 7 13 8 -5 10 18 -12 -4 -7 -11 -8 17 20 19 -3 -6 -21 -16 28 25 -14 -10 -22 -20 -9
right_child=2 9 12 5 16 6 15 29 26 14 11 -13 24 -15 22 -17 -18 -19 23 21 27 -23 -24 -25 -26 -27 -28 -29 -30 -31
leaf_value=4.887386137152598 4.8580929251820617 -2.2544770465808415 -2.2334658490595993 -1.5051638386479576 2.1755416995561334 4.9138085213249063 3.1090243054632904 -1.0670820893845117 3.9255053652370973 -2.7638141303742918 3.9888584857435965 -1.2518720475059597 0.080633060717982374 -1.3250180725956995 -2.4255859532524662 -1.5623779659780745 -2.0510600994123762 4.9999249687111202 -2.3890958608857278 -1.0138572039599811 1.8679167498821836 4.4886566862525452 -0.97977386139034672 -0.69235428333203464 -1.7674499326871118 5.209360168754392 -0.23595503237068427 -1.7917593755492773 -1.7322597760226173 -2.2065742164095545
leaf_weight=118.02194225788116 247.67467758059502 7.1009052395820618 99.290243953466415 48.849330872297287 8.5700580477714556 37.2185378074646 4.285029023885726 34.892379194498062 45.176448851823807 2654.0245479941368 10.651357859373094 8.2027698457241041 10.528928458690645 2.4485880136489859 718.53815260529518 28.648479759693146 13.222375273704527 4.7747466266155234 272.16055771708488 2.5710174143314362 2.6934468150138864 4.1625996232032758 23.751303732395172 21.180286318063736 5.8766112327575675 3.7953114211559287 2.5710174143314353 12.855087071657181 86.435156881809235 47.869895666837692
leaf_count=964 2023 58 811 399 70 304 35 285 369 21678 87 67 86 20 5869 234 108 39 2223 21 22 34 194 173 48 31 21 105 706 391
internal_value=-1.79198 -2.17986 2.70096 1.6568 3.58576 0.430818 2.04134 -0.221087 1.06844 -2.59498 -1.8967 1.7088 -1.77024 4.5287 -2.67978 -0.954575 -0.0618316 0.848493 -2.06941 0.00498812 0.0266363 2.3877 -2.37932 -2.14498 0.506588 1.43953 3.70143 -1.1578 -2.23077 -1.72617
internal_weight=0 4220.88 367.166 412.097 160.138 251.96 72.6006 179.359 96.5968 3808.78 412.465 18.8541 119.491 39.6671 3396.31 32.9335 42.1157 28.8933 393.611 13.8345 24.1186 6.73362 742.289 379.776 20.2009 14.3242 47.7475 15.5485 358.596 82.7623
internal_count=37475 34476 2999 3366 1308 2058 593 1465 789 31110 3369 154 976 324 27741 269 344 236 3215 113 197 55 6063 3102 165 117 390 127 2929 676
is_linear=0
shrinkage=1


Tree=46
num_leaves=31
num_cat=0
split_feature=10 36 34 8 34 49 35 35 35 40 6 35 34 9 49 35 9 6 6 14 10 35 35 6 35 6 33 32 14 9
split_gain=8108.76 6578.34 3565.92 1008.33 754.236 223.597 438.654 376.889 583.94 274.761 206.861 232.846 136.941 133.343 99.5903 123.02 76.7016 66.1364 62.8396 55.1428 83.7922 47.3804 56.4618 45.223 69.5658 44.1049 43.6615 37.3744 35.8164 32.6917
threshold=1.5552819910174021 3.5000000000000004 0.97392298712563552 -0.45128626237464337 0.98615402669926089 14.500000000000002 3.9829812312414954 1.022266111254815 0.98830039778318834 0.51500000000000012 -0.76514077609537645 4.9914530442260867 0.022712859276481874 1.20733357875903 14.500000000000002 3.9786411023398522 0.14409912162382785 -0.12000415446219208 -0.48895835778212454 -2.535449313321108 -1.0000000180025095e-35 3.0011073808500774 4.9878135843335505 -0.11361271675088158 4.9719404740209621 -0.78137799809396824 -0.096747904038029561 1.2798641045988077 0.094421792039942734 -0.030145226655608554
decision_type=2 2 2 2 2 2 2 2 2 2 2 2 2 2 2 2 2 2 2 2 2 2 2 2 2 2 2 2 2 2
left_child=1 3 -2 4 -1 6 7 8 -5 -8 11 19 -13 -4 15 17 -12 -6 -11 20 -3 -15 -23 24 -18 29 -22 -26 -9 -21
right_child=2 10 13 5 14 -7 9 28 -10 18 16 12 -14 21 -16 -17 23 -19 -20 25 26 22 -24 -25 27 -27 -28 -29 -30 -31
leaf_value=4.8857074404289182 4.8927091356869798 -2.5361312811217935 -2.2576298924898821 -1.1919443584109013 2.1187758654131308 -2.1136499293103657 4.7678481254199259 -0.87254763681875969 4.0255959945967668 4.3925628885856263 -2.7933433990861256 3.879690177781987 -1.3674491001369338 -0.69422413345546818 -2.1773282779891896 5.0460007127206392 -2.3669104492243425 -1.3391007843227472 -1.1265439671341313 -2.5794068212115424 -0.73098368701841876 4.7678481254199276 -0.50822079242693841 -2.6482528709372795 -1.2652524179492048 -0.76138018335643731 4.4668171867827908 2.7589683282481077 -2.2301177614313539 -1.9734519057354181
leaf_weight=117.40979525446892 246.32795417308807 7.1009052395820618 98.43323814868927 43.584866642951965 9.059775650501253 31.954073578119278 36.239102602005005 34.035373389720917 42.238143235445023 2.4485880136489877 2178.2638969421387 10.528928458690645 9.4270638525485975 12.365369468927385 14.079381078481672 6.1214700341224662 483.35127389431 14.201810479164125 13.099945873022076 166.13669672608376 2.6934468150138855 4.5298878252506238 3.6728820204734802 689.52238464355469 40.156843423843384 20.935427516698837 4.0401702225208265 2.4485880136489859 45.298878252506256 191.84687086939812
leaf_count=959 2012 58 804 356 74 261 296 278 345 20 17792 86 77 101 115 50 3948 116 107 1357 22 37 30 5632 328 171 33 20 370 1567
internal_value=-1.79198 -2.18992 2.72119 1.61711 3.56831 0.355985 0.719741 -0.076511 1.37589 3.25909 -2.59975 -1.93126 1.40098 -1.77375 0.00946762 1.05731 -2.68104 0.00765117 -0.257393 -2.10057 -0.139578 0.541947 2.40543 -2.47979 -2.25894 -2.17216 2.3877 -1.03398 -1.6477 -2.25467
internal_weight=0 4216.22 365.329 409.771 160.872 248.899 216.945 165.157 85.823 51.7876 3806.45 412.71 19.956 119.001 43.4624 29.3831 3393.74 23.2616 15.5485 392.754 13.8345 20.5681 8.20277 1215.48 525.957 378.919 6.73362 42.6054 79.3343 357.984
internal_count=37422 34438 2984 3347 1314 2033 1772 1349 701 423 31091 3371 163 972 355 240 27720 190 127 3208 113 168 67 9928 4296 3095 55 348 648 2924
is_linear=0
shrinkage=1


Tree=47
num_leaves=31
num_cat=0
split_feature=10 36 46 8 46 35 35 35 35 6 35 46 36 49 35 0 9 6 49 6 14 10 33 6 35 35 14 35 14 25
split_gain=8229.22 6562 3595.36 1039.43 756.248 221.972 550.277 343.354 625.099 199.448 276.437 130.058 127.188 95.4727 96.124 91.0106 76.3766 74.203 63.189 51.7629 54.5448 79.8276 51.143 48.8075 48.7878 66.2288 41.8178 66.7508 39.4423 32.7553
threshold=1.5552819910174021 3.5000000000000004 10.500000000000002 -0.66425008661974583 7.0000000000000009 3.9829812312414954 4.9719404740209621 1.9949398888231071 0.021372449354867915 -0.76514077609537645 4.995472352605244 7.0000000000000009 3.5000000000000004 14.500000000000002 3.9786411023398522 -0.59495052060856568 0.14409912162382785 -0.12000415446219208 11.500000000000002 -0.78137799809396824 -2.535449313321108 -1.0000000180025095e-35 -0.096747904038029561 -0.63351987614264982 3.0011073808500774 4.9878135843335505 0.059793378546238625 4.9906416081002396 0.094421792039942734 -0.49542113174658314
decision_type=2 2 2 2 2 2 2 2 2 2 2 2 2 2 2 2 2 2 2 2 2 2 2 2 2 2 2 2 2 2
left_child=1 3 -2 4 -1 7 -7 8 -5 10 19 -12 24 14 17 -8 -11 -6 -10 20 21 -3 -23 -17 -4 -26 27 -18 -9 -22
right_child=2 9 12 5 13 6 15 28 18 16 11 -13 -14 -15 -16 23 26 -19 -20 -21 29 22 -24 -25 25 -27 -28 -29 -30 -31
leaf_value=4.9321861182199225 4.9077363577614967 -2.6560951217596065 -0.87317276867255511 -1.4149048546238405 2.3143824668904256 4.4886566862525434 4.80096152867001 -0.91661943251131872 3.8660861270975428 -2.7919006165704157 3.9527489684947565 -1.1683720188647042 -2.2399929688442253 -2.1635002363087641 5.0101413199327425 2.7589683282481006 -2.3647325019354213 -1.2961048945366285 -0.91661943251131872 -0.59038383244391412 -2.6936211489090058 -1.3250180725956997 4.4668171867827908 -1.8902280048643783 4.7904897686678485 -0.62490611816533281 -2.6376256316037443 -1.000360478585403 -2.283066010237254 -2.0648396928532686
leaf_weight=115.45092484354973 248.65411278605461 6.6111876368522644 11.50836366415024 51.175489485263824 9.6719226539134997 37.463396608829498 2.4485880136489859 37.2185378074646 46.155884057283401 2183.4059317708015 11.141075462102892 8.9373462498188001 98.800526350736618 13.834522277116774 5.0196054279804221 2.4485880136489895 471.47562202811241 13.834522277116777 2.9383056163787833 20.690568715333939 128.30601191520691 2.4485880136489868 4.0401702225208265 29.015767961740494 4.7747466266155225 4.2850290238857269 697.84758388996124 38.810120016336441 48.849330872297287 233.84015530347824
leaf_count=943 2031 54 94 418 79 306 20 304 377 17834 91 73 807 113 41 20 3851 113 24 169 1048 20 33 237 39 35 5700 317 399 1910
internal_value=-1.79198 -2.18832 2.74212 1.58503 3.60618 0.347379 1.8469 -0.227011 1.03063 -2.60011 -1.94663 1.67323 -1.76902 -0.00775541 1.03773 -1.07143 -2.68027 0.18946 3.57984 -2.1302 -2.2151 -0.21051 2.28122 -1.52842 0.493328 2.22915 -2.47853 -2.26096 -1.69217 -2.28761
internal_weight=0 4223.08 368.023 415.525 157.811 257.714 71.3763 186.338 100.27 3807.55 416.015 20.0784 119.369 42.3606 28.5261 33.9129 3391.54 23.5064 49.0942 395.937 375.246 13.0999 6.48876 31.4644 20.5681 9.05978 1208.13 510.286 86.0679 362.146
internal_count=37500 34494 3006 3394 1289 2105 583 1522 819 31100 3398 164 975 346 233 277 27702 192 401 3234 3065 107 53 257 168 74 9868 4168 703 2958
is_linear=0
shrinkage=1


Tree=48
num_leaves=31
num_cat=0
split_feature=10 36 46 8 34 35 35 35 35 14 35 36 34 0 49 35 9 6 20 6 38 49 34 6 6 38 9 20 38 6
split_gain=8015.48 6469.29 3402.38 1036.18 740.198 227.532 640.739 350.823 592.714 219.072 306.612 134.125 119.387 111.626 100.559 101.023 82.8273 78.5283 75.6723 96.1987 69.1506 66.7262 58.0369 48.9202 44.626 44.0223 34.4353 33.0753 31.3255 29.7357
threshold=1.5552819910174021 3.5000000000000004 10.500000000000002 -0.45128626237464337 0.97392298712563552 3.9829812312414954 4.9719404740209621 1.9937452855582312 0.021372449354867915 -1.0994183075655302 4.995472352605244 3.5000000000000004 0.99231319516608674 -0.59761956593285281 14.500000000000002 3.9786411023398522 0.14409912162382785 -0.11361271675088158 0.34330622176733294 -1.1443219107003644 76.500000000000014 11.500000000000002 1.004984957417103 0.41153669862126691 -0.49682592742537474 507.50000000000006 1.4973996768058531 3.2850745008845155 78.500000000000014 -0.7904930731381431
decision_type=2 2 2 2 2 2 2 2 2 2 2 2 2 2 2 2 2 2 2 2 2 2 2 2 2 2 2 2 2 2
left_child=1 3 -2 4 -1 7 22 8 27 10 18 -4 -12 -8 15 17 -11 -6 -3 -20 -18 -10 -7 26 -15 -19 28 -5 -22 -21
right_child=2 9 11 5 14 6 13 -9 21 16 12 -13 -14 24 -16 -17 20 25 19 29 23 -23 -24 -25 -26 -27 -28 -29 -30 -31
leaf_value=4.8743959844580544 4.8558394536335392 -2.2935598016031529 0.54881098190910604 -1.6561521050965486 2.5602879087475965 4.931537964615357 5.209360168754392 -1.7716122689469647 3.8367807172311283 -2.7938237930396195 4.0056589137688459 -2.2566774702881931 -1.0442440075376878 2.0131968985288036 -2.1208718327601335 5.0237244232614913 -2.6875016050328404 -2.4416523290289427 2.7089603315030808 -1.7449751647579399 -0.15816481521175474 -1.1829663716967844 -0.099822152342557313 -2.6353997588221763 -2.1518992698035815 1.1253737679105846 0.12111481688341907 1.8060381680512192 -2.0925640262502196 0.56482661485359165
leaf_weight=116.43036004900932 243.26721915602684 320.27531218528748 20.812998116016388 45.298878252506256 9.059775650501253 35.994243800640106 2.4485880136489859 85.088433474302292 44.441872447729111 2196.7507364451885 11.630793064832689 94.025779724121094 7.8354816436767569 2.815876215696334 14.324239879846571 5.3868936300277701 663.93463990092278 9.6719226539134997 5.9990406334400168 51.910065889358521 8.5700580477714521 2.815876215696334 2.4485880136489859 182.54223641753197 29.75034436583519 5.3868936300277701 7.4681934416294089 2.9383056163787833 361.41159081459045 6.2438994348049155
leaf_count=951 1987 2616 170 370 74 294 20 695 363 17943 95 768 64 23 117 44 5423 79 49 424 70 23 20 1491 243 44 61 24 2952 51
internal_value=-1.79198 -2.18883 2.73802 1.56467 3.5558 0.308576 1.79242 -0.295023 1.02066 -2.59543 -1.89893 -1.74822 1.97299 -1.30217 0.0530421 1.10843 -2.67767 0.233945 -2.09499 -1.10367 -2.4692 3.53768 4.61107 -2.21039 -1.79176 -1.16564 -2.00484 -1.44526 -2.04776 -1.49698
internal_weight=0 4238.87 358.106 414.301 160.26 254.041 73.4576 180.583 95.4949 3824.57 403.895 114.839 19.4663 35.0148 43.8297 29.5055 3420.68 24.1186 384.428 64.153 1223.93 47.2577 38.4428 559.992 32.5662 15.0588 377.45 48.2372 369.982 58.154
internal_count=37548 34623 2925 3384 1309 2075 600 1475 780 31239 3299 938 159 286 358 241 27940 197 3140 524 9997 386 314 4574 266 123 3083 394 3022 475
is_linear=0
shrinkage=1


Tree=49
num_leaves=31
num_cat=0
split_feature=10 36 46 8 34 35 35 35 35 14 35 20 34 49 35 20 6 6 49 38 34 14 20 35 35 38 6 38 25 38
split_gain=8443.7 6565.38 3574.58 964.079 679.547 235.896 558.626 381.287 643.226 210.605 295.476 123.906 116.499 113.803 109.836 88.4344 85.7511 79.2532 70.3277 69.0486 67.7252 50.9584 66.822 47.0809 57.4244 46.5298 45.7788 37.7248 32.0613 30.3454
threshold=1.5552819910174021 3.5000000000000004 10.500000000000002 -0.45128626237464337 0.97392298712563552 3.9829812312414954 4.9719404740209621 1.9949398888231071 0.021372449354867915 -1.0994183075655302 4.9936386559525756 2.8226152211827329 0.99231319516608674 14.500000000000002 3.9786411023398522 -0.044790908973797873 -0.12000415446219208 -0.63351987614264982 11.500000000000002 76.500000000000014 1.004984957417103 -2.535449313321108 0.46493881844541035 3.0011073808500774 4.999625008347782 507.50000000000006 -0.78137799809396824 78.500000000000014 0.64169804028513366 377.50000000000006
decision_type=2 2 2 2 2 2 2 2 2 2 2 2 2 2 2 2 2 2 2 2 2 2 2 2 2 2 2 2 2 2
left_child=1 3 -2 4 -1 7 20 8 -5 10 21 -4 -12 14 16 -11 29 -8 -10 -17 -7 22 -3 -13 -25 -18 -23 -21 -19 -6
right_child=2 9 11 5 13 6 17 -9 18 15 12 23 -14 -15 -16 19 25 28 -20 27 -22 26 -24 24 -26 -27 -28 -29 -30 -31
leaf_value=4.8404839777104343 4.9200530292477467 -1.3043396604395283 -2.2452074135453168 -1.3658579366041375 1.365608262077866 4.9286738181809344 4.1439724120125287 -1.7398620283772512 4.1370285439518284 -2.7607854503196201 3.9664077858888835 -0.78627944099502733 -0.94621353686525944 -2.2227592273757795 5.0460007127206392 -2.6493519833426071 -2.6274786004323727 1.2491309315725183 -0.91661943251131872 0.30857648774182334 -0.50822079242693818 -2.2537053911437432 4.4314579971650954 4.5810545686245767 -0.84099005471791521 1.230091367932221 -0.66949923628191654 -2.0824948799030425 -1.7615821361341752 5.2093601687543902
leaf_weight=113.85934263467789 252.32699480652809 9.6719226539134961 96.719226539134979 48.971760272979736 6.2438994348049182 35.626955598592758 2.815876215696334 85.333292275667191 43.829725444316864 2663.9413294494152 11.263504862785341 11.50836366415024 8.4476286470890027 13.589663475751875 6.1214700341224662 400.95628723502159 9.059775650501253 4.0401702225208274 2.9383056163787833 6.7336170375347129 2.4485880136489859 357.49384999275208 2.5710174143314353 4.7747466266155225 3.3055938184261322 4.7747466266155234 19.221415907144547 328.72294083237648 28.403620958328247 3.0607350170612335
leaf_count=930 2061 79 790 400 51 291 23 697 358 21759 92 94 69 111 50 3275 74 33 24 55 20 2920 21 39 27 39 157 2685 232 25
internal_value=-1.79198 -2.1847 2.8059 1.61185 3.563 0.409988 1.92308 -0.202819 1.16715 -2.59448 -1.91621 -1.7807 1.861 0.168554 1.27916 -2.676 0.282646 -0.94498 3.81952 -2.36927 4.57903 -2.10762 -0.0998222 0.512776 2.36295 -1.2961 -2.17287 -2.0345 -1.38666 2.63
internal_weight=0 4220.14 368.635 411.118 156.71 254.408 73.3352 181.073 95.7398 3809.02 408.669 116.308 19.7111 42.8503 29.2606 3400.35 23.1392 35.2597 46.768 736.413 38.0755 388.958 12.2429 19.5887 8.08034 13.8345 376.715 335.457 32.4438 9.30463
internal_count=37481 34470 3011 3358 1280 2078 599 1479 782 31112 3338 950 161 350 239 27774 189 288 382 6015 311 3177 100 160 66 113 3077 2740 265 76
is_linear=0
shrinkage=1


Tree=50
num_leaves=31
num_cat=0
split_feature=10 36 46 8 34 14 49 49 49 49 20 14 49 49 38 20 33 6 6 10 38 49 49 49 49 6 9 6 1 6
split_gain=8039.51 6625.28 3590.38 983.343 718.676 203.013 198.715 266.946 238.107 261.375 155.058 134.501 96.6036 110.308 88.8367 87.0994 81.845 77.9521 73.6465 73.0406 72.5587 70.1079 135.613 106.706 150.026 57.7019 48.768 46.6822 36.0509 34.5039
threshold=1.5552819910174021 3.5000000000000004 10.500000000000002 -0.66425008661974583 0.97392298712563552 -1.0994183075655302 14.500000000000002 13.500000000000002 11.500000000000002 10.500000000000002 2.8226152211827329 0.08493228518956035 14.500000000000002 13.500000000000002 186.50000000000003 -0.044790908973797873 -0.09840276750782527 -1.1961339953951045 -0.12000415446219208 -1.0000000180025095e-35 76.500000000000014 3.5000000000000004 4.5000000000000009 1.5000000000000002 1.0000000180025095e-35 0.55580889479287043 1.438366478306347 -0.7904930731381431 0.74071696122290731 1.3974503352586811
decision_type=2 2 2 2 2 2 2 2 2 2 2 2 2 2 2 2 2 2 2 2 2 2 2 2 2 2 2 2 2 2
left_child=1 3 -2 4 29 16 7 8 9 11 -4 21 13 18 -13 -7 -3 19 -6 -18 -17 23 -23 24 -5 -16 -22 -19 -20 -1
right_child=2 5 10 6 12 15 -8 -9 -10 -11 -12 14 -14 -15 25 20 17 27 28 -21 26 22 -24 -25 -26 -27 -28 -29 -30 -31
leaf_value=4.9365076290428433 4.8842667239111037 -2.2782685454514775 -2.2820935701868668 -0.46668872733361133 2.3395318870803634 -2.7632012115811468 -2.0435285431175974 4.6482017319972275 -1.9446573885857943 4.4919030983358841 0.75410227692478404 -1.5796042378431057 -2.2023188549991839 5.0317955426307481 1.6683314975025358 -2.6652736716342242 -1.7917593755492773 -1.6979366090128605 -2.0323476760408123 4.3263360820854597 -2.1125890847358235 4.8479454430160001 0.2412117636041935 -0.82608771426601268 3.8666797082030029 -0.97180843792812699 -0.18733614664635323 0.32459212068630894 2.0977514823972054 1.4657059679809019
leaf_weight=113.61448383331299 246.08309537172318 260.16247645020485 100.51453796029091 14.44666928052902 9.059775650501253 2671.2870934903622 29.505485564470291 16.038251489400864 35.504526197910309 18.119551301002502 20.200851112604141 37.708255410194397 13.222375273704527 5.6317524313926688 21.180286318063736 395.44696420431137 3.4280232191085815 132.46861153841019 11.875651866197588 4.5298878252506247 325.050058811903 13.834522277116777 11.875651866197584 24.853168338537216 17.874692499637604 13.589663475751875 13.712092876434324 12.487798869609831 2.5710174143314353 2.9383056163787833
leaf_count=928 2010 2125 821 118 74 21819 241 131 290 148 165 308 108 46 173 3230 28 1082 97 37 2655 113 97 203 146 111 112 102 21 24
internal_value=-1.79198 -2.18735 2.69299 1.61516 3.56696 -2.59905 0.396582 0.716531 0.414803 0.897685 -1.77401 0.478501 0.0394583 1.05674 -0.516499 -2.67936 -1.93701 -1.35641 0.104377 1.69085 -2.37431 1.34858 2.72007 0.731842 1.9298 0.636446 -2.03466 -1.5237 -1.29733 4.84901
internal_weight=0 4232.02 366.798 413.444 158.913 3818.57 254.531 225.025 208.987 173.482 120.715 155.363 42.3606 29.1382 72.4782 3405.5 413.077 152.914 23.5064 7.95791 734.209 82.8847 25.7102 57.1745 32.3214 34.7699 338.762 144.956 14.4467 116.553
internal_count=37563 34567 2996 3377 1298 31190 2079 1838 1707 1417 986 1269 346 238 592 27816 3374 1249 192 65 5997 677 210 467 264 284 2767 1184 118 952
is_linear=0
shrinkage=1


Tree=51
num_leaves=31
num_cat=0
split_feature=10 9 46 8 34 42 20 42 38 49 14 14 40 20 35 40 35 40 20 35 40 38 6 35 49 38 34 6 20 6
split_gain=8287.83 5177.25 3507.53 835.959 681.612 319.288 276.119 221.073 180.259 142.925 137.081 135.738 154.791 131.399 128.463 256.448 260.784 173.516 92.9098 90.5942 162.532 85.5382 79.9687 81.3124 76.9976 85.3324 68.3016 66.4864 61.9521 59.6491
threshold=1.5552819910174021 1.20733357875903 10.500000000000002 -0.45128626237464337 0.020856364949953299 0.84375000000000011 1.0000000180025095e-35 0.21875000000000003 156.50000000000003 14.500000000000002 0.07817701666252462 -1.0994183075655302 0.52500000000000013 2.8226152211827329 3.0225815593593368 0.13500000000000004 0.021372449354867915 0.43500000000000005 1.651340523002 3.9855503962196184 0.43500000000000005 76.500000000000014 -0.75540712581079394 4.995472352605244 14.500000000000002 236.50000000000003 0.01224054493628219 -0.11091508031062654 -0.020698970780636854 -1.1443219107003644
decision_type=2 2 2 2 2 2 2 2 2 2 2 2 2 2 2 2 2 2 2 2 2 2 2 2 2 2 2 2 2 2
left_child=1 6 -2 4 5 28 22 27 10 14 19 12 29 -4 15 16 -10 -16 21 -5 -21 -13 23 -1 25 -6 -25 -8 -3 -9
right_child=2 3 13 8 24 -7 7 11 9 -11 -12 18 -14 -15 17 -17 -18 -19 -20 20 -22 -23 -24 26 -26 -27 -28 -29 -30 -31
leaf_value=-2.3021910744414322 4.8711830191472565 1.6358720680160603 -2.2225750337823986 -0.5307650910303221 -1.0213370325329549 -2.0116012936071219 3.5310095930651557 0.66224128946437988 -0.4917752096047483 -1.6300869362731887 -1.7347050364658352 -2.6619692481901627 2.9085227598283034 0.61487546780510893 4.9334151416703484 -1.1939271510871328 4.5357129273780927 -0.37925280082134427 3.4337139075179537 4.5740733952897976 -0.82783711944949689 -1.9201332142255076 -2.7569433788073017 3.324443368364943 -2.360956086468275 2.2074556348008243 -1.7674499326871118 -0.91661943251131872 4.5461098745127941 -1.7005570519836357
leaf_weight=268.12038749456406 251.3475596010685 7.8354816436767569 97.821091145277023 57.66424772143364 19.098986506462097 8.4476286470890027 8.9373462498188001 11.875651866197584 18.241980701684952 20.323280513286591 77.620240032672882 340.47616329789162 8.6924874484539014 19.588704109191895 18.119551301002506 39.667125821113586 23.751303732395172 9.3046344518661481 2.815876215696334 11.018646061420442 11.263504862785338 285.99507999420166 2717.3205481469631 4.7747466266155225 15.058816283941267 14.324239879846571 5.8766112327575684 5.3868936300277701 110.06403121352196 106.51357859373093
leaf_count=2190 2053 64 799 471 156 69 73 97 149 166 634 2781 71 160 148 324 194 76 23 90 92 2336 22195 39 123 117 48 44 899 870
internal_value=-1.79198 -2.17987 2.76331 0.98029 2.70406 3.92718 -2.5673 -2.03347 -0.0698543 0.804682 -0.788102 -2.10718 -1.16449 -1.74917 1.2583 0.629417 2.35176 3.1309 -2.29755 0.130957 1.84344 -2.32331 -2.70462 -2.19455 -0.483469 0.362431 0.515123 1.8584 4.3527 -1.46354
internal_weight=0 4228.59 368.757 461.804 174.829 126.347 3766.79 770.693 286.975 129.408 157.567 756.369 127.082 117.41 109.085 81.6604 41.9933 27.4242 629.287 79.9464 22.2822 626.471 2996.09 278.772 48.482 33.4232 10.6514 14.3242 117.9 118.389
internal_count=37551 34539 3012 3772 1428 1032 30767 6295 2344 1057 1287 6178 1038 959 891 667 343 224 5140 653 182 5117 24472 2277 396 273 87 117 963 967
is_linear=0
shrinkage=1


Tree=52
num_leaves=31
num_cat=0
split_feature=1 9 46 8 34 6 35 38 9 9 9 49 35 40 40 35 6 34 33 9 38 38 49 35 40 6 6 6 9 9
split_gain=8118.98 4875.29 3394.65 837.655 627.339 250.573 235.531 194.754 173.721 153.671 173.264 148.309 185.616 261.429 235.266 404.126 134.003 130.013 118.686 100.465 85.0678 76.6743 79.7813 70.7674 84.5114 65.7706 55.8698 53.9251 50.9415 52.1345
threshold=1.5367684771616057 1.20733357875903 10.500000000000002 -0.66627133502233671 0.020856364949953299 -0.76514077609537645 4.9821933372715934 76.500000000000014 1.20733357875903 1.352687448232494 1.2936119574462694 14.500000000000002 3.9829812312414954 0.43500000000000005 0.13500000000000004 0.98830039778318834 -0.23682724366297445 0.99147933693198653 -0.10587836117878378 0.60814085480596858 76.500000000000014 163.50000000000003 14.500000000000002 3.9855503962196184 0.43500000000000005 -1.1443219107003644 -0.7904930731381431 0.41153669862126691 1.0855718869379301 1.1285606522792044
decision_type=2 2 2 2 2 2 2 2 2 2 2 2 2 2 2 2 2 2 2 2 2 2 2 2 2 2 2 2 2 2
left_child=1 5 -2 4 9 6 19 16 -4 10 -3 12 14 -14 15 -9 23 -8 -7 -1 -20 -6 -23 -5 -25 -21 -27 28 -22 -30
right_child=2 3 8 7 21 18 17 11 -10 -11 -12 -13 13 -15 -16 -17 -18 -19 20 25 27 22 -24 24 -26 26 -28 -29 29 -31
leaf_value=-2.2888742990855175 4.7413829114598194 4.3018076352335441 -2.1876809109101378 -0.63281698770691852 -1.5972838326519532 -2.769255393621969 3.9099099503040873 -0.93377903923755323 0.9812330714102151 4.4858811914547179 -1.0867855325464775 -1.6548047678751054 4.9874043860998363 -0.61410192133770347 -1.2096617368998834 4.344108812643416 -2.0980024718358683 -1.3737820893221926 -2.6291672765369207 1.3905676900432993 -1.948794827615091 2.1865670846652736 -2.0161542327384976 4.3787188668878549 -0.67158024846069053 -1.6295046326586105 1.1253737679105846 -2.5308300966746238 0.93089822501326047 -1.5692151975946076
leaf_weight=282.19976857304573 254.28586521744728 12.120510667562487 102.4734083712101 36.116673201322556 24.975597739219666 2381.7415608763695 10.773787260055544 29.138197362422943 20.812998116016388 95.372503131628036 11.753222465515135 26.07746234536171 22.527009725570679 13.222375273704527 53.746506899595261 28.893338561058044 63.908147156238556 8.2027698457241041 528.16043454408646 9.4270638525485975 268.36524629592896 15.548533886671068 6.3663288354873648 7.2233346402645093 6.121470034122467 82.762274861335754 8.0803404450416547 149.60872763395309 12.855087071657179 23.751303732395172
leaf_count=2305 2077 99 837 295 204 19454 88 238 170 779 96 213 184 108 439 236 522 67 4314 77 2192 127 52 59 50 676 66 1222 105 194
internal_value=-1.79198 -2.18664 2.65356 0.912402 2.69938 -2.55951 -1.81275 -0.122124 -1.65271 3.91791 1.64896 0.543593 0.932189 2.91561 0.297841 1.69403 -1.14155 1.62599 -2.64861 -1.98337 -2.35622 -0.399457 0.965665 0.0942683 2.06207 -1.12356 -1.38446 -2.03908 -1.79785 -0.691249
internal_weight=0 4219.04 377.572 453.111 166.137 3765.93 401.446 286.975 123.286 119.246 23.8737 173.605 147.527 35.7494 111.778 58.0315 113.37 18.9766 3364.48 382.469 982.741 46.8905 21.9149 49.4615 13.3448 100.27 90.8426 454.58 304.972 36.6064
internal_count=37545 34461 3084 3701 1357 30760 3279 2344 1007 974 195 1418 1205 292 913 474 926 155 27481 3124 8027 383 179 404 109 819 742 3713 2491 299
is_linear=0
shrinkage=1


Tree=53
num_leaves=31
num_cat=0
split_feature=10 36 46 8 46 35 35 35 35 6 35 20 46 49 35 20 38 6 6 10 6 6 35 9 35 49 38 46 6 38
split_gain=8016.48 6593.47 3544.64 1017.54 721.536 272.876 559.904 358.135 602.955 239.698 277.122 143.423 136.866 100.11 113.511 87.9002 82.7217 81.0655 60.5733 89.919 56.3206 51.4264 48.1718 48.0364 46.127 44.316 41.5212 34.351 33.5574 30.7377
threshold=1.5552819910174021 3.5000000000000004 10.500000000000002 -0.45128626237464337 7.0000000000000009 3.9829812312414954 4.9719404740209621 1.9937452855582312 0.021372449354867915 -0.76514077609537645 4.995472352605244 2.8226152211827329 7.0000000000000009 14.500000000000002 3.9786411023398522 -0.044790908973797873 76.500000000000014 -0.12000415446219208 -1.1961339953951045 -1.0000000180025095e-35 -0.63351987614264982 -0.78137799809396824 3.0011073808500774 1.438366478306347 4.9878135843335505 11.500000000000002 875.50000000000011 13.500000000000002 0.21934890415531688 86.500000000000014
decision_type=2 2 2 2 2 2 2 2 2 2 2 2 2 2 2 2 2 2 2 2 2 2 2 2 2 2 2 2 2 2
left_child=1 3 -2 4 -1 7 27 8 -5 10 18 -4 -12 14 17 -11 -17 -6 19 -3 -8 -20 -13 29 -24 -10 -19 -7 -29 -18
right_child=2 9 11 5 13 6 20 -9 25 15 12 22 -14 -15 -16 16 23 26 21 -21 -22 -23 24 -25 -26 -27 -28 28 -30 -31
leaf_value=4.8380886777685905 4.8795467106603247 -2.3953041638513177 -2.2695032650489075 -1.3605309978204283 2.5255976767713171 4.9919616531201196 3.1673669683324879 -1.7867370516294039 3.8632417461298965 -2.7618707664950684 4.1202971285293746 -0.58990052044381458 -1.1072054645506966 -2.2715868832585633 5.0355735133993367 -2.6781672148495272 -1.0080519638734935 -2.1928651827750083 -2.220440575716994 2.8070152270815645 -1.4168667627351585 -0.62490611816533259 4.4124847734677957 -0.16236969181493999 -0.576287232441002 -0.50822079242693818 1.9421710480793459 -0.11757861495492183 4.3018076352335441 -2.1712159995889051
leaf_weight=118.51165986061096 245.59337776899338 7.1009052395820618 98.678096950054169 50.685771882534027 8.5700580477714556 32.198932379484177 2.9383056163787833 85.333292275667191 43.829725444316864 2668.4712172746658 11.018646061420442 12.242940068244936 9.1822050511836988 13.099945873022078 5.7541818320751181 399.36470502614975 24.608309537172318 11.753222465515138 353.5761091709137 6.2438994348049146 30.484920769929886 21.425145119428635 5.0196054279804221 13.589663475751875 2.9383056163787842 2.4485880136489859 3.0607350170612326 2.815876215696334 4.4074584245681763 295.91186144948006
leaf_count=968 2006 58 806 414 70 263 24 697 358 21796 90 100 75 107 47 3262 201 96 2888 51 249 175 41 111 24 20 25 23 36 2417
internal_value=-1.79198 -2.17804 2.70986 1.60266 3.57328 0.361096 1.99708 -0.292639 1.02224 -2.59068 -1.86694 -1.77253 1.74416 0.0244731 1.05674 -2.6776 -2.371 0.0776495 -2.05478 0.0388086 -1.01386 -2.12928 0.655097 -2.00384 2.57048 3.63195 -1.33852 4.54983 2.579 -2.08191
internal_weight=0 4226.39 364.472 415.893 160.75 255.143 72.8455 182.297 96.9641 3810.49 408.547 118.879 20.2009 42.2381 29.1382 3401.95 733.475 23.384 388.346 13.3448 33.4232 375.001 20.2009 334.11 7.95791 46.2783 14.814 39.4223 7.22333 320.52
internal_count=37498 34521 2977 3397 1313 2084 595 1489 792 31124 3337 971 165 345 238 27787 5991 191 3172 109 273 3063 165 2729 65 378 121 322 59 2618
is_linear=0
shrinkage=1


Tree=54
num_leaves=31
num_cat=0
split_feature=10 36 46 8 34 35 35 35 35 14 35 34 20 0 49 35 20 34 6 49 14 1 6 49 40 3 14 14 11 18
split_gain=8175.04 6594.86 3454.18 1018.34 736.501 247.826 553.555 369.299 628.095 222.239 299.666 150.433 141.748 103.11 92.6223 91.98 91.3458 89.7437 62.7593 59.0864 54.5541 72.321 56.3606 37.1025 60.3919 33.3698 31.7007 31.6322 31.5963 28.5844
threshold=1.5552819910174021 3.5000000000000004 10.500000000000002 -0.45128626237464337 0.97392298712563552 3.9829812312414954 4.9719404740209621 1.9937452855582312 0.021372449354867915 -1.0994183075655302 4.9821933372715934 0.022712859276481874 2.8226152211827329 -0.59761956593285281 14.500000000000002 3.9945271572596091 1.0000000180025095e-35 1.0078492228598839 -0.11361271675088158 11.500000000000002 -2.535449313321108 -0.038335830237856278 -0.78137799809396824 14.500000000000002 0.41500000000000004 0.73063604188441322 -0.48434266572258294 0.094421792039942734 -0.45093986522709412 1.0000000180025095e-35
decision_type=2 2 2 2 2 2 2 2 2 2 2 2 2 2 2 2 2 2 2 2 2 2 2 2 2 2 2 2 2 2
left_child=1 3 -2 4 -1 7 17 8 -5 10 20 -12 -4 -8 15 18 -11 -7 28 -10 21 -3 29 24 -14 -23 -15 -9 -6 -22
right_child=2 9 12 5 14 6 13 27 19 16 11 -13 23 26 -16 -17 -18 -19 -20 -21 22 25 -24 -25 -26 -27 -28 -29 -30 -31
leaf_value=4.8619671346577196 4.8702055887535209 -2.7848259775781665 -2.2104796159655988 -1.3802604007230552 0.25907362227704933 4.931537964615357 5.209360168754392 -1.0433638380547472 3.9751884542136806 -2.7573048250407597 4.1776162359096389 -1.178413432565409 0.30857648774182245 1.125373767910582 -2.1635002363087641 4.9999249687111202 -2.3436407002724828 -1.3250180725956995 -1.1515390042412723 -0.33319280381934635 -2.5553981786891229 -1.0138572039599807 -0.62490611816533259 -1.3250180725956995 4.9541110187016528 3.4163905293595485 -1.9190524581729804 -2.2779482327925877 4.1055800604182249 -1.9903562544550217
leaf_weight=118.02194225788116 247.67467758059502 5.754181832075119 97.576232343912125 50.685771882534027 4.0401702225208282 35.994243800640106 2.4485880136489859 35.504526197910309 44.56430184841156 2732.1345056295395 11.630793064832689 9.5494932532310468 9.794352054595949 3.9177408218383816 13.834522277116774 4.7747466266155234 663.44492229819298 2.4485880136489859 13.834522277116777 3.4280232191085807 173.60489016771317 2.5710174143314344 22.28215092420578 6.1214700341224662 3.917740821838378 5.019605427980423 26.934468150138855 49.951195478439331 4.5298878252506274 184.8683950304985
leaf_count=964 2023 47 797 414 33 294 20 290 364 22316 95 78 80 32 113 39 5419 20 113 28 1418 21 182 50 32 41 220 408 37 1510
internal_value=-1.79198 -2.17982 2.75239 1.6062 3.59337 0.371106 1.94775 -0.243196 1.0747 -2.59203 -1.9015 1.76276 -1.7151 -1.03674 -0.0571536 1.015 -2.67648 4.53303 0.165749 3.66745 -2.09843 -0.111062 -2.16808 0.722017 1.63587 1.91582 -1.53246 -1.76501 2.29223 -2.264
internal_weight=0 4225.77 365.084 414.913 159.036 255.877 71.7436 184.134 98.6781 3810.86 415.281 21.1803 117.41 33.3008 41.0138 27.1793 3395.58 38.4428 22.4046 47.9923 394.1 13.3448 380.755 19.8336 13.7121 7.59062 30.8522 85.4557 8.57006 358.473
internal_count=37498 34516 2982 3389 1299 2090 586 1504 806 31127 3392 173 959 272 335 222 27735 314 183 392 3219 109 3110 162 112 62 252 698 70 2928
is_linear=0
shrinkage=1


Tree=55
num_leaves=31
num_cat=0
split_feature=10 36 34 8 34 35 35 35 35 14 35 34 9 49 35 14 9 34 38 14 10 14 33 14 38 14 38 35 35 9
split_gain=8305.71 6637.04 3502.9 1068.52 737.992 253.459 579.387 353.429 643.013 226.482 272.756 142.628 123.81 106.877 112.086 80.2822 78.4439 77.8862 72.6963 60.0333 79.9844 58.5001 47.0587 45.9903 39.8301 39.7904 36.8888 34.5878 45.95 32.6875
threshold=1.5552819910174021 3.5000000000000004 0.031450555220707131 -0.45128626237464337 0.98270983078019891 3.9855503962196184 4.9719404740209621 1.9937452855582312 0.021372449354867915 -1.0994183075655302 4.9821933372715934 0.022712859276481874 1.20733357875903 14.500000000000002 3.9786411023398522 0.07817701666252462 0.14409912162382785 1.0076240587683358 76.500000000000014 -2.535449313321108 -1.0000000180025095e-35 -0.79724185153239568 -0.096747904038029561 0.72289468403678636 875.50000000000011 -1.1611026191662626 20.500000000000004 3.0011073808500774 4.999625008347782 1.4973996768058531
decision_type=2 2 2 2 2 2 2 2 2 2 2 2 2 2 2 2 2 2 2 2 2 2 2 2 2 2 2 2 2 2
left_child=1 3 -2 4 -1 7 17 8 -5 10 19 -12 -4 14 15 -6 -11 -7 -18 20 -3 -8 -22 29 -17 -21 -10 -14 -29 -20
right_child=2 9 12 5 13 6 21 -9 26 16 11 -13 27 -15 -16 24 18 -19 23 25 22 -23 -24 -25 -26 -27 -28 28 -30 -31
leaf_value=4.8900361291822421 4.8793008978001211 -2.2891066655817784 -2.2388295891063446 -1.4879800603665958 2.5239992476516107 4.9088661860836105 3.3530027138253886 -1.7334167126800801 0.011559294953182864 -2.7880464110639198 4.1202971285293746 -1.2161117685731979 -0.53248209777848587 -2.3479230776668585 5.209360168754392 -2.1077821327574293 -2.6973475096469182 -0.91661943251131872 -2.0510600994123762 -2.2384134915667846 -0.73098368701841876 -1.5058111464670458 4.6988618686489172 -2.6187372546079657 1.9421710480793459 -0.95514760610418492 3.8190669259139463 4.1346269053744429 -0.91661943251131905 -0.032771629343629316
leaf_weight=119.00137746334076 251.46998900175095 7.4681934416294098 95.862220734357834 50.318483680486679 8.9373462498188072 36.606390804052353 2.6934468150138846 88.149168491363525 2.6934468150138846 2186.8339549899101 11.018646061420442 9.1822050511836988 12.365369468927385 13.099945873022078 5.3868936300277701 11.753222465515135 654.50757604837418 2.4485880136489859 369.12464305758476 349.90322715044022 2.6934468150138855 30.974638372659683 3.9177408218383771 182.41980701684952 3.0607350170612326 25.95503294467926 46.033454656600952 4.6523172259330741 2.9383056163787842 8.2027698457241041
leaf_count=972 2054 61 783 411 73 299 22 720 22 17862 90 75 101 107 44 96 5346 20 3015 2858 22 253 32 1490 25 212 376 38 24 67
internal_value=-1.79198 -2.17395 2.78347 1.59313 3.61546 0.338586 1.92292 -0.276911 1.01936 -2.59023 -1.88824 1.69466 -1.76709 0.0244731 1.09105 0.157006 -2.67488 4.54363 -2.47107 -2.07386 -0.0465528 -1.11711 2.4867 -2.20649 -1.27101 -2.1498 3.6086 0.498995 2.17931 -2.00718
internal_weight=0 4232.38 367.288 421.157 161.24 259.918 72.7231 187.195 99.0454 3811.23 410.138 20.2009 115.818 42.2381 29.1382 23.7513 3401.09 39.055 1214.25 389.938 14.0794 33.6681 6.61119 559.747 14.814 375.858 48.7269 19.956 7.59062 377.327
internal_count=37570 34570 3000 3440 1317 2123 594 1529 809 31130 3350 165 946 345 238 194 27780 319 9918 3185 115 275 54 4572 121 3070 398 163 62 3082
is_linear=0
shrinkage=1


Tree=56
num_leaves=31
num_cat=0
split_feature=10 9 34 8 34 20 20 40 40 40 35 20 20 14 35 9 38 6 35 49 35 9 38 34 34 14 10 6 20 34
split_gain=8124.48 5011.1 3573.21 840.035 671.204 287.037 227.593 211.863 680.305 275.456 700.498 159.931 137.854 120.125 136.482 92.8632 87.5638 83.4076 110.298 71.3225 78.5313 69.0244 67.971 66.1969 60.6799 54.3055 51.1127 48.0902 66.6886 46.2127
threshold=1.5552819910174021 1.20733357875903 0.031450555220707131 -0.45128626237464337 0.020856364949953299 1.0000000180025095e-35 1.651340523002 0.38000000000000006 0.43500000000000005 0.13500000000000004 0.021372449354867915 0.42289895043593934 2.8226152211827329 -1.0994183075655302 4.9821933372715934 1.352687448232494 76.500000000000014 -0.75540712581079394 4.996426192781251 14.500000000000002 3.9945271572596091 1.2936119574462694 400.50000000000006 1.0052488024084618 0.99442501917518578 -0.30262631911587462 -0.73305296725621605 -1.1443219107003644 0.50821939097273694 0.99231319516608674
decision_type=2 2 2 2 2 2 2 2 2 2 2 2 2 2 2 2 2 2 2 2 2 2 2 2 2 2 2 2 2 2
left_child=1 5 -2 4 11 17 13 9 23 10 -5 15 -4 14 27 21 -15 18 -1 20 22 -3 -6 -9 -20 -10 -18 28 -7 -16
right_child=2 3 12 7 19 6 -8 8 25 -11 -12 -13 -14 16 29 -17 26 -19 24 -21 -22 -23 -24 -25 -26 -27 -28 -29 -30 -31
leaf_value=-2.309057209033019 4.88976143109549 3.0917375905390805 -2.2881074029439405 -1.6763287307328012 -1.3858973729809487 -1.5256349484266232 3.4686446536406375 4.8790377392743771 0.72693607026728646 -1.7448244959226606 3.7976117832775205 4.5278220017329609 0.67159750115016159 -2.6000613643366566 4.3215370381361744 3.1408475761192167 1.1253737679105846 -2.7605677683308998 3.5757656084168699 -2.2891066655817784 3.575765608416869 -2.5048363661727993 2.0396990815323326 -0.50822079242693818 -1.2878909234971194 -1.9092550160497441 -1.9161845339772883 -1.6849626367378654 3.3244433683649413 -0.4453902324139567
leaf_weight=267.87552869319916 247.18495997786522 3.305593818426134 98.43323814868927 56.929671317338943 19.711133509874347 6.9784758388996107 7.4681934416294089 33.300796985626221 10.039210855960844 109.57431361079216 39.667125821113586 95.372503131628036 18.731698304414749 343.04718071222305 5.6317524313926679 18.854127705097198 5.6317524313926688 2721.6055771708488 4.8971760272979719 14.936386883258818 6.1214700341224662 6.6111876368522644 8.2027698457241041 2.4485880136489859 5.386893630027771 35.25966739654541 291.62683242559433 108.35001960396767 4.7747466266155243 3.1831644177436829
leaf_count=2188 2019 27 804 465 161 57 61 272 82 895 324 779 153 2802 46 154 46 22230 40 122 50 54 67 20 44 288 2382 885 39 26
internal_value=-1.79198 -2.18727 2.73372 0.927691 2.6677 -2.56698 -2.02517 -0.12106 1.24876 -0.659551 0.571525 3.90442 -1.81493 -2.0785 -1.19781 1.8379 -2.25582 -2.70726 -2.18568 -0.467381 0.332081 -0.639312 -0.379253 4.51005 1.02814 -1.32502 -1.85856 -1.47655 0.444709 2.60015
internal_weight=0 4236.79 364.35 460.335 173.115 3776.46 776.692 287.219 81.0483 206.171 96.5968 124.143 117.165 769.224 128.918 28.7709 640.306 2999.77 278.16 48.9718 34.0354 9.91678 27.9139 35.7494 10.2841 45.2989 297.259 120.103 11.7532 8.81492
internal_count=37582 34606 2976 3760 1414 30846 6344 2346 662 1684 789 1014 957 6283 1053 235 5230 24502 2272 400 278 81 228 292 84 370 2428 981 96 72
is_linear=0
shrinkage=1


Tree=57
num_leaves=31
num_cat=0
split_feature=10 36 46 8 34 35 35 35 35 14 35 34 20 49 35 0 20 14 10 34 38 6 6 6 49 33 38 14 25 49
split_gain=8212.86 6574.4 3556.37 1014.23 697.41 216.727 572.124 373.437 648.862 215.765 273.686 133.328 119.861 95.9069 100.55 91.206 82.6766 71.127 91.6224 66.9032 65.7061 64.1795 49.9813 47.121 43.2514 39.9356 38.0789 33.7938 29.3072 28.7284
threshold=1.5552819910174021 3.5000000000000004 10.500000000000002 -0.45128626237464337 0.97392298712563552 3.9829812312414954 4.9719404740209621 1.9937452855582312 0.021372449354867915 -1.0994183075655302 4.995472352605244 0.01224054493628219 2.8226152211827329 14.500000000000002 3.9975934780516051 -0.59495052060856568 -0.044790908973797873 -2.535449313321108 -1.0000000180025095e-35 1.0047864556764377 76.500000000000014 -0.12000415446219208 -0.48895835778212454 -0.78137799809396824 11.500000000000002 -0.096747904038029561 875.50000000000011 0.094421792039942734 -0.50584305416047626 14.500000000000002
decision_type=2 2 2 2 2 2 2 2 2 2 2 2 2 2 2 2 2 2 2 2 2 2 2 2 2 2 2 2 2 2
left_child=1 3 -2 4 -1 7 19 8 -5 10 17 -12 -4 14 21 -8 -11 18 -3 -7 -18 -6 -17 28 -10 -20 -23 -9 -19 -14
right_child=2 9 12 5 13 6 15 27 24 16 11 -13 29 -15 -16 22 20 23 25 -21 -22 26 -24 -25 -26 -27 -28 -29 -30 -31
leaf_value=4.9029517571155203 4.895825779713233 -2.3953041638513177 -2.25058483982211 -1.3847837272421941 2.3732585015017462 4.8973889853566011 4.80096152867001 -1.0125519989740928 3.9797728652745357 -2.7588432276687884 4.0295418751772907 -1.1683720188647042 1.465705967980901 -2.0189343460134084 5.0278496620502224 1.9421710480793459 -2.6544050797977432 -2.6450628132907035 -0.50822079242693863 -0.50822079242693818 -2.0510600994123762 -2.0088483536672204 -1.9770536696402901 -0.69519848306797982 -0.23595503237068427 4.5286957686137583 1.881667545844623 -2.2901340404677399 -2.0476862981725219 -1.0957416430746436
leaf_weight=114.22663083672523 248.77654218673706 7.1009052395820618 97.453802943229675 50.19605427980423 8.8149168491363543 35.25966739654541 2.4485880136489859 36.483961403369904 45.543737053871155 2658.0647182166576 11.018646061420442 8.9373462498188001 11.753222465515138 13.834522277116774 5.5093230307102194 3.6728820204734793 394.46752899885178 127.57143551111221 2.4485880136489868 2.4485880136489859 332.76311105489731 10.528928458690645 28.526050359010696 20.323280513286591 2.5710174143314353 4.4074584245681745 3.3055938184261313 47.869895666837692 230.53456148505211 6.9784758388996115
leaf_count=933 2032 58 796 410 72 288 20 298 372 21711 90 73 96 113 45 30 3222 1042 20 20 2718 86 233 166 21 36 27 391 1883 57
internal_value=-1.79198 -2.18263 2.76253 1.61535 3.62185 0.386217 1.85096 -0.193984 1.13046 -2.59391 -1.91094 1.70164 -1.80528 0.13712 1.1964 -1.08258 -2.6771 -2.09467 0.122289 4.54638 -2.37833 0.264425 -1.52999 -2.17643 3.7545 2.7298 -1.07926 -1.73757 -2.2605 0.511441
internal_weight=0 4208.88 364.962 411.24 156.22 255.02 72.3558 182.665 98.3108 3797.64 412.342 19.956 116.186 41.9933 28.1588 34.6475 3385.3 392.386 13.957 37.7083 727.231 22.6494 32.1989 378.429 48.1148 6.85605 13.8345 84.3539 358.106 18.7317
internal_count=37359 34378 2981 3359 1276 2083 591 1492 803 31019 3368 163 949 343 230 283 27651 3205 114 308 5940 185 263 3091 393 56 113 689 2925 153
is_linear=0
shrinkage=1


Tree=58
num_leaves=31
num_cat=0
split_feature=10 36 46 8 34 35 35 35 35 14 35 20 34 49 35 34 20 6 6 38 14 10 6 49 9 38 14 38 40 49
split_gain=8129.12 6773.14 3534.46 965.462 748.255 259.577 549.299 380.076 630.639 229.585 285.189 132.117 131.559 91.8364 118.295 88.187 85.0707 77.3126 75.743 70.6629 57.75 87.0658 53.8751 51.0519 39.8545 39.0596 31.6437 31.5802 28.4536 38.6861
threshold=1.5552819910174021 3.5000000000000004 10.500000000000002 -0.45128626237464337 0.98270983078019891 3.9829812312414954 4.9719404740209621 1.9937452855582312 0.98268797370888072 -1.0994183075655302 4.995472352605244 2.8226152211827329 0.01224054493628219 14.500000000000002 3.9786411023398522 1.0078492228598839 -0.025402199462720505 -0.12000415446219208 -0.63351987614264982 73.500000000000014 -2.535449313321108 -1.0000000180025095e-35 -0.78137799809396824 11.500000000000002 1.438366478306347 507.50000000000006 0.094421792039942734 61.500000000000007 0.03500000000000001 14.500000000000002
decision_type=2 2 2 2 2 2 2 2 2 2 2 2 2 2 2 2 2 2 2 2 2 2 2 2 2 2 2 2 2 2
left_child=1 3 -2 4 -1 7 15 8 -5 10 20 -4 -12 14 17 -7 -11 -6 -8 -18 21 -3 -22 27 -21 -19 -9 -10 -13 -30
right_child=2 9 11 5 13 6 18 26 23 16 12 28 -14 -15 -16 -17 19 25 -20 24 22 -23 -24 -25 -26 -27 -28 -29 29 -31
leaf_value=4.8549646546315817 4.8608493135573223 -2.5210426614142429 -2.2532432670803493 -1.364381796941182 2.3143824668904256 4.8668322770707171 3.6385961684298507 -1.0780140840910568 2.3554901537069122 -2.7611982698155106 3.875813588887024 -1.7917593755492773 -1.232984576238656 -2.0912172911610862 5.209360168754392 -1.3250180725956995 -2.6653760114627136 -2.4605655108790989 -1.4917113950791201 -2.1006863001045075 -2.2471265817665169 2.5894443644394971 -0.63142485144680705 -0.47270786720220936 -0.33586907275830025 0.85310800785433072 -2.3254364467558877 4.3510308234923034 2.2650909030297854 -0.87658035015010494
leaf_weight=118.51165986061096 249.63354799151421 6.8560464382171631 97.821091145277023 50.808201283216476 9.6719226539134997 37.953114211559296 3.183164417743682 35.626955598592758 10.161640256643294 2689.773932993412 11.998081266880037 4.2850290238857296 8.6924874484539014 13.834522277116774 5.5093230307102194 2.4485880136489859 375.12368369102478 10.039210855960848 29.995203167200089 311.21553653478622 354.18825617432594 6.4887582361698133 21.914862722158432 2.815876215696334 13.344804674386976 5.5093230307102194 47.380178064107895 36.116673201322556 10.528928458690645 6.2438994348049155
leaf_count=968 2039 56 799 415 79 310 26 291 83 21970 98 35 71 113 45 20 3064 82 245 2542 2893 53 179 23 109 45 387 295 86 51
internal_value=-1.79198 -2.17386 2.72369 1.639 3.54143 0.429439 2.01556 -0.208619 1.10535 -2.59489 -1.88824 -1.76412 1.72951 0.0482785 1.01148 4.49157 -2.6804 0.0944646 -0.999505 -2.36978 -2.08045 -0.036127 -2.15298 3.66132 -2.02812 -1.28643 -1.79004 3.91286 0.508027 1.09556
internal_weight=0 4219.16 368.512 419.566 163.076 256.49 73.5801 182.91 99.9024 3799.6 410.138 118.879 20.6906 44.5643 30.7298 40.4017 3389.46 25.2205 33.1784 699.684 389.448 13.3448 376.103 49.0942 324.56 15.5485 83.0071 46.2783 21.0579 16.7728
internal_count=37472 34462 3010 3427 1332 2095 601 1494 816 31035 3350 971 169 364 251 330 27685 206 271 5715 3181 109 3072 401 2651 127 678 378 172 137
is_linear=0
shrinkage=1


Tree=59
num_leaves=31
num_cat=0
split_feature=10 36 46 2 46 6 35 35 35 35 35 46 20 0 20 49 35 38 38 9 6 10 25 2 6 6 35 46 9 38
split_gain=8148.68 6461.97 3609.11 882.947 727.618 220.934 267.304 220.744 515.63 346.829 682.386 131.308 104.311 92.1383 90.8605 89.1407 147.098 71.853 63.7732 60.4916 74.1833 54.574 48.0857 102.387 46.475 43.3067 38.4167 37.6983 37.0916 32.3964
threshold=1.5552819910174021 3.5000000000000004 10.500000000000002 -0.5664734721152126 7.0000000000000009 -0.76514077609537645 4.9914530442260867 3.9829812312414954 4.9719404740209621 1.022266111254815 0.021372449354867915 7.0000000000000009 2.6056853078162283 -0.59495052060856568 -0.044790908973797873 14.500000000000002 3.9945271572596091 76.500000000000014 159.50000000000003 0.29595293557037805 -1.1443219107003644 -1.0000000180025095e-35 2.5465057148004799 -0.78866886814977144 -0.7904930731381431 -1.1961339953951045 2.9748269260642926 1.5000000000000002 1.438366478306347 78.500000000000014
decision_type=2 2 2 2 2 2 2 2 2 2 2 2 2 2 2 2 2 2 2 2 2 2 2 2 2 2 2 2 2 2
left_child=1 3 -2 4 22 6 19 9 -9 10 -5 -8 -4 -10 -7 16 18 -16 -6 -3 21 -21 -1 -24 -22 -23 -20 -15 29 -19
right_child=2 5 12 7 15 14 11 8 13 -11 -12 -13 -14 27 17 -17 -18 28 26 20 24 25 23 -25 -26 -27 -28 -29 -30 -31
leaf_value=4.8328224154851043 4.8731966629524521 -2.3868545368150893 -2.3030937966194394 -1.5160104714411311 -1.725711077961507 -2.7641639031536283 3.9527489684947565 4.4367140929190771 4.8009615286700011 -1.7454284373884443 3.8739967679335279 -1.232984576238656 0.19048531470537577 1.2491309315725156 -2.6537080336592993 -2.0364221553233302 5.209360168754392 0.30857648774182334 2.2650909030297863 -2.2379091504313737 -1.9692986099059937 4.4886566862525434 4.6602527535148859 -0.08469627678387659 0.19719504044608316 -0.0090668989904720831 -1.8932248761913595 -2.0422059283536362 -0.38721378795749195 -2.1371300911191335
leaf_weight=103.57527297735214 249.8784067928791 244.85880136489868 96.107079535722733 49.216619074344635 12.977516472339632 2663.9413294494152 11.141075462102892 36.239102602005005 2.4485880136489895 83.251992464065552 44.931590050458908 8.6924874484539014 20.323280513286591 4.0401702225208309 403.40487524867058 15.181245684623716 6.3663288354873648 5.5093230307102194 10.528928458690642 4.1625996232032785 122.30697128176689 4.1625996232032767 14.569098681211473 6.6111876368522635 10.77378726005554 4.4074584245681736 2.815876215696334 25.098027139902115 13.222375273704527 320.15288278460503
leaf_count=846 2041 2000 785 402 106 21759 91 296 20 680 367 71 166 33 3295 124 52 45 86 34 999 34 119 54 88 36 23 205 108 2615
internal_value=-1.79198 -2.18569 2.73058 1.54777 3.28033 -2.59443 -1.90138 0.32815 1.86256 -0.258503 1.05633 1.67999 -1.86783 -1.09074 -2.67795 -0.0340188 0.895936 -2.36855 -0.14731 -2.0832 -1.57328 0.732683 4.55207 3.17917 -1.79391 2.17554 1.38765 -1.58584 -2.02909 -2.09576
internal_weight=0 4234.59 366.309 417.852 172.625 3816.74 410.506 245.226 67.8259 177.4 94.1482 19.8336 116.43 31.5868 3406.23 47.8699 32.6886 742.289 26.3223 390.672 145.813 12.7327 124.756 21.1803 133.081 8.57006 13.3448 29.1382 338.885 325.662
internal_count=37580 34588 2992 3413 1410 31175 3353 2003 554 1449 769 162 951 258 27822 391 267 6063 215 3191 1191 104 1019 173 1087 70 109 238 2768 2660
is_linear=0
shrinkage=1


Tree=60
num_leaves=31
num_cat=0
split_feature=10 36 46 8 34 35 35 35 35 14 35 34 36 0 49 35 20 34 9 4 6 6 6 49 23 28 35 35 9 9
split_gain=8297.73 6542.57 3606.04 1020.95 762.076 247.843 576.809 403.114 623.372 217.543 283.875 134.483 117.208 114.145 92.637 98.5158 87.8205 78.4522 64.2868 77.6627 63.0923 50.2624 48.272 47.6894 44.998 30.1854 29.2068 68.6481 29.1 26.7991
threshold=1.5552819910174021 3.5000000000000004 10.500000000000002 -0.66425008661974583 0.98615402669926089 3.9829812312414954 4.9719404740209621 1.9917766687961107 0.021372449354867915 -1.0994183075655302 4.995472352605244 0.01224054493628219 3.5000000000000004 -0.59761956593285281 14.500000000000002 3.9786411023398522 -0.044790908973797873 1.0058521794213908 1.0000000180025095e-35 2.9204891741360162 -0.12000415446219208 -0.78137799809396824 -0.42093785253414762 11.500000000000002 -0.66012354839240694 -0.56535940001863971 3.0011073808500774 4.9878135843335505 0.93771645626483302 1.438366478306347
decision_type=2 2 2 2 2 2 2 2 2 2 2 2 2 2 2 2 2 2 2 2 2 2 2 2 2 2 2 2 2 2
left_child=1 3 -2 4 -1 7 17 8 -5 10 18 -12 26 -8 15 20 -11 -7 -3 21 -6 -20 -15 -10 -21 -22 -4 -28 -23 -18
right_child=2 9 12 5 14 6 13 -9 23 16 11 -13 -14 22 -16 -17 29 -19 19 24 25 28 -24 -25 -26 -27 27 -29 -30 -31
leaf_value=4.8700881936064118 4.8667306442862994 -2.5139530636903449 -0.61249278563997178 -1.3524405232488474 2.1883291325137657 4.9324797347988785 5.209360168754392 -1.9089617706779454 3.9220166293579743 -2.7618801204858325 4.1202971285293746 -1.1829663716967844 -2.2677890626412349 1.7840812519176503 -2.2779482327925877 5.005160848712201 -2.4055146114783152 -0.91661943251131872 -1.9409460933883205 3.5757656084168681 1.8679167498821836 -0.64435367245506492 -2.0121093469007518 -0.23595503237068427 -1.387848632608681 -1.826418383194345 4.5286957686137583 -1.3250180725956995 3.2646047397811482 -1.2889165353506713
leaf_weight=117.89951285719872 253.91857701539993 188.90856525301933 11.50836366415024 51.053060084581375 8.9373462498188037 36.116673201322556 2.6934468150138846 82.884704262018204 45.054019451141357 2658.432006418705 11.018646061420442 8.4476286470890027 98.43323814868927 3.7953114211559287 13.222375273704527 4.8971760272979727 715.96713519096375 2.4485880136489859 187.68427124619484 4.2850290238857269 2.6934468150138864 7.3457640409469587 28.526050359010696 2.9383056163787833 3.183164417743682 12.365369468927383 4.4074584245681745 3.6728820204734802 2.5710174143314362 22.159721523523331
leaf_count=963 2074 1543 94 417 73 295 22 677 368 21714 90 69 804 31 108 40 5848 20 1533 35 22 60 233 24 26 101 36 30 21 181
internal_value=-1.79198 -2.18285 2.74391 1.58503 3.56577 0.344583 1.89324 -0.28176 1.07994 -2.59378 -1.90889 1.81888 -1.82323 -1.04514 -0.0855757 0.917713 -2.67715 4.56111 -2.09308 -1.70538 0.0835405 -1.82502 -1.56634 3.66745 1.46013 -1.16564 0.410676 1.86792 0.36908 -2.37199
internal_weight=0 4225.53 371.941 415.525 160.015 255.51 73.5801 181.93 99.0454 3810 413.444 19.4663 118.022 35.0148 42.1157 28.8933 3396.56 38.5653 393.978 205.069 23.9962 197.601 32.3214 47.9923 7.46819 15.0588 19.5887 8.08034 9.91678 738.127
internal_count=37552 34514 3038 3394 1307 2087 601 1486 809 31120 3377 159 964 286 344 236 27743 315 3218 1675 196 1614 264 392 61 123 160 66 81 6029
is_linear=0
shrinkage=1


Tree=61
num_leaves=31
num_cat=0
split_feature=1 36 34 8 34 35 35 35 35 6 35 9 34 20 49 35 34 0 6 14 1 38 6 1 38 35 49 35 49 9
split_gain=8033.06 6495.27 3406.43 1011.2 709.829 231.892 558.187 327.563 623.704 208.561 264.811 154.598 146.744 91.5274 91.2909 105.872 88.0013 81.976 81.031 77.2006 108.13 72.4102 56.3788 42.1911 41.8273 37.5727 50.0288 56.115 37.2652 36.4594
threshold=1.5367684771616057 3.5000000000000004 0.97748053706822979 -0.4435267372621326 0.97392298712563552 3.9829812312414954 4.9719404740209621 1.9917766687961107 0.98830039778318834 -0.76514077609537645 4.9914530442260867 1.4906560138589964 0.99147933693198653 -0.044790908973797873 14.500000000000002 3.9786411023398522 1.004984957417103 -0.58880181967462397 -0.12000415446219208 -2.535449313321108 -1.0000000180025095e-35 76.500000000000014 -0.78137799809396824 1.6330604916994051 507.50000000000006 3.9904505456625414 11.500000000000002 0.97918049801925522 11.500000000000002 1.438366478306347
decision_type=2 2 2 2 2 2 2 2 2 2 2 2 2 2 2 2 2 2 2 2 2 2 2 2 2 2 2 2 2 2
left_child=1 3 23 4 -1 7 16 8 -5 10 19 -4 -12 -11 15 18 -7 -8 -6 20 -3 -15 -21 -2 -20 26 27 -13 -10 -23
right_child=2 9 11 5 14 6 17 -9 28 13 12 25 -14 21 -16 -17 -18 -19 24 22 -22 29 -24 -25 -26 -27 -28 -29 -30 -31
leaf_value=4.841972270770535 3.3285769578394802 -2.7919193104498015 -2.1351124442519387 -1.4009063284548997 2.451343378574157 4.8725365480662433 4.3925628885856298 -1.7047571589899482 3.9974947679105317 -2.7579668067289487 3.9797728652745339 -1.4735266689900199 -1.4133204812625926 -2.647404718505451 -2.0675610545673009 5.0278496620502224 -1.3250180725956995 -1.6250660530658567 -2.5397422328466774 -2.2770170913423269 3.0215103111594952 -2.084560360716837 -0.59792685209865182 4.8937106110396247 1.0257643434997603 3.1673669683324879 -2.3460146728066511 4.6259335400624177 0.2375506372923657 -0.31845980814530672
leaf_weight=117.04250705242157 18.6092689037323 5.9990406334400177 104.43227878212929 50.07362487912178 9.427063852548601 35.626955598592758 2.4485880136489859 83.741710066795349 41.258708029985428 2666.3899174630642 11.38593426346779 2.6934468150138873 9.0597756505012494 404.87402805685997 13.467234075069426 5.5093230307102194 2.4485880136489859 29.995203167200089 9.5494932532310504 357.98356759548187 6.8560464382171613 328.35565263032913 21.180286318063736 231.2691378891468 5.0196054279804221 5.8766112327575675 4.8971760272979736 3.4280232191085815 2.815876215696334 12.120510667562483
leaf_count=956 152 49 853 409 77 291 20 684 337 21779 93 22 74 3307 110 45 20 245 78 2924 56 2682 173 1889 41 48 40 28 23 99
internal_value=-1.79198 -2.18533 2.6663 1.60527 3.56577 0.342392 1.87694 -0.265936 1.01385 -2.59017 -1.91852 -1.68108 1.59002 -2.67137 0.0898331 1.07454 4.47398 -1.17091 0.166887 -2.10151 0.308576 -2.36158 -2.18322 4.77715 -1.31129 1.12537 0.0363107 1.94217 3.75728 -2.02169
internal_weight=0 4232.63 371.206 408.424 160.015 248.409 70.5193 177.89 94.1482 3824.2 412.465 121.328 20.4457 3411.74 42.9727 29.5055 38.0755 32.4438 23.9962 392.019 12.8551 745.35 379.164 249.878 14.5691 16.8953 11.0186 6.12147 44.0746 340.476
internal_count=37604 34572 3032 3336 1307 2029 576 1453 769 31236 3369 991 167 27867 351 241 311 265 196 3202 105 6088 3097 2041 119 138 90 50 360 2781
is_linear=0
shrinkage=1


Tree=62
num_leaves=31
num_cat=0
split_feature=10 36 46 8 34 35 35 35 35 6 35 36 34 49 34 35 20 20 6 6 38 38 49 3 35 49 38 9 35 35
split_gain=8174.43 6604.7 3593.5 1009.26 699.855 241.639 516.373 330.211 643.985 222.595 292.378 122.173 119.657 117.541 104.37 98.2278 84.7901 71.8351 86.4182 62.0697 60.9305 60.0115 44.642 38.8685 35.7782 70.0855 33.2435 33.681 31.8034 46.9323
threshold=1.5552819910174021 3.5000000000000004 10.500000000000002 -0.4435267372621326 0.98270983078019891 3.9829812312414954 4.9878135843335505 1.9949398888231071 0.030199858773715799 -0.76514077609537645 4.9936386559525756 3.5000000000000004 0.01224054493628219 14.500000000000002 1.0123044448500846 3.9786411023398522 -0.044790908973797873 0.34330622176733294 -1.1443219107003644 -0.63351987614264982 129.50000000000003 76.500000000000014 11.500000000000002 -0.063887243265105684 3.0011073808500774 14.500000000000002 78.500000000000014 1.438366478306347 1.9999481521674403 0.030199858773715799
decision_type=2 2 2 2 2 2 2 2 2 2 2 2 2 2 2 2 2 2 2 2 2 2 2 2 2 2 2 2 2 2
left_child=1 3 -2 4 -1 7 14 8 -5 10 17 24 -12 15 -7 20 -11 -3 -19 -8 -6 -18 -10 -20 -4 -26 -23 -28 29 -22
right_child=2 9 11 5 13 6 19 -9 22 16 12 -13 -14 -15 -16 -17 21 18 23 -21 28 26 -24 -25 25 -27 27 -29 -30 -31
leaf_value=4.8427392601191439 4.8952073686894835 -2.2848390984857998 -0.74645333247616041 -1.4752779496078772 -1.5468642474563508 4.799595646930598 3.4337139075179475 -1.7457924290462734 3.829782993134232 -2.7651191995629709 3.905960253591473 -2.2634660115129996 -0.91661943251131872 -2.359128390607526 -1.7917593755492773 5.0278496620502224 -2.6445549442216487 2.6682130748960229 0.95520766787542621 -1.4828864544770566 -0.62490611816533215 0.10437716769963301 -0.35971219603261773 -1.7609050826857595 4.7555839019939707 -0.80914610617332405 -2.1814476696187448 -0.4834693596945514 -0.23595503237068427 4.5142135473341689
leaf_weight=117.28736585378647 248.28682458400726 326.51921162009239 11.753222465515138 51.910065889358521 9.9167814552784019 36.606390804052353 2.8158762156963375 80.803404450416565 45.666166454553604 2666.7572056651115 11.50836366415024 97.821091145277023 9.3046344518661481 13.344804674386976 2.5710174143314353 5.5093230307102194 404.38431045413017 5.5093230307102194 5.8766112327575675 29.138197362422943 2.5710174143314344 6.8560464382171622 2.6934468150138846 50.930630683898926 4.4074584245681745 4.652317225933075 322.96875900030136 12.120510667562483 5.1420348286628714 5.754181832075119
leaf_count=958 2028 2667 96 424 81 299 23 660 373 21782 94 799 76 109 21 45 3303 45 48 238 21 56 22 416 36 38 2638 99 42 47
internal_value=-1.79198 -2.18827 2.73199 1.6172 3.5858 0.372017 1.93374 -0.241478 0.970791 -2.59814 -1.90161 -1.79537 1.74998 0.0954989 4.36704 1.2292 -2.68174 -2.09707 -1.1132 -1.04962 0.334235 -2.3838 3.59644 -1.47993 0.40467 1.89802 -2.07543 -2.12003 1.71941 2.92713
internal_weight=0 4234.47 366.921 411.73 159.526 252.205 71.1315 181.073 100.27 3822.74 409.649 118.634 20.813 42.2381 39.1774 28.8933 3413.09 388.836 62.3166 31.9541 23.384 746.33 48.3596 56.8072 20.813 9.05978 341.945 335.089 13.4672 8.3252
internal_count=37584 34587 2997 3363 1303 2060 581 1479 819 31224 3346 969 170 345 320 236 27878 3176 509 261 191 6096 395 464 170 74 2793 2737 110 68
is_linear=0
shrinkage=1


Tree=63
num_leaves=31
num_cat=0
split_feature=10 36 46 8 34 35 35 35 35 14 35 34 20 49 35 0 34 20 31 10 6 6 6 49 18 40 49 40 9 14
split_gain=8231.68 6591.75 3500.85 1101.2 716.339 238.766 554.854 359.634 614.773 215.029 255.609 133.344 117.072 97.6097 111.908 91.5621 87.2605 82.5961 64.6182 76.3338 60.5061 51.6178 47.7545 47.5466 37.7898 34.819 48.6364 39.8113 32.9272 29.6136
threshold=1.5552819910174021 3.5000000000000004 10.500000000000002 -0.45128626237464337 0.98270983078019891 3.9829812312414954 4.9719404740209621 1.9937452855582312 0.021372449354867915 -1.0994183075655302 4.9914530442260867 0.022712859276481874 2.8226152211827329 14.500000000000002 3.9786411023398522 -0.59495052060856568 1.0076240587683358 -0.11406589857182009 -1.2821927326242124 -1.0000000180025095e-35 -0.78137799809396824 -0.12000415446219208 -0.48895835778212454 11.500000000000002 0.96580680276558262 0.03500000000000001 14.500000000000002 0.41500000000000004 1.4906560138589964 0.094421792039942734
decision_type=2 2 2 2 2 2 2 2 2 2 2 2 2 2 2 2 2 2 2 2 2 2 2 2 2 2 2 2 2 2
left_child=1 3 -2 4 -1 7 16 8 -5 10 18 -12 -4 14 21 -8 -7 -11 19 -3 24 -6 -17 -10 -20 -14 27 -27 -19 -9
right_child=2 9 12 5 13 6 15 29 23 17 11 -13 25 -15 -16 22 -18 28 20 -21 -22 -23 -24 -25 -26 26 -28 -29 -30 -31
leaf_value=4.8739198072887806 4.8795848020688251 -2.0707895023150034 -2.2021295449170979 -1.4333892105050683 2.0083978545795143 4.8457175440217242 4.80096152867001 -1.0862201966659619 3.8707201818111439 -2.7796386951253913 3.8629910256190692 -1.302942470428976 -2.1681636521247429 -2.2449062716207124 5.0355735133993367 1.7840812519176468 -1.3250180725956995 -2.4533407754099366 -2.5917030046611456 3.4433119954165305 -0.4834693596945514 -1.0170453276140354 -1.9955765384111017 -0.13123743234904817 -1.9450685626508175 0.93973802241768478 -1.0469594240276106 5.2093601687543902 -1.2050365512149774 -2.260163652266348
leaf_weight=119.24623626470566 248.65411278605461 5.6317524313926697 97.821091145277023 49.828766077756882 9.059775650501253 35.749384999275208 2.4485880136489859 36.851249605417252 44.074584245681763 2514.3326018154621 11.141075462102892 9.0597756505012494 3.7953114211559322 12.61022827029228 5.7541818320751181 3.7953114211559322 2.4485880136489859 849.04789373278618 177.1553427875042 4.5298878252506238 20.200851112604141 14.936386883258821 28.036332756280899 3.183164417743682 184.50110682845116 5.3868936300277692 5.7541818320751181 3.6728820204734802 21.670003920793533 51.542777687311172
leaf_count=974 2031 46 799 407 74 292 20 301 360 20537 91 74 31 103 47 31 20 6935 1447 37 165 122 229 26 1507 44 47 30 177 421
internal_value=-1.79198 -2.18908 2.76061 1.57226 3.61908 0.289969 1.82903 -0.311435 1.01722 -2.60467 -1.92276 1.54615 -1.76477 0.086672 1.07495 -1.09165 4.45016 -2.68772 -2.10151 0.387304 -2.16774 0.125214 -1.54493 3.60116 -2.26182 0.53427 1.22663 2.67067 -2.42227 -1.77075
internal_weight=0 4216.84 365.084 419.566 161.607 257.959 72.4782 185.481 97.0865 3797.27 412.22 20.2009 116.43 42.3606 29.7503 34.2802 38.198 3385.05 392.019 10.1616 381.857 23.9962 31.8316 47.2577 361.656 18.6093 14.814 9.05978 870.718 88.394
internal_count=37425 34443 2982 3427 1320 2107 592 1515 793 31016 3367 165 951 346 243 280 312 27649 3202 83 3119 196 260 386 2954 152 121 74 7112 722
is_linear=0
shrinkage=1


Tree=64
num_leaves=31
num_cat=0
split_feature=10 36 46 8 46 35 35 35 35 14 35 46 20 20 0 46 6 14 10 6 6 9 35 35 9 9 35 40 35 20
split_gain=8078.51 6599.03 3548.1 985.283 722.429 231.15 553.246 378.084 677.063 225.297 313.213 124.139 122.768 93.9656 93.7523 74.7565 68.0368 66.0722 78.491 61.5615 49.4361 36.4546 35.2672 61.0831 35.0784 33.7977 32.3447 81.9191 30.7543 26.4852
threshold=1.5552819910174021 3.5000000000000004 7.0000000000000009 -0.66425008661974583 7.0000000000000009 3.9855503962196184 4.9719404740209621 1.9937452855582312 0.030199858773715799 -1.0994183075655302 4.995472352605244 7.0000000000000009 2.8226152211827329 -0.044790908973797873 -0.59495052060856568 17.000000000000004 -0.63351987614264982 -2.535449313321108 -1.0000000180025095e-35 -0.12000415446219208 -0.7904930731381431 0.60814085480596858 3.001626907424972 4.9878135843335505 1.0855026834406998 1.438366478306347 3.9786411023398522 0.51500000000000012 1.0178953655044733 1.0873412765671604
decision_type=2 2 2 2 2 2 2 2 2 2 2 2 2 2 2 2 2 2 2 2 2 2 2 2 2 2 2 2 2 2
left_child=1 3 -2 4 -1 7 -7 8 -5 10 17 -12 -4 -11 -8 19 -16 18 -3 -6 29 -20 -14 -24 -22 -15 -21 -28 -10 -19
right_child=2 9 12 5 15 6 14 -9 28 13 11 -13 22 25 16 -17 -18 20 21 26 24 -23 23 -25 -26 -27 27 -29 -30 -31
leaf_value=4.9332345887627707 4.8847512148870251 -2.2421237906799227 -2.2430205226476989 -1.4234273834594056 2.5131361371293539 4.5136653244466132 4.8204090829597437 -1.7073487143768218 3.9430077963997223 -2.7658492277954458 4.0304774963458687 -1.0736958325437729 -0.64847891124379653 -2.4018942425842189 3.3530027138253815 -2.5048363661727993 -1.8991684620030296 -2.3132347319060633 -0.11757861495492117 -1.1053751064998982 -1.2148881022358666 4.6648286486418833 4.371619368581305 -1.0527523125394458 2.6104597318537874 -1.1677736764134781 4.9176468544084049 -2.2779482327925877 0.30857648774182334 -0.76292101957633673
leaf_weight=112.26776042580605 246.45038357377052 6.9784758388996124 97.821091145277023 50.808201283216476 12.61022827029228 38.810120016336441 2.5710174143314353 86.312727481126785 47.380178064107895 2656.1058478057384 11.875651866197588 7.9579110443592063 12.120510667562487 722.08860522508621 2.6934468150138882 8.8149168491363508 29.260626763105392 342.43503370881081 2.8158762156963331 14.569098681211473 21.792433321475986 3.6728820204734802 4.7747466266155225 3.6728820204734802 2.6934468150138846 22.894297927618027 3.4280232191085807 2.9383056163787842 2.4485880136489859 11.385934263467787
leaf_count=917 2013 57 799 415 103 317 21 705 387 21695 97 65 99 5898 22 72 239 2797 23 119 178 30 39 30 22 187 28 24 20 93
internal_value=-1.79198 -2.1811 2.72334 1.6062 3.60551 0.418456 1.92308 -0.171767 1.14525 -2.59325 -1.89449 1.98251 -1.77607 -2.67782 -0.989031 0.086672 -1.45646 -2.09077 0.0858136 0.767652 -2.16825 2.58944 0.444709 2.0132 -0.7941 -2.36397 -0.283721 1.5966 3.76441 -2.26335
internal_weight=0 4227.61 364.84 414.913 154.628 260.285 73.3352 186.95 100.637 3812.7 411.608 19.8336 118.389 3401.09 34.5251 42.3606 31.9541 391.774 13.4672 33.5457 378.307 6.48876 20.5681 8.44763 24.4859 744.983 20.9354 6.36633 49.8288 353.821
internal_count=37511 34531 2980 3389 1263 2126 599 1527 822 31142 3362 162 967 27780 282 346 261 3200 110 274 3090 53 168 69 200 6085 171 52 407 2890
is_linear=0
shrinkage=1


Tree=65
num_leaves=31
num_cat=0
split_feature=22 36 46 8 34 14 14 35 36 35 35 35 38 34 49 49 35 20 49 35 40 35 35 38 38 20 6 40 6 6
split_gain=8204 6458.38 3307.38 996.599 764.855 239.877 210.417 254.305 154.2 145.282 155.59 258.395 144.055 136.934 132.91 98.7013 113.042 88.7105 70.4006 116.901 125.731 143.776 99.0827 70.0831 68.7645 61.6121 75.4283 61.0225 48.5483 46.1122
threshold=-0.58919495915236875 3.5000000000000004 10.500000000000002 -0.66425008661974583 0.97392298712563552 0.08493228518956035 -1.0994183075655302 4.995472352605244 3.5000000000000004 3.9829812312414954 1.9982340827491976 0.98830039778318834 183.50000000000003 0.99231319516608674 14.500000000000002 14.500000000000002 3.9786411023398522 -0.044790908973797873 14.500000000000002 3.9829812312414954 0.22500000000000003 0.99067853626049052 4.9946815292752342 76.500000000000014 159.50000000000003 0.34330622176733294 -1.1443219107003644 0.51500000000000012 -0.48895835778212454 0.025648231329264606
decision_type=2 2 2 2 2 2 2 2 2 2 2 2 2 2 2 2 2 2 2 2 2 2 2 2 2 2 2 2 2 2
left_child=2 3 -1 4 -2 9 7 25 -4 10 11 -5 -7 -9 27 16 24 -8 19 20 21 -14 -21 -19 -6 -3 -27 -11 -29 -26
right_child=1 6 8 5 15 12 17 13 -10 14 -12 -13 18 -15 -16 -17 -18 23 -20 22 -22 -23 -24 -25 29 26 -28 28 -30 -31
leaf_value=4.7346605006447842 4.904909638340051 -2.2656840093666304 0.83014583531946595 -0.75954303247886457 -1.7787943393561225 -1.5874547438412581 -2.7565686980956992 4.0027278230505381 -2.1983233407006644 5.0101413199327407 -0.93857634864488759 3.7520040257146925 -1.0590840744012193 -1.3970884208458842 -1.1829663716967844 -2.2357831814564424 5.0317955426307481 -2.647260457277131 -1.8447981599758203 4.7748935303667519 -2.0184143248252955 4.0676005298088107 -0.85827676964212152 -2.026495766025199 3.4272570120225496 2.2549870277184465 -1.5359124523114043 4.8009615286700082 -0.98703299114655685 -0.40612113240584313
leaf_weight=254.89801222085953 114.96120724081993 326.15192341804504 20.323280513286591 22.28215092420578 11.018646061420446 67.825887978076935 2667.7366408705711 10.773787260055544 97.331373542547226 20.078421711921699 34.157802790403366 29.505485564470291 10.528928458690645 8.3251992464065534 5.6317524313926688 13.834522277116774 5.6317524313926688 398.26284042000771 10.77378726005554 11.508363664150236 17.017686694860458 11.385934263467787 4.285029023885726 334.7219814658165 6.733617037534712 5.7541818320751181 59.745547533035278 2.4485880136489868 3.55045261979103 5.8766112327575684
leaf_count=2082 939 2664 166 182 90 554 21790 88 795 164 279 241 86 68 46 113 46 3253 88 94 139 93 35 2734 55 47 488 20 29 48
internal_value=-1.79198 -2.18501 2.71038 1.5911 3.55805 0.352405 -2.59025 -1.91418 -1.6752 1.39311 0.718139 1.81087 -0.565974 1.64896 3.22256 -0.0348496 1.00576 -2.67191 0.491783 0.951782 0.0208995 1.6045 3.24651 -2.36378 0.0461857 -2.08794 -1.20288 4.17398 1.37541 1.64083
internal_weight=0 4220.51 372.553 409.037 158.056 250.98 3811.47 410.751 117.655 117.655 85.9454 51.7876 133.326 19.099 31.7092 43.0951 29.2606 3400.72 65.4997 54.7259 38.9325 21.9149 15.7934 732.985 23.6289 391.652 65.4997 26.0775 5.99904 12.6102
internal_count=37516 34473 3043 3341 1291 2050 31132 3355 961 961 702 423 1089 156 259 352 239 27777 535 447 318 179 129 5987 193 3199 535 213 49 103
is_linear=0
shrinkage=1


Tree=66
num_leaves=31
num_cat=0
split_feature=10 36 34 8 34 35 35 35 35 14 35 34 36 49 35 34 20 6 14 10 6 38 6 33 35 14 38 35 35 35
split_gain=8132 6594.1 3492.63 1032.53 731.198 256.859 544.422 357.484 661.743 234.92 249.447 154.028 149.933 89.0578 104.784 87.7365 85.4411 77.9308 69.6054 74.9035 65.6435 62.849 53.5656 52.4156 43.5829 40.9685 37.8654 30.7236 54.2454 47.7441
threshold=1.5552819910174021 3.5000000000000004 0.031450555220707131 -0.66425008661974583 0.97392298712563552 3.9829812312414954 4.9719404740209621 1.9870976676944114 0.021372449354867915 -1.0994183075655302 4.9914530442260867 0.01224054493628219 3.5000000000000004 14.500000000000002 3.9786411023398522 1.0076240587683358 -0.044790908973797873 -0.12000415446219208 -2.535449313321108 -1.0000000180025095e-35 -0.48895835778212454 76.500000000000014 -0.78137799809396824 -0.096747904038029561 0.99067853626049052 0.094421792039942734 507.50000000000006 1.9999481521674403 3.0011073808500774 4.9878135843335505
decision_type=2 2 2 2 2 2 2 2 2 2 2 2 2 2 2 2 2 2 2 2 2 2 2 2 2 2 2 2 2 2
left_child=1 3 -2 4 -1 7 15 8 -5 10 18 -12 24 14 17 -7 -11 -6 19 -3 -8 -18 -20 -21 -4 -9 -19 -26 -29 -30
right_child=2 9 12 5 13 6 20 25 -10 16 11 -13 -14 -15 -16 -17 21 26 22 23 -22 -23 -24 -25 27 -27 -28 28 29 -31
leaf_value=4.8991839864118241 4.8697018938327279 -2.2023188549991839 -2.0510600994123762 -1.4344454594125671 2.6961377682351242 4.8565905793127335 2.3505696881637266 -0.95563841086332968 3.772997497591478 -2.7679074885419892 4.1080604651560595 -1.5583887240724885 -2.2532432670803493 -2.0675610545673009 5.0237244232614913 -1.3250180725956995 -2.6522822665619068 -2.2779482327925877 -2.22689840278204 -1.0138572039599811 -1.6149634274608009 -2.0661640851366738 -0.56202181088116787 4.7288911804198275 4.4991016642598165 -2.3318622446849151 0.94780914178694076 -1.883879369553273 4.3925628885856316 -0.42372452206465283
leaf_weight=116.06307184696198 247.30738937854767 6.6111876368522644 4.4074584245681789 51.175489485263824 7.9579110443592098 36.851249605417252 4.8971760272979727 38.442831814289093 46.645601660013199 2658.5544358193874 10.896216660737993 8.5700580477714521 97.821091145277023 13.467234075069426 5.3868936300277701 2.4485880136489859 398.26284042000771 10.284069657325746 352.5966739654541 2.5710174143314362 28.281191557645798 338.39486348628998 20.44570991396904 4.1625996232032758 2.815876215696334 49.461477875709534 5.6317524313926688 4.6523172259330741 4.8971760272979719 3.5504526197910309
leaf_count=948 2020 54 36 418 65 301 40 314 381 21715 89 70 799 110 44 20 3253 84 2880 21 231 2764 167 34 23 404 46 38 40 29
internal_value=-1.79198 -2.18432 2.73297 1.59061 3.59718 0.356601 1.95321 -0.266466 1.0487 -2.59845 -1.87941 1.6134 -1.73976 0.0604948 1.03993 4.47144 -2.6844 0.141028 -2.05537 0.18868 -1.02964 -2.38304 -2.13565 2.53621 0.731737 -1.73 -1.13653 1.50236 0.858197 2.36833
internal_weight=0 4218.06 365.452 416.995 158.791 258.204 72.4782 185.725 97.8211 3801.07 405.853 19.4663 118.144 42.7279 29.2606 39.2998 3395.21 23.8737 386.387 13.3448 33.1784 736.658 373.042 6.73362 20.3233 87.9043 15.9158 15.9158 13.0999 8.44763
internal_count=37438 34453 2985 3406 1297 2109 592 1517 799 31047 3315 159 965 349 239 321 27732 195 3156 109 271 6017 3047 55 166 718 130 130 107 69
is_linear=0
shrinkage=1


Tree=67
num_leaves=31
num_cat=0
split_feature=10 9 46 8 46 42 42 6 35 49 40 40 40 35 20 46 20 20 6 20 38 49 38 20 9 6 38 35 35 6
split_gain=8157.2 5082.35 3545.75 841.019 632.537 360.034 306.906 244.099 233.507 182.384 332.379 464.912 318.801 688.07 146.17 142.873 108.351 85.3441 103.639 84.8578 82.6106 79.6741 77.5995 62.2046 46.05 45.2418 44.8317 41.4713 70.6844 39.419
threshold=1.5552819910174021 1.20733357875903 10.500000000000002 -0.4435267372621326 7.0000000000000009 0.84375000000000011 0.21875000000000003 -0.76514077609537645 4.9821933372715934 14.500000000000002 0.38000000000000006 0.43500000000000005 0.13500000000000004 0.021372449354867915 2.8226152211827329 7.0000000000000009 1.0000000180025095e-35 0.40157796039690868 -1.1443219107003644 1.651340523002 76.500000000000014 14.500000000000002 76.500000000000014 -0.011222982852585571 1.5303348782786643 -0.23682724366297445 78.500000000000014 3.0011073808500774 4.9878135843335505 -0.78137799809396824
decision_type=2 2 2 2 2 2 2 2 2 2 2 2 2 2 2 2 2 2 2 2 2 2 2 2 2 2 2 2 2 2
left_child=1 6 -2 4 5 23 25 8 17 10 12 -12 13 -5 -4 -10 -9 29 -19 22 -6 -22 -18 24 -3 -1 -24 -16 -29 -8
right_child=2 3 14 9 20 -7 7 16 15 -11 11 -13 -14 -15 27 -17 19 18 -20 -21 21 -23 26 -25 -26 -27 -28 28 -30 -31
leaf_value=3.4767598774873218 4.8976981738436152 -0.73098368701841854 -2.2805167776987787 -1.4735266689900197 -2.0039145132554492 -2.2779482327925877 -2.2985096917219048 -2.7596543888576521 3.9888584857435965 -2.1885680590367467 4.8366769990956406 -0.8967942558081935 -1.657342456193774 4.1048858590922297 -0.47618952653796742 -1.4133204812625926 -2.6420020229104804 3.123920304493724 -1.3480264466849603 3.575765608416869 1.6501317970692857 -2.0652406077486396 1.0257643434997603 4.5401547652491221 4.3018076352335441 0.10437716769963301 -1.9894705010342102 4.80096152867001 -1.3250180725956997 -0.67917836269481846
leaf_weight=8.0803404450416547 247.06253057718277 4.0401702225208274 97.331373542547226 51.175489485263824 18.854127705097198 8.8149168491363508 312.07254233956337 2714.1373837292194 10.651357859373094 36.361532002687454 32.198932379484177 25.220456540584564 99.902390956878662 38.93254941701889 12.487798869609835 9.0597756505012494 344.27147471904755 5.7541818320751181 52.154924690723419 2.4485880136489859 21.914862722158436 7.8354816436767569 5.0196054279804221 109.08459600806236 3.3055938184261322 7.8354816436767569 279.62875115871429 4.8971760272979727 3.0607350170612335 15.793392688035963
leaf_count=66 2018 33 795 418 154 72 2549 22169 87 297 263 206 816 318 102 74 2812 47 426 20 179 64 41 891 27 64 2284 40 25 129
internal_value=-1.79198 -2.18315 2.74526 0.963675 2.6957 3.88396 -2.56545 -2.58405 -1.8513 -0.0973556 0.209963 2.31835 -0.427173 0.936711 -1.76993 1.50587 -2.67286 -2.02283 -0.903668 -2.29973 -0.366259 0.671598 -2.3226 4.35048 1.53377 1.81651 -1.9363 0.660729 2.44482 -2.22051
internal_weight=0 4224.55 364.84 457.641 173.85 125.245 3766.91 3750.99 405.486 283.791 247.43 57.4194 190.01 90.108 117.777 19.7111 3345.51 385.775 57.9091 631.368 48.6045 29.7503 628.92 116.43 7.34576 15.9158 284.648 20.4457 7.95791 327.866
internal_count=37486 34506 2980 3738 1420 1023 30768 30638 3312 2318 2021 469 1552 736 962 161 27326 3151 473 5157 397 243 5137 951 60 130 2325 167 65 2678
is_linear=0
shrinkage=1


Tree=68
num_leaves=31
num_cat=0
split_feature=10 36 34 8 34 14 35 35 35 35 35 34 20 0 20 34 38 34 38 14 10 6 6 6 40 33 6 38 40 35
split_gain=8066.56 6541.47 3650.68 1047.91 674.786 219.358 257.037 218.058 598.056 339.813 613.684 139.773 135.173 100.347 93.9519 87.4767 80.7081 76.9737 70.3056 68.8189 93.38 73.2602 61.9282 42.6013 36.596 36.1822 34.6605 32.2178 32.0933 44.0242
threshold=1.5552819910174021 3.5000000000000004 0.031450555220707131 -0.45128626237464337 0.97392298712563552 -1.1453800006332731 4.995472352605244 3.9829812312414954 4.9719404740209621 1.9937452855582312 0.030199858773715799 0.01224054493628219 2.8226152211827329 -0.59495052060856568 1.0000000180025095e-35 1.0086014403560746 47.500000000000007 1.0058521794213908 76.500000000000014 -2.535449313321108 0.12152438448906204 -0.78137799809396824 -0.62582628441099386 0.53898518654417926 0.03500000000000001 -0.096747904038029561 1.3974503352586811 78.500000000000014 0.13500000000000004 3.0011073808500774
decision_type=2 2 2 2 2 2 2 2 2 2 2 2 2 2 2 2 2 2 2 2 2 2 2 2 2 2 2 2 2 2
left_child=1 3 -2 4 26 6 19 9 17 10 -5 -8 -4 -10 -7 16 -6 -9 -16 20 -3 -21 -15 -18 -14 -22 -1 -20 -26 -30
right_child=2 5 12 7 15 14 11 8 13 -11 -12 -13 24 22 18 -17 23 -19 27 21 25 -23 -24 -25 28 -27 -28 -29 29 -31
leaf_value=4.9280091142290914 4.9053413299818995 -2.5130868437502616 -2.2565229611174589 -1.4171079620264913 -1.5781101875775692 -2.7596959001178147 4.0827432305905802 4.8771036480077772 4.8204090829597437 -1.6877823526140743 3.5967091284211956 -1.2802620572439865 -2.0510600994123762 3.1673669683324879 -2.6439194943749103 -2.3014194190043336 2.7763469937836116 -0.91661943251131872 0.46053877242438368 -2.2555035545512272 -0.23595503237068471 -0.093726650251745758 -2.0621278132358012 -0.4174655390748534 4.1883635685434317 4.5092482143240229 1.1253737679105846 -2.0346189303268538 -1.5683193900927774 2.0396990815323326
leaf_weight=113.73691323399544 246.69524237513542 6.733617037534712 101.12668496370316 49.951195478439331 8.692487448453905 2744.8671633005142 10.651357859373094 36.116673201322556 2.5710174143314353 86.557586282491684 47.747466266155243 8.9373462498188001 4.4074584245681789 2.4485880136489859 355.90226778388023 10.651357859373091 17.262545496225361 2.4485880136489859 5.2644642293453208 352.71910336613655 2.5710174143314362 16.405539691448212 30.117632567882538 5.5093230307102194 2.9383056163787868 4.2850290238857269 2.4485880136489859 304.11463129520416 5.7541818320751181 8.2027698457241041
leaf_count=929 2015 55 826 408 71 22420 87 295 21 707 390 73 36 20 2907 87 141 20 43 2881 21 134 246 45 24 35 20 2484 47 67
internal_value=-1.79198 -2.18462 2.68989 1.57942 3.60482 -2.59559 -1.89722 0.336488 1.79021 -0.245 1.03325 1.63587 -1.77426 -1.1941 -2.67798 0.175609 1.01414 4.50925 -2.34083 -2.07806 0.131972 -2.15942 -1.66893 2.00365 0.515123 2.7298 4.84787 -1.99216 1.18456 0.552183
internal_weight=0 4228.71 369.125 416.26 158.301 3812.45 402.303 257.959 73.7025 184.256 97.6987 19.5887 122.429 35.1372 3410.15 42.1157 31.4644 38.5653 665.281 382.714 13.5897 369.125 32.5662 22.7719 21.3027 6.85605 116.186 309.379 16.8953 13.957
internal_count=37555 34540 3015 3400 1293 31140 3286 2107 602 1505 798 160 1000 287 27854 344 257 315 5434 3126 111 3015 266 186 174 56 949 2527 138 114
is_linear=0
shrinkage=1


Tree=69
num_leaves=31
num_cat=0
split_feature=10 36 46 2 34 35 35 35 35 14 35 34 20 0 20 38 38 49 35 34 14 10 14 25 2 14 14 38 9 35
split_gain=8196.65 6605.42 3603.53 891.352 756.53 232.504 508.487 357.132 653.538 207.175 276.858 130.405 129.365 88.8373 88.0992 87.6859 76.2032 74.9381 75.1334 68.4392 63.8507 91.6508 41.7461 41.4882 128.356 38.5058 37.0195 36.0967 37.15 34.0279
threshold=1.5552819910174021 3.5000000000000004 10.500000000000002 -0.5664734721152126 0.024778475639627966 3.9829812312414954 4.9719404740209621 1.9810096221475402 0.021372449354867915 -1.0994183075655302 4.995472352605244 0.01224054493628219 2.8226152211827329 -0.59495052060856568 1.0000000180025095e-35 76.500000000000014 76.500000000000014 14.500000000000002 3.9786411023398522 1.0026445942072915 -2.535449313321108 -1.0000000180025095e-35 0.094421792039942734 2.1900440325832595 -0.77388129802179073 -1.1611026191662626 -0.48434266572258294 78.500000000000014 1.438366478306347 2.9748269260642926
decision_type=2 2 2 2 2 2 2 2 2 2 2 2 2 2 2 2 2 2 2 2 2 2 2 2 2 2 2 2 2 2
left_child=1 3 -2 4 23 7 19 8 -5 10 20 -12 -4 -8 -11 -6 -16 18 29 -7 21 -3 -9 -1 -25 -22 -15 -18 -29 -17
right_child=2 9 12 5 15 6 13 22 -10 14 11 -13 -14 26 16 17 27 -19 -20 -21 25 -23 -24 24 -26 -27 -28 28 -30 -31
leaf_value=4.9064687175175212 4.8888904168490406 -2.4140811128207145 -2.2787937786312717 -1.4206228433024757 -1.7606432886857055 4.8802477115435359 4.8009615286700011 -0.92378432093385177 3.9491586507797307 -2.7579574933457027 4.164619461561788 -1.1993569525697363 0.52033874556335391 1.7536793680403933 -2.6584410094052551 1.6547794124644088 0.71697512782620398 -1.5972838326519532 5.209360168754392 -0.35971219603261773 -2.2686826440995738 2.7435570588109619 -2.358938680404258 4.808478068058065 -0.14207028752370032 -0.99515763252754585 -1.8568860689846605 -2.0963780971440347 -0.34168930812068576 -1.8319956947694134
leaf_weight=99.045385152101517 249.63354799151421 7.3457640409469604 98.555667549371719 48.114754468202591 18.364410102367401 33.42322638630867 2.4485880136489895 34.892379194498062 42.850290238857269 2750.9886333346367 10.528928458690645 7.9579110443592063 19.833562910556793 3.1831644177436891 363.12560242414474 13.222375273704538 4.8971760272979727 8.0803404450416547 5.3868936300277701 2.6934468150138846 350.76023295521736 6.4887582361698133 48.35961326956749 19.955992311239246 7.1009052395820609 25.465315341949463 26.322321146726605 279.50632175803185 12.61022827029228 3.55045261979103
leaf_count=809 2039 60 805 393 150 273 20 285 350 22470 86 65 162 26 2966 108 40 66 44 22 2865 53 395 163 58 208 215 2283 103 29
internal_value=-1.79198 -2.18607 2.73397 1.59301 3.31476 0.351501 1.91867 -0.260828 1.10888 -2.59863 -1.92568 1.85562 -1.80986 -0.987033 -2.67923 -0.0370707 -2.35117 1.00963 1.96022 4.48947 -2.1049 0.00498812 -1.75744 4.60667 3.50924 -2.18248 -1.46736 -1.97549 -2.02063 0.916703
internal_weight=0 4236.67 368.023 416.995 174.707 242.288 68.0707 174.217 90.965 3819.67 408.547 18.4868 118.389 31.9541 3411.13 48.6045 660.139 30.2401 22.1597 36.1167 390.06 13.8345 83.252 126.102 27.0569 376.226 29.5055 297.014 292.117 16.7728
internal_count=37611 34605 3006 3406 1427 1979 556 1423 743 31199 3337 151 967 261 27862 397 5392 247 181 295 3186 113 680 1030 221 3073 241 2426 2386 137
is_linear=0
shrinkage=1


Tree=70
num_leaves=31
num_cat=0
split_feature=10 36 46 8 34 35 35 35 35 14 35 9 34 0 20 38 38 20 6 34 34 46 9 35 6 34 38 6 38 20
split_gain=8242.83 6626.72 3566.18 1020.41 726.611 245.958 535.221 390.372 607.602 221.564 290.181 156.683 125.145 90.5933 89.297 80.4216 67.3529 64.7194 93.6739 64.5167 52.7399 52.2463 41.1703 40.523 40.0086 38.8049 38.737 30.9526 30.6343 26.5947
threshold=1.5552819910174021 3.5000000000000004 10.500000000000002 -0.45128626237464337 0.97392298712563552 3.0164114252672101 4.9891513103235621 1.9949398888231071 0.021372449354867915 -1.0994183075655302 4.995472352605244 1.20733357875903 0.01224054493628219 -0.58880181967462397 -0.044790908973797873 76.500000000000014 76.500000000000014 0.34330622176733294 -1.1961339953951045 1.0052488024084618 1.0073264878603008 1.5000000000000002 1.438366478306347 0.99067853626049052 1.3133051261033066 1.0086014403560746 86.500000000000014 1.3974503352586811 20.500000000000004 3.0639810612353506
decision_type=2 2 2 2 2 2 2 2 2 2 2 2 2 2 2 2 2 2 2 2 2 2 2 2 2 2 2 2 2 2
left_child=1 3 -2 4 27 7 19 8 29 10 17 -4 -12 -8 -11 -6 -16 -3 -19 -7 24 -15 26 -13 -17 28 -18 -1 -10 -5
right_child=2 9 11 5 15 6 13 -9 25 14 12 23 -14 21 16 20 22 18 -20 -21 -22 -23 -24 -25 -26 -27 -28 -29 -30 -31
leaf_value=4.9256305872220842 4.9003017384202661 -2.2787138845362778 -2.3113393165730716 -1.5724031496180919 -1.8477683319037068 4.7954426281283293 4.80096152867001 -1.868733203622581 0.30857648774182334 -2.7639057410189083 3.9196802526984507 -1.8548325245970581 -1.0564819804854217 1.555267073262562 -2.6498141570094882 2.4466634858306384 -0.89599323856766322 3.6284622071374337 -1.4880578428055109 -0.50822079242693818 -1.4174856892185781 -2.0905189052176305 -0.31158441016408811 1.5501083535983406 -1.7917593755492773 -0.23595503237068427 -2.2102993783000828 1.4966452588963852 3.9407649379745711 1.2662008851810609
leaf_weight=116.30793064832687 249.14383038878441 326.51921162009239 97.331373542547226 46.890460461378098 15.303675085306166 36.239102602005005 2.4485880136489859 81.66041025519371 2.4485880136489859 2675.8169813156128 11.630793064832689 4.5298878252506283 8.9373462498188001 4.6523172259330776 395.07967600226402 16.650398492813117 24.241021335124969 3.7953114211559287 62.561423748731613 2.4485880136489859 6.4887582361698142 25.342885941267014 13.222375273704527 15.303675085306166 2.5710174143314353 2.5710174143314353 299.33988466858864 2.6934468150138846 44.931590050458908 3.55045261979103
leaf_count=950 2035 2667 795 383 125 296 20 667 20 21856 95 37 73 38 3227 136 198 31 511 20 53 207 108 125 21 21 2445 22 367 29
internal_value=-1.79198 -2.18399 2.76061 1.62029 3.59701 0.370982 1.94779 -0.24511 1.07557 -2.59537 -1.90406 -1.78932 1.75742 -1.04762 -2.67925 -0.0327716 -2.36972 -2.09574 -1.19542 4.45977 1.04758 -1.52505 -2.04116 0.772437 1.87974 3.54774 -2.11184 4.84802 3.75305 -1.3726
internal_weight=0 4234.34 366.309 413.199 160.015 253.184 71.1315 182.053 100.392 3821.14 413.444 117.165 20.5681 32.4438 3407.7 41.0138 731.883 392.876 66.3567 38.6877 25.7102 29.9952 336.803 19.8336 19.2214 49.9512 323.581 119.001 47.3802 50.4409
internal_count=37578 34586 2992 3375 1307 2068 581 1487 820 31211 3377 957 168 265 27834 335 5978 3209 542 316 210 245 2751 162 157 408 2643 972 387 412
is_linear=0
shrinkage=1


Tree=71
num_leaves=31
num_cat=0
split_feature=1 36 46 8 46 35 35 35 35 14 35 36 46 0 49 20 35 14 14 1 1 33 14 20 49 40 35 35 46 9
split_gain=8079.56 6407.3 3430.62 1008.31 735.07 254.049 540.95 337.488 660.776 247.435 284.355 154.102 132.953 102.668 98.5881 93.8138 92.7326 86.723 80.8754 97.7672 62.5052 52.7182 47.0574 34.0779 33.2052 63.0163 31.701 59.9903 30.9953 29.9307
threshold=1.5367684771616057 3.5000000000000004 10.500000000000002 -0.65934424735539465 7.0000000000000009 3.9829812312414954 4.9719404740209621 1.9937452855582312 0.98830039778318834 -1.0994183075655302 4.9821933372715934 3.5000000000000004 7.0000000000000009 -0.59495052060856568 14.500000000000002 1.0000000180025095e-35 3.9786411023398522 0.07817701666252462 -2.535449313321108 -0.038335830237856278 1.6330604916994051 -0.096747904038029561 -1.1611026191662626 1.0422042645942826 14.500000000000002 0.41500000000000004 1.9999481521674403 0.98268797370888072 1.5000000000000002 1.0005500805993564
decision_type=2 2 2 2 2 2 2 2 2 2 2 2 2 2 2 2 2 2 2 2 2 2 2 2 2 2 2 2 2 2
left_child=1 3 20 4 -1 7 -7 8 -5 10 18 24 -12 -8 16 -11 17 -6 19 -3 -2 -21 23 -20 25 26 27 -4 -15 -24
right_child=2 9 11 5 14 6 13 -9 -10 15 12 -13 -14 28 -16 -17 -18 -19 22 21 -22 -23 29 -25 -26 -27 -28 -29 -30 -31
leaf_value=4.9347320159861532 2.9961030224906513 -2.772976887440322 -1.2083327468573053 -1.4503778470100896 2.5956088722143513 4.5485209453168824 5.209360168754392 -1.7239190698874201 3.796521630084102 -2.7524888831921217 4.0056589137688459 -2.2088953226333929 -1.1435075658915301 0.81122096784567432 -2.2715868832585633 -2.3324064389296981 5.005160848712201 -1.3683878396843063 -2.2786840861981452 -0.91661943251131905 4.8826412566868864 4.7904897686678485 -1.2148881022358666 -0.65672938882125842 -1.0624760896843117 4.9618458414305238 -1.9376160327222705 4.8826412566868846 -1.9673537977769584 2.0678321681053093
leaf_weight=112.87990742921829 18.976557105779648 5.386893630027771 3.4280232191085833 51.053060084581375 9.1822050511837059 37.830684810876846 2.4485880136489859 84.231427669525146 45.298878252506256 2741.0718518793583 11.630793064832689 101.37154376506805 8.8149168491363508 4.774746626615527 13.099945873022078 659.5271814763546 4.8971760272979727 13.834522277116774 339.74158689379692 2.4485880136489868 235.67659631371498 4.7747466266155225 21.792433321475986 13.467234075069426 6.8560464382171622 4.0401702225208274 3.9177408218383789 3.0607350170612335 25.220456540584564 3.183164417743682
leaf_count=922 155 44 28 417 75 309 20 688 370 22389 95 828 72 39 107 5387 40 113 2775 20 1925 39 178 110 56 33 32 25 206 26
internal_value=-1.79198 -2.18073 2.64925 1.60221 3.61735 0.36598 1.97917 -0.261797 1.0164 -2.58242 -1.84977 -1.6951 1.78566 -1.01679 -0.00838962 -2.67102 1.05372 0.212994 -2.03997 0.451318 4.74206 2.85588 -2.12304 -2.21684 0.749835 1.60991 0.308576 1.66477 -1.52505 -0.796502
internal_weight=0 4216.59 377.327 404.752 153.894 250.858 70.2745 180.583 96.3519 3811.84 411.24 122.674 20.4457 32.4438 41.0138 3400.6 27.9139 23.0167 390.795 12.6102 254.653 7.22333 378.184 353.209 21.3027 14.4467 10.4065 6.48876 29.9952 24.9756
internal_count=37523 34441 3082 3306 1257 2049 574 1475 787 31135 3359 1002 167 265 335 27776 228 188 3192 103 2080 59 3089 2885 174 118 85 53 245 204
is_linear=0
shrinkage=1


Tree=72
num_leaves=31
num_cat=0
split_feature=10 36 46 8 34 35 35 35 35 6 35 20 34 34 49 35 20 38 6 14 10 6 9 40 6 14 38 25 49 40
split_gain=8253.53 6605.19 3559.92 1016.32 760.835 263.889 528.546 372.62 654.347 191.936 233.209 143.337 128.402 127.198 86.988 98.4644 84.7544 78.397 73.3361 66.0533 86.7331 56.0222 46.3297 44.5544 44.5383 36.9238 36.5722 33.2007 32.481 35.7363
threshold=1.5552819910174021 3.5000000000000004 10.500000000000002 -0.45128626237464337 0.98615402669926089 3.9829812312414954 4.9860846871693445 1.022266111254815 0.021372449354867915 -0.76514077609537645 4.9821933372715934 2.8226152211827329 0.01224054493628219 1.0123044448500846 14.500000000000002 3.9975934780516051 1.0000000180025095e-35 76.500000000000014 -0.62582628441099386 -2.535449313321108 -1.0000000180025095e-35 -0.11361271675088158 1.438366478306347 0.03500000000000001 -0.78137799809396824 0.094421792039942734 78.500000000000014 0.72957021672490352 14.500000000000002 0.41500000000000004
decision_type=2 2 2 2 2 2 2 2 2 2 2 2 2 2 2 2 2 2 2 2 2 2 2 2 2 2 2 2 2 2
left_child=1 3 -2 4 -1 7 13 8 -5 10 19 -4 -12 -7 15 21 -11 -18 -8 20 -3 -6 26 -13 -21 -9 -19 -20 29 -25
right_child=2 9 11 5 14 6 18 25 -10 16 12 23 -14 -15 -16 -17 17 22 27 24 -22 -23 -24 28 -26 -27 -28 -29 -30 -31
leaf_value=4.8634026430630772 4.8748356854088239 -2.2160696509616207 -2.2470469041972461 -1.4659881615588359 2.0131968985288018 4.8890475098646817 3.6385961684298507 -0.9776757076069903 3.8010889960496308 -2.7540388698425176 3.8480313684731207 -2.2160696509616207 -1.261371531283848 -2.5502139928488416 -2.2227592273757795 4.9999249687111202 -2.6713810868172017 0.49008699444599246 0.70864046170203165 -2.2744576461252 3.1673669683324888 -1.266149800151104 -0.1037871876831824 1.0384804402330574 -0.70718423246804663 -2.2859560492648305 -2.1112250112342488 -1.9124683332096855 -0.4174655390748534 4.9541110187016528
leaf_weight=118.51165986061096 251.1027007997036 6.7336170375347137 99.779961556196213 48.23718386888504 8.4476286470890063 37.463396608829498 3.183164417743682 36.851249605417252 46.155884057283401 2737.3989698588848 10.284069657325746 4.0401702225208309 9.4270638525485975 2.4485880136489859 13.589663475751875 4.7747466266155234 358.59571459889412 5.5093230307102194 5.9990406334400204 358.10599699616432 5.3868936300277692 13.589663475751879 12.61022827029228 5.7541818320751172 19.098986506462097 52.03249529004097 284.40349778532982 24.853168338537216 5.5093230307102194 3.9177408218383789
leaf_count=968 2051 55 815 394 69 306 26 301 377 22359 84 33 77 20 111 39 2929 45 49 2925 44 111 103 47 156 425 2323 203 45 32
internal_value=-1.79198 -2.18512 2.73978 1.59757 3.58583 0.369224 1.96381 -0.274149 1.10948 -2.59854 -1.95137 -1.76535 1.4044 4.43265 -0.161701 0.882945 -2.67643 -2.35509 -0.93131 -2.12127 0.176569 -0.0090669 -1.98017 0.735184 -2.1951 -1.74354 -2.06179 -1.40281 1.5206 2.62456
internal_weight=0 4223.69 370.104 416.138 158.913 257.224 73.9474 183.277 94.3931 3807.55 409.037 119.001 19.7111 39.912 40.4017 26.812 3398.52 661.119 34.0354 389.325 12.1205 22.0373 302.523 19.2214 377.205 88.8837 289.913 30.8522 15.1812 9.67192
internal_count=37522 34499 3023 3399 1298 2101 604 1497 771 31100 3341 972 161 326 330 219 27759 5400 278 3180 99 180 2471 157 3081 726 2368 252 124 79
is_linear=0
shrinkage=1


Tree=73
num_leaves=31
num_cat=0
split_feature=10 36 49 2 49 49 35 35 35 40 14 35 20 49 49 35 20 6 38 38 20 6 35 15 2 35 35 35 38 6
split_gain=8332.04 6564.93 3426.47 873.693 728.065 210.672 401.679 390.637 609.493 280.078 202.973 249.729 143.713 132.267 98.9829 127.317 90.1799 67.647 67.5956 63.7816 57.7956 88.572 47.3176 36.4612 119.716 35.8669 59.5852 34.5783 29.3375 27.1522
threshold=1.5552819910174021 3.5000000000000004 7.5000000000000009 -0.5664734721152126 7.5000000000000009 14.500000000000002 3.9855503962196184 1.9917766687961107 0.021372449354867915 0.51500000000000012 -1.0994183075655302 4.9936386559525756 2.8226152211827329 14.500000000000002 14.500000000000002 3.9786411023398522 1.0000000180025095e-35 -0.37236928794436103 73.500000000000014 76.500000000000014 0.34330622176733294 -1.1443219107003644 2.0014224994999155 0.69090251700898742 -0.78866886814977144 3.0011073808500774 4.9878135843335505 0.030199858773715799 86.500000000000014 -0.7904930731381431
decision_type=2 2 2 2 2 2 2 2 2 2 2 2 2 2 2 2 2 2 2 2 2 2 2 2 2 2 2 2 2 2
left_child=1 3 -2 4 23 6 7 8 -5 -8 11 20 -4 -13 15 18 -12 -11 -6 -18 -3 -22 27 -1 -25 -14 -27 -20 -21 -23
right_child=2 10 12 5 14 -7 9 -9 -10 17 16 13 25 -15 -16 -17 19 -19 22 28 21 29 -24 24 -26 26 -28 -29 -30 -31
leaf_value=4.8677721303074311 4.9022023592896424 -2.2774368395543152 -2.1961292384022815 -1.2873559501671687 -2.185966557097907 -2.0988260222292627 4.8778188373205769 -1.6948383395125002 4.0134967475128356 4.3925628885856263 -2.7595449567415766 3.9099099503040873 -0.374866134440202 -1.3970884208458842 -2.1022929037240368 5.049203839309536 -2.6344645504851334 -1.3750260693407257 -0.6249061181653337 -0.89367568868635361 2.9055729682783977 -1.7864434153789632 -1.7574401620968083 4.8736900536165439 -0.041479489473360109 4.4314579971650954 -1.0736958325437731 3.0652673083113933 -2.0978939031803643 0.56846653143188375
leaf_weight=99.535102754831314 247.42981877923012 325.90706461668015 95.739791333675385 42.483002036809921 9.059775650501253 30.240061968564987 33.178367584943771 75.171652019023895 44.319443047046661 2.4485880136489877 2742.7858634889126 10.773787260055544 11.998081266880037 8.3251992464065534 15.181245684623716 6.2438994348049155 357.86113819479942 11.998081266880032 3.4280232191085842 21.792433321475983 4.7747466266155234 53.746506899595261 4.1625996232032767 17.874692499637607 6.8560464382171622 5.1420348286628705 3.1831644177436829 9.7943520545959455 282.32219797372818 5.3868936300277701
leaf_count=813 2021 2662 782 347 74 247 271 614 362 20 22403 88 98 68 124 51 2923 98 28 178 39 439 34 146 56 42 26 80 2306 44
internal_value=-1.79198 -2.18997 2.79941 1.60234 3.32132 0.368617 0.724609 -0.0260449 1.41914 3.2776 -2.59964 -1.93395 -1.68344 1.5966 0.00776112 0.987711 -2.67959 -0.397469 0.0287478 -2.34832 -2.10693 -1.23739 1.18289 4.59777 3.51107 0.731737 2.32655 2.10856 -2.0116 -1.57192
internal_weight=0 4225.65 363.493 411.975 172.136 239.839 209.599 161.974 86.8024 47.625 3813.68 408.914 116.063 19.099 47.8699 32.6886 3404.76 14.4467 26.4448 661.976 389.815 63.9081 17.385 124.266 24.7307 20.3233 8.3252 13.2224 304.115 59.1334
internal_count=37484 34515 2969 3365 1406 1959 1712 1323 709 389 31150 3340 948 156 391 267 27810 118 216 5407 3184 522 142 1015 202 166 68 108 2484 483
is_linear=0
shrinkage=1


Tree=74
num_leaves=31
num_cat=0
split_feature=10 36 46 2 34 14 35 35 35 35 35 20 34 0 20 38 38 34 20 6 6 9 46 40 35 40 35 46 38 14
split_gain=8387.95 6724.26 3565.72 931.767 691.851 213.14 316.785 200.992 599.36 458.525 517.963 137.766 131.993 92.7415 84.1377 79.3779 70.7195 66.0844 60.1797 75.1523 51.5407 41.88 35.3665 37.8927 34.286 35.5803 46.2577 33.8826 31.0688 31.0065
threshold=1.5552819910174021 3.5000000000000004 10.500000000000002 -0.5664734721152126 0.024778475639627966 -1.0994183075655302 4.9936386559525756 0.021372449354867915 1.9810096221475402 3.9829812312414954 4.9719404740209621 2.8226152211827329 0.01224054493628219 -0.59495052060856568 1.0000000180025095e-35 76.500000000000014 76.500000000000014 1.0112457448216736 0.34330622176733294 -1.1443219107003644 0.87837208639158482 1.438366478306347 21.500000000000004 0.03500000000000001 4.999625008347782 0.41500000000000004 1.9999481521674403 1.5000000000000002 78.500000000000014 0.094421792039942734
decision_type=2 2 2 2 2 2 2 2 2 2 2 2 2 2 2 2 2 2 2 2 2 2 2 2 2 2 2 2 2 2
left_child=1 3 -2 4 -1 6 18 -5 -9 29 -11 -4 -8 -12 -7 -6 -16 20 -3 -20 -17 28 23 -13 25 26 -25 -15 -18 -10
right_child=2 5 11 7 15 14 12 8 9 10 13 22 -14 27 16 17 21 -19 19 -21 -22 -23 -24 24 -26 -27 -28 -29 -30 -31
leaf_value=4.636169094951752 4.8971831724634765 -2.2892583663296677 -2.2355127963748425 -1.4735266689900197 -1.7020014326735893 -2.75911548280413 4.2327547250743489 3.9364293425173611 -0.97934277313861273 4.5117397159412143 4.8009615286700011 -1.517205667929526 -0.97496209538051604 1.125373767910582 -2.6644983859588738 2.5037191781953676 0.34747159632128799 -1.8375183268192361 2.3051920614876846 -1.5598688761960198 -1.3250180725956995 -0.28545789783545761 -2.618280432862905 4.4668171867827926 -1.1829663716967844 4.9759895172776005 -0.91661943251131894 -2.037713738625305 -2.1324428382873863 -2.2030751487771179
leaf_weight=125.61256510019302 253.06157121062279 324.19305300712585 98.188379347324371 47.135319262742996 15.915822088718413 2716.8308305442333 11.263504862785341 47.135319262742996 35.871814399957657 34.402661591768265 2.4485880136489895 4.1625996232032838 8.5700580477714521 3.9177408218383816 357.00413239002228 19.588704109191902 5.1420348286628714 6.2438994348049155 5.5093230307102194 57.909106522798538 4.285029023885726 13.467234075069426 2.9383056163787833 2.6934468150138837 2.815876215696334 4.2850290238857269 3.9177408218383789 24.975597739219666 288.0763798058033 48.971760272979736
leaf_count=1026 2067 2648 802 385 130 22191 92 385 293 281 20 34 70 32 2916 160 42 51 45 473 35 110 24 22 23 35 32 204 2353 400
internal_value=-1.79198 -2.17944 2.77429 1.63437 3.4208 -2.59879 -1.91553 0.382088 0.824448 -0.149627 1.83266 -1.74014 1.98251 -1.10806 -2.68114 0.104377 -2.36195 1.05897 -2.11498 -1.2241 1.81651 -2.00976 0.596858 1.12537 1.92759 2.73144 1.27663 -1.60882 -2.08895 -1.68568
internal_weight=0 4204.47 372.063 416.505 171.646 3787.97 407.445 244.859 197.723 150.588 65.7446 119.001 19.8336 31.3419 3380.52 46.0335 663.69 30.1176 387.611 63.4184 23.8737 306.686 20.813 17.8747 13.7121 10.8962 6.61119 28.8933 293.218 84.8436
internal_count=37381 34342 3039 3402 1402 30940 3328 2000 1615 1230 537 972 162 256 27612 376 5421 246 3166 518 195 2505 170 146 112 89 54 236 2395 693
is_linear=0
shrinkage=1


Tree=75
num_leaves=31
num_cat=0
split_feature=10 47 46 20 8 34 46 20 38 6 35 22 8 49 35 40 40 35 20 20 34 49 6 3 20 4 20 10 20 20
split_gain=8067.49 3976.59 3603.63 838.727 643.141 319.641 297.428 261.878 161.334 151.673 213.992 145.685 125.855 123.183 206.34 258.899 180.147 401.466 117.187 113.285 107.258 97.558 78.0843 77.12 122.379 77.1556 69.8727 67.6937 72.2275 62.9755
threshold=1.5552819910174021 3.5000000000000004 10.500000000000002 1.1758127945389332 -0.45128626237464337 0.020856364949953299 1.5000000000000002 0.29809556887585958 151.50000000000003 -0.75540712581079394 4.995472352605244 -0.14220908625804307 -0.45128626237464337 14.500000000000002 3.9883192444734608 0.43500000000000005 0.13500000000000004 0.021372449354867915 0.88096976031858287 2.6056853078162283 0.99442501917518578 14.500000000000002 1.3133051261033066 1.8882983870140191 -0.087030562171350703 -0.094794536446094896 0.84218552557480997 0.11426464849332428 0.50821939097273694 -0.044790908973797873
decision_type=2 2 2 2 2 2 2 2 2 2 2 2 2 2 2 2 2 2 2 2 2 2 2 2 2 2 2 2 2 2
left_child=1 9 -2 6 5 -5 7 23 -8 10 26 18 -13 14 16 -16 17 -6 -9 -4 -12 22 27 -3 -25 -26 -1 28 -10 -11
right_child=2 3 19 4 13 -7 8 11 21 29 20 12 -14 -15 15 -17 -18 -19 -20 -21 -22 -23 -24 24 25 -27 -28 -29 -30 -31
leaf_value=-2.2814134333751217 4.8891269919140328 -1.5896786438235662 -2.2686472285670636 4.3965602651606819 -1.3799288141196497 0.3465670589124632 -2.1534054560678264 -0.96043902908689605 -0.14519977901859971 -2.7661613434157908 3.8666797082030029 4.9197157431626319 1.1527830726142345 -2.2394200591997215 4.9525056781352834 -0.91661943251131872 -1.5073555064374731 4.1830180366051621 2.3333134075967812 0.39235056775913213 -1.4460250770651455 -2.1482978708610383 -2.3421618554473644 -1.2136366252999593 3.2961413143050389 -1.8695495927082071 -0.17545153013596115 -1.4846927288692919 2.1111635888039175 -2.3923340608619919
leaf_weight=336.68085187673569 246.69524237513542 65.744588166475296 98.555667549371719 75.049222618341446 29.138197362422943 26.322321146726608 163.93296751379967 28.526050359010696 33.055938184261322 2587.6678128242493 8.9373462498188001 17.262545496225357 18.241980701684952 19.466274708509445 19.466274708509449 12.242940068244932 53.746506899595261 23.384015530347824 17.384974896907806 19.098986506462097 6.6111876368522635 30.852208971977234 12.977516472339628 26.934468150138855 13.589663475751879 3.6728820204734793 16.527969092130661 16.283110290765762 24.853168338537216 545.66783884167671
leaf_count=2750 2015 537 805 613 238 215 1339 233 270 21136 73 141 149 159 159 100 439 191 142 156 54 252 106 220 111 30 135 133 203 4457
internal_value=-1.79198 -2.18657 2.71725 -0.067041 1.38038 3.34493 -0.858518 0.103724 -1.51157 -2.62967 -2.02304 1.46315 2.98429 0.115492 0.447729 2.68643 -0.220272 1.09681 0.286795 -1.83669 1.60773 -0.620064 -0.0791728 -0.902976 0.118518 2.19706 -2.18287 0.316664 0.823176 -2.70106
internal_weight=0 4234.22 364.35 732.128 258.816 101.372 473.312 191.357 281.955 3502.09 368.757 81.4156 35.5045 157.444 137.978 31.7092 106.269 52.5222 45.911 117.655 15.5485 118.022 87.1697 109.942 44.197 17.2625 353.209 74.1922 57.9091 3133.34
internal_count=37561 34585 2976 5980 2114 828 3866 1563 2303 28605 3012 665 290 1286 1127 259 868 429 375 961 127 964 712 898 361 141 2885 606 473 25593
is_linear=0
shrinkage=1


Tree=76
num_leaves=31
num_cat=0
split_feature=1 47 46 42 2 34 42 42 6 35 38 34 14 40 35 35 40 47 34 38 34 35 40 6 33 38 46 33 22 40
split_gain=7942.59 3880.18 3350.28 878.719 630.543 475.602 397.866 1042.44 192.586 243.638 168.264 135.954 130.062 120.929 426.91 281.833 413.065 115.969 94.2572 69.4855 74.3943 62.6479 135.957 56.43 54.6603 51.123 48.8839 43.9423 43.3009 43.2378
threshold=1.5367684771616057 3.5000000000000004 10.500000000000002 0.84375000000000011 -0.5664734721152126 0.022712859276481874 0.28125000000000006 0.21875000000000003 -0.76514077609537645 4.995472352605244 76.500000000000014 1.0235892608653105 -0.11376166628240419 0.13500000000000004 0.98830039778318834 3.0225815593593368 0.43500000000000005 3.5000000000000004 0.01224054493628219 76.500000000000014 1.0112457448216736 3.9855503962196184 0.43500000000000005 0.87837208639158482 -0.32197639535778838 76.500000000000014 2.5000000000000004 -0.30281763950789203 -0.58919495915236875 0.13500000000000004
decision_type=2 2 2 2 2 2 2 2 2 2 2 2 2 2 2 2 2 2 2 2 2 2 2 2 2 2 2 2 2 2
left_child=1 8 28 4 5 6 7 -3 9 27 12 13 21 14 -12 -15 -17 -4 -11 -7 23 29 -23 -21 -10 -26 -18 -1 -2 -6
right_child=2 3 17 -5 10 19 -8 -9 24 18 11 -13 -14 15 -16 16 26 -19 -20 20 -22 22 -24 -25 25 -27 -28 -29 -30 -31
leaf_value=-2.342546752286454 4.7972896128250966 4.4570468843884274 -2.230881013633927 -2.1121905809448682 0.41396968518295374 -1.8751060367909878 4.6756114510203499 -1.8230651946498222 -2.7790919705364905 3.8480313684731207 -0.96410764647461888 -2.4851069632701721 -2.0666343238565719 -1.54431384042311 4.2871696911445003 4.9324797347988785 1.3138654479495284 0.099879385319848968 -0.91661943251131872 1.6804787155980918 -2.141815352764461 4.4668171867827908 -1.402808289754629 -1.6773619973743807 -2.7076596881846049 -2.2139541438904766 -1.5819880034353098 -1.5650248563419706 1.4966452588963852 -1.5905777794485974
leaf_weight=245.10366016626358 245.10366016626358 55.827806711196899 92.066909313201904 165.40212032198906 18.976557105779648 23.996162533760071 61.826847344636917 50.19605427980423 2300.5708682239056 9.5494932532310504 31.58678537607193 16.895257294178009 78.477245837450027 62.928711950778961 30.362491369247437 21.670003920793533 7.9579110443592098 27.791473954916 7.3457640409469596 25.220456540584568 9.7943520545959455 8.0803404450416547 7.7130522429943076 6.2438994348049155 458.25324675440788 386.75447675585747 21.792433321475983 103.33041417598724 4.0401702225208274 24.853168338537216
leaf_count=2002 2002 456 752 1351 155 196 505 410 18791 78 258 138 641 514 248 177 65 227 60 206 80 66 63 51 3743 3159 178 844 33 203
internal_value=-1.79198 -2.18327 2.65382 -0.0852291 0.508789 1.76886 2.65948 1.48378 -2.61938 -1.93214 -0.377823 0.224723 -1.22075 0.484415 1.60964 -0.125183 1.61156 -1.69045 1.77644 -0.522013 0.264949 -0.10737 1.60026 1.01414 -2.6992 -2.48169 -0.807377 -2.11197 4.74377 -0.722687
internal_weight=0 4240.71 369.002 729.802 564.4 233.106 167.851 106.024 3510.91 365.329 331.294 193.194 138.1 176.298 61.9493 114.349 51.4203 119.858 16.8953 65.2549 41.2587 59.6231 15.7934 31.4644 3145.58 845.008 29.7503 348.434 249.144 43.8297
internal_count=37652 34638 3014 5961 4610 1904 1371 866 28677 2984 2706 1578 1128 1440 506 934 420 979 138 533 337 487 129 257 25693 6902 243 2846 2035 358
is_linear=0
shrinkage=1


Tree=77
num_leaves=31
num_cat=0
split_feature=10 36 49 8 49 14 35 14 35 35 35 35 49 36 49 35 35 35 35 35 9 14 10 6 6 6 35 35 6 35
split_gain=8122.56 6430.84 3544.69 1004.82 782.775 233.687 254.083 222.305 146.358 197.092 283.103 166.886 138.697 121.622 103.428 97.8072 95.9549 387.581 136.882 333.813 76.0519 71.0808 102.932 68.2323 48.5225 45.1736 45.0094 63.1323 30.4779 50.8639
threshold=1.5552819910174021 3.5000000000000004 7.5000000000000009 -0.66425008661974583 7.5000000000000009 -1.0994183075655302 4.9821933372715934 0.08493228518956035 3.9829812312414954 1.9971400388633536 0.98268797370888072 4.9878135843335505 14.500000000000002 3.5000000000000004 14.500000000000002 3.9982042187356499 3.9829812312414954 4.9719404740209621 1.9923505481351218 0.021372449354867915 0.63534875518359957 -2.535449313321108 -1.0000000180025095e-35 -0.11361271675088158 -0.78137799809396824 -0.63351987614264982 3.001626907424972 4.999625008347782 0.41153669862126691 4.9719404740209621
decision_type=2 2 2 2 2 2 2 2 2 2 2 2 2 2 2 2 2 2 2 2 2 2 2 2 2 2 2 2 2 2
left_child=1 3 -2 4 -1 6 21 8 9 10 -5 -10 -8 26 15 23 18 -18 19 -9 -7 22 -3 -6 -23 -13 -4 -28 29 -22
right_child=2 5 13 7 14 20 12 16 11 -11 -12 25 -14 -15 -16 -17 17 -19 -20 -21 28 24 -24 -25 -26 -27 27 -29 -30 -31
leaf_value=4.9113869120404665 4.8734128235908276 -2.4140811128207145 -0.8134884627930411 -0.77466268595792442 2.3333134075967794 -2.760888592803044 3.709120266403604 -1.9675196988372357 4.7074177060808502 -1.1255362285940878 3.8866115369021466 3.6535558255757983 -1.3451859066739404 -2.2676351358207598 -2.4340639208982378 5.005160848712201 4.3342202257164324 -1.9539956573245851 -2.3188236406339313 3.5529181320485121 -2.3671542499916356 -2.2437404834521866 3.0517824475538906 -1.1801024261141451 -0.65984184443431304 -1.1179427057923514 4.5810545686245767 -0.98703299114655696 -2.7454849928327696 -1.3132655937443505
leaf_weight=114.10420143604279 247.06253057718277 7.3457640409469604 12.120510667562487 22.894297927618027 8.692487448453905 2741.1942812800407 11.998081266880037 29.260626763105392 21.914862722158432 37.09610840678215 30.240061968564987 2.5710174143314353 9.9167814552783948 96.964085340499878 13.344804674386976 4.8971760272979727 17.140116095542908 22.894297927618027 46.890460461378098 17.507404297590256 444.66358327865601 358.10599699616432 6.4887582361698133 15.18124568462372 20.44570991396904 8.6924874484539014 4.7747466266155225 3.5504526197910309 173.60489016771317 51.053060084581375
leaf_count=932 2018 60 99 187 71 22390 98 239 179 303 247 21 81 792 109 40 140 187 383 143 3632 2925 53 124 167 71 39 29 1418 417
internal_value=-1.79198 -2.19601 2.72357 1.55119 3.55144 -2.60095 -1.89176 0.335803 1.30364 0.643275 1.87818 3.09955 1.42198 -1.80028 -0.133064 0.934208 -0.557588 0.738207 -1.11148 0.0990316 -2.6871 -2.07683 0.149554 0.0991413 -2.15819 -0.0287963 0.416179 2.20643 -2.3849 -2.25862
internal_weight=0 4238.14 364.472 413.322 156.22 3824.82 414.301 257.102 123.409 90.2305 53.1344 33.1784 21.9149 117.41 42.1157 28.7709 133.693 40.0344 93.6585 46.768 3410.52 392.386 13.8345 23.8737 378.552 11.2635 20.4457 8.3252 669.322 495.717
internal_count=37594 34617 2977 3376 1276 31241 3384 2100 1008 737 434 271 179 959 344 235 1092 327 765 382 27857 3205 113 195 3092 92 167 68 5467 4049
is_linear=0
shrinkage=1


Tree=78
num_leaves=31
num_cat=0
split_feature=1 36 46 8 46 35 35 35 35 14 35 36 46 49 35 0 20 38 14 1 1 38 6 6 33 6 21 38 25 47
split_gain=7975.37 6574.66 3451.27 1014.21 691.17 242.246 575.216 335.588 606.222 220.456 259.201 145.372 143.199 115.212 109.196 108.934 78.8263 71.4458 70.9647 80.211 62.5878 57.3948 57.2129 46.3998 44.1054 39.8642 35.87 34.0211 31.6488 25.6243
threshold=1.5367684771616057 3.5000000000000004 10.500000000000002 -0.66425008661974583 7.0000000000000009 3.0164114252672101 4.9719404740209621 1.9937452855582312 0.98830039778318834 -1.0994183075655302 4.9914530442260867 3.5000000000000004 7.0000000000000009 14.500000000000002 3.9786411023398522 -0.59761956593285281 -0.11406589857182009 129.50000000000003 -2.535449313321108 -0.038335830237856278 1.6330604916994051 76.500000000000014 -0.78137799809396824 -0.48895835778212454 -0.096747904038029561 -0.0079776132966265564 0.058592986500176261 86.500000000000014 -0.49542113174658314 3.5000000000000004
decision_type=2 2 2 2 2 2 2 2 2 2 2 2 2 2 2 2 2 2 2 2 2 2 2 2 2 2 2 2 2 2
left_child=1 3 20 4 -1 7 -7 8 -5 10 18 26 -12 14 17 -8 -11 -6 19 -3 -2 -18 28 -17 -21 -19 -4 -23 -20 -24
right_child=2 9 11 5 13 6 15 -9 -10 16 12 -13 -14 -15 -16 23 21 25 22 24 -22 27 29 -25 -26 -27 -28 -29 -30 -31
leaf_value=4.8798665737818556 3.0045086149246063 -2.7686597770800216 1.6751411680241732 -1.3527733199800749 -1.883879369553273 4.5436319780212315 5.209360168754392 -1.6983431759042744 3.6764966402875472 -2.7630224546142017 3.8480313684731207 -2.2796124489298508 -1.4838397659618474 -2.3421618554473644 5.0426668462709703 2.0678321681053093 -2.6452579853075031 3.2332377167331932 -2.6602760153000125 -0.82783711944949723 4.8488836951596639 -1.0682084473898006 -1.0165771416228806 -1.9549210598444899 4.1621841685380314 -0.23595503237068383 -1.0442440075376878 -2.2115587587322962 -2.0342624586544549 2.0678321681053093
leaf_weight=115.32849544286728 19.955992311239243 5.2644642293453217 12.732657670974733 50.440913081169128 9.3046344518661552 39.05497881770134 2.5710174143314353 84.108998268842697 45.666166454553604 2520.576501250267 11.753222465515138 100.14724975824356 8.8149168491363508 12.977516472339628 5.9990406334400168 3.183164417743682 481.88212108612061 7.59062284231186 124.02098289132118 2.8158762156963348 235.79902571439743 28.036332756280899 17.507404297590259 28.893338561058044 4.7747466266155225 5.8766112327575657 7.8354816436767569 362.7583142220974 231.5139966905117 3.183164417743682
leaf_count=942 163 43 104 412 76 319 21 687 373 20588 96 818 72 106 49 26 3936 62 1013 23 1926 229 143 236 39 48 64 2963 1891 26
internal_value=-1.79198 -2.17905 2.62483 1.62051 3.61778 0.384979 1.91232 -0.239654 1.03693 -2.58968 -1.89673 -1.78229 1.56294 0.131324 1.24702 -1.05371 -2.67334 0.247097 -2.07962 0.230786 4.70497 -2.41431 -2.15856 -1.55572 2.31105 1.71941 0.639185 -2.12953 -2.25263 -0.542053
internal_weight=0 4213.9 376.47 410.995 157.077 253.919 73.7025 180.216 96.1071 3802.9 409.649 120.715 20.5681 41.7484 28.7709 34.6475 3393.25 22.7719 389.081 12.8551 255.755 872.677 376.226 32.0765 7.59062 13.4672 20.5681 390.795 355.535 20.6906
internal_count=37494 34419 3075 3357 1283 2074 602 1472 785 31062 3346 986 168 341 235 283 27716 186 3178 105 2089 7128 3073 262 62 110 168 3192 2904 169
is_linear=0
shrinkage=1


Tree=79
num_leaves=31
num_cat=0
split_feature=10 36 46 2 46 35 35 35 35 14 35 46 36 49 35 0 9 38 14 10 38 6 9 6 38 33 0 2 49 35
split_gain=8124.16 6457.14 3527.72 876.32 734.545 266.011 517.976 362.345 629.019 212.493 272.891 155.606 131.089 100.686 124.955 92.8486 70.7579 68.7419 68.0921 97.2097 61.3786 49.8777 45.2466 43.0624 39.971 35.3341 34.2096 103.097 32.9274 65.176
threshold=1.5552819910174021 3.5000000000000004 10.500000000000002 -0.5664734721152126 7.0000000000000009 3.9829812312414954 4.9719404740209621 1.022266111254815 0.021372449354867915 -1.0994183075655302 4.9936386559525756 7.0000000000000009 3.5000000000000004 14.500000000000002 3.9786411023398522 -0.58880181967462397 0.14409912162382785 76.500000000000014 -2.535449313321108 -1.0000000180025095e-35 310.50000000000006 -0.7904930731381431 1.4906560138589964 -0.42093785253414762 78.500000000000014 -0.096747904038029561 1.39770649773921 -0.78866886814977144 14.500000000000002 3.9904505456625414
decision_type=2 2 2 2 2 2 2 2 2 2 2 2 2 2 2 2 2 2 2 2 2 2 2 2 2 2 2 2 2 2
left_child=1 3 -2 4 26 7 -7 8 -5 10 18 -12 28 14 20 -8 -11 -18 19 -3 -6 -20 24 -17 -19 -21 -1 -28 29 -4
right_child=2 9 12 5 13 6 15 -9 -10 16 11 -13 -14 -15 -16 23 17 22 21 25 -22 -23 -24 -25 -26 -27 27 -29 -30 -31
leaf_value=4.8335938655290533 4.8769662383631331 -2.4140811128207145 0.062418403307401338 -1.4399443230717059 -1.2040110681262535 4.5810545686245749 4.8204090829597348 -1.8261798256196002 3.7547896698237202 -2.7887406588585368 4.2110523818814585 -1.5172056679295256 -2.215156313960426 -2.2604952994556484 5.0426668462709703 1.6358720680160541 -2.7078549505152574 -0.19916236209281224 -2.2772414161776959 -0.099822152342557979 1.8851851913233859 -0.80486856084643843 -0.66486684615793346 -1.927703444370708 -2.3174342891543374 4.7143315141066591 4.7661368384302563 -0.17802614725233235 -1.1765094762013792 4.9541110187016528
leaf_weight=101.12668496370316 246.69524237513542 7.3457640409469604 8.9373462498188037 48.726901471614838 16.527969092130665 36.606390804052353 2.5710174143314388 83.007133662700653 44.686731249094009 2195.7713012397289 11.018646061420442 8.3251992464065534 99.535102754831314 14.324239879846571 5.9990406334400168 3.9177408218383851 654.01785844564438 9.0597756505012494 353.69853857159615 2.4485880136489868 10.528928458690642 24.608309537172318 17.874692499637604 25.220456540584561 531.83331656455994 4.0401702225208265 15.793392688035967 5.7541818320751181 6.7336170375347129 3.917740821838378
leaf_count=826 2015 60 73 398 135 299 21 678 365 17935 90 68 813 117 49 32 5342 74 2889 20 86 201 146 206 4344 33 129 47 55 32
internal_value=-1.79198 -2.19282 2.71906 1.55451 3.29821 0.342899 2.01829 -0.305864 1.04509 -2.59972 -1.92091 1.74573 -1.74979 -0.0460022 0.913612 -0.940272 -2.68166 -2.4878 -2.10178 0.0772711 -0.0018804 -2.18147 -2.23022 -1.44857 -2.28195 2.89767 4.58983 3.44582 0.614875 1.55322
internal_weight=0 4234.83 365.819 414.791 170.054 244.736 68.3156 176.421 93.4136 3820.04 411.485 19.3438 119.124 47.3802 33.0559 31.7092 3408.56 1212.79 392.141 13.8345 27.0569 378.307 558.768 29.1382 540.893 6.48876 122.674 21.5476 19.5887 12.8551
internal_count=37578 34590 2988 3388 1389 1999 558 1441 763 31202 3361 158 973 387 270 259 27841 9906 3203 113 221 3090 4564 238 4418 53 1002 176 160 105
is_linear=0
shrinkage=1


Tree=80
num_leaves=31
num_cat=0
split_feature=36 20 34 36 20 34 8 46 6 7 20 9 34 20 34 35 40 35 35 35 40 35 35 6 35 6 34 34 3 31
split_gain=7722.05 1848.22 1108.26 1103.38 1214.05 1064.29 928.209 548.517 366.472 715.069 300.486 318.118 296.808 291.171 182.949 188.299 365.575 322.922 467.804 152.552 230.824 160.108 244.493 143.664 114.27 93.7478 91.2957 86.0432 230.75 288.368
threshold=3.5000000000000004 0.19200588939123583 0.024778475639627966 4.5000000000000009 1.5004818891229856 0.020856364949953299 -0.45128626237464337 11.500000000000002 -0.76514077609537645 -0.14368015698676723 0.31332396776695176 0.15066954889719533 0.99147933693198653 2.6056853078162283 1.0108914630916253 0.030199858773715799 0.18000000000000002 3.0164114252672101 4.9719404740209621 3.9855503962196184 0.51500000000000012 1.9937452855582312 0.9939675765333581 -1.1443219107003644 4.995472352605244 0.66978375547551405 0.01224054493628219 0.016464961408942887 -0.72780629103715777 -0.31929204790859406
decision_type=2 2 2 2 2 2 2 2 2 2 2 2 2 2 2 2 2 2 2 2 2 2 2 2 2 2 2 2 2 2
left_child=2 8 6 4 23 10 -1 -6 9 24 11 -5 -11 19 15 -4 -17 -18 -19 21 -21 22 -8 -3 -2 -15 -26 28 29 -10
right_child=1 3 14 5 7 -7 13 -9 27 12 -12 -13 -14 25 -16 16 17 18 -20 20 -22 -23 -24 -25 26 -27 -28 -29 -30 -31
leaf_value=4.8954698188148509 -2.2433381785481488 2.3505696881637266 -1.7917593755492773 3.8672050135475069 4.5194224116636121 -2.2023188549991839 -1.0080519638734935 -2.0140171388605048 2.7826436117312601 3.7103689055233313 4.7099377686512049 -1.1390147315671695 -2.3161878058341965 3.795266686291678 -2.0957986045859389 4.5009135481998541 -1.6797886084265756 4.7933985908906713 -1.5033990878049692 5.0874501269381582 -0.30078021333645943 -1.5555252804960862 3.557912115954164 -2.1080153008857314 3.4815197683973973 -2.5502139928488416 -1.7126506801334167 -2.8076978426803243 -2.5838685819746292 -1.7787943393561225
leaf_weight=146.54799261689186 303.38005489110947 7.3457640409469596 29.995203167200089 26.07746234536171 44.931590050458908 52.889501094818115 24.608309537172318 17.997121900320053 16.895257294178009 32.688649982213974 62.071706146001816 24.730738937854767 10.89621666073799 47.380178064107895 34.769949793815613 23.996162533760071 48.482042670249939 26.444750547409058 21.302715718746185 16.405539691448212 15.426104485988619 39.911984622478485 22.404580324888229 446.74488309025764 6.3663288354873639 2.4485880136489859 7.2233346402645111 1722.8265264034271 1243.515422731638 77.130522429943085
leaf_count=1197 2478 60 245 213 367 432 201 147 138 267 507 202 89 387 284 196 396 216 174 134 126 326 183 3649 52 20 59 14072 10157 630
internal_value=-1.79198 -2.24779 1.91418 -0.74563 -1.46544 1.49939 3.05472 2.65091 -2.54761 -1.59405 3.23381 1.43044 2.20373 1.45458 -0.0287375 0.449702 1.00893 0.138151 1.98406 0.603297 2.47623 -0.0825659 1.16792 -2.03589 -2.11626 3.48345 0.720654 -2.65996 -2.46966 -0.959161
internal_weight=0 4103.71 500.124 682.789 517.019 165.769 315.133 62.9287 3420.92 360.555 112.88 50.8082 43.5849 168.585 184.991 150.221 120.226 96.2295 47.7475 118.757 31.8316 86.9249 47.0129 454.091 316.97 49.8288 13.5897 3060.37 1337.54 94.0258
internal_count=37604 33519 4085 5577 4223 1354 2574 514 27942 2945 922 415 356 1377 1511 1227 982 786 390 970 260 710 384 3709 2589 407 111 24997 10925 768
is_linear=0
shrinkage=1


Tree=81
num_leaves=31
num_cat=0
split_feature=10 36 46 8 34 6 35 35 35 35 35 20 34 0 20 38 34 38 34 46 9 6 10 38 6 9 35 35 6 38
split_gain=8197.11 6476.12 3515.51 990.255 736.002 215.561 254.485 210.649 557.759 368.844 646.702 146.918 120.044 91.3794 90.6246 84.7309 72.5232 68.8964 56.7058 54.7009 50.1313 57.4012 61.5758 60.392 48.3449 46.3118 42.6025 49.8074 32.146 31.9871
threshold=1.5552819910174021 3.5000000000000004 10.500000000000002 -0.45128626237464337 0.97392298712563552 -0.76514077609537645 4.9914530442260867 3.9829812312414954 4.9719404740209621 1.022266111254815 0.021372449354867915 2.8226152211827329 0.022712859276481874 -0.58880181967462397 -0.044790908973797873 76.500000000000014 1.0112457448216736 76.500000000000014 1.0047864556764377 1.5000000000000002 0.12981588697813506 -1.1443219107003644 -1.0000000180025095e-35 198.50000000000003 1.3199248694245302 1.438366478306347 3.0011073808500774 4.9878135843335505 -0.7904930731381431 78.500000000000014
decision_type=2 2 2 2 2 2 2 2 2 2 2 2 2 2 2 2 2 2 2 2 2 2 2 2 2 2 2 2 2 2
left_child=1 3 -2 4 -1 6 20 9 18 10 -5 -4 -8 -10 -7 -6 24 -16 -9 -15 -3 22 -22 -24 -17 29 -13 -28 -23 -19
right_child=2 5 11 7 15 14 12 8 13 -11 -12 26 -14 19 17 16 -18 25 -20 -21 21 28 23 -25 -26 -27 27 -29 -30 -31
leaf_value=4.8306554234706667 4.8749044496917016 -2.4091138925688331 -2.2106297756358217 -1.3893961833479171 -1.8362957594188936 -2.7672254161255676 3.960140799084519 4.8838250208610443 4.80096152867001 -1.7099323589024369 3.7842190809599381 -0.34486133639318628 -1.1993569525697363 1.5337724079949631 -2.6562817457640322 2.6001466348819577 -1.7705438617786602 0.14521703170807099 -0.099822152342557313 -2.1007890053587239 -2.437252666868055 -1.9929409716499575 -1.9784558967307087 3.3942551017126985 -2.141815352764461 -0.23595503237068427 4.969125674587108 -0.34486133639318628 -0.29151947319849114 -2.1621122731301003
leaf_weight=116.18550124764442 248.16439518332481 214.74116879701614 100.26967915892601 49.706336677074432 16.038251489400864 2675.2048343122005 10.406499058008196 33.790514588356018 2.4485880136489859 87.29216268658638 47.012889862060547 12.242940068244936 7.9579110443592063 4.8971760272979763 396.91611701250076 17.629833698272712 6.7336170375347129 6.1214700341224662 2.4485880136489859 26.812038749456406 5.7541818320751199 149.1190100312233 3.06073501706123 6.6111876368522644 2.4485880136489859 13.589663475751875 4.1625996232032767 3.0607350170612335 11.998081266880034 325.17248821258545
leaf_count=949 2027 1754 819 406 131 21851 85 276 20 713 384 100 65 40 3242 144 55 50 20 219 47 1218 25 54 20 111 34 25 98 2656
internal_value=-1.79198 -2.19306 2.72771 1.56679 3.5242 -2.59929 -1.91382 0.343167 1.81432 -0.219652 1.12537 -1.72256 1.72436 -1.08496 -2.68147 -0.0181424 1.06943 -2.3722 4.54709 -1.53947 -2.08457 -1.6898 0.152996 1.69403 2.02186 -2.04526 0.791463 2.71744 -1.86624 -2.11948
internal_weight=0 4240.1 367.9 413.444 159.036 3826.65 409.649 254.408 70.3969 184.011 96.7192 119.736 18.3644 34.1578 3417 42.8503 26.812 741.8 36.2391 31.7092 391.284 176.543 15.4261 9.67192 20.0784 344.884 19.4663 7.22333 161.117 331.294
internal_count=37638 34633 3005 3377 1299 31256 3346 2078 575 1503 790 978 150 279 27910 350 219 6059 296 259 3196 1442 126 79 164 2817 159 59 1316 2706
is_linear=0
shrinkage=1


Tree=82
num_leaves=31
num_cat=0
split_feature=10 9 46 8 34 42 42 14 40 40 40 40 40 34 20 20 20 20 6 38 34 38 4 6 34 14 40 49 9 9
split_gain=8078.36 5157.71 3515.89 870.299 629.359 328.506 310.2 242.762 282.787 187.588 686.319 325.11 774.239 140.909 130.078 106.427 93.062 86.9079 95.1954 79.9132 65.9258 88.4882 63.1908 49.3445 48.4532 40.0307 39.7242 39.0247 38.3398 65.5383
threshold=1.5552819910174021 1.20733357875903 10.500000000000002 -0.66627133502233671 0.99908447472413231 0.84375000000000011 0.21875000000000003 -1.0994183075655302 0.52500000000000013 0.38000000000000006 0.43500000000000005 0.13500000000000004 0.080000000000000016 0.99147933693198653 2.8226152211827329 1.0000000180025095e-35 1.651340523002 0.34330622176733294 -1.1443219107003644 76.500000000000014 1.0070194420364602 163.50000000000003 -0.81897788735220922 -0.11091508031062654 1.0026445942072915 -0.30262631911587462 0.03500000000000001 14.500000000000002 1.352687448232494 1.2936119574462694
decision_type=2 2 2 2 2 2 2 2 2 2 2 2 2 2 2 2 2 2 2 2 2 2 2 2 2 2 2 2 2 2
left_child=1 6 -2 4 5 22 23 8 17 11 24 12 -5 -10 -4 -9 19 -8 -19 -17 21 -6 -3 -1 -11 -12 -16 -28 29 -24
right_child=2 3 14 9 20 -7 7 15 13 10 25 -13 -14 -15 26 16 -18 18 -20 -21 -22 -23 28 -25 -26 -27 27 -29 -30 -31
leaf_value=3.192576760930288 4.8549313686811626 1.2766325234973923 -2.2448072694898604 -1.6662118731725237 -1.1735589742862602 -1.883879369553273 -2.2511504217634291 -2.7597003856351989 4.0797469089465288 4.9255309980393776 0.49706816778076801 -1.7983369023665488 3.9710669160204097 -1.1925644595953597 -2.0755885462642909 -2.655331739431483 3.4337139075179537 3.1198787543691879 -1.3323272205166727 -1.9362940690620922 -2.4088452328196328 2.1376439014530666 4.4071485543029283 -0.39611136181553941 0.30857648774182334 -1.8035457720885091 2.4538994645706178 -0.82783711944949689 4.7220362402490341 0.47193594377557568
leaf_weight=9.9167814552783984 248.28682458400726 6.6111876368522635 98.065949946641922 58.031535923480988 18.48683950304985 9.3046344518661481 326.51921162009239 2704.7103198766708 11.50836366415024 31.709214776754379 9.5494932532310468 108.59487840533257 41.993284434080124 9.0597756505012494 4.5298878252506283 339.61915749311447 2.815876215696334 5.2644642293453208 54.725942105054855 283.66892138123512 12.73265767097473 14.324239879846571 13.712092876434328 6.2438994348049155 2.4485880136489859 36.361532002687454 10.161640256643294 5.6317524313926688 94.393067926168442 6.1214700341224662
leaf_count=81 2028 54 801 474 151 76 2667 22092 94 259 78 887 343 74 37 2774 23 43 447 2317 104 117 112 51 20 297 83 46 771 50
internal_value=-1.79198 -2.1768 2.7167 0.967096 2.72197 3.84163 -2.5657 -2.58461 -1.85563 -0.100861 1.20031 -0.600254 0.700479 1.75742 -1.76763 -2.6737 -2.30217 -2.0479 -0.941623 -2.32809 -0.477481 0.272003 4.2825 1.80604 4.59457 -1.32502 0.534918 1.28367 4.45647 3.19258
internal_weight=0 4218.43 366.676 464.375 175.686 130.142 3754.05 3737.89 407.078 288.689 80.0688 208.62 100.025 20.5681 118.389 3330.81 626.104 386.51 59.9904 623.288 45.5437 32.8111 120.838 16.1607 34.1578 45.911 20.3233 15.7934 114.227 19.8336
internal_count=37451 34456 2995 3793 1435 1063 30663 30531 3325 2358 654 1704 817 168 967 27206 5114 3157 490 5091 372 268 987 132 279 375 166 129 933 162
is_linear=0
shrinkage=1


Tree=83
num_leaves=31
num_cat=0
split_feature=10 9 34 8 34 42 20 42 40 40 40 35 20 20 14 35 34 38 14 35 49 38 49 34 14 20 14 14 34 49
split_gain=8193.37 5118.1 3531.53 803.131 639.14 340.871 296.768 232.36 186.534 663.53 302.689 736.788 140.715 138.698 132.937 160.974 88.5354 82.4567 73.7665 85.7727 65.985 88.6969 72.4385 59.83 51.9725 50.0881 48.5218 47.3595 44.4701 34.8208
threshold=1.5552819910174021 1.20733357875903 0.031450555220707131 -0.66627133502233671 0.020856364949953299 0.84375000000000011 1.0000000180025095e-35 0.21875000000000003 0.38000000000000006 0.43500000000000005 0.13500000000000004 0.97918049801925522 1.565881740232979 2.8226152211827329 -1.0994183075655302 4.9821933372715934 1.004984957417103 76.500000000000014 -1.0822102560923519 4.996426192781251 14.500000000000002 400.50000000000006 13.500000000000002 0.99442501917518578 0.07817701666252462 -0.011222982852585571 -0.79724185153239568 -2.535449313321108 0.99231319516608674 14.500000000000002
decision_type=2 2 2 2 2 2 2 2 2 2 2 2 2 2 2 2 2 2 2 2 2 2 2 2 2 2 2 2 2 2
left_child=1 6 -2 4 5 25 18 24 10 16 11 -5 14 -4 15 27 -10 -16 19 -1 21 22 -6 -21 -8 -3 -11 -9 -17 -15
right_child=2 3 13 8 20 -7 7 12 9 26 -12 -13 -14 29 17 28 -18 -19 -20 23 -22 -23 -24 -25 -26 -27 -28 -29 -30 -31
leaf_value=-2.3288823035514108 4.8873109700678423 1.8060381680512192 -2.2364132943033086 -1.6496426326627713 -1.55392941226083 -2.2483541284386472 3.4433119954165288 1.6772638220786669 4.9068426575807766 1.7702137259385542 -1.7235926904100092 3.8324733250413368 3.3244433683649421 1.6310101794436265 -2.6446876449060697 4.5286957686137583 -1.3250180725956995 -1.9153730482665856 -2.7590525329280524 3.3942551017127003 -2.2483541284386472 2.8187339828946025 3.0472497212488467 -1.4583727305824361 -0.56798644707343282 4.5047450348971179 -1.6380421799657636 -1.62121928408547 -0.23595503237068471 -1.0839959243491797
leaf_weight=269.9568285048008 248.40925398468971 7.3457640409469596 98.310808748006821 57.296959519386292 19.22141590714455 8.4476286470890027 9.0597756505012494 4.5298878252506247 33.055938184261322 4.6523172259330741 106.88086679577827 42.850290238857269 4.7747466266155234 12.855087071657183 337.66028708219528 5.8766112327575666 2.4485880136489859 286.60722699761391 2715.9738247394562 4.4074584245681745 14.079381078481672 10.039210855960844 4.1625996232032767 5.9990406334400177 5.0196054279804221 107.86030200123787 40.89141982793808 111.4107546210289 2.9383056163787842 7.4681934416294089
leaf_count=2205 2029 60 803 468 157 69 74 37 270 38 873 350 39 105 2758 48 20 2341 22184 36 115 82 34 49 41 881 334 910 24 61
internal_value=-1.79198 -2.182 2.74371 0.969679 2.68535 3.88308 -2.5665 -2.01185 -0.0496618 1.23642 -0.553142 0.696006 -2.08703 -1.7448 -2.12152 -1.17913 4.47706 -2.30985 -2.70864 -2.22028 -0.432435 0.332512 -0.734871 0.596858 2.0132 4.33267 -1.28989 -1.49235 2.94048 0.633327
internal_weight=0 4223.45 367.043 459.233 171.156 123.654 3764.21 767.877 288.076 81.0483 207.028 100.147 753.798 118.634 749.023 124.756 35.5045 624.268 2996.34 280.363 47.5026 33.4232 23.384 10.4065 14.0794 115.206 45.5437 115.941 8.81492 20.3233
internal_count=37495 34497 2998 3751 1398 1010 30746 6272 2353 662 1691 818 6157 969 6118 1019 290 5099 24474 2290 388 273 191 85 115 941 372 947 72 166
is_linear=0
shrinkage=1


Tree=84
num_leaves=31
num_cat=0
split_feature=10 36 46 8 34 49 35 35 35 35 6 35 34 36 20 49 35 6 6 6 10 35 35 9 9 9 1 6 0 2
split_gain=8082.38 6494.71 3636.19 1013.11 749.358 223.451 430.657 394.86 579.834 324.84 213.588 259.213 150.901 130.863 94.7085 83.1998 109.394 77.5176 75.4478 68.5274 72.6798 48.5733 56.7484 44.4855 36.3131 33.2676 31.9787 30.9439 27.4801 23.5473
threshold=1.5552819910174021 3.5000000000000004 10.500000000000002 -0.45128626237464337 0.98270983078019891 14.500000000000002 3.9829812312414954 1.9917766687961107 0.021372449354867915 4.9860846871693445 -0.76514077609537645 4.9914530442260867 0.99147933693198653 3.5000000000000004 -0.044790908973797873 14.500000000000002 3.9786411023398522 -0.11361271675088158 -0.39224279142266311 -1.1961339953951045 -1.0000000180025095e-35 3.0011073808500774 4.999625008347782 -0.10268359385857141 1.438366478306347 0.60814085480596858 0.71754873748419912 -0.78137799809396824 -0.91944320065812446 -0.95418956746142969
decision_type=2 2 2 2 2 2 2 2 2 2 2 2 2 2 2 2 2 2 2 2 2 2 2 2 2 2 2 2 2 2
left_child=1 3 -2 4 -1 6 7 8 -5 -8 11 19 -13 21 -12 16 17 -6 -11 20 -3 -4 -23 -21 -16 -22 -19 -25 -9 -14
right_child=2 10 13 5 15 -7 9 28 -10 18 14 12 29 -15 24 -17 -18 26 -20 23 25 22 -24 27 -26 -27 -28 -29 -30 -31
leaf_value=4.896544189115291 4.868693982226695 -2.2023188549991839 -0.71642402070525013 -1.1820243842902931 2.2772673681485798 -2.0813118505297377 4.7836677751810956 -0.16702699185011372 3.8371407380708722 4.1439724120125216 -2.7630826830306656 3.9196802526984507 1.1253737679105837 -2.2590636957561165 -2.3970996853327127 -2.0593862694446776 5.0237244232614913 -2.0070041511832089 -1.5477809671871798 -2.5585730293417965 -0.11757861495492117 4.7678481254199259 -0.62490611816533281 -1.9673292464745398 -1.1142316777134385 4.4189111879459109 1.9421710480793459 -0.38721378795749195 -1.9690029083164589 -2.5048363661727993
leaf_weight=115.08363664150238 249.51111859083176 6.6111876368522644 12.487798869609835 46.155884057283401 9.5494932532310504 33.055938184261322 37.585826009511948 9.6719226539134961 45.911025255918503 2.8158762156963375 2664.5534764528275 11.630793064832689 2.4485880136489868 101.4939731657505 710.58024156093597 13.344804674386976 5.3868936300277701 12.610228270292284 13.467234075069426 167.4834201335907 2.8158762156963331 4.5298878252506247 3.4280232191085815 197.72348210215569 22.771868526935577 3.7953114211559296 2.4485880136489859 13.222375273704527 67.703458577394485 6.6111876368522626
leaf_count=940 2038 54 102 377 78 270 307 79 375 23 21764 95 20 829 5804 109 44 103 110 1368 23 37 28 1615 186 31 20 108 553 54
internal_value=-1.79198 -2.18395 2.68143 1.57379 3.56188 0.345243 0.704437 -0.078576 1.32088 3.16737 -2.59302 -1.91336 1.53619 -1.7941 -2.6755 0.017852 0.942011 0.0485017 -0.563493 -2.0956 0.142192 0.513999 2.44482 -2.17379 -2.35726 2.4867 -1.36486 -1.86829 -1.74376 -1.5237
internal_weight=0 4225.04 371.451 414.791 158.424 256.367 223.311 169.442 92.0669 53.8689 3810.25 412.342 20.6906 121.94 3397.91 43.34 29.9952 24.6083 16.2831 391.652 13.2224 20.4457 7.95791 378.429 733.352 6.61119 15.0588 210.946 77.3754 9.05978
internal_count=37544 34510 3034 3388 1294 2094 1824 1384 752 440 31122 3368 169 996 27754 354 245 201 133 3199 108 167 65 3091 5990 54 123 1723 632 74
is_linear=0
shrinkage=1


Tree=85
num_leaves=31
num_cat=0
split_feature=10 36 46 2 46 14 35 35 35 35 35 46 36 0 20 38 38 9 6 46 10 38 6 31 25 2 6 9 35 35
split_gain=8147.07 6670.21 3560.71 888.093 683.706 219.256 259.788 216.313 525.13 330.878 601.651 127.05 121.847 104.509 82.7399 79.329 75.1578 70.4806 80.2043 67.8885 65.8346 56.9615 52.3934 47.2926 44.907 120.082 41.7966 39.5134 34.4057 33.1686
threshold=1.5552819910174021 3.5000000000000004 10.500000000000002 -0.5664734721152126 7.0000000000000009 -1.0994183075655302 4.995472352605244 3.9829812312414954 4.9821933372715934 1.022266111254815 0.021372449354867915 7.0000000000000009 3.5000000000000004 -0.59495052060856568 -0.044790908973797873 76.500000000000014 76.500000000000014 0.12981588697813506 -1.1443219107003644 17.000000000000004 -1.0000000180025095e-35 198.50000000000003 1.3133051261033066 -0.4908818151684971 2.0879261500709805 -0.75939951564633346 -0.78137799809396824 1.438366478306347 0.99067853626049052 3.9786411023398522
decision_type=2 2 2 2 2 2 2 2 2 2 2 2 2 2 2 2 2 2 2 2 2 2 2 2 2 2 2 2 2 2
left_child=1 3 -2 4 24 6 17 9 -9 10 -5 -8 28 -10 -7 -6 -16 -3 20 22 -19 -22 29 -15 -1 -26 -20 -18 -4 -17
right_child=2 5 12 7 15 14 11 8 13 -11 -12 -13 -14 23 16 19 27 18 26 -21 21 -23 -24 -25 25 -27 -28 -29 -30 -31
leaf_value=4.895596653447928 4.8720397580652275 -2.4651505246609555 -1.9114366327168613 -1.3595915024441125 -1.6785571938627752 -2.7583477532644136 3.9888584857435965 4.5148046584068062 5.2093601687543813 -1.6981230030431584 3.8841728410469618 -1.1435075658915301 -2.2541249787876656 1.8295093542629579 -2.6762566749801469 1.4395265679754905 -2.1012520566838453 -2.2325706061165453 -1.9570716431653956 -2.3460146728066511 -2.1418153527644614 3.3942551017126994 -1.8319956947694134 -2.0640251356055312 4.6808442815863689 -0.051368076400342799 0.11638889240799699 -0.31374524952961402 1.1575311411455753 4.082743230590582
leaf_weight=98.800526350736618 249.02140098810196 212.78229838609695 4.774746626615527 46.278313457965851 16.405539691448212 2681.4487337470055 10.651357859373094 35.994243800640106 2.4485880136489895 79.334251642227173 41.503566831350327 8.8149168491363508 97.943520545959473 3.5504526197910371 393.12080559134483 14.324239879846582 325.41734701395035 5.5093230307102212 147.77228662371635 4.8971760272979727 2.4485880136489833 7.7130522429943085 3.55045261979103 25.710174143314358 20.812998116016391 7.2233346402645102 10.406499058008192 12.855087071657179 15.548533886671065 7.1009052395820609
leaf_count=807 2034 1738 39 378 134 21902 87 294 20 648 339 72 800 29 3211 117 2658 45 1207 40 20 63 29 210 170 59 85 105 127 58
internal_value=-1.79198 -2.18381 2.7263 1.65977 3.37821 -2.59438 -1.89976 0.392897 1.90081 -0.218003 1.11968 1.66477 -1.79176 -1.06642 -2.67703 0.0881709 -2.3789 -2.07922 -1.60687 1.05842 0.551063 2.06026 1.72596 -1.59159 4.57863 3.46163 -1.82066 -2.03332 0.436509 2.31556
internal_weight=0 4226.88 367.288 407.935 173.115 3818.94 406.098 234.82 67.7035 167.116 87.7819 19.4663 118.267 31.7092 3412.84 46.2783 731.393 386.632 173.85 29.8728 15.671 10.1616 24.9756 29.2606 126.837 28.0363 158.179 338.272 20.3233 21.4251
internal_count=37525 34525 3000 3332 1414 31193 3317 1918 553 1365 717 159 966 259 27876 378 5974 3158 1420 244 128 83 204 239 1036 229 1292 2763 166 175
is_linear=0
shrinkage=1


Tree=86
num_leaves=31
num_cat=0
split_feature=10 36 46 8 46 35 35 35 35 6 35 20 46 20 6 1 0 46 6 6 33 46 35 35 9 25 1 6 9 6
split_gain=7969.75 6454.1 3491.39 1009.11 734.54 258.523 569.25 388.03 653.953 212.619 214.691 142.849 118.716 92.339 80.7089 86.3555 77.9439 68.2908 77.0809 54.6531 45.0018 42.9615 32.647 57.5697 29.225 28.1981 27.7938 27.497 23.9982 23.0221
threshold=1.5552819910174021 3.5000000000000004 10.500000000000002 -0.45128626237464337 7.0000000000000009 3.9829812312414954 4.9719404740209621 1.022266111254815 0.021372449354867915 -0.76514077609537645 4.9936386559525756 2.8226152211827329 7.0000000000000009 1.0000000180025095e-35 -1.1961339953951045 -0.038335830237856278 -0.58880181967462397 17.000000000000004 -0.11091508031062654 -0.78137799809396824 -0.096747904038029561 1.5000000000000002 3.001626907424972 4.999625008347782 0.93771645626483302 -0.48585664766097264 0.31955212438717356 -0.11700175686636669 1.438366478306347 -0.12000415446219208
decision_type=2 2 2 2 2 2 2 2 2 2 2 2 2 2 2 2 2 2 2 2 2 2 2 2 2 2 2 2 2 2
left_child=1 3 -2 4 -1 7 -7 8 27 10 14 -4 -12 -11 15 -3 -8 18 -6 25 -17 -18 -13 -24 -21 -16 -20 -5 -15 -9
right_child=2 9 11 5 17 6 16 29 -10 13 12 22 -14 28 19 20 21 -19 26 24 -22 -23 23 -25 -26 -27 -28 -29 -30 -31
leaf_value=4.8777544353525446 4.8536976894016277 -2.7771021262290527 -2.304759664056069 -0.5614901802640313 2.6468588976367085 4.5830619347591757 4.3925628885856298 -1.202631509443377 3.8627484365842712 -2.7574220269531877 3.5947608940021873 -0.43243547777210489 -1.3250180725956995 -2.3754075867056219 -2.6255349653945244 -0.53847254354429963 1.340320420586572 -2.4918713299796442 -1.2569516325816361 -1.1495985224923415 4.2132659246461479 -1.9516022875196808 4.5470921037526946 -0.7804865524831921 1.9421710480793459 -2.0447135781989436 1.1253737679105846 -2.0510600994123762 -1.2652524179492048 -2.2338764371000286
leaf_weight=114.59391903877258 244.61394256353378 5.5093230307102212 96.351938337087631 22.527009725570679 12.487798869609831 38.320402413606644 2.4485880136489859 37.585826009511948 45.298878252506256 2733.7260878384113 10.528928458690645 11.875651866197588 9.1822050511836988 644.71322399377823 132.10132333636284 3.3055938184261313 4.6523172259330776 8.5700580477714521 14.691528081893923 18.241980701684955 5.0196054279804203 26.812038749456406 4.5298878252506238 3.6728820204734802 3.6728820204734793 227.59625586867332 7.3457640409469596 27.546615153551102 20.078421711921692 51.053060084581375
leaf_count=936 1998 45 787 184 102 313 20 307 370 22329 86 97 75 5266 1079 27 38 70 120 149 41 219 37 30 30 1859 60 225 164 417
internal_value=-1.79198 -2.18655 2.70828 1.56385 3.5542 0.339016 1.94217 -0.290299 1.10965 -2.59361 -1.91805 -1.79912 1.30294 -2.67614 -2.0786 0.29412 -1.04194 0.0347638 0.661943 -2.16461 2.32655 -1.46486 0.627327 2.16161 -0.631425 -2.25802 -0.462843 -1.38094 -2.34188 -1.79659
internal_weight=0 4227.61 361.044 413.934 157.689 256.245 72.2333 184.011 95.3725 3813.68 415.158 116.43 19.7111 3398.52 395.447 13.8345 33.9129 43.0951 34.5251 381.612 8.3252 31.4644 20.0784 8.20277 21.9149 359.698 22.0373 50.0736 664.792 88.6389
internal_count=37480 34531 2949 3381 1288 2093 590 1503 779 31150 3391 951 161 27759 3230 113 277 352 282 3117 68 257 164 67 179 2938 180 409 5430 724
is_linear=0
shrinkage=1


Tree=87
num_leaves=31
num_cat=0
split_feature=10 9 34 8 34 20 40 40 40 40 3 14 40 9 9 34 20 20 34 1 38 49 20 38 20 14 4 10 20 9
split_gain=8458.6 5055.21 3590.84 831.7 683.114 279.259 209.632 659.018 288.216 773.24 166.412 147.79 210.789 134.408 180.043 114.483 113.987 107.829 107.456 80.1293 68.4224 70.1535 67.6646 65.3418 65.0112 60.4661 49.5345 49.4988 47.8859 42.4179
threshold=1.5552819910174021 1.20733357875903 0.031450555220707131 -0.65934424735539465 0.99109720418476022 0.84218552557480997 0.38000000000000006 0.43500000000000005 0.13500000000000004 0.080000000000000016 -0.21583172418775287 -1.0994183075655302 0.53500000000000014 1.352687448232494 1.2936119574462694 1.0095527063218983 2.8226152211827329 1.651340523002 0.022712859276481874 0.44664213253313467 76.500000000000014 14.500000000000002 1.0000000180025095e-35 76.500000000000014 0.91638820700047952 -0.79724185153239568 -0.81897788735220922 -0.73305296725621605 1.565881740232979 0.12981588697813506
decision_type=2 2 2 2 2 2 2 2 2 2 2 2 2 2 2 2 2 2 2 2 2 2 2 2 2 2 2 2 2 2
left_child=1 5 -2 4 13 11 8 15 9 -5 17 12 29 14 -3 -8 -4 -7 -14 -12 -6 -22 -13 -24 -16 -9 -15 -25 -21 -1
right_child=2 3 16 6 20 10 7 25 -10 -11 19 22 18 26 24 -17 -18 -19 -20 28 21 -23 23 27 -26 -27 -28 -29 -30 -31
leaf_value=-2.4809257464419372 4.898536540944507 4.3774370130269471 -2.2253282916345833 -1.7145927272653692 -2.0695815796883119 -2.154678302058457 4.9410690913266961 1.8679167498821858 -1.7451887355649958 3.8170920775576396 3.0312340883043611 -2.7603412960232299 3.7047336000224607 1.4966452588963852 -2.5873411419474217 -2.141815352764461 0.44470936776995007 3.0472497212488467 -1.4357702461779045 -0.59897604577902275 1.3574184497767097 -2.0251300270260661 -2.6900669857385395 0.94780914178694076 2.4867025681918533 -1.7020014326735893 4.6159143245102445 -2.0524915702854374 3.9841642485012492 -1.7800125306762846
leaf_weight=211.43557497859001 254.16343581676483 13.222375273704531 98.188379347324371 61.092270940542221 17.997121900320053 93.291203320026398 33.545655786991119 5.3868936300277701 110.43131941556931 43.095149040222168 9.1822050511836988 2728.5840530097485 9.3046344518661517 5.3868936300277701 8.0803404450416547 2.4485880136489859 19.098986506462097 4.1625996232032767 7.2233346402645102 33.055938184261322 21.547574520111088 8.5700580477714521 286.72965639829636 5.6317524313926688 3.6728820204734793 39.789555221796036 92.679056316614151 232.86072009801865 2.4485880136489859 145.93584561347961
leaf_count=1727 2076 108 802 499 147 762 274 44 902 352 75 22287 76 44 66 20 156 34 59 270 176 70 2342 46 30 325 757 1902 20 1192
internal_value=-1.79198 -2.19034 2.78643 0.913358 2.66782 -2.57478 -0.101851 1.26705 -0.619581 0.573484 -1.19979 -2.62865 -2.03323 3.91711 1.84608 4.45924 -1.79054 -1.93249 1.45814 0.398089 -0.526926 0.394905 -2.69707 -2.36839 -1.0017 -1.27632 4.44457 -1.98164 -0.282897 -2.1947
internal_weight=0 4236.79 371.451 466.946 171.156 3769.85 295.789 81.1707 214.619 104.187 142.141 3627.71 373.899 123.042 24.9756 35.9942 117.287 97.4538 16.528 44.6867 48.1148 30.1176 3253.81 525.222 11.7532 45.1764 98.0659 238.492 35.5045 357.371
internal_count=37640 34606 3034 3814 1398 30792 2416 663 1753 851 1161 29631 3054 1005 204 294 958 796 135 365 393 246 26577 4290 96 369 801 1948 290 2919
is_linear=0
shrinkage=1


Tree=88
num_leaves=31
num_cat=0
split_feature=1 36 34 8 34 35 35 35 35 14 35 36 34 34 6 20 34 6 9 31 7 1 35 35 6 6 35 48 6 9
split_gain=8070.92 6531.52 3272.91 990.335 717.148 234.837 587.493 354.844 606.676 211.404 282.407 159.512 158.543 89.1895 88.1224 87.7852 70.8649 80.8636 65.0866 60.7246 52.374 46.4451 39.8615 65.9298 39.1062 34.3689 34.2002 95.6445 29.3502 29.0447
threshold=1.5367684771616057 3.5000000000000004 0.97392298712563552 -0.66425008661974583 0.97392298712563552 3.9829812312414954 4.9719404740209621 1.9810096221475402 0.98830039778318834 -1.0994183075655302 4.995472352605244 3.5000000000000004 0.99442501917518578 1.0078492228598839 -0.63351987614264982 -0.044790908973797873 1.0112457448216736 -0.12000415446219208 0.22308993566552213 -1.2821927326242124 -1.2076173368815417 1.6330604916994051 3.001626907424972 4.9878135843335505 -0.7904930731381431 -0.12000415446219208 3.9982042187356499 51.500000000000007 1.3974503352586811 1.438366478306347
decision_type=2 2 2 2 2 2 2 2 2 2 2 2 2 2 2 2 2 2 2 2 2 2 2 2 2 2 2 2 2 2
left_child=1 3 21 4 28 7 13 8 -5 10 18 22 -12 -7 -8 -11 17 -6 -3 20 -20 -2 -4 -24 -21 -9 -19 -28 -1 -17
right_child=2 9 11 5 16 6 14 25 -10 15 12 -13 -14 -15 -16 29 -18 26 19 24 -22 -23 23 -25 -26 -27 27 -29 -30 -31
leaf_value=4.9264866518128283 3.2090402989533433 -2.4462145518066203 -0.42099001493318733 -1.3169109035617663 2.8406480562649832 4.9088661860836105 4.4314579971650954 -0.9776757076069903 3.7732330827433826 -2.7615342357823285 4.1666402366240565 -2.2609539836432155 -1.538095623944072 -1.3250180725956995 -1.6621090136177279 -2.406250151052276 -2.2527384401947863 -1.2178971178194686 -1.7334167126800801 -1.8811353697318773 4.5286957686137566 4.876766881747546 4.6395016011947909 -0.73098368701841876 -0.052699232332821255 -2.2527384401947863 4.9370944086981385 -2.6318937208657172 1.6580676462815158 -1.243789613794386
leaf_weight=113.12476623058319 17.997121900320053 230.28970268368721 12.610228270292284 49.339048475027084 12.242940068244932 36.606390804052353 2.5710174143314353 36.851249605417252 44.56430184841156 2643.6180489361286 11.50836366415024 93.168773919343948 8.4476286470890027 2.4485880136489859 30.852208971977234 715.1101293861866 9.9167814552783948 14.936386883258821 2.4485880136489868 143.85454580187798 2.9383056163787833 231.5139966905117 5.2644642293453199 4.0401702225208282 12.73265767097473 49.583907276391983 3.6728820204734793 3.0607350170612335 2.815876215696334 22.159721523523331
leaf_count=924 147 1881 103 403 100 299 21 301 364 21593 94 761 69 20 252 5841 81 122 20 1175 24 1891 43 33 104 405 30 25 23 181
internal_value=-1.79198 -2.183 2.72167 1.59558 3.54447 0.363953 1.88422 -0.247045 1.09875 -2.594 -1.91791 -1.68997 1.75175 4.51803 -1.19337 -2.67644 0.0986733 0.78627 -2.1046 -1.61889 1.68228 4.75647 0.737509 2.30758 -1.73246 -1.70912 -0.374395 1.49665 4.84711 -2.37131
internal_weight=0 4205.69 364.595 412.587 159.77 252.817 72.4782 180.339 93.9034 3793.11 412.22 115.084 19.956 39.055 33.4232 3380.89 43.8297 33.9129 392.264 161.974 5.38689 249.511 21.9149 9.30463 156.587 86.4352 21.67 6.73362 115.941 737.27
internal_count=37330 34352 2978 3370 1305 2065 592 1473 767 30982 3367 940 163 319 273 27615 358 277 3204 1323 44 2038 179 76 1279 706 177 55 947 6022
is_linear=0
shrinkage=1


Tree=89
num_leaves=31
num_cat=0
split_feature=10 36 46 8 34 14 40 49 40 40 40 40 20 34 49 40 20 6 6 38 20 6 14 38 38 40 49 40 40 9
split_gain=8043.1 6549.85 3526.6 997.949 724.466 227.861 263.079 213.042 424.059 372.884 596.234 328.907 146.892 136.03 115.744 107.508 92.8064 87.7439 86.3593 77.9601 61.9281 60.1175 38.3486 37.5003 36.8376 33.8929 45.6208 35.8225 33.3526 32.3163
threshold=1.5552819910174021 3.5000000000000004 10.500000000000002 -0.45128626237464337 0.98270983078019891 -1.0994183075655302 0.53500000000000014 14.500000000000002 0.38000000000000006 0.18000000000000002 0.080000000000000016 0.51500000000000012 2.8226152211827329 0.01224054493628219 14.500000000000002 0.38000000000000006 1.0000000180025095e-35 -0.1086399883730811 -0.48895835778212454 76.500000000000014 0.34330622176733294 -1.1443219107003644 0.094421792039942734 875.50000000000011 78.500000000000014 0.03500000000000001 14.500000000000002 0.41500000000000004 0.20500000000000004 1.438366478306347
decision_type=2 2 2 2 2 2 2 2 2 2 2 2 2 2 2 2 2 2 2 2 2 2 2 2 2 2 2 2 2 2
left_child=1 3 -2 4 -1 6 20 8 9 10 -5 -10 -4 -8 15 17 -7 -6 -13 -18 -3 -22 -11 -19 -21 -14 27 28 -27 -26
right_child=2 5 12 7 14 16 13 -9 11 22 -12 18 25 -15 -16 -17 19 23 -20 24 21 -23 -24 -25 29 26 -28 -29 -30 -31
leaf_value=4.8482497922587289 4.8680120516689396 -2.2506194932747459 -2.2536088152783109 -1.1772994155439021 2.7135907015720631 -2.7588978182747272 4.0827432305905802 -2.0510600994123762 4.9027127256876213 -0.81524388355420296 3.9649321795776085 4.5286957686137495 -1.7917593755492773 -1.0975555388778164 -2.369929908487268 5.0355735133993367 -2.6575273994587718 -2.0417993592744081 -1.4227544992825598 0.65049162827758389 2.0977514823972054 -1.4644712667708539 -2.2062993485672577 2.0131968985288036 -2.085329159863524 3.9841642485012518 -0.87317276867255489 4.9618458414305238 -0.7804865524831921 -0.42654106441006201
leaf_weight=116.30793064832687 246.08309537172318 326.27435281872749 99.290243953466415 46.033454656600952 8.8149168491363543 2753.9269389510155 10.651357859373094 31.954073578119278 35.871814399957657 34.525090992450714 44.197013646364212 2.9383056163787868 4.2850290238857296 9.6719226539134961 13.589663475751875 5.7541818320751181 362.0237378180027 11.998081266880037 14.324239879846571 5.2644642293453208 5.1420348286628714 60.235265135765076 46.52317225933075 2.815876215696334 288.5660974085331 2.448588013648985 5.7541818320751181 4.0401702225208282 3.6728820204734802 12.242940068244932
leaf_count=950 2010 2665 811 376 72 22494 87 261 293 282 361 24 35 79 111 47 2957 98 117 43 42 492 380 23 2357 20 47 33 30 100
internal_value=-1.79198 -2.18443 2.70371 1.5861 3.55191 -2.5932 -1.89059 0.364746 0.708731 -0.0569096 1.34149 3.17678 -1.7535 1.61742 0.0432919 1.15941 -2.67778 0.21547 -0.409742 -2.34343 -2.07262 -1.1843 -1.61373 -1.27101 -1.97192 0.704599 1.3767 2.65072 1.12537 -2.01782
internal_weight=0 4249.65 365.574 415.648 159.281 3834 411.975 256.367 224.413 171.279 90.2305 53.1344 119.491 20.3233 42.9727 29.3831 3422.02 23.6289 17.2625 668.097 391.652 65.3773 81.0483 14.814 306.074 20.2009 15.9158 10.1616 6.12147 300.809
internal_count=37697 34711 2986 3395 1301 31316 3365 2094 1833 1399 737 434 976 166 351 240 27951 193 141 5457 3199 534 662 121 2500 165 130 83 50 2457
is_linear=0
shrinkage=1


Tree=90
num_leaves=31
num_cat=0
split_feature=10 9 46 8 34 42 6 35 35 35 35 35 42 42 34 42 20 20 0 34 20 9 38 38 6 38 1 38 6 38
split_gain=8048.85 5168.81 3673.5 831.401 634.172 344.166 279.055 264.928 190.188 406.052 268.155 526.152 162.675 159.173 139.415 125.414 124.187 122.27 104.546 96.0101 95.8855 77.777 77.2989 76.3323 74.4833 70.7118 61.2271 51.5743 47.4711 47.148
threshold=1.5552819910174021 1.20733357875903 10.500000000000002 -0.45128626237464337 0.020856364949953299 0.84375000000000011 -0.76514077609537645 4.995472352605244 3.0225815593593368 4.9719404740209621 1.9937452855582312 0.98830039778318834 0.21875000000000003 0.84375000000000011 0.01224054493628219 0.21875000000000003 3.0639810612353506 1.651340523002 -0.59761956593285281 1.0095527063218983 -0.0077536320811132193 0.22308993566552213 60.500000000000007 76.500000000000014 -1.1443219107003644 481.50000000000006 -0.038335830237856278 198.50000000000003 -0.7904930731381431 78.500000000000014
decision_type=2 2 2 2 2 2 2 2 2 2 2 2 2 2 2 2 2 2 2 2 2 2 2 2 2 2 2 2 2 2
left_child=1 6 -2 4 5 -3 7 15 10 13 11 -5 -8 19 -9 -1 -4 20 -11 -10 -14 -17 -13 -22 26 -6 -23 -28 -26 -25
right_child=2 3 16 8 25 -7 12 14 9 18 -12 22 17 -15 -16 21 -18 -19 -20 -21 23 24 -24 29 28 -27 27 -29 -30 -31
leaf_value=4.8380886777685905 4.8730318769201961 4.3632065381355893 -2.3535776105859916 -1.5742104631556606 -1.0481376386401871 -2.2483541284386472 0.92712200087933194 4.1322648542461327 4.3227052264659331 4.8380886777685905 -1.7829195781448535 0.75410227692478404 -2.7588353696883647 -2.4918713299796442 -1.2769711737622429 -2.3888575819163207 0.50997855682453164 4.3925628885856298 -1.6256448493244797 -2.141815352764461 -2.6440198429522566 -2.3137726749052527 3.5392315447671474 1.1253737679105846 -1.8600838114802678 1.6547794124644115 -1.5380956239440717 3.5194347615086774 0.25644049113530665 -2.0038240033844139
leaf_weight=2.6934468150138846 249.75597739219666 115.81821304559708 99.167814552783966 57.786677122116089 36.116673201322556 8.4476286470890027 12.61022827029228 11.141075462102892 37.2185378074646 2.6934468150138846 96.964085340499878 13.467234075069426 2708.015913695097 4.285029023885726 8.3251992464065534 224.65795025229454 17.874692499637604 2.4485880136489859 35.25966739654541 2.4485880136489859 349.65836834907532 4.6523172259330758 38.320402413606644 4.8971760272979727 133.81533494591713 13.222375273704527 2.8158762156963313 7.1009052395820618 11.508363664150236 286.97451519966125
leaf_count=22 2040 946 810 472 295 69 103 91 304 22 792 110 22119 35 68 1835 146 20 288 20 2856 38 313 40 1093 108 23 58 94 2344
internal_value=-1.79198 -2.17649 2.70662 0.980367 2.70943 3.91375 -2.56326 -1.78087 -0.0602997 1.22915 -0.571647 0.500227 -2.65783 3.29819 1.81888 -1.96183 -1.91626 -2.67132 -1.16693 3.92366 -2.67648 -2.00945 2.81497 -2.32887 -1.47637 -0.323783 0.679224 2.08335 -1.69247 -1.95132
internal_weight=0 4233.36 366.798 462.049 173.605 124.266 3771.32 406.71 288.444 81.9053 206.538 109.574 3364.6 43.9522 19.4663 387.244 117.043 3351.99 37.9531 39.6671 3349.55 384.551 51.7876 641.53 159.893 49.339 14.5691 9.91678 145.324 291.872
internal_count=37574 34578 2996 3774 1418 1015 30804 3322 2356 669 1687 895 27482 359 159 3163 956 27379 310 324 27359 3141 423 5240 1306 403 119 81 1187 2384
is_linear=0
shrinkage=1


Tree=91
num_leaves=31
num_cat=0
split_feature=10 47 46 42 8 34 42 42 38 49 35 40 35 40 6 35 20 6 34 35 40 34 38 20 20 42 6 40 35 40
split_gain=8005.84 3973.15 3455.99 932.55 800.282 459.597 404.545 1077.19 200.109 184.147 194.037 317.193 307.021 213.3 175.579 220.691 143.965 143.274 99.7155 88.5153 205.079 80.1887 115.591 77.4858 63.01 57.2278 53.9118 52.6899 216.206 48.5218
threshold=1.5552819910174021 3.5000000000000004 10.500000000000002 0.84375000000000011 -0.45128626237464337 0.020856364949953299 0.71875000000000011 0.21875000000000003 156.50000000000003 14.500000000000002 3.9829812312414954 0.13500000000000004 0.021372449354867915 0.43500000000000005 -0.76514077609537645 4.995472352605244 2.8226152211827329 -0.12000415446219208 0.99442501917518578 3.9855503962196184 0.43500000000000005 1.0020786495885163 163.50000000000003 -0.044790908973797873 1.0422042645942826 0.21875000000000003 -0.78129687964420169 0.13500000000000004 0.99235288540732036 0.03500000000000001
decision_type=2 2 2 2 2 2 2 2 2 2 2 2 2 2 2 2 2 2 2 2 2 2 2 2 2 2 2 2 2 2
left_child=1 14 -2 4 5 6 7 -3 17 10 11 12 -10 -12 15 24 -4 19 -17 27 -21 22 -7 -16 -1 -25 -9 28 -6 -18
right_child=2 3 16 -5 8 21 -8 26 9 -11 13 -13 -14 -15 23 18 29 -19 -20 20 -22 -23 -24 25 -26 -27 -28 -29 -30 -31
leaf_value=-2.2125568930410857 4.8726212196652092 4.7658503333686379 -2.2614735530439609 -2.1550088477451603 -1.7850533223459213 -1.1435075658915301 4.9577798976551843 0.15700585843215631 -0.68229234393831351 -1.9954082931115695 5.0590293809932678 -1.5372252091101326 4.3436303326308199 -0.38392555414038743 -2.77872529967054 3.8666797082030011 -2.2779482327925873 -1.9506058113509086 -1.0839959243491797 4.658710316955224 -0.96338263557441584 -2.283066010237254 2.2291538762467487 1.7088003966025571 0.39235056775913213 -2.3899097046498801 -2.2891066655817784 -1.6191701477690155 3.575765608416869 1.4683039237066295
leaf_weight=336.43599307537079 243.51207795739174 54.113795101642609 96.107079535722733 166.748843729496 21.302715718746185 23.139156728982925 59.623118132352829 11.875651866197584 22.404580324888229 25.95503294467926 19.955992311239246 49.951195478439331 26.567179948091507 11.263504862785338 2573.8332905471325 8.9373462498188037 4.4074584245681789 96.229508936405182 7.4681934416294089 10.896216660737993 16.038251489400864 16.283110290765762 18.119551301002502 3.4280232191085807 9.5494932532310468 543.34168022871017 37.340967208147049 38.075543612241745 11.630793064832686 16.038251489400864
leaf_count=2748 1989 442 785 1362 174 189 487 97 183 212 163 408 217 92 21023 73 36 786 61 89 131 133 148 28 78 4438 305 311 95 131
internal_value=-1.79198 -2.18311 2.72925 -0.0746023 0.533187 2.02562 2.88354 1.68668 -0.4063 0.436702 0.921751 0.235793 2.04427 3.0953 -2.62959 -1.97073 -1.74886 -1.084 1.61301 -0.232552 1.31101 -0.403949 0.337661 -2.7061 -2.14066 -2.36421 -1.69888 -0.81804 0.108173 0.660729
internal_weight=0 4220.51 360.065 737.515 570.766 220.495 162.954 103.33 350.271 156.097 130.142 98.923 48.9718 31.2195 3482.99 362.391 116.553 194.173 16.4055 97.9435 26.9345 57.5418 41.2587 3120.6 345.985 546.77 49.2166 71.0091 32.9335 20.4457
internal_count=37414 34473 2941 6024 4662 1801 1331 844 2861 1275 1063 808 400 255 28449 2960 952 1586 134 800 220 470 337 25489 2826 4466 402 580 269 167
is_linear=0
shrinkage=1


Tree=92
num_leaves=31
num_cat=0
split_feature=10 36 34 8 34 35 35 35 35 14 35 36 34 0 38 34 33 49 38 14 10 35 14 14 35 35 14 49 35 35
split_gain=8020.19 6462.82 3589.2 999.057 686.054 267.157 552.959 343.004 702.395 226.986 314.302 127.386 108.435 93.6928 81.9168 77.2923 71.5849 69.0561 66.9328 64.8039 92.0622 55.3751 47.2558 46.1939 38.8194 65.8322 38.6152 37.6045 33.5495 38.9113
threshold=1.5552819910174021 3.5000000000000004 0.031450555220707131 -0.66425008661974583 0.97392298712563552 3.9829812312414954 4.9719404740209621 1.9937452855582312 0.030199858773715799 -1.0994183075655302 4.9914530442260867 3.5000000000000004 0.99147933693198653 -0.59495052060856568 76.500000000000014 1.0076240587683358 -0.10587836117878378 14.500000000000002 76.500000000000014 -2.535449313321108 -1.0000000180025095e-35 3.9786411023398522 -0.79724185153239568 -1.1611026191662626 3.0011073808500774 4.9878135843335505 0.72289468403678636 11.500000000000002 2.0014224994999155 0.97918049801925522
decision_type=2 2 2 2 2 2 2 2 2 2 2 2 2 2 2 2 2 2 2 2 2 2 2 2 2 2 2 2 2 2
left_child=1 3 -2 4 -1 7 15 8 -5 10 19 24 -12 -8 -6 -7 -11 21 -18 20 -3 28 -15 -21 -4 -26 -20 -10 29 -16
right_child=2 9 11 5 14 6 13 -9 27 16 12 -13 -14 22 17 -17 18 -19 26 23 -22 -23 -24 -25 25 -27 -28 -29 -30 -31
leaf_value=4.8569125829210531 4.8540553706582426 -2.5210426614142429 -0.79159944064875365 -1.5650248563419706 -1.7632995400033276 4.8848049580913084 4.8204090829597437 -1.7797299605247006 4.006853061839271 -2.7762993128379527 4.055190098950705 -2.2653898490261555 -0.78899485748494991 2.7589683282481006 -0.91661943251132061 -0.91661943251131872 -2.6945461960318955 -1.7020014326735893 -1.9780713707455368 -2.2582566520286727 2.6847140300509476 5.209360168754392 -1.8164808428667338 -0.85714390240194294 4.4124847734677957 -0.80914610617332405 -2.5918071181822144 0.2375506372923657 -1.7020014326735893 3.0539229016423826
leaf_weight=113.49205443263054 247.67467758059502 6.8560464382171631 11.998081266880037 51.665207087993622 15.058816283941267 36.973679006099701 2.5710174143314353 83.129563063383102 44.074584245681763 2380.517266869545 11.263504862785341 99.535102754831314 7.8354816436767569 2.4485880136489895 3.4280232191085878 2.4485880136489859 552.89117348194122 6.3663288354873648 312.07254233956337 351.24995055794716 6.733617037534712 4.4074584245681754 28.893338561058044 25.220456540584564 5.0196054279804212 4.652317225933075 152.66946265101433 2.815876215696334 3.183164417743682 8.8149168491363508
leaf_count=927 2023 56 98 422 123 302 21 679 360 19444 92 813 64 20 28 20 4516 52 2549 2869 55 36 236 206 41 38 1247 23 26 72
internal_value=-1.79198 -2.19055 2.67195 1.58295 3.5874 0.366611 1.97762 -0.283657 0.978249 -2.59668 -1.89301 -1.78704 2.06783 -0.982966 0.0952882 4.52447 -2.6814 1.16354 -2.45942 -2.08695 0.0583863 2.08335 -1.45902 -2.16439 0.410099 1.90081 -2.17969 3.7805 1.1902 1.94217
internal_weight=0 4217.08 368.88 409.771 154.751 255.02 73.3352 181.685 98.5557 3807.31 409.159 121.205 19.099 33.9129 41.2587 39.4223 3398.15 26.1999 1017.63 390.06 13.5897 19.8336 31.3419 376.47 21.67 9.67192 464.742 46.8905 15.4261 12.2429
internal_count=37458 34445 3013 3347 1264 2083 599 1484 805 31098 3342 990 156 277 337 322 27756 214 8312 3186 111 162 256 3075 177 79 3796 383 126 100
is_linear=0
shrinkage=1


Tree=93
num_leaves=31
num_cat=0
split_feature=10 36 46 2 34 14 35 35 35 35 35 36 34 0 38 34 9 38 34 14 10 6 6 9 14 25 2 35 33 6
split_gain=8064.18 6783.3 3662.2 892.932 652.701 234.913 297.998 215.512 500.321 397.486 642.55 128.066 118.951 102.598 88.6302 87.3488 75.8152 74.1895 67.1126 60.9231 97.5221 61.4861 50.0265 47.3762 45.8096 45.0094 114.345 41.1789 39.992 38.0515
threshold=1.5552819910174021 3.5000000000000004 10.500000000000002 -0.5664734721152126 0.024778475639627966 -1.0994183075655302 4.9936386559525756 3.9829812312414954 4.9719404740209621 1.9810096221475402 0.98268797370888072 3.5000000000000004 0.99231319516608674 -0.59761956593285281 76.500000000000014 1.0078492228598839 0.12981588697813506 76.500000000000014 1.0073264878603008 -2.535449313321108 -1.0000000180025095e-35 -0.78137799809396824 0.41153669862126691 1.438366478306347 -0.48434266572258294 2.5465057148004799 -0.78866886814977144 0.99067853626049052 -0.096747904038029561 0.87837208639158482
decision_type=2 2 2 2 2 2 2 2 2 2 2 2 2 2 2 2 2 2 2 2 2 2 2 2 2 2 2 2 2 2
left_child=1 3 -2 4 25 6 19 9 15 10 -5 27 -8 -10 -6 -9 -7 -18 29 20 -3 -21 23 -19 -15 -1 -27 -4 -22 -16
right_child=2 5 11 7 14 16 12 8 13 -11 -12 -13 -14 24 18 -17 17 22 -20 21 28 -23 -24 -25 -26 26 -28 -29 -30 -31
leaf_value=4.8706409174995731 4.8987755239494799 -2.8073538773464142 -1.9862349184466015 -1.3378138524416854 -1.5972838326519532 -2.7969822461533935 3.9331144184907001 4.8580495106172901 5.2093601687543813 -1.7588658860978013 3.9358590330073979 -2.3047724456060115 -1.0736958325437729 1.8295093542629579 2.6036265142282802 -1.3250180725956995 -2.7107029153101156 -2.0860224663560412 -1.5000460612032911 -2.2476239106478713 -0.47270786720220981 -0.5128354663261967 -2.6428671697501143 -0.16032565457728043 -2.0070041511832089 4.8141356783501514 -0.13694930144113737 1.2913894752619588 4.3263360820854615 -0.85074868411061222
leaf_weight=103.33041417598724 247.91953638195992 6.6111876368522644 5.142034828662875 46.890460461378098 16.895257294178009 2128.3127014636993 11.753222465515138 34.157802790403366 2.4485880136489895 82.517416059970856 45.543737053871155 99.412673354148865 7.9579110443592063 3.5504526197910371 19.95599231123925 2.4485880136489859 689.76724344491959 378.18441870808601 6.8560464382171622 357.24899119138718 2.8158762156963348 21.670003920793533 193.19359427690506 13.222375273704527 25.220456540584561 15.18124568462372 6.7336170375347129 15.058816283941267 4.5298878252506238 3.7953114211559287
leaf_count=844 2025 54 42 383 138 17384 96 279 20 674 372 812 65 29 163 20 5634 3089 56 2918 23 177 1578 108 206 124 55 123 37 31
internal_value=-1.79198 -2.1772 2.70618 1.65964 3.39747 -2.59507 -1.88248 0.423085 1.93627 -0.163554 1.26061 -1.83834 1.91173 -1.00471 0.241212 4.44447 -2.68148 -2.48858 1.25606 -2.07284 -0.0210084 -2.14841 -2.22649 -2.02097 -1.53356 4.59457 3.29285 0.457085 2.4867 2.05164
internal_weight=0 4230.79 367.533 415.525 172.748 3815.27 412.587 242.778 67.8259 174.952 92.4342 119.614 19.7111 31.2195 47.5026 36.6064 3402.68 1274.37 30.6074 392.876 13.957 378.919 584.6 391.407 28.7709 125.245 21.9149 20.2009 7.34576 23.7513
internal_count=37559 34557 3002 3394 1411 31163 3370 1983 554 1429 755 977 161 255 388 299 27793 10409 250 3209 114 3095 4775 3197 235 1023 179 165 60 194
is_linear=0
shrinkage=1


Tree=94
num_leaves=31
num_cat=0
split_feature=10 36 46 8 34 35 35 35 35 14 35 34 20 49 0 35 9 38 34 38 20 14 14 14 9 38 40 49 40 38
split_gain=8172.86 6420.7 3606.37 1014.85 765.423 275.873 560.356 347.739 638.723 234.858 259.142 159.09 104.714 102.621 97.576 83.8903 78.8926 75.4124 67.7641 66.8201 62.3318 96.9206 45.2281 40.7063 38.4309 37.0021 32.3087 45.412 42.4803 28.5967
threshold=1.5552819910174021 3.5000000000000004 10.500000000000002 -0.45128626237464337 0.97392298712563552 3.9829812312414954 4.9719404740209621 1.022266111254815 0.021372449354867915 -1.0994183075655302 4.9821933372715934 0.022712859276481874 2.8226152211827329 14.500000000000002 -0.58880181967462397 3.9945271572596091 0.14409912162382785 159.50000000000003 1.0058521794213908 76.500000000000014 0.40157796039690868 -2.535449313321108 0.9339492431873897 -0.53343417286230521 1.4973996768058531 80.500000000000014 0.03500000000000001 14.500000000000002 0.41500000000000004 156.50000000000003
decision_type=2 2 2 2 2 2 2 2 2 2 2 2 2 2 2 2 2 2 2 2 2 2 2 2 2 2 2 2 2 2
left_child=1 3 -2 4 -1 7 18 8 29 10 20 -12 -4 15 -8 17 -11 -6 -7 -18 -3 -22 24 -16 25 -21 -14 28 -28 -5
right_child=2 9 12 5 13 6 14 -9 -10 16 11 -13 26 -15 23 -17 19 -19 -20 22 21 -23 -24 -25 -26 -27 27 -29 -30 -31
leaf_value=4.8575882308665843 4.8807174946923784 -2.2362956351720413 -2.2298715651246619 -2.0333344639920474 -1.6122434897979014 4.9296350728061853 4.8204090829597437 -1.7868359440835224 3.7082192214172083 -2.7946594746550084 4.0056589137688459 -1.4460250770651455 -2.2379091504313737 -2.2098817927785244 2.0131968985287987 4.9886041470871589 -2.694099834218604 1.9269038091976869 -0.50822079242693818 -0.51520196576171373 4.042506911370447 -1.4373050601133563 -2.6763094255016227 -1.9844507391539654 0.032475998670692618 -2.1522871127666243 0.6352953998093267 -1.1435075658915301 4.9370944086981368 -0.51311179410459529
leaf_weight=116.55278944969177 249.51111859083176 328.11079382896423 98.800526350736618 31.341926574707031 11.141075462102895 35.749384999275208 2.5710174143314353 87.047303885221481 45.298878252506256 2189.6498312056065 11.630793064832689 9.9167814552783948 4.1625996232032803 14.691528081893919 2.8158762156963375 4.5298878252506247 657.81316986680031 13.099945873022078 2.4485880136489859 14.324239879846571 3.4280232191085807 55.215659707784653 159.40307968854904 26.689609348773956 8.6924874484539014 381.97973012924194 6.1214700341224688 6.6111876368522635 3.6728820204734802 20.44570991396904
leaf_count=952 2038 2680 807 256 91 292 21 711 370 17885 95 81 34 120 23 37 5373 107 20 117 28 451 1302 218 71 3120 50 54 30 167
internal_value=-1.79198 -2.18971 2.71803 1.54885 3.52202 0.30779 1.9934 -0.33552 0.965722 -2.59528 -1.87853 1.49665 -1.80253 -0.0595575 -1.08808 1.03848 -2.68105 0.300326 4.58105 -2.47752 -2.06657 -1.11698 -2.22509 -1.60293 -2.04749 -2.09312 0.250234 0.881554 2.24847 -1.43315
internal_weight=0 4234.59 368.88 414.424 160.015 254.408 70.2745 184.134 97.0865 3820.16 408.302 21.5476 119.369 43.4624 32.0765 28.7709 3411.86 24.241 38.198 1222.21 386.754 58.6437 564.4 29.5055 404.996 396.304 20.5681 16.4055 9.79435 51.7876
internal_count=37601 34588 3013 3385 1307 2078 574 1504 793 31203 3335 176 975 355 262 235 27868 198 312 9983 3159 479 4610 241 3308 3237 168 134 80 423
is_linear=0
shrinkage=1


Tree=95
num_leaves=31
num_cat=0
split_feature=10 36 46 8 46 40 40 40 40 6 40 20 46 49 40 20 6 6 20 6 40 40 6 46 1 6 6 6 19 28
split_gain=8200.26 6697.05 3448.93 1021.8 659.001 227.271 556.182 387.09 653.069 222.241 279.788 135.422 133.1 110.207 107.205 92.1674 79.3438 70.1257 59.5912 84.3207 36.0785 69.004 34.1972 32.4046 33.4329 30.7036 28.5955 26.0455 23.1067 25.0717
threshold=1.5552819910174021 3.5000000000000004 10.500000000000002 -0.4435267372621326 7.0000000000000009 0.38000000000000006 0.48000000000000004 0.18000000000000002 0.080000000000000016 -0.76514077609537645 0.53500000000000014 2.8226152211827329 7.0000000000000009 14.500000000000002 0.38000000000000006 1.0000000180025095e-35 -0.48895835778212454 -0.12000415446219208 0.40157796039690868 -1.1961339953951045 0.38000000000000006 0.51500000000000012 1.3974503352586811 13.500000000000002 0.093164706455257332 -0.78137799809396824 -0.12000415446219208 -0.7904930731381431 -0.46694953318630367 -0.54560954482466328
decision_type=2 2 2 2 2 2 2 2 2 2 2 2 2 2 2 2 2 2 2 2 2 2 2 2 2 2 2 2 2 2
left_child=1 3 -2 4 22 7 23 8 28 10 18 -4 -12 14 17 -11 -8 -6 25 -20 -13 -22 -1 -7 -25 -3 -9 -21 29 -5
right_child=2 9 11 5 13 6 16 26 -10 15 12 20 -14 -15 -16 -17 -18 -19 19 27 21 -23 -24 24 -26 -27 -28 -29 -30 -31
leaf_value=4.9207701232986185 4.8631572801663516 -2.3303070328034057 -2.2217307156272241 2.0678321681053049 2.44990989791398 4.9541110187016528 3.0472497212488467 -1.0615350789928732 3.9094175477961506 -2.7634671147863301 3.9196802526984507 -0.51664138294414208 -1.1925644595953597 -2.2517688327871785 5.0426668462709703 -2.3490847762616309 -1.6140903610504873 -1.1354044182708085 4.4314579971650954 -1.6293906439793417 4.7794668634024138 -0.91661943251131894 1.4657059679809019 0.18291536771585992 4.6460516996724852 -0.94621353686525944 -2.2142407273607057 0.81122096784567654 -1.888572527908644 -0.95420212945159921
leaf_weight=114.34906023740768 248.40925398468971 311.95011293888092 96.351938337087631 3.1831644177436855 9.059775650501253 31.341926574707031 4.1625996232032767 37.953114211559296 46.155884057283401 2736.4195346534252 11.630793064832689 11.875651866197588 9.0597756505012494 12.73265767097473 5.9990406334400168 667.7299513220787 29.75034436583519 13.712092876434328 2.5710174143314353 51.910065889358521 4.6523172259330732 3.9177408218383789 2.9383056163787833 3.183164417743682 3.5504526197910309 16.895257294178009 49.706336677074432 4.7747466266155234 28.036332756280899 19.955992311239243
leaf_count=934 2029 2548 787 26 74 256 34 310 377 22351 95 97 74 104 49 5454 243 112 21 424 38 32 24 26 29 138 406 39 229 163
internal_value=-1.79198 -2.18296 2.75596 1.62806 3.62237 0.395743 1.90328 -0.190908 1.18188 -2.59852 -1.90184 -1.72571 1.68118 0.197743 1.28178 -2.68219 -1.04194 0.291011 -2.09286 -1.16976 0.611819 2.17554 4.83421 4.52651 2.53621 -2.2592 -1.71516 -1.42381 -1.27812 -0.538473
internal_weight=0 4228.71 365.207 415.77 158.791 256.979 71.9885 184.991 97.3314 3812.94 408.792 116.798 20.6906 41.5036 28.7709 3404.15 33.9129 22.7719 388.101 59.2558 20.4457 8.57006 117.287 38.0755 6.73362 328.845 87.6595 56.6848 51.1755 23.1392
internal_count=37523 34540 2983 3396 1297 2099 588 1511 795 31144 3339 954 169 339 235 27805 277 186 3170 484 167 70 958 311 55 2686 716 463 418 189
is_linear=0
shrinkage=1


Tree=96
num_leaves=31
num_cat=0
split_feature=10 36 34 8 34 35 35 35 35 14 35 34 20 34 49 35 0 20 9 6 6 1 9 6 14 12 6 13 35 35
split_gain=8188.64 6476.23 3532.9 1009.16 731.167 260.693 590.461 361.723 647.164 223.678 262.111 164.814 129.989 103.861 102.915 109.738 96.3964 83.9059 73.3348 68.0371 59.1095 58.2845 37.5865 34.9395 34.0558 33.8442 32.7024 32.6619 32.6269 52.8975
threshold=1.5552819910174021 3.5000000000000004 0.031450555220707131 -0.45128626237464337 0.97392298712563552 3.9829812312414954 4.9719404740209621 1.9810096221475402 0.021372449354867915 -1.0994183075655302 4.9821933372715934 0.01224054493628219 2.8226152211827329 1.0095527063218983 14.500000000000002 3.9945271572596091 -0.59495052060856568 1.0000000180025095e-35 0.12981588697813506 -0.11361271675088158 -1.1443219107003644 -0.038335830237856278 1.438366478306347 1.3974503352586811 0.094421792039942734 -0.31754989214260126 -0.78137799809396824 0.93881964407002594 3.001626907424972 4.9878135843335505
decision_type=2 2 2 2 2 2 2 2 2 2 2 2 2 2 2 2 2 2 2 2 2 2 2 2 2 2 2 2 2 2
left_child=1 3 -2 4 23 7 13 8 -5 10 18 -12 -4 -7 15 19 -8 -11 -3 -6 21 -20 -19 -1 -9 -18 -22 -23 -14 -30
right_child=2 9 12 5 14 6 16 24 -10 17 11 -13 28 -15 -16 -17 25 22 20 -21 26 27 -24 -25 -26 -27 -28 -29 29 -31
leaf_value=4.943590988656096 4.8653613142269023 -2.475164411863775 -2.2753601552255129 -1.4112029175055927 2.2210774364296531 4.9922711906364476 4.8204090829597437 -1.0653739040652321 3.7888431597652414 -2.7525960567446881 4.0797469089465288 -1.4644712667708539 -0.53248209777848587 -1.7334167126800801 -2.2160696509616211 5.0355735133993367 0.14751786911699716 -2.3987746819511679 -2.414081112820714 -1.1289867253551968 -1.9080695073142364 -0.37925280082134383 -1.0558462416309939 1.1253737679105846 -2.3334097765077506 -2.1586565337988683 -0.075798702925829131 3.167366968332487 4.3263360820854615 -0.7804865524831921
leaf_weight=112.87990742921829 250.00083619356155 217.18975681066513 96.59679713845253 51.053060084581375 10.039210855960848 36.851249605417252 2.5710174143314353 36.973679006099701 45.054019451141357 2737.6438286602497 11.50836366415024 10.039210855960844 12.365369468927385 2.4485880136489859 13.467234075069426 5.7541818320751181 8.6924874484539014 635.89830714464188 5.509323030710223 15.303675085306169 152.30217444896698 4.6523172259330732 21.547574520111084 2.4485880136489859 49.583907276391983 23.751303732395172 10.406499058008192 5.8766112327575684 4.5298878252506238 3.6728820204734802
leaf_count=922 2042 1774 789 417 82 301 21 302 368 22361 94 82 101 20 110 47 71 5194 45 125 1244 38 176 20 405 194 85 48 37 30
internal_value=-1.79198 -2.18144 2.74181 1.56076 3.53324 0.333481 1.91257 -0.308949 1.02653 -2.59062 -1.89989 1.49665 -1.78932 4.57323 0.0931574 1.09322 -1.0737 -2.67556 -2.08474 0.198092 -1.61034 0.221285 -2.35476 4.86252 -1.79176 -1.54078 -1.79088 1.60026 0.493328 2.0397
internal_weight=0 4229.45 367.166 416.872 159.893 256.979 74.3146 182.665 96.1071 3812.57 417.484 21.5476 117.165 39.2998 44.5643 31.0971 35.0148 3395.09 395.937 25.3429 178.747 16.0383 657.446 115.328 86.5576 32.4438 162.709 10.5289 20.5681 8.20277
internal_count=37545 34546 2999 3405 1306 2099 607 1492 785 31141 3410 176 957 321 364 254 286 27731 3234 207 1460 131 5370 942 707 265 1329 86 168 67
is_linear=0
shrinkage=1


Tree=97
num_leaves=31
num_cat=0
split_feature=10 36 34 2 34 14 40 40 40 40 40 34 20 20 34 20 6 34 6 6 25 2 6 40 22 9 3 15 18 6
split_gain=8256.22 6401.32 3595.41 900.724 693.154 241.897 291.868 222.381 510.199 389.848 686.028 118.786 111.272 94.7411 86.4046 72.7132 81.8179 60.9844 68.2685 56.0038 49.8105 147.367 37.2044 36.1688 35.1622 31.1801 28.7445 27.9831 27.5481 26.1066
threshold=1.5552819910174021 3.5000000000000004 0.97748053706822979 -0.5664734721152126 0.022712859276481874 -1.0994183075655302 0.53500000000000014 0.38000000000000006 0.48000000000000004 0.20500000000000004 0.080000000000000016 0.022712859276481874 2.8226152211827329 -0.044790908973797873 1.0078492228598839 0.34330622176733294 -1.1443219107003644 1.0112457448216736 -0.12000415446219208 -0.48895835778212454 2.0879261500709805 -0.78866886814977144 -0.78137799809396824 0.080000000000000016 -0.44529023696523867 1.438366478306347 -0.063887243265105684 -0.61167200944859479 0.96524487874718257 -0.12000415446219208
decision_type=2 2 2 2 2 2 2 2 2 2 2 2 2 2 2 2 2 2 2 2 2 2 2 2 2 2 2 2 2 2
left_child=1 3 -2 4 20 6 15 9 14 10 -5 -8 -4 -7 -9 28 -17 18 -6 -10 -1 -22 26 -14 -20 -15 -18 -21 -3 -11
right_child=2 5 12 7 17 13 11 8 19 29 -12 -13 23 25 -16 16 22 -19 24 27 21 -23 -24 -25 -26 -27 -28 -29 -30 -31
leaf_value=4.9060679648504983 4.8906100106397528 -2.4939832815767193 -2.2456973011151011 -1.489241864375662 2.4867025681918533 -2.7658201985896906 3.8620656860017939 4.8260257051372832 2.4016195181742703 -1.1244011967647756 4.0392292336811657 -1.0029008353460471 -2.0755885462642909 -2.3965576746520822 -1.3250180725956995 2.4867025681918533 0.69548046255860507 -2.1713381460235728 1.9421710480793459 0.51277580778401033 4.7717901972354113 -0.41448995699773605 1.3522619012907962 1.1596929813630537 -1.0867855325464775 -1.1888851925675725 -1.9108883730308843 -2.1326378552344747 -1.9090566872618242 -2.2483541284386472
leaf_weight=95.617361932992935 250.98027139902115 189.39828285574913 98.188379347324371 46.278313457965851 12.487798869609831 2645.3320605456829 11.875651866197588 33.912943989038467 3.9177408218383816 34.892379194498062 43.584866642951965 8.6924874484539014 4.5298878252506283 715.23255878686905 2.4485880136489859 5.8766112327575675 4.6523172259330741 10.161640256643294 4.8971760272979727 4.8971760272979799 20.568139314651493 7.4681934416294089 4.4074584245681754 14.56909868121147 17.629833698272709 22.037292122840881 46.768031060695648 21.792433321475979 140.05923438072205 50.685771882534027
leaf_count=781 2050 1547 802 378 102 21607 97 277 32 285 356 71 37 5842 20 48 38 83 40 40 168 61 36 119 144 180 382 178 1144 414
internal_value=-1.79198 -2.18321 2.75462 1.56429 3.33766 -2.58938 -1.86566 0.329203 1.87946 -0.262555 1.19214 1.80604 -1.81612 -2.67747 4.41181 -2.05873 -1.06248 -0.0146008 0.611306 -1.12899 4.56239 3.39029 -1.43607 0.392351 -0.428317 -2.36046 -1.67507 -1.64724 -2.24532 -1.79009
internal_weight=0 4205.57 368.268 411.24 168.83 3794.33 411.73 242.41 66.9689 175.441 89.8632 20.5681 117.287 3382.6 36.3615 391.162 61.7044 45.1764 35.0148 30.6074 123.654 28.0363 55.8278 19.099 22.527 737.27 51.4203 26.6896 329.458 85.5782
internal_count=37359 34351 3008 3359 1379 30992 3363 1980 547 1433 734 168 958 27629 297 3195 504 369 286 250 1010 229 456 156 184 6022 420 218 2691 699
is_linear=0
shrinkage=1


Tree=98
num_leaves=31
num_cat=0
split_feature=10 36 46 8 34 35 35 35 35 6 35 36 34 6 1 49 35 6 33 34 6 38 6 38 6 35 35 15 6 14
split_gain=8186.47 6636.71 3542.97 995.545 720.236 261.457 545.841 353.756 655.946 207.672 259.357 148.758 135.487 91.963 98.4247 83.489 104.685 68.1223 67.5934 66.0824 64.7969 59.5646 52.0418 48.611 40.9127 40.7467 74.7183 32.1241 31.0046 30.7093
threshold=1.5552819910174021 3.5000000000000004 10.500000000000002 -0.66425008661974583 0.98615402669926089 3.9829812312414954 4.9719404740209621 1.022266111254815 0.021372449354867915 -0.76514077609537645 4.995472352605244 3.5000000000000004 0.01224054493628219 -1.1961339953951045 -0.038335830237856278 14.500000000000002 3.9786411023398522 -0.48895835778212454 -0.10484271863460466 1.0052488024084618 -0.12000415446219208 76.500000000000014 -0.78137799809396824 481.50000000000006 0.41153669862126691 3.0011073808500774 4.9878135843335505 -0.59652678293508721 1.3974503352586811 0.094421792039942734
decision_type=2 2 2 2 2 2 2 2 2 2 2 2 2 2 2 2 2 2 2 2 2 2 2 2 2 2 2 2 2 2
left_child=1 3 -2 4 28 7 19 8 -5 10 13 25 -12 14 -3 16 20 -8 -11 -7 -6 -20 -15 -16 -23 -4 -27 -19 -1 -9
right_child=2 9 11 5 15 6 17 29 -10 18 12 -13 -14 22 23 -17 -18 27 21 -21 -22 24 -24 -25 -26 26 -28 -29 -30 -31
leaf_value=4.9292153352559946 4.8829636236450202 -2.9586126329332219 -0.50822079242693841 -1.5037574265257592 2.2182715371504753 4.8565905793127335 2.7135907015720648 -1.0100439580208176 3.7553754815429836 -2.7762843438928884 4.0027278230505381 -2.2426545231556658 -1.3250180725956995 -2.2879614278682112 4.7794668634024138 -2.0105443613087672 5.0194073129011905 0.91042711523459285 -2.6909594894093525 -0.50822079242693818 -1.2539922221462421 -1.9986127058313199 -0.66584833772266405 -0.23595503237068471 -2.6329570859171985 4.9999249687111202 -0.79650218542767759 -1.9527046524298215 1.4966452588963852 -2.2052559182144615
leaf_weight=114.22663083672523 248.16439518332481 5.019605427980423 12.242940068244936 48.114754468202591 8.692487448453905 36.851249605417252 4.4074584245681754 37.463396608829498 46.768031060695648 2391.2910541296005 10.773787260055544 99.167814552783966 8.5700580477714521 357.86113819479942 4.6523172259330732 13.712092876434324 5.2644642293453208 4.6523172259330776 549.21829146146774 2.4485880136489859 14.079381078481676 313.54169514775276 20.935427516698837 3.3055938184261322 150.46573343873024 4.7747466266155225 4.1625996232032776 24.853168338537216 2.6934468150138846 50.440913081169128
leaf_count=933 2027 41 100 393 71 301 36 306 382 19532 88 810 70 2923 38 112 43 38 4486 20 115 2561 171 27 1229 39 34 203 22 412
internal_value=-1.79198 -2.19058 2.72369 1.60889 3.57703 0.389045 1.98588 -0.250544 1.08849 -2.60349 -1.93214 -1.72885 1.64233 -2.10863 0.508923 0.0115593 1.00054 -0.953479 -2.68456 4.52233 0.0714418 -2.4681 -2.19831 2.69614 -2.20431 0.676843 2.30022 -1.50126 4.85014 -1.69588
internal_weight=0 4230.3 368.512 414.668 158.669 256 73.2128 182.787 94.8828 3815.63 411.118 120.348 19.3438 391.774 12.9775 41.7484 28.0363 33.9129 3404.52 39.2998 22.7719 1013.23 378.797 7.95791 464.007 21.1803 8.93735 29.5055 116.92 87.9043
internal_count=37563 34553 3010 3387 1296 2091 598 1493 775 31166 3358 983 158 3200 106 341 229 277 27808 321 186 8276 3094 65 3790 173 73 241 955 718
is_linear=0
shrinkage=1


Tree=99
num_leaves=31
num_cat=0
split_feature=10 9 46 8 34 20 20 48 48 48 35 9 9 6 35 20 34 6 35 20 34 49 35 10 34 6 6 20 20 6
split_gain=8103.28 5174.26 3581.23 828.848 686.776 274.856 225.964 200.35 707.105 340.607 718.586 156.959 182.628 122.326 115.79 113.691 102.827 83.493 101.629 71.1064 67.3415 61.2789 85.6035 58.9791 49.146 48.1232 45.8936 68.2386 41.5871 40.9076
threshold=1.5552819910174021 1.20733357875903 10.500000000000002 -0.45128626237464337 0.98615402669926089 1.0000000180025095e-35 1.651340523002 38.000000000000007 43.500000000000007 13.500000000000002 0.021372449354867915 1.352687448232494 1.2936119574462694 -0.76514077609537645 4.9821933372715934 2.8226152211827329 1.0076240587683358 -0.76514077609537645 4.995472352605244 0.91638820700047952 0.99442501917518578 14.500000000000002 3.9786411023398522 -0.73305296725621605 0.99231319516608674 -0.11361271675088158 -1.1443219107003644 0.46493881844541035 -0.011222982852585571 -0.75540712581079394
decision_type=2 2 2 2 2 2 2 2 2 2 2 2 2 2 2 2 2 2 2 2 2 2 2 2 2 2 2 2 2 2
left_child=1 5 -2 4 11 17 13 9 16 10 -5 12 -3 14 26 -4 -9 18 -1 -14 -20 22 25 -15 -16 -6 27 -7 -13 -10
right_child=2 3 15 7 21 6 -8 8 29 -11 -12 28 19 23 24 -17 -18 -19 20 -21 -22 -23 -24 -25 -26 -27 -28 -29 -30 -31
leaf_value=-2.2995468311651375 4.8685267430580499 4.3454399685758922 -2.2652017084453848 -1.5300577190578166 1.1745784233424379 -1.5972838326519532 3.6330847157971324 4.9751530633296568 2.4867025681918533 -1.8262345854265303 3.8363960795818293 1.9421710480793459 -2.6134870215943087 0.22371443265935476 4.4124847734677957 0.38049574511517337 -1.7334167126800801 -2.7544409036652571 3.459080282678475 2.5745302327261288 -1.6289426419608199 -2.2098817927785244 3.4272570120225487 -2.2961732400140482 -0.67158024846069075 -1.5683193900927774 -1.6490207941828328 3.119878754369187 4.6311896358164013 -1.6207550188636992
leaf_weight=270.07925790548325 249.38868919014931 12.732657670974733 98.065949946641922 59.50068873167038 10.161640256643294 7.3457640409469587 6.9784758388996115 34.157802790403366 2.5710174143314353 107.73787260055542 42.972719639539719 6.1214700341224662 8.6924874484539014 9.4270638525485975 5.0196054279804212 19.466274708509445 2.4485880136489859 2718.2999833524227 5.1420348286628705 3.7953114211559287 5.2644642293453217 14.691528081893919 6.7336170375347129 631.0011311173439 3.0607350170612335 17.262545496225361 103.08555537462234 5.2644642293453217 95.127644330263138 42.605431437492371
leaf_count=2206 2037 104 801 486 83 60 57 279 21 880 351 50 71 77 41 159 20 22203 42 31 43 120 55 5154 25 141 842 43 777 348
internal_value=-1.79198 -2.17486 2.72381 0.963812 2.68254 -2.56391 -2.03147 -0.0681434 1.25988 -0.58481 0.720391 3.91261 1.68048 -2.08319 -1.17313 -1.82701 4.52642 -2.70084 -2.18139 -1.03674 0.885139 -0.502079 0.232459 -2.25908 2.4867 -0.551978 -1.42874 0.372017 4.46861 -1.387
internal_weight=0 4237.28 366.921 467.313 175.319 3769.97 771.183 291.994 81.7828 210.211 102.473 126.47 25.2205 764.204 123.776 117.532 36.6064 2998.79 280.486 12.4878 10.4065 48.8493 34.1578 640.428 8.08034 27.4242 115.696 12.6102 101.249 45.1764
internal_count=37607 34610 2997 3817 1432 30793 6299 2385 668 1717 837 1033 206 6242 1011 960 299 24494 2291 102 85 399 279 5231 66 224 945 103 827 369
is_linear=0
shrinkage=1


end of trees

feature_importances:
Column_35=585
Column_6=319
Column_34=262
Column_20=217
Column_38=215
Column_14=181
Column_9=153
Column_46=149
Column_40=148
Column_49=145
Column_10=128
Column_36=109
Column_8=87
Column_1=52
Column_0=47
Column_33=27
Column_48=27
Column_42=26
Column_2=25
Column_25=17
Column_22=13
Column_3=10
Column_4=9
Column_31=8
Column_47=6
Column_28=5
Column_15=4
Column_18=4
Column_7=3
Column_11=3
Column_5=2
Column_12=2
Column_13=2
Column_23=2
Column_29=2
Column_41=2
Column_19=1
Column_21=1
Column_32=1
Column_37=1

parameters:
[boosting: rf]
[objective: binary]
[metric: logloss]
[tree_learner: serial]
[device_type: cpu]
[data_sample_strategy: bagging]
[data: ]
[valid: ]
[num_iterations: 100]
[learning_rate: 0.1]
[num_leaves: 31]
[num_threads: 1]
[seed: 0]
[deterministic: 0]
[force_col_wise: 0]
[force_row_wise: 0]
[histogram_pool_size: -1]
[max_depth: -1]
[min_data_in_leaf: 20]
[min_sum_hessian_in_leaf: 0.001]
[bagging_fraction: 0.8]
[pos_bagging_fraction: 1]
[neg_bagging_fraction: 1]
[bagging_freq: 1]
[bagging_seed: 3]
[feature_fraction: 0.8]
[feature_fraction_bynode: 1]
[feature_fraction_seed: 2]
[extra_trees: 0]
[extra_seed: 6]
[early_stopping_round: 0]
[first_metric_only: 0]
[max_delta_step: 0]
[lambda_l1: 0]
[lambda_l2: 0]
[linear_lambda: 0]
[min_gain_to_split: 0]
[drop_rate: 0.1]
[max_drop: 50]
[skip_drop: 0.5]
[xgboost_dart_mode: 0]
[uniform_drop: 0]
[drop_seed: 4]
[top_rate: 0.2]
[other_rate: 0.1]
[min_data_per_group: 100]
[max_cat_threshold: 32]
[cat_l2: 10]
[cat_smooth: 10]
[max_cat_to_onehot: 4]
[top_k: 20]
[monotone_constraints: ]
[monotone_constraints_method: basic]
[monotone_penalty: 0]
[feature_contri: ]
[forcedsplits_filename: ]
[refit_decay_rate: 0.9]
[cegb_tradeoff: 1]
[cegb_penalty_split: 0]
[cegb_penalty_feature_lazy: ]
[cegb_penalty_feature_coupled: ]
[path_smooth: 0]
[interaction_constraints: ]
[verbosity: 1]
[saved_feature_importance_type: 0]
[use_quantized_grad: 0]
[num_grad_quant_bins: 4]
[quant_train_renew_leaf: 0]
[stochastic_rounding: 1]
[linear_tree: 0]
[max_bin: 255]
[max_bin_by_feature: ]
[min_data_in_bin: 3]
[bin_construct_sample_cnt: 200000]
[data_random_seed: 1]
[is_enable_sparse: 1]
[enable_bundle: 1]
[use_missing: 1]
[zero_as_missing: 0]
[feature_pre_filter: 1]
[pre_partition: 0]
[two_round: 0]
[header: 0]
[label_column: ]
[weight_column: ]
[group_column: ]
[ignore_column: ]
[categorical_feature: ]
[forcedbins_filename: ]
[precise_float_parser: 0]
[parser_config_file: ]
[objective_seed: 5]
[num_class: 1]
[is_unbalance: 0]
[scale_pos_weight: 1]
[sigmoid: 1]
[boost_from_average: 1]
[reg_sqrt: 0]
[alpha: 0.9]
[fair_c: 1]
[poisson_max_delta_step: 0.7]
[tweedie_variance_power: 1.5]
[lambdarank_truncation_level: 30]
[lambdarank_norm: 1]
[label_gain: ]
[lambdarank_position_bias_regularization: 0]
[eval_at: ]
[multi_error_top_k: 1]
[auc_mu_weights: ]
[num_machines: 1]
[local_listen_port: 12400]
[time_out: 120]
[machine_list_filename: ]
[machines: ]
[gpu_platform_id: -1]
[gpu_device_id: -1]
[gpu_use_dp: 0]
[num_gpu: 1]

end of parameters

pandas_categorical:null
