tree
version=v4
num_class=1
num_tree_per_iteration=1
label_index=0
max_feature_idx=49
objective=binary sigmoid:1
feature_names=Column_0 Column_1 Column_2 Column_3 Column_4 Column_5 Column_6 Column_7 Column_8 Column_9 Column_10 Column_11 Column_12 Column_13 Column_14 Column_15 Column_16 Column_17 Column_18 Column_19 Column_20 Column_21 Column_22 Column_23 Column_24 Column_25 Column_26 Column_27 Column_28 Column_29 Column_30 Column_31 Column_32 Column_33 Column_34 Column_35 Column_36 Column_37 Column_38 Column_39 Column_40 Column_41 Column_42 Column_43 Column_44 Column_45 Column_46 Column_47 Column_48 Column_49
feature_infos=[-1.2504883594784932:15.798026433845127] [-1.6942035155796722:31.698713898142451] [-1.2896648374313537:41.078922051193565] [-0.96376721161209833:14.807636610531953] [-1.1152888280384345:21.78669170307009] [-1.8862102267685008:19.869853026967405] [-1.5540989689317364:47.607737950131309] [-1.5642778150448371:4.6653551563690892] [-1.210636979738672:29.713077130013048] [-1.7553705053502309:4.0743700750396483] [-1.7340317224577881:7.3264240399689395] [-0.97869483213632102:6.0167510186081881] [-1.5579095479715643:59.004612215098327] [-0.96376721161209833:14.807636610531953] [-5.7175227242526372:7.6513710065328215] [-0.7754756656371774:9.7791031611688801] [-0.062261689845420132:40.221515814628638] [-0.038186151847367227:0.035340447584859179] [-1.0538865892455764:1.0171488228821155] [-0.8372301391356739:9.7653932265708985] [-0.68886770146199205:12.781567845435854] [-2.2227376334689892:11.035072096676103] [-0.86951015623001549:119.05123222314909] [-4.2402729805030015:2.3966212858456437] [-0.28229914078801199:4.1126100380045401] [-1.6655193555195715:9.4631116693494146] [-1.7369647438352842:8.8738217139887006] [-1.6333961596839974:4.4214852957874795] [-0.72481424855633592:34.139763059305217] [-1.0164738168665284:7.3065175406773983] [-0.122048067242397:12.362016191829406] [-1.7104296920285054:56.810156472352482] [-2.36423798798715:4.7794127332731167] [-0.80976315975979374:2.4098767141362201] [-0.038396423882105631:3.0086381148460219] [-0.030888523285414818:5.0285653613529924] [0:6] [0:1] [0:3898] [0:0.40000000000000002] [0:0.56000000000000005] [0:0.40000000000000002] [0:0.9375] [0:4] [0:1] [0:1] [0:34] [0:4] [0:56] [0:35]
tree_sizes=3337 3391 3393 3400 3404 3403 3403 3445 3409 3437 3434 3441 3408 3440 3423 3443 3422 3429 3448 3422 3424 3436 3428 3432 3428 3439 3428 3437 3436 3433 3446 3419 3427 3439 3440 3429 3421 3434 3442 3427 3417 3450 3421 3419 3440 3425 3445 3439 3424 3419 3439 3433 3402 3431 3416 3406 3430 3416 3448 3444 3420 3415 3425 3393 3399 3393 3397 3406 3408 3402 3442 3413 3409 3399 3417 3430 3424 3463 3395 3413 3384 3404 3375 3411 3410 3365 3380 3370 3443 3404 3410 3415 3397 3405 3445 3406 3390 3408 3357 3436

Tree=0
num_leaves=31
num_cat=0
split_feature=10 36 46 8 34 35 40 40 35 14 35 34 20 0 49 35 6 38 34 14 10 20 38 49 35 35 14 3 14 25
split_gain=10466.2 8192.27 4520.91 1172.41 930.083 316.645 732.418 496.023 781.1 280.328 311.667 165.877 155.207 148.483 124.815 136.025 104.471 98.1565 91.317 82.6171 89.1632 80.3831 67.5765 63.6586 57.9172 66.0272 42.9434 41.3088 41.0411 35.8483
threshold=1.5544313764064441 3.5000000000000004 10.500000000000002 -0.45218975719495608 0.97420999951194476 3.0240803418597677 0.48000000000000004 0.20500000000000004 0.027259844748239753 -1.0994183075655302 4.0254942128589333 0.012217423206805253 2.8324536785943715 -0.59796545711328319 14.500000000000002 3.0240803418597677 -0.78140398427176605 310.50000000000006 1.0097484989106187 -2.5349083810324538 0.012316297345905241 -0.045099109276372951 76.500000000000014 11.500000000000002 3.0010643871955618 4.986826519457872 -0.31589968439539967 0.75465589222813556 0.085535989164709295 -0.51780936920952192
decision_type=2 2 2 2 2 2 2 2 2 2 2 2 2 2 2 2 2 2 2 2 2 2 2 2 2 2 2 2 2 2
left_child=1 3 -2 4 -1 7 18 8 -5 10 16 -12 -4 -8 15 17 19 -6 -7 20 -3 -11 -23 -10 -14 -26 -15 -22 -9 -21
right_child=2 9 12 5 14 6 13 28 23 21 11 -13 24 26 -16 -17 -18 -19 -20 29 27 22 -24 -25 25 -27 -28 -29 -30 -31
leaf_value=-1.1357684546144164 -1.1321197730646777 -1.8568351430940551 -1.849014172714063 -1.7613892280453309 -1.7715105936603783 -1.1285247703048871 -1.0979373880197574 -1.7315331639260143 -1.2151201296121121 -1.9042831958788542 -1.2380385229507531 -1.74861442935797 -1.6947262409259731 -1.5439014217369476 -1.8574868371731228 -1.1132310791623223 -1.6379223291303153 -1.3959278649212781 -1.7586248453785578 -1.8952501254473291 -1.7586248453785578 -1.896046871297417 -1.8419086868343502 -1.7271635378852817 -1.1682232877387786 -1.6985623492550306 -1.8340966335787203 -1.2726383983790557 -1.8567467449863004 -1.8348307484537414
leaf_weight=140.09650361537933 310.10124957561493 8.9603641033172625 123.02337741851807 57.879108667373657 17.073126196861271 45.770508527755737 3.3904080390930167 45.770508527755737 53.762184619903564 3290.027743935585 13.561632156372072 11.987514138221739 16.588782191276554 6.0543000698089591 16.58878219127655 6.5386440753936759 25.185888290405273 11.745342135429381 2.4217200279235831 150.63098573684692 2.4217200279235822 497.30020773410797 429.85530495643616 2.5428060293197623 5.6910420656204206 3.9958380460739136 32.329962372779846 6.2964720726013184 61.148430705070496 282.13038325309753
leaf_count=1157 2561 74 1016 478 141 378 28 378 444 27171 112 99 137 50 137 54 208 97 20 1244 20 4107 3550 21 47 33 267 52 505 2330
internal_value=-1.80739 -1.84765 -1.34979 -1.46406 -1.26977 -1.584 -1.42584 -1.64836 -1.50342 -1.88855 -1.81785 -1.4776 -1.80189 -1.73229 -1.63118 -1.52501 -1.83612 -1.61844 -1.16019 -1.8472 -1.63531 -1.89695 -1.87095 -1.23824 -1.58127 -1.38699 -1.78832 -1.40763 -1.80314 -1.85586
internal_weight=0 5221.47 459.4 503.112 192.042 311.07 89.9669 221.103 114.184 4718.36 501.175 25.5491 149.299 41.7747 51.9459 35.3571 475.626 28.8185 48.1922 450.44 17.6786 4217.18 927.156 56.305 26.2757 9.68688 38.3843 8.71819 106.919 432.761
internal_count=46916 43122 3794 4155 1586 2569 743 1826 943 38967 4139 211 1233 345 429 292 3928 238 398 3720 146 34828 7657 465 217 80 317 72 883 3574
is_linear=0
shrinkage=1


Tree=1
num_leaves=31
num_cat=0
split_feature=10 36 46 49 8 14 35 49 35 35 35 35 36 35 20 6 34 38 14 7 6 35 35 35 9 38 38 25 14 6
split_gain=6168.64 5539.53 1675.93 440.56 377.851 257.36 212.984 299.393 199.879 164.805 169.412 202.788 107.321 99.7536 78.8445 78.501 69.6741 63.2259 60.905 55.5534 46.5071 41.6935 39.5986 38.346 35.247 34.7882 35.4542 32.9697 29.4168 28.8097
threshold=1.5544313764064441 3.5000000000000004 10.500000000000002 11.500000000000002 -0.6666296841194187 -1.0994183075655302 3.0160395766815906 14.500000000000002 4.0254942128589333 0.027259844748239753 1.9936924257986131 3.9809838485361291 3.5000000000000004 4.9842702640393926 -0.045099109276372951 -0.78140398427176605 0.98953557343827636 76.500000000000014 -2.5349083810324538 -1.281659524803332 -0.48839902243760774 0.014759048528931765 1.9959602219650494 3.0010643871955618 1.438366478306347 156.50000000000003 157.50000000000003 -0.51780936920952192 0.085535989164709295 1.440639357845485
decision_type=2 2 2 2 2 2 2 2 2 2 2 2 2 2 2 2 2 2 2 2 2 2 2 2 2 2 2 2 2 2
left_child=1 3 -2 4 29 8 -5 -8 15 28 -11 -12 21 -13 25 18 -10 -16 19 -3 -15 -4 -23 -24 -19 -7 -27 -20 -6 -1
right_child=2 5 12 6 9 14 7 -9 16 10 11 13 -14 20 17 -17 -18 24 27 -21 -22 22 23 -25 -26 26 -28 -29 -30 -31
leaf_value=0.38406022684888053 0.38777019860751177 -0.1016494316626486 -0.037685749299905952 -0.018886522865695816 0.13014825597261598 -0.10096113933673123 0.39437720317566499 -0.014050835194326029 0.34579178407873301 0.35673893479658669 0.031250263645708098 0.38721660527458751 -0.039178916624101064 0.42810241289815371 -0.085414554178047025 0.13459889098934627 0.041011509273490246 -0.037705225670242502 -0.084594540489414366 0.25121573407976089 0.058000329006727205 0.53553260301898653 -0.015167587770016587 0.27652935885183405 0.11282156639489525 0.12071967376114319 -0.079691687810349673 -0.025219314523345866 -0.016464324669280838 0.13812556288701097
leaf_weight=221.74324295669794 472.1107302159071 6.7046643123030689 7.4445088058710125 82.478700205683708 24.641294240951538 2138.9916611611843 41.023659057915211 31.907043151557446 20.021303534507751 79.583714485168457 56.671009264886379 40.036438673734665 118.84255917370319 4.1495723724365261 466.19186416268349 28.342300653457642 11.993965059518812 403.09043837338686 141.29149439930916 13.336241714656351 18.678608611226082 3.6702997088432339 6.7890981435775783 13.405165255069731 16.180307663977146 8.9129353463649732 917.58105280995369 276.60007230937481 30.779534429311752 4.8677659705281249
leaf_count=1229 2561 56 57 669 196 18959 224 258 116 453 460 217 1011 26 4107 208 95 3413 1244 90 148 28 52 85 137 79 8133 2330 246 29
internal_value=0 -0.0383406 0.295218 0.237577 0.284858 -0.0778166 0.0911962 0.215691 -0.0100935 0.201243 0.243694 0.168431 0.00421466 0.292097 -0.0863578 -0.0266893 0.231611 -0.0600733 -0.0371277 0.133165 0.125275 0.168927 0.23338 0.178464 -0.0318962 -0.0939501 -0.0777637 -0.0452944 0.0487228 0.378777
internal_weight=0 5085.8 622.262 636.561 481.151 4449.24 155.409 72.9307 498.29 254.54 199.119 119.536 150.152 62.8646 3950.95 466.275 32.0153 885.463 437.932 20.0409 22.8282 31.3091 23.8646 20.1943 419.271 3065.49 926.494 417.892 55.4208 226.611
internal_count=46916 43122 3794 4155 3004 38967 1151 482 4139 1746 1304 851 1233 391 34828 3928 211 7657 3720 146 174 222 165 137 3550 27171 8212 3574 442 1258
is_linear=0
shrinkage=0.1


Tree=2
num_leaves=31
num_cat=0
split_feature=20 10 1 36 46 36 34 49 8 14 35 35 35 6 35 34 35 9 38 38 14 35 14 14 38 14 6 35 49 35
split_gain=4758.91 1213.48 894.681 1470.97 517.231 452.983 444.066 246.178 200.614 138.65 121.16 140.186 139.96 109.113 82.3022 65.3075 61.6414 57.562 50.0455 58.326 49.1219 45.7739 41.9235 50.7803 37.1117 32.7326 29.9083 32.5221 29.4605 37.9336
threshold=0.20630609457800206 1.5544313764064441 1.5367684771616057 3.5000000000000004 10.500000000000002 3.5000000000000004 0.97916257029051346 14.500000000000002 -0.45218975719495608 -1.0994183075655302 3.0160395766815906 1.9936924257986131 0.97884450118364696 -0.76391761237567224 4.0254942128589333 0.99920529058112695 4.9842702640393926 1.20733357875903 156.50000000000003 157.50000000000003 0.085535989164709295 4.9930160746963974 -1.170666182468995 -2.3055110860920025 76.500000000000014 0.085535989164709295 -0.11994562633178535 3.0240803418597677 12.500000000000002 4.9910495028621353
decision_type=2 2 2 2 2 2 2 2 2 2 2 2 2 2 2 2 2 2 2 2 2 2 2 2 2 2 2 2 2 2
left_child=1 5 3 7 -4 20 -3 8 15 21 11 12 -10 14 -7 -2 -12 -6 -15 -20 -1 22 23 -5 -11 -13 -17 -28 29 -21
right_child=2 6 4 9 17 13 -8 -9 10 24 16 25 -14 18 -16 26 -18 -19 19 28 -22 -23 -24 -25 -26 -27 27 -29 -30 -31
leaf_value=0.23319898573620712 0.29343443991721202 0.29375065925857519 0.29022004629038028 0.22602554627545848 -0.0087457166513942915 -0.042823927248789057 -0.069493296141297317 -0.026482612636477651 0.046903141587422183 -0.082955448037816876 0.29472898723196878 0.083507683656590059 0.26190063225354099 -0.095426046070559198 0.14690071073925715 0.26156010128175516 0.094956314640951306 0.14735221585493757 0.14510284980772645 -0.064354012998269691 0.077648330265037077 0.2600018923206372 0.23540173247378882 -0.0032414867980339965 -0.025592664717029912 -0.038226947278871659 0.013098026984188646 0.28774880130366687 -0.094970423233927251 0.045283365512657749
leaf_weight=41.723295122385025 230.8102603405714 125.32436850667 435.16072396934032 11.042524501681326 70.256672717630863 358.67386265844107 46.011059455573559 47.551741898059845 48.447636038064957 232.80252163112164 71.927865698933601 41.100712284445763 80.739052176475525 2251.4226838499308 24.421431973576546 15.192070841789244 19.669067531824112 35.590374320745468 12.615650542080401 612.78325082361698 39.54194737225771 11.362336322665213 10.659299455583094 77.205895237624645 218.77254191786051 47.747690178453922 17.436234638094906 5.7276412546634665 342.97391358017921 33.271245315670967
leaf_count=228 1066 574 2002 73 610 3126 403 391 373 2183 331 316 391 21436 147 87 140 227 104 5706 262 62 75 659 1886 407 116 26 3200 309
internal_value=0 -0.0639972 0.135398 0.0868614 0.241997 -0.0759898 0.196204 0.192241 0.210211 -0.0306172 0.155319 0.114775 0.181272 -0.0812084 -0.0307294 0.273355 0.251831 0.0437412 -0.087153 -0.0685575 0.157511 0.0699109 0.0480736 0.0254467 -0.0551652 0.0180867 0.152522 0.0810099 -0.0712829 -0.0587078
internal_weight=0 3888.76 1729.2 1188.2 541.008 3717.43 171.335 626.35 578.798 561.845 309.632 218.035 129.187 3636.16 383.095 269.166 91.5969 105.847 3253.07 1001.64 81.2652 110.27 98.9077 88.2484 451.575 88.8484 38.3559 23.1639 989.028 646.054
internal_count=46916 35495 11421 8582 2839 34518 977 3644 3253 4938 1958 1487 764 34028 3273 1295 471 837 30755 9319 490 869 807 732 4069 723 229 142 9215 6015
is_linear=0
shrinkage=0.1


Tree=3
num_leaves=31
num_cat=0
split_feature=20 10 1 36 36 46 34 49 8 14 6 35 35 35 35 38 38 34 9 40 4 38 6 6 9 35 7 14 38 6
split_gain=3812.4 985.359 619.658 1085.97 373.334 354.351 313.887 173.256 135.432 113.652 103.486 83.9124 99.8333 95.4643 64.2177 49.6928 47.2171 45.5028 43.2864 43.1961 37.1113 34.3638 31.3731 70.9784 72.2785 31.2213 30.2543 35.5146 29.7778 29.0316
threshold=0.20630609457800206 1.5544313764064441 1.5367684771616057 3.5000000000000004 3.5000000000000004 10.500000000000002 0.98398226482489171 14.500000000000002 -0.45218975719495608 -1.0994183075655302 -0.76391761237567224 3.0160395766815906 1.9936924257986131 0.97884450118364696 4.0254942128589333 156.50000000000003 157.50000000000003 0.97420999951194476 1.4906560138589964 0.51500000000000012 -0.81879987787912001 76.500000000000014 -0.23683160362885972 -0.27561447203822359 0.22298415082616821 4.9930160746963974 -0.16957368041469859 -2.3055110860920025 47.500000000000007 -0.78140398427176605
decision_type=2 2 2 2 2 2 2 2 2 2 2 2 2 2 2 2 2 2 2 2 2 2 2 2 2 2 2 2 2 2
left_child=1 4 3 7 20 -4 -3 8 17 25 14 12 13 -10 29 22 -17 -2 -7 -13 -1 -11 23 -12 -25 26 27 -5 -19 -6
right_child=2 6 5 9 10 18 -8 -9 11 21 15 19 -14 -15 -16 16 -18 28 -20 -21 -22 -23 -24 24 -26 -27 -28 -29 -30 -31
leaf_value=0.065710915537122314 0.24176700010439905 0.24113939593579059 0.23865928235462991 0.1784327728990413 -0.047319749904059384 -0.0012885441799080999 -0.067882349744873949 -0.024315412190633469 0.040802633829521907 -0.079826340884587788 -0.085447363509403823 0.24216303515683413 0.015943934776594504 0.21359051788935815 0.1221931349026763 0.11730417303618493 -0.067957563322696757 -0.019302159763353997 0.13927136924706182 0.080236398524265479 0.19616491192067914 -0.02349398342860996 -0.10170421199503971 -0.032815237637711735 0.22474032857076442 0.20793812466919231 0.19258661680962796 -0.003213944994042468 0.17600647751047516 0.071905342527883248
leaf_weight=43.300523355603218 247.58973990380764 136.88919317722321 473.76597547531128 12.496821105480192 325.75324230641127 77.916625536978245 43.256226494908333 46.659632042050362 50.031249433755875 218.48438210785389 661.57192680984735 78.376646533608437 89.926508255302906 88.600357875227928 26.309558935463428 13.962161272764204 936.80880854278803 10.031828835606573 30.479885831475258 20.858710095286369 43.931119784712791 214.70556395500898 1369.3501713946462 46.541240081191063 14.226676516234873 12.7011082470417 11.750089123845099 77.599782660603523 35.189255520701408 21.789944797754288
leaf_count=270 1045 578 2002 73 2972 660 399 391 373 2183 6766 331 723 391 147 104 9215 66 177 140 220 1886 14050 477 143 62 86 648 184 154
internal_value=0 -0.061148 0.116511 0.0758654 -0.0728757 0.201341 0.166938 0.161521 0.175493 -0.0284821 -0.0780919 0.131342 0.098003 0.151232 -0.0284414 -0.0841929 -0.065237 0.22492 0.0382353 0.208127 0.131409 -0.0519059 -0.0928093 -0.075947 0.0274824 0.0601006 0.0416641 0.0219813 0.132679 -0.0398447
internal_weight=0 3683.69 1797.16 1215 3503.55 582.162 180.145 667.264 620.604 547.738 3416.31 327.793 228.558 138.632 373.853 3042.46 950.771 292.811 108.397 99.2354 87.2316 433.19 2091.69 722.34 60.7679 114.548 101.847 90.0966 45.2211 347.543
internal_count=46916 35495 11421 8582 34518 2839 977 3644 3253 4938 34028 1958 1487 764 3273 30755 9319 1295 837 471 490 4069 21436 7386 620 869 807 721 250 3126
is_linear=0
shrinkage=0.1


Tree=4
num_leaves=31
num_cat=0
split_feature=20 10 1 36 36 46 34 49 8 6 14 35 35 35 35 38 38 34 35 9 46 6 6 38 35 38 49 35 6 49
split_gain=3115.27 817.73 461.702 835.164 312.288 267.586 237.769 129.44 101.699 97.6934 93.7552 63.4919 74.7765 70.763 50.8803 49.3981 38.8949 36.5805 33.9469 33.3495 32.9901 31.7144 63.7791 48.9502 36.241 31.695 30.2179 34.4795 120.187 28.0763
threshold=0.20630609457800206 1.5544313764064441 1.5367684771616057 3.5000000000000004 3.5000000000000004 10.500000000000002 0.99149561030469757 14.500000000000002 -0.45218975719495608 -0.76391761237567224 -1.0994183075655302 3.0160395766815906 1.9936924257986131 0.97884450118364696 4.0254942128589333 156.50000000000003 157.50000000000003 0.97420999951194476 4.9842702640393926 1.0855718869379301 2.5000000000000004 -0.23683160362885972 -0.27561447203822359 66.500000000000014 4.0012538906901876 76.500000000000014 12.500000000000002 4.9910495028621353 -0.36352758474317409 11.500000000000002
decision_type=2 2 2 2 2 2 2 2 2 2 2 2 2 2 2 2 2 2 2 2 2 2 2 2 2 2 2 2 2 2
left_child=1 4 3 7 20 -4 -3 8 17 14 29 12 13 -10 -6 21 -17 -2 -13 -7 -1 22 -11 24 -24 -12 27 -18 -29 -5
right_child=2 6 5 10 9 19 -8 -9 11 15 25 18 -14 -15 -16 16 26 -19 -20 -21 -22 -23 23 -25 -26 -27 -28 28 -30 -31
leaf_value=0.15983545015728307 0.20831352166118428 0.20666247421310616 0.20580102427596528 0.07219253653062932 -0.037052205085629557 -0.011722626121143798 -0.07019454105752157 -0.022292571952458744 0.035670987732256916 -0.082561152547285507 -0.076727021764546585 0.20888541672982175 0.014181073357512154 0.18173603973807262 0.10363043215302031 0.097226823653710062 -0.057312511109472913 0.11292060691626059 0.068597644757822471 0.1001884337205548 0.036728759489553557 -0.099628780771398265 0.084025425760107297 -0.041254308398006312 0.41937088682507168 -0.021535404089567414 -0.090336205307294526 0.7374334881284268 -0.0049759091967293001 -0.067288404897899751
leaf_weight=56.159265637397766 257.94918905198574 143.9983723834157 493.2176576256752 101.04578929394484 337.1923773214221 65.715025991201401 39.537331581115723 45.848496437072754 51.426249891519547 618.47702233493328 205.27110053598881 81.578203082084656 90.937981687486172 93.417595952749252 27.829792052507401 15.092923954129217 553.52023631334305 47.620506688952446 21.873890340328217 44.769153863191605 35.546241104602814 1263.5398734807968 17.759004123508934 40.508192867040634 3.9371181800961486 211.01100257784128 302.41849461197853 2.349336862564086 30.355957813560963 16.83599291741848
leaf_count=274 1045 593 2002 742 3126 577 384 391 373 6766 2183 331 723 391 147 104 5706 250 140 260 216 14050 176 407 37 1886 3200 22 287 127
internal_value=0 -0.058429 0.102717 0.0674385 -0.0698393 0.174291 0.147022 0.140059 0.151603 -0.0750327 -0.0264566 0.113911 0.0852541 0.129876 -0.0263264 -0.0812754 -0.0619584 0.193447 0.179223 0.0336247 0.112118 -0.0902546 -0.0728535 0.0236669 0.144879 -0.0487507 -0.064662 -0.0514174 0.048354 0.0522717
internal_weight=0 3488.22 1828.52 1224.82 3304.69 603.702 183.536 690.652 644.804 3212.98 534.164 339.234 235.782 144.844 365.022 2847.96 903.737 305.57 103.452 110.484 91.7055 1944.22 680.681 62.2043 21.6961 416.282 888.644 586.226 32.7053 117.882
internal_count=46916 35495 11421 8582 34518 2839 977 3644 3253 34028 4938 1958 1487 764 3273 30755 9319 1295 471 837 490 21436 7386 620 213 4069 9215 6015 309 869
is_linear=0
shrinkage=0.1


Tree=5
num_leaves=31
num_cat=0
split_feature=20 10 10 36 46 36 46 49 31 35 34 8 14 38 6 14 9 6 38 38 34 35 6 46 20 35 35 35 32 6
split_gain=2584.21 634.596 394.257 718.802 251.429 243.064 173.335 102.475 95.2875 105.87 101.116 79.6442 69.2317 54.6629 53.559 50.8074 47.3905 46.9606 43.9119 36.924 33.1033 29.534 29.0672 27.475 26.9549 25.5046 25.8333 31.061 24.6337 23.8222
threshold=0.17058135384352424 1.6485541956473391 1.5544313764064441 3.5000000000000004 12.500000000000002 3.5000000000000004 12.500000000000002 14.500000000000002 -0.30895952233386209 4.9910495028621353 0.97740609971658066 -0.45218975719495608 -1.0994183075655302 151.50000000000003 1.0000000180025095e-35 -0.30309831449545516 0.13495021679136368 -0.75050295247505361 179.50000000000003 76.500000000000014 0.97420999951194476 4.0000043141269073 -0.27561447203822359 1.5000000000000002 1.4038510647050255 0.027259844748239753 1.0025348743963745 3.0240803418597677 0.36176464402948622 0.48939247156620991
decision_type=2 2 2 2 2 2 2 2 2 2 2 2 2 2 2 2 2 2 2 2 2 2 2 2 2 2 2 2 2 2
left_child=1 5 3 7 -4 23 -3 11 9 16 15 20 21 14 -13 17 -7 -11 -10 -14 -2 -5 -17 -1 -6 -22 -27 -28 -12 -21
right_child=2 6 4 12 24 8 -8 -9 18 10 28 13 19 -15 -16 22 -18 -19 -20 29 25 -23 -24 -25 -26 26 27 -29 -30 -31
leaf_value=0.14039188712862552 0.18531052143161852 0.18582132114332214 0.18422105230698571 0.019107867138501669 -0.038347440437566202 -0.071866147211546438 -0.072470958155875884 -0.021010545470816037 -0.096021994888342843 0.15851134564462846 -0.06692139501135809 0.098809423192060222 -0.075782335762073494 0.14195018958028185 -0.020167495883530437 -0.070225437670067559 -0.024753290942051726 0.44423109367137059 -0.061989387416593184 -0.001392384833216156 -0.039040822908285769 0.16156724381637882 0.247658686931472 0.026640518480442094 0.061541920996921601 0.2750803362982539 0.0043163994051502166 0.21153530078271793 0.14958159477627134 -0.084105542982953724
leaf_weight=53.74926894903183 262.84348729252815 131.10418135672808 512.67350350320339 113.19542293250561 48.515969105064869 742.55949676036835 32.402941852807999 45.353627122938633 1327.9873752295971 15.806933678686617 42.275666937232018 127.20321219414473 210.97682271152735 173.64910685271025 53.85519564896822 9.7637377828359586 299.67147466540337 9.0435977056622523 530.62373521924019 179.73171792179346 10.830239608883856 16.699477061629295 4.0778969004750243 35.099867939949036 60.956283673644066 9.7921546250581724 17.901820957660679 12.138441964983938 6.001400686800479 43.187196351587772
leaf_count=248 1052 541 2069 856 437 8048 328 392 15845 70 434 686 2393 933 378 109 3137 78 5808 1647 55 81 30 210 397 44 108 49 55 398
internal_value=0 -0.0573369 0.089565 0.05777 0.154845 -0.0675391 0.134634 0.124449 -0.0723861 -0.0494748 0.0565239 0.134322 -0.0266231 0.101865 0.0634202 0.176968 -0.0583198 0.26249 -0.0863059 -0.0457964 0.171044 0.0374227 0.0234267 0.0954544 0.0172729 0.0970298 0.134027 0.0880478 -0.0400076 -0.0174168
internal_weight=0 3240.17 1899.5 1277.36 622.146 3076.66 163.507 713.567 2987.81 1129.2 86.9692 668.214 563.791 354.708 181.058 38.6922 1042.23 24.8505 1858.61 433.896 313.506 129.895 13.8416 88.8491 109.472 50.6627 39.8324 30.0403 48.2771 222.919
internal_count=46916 34941 11975 9072 2903 34072 869 3697 33614 11961 776 3305 5375 1997 1064 287 11185 148 21653 4438 1308 937 139 458 834 256 201 157 489 2045
is_linear=0
shrinkage=0.1


Tree=6
num_leaves=31
num_cat=0
split_feature=20 1 1 36 36 34 46 31 35 14 38 0 34 14 34 9 38 8 38 6 32 46 34 35 38 6 14 8 6 9
split_gain=2152.28 537.224 321.753 546.834 200.456 188.621 151.854 91.3921 86.2384 82.5117 104.045 75.0224 67.0594 60.413 57.2087 44.0784 43.5739 34.2727 33.2981 26.5445 26.4848 24.0832 23.6385 25.4014 25.1088 26.3763 26.387 23.473 22.3414 22.3337
threshold=0.17058135384352424 1.5367684771616057 1.5862336113674254 3.5000000000000004 3.5000000000000004 0.99473193381838443 12.500000000000002 -0.30895952233386209 4.9910495028621353 0.085535989164709295 66.500000000000014 -0.60157720911424573 0.97740609971658066 -1.0994183075655302 1.013428348936888 0.13495021679136368 179.50000000000003 -0.65980482115884764 76.500000000000014 1.1842292572921482 0.054648234884955856 21.500000000000004 1.0053849115219669 4.9842702640393926 61.500000000000007 -1.1443219107003644 -1.5077904795201711 -0.67889159462430215 0.48939247156620991 1.3528464379280607
decision_type=2 2 2 2 2 2 2 2 2 2 2 2 2 2 2 2 2 2 2 2 2 2 2 2 2 2 2 2 2 2
left_child=1 4 3 9 27 -4 -3 8 15 14 -11 -10 20 22 17 -6 -9 -2 -15 -12 -13 29 23 24 -5 -26 -27 -1 -20 -7
right_child=2 6 5 13 7 21 -8 16 11 10 19 12 -14 18 -16 -17 -18 -19 28 -21 -22 -23 -24 -25 25 26 -28 -29 -30 -31
leaf_value=0.14871848489999487 0.17229389141334214 0.16557158777536674 0.16724405407476764 -0.021056477545431485 -0.068856149274759124 0.0061832635160882594 -0.072710015437110961 -0.093975767132301213 0.39897758626825341 -0.026376955259981835 0.12074226569580554 0.065156028579147263 -0.058537622916258664 -0.068583205507325815 -0.053191050035798638 -0.022672145087962392 -0.059062199133813512 0.11518083665190382 0.0016523239238153574 0.014619939203317046 0.24541772166317921 -0.07433942946905045 -0.10201757947283796 0.17697940541029761 0.21284085367975131 -0.03027510773878064 0.11343579252408063 0.04289551445152983 -0.079784471479746072 0.11279219928323624
leaf_weight=33.422522947192192 216.82621032744646 135.63035963475704 494.86380416154861 47.331868790090084 697.13736571371555 54.780357085168362 33.314454667270184 1226.117064461112 5.6940319314599028 82.156007282435894 178.6368048787117 25.763991110026836 45.109591715037823 203.03339483588934 15.147200159728525 293.72225681692362 504.57441306114197 203.85325455665588 187.84320802241564 27.15276463329792 11.92233371734619 21.339369654655457 11.139836952090262 13.988766729831694 11.42466329038143 24.457220800220959 26.751314647495754 56.217616438865662 41.049250960350037 30.642307087779045
leaf_count=152 890 583 2010 372 8007 477 357 15834 33 549 926 186 475 2416 128 3135 5801 1042 1691 173 78 167 88 60 55 193 182 300 401 155
internal_value=0 -0.0547594 0.0808393 0.0526886 -0.0648589 0.141237 0.118585 -0.0695549 -0.0467186 0.110299 0.0687594 0.0478677 0.0237213 -0.0208477 0.137743 -0.0551657 -0.0837969 0.144618 -0.0391025 0.10674 0.122183 0.0206869 0.0375174 0.0500576 0.0339117 0.0754511 0.0447994 0.0823518 -0.0129524 0.0444254
internal_weight=0 3068.63 1892.42 1290.79 2899.68 601.626 168.945 2810.04 1079.35 723.772 287.946 88.4899 82.7959 567.02 435.827 990.86 1730.69 420.679 431.926 205.79 37.6863 106.762 135.094 123.954 109.965 62.6332 51.2085 89.6401 228.892 85.4227
internal_count=46916 34941 11975 9166 34001 2809 940 33549 11914 3708 1648 772 739 5458 2060 11142 21635 1932 4508 1099 264 799 950 862 802 430 375 452 2092 632
is_linear=0
shrinkage=0.1


Tree=7
num_leaves=31
num_cat=0
split_feature=20 10 10 36 46 9 34 6 8 34 6 38 20 38 35 6 31 35 40 35 35 0 46 38 28 14 14 33 25 35
split_gain=1799.79 459.654 280.846 474.115 184.423 164.542 117.617 92.9635 74.202 57.9463 51.2183 46.8561 45.3557 43.602 42.2016 33.5634 32.6202 30.8638 61.222 51.9854 38.9267 36.0207 30.7834 29.0339 26.9062 25.7459 105.721 30.5136 25.6072 25.3549
threshold=0.14528616202465511 1.6485541956473391 1.5544313764064441 3.5000000000000004 12.500000000000002 1.3921722512112509 0.99149561030469757 -0.76391761237567224 -0.45218975719495608 0.99920529058112695 -0.62582628441099386 76.500000000000014 -0.56721694392448818 32.500000000000007 4.9796911294148956 -0.78140398427176605 -0.75211527092451336 3.0240803418597677 0.20500000000000004 0.97884450118364696 4.986826519457872 -0.59444722031790043 10.500000000000002 76.500000000000014 -0.62524237061126275 -0.11141259425996435 -0.28474905080955121 -0.099022471690797559 -0.51780936920952192 3.9847152137021884
decision_type=2 2 2 2 2 2 2 2 2 2 2 2 2 2 2 2 2 2 2 2 2 2 2 2 2 2 2 2 2 2
left_child=1 5 3 8 -4 7 -3 15 9 -2 14 25 -13 16 -5 28 -10 18 19 -15 -19 -22 -14 -12 -25 26 -9 -28 -1 -30
right_child=2 6 4 10 -6 -7 -8 11 13 -11 23 12 22 17 -16 -17 -18 20 -20 -21 21 -23 -24 24 -26 -27 27 -29 29 -31
leaf_value=-0.061419226698138624 0.15516232420245835 0.15784623685529472 0.15368574577334904 0.0034535732364623104 0.011740031908693436 0.085930062556435427 -0.064040417772427083 -0.080394061689980811 0.12920949003540821 0.046416803305367918 -0.071550317217196235 -0.080234467705757317 -0.021920325777342913 0.023111792162271817 0.15646305607285985 0.10022515154230899 -0.032552189631988353 0.17033852171814659 -0.0010864882281568836 0.15070130306460247 0.2909026675014118 -0.0019161996949332784 -0.068438116635937948 0.12217088933788407 -0.026504062438188165 -0.097712507967626316 0.053060311582874546 0.28413605228496852 -0.02185570731707839 0.06758129034392972
leaf_weight=119.34230148792267 262.21272522211075 124.15953919291496 502.56314852833748 167.19837325066328 111.91459579020739 72.609343625605106 29.581123121082783 356.07710747420788 15.809907853603361 60.262209840118885 190.15796843916178 536.34305109083652 362.73369315266609 49.192776136100292 20.203873068094254 22.879406496882439 58.944006256759167 74.592334091663361 86.376495271921158 91.020746782422066 4.9191821366548529 28.775136783719063 234.04886373132467 13.073038525879381 176.69053695350885 804.59017188847065 17.484408244490627 8.4891794025897962 141.70234294980764 40.831408657133579
leaf_count=1309 1080 521 2083 1367 843 426 329 4567 74 351 2429 6797 4245 311 102 161 396 311 598 374 23 201 2907 119 1688 11332 188 63 1403 318
internal_value=0 -0.0530636 0.0721279 0.0457858 0.127833 -0.0625817 0.115153 -0.0666593 0.0989592 0.134841 -0.022832 -0.0736744 -0.0591305 0.0707122 0.0199496 -0.016549 0.00165923 0.0861268 0.0651398 0.105938 0.130042 0.0408337 -0.0401639 -0.0439347 -0.0162617 -0.0875625 -0.0661867 0.128585 -0.0253994 -0.00184933
internal_weight=0 2870.87 1913.91 1299.43 614.478 2717.13 153.741 2644.52 732.106 322.475 567.324 2319.77 1133.13 409.631 187.402 324.755 74.7539 334.877 226.59 140.214 108.287 33.6943 596.783 379.922 189.764 1186.64 382.051 25.9736 301.876 182.534
internal_count=46916 34566 12350 9424 2926 33716 850 33290 3719 1431 5705 30099 13949 2288 1469 3191 470 1818 1283 685 535 224 7152 4236 1807 16150 4818 251 3030 1721
is_linear=0
shrinkage=0.1


Tree=8
num_leaves=31
num_cat=0
split_feature=20 1 10 36 46 36 46 31 49 35 8 35 35 35 46 14 38 9 35 34 38 25 38 14 8 38 2 9 34 26
split_gain=1518.43 387.487 245.272 390.745 163.641 138.392 101.77 77.9972 68.5875 65.5385 59.7695 51.209 54.8563 51.1838 49.9023 46.5904 44.6866 32.6556 29.4124 27.9264 26.4279 26.0403 22.4668 22.3038 21.6321 20.7891 29.1825 20.2503 20.2299 27.2136
threshold=0.12140776199319897 1.5367684771616057 1.5544313764064441 3.5000000000000004 10.500000000000002 3.5000000000000004 12.500000000000002 -0.30895952233386209 14.500000000000002 4.9910495028621353 -0.45218975719495608 3.0160395766815906 1.9936924257986131 0.97884450118364696 2.5000000000000004 -1.1453173209606649 179.50000000000003 0.13495021679136368 4.9842702640393926 0.97420999951194476 76.500000000000014 1.2118210164703627 26.500000000000004 -1.170666182468995 -0.67452052600674295 186.50000000000003 0.25069892021513113 1.438366478306347 0.013005988881833437 2.7789603073707467
decision_type=2 2 2 2 2 2 2 2 2 2 2 2 2 2 2 2 2 2 2 2 2 2 2 2 2 2 2 2 2 2
left_child=1 5 3 8 -4 24 -3 9 10 17 19 12 13 -12 22 23 -9 28 -13 -2 -17 -6 -11 -5 -1 26 -18 -22 29 -7
right_child=2 6 4 15 21 7 -8 16 -10 14 11 18 -14 -15 -16 20 25 -19 -20 -21 27 -23 -24 -25 -26 -27 -28 -29 -30 -31
leaf_value=0.12954210784447714 0.14494621771592336 0.14379918666157698 0.14362894592026532 0.016286192018472371 -0.014680007379716599 -0.051918089888854227 -0.065282285393780934 -0.090802291081063025 -0.02568513870575306 0.029078033850148052 0.010509571184611259 0.15792893200095581 -0.0093263151090850396 0.12650020670402357 -0.030153526079639472 -0.062535259901818879 -0.063691123308652287 -0.021416566043208022 0.034507857033446117 0.065439875831964922 -0.020950192766376208 0.093588849680217981 0.1844881453908008 0.14341956242549042 0.025453178991992245 -0.055056419931013671 0.49623533347110182 0.09994447902603304 -0.08765869589575058 0.30245613607600674
leaf_weight=32.231917440891266 250.28405568003654 122.60563956946135 485.34554201364517 122.69508868455887 88.63676243275404 397.25214453041553 28.73674026876688 1034.2351758107543 48.042672291398048 15.227514103054999 60.244541719555855 83.106114968657494 103.32663138955832 103.23849056661129 45.301060453057289 202.55810780078173 2.1363600268959995 263.52438377588987 25.152466043829918 53.648159012198448 227.29471968859434 29.644156023859978 23.905323527753353 15.54803493618965 52.465520218014717 447.22216019779444 1.6494857743382452 14.754749126732348 221.61430414021015 2.1789041087031356
leaf_count=142 1060 548 2061 904 705 4977 340 15550 401 113 378 345 733 419 506 2734 25 2947 141 259 2198 176 134 85 271 5676 20 123 2919 26
internal_value=0 -0.0513455 0.0651852 0.0408815 0.117925 -0.0606113 0.104099 -0.0649485 0.0897835 -0.0428778 0.0979535 0.0712457 0.0477088 0.0837569 0.0412992 -0.0201185 -0.0793479 -0.0509126 0.129254 0.130912 -0.0358839 0.0124549 0.124014 0.0305847 0.0650646 -0.0530811 0.180268 -0.0135807 -0.0634285 -0.049985
internal_weight=0 2690.29 1913.52 1309.89 603.626 2538.94 151.342 2454.25 727.043 969.004 679 375.068 266.81 163.483 84.4339 582.851 1485.24 884.57 108.259 303.932 444.608 118.281 39.1328 138.243 84.6974 451.008 3.78585 242.049 621.045 399.431
internal_count=46916 34194 12722 9780 2942 33306 888 32893 3736 11622 3335 2016 1530 797 753 6044 21271 10869 486 1319 5055 881 247 989 413 5721 45 2321 7922 5003
is_linear=0
shrinkage=0.1


Tree=9
num_leaves=31
num_cat=0
split_feature=20 10 46 10 36 36 36 34 6 8 35 49 35 49 35 38 9 4 38 14 6 6 38 6 14 35 0 14 46 34
split_gain=1282.5 332.752 213.67 204.464 251.863 122.96 84.1618 83.4159 75.232 56.9909 55.9911 67.3785 78.3409 60.6602 48.9492 47.5619 42.1014 41.6328 35.138 34.0378 26.8948 25.6082 26.3779 25.2252 81.799 26.201 26.0734 23.2592 23.0438 22.2828
threshold=0.12140776199319897 1.6485541956473391 10.500000000000002 1.5544313764064441 3.5000000000000004 3.5000000000000004 3.5000000000000004 0.99149561030469757 -0.76391761237567224 -0.6666296841194187 0.012329566005915962 11.500000000000002 3.0160395766815906 14.500000000000002 4.9930160746963974 76.500000000000014 -0.92242457797955535 -0.026912595730931053 86.500000000000014 -1.0994183075655302 -0.78140398427176605 0.5153249930261613 28.500000000000004 -0.25251004245008563 -0.28474905080955121 4.9940534534262984 -0.42863800087271836 -0.30309831449545516 17.000000000000004 1.0091226331087468
decision_type=2 2 2 2 2 2 2 2 2 2 2 2 2 2 2 2 2 2 2 2 2 2 2 2 2 2 2 2 2 2
left_child=1 5 3 4 9 -1 10 -3 20 -2 -4 -12 -13 -14 19 23 -17 -16 -18 -6 -7 22 27 24 25 -10 -27 -11 -8 -20
right_child=2 7 6 -5 14 8 28 -9 15 21 11 12 13 -15 17 16 18 -19 29 -21 -22 -23 -24 -25 -26 26 -28 -29 -30 -31
leaf_value=0.059170952787075605 0.13436611290818257 0.1382593891555893 -0.053875002727189952 0.13465910594755456 0.026621560122795776 -0.023818376773112934 -0.019776956958721177 -0.058140044227347865 -0.083844035581141299 0.07708998589331123 0.16885808052543572 -0.033910066311837739 0.16935254322881022 -0.0013022350145756219 -0.041198707608940822 -0.081059844834137612 0.054297035965632012 0.18182409121581189 -0.037681042207582859 -0.040367448770466718 0.090415470384899374 -0.028498775631934599 0.095372369095094056 -0.095346938626856448 0.10638540895339058 0.26396111894392943 -0.021910648351524977 -0.062328917898721685 -0.094820728946237706 -0.10055167121888819
leaf_weight=86.910362854599953 245.16624322533607 113.51409082114697 46.649625271558762 466.85962039232254 111.09008116275072 279.49316563457251 209.08162251114845 26.715105272829533 295.04049747437239 25.499029874801636 49.92394931614399 81.483997888863087 53.092366546392441 34.275837145745754 12.988158248364924 357.24466153979301 38.538842096924782 23.541604027152061 547.11215687543154 239.10518661886454 22.250857420265675 25.533447861671448 173.89706936478615 676.26074237376451 26.597999401390553 3.9428474679589298 16.719770841300488 22.546579338610172 50.875647887587547 62.849105663597584
leaf_count=419 1081 511 295 2061 806 2988 2237 324 4279 123 206 573 224 259 158 5132 517 167 7277 2843 153 161 886 11233 250 40 196 150 492 875
internal_value=0 -0.0489095 0.0600652 0.081173 0.052777 -0.0576124 0.00597909 0.100843 -0.0619758 0.100194 0.0455886 0.0667972 0.0366212 0.102402 -0.00762645 -0.0689193 -0.0534937 0.102528 -0.0383081 -0.019117 -0.0153947 0.0663406 0.0772514 -0.0841507 -0.0620311 -0.0762202 0.0326395 0.0116642 -0.0344636 -0.0441591
internal_weight=0 2553.19 1871.61 1346.23 879.367 2412.96 525.383 140.229 2326.05 492.642 265.426 218.776 168.852 87.3682 386.725 2024.31 1005.74 36.5298 648.5 350.195 301.744 247.476 221.943 1018.56 342.301 315.703 20.6626 48.0456 259.957 609.961
internal_count=46916 34194 12722 8436 6375 33359 4286 835 32940 2401 1557 1262 1056 483 3974 29799 13801 325 8669 3649 3141 1320 1159 15998 4765 4515 236 273 2729 8152
is_linear=0
shrinkage=0.1


Tree=10
num_leaves=31
num_cat=0
split_feature=20 10 22 36 34 3 34 14 38 6 35 20 34 34 40 14 9 8 38 1 10 49 38 38 6 7 34 38 6 38
split_gain=1092.23 299.961 219.257 293.318 110.354 74.9849 70.6123 60.7512 61.0577 46.2159 48.9165 41.563 41.4512 35.1881 34.0824 45.2265 31.1426 29.9961 26.4022 25.5761 22.835 21.305 28.1839 35.9349 32.2874 27.1517 21.1675 19.3702 22.1303 23.0338
threshold=1.0000000180025095e-35 1.6485541956473391 -0.58416871451358243 3.5000000000000004 0.97916257029051346 0.92329506044698262 0.98398226482489171 0.085535989164709295 66.500000000000014 -0.108126257798434 4.9930160746963974 -0.13134476011780694 0.014585957561233574 1.0099881375442983 0.53500000000000014 -0.30623670224150124 1.4973996768058531 -0.65980482115884764 134.00000000000003 1.1104001270739934 1.4435391667224884 12.500000000000002 28.500000000000004 33.500000000000007 -1.1443219107003644 1.0876649330931496 1.0097484989106187 156.50000000000003 -0.76391761237567224 61.500000000000007
decision_type=2 2 2 2 2 2 2 2 2 2 2 2 2 2 2 2 2 2 2 2 2 2 2 2 2 2 2 2 2 2
left_child=1 5 4 7 -2 12 -3 13 -9 10 16 -7 14 17 19 -16 21 -4 -11 27 -6 22 -5 -24 -25 -26 -12 28 29 -1
right_child=2 6 3 9 20 11 -8 8 -10 18 26 -13 -14 -15 15 -17 -18 -19 -20 -21 -22 -23 23 24 25 -27 -28 -29 -30 -31
leaf_value=-0.04582724737842115 0.12459802320258556 0.13204035935566855 0.13208111693058097 -0.049452552853057059 0.21426980037683285 -0.028956479310723451 -0.048403607107341921 -0.03261954361040767 0.068448366432490776 -0.07707956029336277 0.12378658856215648 0.083407147582001379 -0.082273494680432616 -0.045950078809988359 0.1570314701916119 -0.028449552662412454 0.14223099120024141 0.078134729560489585 -0.010193764247871741 0.030737414497998158 0.0089234292942888451 -0.070750698087060374 0.27489691960110546 0.16343535611280285 -0.0033222841701102089 0.35369133084175614 -0.098780155541665957 -0.037525264037051594 -0.083524332296393167 0.11870448239235076
leaf_weight=75.807097434997559 461.44471147656441 105.32600405812263 199.14641469717026 98.271280370652676 5.67518276721239 290.37377554178238 27.309954538941383 83.990700766444206 207.31601442396641 150.13878821954131 41.142178680747747 37.128959886729717 965.85040075331926 16.230171896517277 16.711006592959166 61.622036002576351 13.361712016165255 213.65002420544624 97.239077016711235 30.888737466186285 118.28370376676321 55.108964435756207 5.1546878740191451 12.71548420935869 236.41379757598042 2.1496010459959498 4.7684335559606543 217.71807836741209 393.20129143446684 9.5845608189702016
leaf_count=896 2174 490 917 1158 32 3629 337 575 1129 2226 316 296 15534 136 83 869 115 1071 1062 393 901 606 59 65 2415 25 42 2826 6465 74
internal_value=0 -0.0509596 0.0505084 0.0294903 0.102095 -0.0601762 0.0948867 0.0745515 0.0393081 -0.0158142 0.00262966 -0.0162178 -0.0683034 0.0984815 -0.051553 0.0111196 -0.00800681 0.10416 -0.0507881 -0.058304 0.0183248 -0.0129052 -0.00391801 0.0135319 0.00817029 -0.000105375 0.10067 -0.0622539 -0.0735033 -0.0273598
internal_weight=0 2231.52 2022.2 1436.8 585.404 2098.89 132.636 720.333 291.307 716.464 469.086 327.503 1771.38 429.027 805.533 78.333 423.176 412.796 247.378 727.2 123.959 409.814 354.705 256.434 251.279 238.563 45.9106 696.311 478.593 85.3917
internal_count=46916 31892 15024 11917 3107 31065 827 3828 1704 8089 4801 3925 27140 2124 11606 952 4443 1988 3288 10654 933 4328 3722 2564 2505 2440 358 10261 7435 970
is_linear=0
shrinkage=0.1


Tree=11
num_leaves=31
num_cat=0
split_feature=20 10 10 36 34 34 34 9 8 34 35 14 14 35 40 35 35 38 46 3 0 9 38 32 22 6 40 32 25 9
split_gain=922.138 257.542 192.373 254.172 111.198 69.5302 60.8442 55.3494 55.0801 52.1048 46.2126 49.9851 42.935 37.0365 47.0225 51.1775 43.6913 35.7716 41.4162 33.4123 31.7827 31.4624 23.5893 21.0144 20.0814 20.4536 21.5747 19.8756 19.6805 18.6228
threshold=1.0000000180025095e-35 1.6485541956473391 1.5544313764064441 3.5000000000000004 0.97916257029051346 0.014585957561233574 0.98037741393862454 1.4082469820567394 -0.45218975719495608 0.97420999951194476 4.9885317653633763 -0.30309831449545516 -1.1453173209606649 3.0240803418597677 0.20500000000000004 0.027259844748239753 4.986826519457872 55.500000000000007 17.000000000000004 0.5565215850254327 -0.59444722031790043 0.19112862607662964 76.500000000000014 1.9366363872732648 -0.54468358860797739 0.42165523685258655 0.44500000000000006 1.28798150741032 -0.61595817396113839 1.023042900880639
decision_type=2 2 2 2 2 2 2 2 2 2 2 2 2 2 2 2 2 2 2 2 2 2 2 2 2 2 2 2 2 2
left_child=1 5 3 8 -4 7 -3 10 9 -2 12 -12 28 14 15 -10 -15 -5 19 24 -18 -7 -14 -21 27 26 29 -19 -1 -26
right_child=2 6 4 17 -6 21 -8 -9 13 -11 11 -13 22 16 -16 -17 20 18 -20 23 -22 -23 -24 -25 25 -27 -28 -29 -30 -31
leaf_value=-0.050549995751616596 0.12443519138625476 0.12605865264397989 0.12076733164903918 -0.042622561155690387 0.010960879599865869 -0.085040849546260122 -0.043660811639452513 0.11162246268746903 -0.0059615565521936031 0.026198228214283192 0.14490464541432016 -0.019787849752522138 -0.078002345146857166 0.13416439558153467 -0.021762872923145757 0.10501435881217161 0.2226370779822803 0.02615570351230655 -0.096431751980243258 0.068119741716042931 -0.018401590606480802 -0.042583737974780433 -0.040424347353234684 0.30210610082208533 -0.029665842949901128 -0.063285992760712867 0.079916730677183745 0.17520705138987147 0.01747669893733254 0.046046360070798383
leaf_weight=65.999469749629498 231.75530396401882 99.400228798389435 426.36445753276348 284.22702234983444 117.67673695832491 789.65615814179182 26.823007665574551 24.027087599039078 70.360165379941463 70.390731230378151 25.259522370994091 68.146075587719679 369.85155780240893 82.323779091238976 121.16765531152487 101.50239446759224 6.3098709881305686 65.842589780688286 38.121762063354254 49.019463032484055 41.117047049105167 224.06369265541434 304.65153963491321 4.1643355637788764 128.99575934186578 59.82700152695179 31.080334953963757 10.353148266673086 119.58669535070658 43.423449788242579
leaf_count=840 1107 487 2067 3854 884 13690 340 134 432 394 121 952 6426 378 827 438 27 626 429 374 276 3328 4317 29 1344 743 299 82 1257 414
internal_value=0 -0.0485262 0.0463565 0.0272167 0.0970161 -0.0573068 0.0899925 -0.0382776 0.0689429 0.101549 -0.0420549 0.0247497 -0.0493099 0.0456404 0.0259454 0.0595811 0.0901198 -0.0150854 0.00308144 0.0127416 0.0136672 -0.0756565 -0.0610296 0.0864411 0.00119714 -0.011885 0.00322636 0.0464082 -0.00671544 -0.0105979
internal_weight=0 2117.47 1984.02 1439.98 544.041 1991.24 126.223 977.522 724.927 302.146 953.495 93.4056 860.089 422.781 293.03 171.863 129.751 715.055 430.828 392.706 47.4269 1013.72 674.503 53.1838 339.522 263.327 203.5 76.1957 185.586 172.419
internal_count=46916 31892 15024 12073 2951 31065 827 14047 3879 1501 13913 1073 12840 2378 1697 870 681 8194 4340 3911 303 17018 10743 403 3508 2800 2057 708 2097 1758
is_linear=0
shrinkage=0.1


Tree=12
num_leaves=31
num_cat=0
split_feature=20 10 10 36 46 13 49 8 34 20 8 40 32 35 35 40 35 34 38 49 21 0 6 9 46 1 40 6 49 35
split_gain=781.664 221.19 166.647 213.283 101.676 67.041 53.4462 48.529 48.417 35.5131 33.6135 32.8492 32.9968 31.0002 38.378 37.8157 43.6712 29.4043 27.7745 29.3862 26.5944 25.2581 23.7466 22.941 20.618 20.0214 21.8978 25.9083 19.8618 19.2214
threshold=1.0000000180025095e-35 1.6485541956473391 1.5544313764064441 3.5000000000000004 12.500000000000002 0.22678498708680248 11.500000000000002 -0.6666296841194187 0.97420999951194476 -0.22843039606548973 2.571366518373146 0.44500000000000006 1.5557450319345179 3.0240803418597677 4.986826519457872 0.20500000000000004 0.027259844748239753 0.014585957561233574 55.500000000000007 12.500000000000002 -1.6176838535178579 -0.59444722031790043 -1.1443219107003644 1.4973996768058531 2.5000000000000004 1.1104001270739934 0.54500000000000015 -0.38274014674932083 2.5000000000000004 3.9809838485361291
decision_type=2 2 2 2 2 2 2 2 2 2 2 2 2 2 2 2 2 2 2 2 2 2 2 2 2 2 2 2 2 2
left_child=1 5 3 7 -4 17 -3 8 -2 -7 29 18 24 15 -15 16 -9 20 -5 22 -1 -16 -20 -24 -13 26 -22 -28 -25 -11
right_child=2 6 4 11 -6 9 -8 13 -10 10 -12 12 -14 14 21 -17 -18 -19 19 -21 25 -23 23 28 -26 -27 27 -29 -30 -31
leaf_value=0.2649834990266452 0.11884165786862866 0.1153958125353545 0.1142918953753953 -0.050353424842266216 0.0072184357330008055 -0.040274282378204462 -0.064266110478568714 -0.0057862883609609422 0.023621710285777298 -0.012904165294333145 0.42859466049942879 0.087234770814497153 0.37001788418853898 0.12596468342063297 0.19805141903656173 -0.018873804683040528 0.097043677503672862 -0.08047973925665737 0.1377197477911174 -0.066227580153022561 -0.063230818124798263 -0.015617547989937372 -0.004801767480344471 0.021632378159435979 -0.0042375288900529896 0.024898213782312047 0.14609037797603219 -0.029032944972698815 0.27540859578561488 0.067869969861265714
leaf_weight=2.6627188101410857 217.30435946583748 99.926331453025341 409.62397131323814 231.45013597235084 113.19223572313786 440.42731923982501 19.846460230648518 70.575582213699818 70.79781997948885 97.416373133659363 1.9594967663288105 37.31104201823473 2.8748027123510829 79.297917403280735 6.3787281960248938 120.24458033591509 99.566471725702286 726.55862742289901 13.378822930157183 66.094700094312429 488.8119138032198 41.70021191239357 268.68321441486478 6.98013988137245 72.567680530250072 32.16972029581666 10.2085844874382 48.983470112085342 5.5252236649394035 42.232328068464994
leaf_count=35 1095 559 2100 3296 851 6616 268 434 393 1068 18 303 23 379 27 830 440 13616 64 770 8155 281 2754 53 892 410 48 720 39 379
internal_value=0 -0.0461607 0.0428853 0.0250132 0.09111 -0.054506 0.0856257 0.0638683 0.0954424 -0.0262679 0.0172946 -0.013897 0.0355735 0.0420938 0.0832239 0.0240523 0.0543894 -0.067058 -0.0233174 -0.00596743 -0.0503266 0.0127303 0.00755367 0.00136043 0.0268233 -0.0517737 -0.0562747 0.00116978 0.133758 0.0115234
internal_weight=0 2011.2 1933.55 1410.73 522.816 1891.43 119.773 705.866 288.102 582.036 141.608 704.866 112.754 417.763 127.377 290.387 170.142 1309.4 592.112 360.662 582.836 48.0789 294.567 281.189 109.879 580.174 548.004 59.1921 12.5054 139.649
internal_count=46916 31892 15024 12073 2951 31065 827 3879 1488 8081 1465 8194 1218 2391 687 1704 874 22984 6976 3680 9368 308 2910 2846 1195 9333 8923 768 92 1447
is_linear=0
shrinkage=0.1


Tree=13
num_leaves=31
num_cat=0
split_feature=20 10 1 36 49 46 14 38 9 34 14 38 46 38 35 40 34 38 8 40 0 20 6 6 40 22 6 9 12 25
split_gain=662.036 189.192 145.098 174.035 86.0164 64.2612 49.3019 49.5435 49.0863 48.1546 43.197 41.7841 36.2623 37.3906 29.0544 34.4099 28.5515 27.6449 25.2146 23.3953 75.3868 21.5824 21.0988 20.7803 22.1575 21.4528 18.8187 18.6748 18.9478 18.6706
threshold=1.0000000180025095e-35 1.6485541956473391 1.5862336113674254 3.5000000000000004 11.500000000000002 10.500000000000002 0.085535989164709295 66.500000000000014 1.3921722512112509 0.99149561030469757 -1.1453173209606649 76.500000000000014 13.500000000000002 28.500000000000004 3.9876146141301212 0.44500000000000006 1.0270810437866207 34.500000000000007 -0.65980482115884764 0.53500000000000014 -0.59681224067560035 0.88042605609320301 -0.78140398427176605 -1.1443219107003644 0.44500000000000006 -0.54468358860797739 -0.80712106936506889 1.0002313641118341 0.21571882863261832 -0.6114316709597214
decision_type=2 2 2 2 2 2 2 2 2 2 2 2 2 2 2 2 2 2 2 2 2 2 2 2 2 2 2 2 2 2
left_child=1 5 3 6 -4 8 16 -8 10 -3 22 -12 13 26 -6 -16 18 21 -2 -13 -21 -15 29 -19 25 -25 -5 -27 -29 -1
right_child=2 9 4 12 14 -7 7 -9 -10 -11 11 19 -14 17 15 -17 -18 23 -20 20 -22 -23 -24 24 -26 27 -28 28 -30 -31
leaf_value=-0.050601782769693376 0.1146500410041851 0.1137958001162917 0.1051997067335432 0.0077678242842988202 -0.06459040236484577 -0.07752109488987502 -0.037958282576063929 0.053910990426439355 0.067588571483908511 -0.048156814608967688 -0.07199214180850548 -0.037724660019159251 -0.060580334497689639 0.093435279563745532 0.18570318305109565 -0.018635692195320058 -0.062195568207543385 0.11968339649597273 0.063456230051131851 0.62263541564887692 0.008918196886285262 0.41520578879084846 0.11809651838779529 0.044306806008807785 0.058697883415576947 -0.036444904663719087 -0.068654433669252793 0.04009901240986672 -0.083630983920013183 0.013224567502515841
leaf_weight=71.319726184010506 176.49650566279888 91.05019049346447 407.87940840423107 47.249384701251984 42.912653692066669 627.08493652194738 82.387136496603489 204.17933044582605 42.53237047046423 22.996604017913342 472.20795577764511 394.12812587246299 123.87987263128161 12.742458716034887 13.189416512846945 21.965688399970531 13.312533393502234 16.291011661291122 211.4991616755724 2.0834411121904841 50.899327509105206 2.4922293275594702 13.839245088398455 68.736646141856909 63.560163278132677 183.40744397044182 101.31030404567719 74.010650623589754 14.862176448106764 128.23760900646448
leaf_count=958 935 505 2280 408 347 12394 582 1154 244 322 9095 6209 1689 135 62 169 122 76 1096 20 698 22 86 640 588 2138 1680 715 186 1361
internal_value=0 -0.0437674 0.039729 0.0233508 0.0867934 -0.0516712 0.0591802 0.0274988 -0.0378783 0.0811394 -0.0418385 -0.0512471 -0.0114334 -0.00101996 -0.00937358 0.0580277 0.0818032 0.01374 0.0867439 -0.0293377 0.0330514 0.146073 -0.00130579 0.00894974 0.00449086 -0.00561248 -0.0443483 -0.0182145 0.0194077 -0.00958631
internal_weight=0 1916.38 1882.36 1396.42 485.947 1802.33 687.875 286.566 1175.25 114.047 1132.72 919.319 708.542 584.662 78.0678 35.1551 401.308 436.103 387.996 447.111 52.9828 15.2347 213.397 420.868 404.577 341.017 148.56 272.28 88.8728 199.557
internal_count=46916 31892 15024 12166 2858 31065 3889 1736 18671 827 18427 16022 8277 6588 578 231 2153 4500 2031 6927 718 157 2405 4343 4267 3679 2088 3039 901 2319
is_linear=0
shrinkage=0.1


Tree=14
num_leaves=31
num_cat=0
split_feature=20 10 10 36 46 9 34 34 8 34 6 35 0 35 35 40 35 6 14 40 4 38 49 9 32 36 0 38 8 25
split_gain=558.184 162.302 127.312 148.29 88.64 60.6265 43.96 41.8491 41.6116 45.0281 37.4214 35.6909 34.6952 27.3885 34.916 31.4274 36.1295 26.4333 24.9419 28.2683 22.8498 22.5022 23.4887 25.3543 22.271 20.6791 20.4969 20.1678 17.3226 17.2916
threshold=1.0000000180025095e-35 1.5544313764064441 1.5544313764064441 3.5000000000000004 10.500000000000002 0.13495021679136368 0.017933341470748227 0.014585957561233574 -0.45218975719495608 0.97420999951194476 0.41153669862126691 4.0075883553829081 -0.59979007613610646 3.0240803418597677 4.986826519457872 0.20500000000000004 0.027259844748239753 0.2818862137125992 0.7138659526124097 0.44500000000000006 1.7931554700223586 27.500000000000004 12.500000000000002 1.4973996768058531 1.5217457098568001 3.5000000000000004 -0.59444722031790043 26.500000000000004 -0.93156511829715483 1.2118210164703627
decision_type=2 2 2 2 2 2 2 2 2 2 2 2 2 2 2 2 2 2 2 2 2 2 2 2 2 2 2 2 2 2
left_child=1 5 3 8 -4 7 -3 27 9 -2 11 20 -13 15 -15 16 -10 28 19 21 25 -5 23 -23 -21 -7 -16 -1 -14 -6
right_child=2 6 4 18 29 10 -8 -9 13 -11 -12 12 17 14 26 -17 -18 -19 -20 24 -22 22 -24 -25 -26 -27 -28 -29 -30 -31
leaf_value=-0.070279436187138736 0.10907309510584003 0.11091631859653117 0.10531911221334991 -0.051636268168365855 -0.01658720939482234 0.05554731109426965 -0.038702491434556847 -0.079359893791192945 -0.0085331412899819648 0.016348629120147774 -0.064749755856494215 0.32154279449929091 0.14571785865697781 0.11660000437404801 0.17491583995575688 -0.021750043051476646 0.085738258938403991 0.35892993294252618 -0.059654346370770807 0.036438507204297581 0.20763397721835758 0.0023040421852579727 -0.063563748913259666 0.13960586963119251 0.29902565848483165 -0.027271377048788917 -0.018990020154556791 -0.029683275749135863 -0.010068951408402693 0.07013817650319587
leaf_weight=175.63991125300527 198.15942795574665 84.621384084224701 362.43938593566418 119.68895695731044 88.34562972933054 33.60311421751976 25.571717243641615 621.31719254329801 71.185752391815186 71.184894844889641 139.08495628461242 5.1786335110664359 9.3639490865170938 74.092434473335743 6.2842374145984641 120.74333374947309 94.785749107599258 2.5543071292340747 94.417174454778433 91.536795280873775 4.5198046565055838 308.52075223997235 52.965212218463421 14.062321130186318 3.348069339990615 293.31920944154263 41.132719121873379 403.51358141005039 30.020049557089806 31.077443353831768
leaf_count=3287 1107 492 2067 1805 708 157 351 13224 432 394 2478 35 96 378 27 827 438 39 1421 916 33 3258 674 98 22 4667 276 6668 365 176
internal_value=0 -0.0414529 0.036522 0.0208936 0.0806996 -0.0489984 0.0761954 -0.0613336 0.0540581 0.084567 -0.0203918 -0.00409447 0.0773436 0.0339285 0.0737168 0.0170663 0.0453049 0.0471894 -0.0119331 -0.00429794 -0.0156715 -0.0138781 -0.00184434 0.00828942 0.0457041 -0.0187588 0.0067086 -0.0419949 0.026971 0.00598132
internal_weight=0 1828.31 1843.97 1362.11 481.862 1718.11 110.193 1200.47 677.569 269.344 517.644 378.559 47.1169 408.224 121.509 286.715 165.972 41.9383 684.539 590.122 331.442 495.237 375.548 322.583 94.8849 326.922 47.417 579.153 39.384 119.423
internal_count=46916 31892 15024 12073 2951 31049 843 23179 3879 1501 7870 5392 535 2378 681 1697 870 500 8194 6773 4857 5835 4030 3356 938 4824 303 9955 461 884
is_linear=0
shrinkage=0.1


Tree=15
num_leaves=31
num_cat=0
split_feature=20 1 1 36 34 3 14 38 49 38 38 46 38 1 35 38 49 32 14 6 34 8 4 19 31 38 29 22 6 14
split_gain=472.202 143.42 111.16 121.319 72.4736 65.2742 41.2746 39.0608 37.7865 31.0695 31.2516 28.8302 27.8368 27.5361 24.6041 25.4074 32.1572 25.1974 24.149 27.3342 23.3213 23.2837 22.1686 19.9018 18.5797 17.7634 17.3508 17.3338 17.3114 17.306
threshold=1.0000000180025095e-35 0.99652619890609306 1.5862336113674254 3.5000000000000004 0.99473193381838443 0.20994567845762793 0.085535989164709295 66.500000000000014 11.500000000000002 257.50000000000006 264.50000000000006 13.500000000000002 55.500000000000007 1.054464126028303 3.0240803418597677 50.500000000000007 12.500000000000002 -0.010590076850028924 -0.093922768596306924 -0.27561447203822359 1.0099881375442983 -0.65980482115884764 2.2064279594960787 -0.16184810171115246 -0.30895952233386209 66.500000000000014 -0.83588201175618415 -0.60150559506197721 1.448681917589157 -0.31094009888442115
decision_type=2 2 2 2 2 2 2 2 2 2 2 2 2 2 2 2 2 2 2 2 2 2 2 2 2 2 2 2 2 2
left_child=1 5 3 6 -4 9 20 -8 27 18 23 12 -5 -10 15 -7 22 -16 19 -1 21 -2 -17 -11 -19 -21 -12 -3 -9 -14
right_child=2 8 4 11 -6 14 7 28 13 10 26 -13 29 -15 17 16 -18 24 -20 25 -22 -23 -24 -25 -26 -27 -28 -29 -30 -31
leaf_value=-0.059782121879466646 0.10571778428920382 0.10593846157092973 0.10018772560444598 -0.028107269809781277 0.0066706516080310254 -0.064643638020905392 -0.037928557177972236 0.055437670097121361 0.38012171746988921 0.075943284365302455 0.36560403534094876 -0.055680712272491842 0.035876021939803882 -0.067291640655755672 -0.036487756179796424 0.0013747549312680919 -0.090486344764649715 0.091522859935604828 -0.086920072601760712 0.14405895142378508 -0.047149085056753096 0.054676086379250123 0.31797058826085178 0.49265062936579879 0.0014348140248616349 -0.025987361822690031 -0.040103915125627554 0.030256383631167196 -0.0361397560115016 -0.0091725678525884421
leaf_weight=274.64821323752403 158.06930369138718 76.594672456383705 336.03116422146559 225.1801915615797 109.99702961742878 155.16819744184613 80.100568816065788 176.4341579079628 1.4420215375721479 3.680291298776865 1.0583132803440083 114.22112755477428 203.11675040796399 29.853404823690653 59.278165854513645 189.34887279570103 43.146180380135775 46.518747571855783 476.97917088121176 11.069881372153761 15.82525300234556 205.6406684666872 2.2378493025898925 1.6644713133573521 45.076270427554846 13.803178310394285 266.36392690613866 50.029416166245937 23.377204522490501 146.99141094833612
leaf_count=5173 931 507 2046 3273 812 2700 582 1005 31 61 19 1689 1651 524 911 2705 715 460 11508 118 137 1085 15 25 650 278 4815 677 149 1664
internal_value=0 -0.0391738 0.0338476 0.0195381 0.0771251 -0.048201 0.0502032 0.0210715 0.0517181 -0.0627466 -0.0337131 -0.00979012 -0.000678735 -0.0466759 -0.0199781 -0.0332466 -0.0124919 0.0143119 -0.0729454 -0.050691 0.0716883 0.0768589 0.00507279 0.205715 0.0471882 0.0496926 -0.0384983 0.0760363 0.0447234 0.0169626
internal_weight=0 1747.96 1794.98 1348.96 446.028 1590.04 659.447 279.912 157.92 1049.27 272.767 689.509 575.288 31.2954 540.774 389.901 234.733 150.873 776.5 299.521 379.535 363.71 191.587 5.34476 91.595 24.8731 267.422 126.624 199.811 350.108
internal_count=46916 31892 15024 12166 2858 30153 3889 1736 1739 21997 4920 8277 6588 555 8156 6135 3435 2021 17077 5569 2153 2016 2720 86 1110 396 4834 1184 1154 3315
is_linear=0
shrinkage=0.1


Tree=16
num_leaves=31
num_cat=0
split_feature=20 1 10 36 46 9 46 38 34 8 6 46 14 35 35 34 38 4 46 38 35 35 12 38 1 14 14 20 38 6
split_gain=397.842 121.644 98.1253 103.626 75.0314 61.906 38.2007 37.3374 35.7257 37.3775 33.3636 32.6192 29.4467 26.2155 32.8864 25.204 23.8547 22.9261 22.362 25.3376 21.2736 26.9848 18.6883 18.2417 17.8543 17.2106 24.5458 41.022 17.1555 17.0089
threshold=1.0000000180025095e-35 0.99652619890609306 1.5544313764064441 3.5000000000000004 10.500000000000002 -0.33964997507457168 10.500000000000002 76.500000000000014 1.0122097987417604 -0.6666296841194187 -0.25251004245008563 12.500000000000002 -0.2587650631624141 3.0240803418597677 4.986826519457872 0.97420999951194476 80.500000000000014 -0.068282404146700656 17.000000000000004 55.500000000000007 1.9936924257986131 0.027259844748239753 -0.22217168408466528 60.500000000000007 1.5862336113674254 0.9689582907870693 0.90912708445312618 -0.30272267063288477 1395.5000000000002 -0.634188059203173
decision_type=2 2 2 2 2 2 2 2 2 2 2 2 2 2 2 2 2 2 2 2 2 2 2 2 2 2 2 2 2 2
left_child=1 5 3 8 -4 -1 7 10 9 15 12 24 23 20 -15 -2 -9 -13 19 22 21 -11 -5 -7 -3 26 -18 -28 -10 -16
right_child=2 11 4 18 -6 6 -8 16 28 13 -12 17 -14 14 29 -17 25 -19 -20 -21 -22 -23 -24 -25 -26 -27 27 -29 -30 -31
leaf_value=-0.067382655169947583 0.10184898185410658 0.01955929560288457 0.096988374106560457 -0.01015942895566898 0.004314363232386949 -0.031281035868700104 -0.06344471927379243 0.15924931542212656 -0.095064780439282182 -0.0089175565629346209 -0.080267797973355148 0.3325506887703511 0.13033992408210429 0.11784907642167186 0.1792639144415592 0.026619902467816786 0.013144420155574991 -0.055587442329651786 -0.09078327690152288 0.0097582165844430444 -0.018302088974961297 0.074519029450014346 -0.067442367951005291 0.11742758063473085 0.10085316191482725 -0.043916953848930518 0.65460348380853328 -0.069760982675223446 0.078513380732329496 -0.014750016761469512
leaf_weight=699.32170189172029 175.13503886759281 41.385960925370455 322.45491056144238 154.7186118774116 119.82794649153948 160.2808805629611 212.50311036407948 10.379170536994932 25.30111338198185 67.880568288266659 119.62426934018731 1.5953966602683056 13.407170284539459 66.010834097862244 5.0927147716283789 59.720917545258999 237.62292213365436 32.989365976303816 32.714387539774179 391.91277181357145 111.49714899808168 90.361017435789108 90.131741717457771 8.6963950246572477 77.81035890430212 57.89769546687603 1.5754280164837839 1.551996812224387 7.3474581614136687 40.086810223758221
leaf_count=15566 1095 587 2067 2071 884 2545 4792 121 215 394 2783 31 105 360 24 296 3204 602 486 3911 750 433 1726 65 519 927 27 18 54 258
internal_value=0 -0.0369436 0.0311231 0.0174452 0.0718802 -0.045503 -0.0269236 -0.0142225 0.0459374 0.0513421 -0.0392275 0.047819 -0.0123095 0.0319971 0.0728568 0.0827192 0.0102147 -0.0376826 -0.0101513 -0.0060088 0.0151541 0.0387274 -0.0312458 -0.0236278 0.0726273 0.00503515 0.0168076 0.295135 -0.0560016 0.00711957
internal_weight=0 1676.64 1760.19 1317.91 442.283 1522.86 823.539 611.036 648.434 615.785 302.009 153.781 182.384 380.929 111.19 234.856 309.027 34.5848 669.478 636.763 269.739 158.242 244.85 168.977 119.196 298.648 240.75 3.12742 32.6486 45.1795
internal_count=46916 31892 15024 12073 2951 30153 14587 9795 3879 3610 5498 1739 2715 2219 642 1391 4297 633 8194 7708 1577 827 3797 2610 1106 4176 3249 45 269 282
is_linear=0
shrinkage=0.1


Tree=17
num_leaves=31
num_cat=0
split_feature=20 1 10 36 34 9 34 6 35 49 49 8 6 34 49 35 0 35 49 38 49 11 38 38 14 8 38 38 34 6
split_gain=335.825 103.053 85.3017 87.3273 68.4965 57.2109 37.1481 32.5111 30.5836 45.9611 31.0728 35.1819 28.8964 28.4427 27.9834 25.0595 22.7441 22.2141 25.28 21.8877 21.4189 19.5216 18.8799 26.8153 19.4876 18.7918 18.537 17.5146 16.7579 16.4623
threshold=1.0000000180025095e-35 0.99652619890609306 1.5544313764064441 3.5000000000000004 0.97916257029051346 0.13495021679136368 0.014585957561233574 1.1842292572921482 3.0160395766815906 11.500000000000002 10.500000000000002 -0.65980482115884764 0.41153669862126691 0.98646897779584386 11.500000000000002 4.0091840532565506 -0.59979007613610646 3.9951070927637229 12.500000000000002 26.500000000000004 14.500000000000002 -0.92968798062732849 156.50000000000003 368.50000000000006 0.094630063877427381 2.0750087639471184 14.500000000000002 157.50000000000003 2.0141962834424647 -0.52198389757375407
decision_type=2 2 2 2 2 2 2 2 2 2 2 2 2 2 2 2 2 2 2 2 2 2 2 2 2 2 2 2 2 2
left_child=1 5 3 7 -4 6 19 8 9 10 11 13 15 -2 -3 -7 -17 18 22 -1 -10 -22 24 25 -5 27 -13 -24 -20 -19
right_child=2 14 4 17 -6 12 -8 -9 20 -11 -12 26 -14 -15 -16 16 -18 29 28 -21 21 -23 23 -25 -26 -27 -28 -29 -30 -31
leaf_value=-0.070614040275950071 0.095813487922153995 0.065962563615166295 0.093051454210212867 -0.011819108745911237 0.0038464867269094212 -0.010599050837716791 -0.075796527163749225 -0.047662654541794115 0.097417692251581783 -0.038225700859721927 0.12544592472914631 -0.097650663315721253 -0.056838462122700988 -0.07725380401260426 -0.042723839715060899 0.2588766898415541 0.042371060926361531 0.058484497327605273 -0.094770778399687824 -0.023511300376744579 0.19640552311557113 -0.041371342951533038 0.2487543639783521 -0.022071128829556381 -0.072219323369296484 0.29699372943452612 0.019074120197692529 0.034955698127105854 0.26126210780737619 -0.003712906045348725
leaf_weight=137.90340346843004 105.08872184157372 119.58757789805532 303.50863553583622 180.65571240708232 120.15433686971664 310.98865332081914 498.74906266108155 37.41221572458744 151.82521149516106 73.323499485850334 46.043350413441658 14.829341202974318 120.623255610466 10.439299210906027 29.54098629206419 5.4839995689690104 42.110573451966047 70.565507594496012 51.493363246321678 346.60404131934047 4.1325810104608562 20.992020905017853 4.049719661474227 97.840900614857674 75.842575419694185 3.1181491911411277 164.85455615073442 71.172082208096981 1.3568600453436364 107.20457094162703
leaf_count=3116 705 1184 2067 2252 884 4855 12820 255 903 530 220 109 2478 47 555 33 495 545 823 6356 29 164 32 946 1437 27 917 635 22 1475
internal_value=0 -0.034756 0.0288124 0.0160459 0.0677522 -0.042831 -0.0566388 0.0427423 0.0484602 0.033605 0.0490388 0.0371218 -0.0144995 0.0801748 0.0444328 -0.000257221 0.0673175 -0.00926768 -0.0203411 -0.036918 0.0832646 -0.00226099 -0.0123663 0.0128383 -0.0296785 0.0564377 0.0094408 0.046466 -0.0856301 0.0209762
internal_weight=0 1611.59 1715.9 1292.24 423.663 1462.46 983.257 628.941 591.529 414.579 341.255 295.212 479.206 115.528 149.129 358.583 47.5946 663.299 485.529 484.507 176.95 25.1246 432.679 176.181 256.498 78.34 179.684 75.2218 52.8502 177.77
internal_count=46916 31892 15024 12073 2951 30153 22292 3879 3624 2528 1998 1778 7861 752 1739 5383 528 8194 6174 9472 1096 193 5329 1640 3689 694 1026 667 845 2020
is_linear=0
shrinkage=0.1


Tree=18
num_leaves=31
num_cat=0
split_feature=20 10 1 36 46 31 38 14 35 38 34 0 25 49 46 14 6 29 35 8 6 14 38 46 34 15 2 20 24 27
split_gain=282.441 93.4047 77.6078 78.4193 55.8667 51.1997 54.3453 32.8185 32.166 31.9084 28.2941 26.3832 25.6884 25.0283 21.649 21.1989 35.8194 23.7093 22.0722 19.8573 19.6198 76.034 27.3033 19.1207 19.0297 18.7959 17.8761 17.6854 19.6256 18.721
threshold=-0.045099109276372951 1.6485541956473391 1.5862336113674254 3.5000000000000004 10.500000000000002 -0.30895952233386209 179.50000000000003 0.085535989164709295 4.992100981109572 66.500000000000014 0.99149561030469757 -0.59250023852518341 -0.66677158210957621 12.500000000000002 17.000000000000004 -0.33001768672983672 -0.39239838326859328 -0.8164951216972246 4.0181218821189679 -0.65980482115884764 -0.27561447203822359 -0.11141259425996435 90.500000000000014 27.000000000000004 1.0105246576710667 3.2241900398547219 -0.89377259550747501 -0.31004023605368941 -0.24947930262139026 0.15414617219435586
decision_type=2 2 2 2 2 2 2 2 2 2 2 2 2 2 2 2 2 2 2 2 2 2 2 2 2 2 2 2 2 2
left_child=1 5 3 7 -4 8 -7 19 12 -9 -3 -10 -1 25 15 16 18 -17 -5 -2 -19 -22 -23 -16 27 -14 -13 -8 29 -29
right_child=2 10 4 14 -6 6 24 9 11 -11 -12 26 13 -15 23 17 -18 20 -20 -21 21 22 -24 -25 -26 -27 -28 28 -30 -31
leaf_value=-0.055706735319031121 0.089144254358341779 0.096235518997426259 0.089268769650107216 0.0004729722051124742 0.0067802188813962053 -0.075602697299188268 -0.027771800588041174 -0.040248854478597232 0.24970360988004303 0.035688777723205355 -0.038751522440173672 0.11141400133866085 -0.003234267750821885 -0.077333907144453179 -0.10534854370604663 0.34160762331289707 0.27082701532196712 -0.075390695127337162 0.087358003759837488 0.040696285780807459 0.19684735003207221 -0.06020493191760154 0.0056026068042569262 0.29669145269906289 -0.097894782334504452 0.17196965183004037 -0.0095723208904977229 0.51309089077656178 0.019724353498810174 0.056066336959048071
leaf_weight=189.67288554087281 142.2396971359849 68.70108737051487 275.45617774128914 319.88691498339176 116.96880998462439 523.27984427288175 179.19343428313732 77.426468245685101 5.9693111814558497 193.92397912591696 20.062400281429291 17.851427622139454 301.74405869096518 47.968387488275766 30.13331035152078 1.7759715430438507 5.2797600850462905 62.129907134920359 32.179891612380743 208.76900708675385 16.218453265726566 123.18181405588984 129.14651260152459 1.2312860414385784 28.495539095252752 6.2500034049153319 38.660720322281122 1.6119553260505193 61.597221028059721 2.0188000611960888
leaf_count=3980 1002 505 2010 3350 848 14435 3598 592 33 1172 322 149 4689 938 513 27 46 819 190 1166 150 2492 1588 16 684 84 478 29 986 25
internal_value=0 -0.0337595 0.025559 0.0141318 0.0646817 -0.0400477 -0.056735 0.0401385 -0.0181994 0.0140209 0.0657256 0.0497649 -0.0259821 -0.0101435 -0.00831182 -0.00461728 0.0122916 -0.0227923 0.00841451 0.0603289 -0.0247494 -0.0130332 -0.0265234 -0.0895656 -0.0205588 0.000321077 0.0286456 -0.0115427 0.0330415 0.258973
internal_weight=0 1493.08 1735.95 1343.52 392.425 1404.31 796.197 622.359 608.117 271.35 88.7635 62.4815 545.635 355.962 721.164 689.799 357.347 332.453 352.067 351.009 330.677 268.547 252.328 31.3646 272.917 307.994 56.5121 244.421 65.228 3.63076
internal_count=46916 30935 15981 13123 2858 30108 19757 3932 10351 1764 827 660 9691 5711 9191 8662 3586 5076 3540 2168 5049 4230 4080 529 5322 4773 627 4638 1040 54
is_linear=0
shrinkage=0.1


Tree=19
num_leaves=31
num_cat=0
split_feature=20 10 46 10 36 6 38 34 14 35 46 34 6 6 49 38 49 49 8 34 40 13 20 9 32 4 4 1 10 14
split_gain=238.225 82.6274 73.9433 77.5519 73.9469 40.2359 41.4504 36.0704 30.7142 31.4665 29.6657 24.9803 24.7519 49.2185 24.2801 28.9471 23.1086 27.2902 31.4812 26.9983 22.4157 21.356 20.6878 20.14 19.0377 20.0875 18.5655 18.4436 18.7388 17.552
threshold=-0.11081416179900967 1.6485541956473391 17.000000000000004 1.5544313764064441 3.5000000000000004 -0.76391761237567224 168.50000000000003 0.032884218846469505 1.6062681626272171 3.0240803418597677 27.000000000000004 0.98037741393862454 -0.25251004245008563 -0.27561447203822359 12.500000000000002 183.50000000000003 11.500000000000002 10.500000000000002 -0.65980482115884764 0.98646897779584386 0.51500000000000012 0.55736566730152381 -0.095864229589992508 2.494365889016652 -0.68639764647430213 -0.15695299014682965 2.3449141299522052 1.0311278276170397 0.99512979375728927 -0.53293820391706714
decision_type=2 2 2 2 2 2 2 2 2 2 2 2 2 2 2 2 2 2 2 2 2 2 2 2 2 2 2 2 2 2
left_child=1 5 3 4 8 -1 12 -5 9 16 23 -3 13 -7 15 24 17 18 19 -2 -11 27 -23 -4 -8 -26 -24 -6 -29 -22
right_child=2 11 10 7 21 6 14 -9 -10 20 -12 -13 -14 -15 -16 -17 -18 -19 -20 -21 29 22 26 -25 25 -27 -28 28 -30 -31
leaf_value=0.0023521414143742973 0.090422949012448572 0.095149900932609638 -0.093540689970535384 0.086070142514907688 -0.02266888774178966 -0.052704137657113494 -0.10544828536538511 0.015784106793768318 -0.059372573586631255 0.11437144517894388 0.21217320257208155 -0.028894483624098268 -0.077249938069515911 0.08620584020987794 -0.060525333751586058 -0.0092483545173084498 -0.026271470726188181 0.11531758438645529 0.0056996348738146052 -0.073827953480224875 0.12542872840092442 0.319922730869248 0.01386506584080277 0.2139965765306433 0.13913734298435318 0.52887105108699317 0.14677957006773265 0.26985800333522286 0.012322168720817947 0.012945998974746143
leaf_weight=190.33538552746177 96.891537040472031 61.755613967776299 74.625116469338536 269.10203067958355 477.16322763822973 264.39537442848086 1.6854063905775545 100.2030059248209 28.71440251916647 96.411132335662842 3.5186220891773692 22.024584244936705 416.61679912917316 28.230615090578794 104.92242291197181 249.27033708617091 59.414386995136738 43.469998121261597 187.64392568171024 11.160057604312895 18.51565508544445 2.4618376009166232 106.15220618247986 2.1919810846447936 3.7553118579089642 2.0413857810199252 11.663746595382689 2.879167675971984 151.05441050231457 55.319747798144817
leaf_count=2483 718 485 971 2065 7168 5872 35 702 201 610 32 340 12644 393 2508 4497 397 221 1063 51 122 30 1057 14 56 33 57 33 1707 351
internal_value=0 -0.0336265 0.0220124 0.0263967 0.0152805 -0.0400145 -0.0475444 0.0669995 0.0415355 0.0466293 -0.0717595 0.0625405 -0.0615934 -0.039303 -0.0199942 -0.00343105 0.0312578 0.0413357 0.0304597 0.0734584 0.0826169 -0.00559917 0.0330186 -0.0847651 0.190376 0.276387 0.0270236 -0.0129591 0.0171391 0.0411532
internal_weight=0 1345.03 1798.56 1718.22 1348.92 1261.25 1070.92 369.305 597.541 568.826 80.3357 83.7802 709.243 292.626 361.675 256.752 398.58 339.166 295.696 108.052 170.247 751.375 120.278 76.8171 7.4821 5.7967 117.816 631.097 153.934 73.8354
internal_count=46916 29346 17570 16553 13786 28521 26038 2767 3734 3533 1017 825 18909 6265 7129 4621 2450 2053 1832 769 1083 10052 1144 985 124 89 1114 8908 1740 473
is_linear=0
shrinkage=0.1


Tree=20
num_leaves=31
num_cat=0
split_feature=20 1 20 46 9 14 38 10 9 14 14 35 46 46 38 25 38 23 35 40 35 35 49 34 8 38 19 46 8 1
split_gain=200.655 71.5565 63.4612 45.0762 38.9631 37.2808 46.0829 30.4075 38.5595 29.1258 31.5305 28.0947 26.6583 24.3181 24.1354 25.6892 22.7292 20.5225 19.952 22.2859 26.7381 23.8044 19.7844 17.8226 17.4234 17.2933 21.7888 17.2487 15.6786 18.2341
threshold=-0.11081416179900967 0.99652619890609306 1.4478236851640325 17.000000000000004 -0.33964997507457168 0.085535989164709295 183.50000000000003 1.6485541956473391 1.3528464379280607 0.9689582907870693 0.90912708445312618 4.9796911294148956 11.500000000000002 12.500000000000002 168.50000000000003 2.5367291792547957 151.50000000000003 -2.4295037974383757 0.0052447675093599327 0.13500000000000004 3.0010643871955618 4.9910495028621353 11.500000000000002 1.9862589181959811 2.5839676253838797 310.50000000000006 -0.50317957148453341 27.000000000000004 -0.67139211237271745 1.2078911575111062
decision_type=2 2 2 2 2 2 2 2 2 2 2 2 2 2 2 2 2 2 2 2 2 2 2 2 2 2 2 2 2 2
left_child=1 4 3 5 -1 7 -7 8 11 10 14 -2 28 -3 17 23 -12 -6 -14 -20 -21 -22 -9 24 -16 26 -8 -5 -4 -30
right_child=2 13 12 27 9 6 25 22 -10 -11 16 -13 18 -15 15 -17 -18 -19 19 20 21 -23 -24 -25 -26 -27 -28 -29 29 -31
leaf_value=-0.05817904542779459 -0.0043836653453438509 0.061139347191326257 0.092890725631454632 -0.096150094516774642 0.05290084017435194 -0.041016038781431903 0.22839673716686107 0.084658994477927574 0.062378272970271237 -0.067799995140914365 0.50760071344805424 0.067194685157094786 -0.048586503427983319 -0.04072606325948995 0.017946095774483254 0.31004643912865343 0.062767552171060378 -0.038324822877502829 0.11380890552334355 -0.035000352664383921 0.11538691024951882 -0.014039121556158989 -0.04264608148268155 -0.089576900954954533 0.30542960559130639 0.0095858995271582391 0.04677414700694852 0.15266775526222981 0.018115520167184235 0.080849003219099047
leaf_weight=569.67800651676953 467.23929388448596 102.74113043770194 138.60101376846433 49.742892200127244 27.045765215530992 235.84959255717695 8.344582870602606 109.68758484721184 144.00492472201586 110.7858347222209 1.9499207902699698 62.126503461971879 34.878810912370682 30.360994204878807 150.1264143101871 2.9323301613330832 2.7953156568109989 279.57198415696621 29.129229076206684 54.136089455336332 34.715880587697029 24.058928433805704 13.736390396952627 15.806961629539726 2.1382045149803153 131.79798773303628 31.690480250865221 2.9513914622366419 95.863303311169147 89.673427794128656
leaf_count=15525 5349 1092 1110 795 341 3861 65 895 910 2839 38 447 224 623 2170 34 41 6275 157 406 200 172 122 341 27 1300 291 26 549 691
internal_value=0 -0.0315507 0.0203103 0.00831638 -0.0395008 0.012277 -0.0123185 0.0248613 0.0164978 -0.0215617 -0.0109421 0.00401679 0.0504037 0.0379035 -0.0134904 0.0166106 0.245559 -0.0302781 0.0191824 0.0358235 0.0157045 0.0624076 0.0704907 0.011491 0.0219831 0.0270703 0.0846301 -0.0822139 0.0674447 0.0484358
internal_weight=0 1295.93 1758.23 1257.17 1162.83 1204.48 407.683 796.795 673.371 593.153 482.367 529.366 501.057 133.102 477.622 171.004 4.74524 306.618 176.919 142.04 112.911 58.7748 123.424 168.072 152.265 171.833 40.0351 52.6943 324.138 185.537
internal_count=46916 29346 17570 14061 27631 13240 5517 7723 6706 12106 9267 5796 3509 1715 9188 2572 79 6616 1159 935 778 372 1017 2538 2197 1656 356 821 2350 1240
is_linear=0
shrinkage=0.1


Tree=21
num_leaves=31
num_cat=0
split_feature=22 9 34 14 38 8 38 38 34 14 14 34 38 38 19 14 4 31 19 38 6 46 10 29 36 35 49 32 49 49
split_gain=169.514 147.086 70.1349 51.4249 47.9299 35.0169 26.7083 25.3251 22.1706 21.7724 72.844 20.6374 20.5234 46.6123 44.5431 20.3532 22.2982 20.7602 29.3738 19.8747 19.666 18.6058 18.1753 16.9045 16.5339 15.1278 16.7241 17.4737 15.638 14.5097
threshold=-0.55060609623768253 1.0002313641118341 0.014585957561233574 -1.0994183075655302 156.50000000000003 -0.45218975719495608 32.500000000000007 157.50000000000003 1.0108520069250346 -0.11141259425996435 -0.14366324645673503 0.020791928420009497 168.50000000000003 183.50000000000003 0.16268054670700721 -1.5077904795201711 2.7782701587206513 -0.94253727900363371 -0.60842373572690478 156.50000000000003 0.5153249930261613 21.500000000000004 1.6485541956473391 -0.83588201175618415 3.5000000000000004 3.9957579672581138 12.500000000000002 2.5031250523401671 10.500000000000002 4.5000000000000009
decision_type=2 2 2 2 2 2 2 2 2 2 2 2 2 2 2 2 2 2 2 2 2 2 2 2 2 2 2 2 2 2
left_child=2 3 22 15 9 11 -7 -6 12 10 -5 24 -9 14 -14 16 -2 18 -17 -4 25 -21 -1 -15 -3 26 28 -28 -8 -25
right_child=1 5 19 4 7 6 20 8 -10 -11 -12 -13 13 23 -16 17 -18 -19 -20 21 -22 -23 -24 29 -26 -27 27 -29 -30 -31
leaf_value=0.037909763855393082 -0.0382943374718442 0.088885238477772729 -0.037930197413813246 -0.052970630247435216 0.12275063661635262 -0.043215261700160976 0.011458025464801624 -0.087112311723629765 -0.088120062222483031 -0.069791681328594812 0.092740175796421992 0.0090492549191978546 0.1050591799898678 0.30410368140876842 0.63933238705346529 0.5201738969700721 0.10413318918063044 0.022122903907082915 0.066896146993550482 0.045226432569568251 -0.027744275769912452 -0.054945986126285241 0.081872304693858824 -0.033579223112571714 0.026679147418427092 0.065113798272908072 -0.078454844213502684 0.21882001738311985 0.079654305164928829 0.0044848143106982086
leaf_weight=139.89954243227839 110.79896567389369 129.29644347727299 92.715940278023481 297.18794432654977 12.831185884773729 90.466154966503382 169.16905466839671 34.494657676666975 43.041603643447161 450.0271147787571 38.786949208006263 84.394285289570689 11.076472125947474 1.6758690625429142 1.816352879628538 2.0177864842116833 12.202731627970932 159.44397724792361 4.9049455858767024 89.729490350931883 79.042001519352198 23.371309638023376 286.88459077477455 196.30020720139146 63.816549688577652 81.635255809873343 26.57290938124061 2.1362441331148139 41.966095052659512 204.44599575735629
leaf_count=1361 1350 1011 1012 6776 108 948 1115 813 1206 14502 476 656 148 23 20 21 92 1895 52 747 721 292 2488 3098 719 600 265 16 303 4082
internal_value=0 -0.0139804 0.0443387 -0.0314242 -0.0399603 0.0219074 0.00585942 -0.0159445 -0.0195553 -0.0554111 -0.0361489 0.0503007 -0.0129945 -0.0068385 0.180328 0.00667945 -0.0241644 0.0294836 0.199014 -0.00360879 0.016944 0.0245267 0.0674614 -0.012835 0.0683285 0.0279314 0.0152758 -0.0563347 0.025013 -0.0141603
internal_weight=0 2349.55 632.601 1581.05 1291.68 768.495 490.988 505.682 492.851 786.002 335.975 277.507 449.81 415.315 12.8928 289.368 123.002 166.367 6.92273 205.817 400.522 113.101 426.784 402.422 193.113 321.48 239.844 28.7092 211.135 400.746
internal_count=46916 41016 5900 34662 31252 6354 3968 9498 9390 21754 7252 2386 8184 7371 168 3410 1442 1968 73 2051 3020 1039 3849 7203 1730 2299 1699 281 1418 7180
is_linear=0
shrinkage=0.1


Tree=22
num_leaves=31
num_cat=0
split_feature=20 10 46 10 36 14 25 34 38 49 35 40 46 14 14 35 34 0 6 8 36 38 5 46 35 32 14 13 29 2
split_gain=146.528 53.5491 49.8673 51.5797 46.6589 33.3644 30.7693 27.7559 26.3898 28.7701 23.8085 31.8383 20.7601 19.7523 19.3762 19.0234 18.7998 18.2313 18.1442 18.0745 17.4306 17.3992 16.786 16.1138 15.0951 16.5305 14.8661 14.4864 20.2507 16.4363
threshold=-0.11081416179900967 1.6485541956473391 17.000000000000004 1.5544313764064441 3.5000000000000004 0.9689582907870693 -0.66677158210957621 0.032884218846469505 47.500000000000007 12.500000000000002 3.0240803418597677 0.48000000000000004 27.000000000000004 0.085535989164709295 -0.31589968439539967 3.9951070927637229 0.98037741393862454 -0.59444722031790043 -0.15901061437336839 -0.65980482115884764 2.5000000000000004 66.500000000000014 3.4562561927116513 13.500000000000002 3.9809838485361291 0.96207677162739336 0.90912708445312618 -0.80760143448174926 -0.33186728726946063 -0.48107351886602023
decision_type=2 2 2 2 2 2 2 2 2 2 2 2 2 2 2 2 2 2 2 2 2 2 2 2 2 2 2 2 2 2
left_child=1 5 3 4 10 6 -1 -5 22 23 13 -12 20 18 -13 27 -3 -16 19 -2 -4 -15 -8 26 -11 -26 -10 28 -6 -30
right_child=2 16 12 7 15 -7 8 -9 9 24 11 14 -14 21 17 -17 -18 -19 -20 -21 -22 -23 -24 -25 25 -27 -28 -29 29 -31
leaf_value=-0.048606063956218928 0.071636265099605759 0.087268720893658364 0.1023671896793405 0.075971225086423053 -0.019677014877066384 -0.071047157593168209 -0.041747131354549404 0.012791737267015289 0.014303679214498894 -0.092687810960190076 0.10773969539977966 0.099416616347048348 0.15005881477686406 -0.056507091613968288 0.15323559089257682 0.021188460611263182 -0.024907446521088145 -0.030023965022636146 0.14759821060308473 0.010995652882138456 -0.09352578990917304 0.014917437872010773 0.22833783747197894 0.26118518308302985 -0.028780899896022262 0.16826697110010938 0.1900054034369163 -0.016323798686356118 0.11122632333519421 0.6158576596854668
leaf_weight=360.32465739734471 75.353271804749966 52.010600343346596 4.908230483531951 226.21082284301519 3.428086755797267 194.44727263785899 218.10542518086731 100.39555013179779 280.56993726454675 38.929940436035395 86.157856822013855 22.170975744724274 4.2128718197345725 48.212925583124161 6.0703600123524657 207.42166475020349 20.961177065968513 51.344192132353783 14.507365517318247 141.35680258274078 60.921569034457207 116.56759457290173 2.3256956264376631 2.7355107534676781 37.401672368869185 4.8042563162744036 4.8996498677879563 522.53510412760079 1.3590716794133189 1.229196049273013
leaf_count=10127 617 485 36 2065 70 5939 5537 702 4866 1010 613 158 32 414 34 2546 340 351 85 746 949 716 26 75 826 51 64 7392 26 18
internal_value=0 -0.0280112 0.0174674 0.0210298 0.0120901 -0.0333066 -0.0255826 0.0565505 -0.0115163 0.00482543 0.0337941 0.065616 -0.0651477 0.0204751 0.0200137 -0.00447583 0.0550461 -0.0106482 0.0393292 0.0320813 -0.0789201 -0.00598058 -0.0388976 0.019634 -0.0477765 -0.00635115 0.0173193 -0.0145474 0.139739 0.350881
internal_weight=0 1217.52 1694.36 1624.32 1297.71 1144.54 950.097 326.606 589.772 369.341 561.741 165.743 70.0427 395.998 79.5855 735.973 72.9718 57.4146 231.217 216.71 65.8298 164.781 220.431 288.205 81.1359 42.2059 285.47 528.551 6.01635 2.58827
internal_count=46916 29346 17570 16553 13786 28521 22582 2767 12455 6892 3734 1156 1017 2578 543 10052 825 385 1448 1363 985 1130 5563 5005 1887 877 4930 7506 114 44
is_linear=0
shrinkage=0.1


Tree=23
num_leaves=31
num_cat=0
split_feature=22 9 34 14 35 38 49 38 6 34 49 40 6 38 38 25 35 38 14 38 47 38 6 20 35 14 10 20 32 38
split_gain=123.01 109.471 54.6601 45.2746 39.0786 37.8092 37.5095 32.6795 31.1391 31.1243 29.0699 27.6319 26.4712 27.0969 26.0254 23.4662 27.1098 22.262 20.8186 22.7095 19.8442 19.1462 18.9834 17.759 17.7129 26.6565 15.6513 15.2123 14.9937 14.0335
threshold=-0.55060609623768253 0.13495021679136368 0.014585957561233574 0.72488899375658189 3.9809838485361291 101.00000000000001 12.500000000000002 27.500000000000004 0.3432787622506383 0.014585957561233574 10.500000000000002 0.43500000000000005 -1.1443219107003644 34.500000000000007 14.500000000000002 -0.30954206276127433 1.9917052323293079 47.500000000000007 -0.57075182664158031 26.500000000000004 3.5000000000000004 236.50000000000003 -0.41925077028460905 1.344353444988041 4.9885317653633763 -0.30623670224150124 1.6499944347207605 -0.46351886047819285 2.5031250523401671 26.500000000000004
decision_type=2 2 2 2 2 2 2 2 2 2 2 2 2 2 2 2 2 2 2 2 2 2 2 2 2 2 2 2 2 2
left_child=2 9 26 4 6 -5 7 22 11 24 12 -6 -9 -14 -10 16 -12 -15 27 -20 -19 -11 -3 -4 29 -26 -1 -13 -8 -2
right_child=1 3 23 5 8 -7 28 10 14 21 15 18 13 17 -16 -17 -18 20 19 -21 -22 -23 -24 -25 25 -27 -28 -29 -30 -31
leaf_value=0.03716956464589951 -0.061337605147802926 0.0012474320760833583 -0.030938724431024398 -0.086556519107156463 0.095669416866389648 -0.006104678762565912 -0.072104639720574168 0.13153897934052736 0.47941029858537682 -0.076990091811047864 0.062336659049345572 0.3339040787443856 0.09159202183891485 -0.076320567056840025 0.12028697233629589 0.062141602196115288 0.76634794632001002 -0.020942057583294555 -0.069143908302646884 0.020529311288813443 0.024376226440236449 -0.029231549654641861 -0.066586998742378153 0.028358037291167149 0.14161704485327731 -0.017824560102855099 0.0775075795577507 0.051095781939051392 0.16794135791371179 -0.018532836290996595
leaf_weight=165.97758996486664 104.224827921018 87.669931642711163 108.4011843316257 87.252877168357372 63.487986139953136 176.74426401033998 76.354796890169382 17.188775271177292 2.67725946009159 263.74459446780384 1.165314152836799 1.9380391985177983 33.668294155970216 36.459577411413193 8.1942583508789522 94.902732888236642 1.0308185666799543 166.6554367300123 37.562748542055488 113.80116243101656 229.93917396664619 123.1311010196805 77.9229178391397 94.571686487644911 15.654970370233057 31.756283944472671 228.75962001830339 102.26721087098122 2.6938831582665435 288.88245490565896
leaf_count=1586 3038 1073 1426 2091 485 2360 1331 102 31 9892 21 18 304 584 75 959 20 2229 705 1320 1690 3274 1607 625 76 662 2263 849 19 6201
internal_value=0 -0.0121821 0.0388616 0.00466899 0.0132048 -0.0326946 0.00158017 0.00851563 0.0422958 -0.0410938 0.0196848 0.0366249 0.00966513 0.00517668 0.208726 0.0696199 0.392785 -0.00154178 0.0219571 -0.00172416 0.00533275 -0.06179 -0.0306734 -0.00331043 -0.0229179 0.0348223 0.0605464 0.0563555 -0.0639242 -0.0298817
internal_weight=0 2246.97 597.71 1419.58 1155.58 263.997 825.652 746.603 329.929 827.394 581.01 319.057 483.911 466.722 10.8715 97.0989 2.19613 433.054 255.569 151.364 396.595 386.876 165.593 202.973 440.519 47.4113 394.737 104.205 79.0487 393.107
internal_count=46916 41016 5900 17873 13422 4451 9939 8589 3483 23143 5909 3377 4909 4807 106 1000 41 4503 2892 2025 3919 13166 2680 2051 9977 738 3849 867 1350 9239
is_linear=0
shrinkage=0.1


Tree=24
num_leaves=31
num_cat=0
split_feature=20 6 46 4 38 38 49 9 23 6 14 14 41 40 8 38 38 14 14 38 38 25 40 7 26 14 35 14 40 38
split_gain=103.693 43.4579 39.6648 39.0494 43.6487 32.4772 29.3904 26.092 24 23.9517 39.714 23.8278 36.3107 23.6526 22.1229 20.7231 37.7674 27.0094 21.7209 19.1527 92.4742 41.6083 35.9643 19.6356 18.9541 18.6874 17.8409 23.2482 17.6338 17.5705
threshold=-0.11081416179900967 -0.76391761237567224 17.000000000000004 0.98105703724780502 73.500000000000014 76.500000000000014 12.500000000000002 1.3528464379280607 0.16842300680256336 0.38552475689601945 0.6521726293534128 -0.11141259425996435 0.15000000000000005 0.54500000000000015 3.5893107819103243 27.500000000000004 40.500000000000007 -1.2780288733077572 -0.39499312385582591 11.500000000000002 9.5000000000000018 0.52189777520941694 0.44500000000000006 -1.3663763277439955 -0.25870691073864149 0.9339492431873897 2.0006669390844061 0.67041837819855943 0.43500000000000005 80.500000000000014
decision_type=2 2 2 2 2 2 2 2 2 2 2 2 2 2 2 2 2 2 2 2 2 2 2 2 2 2 2 2 2 2
left_child=1 8 3 4 9 11 13 14 -1 10 15 12 -3 25 29 18 17 -17 -2 20 23 22 -22 -13 -24 26 27 -7 -12 -6
right_child=2 5 -4 -5 7 6 -8 -9 -10 -11 28 19 -14 -15 -16 16 -18 -19 -20 -21 21 -23 24 -25 -26 -27 -28 -29 -30 -31
leaf_value=0.0012149028738616013 0.012536974646625901 -0.042883348260198136 -0.061832524318079812 0.042887950095397094 0.10960410599852843 0.0073662439764328146 -0.05688045324011775 0.045905006560165509 0.091021979983989809 -0.07403363610853711 0.1289964073431456 0.41702544189074653 0.10116751642420869 0.087208685047355239 0.31142774337836854 -0.15228042610501882 -0.018858040906789036 0.094202906368624703 -0.060507350063672319 -0.088274930815850028 0.03223211146452027 1.3746070313397802 1.1358581868425204 -0.064506086252756029 0.30865202666543917 -0.053824159642203322 -0.040902992086897953 0.13496712459509236 0.50156162500651591 0.00027356055200148294
leaf_weight=176.01974953711033 61.969210153445601 146.78845081292093 64.993506489321589 447.20361031591892 15.31356520950794 194.56062528118491 137.87710029818118 299.9203307852149 35.811204098165035 62.17688855715096 3.7292395513504735 0.86435152031481166 19.86692214012146 26.982083071023226 2.3653773590922347 4.8142031803727141 131.71231371164322 58.078703438863158 118.67048203386366 197.72905031219125 1.4852057229727504 0.47335258685052384 0.64521805010735989 41.762530609965324 0.48537084832787492 76.193171676248312 72.173341512680054 15.409352563321589 1.9267744049429891 366.53198298625648
leaf_count=2433 744 3923 1017 4069 153 4155 4202 1944 383 1204 42 15 207 388 20 39 1731 533 2070 8236 67 16 22 1644 19 2015 1279 342 18 3986
internal_value=0 -0.0244932 0.0147243 0.0178846 0.00796495 -0.0337742 -0.0172586 0.0238013 0.0163973 -0.016487 -0.00709328 -0.0548443 -0.0257111 -0.00308091 0.00654677 -0.0110576 0.0115836 0.0753356 -0.0354492 -0.074788 -0.0164548 0.511867 0.355746 -0.054742 0.780732 -0.00987955 0.00198775 0.0167307 0.255914 0.00465816
internal_weight=0 1145.13 1639.41 1574.41 1127.21 933.296 523.196 684.131 211.831 443.078 380.901 410.1 166.655 385.319 384.211 375.245 194.605 62.8929 180.64 243.445 45.716 3.08915 2.61579 42.6269 1.13059 358.336 282.143 209.97 5.65601 381.846
internal_count=46916 29346 17570 16553 12484 26530 12381 6103 2816 6381 5177 14149 4130 8179 4159 5117 2303 572 2814 10019 1783 124 108 1659 41 7791 5776 4497 60 4139
is_linear=0
shrinkage=0.1


Tree=25
num_leaves=31
num_cat=0
split_feature=22 9 34 14 35 40 38 34 38 12 40 38 38 38 10 29 8 38 38 26 2 20 6 49 38 49 14 38 38 38
split_gain=91.017 83.4078 44.6508 34.0008 31.6121 30.8865 30.2017 26.6287 21.587 21.5216 22.8075 18.6012 34.5985 18.2397 16.7994 16.049 17.0794 16.0452 15.3004 19.2677 14.8941 21.5037 14.6671 12.9252 22.3895 20.113 15.6838 14.8818 21.8042 14.9321
threshold=-0.55060609623768253 0.13495021679136368 0.014585957561233574 0.72488899375658189 3.9809838485361291 0.33500000000000008 101.00000000000001 0.014585957561233574 27.500000000000004 0.65554432676699514 0.43500000000000005 40.500000000000007 47.500000000000007 236.50000000000003 1.6485541956473391 -0.81221289258878071 -0.42597660106462581 156.50000000000003 26.500000000000004 2.9157984360709892 -0.97715826117072713 0.029422023567441901 0.2818862137125992 12.500000000000002 824.50000000000011 10.500000000000002 -1.9069748571572471 315.50000000000006 156.50000000000003 146.50000000000003
decision_type=2 2 2 2 2 2 2 2 2 2 2 2 2 2 2 2 2 2 2 2 2 2 2 2 2 2 2 2 2 2
left_child=2 7 14 4 5 8 -5 18 -3 10 -6 20 -13 -9 -1 -12 22 -4 19 -2 21 -10 -17 25 -25 26 -14 28 29 -28
right_child=1 3 17 6 9 -7 -8 13 11 -11 15 12 23 -15 -16 16 -18 -19 -20 -21 -22 -23 -24 24 -26 -27 27 -29 -30 -31
leaf_value=0.027148140172513803 -0.056110255365586816 -0.026387105688913667 -0.035899150433449149 -0.081577635051857333 0.08998617914197124 -0.051849416526794395 -0.006445604718456727 -0.073488991365838238 0.47190640091923541 0.29871199306570212 0.28536696536055767 -0.087076423091037636 0.10151656424156666 -0.025169776486429436 0.070652400632328277 0.037859515534070187 -0.0075619725042734651 0.02095856420220674 -0.0091138698892956008 0.47937441180065526 0.047210882156531658 0.11170051118649647 0.2209588365815868 -0.09315089503780942 0.078268358139805108 0.065517131453438709 0.0089322417930059773 -0.019446690135157967 0.060217851212247576 -0.09803043706376155
leaf_weight=142.99458375573158 107.04752451367676 146.39663603901863 88.981485644355416 77.034872414544225 61.094116240739822 98.508156543597579 175.15431666001678 234.77970961481333 2.0866950489580622 3.1239219643175593 2.2957599051296702 33.353806024417281 18.7580546438694 117.08191171474755 234.04061391204596 133.54591689817607 121.39143200032413 112.23687226511538 316.33266292884946 0.6761912927031507 32.915070122107863 8.0548427775502187 4.5230868756771079 24.530222913250327 11.052588773891328 88.391396148130298 115.13316114991903 128.42981413379312 93.109599303454161 14.720020566135643
leaf_count=1361 3269 2424 1012 2091 502 1692 2360 9892 24 31 22 622 124 3274 2488 1457 1423 1039 6698 10 306 73 48 379 151 776 1314 1123 780 151
internal_value=0 -0.010796 0.0338529 0.00383447 0.0111765 0.000654459 -0.0293958 -0.0370735 0.00786862 0.0374979 0.0349704 0.0166585 0.0114997 -0.0574108 0.054153 0.0221297 0.0198005 -0.00418469 -0.0201986 -0.052749 0.0798578 0.185815 0.0438578 0.0181537 -0.0399053 0.022659 0.0124246 0.00766867 0.0232875 -0.00319294
internal_weight=0 2169.52 578.254 1393.6 1141.41 815.44 252.189 775.918 716.932 325.974 322.85 570.535 527.479 351.862 377.035 261.756 259.46 201.218 424.056 107.724 43.0566 10.1415 138.069 494.125 35.5828 458.542 370.151 351.393 222.963 129.853
internal_count=46916 41016 5900 17873 13422 9939 4451 23143 8247 3483 3452 5823 5420 13166 3849 2950 2928 2051 9977 3279 403 97 1505 4798 530 4268 3492 3368 2245 1465
is_linear=0
shrinkage=0.1


Tree=26
num_leaves=31
num_cat=0
split_feature=36 1 6 49 25 8 10 34 38 38 14 14 6 13 10 35 49 49 0 15 38 34 31 6 6 25 32 38 38 2
split_gain=83.0117 66.7576 38.2084 33.2062 32.0098 30.2915 28.0042 27.6448 24.8243 31.6035 29.7283 27.9792 23.6756 23.2677 22.6892 21.242 19.6319 36.6433 22.1182 21.986 18.9768 18.481 17.981 35.0468 35.1132 19.1221 18.7705 16.9882 16.4208 20.7584
threshold=3.5000000000000004 1.0311278276170397 0.65861014464370216 11.500000000000002 -0.66677158210957621 -0.6666296841194187 0.89491565427591302 0.98037741393862454 76.500000000000014 86.500000000000014 -0.11141259425996435 -0.28474905080955121 -0.40797084063302991 -0.78625777397703223 1.6485541956473391 4.9910495028621353 1.5000000000000002 2.5000000000000004 -0.2617696269633431 0.18989806815862167 61.500000000000007 1.015834611611701 -0.11143135253274787 -0.36822297971903212 -0.39239838326859328 2.5367291792547957 0.23279628392417825 310.50000000000006 395.50000000000006 2.6688704485296157
decision_type=2 2 2 2 2 2 2 2 2 2 2 2 2 2 2 2 2 2 2 2 2 2 2 2 2 2 2 2 2 2
left_child=5 2 4 6 -2 7 -3 -1 10 16 11 12 15 -11 -8 20 -10 18 -18 -20 -6 22 23 24 -15 -24 27 -26 29 -4
right_child=1 3 28 -5 8 -7 14 -9 9 13 -12 -13 -14 21 -16 -17 17 -19 19 -21 -22 -23 25 -25 26 -27 -28 -29 -30 -31
leaf_value=0.083824584842246072 -0.045455112370453687 0.33402566119600013 -0.08473739130570658 -0.032057063504086589 -0.022280881286348073 0.013796909197402524 0.005548509809079602 0.011132558664189997 -0.015150246250279061 0.55242292135343141 -0.058883038273144644 0.090681371523342602 -0.093110679339573954 0.0031472893472111068 0.054094925860831061 0.093247758016210935 0.67765617974960424 0.08311266831857346 0.030935220368806873 0.54436222272079415 0.082174856204788316 -0.076613167649128178 0.030454946326561139 -0.056308535560154374 0.15363716942503769 0.32081315679543232 0.084443727798679535 0.53504630151599764 -0.021231679778139372 0.29260566216638362
leaf_weight=149.28176911175251 280.68622687272727 3.0807222984731188 140.29937707446516 95.568739905953407 205.39992189593613 454.22459750622511 181.29669268615544 80.54383560270071 12.729257140308617 0.76110181957483192 163.21588537283242 27.244573667645454 34.44541198387742 244.27489391155541 205.28452799469233 20.356799336150289 1.6510499715805051 25.149529378861189 2.1143942251801522 1.3773564100265501 19.001290004700422 30.36547776311636 128.32285383529961 105.26831636577845 2.5642422270029774 2.3089384920895091 9.8108525760471803 2.1443649865686893 68.646170100197196 1.4731892757117737
leaf_count=1439 9573 26 5350 1400 3672 3059 2020 490 188 20 6026 210 968 2722 2192 152 23 310 29 20 163 896 2081 1949 43 27 87 35 1721 25
internal_value=0 -0.0115524 -0.0218045 0.0207657 -0.0154924 0.0287655 0.0337211 0.0583492 -0.00739408 0.00665447 -0.0244093 -0.00604833 -0.0154872 -8.76351e-05 0.0313279 -0.00456303 0.0890583 0.132848 0.376066 0.233462 -0.013436 -0.000888528 0.00375962 -0.0076606 0.0121276 0.0355871 0.163213 0.327336 -0.0613777 -0.0808163
internal_weight=0 2014.84 1529.61 485.231 1319.19 684.05 389.662 229.826 1038.51 568.843 469.664 306.448 279.203 525.821 386.581 244.758 43.0216 30.2923 5.1428 3.49175 224.401 525.06 494.694 364.063 258.794 130.632 14.5195 4.70861 210.419 141.773
internal_count=46916 41928 36290 5638 29194 4988 4238 1929 19621 8430 11191 5165 4955 7860 4212 3987 570 382 72 49 3835 7840 6944 4836 2887 2108 165 78 7096 5375
is_linear=0
shrinkage=0.1


Tree=27
num_leaves=31
num_cat=0
split_feature=9 10 34 35 14 38 14 40 35 40 31 38 14 14 38 38 49 0 14 7 32 35 49 31 32 46 14 22 38 38
split_gain=69.819 54.9924 31.7217 29.4006 28.764 35.1383 29.5266 28.5333 35.0226 37.2794 25.8073 23.0832 23.0543 55.8985 23.6765 45.875 22.5113 22.2398 19.8356 19.3243 19.9402 19.1827 17.69 30.0839 20.2506 19.6251 17.575 17.288 16.9078 39.2734
threshold=1.0855718869379301 1.5544313764064441 0.012217423206805253 0.021372449354867915 -1.1453173209606649 76.500000000000014 -1.5077904795201711 0.13500000000000004 3.0240803418597677 0.43500000000000005 -0.94253727900363371 86.500000000000014 0.69701692711856145 0.6521726293534128 26.500000000000004 40.500000000000007 12.500000000000002 -0.74864791665585828 -0.31589968439539967 2.8456748128167249 -0.47594087443463895 4.9997658460721155 3.5000000000000004 -0.17316772013722956 0.30939762923099073 11.500000000000002 -2.5349083810324538 -0.55884240803234297 168.50000000000003 186.50000000000003
decision_type=2 2 2 2 2 2 2 2 2 2 2 2 2 2 2 2 2 2 2 2 2 2 2 2 2 2 2 2 2 2
left_child=1 4 -3 -2 6 12 26 -5 16 -10 -8 21 13 14 -6 22 27 -11 -19 -14 -21 -7 -16 24 25 -24 -1 -9 -13 -30
right_child=3 2 -4 7 5 11 10 8 9 17 -12 28 19 -15 15 -17 -18 18 -20 20 -22 -23 23 -25 -26 -27 -28 -29 29 -31
leaf_value=0.057749451798396606 -0.015311159116834259 0.057929028891377146 -0.015531614394903016 0.074631260873743666 -0.067817785934054339 0.028145311189285829 0.1975105963277933 0.071861201060800114 0.098774494097731799 0.11192344991304055 0.0248279092955952 -0.041238020204865007 -0.096130554750517849 0.25976799669817041 0.0057349177830734845 -0.049123330255240079 -0.061038154630023989 0.060854494925525707 -0.026678411197189202 0.70261689319457032 -0.10353555714338197 0.21167269075145098 0.050117766894194872 -0.099820131259807723 0.28166645853858296 0.43379711208052574 -0.041521712042303947 -8.8175858099295032e-05 0.12800660706574904 -0.013056450337477283
leaf_weight=20.87173068523407 161.48969028517604 160.74489960819483 92.670939350500703 128.23985511064529 180.00471115298569 51.693641601130366 9.0956313721835595 39.985843427479267 95.937049804255366 21.359481321647763 178.46784084104002 205.85259734652936 93.055655583739281 6.2868589628487817 40.875029347836971 158.1930585782975 51.475982192903757 37.944334156811237 81.478889141231775 0.61937628500163555 0.60804052650928386 6.4003057852387419 13.517660269513732 5.6275681108236304 8.4307701103389245 1.4790019970387209 122.53592943400145 202.62699653580785 20.635157003998756 453.24037698283792
leaf_count=137 1328 1851 1021 889 6623 836 79 363 795 186 2077 5395 4805 146 824 4987 547 299 748 20 20 78 166 201 93 35 1523 1704 296 8844
internal_value=0 -0.0121745 0.0310654 0.0229286 -0.0191208 -0.0260788 0.0070849 0.0322987 0.0220714 0.0507018 0.0332019 -0.0121378 -0.0462991 -0.0361449 -0.0407032 -0.0193079 -0.000973975 0.0179424 0.00113341 -0.0909311 0.303263 0.0483648 0.0481395 0.107795 0.157667 0.087957 -0.0270737 0.01177 -0.0173087 -0.00691379
internal_weight=0 1830.91 253.416 820.538 1577.49 1246.52 330.971 659.048 530.809 236.72 187.563 737.822 508.698 414.415 408.128 228.123 294.089 140.783 119.423 94.2831 1.22742 58.0939 69.93 29.055 23.4274 14.9967 143.408 242.613 679.728 473.876
internal_count=46916 40057 2872 6859 37185 33369 3816 5531 4642 2028 2156 15449 17920 13075 12929 6306 2614 1233 1047 4845 40 914 1319 495 294 201 1660 2067 14535 9140
is_linear=0
shrinkage=0.1


Tree=28
num_leaves=31
num_cat=0
split_feature=22 13 9 38 49 1 6 6 35 40 21 38 34 38 10 46 4 4 12 35 0 13 40 14 5 29 11 8 38 4
split_gain=58.7196 48.2177 29.427 29.3687 24.3362 26.1089 22.1418 36.2352 19.911 21.5047 18.4539 18.1004 18.8108 18.0337 17.4895 15.0186 15.5322 18.636 14.7225 14.3638 18.9255 14.143 14.4302 13.7644 27.2686 14.7972 13.7299 13.4933 13.5545 13.4559
threshold=-0.46936259655153578 0.090765745511507359 1.3690090669883839 168.50000000000003 11.500000000000002 1.5862336113674254 0.65861014464370216 0.59341781005128325 3.9847152137021884 0.44500000000000006 2.1094181324519727 60.500000000000007 1.0122097987417604 169.50000000000003 0.54799760849367585 17.000000000000004 -0.83005762122570859 0.066273944362065143 1.2316704941730006 0.99871923053114509 0.23919789237021102 1.2368488818571912 0.35500000000000004 0.58448507936795779 -0.79316056582239391 2.419572933202419 -0.69723077740745409 2.571366518373146 62.500000000000007 1.937998365570061
decision_type=2 2 2 2 2 2 2 2 2 2 2 2 2 2 2 2 2 2 2 2 2 2 2 2 2 2 2 2 2 2
left_child=4 3 11 6 5 14 7 -2 18 -10 13 21 27 -5 -1 16 -15 23 -6 20 -16 -3 -23 24 -18 -26 -9 28 -13 -30
right_child=1 2 -4 10 8 -7 -8 26 9 -11 -12 12 -14 15 19 -17 17 -19 -20 -21 -22 22 -24 -25 25 -27 -28 -29 29 -31
leaf_value=0.21276824465405619 -0.037940836147195928 -0.043046847823205697 0.034724047139882377 0.28900807588971811 -0.046141631637287628 0.054396135219752353 -0.089060104757620551 0.41675213685424134 0.10670849861894915 -0.0057236337443119754 0.3802578486666362 0.094056994239681779 -0.081472910820348049 -0.059541137571303408 -0.041066673258819575 -0.085470013753604634 0.39923501246362192 -0.04837361291044092 0.22020555070046438 0.022883913690709322 0.060061136920205441 -0.020939936102504917 0.074356235866878256 -0.0085523741024526763 0.028127611859755625 0.26334577660232744 0.095393471317312281 0.14484062415041024 0.0011687952888226199 0.10368659286637738
leaf_weight=4.3645527288317671 404.34541347343475 175.04179231636226 237.64234616607428 2.0294534079730502 102.31809245888144 253.80703362077475 90.566198931075633 2.139204503968358 23.09618085436523 64.577331843785942 1.2267801966518153 18.047458790242672 22.685307301580906 44.304323717951775 86.343354485929012 24.520312888547778 2.0748641844838849 55.008867789059877 2.1182879935950032 299.08681805059314 23.554053811356425 50.170710016041994 23.255311666056514 114.54570552334189 115.90759515203536 2.7376305013895026 3.512457105331122 7.5295010693371287 330.04944878257811 13.319751519709824
leaf_count=31 12576 4080 1739 24 1675 2849 3896 26 171 912 23 135 649 1138 1193 789 36 903 38 3517 290 1060 358 1813 1850 31 65 102 4868 79
internal_value=0 -0.0118289 0.00467356 -0.0286148 0.0201197 0.0291504 -0.044311 -0.0344261 -0.0112421 0.0238948 -0.00693178 -0.00648294 0.00691127 -0.00824709 0.0136489 -0.00992703 -0.00439071 0.00402684 -0.0407393 0.011524 -0.0193922 -0.0275947 0.00924204 0.0162789 0.0398401 0.0335551 0.217031 0.0123457 0.00958542 0.0051456
internal_weight=0 1740.66 877.742 862.919 859.266 667.156 500.563 409.997 192.11 87.6735 362.356 640.099 391.631 361.129 413.349 359.099 334.579 290.275 104.436 408.984 109.897 248.468 73.426 235.266 120.72 118.645 5.65166 368.946 361.417 343.369
internal_count=46916 36240 13070 23170 10676 7880 16563 12667 2796 1083 6607 11331 5833 6584 5031 6560 5771 4633 1713 5000 1483 5498 1418 3730 1917 1881 91 5184 5082 4947
is_linear=0
shrinkage=0.1


Tree=29
num_leaves=31
num_cat=0
split_feature=9 22 8 35 0 49 35 49 38 14 14 28 4 10 38 3 32 38 34 38 36 13 34 36 40 4 8 32 34 35
split_gain=52.1217 42.9308 29.0499 25.6605 63.6858 24.4075 20.0452 19.7355 18.4157 25.2004 17.7824 17.5933 15.8064 18.2715 17.9923 15.7155 15.3399 16.7242 15.0443 14.55 14.4742 13.8623 13.4004 16.3269 14.935 12.2218 12.0031 15.5023 12.4145 13.8944
threshold=1.0002313641118341 -0.52373933493183122 -0.68045660522688289 4.9898633473224816 -0.73514883443093548 12.500000000000002 3.9809838485361291 11.500000000000002 156.50000000000003 -1.0204062563718568 -0.33001768672983672 -0.57839127409992963 0.16102013292687356 1.6499944347207605 78.500000000000014 0.20994567845762793 0.40679766657488442 332.50000000000006 0.97420999951194476 157.50000000000003 4.5000000000000009 0.6332073604147509 0.020791928420009497 3.5000000000000004 0.03500000000000001 1.937998365570061 2.323167620729603 0.33792799574687077 1.0122097987417604 3.9862864746365885
decision_type=2 2 2 2 2 2 2 2 2 2 2 2 2 2 2 2 2 2 2 2 2 2 2 2 2 2 2 2 2 2
left_child=1 7 22 5 15 8 -7 12 9 -3 18 21 14 -14 20 -5 17 -16 -6 -10 -1 -4 23 -2 -24 -21 28 -28 29 -13
right_child=2 3 11 4 10 6 -8 -9 19 -11 -12 26 13 -15 16 -17 -18 -19 -20 25 -22 -23 24 -25 -26 -27 27 -29 -30 -31
leaf_value=0.34510659899061391 0.080775912260069513 0.0022795621900418331 0.026729772640194036 0.43535807636724277 0.10637966157084905 -0.089056378661088925 -0.020439974651350237 -0.026877685209914029 0.10743750148501247 -0.045879590698177292 -0.020334988728917276 -0.017943878410567559 -4.7062931416650205e-06 0.047208556656885448 0.47674103901610576 0.16709012540456561 0.022391059860384071 0.16284409117626475 -0.012328530396543882 -0.010573259070771567 -0.096563015222547954 0.16867034469855199 -0.076048804004673079 0.021057471255956535 0.030987798500224175 0.076537656688937555 0.13693905193685199 -0.018661715147379011 -0.086955773002111214 0.025466260909490581
leaf_weight=0.88686529919505019 126.14760688319802 152.79649799689651 162.66641123965383 3.5938179921358806 24.720444716513157 102.38403089810163 72.881743414327502 86.990526013076305 11.507538393139837 376.11104469560087 110.75030602514744 262.6146680302918 178.28978965803981 151.72170276939869 2.7304491773247701 5.5652979016304016 3.3392697386443615 4.4860598668456078 18.791533136740327 362.31621788069606 4.5421962346881628 7.1844284646213046 15.596105109900234 71.860508715733886 79.410176225937903 16.855395779013634 13.075164102017881 12.547010231763123 19.852391025982797 102.51416068524122
leaf_count=19 1358 2324 1286 27 122 4237 2660 1386 100 14244 2993 2225 1978 1834 29 27 35 42 292 6496 115 45 91 802 652 111 106 111 253 916
internal_value=0 -0.0114595 0.0186221 -0.0208056 0.0161575 -0.0263228 -0.0605232 0.0157005 -0.0198045 -0.0319669 0.000946274 0.00566493 0.0264055 0.0217014 0.123521 0.272352 0.199608 0.281611 0.0551131 -0.00333893 -0.024414 0.0327336 0.0442899 0.0591031 0.0134168 -0.0067009 -0.00553235 0.0607424 -0.00994322 -0.00575598
internal_weight=0 1691.26 873.469 1258.27 163.421 1094.85 175.266 432.987 919.587 528.908 154.262 580.454 345.996 330.011 15.9848 9.15912 10.5558 7.21651 43.512 390.679 5.42906 169.851 293.014 198.008 95.0063 379.172 410.603 25.6222 384.981 365.129
internal_count=46916 39071 7845 33633 3461 30172 6897 5438 23275 16568 3407 4942 4052 3812 240 54 106 71 414 6707 134 1331 2903 2160 743 6607 3611 217 3394 3141
is_linear=0
shrinkage=0.1


Tree=30
num_leaves=31
num_cat=0
split_feature=14 38 38 38 34 14 14 9 6 38 38 7 19 34 14 10 38 38 4 13 1 32 34 35 0 35 35 32 26 26
split_gain=45.303 52.4498 53.1995 50.1297 35.6508 29.4616 28.8885 27.4857 25.44 23.0112 59.6482 22.2707 17.5141 16.5488 16.4579 15.4733 14.4167 21.3693 14.2066 13.9213 15.7052 14.6603 13.5469 13.4954 52.2381 30.0425 22.2999 13.8371 13.3339 13.0273
threshold=-1.1453173209606649 32.500000000000007 40.500000000000007 47.500000000000007 1.017286871886721 1.6231518421314441 -1.5077904795201711 1.0855718869379301 -0.90245250507011776 11.500000000000002 9.5000000000000018 2.830825142910379 0.97456506707870993 0.0056512181762982307 -0.39133841922233298 1.5544313764064441 985.50000000000011 1075.5000000000002 -0.41302506895529661 0.57879523180259473 -0.03975095889810764 1.4088078031532183 1.0270810437866207 4.9885317653633763 -0.59979007613610646 2.0133462100997499 3.9809838485361291 1.2025745592664079 -1.0000000180025095e-35 -0.74212691840507805
decision_type=2 2 2 2 2 2 2 2 2 2 2 2 2 2 2 2 2 2 2 2 2 2 2 2 2 2 2 2 2 2
left_child=6 9 13 -4 5 7 15 11 -8 10 -2 23 -9 -3 -11 19 -7 -18 28 21 -21 -1 -10 25 -25 -5 27 -27 -13 -12
right_child=1 2 3 4 -6 16 8 12 22 14 29 18 -14 -15 -16 -17 17 -19 -20 20 -22 -23 -24 24 -26 26 -28 -29 -30 -31
leaf_value=-0.060030657622016231 -0.031320319172366488 0.06022384987604134 -0.064494824017072974 0.0043738062764908164 -0.0719158243465573 -0.07817763151318366 0.14143285931963293 0.02040033771568666 0.039722509163538283 0.0075941329229654731 0.0094304843358880841 0.55649213393033603 0.078864904641960845 0.18393846530590216 -0.075140351203419803 0.053896955407437885 0.36677923144869351 -0.011022285494563747 0.063944124746956543 -0.025689448308325792 0.057026080332100437 0.081986382938145946 -0.071122286237990884 0.33816248982951813 0.011752431159180309 -0.081682367893836899 -0.011361267252952605 0.07057609973570704 0.095042472188060223 0.25338922295631033
leaf_weight=74.704459745436907 148.25388789176941 62.155264558270574 127.21783072967082 455.13699732441455 63.957598642446101 60.885680423118174 24.515634343028069 391.25842452608049 286.88713680393994 27.743322692811489 2.8423077557235947 1.1916881930083039 58.960717234760523 13.089466697536407 180.30679789278656 38.156236305832863 1.6351838186383272 17.734198434278369 23.818750515580177 53.054650230333209 40.459817653521895 8.0522846877574903 11.466435952112077 5.1649966388940802 96.650677821598947 102.50205393973738 129.06172305345535 6.3377834064885965 1.3196000941097761 9.5211252681910974
leaf_count=1002 4264 636 3836 9526 1901 1680 245 2897 3074 583 45 22 537 185 6577 465 25 372 286 615 306 68 202 38 1783 2649 2840 98 19 140
internal_value=0 -0.00811673 -0.000361076 -0.00436543 0.00103825 0.00449028 0.0246123 0.00819955 0.0435089 -0.0421562 -0.0137221 -0.00268734 0.0280569 0.0817451 -0.0641078 -0.00384072 -0.0542722 0.0208721 0.0877952 -0.0163388 0.0100981 -0.0462123 0.0354625 -0.00568463 0.0283109 -0.010679 -0.0394769 -0.0728163 0.314015 0.197304
internal_weight=0 1986.75 1618.08 1542.83 1415.62 1351.66 537.297 1271.4 322.869 368.667 160.617 821.184 450.219 75.2447 208.05 214.427 80.2551 19.3694 26.33 176.271 93.5145 82.7567 298.354 794.854 101.816 693.039 237.902 108.84 2.51129 12.3634
internal_count=46916 40939 29330 28509 24673 22772 5977 20695 3521 11609 4449 17261 3434 821 7160 2456 2077 397 327 1991 921 1070 3276 16934 1821 15113 5587 2747 41 185
is_linear=0
shrinkage=0.1


Tree=31
num_leaves=31
num_cat=0
split_feature=22 9 14 38 38 32 35 49 1 31 1 24 34 14 46 38 8 25 38 26 25 2 4 12 35 2 31 20 38 36
split_gain=39.2895 36.4045 23.4832 22.9189 18.4872 17.9759 27.3918 20.3695 18.3133 17.8716 15.4217 14.3756 13.6874 13.0029 12.9968 12.1106 11.505 24.2402 27.1919 22.6917 18.679 16.2522 13.8083 12.7533 11.4013 11.3956 12.0163 14.595 23.0119 11.3227
threshold=-0.46936259655153578 -0.33964997507457168 1.1692453218286107 76.500000000000014 80.500000000000014 0.99604444635506917 0.97884450118364696 11.500000000000002 2.1949769516226798 -0.30155406737078588 0.52422838310736297 -0.26892091098637616 1.9862589181959811 1.1530323923369081 31.500000000000004 222.50000000000003 0.57678676825023667 -0.41094559936945757 509.50000000000006 1.5389353138647321 1.1808609457360368 -0.81617442598254875 1.7931554700223586 0.99413499241055392 3.9980247402077125 -0.51369906881192284 0.9138211101551672 0.017766036413701506 400.50000000000006 2.5000000000000004
decision_type=2 2 2 2 2 2 2 2 2 2 2 2 2 2 2 2 2 2 2 2 2 2 2 2 2 2 2 2 2 2
left_child=5 11 3 9 -5 7 -7 8 -1 24 15 -2 13 16 -9 -4 21 18 -18 23 -21 -6 -23 -19 -3 26 27 28 -17 -14
right_child=1 2 10 4 12 6 -8 14 -10 -11 -12 -13 29 -15 -16 25 17 19 -20 20 -22 22 -24 -25 -26 -27 -28 -29 -30 -31
leaf_value=0.0081810294975218512 0.49886183873359119 -0.010584086474083701 -0.083577675616415187 0.097963533697498481 0.032227236503904057 -0.01853023478554908 0.056903020279183696 -0.032653514589084193 0.065157006978388735 -0.038128479873455239 0.19420975005564056 -0.038772031185411969 0.20934539388131612 0.18615244101893547 0.29511097065223352 0.028902886658216238 0.08340067579286356 0.011108573934548893 0.61505409533752886 -0.071328615270537743 0.22665518547253238 -0.0080048995078628674 0.14846718232168876 0.26927588614601716 0.035726606112378594 -0.052010615350861093 -0.0004854383058940876 0.034593454879869444 0.73659034928319234 -0.074702965657017464
leaf_weight=382.68506402429193 0.49802430719137092 203.60563603509218 53.88813529163599 25.090892251580954 164.55539245158434 63.766522346064448 196.42111358232796 121.52331273443997 66.16773360222578 193.74518597684801 2.6929382821544996 361.67005939409137 1.4847891777753854 4.3304274063557378 1.2219641562551249 0.88901306316256767 2.6215648502111426 96.90253990329802 1.5196786038577554 2.7014038115739814 9.506511213257907 362.69973065890372 5.728921726346015 1.9520020876079787 71.945346314460039 45.246173117309809 22.994545888155699 2.8996179215610027 0.95100732147693634 25.584484850056469
leaf_count=5081 21 3204 1944 250 1873 617 1847 2283 834 5882 41 14454 11 54 14 16 55 1148 26 54 72 4270 36 21 863 806 353 28 25 733
internal_value=0 -0.0099858 -0.00219338 0.0022655 0.0136679 0.0166267 0.0384159 0.00670839 0.0165802 -0.0148559 -0.0425959 -0.0380327 0.0105556 0.0134462 -0.0293905 -0.0476224 0.0122924 0.0409485 0.278497 0.0320909 0.160716 0.0060984 -0.00557182 0.0162064 0.00150746 -0.0210733 0.0293985 0.174382 0.394668 -0.0591225
internal_weight=0 1665.7 1303.54 1173.97 704.678 831.786 260.188 571.598 448.853 469.296 129.561 362.168 679.587 652.518 122.745 126.868 648.188 115.204 4.14124 111.062 12.2079 532.984 368.429 98.8545 275.551 72.9804 27.7342 4.73964 1.84002 27.0693
internal_count=46916 36240 21765 18552 8603 10676 2464 8212 5915 9949 3213 14475 8353 7609 2297 3172 7555 1376 81 1295 126 6179 4306 1169 4067 1228 422 69 41 744
is_linear=0
shrinkage=0.1


Tree=32
num_leaves=31
num_cat=0
split_feature=9 6 6 14 38 14 35 10 34 0 38 38 14 27 6 29 34 49 35 40 14 19 34 1 8 8 32 26 10 34
split_gain=36.4692 31.6142 34.1525 50.2895 48.6706 25.3485 24.7794 28.5757 24.5656 34.66 21.6563 42.5432 19.7157 22.2253 19.598 17.187 16.8324 14.3836 16.6924 38.9075 14.2487 14.1592 19.2482 19.7219 13.5118 15.1062 23.7657 12.6452 12.5158 12.401
threshold=1.3528464379280607 -0.37236928794436103 -0.27561447203822359 -0.11141259425996435 90.500000000000014 0.9339492431873897 4.0181218821189679 1.6485541956473391 0.97420999951194476 -0.75310407405194857 11.500000000000002 9.5000000000000018 0.90912708445312618 0.28965387511476925 -0.39239838326859328 0.19511648960278563 0.99473193381838443 12.500000000000002 1.0124708000955527 0.33500000000000008 -1.0994183075655302 -0.48029759329505373 0.99443010845502011 0.33653221749984485 -0.67793403576367439 1.0758121943693395 0.28670349583483506 1.5666431873197584 -1.2975302477599016 0.012217423206805253
decision_type=2 2 2 2 2 2 2 2 2 2 2 2 2 2 2 2 2 2 2 2 2 2 2 2 2 2 2 2 2 2
left_child=1 6 -3 27 10 12 7 14 -8 -10 11 -5 -6 -14 17 20 -9 18 -1 24 -2 -16 -23 -24 -20 -26 -27 -4 -11 -17
right_child=15 2 3 4 5 -7 8 16 9 28 -12 -13 13 -15 21 29 -18 -19 19 -21 -22 22 23 -25 25 26 -28 -29 -30 -31
leaf_value=-0.021813656664358045 0.058728278498459789 -0.067181880131218175 0.058199410429615309 -0.033933014170695275 0.014219362960184357 -0.032597885776851465 0.10183638717284225 0.060192779729087723 0.30698079185396909 0.34594071099017643 -0.063873660981270564 0.18500700079737184 0.050685925067991557 0.40697674131766726 -0.0020755525615352012 0.079348004368047814 -0.015050751437063789 -0.058731724699904259 0.088293146114906837 -0.01954980128882185 0.0046888115378146411 0.089309645831946394 0.6987859190710235 0.15714353817299453 0.0068224558224673926 0.041740548855474402 0.41158256383190051 0.21612213989961365 -0.043576283004042371 0.016288978589453898
leaf_weight=341.18431834317744 56.20391371846199 134.83327369671315 59.166007371619344 57.496789093129337 283.63004447799176 145.67335872538388 49.936164589598775 109.48310078307986 3.2587278001010409 0.84547946602105994 246.87819050904363 10.495299503207205 4.944037463515996 2.7107506189495325 8.1491851033642906 76.040608663111925 40.814225129783154 57.380418379791081 57.340355537831783 182.975362226367 370.02106148563325 7.0396985802799446 1.2303906464949252 1.4818841274827717 64.178316403180361 5.9785394109785539 2.4492769874632359 5.5455811917781821 33.90256286226213 52.868812935426831
leaf_count=5493 452 3416 650 2448 5318 4009 332 1505 20 6 11410 165 82 32 142 861 462 1754 805 2661 2731 98 18 23 993 135 27 48 453 367
internal_value=0 -0.00761172 -0.0205561 -0.0128569 -0.0201378 0.00146055 0.00511525 5.55146e-05 0.0557273 -0.00485427 -0.0501106 -0.000137302 0.0184934 0.176857 -0.00812596 0.0214913 0.0397599 -0.010726 -0.0065148 0.0101658 0.0118147 0.0952143 0.176514 0.402853 0.0520079 0.0233518 0.149223 0.0717329 -0.0340987 0.053486
internal_weight=0 1919 951.373 816.54 751.828 436.958 967.628 879.685 87.9429 38.0068 314.87 67.9921 291.285 7.65479 729.388 555.134 150.297 711.487 654.106 312.922 426.225 17.9012 9.75197 2.71227 129.946 72.6061 8.42782 64.7116 34.748 128.909
internal_count=46916 42505 27578 24162 23464 9441 14927 14116 811 479 14023 2613 5432 114 12149 4411 1967 11868 10114 4621 3183 281 139 41 1960 1155 162 698 459 1228
is_linear=0
shrinkage=0.1


Tree=33
num_leaves=31
num_cat=0
split_feature=46 10 25 35 40 40 6 34 0 40 14 6 38 46 36 8 38 27 38 12 21 25 46 46 12 38 38 8 38 1
split_gain=31.9127 32.4361 30.5064 24.6012 41.6442 39.7135 22.7984 20.3338 19.0107 25.9149 18.0036 17.8791 15.8424 15.2723 15.5325 15.0812 16.0056 13.3659 12.295 12.173 11.7811 16.5877 23.6747 15.9024 11.8034 11.565 14.1823 13.9051 10.4577 10.6036
threshold=17.000000000000004 1.6485541956473391 -0.52632553265098625 3.9809838485361291 0.33500000000000008 0.43500000000000005 0.5153249930261613 0.99473193381838443 -0.59444722031790043 0.44500000000000006 -0.57075182664158031 -0.54271247262266853 27.500000000000004 27.000000000000004 2.5000000000000004 0.57678676825023667 33.500000000000007 0.39728486280398206 101.00000000000001 -0.2462145176799069 -1.1942650249880813 -0.38473068359489865 1.0000000180025095e-35 11.500000000000002 0.080647406479822312 47.500000000000007 40.500000000000007 -0.67793403576367439 222.50000000000003 -0.73982776377343129
decision_type=2 2 2 2 2 2 2 2 2 2 2 2 2 2 2 2 2 2 2 2 2 2 2 2 2 2 2 2 2 2
left_child=1 2 -1 4 6 -5 12 -3 9 -7 11 -10 -4 14 -2 16 -14 -11 -8 -15 24 22 -22 -24 -17 26 27 -18 -12 -30
right_child=13 7 3 5 -6 8 18 -9 10 17 28 -13 15 19 -16 20 25 -19 -20 -21 21 -23 23 -25 -26 -27 -28 -29 29 -31
leaf_value=-0.029526674627217295 0.098328913590577466 0.052212277748438632 -0.019321347480944193 0.093676023746038187 -0.054166199175060652 -0.017119230109541857 -0.08588442553479117 -0.0027469450332701607 0.025006909129414757 -0.021647650928624515 -0.028959678826103941 0.19881790784143136 0.084427892313454656 0.28616112637227714 -0.081087927641112223 0.098806854800833177 0.098234169963074935 0.13302392373613922 -0.018256581303218711 -0.033048980690133976 0.62346393526384825 0.024273454612191873 -0.03760460378923626 0.37026589837465806 0.40679643873745114 0.0089111135007345927 -0.077160926518787823 -0.056453528478804318 -0.040127030284321928 0.035415285720550936
leaf_weight=363.94533917773515 5.1417462937533847 186.43669472634792 177.32169827632606 65.535175826400518 152.48578417021781 27.462396187707782 36.400668703950942 105.36385412700474 100.66504648886621 6.6572056487202635 161.74161966424435 6.287882972508668 25.978480091318488 2.2043013777583838 78.378706748597324 15.750413569621744 11.962524963542821 34.75323370937258 102.81410445086658 2.6082503888756028 1.0791475921869267 98.715673414990306 2.8455960024148226 1.4394748052582143 1.351064852438866 528.58509841933846 35.869289476424456 11.300920369103549 26.162742013111711 64.120630217716098
leaf_count=13649 37 2584 3937 636 3734 326 1551 891 957 119 3777 49 261 24 2513 210 130 431 1663 45 11 1184 70 33 24 5718 980 113 460 799
internal_value=0 0.00116275 -0.00325478 0.00237864 -0.0053286 0.0211849 0.00175428 0.0323675 0.0100812 0.0582053 0.000848234 0.0352255 0.00750687 -0.0600613 -0.0700425 0.0139804 0.00761457 0.108159 -0.0359393 0.113159 0.0462185 0.0335796 0.204837 0.0994105 0.123139 0.00421925 -0.0377212 0.02309 -0.0137406 0.0135243
internal_weight=0 2353.03 2061.23 1697.29 1203.9 493.386 1051.41 291.801 427.851 68.8728 358.978 106.953 912.199 88.333 83.5205 734.878 613.696 41.4104 139.215 4.81255 121.181 104.08 5.36422 4.28507 17.1015 587.718 59.1327 23.2634 252.025 90.2834
internal_count=46916 44297 40822 27173 19619 7554 15885 3475 6918 876 6042 1006 12671 2619 2550 8734 7202 550 3214 69 1532 1298 114 103 234 6941 1223 243 5036 1259
is_linear=0
shrinkage=0.1


Tree=34
num_leaves=31
num_cat=0
split_feature=14 38 38 38 34 14 6 14 23 38 38 38 32 31 14 38 38 8 46 35 40 5 15 9 32 35 40 31 6 2
split_gain=29.3756 36.8354 34.853 38.121 25.4445 23.3835 20.3365 18.7749 20.84 17.9475 36.1679 16.2554 15.2106 14.6932 21.0609 12.9389 13.4867 12.8429 12.3906 12.0961 17.4839 15.6361 11.5187 14.8531 11.4044 10.8142 13.1102 10.6998 11.0792 10.6571
threshold=-1.1453173209606649 32.500000000000007 40.500000000000007 47.500000000000007 1.0165648665098688 -1.5077904795201711 -0.91093414180513965 1.6231518421314441 1.8482739804725867 11.500000000000002 9.5000000000000018 49.500000000000007 0.91133424965474108 -0.35830945476490711 -0.28474905080955121 985.50000000000011 1075.5000000000002 3.5893107819103243 3.5000000000000004 0.99063844480031193 0.13500000000000004 0.81813020560960303 -0.74119134567013767 0.92423500421745641 1.1190715693805806 3.0240803418597677 0.43500000000000005 -1.0227522112879639 -0.78140398427176605 0.84322631827307892
decision_type=2 2 2 2 2 2 2 2 2 2 2 2 2 2 2 2 2 2 2 2 2 2 2 2 2 2 2 2 2 2
left_child=5 9 18 -4 7 -1 -7 8 11 10 -2 -5 17 14 -11 -9 -17 -13 -3 21 -21 24 23 -22 29 -24 -27 -8 -29 -14
right_child=1 2 3 4 -6 6 27 15 -10 13 -12 12 19 -15 -16 16 -18 -19 -20 20 22 -23 25 -25 -26 26 -28 28 -30 -31
leaf_value=-0.0063394875264718075 -0.027397345986169469 0.040268575677985072 -0.059438309492358225 0.26706577674940313 -0.065211259833688723 0.14439664748275388 0.22759026340907162 -0.071797446015158542 0.070511865569771723 -0.028821130728206037 0.13779427520056972 -0.0061751744243442987 0.0059344686893625766 -0.076943772453426235 0.26607652609714105 0.27146305318802794 -0.0041308997546009186 0.13324686480132378 0.12957979444654558 0.082727358077901936 0.33889866313751993 0.25314685932370057 -0.0014532266998563213 0.031911386711601535 -0.031384308697698919 0.097517549040900084 0.017752162591620865 0.021446841516328318 0.077001287524077922 0.17405753384513348
leaf_weight=202.84512218646705 137.97824910562485 55.605334149673581 113.37841379549354 2.3435397287830702 55.822145867161453 16.76009295322001 2.747931655496358 52.282227133400738 48.987174310721457 53.930715491995215 14.662486320361493 758.75903765764087 12.608193946070971 126.2785118939355 2.5356471724808207 1.9895007684826875 16.522021068260074 6.6649599289521566 21.555671931244433 50.041526895016432 2.5297142006456843 2.2015457525849333 157.54646769259125 4.1808436289429665 85.590522890910506 28.791637882590294 72.469886098988354 252.50536244548857 41.847190018743277 5.3788691898807874
leaf_count=2456 4264 536 3836 16 1917 158 20 1680 499 1275 185 16155 168 5851 34 25 372 84 285 382 30 14 1496 33 773 306 667 3068 275 56
internal_value=0 -0.00678294 -0.000301055 -0.00372139 0.000907503 0.0201223 0.0372243 0.00372737 0.00659127 -0.0368407 -0.0115292 0.00395796 0.00343839 -0.0579825 -0.0155786 -0.0463587 0.0254882 -0.00496115 0.0652185 0.0186974 0.0285073 -0.0105676 0.0182886 0.147638 -0.0161728 0.0149348 0.0404318 0.0311784 0.0293448 0.0562102
internal_weight=0 1890.63 1555.25 1478.09 1364.71 516.706 313.861 1308.89 1238.09 335.386 152.641 1189.11 1186.76 182.745 56.4664 70.7937 18.5115 765.424 77.161 421.339 315.56 105.779 265.519 6.71056 103.578 258.808 101.262 297.1 294.353 17.9871
internal_count=46916 40939 29330 28509 24673 5977 3521 22756 20679 11609 4449 20180 20164 7160 1309 2077 397 16239 821 3925 2914 1011 2532 63 997 2469 973 3363 3343 224
is_linear=0
shrinkage=0.1


Tree=35
num_leaves=31
num_cat=0
split_feature=22 9 38 6 31 38 38 38 38 3 31 4 14 6 17 22 38 1 46 10 6 25 35 38 38 32 35 27 10 6
split_gain=25.4899 27.0258 19.4127 26.8408 21.5351 20.3952 27.6481 21.16 19.4491 19.1423 18.4929 19.9668 18.8897 31.8027 15.4065 20.7646 15.149 12.8 12.4068 11.9981 11.446 11.3768 11.7194 12.4188 11.9062 10.7974 19.272 10.6879 10.1038 9.95303
threshold=-0.46936259655153578 -1.1056418909308725 168.50000000000003 0.65861014464370216 0.8424077306776877 315.50000000000006 257.50000000000006 169.50000000000003 328.50000000000006 -0.69454993938179743 -0.4607875313197754 -0.14775825913352986 -0.28474905080955121 -0.23942766322674289 0.002154723894626284 0.029460876451963759 91.500000000000014 2.2862722170428165 13.500000000000002 0.66071475560667603 -0.41826104648621409 2.2817107161188539 4.9997658460721155 258.50000000000006 310.50000000000006 0.99604444635506917 0.97884450118364696 -1.4807476142922045 2.3050544980868706 -0.27561447203822359
decision_type=2 2 2 2 2 2 2 2 2 2 2 2 2 2 2 2 2 2 2 2 2 2 2 2 2 2 2 2 2 2
left_child=17 -2 3 4 10 6 7 -4 -7 -8 11 14 20 16 27 -16 -14 19 -19 -1 -12 22 23 -11 -25 -21 -27 -3 -20 -10
right_child=1 2 5 -5 -6 8 9 -9 29 21 12 -13 13 -15 15 -17 -18 18 28 25 -22 -23 -24 24 -26 26 -28 -29 -30 -31
leaf_value=0.12147693381920835 -0.05100407270172265 0.4110526677065095 0.13379518786586334 -0.072835781730657023 0.2064210837616689 -0.10422747962339474 0.36293595986028671 -0.0043702612387813995 -0.018253103973229295 0.18001552449714486 -0.022365769013175021 -0.0089186375265835095 0.062660677297622605 -0.030811968148711323 0.54907272054380396 0.10939574394803986 -0.040687267076595 0.070948313592492915 0.15685421682220194 -0.0013216554341857071 -0.094192979480557007 0.24616112796967771 0.18164561480283203 0.017092767683731757 0.17120596944213329 -0.026762001620875088 0.043457553067705393 0.03010246794380957 -0.016644780818576371 0.013277403820512471
leaf_weight=9.2946680430322868 135.39496050402522 0.74269870296120544 12.165651381015776 72.129662405699492 4.6150650121271601 18.420154767110944 2.3856031075119963 124.72882549092174 165.97273568343371 6.5373535603284827 38.119097221642733 211.66065064910799 65.876467788591981 247.62777578923851 1.2536099534481744 7.5022974107414484 18.07493282109499 69.350386902689934 3.7156335078179827 470.18771091476083 53.077983332797885 3.6734150368720284 7.6621345803141585 46.321740296669304 5.621274232864379 52.027507840655744 157.11779588833451 87.844043046236038 34.729381565004587 252.29829792864621
leaf_count=100 6398 7 113 3597 51 349 33 1744 2173 49 912 3154 621 8629 33 121 352 1043 27 7168 1600 37 78 634 47 517 1488 1447 333 4061
internal_value=0 -0.00827159 -0.00429324 -0.0146188 -0.00891644 0.00863431 0.0343166 0.00790834 -0.00366286 0.0843868 -0.0102745 0.00832007 -0.0238651 -0.0127796 0.0458037 0.172346 0.0404096 0.0136464 0.0456888 0.00863058 -0.0641702 0.0748688 0.0653556 0.0501192 0.0337709 0.00708661 0.0259896 0.0332963 0.000123549 0.000765888
internal_weight=0 1589.71 1454.31 808.524 736.395 645.787 209.096 136.894 436.691 72.2015 731.78 309.003 422.776 331.579 97.3426 8.75591 83.9514 796.423 107.795 688.628 91.1971 69.8159 66.1425 58.4804 51.943 679.333 209.145 88.5867 38.445 418.271
internal_count=46916 36240 29842 20524 16927 9318 2735 1857 6583 878 16876 4762 12114 9602 1608 154 973 10676 1403 9273 2512 845 808 730 681 9173 2005 1454 360 6234
is_linear=0
shrinkage=0.1


Tree=36
num_leaves=31
num_cat=0
split_feature=46 9 4 38 29 6 6 38 35 40 40 31 6 22 29 38 19 31 5 5 38 35 9 40 0 24 14 40 19 9
split_gain=24.3967 23.0442 20.9118 15.203 14.9533 14.5668 35.6937 13.9257 13.489 36.1041 22.0555 17.1644 15.1363 15.0009 12.7453 18.1114 16.3509 15.6503 12.4396 12.1492 11.1213 15.5903 11.4709 10.802 12.5831 10.8006 10.34 10.2878 12.308 11.7065
threshold=17.000000000000004 1.3528464379280607 -0.58241634081999305 257.50000000000006 0.19511648960278563 0.74927789272464473 0.70398856928848952 1395.5000000000002 3.0240803418597677 0.33500000000000008 0.24500000000000002 -0.4607875313197754 1.11175985528681 -0.61572320126132962 1.5855065784618116 50.500000000000007 -0.67883630747139467 -0.76368561874325935 -1.0496822127688088 0.085665089036713729 296.50000000000006 4.9930160746963974 0.93740772524172133 0.53500000000000014 -0.5955257946989353 4.0781183738522833 -1.0994183075655302 0.22500000000000003 -0.70947027671731211 1.9118066769122446
decision_type=2 2 2 2 2 2 2 2 2 2 2 2 2 2 2 2 2 2 2 2 2 2 2 2 2 2 2 2 2 2
left_child=1 2 3 5 26 6 18 -2 9 10 13 14 -11 -4 15 -12 17 -17 -1 -18 21 22 -5 -20 -25 -13 -3 28 -9 -30
right_child=7 4 8 20 -6 -7 -8 27 -10 12 11 25 -14 -15 -16 16 19 -19 23 -21 -22 -23 -24 24 -26 -27 -28 -29 29 -31
leaf_value=0.44743184141923537 -0.078532569172193256 0.053333499903919536 0.041052100651398971 -0.027996333674422814 0.051736522928998524 -0.089028848943685956 0.65923063666012904 0.53123325165139412 0.016788189048547255 -0.050420297862688195 -0.01396864257708099 -0.0030573881742057543 0.19708320052812592 -0.0090645525616939587 0.15706539679368378 0.43174642335226993 0.26003796403561835 0.037337830127233108 -0.043145286708852759 0.054812887745284582 -0.0087832850230890429 0.29387241576143003 0.2802086621716508 0.25190159021429753 0.0058001515446513162 0.39440467934784135 0.0044211910145077974 -0.042897852254228534 0.0065152783937101368 0.32066965517464441
leaf_weight=0.54125660564750333 60.963884703814983 49.42286055535078 66.12321750074625 6.973284697160123 113.6473087053746 51.189450018107891 0.75214008986949821 0.62600084021687497 397.18873551115394 168.82308196555823 27.200337504968047 70.314958545379341 2.5076145203784099 617.18378817010671 13.329893862828611 2.5577479097992182 3.1156640872359267 1.6583893541246642 143.16225517261773 38.896603718400002 138.08626532182097 2.9083861373364917 1.4605092667043207 2.2981554791331318 21.646101726219058 0.69039568305015464 344.36069922894239 11.185829873196779 5.9203061889857072 1.4833542406558988
leaf_count=20 2157 411 821 146 1150 3419 6 23 6839 4125 550 2192 56 11401 195 34 50 40 5884 552 3055 37 13 14 715 6 2566 276 155 8
internal_value=0 0.000985096 -0.00437765 -0.02557 0.0197822 -0.0423137 -0.0281135 -0.0551352 0.00117031 -0.00495695 0.00356626 0.0372675 -0.0467978 -0.00421479 0.0671075 0.050777 0.0888727 0.276608 -0.0311972 0.0700325 -0.00096458 0.0942249 0.0253766 -0.0327475 0.0294208 0.000807195 0.0105601 0.0190962 0.105458 0.0694574
internal_weight=0 2286.04 1778.61 369.018 507.431 219.589 168.4 80.1794 1409.59 1012.4 841.071 157.764 171.331 683.307 86.7586 73.4287 46.2284 4.21614 167.648 42.0123 149.428 11.3422 8.43379 167.107 23.9443 71.0054 393.784 19.2155 8.02966 7.40366
internal_count=46916 44297 40170 13309 4127 10058 6639 2619 26861 20022 15841 3619 4181 12222 1421 1226 676 74 6633 602 3251 196 159 6613 729 2198 2977 462 186 163
is_linear=0
shrinkage=0.1


Tree=37
num_leaves=31
num_cat=0
split_feature=49 40 40 1 35 40 9 49 34 14 0 8 0 40 25 3 6 35 38 38 7 20 25 38 1 35 1 19 12 28
split_gain=21.2121 27.8454 30.1519 24.8524 23.6348 18.8544 20.3322 18.9408 18.2681 16.0992 17.3111 16.0936 13.6791 34.7447 12.6416 12.4145 17.1831 12.4144 12.2938 14.4028 11.9884 17.2604 33.4048 11.4685 12.3843 11.3336 10.9553 12.0217 10.9143 17.6908
threshold=11.500000000000002 0.38000000000000006 0.43500000000000005 1.5862336113674254 2.0106496324084291 0.53500000000000014 1.3690090669883839 10.500000000000002 0.017474852236608638 -0.30309831449545516 -0.74979144980427115 -0.6666296841194187 -0.59796545711328319 0.55500000000000016 -0.89829425673647567 -0.81103006518922494 0.41153669862126691 4.9796911294148956 1950.0000000000002 2521.5000000000005 -0.023704266969545352 0.20630609457800206 -0.05226761394314116 21.500000000000004 -1.4056662856494546 3.9886385348813689 0.93739810031117277 0.65921269359525037 0.66616609961028483 -0.61301628561102739
decision_type=2 2 2 2 2 2 2 2 2 2 2 2 2 2 2 2 2 2 2 2 2 2 2 2 2 2 2 2 2 2
left_child=3 4 -3 5 -2 6 14 8 11 -7 -11 -8 13 17 -1 -16 23 28 26 20 -20 22 -22 24 -17 -14 -18 -28 -4 -30
right_child=1 2 12 -5 -6 9 7 -9 -10 10 -12 -13 25 -15 15 16 18 -19 19 -21 21 -23 -24 -25 -26 -27 27 -29 29 -31
leaf_value=-0.038026749863186465 -0.015290427757004186 0.089239853955344603 -0.039052421866252553 0.036534842774072616 -0.072507309077343429 0.090808860386718968 0.059827433169223447 0.096333895584265333 -0.055201510475055608 0.28559905705332733 0.0026082305386954481 0.0049972653420505136 0.2382318916477264 0.66557339798434489 0.10657708939293038 0.43311879264649705 -0.065977718019136725 0.1387217285583825 -0.022057228433486134 -0.041660286625627645 0.10135372036734698 0.0041438823862030537 0.96274751046347495 0.0018350526741148458 -0.038862982171800634 -0.02011783379578173 -0.064293020017010385 0.22501664221308243 0.69280190946886089 0.065196817281744882
leaf_weight=134.43978289328516 176.07462697010487 37.212993498891592 18.217518505640335 212.70986775122583 122.36756813852116 39.755610024556518 75.177758280187845 28.93367388099432 36.00185620971024 2.2312171533703795 69.300863657146692 185.92111193574965 1.7130762906745065 0.8977691987529387 9.8097285535186511 0.55942525342106719 86.405453959014267 8.4307923279702646 1.7090724930167196 6.5481944363564253 0.96679859422147252 1.1286315619945524 0.84253323078155384 797.0729917017743 88.962855201214552 193.66440814454108 2.9496195688843718 2.7994525488466024 0.4978231769055127 4.5920876394957295
leaf_count=5245 4867 296 527 2849 4300 217 910 203 241 12 1304 1192 43 12 224 20 3268 46 39 124 24 13 19 12500 2990 5147 60 36 7 181
internal_value=0 -0.0177977 0.00577918 0.00445557 -0.0387506 0.000113539 -0.00291031 0.0190984 0.0115767 0.0397901 0.0114352 0.0207844 -0.00784203 0.052087 -0.0092369 -0.00536545 -0.00647473 0.0347335 -0.0450629 0.0538904 0.188532 0.311036 0.50247 -0.00197654 -0.0359136 -0.0178526 -0.057084 0.0765834 -0.00288131 0.12658
internal_weight=0 563.669 265.226 1784.23 298.442 1571.52 1460.23 326.034 297.101 111.288 71.5321 261.099 228.013 32.636 1134.19 999.755 989.945 31.7382 103.35 11.1952 4.64704 2.93796 1.80933 886.595 89.5223 195.377 92.1545 5.74907 23.3074 5.08991
internal_count=46916 15426 6259 31490 9167 28641 27108 2546 2343 1533 1316 2102 5963 773 24562 19317 19093 761 3583 219 95 56 43 15510 3010 5190 3364 96 715 188
is_linear=0
shrinkage=0.1


Tree=38
num_leaves=31
num_cat=0
split_feature=34 14 38 14 14 38 38 14 14 14 38 38 38 38 1 38 38 14 31 14 9 7 38 31 49 31 40 38 46 12
split_gain=19.9277 18.3634 27.8539 27.581 30.1652 22.8466 30.9053 19.631 27.9555 19.4841 16.1752 16.786 34.59 20.4334 21.1971 20.6106 19.0983 15.2816 45.4446 19.903 15.3195 19.2735 14.9639 13.7224 20.2171 13.5039 13.249 13.0698 23.2165 31.1699
threshold=1.0209092103554982 -1.1453173209606649 73.500000000000014 0.69701692711856145 0.6521726293534128 26.500000000000004 40.500000000000007 -0.87931062798050552 -0.79776269594900795 -1.5077904795201711 86.500000000000014 156.50000000000003 157.50000000000003 179.50000000000003 2.3327986990975531 183.50000000000003 146.50000000000003 0.9803841002711684 0.56799617586805529 0.8323041569677132 0.33832883109019352 2.830825142910379 5.5000000000000009 -0.17316772013722956 3.5000000000000004 -0.50513705453005864 0.24500000000000002 47.500000000000007 10.500000000000002 -1.0000000180025095e-35
decision_type=2 2 2 2 2 2 2 2 2 2 2 2 2 2 2 2 2 2 2 2 2 2 2 2 2 2 2 2 2 2
left_child=1 9 3 4 5 22 23 -4 -9 -1 -10 16 -13 14 -14 -15 17 18 20 -20 21 -12 -3 24 -7 -17 -21 -8 -29 -30
right_child=-2 2 7 -5 -6 6 27 8 10 -11 11 12 13 15 -16 25 -18 -19 19 26 -22 -23 -24 -25 -26 -27 -28 28 29 -31
leaf_value=-0.0075112864609886759 -0.050726346249943405 -0.017241290869309481 -0.028320805672818097 -0.073839146020787172 0.12821771764694165 0.016242865622235682 -0.050578548637828152 0.1013070603980975 0.061620944145054146 0.033861761100427067 -0.066225666184043838 0.11966974195581399 -0.063750336687026635 0.12365928090696453 0.3094290723076018 -0.041655124066598291 -0.079736136089982035 -0.066213050113965152 0.62201558573363835 -0.013056095259783072 0.023558678376657774 0.2989043890861704 -0.070891426665072255 -0.047099575115959587 0.10596699459288757 0.013651307947366277 0.3028182563046648 -0.017295091290260294 0.055580326622904255 0.46381789298103943
leaf_weight=183.66615740396082 77.47165594715625 111.90932939387858 148.49804346822202 84.544654404744506 14.827113220468162 59.480645764619112 94.31139786913991 32.908137841150165 52.25172879640013 299.34568260610104 39.252097817137837 28.452253289520741 51.170326163992286 16.158336523920298 1.5687525570392598 48.011937905102968 43.6454943632707 32.052030609920621 1.2517455825582136 2.1617163456976414 74.073505660519004 1.5009366758167733 97.093426650390029 15.395187860354779 43.463635539636016 548.53425540681928 3.4424621136859059 97.361022884957492 11.766056268475948 2.2237761020660392
leaf_count=2141 2690 3503 2010 5280 183 881 3141 388 768 3307 1516 262 1056 156 10 632 1106 1261 33 33 770 13 3981 458 455 8240 39 2385 177 41
internal_value=0 0.000860602 -0.00388593 -0.0206776 -0.0124734 -0.0163872 0.000241132 0.00555344 0.0107051 0.0181296 0.0075451 0.00437486 0.0116942 0.00707752 -0.0526499 0.0122186 -0.0213565 -0.00478244 0.0113988 0.2615 -0.0035339 -0.0527779 -0.0421648 0.0409562 0.0541249 0.00920007 0.180975 -0.0231866 1.36561e-05 0.120472
internal_weight=0 2240.32 1757.31 632.376 547.832 533.004 324.002 1124.93 976.436 483.012 943.528 891.276 693.896 665.444 52.7391 612.705 197.38 153.734 121.682 6.85592 114.827 40.753 209.003 118.339 102.944 596.546 5.60418 205.662 111.351 13.9898
internal_count=46916 44226 38778 20485 15205 15022 7538 18293 16283 5448 15895 15127 10356 10094 1066 9028 4771 3665 2404 105 2299 1529 7484 1794 1336 8872 72 5744 2603 218
is_linear=0
shrinkage=0.1


Tree=39
num_leaves=31
num_cat=0
split_feature=29 1 34 12 9 38 46 7 35 40 15 18 29 19 27 20 18 1 38 5 28 33 35 38 19 33 28 38 38 5
split_gain=17.2207 16.0165 15.1733 15.5519 14.9555 13.5558 15.3881 14.6804 12.5555 12.5559 10.6725 17.1565 10.6439 15.0663 24.3123 19.1232 14.6684 10.3795 11.2738 17.2628 13.6036 31.4489 12.4868 10.2511 27.2099 31.3961 13.7598 11.7774 9.81965 9.5707
threshold=0.21521390359435094 1.2078911575111062 0.014585957561233574 -1.173785055285304 0.13495021679136368 246.50000000000003 1.5000000000000002 2.8456748128167249 3.9999330800255302 0.33500000000000008 -0.57999105472309054 -1.0382209516949399 -0.16576980388961074 -0.48029759329505373 -0.94488123195035645 -0.18400631605888315 -1.009244263193396 2.1345466081902944 156.50000000000003 0.59428021570517442 3.063354172678443 -0.76023679652087972 1.9932083637488394 310.50000000000006 -0.20369021766360049 -0.54864081147199451 -0.43733108777384494 287.50000000000006 2064.5000000000005 -1.1239355401668216
decision_type=2 2 2 2 2 2 2 2 2 2 2 2 2 2 2 2 2 2 2 2 2 2 2 2 2 2 2 2 2 2
left_child=1 4 28 -4 5 6 10 -8 9 17 -1 -12 13 -13 -15 16 -16 18 19 20 -2 -22 -21 24 26 -26 27 -7 -3 -6
right_child=8 2 3 -5 29 23 7 -9 -10 -11 11 12 -14 14 15 -17 -18 -19 -20 22 21 -23 -24 -25 25 -27 -28 -29 -30 -31
leaf_value=-0.048613978878288451 -0.039958734223658803 0.036868734248677003 0.24111054429911405 -0.015082191843988216 -0.057686187721353747 0.047715679442968915 -0.058104578230296945 0.28072561285546355 0.036263105708860259 -0.034132448782590079 0.54583661075531331 0.014780015164007629 -0.053978861581157549 0.65700488292017245 -0.07876434216731 0.57878158425382276 0.30850263847837278 0.08227011864838428 0.026931780876090512 -0.0017864165763710031 1.1424366620961586 -0.10299646821549201 0.078098257078225111 -0.011932906788019055 0.67779685506326881 0.10020154124901266 -0.049798355095557509 0.43496427090169681 -0.070173456791692387 -0.0016519331325627797
leaf_weight=38.623163654003292 101.96334732556716 182.64139279536903 2.4089985508471718 144.3964749276638 31.59255221998319 2.3915929552167667 186.48782827425748 1.2875438425689925 172.68405704759061 70.734288971871138 0.61049257311969896 37.921642795205116 17.087500517256558 0.91619264148175705 3.497966717928648 0.72903786972165008 1.3576616570353506 19.785115085542202 166.91611661668867 62.582876007072628 0.32152110571041703 0.54887042380869289 28.467661745846272 134.14005967602134 1.3952429210767148 2.8911481089889994 11.621016909368336 1.1693636504933236 8.9920336939394456 866.74309576163068
leaf_count=1167 2947 2402 23 1612 762 37 10832 36 2878 1832 15 1149 472 31 127 13 24 317 2170 961 25 30 424 3723 30 61 317 26 111 12362
internal_value=0 -0.00612492 0.0133134 -0.0108782 -0.0110327 -0.026089 -0.0388654 -0.0557813 0.0133312 0.00455702 -0.00733598 0.0183284 0.0130929 0.0388926 0.179549 0.10122 0.0295177 0.0117477 0.00788049 -0.00852088 -0.0365983 0.357064 0.0231902 -0.00209137 0.0657184 0.288212 0.00290083 0.174882 0.031846 -0.00362254
internal_weight=0 1678.9 338.439 146.805 1340.46 442.127 288.519 187.775 624.004 451.32 100.744 62.1205 61.51 44.4225 6.50086 5.58467 4.85563 380.586 360.8 193.884 102.834 0.870392 91.0505 153.608 19.4684 4.28639 15.182 3.56096 191.633 898.336
internal_count=46916 35332 4148 1635 31184 18060 13866 10868 11584 8706 2998 1831 1816 1344 195 164 151 6874 6557 4387 3002 55 1385 4194 471 91 380 63 2513 13124
is_linear=0
shrinkage=0.1


Tree=40
num_leaves=31
num_cat=0
split_feature=34 36 8 14 35 0 2 35 35 35 8 25 31 25 6 25 28 6 15 34 46 23 1 10 46 28 3 24 27 38
split_gain=16.986 16.0397 17.5586 15.1098 12.9088 26.775 18.0592 14.2304 23.6566 19.7961 15.43 18.3647 13.1469 25.0918 15.207 13.141 12.7879 12.7541 16.6777 12.4942 12.2235 12.0929 11.5803 14.7258 11.4301 20.7955 14.3347 11.1607 10.8974 10.8781
threshold=1.0122097987417604 3.5000000000000004 -0.6666296841194187 0.9689582907870693 4.0254942128589333 -0.73514883443093548 -0.95410464040394649 2.0196107984906635 3.0240803418597677 1.0152533314545817 1.3283700199597723 1.4027597780394456 0.72139417917274151 -0.15689883127726986 -0.47013240481795476 -0.99240900093222462 -0.5205059596141518 -0.52692974729951059 -0.72547990897960324 0.98037741393862454 27.000000000000004 -3.1624433735123536 0.37347638781910969 0.44079119876315648 1.5000000000000002 -0.28609346670702235 -0.58708804879071419 -0.25443935942530932 -1.095843585427493 395.50000000000006
decision_type=2 2 2 2 2 2 2 2 2 2 2 2 2 2 2 2 2 2 2 2 2 2 2 2 2 2 2 2 2 2
left_child=1 2 19 4 7 -6 27 9 -9 10 -3 16 14 15 17 -14 -12 -11 -19 28 -2 -5 29 -24 25 -20 -26 -7 -1 -23
right_child=20 3 -4 21 5 6 -8 8 -10 12 11 -13 13 -15 -16 -17 -18 18 24 -21 -22 22 23 -25 26 -27 -28 -29 -30 -31
leaf_value=-0.19300614449276321 -0.052692054624660638 -0.010602729245267568 0.0041429673170339069 0.42715123702591262 0.16294993920051848 0.31725154457899923 -0.00587387637073931 -0.046774459624250107 0.00040522234059002499 0.034877500871093862 0.23513561094669361 0.2493875940625396 0.059634247980920686 -0.08551018779334596 -0.0033192072389729836 0.58619301313240679 0.011387452578720786 0.46204049292362281 0.46791630689373198 0.0072069584114562496 0.11216952136849259 -0.076132045896289788 0.47882547830914152 0.0094944111911592216 0.25107579184437528 0.052880609148369062 -0.031521987767482378 0.058665989442228755 0.068888012876737417 -0.01401208227220299
leaf_weight=1.6144552305340756 83.647616202943027 595.43686279468238 388.99648783542216 0.56429869960993428 12.869498063810168 1.7390820896252979 125.58747904933989 182.37090172665194 254.71246528904885 119.00285275559872 2.7898476403206578 4.325868763960897 0.6800255058333281 1.667597610503434 114.31559056136757 1.5639948528259995 30.258887847419828 1.3787571219727421 2.0340712629258633 60.098580654710531 4.7528852131217709 68.542646849993616 0.68523854110390203 27.416860250756145 2.3589149070903659 2.9699968807399264 7.5076307496055943 41.475804043002427 99.997028309851885 47.882611008360982
leaf_count=19 2981 12561 2844 22 87 21 2339 5190 5283 1637 32 43 32 29 3446 34 729 23 26 365 69 4837 24 623 52 52 139 574 1420 1383
internal_value=0 0.000878148 0.0156558 -0.00405364 -0.00108255 0.0239131 0.013313 -0.00451394 -0.0192803 0.00276823 -0.00669058 0.0556362 0.0263821 0.208292 0.023531 0.426625 0.0302754 0.0462248 0.129327 0.04335 -0.0438282 -0.0348729 -0.0366769 0.0209385 0.0984789 0.221586 0.0360421 0.0690722 0.0647269 -0.0505838
internal_weight=0 2200.84 550.707 1650.14 1505.05 181.672 168.802 1323.37 437.083 886.291 632.811 37.3746 253.479 3.91162 249.568 2.24402 33.0487 135.252 16.2494 161.71 88.4005 145.092 144.527 28.1021 14.8706 5.00407 9.86655 43.2149 101.611 116.425
internal_count=46916 43866 4648 39218 32329 3021 2934 29308 10473 18835 13365 804 5470 95 5375 66 761 1929 292 1804 3050 6889 6867 647 269 78 191 595 1439 6220
is_linear=0
shrinkage=0.1


Tree=41
num_leaves=31
num_cat=0
split_feature=1 34 35 40 40 38 38 38 6 14 38 6 35 34 0 14 0 35 34 30 22 38 6 9 10 0 38 23 26 16
split_gain=15.3813 16.8129 14.3549 40.5342 38.255 13.1837 24.6065 17.3113 21.1017 16.5939 14.6211 11.1646 11.3013 13.7931 12.5663 11.1896 11.3887 13.2219 10.6068 10.5014 10.1595 9.78892 28.468 9.64425 9.57257 9.61751 9.52825 9.13701 10.2174 9.11551
threshold=2.2862722170428165 1.0165648665098688 3.0240803418597677 0.43500000000000005 0.34500000000000003 156.50000000000003 157.50000000000003 146.50000000000003 -0.016283955112402927 0.19461211183136282 86.500000000000014 -0.37236928794436103 4.0181218821189679 0.97420999951194476 -0.75310407405194857 -0.26068621753188242 -0.59681224067560035 4.9991424286896304 0.97420999951194476 -0.058490256506041539 -0.63466621083212293 134.00000000000003 0.48939247156620991 2.2409182408133739 2.3050544980868706 0.73326818540129668 11.500000000000002 1.0530056282386038 -0.15898073088772177 -0.046466864319679314
decision_type=2 2 2 2 2 2 2 2 2 2 2 2 2 2 2 2 2 2 2 2 2 2 2 2 2 2 2 2 2 2
left_child=1 2 4 -4 5 7 -7 8 9 19 -11 12 26 -14 -15 -13 17 27 -2 29 -8 -10 -23 -18 -20 -26 -5 -17 -29 -1
right_child=18 -3 3 11 -6 6 20 -9 21 10 -12 15 13 14 -16 16 23 -19 24 -21 -22 22 -24 -25 25 -27 -28 28 -30 -31
leaf_value=0.24601428060719177 0.067164971856263481 -0.051015625656277708 0.088049181421742673 -0.080251162646299806 -0.059571818466021359 0.12155209156572294 -0.12094886076264251 -0.084239040712299831 -0.046787237230900711 0.26253466257596542 -0.080723692703338581 -0.07831436527158836 0.080226066406565016 0.19148775542665719 -0.017455550456791643 -0.016105143088235335 -0.0088661285385618731 0.15638912493204074 0.13026356878545872 0.31957656106734128 0.006726496253122616 0.49492954783477849 -0.029346140577811326 -0.14212309274541646 -0.039493718001939911 0.088846177808548588 0.010492573138398754 0.058043674068734535 0.36027216184755861 -0.0016062538866759117
leaf_weight=1.4908181354403485 54.755193158984184 69.342409061733633 62.81995358876884 12.734822175465522 123.38823464373127 18.797752439975739 6.2945355027914038 30.742461480200291 139.42161967745051 4.3840552233159533 1.7308041816577313 21.668134594336152 53.166274419054389 3.1489149183034888 33.506538012064993 23.868417319376022 247.78609568579122 8.4545780755579454 5.0772428438067427 1.0243646865710605 631.77625743020326 1.3134480128064741 4.8979508318006992 5.5528211668133727 31.581834882497787 7.1634234413504592 126.6415358716622 7.5726921632885933 1.312454417347906 531.23597325291485
leaf_count=32 1001 2703 730 285 4967 159 75 692 6507 34 39 663 418 16 391 769 6349 60 35 25 8160 20 156 41 297 70 1747 130 19 10326
internal_value=0 -0.00256688 -0.00097069 0.0119833 -0.00623569 -0.00144288 0.00878902 -0.0108266 -0.00753429 0.00157831 0.165376 0.00322216 0.0200274 0.0476881 0.000493885 -0.00895854 -0.00385643 0.0448986 0.0378196 -0.000298218 0.00546699 -0.041315 0.081516 -0.0117869 0.00115325 -0.0157656 0.00220132 0.0161199 0.102687 -0.000913296
internal_weight=0 2174.07 2104.73 608.233 1496.5 1373.11 656.869 716.241 685.499 539.866 6.11486 545.413 229.198 89.8217 36.6555 316.215 294.547 41.2081 98.5777 533.751 638.071 145.633 6.2114 253.339 43.8225 38.7453 139.376 32.7536 8.88515 532.727
internal_count=46916 45513 42810 11618 31192 26225 8394 17831 17139 10456 73 10888 2857 825 407 8031 7368 978 1403 10383 8235 6683 176 6390 402 367 2032 918 149 10358
is_linear=0
shrinkage=0.1


Tree=42
num_leaves=31
num_cat=0
split_feature=10 9 34 38 14 14 38 14 14 6 2 35 15 27 49 16 25 38 26 9 9 49 21 8 3 14 38 29 28 40
split_gain=14.4562 15.823 15.6514 11.485 20.4053 14.4566 12.9028 10.8667 16.6224 19.3196 11.5985 12.4972 32.1583 33.7443 10.814 10.4538 10.101 14.5229 11.626 11.4624 26.1631 20.7958 16.9457 9.3907 10.5051 14.159 9.03193 14.8864 17.8038 11.4014
threshold=1.5544313764064441 -1.1056418909308725 0.012217423206805253 73.500000000000014 0.69701692711856145 0.6521726293534128 86.500000000000014 -0.11141259425996435 -0.28474905080955121 -0.40797084063302991 1.3467715504948961 1.0016248372963419 -0.17898493009878788 0.99103165611499289 1.0000000180025095e-35 -0.026927424022192073 0.31717552855496384 83.500000000000014 -0.81171054534374243 -0.99516880549708409 -0.25503284676732069 2.5000000000000004 -0.50484731912546243 0.5782308245206712 -0.45975697704881896 -1.3763151872435173 50.500000000000007 0.19511648960278563 2.2667615068505906 0.23500000000000001
decision_type=2 2 2 2 2 2 2 2 2 2 2 2 2 2 2 2 2 2 2 2 2 2 2 2 2 2 2 2 2 2
left_child=1 -1 23 4 5 7 14 8 9 26 -9 12 13 -12 -5 -10 17 18 -16 -20 21 -21 -23 -2 -25 -26 27 -3 29 -29
right_child=2 3 -4 6 -6 -7 -8 10 15 -11 11 -13 -14 -15 16 -17 -18 -19 19 20 -22 22 -24 24 25 -27 -28 28 -30 -31
leaf_value=-0.035674545237042304 0.051355445294405236 -0.0257505053005752 -0.0046090152348542369 -0.048017563602333939 -0.067563444137112169 0.10828418317468332 0.0017725200489394338 -0.039144952952142764 0.19533619355275855 -0.079324658279308444 1.1237354265753399 -0.010196802302137049 0.03352754338623417 0.050009833978406151 -0.032725976894715555 0.038566355524014495 0.022433407119469614 0.32745708654034311 -0.10547826677933575 0.6652961925050882 0.078619873456585901 0.4438068930991948 -0.036814056166582447 0.0047124766850940303 0.023722027219289427 -0.45691348822164124 0.031263843477181745 -0.019294497623894402 0.31985477956115771 0.045625246870805727
leaf_weight=144.35077996132895 133.41388157010078 184.34821854066104 133.14828450419009 11.694145083427427 59.382088146638125 10.836382891982792 1052.5540647408925 144.0288765616715 4.6678040176630011 34.088065963238478 0.6520457202568648 8.9046138520352525 3.2768926648423067 0.53109368868172169 7.3906356180086723 47.92372227832675 42.221982601564378 2.5011561680585137 2.2369532925076809 1.4240459520369828 17.960053692106158 1.4436989957466719 1.4914410430938008 14.36220444366336 1.2124576233327391 1.2395083047449578 71.516566587612033 50.805430992506444 1.9536397606134404 57.862262697890401
leaf_count=7124 2230 3270 1299 163 4111 126 16330 5984 35 1166 34 441 134 12 140 365 448 29 66 32 247 33 54 223 23 19 970 912 21 875
internal_value=0 -0.00380496 0.0203544 -0.00127962 -0.0115586 -0.00620669 0.0048538 -0.00823871 -0.000376399 -0.00731601 -0.0308758 0.0582398 0.194876 0.641756 0.0415566 0.0524806 0.055219 0.0954033 0.0772356 0.110331 0.13196 0.351724 0.199588 0.0424796 -0.0279469 -0.219247 -0.000618253 -0.0083482 0.0206524 0.0152733
internal_weight=0 1966.05 283.376 1821.7 680.778 621.396 1140.92 610.559 453.166 400.574 157.394 13.3646 4.46003 1.18314 88.3641 52.5915 76.67 34.448 31.9468 24.5562 22.3192 4.35919 2.93514 150.228 16.8142 2.45197 366.486 294.97 110.621 108.668
internal_count=46916 43122 3794 35998 18456 14345 17542 14219 7614 7214 6605 621 180 46 1212 400 1049 601 572 432 366 119 87 2495 265 42 6048 5078 1808 1787
is_linear=0
shrinkage=0.1


Tree=43
num_leaves=31
num_cat=0
split_feature=9 34 46 4 14 38 22 38 38 3 19 21 28 31 7 31 38 28 20 27 38 8 3 49 25 6 14 10 6 4
split_gain=13.7365 14.928 13.0133 10.8898 10.722 9.41799 14.3167 13.1259 25.1971 16.2048 13.1913 13.8832 12.6318 10.8613 9.92516 12.2661 10.7719 19.0554 9.85621 9.82957 9.72774 10.5608 9.59685 10.3756 9.50888 9.50175 23.2169 9.41758 9.40186 13.093
threshold=1.4973996768058531 1.9914541333686142 32.500000000000007 1.937998365570061 -1.0994183075655302 32.500000000000007 -0.67883849910916338 40.500000000000007 47.500000000000007 0.1041052778614705 0.27471847788310905 -0.027779994293123968 -0.43195679416993632 -0.4852127088383677 2.830825142910379 1.0496304560329326 3276.5000000000005 0.19113290579716838 0.68669474739487613 -1.1843313547552214 2953.0000000000005 3.5893107819103243 0.31038033008252575 1.0000000180025095e-35 -1.280478853404335 0.41153669862126691 0.6521726293534128 -1.4008095195623478 -0.10454449989469138 -0.9173232704027765
decision_type=2 2 2 2 2 2 2 2 2 2 2 2 2 2 2 2 2 2 2 2 2 2 2 2 2 2 2 2 2 2
left_child=1 3 -3 5 -2 6 -1 9 -9 10 19 13 -11 -12 15 20 -17 -18 -15 -7 21 24 -14 -24 -10 26 28 -22 29 -8
right_child=4 2 -4 -5 -6 7 25 8 14 12 11 -13 22 18 -16 16 17 -19 -20 -21 27 -23 23 -25 -26 -27 -28 -29 -30 -31
leaf_value=-0.47803580611128799 0.056414460810655653 -0.070423303481881222 0.19782410078189427 0.022218848414610734 0.0094172044763875164 0.25854905062546546 0.27353522970127042 -0.059593946518308363 -0.061289641453899181 -0.12356690392887906 0.38618008887910704 0.037293376798312183 -0.094182953885196957 0.27082590133603685 0.046362350741521036 -0.051136155535322997 -0.025038022580631876 0.59933813279435855 0.014853503995605402 0.02561911960939119 0.22801633305317753 0.13871362252030353 -0.10727704206215648 0.079295455300269199 0.0029728624227216799 -0.079035721422667057 0.11036693031149609 -0.060679990416386276 -0.06005342219129392 -0.014412415806542509
leaf_weight=0.68233776465058227 56.634409932419658 45.538552939891815 1.8832853706553567 157.12688705697656 339.79307629726827 1.9198942622169841 1.5896602775901545 76.891476179007441 23.587392487563193 8.2259455360472185 2.9820351488888255 6.3804238904267541 6.0155439125373986 3.2688046423718324 43.557023330125958 65.069024757482111 1.562439871951937 0.71132367849349964 2.7866366282105446 32.144993619062006 1.1685453839600075 5.63644890859723 3.5681169182062176 18.1055205501616 967.02633814560249 24.787013113033026 14.163387219421564 34.205941552296281 50.31298222206533 237.93433358799666
leaf_count=10 598 2287 19 2014 2864 32 62 3619 981 84 30 69 57 42 625 2869 28 23 32 365 17 71 52 178 17352 2532 199 481 3189 6135
internal_value=0 -0.00439209 -0.0597703 -0.00292613 0.0161313 -0.00534367 -0.0204508 -0.00152907 -0.0041833 0.0363712 0.0734828 0.150229 -0.01476 0.229961 -0.000454182 -0.00230973 -0.0436599 0.170292 0.153031 0.038747 0.000389538 0.00221935 0.0175645 0.0485801 0.00144272 -0.0195012 -0.0146469 -0.0511433 -0.020756 -0.0125014
internal_weight=0 1838.83 47.4218 1791.41 396.427 1634.28 329.47 1304.81 1219.42 85.3979 49.4828 15.4179 35.9151 9.03748 1142.52 1098.97 67.3428 2.27376 6.05544 34.0649 1031.62 996.25 27.6892 21.6736 990.614 328.787 304 35.3745 289.837 239.524
internal_count=46916 43454 2306 41148 3462 39134 12127 27007 26066 941 570 173 371 104 22447 21822 2920 51 74 397 18902 18404 287 230 18333 12117 9585 498 9386 6197
is_linear=0
shrinkage=0.1


Tree=44
num_leaves=31
num_cat=0
split_feature=14 9 34 38 46 25 8 19 1 38 34 38 49 15 21 0 0 11 9 8 29 38 38 31 28 35 38 40 23 19
split_gain=11.8397 12.3277 12.0604 12.0425 10.5298 9.14289 8.80968 9.22615 8.488 9.04729 8.1863 8.17318 10.7113 11.3077 10.6515 7.99412 7.97117 7.86322 7.66911 7.6073 7.76073 11.7844 14.5123 12.0104 11.1694 11.0498 10.6655 11.7784 25.1011 11.1657
threshold=1.6062681626272171 1.4973996768058531 1.9914541333686142 985.50000000000011 32.500000000000007 -1.280478853404335 -0.68045660522688289 0.060779244010364976 2.1949769516226798 3.5000000000000004 0.97420999951194476 1075.5000000000002 4.5000000000000009 0.47489489946197605 1.5492008918256117 -0.90516964056005633 0.89901231795681713 4.5052195004146522 1.5107152646468711 3.5893107819103243 0.21521390359435094 50.500000000000007 40.500000000000007 0.22735728362211685 5.6683840707219026 4.9910495028621353 62.500000000000007 0.055000000000000007 -1.2175175190547811 -0.41107844481265637
decision_type=2 2 2 2 2 2 2 2 2 2 2 2 2 2 2 2 2 2 2 2 2 2 2 2 2 2 2 2 2 2
left_child=1 2 5 17 -4 -1 7 -3 9 -7 -10 -5 13 -13 -14 -8 -12 -2 -17 20 21 22 23 -11 25 -22 27 28 -23 -30
right_child=3 6 4 11 -6 8 15 -9 10 19 16 12 14 -15 -16 18 -18 -19 -20 -21 24 26 -24 -25 -26 -27 -28 -29 29 -31
leaf_value=-0.047376846026930472 -0.068486031846368353 0.09074657106605849 -0.06629995556405148 0.20093168569671691 0.16530785023856562 -0.058198597701955151 0.045741084622433675 0.023583206612921084 0.060766159191372675 -0.0038513044178925164 -0.02748674814477502 0.051935163720845438 -0.079955831301081318 0.43434949258487521 0.1707063375933221 0.096092238244029557 0.10600001900140057 0.36465551369845067 -0.0034372631534329077 0.087893340738343873 0.0026703373266840262 0.57725666829620659 -0.063022062214362837 -0.073891639639849446 0.31868301100007662 0.048970154943802031 -0.0025410510987906036 0.021892568850994436 0.19746267813595067 -0.033366466551230704
leaf_weight=42.506056473590434 52.969056271482259 28.188172211870551 40.928568486124277 2.348018009215596 2.0618581846356383 28.103792971931398 45.982003681361675 74.532965316437185 43.29029880464077 234.07550323428586 27.256165882572532 3.5499144829809692 11.369697820395229 0.98854999057948578 1.9923081416636694 8.0228976123034936 5.3518673107027999 0.42246486712247033 220.94880387093872 9.5776498890481871 399.99366435734555 1.1735024815425266 68.044410496484488 27.342690644320101 1.1648743310943235 59.171422315295786 729.02959889825433 45.169267216697335 4.2428834335878483 4.1406783405691376
leaf_count=2060 2566 327 2157 28 16 1053 332 851 864 5938 238 63 323 18 36 61 47 15 1709 134 7607 33 3280 2138 31 865 13016 972 64 74
internal_value=0 0.000622731 -0.00287223 -0.0401552 -0.0551918 -0.00157182 0.0170264 0.0420138 -0.000417793 -0.00195724 0.0322629 0.025511 0.00250092 0.135231 -0.0425815 0.00769128 -0.00557793 -0.0650588 5.01329e-05 -0.000958843 -0.00149966 -0.00601567 -0.0218847 -0.0111771 0.00942145 0.00863688 0.000655093 0.0432321 0.144089 0.0834551
internal_weight=0 2150.3 1772.62 73.64 42.9904 1729.63 377.675 102.721 1687.13 1611.23 75.8983 20.2485 17.9005 4.53846 13.362 274.954 32.608 53.3915 228.972 1583.13 1573.55 1113.22 329.463 261.418 460.33 459.165 783.756 54.7263 9.55706 8.38356
internal_count=46916 43867 40587 3049 2173 38414 3280 1178 36354 35205 1149 468 440 81 359 2102 285 2581 1770 34152 34018 25515 11356 8076 8503 8472 14159 1143 171 138
is_linear=0
shrinkage=0.1


Tree=45
num_leaves=31
num_cat=0
split_feature=35 40 40 49 38 35 40 0 6 3 3 28 2 0 25 20 0 21 13 7 41 6 14 0 35 31 15 6 21 8
split_gain=11.4507 36.2216 34.8311 11.0699 14.1488 10.3112 23.5957 21.1541 13.885 11.3277 10.9106 15.1599 10.7853 10.6626 13.6955 10.9218 10.325 10.8818 13.6621 13.1786 17.0273 9.01298 9.83035 10.2349 11.0717 9.10135 11.9663 8.72241 8.73836 9.26135
threshold=3.0240803418597677 0.34500000000000003 0.43500000000000005 12.500000000000002 1395.5000000000002 0.021372449354867915 0.13500000000000004 -0.59038552473514005 -0.35602877798362659 2.3403192594420683 1.3591269973457603 -0.28609346670702235 1.3458553248605305 1.2201482770191407 2.8502191080312218 1.6517093358108206 -0.74864791665585828 1.9395671287383556 -0.47129174753842901 1.0606546139197375 0.15000000000000005 -0.37236928794436103 -0.28474905080955121 -0.59681224067560035 4.9991424286896304 -0.37397475307385669 0.34048108854288284 -0.73206707920990099 -0.58506279724488774 0.31944222110453041
decision_type=2 2 2 2 2 2 2 2 2 2 2 2 2 2 2 2 2 2 2 2 2 2 2 2 2 2 2 2 2 2
left_child=1 3 -2 5 -5 7 8 -1 13 10 -9 -12 -13 15 -15 27 -8 -18 19 20 -19 -4 -23 24 -24 26 -25 -7 -29 -30
right_child=2 -3 21 4 -6 6 16 9 -10 -11 11 12 -14 14 -16 -17 17 18 -20 -21 -22 22 23 25 -26 -27 -28 28 29 -31
leaf_value=-0.035459047070054782 0.078396364090668871 -0.055763631273946228 0.017018939798337723 -0.056247430108694346 0.045805563924740347 0.060524833761208124 0.020680693687715412 0.0085949627501455874 0.086502791117335817 -0.086848030547906852 0.33693338633406966 -0.0085963020424351441 0.26378230968140243 -0.26792453229566759 0.029180573514163446 0.091420081579817722 -0.0072132846513642606 0.071427836383640142 0.023278180715211563 -0.017455602651326532 0.56302531501454489 -0.075742531301032603 0.015237938276275623 0.29574276826733836 0.14103284282902165 -0.014418333768341724 0.0064881295619681036 -0.21894110534736277 0.036708832972348858 -0.16930519401260158
leaf_weight=197.24255102500319 67.822884370107204 130.22166063077748 243.57148936484009 67.735892326571047 16.993461155332625 9.2707858420908469 215.02848039567471 221.74009367683902 55.679611901286989 11.842338860966263 2.3330583274364463 6.7949728239327651 1.8493957319296894 2.9056754224002352 3.3291860111057758 17.215212270617485 587.78828663146123 1.2414884231984644 14.383818754926322 1.4737004921771584 1.6291671805083749 20.369851867668331 33.066766938660294 2.1951530799269667 8.8743898048996908 250.23106242436916 4.1042171809822321 2.9097811970859757 7.4973016856238228 3.0779970912262797
leaf_count=4325 832 5717 3167 2013 352 79 4024 4582 455 177 19 117 30 27 34 213 11895 31 270 30 51 687 939 24 66 6597 55 23 63 22
internal_value=0 -0.0052432 0.010699 -0.000705944 -0.0357795 0.0014708 0.00748204 -0.0110936 0.0528735 0.00855772 0.0134127 0.110728 0.049677 0.0123491 -0.109281 0.0313215 0.00185273 -0.00482236 0.0702174 0.225629 0.350421 0.0025352 -0.00852932 -0.0039422 0.0418551 -0.0114298 0.107285 -0.0141441 -0.0654779 -0.0232526
internal_weight=0 1580.18 630.236 1449.96 84.7294 1365.23 923.43 441.802 101.886 244.56 232.718 10.9774 8.64437 46.2059 6.23486 39.9711 821.545 606.516 18.7282 4.34436 2.87066 562.413 318.841 298.472 41.9412 256.53 6.29937 22.7559 13.4851 10.5753
internal_count=46916 34549 12367 28832 2365 26467 17217 9250 916 4925 4748 166 147 461 61 400 16301 12277 382 112 82 11535 8368 7681 1005 6676 79 187 108 85
is_linear=0
shrinkage=0.1


Tree=46
num_leaves=31
num_cat=0
split_feature=10 34 9 32 8 34 38 25 5 38 26 11 2 2 25 35 40 40 22 30 3 29 31 36 23 20 38 20 20 2
split_gain=10.654 12.5552 10.519 9.04383 10.6497 10.3378 11.4151 9.14615 12.9851 22.169 8.98984 12.7126 11.0755 10.9235 10.3953 10.0282 20.395 16.0287 10.1227 10.1073 9.65561 9.52002 9.11622 13.2588 8.41278 9.24792 8.23262 8.08162 7.93992 7.93701
threshold=1.5544313764064441 0.0044802759112429341 -1.1056418909308725 2.5031250523401671 0.34238203543608753 1.9862589181959811 3587.5000000000005 -0.96688038028688117 0.063390681372079774 328.50000000000006 1.4583615286644556 1.2836286603783049 0.48947008950083076 -0.85343526715946949 1.3346571348395064 3.0240803418597677 0.34500000000000003 0.43500000000000005 -0.60150559506197721 -0.054247935535033216 3.0401492669287964 3.1350151530037507 1.6853394414902014 3.5000000000000004 -0.077765730002200648 -0.1600598893592399 3350.5000000000005 -0.19108571692551715 0.15578483170996874 0.70695424236692295
decision_type=2 2 2 2 2 2 2 2 2 2 2 2 2 2 2 2 2 2 2 2 2 2 2 2 2 2 2 2 2 2
left_child=2 -2 -1 5 -5 10 7 8 -7 -10 11 15 13 20 -14 16 18 -17 -4 28 -12 -19 24 -24 25 -15 -18 -22 -20 -30
right_child=1 -3 3 4 -6 6 -8 -9 9 -11 12 -13 14 22 -16 17 26 21 19 -21 27 -23 23 -25 -26 -27 -28 -29 29 -31
leaf_value=-0.030299929420604943 0.039538722244351149 -0.0034002303469521503 0.15900292482541356 0.064111159187403274 -0.077256096602219659 -0.10099812558051424 0.21775866839756525 -0.072424949273581923 -0.10122783001098004 1.0724742386609738 0.029175439218798845 -0.052562191194075569 0.015045491372971462 -0.047306172789654703 0.13196394532884234 0.072108665656351476 -0.061971946424063763 0.0040054554533712674 0.0045902988790858515 0.27977883117559793 0.34219949296897778 0.29434984551448046 0.52012400463909036 -0.016671021562554577 -0.055975495082451199 0.052521769764395057 0.25377790595735467 0.047970698724397513 -0.020436985627865598 0.0098059422835200111
leaf_weight=133.97708575846627 134.86225701309741 137.54717836435884 3.8243228141218415 37.173807682469487 6.2206642627716056 0.71956541202962288 1.5035070702433575 37.217539913952351 0.30564390541985631 0.33988262433558702 62.710244838148355 51.336527481209487 14.798579076770695 15.947832485660909 15.64275834802538 39.070789188146591 71.660010921303183 381.25639871461317 491.92179366992787 1.2534172348678101 1.862144719809294 1.1326589081436385 0.76833761483430763 1.1471224334090946 37.373707389459014 22.194533502683043 0.83538204059004684 1.8719996958971012 374.08189331786707 112.98851637169719
leaf_count=7124 2376 1418 31 296 42 78 33 1762 27 18 1100 971 451 440 157 516 3239 7315 13141 18 26 17 6 52 785 210 21 20 4022 1204
internal_value=0 0.0178576 -0.00327433 -0.00124831 0.0438459 -0.0023705 -0.0525662 -0.0631003 0.191123 0.51675 -0.00118944 -0.00364188 0.0203268 0.00873242 0.0751259 -0.00194272 -0.00714507 0.0110991 -0.00337407 -0.00400757 0.0384777 0.00486547 -0.0167921 0.198651 -0.0222568 0.0107824 -0.0583335 0.194697 -0.0043709 -0.0134214
internal_weight=0 272.409 1921.14 1787.16 43.3945 1743.77 40.0861 38.5826 1.36509 0.645527 1703.68 1529.36 174.317 143.876 30.4413 1478.03 1056.57 421.46 984.07 980.246 66.4444 382.389 77.4315 1.91546 75.5161 38.1424 72.4954 3.73414 978.992 487.07
internal_count=46916 3794 43122 35998 338 35660 1918 1885 123 45 33742 30495 3247 2639 608 29524 21676 7848 18416 18385 1146 7332 1493 58 1435 650 3260 46 18367 5226
is_linear=0
shrinkage=0.1


Tree=47
num_leaves=31
num_cat=0
split_feature=6 14 14 38 14 14 6 38 38 38 28 14 14 14 35 1 22 8 46 40 3 0 27 4 7 19 10 5 13 22
split_gain=10.4504 16.0659 15.0188 14.6834 17.3931 16.9288 13.894 12.8232 21.2079 16.1303 10.7981 12.4644 20.5404 15.1395 11.4411 11.3772 21.3991 11.2103 14.4135 15.6235 11.4061 10.057 11.2635 30.9642 71.2336 12.0474 12.2319 12.1589 10.059 14.4303
threshold=-0.76391761237567224 -1.0757296684093249 -1.5077904795201711 73.500000000000014 0.69701692711856145 0.6521726293534128 -0.90245250507011776 26.500000000000004 40.500000000000007 5.5000000000000009 1.1197092431450215 -0.87931062798050552 -0.79776269594900795 -0.90222916023074151 4.0181218821189679 -0.31103895620213012 0.2365998342739816 0.078820750232611522 2.5000000000000004 0.14500000000000005 -0.27701179887627359 0.39612717435857581 -0.94488123195035645 -0.44071573918875523 -0.79156863278933398 -0.74322749520763065 0.66741630746889014 -0.40264559357487778 0.03859867611940835 -0.047451393206088335
decision_type=2 2 2 2 2 2 2 2 2 2 2 2 2 2 2 2 2 2 2 2 2 2 2 2 2 2 2 2 2 2
left_child=2 -2 -1 4 5 7 -4 9 -9 21 11 13 -13 14 15 16 -5 -17 19 -19 -21 22 23 24 -3 27 28 -24 -27 -30
right_child=1 3 6 10 -6 -7 -8 8 -10 -11 -12 12 -14 -15 -16 17 -18 18 -20 20 -22 -23 25 -25 -26 26 -28 -29 29 -31
leaf_value=-0.010161753280855505 -0.070640328704749955 -0.1042342922534793 0.098790459907239878 0.15960613717597744 -0.064470032359012538 0.09030880876905141 0.019591820046941117 0.032812456821115076 -0.021745850877416123 -0.065576329965267188 -0.039665614324262626 0.087828746223883564 0.0071510070650283282 -0.07974195307765336 0.12172604816153812 -0.053267832254857733 -0.078826145078193854 -0.039846258502402504 -0.089194552831868598 0.41259830889138049 0.11598027365880903 -0.063448413540752105 0.5945098512103465 0.0044267115198867949 2.0018759061095017 -0.088639702616643223 0.058102087083944626 0.015395124106180694 0.13896931859053105 -0.047077883776532971
leaf_weight=186.9337707599625 35.806278978008777 0.36747707426548004 24.036367692053318 9.3866351735778135 65.794998462777585 16.359256664291024 282.39059779234231 115.79146417370066 185.21498595736921 85.974942294880748 54.377758972346783 32.721979808993638 886.76082892902195 34.830847326666117 6.9136620676144949 49.966273400466889 6.2841355800628653 3.5849010553210956 4.9664526274427763 2.0873491931706658 3.421285506337882 21.301779452245682 0.69457785412669182 1.6780371088534582 0.28524794895201955 17.91076358454302 22.871399210765958 0.75842045061290153 6.330020138993862 12.211477384902535
leaf_count=2456 762 19 245 143 5299 185 3375 1795 5721 4249 1677 406 15895 579 63 732 92 41 91 25 33 735 21 70 22 1062 487 20 133 483
internal_value=0 -0.00437179 0.0121768 -0.0029327 -0.0162071 -0.00969663 0.0258042 -0.0131672 -0.000758306 -0.0350893 0.00377591 0.00604529 0.0100221 -0.0240649 -0.00167415 -0.012379 0.0639924 -0.0310713 0.0478103 0.122636 0.228376 -0.00403676 0.0160175 0.231751 0.816159 0.00774423 0.000776408 0.29223 -0.0351917 0.0164382
internal_weight=0 1684.65 493.361 1648.85 553.545 487.75 306.427 471.391 301.006 170.384 1095.3 1040.92 919.483 121.442 86.6107 79.697 15.6708 64.0263 14.06 9.09354 5.50863 84.4092 63.1074 2.33076 0.652725 60.7767 59.3237 1.453 36.4523 18.5415
internal_count=46916 40840 6076 40078 20301 15002 3620 14817 7516 7301 19777 18100 16301 1799 1220 1157 235 922 190 99 58 3052 2317 111 41 2206 2165 41 1678 616
is_linear=0
shrinkage=0.1


Tree=48
num_leaves=31
num_cat=0
split_feature=22 9 19 6 38 38 14 3 14 31 23 10 4 4 17 1 13 27 2 38 10 46 9 32 32 27 35 14 26 6
split_gain=10.068 11.0223 12.2998 18.354 8.8196 13.6509 11.6448 10.5637 9.17475 8.87211 9.03807 9.95221 20.3507 11.4892 10.8298 10.2007 11.0513 8.56066 8.53412 7.83626 9.89006 7.53369 7.46222 8.61529 7.30957 12.002 10.9669 8.45838 11.8514 10.0187
threshold=-0.46936259655153578 -1.1056418909308725 3.0313914086373797 1.2444115147521686 73.500000000000014 80.500000000000014 0.69701692711856145 -0.54991632213306108 0.60794694522927506 1.1877662786884351 1.6499497597169757 -0.11381064331289609 1.937998365570061 0.54263760131672245 -0.01445488499239574 -0.16349216714439105 -0.45343125528416667 -0.73695112837750021 -0.96619064672105526 2028.5000000000002 0.54799760849367585 23.500000000000004 1.7504403345556743 1.7819366635658505 1.4088078031532183 0.55611883545162499 0.018135274599983774 -1.5790618145830022 0.62577662747955531 -0.80712106936506889
decision_type=2 2 2 2 2 2 2 2 2 2 2 2 2 2 2 2 2 2 2 2 2 2 2 2 2 2 2 2 2 2
left_child=19 2 -2 -4 6 7 8 17 -3 10 11 13 14 15 -13 18 -17 -6 -7 20 -1 24 23 -11 27 -26 -27 28 -22 -29
right_child=1 4 3 -5 5 9 -8 -9 -10 22 -12 12 -14 -15 -16 16 -18 -19 -20 -21 21 -23 -24 -25 25 26 -28 29 -30 -31
leaf_value=0.1507878790325855 -0.03929621825874801 -0.011518479747974444 -0.10204106327028362 1.0401164102382756 0.41208040085707359 0.042443646991515552 -0.064526899097144805 0.048937983066671277 0.076865766933738755 -0.032284970733105801 0.21456099801804163 0.14342587638159518 0.11335198955655015 -0.1047619149826863 -0.019269392104720316 0.31798860699364706 0.05944148618130829 0.057400159191754535 0.0057356569480956432 -0.030753540138336411 -0.060517543730771388 -0.082129253398225313 -0.11941797203647316 0.11759905674709353 0.13160916136496231 -0.034192748924340918 0.040534777399793005 0.042077868552269866 0.041561710223621116 0.0043818045630885328
leaf_weight=5.0689607840031377 104.00758981797844 429.52952076448128 0.30302008846774597 0.26264338893815875 1.5219243462197485 76.618629894685 41.466503349132836 30.467346550896764 12.074936063960193 52.494573719333857 2.0246485229581586 4.1524310102686277 12.532047310844062 8.2490073759108764 278.23407684406266 2.1133620897307992 7.593239311128853 1.23087848862633 365.28022035304457 46.611309180036187 38.654478739015758 8.6524236355908197 8.9878813158720714 4.1371815064921966 11.365648724138735 25.304220915772021 87.721727095544338 85.39697487372905 16.115147233940661 404.30835556332022
leaf_count=48 6356 11479 23 19 32 1222 3760 451 134 1865 22 49 88 84 4145 32 83 43 6234 518 549 251 76 43 114 262 929 1134 200 6671
internal_value=0 -0.00549947 -0.036767 0.428274 -0.003057 0.00304176 -0.0138594 0.0658883 -0.00910176 0.000503186 0.00356159 0.00299559 -0.0113431 0.0121915 -0.016877 0.0143277 0.115733 0.25349 0.0121003 0.00891672 0.0116256 0.0105845 -0.0347696 -0.0213353 0.0117838 0.0336549 0.0238048 0.00678713 -0.0304822 0.0109554
internal_weight=0 1443.28 104.573 0.565663 1338.71 855.637 483.071 33.2201 441.604 822.417 756.798 754.773 294.919 459.854 282.387 451.605 9.7066 2.7528 441.899 729.199 682.588 677.519 65.6196 56.6318 668.867 124.392 113.026 544.475 54.7696 489.705
internal_count=46916 36240 6398 42 29842 14469 15373 526 11613 13943 11959 11937 4282 7655 4194 7571 115 75 7456 10676 10158 10110 1984 1908 9859 1305 1191 8554 749 7805
is_linear=0
shrinkage=0.1


Tree=49
num_leaves=31
num_cat=0
split_feature=1 34 38 35 40 40 38 38 38 6 14 34 14 38 32 2 29 28 42 38 38 23 1 35 40 25 2 46 26 20
split_gain=8.46594 9.63985 9.09341 8.59696 27.8733 23.7582 7.72194 19.5079 14.7691 12.1344 14.9845 11.6798 11.46 10.7568 9.99209 9.7403 13.0484 10.0774 8.89018 8.93716 14.6811 14.5618 22.4379 13.4786 16.8081 13.0418 16.6049 13.1066 13.0078 9.94309
threshold=2.2862722170428165 1.0122097987417604 328.50000000000006 3.0240803418597677 0.43500000000000005 0.34500000000000003 156.50000000000003 157.50000000000003 146.50000000000003 -0.108126257798434 -0.015568417250930442 1.0102395352577187 -0.093922768596306924 99.500000000000014 2.8903909141925825 0.083276454744939499 -0.16258695113392244 -0.50744966207488662 0.84375000000000011 50.500000000000007 40.500000000000007 -1.1689331123864821 -0.900999196516999 2.0196107984906635 0.23500000000000001 0.57273250107227647 0.71427844372968663 2.5000000000000004 1.0924270774806175 0.91602573751689287
decision_type=2 2 2 2 2 2 2 2 2 2 2 2 2 2 2 2 2 2 2 2 2 2 2 2 2 2 2 2 2 2
left_child=1 3 -3 5 -5 6 8 -8 9 10 12 -9 14 -12 18 16 -15 -17 19 20 -1 22 -21 24 -23 26 29 -28 -27 -26
right_child=-2 2 -4 4 -6 -7 7 11 -10 -11 13 -13 -14 15 -16 17 -18 -19 -20 21 -22 23 -24 -25 25 28 27 -29 -30 -31
leaf_value=0.0075273188332845645 0.02982848980929281 -0.07905181514562995 -0.0052790539980250633 0.07947981124271844 0.00271777811206766 -0.050709918092159523 0.10609581599847542 0.0028263050801435033 -0.07948916293492525 -0.028395444584579207 0.0034997491390886554 0.24626448682571273 -0.067048704595037784 0.42220384540997324 0.15609959582649452 0.26511138496735481 0.097545545141568976 -0.058715294846125511 -0.031788692801094018 0.039220488188222345 -0.057767895921656792 0.0019603334880085132 0.26515131170532019 -0.097006378056759657 -0.026387952993283961 0.4230433872057357 0.43409619769143987 0.095231658813022202 0.094964639057278658 0.26697856463823466
leaf_weight=200.01402596570551 87.542569784447551 30.892307835165411 36.390608494635671 51.995395988225937 524.25185919879004 104.57992474292405 19.133962880820036 624.89300080481917 28.194339688867331 171.76585409697145 6.9300481588579741 1.977103741839527 24.668633746914566 2.5340507067739964 4.221469320356845 1.4917462561279533 2.420365962199865 2.7010468952357769 67.763630396686494 15.313069585710766 41.59574309270829 73.797931122593582 6.1656320849433532 9.9487368306145054 11.892330637201672 2.2291603162884703 1.7794977445155371 3.1830544108524919 2.6394068486988544 1.2796282209455956
leaf_count=3685 1403 1591 1350 726 10835 4932 159 8160 682 8479 248 23 607 32 34 14 40 46 944 218 1095 1087 69 103 203 25 19 72 24 11
internal_value=0 -0.00191789 -0.0391511 -0.000671144 0.0096441 -0.00481885 -0.00120638 0.00663009 -0.00862348 -0.00556998 0.00255453 0.00359409 -0.00071681 0.0974744 0.00298675 0.168671 0.2636 0.0564984 0.00150969 0.00761079 -0.00371396 0.028949 0.104076 0.0138331 0.0252246 0.0998606 0.0608464 0.216743 0.245181 0.00211199
internal_weight=0 2076.64 67.2829 2009.36 576.247 1433.11 1328.53 646.004 682.529 654.335 482.569 626.87 466.492 16.0773 441.823 9.14721 4.95442 4.19279 437.602 369.838 241.61 128.228 21.4787 106.75 96.801 23.0031 18.1345 4.96255 4.86857 13.172
internal_count=46916 45513 2941 42572 11561 31011 26079 8342 17737 17055 8576 8183 8196 380 7589 132 72 60 7555 6611 4780 1831 287 1544 1441 354 305 91 49 214
is_linear=0
shrinkage=0.1


Tree=50
num_leaves=31
num_cat=0
split_feature=29 28 8 24 26 22 15 15 49 40 38 6 14 4 38 14 31 38 32 28 27 14 1 32 33 32 2 15 8 6
split_gain=8.54721 12.081 12.3784 9.76835 9.01377 8.95328 9.28138 8.797 8.36054 15.1296 8.92534 10.8704 9.44924 8.40295 8.17414 7.34153 45.7788 14.5799 11.288 41.131 21.495 10.8192 10.4826 9.76414 8.89054 13.7947 9.43991 17.1253 8.78096 8.44724
threshold=0.21521390359435094 1.6279042542704911 3.5893107819103243 -0.2367279734498936 -0.8074636783018575 0.87605132361873717 -0.57472919465315975 2.2140397641781142 21.500000000000004 0.22500000000000003 50.500000000000007 0.38552475689601945 0.6521726293534128 2.2587486514141166 670.50000000000011 0.022279919231841871 -0.20398299617761359 66.500000000000014 -1.3823374374060224 -0.17082387492940995 -0.87696987254587555 0.085535989164709295 -0.78646410626173957 -0.93528990478618323 -0.77245452791457858 0.30939762923099073 0.020279104313993733 -0.50403604409551328 -0.18859680216925276 -0.37236928794436103
decision_type=2 2 2 2 2 2 2 2 2 2 2 2 2 2 2 2 2 2 2 2 2 2 2 2 2 2 2 2 2 2
left_child=1 2 3 8 5 -5 -7 -6 10 -10 11 12 13 -1 -9 17 22 24 19 -18 -21 -20 -17 -23 26 -26 -12 -28 -27 -19
right_child=-2 -3 -4 4 7 6 -8 14 9 -11 15 -13 -14 -15 -16 16 18 29 21 20 -22 23 -24 -25 25 28 27 -29 -30 -31
leaf_value=-0.015190648623951884 0.0096213929763397307 -0.062376853027230186 0.09639003109094664 -0.00077549109256103751 -0.050604994035947884 0.067202315669985871 0.45680970060415432 0.20886211613625752 0.24788989737793432 -0.081550175666405197 0.027622200159529837 -0.074566148712339644 0.077839870791306262 0.047556914416216831 -0.10155439086780241 0.44611656461413624 0.69979516502446248 0.0014140117878778202 0.087614742591483399 -0.039058528652167052 0.62039293866060019 -0.066229322679807315 0.17763572283831056 0.0078742500306608326 -0.036424471064837365 0.15137386105704143 0.10615325152615847 0.64410009470339791 0.039477243496339812 -0.025663519655580669
leaf_weight=347.95414423802868 591.90199750452302 35.240927978884429 12.390478214714674 30.058144671376795 96.52656546025537 2.0748158777132635 0.86692966613918443 2.5230246614664789 1.4884603898972297 21.976165039464831 2.2127051148563615 26.623196449363604 12.274147478863595 22.736727407202125 1.2780037671327589 1.7431726958602656 1.0938070882111786 392.82729423139244 15.990669237449763 4.8836852889508009 0.54993889573961396 18.977192845894024 8.7743000686168653 282.08392796083353 17.78750835545361 9.9341895263642055 1.5544934058561923 0.95554200746119011 23.850171539932489 163.02521638432518
leaf_count=9909 11584 1587 157 677 2168 73 14 52 15 1109 69 2744 138 438 17 28 15 5152 187 269 21 898 118 5377 293 121 43 26 228 3389
internal_value=0 -0.00449184 -0.0031542 -0.0039696 -0.0298168 0.0155196 0.182019 -0.044729 -0.00147112 -0.0606524 -0.000446905 -0.012779 -0.00848365 -0.011342 0.104492 0.00489113 0.0168141 -0.00161615 0.0101405 0.140311 0.0276848 0.00746052 0.222134 0.00320318 0.0468786 0.0348526 0.178201 0.310944 0.0723801 -0.00652752
internal_weight=0 1560.26 1525.01 1512.62 133.327 32.9999 2.94175 100.328 1379.3 23.4646 1355.83 409.588 382.965 370.691 3.80103 946.244 334.097 612.147 323.579 6.52743 5.43362 317.052 10.5175 301.061 56.2946 51.5719 4.72274 2.51004 33.7844 555.853
internal_count=46916 35332 33745 33588 3001 764 87 2237 30587 1124 29463 13229 10485 10347 69 16234 6913 9321 6767 305 290 6462 146 6275 780 642 138 69 349 8541
is_linear=0
shrinkage=0.1


Tree=51
num_leaves=31
num_cat=0
split_feature=14 4 38 25 1 34 10 2 38 49 26 21 34 38 9 30 35 40 40 7 10 28 34 38 38 38 10 6 14 38
split_gain=7.84886 11.1638 9.29369 7.76105 7.04892 8.33023 7.22806 7.00783 6.65869 6.97321 8.95033 7.59837 6.64983 9.44047 8.58153 7.47675 6.98218 21.1234 20.3415 8.00962 7.35288 7.69298 7.17 7.05216 13.6914 12.7617 11.2702 11.9719 20.348 15.716
threshold=1.6062681626272171 -0.28579559828738371 985.50000000000011 -1.280478853404335 2.2862722170428165 0.97420999951194476 2.195988829225513 1.8422683827093407 1075.5000000000002 4.5000000000000009 0.3870567920433125 1.5492008918256117 1.0209092103554982 328.50000000000006 1.9118066769122446 -0.054247935535033216 3.0240803418597677 0.43500000000000005 0.34500000000000003 2.8405156580083957 1.6499944347207605 4.1641678724729259 0.98037741393862454 156.50000000000003 157.50000000000003 146.50000000000003 2.0850372915773452 -0.27561447203822359 0.085535989164709295 319.50000000000006
decision_type=2 2 2 2 2 2 2 2 2 2 2 2 2 2 2 2 2 2 2 2 2 2 2 2 2 2 2 2 2 2
left_child=3 2 -2 -1 12 7 -7 -6 -4 10 -10 -11 15 -14 -15 16 18 -18 23 20 21 -20 -22 25 -25 -5 27 29 -29 -26
right_child=1 -3 8 4 5 6 -8 -9 9 11 -12 -13 13 14 -16 -17 17 -19 19 -21 22 -23 -24 24 26 -27 -28 28 -30 -31
leaf_value=-0.043443793869983455 -0.061772773355990664 0.45270289541693381 0.17225035153152105 -0.0040048743096378096 0.067272321030703311 0.15102481474897095 -0.012757124074138114 -0.20623364242007958 0.0061535467181226527 -0.077890433364160752 0.30174954031307033 0.12598447346566338 -0.09014261301588293 -0.019305593027352366 0.15478544049915255 0.21346319852667209 0.074110009508392999 0.0043342850969537881 -0.064165994340144625 0.16528529741284928 0.081626783158449109 0.35932255617395603 -0.10688241497434214 0.091002850791916237 0.01783763564849461 -0.0748617367211699 -0.086933960787536901 0.086530788257491387 0.010949922792558946 -0.025968454327221599
leaf_weight=39.457081077853218 47.058787117246538 0.46751425042748351 2.5103237926960018 627.54312241030857 41.229867458343506 2.8908232897520056 39.691335879266262 0.95858786441385646 3.1619081702083376 10.196670323610304 1.515200776979327 2.2274026833474627 19.549880629871041 25.948700259905312 3.1782770268619052 1.6555303083732713 47.545938912779093 495.93847719533369 81.262788966065273 1.7281710999086488 7.2094711735844594 0.43123094504699011 2.8018245808780193 19.271938035264611 155.87383296433836 26.491270806640387 12.942628014832733 42.893497416749597 210.07186351623386 172.56698407977819
leaf_count=2195 2579 3 28 15455 952 18 372 19 55 323 25 36 1189 1078 24 30 716 9532 4091 22 97 25 63 156 1678 649 142 517 2813 2034
internal_value=0 -0.0342555 -0.0376702 0.000483774 0.00133354 0.0295642 -0.00163827 0.0610578 0.0201651 -0.0021599 0.101915 -0.0413395 0.000109377 -0.0363886 -0.000309131 0.00104138 0.000856732 0.0104385 -0.00296929 -0.0479988 -0.0520181 -0.0619306 0.0288694 0.00034965 0.00805 -0.00687489 0.00536023 0.00741478 0.0237656 -0.00517864
internal_weight=0 67.1378 66.6703 2079.13 2039.68 84.7706 42.5822 42.1885 19.6115 17.1012 4.67711 12.4241 1954.91 48.6769 29.127 1906.23 1904.57 543.484 1361.09 93.4335 91.7053 81.694 10.0113 1267.66 613.621 654.034 594.349 581.406 252.965 328.441
internal_count=46916 3049 3046 43867 41672 1361 390 971 467 439 80 359 40311 2291 1102 38020 37990 10248 27742 4298 4276 4116 160 23444 7340 16104 7184 7042 3330 3712
is_linear=0
shrinkage=0.1


Tree=52
num_leaves=31
num_cat=0
split_feature=6 14 27 6 6 28 38 38 38 38 38 10 31 24 38 35 40 6 49 34 14 6 9 31 9 25 31 32 21 11
split_gain=7.87287 13.4849 11.8509 10.8391 15.3361 9.25854 9.10491 15.4152 13.8075 12.5789 18.7953 16.053 14.6672 12.0021 11.3561 14.4159 18.306 11.931 14.4688 14.4691 9.97918 21.9727 21.735 17.5767 12.0113 12.201 9.81929 9.7903 9.40174 16.1804
threshold=-0.76391761237567224 -1.0757296684093249 2.7606741633117755 -0.91607495189519195 -0.91093414180513965 1.1197092431450215 156.50000000000003 146.50000000000003 157.50000000000003 168.50000000000003 186.50000000000003 2.6324164579465021 -0.50513705453005864 -0.22792811903919732 871.50000000000011 1.0124708000955527 0.115 1.448681917589157 4.5000000000000009 1.017286871886721 0.3964867668379124 0.12632717052676698 1.20733357875903 0.090720332347368995 1.3921722512112509 -1.1011723628842527 -0.12757322333947588 -0.68639764647430213 -0.58484618786299769 -0.20314591441931659
decision_type=2 2 2 2 2 2 2 2 2 2 2 2 2 2 2 2 2 2 2 2 2 2 2 2 2 2 2 2 2 2
left_child=2 -2 3 -1 -5 6 7 -3 -8 11 13 -10 -12 27 17 16 -16 18 20 28 -14 22 -22 -23 25 -25 -9 -11 -20 -30
right_child=1 5 -4 4 -6 -7 8 26 9 10 12 -13 14 -15 15 -17 -18 -19 19 -21 21 23 -24 24 -26 -27 -28 -29 29 -31
leaf_value=-0.010438070818423857 -0.066284717045082334 -0.0050727687227971122 0.14138598536049615 0.12185593756448415 0.015436362823601547 -0.0368388589296611 0.076263817080348031 -0.085513611169884249 -0.055256002120660425 -0.120654525395108 -0.02794514624540886 0.33878352736855966 -0.017365520263372937 -0.099110571522826388 -0.023900159017366984 -0.029864230812454019 0.068424890778428837 -0.04616614236822638 0.020777394531803054 -0.077886209795255623 0.4810931085198985 -0.21606868272091689 0.03186341858080826 0.30521075471821413 0.11134324616754661 -0.018516399492193268 0.062681678826295134 0.10033250138583467 0.059047304167677797 0.18140739536890504
leaf_weight=182.40624901698902 33.902810130733997 746.47159596136771 6.8322789510712019 14.222720199264584 282.78779737837613 75.10994549584575 27.728246577084064 36.720482560805976 45.008366802241653 2.1198316738009444 120.37297839764506 1.0582018718123425 81.271784404292703 3.743275422602891 41.522642703726888 119.21373099973425 44.483606186695397 23.03400439536199 48.669153840281069 8.4544866941869241 2.146383110433816 2.9663211666047564 2.1617453321814537 1.2207763288170088 13.908903142437337 25.131918970495466 5.0909365545958272 36.931701857596636 85.013222921639681 12.381013864651321
leaf_count=2445 762 23610 79 131 3421 3355 255 1110 955 62 1842 7 1105 46 647 1905 603 736 628 519 37 35 23 37 118 409 116 420 1309 189
internal_value=0 -0.00387 0.0106126 0.0087489 0.0205324 -0.00255727 -0.000881816 -0.00838236 0.00701694 0.00435315 0.00780483 -0.0462045 0.00346166 0.0719406 0.0108516 -0.0073523 0.0238516 0.0230457 0.0286726 0.0493052 0.00392165 0.040316 0.255677 0.018853 0.0361611 -0.00351989 -0.0674694 0.0883367 0.0566674 0.074602
internal_weight=0 1645.84 486.249 479.417 297.011 1611.94 1536.83 788.283 748.542 720.814 674.747 46.0666 631.953 42.7948 511.58 205.22 86.0062 306.36 283.326 154.518 128.808 47.536 4.30813 43.2279 40.2616 26.3527 41.8114 39.0515 146.063 97.3942
internal_count=46916 40840 6076 5997 3552 40078 36723 24836 11887 11632 10670 962 10142 528 8300 3155 1250 5145 4409 2645 1764 659 60 599 564 446 1226 482 2126 1498
is_linear=0
shrinkage=0.1


Tree=53
num_leaves=31
num_cat=0
split_feature=1 9 10 20 21 38 34 15 25 42 25 38 14 14 20 6 4 5 21 31 32 32 31 12 25 9 32 20 32 28
split_gain=7.15792 7.895 7.12165 9.53429 6.527 6.26623 6.78572 7.09597 7.1051 7.60848 7.09712 6.23034 5.83015 11.808 10.2081 9.60828 8.18687 15.6162 9.54284 7.66942 7.99085 8.74967 8.57718 8.52586 9.76013 8.51166 12.8513 7.75357 7.52288 10.0218
threshold=0.65521691337879961 -1.1056418909308725 0.66071475560667603 -1.0000000180025095e-35 2.1143035999567252 2028.5000000000002 2.0194485594952689 -0.60424181662769927 1.649962364597156 0.21875000000000003 1.513593877059469 505.50000000000006 0.9339492431873897 0.90912708445312618 -0.19462717160380674 0.53941969824820524 -0.20603320697646846 -0.80841644891385445 -1.2516311837347798 0.72139417917274151 -0.10038038707121424 -0.34786892133109215 -0.72931543444531799 0.70615964776283147 -1.1217736603034691 -0.99483282158926423 -1.0215228879521046 2.8324536785943715 -0.043292995237188159 0.1769274161256825
decision_type=2 2 2 2 2 2 2 2 2 2 2 2 2 2 2 2 2 2 2 2 2 2 2 2 2 2 2 2 2 2
left_child=1 -1 3 -2 12 -4 7 -7 10 -10 -9 -5 13 15 -15 16 18 -18 -3 20 21 22 25 -24 -25 -20 -27 28 29 -22
right_child=2 4 5 11 -6 6 -8 8 9 -11 -12 -13 -14 14 -16 -17 17 -19 19 -21 27 -23 23 24 -26 26 -28 -29 -30 -31
leaf_value=-0.032115645940820212 -0.040982145470498887 0.046296629126923478 0.008863517708816512 0.062229527417030375 0.14356001043253638 0.030997298505542226 0.15811754493849878 -0.069715240432048478 0.16145508767231476 -0.080928452000418025 -0.2732576304206904 0.2583074759254102 -0.021073404648197239 0.20167856740849888 0.00098180580692866655 -0.080591063804844168 0.3596029860417862 -0.010031593381940384 0.29350547946424488 0.13190774183295245 0.19729399678449441 -0.060513976912920542 -0.016785350283267955 0.00821579594806497 0.52284699675886448 0.26544059689312838 -0.049710741920753705 -0.25922960500117725 0.0081396372155010024 -0.032971039964019636
leaf_weight=97.602257228223607 3.5270163295790553 57.98003913438879 658.25607471913099 3.1441501248627883 3.0466644437983623 10.893006984144447 1.833069436252116 24.012127654626973 2.6730508469045153 2.5121990796178579 1.8446599729359139 3.3440833538770676 156.75798499840312 5.3592526717111468 4.8080168412998301 15.146750117186455 1.1453686384484161 542.39438103651628 1.7182434890419243 4.6148528833873561 4.7991222222335628 36.844785566441715 79.560098103713244 0.88469646265730262 0.63162707490846404 1.827039700001478 4.4344450472854069 1.0717315357178439 388.49933074880391 3.118210734333843
leaf_count=6397 48 1159 10012 33 45 119 11 308 22 27 17 32 6140 54 50 635 14 9347 35 107 141 1223 3451 56 21 20 67 11 7230 84
internal_value=0 -0.00467496 0.00762186 0.0913523 -0.00263769 0.00642734 -0.0302118 -0.0384441 -0.0628119 0.0440228 -0.0842362 0.16329 -0.00297729 -0.000520919 0.106771 -0.00147391 -0.000412963 -0.00925268 0.00778647 0.00355768 0.00242599 -0.0195289 -0.00257238 -0.0123085 0.222586 0.0963498 0.0422473 0.00938001 0.0101062 0.106605
internal_weight=0 1412.24 712.039 10.0152 1314.64 702.024 43.7681 41.935 31.042 5.18525 25.8568 6.48823 1311.6 1154.84 10.1673 1144.67 1129.52 543.54 585.984 528.004 523.389 125.901 89.0561 81.0764 1.51632 7.97973 6.26148 397.488 396.417 7.91733
internal_count=46916 36287 10629 113 29890 10516 504 493 374 49 325 65 29845 23705 104 23601 22966 9361 13605 12446 12339 4873 3650 3528 77 122 87 7466 7455 225
is_linear=0
shrinkage=0.1


Tree=54
num_leaves=31
num_cat=0
split_feature=29 28 8 24 26 38 42 25 15 0 9 20 22 6 4 31 22 0 3 35 1 23 27 32 31 28 32 38 22 32
split_gain=7.10982 9.3849 9.53574 7.88286 7.51571 7.12939 6.87691 7.86009 6.84108 6.67497 7.55973 8.63229 13.0263 11.3294 8.06941 11.3794 10.5823 10.4591 10.2484 21.0342 10.0652 9.56146 12.2169 8.40533 9.50483 8.30524 17.1788 10.2873 10.376 15.8417
threshold=0.21521390359435094 1.6279042542704911 3.5893107819103243 -0.2367279734498936 -0.8074636783018575 3587.5000000000005 0.28125000000000006 0.7189118377940954 2.2140397641781142 4.6186734221344894 0.92423500421745641 -0.14180588610506928 1.3731691815852411 0.21956767930380755 0.88325118162844596 -1.0227522112879639 -0.25818618001687826 3.881549086050935 -0.76266907791484906 0.99998982328949448 -0.53658838840876955 -0.37366147632676544 -1.0014136292669704 -0.40238972491348585 -0.89549404647233966 -0.28609346670702235 -0.13826139102874635 246.50000000000003 -0.58416871451358243 -0.84486961018116336
decision_type=2 2 2 2 2 2 2 2 2 2 2 2 2 2 2 2 2 2 2 2 2 2 2 2 2 2 2 2 2 2
left_child=1 2 3 -1 6 -3 7 -5 -6 10 14 12 13 -12 16 -16 -2 18 19 -18 -19 22 -17 -24 -25 26 27 28 -23 -30
right_child=9 5 -4 4 8 -7 -8 -9 -10 -11 11 -13 -14 -15 15 21 17 20 -20 -21 -22 25 23 24 -26 -27 -28 -29 29 -31
leaf_value=-0.0014585553245635222 -0.032264031932533146 -0.063110300771919245 0.083664033690871997 0.16017189824514255 -0.047015472524629835 0.34100813065119828 -0.012616194569150491 -0.047870682942632838 0.085888187391733858 -0.085944892272026591 0.11497142073877083 0.020378629412868582 -0.0027350918231355574 0.38843727842203601 -0.030492433954475564 0.39985749343519839 0.87381927582493957 -0.020788992594468689 0.0015357016630991316 0.050722698541929727 0.29032175883580136 0.073555392814646542 -0.063044706209736665 0.062556095760698399 0.33758560269625754 -0.053455705432318847 0.00089128007719772048 -0.012472465931882228 -0.0032165354686962567 0.28334274289604816
leaf_weight=1359.091567611089 105.98338321037591 31.732500806218013 12.599203896243123 5.6025613117963058 92.123640888137743 0.44264049362391134 24.53150694584474 2.687002588994801 4.0430037118494502 7.3376841195859006 5.4259762084111554 176.44958312250674 6.3996036509051919 2.1017958140000701 29.872531848028302 1.4721218114718784 0.4085146866273125 1.7658490538597105 153.71977077284828 1.2936573952902106 2.5295320339500895 13.685124628245834 2.5652354182675472 3.7215874670073377 1.8971145041286948 10.53529100678861 42.883216488640755 6.4485060409642747 2.619767876341939 7.3183433013036847
leaf_count=30587 2583 1577 157 68 2168 10 674 22 69 114 70 2258 71 40 382 32 20 35 4613 67 22 238 46 53 17 149 530 107 40 97
internal_value=0 -0.00411302 -0.00296729 -0.00370078 -0.0273262 -0.0575508 0.0139925 0.0927364 -0.041428 0.00883383 0.0100348 0.0263611 0.102155 0.191325 0.00203888 0.0232134 -0.00776486 0.00849201 0.00423784 0.248263 0.162423 0.0404371 0.134647 0.0869413 0.155418 0.0295413 0.0415267 0.0994741 0.130032 0.207803
internal_weight=0 1532.85 1500.68 1488.08 128.988 32.1751 32.8211 8.28956 96.1666 586.434 579.097 190.377 13.9274 7.52777 388.72 123.019 265.701 159.717 155.422 1.70217 4.29538 93.1463 9.65606 8.18394 5.6187 83.4902 72.955 30.0717 23.6232 9.93811
internal_count=46916 35332 33745 33588 3001 1587 764 90 2237 11584 11470 2439 181 110 9031 1691 7340 4757 4700 87 57 1309 148 116 70 1161 1012 482 375 137
is_linear=0
shrinkage=0.1


Tree=55
num_leaves=31
num_cat=0
split_feature=35 49 40 38 13 27 21 22 10 25 49 1 4 40 38 32 6 40 14 5 34 29 32 28 26 31 9 9 4 15
split_gain=6.35454 23.6053 21.2065 12.7589 7.57807 10.2637 9.28958 12.8564 28.169 12.4595 10.839 8.43605 8.3917 9.14249 9.55427 8.91382 9.64802 8.41008 18.6155 10.1027 10.8087 10.625 8.34694 8.06268 17.5688 8.0042 11.604 10.8753 9.0053 7.98942
threshold=3.0240803418597677 12.500000000000002 0.43500000000000005 1395.5000000000002 -0.78625777397703223 0.53648578783333378 -0.027779994293123968 -0.52826970599550405 0.99206121034293948 -0.89829425673647567 1.5000000000000002 1.054464126028303 2.4828781085810427 0.33500000000000008 3.5000000000000004 1.7254730615947469 -0.73206707920990099 0.24500000000000002 0.98308371958828267 -0.80841644891385445 1.0022860129548128 0.57241036677210666 2.0327545989940963 5.6683840707219026 1.2244545674213467 -0.62437331787354666 -0.22797609009032768 0.018974910490912749 -0.27513744107222265 2.7883358677157593
decision_type=2 2 2 2 2 2 2 2 2 2 2 2 2 2 2 2 2 2 2 2 2 2 2 2 2 2 2 2 2 2
left_child=1 4 -2 -3 5 6 11 -8 9 10 -9 29 13 14 -6 -15 -17 23 19 20 22 -21 -19 -16 -25 26 28 -28 -23 -1
right_child=2 3 -4 -5 12 -7 7 8 -10 -11 -12 -13 -14 15 17 16 -18 18 -20 21 -22 25 -24 24 -26 -27 27 -29 -30 -31
leaf_value=-0.10391397592293306 0.06708507751157658 -0.06363901543682203 0.0021901952740696448 0.022692181626874582 -0.074408647635083092 -0.064263993222656371 0.054097226831337344 0.39105122971136969 1.0132089798011579 0.35801658310556528 -0.10245019028527641 0.058057546297043343 0.032851609614859632 -0.038354175508694438 -0.0042868044987981087 -0.078689092298495827 0.20496832808843013 0.067004262724818062 -0.091319459838068801 0.010589997314617752 0.53947287355158791 0.22691683188290723 0.41117744339130635 0.58098192289369233 -0.11079498964155952 0.019598661388569461 0.34449854263481816 0.1214240288954414 -0.06008634209083033 0.32672988390663554
leaf_weight=6.0883550306316492 55.455707965884358 92.98505102423951 547.53308971482329 20.981836833059788 17.497457679361105 8.0085728350095433 8.7665443243458849 0.59599890373647157 0.44694417435675848 2.0904190898872912 1.7572839921340344 19.100829332135618 66.474847875535488 100.31620366242714 953.12385676568374 1.9329009130597112 3.158433247357606 6.8596231820993108 14.4181765622925 152.42816467559896 0.61090207844972599 1.4305153507739303 0.78532113507390011 0.72397562861442455 0.7448085811920464 14.829400926362721 2.9383232668042174 8.5295140594243986 4.6372737372294095 0.46360719110816706
leaf_count=338 832 5052 11535 572 665 122 156 17 20 49 131 274 1017 2940 17797 17 37 264 772 3552 17 16 6 25 25 454 28 95 74 17
internal_value=0 -0.00398203 0.00815845 -0.047745 -0.000416344 0.0389197 0.0599412 0.126566 0.256466 0.180353 0.0225353 0.0244713 -0.00179363 -0.00358593 -0.00106441 -0.0318029 0.0972791 3.99574e-05 0.0182882 0.0264744 0.134704 0.0216391 0.102359 -0.00392603 0.230187 0.0736766 0.119409 0.178581 0.00757627 -0.0734423
internal_weight=0 1512.73 602.989 113.967 1398.76 47.3186 39.31 13.6572 4.89065 4.4437 2.35328 25.6528 1351.44 1284.96 1179.56 105.408 5.09133 1162.06 207.467 193.049 8.25585 184.793 7.64494 954.593 1.46878 32.365 17.5356 11.4678 6.06779 6.55196
internal_count=46916 34549 12367 5624 28925 1124 1002 373 217 197 148 629 27801 26784 23790 2994 54 23125 5278 4506 287 4219 270 17847 50 667 213 123 90 355
is_linear=0
shrinkage=0.1


Tree=56
num_leaves=31
num_cat=0
split_feature=10 46 32 9 6 34 38 27 40 0 19 38 9 38 5 32 31 2 32 18 26 2 28 40 30 31 25 25 25 11
split_gain=5.74505 10.4733 6.29376 7.9655 7.92614 7.49003 8.01789 10.0173 6.53378 20.9657 9.82829 11.2451 9.36972 8.50914 9.41169 9.37958 8.67915 11.8688 8.01422 7.75102 6.95619 8.48507 9.25124 8.05428 7.99182 8.73031 8.30539 8.46238 14.8807 7.66715
threshold=1.5544313764064441 2.5000000000000004 2.5031250523401671 2.2409182408133739 -0.74251661396456192 1.9862589181959811 1124.5000000000002 2.5134273000630882 0.53500000000000014 -0.73514883443093548 -0.21219766622605082 871.50000000000011 1.3454824564314267 395.50000000000006 -0.24400838637741304 -1.4909138418700418 0.67356530525548597 -1.054129947885069 -0.1468903128547005 0.97782177050325159 1.4448013371999737 0.48947008950083076 0.37789318537081762 0.055000000000000007 -0.082021353500406888 -0.87120128523142759 -0.30954206276127433 -0.039474918251952103 -0.05226761394314116 1.5313604697659209
decision_type=2 2 2 2 2 2 2 2 2 2 2 2 2 2 2 2 2 2 2 2 2 2 2 2 2 2 2 2 2 2
left_child=2 -2 5 -4 -5 8 -7 -8 20 -10 19 12 13 14 -12 -16 17 -15 -17 -11 29 24 -23 -24 25 -22 -26 28 -28 -1
right_child=1 -3 3 4 -6 6 7 -9 9 10 11 -13 -14 16 15 18 -18 -19 -20 -21 21 22 23 -25 26 -27 27 -29 -30 -31
leaf_value=-0.005801275980072667 0.070542214506040271 0.0063449082380019964 0.071819169355137852 0.13180594025492148 -0.048203023353630407 -0.083056614025873207 -0.014514037314615202 0.27754060686858745 0.15080005197153112 -0.045366380380148501 -0.019168898090253177 -0.07315922830284248 0.34337539007067658 0.22963802776052589 0.30588555750239876 -0.0056025662399514986 0.33660166561042199 -0.057614315136742436 0.096244375191058912 0.011283911779717028 0.23658120439668881 0.10909746554818807 0.22596196239178404 -0.035307107911334783 -0.10603734973012624 0.037008893645389097 0.057250638837046897 -0.0042322440266296555 0.51876245768186879 -0.065778147794926189
leaf_weight=1405.5872126435861 28.58954375050962 228.69308301247656 24.935662792995572 2.9609132437035468 14.068462351337073 23.555649179499596 12.143874164670704 1.300159603357314 10.779727771878241 43.164548659231514 22.534640866098925 8.5131571916863304 1.0643968684598792 2.8400422967970367 1.5363712413236488 13.458184715360405 1.7840750031173227 2.9145032372325654 18.140372544527054 54.833142278483137 2.7230829112231723 17.785240756347779 1.3319411315023888 10.337508538737891 7.4816098958253852 11.237802371382712 6.0143248897511512 104.39054959523492 0.79046811955049534 21.642260677646846
leaf_count=32750 591 3203 196 28 114 1794 484 12 66 1480 787 118 11 22 34 238 35 35 175 865 24 274 18 386 370 240 191 1897 17 461
internal_value=0 0.0134786 -0.00246989 0.0358151 -0.0169047 -0.00335857 -0.0478886 0.0137303 -0.00242819 0.0155431 0.00700577 0.0348414 0.0491465 0.0441918 0.03069 0.0645984 0.143897 0.0841534 0.0528666 -0.0136686 -0.00448122 0.0151499 0.0637014 -0.00548608 0.00436815 0.0759356 -0.00405089 0.00281111 0.110861 -0.00671075
internal_weight=0 257.283 1849.85 41.965 17.0294 1807.88 36.9997 13.444 1770.89 181.563 170.783 72.7857 64.2726 63.2082 55.6696 33.1349 7.53862 5.75455 31.5986 97.9977 1589.32 162.093 29.4547 11.6694 132.638 13.9609 118.677 111.195 6.80479 1427.23
internal_count=46916 3794 43122 338 142 42784 2290 496 40494 3866 3800 1455 1337 1326 1234 447 92 57 413 2345 36628 3417 678 404 2739 264 2475 2105 208 33211
is_linear=0
shrinkage=0.1


Tree=57
num_leaves=31
num_cat=0
split_feature=25 0 29 24 13 19 0 25 0 32 35 27 38 38 38 9 28 46 15 49 33 19 32 4 4 32 35 9 25 18
split_gain=5.36854 5.4086 5.91786 6.85707 7.97544 8.76912 8.91328 10.7181 7.48926 7.15309 7.05247 7.41345 6.93629 8.92034 8.80798 7.95452 10.073 9.17815 14.4331 8.29503 7.57801 10.031 7.62386 7.4656 13.0061 11.0081 16.2051 13.4617 12.6598 8.19001
threshold=-1.280478853404335 4.6186734221344894 0.21521390359435094 -0.2367279734498936 -0.69918936529212761 -0.47112879167374239 0.40470953503504919 1.2118210164703627 2.225517163954938 1.4609632700667003 4.9997658460721155 0.24592402486112758 50.500000000000007 44.500000000000007 42.500000000000007 -1.33712918107601 0.57969161394271695 1.5000000000000002 -0.4393814413362353 14.500000000000002 -0.78063611078442474 -0.67883630747139467 -0.57508805452619294 -0.83005762122570859 -0.80814383540567913 1.1030771499448113 1.0000011643347391 -0.096199620770935176 -0.87022356557215874 0.96704083591502232
decision_type=2 2 2 2 2 2 2 2 2 2 2 2 2 2 2 2 2 2 2 2 2 2 2 2 2 2 2 2 2 2
left_child=-1 2 3 12 9 6 7 10 -8 -5 -6 -12 13 14 15 16 17 18 -2 -19 21 -14 -23 29 25 26 27 -25 -28 -22
right_child=1 -3 -4 4 5 -7 8 -9 -10 -11 11 -13 20 -15 -16 -17 -18 19 -20 -21 23 22 -24 24 -26 -27 28 -29 -30 -31
leaf_value=-0.037491692089853285 -0.10387836605244892 -0.072169556629081227 0.0092373627577380414 0.014296562417516506 -0.010352929394855166 -0.059895051028259552 -0.10405622822696839 0.18488427640490859 0.13734664112192407 0.2391277938855636 -0.020587429254814167 0.33727547607280367 0.6241013261700652 -0.051162474911858137 0.16505071898216475 -0.0099906206520597521 -0.10212247138404838 0.027864493345140268 0.52811703209492122 0.44241237346383805 -0.08391743164548443 -0.0082412295754911297 0.41471887463495688 0.082627620491573253 0.0045563601142949257 -0.069631055384311247 0.4411362818191864 0.52759042545051504 -0.01367680764116982 -0.0059103559924077367
leaf_weight=38.506234787171707 0.50871976651251305 10.276923058088867 567.84377739089541 20.785606585443023 25.38568550487981 63.310715135419741 10.582275671185924 3.7583336755633345 1.4627977241761971 1.5184539854526509 1.0784552479162806 1.2496451078914104 0.41151166055351529 50.253282126737759 2.981886086985468 334.38898654608056 2.0994525218848139 4.0990395320113748 1.2474257438443581 0.54711695248261083 19.344606325495988 1.8411763405893002 0.5545122856274235 1.0765487083699556 879.98579273861833 2.3085070191882551 0.73185455775819708 1.845409776782615 3.7374195163138211 44.237791639752686
leaf_count=2318 20 178 11098 485 722 1475 247 26 40 14 36 16 15 2703 73 9793 244 224 35 37 1176 89 17 47 14597 25 31 39 135 961
internal_value=0 0.000194748 0.000557666 -0.00276955 -0.024786 -0.0361416 -0.00158394 0.0264143 -0.0747394 0.029603 0.00492375 0.171501 -0.000667033 -0.0117939 -0.00607386 -0.00756201 0.0879594 0.150291 0.345041 0.0766804 0.0039431 0.168003 0.0896582 0.00345997 0.00582576 0.120989 0.180525 0.363651 0.0607999 -0.0296436
internal_weight=0 2059.45 2049.18 1481.33 129.132 106.828 43.5172 31.4721 12.0451 22.3041 27.7138 2.3281 1352.2 396.126 345.873 342.891 8.50175 6.4023 1.75615 4.64616 956.075 2.8072 2.39569 953.268 889.686 9.69974 7.39123 2.92196 4.46927 63.5824
internal_count=46916 44598 44420 33322 3061 2562 1087 800 287 499 774 52 30261 13129 10426 10353 560 316 55 261 17132 121 106 17011 14874 277 252 86 166 2137
is_linear=0
shrinkage=0.1


Tree=58
num_leaves=31
num_cat=0
split_feature=14 14 14 6 14 14 38 38 38 6 6 27 14 38 38 38 35 49 38 38 38 38 40 32 27 9 25 38 19 35
split_gain=5.22865 9.99147 17.1518 10.3152 16.9352 18.4708 15.9386 14.956 12.8618 12.5269 10.4152 9.48766 9.12797 9.19501 9.94988 9.02191 8.81596 13.4454 12.5011 17.2729 11.1432 10.4732 10.1543 10.0393 23.141 9.5682 10.0689 8.82026 8.81027 8.76179
threshold=-1.1453173209606649 -0.87931062798050552 -0.81026460493376928 -0.57391948617567878 -0.57075182664158031 -0.58509777067610658 179.50000000000003 146.50000000000003 186.50000000000003 0.80057616342650995 -0.39224279142266311 2.7606741633117755 -1.5077904795201711 222.50000000000003 115.50000000000001 268.50000000000006 1.9943605585800819 10.500000000000002 315.50000000000006 258.50000000000006 328.50000000000006 332.50000000000006 0.44500000000000006 -1.2327384988109442 -1.0827742044878785 -1.732027800187389 -0.63720832751255274 840.50000000000011 0.61102634844431447 3.9999330800255302
decision_type=2 2 2 2 2 2 2 2 2 2 2 2 2 2 2 2 2 2 2 2 2 2 2 2 2 2 2 2 2 2
left_child=11 -2 -3 29 5 -5 7 -6 9 10 -8 12 -1 14 -14 -15 17 23 19 -18 -20 -19 -21 24 -10 -23 -27 -22 -9 -4
right_child=1 2 3 4 6 -7 8 28 16 -11 -12 -13 13 15 -16 -17 18 21 20 22 27 25 -24 -25 -26 26 -28 -29 -30 -31
leaf_value=-0.010708906835245306 -0.02576745413893097 0.071926402796834307 -0.056491880069924644 0.0051651065067515635 -0.0083599393028329395 0.088577171297794549 0.05824917812167011 -0.069144055356299111 -0.0090597684149180732 -0.094753038060835765 0.21246156791594395 0.13106918045923152 0.01785612981304879 0.10782803887446674 -0.039794507290379866 0.026114259879214913 -0.019161327283042869 -0.033022706913275933 -0.10473518764104653 0.037216994751706298 0.010503912935543367 0.38525895118903697 0.14783568900229435 0.0012356860563739014 0.37970028811155992 -0.062551349456604191 0.088930945455925905 -0.028155731957819469 0.020902465511287209 0.018643266093230262
leaf_weight=177.16842924198136 174.76031912514009 32.013864435255527 59.432351158931851 69.177038906607777 582.11815199372359 43.080477361567318 11.800604410469536 66.87052315659821 4.4185110740363598 3.3384575657546511 6.9641563910990962 6.2609744826331726 189.47756512276828 19.844046908430755 35.554652273654938 42.341756581328809 31.809211419196799 9.7747211917303485 13.133139030076562 19.942814505659044 110.70151404617354 1.0071241999976326 14.212226549163459 158.50591675005853 2.343118753284215 4.8719791579060248 44.16505057644099 126.39966307906434 12.973704271484165 21.006224538665265
leaf_count=2430 2937 400 1681 1287 22065 429 122 1928 119 46 59 76 2455 170 359 487 706 272 291 303 2038 27 178 2251 42 205 680 2245 241 387
internal_value=0 -0.00317915 -0.000456828 -0.00209095 5.61015e-07 0.0371757 -0.00340515 -0.0139268 0.00895739 0.0837282 0.115482 0.00879058 0.00714199 0.0181532 0.00874744 0.0521899 0.00590414 0.0210302 -0.00486339 0.0338635 -0.0150722 0.0616546 0.0832465 0.0063262 0.125658 0.0801471 0.0738807 -0.0101057 -0.0545126 -0.0368706
internal_weight=0 1624.82 1450.06 1418.05 1337.61 112.258 1225.35 661.962 563.388 22.1032 18.7648 470.647 464.386 287.218 225.032 62.1858 541.285 225.086 316.199 65.9643 250.234 59.8189 34.155 165.268 6.76163 50.0442 49.037 237.101 79.8442 80.4386
internal_count=46916 40939 38002 37602 35534 1716 33818 24234 9584 227 181 5977 5901 3471 2814 657 9357 3596 5761 1187 4574 1184 481 2412 161 912 885 4283 2169 2068
is_linear=0
shrinkage=0.1


Tree=59
num_leaves=31
num_cat=0
split_feature=4 1 10 32 34 38 14 1 22 46 35 40 40 28 34 17 3 3 10 30 38 32 14 6 14 4 19 19 35 0
split_gain=5.16867 7.13709 7.12788 6.62558 5.67356 8.07261 7.05316 7.48974 16.8278 7.4687 5.44198 20.4895 12.9363 6.63716 8.83313 6.35624 8.80563 12.4211 6.34448 6.31758 6.19017 6.1616 5.91741 11.1991 7.28664 8.29839 15.4499 6.85907 6.52871 16.5651
threshold=2.9145709048173996 0.96939989990705133 2.1943754820031542 1.0220580685906018 1.0209092103554982 328.50000000000006 0.32460871874083647 -0.82424872814801231 0.38316764972134748 27.000000000000004 3.9957579672581138 0.43500000000000005 0.33500000000000008 -0.55433423312258556 -0.0074175592005556379 0.0034744068300234274 1.175173527055718 1.6393468468204879 3.1836968352027037 -0.054247935535033216 3.5000000000000004 1.8234222308377415 -1.5077904795201711 -0.91093414180513965 -1.697211917662319 -0.036057770026120269 -0.72306833346519983 -0.17016711481541355 0.016406537618082768 -0.59038552473514005
decision_type=2 2 2 2 2 2 2 2 2 2 2 2 2 2 2 2 2 2 2 2 2 2 2 2 2 2 2 2 2 2
left_child=4 -2 3 -3 10 -6 7 8 -7 -9 12 -12 19 14 -14 -15 -17 -18 -13 20 21 -1 24 27 25 26 -22 -24 29 -25
right_child=1 2 -4 -5 5 6 -8 9 -10 -11 11 18 13 15 -16 16 17 -19 -20 -21 22 -23 23 28 -26 -27 -28 -29 -30 -31
leaf_value=-0.081198160484982185 0.12173106720138038 -0.057564619413421718 0.048633230472036063 0.079819587519353724 -0.088897333976666604 0.53085077620195631 -0.072706071540402581 -0.022009214350413038 0.0033186818710417908 0.16119336643748899 0.07368116782311937 0.0029138477479292873 0.18265882756827903 -0.048398281445321233 -0.0069228975438844252 -0.015084137095185392 0.45261869225576978 0.0043804652668942732 -0.20081594300433359 0.20679237526171459 -0.11460029365886255 0.096339437154706081 0.049521473801862725 -0.033863103678393139 -0.067875616507621472 -0.017828778960798326 0.22350400217115118 0.21702912127188637 0.0064673223048244514 0.0086973810665099301
leaf_weight=15.611740956082942 7.2885541422292581 16.535324746742848 28.080549228936434 4.4564165137708178 17.728631797945127 0.92825287673623025 9.776680523529647 14.191657979972662 1.7347328942269085 2.6390752051956943 43.678263244219124 504.72409733547829 2.6214778162538996 115.24316398822702 39.328330382937565 10.566350603243334 1.0645588287152343 1.4744955278001723 1.5332201831042755 1.4720754879526783 2.0665622446686029 2.2346638040617099 8.1329086236655694 160.64934319444001 27.09990031644702 52.905707083642483 3.90612469613552 3.4950544014573088 774.92259340290911 212.30145439365879
leaf_count=668 57 219 580 67 1317 31 493 631 80 33 711 10591 31 5381 747 482 24 31 19 22 32 19 61 3862 334 677 48 32 15135 4501
internal_value=0 0.0293954 0.0156811 -0.0283988 -0.00130479 -0.0356449 -0.00339077 0.0313729 0.187204 0.00671713 -0.000491728 0.0079665 -0.00373296 -0.0296074 0.00492422 -0.0408938 0.0250976 0.192315 0.00229684 -0.000249105 -0.000490358 -0.0589675 0.000347558 0.00222452 -0.0249651 -0.00521479 0.106519 0.0998698 0.00123538 -0.00963564
internal_weight=0 56.3608 49.0723 20.9917 2032.03 46.999 29.2704 19.4937 2.66299 16.8307 1985.03 549.936 1435.1 170.298 41.9498 128.349 13.1054 2.53905 506.257 1264.8 1263.33 17.8464 1245.48 1159.5 85.9783 58.8784 5.97269 11.628 1147.87 372.951
internal_count=46916 923 866 286 45993 2585 1268 775 111 664 43408 11321 32087 6696 778 5918 537 55 10610 25391 25369 687 24682 23591 1091 757 80 93 23498 8363
is_linear=0
shrinkage=0.1


Tree=60
num_leaves=31
num_cat=0
split_feature=8 0 29 28 5 29 49 19 5 9 10 5 13 23 19 34 31 2 1 3 13 4 40 21 40 31 6 21 0 1
split_gain=4.90339 4.99555 5.16336 6.14444 8.1096 8.46987 12.9554 7.95889 9.2326 5.95908 6.59057 6.61445 8.69099 8.51148 6.907 6.69774 6.38925 11.8103 10.4959 7.71213 7.72538 9.16885 14.2629 9.85138 7.66751 7.37463 7.37297 6.87666 8.75514 7.5024
threshold=3.5893107819103243 4.6186734221344894 0.21521390359435094 1.1197092431450215 0.49643759122804315 -0.29173093275985768 10.500000000000002 -0.76190825217731206 0.75712577365256684 0.92423500421745641 -0.97850990518965253 -0.45357046729783151 -0.15146587601678532 0.40931271892369075 1.7325470294327585 0.0079916092720876686 -0.3193253212348231 -0.83006135231474343 -1.1682047923179943 -0.28999015731940525 -0.33394152322091603 0.98105703724780502 0.25500000000000006 -0.28070381469651889 0.23500000000000001 0.17414234999293007 0.98245006533169443 -0.038159451597341847 -0.42993542431426479 1.1475495564462517
decision_type=2 2 2 2 2 2 2 2 2 2 2 2 2 2 2 2 2 2 2 2 2 2 2 2 2 2 2 2 2 2
left_child=1 2 3 -1 -5 6 7 -6 -9 16 -11 -12 13 -13 15 -14 19 25 -19 20 27 22 23 -22 -21 -18 -20 -4 29 -29
right_child=-2 -3 9 4 5 -7 -8 8 -10 10 11 12 14 -15 -16 -17 17 18 26 24 21 -23 -24 -25 -26 -27 -28 28 -30 -31
leaf_value=-0.0024847083674844781 0.058866841850600038 -0.074167343695990443 0.04647742893757173 -0.065266484004332173 0.075550704145437575 -0.064342965764183122 -0.10863771204772339 0.58586308123129294 0.16772875991603201 0.071811608330175164 -0.02417681524154195 0.29480551460152982 0.031643936580920198 0.053831887954667604 -0.10128575395566182 -0.033337319585252788 -0.050838812863176569 0.6120932168981027 0.02481292699881793 -0.026206856914330223 0.56234689799973703 0.0072258830381520594 -0.018144875620857152 0.17596657656178391 0.014916859303151434 0.0010465017110987769 0.35062172390982205 -0.070084295622834844 -0.077386341290404378 0.079271749006083789
leaf_weight=1436.0130089132581 13.840880431234835 9.2523512111511064 50.440481326542795 33.560485795373097 2.8298499472439289 5.5345632215030474 2.0970576161053032 0.85644920030608807 1.3772721532732246 23.401056211441755 34.014276867266744 1.5201345281675447 60.473098798654974 40.986732169985771 5.4874689336866131 21.501545973587781 57.46957277925685 0.41835099342279125 3.5744958335999391 79.393493675626814 1.324574095197022 3.3190707881003618 1.4778453204780815 1.3149927351623765 105.70053001283668 52.344614982837811 0.86208552005700756 4.8167425589635995 12.56704733124934 11.145122870802878
leaf_count=32617 207 170 887 2104 45 155 103 17 28 260 467 17 811 585 77 222 2134 18 159 1379 21 51 40 25 1558 2179 29 132 247 172
internal_value=0 -0.000852764 -0.000522807 -0.00364024 -0.0395138 0.0285649 0.100375 0.186937 0.328049 0.00753376 0.0221665 0.0150819 0.0253563 0.0624496 0.00732889 0.0145997 0.000433395 -0.019359 0.133273 0.00879278 0.0334604 0.1309 0.230594 0.369858 -0.00272258 -0.0261069 0.0881218 0.0242846 -0.0149533 0.0342012
internal_weight=0 2065.07 2055.82 1482.27 46.2557 12.6952 7.16063 5.06357 2.23372 573.553 187.384 163.983 129.969 42.5069 87.4621 81.9746 386.169 114.669 4.85493 271.5 86.4059 7.43648 4.11741 2.63957 185.094 109.814 4.43658 78.9694 28.5289 15.9619
internal_count=46916 46709 46539 35069 2452 348 193 90 45 11470 2439 2179 1712 602 1110 1033 9031 4519 206 4512 1575 137 86 46 2937 4313 188 1438 551 304
is_linear=0
shrinkage=0.1


Tree=61
num_leaves=31
num_cat=0
split_feature=28 34 13 35 5 9 31 2 1 1 25 5 28 22 40 0 26 20 49 40 6 29 15 32 4 22 7 19 2 3
split_gain=4.54358 9.00082 8.48318 7.06063 6.33839 6.53952 6.26747 5.23203 4.82297 6.77322 7.43822 8.47501 11.4819 4.84924 12.6988 6.573 7.43465 5.09 5.49951 8.47736 4.73791 4.40421 4.38056 5.96819 7.53405 14.1247 6.14431 9.74594 6.03656 5.89299
threshold=-0.6282796763379922 0.97916257029051346 0.12682394260639876 0.99063844480031193 -0.1008972790304906 2.0207712615301445 -0.20681126085311541 1.2466683160649457 2.1949769516226798 2.6831065614022656 0.21380057498312752 0.32757366681693828 -0.55433423312258556 -0.63466621083212293 0.44500000000000006 0.89203620304831099 -0.24626736273731373 4.5410830428670961 21.500000000000004 0.22500000000000003 -0.71645231901961937 5.1658264084769021 2.4976636219769879 -0.99715885270423155 -0.69778174860112629 -0.17250794116233278 1.6808835824567805 -0.53237656357486551 -0.81617442598254875 -0.50847009304292212
decision_type=2 2 2 2 2 2 2 2 2 2 2 2 2 2 2 2 2 2 2 2 2 2 2 2 2 2 2 2 2 2
left_child=1 -1 3 -3 5 6 -5 -8 13 -10 11 12 -11 14 15 16 -2 18 21 -20 -6 22 -15 24 -24 29 27 -25 -29 -26
right_child=8 2 -4 4 20 -7 7 -9 9 10 -12 -13 -14 17 -16 -17 -18 -19 19 -21 -22 -23 23 26 25 -27 -28 28 -30 -31
leaf_value=0.035107282445202954 -0.24817508980916503 -0.074802335521540433 0.15694614546431604 0.15711281475502265 0.0038552233136172941 -0.10247149450913061 0.0018201790933298223 0.14302574523484099 0.060652145988896448 -0.07007427731964902 0.036146499088388781 -0.0034731637565301337 -0.45434595990213505 -0.0026346862448812405 0.16537061498534306 -0.34918588596688249 -0.0030993731538508842 0.076187758714248155 0.18113372222546403 -0.064690088500165582 -0.091971943900959627 -0.11661855174470595 -0.11718330686138223 0.13359088894877155 0.0299020498263282 0.1420724224480959 0.19969572041792846 0.053031319204776196 -0.075040824624378333 -0.093306150588557346
leaf_weight=96.527495438233018 1.9639855688437813 17.221380811184645 2.8284494020044795 4.4757644124329152 10.915479233488442 3.1637951657176009 15.673651593737306 3.1516507333144537 28.429715633392334 2.1214634990319614 11.454256244003771 4.780904202722013 1.2274521980434672 1765.8201150672976 1.6887871194630859 1.2427165005356071 3.3478603931143867 8.2299884781241399 1.4939712602645183 23.001544920727611 9.784422437194733 3.3461038148961952 4.9854061107616898 7.912065375130628 7.6023327154107427 6.5505798459053013 2.8462794078513971 8.3063845532014984 6.6080950219184134 7.9327225189190358
leaf_count=1448 30 153 20 37 88 21 163 25 502 35 167 105 18 41292 25 20 54 86 18 1548 80 49 214 77 168 124 29 108 96 116
internal_value=0 0.0155429 -0.0125538 -0.0199998 1.03135e-05 0.0324316 0.0507486 0.0254602 -0.00181402 0.0294791 -0.0157741 -0.0889261 -0.210918 -0.00262057 -0.0791489 -0.142149 -0.0937129 -0.00228042 -0.00263017 -0.0496974 -0.0414403 -0.00199736 -0.00178646 0.0266115 -0.00614665 0.0189177 0.0611538 0.0438788 -0.00371306 -0.0330122
internal_weight=0 163.742 67.2146 64.3861 47.1648 26.4649 23.3011 18.8253 1910.89 48.0138 19.5841 8.12982 3.34892 1862.88 8.24335 6.55456 5.31185 1854.64 1846.41 24.4955 20.6999 1821.91 1818.56 52.7439 27.071 22.0856 25.6728 22.8265 14.9145 15.5351
internal_count=46916 2035 587 567 414 246 225 188 44881 827 325 158 53 44054 129 104 84 43925 43839 1566 168 42273 42224 932 622 408 310 281 204 284
is_linear=0
shrinkage=0.1


Tree=62
num_leaves=31
num_cat=0
split_feature=38 38 38 38 38 21 46 34 23 35 8 4 30 2 29 33 19 4 38 12 8 23 14 7 23 13 2 31 6 38
split_gain=4.26547 11.0004 14.9508 10.4828 10.3093 10.0114 9.76811 7.99048 12.0359 11.0579 6.91551 7.35238 7.15626 10.8421 16.0022 8.97477 6.57944 6.39714 6.1272 7.20747 6.09957 6.04171 5.96373 14.0976 5.98264 7.33824 7.6015 6.03086 5.89531 11.6864
threshold=32.500000000000007 40.500000000000007 47.500000000000007 29.500000000000004 28.500000000000004 -1.2050289688062952 3.5000000000000004 0.015097499211381146 0.71324926500091879 1.9999470670742632 -0.4214846835773291 2.2587486514141166 -0.082567970173041419 -0.5664734721152126 -0.29753983610215878 2.1596633341183415 -0.55126288082674801 0.35377075652890727 34.500000000000007 -0.87397337132564568 0.315727998601741 0.073686892820754371 -2.3055110860920025 -1.281659524803332 1.8482739804725867 -0.65798393951648926 1.0782866616088493 1.1877662786884351 -0.91607495189519195 49.500000000000007
decision_type=2 2 2 2 2 2 2 2 2 2 2 2 2 2 2 2 2 2 2 2 2 2 2 2 2 2 2 2 2 2
left_child=3 5 7 4 10 17 18 8 9 -3 12 -12 13 15 -15 -1 -13 -2 19 21 -6 -7 23 -4 27 26 -26 28 -24 -30
right_child=1 2 22 -5 20 6 -8 -9 -10 -11 11 16 -14 14 -16 -17 -18 -19 -20 -21 -22 -23 24 -25 25 -27 -28 -29 29 -31
leaf_value=0.0038099991223215822 0.065471247035368371 -0.10465201844033477 -0.08216041586756051 -0.10239908548444812 -0.016053529330837771 0.050149792210698631 0.085673173627806853 -0.072890629791127384 0.10273299203590974 0.017793660411868681 -0.029035471177004821 -0.1490873778635283 -0.0025758769781009361 0.043275008516117847 0.54102583193303511 0.22041036355495436 0.096261199547943724 0.21459257922594915 -0.049671234976473161 0.0090562449527049633 0.23376659058291224 0.2696170931340221 -0.019972381074943105 0.077731224434244225 0.019320090069944368 -0.12856161824503579 0.10541980433846031 -0.031582697561970768 0.25618927756506127 0.0027375776057834162
leaf_weight=14.999049921054398 8.6065495535731298 13.539144104812296 6.9936744160950175 11.859559798380358 1.4985153283923853 3.4446340017020693 18.929115297738463 41.589720541378483 7.6443997872993341 16.200588716194034 156.71457698778249 1.2662620358169077 188.47900425968692 1.5693008345551791 1.0976555687375356 2.1925958581268779 7.9882842544466239 4.3211378008127204 15.968794410116969 53.808221207931638 2.8100806809961796 1.9727134592831133 121.61677598953247 26.069688805378973 43.232139940839261 2.7147292224690309 13.442421884974463 59.234052986372262 1.8219578638672818 1217.7821153770201
leaf_count=397 78 535 78 1442 21 38 274 2674 133 494 6050 16 5420 48 37 36 179 49 274 485 31 21 1775 250 593 23 189 2745 16 22515
internal_value=0 0.00178231 -0.00033008 -0.00982131 -0.00692145 0.0327994 0.021466 -0.0427331 -0.00918301 -0.0379503 -0.00869184 -0.0239207 0.00344004 0.0605374 0.248137 0.0314349 0.0626911 0.115316 0.00530273 0.0201252 0.14688 0.130068 0.00191301 0.0439104 0.000961834 0.0320485 0.0397418 -0.000356462 0.00102262 0.00311621
internal_weight=0 1678.93 1571.88 390.475 378.615 107.051 94.1235 78.9739 37.3841 29.7397 374.307 165.969 208.338 19.8586 2.66696 17.1916 9.25455 12.9277 75.1944 59.2256 4.3086 5.41735 1492.91 33.0634 1459.84 59.3893 56.6746 1400.45 1341.22 1219.6
internal_count=46916 33239 32020 13677 12235 1219 1092 3836 1162 1029 12183 6245 5938 518 85 433 195 127 818 544 52 59 28184 328 27856 805 782 27051 24306 22531
is_linear=0
shrinkage=0.1


Tree=63
num_leaves=31
num_cat=0
split_feature=32 8 19 49 40 31 38 28 28 7 29 38 38 38 6 38 38 15 29 38 12 31 2 40 1 38 3 46 1 7
split_gain=4.25264 10.6944 5.95575 5.17057 7.05007 6.15684 5.0757 13.2108 11.3905 6.28586 6.2605 5.94073 22.8692 21.1601 12.6289 10.7268 14.0939 21.2983 13.8959 13.8271 10.2661 9.48036 13.3477 10.5524 8.84704 8.55767 33.0228 7.75965 18.925 14.9344
threshold=2.5031250523401671 0.34238203543608753 2.0662214064124478 21.500000000000004 0.22500000000000003 -1.09884216797083 2780.5000000000005 0.51363082666914617 0.74967557900086235 -1.3663763277439955 5.6895051025374981 236.50000000000003 315.50000000000006 328.50000000000006 -0.6705047437901458 537.50000000000011 530.50000000000011 -0.073867234185551509 -0.66578994314940898 606.50000000000011 1.3789526657906424 -0.60530181049021425 0.70695424236692295 0.24500000000000002 1.6908886088558999 653.50000000000011 0.29552506100103659 13.500000000000002 0.70218843692051669 1.220539418568362
decision_type=2 2 2 2 2 2 2 2 2 2 2 2 2 2 2 2 2 2 2 2 2 2 2 2 2 2 2 2 2 2
left_child=3 2 -2 6 -5 -6 10 -8 -9 -10 11 20 -13 -14 -15 16 27 18 -18 24 -1 22 23 -21 -17 26 -23 -16 -29 -30
right_child=1 -3 -4 4 5 -7 7 8 9 -11 -12 12 13 14 15 19 17 -19 -20 21 -22 25 -24 -25 -26 -27 -28 28 29 -31
leaf_value=-0.0022734997356162866 0.057233283500716083 -0.089065059297729732 -0.11256241189716017 0.15359995525973835 0.092544436968193172 -0.071277442448925282 -0.043213644008242139 0.31955751923319814 0.19797603635048347 -0.044028030221381492 -0.20144152272180108 0.04733132294936384 -0.10443292021846368 -0.022577738260724126 0.020459088297552348 -0.079764422878749783 0.65636956629395415 -0.085297635083716739 0.20962307407567479 -0.076081201769261197 -0.077538832880369418 0.022124519286938954 0.35353245150854873 0.16192002629729438 0.16563900413568136 0.0014097682054401539 0.47295460710583748 -0.062004578539708401 0.42489840877702112 0.11744170201145576
leaf_weight=1250.1100719647948 38.782076450064778 6.590103317052125 2.1820007506757966 1.7094602864235664 2.5327983889728811 24.343460936099291 58.818183861672878 1.7938834596425284 1.5201849704608315 3.6510303020477299 1.5346070977393527 122.42028995975852 18.938545232638717 138.17250790307298 78.527376996353269 25.267836881335828 1.0675192363560198 1.5968550750985731 2.0019513955339794 3.505897260271011 18.388975498266518 12.35430016973987 1.8023524181917308 3.9751605438068509 1.559732399880885 222.34091791370884 1.8707892638631154 4.7711012871004632 1.9997275909408907 7.5246025547385216
leaf_count=32377 349 53 30 19 53 1594 798 26 17 88 25 1549 433 1879 1215 451 23 29 36 50 1545 217 28 50 19 3675 28 171 21 68
internal_value=0 0.0291681 0.0481889 -0.00108725 -0.0433143 -0.055839 -0.000479302 -0.0277926 0.102434 0.027114 0.00045664 0.000618164 0.00839428 -0.000645904 0.00322076 0.0128506 0.0413204 0.210901 0.364995 0.00267193 -0.00336459 0.0101106 0.10924 0.0503839 -0.0654969 0.00622059 0.0814147 0.0327953 0.10056 0.181995
internal_weight=0 47.5542 40.9641 2014.1 28.5857 26.8763 1985.51 65.7833 6.9651 5.17122 1919.73 1918.2 649.697 527.277 508.339 370.166 97.4891 4.66633 3.06947 272.677 1268.5 245.849 9.28341 7.48106 26.8276 236.566 14.2251 92.8228 14.2954 9.52433
internal_count=46916 432 379 46484 1666 1647 44818 929 131 105 43889 43864 9942 8393 7960 6081 1563 88 59 4518 33922 4048 128 100 470 3920 245 1475 260 89
is_linear=0
shrinkage=0.1


Tree=64
num_leaves=31
num_cat=0
split_feature=35 49 40 38 42 33 14 19 32 20 20 26 32 0 35 7 1 5 15 27 27 46 6 22 26 38 28 38 28 27
split_gain=4.17953 16.8608 16.0115 9.80519 7.20856 6.75657 6.2103 6.19634 5.98079 5.94988 11.3399 5.83593 5.89513 5.76916 24.5852 7.15185 7.29203 7.82126 6.92015 8.34466 7.59887 8.30999 7.77332 13.7964 9.45206 7.44643 6.6544 6.45582 8.79433 8.76728
threshold=3.0240803418597677 12.500000000000002 0.43500000000000005 1395.5000000000002 0.21875000000000003 2.1552521015295434 -1.9068920694059075 -0.259379224531816 -0.31937225980883366 0.68669474739487613 0.28555462559707251 1.6963111140599012 2.5031250523401671 -0.59796545711328319 4.9991424286896304 1.220539418568362 1.5367684771616057 -0.98065964853348409 -0.46360746341082998 0.30534840719644291 0.55611883545162499 1.0000000180025095e-35 0.31570401074900939 -0.4000070321328511 -1.2530382888506979 395.50000000000006 0.36002871646193685 42.500000000000007 -0.39233818888789457 -0.064641621357347717
decision_type=2 2 2 2 2 2 2 2 2 2 2 2 2 2 2 2 2 2 2 2 2 2 2 2 2 2 2 2 2 2
left_child=1 -1 -2 5 -5 6 7 8 -3 10 -6 12 -7 14 15 27 17 -17 19 -15 21 25 -23 -24 -25 -21 -22 28 -4 -30
right_child=2 3 13 4 9 11 -8 -9 -10 -11 -12 -13 -14 18 -16 16 -18 -19 -20 20 26 22 23 24 -26 -27 -28 -29 29 -31
leaf_value=-0.00030966760450650628 0.061070868717892926 0.52364653123311955 -0.015269816763351211 0.12422733508470174 -0.033110567170421601 -0.041120111645746117 -0.081721497358296466 -0.10343907045119349 0.050256207300499268 -0.10254662371877087 0.19800302703513858 0.20490709722172351 0.13004546854975127 -0.09898360474645565 0.13114018631195082 -0.018299241518428728 -0.025628145021180888 0.25278388957260056 0.0038564652311371115 0.06237285098493113 -0.029919683933113624 -0.021295366143733344 0.78799307359917869 0.40654254611457397 -0.10288541991335126 0.43866634997475018 0.18050412005667865 -0.029048503336047467 -0.042368636995717475 0.16042163659682537
leaf_weight=1367.9589996305294 49.636154227424413 0.47760961391031731 15.782260048203172 4.9505944177508381 8.0351069462485629 19.705517161870382 57.10561931564007 0.83498380426317353 0.60488404612988222 5.1371026067063204 2.8854278260841957 1.1771773314103473 2.2409814707934848 13.485954215982927 17.457157495431602 1.5582933337427674 3.28255127184093 3.357509174384175 328.42942964984104 1.1199743365868919 79.357709972886369 8.2206928557716292 0.33245700271800149 0.56724535766988982 1.0175998092163343 0.99141284450888623 1.5318717574700702 51.359068363439292 2.976718231337145 7.51198846939951
leaf_count=28925 832 22 343 37 434 500 4416 38 26 70 31 33 17 625 176 38 44 46 7232 34 1257 254 7 12 76 8 22 1024 144 193
internal_value=0 -0.00324952 0.00672516 -0.0422354 0.0187299 -0.0578267 -0.0757776 0.101241 0.259122 -0.0137951 0.0279544 -0.0120072 -0.0236422 0.00171436 0.0229605 0.000957173 0.0897842 0.166851 -0.00332965 -0.0254646 -0.0148195 0.0585809 0.0209927 0.202309 0.0794483 0.239063 -0.0259347 -0.00842368 0.0318973 0.102869
internal_weight=0 1471.11 587.976 103.155 21.0082 82.1468 59.0231 1.91748 1.08249 16.0576 10.9205 23.1237 21.9465 538.34 103.286 85.8284 8.19835 4.9158 435.054 106.625 93.139 12.2494 10.138 1.9173 1.58485 2.11139 80.8896 77.63 26.271 10.4887
internal_count=46916 34549 12367 5624 572 5052 4502 86 48 535 465 550 517 11535 2008 1832 128 84 9527 2295 1670 391 349 95 88 42 1279 1704 680 337
is_linear=0
shrinkage=0.1


Tree=65
num_leaves=31
num_cat=0
split_feature=30 13 32 13 9 35 34 30 24 35 29 16 31 6 10 34 29 25 26 35 9 38 0 7 12 12 25 4 18 35
split_gain=4.08866 6.29609 6.77528 6.99676 6.02508 5.82276 9.38285 7.57574 8.15209 5.28064 4.98264 5.11858 4.88023 7.84015 4.85943 8.80649 7.05827 8.76738 12.2155 13.622 7.1518 5.36311 7.38503 8.77735 7.41977 8.13912 7.33127 12.2372 8.90644 8.07043
threshold=-0.076509626136205766 -0.076160883590236456 -0.31937225980883366 -0.028028867329084002 -1.363466524218935 0.0072880298003787152 0.99057862190363932 -0.067913214122930929 -0.24566493199894704 -0.0065818899155769698 -0.70887247345329951 -0.0089527944903674186 -0.53439249655755627 -0.49610174182574912 1.5544313764064441 0.012217423206805253 -0.70887247345329951 0.4987709358965518 -0.38870153909297117 2.0118254090923 0.48229107073732758 112.50000000000001 1.2201482770191407 0.93584401728156663 -0.54268614899751066 -0.49554656940082137 -0.28560099021556407 1.0420363111361319 -1.0103578066224026 0.99998982328949448
decision_type=2 2 2 2 2 2 2 2 2 2 2 2 2 2 2 2 2 2 2 2 2 2 2 2 2 2 2 2 2 2
left_child=14 -2 4 -4 -3 6 7 8 -5 -10 -7 12 -12 -14 -1 16 17 18 20 -20 -16 -17 24 -24 -23 -26 27 28 29 -27
right_child=1 2 3 5 -6 10 -8 -9 9 -11 11 -13 13 -15 15 21 -18 -19 19 -21 -22 22 23 -25 25 26 -28 -29 -30 -31
leaf_value=-0.0010423960388442626 -0.03604067918249268 0.24538564131345045 0.18150657883386714 -0.11431687259479024 -0.094353586896316136 -0.093762347402522372 -0.076119607073985754 0.30475147471697583 0.31680249044459829 0.03774629245057521 -0.01341007997044936 -0.12992959186808473 0.41700587751879792 0.046920220118936394 0.10822450326864147 -0.035370467538714416 0.041719410922504384 0.081797376333418548 -0.42668968467146007 -0.023300701554258084 -0.17609736359385339 -0.042362117831548869 0.23304547786459034 0.027506684232922719 0.18174720078015097 -0.11405921996673039 -0.012726858610613215 -0.07332461376941006 0.3643726594633751 0.2054852215851764
leaf_weight=1680.8074529367732 77.206603118684143 0.55598081462085147 2.5447646968532345 1.4961709342896936 8.5411748611368221 5.345013163285329 2.5591784715652466 2.1236916333436966 1.3481665533035994 1.3643880346789938 20.252517804037772 2.4694971202407023 0.59525052364914799 14.928850857075316 2.648722587153316 39.1326506100595 105.55855632945895 3.7809094171971083 1.8611725345253929 1.5214716996997593 1.3283926229923961 26.5028484640643 3.0274152252823097 6.6227525193244219 3.1073452848941079 1.2307095360010865 26.384210172109309 2.7827672511339188 1.8267824789509122 2.2090630875900388
leaf_count=40114 2103 26 43 29 303 88 43 22 17 25 259 32 9 286 47 480 2150 69 28 25 19 258 20 64 27 15 205 52 14 44
internal_value=0 -0.0168053 0.00635433 0.0195708 -0.0735901 0.0117189 0.0854695 0.150774 0.0730781 0.17644 -0.00332457 0.00931439 0.0189258 0.0611107 0.000821385 0.0144698 0.0337298 -0.041972 -0.105556 -0.24525 0.0132584 -0.00545136 0.0104362 0.0919876 -0.00185207 0.0267469 0.0127594 0.0962988 0.185925 0.091156
internal_weight=0 141.331 64.1246 55.0275 9.09716 52.4827 8.8916 6.33242 4.20873 2.71255 43.5911 38.2461 35.7766 15.5241 1910.33 229.526 116.699 11.1407 7.35976 3.38264 3.97712 112.827 73.6939 9.65017 64.0437 37.5409 34.4335 8.04932 5.26656 3.43977
internal_count=46916 3285 1182 853 329 810 136 93 71 42 674 586 554 295 43631 3517 2338 188 119 53 66 1179 699 84 615 357 330 125 73 59
is_linear=0
shrinkage=0.1


Tree=66
num_leaves=31
num_cat=0
split_feature=6 31 27 27 9 6 27 26 6 26 29 38 38 13 17 1 10 13 0 15 2 29 27 1 16 1 3 3 15 49
split_gain=4.04913 9.61343 7.79128 7.06555 7.43952 7.45721 7.37606 8.01177 6.94836 6.42781 7.05804 6.41757 14.3963 9.77367 8.67744 8.02355 14.9861 17.5527 9.14692 25.8344 7.99261 7.92143 7.08922 8.34119 6.85361 6.367 6.1562 9.06929 6.84826 6.21188
threshold=-0.76391761237567224 -0.75210352817467041 2.7606741633117755 -1.1705142857747968 1.9809233720595547 -0.78140398427176605 -1.1943648612152644 2.03251236448699 -1.014765766989193 -1.1224929970262492 -0.38113014444953647 26.500000000000004 11.500000000000002 -0.77002860714109544 -0.022598855673971161 -0.29014246222623752 -0.52590013584199224 0.28284798658621962 0.90127424380356025 0.15221286443600904 1.9747790188998009 2.419572933202419 -1.2497487326018868 -0.46935097891419147 -0.043471500285704935 3.2930462659359261 -0.60684337512047248 -0.19786311403975207 2.0351616541591642 2.5000000000000004
decision_type=2 2 2 2 2 2 2 2 2 2 2 2 2 2 2 2 2 2 2 2 2 2 2 2 2 2 2 2 2 2
left_child=2 -2 3 6 5 -5 7 8 -1 -7 -11 12 13 -3 -14 16 24 22 20 -20 21 -17 -18 -24 -15 -16 -10 29 -29 -28
right_child=1 11 -4 4 -6 9 -8 -9 26 10 -12 -13 14 15 25 18 17 -19 19 -21 -22 -23 23 -25 -26 -27 27 28 -30 -31
leaf_value=-0.068371481890284733 -0.051458422456390235 0.11276445614013107 0.11980094209879184 -0.0030366067470259423 0.088397688179397998 -0.056699834279374819 0.18705944771129362 -0.032970614794489865 -0.03628879801543481 0.10959737059049893 0.020874051968539867 0.0008439301034625893 0.43905433163643476 0.44268977873980292 -0.053169317202187864 -0.022534473727424148 0.40676574667476117 0.66935813718592208 -0.74189611272141121 -0.074575565109883016 0.32472901260558823 0.23455895362978693 0.45917664191262353 0.024141945257321384 0.00058315614567033857 -0.49261742447899187 0.454511537583695 -0.059378653583721609 0.19703163947576915 0.17245274384977582
leaf_weight=2.1819521458819535 39.563595746643841 7.7054773862473658 6.1296731177717438 384.726001244504 10.059346328489481 5.8604988455772391 3.779119946062564 9.4178556874394399 1.7842775862664 14.817573252134023 22.70534204505384 1353.7518555767601 0.35703070554882188 0.35413645091466506 74.326678215991706 48.086530478904024 0.72657899884507049 0.64332749508321274 0.62446908559650083 8.1714773140847665 0.69766647508367796 1.2290868638083328 0.49355675862170745 4.1183759595733127 35.548861507559195 0.33116954565048118 1.4134096056222936 2.0011665038764459 2.172333711758256 1.7445408711209891
leaf_count=43 881 188 79 5215 134 43 48 107 28 103 166 31111 11 9 4841 1710 9 16 15 254 30 31 15 194 1521 4 19 43 15 33
internal_value=0 -0.0027871 0.00779845 0.00631457 0.00339274 0.00139536 0.0585813 0.0351431 0.0919234 0.0406983 0.0559104 -0.0015344 -0.0190885 0.00421758 -0.0527666 -0.00408882 0.0293596 0.175902 -0.0279113 -0.121952 -0.0113722 -0.016127 0.116437 0.0706982 0.00494396 -0.0551186 0.130292 0.170833 0.0740846 0.298694
internal_weight=0 1576.73 468.793 462.663 438.169 428.109 24.4947 20.7155 11.2977 43.3834 37.5229 1537.17 183.414 108.4 75.0149 100.694 41.8848 5.98184 58.8092 8.79595 50.0133 49.3156 5.33851 4.61193 35.903 74.6578 9.11573 7.33145 4.1735 3.15795
internal_count=46916 40840 6076 5997 5661 5527 336 288 181 312 269 39959 8848 3992 4856 3804 1764 234 2040 269 1771 1741 218 209 1530 4845 138 110 58 52
is_linear=0
shrinkage=0.1


Tree=67
num_leaves=31
num_cat=0
split_feature=35 40 0 6 3 0 40 28 11 32 49 6 31 28 46 42 19 38 27 29 38 19 3 11 38 4 20 20 0 20
split_gain=4.01026 19.4714 15.5657 12.6986 10.4802 9.81268 23.9781 9.10369 9.00903 8.18425 8.04293 8.7595 9.32439 7.73278 7.56196 9.47011 7.4114 7.36193 8.82995 15.2015 7.19877 31.2427 18.2447 7.06323 11.8564 7.641 7.04609 13.7075 10.8399 6.98766
threshold=0.021372449354867915 0.13500000000000004 -0.59038552473514005 -0.35602877798362659 2.3403192594420683 -0.74864791665585828 0.48000000000000004 -0.50193575114482269 2.5224981172901528 -0.75471954232673977 10.500000000000002 -0.73206707920990099 -0.55486860987659681 -0.42296635894647588 2.5000000000000004 0.21875000000000003 -0.71760469080670686 156.50000000000003 2.0452091692475283 0.27130435481835663 4.5000000000000009 -0.74322749520763065 -0.791965186352103 -0.45093986522709412 366.50000000000006 0.21277119554930687 -0.56221512621889647 -0.47278799543489763 0.066584520749239526 5.5204175681487593
decision_type=2 2 2 2 2 2 2 2 2 2 2 2 2 2 2 2 2 2 2 2 2 2 2 2 2 2 2 2 2 2
left_child=2 3 14 7 16 6 9 -2 -5 -3 11 13 -13 -9 15 -1 26 -17 19 23 21 -11 -23 -19 25 -25 -4 -28 -29 -18
right_child=1 5 4 8 -6 -7 -8 10 -10 20 -12 12 -14 -15 -16 17 29 18 -20 -21 -22 22 -24 24 -26 -27 27 28 -30 -31
leaf_value=0.078854271235693163 0.051048036035332693 -0.075454653795597446 -0.061642650429386769 0.089246238410912684 -0.087173141017954259 -0.0052979811175721571 0.12748709790583101 -0.13985119007704647 -0.11956943632956495 1.0124159983763394 0.080542955395719026 -0.20360088296806436 -0.017768716489823932 0.096758248162337357 -0.052374125701688083 -0.048356521119920282 0.010192933959258748 -0.09214753984198075 0.1421062606226759 0.090812348208489796 0.0080029913161429253 0.68770303267866528 0.030160959012824617 0.32772066280979151 -0.089308990415021008 0.013114955613501381 0.33846583938302705 -0.12047120329816255 0.15067665450899695 -0.14979634561816116
leaf_weight=10.31737472489476 23.057523270137608 11.430827596690504 2.3774727669078848 48.15478725079447 11.115151474950833 1162.4865685924888 17.577222462743521 2.0063601322472095 2.1587229529395691 0.35715197771787544 4.4829486277885726 6.285127872601155 4.7336812764406169 4.4332583062350794 86.924783046822995 48.265911773080006 216.27308207005262 15.328101004473863 4.5021533649414769 10.676164321601389 322.53614647313952 0.44209693372249503 9.2722588549368066 1.5912654353305726 3.7584806382656097 1.4994595013558862 2.364645247347652 2.246197218541055 4.2909261710010469 2.7648193240165702
leaf_count=65 276 758 133 452 185 27876 179 19 21 7 43 50 48 47 2530 1457 4777 237 30 143 6858 10 451 26 66 16 40 37 57 22
internal_value=0 0.00191939 -0.00900212 0.0457676 0.00766713 -0.00082274 0.0135638 0.00717139 0.0802869 0.00774339 -0.0389372 -0.0696172 -0.123767 0.023039 -0.0310103 -0.0116537 0.0122441 -0.0225599 0.0107709 -0.00722692 0.0106027 0.0938567 0.0600855 -0.0544231 0.030002 0.17509 0.091295 0.132141 0.0575085 0.00817346
internal_weight=0 1619.41 424.296 95.3124 241.432 1524.1 361.616 44.9989 50.3135 344.038 21.9414 17.4584 11.0188 6.43962 182.864 95.9389 230.317 85.6215 37.3556 32.8535 332.608 10.0715 9.71436 22.1773 6.84921 3.09072 11.2792 8.90177 6.53712 219.038
internal_count=46916 37095 9821 956 5251 36139 8263 483 473 8084 207 164 98 66 4570 2040 5066 1975 518 488 7326 468 461 345 108 42 267 134 94 4799
is_linear=0
shrinkage=0.1


Tree=68
num_leaves=31
num_cat=0
split_feature=4 3 29 32 32 22 49 28 23 23 32 4 40 42 19 6 14 29 1 31 27 28 15 1 0 14 34 38 14 2
split_gain=3.92839 8.00892 8.19081 7.99489 7.41935 5.67698 5.65443 14.3397 7.60232 15.4097 7.30773 5.57349 13.3842 11.5616 14.0322 7.59773 9.42527 5.32127 5.0975 5.0193 4.67008 6.40551 4.61941 5.0139 4.37252 5.1508 4.23347 6.71432 5.34891 4.85115
threshold=1.937998365570061 -0.80621085275989135 -0.71880909327404952 1.3892112321619254 1.1190715693805806 -0.70268350437190952 10.500000000000002 -0.33543358421477271 0.14601882965566712 -0.65968041459019111 0.70852353976885218 1.7931554700223586 0.45500000000000007 0.78125000000000011 -0.091822614962700916 -0.75050295247505361 -1.2104079261619809 5.6895051025374981 1.3895651699539562 -1.0413718342809533 2.0096289943967167 -0.63593927027680197 -0.51498167145714324 2.1949769516226798 1.7190396749715193 -1.5790618145830022 1.9862589181959811 328.50000000000006 0.32460871874083647 0.69082721044602635
decision_type=2 2 2 2 2 2 2 2 2 2 2 2 2 2 2 2 2 2 2 2 2 2 2 2 2 2 2 2 2 2
left_child=11 -2 19 4 6 -5 8 -8 9 10 -4 17 13 15 -15 16 -13 26 -10 -3 21 -21 23 -6 25 -11 29 -28 -29 -1
right_child=1 2 3 5 22 -7 7 -9 18 24 -12 12 -14 14 -16 -17 -18 -19 -20 20 -22 -23 -24 -25 -26 -27 27 28 -30 -31
leaf_value=-0.0031929581923213195 -0.18176246118769335 0.099321375718084123 0.035923011660919983 -0.10411531372603965 -0.17269107667586936 0.084522819609587491 -0.050189521681766304 0.22255289842870252 0.25619538734443809 -0.067961577126518999 0.18364149359657767 -0.051731351109017054 0.11259618665650302 -0.42325777644943141 -0.031617809163687942 0.058814502550502627 -0.29072096134799708 -0.20379742028660899 0.054379217175461347 0.13272252396056081 -0.25275510030460785 -0.10309398740675345 0.018183550456628762 0.019324076834953869 0.10907253533472394 0.056999491584579981 -0.10306183974293953 0.029379033783718003 -0.071196290567904261 0.0086779220508721912
leaf_weight=1346.7960539354244 2.0524253202602258 1.5846711397171009 10.557512724772094 1.7032268391922141 4.7841229541227221 25.190411993302405 20.58415242750198 2.126850309316068 1.2882697582244862 23.668829053640369 4.9048768486827603 13.333108607679611 4.5126403234899035 1.9387044538743796 1.7323235026560713 5.1890532104298499 1.8832853250205506 1.2923641980160017 43.898461311124265 1.3924087528139324 1.5333164753392328 6.667999768629671 3.9600492054596526 1.8999572768807409 1.8303984198719252 3.8327011410146978 10.334941866225561 14.979469893034549 8.1730417029466462 462.46349347045179
leaf_count=29785 44 13 91 26 46 384 298 37 10 308 31 163 44 21 26 87 22 24 936 24 15 92 66 44 23 33 1143 656 483 11941
internal_value=0 0.0145326 0.0170287 0.0231735 0.0124012 0.072576 0.0199391 -0.0246476 0.0311926 0.00199878 0.0827813 -0.00163229 -0.0454472 -0.0750692 -0.238447 -0.045677 -0.0813103 -0.000952999 0.060133 -0.065554 -0.0927878 -0.0623575 -0.0674036 -0.118111 -0.0405859 -0.0505466 -0.000810739 -0.0360417 -0.00612495 -0.000158651
internal_weight=0 163.461 161.408 150.23 123.336 26.8936 112.692 22.711 89.981 44.7943 15.4624 1872.63 28.5891 24.0765 3.67103 20.4054 15.2164 1844.04 45.1867 11.1784 9.59372 8.06041 10.6441 6.68408 29.3319 27.5015 1842.75 33.4875 23.1525 1809.26
internal_count=46916 2521 2477 2333 1923 410 1767 335 1432 486 122 44395 363 319 47 272 185 44032 946 144 131 116 156 90 364 341 44008 2282 1139 41726
is_linear=0
shrinkage=0.1


Tree=69
num_leaves=31
num_cat=0
split_feature=8 28 28 12 2 35 49 29 1 10 32 9 4 12 12 19 21 24 32 3 5 20 40 28 28 32 32 25 38 35
split_gain=3.70864 4.10333 11.7848 8.94028 13.493 9.13891 17.1147 8.77026 8.68388 9.68412 9.26156 11.0769 8.28574 12.63 9.64371 7.77644 7.60599 7.5658 7.48565 14.5937 9.86977 6.75219 6.69209 6.50903 6.482 11.8862 8.97474 7.70592 6.83615 6.75615
threshold=3.5893107819103243 -0.2895601940766695 -0.33902275384134734 0.48427286388641433 0.70695424236692295 1.9846942168592652 12.500000000000002 2.7774320358215294 0.76395784354252216 1.1044997623069388 -0.10038038707121424 -0.25503284676732069 -0.57295918374399457 -0.73919745939507497 -0.77719901059487007 -0.48029759329505373 -0.50476985572584543 -0.26892091098637616 -0.57508805452619294 -0.2077757303508673 -0.15855605382110213 0.99682344829306757 0.045000000000000005 -0.32116030648910937 -0.22931502452298366 1.4609632700667003 -1.3598870004267729 0.44274310670737488 251.50000000000003 -0.013840024076560634
decision_type=2 2 2 2 2 2 2 2 2 2 2 2 2 2 2 2 2 2 2 2 2 2 2 2 2 2 2 2 2 2
left_child=1 2 7 4 8 15 18 -1 10 23 -4 -12 -13 14 16 22 -14 -3 -7 -20 -21 -9 -6 -10 25 26 28 -27 -19 -28
right_child=-2 17 3 -5 5 6 -8 21 9 -11 11 12 13 -15 -16 -17 -18 24 19 20 -22 -23 -24 -25 -26 27 29 -29 -30 -31
leaf_value=-0.0009418348736883464 0.051485804199468459 0.19725209139448099 -0.064894362424501667 -0.054108704855760983 0.22950540637976027 0.025674622970932034 -0.0077661662628384772 0.16268850220357042 0.28217463359964906 0.028964837132785051 0.39999389033451205 0.14801931479567915 0.11560387730350011 -0.033252915319768574 0.28152858608304476 0.26352328592385615 -0.06560823397185668 -0.023301693656137278 0.58530650696855735 0.10192546120037758 0.38918627900239255 0.0064824573753088496 -0.053275154121070901 0.088011122023364585 -0.0037087921585158851 -0.037196844910671358 0.35632930818308695 0.18580989504151693 0.35035708283144151 -0.050582165901729384
leaf_weight=1190.6095239238348 13.731020459206773 1.8130779028870154 13.720307978801427 10.142400839016771 0.99463406298309553 1.1128900619223721 3.33044336468447 5.8170486702583712 3.2494886475615203 11.331593632232396 0.79196477774530549 4.6774046877399007 6.3135490524582556 25.385677988640978 2.1748801507055679 1.2633322498295481 3.6583528118208042 0.95549451187252898 1.4515381827950484 2.8090741233900194 2.0829564547166188 5.2781438650563359 5.2764396821148694 3.6839643102139261 623.2783441740321 2.5646170717664054 0.41016764985397358 3.9146195556968451 1.0042063565924761 78.556321544572711
leaf_count=21149 207 34 512 467 11 42 128 78 43 169 29 96 59 456 20 24 44 35 33 38 23 92 135 70 20558 54 9 34 10 2257
internal_value=0 -0.000661117 0.00267089 0.0350572 0.0447493 0.121682 0.180708 -0.000117146 0.0259527 0.0859221 0.00664207 0.0294667 0.0225147 0.00687394 0.0907354 0.0371746 0.0491233 -0.0067647 0.26489 0.306857 0.224237 0.088379 -0.00842427 0.179009 -0.00728518 -0.032788 -0.0432224 0.0975392 0.168172 -0.0484686
internal_weight=0 2017.65 1305.16 103.451 93.3085 18.3213 10.7869 1201.7 74.9872 18.265 56.7221 43.0018 42.2099 37.5325 12.1468 7.53441 9.9719 712.497 7.45646 6.34357 4.89203 11.0952 6.27107 6.93345 710.684 87.4054 80.9262 6.47924 1.9597 78.9665
internal_count=46916 46709 23718 2399 1932 434 264 21319 1498 282 1216 704 675 579 123 170 103 22991 136 94 61 170 146 113 22957 2399 2311 88 45 2266
is_linear=0
shrinkage=0.1


Tree=70
num_leaves=31
num_cat=0
split_feature=30 3 32 13 9 35 40 40 28 38 3 5 12 8 19 22 26 16 20 49 20 13 5 12 38 38 31 7 3 6
split_gain=3.51076 4.83777 5.39023 5.68216 4.59313 4.54358 12.4331 10.7203 7.40471 6.11476 8.94736 5.26012 10.5081 8.66216 15.2628 8.77456 7.2511 7.88195 6.97572 6.23806 5.9463 5.77325 5.40469 9.10132 6.99933 9.75658 6.04315 5.79812 6.95836 8.42715
threshold=-0.076509626136205766 -0.050615894439900964 -0.31937225980883366 -0.028028867329084002 -1.363466524218935 3.0005698435860775 0.34500000000000003 0.43500000000000005 5.6683840707219026 3350.5000000000005 -0.43957762066594869 -0.61736831227646094 0.25629780269925528 -0.42937376192705939 -1.0000000180025095e-35 -0.0068596300999592347 -0.21429955777521217 -0.0381908973914084 -0.66106657907098731 10.500000000000002 3.6038016850054864 -0.73941361340669831 -0.57642756790021543 0.18411620389221781 505.50000000000006 670.50000000000011 -0.0065970504477752432 3.3815573026622636 -0.76987746437582383 0.42165523685258655
decision_type=2 2 2 2 2 2 2 2 2 2 2 2 2 2 2 2 2 2 2 2 2 2 2 2 2 2 2 2 2 2
left_child=5 -2 4 -4 -3 6 11 -7 9 -8 -11 16 22 -14 15 21 18 -18 -1 -17 -19 -15 -13 27 26 -26 -25 28 29 -24
right_child=1 2 3 -5 -6 7 8 -9 -10 10 -12 12 13 14 -16 19 17 20 -20 -21 -22 -23 23 24 25 -27 -28 -29 -30 -31
leaf_value=0.31098286608647729 -0.032533800534780791 0.18280951511324064 0.18034405710872373 0.010119012081387003 -0.091810177432621265 0.048666150848648705 -0.046261937632756184 0.0036185191002311916 0.38621191839230101 -0.068930277959343575 0.39027330123410447 -0.059761434014707009 -0.070107568741129833 0.25730235575967747 0.46984730700116001 0.093591420296860031 0.19277215310321941 -0.042474435713200163 -0.0034971863192198882 0.37365057624564679 -0.23263126017543928 -0.059038326528631051 0.033688505224593525 0.14489029315758112 0.37165385075355623 0.08465325425473047 -0.026840846258727027 -0.18743315015749959 0.00074104357289142249 0.21792209576739549
leaf_weight=0.70882983808405597 76.405856418656185 0.66170397889800359 2.0378081002272657 51.991787988925353 7.6522717253537831 59.184432824375108 79.623439315706491 491.86572403949685 0.40536277275532384 0.91023991396650672 0.79481819132342824 13.986671046703121 2.3367089109960935 0.69487290992401396 1.2513217893429089 1.8353658453561368 1.3945100747514505 61.026218237821013 143.56759559595957 1.4035454802215097 1.6899983473122109 3.3984603723511104 18.346383837983016 2.9659844376146784 1.6430624984204758 4.24404765246436 6.6286502042785278 1.61903148703277 986.07218449329957 2.8713910002261391
leaf_count=36 2133 25 23 809 295 1265 4893 10538 22 31 20 545 46 14 20 37 33 2367 4588 37 17 71 411 30 19 60 262 24 18202 43
internal_value=0 -0.0156667 0.00500487 0.0165393 -0.0699534 0.00081354 -0.00233096 0.00845677 -0.0401244 -0.0422494 0.145129 0.000125145 0.00300717 0.10059 0.147059 0.0919723 -0.0143868 -0.0423701 -0.00195215 0.214952 -0.0475985 -0.00533721 0.00198092 0.00282393 0.0789153 0.164754 0.0262463 0.00165631 0.00196023 0.0586207
internal_weight=0 138.749 62.3436 54.0296 8.31398 1890.47 1339.42 551.05 81.7339 81.3285 1.70506 1257.68 1049.3 10.9203 8.58357 7.33224 208.387 64.1107 144.276 3.23891 62.7162 4.09333 1038.38 1024.39 15.4817 5.88711 9.59463 1008.91 1007.29 21.2178
internal_count=46916 3285 1152 832 320 43631 31828 11803 4966 4944 51 26862 19821 225 179 159 7041 2417 4624 74 2384 85 19596 19051 371 79 292 18680 18656 454
is_linear=0
shrinkage=0.1


Tree=71
num_leaves=31
num_cat=0
split_feature=29 28 24 26 24 30 35 21 34 4 8 32 26 46 3 49 40 9 20 1 34 9 38 40 19 38 8 36 35 28
split_gain=3.46502 6.9334 5.6969 6.42977 5.91715 7.98661 6.94067 6.57777 7.57668 7.9079 6.20098 5.86235 5.29948 8.55322 5.76895 5.30132 5.84268 5.26206 6.37687 6.48059 6.2897 8.05099 6.92055 10.1717 6.90631 7.32998 7.21196 5.62316 5.15845 6.58756
threshold=0.21521390359435094 1.6279042542704911 -0.2367279734498936 -0.8074636783018575 -0.23961422332269117 -0.08134301971450443 4.9991424286896304 -1.0706472105749421 0.99473193381838443 0.91999831925264186 3.5893107819103243 0.10670001583987922 2.3250179152022139 13.500000000000002 -0.60189915334289024 22.500000000000004 0.22500000000000003 1.3690090669883839 -0.10157373038070801 -1.27490926546895 0.012217423206805253 1.7341261291532541 101.00000000000001 0.03500000000000001 1.7325470294327585 66.500000000000014 -0.93221455131418185 3.5000000000000004 4.0181218821189679 -0.03882129994234703
decision_type=2 2 2 2 2 2 2 2 2 2 2 2 2 2 2 2 2 2 2 2 2 2 2 2 2 2 2 2 2 2
left_child=1 2 4 -4 10 7 -7 -6 9 11 12 -9 15 -14 -15 -1 -17 28 19 -19 21 -20 -22 -24 27 -26 -27 -23 -2 -30
right_child=17 -3 3 -5 5 6 -8 8 -10 -11 -12 -13 13 14 -16 16 -18 18 20 -21 22 24 23 -25 25 26 -28 -29 29 -31
leaf_value=-0.00021460945431297048 -0.0018589001543217654 -0.052137681667938675 0.016012934886830459 -0.036405395702395427 0.27924325857233279 -0.034491178883278954 0.2070733940416504 -0.096618396572134502 -0.057268810993990588 0.34378509279562952 0.073814006428549739 0.13484919642889501 -0.10249809237205137 -0.055660916321320655 0.20166507636813297 0.12379048251794528 -0.088292757701299546 0.020473929658812014 0.096067052824657911 0.2356872366082087 -0.064729305126130898 0.069685585229321709 -0.093273134967200355 0.061811611146880108 -0.263648427525142 0.050396110608216416 -0.24042793840495325 -0.070530618734246125 0.050481315025279673 -0.017560416428853559
leaf_weight=1248.079433756182 414.0803981020581 28.02984927513171 31.704914443893358 89.342660735594109 1.849274681881069 11.011812959681263 1.3334491252899159 1.4363358591217563 3.0757594255264848 1.3966600960120557 11.003723685164003 4.5933768851682544 11.460455497726796 1.6981283223722132 1.7891410973388691 1.463820345699786 11.534595833509227 2.6940739834681153 19.217755590565503 2.9110854566097251 13.709698954131452 14.17932358430699 5.5537316184490946 17.732624614611268 1.619501681998371 3.6569823259487744 1.1119694355875256 3.5828049816191188 43.937655203510076 21.043981339316815
leaf_count=28901 9329 1587 765 2248 39 281 13 60 92 23 141 64 248 53 26 12 779 26 349 19 150 291 30 148 25 81 17 19 651 449
internal_value=0 -0.00288208 -0.00191847 -0.0226759 -2.95064e-06 0.0484823 -0.00839906 0.105335 0.0747127 0.129375 -0.000933329 0.0797114 -0.00157791 -0.0607709 0.07636 -0.000876285 -0.0644089 0.00633987 0.0291205 0.132247 0.0219277 0.0477667 -0.00836173 0.0248243 0.00933175 -0.0798362 -0.0174149 0.0414025 0.00225181 0.0284463
internal_weight=0 1460.8 1432.77 121.048 1311.73 24.6967 12.3453 12.3514 10.5021 7.42637 1287.03 6.02971 1276.03 14.9477 3.48727 1261.08 12.9984 565.032 85.9696 5.60516 80.3644 43.3683 36.9961 23.2864 24.1506 6.38845 4.76895 17.7621 479.062 64.9816
internal_count=46916 35332 33745 3013 30732 572 294 278 239 147 30160 124 30019 327 79 29692 791 11584 1155 45 1110 782 328 178 433 123 98 310 10429 1100
is_linear=0
shrinkage=0.1


Tree=72
num_leaves=31
num_cat=0
split_feature=10 46 18 26 34 28 32 10 49 1 3 32 19 3 34 3 6 1 3 32 4 49 19 32 11 33 17 32 36 13
split_gain=3.31087 7.85573 5.03948 7.08622 4.39295 4.21197 6.25078 4.2049 5.06255 4.13782 4.67163 4.22986 6.50016 5.61728 4.93001 5.36754 5.08351 5.71489 4.47984 4.24612 6.05893 4.13038 6.20873 4.08562 7.21642 6.96376 8.27743 9.96909 6.45178 7.12031
threshold=1.5544313764064441 2.5000000000000004 0.97979013239787915 0.94107954873559307 -0.0039957303730489115 -0.061305498554588014 -1.1291090534615715 2.4142217814499993 3.5000000000000004 3.6413613997774812 -0.76987746437582383 0.72002646161279282 -0.37153866666794605 -0.3959932338372642 0.99473193381838443 -0.76987746437582383 -0.13297491215438997 1.7594950780666372 -0.66899200611042298 1.4088078031532183 1.7931554700223586 13.500000000000002 -0.087224103335818606 -0.8185978834558062 2.7813109625066192 -0.77753630718403466 0.0036787246806748567 -0.66113440948272906 2.5000000000000004 0.50069149795719448
decision_type=2 2 2 2 2 2 2 2 2 2 2 2 2 2 2 2 2 2 2 2 2 2 2 2 2 2 2 2 2 2
left_child=23 -2 5 4 -4 6 21 8 -6 11 -11 -8 13 -13 -14 -16 17 -17 -18 20 -19 -3 -23 28 25 26 -25 -28 -1 -30
right_child=1 2 3 -5 7 -7 9 -9 -10 10 -12 12 14 -15 15 16 18 19 -20 -21 -22 22 -24 24 -26 -27 27 -29 29 -31
leaf_value=-0.37869653875198783 0.064205207970449638 0.050480947374977103 0.059609781613763325 0.081147221754990478 -0.27749367140656511 -0.14409681917761688 -0.0038505736145192635 -0.010087798271343122 -0.095674705946298913 -0.27666917800847063 -0.032729129668236517 -0.19544441095372594 0.067529127130458208 -0.0020940643108068968 0.12761471040694269 0.16911701607724339 -0.009532708780309717 0.055604404962152215 -0.14241171870021208 0.053790844204758936 -0.11162896914598493 0.34904739546097463 0.034599255202638832 -0.0018261158788081004 0.14277554995504091 -0.00059837873425526997 0.67098737591955493 0.13749098464588277 -0.020258038213061762 0.033797651495808066
leaf_weight=0.48499868810176749 24.632409928366542 8.7476521190255863 2.0412310548126724 3.5419435240328303 1.9715161044150571 1.7760173389688123 109.70187509898096 3.7681862339377394 6.8601105650886893 1.0250793434679506 3.352825913578271 2.240187356248498 29.215689646080136 4.5634442698210469 3.6388367954641572 2.5371488668024567 7.4730075020343065 3.7471162453293818 3.841348819434641 10.059022553265093 5.1358112087473273 1.2895153034478428 1.2238809904083598 1.8869306582491838 3.534337790682911 1545.5058809878537 0.51252131164073933 1.1063540717586873 197.1076563015813 27.805266094394028
leaf_count=3 591 148 40 42 22 32 1701 56 62 17 58 23 637 44 23 20 53 33 26 69 49 26 22 98 29 32222 24 41 9935 770
internal_value=0 0.0106788 0.00462376 -0.0457757 -0.0764807 0.00921573 0.0105924 -0.0985281 -0.136263 0.00622443 -0.0898473 0.00853343 0.0272845 -0.0657573 0.0369272 0.012387 -0.000398917 0.0281767 -0.0546466 0.00929863 -0.0410843 0.0829441 0.195929 -0.00177989 4.66218e-05 -0.000279039 0.140499 0.306391 -0.014361 -0.0135753
internal_weight=0 242.384 217.751 18.183 14.641 199.568 197.792 12.5998 8.83163 186.531 4.37791 182.153 72.4516 6.80363 65.648 36.4323 32.7935 21.4791 11.3144 18.942 8.88293 11.261 2.5134 1777.94 1552.55 1549.01 3.50581 1.61888 225.398 224.913
internal_count=46916 3794 3203 222 180 2981 2949 140 84 2753 75 2678 977 67 910 273 250 171 79 151 82 196 48 43122 32414 32385 163 65 10708 10705
is_linear=0
shrinkage=0.1


Tree=73
num_leaves=31
num_cat=0
split_feature=38 28 35 20 28 10 35 29 19 31 29 49 8 25 19 9 46 19 4 20 32 32 38 38 4 7 7 8 0 28
split_gain=3.21241 8.95521 7.87556 6.11647 5.45196 4.93129 4.6727 7.59795 4.45052 5.39555 4.20611 4.14064 5.29437 5.74782 16.2678 5.0926 4.5174 4.06301 4.03107 7.56113 7.35382 14.3135 11.6836 15.8599 9.26975 8.81445 19.7976 6.26953 6.13944 6.02727
threshold=2780.5000000000005 0.51363082666914617 3.0010643871955618 0.81135300655884779 0.74967557900086235 -0.52831281546246267 0.99998982328949448 0.69119090659902982 -0.08031914065583709 -0.42435998944808473 5.1658264084769021 21.500000000000004 -0.17826285104676462 -1.0053585765738815 -0.6623960880988119 2.0960603886239708 32.500000000000007 -0.68752564477658173 -0.60604405589894506 1.6517093358108206 -0.76863431211269184 -0.70416228029279959 578.50000000000011 129.50000000000003 -0.61319608885753196 -0.3970102217584644 -0.8453704506706774 -1.1771184843892613 -1.093503659702513 1.3642796397410459
decision_type=2 2 2 2 2 2 2 2 2 2 2 2 2 2 2 2 2 2 2 2 2 2 2 2 2 2 2 2 2 2
left_child=10 3 4 5 -3 6 -2 -8 9 -5 11 18 13 14 -13 16 -15 -6 19 20 27 22 23 24 -22 26 -25 -1 -23 -20
right_child=1 2 -4 8 17 -7 7 -9 -10 -11 -12 12 -14 15 -16 -17 -18 -19 29 -21 21 28 -24 25 -26 -27 -28 -29 -30 -31
leaf_value=0.042451721414459083 -0.12761613684225853 0.27284961295276328 -0.10695419640663642 -0.01430731336513502 0.15901874153983619 -0.089046439820487447 -0.025361792441048525 0.17362679864219388 -0.043685485388496176 0.11644682081034595 -0.12257964052424496 1.1740250257556788 -0.098494044420859059 -0.057881456190914761 0.040363995516838586 0.16226554927057105 0.16609890025457308 -0.048173385017213841 0.0029048758784976248 -0.14575207197664475 0.00058418930694559658 0.25218895798261548 -0.10402585908112577 0.19788065003728983 0.61220701558172741 0.18557310489283263 0.97727898976077998 -0.05187671334837677 -0.004559917784479086 0.087361735163056911
leaf_weight=8.1672249936964345 3.166863291058692 1.9614782407879818 1.7105621160008011 6.756841073743999 2.1531978233251721 22.054647754412144 11.89800866646692 2.2878113868646315 9.5283249504864198 5.9217992946505564 2.7731023525120682 0.15586558892391622 9.5346067992504668 10.859927687793967 0.67367379728239107 1.4016811009496457 0.98188246320933181 1.6887745419517162 1554.9746962694917 3.9646693821996442 2.5809711401816458 0.93439860083162685 1.4629721869714556 0.65932358498685073 0.27411781018599812 0.97447220794856537 0.64447070518508565 51.330497976043262 285.20676016889047 8.4960511457174999
leaf_count=411 50 21 46 59 27 432 186 29 85 43 53 3 793 686 84 12 9 51 30464 46 227 11 52 26 6 34 17 4044 8713 196
internal_value=0 -0.0214474 0.0816184 -0.0340166 0.1372 -0.0576685 -0.0177882 0.00673 0.00795484 0.0467639 0.000489056 0.000664678 -0.0409602 -0.00198053 0.253372 -0.0179752 -0.0393098 0.0679455 0.00117657 -0.00842395 -0.00687822 -0.000364169 0.145273 0.216322 0.0593063 0.413091 0.58314 -0.0389283 -0.0037215 0.00336382
internal_weight=0 69.1283 7.51401 61.6143 5.80345 39.4073 17.3527 14.1858 22.207 12.6786 1946.05 1943.28 23.6076 14.073 0.829539 13.2435 11.8418 3.84197 1919.67 356.2 352.235 292.737 6.59633 5.13336 2.85509 2.27827 1.30379 59.4977 286.141 1563.47
internal_count=46916 1029 145 884 99 697 265 215 187 102 45887 45834 1587 794 87 707 695 78 44247 13587 13541 9086 362 310 233 77 43 4455 8724 30660
is_linear=0
shrinkage=0.1


Tree=74
num_leaves=31
num_cat=0
split_feature=35 40 0 6 3 11 0 20 0 40 24 33 20 32 20 28 9 33 10 46 42 17 15 32 25 19 38 19 9 22
split_gain=3.0949 16.0724 13.2028 11.4672 8.87793 7.7161 7.62467 10.1834 7.34313 20.5135 7.31467 7.27147 6.7976 8.30485 7.53991 8.02631 6.60963 8.11782 7.37764 6.30188 7.4684 6.62436 6.24595 6.09569 12.2526 18.8629 10.6314 8.65584 8.85393 8.53413
threshold=0.021372449354867915 0.13500000000000004 -0.59038552473514005 -0.35602877798362659 2.3403192594420683 2.7701439728245174 1.2201482770191407 1.6517093358108206 -0.74864791665585828 0.48000000000000004 -0.24938016840882804 0.13389066809518402 1.0422042645942826 -0.33735754431409576 1.8637621321888729 -0.25318264439886656 -1.0589080011952929 -0.77387838335740355 2.7432499550711502 2.5000000000000004 0.21875000000000003 -0.011287161658293654 1.3462539481989968 0.72002646161279282 0.21380057498312752 -0.38961642598237517 1371.0000000000002 -0.72295424290091281 -0.1030729298822347 0.4260368969811717
decision_type=2 2 2 2 2 2 2 2 2 2 2 2 2 2 2 2 2 2 2 2 2 2 2 2 2 2 2 2 2 2
left_child=2 3 19 6 12 -5 7 10 9 16 -2 -8 23 -14 15 -15 18 -18 -3 20 -1 -22 -6 27 25 -25 -26 28 -4 -29
right_child=1 8 4 5 22 -7 11 -9 -10 -11 -12 -13 13 14 -16 -17 17 -19 -20 -21 21 -23 -24 24 26 -27 -28 29 -30 -31
leaf_value=0.069339389699297801 -0.19345787731614958 -0.035408989717808412 -0.02608984320402348 0.084395740503054151 -0.10918724162577415 -0.1149257127932863 0.019705573453076823 0.087899856329070658 -0.0046744927166686703 0.12040961261886736 -0.00040257685221480331 -0.18803254292066152 0.13254725035915005 -0.084399123733223586 0.0066722801774627798 0.11075911583205772 0.25048998507648673 0.0091928141266636645 -0.38841925892513401 -0.048506987412948538 0.12088807594729714 -0.026354958130918468 0.14020966259244894 0.42922358277527267 0.057632969854395255 0.02806168578202364 -0.12985394162077499 0.013280915837513807 0.18293597400135342 -0.082099718216999157
leaf_weight=10.350253564305602 2.1693137763068107 23.130798216443512 3.1569735717494041 46.09629142889753 9.386174804531036 2.0276113655418149 3.1303398348391047 14.734206353314219 1144.8020851801848 16.562946443445981 20.595745688304305 3.6492154952138662 3.4753438634797922 23.326414424926046 30.735778043046594 2.3166726185008875 1.4003884443081904 317.16844143182971 0.60757933650165696 83.961607782868668 3.1767214541323474 80.035572062013671 1.1244977368041862 2.1345862771850079 25.515006390865896 2.5995115593541405 3.4311878066509953 116.61613523704 5.6588434623554331 10.201397409429772
leaf_count=65 20 1435 135 455 168 18 34 220 27876 179 180 29 27 220 285 25 36 6602 11 2530 59 1916 17 34 373 60 30 3268 84 525
internal_value=0 0.00172572 -0.00794759 0.0422065 0.00736234 0.0759977 0.00548087 0.0231251 -0.000761875 0.0117194 -0.0187991 -0.0921131 0.0114841 -0.0174827 -0.0267309 -0.0667679 0.00646034 0.0102535 -0.0444442 -0.0286178 -0.0107695 -0.0207338 -0.0825052 0.0217241 0.059801 0.208944 0.0354089 0.0122689 0.108083 0.00560835
internal_weight=0 1596.07 417.203 92.4027 239.679 48.1239 44.2788 37.4993 1503.67 358.87 22.7651 6.77956 229.168 59.8542 56.3789 25.6431 342.307 318.569 23.7384 177.524 93.5625 83.2123 10.5107 169.314 33.6803 4.7341 28.9462 135.633 8.81582 126.818
internal_count=46916 37095 9821 956 5251 473 483 420 36139 8263 200 63 5066 557 530 245 8084 6638 1446 4570 2040 1975 185 4509 497 94 403 4012 219 3793
is_linear=0
shrinkage=0.1


Tree=75
num_leaves=31
num_cat=0
split_feature=4 38 38 8 21 29 40 25 25 10 4 14 5 23 8 20 34 2 19 2 38 38 38 14 38 38 9 21 38 49
split_gain=3.04601 8.41182 7.65995 7.81694 10.6902 8.37613 9.48233 8.33952 12.4389 7.69729 9.27916 8.47669 8.25527 7.64838 7.64145 7.19736 6.98968 6.47067 6.26413 6.19209 6.0752 7.69703 12.2227 7.96481 7.13451 10.1733 8.18839 7.14316 7.00414 16.1929
threshold=0.98105703724780502 350.50000000000006 222.50000000000003 0.5750766593220934 -0.027779994293123968 -0.64503158278353845 0.15500000000000003 1.7656044094593504 1.2118210164703627 1.5544313764064441 1.1774073924242516 -2.5349083810324538 -0.17347411299645277 0.80720116045452472 -1.1837850209030563 1.4038510647050255 0.011936527553918289 -1.0423574425929873 1.4285458088863365 1.1540539117480049 32.500000000000007 29.500000000000004 28.500000000000004 0.6521726293534128 34.500000000000007 47.500000000000007 -1.2416564457117865 -1.2050289688062952 44.500000000000007 4.5000000000000009
decision_type=2 2 2 2 2 2 2 2 2 2 2 2 2 2 2 2 2 2 2 2 2 2 2 2 2 2 2 2 2 2
left_child=20 2 3 4 5 -2 9 8 13 10 -7 -12 -11 -5 -8 -4 17 18 -6 -3 21 22 23 -1 26 28 -22 -28 29 -26
right_child=1 19 15 7 16 6 14 -9 -10 12 11 -13 -14 -15 -16 -17 -18 -19 -20 -21 24 -23 -24 -25 25 -27 27 -29 -30 -31
leaf_value=-0.02145482936662595 0.1376606335410705 -0.0098902497278839912 0.03023457861114864 -0.099641494707655542 -0.11580767235212293 0.090493922195394177 0.2565665262147358 -0.20894502011934507 0.13098717000758084 -0.24113694614807868 0.14792670291500984 -0.075537847832221117 0.061424183577009843 0.014622592035094931 0.045626482083548879 0.12371229132689468 -0.053990259031978627 0.020108215733656287 -0.00031667720992950208 -0.099682531031019497 0.21796117342174251 -0.10146756805147546 0.16404969736150246 0.033099114251196125 -0.047801763086514716 0.0012945211852647865 0.11250030459034605 0.012728683564834973 -0.072336736982289082 0.07776621197127831
leaf_weight=231.19056180270854 7.4388337805867186 102.00815262598917 31.057599355001003 13.71432050783188 7.6058251652866629 4.8704287200234857 1.7577134147286404 2.6129438690841189 4.4642814295366398 0.95133178122341888 1.8253734083846236 24.230963327456266 17.316269272007048 10.225998460780827 74.777024826267734 11.209683996625243 24.873319371370599 70.392310643568635 12.277282417751847 8.3052473305724543 2.3125417437404385 10.101580305607056 3.8628708114847532 30.265801095869392 36.173841297626495 1153.796371429693 8.3024413045495731 52.885323989205062 31.329826022963971 14.341555648716165
leaf_count=9009 108 1391 350 207 107 69 23 21 39 19 10 300 305 165 1169 152 337 1115 214 109 28 1441 46 1539 1213 24164 57 460 2571 178
internal_value=0 0.00717767 0.015351 0.00934768 0.01526 0.0345538 0.0284535 -0.0379844 -0.0222577 -0.00580052 -0.0362013 -0.0598831 0.0456675 -0.0508341 0.050471 0.0550258 -0.00705309 0.00587937 -0.0444951 -0.0166505 -0.00230223 -0.0157928 -0.0125309 -0.0151397 0.000557802 -0.00112214 0.0332476 0.0262665 -0.0351906 -0.0121524
internal_weight=0 431.915 321.602 279.334 248.317 133.168 125.729 31.0175 28.4046 49.1944 30.9268 26.0563 18.2676 23.9403 76.5347 42.2673 115.149 90.2754 19.8831 110.313 1574.56 275.421 265.319 261.456 1299.14 1235.64 63.5003 61.1878 81.8452 50.5154
internal_count=46916 6210 4710 4208 3776 2003 1895 432 411 703 379 310 324 372 1192 502 1773 1436 321 1500 40706 12035 10594 10548 28671 28126 545 517 3962 1391
is_linear=0
shrinkage=0.1


Tree=76
num_leaves=31
num_cat=0
split_feature=40 2 19 10 27 4 16 38 42 49 35 2 42 29 9 38 21 28 4 5 42 4 3 26 28 23 7 28 7 2
split_gain=3.0179 2.92078 3.0453 3.53632 9.25531 8.39161 3.86706 3.39858 3.75992 5.01833 4.31004 6.29572 6.3601 3.67626 3.54456 6.54254 3.39085 7.64971 12.8279 9.28815 10.1907 8.18626 4.82019 4.0336 5.65292 10.8841 8.40938 6.40379 5.36306 5.16528
threshold=0.015000000000000001 3.1128318621903932 -0.80062456833677209 -1.4073986018874627 -1.3311378652625352 -0.955360054641056 -0.020974446203366946 2953.0000000000005 0.21875000000000003 12.500000000000002 0.97884450118364696 -1.0059321080889438 0.34375000000000006 5.6895051025374981 -1.5841890921939488 2285.5000000000005 1.9395671287383556 -0.48633470526528544 -0.0092845779441118794 -0.66577514808769667 0.34375000000000006 -0.15302756604419196 -0.78526638781649083 -1.1673628722427447 -0.3644828674166799 -2.5316379896829133 -0.48670907194660384 -0.29750834181014552 -0.48547372370813419 1.3560461804783648
decision_type=2 2 2 2 2 2 2 2 2 2 2 2 2 2 2 2 2 2 2 2 2 2 2 2 2 2 2 2 2 2
left_child=-1 2 -2 4 -4 6 -6 13 9 -9 -10 12 -12 14 15 -5 23 18 19 -18 21 -21 -19 24 26 -26 -16 -27 -28 -30
right_child=1 -3 3 7 5 -7 -8 8 10 -11 11 -13 -14 -15 16 -17 17 22 -20 20 -22 -23 -24 -25 25 27 28 -29 29 -31
leaf_value=0.10880259821336416 -0.053725573747571857 0.087478249624344251 0.38182678002913445 -0.048560480380517274 -0.035045859624630957 0.18380811232884064 0.13837123553020075 -0.017715543207520296 -0.10985023390215046 0.12714119683010511 0.17115844184605142 -0.042776120285179672 -0.053309783725585751 -0.16522259875614589 -0.064450408522175498 0.33603294839075304 -0.023481579649885898 0.26116766022181725 0.0037695692281525129 0.17687752850515817 0.068220986951292029 0.43664616051098987 -0.060362886999805979 0.0012462497604056873 0.45927621222527543 0.11338455135511825 0.30523239883922831 -0.02017741681641419 -0.0043059181669959541 -0.1874216571325111
leaf_weight=2.5342149809002867 10.715778933488762 3.7755496930330983 0.79091056017205019 20.839413392008286 9.1534607559442502 2.8021070525282985 1.4960319583769877 8.0916042868047935 7.2067844537086776 3.3949865195900193 3.0029321634210602 29.326187596190724 2.1776443012058735 1.3447543595684681 36.945553308352828 0.45191866531968017 2.9863862583879373 0.48845274746417899 21.386875765398145 3.2516040625050655 4.5065534729510546 1.9351176265627135 10.257961545605211 1720.427041640738 0.58634083485231059 5.1893949544755786 0.54977790033444662 11.64609830069821 71.030422393814661 1.5745797755662341
leaf_count=23 244 44 15 1476 330 43 37 55 146 26 34 518 28 26 598 15 98 8 337 56 45 26 401 39956 11 176 14 485 1622 23
internal_value=0 -0.000393294 -0.000559712 -0.00027239 0.0493774 0.0298304 -0.0106844 -0.000631599 -0.0255628 0.0250984 -0.0395133 -0.0248233 0.0768037 6.08649e-05 0.000176988 -0.0403973 0.000633401 0.0278134 0.0510188 0.130714 0.17822 0.273795 -0.0457485 -2.57173e-05 -0.0171861 0.0357426 -0.0255613 0.0209919 -0.00592103 -0.00827714
internal_weight=0 1997.33 1993.56 1982.84 14.2425 13.4516 10.6495 1968.6 53.2001 11.4866 41.7135 34.5068 5.18058 1915.4 1914.05 21.2913 1892.76 44.813 34.0665 12.6797 9.69328 5.18672 10.7464 1847.95 127.522 17.4218 110.1 16.8355 73.1548 72.605
internal_count=46916 46893 46849 46605 425 410 367 46180 807 81 726 580 62 45373 45347 1491 43856 971 562 225 127 82 409 42885 2929 672 2257 661 1659 1645
is_linear=0
shrinkage=0.1


Tree=77
num_leaves=31
num_cat=0
split_feature=14 14 14 14 10 42 15 46 6 14 14 38 38 38 6 6 38 38 6 38 38 6 15 34 13 6 38 38 25 31
split_gain=2.90555 6.50435 12.0204 8.15408 8.78968 8.35244 8.21775 8.67897 7.04845 10.8216 12.9332 9.80869 14.0111 9.58185 9.53713 8.52593 8.40955 7.82743 13.5029 10.0946 8.48295 10.8693 14.4259 9.47732 13.532 9.3294 18.4981 10.8246 9.08646 8.1118
threshold=-1.1453173209606649 -0.87931062798050552 -0.81026460493376928 -0.90222916023074151 1.4315107332976544 0.84375000000000011 -0.69808057130537904 1.0000000180025095e-35 -0.57391948617567878 -0.57075182664158031 -0.58509777067610658 179.50000000000003 145.50000000000003 186.50000000000003 0.80057616342650995 -0.39224279142266311 137.50000000000003 129.50000000000003 1.1377007747409664 115.50000000000001 94.500000000000014 0.65861014464370216 -0.71940279973575927 0.00030626640455386987 -0.57155142230766054 -0.23942766322674289 26.500000000000004 11.500000000000002 -0.17395127199238561 0.32078225585027798
decision_type=2 2 2 2 2 2 2 2 2 2 2 2 2 2 2 2 2 2 2 2 2 2 2 2 2 2 2 2 2 2
left_child=-1 3 -3 5 -5 6 -2 -8 -4 10 16 12 17 14 15 -13 -10 19 29 20 25 22 -22 24 -24 26 -11 -27 -29 -19
right_child=1 2 8 4 -6 -7 7 -9 9 11 -12 13 -14 -15 -16 -17 -18 18 -20 -21 21 -23 23 -25 -26 27 -28 28 -30 -31
leaf_value=0.0068576771608965916 -0.064083153820725491 0.06024200608334325 -0.031640582253378992 -0.093847617688629772 0.038857754637339745 -0.073535651737525243 0.062599222538727045 -0.0062377880754421675 0.032715506235367731 -0.032807540142761153 0.072353260811205231 0.049616336372772241 -0.047893600753708993 0.0045360845864641152 -0.090540487870746394 0.19256127352538957 -0.038558857212151493 0.013222495468690004 -0.10510435674274335 -0.084709979561522042 0.30311690362457044 -0.026767975724478407 0.36183009184087667 -0.0075766028587168719 0.06849391272434624 0.013579339134633382 0.030781659770009469 -0.067917656207157853 -0.019540989373858654 0.180488995765476
leaf_weight=446.4108325233683 17.349412844050676 32.290385401574895 73.35582670965232 24.834378115134317 6.24648827407509 18.121946499915794 24.198600988369435 75.340030363760889 39.233381856232882 71.334007434314117 43.780426003504544 11.735724255442623 89.008526608813554 522.51264570094645 3.05322968866676 6.4745813123881826 28.637344448128715 4.7731450917199236 3.6236420394852749 16.259086322505027 2.6220305426977601 14.989158735028466 1.9526987075805653 11.437847209163008 8.0803080238401908 68.57351710263174 127.53605797712225 53.078275181818753 144.59607619501185 7.3855050039710477
leaf_count=5977 373 400 2068 515 94 216 421 1318 790 2619 429 122 2448 9357 46 59 497 119 249 565 43 705 34 275 104 2776 2034 6458 5706 99
internal_value=0 -0.00229673 -5.62604e-05 -0.0209974 -0.0671771 -0.0103663 -0.000572741 0.010497 -0.00149423 0.000232524 0.0299771 -0.00260831 -0.0111507 0.00721392 0.0730168 0.10044 0.00264203 -0.00505184 0.0643287 -0.00715572 -0.0046548 0.0400923 0.0816888 0.0546479 0.125585 -0.00841473 0.00797243 -0.0206549 -0.0325308 0.114825
internal_weight=0 1552.41 1386.32 166.091 31.0809 135.01 116.888 99.5386 1354.03 1280.68 111.651 1169.03 625.25 543.776 21.2635 18.2103 67.8707 536.241 15.7823 520.459 504.2 39.082 24.0929 21.4709 10.033 465.118 198.87 266.248 197.674 12.1587
internal_count=46916 40939 38002 2937 609 2328 2112 1739 37602 35534 1716 33818 24234 9584 227 181 1287 21786 467 21319 20754 1161 456 413 138 19593 4653 14940 12164 218
is_linear=0
shrinkage=0.1


Tree=78
num_leaves=31
num_cat=0
split_feature=28 34 17 13 40 11 25 3 20 15 15 2 28 42 25 32 3 29 32 2 20 1 26 27 35 3 24 27 27 7
split_gain=3.00459 5.38128 7.86003 5.20271 4.92787 4.1319 3.9033 4.44623 7.7102 5.82559 4.19623 4.38132 8.2526 4.14343 3.76803 6.07429 7.11041 6.10604 5.38065 4.95343 4.49705 4.01656 3.61068 5.0643 3.96368 3.42887 7.52656 6.22187 9.58811 8.39266
threshold=-0.6282796763379922 0.97916257029051346 -0.017177396456559368 0.12682394260639876 0.03500000000000001 -0.95382031630535213 -0.15689883127726986 -0.17142666651403934 4.5410830428670961 -0.55785399394397917 -0.60065428943107224 -0.11383688609266347 -0.64254533157619453 0.28125000000000006 0.37727350348105065 0.46294703739621029 -0.76266907791484906 -0.70887247345329951 1.1030771499448113 1.1613220040355843 3.6038016850054864 2.906248484690519 -0.75994792722945859 1.5482484178451825 0.0052447675093599327 -0.77429277844835276 -0.2504016780691416 0.51107937094534395 0.32968217193982685 1.5153643400960026
decision_type=2 2 2 2 2 2 2 2 2 2 2 2 2 2 2 2 2 2 2 2 2 2 2 2 2 2 2 2 2 2
left_child=1 2 -1 4 -3 -2 -6 8 9 10 11 12 13 -8 15 21 -17 -18 -16 20 22 -4 24 -24 -20 26 -7 28 -28 -30
right_child=5 3 14 -5 6 25 7 -9 -10 -11 -12 -13 -14 -15 18 16 17 -19 19 -21 -22 -23 23 -25 -26 -27 27 -29 29 -31
leaf_value=0.30851292531562124 -0.059945343773841135 -0.097604966072755331 0.11792385247593702 0.12278051092150644 -0.061943512381213719 0.14988150385700127 0.10070461729149285 -0.082155298822089023 -0.10171766324077194 0.12615288956742493 -0.070569958620647785 0.0004667407952019466 0.24565318239541487 -0.067095948019844961 0.14121919212625228 -0.19631351959023982 -0.13475185641445672 0.012151463444159445 -0.05840671896901032 -0.070190631000168466 0.10562670702137263 -0.06532006491345535 0.054148727985914191 -0.14895531616440066 0.067217545134299714 -0.0018982541553798718 0.010419932888562269 -0.095126303483929239 0.43389889920249919 0.091866992803584471
leaf_weight=0.9939529299736013 11.967186348629182 6.5400391351431599 6.7363562332466227 2.841918993741273 9.965788778383283 4.1998991578584528 3.3958102883771062 4.8940697005018654 4.634349897503852 5.8926868969574562 4.6002927774097762 14.331956891342996 2.4556782282888872 2.5968734892085195 5.3918326040729871 1.9311644500121463 3.0765934437513343 35.216975996270776 3.0645336303860011 4.0431215707212678 9.3195807831361872 1.454442113637924 2.3335519032552865 2.5905466750264168 13.920266707427798 1751.4014102010988 62.943414881941862 5.0276957144960752 0.91620221128687163 3.3063874421641231
leaf_count=11 351 49 139 20 137 114 30 37 29 45 41 143 25 31 76 30 39 567 27 38 246 36 48 32 159 42229 1963 134 21 69
internal_value=0 0.0132418 0.0288598 -0.00939328 -0.0157268 -0.00137714 -0.0055788 0.00754494 0.0191257 0.0359569 0.0165455 0.0341377 0.0912578 0.0279898 0.0257394 0.00689077 -0.00909273 0.000348913 0.0481813 0.033959 0.0474431 0.0853852 0.0226931 -0.0527034 0.0445514 -0.000993673 0.0197448 0.012174 0.020206 0.16608
internal_weight=0 152.222 90.0729 62.1495 59.3075 1839.76 52.7675 42.8017 37.9076 33.2733 27.3806 22.7803 8.44836 5.99268 89.079 48.4155 40.2247 38.2936 40.6634 35.2716 31.2285 8.1908 21.9089 4.9241 16.9848 1827.8 76.3936 72.1937 67.166 4.22259
internal_count=46916 2035 1448 587 567 44881 518 381 344 315 270 229 86 61 1437 811 636 606 626 550 512 175 266 80 186 44530 2301 2187 2053 90
is_linear=0
shrinkage=0.1


Tree=79
num_leaves=31
num_cat=0
split_feature=29 28 2 8 17 15 29 35 7 7 27 38 26 29 38 38 42 24 38 31 25 25 8 28 5 5 28 18 32 25
split_gain=2.6859 5.42352 4.86829 8.34771 7.57191 6.15906 9.6243 8.17937 8.14935 9.95831 15.0581 13.4785 9.30125 7.64697 7.33702 6.89266 8.42208 7.36506 7.26293 10.596 9.79516 9.37686 8.57023 22.8217 10.8482 8.49304 6.41333 6.17138 8.69615 8.61491
threshold=0.21521390359435094 1.6279042542704911 0.63036117663104196 0.5750766593220934 0.0048897133532991958 -0.56853511419395841 -0.74397701067488764 0.9952351188401195 -0.75767218751773269 -0.68320824748907383 -0.61825858128924593 440.50000000000006 -0.44664766669410544 -0.69233395803513098 50.500000000000007 840.50000000000011 0.84375000000000011 -0.25268727607694025 332.50000000000006 -0.72880613687130036 -0.6114316709597214 -0.45557348948450294 1.0644301303716881 -0.43458799353243632 -0.56137908385604518 -0.11956948352362301 -0.57839127409992963 0.96779487538565567 -0.72887795334884709 0.14436366444854973
decision_type=2 2 2 2 2 2 2 2 2 2 2 2 2 2 2 2 2 2 2 2 2 2 2 2 2 2 2 2 2 2
left_child=1 2 3 -1 5 7 27 -4 -8 10 11 13 -12 -10 -11 17 -17 -16 19 21 -20 -19 23 26 -25 -24 -22 28 -7 -29
right_child=-2 -3 4 -5 -6 6 8 -9 9 14 12 -13 -14 -15 15 16 -18 18 20 -21 22 -23 25 24 -26 -27 -28 29 -30 -31
leaf_value=-0.0045792242275084468 0.0056692346506600202 -0.047878421989621542 -0.045871750567868373 -0.070265409564217493 0.052734108890545986 -0.0048824960187121656 -0.027159628630050215 0.0015514668616865104 0.43763113722756419 -0.017857926951313049 0.30396928655145716 0.74714503655736841 0.036244668552448032 -0.10295945835511394 -0.12286177239580512 -0.034090471853820324 0.150233561406658 0.34103849465645525 -0.063211207312286077 0.026175320844804385 0.21155524695951156 0.091149356889282385 -0.047184132694363105 0.27903417662789143 0.6616979315589222 0.19036008877627858 -0.03219938741202108 0.12101115112202097 -0.10246214685006771 -0.0010539742773227813
leaf_weight=896.83183714037295 554.783302652766 25.89091596158687 49.298113859957084 19.773825802491046 32.828738131327555 25.414568606996909 20.83659423852805 138.68149683391675 0.54145907331258047 23.692706446512602 1.5563462278805662 0.68370237760245789 7.8076051436364642 0.50639123213477333 2.1252010790631166 16.836103521985937 2.9068748732097438 1.9628332015126941 2.3422622147481897 40.521522471681237 2.0534386876970521 6.3907574545592052 3.0517416063230485 1.7492618486285212 1.2850998300127656 2.9698924084659666 2.2755101630464196 6.2172289713053024 14.255826382548547 82.56704335694667
leaf_count=20517 11584 1587 1358 521 786 1384 514 3573 30 1053 21 9 195 36 41 311 31 24 88 968 18 50 62 31 16 36 34 180 531 1327
internal_value=0 -0.002525 -0.001691 -0.00599626 0.00634028 0.00301868 0.0126793 -0.0108854 0.030612 0.0405393 0.130838 0.401747 0.0807421 0.176382 0.0314445 0.0449532 -0.00695136 0.0603105 0.0663362 0.0473161 0.125445 0.149866 0.158458 0.23082 0.441098 0.0699736 0.0834257 -0.00715769 -0.0399484 0.00749379
internal_weight=0 1433.85 1407.96 916.606 491.358 458.53 270.55 187.98 142.095 121.259 11.0955 1.73155 9.36395 1.04785 110.163 86.4705 19.743 66.7275 64.6023 48.8751 15.7272 8.35359 13.3849 7.36331 3.03436 6.02163 4.32895 128.455 39.6704 88.7843
internal_count=46916 35332 33745 21038 12707 11921 6990 4931 3568 3054 291 75 216 66 2763 1710 342 1368 1327 1042 285 74 197 99 47 98 52 3422 1915 1507
is_linear=0
shrinkage=0.1


Tree=80
num_leaves=31
num_cat=0
split_feature=10 32 46 2 31 5 25 26 0 42 5 9 9 19 21 4 21 9 27 26 11 2 34 22 2 40 0 32 40 20
split_gain=2.71511 4.65393 4.35521 6.5159 9.89135 7.02149 6.8783 11.1171 6.42085 12.8451 6.09725 8.07403 4.9179 5.82973 4.25157 5.34114 5.79323 4.20209 4.94244 4.58239 4.13442 4.12364 4.44101 4.07153 8.61107 4.14544 3.77051 3.66128 3.38325 3.34376
threshold=1.8684108007946159 -1.1032682243691925 10.500000000000002 0.9551899761653192 -0.75211527092451336 0.79630971803445327 0.049097780555023264 -0.31815693985450816 0.56894160220380663 0.84375000000000011 0.28779934743415742 0.097951100818817999 -1.215305102859944 0.27471847788310905 -0.056613871199259959 0.42967390640016273 -0.23702694696279744 -0.020509796873055031 -0.73695112837750021 1.4448013371999737 -0.20564437448245315 -0.38786411123719072 0.99149561030469757 -0.63148175863045009 0.93456759782903309 0.14500000000000005 0.073644208263440009 1.0561885938577886 0.15500000000000003 -0.66650439626998692
decision_type=2 2 2 2 2 2 2 2 2 2 2 2 2 2 2 2 2 2 2 2 2 2 2 2 2 2 2 2 2 2
left_child=29 21 3 8 5 -5 7 -6 12 10 -10 -12 13 -3 15 -4 17 -17 19 -19 28 22 -2 -16 25 -25 -20 -27 -18 -1
right_child=1 2 14 4 6 -7 -8 -9 9 -11 11 -13 -14 -15 23 16 20 18 26 -21 -22 -23 -24 24 -26 27 -28 -29 -30 -31
leaf_value=-0.10182083807275669 0.11041104965143339 0.10609270596882832 0.14471821529015344 -0.37104711719080602 0.10602531015205661 -0.046617618974155992 0.10819053273041575 -0.29491152193462594 -0.18982787535742951 -0.36347523998267262 -0.17259809938113529 0.090847640117154127 0.064358291005296178 -0.19217048854591384 -0.061030410589038887 -0.1119581365607909 -0.068500562173900256 0.13082424820298422 0.039218745577995463 -0.025981873382895527 0.18412071327066928 0.14932741302698854 -0.11424025272408944 -0.12394563132482959 0.15783928214246021 -0.074687385382764981 -0.06903461182951641 0.10915835539875987 0.092834784743344709 -0.0011003656033582623
leaf_weight=3.3020035811932749 1.8846512455493214 1.0860603582113904 2.8875941559672347 1.3694712016731503 1.3341361898928883 1.3006864869967101 3.5697552263736725 1.4359013438224772 1.3456963617354594 1.0492921248078353 1.4340518098324535 6.1627122154459357 42.800787734333433 1.6522727888077495 21.17824082495645 4.1225501955486861 2.1492168996483088 4.3403552230447557 4.6659539528191081 3.2660170383751392 2.5152360694482914 4.5732955308631045 1.6506831469014285 3.4038025075569731 3.0166702559217811 2.0308448085561395 10.364576978608964 2.3215385023504496 3.2887493520975113 1842.1236339141615
leaf_count=208 46 26 28 11 29 30 65 15 28 15 35 165 1110 30 233 76 16 36 39 30 20 81 26 28 32 27 82 17 39 44293
internal_value=0 0.0130598 0.00861114 0.0273196 -0.051562 -0.213011 0.0164362 -0.101808 0.0401182 -0.0324757 0.00636319 0.0411166 0.0560461 -0.0738752 -0.00874955 0.0140418 0.00317137 -0.0191001 -0.00218913 0.063495 0.0781063 0.0866275 0.0055191 -0.0355705 0.0144808 -0.0412767 -0.0354293 0.023375 0.0290711 -0.00128058
internal_weight=0 142.201 134.092 64.5408 9.00995 2.67016 6.33979 2.77004 55.5309 9.99175 8.94246 7.59676 45.5391 2.73833 69.5513 37.6002 34.7127 26.7595 22.6369 7.60637 7.9532 8.10863 3.53533 31.9511 10.7729 7.75619 15.0305 4.35238 5.43797 1845.43
internal_count=46916 2415 2262 1559 150 41 109 44 1409 243 228 200 1166 56 703 366 338 263 187 66 75 153 72 337 104 72 121 44 55 44501
is_linear=0
shrinkage=0.1


Tree=81
num_leaves=31
num_cat=0
split_feature=1 3 1 49 25 25 19 32 40 42 21 40 21 49 9 10 42 32 34 10 30 23 30 35 34 40 31 32 24 13
split_gain=2.61519 4.78065 4.00019 6.056 4.06436 6.26464 5.24204 3.62273 6.70757 4.41555 3.98088 3.54656 3.78233 3.59256 3.53898 3.48103 3.61682 3.43504 3.464 4.54854 3.16106 5.57951 4.59813 4.72355 4.0332 5.31972 4.42658 3.64969 6.57008 6.52854
threshold=3.6413613997774812 -0.80621085275989135 2.2862722170428165 1.5000000000000002 0.049097780555023264 0.15827570288673018 2.1872016699759413 0.037340513864414428 0.14500000000000005 0.34375000000000006 1.3686185142190133 0.23500000000000001 0.75555091019882969 12.500000000000002 1.4906560138589964 2.3050544980868706 0.34375000000000006 -0.13330977023483054 0.9926723551719373 2.6325317492822671 -0.076509626136205766 0.42452898826672675 -0.075174233879798727 0.012329566005915962 1.0022860129548128 0.14500000000000005 0.75294595849871049 0.48940848821862942 -0.24116221115500194 -0.53299071069367032
decision_type=2 2 2 2 2 2 2 2 2 2 2 2 2 2 2 2 2 2 2 2 2 2 2 2 2 2 2 2 2 2
left_child=2 -2 20 -4 6 -6 15 8 -7 -10 11 14 13 -13 -9 -5 17 -17 19 -19 -1 27 -23 -24 -25 -26 -27 28 29 -22
right_child=1 -3 3 4 5 7 -8 10 9 -11 -12 12 -14 -15 -16 16 -18 18 -20 -21 21 22 23 24 25 26 -28 -29 -30 -31
leaf_value=0.00022476058694603305 -0.26955051022903376 -0.025603547176576841 0.087658120896415614 0.083807041065005361 0.19652371085357612 0.22583759705589426 0.1043050929960852 -0.15625650261827695 -0.0092910621494949105 0.17184666971956086 0.12295827160666793 0.10328634582856443 -0.15031330305639126 -0.017389211212665005 0.0057639205656201875 -0.23466895021760009 -0.0025379288913981966 -0.14260651032220265 -0.11756747759247324 0.10447815823987644 0.15513311138510952 -0.13031391974056994 -0.10961263200825618 -0.039079709773949922 0.21954670837907464 -0.038577951472112883 0.14534320428598996 0.01845223361158187 -0.079856488907777787 -0.010534069971255788
leaf_weight=1782.0175943960203 0.97876597009599198 4.4819327387958756 12.220020475797353 2.0137632936239305 2.177084697410467 2.1449757441878345 2.8465213836170724 3.1596897877752843 6.6259280908852798 1.688753026537597 2.1612236499786368 4.0958235021680576 1.301661311648785 6.2033600276336074 2.3514507655054331 1.478409968316561 7.5782962669618419 1.1824548821896264 5.5592548185959458 2.0140568185597658 2.6156044382369172 5.5916354986838988 6.5843236611690363 21.471768520423215 1.4130973112769405 5.2908231952460483 1.7386083689052609 44.601582395727746 13.585755583131684 26.264770199544728
leaf_count=42318 17 88 397 19 33 13 59 29 99 25 39 140 24 50 34 26 158 30 66 57 112 132 160 495 11 184 55 664 505 877
internal_value=0 -0.0693282 -2.93604e-05 0.0240244 0.00977803 0.0327796 -0.0225947 0.02079 0.0681725 0.0274989 -0.00492466 -0.0210761 0.0103022 0.0306016 -0.0871269 -0.0408141 -0.054903 -0.0936788 -0.0698726 0.0130765 -0.000870129 -0.0159765 -0.0458699 -0.032933 -0.0160553 0.0425023 0.00691177 -0.00152548 -0.0225078 0.00446988
internal_weight=0 5.4607 1977.98 66.8027 54.5827 31.91 22.6728 29.7329 10.4597 8.31468 19.2732 17.112 11.6008 10.2992 5.51114 19.8262 17.8125 10.2342 8.75577 3.19651 1911.18 129.158 42.0903 36.4986 29.9143 8.44253 7.02943 87.0677 42.4661 28.8804
internal_count=46916 105 46811 1298 901 486 415 453 137 124 316 277 214 190 63 356 337 179 153 87 45513 3195 1037 905 745 250 239 2158 1494 989
is_linear=0
shrinkage=0.1


Tree=82
num_leaves=31
num_cat=0
split_feature=35 49 40 38 40 35 7 29 2 32 27 38 0 8 8 7 20 21 40 27 13 27 15 7 7 35 26 4 24 9
split_gain=2.60643 12.9132 12.0447 7.65397 5.44417 5.86376 5.09228 5.65992 5.88982 5.26613 4.94394 4.82806 5.09955 6.14112 5.17061 4.5565 6.58567 4.84229 5.80252 4.49819 4.35274 7.20006 7.27002 7.43905 9.35408 5.98799 5.83322 4.67821 4.74517 4.31762
threshold=3.0240803418597677 12.500000000000002 0.43500000000000005 756.50000000000011 0.22500000000000003 1.004450245600659 -1.2944268310276985 -0.57682579287213975 -0.86451324724609435 2.8903909141925825 1.7029373094379505 11.500000000000002 -0.092083137051794509 -0.17827407450919605 2.0750087639471184 2.2330726295781247 1.5028455210247398 -1.2330674201165222 0.33500000000000008 -0.49448736538013011 -0.78625777397703223 0.65312622922422536 -0.70398620527408384 1.201097256013463 1.5820442994305581 1.9999470670742632 -1.1994683772319392 0.88325118162844596 4.0781183738522833 1.9809233720595547
decision_type=2 2 2 2 2 2 2 2 2 2 2 2 2 2 2 2 2 2 2 2 2 2 2 2 2 2 2 2 2 2
left_child=1 20 -2 6 5 10 7 -3 -9 11 29 12 -8 -14 -15 17 -17 18 -6 -10 21 22 23 -1 -25 -23 -26 28 -24 -5
right_child=2 3 -4 4 15 -7 9 8 19 -11 -12 -13 13 14 -16 16 -18 -19 -20 -21 -22 25 27 24 26 -27 -28 -29 -30 -31
leaf_value=-0.0634401110528382 0.055115404820954284 -0.1057879558259267 0.0012417124080576407 -0.018330501851727365 0.19957898718126479 0.29478247116575607 -0.10598547514765957 0.0055662599607475974 0.62021939572985885 0.17782181561298821 0.24196092511812892 -0.074263163103980137 0.42594096254720459 -0.11009965763676857 0.24449268374914823 -0.10459208005392601 0.24641405643553732 -0.065757350135823206 -0.10429245717116578 0.14355990345134509 -0.0010480855828644796 -0.14162747583499896 0.0064061465490238409 0.55725369204931574 0.32924022175855711 0.098747625257109756 -0.046685811513956385 0.10171365666632658 0.2117042499458639 0.19188742498801173
leaf_weight=0.88058043411001508 45.092204112326726 1.013678102870472 520.85754115646705 6.8935517850331944 1.6108246028889035 0.98723170906305391 1.3837333145784216 0.80356061179190874 0.40944757498800755 0.89040845073759456 1.0524933617562062 56.983817760250531 0.55716634681448374 0.95407120743766316 0.72275232255924493 0.88406482595018987 1.3519555386155842 15.065117560792713 1.0303538483567534 0.38333308184519299 1273.7213535321644 3.9750257772393516 29.488242000457834 0.79531191126443479 0.81910008797422096 1.4018079154193399 0.83206564583815568 7.6379159865900865 1.1705451298039395 1.1383636146783827
leaf_count=52 832 80 11535 274 21 12 98 28 29 6 10 4248 27 46 24 39 9 592 54 22 27801 67 789 24 13 25 31 112 11 5
internal_value=0 -0.00249559 0.00553411 -0.0382837 0.00339233 0.063322 -0.0577973 0.0790096 0.196356 -0.063604 0.0381684 -0.0671513 0.0448705 0.138311 0.0427384 -0.0268745 0.107635 -0.0438609 0.0810353 0.38974 5.46977e-05 0.0299402 0.0440075 0.185798 0.275509 -0.0789587 0.139801 0.0316893 0.0142444 0.0114637
internal_weight=0 1414.84 565.95 94.1159 30.014 10.0716 64.102 2.61002 1.59634 61.4919 9.08441 60.6015 3.61772 2.23399 1.67682 19.9423 2.23602 17.7063 2.64118 0.792781 1320.72 47.0006 41.6238 3.32706 2.44648 5.37683 1.65117 38.2967 30.6588 8.03192
internal_count=46916 34549 12367 5624 1016 301 4608 159 79 4449 289 4443 195 97 70 715 48 667 75 51 28925 1124 1032 120 68 92 44 912 800 279
is_linear=0
shrinkage=0.1


Tree=83
num_leaves=31
num_cat=0
split_feature=28 17 11 3 13 23 21 4 9 2 49 35 40 46 15 4 2 42 19 40 18 24 5 12 24 19 40 32 13 28
split_gain=2.5669 3.89219 3.50434 3.27406 5.78011 9.39005 6.66369 4.97667 4.95487 6.14929 3.63558 3.58323 5.16488 4.74644 5.27428 6.52201 3.21448 3.27872 3.28715 3.18632 2.9747 3.99279 2.93977 2.73796 2.73387 8.034 5.92217 8.84593 6.80673 7.56288
threshold=-0.6282796763379922 -0.015382393321997175 -0.95382031630535213 0.18137338736847899 -0.16044284842990897 0.42035989039856608 1.7292348630057288 2.4828781085810427 1.4973996768058531 -0.96619064672105526 14.500000000000002 0.98439598487187729 0.13500000000000004 12.500000000000002 -0.60065428943107224 0.38678181347157609 -1.2462771941158373 0.78125000000000011 -0.29861817720537881 0.23500000000000001 0.96980014520234559 -0.24265828418997629 -0.13078942047782288 -0.028384964690409215 -0.2367279734498936 0.65921269359525037 0.54500000000000015 -0.75471954232673977 0.22678498708680248 -0.61536853283939108
decision_type=2 2 2 2 2 2 2 2 2 2 2 2 2 2 2 2 2 2 2 2 2 2 2 2 2 2 2 2 2 2
left_child=1 -1 19 4 5 6 -3 16 9 -5 11 13 -13 14 15 -7 -6 -18 -19 -2 -21 -22 -15 -17 -4 26 28 -28 29 -26
right_child=2 3 24 8 7 10 -8 -9 -10 -11 -12 12 -14 22 -16 23 17 18 -20 20 21 -23 -24 -25 25 -27 27 -29 -30 -31
leaf_value=0.16668148567153276 -0.11036064249633551 0.045330378472857043 0.00031651671870357829 0.12004500353929932 -0.17057613327058588 -0.15134337902899345 0.28644298956658376 0.056525784712292054 0.14301658032925732 -0.15026340993352361 -0.051891778832617433 0.10897338904469356 0.018369246062673105 -0.1053556365137291 0.11979997014919136 -0.0065553450094264932 -0.08730484245244266 -0.067497903129107154 0.080364806896920382 -0.097460760462047283 -0.049369605540021649 0.15881879410125921 0.0019662318854820815 0.11453939958637149 0.12026252953120393 0.025071111753676486 -0.10613937445374669 0.10806992680467183 0.0039528331731598964 -0.056465471926094184
leaf_weight=1.6198475630953897 5.5921264335047436 2.5037845545448354 1660.4555050624767 1.6508447276428344 2.4668090175837323 2.6818194994702962 2.1140602305531502 4.2014833483844987 4.4496015412732959 1.7168471589684475 8.6969088991172594 6.9290309264324597 68.396756795234978 7.0067272046580911 3.9192112218588582 7.2157198730856198 8.436141472309826 2.8951991368085146 3.1277684327214965 2.1826296392828226 1.9340711641125383 1.7590956587810067 4.0147909149527568 2.5189424883574212 2.5066224513575426 40.193143354612403 2.6708308893721551 6.9297753212740627 33.396185468416661 71.266550260479562
leaf_count=20 159 38 40321 21 25 27 22 75 55 21 125 138 995 74 69 145 70 21 30 128 34 30 34 30 30 960 121 156 684 2258
internal_value=0 0.0125305 -0.00122367 0.0108077 0.00721919 0.0159813 0.155712 -0.0408881 0.0737548 -0.0177581 0.010188 0.0154459 0.0267037 -0.0155514 0.0186623 -0.0132613 -0.065069 -0.0470688 0.00928822 -0.0563291 -0.00490616 0.0497928 -0.0662617 0.0247791 -0.00087595 -0.0134906 -0.0267639 0.0484782 -0.0335043 -0.0504607
internal_weight=0 146.562 1828.89 144.942 137.125 115.998 4.61784 21.1274 7.81729 3.36769 111.38 102.683 75.3258 27.3572 16.3357 12.4165 16.9259 14.4591 6.02297 11.4679 5.8758 3.69317 11.0215 9.73466 1817.42 156.963 116.77 9.60061 107.169 73.7732
internal_count=46916 2035 44881 2015 1918 1697 60 221 97 42 1637 1512 1133 379 271 202 146 121 51 351 192 64 108 175 44530 4209 3249 277 2972 2288
is_linear=0
shrinkage=0.1


Tree=84
num_leaves=31
num_cat=0
split_feature=40 2 38 28 28 49 9 36 15 32 7 46 28 27 1 49 2 38 49 19 4 8 30 2 32 29 9 38 32 0
split_gain=2.45152 2.45308 2.42875 7.44339 9.20004 5.15201 4.74655 4.72019 4.93498 5.10253 4.39312 3.93996 4.41464 4.33883 3.72169 3.7101 4.62853 4.41199 5.27067 5.50689 4.61383 3.49733 3.29486 3.23151 3.19058 3.13168 3.00063 5.45343 2.98632 9.3008
threshold=0.015000000000000001 3.1128318621903932 2780.5000000000005 0.60666718844781997 0.74967557900086235 2.5000000000000004 -1.5363963136399919 3.5000000000000004 -0.61721348071702364 0.64918222610128773 -0.21587505440957588 27.000000000000004 0.071243800217880279 -0.87696987254587555 0.79145971319763109 21.500000000000004 -0.45807268122872252 268.50000000000006 23.500000000000004 -0.6623960880988119 0.17518232670890641 -0.19067895397414639 -0.054247935535033216 -0.96619064672105526 0.59537386493211464 5.6895051025374981 -1.5841890921939488 2285.5000000000005 -1.3407834578766269 1.4059777024092983
decision_type=2 2 2 2 2 2 2 2 2 2 2 2 2 2 2 2 2 2 2 2 2 2 2 2 2 2 2 2 2 2
left_child=-1 2 15 7 -5 -6 -7 8 10 -10 -4 12 13 -9 -15 22 17 -17 19 -19 -20 24 25 -14 -16 26 27 -2 29 -28
right_child=1 -3 3 4 5 6 -8 11 9 -11 -12 -13 23 14 21 16 -18 18 20 -21 -22 -23 -24 -25 -26 -27 28 -29 -30 -31
leaf_value=0.097427482084530351 -0.04599241465447667 0.080563740481140705 0.18336871814423994 0.31848044920615215 0.17221307530801461 0.22264249216850548 -0.096316511538113506 -0.21990674653290143 0.058920608991635648 -0.058821028861820848 -0.001078483607736033 0.14067222509570518 0.15232356671532019 -0.092888221463723775 0.13110064810605657 -0.083080284572483384 -0.087744067694070393 0.25687003184430263 -0.043266330459598767 -0.10459687147147406 0.18608882355827949 -0.072839539589255958 0.13305297849186506 -0.020801742823565287 -0.025219081692851444 -0.15872495301235356 0.071741389315980245 0.28765919051901206 0.00032716099185358533 -0.009817060272077776
leaf_weight=2.5692408271133891 19.703993339557204 3.7426601178012779 2.5963925942778587 1.3176199523732055 1.5724133634939788 0.55449930811300863 2.9419002549257134 1.8933018082752813 5.4766679182648685 11.223632009699939 2.5689767841249731 1.0272500459104765 1.4312840374186633 17.042355848243467 2.2245985921472311 3.8585927296662721 10.711207581509369 0.49895108258351717 1.2263098866678772 2.7142143505625427 3.0799738396890461 5.740059183444826 1.8778352017980058 4.3700462980195871 3.1610011057928205 1.2340463207801793 23.588405278744176 0.50236261636018653 1796.6302453798708 34.335155047592707
leaf_count=23 1443 44 20 12 23 7 87 32 39 86 21 13 19 415 41 309 973 8 46 217 34 87 36 94 28 25 1156 12 40379 1187
internal_value=0 -0.000318402 -0.000472447 -0.0194587 0.0830711 0.0218772 -0.0457323 -0.0306032 0.006212 -0.020209 0.0916346 -0.0524246 -0.0579557 -0.0733687 -0.0635192 0.000178517 -0.0405654 0.00384821 0.0484554 -0.0484671 0.120775 -0.0185314 0.000657784 0.0219111 0.039351 0.000525259 0.000630084 -0.0376973 0.00104768 0.0233963
internal_weight=0 1968.85 1965.1 65.142 6.38643 5.06881 3.4964 58.7556 21.8657 16.7003 5.16537 36.8899 35.8626 30.0613 28.168 1899.96 22.0892 11.378 7.51945 3.21317 4.30628 11.1257 1877.87 5.80133 5.3856 1875.99 1874.76 20.2064 1854.55 57.9236
internal_count=46916 46893 46849 1024 129 117 94 895 166 125 41 729 716 603 571 45825 1587 614 305 225 80 156 44238 113 69 44202 44177 1455 42722 2343
is_linear=0
shrinkage=0.1


Tree=85
num_leaves=31
num_cat=0
split_feature=27 20 20 28 4 32 1 8 25 32 13 27 24 19 9 9 13 31 19 14 32 14 26 21 14 0 32 28 46 10
split_gain=2.24469 9.36979 8.32101 5.14666 4.93662 6.68586 6.30098 5.69701 7.31428 4.5702 3.65729 4.89197 3.4977 8.29515 5.87054 4.94601 6.94231 6.16937 5.88645 5.80331 5.5853 5.28687 9.80858 5.24469 4.52201 4.83658 4.31371 4.13675 4.51428 4.18113
threshold=2.2887135190065018 0.54665783443972715 0.99682344829306757 -0.6015921464719346 0.77271547093181991 1.9629520456504643 -0.62481543920043559 0.32393866146512501 0.45448503451015182 1.1826418925171558 0.12682394260639876 2.6599630734540827 -0.2367279734498936 0.42173943171426859 1.8913836682518503 1.3690090669883839 -0.80040511683460791 1.5340636878881393 4.7546982531135065 1.4613965559435906 -0.81032458384029893 1.9490902893278601 0.3870567920433125 0.20998790362536404 1.6062681626272171 3.0543379269892248 -0.76863431211269184 -0.32116030648910937 11.500000000000002 1.1956613708552866
decision_type=2 2 2 2 2 2 2 2 2 2 2 2 2 2 2 2 2 2 2 2 2 2 2 2 2 2 2 2 2 2
left_child=12 9 4 10 5 7 -7 8 -3 -2 -4 -12 24 -14 15 16 17 18 19 20 -15 23 -23 -18 -1 -26 -27 28 29 -25
right_child=1 2 3 -5 -6 6 -8 -9 -10 -11 11 -13 13 14 -16 -17 21 -19 -20 -21 -22 22 -24 27 25 26 -28 -29 -30 -31
leaf_value=0.00096583752369792236 0.13629507049335152 0.38504274454755438 0.012720358942559233 -0.06872159925182568 -0.037626327473691268 0.16272240288317996 -0.045404154122678314 0.034084704678385813 0.15080077970432235 -0.040497103560726777 -0.054733640125901817 0.12177839727070286 -0.030388928326075842 -0.062138774126513557 -0.11408537385809302 0.10510201867192839 -0.055568534480541387 -0.107756489435959 -0.039376940182113893 0.3855953157796938 0.21232294455228448 -0.036770576335570987 0.36496781706176123 -0.062525944433377417 -0.048585062909120354 -0.10202761678237521 0.26730806256489931 0.15710939778290089 0.22185537607532752 0.13263149669072641
leaf_weight=1672.1928229935584 1.5353247672319401 1.7588169956579855 46.285373115446419 6.6994899236597112 2.6038941219449034 2.2852305183187127 4.0021282699890426 2.5623081997036934 5.5065089771524072 30.704040420358069 2.022938500158487 7.0146069745533168 109.43360744067468 1.055518887471407 3.0492997840046874 7.2084930008277288 16.404613520717259 1.1815211027860639 1.3871770696714518 1.1932619264116509 2.4918700568377936 1.4511924725957208 1.0456460695713756 5.5989129091612995 27.103167103021409 0.47958908427972347 0.92842148058116325 2.2084837446454895 0.83456785138696421 1.3655474204570053
leaf_count=39096 18 18 520 64 21 21 42 29 56 357 30 71 3221 39 33 83 517 34 22 14 26 49 26 164 2199 53 6 52 15 20
internal_value=0 0.0134963 0.0316936 0.0140574 0.0901288 0.110772 0.0302424 0.162291 0.207507 -0.0320778 0.0240817 0.0822684 -0.00102165 -0.015357 0.0200375 0.0294552 0.0143993 0.101469 0.14181 0.194827 0.130657 -0.00761529 0.131473 -0.0207638 0.000292526 -0.0391975 0.141507 0.0362892 0.00207598 -0.0242607
internal_weight=0 112.981 80.7413 62.0224 18.7189 16.115 6.28736 9.82763 7.26533 32.2394 55.3229 9.03755 1856.61 155.91 46.4761 43.4268 36.2183 7.30935 6.12783 4.74065 3.54739 28.909 2.49684 26.4121 1700.7 28.5112 1.40801 10.0075 7.79903 6.96446
internal_count=46916 1247 872 685 187 166 63 103 74 375 621 101 45669 4315 1094 1061 978 135 101 79 65 843 75 768 41354 2258 59 251 199 184
is_linear=0
shrinkage=0.1


Tree=86
num_leaves=31
num_cat=0
split_feature=26 21 38 34 16 26 20 35 22 26 25 38 35 28 28 38 2 32 9 32 49 40 25 10 49 28 2 29 28 4
split_gain=2.19877 5.51493 6.81704 7.17302 6.58392 6.09403 6.07744 6.17489 6.11061 5.35541 11.2188 8.81852 10.1949 8.82127 11.8901 6.79225 6.82681 6.3581 8.65186 5.71956 5.56717 5.30399 4.62487 4.52718 4.4728 4.45678 5.82026 4.72131 4.42907 5.25441
threshold=1.5389353138647321 -1.2888479407863629 32.500000000000007 0.99370792528098861 -0.036928641451039308 1.7166513674389514 -0.44434396352979039 4.986826519457872 -0.12466117181760385 1.2244545674213467 -0.7759567511104889 29.500000000000004 0.99463288422179719 0.10076551936739601 0.71712343255653732 733.50000000000011 1.8728114995348268 -0.1468903128547005 0.57193530634297318 -0.34786892133109215 1.0000000180025095e-35 0.24500000000000002 1.2965411133285023 -0.63030688377751776 2.5000000000000004 -0.28221457278472156 1.5843303767895047 4.0904125082133582 -0.23910848399660686 -0.43259446391959677
decision_type=2 2 2 2 2 2 2 2 2 2 2 2 2 2 2 2 2 2 2 2 2 2 2 2 2 2 2 2 2 2
left_child=9 4 5 6 23 -3 -4 8 -8 -1 11 13 -13 -11 -15 16 25 19 -19 24 -16 -10 -20 -2 -17 26 -12 -27 -18 -30
right_child=1 2 3 -5 -6 -7 7 -9 21 10 15 12 -14 14 20 17 28 18 22 -21 -22 -23 -24 -25 -26 27 -28 -29 29 -31
leaf_value=8.4554188225413965e-05 0.29506561560986139 -0.084287249273623854 -0.0098560098359503009 -0.0034486508432225687 -0.002317017435297919 0.17879905450966735 0.11100868955996812 0.013842667546196095 0.14507008648736572 -0.08594282278959206 -0.0071077796939296367 0.27072010887265996 -0.050394104780395681 0.77085490639314369 0.45580936739004962 0.12792888052077014 -0.054926138080489184 0.2702962649949831 -0.057553203755343799 -0.20697914480733584 -0.10201581696378148 0.37643485687772227 0.11601400310501149 0.061413375916884033 -0.051006962715439197 -0.075090572498778763 -0.17920678744767626 0.15681821641026547 -0.039527982137599366 0.23046716184628183
leaf_weight=1675.2242702536751 1.1373572938609866 6.0325946378870858 4.352503313682976 10.967741615953853 145.03012998937629 1.030918931122869 9.3407058496959525 4.0282700462266794 2.0088971666991706 0.45013480260968108 25.82145962910727 1.3417293897364286 3.7577004884369671 0.56691720266826429 0.33552925288677216 2.0408436823636293 1.8572353469207881 1.9920540838502327 3.0272648078389466 1.576381503604354 0.38329038687516004 1.9552354700863359 3.114772655069828 3.0611771589610717 4.42780149448663 45.961305851349607 2.1269729917403302 0.89496020297519763 1.0900233475258572 2.1279050935991104
leaf_count=40190 30 217 81 304 3345 14 106 33 19 18 344 33 226 22 2 25 21 24 32 26 43 29 34 57 99 1428 30 17 44 23
internal_value=0 0.0100706 0.0431868 0.0624557 0.00125683 -0.0458898 0.0957876 0.122316 0.155158 -0.00127556 -0.0234196 0.100365 0.0340954 0.295045 0.428429 -0.0322278 -0.0441951 0.0268574 0.0892015 -0.0361769 0.158365 0.259187 0.0304668 0.124708 0.00544691 -0.0518098 -0.0202051 -0.0706611 0.0680402 0.13901
internal_weight=0 188.946 39.7169 32.6534 149.229 7.06351 21.6856 17.3331 13.3048 1778.12 102.894 6.8353 5.09943 1.73587 1.28574 96.059 79.8799 16.1791 8.13409 8.04503 0.71882 3.96413 6.14204 4.19853 6.46865 74.8047 27.9484 46.8563 5.07516 3.21793
internal_count=46916 4235 803 572 3432 231 268 187 154 42681 2491 344 259 85 67 2147 1907 240 90 150 45 48 66 87 124 1819 374 1445 88 67
is_linear=0
shrinkage=0.1


Tree=87
num_leaves=31
num_cat=0
split_feature=40 0 8 9 38 15 46 0 20 28 19 27 1 13 19 38 15 7 32 46 6 27 28 25 20 27 19 9 33 19
split_gain=2.23473 12.154 6.96952 7.11505 6.41783 6.40679 13.4986 12.6266 8.90224 6.5729 7.41173 6.61664 6.47893 6.33665 9.0478 6.00245 6.77315 5.79101 5.71575 5.502 5.41379 7.2655 5.37082 5.24043 5.13551 5.25599 5.14257 4.74122 6.44943 4.87862
threshold=0.53500000000000014 -0.73514883443093548 0.059804864591645489 1.438366478306347 1718.5000000000002 0.35703833734398666 2.5000000000000004 -0.25303332702351383 0.71432441523961521 -0.43195679416993632 1.7325470294327585 0.13026744750871258 -0.25129278548076245 -0.3532423253623832 1.1262133749216245 78.500000000000014 0.32945601892198734 -0.48670907194660384 -0.36282433484790771 10.500000000000002 -0.54783463735281301 0.026186561520512245 -0.4993753447784261 0.93148026506491999 0.12140776199319897 1.4115165564439758 1.0000000180025095e-35 0.14410075192778152 -0.54724337010851021 0.16626664346736189
decision_type=2 2 2 2 2 2 2 2 2 2 2 2 2 2 2 2 2 2 2 2 2 2 2 2 2 2 2 2 2 2
left_child=-1 4 3 5 -2 7 17 9 13 10 24 -11 19 14 15 16 -9 18 -7 -13 -15 -22 -12 -10 -3 26 -26 28 -17 -30
right_child=1 2 -4 -5 -6 6 -8 8 23 11 22 12 -14 20 -16 27 -18 -19 -20 -21 21 -23 -24 -25 25 -27 -28 -29 29 -31
leaf_value=-0.0013044710469478167 0.15304843715349917 -0.14256974190690774 -0.021622355598193758 0.23843395115096247 -0.027360153365880591 -0.08990729976973566 -0.076551908011262285 0.002432971469096044 0.098229257828647179 -0.067446414504541669 -0.0078067833507409175 0.073721530132125276 0.27733374641978048 0.091441143417942627 -0.011104105889085581 0.14874162880614986 0.36445907898930147 0.10576916517706841 0.069936033843689002 -0.1319939640238475 -0.062452150864355876 0.11973762059011833 0.24755253796688736 0.31414517248973534 0.13659204233711833 -0.14301716397903361 -0.046654919701448749 0.070600211187011083 0.54474702944411058 0.25736410034999313
leaf_weight=1772.9732530562906 8.5618725027888996 6.8702953099273207 67.61450741335284 1.457345233298837 2.5618628012016407 4.4875288282055408 19.05340501642786 3.3435770394280504 2.2747353084851047 4.6163827443961081 2.3606759177055214 10.300396855687721 1.3723649585153879 6.4169436870142844 4.7432485918980083 2.3804748335387491 0.61126397899352003 8.2933574332855624 4.460931923240425 1.4879391915164895 9.7306794072501379 2.8241289893630883 1.2649959684349585 2.2222060225903988 2.4017269348259997 2.8316424321383238 4.2264894540421665 1.6878618313930926 1.0353781189769575 1.3754325462505219
leaf_count=42551 81 127 2027 11 13 71 519 118 28 171 46 145 14 53 129 63 12 99 48 51 272 43 17 22 20 37 51 30 20 27
internal_value=0 0.0100301 0.00381967 0.0188922 0.111499 0.0160526 -0.0185389 0.0324905 0.0726663 -0.00865741 -0.0480499 0.035563 0.0716957 0.0552496 0.103411 0.155469 0.0583881 0.0455694 -0.0102232 0.0477559 0.0167209 -0.0214697 0.081288 0.204926 -0.0767659 -0.0289754 0.0197444 0.214727 0.265499 0.380787
internal_weight=0 192.87 181.746 114.131 11.1237 112.674 36.2952 76.3788 38.6459 37.7329 19.9558 17.7771 13.1607 34.149 15.1772 10.434 3.95484 17.2418 8.94846 11.7883 18.9718 12.5548 3.62567 4.49694 16.3302 9.45986 6.62822 6.47915 4.79129 2.41081
internal_count=46916 4365 4271 2244 94 2233 737 1496 817 679 298 381 210 767 399 270 130 218 119 196 368 315 63 50 235 108 71 140 110 47
is_linear=0
shrinkage=0.1


Tree=88
num_leaves=31
num_cat=0
split_feature=14 5 14 14 16 18 25 9 42 14 10 6 14 6 38 38 35 38 38 38 20 4 19 27 33 5 38 38 4 19
split_gain=2.21359 6.30844 5.88248 9.30501 6.85296 6.54013 6.43379 6.33171 5.86115 6.25069 5.8647 5.84914 8.6678 10.2097 8.25148 11.9836 8.70309 8.72864 8.76478 8.35162 8.15418 8.97987 7.69158 7.56558 7.25253 7.22859 7.1768 7.16165 9.31605 9.32802
threshold=-1.1453173209606649 0.45617124560170247 -0.87931062798050552 -0.81026460493376928 -0.025160629268383566 0.98567768326655669 -0.73716645084696097 -0.24693001487978361 0.84375000000000011 -0.90222916023074151 1.4315107332976544 -0.57391948617567878 -0.57075182664158031 -0.52692974729951059 179.50000000000003 146.50000000000003 1.9943605585800819 315.50000000000006 258.50000000000006 328.50000000000006 0.38352405600372941 -0.87229052534125651 0.61102634844431447 -0.045646966290927328 2.3761013775135109 -0.9989789015854813 151.50000000000003 137.50000000000003 1.1774073924242516 -0.78134673448651382
decision_type=2 2 2 2 2 2 2 2 2 2 2 2 2 2 2 2 2 2 2 2 2 2 2 2 2 2 2 2 2 2
left_child=1 -1 4 6 5 -2 -4 -8 9 -6 -11 -5 13 27 15 -14 -16 18 -18 -19 21 -20 -17 -24 -15 -22 -25 -13 29 -29
right_child=2 -3 3 11 8 -7 7 -9 -10 10 -12 12 14 24 16 22 17 19 20 -21 25 -23 23 26 -26 -27 -28 28 -30 -31
leaf_value=0.081471463084380719 0.060912850816628061 0.0041513076144839784 -0.063892444586532579 -0.029112825538846733 -0.008639547345859604 -0.099701734287395441 0.22542092090003771 0.055525022426887977 -0.078147287976941718 -0.091428670967891659 0.035319776531013605 0.028690571620390588 -0.0050149997119691156 0.047422411845177301 0.021585714100968642 -0.063528212459787473 -0.0072787500689290062 -0.099912688765814106 -0.054208644126453133 -0.009356872742904759 0.2050443985132987 0.12619032676234174 -0.069935247024916242 -0.089657749015720573 0.16219599596756817 -0.030157577409986265 0.14609008481865859 0.30147491777198887 0.087552305714729217 -0.078545113503570282
leaf_weight=10.817529223859308 16.298821955337193 429.9603853947483 4.1198005238547912 70.807499426067807 100.12274331401568 3.0022058275062582 2.394852839875969 26.101717304438353 19.735234941821545 18.492586043663326 4.54846780700609 40.012307543540373 538.5066031786846 38.697506180033088 230.03856706758961 59.160078547894955 37.004724191152491 10.669909562566316 3.2375703772995612 223.85148456064053 1.4846412427723397 18.679551514680501 5.0468755490146577 1.6937650591135005 6.4188409275375298 10.901483525522051 5.4348321184515953 0.66665334906429663 4.7886331458576015 20.765320153324865
leaf_count=91 250 5886 86 2068 1879 37 36 278 258 435 78 789 22065 363 3722 1928 807 291 68 4283 11 273 134 32 77 129 75 10 71 406
internal_value=0 0.00604889 -0.00199831 0.000147808 -0.0199993 0.0359298 0.0529159 0.0698031 -0.0275535 -0.0194466 -0.0664076 -0.00114833 0.000426847 0.0270629 -0.00216186 -0.010117 0.00689147 -0.00416124 0.0264764 -0.0134768 0.0628899 0.099542 -0.0486317 0.0237495 0.0637516 -0.0019655 0.0900761 0.00207143 -0.038549 -0.0667244
internal_weight=0 440.778 1522.68 1360.48 162.2 19.301 32.6164 28.4966 142.899 123.164 23.0411 1327.87 1257.06 111.349 1145.71 609.842 535.868 305.829 71.308 234.521 34.3032 21.9171 71.3356 12.1755 45.1163 12.3861 7.1286 66.2329 26.2206 21.432
internal_count=46916 5977 40939 38002 2937 287 400 314 2650 2392 513 37602 35534 1716 33818 24234 9584 5862 1288 4574 481 341 2169 241 440 140 107 1276 487 416
is_linear=0
shrinkage=0.1


Tree=89
num_leaves=31
num_cat=0
split_feature=35 40 40 34 31 31 32 10 28 27 6 30 34 9 2 38 5 42 19 18 38 12 31 29 32 21 25 6 19 38
split_gain=2.19359 10.6146 10.2679 7.05773 11.5424 5.87584 5.73179 5.82354 6.06509 5.67423 5.09932 3.96026 4.06794 5.45057 3.93856 5.03507 6.40551 7.20223 5.92998 6.53533 4.97027 10.5248 11.5222 8.02278 8.93333 6.84785 6.99234 7.46994 8.36626 6.28804
threshold=3.0240803418597677 0.34500000000000003 0.43500000000000005 0.017474852236608638 1.1237050848596757 1.8969084080968432 1.1410077235581897 1.6499944347207605 5.6683840707219026 1.7763589712874615 1.448681917589157 -0.068772542908590903 1.0209092103554982 2.4074226138898154 2.1176803262459569 1124.5000000000002 -0.15855605382110213 0.34375000000000006 -0.51579194995590238 0.97912267949539233 606.50000000000011 0.59017256734286494 0.52607058092986414 2.539081192630674 0.55913296854760708 0.62725213083698883 0.62669419340960475 0.94359800312089692 0.16268054670700721 537.50000000000011
decision_type=2 2 2 2 2 2 2 2 2 2 2 2 2 2 2 2 2 2 2 2 2 2 2 2 2 2 2 2 2 2
left_child=1 -1 11 4 6 10 7 8 -3 -5 -6 12 13 -2 15 20 -17 -18 19 -19 29 23 -23 24 -22 26 27 -24 -29 -4
right_child=2 3 14 9 5 -7 -8 -9 -10 -11 -12 -13 -14 -15 -16 16 17 18 -20 -21 21 22 25 -25 -26 -27 -28 28 -30 -31
leaf_value=-5.6008100384814498e-05 0.071659950651654605 -0.047229314200397284 0.0019679064266825454 -0.083566106622014469 0.11706700865207845 -0.10328394125345929 0.20680222486051827 0.039587645829612092 0.32196211997434665 0.50747314906857521 0.47782171966422143 -0.14929743130705128 -0.049017708736964462 -0.15783010304388928 0.057347065547778422 -0.061098827226666243 0.052987399653132219 -0.11553853544081366 -0.11657613513919818 0.17783709086213528 -0.04911693346486945 0.40548442226548809 0.082393587978585592 0.23857366810302716 0.079831825995234737 -0.062170550748373292 -0.034294770837965831 0.12592255387857518 0.54431896178371408 -0.084592184885861024
leaf_weight=1312.0455567390891 38.039201953448355 48.67562546604313 407.05514607136138 25.690321758098438 0.73902854323387079 0.44488663645461191 1.0432764422148455 10.080390494316815 0.44907891750335593 0.16346654528751869 0.83399057271890342 0.95778014720417459 3.3745341524481764 1.0638826782815147 12.182034040801225 28.884367671795189 14.505408527795227 1.322823719121516 6.1690343082882446 1.7824474424123762 16.298718820326037 1.3176353108137826 2.0436702352017169 1.4120615050196637 8.0142719224095327 2.2324765385128558 1.5574497673660515 0.86667460878379632 1.0654589403420685 8.568947551539166
leaf_count=28832 749 2133 9654 3266 30 22 26 181 6 14 39 18 34 31 275 578 161 33 86 14 299 12 35 16 84 54 28 33 21 152
internal_value=0 -0.00231246 0.00509888 -0.0359094 -0.0176734 0.217585 -0.0255529 -0.0296473 -0.0438543 -0.0798291 0.308334 0.0517911 0.0563253 0.0654162 0.00116296 -0.00019749 -0.0294548 0.00898202 -0.0598443 0.0528611 0.00322325 0.0395213 0.132059 0.00684669 -0.00661166 0.0856664 0.145313 0.215672 0.356644 0.000183292
internal_weight=0 1400.17 558.714 88.1201 62.2663 2.01791 60.2484 59.2051 49.1247 25.8538 1.57302 43.4354 42.4776 39.1031 515.279 503.097 52.6641 23.7797 9.27431 3.10527 450.433 34.8084 9.08337 25.7251 24.313 7.76573 5.53325 3.9758 1.93213 415.624
internal_count=46916 34549 12367 5717 2437 91 2346 2320 2139 3280 69 832 814 780 11535 11260 872 294 133 47 10388 582 183 399 383 171 117 89 54 9806
is_linear=0
shrinkage=0.1


Tree=90
num_leaves=31
num_cat=0
split_feature=1 3 1 49 25 25 4 13 13 4 5 25 34 34 15 49 30 22 16 17 33 18 24 34 30 34 16 24 1 35
split_gain=2.17115 3.71035 3.16925 5.26815 3.37322 5.02736 4.65882 3.52241 3.49659 4.82222 3.36138 3.26602 2.97111 2.95531 3.33209 3.14709 2.68827 4.75652 4.16604 3.30874 6.85417 5.05567 5.07657 5.31213 3.28232 3.40637 4.68902 6.75575 6.05533 8.85775
threshold=3.6413613997774812 -0.80621085275989135 2.2862722170428165 1.5000000000000002 0.049097780555023264 0.15827570288673018 1.0420363111361319 -0.83910995187062032 -0.74351400272019885 2.6515082877025167 -0.6360086909196051 -0.19147029226546541 0.99999974647441781 0.98646897779584386 -0.71940279973575927 14.500000000000002 -0.076509626136205766 -0.62706621189010281 -0.023707065421540795 -0.017641520982627796 2.388430745434388 0.96889435780713151 -0.24703709431317863 0.0048200399506382538 -0.075072766461182341 0.011936527553918289 -0.020653753160519848 -0.22832764845080344 -0.87040742554531392 0.0012264258348170468
decision_type=2 2 2 2 2 2 2 2 2 2 2 2 2 2 2 2 2 2 2 2 2 2 2 2 2 2 2 2 2 2
left_child=2 -2 16 -4 6 -6 -5 -8 9 11 -7 12 -9 14 -10 -15 19 18 -18 20 21 -1 23 -23 -19 26 27 28 29 -26
right_child=1 -3 3 4 5 10 7 8 13 -11 -12 -13 -14 15 -16 -17 17 24 -20 -21 -22 22 -24 -25 25 -27 -28 -29 -30 -31
leaf_value=-0.07173332581128021 -0.23322479269186933 -0.02296263992735725 0.085238219549043828 0.087448632976805343 0.17766401793224784 -0.18323270549546739 0.089562504405711466 0.10577359913603653 -0.14865852136607913 -0.30775693851834646 0.024878391107284539 -0.20401921094015468 -0.1105254140733552 -0.1003548029689177 0.07722974131900967 0.06124171321435417 -0.23874771397497924 -0.051893267137791188 -0.032869683482333871 -9.837631356585222e-05 0.3162474983190065 0.028308219099194589 -0.015247858235313492 0.27436218521827399 0.49423518963392948 -0.024420234672514769 -0.0341397624877477 -0.084350436200812381 0.029194991735305903 0.094790285790786827
leaf_weight=3.2000935240648651 1.0407504015602169 4.3348079156130543 10.894041022285817 3.3383596343919661 2.1489517120644477 0.79837398789823311 1.8603625055402542 1.2166503388434651 0.79185985960066885 1.1276481398381291 27.840343410614878 1.2593655437231128 1.3284684424288569 5.6188942790031433 3.7245498942211159 1.534225753508508 1.7356697944924224 17.168854851974174 2.2662091506645083 1748.2280862142215 0.92340662889182645 1.6080405008979144 2.9388331864029169 1.9311430712696163 0.65445293486118217 47.756111668655649 15.990236364537848 4.6091122822836033 32.06543748662807 3.6586574870161712
leaf_count=125 17 88 397 34 33 12 34 29 26 24 441 12 26 62 128 40 22 457 30 42078 6 17 58 34 9 1617 328 114 540 78
internal_value=0 -0.063671 -3.08629e-05 0.0219457 0.0088341 0.030146 -0.0212637 -0.0409214 -0.0555433 -0.126135 0.0190768 -0.0723028 -0.00712738 -0.0257076 0.0376249 -0.065695 -0.000771082 -0.0148868 -0.122162 0.000239381 0.0559367 0.0311 0.0818989 0.162567 -0.0113651 -0.00472139 0.0117892 0.0297072 0.0441581 0.1554
internal_weight=0 5.37556 1948.22 63.4821 52.5881 30.7877 21.8004 18.462 16.6017 4.93213 28.6387 3.80448 2.54512 11.6695 4.51641 7.15312 1884.73 125.905 4.00188 1758.83 10.6015 9.67811 6.47802 3.53918 121.903 104.734 56.9779 40.9877 36.3785 4.31311
internal_count=46916 105 46811 1298 901 486 415 381 347 91 453 67 55 256 154 102 45513 3195 52 42318 240 234 109 51 3143 2686 1069 741 627 87
is_linear=0
shrinkage=0.1


Tree=91
num_leaves=31
num_cat=0
split_feature=4 28 2 2 22 10 32 27 32 28 4 26 1 1 38 9 30 26 28 22 25 38 25 9 12 38 9 32 26 25
split_gain=2.11652 4.8863 4.20962 8.66329 3.6262 5.48984 4.43319 7.98146 5.3136 3.1602 3.0821 2.86456 6.08523 7.87927 7.09995 5.94417 7.40541 5.79682 5.39162 5.14434 6.12291 13.3307 8.41534 5.53558 4.97517 4.75842 4.54027 4.45539 4.39484 9.60755
threshold=-1.0050916522334579 -0.25318264439886656 -0.99714253285826804 -1.0423574425929873 4.031812358228982 -1.4073986018874627 -1.3237702315559936 0.47315744986282454 1.1190715693805806 3.5060065182561297 -0.22971627547672765 1.5389353138647321 -0.29961564695845627 -0.032571189735399998 7.5000000000000009 -1.0451914282359371 -0.068772542908590903 2.3250179152022139 -0.42911869348975723 -0.14224130673634464 -0.044474299658201231 1311.5000000000002 0.46202646320566293 -0.22797609009032768 -0.22217168408466528 156.50000000000003 2.2409182408133739 -1.0312019732278388 1.2244545674213467 -0.63720832751255274
decision_type=2 2 2 2 2 2 2 2 2 2 2 2 2 2 2 2 2 2 2 2 2 2 2 2 2 2 2 2 2 2
left_child=1 -1 3 -3 5 6 -2 -8 -9 11 -11 28 15 26 18 -13 19 -16 -15 -17 21 23 -22 27 25 -19 -14 -21 -7 -30
right_child=4 2 -4 -5 -6 9 7 8 -10 10 -12 12 13 14 17 16 -18 24 -20 20 22 -23 -24 -25 -26 -27 -28 -29 29 -31
leaf_value=0.26370739404633364 0.28885911319828572 -0.058098133761503447 -0.077825628633458266 0.31586969169269724 -0.16818041361597635 7.7934414243873242e-05 -0.069509370005190238 0.25949108288513767 0.037630466097132345 -0.089042893914870191 0.1724474616885199 -0.084539405309298099 -0.077523909238453648 -0.3033075465546109 0.02999664797448668 0.14532901972967874 0.29049606428457503 -0.064550630261045142 -0.052046090634879888 0.17515007362820251 -0.093341279225046092 0.6088158170629826 0.036547494067911163 0.32396977539197258 -0.17597314473691203 0.036841944938619663 0.15151439352371721 -0.10499691680731793 0.078544719696743495 -0.031465005425053302
leaf_weight=0.51633149059489447 0.91720339353196312 2.0018007238395517 11.00333141465671 0.89705844037234683 1.2797685873229045 1642.8428847270552 3.0063305532094073 2.0484562471974641 2.2822156343609095 6.0493095607380383 0.48704028129577537 3.7967114180792114 15.834569026599638 0.99190503545105446 71.702313717571087 4.2600309990812084 1.1990610914072011 9.2146540969843098 6.1435540888924143 0.92613945598714131 5.6004703292273907 0.55278528155758966 45.612383793806657 0.69531001662835379 2.1017647527623913 9.3001823574304563 0.91553908400237638 1.4667815986322241 8.7117839709389937 89.462573993485421
leaf_count=8 11 72 602 10 35 39373 109 29 26 292 2 321 449 10 1260 53 35 195 182 32 224 14 894 24 48 114 8 89 419 1976
internal_value=0 -0.0383623 -0.0495813 0.057627 9.34074e-05 0.000204636 0.081584 0.0556724 0.142573 -0.000143792 -0.0695586 9.23565e-05 0.0120905 -0.00155451 0.00913182 0.0368233 0.0444631 0.01656 -0.0869741 0.0394726 0.0312516 0.156552 0.0223433 0.0755984 -0.0301713 -0.0136202 -0.065005 0.00342922 -0.00115027 -0.021703
internal_weight=0 14.4185 13.9022 2.89886 1937.4 1936.12 8.25421 7.337 4.33067 1927.87 6.53635 1921.33 180.314 116.204 99.4544 64.1097 60.313 92.3189 7.13546 59.1139 54.8539 3.64102 51.2129 3.08823 20.6166 18.5148 16.7501 2.39292 1741.02 98.1744
internal_count=46916 692 684 82 46224 46189 175 164 55 46014 294 45720 3952 2266 1809 1686 1365 1617 192 1330 1277 159 1118 145 357 309 457 121 41768 2395
is_linear=0
shrinkage=0.1


Tree=92
num_leaves=31
num_cat=0
split_feature=8 15 15 5 9 2 4 3 13 38 38 19 4 9 0 21 2 49 26 3 9 3 9 28 28 8 27 28 38 21
split_gain=2.13511 2.22238 4.02392 2.97163 3.66534 2.22786 2.16023 7.71034 9.22866 7.1193 7.04045 6.9336 6.83433 5.97617 6.13242 5.6742 8.58607 8.75793 6.56872 7.78329 6.02697 5.63183 5.57952 5.45452 5.65043 5.31201 5.31084 5.18114 5.16428 10.5716
threshold=3.5893107819103243 1.2117355882045231 1.7164325526268132 1.3674286231048896 1.0002313641118341 2.8475037149582172 0.98105703724780502 2.7616482627291838 1.1871667229448208 350.50000000000006 222.50000000000003 -0.50727711994753666 1.1046285768396189 0.10138093088541482 -0.93201946994883789 -0.027779994293123968 1.0450017086620069 1.5000000000000002 -0.10642625492357788 -0.51637989204066403 1.181232985653075 -0.24114630344626886 0.93740772524172133 -0.46706679521709477 -0.55203370454248468 -1.1837850209030563 -1.223395944152154 0.032575211565583434 33.500000000000007 0.055343244138727203
decision_type=2 2 2 2 2 2 2 2 2 2 2 2 2 2 2 2 2 2 2 2 2 2 2 2 2 2 2 2 2 2
left_child=6 -2 -3 4 5 -4 -1 8 9 10 12 -11 27 -13 -15 16 17 18 -14 26 -18 22 -12 24 -23 -19 -20 -8 29 -17
right_child=1 2 3 -5 -6 -7 7 -9 -10 11 21 13 15 14 -16 28 20 25 19 -21 -22 23 -24 -25 -26 -27 -28 -29 -30 -31
leaf_value=-0.0022109371753435288 -0.044616800320904433 0.16875653767449605 -0.12166192757444537 0.098496723452717164 0.11768800179165194 0.059395903094964023 0.040108124659222727 -0.14131032146948899 0.088520637383140074 -0.083723612855352778 -0.0068801105163528824 0.029632970350549778 0.043745296466419788 0.088147182944624744 -0.03664793322061654 -0.29724623173915193 -0.11165403389650241 0.23075704201811409 -0.1143016330888294 -0.066564845494398436 0.099266440642462442 0.10133864731602973 0.14769161135610406 0.010362539643594577 0.28370913000660858 0.039323506080193499 0.10446143828178794 0.23721831091107642 -0.033167759425059534 0.023437546954428012
leaf_weight=1523.0987297158572 2.5378070534206918 2.565633504651486 2.7018875924404697 3.3266382198780775 1.3373146057128904 0.90798115404322732 32.903561871498823 3.5261647272855035 13.495205873623489 14.160602532327173 15.863339447882028 27.981598667101935 13.782035212963818 4.2656765412539235 51.205256114946678 1.0596219524741162 8.0360034080222231 1.4795434158295382 1.4178095404058693 23.436959425918758 1.6294619701802719 9.670859751291573 2.7383898431435219 5.2031636931933454 2.0609768428839752 71.418105000630021 5.1069719837978509 1.3898727914784093 68.273467197781429 34.425298396032304
leaf_count=40511 31 34 71 29 21 21 502 31 128 223 232 535 227 40 629 13 113 20 23 331 15 112 40 50 20 1098 113 18 1083 602
internal_value=0 0.0396195 0.0593415 0.025413 -0.0237308 -0.0761209 -0.000469016 0.00593129 0.00719453 0.00443355 0.0120687 -0.0190237 0.00645097 -0.00804507 -0.0270513 0.000243267 0.0144772 0.0219825 -0.0133906 -0.0396724 -0.0760958 0.0538587 0.0158746 0.0955812 0.133376 0.0432089 0.0569251 0.0480968 -0.0170839 0.0138615
internal_weight=0 13.3773 10.8395 8.27382 4.94718 3.60987 1937.63 414.53 411.004 397.509 299.895 97.6131 264.359 83.4525 55.4709 230.065 126.307 116.641 43.7438 29.9617 9.66547 35.5367 18.6017 16.935 11.7318 72.8976 6.52478 34.2934 103.758 35.4849
internal_count=46916 207 176 142 113 92 46709 6198 6167 6039 4612 1427 4158 1204 669 3638 1940 1812 694 467 128 454 272 182 132 1118 136 520 1698 615
is_linear=0
shrinkage=0.1


Tree=93
num_leaves=31
num_cat=0
split_feature=38 38 38 12 25 5 5 21 38 13 40 13 26 13 15 15 23 14 5 5 11 14 1 42 38 23 1 25 25 2
split_gain=2.16961 7.58571 5.42324 7.33145 5.16807 5.14109 5.10736 5.46341 4.9782 4.89573 7.76775 7.22912 6.70583 6.40015 5.97922 4.89306 4.75685 4.66991 6.62796 7.93811 8.46611 6.44717 6.35391 6.12338 5.51943 6.85501 13.8905 8.89841 16.3027 6.25824
threshold=32.500000000000007 29.500000000000004 34.500000000000007 -0.87397337132564568 0.29031840189212893 -1.2449411232675891 0.37334779401538337 -1.2330674201165222 28.500000000000004 -0.099276125115197775 0.33500000000000008 -0.20769173878682914 0.94103623492503663 0.96392035159750877 -0.70860098847465147 0.023245991881357893 -0.026292867211706764 0.6521726293534128 -0.85437904966600609 -0.83089271562724687 -0.7051497506180574 -0.39133841922233298 -1.4056662856494546 0.34375000000000006 11.500000000000002 -0.72107720904692252 -0.42005527255047348 0.034708942442043082 0.74920273650971392 0.94892119397380881
decision_type=2 2 2 2 2 2 2 2 2 2 2 2 2 2 2 2 2 2 2 2 2 2 2 2 2 2 2 2 2 2
left_child=1 8 3 4 -2 -3 9 -8 17 10 11 -5 13 -11 -12 -16 -6 21 -19 20 -20 24 -23 -22 25 -1 27 -27 -29 -26
right_child=2 5 -4 6 16 -7 7 -9 -10 12 14 -13 -14 -15 15 -17 -18 18 19 -21 23 22 -24 -25 29 26 -28 28 -30 -31
leaf_value=-0.07463584326711388 0.28182462727283325 0.41581976834032325 0.00013443979590679704 0.083672900102194775 0.010719873594071977 -0.11135446858544729 0.082793347005141155 -0.041041414017828182 0.096848155763420388 -0.05950836971027354 0.17295402865630657 0.2709059930822294 0.12502062036619718 0.081400471380839681 -0.092885858988251052 0.078811332225452529 0.19102198876296003 -0.051751931953854906 -0.019557275496059467 0.037166617487845686 0.14099102533530847 0.16241714449029432 -0.031930748316841256 0.53243708803977663 0.018151824530436508 -0.014693240740288591 -0.019891491165270347 0.50367346876160901 0.060329307711105895 -0.079846519653501813
leaf_weight=18.034579570172355 1.570362209342419 0.18913622607942571 1510.9171143651474 8.316410690546034 3.8741885907948017 8.4374411063618009 4.3312825812026885 20.077052284963429 4.7451463779434553 12.359259970486169 1.723816414363682 2.7420797217637327 3.7614217754453412 4.3606982901692382 4.8350472645834071 2.5274140778928995 2.3513206569477916 7.2366073505254489 0.90794722177088294 20.097478801151738 0.70880698435940093 1.7079992869403202 111.43178295152029 0.91612282348796725 124.9710939299548 2.101620797533541 52.499923342140391 1.4327508211135866 1.9696769127622245 6.8749966202303758
leaf_count=528 21 26 32530 83 31 1416 36 242 52 98 20 21 24 31 54 19 29 704 14 770 25 38 6282 26 2135 108 1339 22 28 164
internal_value=0 -0.00714006 0.0014192 0.0280725 0.119711 -0.0997963 0.0170875 -0.0190668 -0.00489253 0.0388091 0.073812 0.130099 0.00438148 -0.0227582 0.00530716 -0.033945 0.0788184 -0.00626838 0.0315534 0.0581923 0.225023 -0.00978718 -0.0289968 0.361685 0.00066753 -0.0207887 -0.00404651 0.14709 0.24702 0.0130418
internal_weight=0 364.263 1583.75 72.8304 7.79587 8.62658 65.0345 24.4083 355.637 40.6261 20.1448 11.0585 20.4814 16.72 9.08628 7.36246 6.22551 350.891 29.867 22.6304 2.53288 321.024 113.14 1.62493 207.885 76.0386 58.004 5.50405 3.40243 131.846
internal_count=46916 13677 33239 709 81 1442 628 278 12235 350 197 104 153 129 93 73 60 12183 1539 835 65 10644 6320 51 4324 2025 1497 158 50 2299
is_linear=0
shrinkage=0.1


Tree=94
num_leaves=31
num_cat=0
split_feature=2 3 2 3 27 10 22 49 38 27 38 20 2 38 34 0 27 46 40 15 40 2 22 22 1 35 19 19 28 8
split_gain=2.25943 6.69825 6.03752 7.66975 6.21396 8.87753 11.7809 10.1914 8.47979 7.98544 8.30992 7.42774 7.36033 7.23181 7.05014 6.9852 7.92416 6.45865 6.31477 5.91788 6.16444 12.1149 5.80147 7.22962 10.3878 5.79293 5.68437 5.66771 6.54989 5.64224
threshold=0.69082721044602635 2.3403192594420683 -0.32861526960995846 -0.82996632916677215 1.4702761280380507 -0.66225517409938406 -0.30796880512980951 11.500000000000002 692.50000000000011 -1.2640391242899776 278.50000000000006 -0.025402199462720505 -0.083036731849804965 257.50000000000006 -0.012078021768779852 0.40966465811606673 0.21251255861301074 1.0000000180025095e-35 0.54500000000000015 -0.47787099211807754 0.33500000000000008 -0.31246493786740426 -0.52373933493183122 -0.42632577886676087 0.58776618580708107 2.0057046809982357 -0.45613008399983695 0.61102634844431447 -0.55914930187648981 -0.18371918250270206
decision_type=2 2 2 2 2 2 2 2 2 2 2 2 2 2 2 2 2 2 2 2 2 2 2 2 2 2 2 2 2 2
left_child=2 -2 -1 -4 5 7 15 9 17 12 11 13 -5 14 -11 16 29 -6 -12 20 27 -22 -21 24 -24 -17 -23 28 -18 -7
right_child=1 -3 3 4 8 6 -8 -9 -10 10 18 -13 -14 -15 -16 25 19 -19 -20 22 21 26 23 -25 -26 -27 -28 -29 -30 -31
leaf_value=0.0026042580215074828 0.0081362778929943425 -0.053758683324932381 0.077110387591653173 -0.10246369742583582 -0.047410943262589038 -0.064077569737707438 -0.052858482834980139 -0.058447677917397224 0.078057923393383341 0.29230451275811614 -0.042898852931048066 0.1462796759706721 0.29010374347583751 0.30917056385391545 0.014630481553265224 -0.01916103470932452 -0.00050683101760376102 0.014367589139157323 0.17442299915150303 -0.14451137543831241 0.2779116929486507 0.15840664715271771 0.26042140237136596 -0.1137372788002326 -0.033124884640222549 -0.09156429828149068 -0.0093786147869561395 -0.18531523816097167 -0.087604490035681964 0.026323331116102713
leaf_weight=949.96428408066276 459.8144380528247 18.175524267018773 9.7352527405600977 0.62267082929611239 23.319171493407339 7.5643143337219945 105.4081886181375 16.580323957081418 15.404435534030197 0.94081918615847726 19.976177052594725 6.5336048533208659 2.0500343071762464 0.90331878140568633 32.539410531171598 29.352772158570588 33.907242449233308 61.692214920651168 1.4329730141907919 7.1785060707479742 1.866709863650615 2.2971651802072328 1.6270748106762773 5.547312424750996 4.6527694263495505 17.722543046926148 16.685712909209542 2.2488624574616543 11.583923281868918 79.099852736922912
leaf_count=20963 12725 345 284 40 227 228 3668 1159 147 24 373 68 50 16 1287 518 551 861 14 96 30 38 18 80 58 405 405 25 317 1896
internal_value=0 0.00578273 -0.00213282 -0.0108123 -0.0124948 -0.0179755 -0.0253432 0.0115337 0.00979151 0.029385 0.0221267 0.0485392 0.198646 0.0299664 0.0224333 -0.0122393 -0.00300586 -0.00257866 -0.0283529 -0.0242167 -0.0105345 0.0348294 -0.0735943 -0.0305512 0.0429314 -0.0464188 0.0109255 -0.0303464 -0.0226855 0.0184329
internal_weight=0 477.99 1468.44 518.473 508.738 408.322 326.743 81.5793 100.416 64.999 62.3263 40.9172 2.67271 34.3835 33.4802 221.335 174.259 85.0114 21.4092 87.5953 68.5896 20.8496 19.0057 11.8272 6.27984 47.0753 18.9829 47.74 45.4912 86.6642
internal_count=46916 13070 33846 12883 12599 11364 8333 3031 1235 1872 1782 1395 90 1327 1311 4665 3742 1088 387 1618 1366 473 252 156 76 923 443 893 868 2124
is_linear=0
shrinkage=0.1


Tree=95
num_leaves=31
num_cat=0
split_feature=18 9 22 21 6 15 23 13 2 11 4 20 10 19 32 38 32 32 4 31 7 35 31 23 4 35 46 19 28 28
split_gain=2.03202 5.45443 4.11975 3.76059 3.91139 3.90393 3.41519 3.26117 3.07998 3.09623 2.70571 5.81793 5.00054 8.60271 8.1949 4.90936 6.19206 9.12624 8.13115 6.24412 9.68869 8.92728 5.45419 7.38407 14.1368 12.956 7.0769 5.30394 5.2832 6.24262
threshold=0.9890457919452228 1.0855718869379301 0.071714619741248917 -1.4263118637287664 -1.0404885000058364 -0.7388809103572368 -0.66894533025256064 0.8924596436128579 0.63036117663104196 -0.45665701712279211 -0.60604405589894506 1.6517093358108206 -1.0790842982623612 -0.73594374987628952 0.99604444635506917 1950.0000000000002 -0.76863431211269184 -0.70416228029279959 -0.68878006697413285 -0.1546384651167601 -0.8453704506706774 4.9898633473224816 0.025214941670030678 -0.72119036760582633 -0.69778174860112629 0.010177514930825875 7.0000000000000009 3.0313914086373797 5.6683840707219026 1.1687579524245835
decision_type=2 2 2 2 2 2 2 2 2 2 2 2 2 2 2 2 2 2 2 2 2 2 2 2 2 2 2 2 2 2
left_child=10 3 7 -2 -5 -6 -4 8 9 -3 11 15 13 -12 -15 16 22 19 28 20 -18 -21 23 -1 26 -26 -25 -24 29 -19
right_child=1 2 6 4 5 -7 -8 -9 -10 -11 12 -13 -14 14 -16 -17 17 18 -20 21 -22 -23 27 24 25 -27 -28 -29 -30 -31
leaf_value=-0.033357567835621743 0.1188457779908989 0.10898891925382655 0.016285542539451508 0.11655585787966644 0.096301486452733481 -0.079724806398626488 0.17206392986001368 -0.12938248970003832 -0.068383912719513426 -0.0072023475166339453 -0.067232583060954393 -0.13112607543860091 0.0016341754926443659 0.19545063345828914 -0.030812115897210331 0.028929761774568671 0.077961465864129484 0.0078959911552399197 -0.039541063264179478 -0.046894453037613276 0.545560165287726 0.22889202180253868 -0.078470381748635382 0.22490363662045715 0.33177335787905338 -0.079428879365907493 0.91219384854740204 0.15763447578232459 0.26838105906997162 -0.0498315662495201
leaf_weight=17.326595332298897 1.2283906405791665 3.7420502700842908 2.9773308909498155 1.187077510170641 1.3371486337855554 21.817540701245882 2.668895154260098 1.9898247630335379 3.8099878281354895 5.9243942201137569 3.22232631361112 3.7720936369150868 1534.6533198905527 5.3413387555628997 2.2857326250523329 35.587530078599229 1.0961405035341156 173.82501885329839 59.445902225736063 3.2699356749653807 0.7437998002860694 1.8309714577626435 28.140090826549571 0.30410841526463617 1.0803951949346804 2.6350610678782687 0.29529138869838789 0.98475181171670456 0.74557204078882833 20.99534117965959
leaf_count=928 18 46 35 14 30 508 22 21 40 70 41 49 31873 51 26 746 45 5803 1985 264 11 35 3196 15 37 214 25 35 17 716
internal_value=0 -0.0208084 0.0168095 -0.0518683 -0.0604832 -0.0695596 0.0899199 -0.00988073 0.00776397 0.0377773 0.00031015 -0.00760129 0.00211244 0.0697637 0.127643 -0.00626354 -0.0102686 -0.0040739 -0.00715326 0.109064 0.266989 0.0520991 -0.0422328 -0.00420806 0.112844 0.0401421 0.563494 -0.0704873 0.00269161 0.00167483
internal_weight=0 46.6826 21.1125 25.5702 24.3418 23.1547 5.64623 15.4663 13.4764 9.66644 1897.58 352.079 1545.5 10.8494 7.62707 348.307 312.719 261.953 255.012 6.94085 1.83994 5.10091 50.7663 21.6415 4.31486 3.71546 0.5994 29.1248 195.566 194.82
internal_count=46916 804 234 570 552 538 57 177 156 116 46112 14121 31991 118 77 14072 13326 8876 8521 355 56 299 4450 1219 291 251 40 3231 6536 6519
is_linear=0
shrinkage=0.1


Tree=96
num_leaves=31
num_cat=0
split_feature=38 28 6 46 2 36 28 27 15 32 1 29 49 2 38 49 2 19 4 27 9 19 46 14 31 19 3 8 1 3
split_gain=2.14963 4.65394 5.33165 4.94311 4.3871 4.21171 3.76737 3.83598 3.47177 4.28164 3.46079 3.15599 3.0928 3.96335 3.68944 4.36881 4.6161 4.13523 3.14765 3.04933 2.85922 2.78095 4.06157 2.78085 8.61739 6.68035 8.78818 6.08045 5.97525 5.52208
threshold=2780.5000000000005 0.53556229472416439 -0.78129687964420169 31.500000000000004 1.4871882898927775 3.5000000000000004 0.071243800217880279 -0.87696987254587555 -0.61721348071702364 0.64918222610128773 0.79145971319763109 5.6895051025374981 21.500000000000004 -0.45807268122872252 268.50000000000006 23.500000000000004 -0.86451324724609435 -0.6623960880988119 1.7931554700223586 -0.61825858128924593 3.0226729954892182 -0.091822614962700916 12.500000000000002 -1.5077904795201711 -0.94253727900363371 -0.62407096500886483 1.3591269973457603 0.32385882141179517 1.1478581980228966 0.49905945433070426
decision_type=2 2 2 2 2 2 2 2 2 2 2 2 2 2 2 2 2 2 2 2 2 2 2 2 2 2 2 2 2 2
left_child=11 3 -3 5 -4 8 7 -7 -2 -10 -9 12 23 14 20 17 18 -16 -17 -12 -14 -21 -23 25 27 -1 -27 28 29 -25
right_child=1 2 4 -5 -6 6 -8 10 9 -11 19 -13 13 -15 15 16 -18 -19 -20 21 -22 22 -24 24 -26 26 -28 -29 -30 -31
leaf_value=-0.06123262120200143 0.0780707186703785 0.27189313818818722 -0.026973762089218218 0.15575780523107763 0.16342890472615879 -0.21360720123644794 0.020182942006332204 -0.09018650297029937 0.053094209092247803 -0.055377839512987394 0.11585140628158846 -0.16618505416586959 -0.10483198276597641 -0.084644958852243754 0.19915404415337362 -0.11468345345525639 0.22651006463119813 -0.10426610118686415 0.11375857324058064 -0.1045652085625348 0.25344173002213088 0.062173208688617171 -0.11998103687884235 -0.068234029352862269 0.0013752570512111039 -0.01575169411143559 0.05122041498580724 0.18591383308252007 0.15875013420436462 0.081041259221078382
leaf_weight=23.364140184596181 4.7093638610094812 0.99719233810901631 4.6178707743529221 1.4279567152261723 1.6398581219837067 1.7300765942782153 5.6382141583599141 15.630827740067621 5.449453420937064 10.952803727239369 1.4936694754287589 1.1364836047287088 3.298042083391922 9.6727894620271382 0.54937254032120142 1.0357354716397824 1.8676096647977827 2.462645324296318 1.4441916868090627 3.7700109365396193 0.23888409137725819 3.9686949308961621 1.7700447682291267 5.2144687492400426 1688.8457999617676 103.50169606716372 24.168737942352891 3.7254209723323575 3.2587683210149399 4.722480068448931
leaf_count=352 39 5 106 10 27 32 109 418 39 87 24 26 307 977 8 38 31 217 11 57 1 49 27 43 41929 1576 275 27 36 33
internal_value=0 -0.0182583 0.0571431 -0.0279332 0.0229219 -0.0326925 -0.0544753 -0.0693163 0.00238993 -0.0193393 -0.0599432 0.000407114 0.000507962 -0.0380553 0.00330218 0.0436411 0.107771 -0.0489242 0.0183503 -0.0169775 -0.0806342 -0.0378428 0.00598994 0.000935159 0.00208671 -0.0120704 -0.00307349 0.0730949 0.0412438 0.00270823
internal_weight=0 63.796 7.25492 56.5411 6.25773 55.1132 34.0015 28.3633 21.1116 16.4023 26.6332 1878.51 1877.37 20.5693 10.8965 7.35955 4.34754 3.01202 2.47993 11.0024 3.53693 9.50875 5.73874 1856.8 1705.77 151.035 127.67 16.9211 13.1957 9.93695
internal_count=46916 1029 138 891 133 881 716 607 165 126 575 45887 45861 1590 613 305 80 225 49 157 308 133 76 44271 42068 2203 1851 139 112 76
is_linear=0
shrinkage=0.1


Tree=97
num_leaves=31
num_cat=0
split_feature=40 35 40 0 6 3 6 28 11 15 21 28 4 12 26 21 7 31 3 31 19 0 25 46 3 8 4 3 4 42
split_gain=1.98677 2.2874 12.6572 10.486 9.2145 7.4329 5.90344 7.90346 5.86986 5.74508 5.62131 8.16078 5.58978 5.48695 6.87026 8.99007 7.13978 6.55195 5.95032 5.70071 9.86614 5.99864 5.841 5.42114 6.34887 6.83263 6.35559 6.58015 6.32068 5.33182
threshold=0.015000000000000001 0.021372449354867915 0.13500000000000004 -0.59038552473514005 -0.35602877798362659 2.3403192594420683 -0.73206707920990099 -0.44049329817727745 2.7701439728245174 1.4760741186913193 0.49236427906928587 -0.61853124889519984 -0.37648857274177211 -0.76244774724345621 -0.43956422000965972 0.75563554072502426 -0.58110279579395174 -0.55486860987659681 1.3920937881265194 -0.72939505340204158 -0.70947027671731211 0.56894160220380663 -0.89829425673647567 2.5000000000000004 -0.58332476633263808 0.57230075531286606 2.6515082877025167 -0.59321988956365934 0.18453144049552031 0.21875000000000003
decision_type=2 2 2 2 2 2 2 2 2 2 2 2 2 2 2 2 2 2 2 2 2 2 2 2 2 2 2 2 2 2
left_child=-1 3 4 23 6 13 -3 10 -6 -7 -8 -12 -9 14 15 16 -5 18 -15 22 -21 -22 -16 29 25 26 27 -25 -27 -2
right_child=1 2 -4 5 8 9 7 12 -10 -11 11 -13 -14 17 19 -17 -18 -19 -20 20 21 -23 -24 24 -26 28 -28 -29 -30 -31
leaf_value=0.086796511226657866 0.058565854224831917 0.049842451599612703 -0.00079854832937502763 0.11588110869356871 0.078031145480851688 -0.10588468920327238 0.078568095176111852 0.012466567128366655 -0.091962479250624146 0.13928073027153914 0.082536905084717352 -0.15010112463390096 -0.13792251184140078 -0.065204311898450384 0.20148365985329184 0.014877501762077631 0.37255826114120644 0.0090416989308256014 0.14474047786606317 0.3551028459330412 0.20383306074309535 0.019343559059779525 -0.010933736310699969 -0.059750773202419387 -0.06621741416293575 -0.051593380429691388 0.20062474984199469 0.16381052948555497 0.1798762272871175 -0.018203019678883017
leaf_weight=2.6216892357915631 10.209314353764055 17.512524840421975 1450.5243934179307 2.7471982873976231 42.778405493125319 8.6602608506800589 8.0939500406384486 3.6828913493081927 2.1325022224336854 1.0744034526869644 2.6793384575285017 3.4488604571670285 7.5139812082052213 19.523951647803191 1.3542966097593296 4.2622700203210115 1.7896945565007607 147.63959982607048 1.4502686224877823 1.1587772886268783 2.1168351913802352 10.526478132582268 29.325600968208164 18.55644561583177 50.902772381086834 1.8302134963450942 1.1227936865761865 1.4171081625390822 3.3191633871756494 79.466039339778945
leaf_count=23 65 222 36139 31 455 170 105 29 18 15 43 28 56 405 30 79 28 3836 17 15 25 182 404 632 1644 118 26 38 65 1973
internal_value=0 -0.000315353 0.00143363 -0.00706791 0.0382931 0.00669938 0.00516696 -0.0256124 0.0699593 -0.0788261 0.0238637 -0.0483884 -0.0884563 0.0104514 0.0384253 0.119162 0.217134 0.00161185 -0.0506876 0.0224544 0.0758281 0.0502321 -0.00155704 -0.0261834 -0.0456186 -0.0056677 -0.0308757 -0.0438893 0.0976063 -0.00946308
internal_weight=0 1936.82 1538.37 398.453 87.8425 231.63 42.9315 25.419 44.9109 9.73466 14.2221 6.1282 11.1969 221.895 53.2812 8.79916 4.53689 168.614 20.9742 44.482 13.8021 12.6433 30.6799 166.824 77.1485 26.2457 21.0963 19.9736 5.14938 89.6754
internal_count=46916 46893 37095 9798 956 5237 483 261 473 185 176 71 85 5052 794 138 59 4258 422 656 222 207 434 4561 2523 879 696 670 183 2038
is_linear=0
shrinkage=0.1


Tree=98
num_leaves=31
num_cat=0
split_feature=40 0 8 9 38 15 15 46 13 13 29 5 38 15 3 22 4 2 42 3 9 25 0 12 17 12 5 4 23 32
split_gain=1.96265 10.1237 5.25191 5.26533 5.85486 5.42005 11.6696 10.7111 9.22474 10.6718 7.93224 7.78251 5.15398 4.89263 5.7076 5.9211 5.38375 4.83514 4.46278 4.32812 4.2703 8.63401 6.19253 5.93107 4.62132 4.34936 4.80855 4.21983 4.17651 5.44513
threshold=0.53500000000000014 -0.73514883443093548 0.059804864591645489 1.438366478306347 883.50000000000011 0.35703833734398666 -0.07338623417304263 2.5000000000000004 -0.3532423253623832 -0.41700511630681841 0.63223059580471686 0.37334779401538337 1718.5000000000002 0.22476075174752677 -0.77429277844835276 -0.57715367860386002 0.16102013292687356 -0.5664734721152126 0.34375000000000006 1.5479407154206322 0.26264209426803736 -0.016604591997597559 -0.43641833104161054 0.27920872172440092 0.01621301672502087 -0.30105943354998971 -0.13823054311677677 -0.94075910689619346 -0.3741164044184257 -0.36282433484790771
decision_type=2 2 2 2 2 2 2 2 2 2 2 2 2 2 2 2 2 2 2 2 2 2 2 2 2 2 2 2 2 2
left_child=-1 12 3 4 5 6 20 28 9 10 13 -10 -2 14 -8 -16 17 -15 -13 -9 24 -22 -23 25 -3 -24 -27 -6 29 -7
right_child=1 2 -4 -5 27 7 8 19 11 -11 -12 18 -14 16 15 -17 -18 -19 -20 -21 21 22 23 -25 -26 26 -28 -29 -30 -31
leaf_value=-0.0012331676751920818 0.14346995596471981 -0.03570663140792725 -0.01873249601517946 0.20173414238029969 0.14780795647609787 -0.13215690929069729 0.28186824130574356 -0.083662251671408325 -0.052619996580053896 0.37608583464672951 -0.02976986477528137 0.022701407915322915 -0.020730249735306887 0.59832863915759804 0.19385049231435483 -0.10567793068796756 0.13537165113416774 0.2391082553932829 0.18668125924782719 0.13506744047450409 0.24836923104255978 -0.079626607694535861 0.020710651581900712 -0.11602672277470799 0.18922190054190111 0.080911546187873329 0.27751704881905409 -0.076388590817486418 0.084454717750826483 0.061410966749313046
leaf_weight=1746.1179443502915 8.0691611459478718 19.949943099520173 65.193788072152529 1.5208755927160371 0.92030318081378837 2.5346546988002956 1.1800508541055013 14.932594153680835 5.6276209853822348 1.8852702835574771 2.6926005259156227 3.2209729100577533 2.5050396565347901 0.68270739773288369 1.1274124626070254 1.5917850465048107 1.5350545588880775 0.83054812974296532 3.4239499229006469 0.962998650036753 1.7793577155098343 4.914351063314828 8.494370233267551 1.9645337916444976 0.95726278331130643 5.214548891410236 1.6337649337947278 9.5654740394093078 10.119191008154305 3.4062249474227455
leaf_count=42551 81 518 2027 11 16 45 15 461 175 29 84 29 13 20 12 71 24 25 35 12 26 73 71 61 10 76 14 170 124 37
internal_value=0 0.00950902 0.00385744 0.0169287 0.0144 0.0218076 0.0376326 -0.012217 0.0942465 0.158492 0.115939 0.0339117 0.104571 0.17241 0.0982117 0.0185102 0.267321 0.401171 0.107196 -0.070411 0.00763146 0.0364121 0.01944 0.0475698 -0.025408 0.0685173 0.127815 -0.0567116 0.0453809 -0.0211741
internal_weight=0 188.436 177.862 112.668 111.148 100.662 68.7061 31.9557 23.798 11.5254 9.64016 12.2725 10.5742 6.94756 3.89925 2.7192 3.04831 1.51326 6.64492 15.8956 44.9081 24.0009 22.2216 17.3072 20.9072 15.3427 6.84831 10.4858 16.0601 5.94088
internal_count=46916 4365 4271 2244 2233 2047 1368 679 519 280 251 239 94 167 98 83 69 45 64 473 849 321 295 222 528 161 90 186 206 82
is_linear=0
shrinkage=0.1


Tree=99
num_leaves=31
num_cat=0
split_feature=2 17 2 24 20 3 2 3 49 19 29 22 27 38 1 40 15 36 40 35 0 38 27 38 9 46 5 2 17 3
split_gain=1.95975 5.57049 5.70542 8.18744 5.06749 4.93285 4.77691 7.76421 6.10321 5.9702 7.11963 8.6115 6.03773 10.0741 6.15276 5.54331 5.27996 5.14697 5.3142 6.88844 8.21993 6.67293 9.29196 9.6218 9.07171 7.64413 6.77597 7.31003 11.8279 7.92114
threshold=0.69082721044602635 0.0048897133532991958 1.1793927710163143 -0.26281393342558862 0.26974264828187516 3.0401492669287964 -0.31246493786740426 -0.82996632916677215 11.500000000000002 -0.7274823368057638 -0.59393842497644911 0.72372495395520431 1.4115165564439758 692.50000000000011 1.2941730196624683 0.53500000000000014 -0.71940279973575927 3.5000000000000004 0.15500000000000003 0.0062747806677561713 -0.92397196312724283 94.500000000000014 0.1634725153015758 111.50000000000001 -1.3478036549406627 10.500000000000002 3.4562561927116513 -0.45807268122872252 -0.0061712762432069917 -0.29413719152932349
decision_type=2 2 2 2 2 2 2 2 2 2 2 2 2 2 2 2 2 2 2 2 2 2 2 2 2 2 2 2 2 2
left_child=6 5 3 -3 -5 -2 17 8 -8 10 -9 -12 16 -14 -15 -13 -11 -1 19 20 -19 26 23 -23 25 -25 27 -22 -29 -30
right_child=1 2 -4 4 -6 -7 7 9 -10 12 11 15 13 14 -16 -17 -18 18 -20 -21 21 22 -24 24 -26 -27 -28 28 29 -31
leaf_value=0.016324124938514872 0.0041805536838988196 0.47287878498324187 -0.00012564112641252735 0.11173275543038395 -0.0034526171347400905 -0.062525294270039986 0.12648249446518331 -0.041561299810158096 -0.062475597687246857 -0.079568615795721401 0.22565309042360285 0.01882704260327904 -0.0065502548585488294 0.10877113405530091 -0.066419792080201476 0.24454795473323424 -0.017933301126595646 -0.10809723277888537 0.0045885283978915328 -0.028234070222833363 -0.035954400669723212 0.25319392752248121 0.063016894398968792 0.28009630579450923 -0.029711568950036099 -0.11004944870711619 0.21746022795458986 0.58095313071732568 -0.09607854432768996 0.12561202972755289
leaf_weight=200.00013203313574 431.73530730145285 0.52571092965081589 14.828236292756626 11.117583852494137 5.818283329717814 11.378041525604202 7.0169150250731018 7.8593618498416644 2.2598360622068867 14.487943974207154 3.0552913392893997 11.98292055382626 76.9413805922959 13.084745191037653 2.3673931928351513 1.1966409999877203 341.68502663524123 6.3526944022160015 493.07403494382743 141.12447290902492 49.498012108786497 1.3719461716245849 37.737308695213869 1.7617377873975777 34.55890548415482 0.70243084407411505 1.2043079286813725 0.42909278813749541 2.6336801571305841 4.1536366872023782
leaf_count=2567 12050 13 377 350 73 207 144 167 123 684 41 258 1041 118 23 21 9535 163 12715 2665 1820 42 603 38 722 37 17 9 145 148
internal_value=0 0.00538979 0.0454894 0.0842253 0.0721611 0.00246771 -0.00200465 -0.0101485 0.0804519 -0.0119267 0.036566 0.0743878 -0.0145314 0.0082475 0.0819305 0.0393214 -0.0204404 0.00202247 -0.00167018 -0.0126318 0.00305056 0.00831786 0.0277781 -0.00685705 -0.0164936 0.168882 -0.017262 -0.0222462 0.0717794 0.0395895
internal_weight=0 475.403 32.2898 17.4616 16.9359 443.113 1456.54 481.937 9.27675 472.661 24.0942 16.2349 448.566 92.3935 15.4521 13.1796 356.173 974.602 774.602 281.528 140.404 134.051 76.1323 38.395 37.0231 2.46417 57.9187 56.7144 7.21641 6.78732
internal_count=46916 13070 813 436 423 12257 33846 12155 267 11888 487 320 11401 1182 141 279 10219 21691 19124 6409 3744 3581 1442 839 797 75 2139 2122 302 293
is_linear=0
shrinkage=0.1


end of trees

feature_importances:
Column_38=367
Column_35=184
Column_14=172
Column_6=143
Column_34=127
Column_40=114
Column_9=108
Column_32=103
Column_49=97
Column_46=87
Column_10=83
Column_28=83
Column_1=80
Column_8=79
Column_25=79
Column_20=78
Column_4=75
Column_0=68
Column_2=68
Column_19=68
Column_31=64
Column_3=60
Column_27=54
Column_29=49
Column_15=45
Column_36=45
Column_22=43
Column_26=43
Column_13=42
Column_5=40
Column_21=36
Column_7=35
Column_12=27
Column_23=25
Column_24=23
Column_42=22
Column_30=17
Column_11=16
Column_17=13
Column_33=13
Column_18=12
Column_16=10
Column_41=2
Column_47=1

parameters:
[boosting: gbdt]
[objective: binary]
[metric: logloss]
[tree_learner: serial]
[device_type: cpu]
[data_sample_strategy: bagging]
[data: ]
[valid: ]
[num_iterations: 100]
[learning_rate: 0.1]
[num_leaves: 31]
[num_threads: 1]
[seed: 0]
[deterministic: 0]
[force_col_wise: 0]
[force_row_wise: 0]
[histogram_pool_size: -1]
[max_depth: -1]
[min_data_in_leaf: 20]
[min_sum_hessian_in_leaf: 0.001]
[bagging_fraction: 1]
[pos_bagging_fraction: 1]
[neg_bagging_fraction: 1]
[bagging_freq: 0]
[bagging_seed: 3]
[feature_fraction: 1]
[feature_fraction_bynode: 1]
[feature_fraction_seed: 2]
[extra_trees: 0]
[extra_seed: 6]
[early_stopping_round: 0]
[first_metric_only: 0]
[max_delta_step: 0]
[lambda_l1: 0]
[lambda_l2: 0]
[linear_lambda: 0]
[min_gain_to_split: 0]
[drop_rate: 0.1]
[max_drop: 50]
[skip_drop: 0.5]
[xgboost_dart_mode: 0]
[uniform_drop: 0]
[drop_seed: 4]
[top_rate: 0.2]
[other_rate: 0.1]
[min_data_per_group: 100]
[max_cat_threshold: 32]
[cat_l2: 10]
[cat_smooth: 10]
[max_cat_to_onehot: 4]
[top_k: 20]
[monotone_constraints: ]
[monotone_constraints_method: basic]
[monotone_penalty: 0]
[feature_contri: ]
[forcedsplits_filename: ]
[refit_decay_rate: 0.9]
[cegb_tradeoff: 1]
[cegb_penalty_split: 0]
[cegb_penalty_feature_lazy: ]
[cegb_penalty_feature_coupled: ]
[path_smooth: 0]
[interaction_constraints: ]
[verbosity: 1]
[saved_feature_importance_type: 0]
[use_quantized_grad: 0]
[num_grad_quant_bins: 4]
[quant_train_renew_leaf: 0]
[stochastic_rounding: 1]
[linear_tree: 0]
[max_bin: 255]
[max_bin_by_feature: ]
[min_data_in_bin: 3]
[bin_construct_sample_cnt: 200000]
[data_random_seed: 1]
[is_enable_sparse: 1]
[enable_bundle: 1]
[use_missing: 1]
[zero_as_missing: 0]
[feature_pre_filter: 1]
[pre_partition: 0]
[two_round: 0]
[header: 0]
[label_column: ]
[weight_column: ]
[group_column: ]
[ignore_column: ]
[categorical_feature: ]
[forcedbins_filename: ]
[precise_float_parser: 0]
[parser_config_file: ]
[objective_seed: 5]
[num_class: 1]
[is_unbalance: 0]
[scale_pos_weight: 1]
[sigmoid: 1]
[boost_from_average: 1]
[reg_sqrt: 0]
[alpha: 0.9]
[fair_c: 1]
[poisson_max_delta_step: 0.7]
[tweedie_variance_power: 1.5]
[lambdarank_truncation_level: 30]
[lambdarank_norm: 1]
[label_gain: ]
[lambdarank_position_bias_regularization: 0]
[eval_at: ]
[multi_error_top_k: 1]
[auc_mu_weights: ]
[num_machines: 1]
[local_listen_port: 12400]
[time_out: 120]
[machine_list_filename: ]
[machines: ]
[gpu_platform_id: -1]
[gpu_device_id: -1]
[gpu_use_dp: 0]
[num_gpu: 1]

end of parameters

pandas_categorical:null
