tree
version=v4
num_class=1
num_tree_per_iteration=1
label_index=0
max_feature_idx=49
objective=binary sigmoid:1
average_output
feature_names=Column_0 Column_1 Column_2 Column_3 Column_4 Column_5 Column_6 Column_7 Column_8 Column_9 Column_10 Column_11 Column_12 Column_13 Column_14 Column_15 Column_16 Column_17 Column_18 Column_19 Column_20 Column_21 Column_22 Column_23 Column_24 Column_25 Column_26 Column_27 Column_28 Column_29 Column_30 Column_31 Column_32 Column_33 Column_34 Column_35 Column_36 Column_37 Column_38 Column_39 Column_40 Column_41 Column_42 Column_43 Column_44 Column_45 Column_46 Column_47 Column_48 Column_49
feature_infos=[-1.2504883594784932:15.798026433845127] [-1.6942035155796722:31.698713898142451] [-1.2896648374313537:41.078922051193565] [-0.97804474198327029:14.807636610531953] [-1.1152888280384345:21.78669170307009] [-1.8862102267685008:19.869853026967405] [-1.5540989689317364:47.607737950131309] [-1.5642778150448371:4.6653551563690892] [-1.2138337338365262:29.702922545606071] [-1.7553705053502309:4.0743700750396483] [-1.7340317224577881:7.3264240399689395] [-0.97869483213632102:6.0167510186081881] [-1.5579095479715643:59.004612215098327] [-0.96776256976426955:14.807636610531953] [-5.7175227242526372:7.6513710065328215] [-0.77399648462484738:9.7791031611688801] [-0.062261689845420132:40.221515814628638] [-0.03559161891691151:0.035340447584859179] [-1.0538865892455764:1.0160323610251754] [-0.8372301391356739:9.7723828108543724] [-0.68886770146199205:12.781567845435854] [-2.2227376334689892:11.035072096676103] [-0.86951015623001549:119.05123222314909] [-4.2402729805030015:2.3966212858456437] [-0.28090035789186218:4.1126100380045401] [-1.6655193555195715:9.4631116693494146] [-1.7369647438352842:8.8738217139887006] [-1.6333961596839974:4.4334029956433021] [-0.72481424855633592:34.139763059305217] [-1.0164738168665284:7.3084434598582915] [-0.122048067242397:12.361590672397787] [-1.7104296920285054:56.810156472352482] [-2.36423798798715:4.7794127332731167] [-0.80976315975979374:2.4098767141362201] [-0.032497488837272763:3.0145892820273552] [-0.030888523285414818:5.0323200925609015] [0:6] [0:1] [0:3898] [0:0.40000000000000002] [0:0.56000000000000005] [0:0.40000000000000002] [0:1] [0:4] [0:1] [0:1] [0:34] [0:4] [0:56] [0:35]
tree_sizes=3306 3309 3293 3282 3310 3300 3300 3308 3298 3310 3317 3329 3290 3314 3319 3312 3320 3326 3313 3310 3309 3312 3314 3314 3317 3321 3305 3314 3312 3318 3327 3310 3308 3319 3310 3327 3313 3326 3318 3321 3292 3310 3305 3309 3314 3311 3304 3307 3308 3314 3328 3327 3309 3305 3304 3315 3310 3303 3315 3309 3310 3306 3309 3321 3291 3309 3312 3303 3311 3316 3301 3305 3305 3315 3318 3317 3323 3307 3307 3302 3326 3308 3325 3315 3288 3306 3312 3319 3296 3315 3318 3340 3320 3313 3303 3300 3315 3311 3307 3307

Tree=0
num_leaves=31
num_cat=0
split_feature=10 36 34 8 34 35 35 40 35 14 35 34 49 35 9 0 20 34 20 6 35 35 35 6 12 35 6 6 6 9
split_gain=8406.34 6551.6 3656.76 1033.03 698.691 229.653 537.515 408.951 685.581 210.388 286.008 133.165 120.958 112.529 97.9888 88.8047 84.0101 57.8196 52.991 59.6008 52.3701 105.418 45.3276 33.0329 31.2826 30.3417 28.9979 27.9141 26.6672 25.1283
threshold=1.5558804064814382 3.5000000000000004 0.97832031928938423 -0.46017495063667579 0.98353832436962929 3.9791818576149001 4.9767988934686258 0.20500000000000004 0.97954578045460716 -1.1008513637848429 4.0217238821888719 0.020233483296025694 14.500000000000002 3.9913359125606456 1.5107152646468711 -0.59774684379245457 1.0000000180025095e-35 1.0052227388570085 0.39792739208455813 -1.1961339953951045 1.9952054081949948 0.97105081045828856 3.0010411422024923 1.1857243389194776 -0.31754989214260126 4.9991424286896304 -0.79039603016483795 -0.79039603016483795 -0.12011457448581979 0.22298415082616821
decision_type=2 2 2 2 2 2 2 2 2 2 2 2 2 2 2 2 2 2 2 2 2 2 2 2 2 2 2 2 2 2
left_child=1 3 -2 4 23 7 17 8 -5 10 18 -12 13 20 -4 -8 29 -7 27 -20 21 -6 -16 -1 -17 -24 -21 -3 -9 -11
right_child=2 9 14 5 12 6 15 28 -10 16 11 -13 -14 -15 22 24 -18 -19 19 26 -22 -23 25 -25 -26 -27 -28 -29 -30 -31
leaf_value=4.936133629861331 4.906681645049396 -2.3396603012667416 -2.1508430214275003 -1.4740387794458421 -1.3612254322979584 4.9282371726116452 4.7903252257516584 -1.1790399626330363 3.8705403910818172 -2.8056018469465149 4.3138101909227018 -0.91803013993127103 -2.2597375976772587 5.1980648947290096 -0.88931607873568286 0.27930063404984118 -2.3595605427647244 -0.10255080197656685 3.5671062188196019 -1.6796914902580919 -1.3847201224957102 4.6883903085073193 4.4088913418696194 1.6099558077283116 -2.045820713698415 -0.10255080197656752 0.74999577861244182 -1.1280778481923313 -2.3139861494842746 -2.5728342299119387
leaf_weight=114.53386621177197 253.96106737107038 316.01046384125948 104.23317588865757 48.560397237539291 5.6408542245626503 33.354616284370422 2.4525453150272361 35.439279802143574 47.456751845777035 2150.5143594816327 10.178063057363035 9.3196721971034986 14.347390092909334 5.8861087560653678 8.7065358683466894 7.725517742335799 666.47918935865164 2.4525453150272361 2.4525453150272361 54.814387790858746 10.178063057363032 5.8861087560653687 3.8014452382922164 3.0656816437840453 23.053925961256027 2.4525453150272369 5.3955996930599204 20.233498848974705 49.78666989505291 591.30867545306683
leaf_count=934 2071 2577 850 396 46 272 20 289 387 17537 83 76 117 48 71 63 5435 20 20 447 83 48 31 25 188 20 44 165 406 4822
internal_value=-1.78972 -2.18888 2.76208 1.61113 3.5997 0.343546 1.89559 -0.24766 1.16753 -2.59584 -1.92662 1.81306 0.0953579 1.32001 -1.80734 -1.00078 -2.678 4.58366 -2.10941 -1.26513 0.268331 1.72794 0.585928 4.84942 -1.46222 2.6397 -1.46196 -2.26675 -1.84204 -2.7554
internal_weight=0 4236.53 373.155 409.82 159.538 250.282 69.0392 181.243 96.0171 3826.71 418.404 19.4977 41.9385 27.5911 119.194 33.232 3408.3 35.8072 398.906 62.6625 21.705 11.527 14.9605 117.6 30.7794 6.25399 60.21 336.244 85.2259 2741.82
internal_count=37591 34548 3043 3342 1301 2041 563 1478 783 31206 3412 159 342 225 972 271 27794 292 3253 511 177 94 122 959 251 51 491 2742 695 22359
is_linear=0
shrinkage=1


Tree=1
num_leaves=31
num_cat=0
split_feature=10 36 34 8 34 14 35 35 35 40 35 34 9 0 9 34 6 6 38 38 14 10 35 38 34 9 46 35 33 38
split_gain=8404.23 6354.97 3554.07 1028.16 742.797 230.8 235.604 228.271 554.567 387.738 656.089 139.533 130.986 88.7192 84.455 71.1368 69.8759 67.7888 64.1353 58.3252 57.2718 92.7355 44.2116 43.9254 40.5051 37.9398 36.0992 35.8891 35.493 34.4786
threshold=1.5558804064814382 3.5000000000000004 0.97832031928938423 -0.46017495063667579 0.97293110533848381 -1.1008513637848429 4.0217238821888719 3.9791818576149001 4.9767988934686258 0.20500000000000004 0.97954578045460716 0.012426962810402731 1.4906560138589964 -0.59774684379245457 0.14419241178071365 1.9891018180155386 -0.79039603016483795 -0.12011457448581979 76.500000000000014 183.50000000000003 -2.535449313321108 0.095874528290207969 3.9882573290859553 400.50000000000006 1.0049791171386804 1.0002313641118341 1.5000000000000002 4.0108325590694198 -0.31950862134995778 80.500000000000014
decision_type=2 2 2 2 2 2 2 2 2 2 2 2 2 2 2 2 2 2 2 2 2 2 2 2 2 2 2 2 2 2
left_child=1 3 -2 4 -1 6 16 9 24 10 -5 -8 -4 -10 -7 17 20 -6 -16 -19 21 -3 -14 -23 -9 29 -15 -24 -18 -20
right_child=2 5 12 7 15 14 11 8 13 -11 -12 -13 22 26 18 -17 28 19 25 -21 -22 23 27 -25 -26 -27 -28 -29 -30 -31
leaf_value=4.890502644422817 4.9076746914573341 -2.562141708388336 -2.1267731822842495 -1.4139297373361588 2.5370270550873433 -2.7962511705700601 4.0330944119365739 4.9252279415099629 4.7903252257516584 -1.7568406306067501 3.7725483142426373 -1.3257698089086232 -0.45592518175693875 1.120668204955487 -2.6791772246266032 -2.6121597504709735 -1.5975962548935245 -1.9921830313232198 -0.66319284682042601 1.3924946509403906 -2.2462622792413889 4.6883903085073175 4.7183711665203596 -0.62678751923316289 0.71292853597813721 -1.7081064784459923 -1.8914626829853098 -0.10255080197656752 0.75733582665883903 -2.3981487070860519
leaf_weight=113.79810261726379 251.38589479029179 7.6028904765844327 103.62003955990076 49.909297160804272 11.649590246379374 2199.6878930479288 10.300690323114397 32.986734487116337 2.4525453150272361 90.008413061499596 47.702006377279758 9.1970449313521367 9.1970449313521367 4.6598360985517528 652.1317992657423 8.7065358683466894 13.243744701147081 11.404335714876654 11.772217512130736 9.1970449313521367 353.28915262967348 3.9240725040435791 4.1693270355463019 2.5751725807785988 2.4525453150272361 116.12802066653967 27.22325299680233 2.4525453150272369 12.385353840887545 424.29033949971199
leaf_count=928 2050 62 845 407 95 17938 84 269 20 734 389 75 75 38 5318 71 108 93 96 75 2881 32 34 21 20 947 222 20 101 3460
internal_value=-1.78972 -2.19124 2.77374 1.5392 3.57615 -2.5941 -1.88768 0.314513 1.85876 -0.259784 1.12067 1.50533 -1.7176 -1.0054 -2.6797 -0.0756937 -2.05601 0.609056 -2.46683 -0.481166 -2.16738 -0.19119 0.96263 2.58238 4.63372 -2.21604 -1.45123 2.93284 -0.459567 -2.35131
internal_weight=0 4228.68 370.825 412.15 154.756 3816.53 412.518 257.395 69.7749 187.62 97.6113 19.4977 119.439 34.3356 3404.01 40.9575 393.02 32.251 1204.32 20.6014 367.391 14.1021 15.8189 6.49925 35.4393 552.191 31.8831 6.62187 25.6291 436.063
internal_count=37508 34484 3024 3361 1262 31123 3364 2099 569 1530 796 159 974 280 27759 334 3205 263 9821 168 2996 115 129 53 289 4503 260 54 209 3556
is_linear=0
shrinkage=1


Tree=2
num_leaves=31
num_cat=0
split_feature=1 36 46 2 46 35 35 35 35 14 35 9 46 49 35 9 0 38 38 6 14 14 7 9 40 49 35 35 25 2
split_gain=8204.48 6417.47 3422.81 902.018 706.151 216.193 502.503 391.06 603.999 198.066 253.045 157.169 130.254 123.301 136.671 79.7253 73.6232 71.3777 67.7539 60.6663 50.8243 47.6298 86.1964 44.902 41.2384 43.9394 47.5223 52.5602 37.0731 133.101
threshold=1.5767129858939295 3.5000000000000004 10.500000000000002 -0.56666727637951553 7.0000000000000009 3.9791818576149001 4.9767988934686258 1.9920083055123479 0.97105081045828856 -1.1008513637848429 4.0217238821888719 1.20733357875903 7.0000000000000009 14.500000000000002 3.0242857737003104 0.14419241178071365 -0.59428276833821314 76.500000000000014 296.50000000000006 -0.79039603016483795 0.9339492431873897 -2.535449313321108 -1.2089240707052638 1.4906560138589964 0.115 11.500000000000002 3.0022294741910618 4.9879704741661453 2.0809740309278992 -0.78888807744659928
decision_type=2 2 2 2 2 2 2 2 2 2 2 2 2 2 2 2 2 2 2 2 2 2 2 2 2 2 2 2 2 2
left_child=1 3 -2 4 28 7 -7 8 -5 10 19 -4 -12 14 18 -11 -8 -17 -6 21 23 22 -3 -19 -13 -26 -27 -28 -1 -30
right_child=2 9 11 5 13 6 16 -9 -10 15 12 24 -14 -15 -16 17 -18 20 -20 -21 -22 -23 -24 -25 25 26 27 -29 29 -31
leaf_value=4.8556880734503167 4.8226728390593614 -2.8028644587888421 -2.2530153505423982 -1.381860980302333 -1.2329510224747544 4.5184987797667571 4.0330944119365668 -1.8360405057574731 3.7576801945372771 -2.7881976107181794 3.8389326648045015 -2.0247520985840834 -1.3977238681399204 -2.2039783267059967 5.1980648947290096 -2.6935225435003187 -1.5556846883319757 -2.0828207322847319 2.0070587896888634 -0.65375442855706134 -2.7006600936728344 -2.286930260625256 2.4798004348799965 -0.15851507026757616 4.8718731595471212 -1.3577493907891998 4.5368654315224912 -0.76120719032459738 4.8562472081611681 -0.10255080197656685
leaf_weight=96.385030880570412 250.40487666428089 6.4992450848221779 96.630285412073135 46.353106454014778 15.083153687417509 33.84512534737587 2.5751725807786014 83.877049773931503 45.12683379650116 2189.5098299905658 11.036453917622568 4.2919543012976673 8.3386540710926038 15.941544547677038 6.7444996163249007 653.48069918900728 27.836389325559139 397.06708650290966 11.281708449125288 26.487489402294159 152.30306406319141 358.31687052547932 5.8861087560653669 12.507981106638907 3.0656816437840488 6.2539905533194524 4.5372088328003883 3.188308909535408 20.478753380477432 7.3576359450817099
leaf_count=786 2042 53 788 378 123 276 21 684 368 17855 90 35 68 130 55 5329 227 3238 92 216 1242 2922 48 102 25 51 37 26 167 60
internal_value=-1.78972 -2.1899 2.73045 1.55541 3.29355 0.298511 1.86767 -0.276482 1.15346 -2.59456 -1.94368 -1.71062 1.58518 0.080932 1.18107 -2.67419 -1.08244 -2.46881 0.153472 -2.11582 -2.20746 -2.22029 -0.292291 -2.02405 0.745735 1.44334 0.691469 2.35036 4.5621 3.54555
internal_weight=0 4234.32 368.372 412.886 173.272 239.614 64.2567 175.357 91.4799 3821.43 416.565 117.967 19.3751 49.0509 33.1094 3404.87 30.4116 1215.36 26.3649 397.19 561.878 370.702 12.3854 409.575 21.3371 17.0452 13.9795 7.72552 124.221 27.8364
internal_count=37534 34530 3004 3367 1413 1954 524 1430 746 31163 3397 962 158 400 270 27766 248 9911 215 3239 4582 3023 101 3340 174 139 114 63 1013 227
is_linear=0
shrinkage=1


Tree=3
num_leaves=31
num_cat=0
split_feature=10 36 46 2 34 40 40 40 40 14 40 34 36 0 49 40 20 34 40 40 25 2 6 14 23 40 6 6 49 40
split_gain=8400.09 6614.4 3558.69 820.787 657.522 223.554 532.872 395.932 682.298 223.242 287.841 149.724 135.786 110.473 110.058 127.363 74.3824 66.5394 60.8214 81.9745 56.8684 121.077 53.971 56.5293 85.1617 49.1481 38.3571 32.3709 31.1433 40.5891
threshold=1.5558804064814382 3.5000000000000004 10.500000000000002 -0.56666727637951553 0.97293110533848381 0.41500000000000004 0.48000000000000004 0.20500000000000004 0.080000000000000016 -1.1008513637848429 0.53500000000000014 0.012426962810402731 3.5000000000000004 -0.60371441354094812 14.500000000000002 0.38500000000000006 -0.040922761702758111 1.0057607986244064 0.20500000000000004 0.115 2.5449409906782106 -0.78888807744659928 -0.79039603016483795 -2.535449313321108 -1.7415055952903709 0.115 1.1857243389194776 -0.12011457448581979 14.500000000000002 0.41500000000000004
decision_type=2 2 2 2 2 2 2 2 2 2 2 2 2 2 2 2 2 2 2 2 2 2 2 2 2 2 2 2 2 2
left_child=1 3 -2 4 20 7 17 8 -5 10 22 -12 25 -8 15 18 -11 -7 19 -6 26 -22 23 24 -3 -4 -1 -9 29 -27
right_child=2 9 12 5 14 6 13 27 -10 16 11 -13 -14 -15 -16 -17 -18 -19 -20 -21 21 -23 -24 -25 -26 28 -28 -29 -30 -31
leaf_value=4.8738381700000311 4.889740181396645 -2.8057137926041973 -2.3129290074853697 -1.4316762164352079 -0.91803013993127203 4.8799701175126362 5.1980648947290007 -1.0557800280992953 3.9802824167166517 -2.7637490123709592 4.2123206400584863 -1.179401722609061 -2.2246273335370002 -1.638081044721063 -2.1086299733451392 5.1980648947290096 -2.4057107263123747 -0.51029047095391911 -1.3108068852764267 4.2571271970889661 4.6049890125801323 -0.71815775317766706 -0.67818327582694637 -2.2731773322723496 2.157294482016554 0.89826474914965981 1.2837640725464299 -2.3146187698930674 -0.46036316454852888 4.9432276016181635
leaf_weight=101.78063057363033 252.98004924505949 6.6218723505735397 4.6598360985517528 47.211497314274311 5.886108756065374 34.580888941884041 2.5751725807786014 36.297670662403107 45.985224656760693 2658.3138669580221 11.15908118337393 9.5649267286062223 98.347067132592201 28.817407451570034 15.328408218920229 6.2539905533194533 742.26283959299326 2.4525453150272361 13.36637196689844 6.376617819070816 13.488999232649805 6.2539905533194533 25.015962213277817 355.49644341319799 7.2350086793303472 6.7444996163249034 3.0656816437840453 46.720988251268864 6.0087360218167296 3.9240725040435791
leaf_count=830 2063 54 38 385 48 282 21 296 375 21678 91 78 802 235 125 51 6053 20 109 52 110 51 204 2899 59 55 25 381 49 32
internal_value=-1.78972 -2.18808 2.76424 1.59612 3.27141 0.419642 1.95368 -0.17604 1.2387 -2.60109 -1.90877 1.72383 -1.7285 -1.0773 0.0933761 1.15203 -2.6856 4.523 0.164724 1.77305 4.47569 2.91877 -2.09966 -2.19594 -0.214409 0.558269 4.76887 -1.76423 1.36052 2.38607
internal_weight=0 4232.11 372.664 416.442 171.801 244.641 68.426 176.215 93.1967 3815.67 415.093 20.724 119.684 31.3926 47.2115 31.8831 3400.58 37.0334 25.6291 12.2627 124.589 19.743 394.369 369.353 13.8569 21.3371 104.846 83.0187 16.6773 10.6686
internal_count=37551 34512 3039 3396 1401 1995 558 1437 760 31116 3385 169 976 256 385 260 27731 302 209 100 1016 161 3216 3012 113 174 855 677 136 87
is_linear=0
shrinkage=1


Tree=4
num_leaves=31
num_cat=0
split_feature=10 36 46 8 34 35 35 40 35 6 35 34 49 35 36 0 9 34 38 38 9 9 6 3 6 35 49 35 7 6
split_gain=8267.75 6568.06 3616.81 1087.37 686.461 244.315 575.993 435.128 701.529 208.543 263.146 134.423 105.787 105.844 103.291 92.1418 85.9371 78.1123 64.4413 58.9546 44.3023 43.243 39.7681 64.4622 38.0935 36.1111 56.24 35.2761 34.7152 33.5799
threshold=1.5558804064814382 3.5000000000000004 10.500000000000002 -0.46017495063667579 0.97293110533848381 3.9791818576149001 4.9767988934686258 0.20500000000000004 0.021662444967403577 -0.76586299214389519 4.9833386475289503 0.020233483296025694 14.500000000000002 3.0242857737003104 3.5000000000000004 -0.59774684379245457 0.15066954889719533 1.0087528604538925 76.500000000000014 377.50000000000006 0.60814085480596858 1.438366478306347 -1.1443219107003644 2.2876241257451539 -0.11433619929117632 3.0022294741910618 14.500000000000002 1.9974466178377186 -0.20416775899647308 0.42012295667574778
decision_type=2 2 2 2 2 2 2 2 2 2 2 2 2 2 2 2 2 2 2 2 2 2 2 2 2 2 2 2 2 2
left_child=1 3 -2 4 -1 7 17 8 -5 10 20 -12 13 19 25 -8 -11 -7 -18 24 -3 29 23 -22 -6 -4 -27 -21 -24 -20
right_child=2 9 14 5 12 6 15 -9 -10 16 11 -13 -14 -15 -16 -17 18 -19 21 27 22 -23 28 -25 -26 26 -28 -29 -30 -31
leaf_value=4.8373075744404055 4.8847240985304605 -2.3044830558149036 -0.73269392675974765 -1.5331984684382487 1.1206682049554884 4.9168651230204912 4.7903252257516584 -1.9345079062550923 3.8117500202060124 -2.7974107241235595 4.2035778972232709 -1.0504131493395024 -2.0583190446984423 5.1980648947290096 -2.2144717688444997 -1.5713581809567581 -2.6783331603916078 -0.91803013993127103 -2.0881871351470966 3.9007114025283447 2.5388931405288884 -0.6596035891709775 -1.8792523081045835 -2.9567284848180311 -2.3481618147025802 4.9168651230204912 -0.70713031114988234 -0.34719460336297869 0.82232210570376818 -2.6298235024017869
leaf_weight=119.19370231032372 252.12165838479996 289.76822897046804 12.140099309384825 49.173533566296101 5.1503451615571985 35.561907067894936 2.4525453150272361 87.065358683466911 49.050906300544739 2196.8674659356475 10.055435791611673 9.4422994628548604 14.470017358660696 5.5182269588112822 99.695967055857182 31.760461829602718 639.37856362760067 2.4525453150272361 358.07161599397659 5.3955996930599195 5.6408542245626432 17.413071736693382 88.169004075229168 3.4335634410381317 8.2160268053412473 3.5561907067894927 3.5561907067894936 3.0656816437840462 5.0277178958058348 168.24460861086845
leaf_count=972 2056 2363 99 401 42 290 20 710 400 17915 82 77 118 45 813 259 5214 20 2920 44 46 142 719 28 67 29 29 25 41 1372
internal_value=-1.78972 -2.18358 2.74031 1.57584 3.61431 0.301306 1.86138 -0.306825 1.13594 -2.59856 -1.92644 1.65919 0.128223 1.28523 -1.80497 -1.11532 -2.6804 4.54042 -2.46311 0.296026 -2.10477 -2.21003 -1.53893 0.459469 -1.01155 0.315577 2.10487 2.36162 -1.73351 -2.26133
internal_weight=0 4210.04 371.07 418.527 161.01 257.517 72.2275 185.29 98.2244 3791.51 411.537 19.4977 41.8159 27.3459 118.948 34.213 3379.98 38.0145 1183.11 21.8277 392.039 543.729 102.271 9.07442 13.3664 19.2525 7.11238 8.46128 93.1967 526.316
internal_count=37358 34332 3026 3413 1313 2100 589 1511 801 30919 3356 159 341 223 970 279 27563 310 9648 178 3197 4434 834 74 109 157 58 69 760 4292
is_linear=0
shrinkage=1


Tree=5
num_leaves=31
num_cat=0
split_feature=1 36 34 2 34 35 35 48 35 14 35 34 9 0 49 35 9 34 38 38 20 14 7 14 9 48 49 35 35 25
split_gain=8483.09 6483.01 3579.25 879.101 651.807 243.48 480.93 369.194 670.181 203.294 263.932 144.158 112.509 100.634 96.0694 125.437 82.7114 75.9122 70.3271 65.0682 58.0478 44.9818 78.9996 44.3375 52.4689 40.3908 48.3828 53.7564 56.588 39.5109
threshold=1.5767129858939295 3.5000000000000004 0.97293110533848381 -0.59813068903507383 0.98600231353177492 3.9791818576149001 4.9767988934686258 20.500000000000004 0.021662444967403577 -1.1008513637848429 4.0217238821888719 0.012426962810402731 1.20733357875903 -0.59428276833821314 14.500000000000002 3.0242857737003104 0.14419241178071365 1.0087528604538925 310.50000000000006 76.500000000000014 1.1053156171732998 -2.535449313321108 -1.2089240707052638 0.9339492431873897 1.438366478306347 11.500000000000002 11.500000000000002 3.9882573290859553 4.9879704741661453 2.1723644713187356
decision_type=2 2 2 2 2 2 2 2 2 2 2 2 2 2 2 2 2 2 2 2 2 2 2 2 2 2 2 2 2 2
left_child=1 3 -2 4 29 7 17 8 -5 10 20 -12 -4 -8 15 18 -11 -7 -6 -18 21 22 -3 24 -21 -14 -27 -28 -29 -1
right_child=2 9 12 5 14 6 13 -9 -10 16 11 -13 25 -15 -16 -17 19 -19 -20 23 -22 -23 -24 -25 -26 26 27 28 -30 -31
leaf_value=4.8297178913868599 4.8425004440568156 -2.786836956077468 -2.2498431290532754 -1.4353118095294042 -1.3856215034374089 4.8435086608356599 5.1980648947289989 -1.7848544732386789 3.9057752334893148 -2.7906190471001873 4.0201502954611019 -1.2839503556801768 -2.2955290216115141 -1.4838362885121781 -1.8820657913893515 5.1980648947290096 -2.6803206942378788 -0.91803013993127103 2.1151552024612261 -2.1107851147878351 -0.23846402496901753 -2.2553887506579993 2.4798004348799965 -2.6759789929681332 -0.087449332755183518 4.8435086608356599 -1.8374431189978493 4.6883903085073175 -1.1839473153512836 3.4129359957236871
leaf_weight=97.733930803835392 258.7435307353735 5.8861087560653687 97.61130353808403 49.296160832047462 13.366371966898447 33.84512534737587 2.4525453150272396 82.773404382169247 44.881579264998436 2203.3667110204697 11.036453917622568 9.5649267286062223 4.537208832800391 27.836389325559139 15.818917281925676 6.1313632875680915 654.82959911227226 2.4525453150272361 10.05543579161167 397.18971376866102 15.818917281925676 363.58984295278788 5.5182269588112813 153.16145492345095 13.243744701147078 2.8204271122813216 6.2539905533194524 3.9240725040435791 2.8204271122813225 24.648080416023731
leaf_count=797 2110 48 796 402 109 276 20 675 366 17968 90 78 37 227 129 50 5340 20 82 3239 129 2965 45 1249 108 23 51 32 23 201
internal_value=-1.78972 -2.19032 2.76118 1.58263 3.34416 0.369245 1.99922 -0.244115 1.11005 -2.59515 -1.931 1.55753 -1.80387 -0.942792 0.106829 1.17142 -2.675 4.45422 0.11733 -2.46593 -2.11489 -2.19405 -0.238464 -2.21684 -2.0455 0.334664 1.08906 0.274416 2.23269 4.54437
internal_weight=0 4244.5 376.711 411.292 167.754 243.538 66.5866 176.951 94.1777 3833.21 411.414 20.6014 117.967 30.2889 45.3721 29.5532 3421.79 36.2977 23.4218 1218.42 390.813 374.994 11.4043 563.595 410.433 20.3561 15.8189 12.9985 6.7445 122.382
internal_count=37685 34613 3072 3354 1368 1986 543 1443 768 31259 3355 168 962 247 370 241 27904 296 191 9936 3187 3058 93 4596 3347 166 129 106 55 998
is_linear=0
shrinkage=1


Tree=6
num_leaves=31
num_cat=0
split_feature=10 36 34 8 34 35 35 40 35 14 35 34 49 9 35 9 14 10 38 6 34 38 6 35 25 6 9 38 6 38
split_gain=8367.44 6679.62 3692.8 1085.06 678.076 242.166 580.285 396.22 661.565 202.216 233.13 158.477 116.336 115.736 109.557 83.5946 77.6651 89.3181 70.5132 68.5096 67.5768 66.3505 50.1452 46.4148 45.8592 43.6202 42.5178 33.0481 32.9581 32.8554
threshold=1.5558804064814382 3.5000000000000004 0.97293110533848381 -0.46017495063667579 0.97293110533848381 3.983238646376297 4.9767988934686258 0.20500000000000004 0.021662444967403577 -1.1008513637848429 4.0217238821888719 0.012426962810402731 14.500000000000002 1.523319056737316 3.9913359125606456 0.15066954889719533 -2.535449313321108 0.095874528290207969 76.500000000000014 -0.79039603016483795 1.0076758257251435 377.50000000000006 -0.11433619929117632 3.990213710336878 0.6418361345244038 0.41087838248946501 1.4906560138589964 479.50000000000006 1.1857243389194776 82.500000000000014
decision_type=2 2 2 2 2 2 2 2 2 2 2 2 2 2 2 2 2 2 2 2 2 2 2 2 2 2 2 2 2 2
left_child=1 3 -2 4 28 7 20 8 -5 10 16 -12 14 -4 21 -11 17 -3 -17 -18 -7 22 -6 -15 -8 26 29 -19 -1 -20
right_child=2 9 13 5 12 6 24 -9 -10 15 11 -13 -14 23 -16 18 19 27 25 -21 -22 -23 -24 -25 -26 -27 -28 -29 -30 -31
leaf_value=4.9316807063560297 4.8892304378813503 -2.2537290555467346 -2.1990241057660413 -1.4015356153689624 1.2979463219021632 4.9168651230204912 1.7322777084215173 -1.796539002638972 3.8282308362224202 -2.7947456834044022 4.0601867487457 -1.579945186972427 -2.065868703859111 -0.67818327582694637 5.1980648947290096 -2.691405063856692 -2.3050310117942931 4.4990826050535482 -0.55397686405863533 -0.56795062616283754 -0.51029047095391911 2.4798004348799965 -2.5860560584749832 2.9894750211016858 -1.5693984907872069 -2.6067611940064075 -0.21232686670123857 -0.10255080197656752 1.6099558077283116 -2.1313327314518609
leaf_weight=116.37327519804239 255.80047635734081 7.1123814135789853 105.58207581192255 50.154551692306995 5.6408542245626458 35.561907067894936 4.905090630054473 89.64053126424551 46.720988251268864 2210.1112106367946 10.545944854617121 9.4422994628548604 14.592644624412058 8.3386540710926038 6.0087360218167296 640.72746355086565 349.85558918863535 4.2919543012976646 13.734253764152525 24.280198618769646 2.4525453150272361 9.1970449313521367 8.0933995395898854 5.8861087560653678 29.553171046078205 180.01682612299919 12.75323563814163 2.4525453150272369 3.0656816437840453 342.86583504080772
leaf_count=949 2086 58 861 409 46 290 40 731 381 18023 86 77 119 68 49 5225 2853 35 112 198 20 75 66 48 241 1468 104 20 25 2796
internal_value=-1.78972 -2.18158 2.74337 1.59346 3.61497 0.321406 1.87268 -0.281356 1.12067 -2.59987 -1.93462 1.39583 0.236275 -1.83826 1.3971 -2.67969 -2.1062 0.218589 -2.46601 -2.1923 4.56673 0.401128 -0.990841 0.839468 -1.09941 -2.20314 -2.00642 2.82576 4.84642 -2.07058
internal_weight=0 4230.15 375.607 421.96 162.972 258.989 72.4727 186.516 96.8755 3808.19 407.981 19.9882 43.5327 119.807 28.94 3400.21 387.993 13.8569 1190.1 374.136 38.0145 22.9313 13.7343 14.2248 34.4583 549.37 369.353 6.7445 119.439 356.6
internal_count=37559 34496 3063 3441 1329 2112 591 1521 790 31055 3327 163 355 977 236 27728 3164 113 9705 3051 310 187 112 116 281 4480 3012 55 974 2908
is_linear=0
shrinkage=1


Tree=7
num_leaves=31
num_cat=0
split_feature=10 36 49 2 49 35 35 35 35 14 35 9 49 49 35 9 38 38 14 10 6 25 2 14 15 9 49 38 35 35
split_gain=8424.2 6620.87 3524.13 917.096 650.21 226.518 554.998 357.6 627.096 208.115 270.41 138.074 126.679 95.3394 119.776 84.3643 73.4527 70.3748 59.3186 94.7001 58.8896 56.364 124.501 51.3938 46.2009 46.0379 37.0031 36.2811 35.7052 45.6916
threshold=1.5558804064814382 3.5000000000000004 7.5000000000000009 -0.56666727637951553 7.5000000000000009 3.9791818576149001 4.9767988934686258 1.9920083055123479 0.021662444967403577 -1.1008513637848429 4.0217238821888719 1.5107152646468711 14.500000000000002 14.500000000000002 3.0242857737003104 0.14419241178071365 76.500000000000014 296.50000000000006 -2.535449313321108 0.12169557320831886 -0.79039603016483795 2.1723644713187356 -0.78888807744659928 0.9339492431873897 -0.59515345067833725 1.438366478306347 11.500000000000002 80.500000000000014 3.9882573290859553 4.9879704741661453
decision_type=2 2 2 2 2 2 2 2 2 2 2 2 2 2 2 2 2 2 2 2 2 2 2 2 2 2 2 2 2 2
left_child=1 3 -2 4 21 7 -7 8 -5 10 18 -4 -12 14 17 -11 -17 -6 19 -3 -20 -1 -23 25 -8 27 -10 -18 -13 -30
right_child=2 9 11 5 13 6 24 -9 26 15 12 28 -14 -15 -16 16 23 -19 20 -21 -22 22 -24 -25 -26 -27 -28 -29 29 -31
leaf_value=4.875005853282369 4.8789642842249954 -2.5349288272552535 -2.1287329350647308 -1.4534458668712282 -1.283950355680177 4.5252271571426199 1.2837640725464281 -1.8209278419703214 3.887876484718682 -2.7952247784120559 3.8684790176289465 -0.27903513631004762 -1.1693765112186798 -2.0428292267653458 5.1980648947290096 -2.6919133351760323 -0.5172603798253268 2.2045331478066781 -2.2928337058402324 2.7995962536857619 -0.77240882958221668 4.6197107543356015 -0.38153057548738678 -2.6975296732431864 -1.7748743718401994 -0.26150016445926361 -0.10255080197656685 -2.1375254969183284 4.9509499438336455 -0.36202150041670045
leaf_weight=102.14851237088442 253.83844010531902 7.1123814135789853 103.86529409140348 48.560397237539291 14.347390092909341 37.15606152266264 6.131363287568095 78.35882281512022 44.268442936241627 2185.7083847522736 11.281708449125292 8.216026805341242 8.951790399849413 14.224762827157972 5.7634814903140059 660.83833513408899 14.347390092909334 9.6875539943575841 350.95923458039761 6.2539905533194542 27.468507528305054 17.290444470942024 6.9897541478276244 150.46365507692099 25.383844010531902 14.470017358660696 2.4525453150272361 375.97519679367542 4.0466997697949401 2.6977998465299606
leaf_count=833 2070 58 847 396 117 303 50 639 361 17824 92 67 73 116 47 5389 117 79 2862 51 224 141 57 1227 207 118 20 3066 33 22
internal_value=-1.78972 -2.18471 2.77497 1.61974 3.39697 0.369569 1.90702 -0.238464 1.06294 -2.59646 -1.92524 -1.71962 1.63961 0.087122 1.10389 -2.67776 -2.46664 0.122122 -2.10934 -0.0389584 -2.18247 4.54948 3.17996 -2.19852 -1.17981 -2.01304 3.67841 -2.07797 1.12067 2.82576
internal_weight=0 4226.59 372.664 412.763 170.452 242.311 68.6713 173.64 95.2814 3813.83 412.028 118.826 20.2335 44.0232 29.7984 3401.8 1216.09 24.0349 391.794 13.3664 378.428 126.429 24.2802 555.256 31.5152 404.793 46.721 390.323 14.9605 6.7445
internal_count=37506 34467 3039 3366 1390 1976 560 1416 777 31101 3360 969 165 359 243 27741 9917 196 3195 109 3086 1031 198 4528 257 3301 381 3183 122 55
is_linear=0
shrinkage=1


Tree=8
num_leaves=31
num_cat=0
split_feature=10 36 46 8 46 35 35 35 35 14 35 46 20 49 35 0 20 38 35 49 6 35 6 10 38 6 6 38 38 40
split_gain=8664.49 6479.12 3686.7 1049.36 690.734 240.803 587.874 383.776 676.23 231.266 273.406 148.225 144.423 109.605 115.953 94.6661 81.5423 73.9053 65.6066 61.2743 56.9468 51.1075 50.1061 79.9951 45.695 40.5146 36.8571 33.8273 30.5484 26.651
threshold=1.5558804064814382 3.5000000000000004 10.500000000000002 -0.46017495063667579 7.0000000000000009 3.983238646376297 4.9767988934686258 1.9934007713761501 0.021662444967403577 -1.1008513637848429 4.0217238821888719 7.0000000000000009 3.0378547062252426 14.500000000000002 3.0242857737003104 -0.59428276833821314 -0.040922761702758111 310.50000000000006 3.0010411422024923 11.500000000000002 -0.79039603016483795 4.9879704741661453 -1.1961339953951045 0.095874528290207969 76.500000000000014 -0.11433619929117632 1.1857243389194776 479.50000000000006 78.500000000000014 0.22500000000000003
decision_type=2 2 2 2 2 2 2 2 2 2 2 2 2 2 2 2 2 2 2 2 2 2 2 2 2 2 2 2 2 2
left_child=1 3 -2 4 26 7 -7 8 -5 10 20 -12 -4 14 17 -8 -11 25 -14 -10 22 -20 23 -3 -18 -6 -1 -25 -26 -19
right_child=2 9 12 5 13 6 15 -9 19 16 11 -13 18 -15 -16 -17 24 29 21 -21 -22 -23 -24 27 28 -27 -28 -29 -30 -31
leaf_value=4.9579564746114855 4.9414047311381157 -2.4306127829117705 -2.236026406480339 -1.6010197617699087 1.1206682049554879 4.6310097259525591 4.7903252257516584 -1.82670711650937 3.9093540238679485 -2.7663978272429635 4.1901690837737551 -1.2399298785976016 -0.82939108145793394 -2.2153836321319367 5.1980648947290096 -1.6691295301527092 -2.6198566652834994 3.338199737990212 4.8097414004648655 -0.54049340939668578 -0.64876809438018945 -0.34719460336297869 -2.2512674715513459 4.5940061258736709 0.26725959546800837 -2.6072373399803004 1.2979463219021641 -0.2384640249690182 -2.1586508398733981 -0.36202150041670045
leaf_weight=112.44920269399881 257.14937628060579 7.6028904765844327 101.29012151062489 48.683024503290653 4.4145815670490274 37.033434256911278 2.4525453150272361 85.839086025953293 47.334124580025673 2684.8013563603163 10.913826651871206 9.3196721971034986 11.281708449125292 13.488999232649801 5.8861087560653678 30.288934640586376 400.74590447545052 6.9897541478276235 5.1503451615571958 3.310936175286769 25.996980339288712 3.0656816437840462 357.21322513371706 3.3109361752867699 5.2729724273085585 8.5839086025953328 2.8204271122813216 2.5751725807785988 333.3009083122015 2.6977998465299606
leaf_count=917 2097 62 826 397 36 302 20 700 386 21894 89 76 92 110 48 247 3268 57 42 27 212 25 2913 27 43 70 23 21 2718 22
internal_value=-1.78972 -2.19544 2.80084 1.57183 3.6027 0.318525 1.90175 -0.278068 1.06026 -2.5998 -1.89661 1.68903 -1.75628 0.13401 1.24317 -1.18528 -2.68542 0.217029 0.736008 3.61844 -2.07949 2.88551 -2.17982 -0.287887 -2.39134 -1.34116 4.8684 2.4798 -2.12087 2.30776
internal_weight=0 4253.33 377.937 412.273 157.331 254.942 69.7749 185.167 99.3281 3841.05 416.933 20.2335 120.788 42.0612 28.5722 32.7415 3424.12 22.686 19.4977 50.6451 396.699 8.21603 370.702 13.489 739.32 12.9985 115.27 5.88611 338.574 9.68755
internal_count=37767 34685 3082 3362 1283 2079 569 1510 810 31323 3400 165 985 343 233 267 27923 185 159 413 3235 67 3023 110 6029 106 940 48 2761 79
is_linear=0
shrinkage=1


Tree=9
num_leaves=31
num_cat=0
split_feature=10 36 46 8 46 35 35 35 35 14 35 46 36 9 0 38 14 23 46 6 6 9 46 38 15 38 14 9 35 35
split_gain=8360.08 6601.49 3577.83 965.308 738.074 286.376 591.033 418.796 666.766 203.662 273.229 136.355 121.779 88.6189 81.2998 74.5265 68.1471 93.5106 63.2873 79.2221 56.9893 48.5518 43.6609 42.3985 35.5947 35.5802 35.1619 34.8916 33.7734 56.862
threshold=1.5558804064814382 3.5000000000000004 10.500000000000002 -0.46017495063667579 7.0000000000000009 3.983238646376297 4.9767988934686258 1.9934007713761501 0.021662444967403577 -1.1008513637848429 4.0217238821888719 7.0000000000000009 3.5000000000000004 0.14419241178071365 -0.59428276833821314 76.500000000000014 -2.535449313321108 -1.7415055952903709 17.000000000000004 -0.12011457448581979 -0.78140398427176605 1.438366478306347 1.5000000000000002 183.50000000000003 -0.22434333123049291 479.50000000000006 0.9339492431873897 0.57211941555265311 3.0022294741910618 4.9879704741661453
decision_type=2 2 2 2 2 2 2 2 2 2 2 2 2 2 2 2 2 2 2 2 2 2 2 2 2 2 2 2 2 2
left_child=1 3 -2 4 -1 7 -7 8 -5 10 16 -12 28 -11 -8 -15 17 -3 19 -6 -18 26 -16 -21 -25 -19 -17 -22 -4 -30
right_child=2 9 12 5 18 6 14 -9 -10 13 11 -13 -14 15 22 21 20 25 -20 23 27 -23 -24 24 -26 -27 -28 -29 29 -31
leaf_value=4.8677001309520502 4.915768293096713 -2.786836956077468 -0.60276750927867973 -1.4721900391648293 2.6822243840176871 4.63650726679613 4.4214179062007197 -1.861656230993143 3.6974249507929922 -2.7904536998505778 4.0201502954611019 -1.1563195568660873 -2.2284387616132011 -2.6833148058654275 1.324538039444163 -2.0830913242561557 -2.2843400698775258 4.4785243024160373 -2.4057289321459341 -1.8930597831379825 -1.3884989887512926 -0.57131273433828467 -1.9188456910574989 3.1011180257026267 -0.86575582339571289 -0.12027861367123505 -2.6539515029041558 1.4604512624366159 4.7038349929382814 -0.55825984377478433
leaf_weight=115.02437527477741 251.50852205604315 5.8861087560653687 11.894844777882101 49.173533566296101 11.526962980628015 40.957506760954857 2.5751725807785979 85.839086025953293 50.645060755312443 2183.133212171495 11.036453917622568 9.4422994628548604 97.488676272332668 651.02815387398005 4.9050906300544765 393.75615032762289 359.91102498024702 4.169327035546301 9.0744176656007749 11.281708449125292 15.941544547677042 18.026208065450191 26.977998465299606 4.2919543012976646 4.7824633643031103 2.8204271122813225 148.62424609065056 5.8861087560653678 4.0466997697949392 4.1693270355463028
leaf_count=938 2051 48 97 401 94 334 21 700 413 17803 90 77 795 5309 40 3211 2935 34 74 92 130 147 220 35 39 23 1212 48 33 34
internal_value=-1.78972 -2.17574 2.78685 1.60142 3.56967 0.425462 2.06875 -0.242055 1.15072 -2.58924 -1.92804 1.63339 -1.76625 -2.67009 -0.983327 -2.45319 -2.11287 0.149859 -0.0756937 0.58747 -2.18919 -2.18586 -1.41986 -0.598716 1.01047 2.62287 -2.23952 -0.620243 0.474252 2.03352
internal_weight=0 4226.72 369.108 417.055 155.982 261.073 75.4158 185.658 99.8186 3809.66 415.093 20.4788 117.6 3394.57 34.4583 1211.43 394.615 12.8759 40.9575 31.8831 381.739 560.407 31.8831 20.3561 9.07442 6.98975 542.38 21.8277 20.1109 8.21603
internal_count=37478 34468 3010 3401 1272 2129 615 1514 814 31067 3385 167 959 27682 281 9879 3218 105 334 260 3113 4570 260 166 74 57 4423 178 164 67
is_linear=0
shrinkage=1


Tree=10
num_leaves=31
num_cat=0
split_feature=10 36 46 8 46 14 40 40 40 40 40 46 20 0 49 40 9 38 14 7 38 6 40 40 14 38 9 6 6 1
split_gain=8376.32 6491.92 3648.39 1077.82 709.621 233.508 274.964 232.234 581.421 411.386 671.389 150.125 137.783 106.656 99.2656 104.753 87.8091 81.8663 77.7425 90.4514 72.2684 57.9275 54.1554 59.0639 45.9463 43.6414 40.5697 32.8928 27.5224 27.4221
threshold=1.5558804064814382 3.5000000000000004 10.500000000000002 -0.46017495063667579 7.0000000000000009 -1.1008513637848429 0.53500000000000014 0.38500000000000006 0.48000000000000004 0.20500000000000004 0.080000000000000016 7.0000000000000009 3.0378547062252426 -0.60371441354094812 14.500000000000002 0.38500000000000006 0.14419241178071365 237.00000000000003 -2.535449313321108 -1.2089240707052638 76.500000000000014 -0.79039603016483795 0.38500000000000006 0.51500000000000012 0.9339492431873897 479.50000000000006 0.96375017631015947 1.1857243389194776 -0.11433619929117632 -1.1164935736545689
decision_type=2 2 2 2 2 2 2 2 2 2 2 2 2 2 2 2 2 2 2 2 2 2 2 2 2 2 2 2 2 2
left_child=1 3 -2 4 27 6 18 9 -9 10 -5 -8 -4 -10 15 17 -7 28 19 -3 -18 -20 -14 -24 26 -21 -22 -1 -6 -12
right_child=2 5 12 7 14 16 11 8 13 -11 29 -13 22 -15 -16 -17 20 -19 21 25 24 -23 23 -25 -26 -27 -28 -29 -30 -31
leaf_value=4.9288438140410875 4.9024585614926508 -2.6238797754487644 -2.2153836321319367 -1.5056249009888587 0.6676241283139861 -2.8025017959518013 4.1343961930489588 4.5318236055503291 5.1980648947290096 -1.8641663883870052 0.78088514747436255 -1.3710742165727734 -0.70114733728374379 -1.6444628835116109 -2.0506403315350266 5.1980648947290096 -2.6936210003081174 2.4135013017129467 -2.2619882724759957 4.5368654315224948 -2.1929013889986537 -0.72926177466397846 4.9834650689514568 -0.54049340939668622 -2.6699092132752096 -0.34719460336297869 -1.4241305705693588 1.6099558077283116 -2.3904233890161533 3.9300273182846976
leaf_weight=115.14700254052877 253.71581283956766 6.0087360218167305 102.5163941681385 48.928279034793377 4.4145815670490274 2185.0952484235168 11.281708449125292 37.523943319916725 2.4525453150272361 88.782140403985977 2.9430543780326834 8.8291631340980512 11.526962980628015 32.005716361105442 14.347390092909334 5.2729724273085585 649.92450848221779 10.05543579161167 356.96797060221434 4.5372088328003866 319.44402728229761 26.487489402294159 4.6598360985517493 3.3109361752867699 153.40670945495367 3.0656816437840462 87.433240480720997 3.0656816437840453 8.8291631340980565 45.739970125257969
leaf_count=939 2069 49 836 399 36 17819 92 306 20 724 24 72 94 261 117 43 5300 82 2911 37 2605 216 38 27 1251 25 713 25 72 373
internal_value=-1.78972 -2.18522 2.74151 1.54855 3.57828 -2.59607 -1.89004 0.282741 1.80834 -0.306421 1.11042 1.71736 -1.75195 -1.15745 0.0954942 1.17317 -2.68282 0.262269 -2.07275 0.275802 -2.46673 -2.15611 0.68472 2.6889 -2.20354 2.56749 -2.0277 4.84277 -1.37107 3.73965
internal_weight=0 4231.99 375.73 419.508 161.132 3812.48 417.178 258.376 71.9822 186.393 97.6113 20.1109 122.014 34.4583 42.9195 28.5722 3395.3 23.2992 397.067 13.6116 1210.21 383.455 19.4977 7.97077 560.284 7.60289 406.877 118.213 13.2437 48.683
internal_count=37575 34511 3064 3421 1314 31090 3402 2107 587 1520 796 164 995 281 350 233 27688 190 3238 111 9869 3127 159 65 4569 62 3318 964 108 397
is_linear=0
shrinkage=1


Tree=11
num_leaves=31
num_cat=0
split_feature=10 36 46 8 34 35 35 48 35 14 35 34 20 0 20 34 6 34 14 10 6 38 35 35 38 38 46 9 38 4
split_gain=8466.91 6537.7 3597.67 1088.05 727.85 237.382 575.495 386.712 652.593 229.546 299.223 133.099 98.6443 92.8776 75.5213 69.6422 74.5734 55.9184 55.3772 88.5545 59.6189 54.2234 45.7196 49.4789 36.7611 33.2813 32.5776 30.9407 30.3925 28.725
threshold=1.5558804064814382 3.5000000000000004 10.500000000000002 -0.46017495063667579 0.98353832436962929 3.983238646376297 4.9767988934686258 20.500000000000004 0.021662444967403577 -1.1008513637848429 4.0217238821888719 0.012426962810402731 3.0378547062252426 -0.59774684379245457 1.0000000180025095e-35 1.0221258843581886 -0.12011457448581979 1.0057607986244064 -2.535449313321108 0.095874528290207969 -0.79039603016483795 76.500000000000014 3.0010411422024923 4.9998896849899142 167.50000000000003 78.500000000000014 1.5000000000000002 1.0002313641118341 156.50000000000003 0.50501056618910456
decision_type=2 2 2 2 2 2 2 2 2 2 2 2 2 2 2 2 2 2 2 2 2 2 2 2 2 2 2 2 2 2
left_child=1 3 -2 4 -1 7 17 8 -5 10 18 -12 -4 -8 28 16 -6 -7 19 -3 -20 -16 -14 -24 -18 -23 -15 -27 -11 -9
right_child=2 9 12 5 15 6 13 29 -10 14 11 -13 22 26 21 -17 24 -19 20 -21 -22 25 23 -25 -26 27 -28 -29 -30 -31
leaf_value=4.8844189955156612 4.9033133267935742 -2.4038611370521306 -2.2033518180433984 -1.4576855841660017 2.7785108150831825 4.8337614104193474 4.7903252257516584 -2.0133054789433338 3.6818470301901125 -2.825494713049979 4.3446562852415269 -0.91803013993127103 -0.91803013993127136 0.80702230574213951 -2.6432922419544251 -2.3451189813520035 -1.7777222130762904 -0.10255080197656685 -2.2546601806186173 2.8195834923611218 -0.62678751923316245 0.5090587014894612 4.6883903085073193 -0.67338633854486019 0.96180859366561178 -2.3084581777816711 -2.025815998568369 -1.5873153756959111 -2.5956171632546692 -0.37303157248629559
leaf_weight=117.9674296528101 254.45157643407583 7.2350086793303472 98.224439866840839 50.031924426555634 11.15908118337393 35.684534333646297 2.4525453150272361 77.377804689109325 48.805651769042015 1912.6174639239907 10.545944854617121 8.8291631340980512 11.281708449125292 4.7824633643031147 366.90077912807465 9.810181260108946 10.178063057363035 2.4525453150272361 351.81762544065714 5.8861087560653687 24.034944087266922 4.905090630054473 3.9240725040435782 3.0656816437840462 9.4422994628548604 223.67213273048401 26.855371199548244 81.056622661650181 822.46107139438391 12.385353840887545
leaf_count=962 2075 59 801 408 91 291 20 631 398 15597 86 72 92 39 2992 80 83 20 2869 48 196 40 32 25 77 1824 219 661 6707 101
internal_value=-1.78972 -2.18609 2.79611 1.56179 3.62765 0.305956 1.84754 -0.284416 1.0802 -2.59756 -1.88901 1.94647 -1.80647 -1.13803 -2.68237 -0.0249448 0.714553 4.51631 -2.08006 -0.0606336 -2.15056 -2.38322 0.327081 2.33673 -0.459323 -2.07504 -1.5976 -2.11664 -2.75637 -1.78698
internal_weight=0 4239.35 370.947 419.385 158.557 260.828 72.2275 188.601 98.8376 3819.96 408.349 19.3751 116.496 34.0904 3411.61 40.5896 30.7794 38.1371 388.974 13.1211 375.853 676.535 18.2715 6.98975 19.6204 309.634 31.6378 304.729 2735.08 89.7632
internal_count=37596 34571 3025 3420 1293 2127 589 1538 806 31151 3330 158 950 278 27821 331 251 311 3172 107 3065 5517 149 57 160 2525 258 2485 22304 732
is_linear=0
shrinkage=1


Tree=12
num_leaves=31
num_cat=0
split_feature=22 36 46 29 34 14 35 35 35 40 35 34 9 49 35 0 38 20 20 0 29 14 38 40 49 35 35 34 46 38
split_gain=8127.06 6356.09 3389.78 778.859 644.058 237.152 254.791 230.748 434.187 376.506 585.992 150.056 139.696 111.504 148.76 106.392 80.7412 72.7259 58.822 56.5309 147.335 54.8741 48.8255 37.5637 48.987 44.7005 39.2789 37.4003 37.2026 36.272
threshold=-0.59203641594196876 3.5000000000000004 10.500000000000002 -0.16452395277076889 0.019102268688333989 -1.1008513637848429 4.9833386475289503 3.0167835666299005 4.9767988934686258 0.20500000000000004 0.021662444967403577 0.012426962810402731 1.20733357875903 14.500000000000002 3.0242857737003104 -0.60371441354094812 296.50000000000006 -0.040922761702758111 0.11681936222440265 0.4047039951461962 0.15358607445806219 -2.3055110860920025 76.500000000000014 0.115 11.500000000000002 3.0022294741910618 4.9879704741661453 1.0025853997236045 1.5000000000000002 195.50000000000003
decision_type=2 2 2 2 2 2 2 2 2 2 2 2 2 2 2 2 2 2 2 2 2 2 2 2 2 2 2 2 2 2
left_child=2 3 -1 7 19 6 18 9 27 10 -2 -8 -4 14 16 -10 -6 -7 -3 -5 -21 29 -19 -14 -25 -26 -27 -9 -17 -20
right_child=1 5 12 4 13 17 11 8 15 -11 -12 -13 23 -15 -16 28 -18 22 21 20 -22 -23 -24 24 25 26 -28 -29 -30 -31
leaf_value=4.7667827606336051 -1.3568780125363231 -2.2658738961853087 -2.2417593066874777 4.8429762941181025 -1.2778004360877584 -2.7506071420606619 4.3138101909227018 4.7468115061374743 5.1980648947290007 -1.8111155176006977 3.7928603858240115 -1.2399298785976016 -2.1922166054854957 -1.9902344546494932 5.1980648947290096 1.2308681154899062 2.2326854839846315 -2.6357930155888791 -1.9373793123746512 0.25021273185777115 4.4811599822413584 -1.6110150498293094 -2.1209347149569822 4.6155796533327855 -1.5453219383579664 4.3825855567743037 -0.23846402496901797 0.94339008800881441 -1.90449708100551 2.319902525477112
leaf_weight=252.73479471355677 45.004206530749798 295.28645592927933 96.507658146321774 81.66975899040699 16.677308142185215 2653.7766581252217 10.178063057363035 31.024698235094547 2.6977998465299633 81.179249927401543 43.410052075982094 9.3196721971034986 3.9240725040435818 16.554680876433849 7.2350086793303481 4.537208832800391 10.791199386119841 395.71818657964468 2.9430543780326825 10.913826651871203 33.477243550121784 86.942731417715549 344.58261676132679 3.4335634410381344 6.3766178190708143 3.6788179725408554 3.6788179725408554 2.8204271122813216 22.808671429753304 6.2539905533194542
leaf_count=2061 367 2408 787 666 136 21641 83 253 22 662 354 76 32 135 59 37 88 3227 24 89 273 709 2810 28 52 30 30 23 186 51
internal_value=-1.78972 -2.18297 2.70302 1.55397 3.13399 -2.58643 -1.86894 0.354015 1.97371 -0.256153 1.17156 1.65919 -1.73223 0.145214 1.16389 -0.793212 0.101319 -2.67329 -2.04468 4.34927 3.44095 -1.3653 -2.39615 0.599141 1.23717 0.392562 2.07206 4.42986 -1.38428 0.957572
internal_weight=0 4215.8 370.334 410.801 177.319 3805 410.924 233.482 63.8888 169.594 88.4143 19.4977 117.6 51.2582 34.7035 30.0437 27.4685 3394.08 391.426 126.061 44.3911 96.1398 740.301 21.0919 17.1678 13.7343 7.35764 33.8451 27.3459 9.19704
internal_count=37399 34379 3020 3350 1446 31029 3351 1904 521 1383 721 159 959 418 283 245 224 27678 3192 1028 362 784 6037 172 140 112 60 276 223 75
is_linear=0
shrinkage=1


Tree=13
num_leaves=31
num_cat=0
split_feature=10 36 34 8 34 35 35 40 35 14 35 34 9 46 9 6 38 15 38 6 14 10 34 9 38 46 1 34 5 42
split_gain=8530.95 6629.72 3551.57 1061.86 745.681 261.07 539.247 387.177 658.879 207.861 279.794 163.289 131.728 87.6543 86.6702 71.6885 61.4397 52.2143 49.7509 47.4269 47.9798 80.986 47.0257 46.9223 37.0668 36.0288 34.8101 31.475 30.9748 28.9755
threshold=1.5558804064814382 3.5000000000000004 0.97293110533848381 -0.46017495063667579 0.98353832436962929 3.9791818576149001 4.9767988934686258 0.20500000000000004 0.021662444967403577 -1.1008513637848429 4.0217238821888719 0.012426962810402731 1.5107152646468711 17.000000000000004 0.14419241178071365 -0.12011457448581979 76.500000000000014 -0.59515345067833725 167.50000000000003 -0.79039603016483795 -2.535449313321108 0.12169557320831886 1.0057607986244064 1.0002313641118341 80.500000000000014 1.5000000000000002 0.65523970610283733 1.0084451898010018 -0.85437904966600609 0.28125000000000006
decision_type=2 2 2 2 2 2 2 2 2 2 2 2 2 2 2 2 2 2 2 2 2 2 2 2 2 2 2 2 2 2
left_child=1 3 -2 4 -1 7 22 8 -5 10 19 -12 29 15 -11 -6 -16 -8 -17 20 21 -3 -7 24 -18 -19 -20 -10 -25 -4
right_child=2 9 12 5 13 6 17 -9 27 14 11 -13 -14 -15 16 18 23 25 26 -21 -22 -23 -24 28 -26 -27 -28 -29 -30 -31
leaf_value=4.887326115075826 4.9265008294834765 -2.5349288272552535 -0.73269392675974743 -1.4572324729617745 2.7600338843489669 4.832505191507936 1.8297806727421886 -1.7558887635995915 3.9849551357881272 -2.791595983038476 4.4394794640734681 -1.3257698089086232 1.1206682049554892 -2.6430825856046836 -2.6657046790115064 -1.8319293979839566 -0.51966379667753637 1.120668204955487 0.20781819978231297 -0.77947782523022902 -2.2651158380994083 2.5388931405288866 0.30518886700078518 -2.6908113093980193 -2.4065758998613993 -1.9899230841500832 4.4214179062007197 0.30518886700078518 -1.3826128726802647 -2.3039024205123662
leaf_weight=119.07107504457235 254.08369463682175 7.1123814135789853 13.488999232649801 48.683024503290653 11.894844777882097 35.561907067894936 5.6408542245626441 91.6025675162673 44.51369746774435 2180.0675305277109 10.545944854617121 9.1970449313521367 14.470017358660696 9.5649267286062223 652.86756286025047 10.668572120368482 10.668572120368479 4.4145815670490292 8.216026805341242 25.26121674478054 352.79864356666803 5.640854224562645 2.4525453150272361 22.56341689825058 430.78958458453417 23.789689555764198 2.5751725807785979 2.4525453150272361 91.479940250515938 90.376294858753681
leaf_count=971 2072 58 110 397 97 290 46 747 363 17778 86 75 118 78 5324 87 87 36 67 206 2877 46 20 184 3513 194 21 20 746 737
internal_value=-1.78972 -2.17381 2.81902 1.59086 3.59921 0.335292 1.95563 -0.286528 1.12067 -2.59111 -1.91911 1.7538 -1.70605 0.025596 -2.67253 0.790879 -2.45771 -0.947576 -0.300596 -2.10466 -2.19623 -0.290738 4.54042 -2.21326 -2.36098 -1.50305 1.21334 3.7928 -1.64144 -2.09985
internal_weight=0 4220.09 372.419 421.102 161.991 259.111 71.8596 187.252 95.6493 3798.99 410.556 19.743 118.335 42.9195 3388.44 33.3546 1208.37 33.8451 21.4598 390.813 365.552 12.7532 38.0145 555.502 441.458 28.2043 10.7912 46.9662 114.043 103.865
internal_count=37451 34414 3037 3434 1321 2113 586 1527 780 30980 3348 161 965 350 27632 272 9854 276 175 3187 2981 104 310 4530 3600 230 88 383 930 847
is_linear=0
shrinkage=1


Tree=14
num_leaves=31
num_cat=0
split_feature=10 36 34 8 34 35 35 35 35 14 35 34 9 34 49 35 9 38 38 14 10 6 35 49 9 14 4 6 35 42
split_gain=8416.94 6725.65 3659.12 955.376 768.322 220.571 584.697 426.702 672.986 206.898 276.77 143.415 115.36 90.4403 86.0936 103.282 78.0369 63.0333 60.8232 55.8272 82.5527 55.2242 54.5791 54.4035 48.3588 37.1569 33.6068 30.6549 28.9966 28.8625
threshold=1.5558804064814382 3.5000000000000004 0.97832031928938423 -0.46017495063667579 0.98600231353177492 3.9791818576149001 4.9767988934686258 1.9920083055123479 0.021662444967403577 -1.1008513637848429 4.0217238821888719 0.020233483296025694 1.5107152646468711 1.009919008271335 14.500000000000002 3.0242857737003104 0.22308993566552213 310.50000000000006 76.500000000000014 -2.535449313321108 -1.0000000180025095e-35 -0.78140398427176605 3.0010411422024923 11.500000000000002 1.438366478306347 -0.34616539251105555 0.54951974181279495 1.2456965442710184 4.0108325590694198 0.28125000000000006
decision_type=2 2 2 2 2 2 2 2 2 2 2 2 2 2 2 2 2 2 2 2 2 2 2 2 2 2 2 2 2 2
left_child=1 3 -2 4 27 7 13 8 -5 10 19 -12 29 -7 15 17 -11 -6 -18 20 -3 -21 -14 -10 -20 -8 -9 -1 -24 -4
right_child=2 9 12 5 14 6 25 26 23 16 11 -13 22 -15 -16 -17 18 -19 24 21 -22 -23 28 -25 -26 -27 -28 -29 -30 -31
leaf_value=4.8906590709973941 4.889526256326608 -2.5036844081765288 -0.73269392675974743 -1.4073177427040935 -1.418088224526137 4.9492745882343545 1.4343141041688368 -2.0703379000846573 4.0450735428650315 -2.7903675057444737 4.249833106409584 -1.2338848130827409 -0.85978161579164936 -1.3257698089086232 -2.0805936589162832 5.1980648947290096 -2.682467772152668 1.9162578029600787 -2.2750279510361331 -2.2727601345389408 2.5885310132739572 -0.56995969080426323 4.6883903085073193 -0.47483484756458405 -0.56853899509354067 -1.5745601154032787 -0.14138315140298152 1.7479600033821847 0.30518886700078429 -2.3726981897311079
leaf_weight=117.10903879255056 256.04573088884354 6.6218723505735397 12.140099309384821 49.050906300544739 12.998490169644361 36.175043396651745 4.7824633643031111 73.331104919314384 47.702006377279758 2254.1343990415335 10.545944854617121 8.7065358683466894 8.5839086025953275 2.4525453150272361 14.837899155914782 4.6598360985517493 616.20201040059328 10.05543579161167 507.55425294488668 359.6657704487443 6.1313632875680906 20.110871583223343 3.9240725040435782 2.8204271122813216 17.167817205190659 28.940034717321396 10.300690323114393 3.1883089095354071 2.4525453150272369 92.460958376526833
leaf_count=955 2088 54 99 400 106 295 39 598 389 18382 86 71 70 20 121 38 5025 82 4139 2933 50 164 32 23 140 236 84 26 20 754
internal_value=-1.78972 -2.18305 2.75669 1.62258 3.51552 0.416319 1.89468 -0.167505 1.23114 -2.60132 -1.93192 1.76994 -1.81088 4.55086 -0.136627 0.904169 -2.68251 0.0362542 -2.4694 -2.11348 -0.0555039 -2.18259 0.786455 3.79275 -2.2192 -1.14785 -1.83275 4.80737 3.00254 -2.18236
internal_weight=0 4225.25 375.607 418.404 162.849 255.555 72.3501 183.205 99.5733 3806.84 411.782 19.2525 119.562 38.6276 42.5517 27.7138 3395.06 23.0539 1140.92 392.53 12.7532 379.777 14.9605 50.5224 524.722 33.7225 83.6318 120.297 6.37662 104.601
internal_count=37519 34456 3063 3412 1328 2084 590 1494 812 31044 3358 157 975 315 347 226 27686 188 9304 3201 104 3097 122 412 4279 275 682 981 52 853
is_linear=0
shrinkage=1


Tree=15
num_leaves=31
num_cat=0
split_feature=1 36 46 8 34 35 35 40 35 14 35 34 9 49 35 20 34 38 20 6 38 46 46 15 4 6 6 6 6 20
split_gain=8478.62 6461.09 3499.94 1046.08 655.992 261.9 560.367 330.579 656.869 225.204 304.336 170.619 134.805 99.7457 122.412 85.6308 77.5858 68.4123 64.3704 94.2239 57.3977 51.5835 39.6147 37.1231 36.1795 33.3849 29.9977 29.5983 29.3546 28.9729
threshold=1.5767129858939295 3.5000000000000004 10.500000000000002 -0.46017495063667579 0.97293110533848381 3.9791818576149001 4.9767988934686258 0.20500000000000004 0.021662444967403577 -1.1008513637848429 4.0217238821888719 0.023351400585185606 1.20733357875903 14.500000000000002 3.0242857737003104 -0.0045024683656533131 1.0094107126578027 310.50000000000006 0.47833256300745658 -1.1443219107003644 76.500000000000014 1.5000000000000002 21.500000000000004 -0.61127981597681791 0.51562021838130367 -0.11433619929117632 -0.79039603016483795 -0.78140398427176605 1.1857243389194776 4.5117486395859254
decision_type=2 2 2 2 2 2 2 2 2 2 2 2 2 2 2 2 2 2 2 2 2 2 2 2 2 2 2 2 2 2
left_child=1 3 -2 4 28 7 16 8 -5 10 18 -12 -4 14 17 -11 -7 25 26 -20 -17 -8 29 -23 -9 -6 -3 -21 -1 -14
right_child=2 9 12 5 13 6 21 24 -10 15 11 -13 22 -15 -16 20 -18 -19 19 27 -22 23 -24 -25 -26 -27 -28 -29 -30 -31
leaf_value=4.8966920959196631 4.8408072800059969 -2.3318642862304486 -2.267591016123915 -1.5773106992230095 1.0104682944210688 4.8939878534577641 1.7549299122535924 -1.9734334631684685 3.6663444451315494 -2.7553257422128161 4.3486072510261913 -1.5385035492446328 2.1743774618632505 -2.0016625935197294 5.1980648947290096 -2.6247682604921256 -0.91803013993127103 2.3009672467320343 2.9223086027623935 -1.7117218619864221 -2.0398407111144903 0.91679837046681101 -2.4130755928482284 -2.1072708411152146 -0.098347300234532309 -2.3043450144542676 -1.0968633280792326 1.4343141041688368 1.8757416660246595 -0.57824708245014445
leaf_weight=112.8170844912529 257.51725807785988 316.86885470151901 95.771894551813602 49.296160832047462 4.5372088328003892 36.175043396651745 5.5182269588112822 76.274159297347069 46.353106454014778 2725.8814903870225 11.772217512130739 8.4612813368439657 10.91382665187121 13.611626498401163 6.2539905533194533 367.51391545683146 2.4525453150272361 9.3196721971034986 5.2729724273085585 48.192515440285206 308.65282789617777 4.9050906300544765 3.6788179725408545 23.544435024261475 11.894844777882097 9.1970449313521421 20.969262443482876 3.1883089095354071 3.310936175286769 5.8861087560653678
leaf_count=920 2100 2584 781 402 37 295 45 622 378 22229 96 69 89 111 51 2997 20 76 43 393 2517 40 30 192 97 75 171 26 27 48
internal_value=-1.78972 -2.18385 2.7848 1.56114 3.57591 0.311429 1.91962 -0.323693 0.963845 -2.5915 -1.89579 1.88672 -1.76964 0.235291 1.27421 -2.67631 4.52497 0.20976 -2.08979 -1.10337 -2.35776 -1.04315 0.559111 -1.58588 -1.72047 -1.20927 -2.25521 -1.5165 4.81056 1.20995
internal_weight=0 4232.23 373.768 415.461 159.048 256.414 72.5953 183.818 95.6493 3816.77 414.725 20.2335 116.251 42.9195 29.3079 3402.05 38.6276 23.0539 394.492 56.6538 676.167 33.9678 20.4788 28.4495 88.169 13.7343 337.838 51.3808 116.128 16.7999
internal_count=37561 34513 3048 3388 1297 2091 592 1499 780 31125 3382 165 948 350 239 27743 315 188 3217 462 5514 277 167 232 719 112 2755 419 947 137
is_linear=0
shrinkage=1


Tree=16
num_leaves=31
num_cat=0
split_feature=1 9 46 8 34 20 48 48 48 48 14 48 9 9 22 20 34 9 34 38 20 10 10 6 20 6 6 48 20 46
split_gain=8029.31 4989.98 3389.77 896.214 604.599 282.205 180.025 651.177 357.133 696.79 166.448 185.29 156.118 205.536 146.539 163.055 125.423 120.517 74.6993 96.1064 66.4181 61.6524 59.8488 56.9263 55.4351 46.7162 44.5011 43.8179 42.1101 40.8333
threshold=1.5767129858939295 1.20733357875903 10.500000000000002 -0.46017495063667579 0.99074157675295871 0.82896659818696261 38.500000000000007 43.500000000000007 13.500000000000002 8.0000000000000018 -1.1008513637848429 53.500000000000007 1.352687448232494 1.293112571040208 -0.44515691796020279 1.5494495093338505 0.012426962810402731 1.4906560138589964 1.0094107126578027 183.50000000000003 1.0000000180025095e-35 1.5558804064814382 -0.73773883567903786 -0.75540712581079394 1.256850614797951 -0.44415860401468987 -0.79039603016483795 43.500000000000007 -0.18400631605888315 2.5000000000000004
decision_type=2 2 2 2 2 2 2 2 2 2 2 2 2 2 2 2 2 2 2 2 2 2 2 2 2 2 2 2 2 2
left_child=1 5 21 4 12 10 8 -8 9 -5 11 26 13 -3 15 23 -13 -4 19 25 -12 -2 -22 27 -15 -6 -1 -7 -14 -16
right_child=2 3 17 6 18 14 7 -9 -10 -11 20 16 28 24 29 -17 -18 -19 -20 -21 22 -23 -24 -25 -26 -27 -28 -29 -30 -31
leaf_value=-2.2431100372977566 1.3245380394441653 4.5521406666460731 -2.1076822007489691 -1.5736467882869252 2.7161712574755623 -1.3737391817294882 4.5008149031692248 -1.3617138017661308 -1.8682330884233498 3.8191202416277608 -2.7634400027175863 4.0860476156998651 0.30518886700078518 -2.1131291696924754 3.2176150739818712 2.4109836131116666 -1.4203181379468497 0.84054171481837692 -2.5363783106145759 2.3199025254771128 -0.017209941027818809 4.9059279773450317 -2.4236721075003618 -2.1990704202146389 3.1593665498422498 -1.6752609537463534 -0.83481796258895435 1.3677831558508542 4.4999498287380106 -0.37106229130311585
leaf_weight=337.71548987925053 4.905090630054473 12.385353840887548 101.29012151062489 55.672778651118279 2.8204271122813216 20.846635177731518 32.986734487116337 44.51369746774435 112.08132089674473 42.061152152717113 2726.4946267157793 8.0933995395898837 2.4525453150272361 10.668572120368479 8.5839086025953275 9.6875539943575841 8.4612813368439657 16.064171813428402 11.894844777882097 14.592644624412058 10.545944854617117 239.61367727816105 515.89290701597929 100.30910338461399 2.4525453150272361 17.167817205190662 24.034944087266922 8.0933995395898801 98.837576195597649 5.0277178958058348
leaf_count=2754 40 101 826 454 23 170 269 363 914 343 22234 66 20 87 70 79 69 131 97 119 86 1954 4207 818 20 140 196 66 806 41
internal_value=-1.78972 -2.19337 2.71377 0.91441 2.71065 -2.57166 -0.168854 1.13357 -0.649937 0.747205 -2.62764 -1.99983 3.84156 1.63034 -1.23924 -1.54601 1.27168 -1.70411 -0.374736 0.368808 -2.70065 4.83408 -2.37546 -1.8426 -1.12762 -1.05561 -2.14954 -0.607042 4.39838 1.89207
internal_weight=0 4244.37 361.873 460.588 173.272 3783.79 287.316 77.5004 209.815 97.7339 3631.24 378.305 126.797 25.5065 152.548 138.937 16.5547 117.354 46.4757 34.5809 3252.93 244.519 526.439 129.249 13.1211 19.9882 361.75 28.94 101.29 13.6116
internal_count=37563 34612 2951 3756 1413 30856 2343 632 1711 797 29612 3085 1034 208 1244 1133 135 957 379 282 26527 1994 4293 1054 107 163 2950 236 826 111
is_linear=0
shrinkage=1


Tree=17
num_leaves=31
num_cat=0
split_feature=10 36 34 8 34 40 40 40 40 14 40 34 20 49 40 0 9 34 38 6 10 38 6 6 40 46 40 9 38 6
split_gain=8237.74 6597.97 3584.52 1024.57 753.121 227.017 569.862 386.051 698.105 225.33 255.106 147.573 107.817 103.184 115.848 91.4143 81.5256 78.0251 66.2122 62.2809 97.9976 59.7421 55.9344 44.9041 43.7896 43.6586 39.1668 38.1493 35.0114 33.0556
threshold=1.5558804064814382 3.5000000000000004 0.97832031928938423 -0.46017495063667579 0.98600231353177492 0.38500000000000006 0.48000000000000004 0.18000000000000002 0.080000000000000016 -1.1008513637848429 0.53500000000000014 0.012426962810402731 3.0378547062252426 14.500000000000002 0.38500000000000006 -0.59774684379245457 0.14419241178071365 1.0082528418829955 400.50000000000006 -1.1961339953951045 0.095874528290207969 76.500000000000014 -0.79039603016483795 0.41087838248946501 0.38500000000000006 1.5000000000000002 0.51500000000000012 0.96375017631015947 479.50000000000006 -0.11433619929117632
decision_type=2 2 2 2 2 2 2 2 2 2 2 2 2 2 2 2 2 2 2 2 2 2 2 2 2 2 2 2 2 2
left_child=1 3 -2 4 -1 7 17 8 -5 10 19 -12 -4 14 18 -8 -11 -7 29 20 -3 -18 -21 27 -14 -17 -26 -23 -22 -6
right_child=2 9 12 5 13 6 15 -9 -10 16 11 -13 24 -15 -16 25 21 -19 -20 22 28 23 -24 -25 26 -27 -28 -29 -30 -31
leaf_value=4.8896903551663069 4.8790509727907398 -2.5420779739936057 -2.2217903160440389 -1.50339897163143 0.8361986684596614 4.9149123468280713 4.7903252257516584 -1.7419454710372306 3.8354918237160862 -2.7996077590309358 4.1550099275776429 -1.3257698089086232 -0.70999969657547957 -2.0948397536463927 5.1980648947290096 1.120668204955487 -2.6815386069930467 -0.91803013993127103 2.3616150235822126 -2.2590220012838902 4.6883903085073175 -2.2066655910251702 -0.74655083989406701 -2.6409888212574648 4.6544120027592069 -2.058953066886247 -0.36202150041670045 -1.4353118095294042 0.0086509259263467531 -2.3043450144542676
leaf_weight=116.74115699529648 250.77275846153498 7.2350086793303472 99.328085258603096 49.541415363550186 5.2729724273085603 35.316652536392212 2.4525453150272361 88.904767669737339 48.43776997178793 2195.7638205438852 10.545944854617121 9.1970449313521367 12.017472043633463 15.083153687417505 5.6408542245626441 5.1503451615572002 654.09383551776409 2.4525453150272361 8.4612813368439657 358.31687052547932 3.9240725040435791 291.97551975399256 26.242234870791435 183.69564409554005 3.6788179725408545 26.732743933796883 2.6977998465299606 82.160268053412437 2.6977998465299606 9.1970449313521421
leaf_count=952 2045 59 810 404 43 288 20 725 395 17906 86 75 98 123 46 42 5334 20 69 2922 32 2381 214 1498 30 218 22 670 22 75
internal_value=-1.78972 -2.18692 2.74213 1.57848 3.56461 0.348434 1.85571 -0.233113 1.13598 -2.59968 -1.90689 1.60185 -1.80996 0.0211455 1.13817 -1.09278 -2.6847 4.53615 0.139476 -2.08076 0.00209035 -2.4765 -2.15581 -2.23608 0.413919 -1.54532 2.53207 -2.03728 2.78183 -1.15991
internal_weight=0 4245.23 368.495 419.385 160.396 258.989 72.1048 186.884 97.9792 3825.85 418.159 19.743 117.722 43.6553 28.5722 34.3356 3407.69 37.7692 22.9313 398.416 13.8569 1211.93 384.559 557.831 18.3941 31.8831 6.37662 374.136 6.62187 14.47
internal_count=37624 34619 3005 3420 1308 2112 588 1524 799 31199 3410 161 960 356 233 280 27789 308 187 3249 113 9883 3136 4549 150 260 52 3051 54 118
is_linear=0
shrinkage=1


Tree=18
num_leaves=31
num_cat=0
split_feature=10 36 34 8 34 35 35 40 35 14 35 34 36 9 34 38 34 38 14 10 6 32 14 35 35 40 9 34 5 35
split_gain=8276.24 6627.17 3610.81 1017.01 747.78 273.675 513.698 403.72 656.932 205.038 257.778 148.455 110.223 84.642 69.8445 68.6199 65.1756 64.991 52.0465 83.0588 53.7612 51.9036 47.9464 46.031 41.5319 63.5438 37.0512 36.1526 41.1717 31.1768
threshold=1.5558804064814382 3.5000000000000004 0.97293110533848381 -0.46017495063667579 0.97293110533848381 3.9791818576149001 4.9767988934686258 0.20500000000000004 0.021662444967403577 -1.1008513637848429 4.9833386475289503 0.012426962810402731 3.5000000000000004 0.14419241178071365 1.0221258843581886 76.500000000000014 1.0076758257251435 76.500000000000014 -2.535449313321108 0.095874528290207969 -0.79039603016483795 1.3155052043664803 0.9339492431873897 0.97105081045828856 3.0010411422024923 0.52500000000000013 1.438366478306347 0.99994030950434676 -0.063389661726593105 1.0283748395157792
decision_type=2 2 2 2 2 2 2 2 2 2 2 2 2 2 2 2 2 2 2 2 2 2 2 2 2 2 2 2 2 2
left_child=1 3 -2 4 -1 7 16 8 -5 10 18 -12 24 -11 15 -6 -7 -15 19 -3 -20 -8 26 -17 -4 -26 -19 28 -23 -25
right_child=2 9 12 5 14 6 21 -9 -10 13 11 -13 -14 17 -16 23 -18 22 20 -21 -22 27 -24 29 25 -27 -28 -29 -30 -31
leaf_value=4.877275921206456 4.8955933003680645 -2.3196352520409187 -0.79810670787910898 -1.4512281685939623 -1.4217085545503532 4.8149537963610278 -2.1655918136679451 -1.8228456974933724 3.8140921279651514 -2.7890649178902471 4.227256159068645 -1.2622259643926721 -2.1962814948234608 -2.6750561966895394 -2.3600362863145894 -1.5507296262754382 -0.51029047095391911 -2.089623841510325 -2.2712366102205994 2.6496919636205587 -0.73269392675974743 0.241229703239632 -2.6896785418775933 4.5707730963023092 4.2272561590686486 -1.5975962548935245 -0.38947871718285176 -1.4180882245261368 4.8435086608356599 1.5647411117625061
leaf_weight=118.45793871581554 251.26326752454042 7.8481450080871564 12.50798110663891 47.82463364303112 10.423317588865759 36.54292519390583 16.432053610682487 87.310613214969635 46.966242782771587 2206.8002744615078 10.300690323114397 9.4422994628548604 99.941221587359905 656.79163536429405 10.05543579161167 3.5561907067894962 2.4525453150272361 399.02912275493145 351.57237090915442 5.8861087560653687 24.280198618769646 6.2539905533194533 153.52933672070503 4.7824633643031147 5.1503451615571958 2.9430543780326843 13.243744701147078 6.499245084822177 2.8204271122813216 12.385353840887545
leaf_count=966 2049 64 102 390 85 298 134 712 383 17996 84 77 815 5356 82 29 20 3254 2867 48 198 51 1252 39 42 24 108 53 23 101
internal_value=-1.78972 -2.18288 2.7371 1.62459 3.60093 0.377887 2.04319 -0.271413 1.15759 -2.59228 -1.92333 1.60185 -1.76213 -2.67213 -0.0685725 0.671191 4.48003 -2.46106 -2.10198 -0.189924 -2.17185 -0.925841 -2.21265 1.72383 0.344021 2.10913 -2.03501 0.382242 1.67167 2.40214
internal_weight=0 4251.49 371.806 412.763 159.661 253.103 71.0012 182.101 94.7909 3838.72 409.33 19.743 120.543 3429.39 41.2028 31.1473 38.9955 1222.59 389.587 13.7343 375.853 32.0057 565.802 20.724 20.6014 8.0934 412.273 15.5737 9.07442 17.1678
internal_count=37702 34670 3032 3366 1302 2064 579 1485 773 31304 3338 161 983 27966 336 254 318 9970 3177 112 3065 261 4614 169 168 66 3362 127 74 140
is_linear=0
shrinkage=1


Tree=19
num_leaves=31
num_cat=0
split_feature=10 36 34 8 34 35 35 35 35 14 35 34 20 49 35 9 34 38 49 38 6 7 6 6 14 9 38 35 35 6
split_gain=8288.62 6434.93 3551.23 1040.07 675.36 311.216 540.01 382.247 599.822 212.191 281.5 165.951 115.341 99.9469 119.377 78.7142 68.497 65.169 62.9221 58.8526 56.5546 82.7323 48.7032 48.2256 43.191 46.8565 41.8316 41.4486 62.7083 39.8027
threshold=1.5558804064814382 3.5000000000000004 0.97832031928938423 -0.46017495063667579 0.97293110533848381 3.983238646376297 4.9767988934686258 1.9934007713761501 0.97105081045828856 -1.1008513637848429 4.0217238821888719 0.012426962810402731 3.0378547062252426 14.500000000000002 3.0242857737003104 0.14419241178071365 1.0076758257251435 76.500000000000014 11.500000000000002 400.50000000000006 -1.1961339953951045 -1.2089240707052638 -0.79039603016483795 1.1857243389194776 0.9339492431873897 1.438366478306347 479.50000000000006 3.0010411422024923 4.9879704741661453 0.65456739406222852
decision_type=2 2 2 2 2 2 2 2 2 2 2 2 2 2 2 2 2 2 2 2 2 2 2 2 2 2 2 2 2 2
left_child=1 3 -2 4 23 7 16 8 -5 10 20 -12 -4 14 19 -11 -7 -17 -10 -6 21 -3 -22 -1 25 -19 -23 -14 -29 -8
right_child=2 9 12 5 13 6 29 -9 18 15 11 -13 27 -15 -16 17 -18 24 -20 -21 22 26 -24 -25 -26 -27 -28 28 -30 -31
leaf_value=4.9147278826274832 4.9015269536545727 -2.6430825856046836 -2.1853291110770949 -1.4353118095294042 -1.0421248217939438 4.9501150960265665 -0.1372520504001713 -1.866455972954989 3.8578620830485764 -2.7886731584097149 4.3734228675838018 -1.4139297373361588 -0.69696646397969508 -1.9288133529423539 5.1980648947290096 -2.6853568516261888 -0.51029047095391911 -2.117041968000108 -0.91803013993127103 2.2226673102996837 -2.2677108244460107 4.6544120027592086 -0.81710447929331265 0.53818296355927187 -2.6757540334394072 -0.26210110722857438 -0.34719460336297869 4.9582180306246855 -0.99957807372674168 -2.4826125906583196
leaf_weight=112.93971175700426 249.54648580402136 6.376617819070816 99.818594321608543 49.296160832047462 14.102135561406618 36.297670662403107 23.053925961256027 89.885785795748234 44.023188404738903 2189.7550845220685 10.913826651871206 9.0744176656007749 10.178063057363035 14.592644624412058 6.1313632875680915 659.61206247657537 2.4525453150272361 396.57657743990421 2.9430543780326834 9.0744176656007749 352.67601630091667 3.6788179725408536 24.770707681775093 2.5751725807785979 153.03882765769958 14.102135561406611 3.0656816437840462 4.1693270355463019 3.0656816437840462 10.545944854617117
leaf_count=921 2035 52 814 402 115 296 188 733 359 17857 89 74 83 119 50 5379 20 3234 24 74 2876 30 202 21 1248 115 25 34 25 86
internal_value=-1.78972 -2.18626 2.7688 1.53941 3.54829 0.300547 2.06054 -0.38351 1.0012 -2.59346 -1.91424 1.74604 -1.77104 0.209518 1.27421 -2.67517 4.60452 -2.47199 3.55859 0.236154 -2.10156 -0.0606336 -2.17251 4.81716 -2.22232 -2.05335 2.38095 0.603815 2.43373 -0.873387
internal_weight=0 4241.55 366.778 417.914 159.415 258.498 72.3501 186.148 96.2624 3823.64 410.556 19.9882 117.232 43.9006 29.3079 3413.08 38.7502 1223.33 46.9662 23.1766 390.568 13.1211 377.447 115.515 563.718 410.679 6.7445 17.4131 7.23501 33.5999
internal_count=37580 34589 2991 3408 1300 2108 590 1518 785 31181 3348 163 956 358 239 27833 316 9976 383 189 3185 107 3078 942 4597 3349 55 142 59 274
is_linear=0
shrinkage=1


Tree=20
num_leaves=31
num_cat=0
split_feature=10 36 34 8 34 48 48 48 48 14 48 34 20 0 20 46 14 38 48 48 14 1 38 14 9 38 34 46 34 1
split_gain=8376.66 6515.92 3554.05 1004.06 705.8 254.557 559.583 391.918 663.773 204.426 247.057 132.669 121.715 106.878 83.8899 65.9963 73.7316 56.6304 50.367 49.9158 49.398 78.8453 54.5885 49.2587 49.2089 41.5664 40.3781 32.5344 31.3391 26.645
threshold=1.5558804064814382 3.5000000000000004 0.97832031928938423 -0.46017495063667579 0.97293110533848381 38.500000000000007 48.000000000000007 20.500000000000004 8.0000000000000018 -1.1008513637848429 53.500000000000007 0.012426962810402731 3.0378547062252426 -0.60371441354094812 -0.040922761702758111 17.000000000000004 0.078415301289438341 76.500000000000014 38.500000000000007 51.500000000000007 -2.535449313321108 0.074863442002516392 537.50000000000011 -1.1636813060323103 1.438366478306347 183.50000000000003 1.0049791171386804 1.5000000000000002 1.0094107126578027 0.61335462402366236
decision_type=2 2 2 2 2 2 2 2 2 2 2 2 2 2 2 2 2 2 2 2 2 2 2 2 2 2 2 2 2 2
left_child=1 3 -2 4 -1 7 26 8 -5 10 20 -12 -4 -8 -11 16 -6 -16 -14 -20 21 -3 -23 -22 -19 -18 -7 -15 -10 -27
right_child=2 9 12 5 15 6 13 -9 28 14 11 -13 18 27 17 -17 25 24 19 -21 23 22 -24 -25 -26 29 -28 -29 -30 -31
leaf_value=4.8438842500664787 4.8668257052309674 -2.7936326172270904 -2.2062873762707578 -1.5027730760615821 2.6759638495082751 4.9109242827731272 5.1980648947290096 -1.791758002025597 3.9759568950693711 -2.7645910208163946 4.3282202675773238 -1.025330052820048 -0.80086356838605532 0.8223221057037664 -2.6411405057333934 -2.3904233890161537 -1.6825420192638061 -2.1625489803173679 4.7450208180875073 -0.44756129111124987 -2.2672726342949967 4.6719491928227477 -0.99957807372674168 -0.84109812691667629 -0.21375252987948112 -0.068572496228453961 0.71292853597813721 -1.9566123156283 0.30518886700078518 3.5671062188196001
leaf_weight=115.76013886928558 253.5931855738163 6.1313632875680906 99.941221587359905 47.456751845777035 11.894844777882097 34.826143473386765 2.5751725807785979 87.555867746472359 45.004206530749798 2669.9634572044015 9.1970449313521403 9.3196721971034986 10.668572120368482 5.0277178958058384 396.08606837689877 8.8291631340980512 11.772217512130739 328.64107221364975 4.4145815670490256 3.188308909535408 353.90228895843029 3.8014452382922173 3.0656816437840462 25.996980339288712 13.488999232649801 5.8861087560653669 2.4525453150272361 25.996980339288712 2.4525453150272361 3.0656816437840462
leaf_count=944 2068 50 815 387 97 284 21 714 367 21773 75 76 87 41 3230 72 96 2680 36 26 2886 31 25 212 110 48 20 212 20 25
internal_value=-1.78972 -2.19482 2.75593 1.59076 3.57601 0.35887 1.96719 -0.265866 1.14174 -2.60172 -1.93586 1.63372 -1.77242 -0.992435 -2.6821 0.0349709 0.691469 -2.38373 0.600732 2.56749 -2.10409 -0.187176 2.14002 -2.16968 -2.08571 -0.447561 4.63474 -1.50627 3.78625 1.17652
internal_weight=0 4230.15 371.806 410.556 157.208 253.348 70.8786 182.469 94.9135 3819.59 411.414 18.5167 118.213 33.5999 3408.18 41.448 32.6189 738.216 18.2715 7.60289 392.898 12.9985 6.86713 379.899 342.13 20.724 37.2787 31.0247 47.4568 8.95179
internal_count=37528 34496 3032 3348 1282 2066 578 1488 774 31148 3355 151 964 274 27793 338 266 6020 149 62 3204 106 56 3098 2790 169 304 253 387 73
is_linear=0
shrinkage=1


Tree=21
num_leaves=31
num_cat=0
split_feature=10 36 34 8 34 35 35 35 35 14 35 34 36 9 0 34 34 38 38 34 14 10 6 38 6 46 35 35 35 35
split_gain=8423.35 6502.54 3635.33 1028.32 689.182 229.551 564.013 396.932 625.713 228.238 265.407 142.328 108.617 82.7145 80.2021 76.068 74.3958 72.911 66.1975 62.5507 61.4922 83.5445 66.4907 52.1843 42.4276 37.9434 36.3754 69.8266 35.381 46.1568
threshold=1.5558804064814382 3.5000000000000004 0.97832031928938423 -0.46017495063667579 0.97293110533848381 3.9791818576149001 4.9767988934686258 1.9940484146921029 0.021662444967403577 -1.1008513637848429 4.0217238821888719 0.012426962810402731 3.5000000000000004 0.14419241178071365 -0.58844038671351928 1.0087528604538925 1.0179624910465128 47.500000000000007 76.500000000000014 1.0087528604538925 -2.535449313321108 0.095874528290207969 -0.79039603016483795 80.500000000000014 1.5007394701121848 1.5000000000000002 3.0010411422024923 4.9879704741661453 3.0242857737003104 1.9952054081949948
decision_type=2 2 2 2 2 2 2 2 2 2 2 2 2 2 2 2 2 2 2 2 2 2 2 2 2 2 2 2 2 2
left_child=1 3 -2 4 -1 7 15 8 -5 10 20 -12 26 -11 -8 -7 17 -6 -15 -10 21 -3 -22 -20 28 -16 -4 -28 29 -19
right_child=2 9 12 5 16 6 14 -9 19 13 11 -13 -14 18 25 -17 -18 24 23 -21 22 -23 -24 -25 -26 -27 27 -29 -30 -31
leaf_value=4.8367765804452798 4.9033133267935742 -2.265644300110655 -0.75273027412964222 -1.4366914317034696 -1.6566889605424162 4.8374787929123038 4.3825855567743055 -1.8303109820316774 3.8529443372779517 -2.7954780891772009 4.0985421918687326 -1.2810860095686394 -2.2153836321319367 -2.687481037371886 0.92650645782341501 -0.91803013993127103 -2.2689748263020157 2.8855115482902929 -0.30999730022820216 -1.3257698089086232 -2.2599312735055714 2.7516268808648969 -0.59918158362196738 -2.2666371034287529 -2.141249146863327 -2.0421722179529427 4.5368654315224948 -1.3257698089086232 4.2386774383117114 -0.82939108145793361
leaf_weight=116.25064793229103 254.45157643407583 7.2350086793303472 13.611626498401167 48.683024503290653 8.4612813368439692 36.052416130900383 2.4525453150272361 85.225949697196484 47.579379111528397 2189.1419481933117 10.913826651871206 8.951790399849413 98.469694398343563 646.24569050967693 5.1503451615572002 2.4525453150272361 10.178063057363032 8.2160268053412491 13.979508295655249 2.4525453150272361 353.04389809817076 6.1313632875680923 25.87435307353735 546.30446892231703 2.4525453150272361 26.242234870791435 4.5372088328003866 3.6788179725408554 6.2539905533194533 5.6408542245626441
leaf_count=948 2075 59 111 397 69 294 20 695 388 17852 89 73 803 5270 42 20 83 67 114 20 2879 50 211 4455 20 214 37 30 51 46
internal_value=-1.78972 -2.18521 2.76177 1.57989 3.59124 0.344207 1.85322 -0.249337 1.1156 -2.59432 -1.89158 1.67439 -1.76801 -2.67961 -1.12485 4.47089 0.0770488 0.846693 -2.46938 3.59909 -2.07217 0.0358562 -2.14653 -2.21782 1.78546 -1.55512 0.250213 1.9118 2.26433 1.37325
internal_weight=0 4221.57 374.749 413.744 157.453 256.291 72.3501 183.941 98.7149 3807.82 412.15 19.8656 120.297 3395.67 33.8451 38.505 41.2028 31.0247 1206.53 50.0319 392.285 13.3664 378.918 560.284 22.5634 31.3926 21.8277 8.21603 20.1109 13.8569
internal_count=37482 34426 3056 3374 1284 2090 590 1500 805 31052 3361 162 981 27691 276 314 336 253 9839 408 3199 109 3090 4569 184 256 178 67 164 113
is_linear=0
shrinkage=1


Tree=22
num_leaves=31
num_cat=0
split_feature=10 9 34 8 34 42 20 42 35 40 40 40 20 20 14 35 14 35 34 38 20 10 34 38 34 14 31 34 35 35
split_gain=8265.69 5175.8 3617.91 881.013 606.166 320.504 255.051 217.366 186.912 725.972 405.289 643.549 138.571 130.346 96.5994 137.894 85.2628 99.248 75.8485 70.77 66.3291 103.599 63.2794 52.1481 51.3618 50.7276 50.1196 48.0475 46.456 59.1496
threshold=1.5558804064814382 1.20733357875903 0.97293110533848381 -0.46017495063667579 0.020233483296025694 0.84375000000000011 1.0000000180025095e-35 0.21875000000000003 0.97105081045828856 0.13500000000000004 0.38500000000000006 0.43500000000000005 3.0378547062252426 1.6343327039563078 -1.1008513637848429 4.9833386475289503 -1.1008513637848429 4.0217238821888719 1.0082528418829955 479.50000000000006 0.74473862144742775 -0.41857184647095341 0.012426962810402731 76.500000000000014 1.0043036859985259 -2.535449313321108 -0.32283321230981105 0.99229188485506348 3.0010411422024923 4.9879704741661453
decision_type=2 2 2 2 2 2 2 2 2 2 2 2 2 2 2 2 2 2 2 2 2 2 2 2 2 2 2 2 2 2
left_child=1 6 -2 4 5 20 16 26 -5 -10 -11 18 -4 14 15 25 17 -1 -12 -6 21 -3 -19 -16 -21 -9 -8 -17 -14 -30
right_child=2 3 12 8 19 -7 7 13 9 10 11 -13 28 -15 23 27 -18 22 -20 24 -22 -23 -24 -25 -26 -27 -28 -29 29 -31
leaf_value=-2.2923482048270012 4.9174181215882555 3.7384520719307068 -2.2100245127149289 -1.7060984077026238 -1.0636514502803254 -2.0247520985840839 4.2919767414460051 1.4051377414513162 4.0097950022807272 -1.786574596095486 4.8530544055943263 -1.2906954287815391 -0.5532104361094301 3.2144665051094594 -2.5807982935623164 4.4394794640734716 -2.7570729902109425 3.5252867655911557 -0.91803013993127103 2.9447667240646953 4.7897247255027953 -1.8694227008784259 -1.3951723057558321 -2.0052782602209009 -1.2778004360877582 -1.7697530040172953 0.30518886700078518 -0.91803013993127136 4.7798703624445462 -0.91803013993127136
leaf_weight=263.40336683392525 249.42385853827 31.515207298099995 101.78063057363033 58.370578497648239 34.335634410381317 8.5839086025953275 5.5182269588112831 5.2729724273085585 42.919543012976646 110.2419119104743 31.88308909535408 45.617342859506607 11.649590246379377 4.5372088328003874 345.80888941884041 5.2729724273085585 2734.7106535211205 4.7824633643031103 2.4525453150272361 9.3196721971034986 83.263913445174694 3.6788179725408545 5.7634814903140068 289.03246537595987 4.1693270355463019 110.36453917622566 7.357635945081709 2.4525453150272369 4.7824633643031111 2.9430543780326843
leaf_count=2148 2034 257 830 476 280 70 45 43 350 899 260 372 95 37 2820 43 22301 39 20 76 679 30 47 2357 34 900 60 20 39 24
internal_value=-1.78972 -2.18461 2.73975 0.958773 2.73333 3.87567 -2.57198 -2.06067 -0.10581 0.294893 -0.543414 1.1707 -1.74341 -2.12945 -2.16143 -1.35171 -2.70379 -2.17191 4.44083 -0.301193 4.30323 3.15226 0.836199 -2.31877 1.63961 -1.62498 2.01381 2.73868 0.707767 2.60924
internal_weight=0 4250.63 370.58 466.351 174.866 127.042 3784.28 775.617 291.485 233.114 190.195 79.953 121.156 762.742 758.204 123.363 3008.66 273.949 34.3356 47.8246 118.458 35.194 10.5459 634.841 13.489 115.638 12.8759 7.72552 19.3751 7.72552
internal_count=37685 34663 3022 3803 1426 1036 30860 6325 2377 1901 1551 652 988 6220 6183 1006 24535 2234 280 390 966 287 86 5177 110 943 105 63 158 63
is_linear=0
shrinkage=1


Tree=23
num_leaves=31
num_cat=0
split_feature=1 36 46 8 46 48 48 48 48 14 48 46 9 0 49 48 20 4 6 38 33 6 1 38 12 1 13 31 6 20
split_gain=8399.84 6482.14 3398.61 1046.25 679.314 270.409 547.667 325.661 621.534 232.094 272.005 151.176 149.619 111.17 97.2461 112.974 95.1604 69.6657 67.6199 59.0813 58.7239 52.9272 35.6279 34.0392 32.1326 29.2103 28.7592 28.4366 28.0946 27.2211
threshold=1.5767129858939295 3.5000000000000004 10.500000000000002 -0.46017495063667579 7.0000000000000009 38.500000000000007 48.000000000000007 20.500000000000004 8.0000000000000018 -1.1008513637848429 53.500000000000007 7.0000000000000009 1.4906560138589964 -0.60371441354094812 14.500000000000002 38.500000000000007 1.0000000180025095e-35 3.304377543921075 -0.11433619929117632 76.500000000000014 -0.1098060199091722 -0.79039603016483795 0.74087783259448159 78.500000000000014 -0.31754989214260126 -1.0805330063094434 -0.69473728167422955 -0.4112013492776504 1.1857243389194776 0.41986974118025072
decision_type=2 2 2 2 2 2 2 2 2 2 2 2 2 2 2 2 2 2 2 2 2 2 2 2 2 2 2 2 2 2
left_child=1 3 -2 4 28 7 -7 8 -5 10 17 -12 -4 -8 15 18 -11 21 -6 -18 -19 29 -20 -21 -15 -10 -14 -9 -1 -3
right_child=2 9 12 5 14 6 13 27 25 16 11 -13 26 24 -16 -17 19 20 22 23 -22 -23 -24 -25 -26 -27 -28 -29 -30 -31
leaf_value=4.9496054664076627 4.8642429435194821 -2.323722741296756 -2.160401319200953 -1.4983145554783841 2.3665394157196187 4.5292174882046474 5.1980648947290096 -0.76781026188698354 0.30518886700078518 -2.7577242134772737 4.2713838288713895 -1.3977238681399204 4.3825855567743055 0.20781819978231209 -2.1104763416574892 5.1980648947290096 -2.6081392020167948 -1.9373793123746512 -1.9709842301475098 0.53818296355927187 4.2571271970889661 -0.68000952098510115 2.0070587896888634 -2.0547385920967507 -2.0937873864532652 3.85464517613311 0.63138060218266689 -2.0593863561806156 1.5284078739328413 -1.5613527287622042
leaf_weight=112.69445722550154 251.63114932179451 309.63384602218866 99.205457992851734 48.683024503290653 8.8291631340980548 38.872843243181705 2.6977998465299597 23.299180492758751 2.4525453150272361 2738.6347260251641 10.791199386119844 8.3386540710926038 2.4525453150272361 8.2160268053412455 12.998490169644354 5.6408542245626441 364.32560654729605 2.9430543780326843 11.15908118337393 5.1503451615571967 3.1883089095354071 24.157571353018284 2.8204271122813216 298.22951030731201 23.176553227007389 42.429033949971199 12.262726575136183 63.520923659205437 2.4525453150272361 55.182269588112831
leaf_count=919 2052 2525 809 397 72 317 22 190 20 22333 88 68 20 67 106 46 2971 24 91 42 26 197 23 2432 189 346 100 518 20 450
internal_value=-1.78972 -2.18377 2.81263 1.59512 3.62713 0.339134 1.96356 -0.317924 0.976383 -2.58924 -1.88246 1.80023 -1.71903 -0.962031 0.155604 1.19097 -2.67519 -2.06076 0.199966 -2.33669 1.28376 -2.11348 -1.1684 -2.01072 -1.49141 3.66069 1.25658 -1.71278 4.87674 -2.20841
internal_weight=0 4230.52 365.552 409.943 156.595 253.348 72.9632 180.385 93.5646 3820.58 414.235 19.1299 113.921 34.0904 41.448 28.4495 3406.34 395.105 22.8087 667.705 6.13136 388.974 13.9795 303.38 31.3926 44.8816 14.7153 86.8201 115.147 364.816
internal_count=37480 34499 2981 3343 1277 2066 595 1471 763 31156 3378 156 929 278 338 232 27778 3222 186 5445 50 3172 114 2474 256 366 120 708 939 2975
is_linear=0
shrinkage=1


Tree=24
num_leaves=31
num_cat=0
split_feature=10 36 46 8 46 35 35 40 35 14 35 46 9 0 49 35 9 38 38 6 14 10 35 14 9 46 6 38 6 49
split_gain=8197.45 6484.68 3628.29 1076.7 696.465 257.534 538.818 367.798 672.154 229.885 313.874 150.993 142.606 102.535 101.134 105.019 76.5284 64.4289 63.9001 59.1683 60.9296 96.0864 47.6559 46.8663 56.4393 45.2036 37.8582 30.9057 27.4641 27.3082
threshold=1.5558804064814382 3.5000000000000004 7.0000000000000009 -0.46017495063667579 7.0000000000000009 3.9791818576149001 4.9767988934686258 0.20500000000000004 0.021662444967403577 -1.1008513637848429 4.0217238821888719 7.0000000000000009 1.4906560138589964 -0.60371441354094812 14.500000000000002 3.0242857737003104 0.14419241178071365 76.500000000000014 237.00000000000003 -0.79039603016483795 -2.535449313321108 0.095874528290207969 3.0010411422024923 0.9339492431873897 1.438366478306347 1.5000000000000002 0.024874964287968922 80.500000000000014 -0.51452686692158134 14.500000000000002
decision_type=2 2 2 2 2 2 2 2 2 2 2 2 2 2 2 2 2 2 2 2 2 2 2 2 2 2 2 2 2 2
left_child=1 3 -2 4 -1 7 -7 8 28 10 19 -12 -4 -8 15 18 -11 -18 -6 20 21 -3 -14 24 27 -15 -20 -19 -5 -24
right_child=2 9 12 5 14 6 13 -9 -10 16 11 -13 22 25 -16 -17 17 23 26 -21 -22 -23 29 -25 -26 -27 -28 -29 -30 -31
leaf_value=4.8966733759495522 4.8939607255211719 -2.6546991003903635 -2.1972599512164441 -0.11203311985976128 -1.3257698089086234 4.4900924791413246 5.1980648947290096 -1.8115872868390852 3.7327504593416507 -2.7860118255577095 4.3305336841388975 -1.2092727606293798 -0.46498606328976888 1.2201169047060607 -2.0428292267653458 5.1980648947290096 -2.6851534971550404 -0.6474064658312586 4.1525785640178512 -0.63223130653593085 -2.2620505677782732 2.8681239291441405 4.7038349929382797 -2.6959836925063754 0.022907557708772064 -2.0593110315664429 0.26725959546800793 -2.1677240466169194 -1.9309683112901017 0.53818296355927098
leaf_weight=116.12802066653967 249.91436760127544 6.621872350573538 105.33682128041983 10.545944854617117 11.649590246379381 38.137079648673534 2.4525453150272361 86.452222354710102 47.088870048522949 2196.6222114041448 11.526962980628015 8.5839086025953275 8.8291631340980512 5.0277178958058384 14.224762827157972 5.3955996930599204 662.80037138611078 13.856881029903887 4.7824633643031103 26.242234870791435 358.43949779123068 6.0087360218167305 4.0466997697949401 153.40670945495367 12.75323563814163 25.629098542034626 5.2729724273085594 381.49342375248671 38.995470508933067 2.5751725807785988
leaf_count=947 2038 54 859 86 95 311 20 705 384 17913 94 70 72 41 116 44 5405 113 39 214 2923 49 33 1251 104 209 43 3111 318 21
internal_value=-1.78972 -2.18428 2.71899 1.58693 3.64205 0.314625 1.92773 -0.313112 1.02753 -2.58886 -1.88827 1.96598 -1.78111 -1.02374 0.116443 1.24982 -2.67435 -2.47401 0.268331 -2.08336 -2.18598 -0.0273367 1.05595 -2.22477 -2.04765 -1.52148 2.11516 -2.11444 -1.54377 3.08386
internal_weight=0 4250.14 370.702 411.782 157.453 254.329 71.2464 183.083 96.6303 3838.36 417.423 20.1109 120.788 33.1094 41.3254 27.1006 3420.93 1224.31 21.705 397.312 371.07 12.6306 15.451 561.51 408.104 30.6568 10.0554 395.35 49.5414 6.62187
internal_count=37682 34659 3023 3358 1284 2074 581 1493 788 31301 3404 164 985 270 337 221 27897 9984 177 3240 3026 103 126 4579 3328 250 82 3224 404 54
is_linear=0
shrinkage=1


Tree=25
num_leaves=31
num_cat=0
split_feature=10 36 46 8 34 35 35 40 35 14 35 34 36 20 34 38 34 6 7 38 38 6 6 35 35 35 34 38 15 38
split_gain=8428.83 6453.13 3562.52 1044.14 734.173 257.381 555.817 403.807 657.115 231.598 269.32 154.603 120.151 84.7027 83.7854 69.4008 68.0524 60.4076 87.0183 59.4141 56.4941 55.6575 54.5167 49.1639 41.9394 38.4021 38.2675 36.7672 33.7164 33.0691
threshold=1.5558804064814382 3.5000000000000004 10.500000000000002 -0.46017495063667579 0.98353832436962929 3.9791818576149001 4.9767988934686258 0.20500000000000004 0.021662444967403577 -1.1008513637848429 4.0217238821888719 0.012426962810402731 3.5000000000000004 -0.0045024683656533131 1.0076758257251435 76.500000000000014 1.0087528604538925 -1.1961339953951045 -1.2089240707052638 76.500000000000014 479.50000000000006 -0.79039603016483795 0.87837208639158482 3.0010411422024923 4.9879704741661453 0.97105081045828856 1.0143180601563879 78.500000000000014 -0.61127981597681791 60.500000000000007
decision_type=2 2 2 2 2 2 2 2 2 2 2 2 2 2 2 2 2 2 2 2 2 2 2 2 2 2 2 2 2 2
left_child=1 3 -2 4 -1 7 16 8 -5 10 17 -12 23 -11 15 -6 -7 18 -3 -15 -20 -19 25 -4 -25 -17 29 -21 -8 -10
right_child=2 9 12 5 14 6 28 -9 26 13 11 -13 -14 19 -16 22 -18 21 20 27 -22 -23 -24 24 -26 -27 -28 -29 -30 -31
leaf_value=4.8494240933093753 4.9051257150753784 -2.7968305754151483 -0.79810670787910898 -1.4721900391648293 -1.2158175386225958 4.939638343968717 1.3148299520875617 -1.8785982771142031 2.262339278092075 -2.7576615070987769 4.2713838288713895 -1.3710742165727734 -2.240849676689856 -2.6309675079526658 -2.4069671333878935 -0.91803013993127358 -0.51029047095391911 -2.2447566925644504 4.7183711665203614 0.79006847335223096 -0.70713031114988234 -0.71120567016015035 -1.4277047261529612 4.4990826050535482 -0.1447307677328451 3.3777985153658308 -0.10255080197656685 -2.0780078920831664 -1.467592302465963 4.3881710316918028
leaf_weight=117.59954785555601 252.6121674478054 6.2539905533194542 12.50798110663891 49.173533566296101 10.913826651871206 34.826143473386765 5.1503451615571967 87.187985949218273 9.1970449313521367 2732.7486172690988 10.791199386119844 8.8291631340980512 96.385030880570412 371.43798796087503 10.913826651871203 2.4525453150272432 2.4525453150272361 349.73296192288399 4.169327035546301 4.5372088328003874 3.5561907067894936 25.383844010531902 3.9240725040435782 4.2919543012976638 3.5561907067894936 13.734253764152525 2.4525453150272361 300.43680109083652 28.204271122813225 35.807161599397659
leaf_count=959 2060 51 102 401 89 284 42 711 75 22285 88 72 786 3029 89 20 20 2852 34 37 29 207 32 35 29 112 20 2450 230 292
internal_value=-1.78972 -2.18733 2.79386 1.56271 3.56836 0.305189 1.92765 -0.318253 1.08962 -2.59396 -1.88263 1.73228 -1.77463 -2.67924 -0.0238642 0.814461 4.58109 -2.06492 -0.0238642 -2.36242 2.22092 -2.14098 1.91626 0.432915 2.39485 2.72692 3.74411 -2.03534 -1.03795 3.95374
internal_weight=0 4231.87 369.353 413.99 159.538 254.452 70.6333 183.818 96.6303 3817.88 408.717 19.6204 116.741 3409.16 41.9385 31.0247 37.2787 389.096 13.9795 676.412 7.72552 375.117 20.1109 20.3561 7.84815 16.1868 47.4568 304.974 33.3546 45.0042
internal_count=37522 34510 3012 3376 1301 2075 576 1499 788 31134 3333 160 952 27801 342 253 304 3173 114 5516 63 3059 164 166 64 132 387 2487 272 367
is_linear=0
shrinkage=1


Tree=26
num_leaves=31
num_cat=0
split_feature=10 9 34 8 34 20 40 40 40 35 20 9 9 14 40 20 34 49 35 38 14 35 34 34 38 10 20 40 49 6
split_gain=8261.45 5019.6 3631.29 819.742 635.42 230.184 170.137 618.772 359.078 744.047 157.319 150.205 188.483 113.626 149.049 100.963 85.8041 79.7586 94.6247 89.0982 76.6517 88.2902 71.2496 65.4923 56.3111 55.7583 50.4182 49.4368 43.8422 43.3365
threshold=1.5558804064814382 1.20733357875903 0.97832031928938423 -0.46017495063667579 0.020233483296025694 1.0000000180025095e-35 0.38500000000000006 0.43500000000000005 0.13500000000000004 0.021662444967403577 1.5494495093338505 1.352687448232494 1.293112571040208 -1.1008513637848429 0.52500000000000013 3.0378547062252426 1.0087528604538925 14.500000000000002 3.9856373390822757 377.50000000000006 -1.1008513637848429 4.9926867981921381 0.012426962810402731 0.99229188485506348 76.500000000000014 -0.7705865581151411 1.0253361774956704 0.32500000000000007 14.500000000000002 -1.1961339953951045
decision_type=2 2 2 2 2 2 2 2 2 2 2 2 2 2 2 2 2 2 2 2 2 2 2 2 2 2 2 2 2 2
left_child=1 5 -2 4 11 20 8 16 9 -5 13 12 -3 14 29 -4 -8 18 19 -6 21 -1 -23 -16 -15 -26 -14 -17 -29 -7
right_child=2 3 15 6 17 10 7 -9 -10 -11 -12 -13 26 24 23 27 -18 -19 -20 -21 -22 22 -24 -25 25 -27 -28 28 -30 -31
leaf_value=-2.3134182911738734 4.8979620961686425 4.42874476458306 -2.235419979501831 -1.6338397810248446 -1.6606023847575746 1.2154913837874317 4.8158089550627423 -1.2988858746903362 -1.8350996321633086 3.9043866248858534 2.0701989409301444 4.4435656340104615 -2.0506403315350266 -2.5886499872807436 4.5323674759904762 -1.0672031895571319 -1.3257698089086232 -2.3943289414009938 3.7418517912384668 2.1819084392801043 -2.7573637047405333 3.8001003153780899 -1.6593749926173658 -1.0748530895379451 2.7516268808648978 -2.0362999109499564 2.5885310132739563 4.4785243024160355 -0.44756129111124987 -1.716158853674173
leaf_weight=268.92159379273653 249.91436760127544 12.998490169644358 99.818594321608543 55.182269588112831 18.516717128455642 5.2729724273085585 31.392580032348633 44.636324733495712 108.77038472145796 43.287424810230732 8.951790399849413 96.752912677824497 9.9328085258603078 350.46872551739216 6.0087360218167287 10.055435791611673 2.4525453150272361 14.224762827157972 6.8671268820762625 8.951790399849413 2713.6187638118863 4.2919543012976629 5.3955996930599213 3.188308909535408 2.4525453150272361 294.42806506901979 3.0656816437840453 4.1693270355463019 3.188308909535408 115.26962980628014
leaf_count=2193 2038 106 814 450 151 43 256 364 887 353 73 789 81 2858 49 82 20 116 56 73 22129 35 44 26 20 2401 25 34 26 940
internal_value=-1.78972 -2.20094 2.744 0.929215 2.65881 -2.57957 -0.107801 1.14615 -0.58267 0.800773 -2.09799 3.87016 1.73612 -2.14601 -1.29186 -1.84781 4.37077 -0.403207 0.421686 -0.408356 -2.70608 -2.20657 0.75938 2.58853 -2.3172 -1.99675 -0.956496 0.374103 2.34389 -1.58792
internal_weight=0 4235.3 367.146 457.032 171.31 3778.27 285.722 78.4815 207.24 98.4697 786.041 122.75 25.997 777.089 129.74 117.232 33.8451 48.5604 34.3356 27.4685 2992.23 278.609 9.68755 9.19704 647.349 296.881 12.9985 17.4131 7.35764 120.543
internal_count=37532 34538 2994 3727 1397 30811 2330 640 1690 803 6410 1001 212 6337 1058 956 276 396 280 224 24401 2272 79 75 5279 2421 106 142 60 983
is_linear=0
shrinkage=1


Tree=27
num_leaves=31
num_cat=0
split_feature=10 36 46 8 46 40 40 40 40 6 40 46 49 36 40 0 9 38 6 10 38 40 40 6 46 6 9 6 6 38
split_gain=8452.88 6496.67 3527.06 1055.55 697.856 245.019 533.147 396.075 654.005 218.5 241.726 165.05 110.957 110.362 109.383 82.0704 79.7337 71.3777 67.7476 86.2993 60.0551 55.0329 49.1987 49.1379 47.3449 39.6874 42.6269 35.729 31.5588 30.2941
threshold=1.5558804064814382 3.5000000000000004 10.500000000000002 -0.46017495063667579 7.0000000000000009 0.38500000000000006 0.48000000000000004 0.18000000000000002 0.080000000000000016 -0.76586299214389519 0.53500000000000014 7.0000000000000009 14.500000000000002 3.5000000000000004 0.38500000000000006 -0.59428276833821314 0.15066954889719533 377.50000000000006 -1.1961339953951045 -1.0000000180025095e-35 76.500000000000014 0.38500000000000006 0.52500000000000013 -0.78140398427176605 1.5000000000000002 0.61925979896924177 0.96375017631015947 -0.38305834642917436 0.024874964287968922 400.50000000000006
decision_type=2 2 2 2 2 2 2 2 2 2 2 2 2 2 2 2 2 2 2 2 2 2 2 2 2 2 2 2 2 2
left_child=1 3 -2 4 -1 7 -7 8 -5 10 18 -12 14 21 17 -8 -11 27 19 -3 -18 -4 -23 -20 -17 26 -22 -6 -19 -21
right_child=2 9 13 5 12 6 15 -9 -10 16 11 -13 -14 -15 -16 24 20 28 23 29 25 22 -24 -25 -26 -27 -28 -29 -30 -31
leaf_value=4.8629363996791319 4.8900388009737217 -2.2286219330727599 -0.89823695211683674 -1.4226584431210632 1.5424678625182655 4.5207564745008497 4.4214179062007197 -1.8225430356459811 3.7891215359591022 -2.796192154216401 3.9704615902810665 -1.7445294689394171 -2.1767047702526621 -2.2003118181001993 5.1980648947290096 1.4343141041688345 -2.6804000588596506 4.4785243024160373 -2.2520280545080555 4.9068222740309029 -2.2406978466139007 4.3825855567743055 -1.0151110134973074 -0.68097219285141519 -1.9905207384262018 -2.6708342261026927 -1.453644148010186 -2.1513167930109161 0.69146855340038149 0.30518886700078429
leaf_weight=116.37327519804239 253.22530377656221 6.8671268820762634 12.630608372390272 49.541415363550186 3.5561907067894944 36.910806991159916 2.5751725807785979 88.169004075229168 46.843615517020226 2211.3374832943082 11.404335714876654 9.0744176656007749 14.102135561406611 96.507658146321774 5.6408542245626441 4.7824633643031147 644.16102699190378 4.169327035546301 354.76067981868982 3.4335634410381299 301.66307374835014 4.905090630054473 2.5751725807785988 21.091889709234238 25.87435307353735 146.90746437013149 89.150022201240063 9.9328085258603132 4.6598360985517502 2.4525453150272369
leaf_count=949 2065 56 103 404 29 301 21 719 382 18033 93 74 115 787 46 39 5253 34 2893 28 2460 40 21 172 211 1198 727 81 38 20
internal_value=-1.78972 -2.19168 2.79435 1.57452 3.60119 0.313827 1.90478 -0.290843 1.11029 -2.60089 -1.91049 1.43807 0.110235 -1.75623 1.26373 -1.00078 -2.68413 0.269344 -2.08695 0.179731 -2.47445 0.374803 2.52436 -2.16386 -1.45625 -2.22773 -2.06116 -1.1775 2.4798 2.98948
internal_weight=0 4215.43 369.844 413.131 158.434 254.697 70.1428 184.554 96.385 3802.3 409.085 20.4788 42.0612 116.619 27.959 33.232 3393.22 22.3182 388.606 12.7532 1181.88 20.1109 7.48026 375.853 30.6568 537.721 390.813 13.489 8.82916 5.88611
internal_count=37392 34376 3016 3369 1292 2077 572 1505 786 31007 3336 167 343 951 228 271 27671 182 3169 104 9638 164 61 3065 250 4385 3187 110 72 48
is_linear=0
shrinkage=1


Tree=28
num_leaves=31
num_cat=0
split_feature=1 36 46 8 34 35 35 35 35 14 35 34 9 20 38 14 10 46 6 6 10 34 38 35 15 4 35 35 35 35
split_gain=8313.73 6391.58 3363.86 1118.12 704.666 271.122 559.471 361.47 705.74 216.863 258.744 141.348 117.234 80.3447 68.9698 64.3053 113.605 62.8292 62.643 62.1691 57.6712 57.5523 46.8417 40.2334 39.6152 38.1639 36.5417 44.1318 54.1342 42.7459
threshold=1.5767129858939295 3.5000000000000004 10.500000000000002 -0.46017495063667579 0.98600231353177492 3.9791818576149001 4.9767988934686258 1.9863022976979159 0.021662444967403577 -1.1008513637848429 4.9833386475289503 0.012426962810402731 1.20733357875903 1.0000000180025095e-35 76.500000000000014 -2.535449313321108 0.095874528290207969 17.000000000000004 -0.79039603016483795 -0.63373902392504455 1.5558804064814382 1.0047484772329272 76.500000000000014 0.97105081045828856 -0.61127981597681791 0.50501056618910456 0.97954578045460716 1.9962414412628025 3.0022294741910618 4.9879704741661453
decision_type=2 2 2 2 2 2 2 2 2 2 2 2 2 2 2 2 2 2 2 2 2 2 2 2 2 2 2 2 2 2
left_child=1 3 20 4 -1 7 21 8 -5 10 15 -12 -4 -11 -6 16 -3 23 -17 -8 -2 -7 -15 -16 -21 -9 -14 -28 -29 -30
right_child=2 9 12 5 14 6 19 25 -10 13 11 -13 26 22 17 18 -18 -19 -20 24 -22 -23 -24 -25 -26 -27 27 28 29 -31
leaf_value=4.8660847884635245 1.3352680307330429 -2.9567284848180315 -2.141249146863327 -1.6205213768440583 -1.6913295121296974 4.9099096516354752 3.2409144836377197 -2.1024167974369128 3.7845673756075224 -2.7537893961496867 4.2155596682775567 -1.1563195568660873 -2.0751292005426754 -2.6114650554420478 -1.2695298545669205 -2.2706814941000069 3.0439685303203565 -1.8150574116814455 -0.67033781765530964 1.120668204955487 4.886287789354073 -0.10255080197656685 -2.0828854615450982 2.4068268923337137 -1.9812747312836962 -0.21155051546556214 3.8389326648044979 -2.0891972742279208 4.3825855567743037 -0.67338633854486019
leaf_weight=117.47692058980465 4.6598360985517493 6.1313632875680906 95.649267286062241 50.890315286815166 14.224762827157972 34.703516207635403 3.0656816437840453 77.255177423357964 45.985224656760693 2739.7383714169264 10.178063057363035 9.4422994628548604 4.537208832800391 364.93874287605286 3.5561907067894998 360.03365224599838 6.4992450848221779 6.1313632875680915 26.242234870791435 4.9050906300544765 246.97131322324276 2.4525453150272361 310.12435508519411 18.271462596952915 25.629098542034626 12.385353840887545 4.4145815670490292 5.763481490314005 3.6788179725408554 3.0656816437840462
leaf_count=958 38 50 780 415 116 283 25 630 375 22342 83 77 37 2976 29 2936 53 50 214 40 2014 20 2529 149 209 101 36 47 30 25
internal_value=-1.78972 -2.18995 2.76003 1.52841 3.60719 0.238334 1.90505 -0.393947 0.945185 -2.59438 -1.91498 1.63034 -1.66733 -2.67765 0.101319 -2.08936 0.131009 1.01337 -2.16196 -1.05196 4.82053 4.57905 -2.36864 1.80787 -1.48297 -1.84116 0.444985 1.12067 0.161281 2.08442
internal_weight=0 4250.26 368.74 416.933 159.661 257.272 70.7559 186.516 96.8755 3833.33 418.527 19.6204 117.109 3414.8 42.1838 398.906 12.6306 27.959 386.276 33.5999 251.631 37.1561 675.063 21.8277 30.5342 89.6405 21.4598 16.9226 12.508 6.7445
internal_count=37667 34660 3007 3400 1302 2098 577 1521 790 31260 3413 160 955 27847 344 3253 103 228 3150 274 2052 303 5505 178 249 731 175 138 102 55
is_linear=0
shrinkage=1


Tree=29
num_leaves=31
num_cat=0
split_feature=10 36 46 8 46 35 35 40 35 6 35 46 20 49 35 38 20 38 6 10 35 35 40 6 6 4 38 46 38 9
split_gain=8367.55 6408.35 3529.97 1055.33 684.903 240.478 560.964 404.634 672.926 203.604 231.439 160.628 125.075 96.8982 113.183 87.0572 77.9584 57.1517 57.0385 95.0836 54.553 58.4246 49.0798 46.6238 41.8874 28.0876 27.2201 25.8772 25.7072 23.8058
threshold=1.5558804064814382 3.5000000000000004 7.0000000000000009 -0.46017495063667579 7.0000000000000009 3.9791818576149001 4.9767988934686258 0.20500000000000004 0.021662444967403577 -0.76586299214389519 4.0217238821888719 7.0000000000000009 3.0378547062252426 14.500000000000002 3.0242857737003104 310.50000000000006 1.0000000180025095e-35 76.500000000000014 -1.1961339953951045 0.095874528290207969 3.0010411422024923 4.9998896849899142 0.22500000000000003 -0.63373902392504455 -0.79039603016483795 0.51562021838130367 479.50000000000006 13.500000000000002 76.500000000000014 0.33473382397481533
decision_type=2 2 2 2 2 2 2 2 2 2 2 2 2 2 2 2 2 2 2 2 2 2 2 2 2 2 2 2 2 2
left_child=1 3 -2 4 -1 7 27 8 -5 10 18 -12 -4 14 15 -6 28 -18 19 -3 -14 -22 -17 -8 -20 -9 -21 -7 -11 -26
right_child=2 9 12 5 13 6 23 25 -10 16 11 -13 20 -15 -16 22 17 -19 24 26 21 -23 -24 -25 29 -27 -28 -29 -30 -31
leaf_value=4.8736268785534822 4.8868741493255516 -2.5349288272552535 -2.1843802803590866 -1.5286047711410116 -1.4950202375407318 4.9381511615163554 2.5885310132739563 -2.0769037562678676 3.7492437359262358 -2.8511016751002782 4.1301752855026095 -1.579945186972427 -0.78211691693882068 -2.0671146615947178 5.1980648947290096 3.9899473570183379 -2.6496212694484051 -2.0640343633654186 -2.2709974295246478 4.635665351311971 4.9776650736601713 -0.67338633854486019 -0.91803013993127136 -1.5077362727497554 -1.8447112057888893 -0.38619578909124663 0.30518886700078429 2.6496919636205596 -2.6564783603869913 0.10131903251210916
leaf_weight=114.04335714876652 250.65013119578362 7.1123814135789853 99.695967055857182 48.315142706036568 12.998490169644361 30.779443703591824 3.0656816437840453 76.151532031595707 48.315142706036568 1486.3650881722569 10.300690323114397 9.4422994628548604 11.036453917622568 13.488999232649801 5.6408542245626441 6.621872350573538 364.69348834455013 306.9360461756587 351.44974364340305 3.5561907067894936 4.5372088328003874 3.0656816437840462 2.9430543780326843 29.675798311829567 13.488999232649805 11.281708449125288 2.4525453150272369 5.8861087560653678 1248.9587016776204 11.772217512130736
leaf_count=930 2044 58 813 394 106 251 25 621 394 12121 84 77 90 110 46 54 2974 2503 2866 29 37 25 24 242 110 92 20 48 10185 96
internal_value=-1.78972 -2.20396 2.76165 1.55688 3.60563 0.298087 1.88428 -0.300037 1.11032 -2.6072 -1.94104 1.39925 -1.73985 0.137296 1.19158 0.189958 -2.68728 -2.38201 -2.11021 -0.0606336 0.637819 2.69902 2.4798 -1.12419 -2.1816 -1.85875 2.86812 4.57077 -2.76224 -0.937823
internal_weight=0 4225.74 368.985 409.207 155.737 253.471 69.407 184.064 96.6303 3816.53 409.575 19.743 118.335 41.6933 28.2043 22.5634 3406.95 671.63 389.832 13.1211 18.6393 7.60289 9.56493 32.7415 376.711 87.4332 6.00874 36.6656 2735.32 25.2612
internal_count=37469 34460 3009 3337 1270 2067 566 1501 788 31123 3340 161 965 340 230 184 27783 5477 3179 107 152 62 78 267 3072 713 49 299 22306 206
is_linear=0
shrinkage=1


Tree=30
num_leaves=31
num_cat=0
split_feature=10 46 20 42 8 42 46 37 42 20 10 35 40 40 35 8 34 14 40 8 20 34 31 34 35 35 7 20 31 35
split_gain=8213.75 3668.89 3465.12 995.266 508.539 482.996 360.829 290.301 692.684 201.999 416.678 168.081 543.613 272.395 648.539 153.066 131.254 125.055 141.474 111.142 108.67 89.2056 82.544 78.13 74.3057 98.2187 55.0775 46.5904 42.0923 69.6567
threshold=1.5558804064814382 10.500000000000002 0.82896659818696261 0.21875000000000003 -0.46017495063667579 0.84375000000000011 11.500000000000002 1.0000000180025095e-35 0.84375000000000011 1.430240551954153 0.34003079896944316 3.9791818576149001 0.43500000000000005 0.13500000000000004 0.98315651167700135 -0.67497527543663749 0.97293110533848381 -1.1008513637848429 0.53500000000000014 -0.46017495063667579 3.0378547062252426 0.9950240530613822 -0.76368561874325935 0.020233483296025694 3.9856373390822757 4.9991424286896304 0.10794782654299927 -0.0045024683656533131 -0.30895952233386209 4.9998896849899142
decision_type=2 2 2 2 2 2 2 2 2 2 2 2 2 2 2 2 2 2 2 2 2 2 2 2 2 2 2 2 2 2
left_child=2 -2 3 19 5 6 9 17 15 10 -4 13 -13 14 -6 16 -9 18 -5 21 -3 -1 -14 -20 -21 -26 -12 -19 29 -10
right_child=1 20 4 7 11 -7 -8 8 28 -11 26 12 22 -15 -16 -17 -18 27 23 24 -22 -23 -24 -25 25 -27 -28 -29 -30 -31
leaf_value=4.6201661512965408 4.8774152521351706 -2.2162693488018124 4.8329248926597383 -2.2062312265432196 -1.80932037111292 -1.826021839754786 -0.57524015273792206 4.677546168374942 -2.088637576672701 4.6630585696295022 0.81486345322247411 4.6491845711056516 2.4219650208406551 -1.8890580197757552 3.8932979540014832 0.045180962145662029 -0.4259305394413635 -2.7605480855525051 3.7302020864105434 -0.3853972390149103 0.40112761264251517 0.17973050731544604 -1.6268698721534369 -1.0851365616433006 4.6803002357101509 -1.5975962548935245 -2.2597375976772587 -2.3817629138668499 -2.6159311495533788 0.79006847335223096
leaf_weight=15.573662750422956 252.6121674478054 102.63902143388987 24.648080416023731 327.78268135339022 48.805651769042015 29.18528924882412 27.713762059807777 17.290444470942024 114.04335714876652 61.681514672935009 9.8101812601089495 25.506471276283264 5.7634814903140059 108.6477574557066 33.722498081624508 42.306406684219837 7.1123814135789862 2630.2322231009603 6.1313632875680906 27.22325299680233 18.761971659958363 6.3766178190708152 39.8538613691926 7.4802632108330727 7.7255177423357946 3.6788179725408554 14.347390092909334 370.45696983486414 205.40067013353109 9.0744176656007749
leaf_count=127 2060 837 201 2673 398 238 226 141 930 503 80 208 47 886 275 345 58 21449 50 222 153 52 325 61 63 30 117 3021 1675 74
internal_value=-1.78972 2.70617 -2.183 -2.48752 0.508593 1.87043 2.65105 -2.55269 -1.74224 3.46031 1.94025 -0.360462 0.951948 -0.848722 0.520873 1.19562 3.1901 -2.64854 -2.07505 1.53336 -1.81176 3.33021 -1.11532 1.08393 0.512295 2.65517 -1.01117 -2.71378 -2.3388 -1.87646
internal_weight=0 374.013 4227.57 3797.89 429.686 167.386 138.201 3737.31 395.228 110.487 48.8057 262.3 71.1238 191.176 82.5281 66.7092 24.4028 3342.08 341.394 60.5779 121.401 21.9503 45.6173 13.6116 38.6276 11.4043 24.1576 3000.69 328.518 123.118
internal_count=37525 3050 34475 30971 3504 1365 1127 30477 3223 901 398 2139 580 1559 673 544 199 27254 2784 494 990 179 372 111 315 93 197 24470 2679 1004
is_linear=0
shrinkage=1


Tree=31
num_leaves=31
num_cat=0
split_feature=10 36 46 8 34 35 35 35 35 14 35 34 20 49 35 0 20 14 7 6 34 38 38 35 35 6 38 9 34 4
split_gain=8211.23 6638.24 3632.63 1016.56 708.577 283.648 580.837 401.232 677.356 209.796 290.292 140.242 130.649 109.983 120.403 92.9809 75.751 65.1958 86.4159 62.7731 58.276 55.5014 51.7791 49.3186 46.1785 45.0071 42.3591 32.0478 31.4476 30.9891
threshold=1.5558804064814382 3.5000000000000004 10.500000000000002 -0.46017495063667579 0.98353832436962929 3.9791818576149001 4.9767988934686258 1.0283748395157792 0.021662444967403577 -1.1008513637848429 4.0217238821888719 0.020233483296025694 3.2691905703001995 14.500000000000002 3.0242857737003104 -0.59944417186536914 1.0000000180025095e-35 -2.535449313321108 -1.2089240707052638 -0.12011457448581979 1.0076758257251435 76.500000000000014 479.50000000000006 3.0022294741910618 4.9879704741661453 -0.79039603016483795 504.50000000000006 0.42439702204255153 1.0074056550133761 0.51562021838130367
decision_type=2 2 2 2 2 2 2 2 2 2 2 2 2 2 2 2 2 2 2 2 2 2 2 2 2 2 2 2 2 2
left_child=1 3 -2 4 -1 7 20 8 -5 10 17 -12 -4 14 19 -8 -11 18 -3 -6 -7 -18 -20 -14 -25 -19 -21 -27 -10 -9
right_child=2 9 12 5 13 6 15 29 28 16 11 -13 23 -15 -16 -17 21 25 22 26 -22 -23 -24 24 -26 27 -28 -29 -30 -31
leaf_value=4.8554265174371167 4.8763219508696274 -2.6369326660122647 -2.2241465736530488 -1.4363432784618033 2.3199025254771111 4.9298151125070682 4.7903252257516478 -2.0236565150579469 3.9802824167166517 -2.7542045373222073 4.1901690837737551 -1.0199650571756091 -0.62678751923316289 -2.183429112619605 5.1980648947290096 -1.6204388133796506 -2.6442422847278255 -2.2854584333450276 4.7183711665203614 -2.4973035056886204 -0.10255080197656685 -2.068582671203997 -0.82939108145793394 4.9582180306246855 -0.51029047095391955 -1.8837293559302628 1.1206682049554892 0.41766877568419236 0.30518886700078518 -0.26738173198868798
leaf_weight=116.74115699529648 251.75377658754587 6.2539905533194542 103.74266682565212 50.645060755312443 8.3386540710926074 37.278688788414001 2.4525453150272396 78.236195549368858 45.985224656760693 2730.5413264855742 10.913826651871206 9.810181260108946 9.442299462854864 14.224762827157972 6.0087360218167296 29.18528924882412 364.81611561030149 351.57237090915442 4.169327035546301 8.7065358683466929 2.4525453150272361 309.63384602218866 2.8204271122813225 4.1693270355463019 2.4525453150272369 13.979508295655252 5.1503451615571967 10.668572120368479 2.4525453150272361 11.526962980628012
leaf_count=952 2053 51 846 413 68 304 20 638 375 22267 89 80 77 116 49 238 2975 2867 34 71 20 2525 23 34 20 114 42 87 20 94
internal_value=-1.78972 -2.18357 2.71933 1.59279 3.58344 0.375131 2.07346 -0.266706 1.12067 -2.59869 -1.92306 1.72383 -1.81322 0.0836425 1.22704 -1.12348 -2.68008 -2.11711 0.0635654 0.152005 4.61918 -2.37996 2.4798 0.840542 2.93284 -2.19388 -1.15257 -0.887602 3.7942 -1.79812
internal_weight=0 4234.56 371.561 419.385 159.17 260.215 71.3691 188.846 99.0828 3815.18 410.188 20.724 119.807 42.429 28.2043 31.6378 3404.99 389.464 13.2437 22.1955 39.7312 674.45 6.98975 16.0642 6.62187 376.22 13.8569 24.6481 48.4378 89.7632
internal_count=37562 34532 3030 3420 1298 2122 582 1540 808 31112 3345 169 977 346 230 258 27767 3176 108 181 324 5500 57 131 54 3068 113 201 395 732
is_linear=0
shrinkage=1


Tree=32
num_leaves=31
num_cat=0
split_feature=1 36 46 8 46 35 35 35 35 14 35 36 46 0 49 35 9 31 20 6 13 4 6 35 0 49 49 35 35 35
split_gain=8227.18 6314.95 3484.89 1061.19 708.916 230.559 549.209 351.007 617.632 202.268 224.82 140.544 129.757 107.382 89.507 121.485 76.2786 51.8249 50.3508 70.3593 43.263 42.7776 41.4599 77.8538 67.2407 36.4863 33.5702 56.141 34.7779 64.1497
threshold=1.5767129858939295 3.5000000000000004 10.500000000000002 -0.46017495063667579 7.0000000000000009 3.9791818576149001 4.9767988934686258 1.9920083055123479 0.021662444967403577 -1.1008513637848429 4.0217238821888719 3.5000000000000004 7.0000000000000009 -0.60371441354094812 14.500000000000002 3.0242857737003104 0.14419241178071365 -0.30207210724057082 0.50257751013150731 -1.1443219107003644 -0.06094935404456895 0.50501056618910456 -0.12680684577949455 4.9893550837878982 -0.59234682296023755 11.500000000000002 14.500000000000002 3.9882573290859553 1.9998374040016007 0.97954578045460716
decision_type=2 2 2 2 2 2 2 2 2 2 2 2 2 2 2 2 2 2 2 2 2 2 2 2 2 2 2 2 2 2
left_child=1 3 -2 4 -1 7 -7 8 -5 10 18 26 -12 -8 15 17 -11 -6 -3 -20 -21 -9 23 -18 -25 -10 27 28 29 -4
right_child=2 9 11 5 14 6 13 21 25 16 12 -13 -14 -15 -16 -17 22 -19 19 20 -22 -23 -24 24 -26 -27 -28 -29 -30 -31
leaf_value=4.8438842500664787 4.8243200982017438 -2.2372753321201153 -1.3884989887512931 -1.4610000508810113 2.6739621820120649 4.4252249992817418 5.1980648947290096 -2.0288593663118775 3.8619688042947486 -2.7904807422166757 3.9052317979715503 -2.236591258514748 -1.4740387794458421 -1.6794716904311453 -2.141249146863327 5.1980648947290096 -2.3745413423171038 -0.98173946320898253 2.2326854839846315 0.6988685473927112 -1.9742232583665806 0.056999503275440455 -2.6376091246453814 4.0330944119365757 -1.2543810453166289 -0.10255080197656685 -1.3257698089086232 4.9168651230204912 -1.8241182932142757 4.8960355103013402
leaf_weight=115.76013886928558 251.50852205604315 336.36658995598555 3.1883089095354098 48.805651769042015 5.1503451615572002 37.523943319916725 2.4525453150272361 76.519413828849792 43.410052075982094 2195.5185660123825 10.055435791611673 98.592321664094925 8.0933995395898801 30.5341891720891 13.488999232649801 5.5182269588112822 479.2273545563221 15.696290016174318 5.3955996930599204 7.1123814135789862 40.712252229452133 11.281708449125288 695.66447860747576 2.5751725807785979 36.420297928154469 2.4525453150272361 6.1313632875680915 3.5561907067894927 4.4145815670490265 3.3109361752867699
leaf_count=944 2051 2743 26 398 42 306 20 624 354 17904 82 804 66 249 110 45 3908 128 44 58 332 92 5673 21 297 20 50 29 36 27
internal_value=-1.78972 -2.1997 2.71359 1.53673 3.59153 0.272775 1.80851 -0.32067 1.01504 -2.59966 -1.93401 -1.74022 1.50637 -1.16813 -0.0460945 1.02585 -2.67926 -0.0785661 -2.09428 -1.19048 -1.57669 -1.76084 -2.4781 -2.26398 -0.905208 3.64996 0.635264 1.46621 0.34184 1.81306
internal_weight=0 4225.74 370.702 408.594 155.614 252.98 70.5107 182.469 94.6682 3817.14 407.736 119.194 18.1488 32.9867 39.8539 26.3649 3409.41 20.8466 389.587 53.2202 47.8246 87.8011 1213.89 518.223 38.9955 45.8626 20.6014 14.47 10.9138 6.49925
internal_count=37483 34460 3023 3332 1269 2063 575 1488 772 31128 3325 972 148 269 325 215 27803 170 3177 434 390 716 9899 4226 318 374 168 118 89 53
is_linear=0
shrinkage=1


Tree=33
num_leaves=31
num_cat=0
split_feature=10 36 34 8 34 35 35 48 35 14 35 34 20 49 35 20 0 6 6 10 34 1 35 35 6 34 6 20 25 14
split_gain=8249.25 6490.43 3645.04 1063.24 731.689 269.007 550.754 421.424 657.344 205.286 269.122 173.466 104.327 104.287 96.1146 73.3246 72.768 60.9414 56.2906 93.6796 55.4536 45.2691 44.5961 50.8859 42.0949 38.9056 32.4554 29.4606 26.0837 25.1651
threshold=1.5558804064814382 3.5000000000000004 0.97293110533848381 -0.46017495063667579 0.98353832436962929 3.9791818576149001 4.9767988934686258 20.500000000000004 0.021662444967403577 -1.1008513637848429 4.0217238821888719 0.012426962810402731 3.0378547062252426 14.500000000000002 3.0242857737003104 1.0000000180025095e-35 -0.59318604656549323 -0.12011457448581979 -1.1961339953951045 0.095874528290207969 1.0057607986244064 0.74087783259448159 3.0010411422024923 4.9998896849899142 -0.79039603016483795 1.0074056550133761 1.2456965442710184 3.5646938167942257 -0.5139511253020993 0.085520505031384281
decision_type=2 2 2 2 2 2 2 2 2 2 2 2 2 2 2 2 2 2 2 2 2 2 2 2 2 2 2 2 2 2
left_child=1 3 -2 4 26 7 20 8 27 10 18 -12 -4 14 17 -11 -8 -6 19 -3 -7 -19 -14 -24 28 -10 -1 -5 -20 -9
right_child=2 9 12 5 13 6 16 29 25 15 11 -13 22 -15 -16 -17 -18 21 24 -21 -22 -23 23 -25 -26 -27 -28 -29 -30 -31
leaf_value=4.9062091316715364 4.8914637764550246 -2.421987935339537 -2.1713084328045826 -1.6188326959860948 2.2532783965592436 4.8110577512928785 4.0330944119365757 -1.29357983504199 3.9882878549060972 -2.7528586503293555 4.4394794640734681 -1.5241296478705781 -0.78790045834275468 -2.3072316669780015 5.1980648947290096 -2.3824260305467888 -1.5040527410930524 -2.1033198753305502 -2.6507169685469965 2.9424837471947209 -0.10255080197656685 2.262339278092075 4.7038349929382797 -0.82939108145793394 -0.93782332774570565 -0.10255080197656685 1.6099558077283116 1.9361475429101933 -2.0779234930443407 -2.3728530638480763
leaf_weight=116.49590246379375 251.14064025878906 7.4802632108330709 103.12953049689531 47.088870048522949 8.8291631340980548 36.175043396651745 2.5751725807785979 37.278688788414001 44.636324733495712 2746.8507528305054 10.545944854617121 9.0744176656007749 11.526962980628015 13.856881029903887 4.6598360985517493 663.41350771486759 30.288934640586376 10.545944854617121 120.91048403084278 5.7634814903140068 2.4525453150272361 3.0656816437840453 4.0466997697949401 2.8204271122813225 25.26121674478054 2.4525453150272361 3.0656816437840453 2.4525453150272361 232.13341406732798 51.380824349820614
leaf_count=950 2048 61 841 384 72 295 21 304 364 22400 86 74 94 113 38 5410 247 86 986 47 20 25 33 23 206 20 25 20 1893 419
internal_value=-1.78972 -2.19141 2.71594 1.55321 3.57209 0.291169 1.93895 -0.344604 1.09997 -2.60032 -1.93282 1.68131 -1.78 -0.0756937 1.06532 -2.6808 -1.07017 0.207153 -2.11392 -0.0874493 4.49908 -1.12006 0.413919 2.43126 -2.18486 3.77522 4.82169 -1.44284 -2.27409 -1.91905
internal_weight=0 4238.73 372.664 417.301 160.519 256.781 71.4917 185.29 96.6303 3821.43 411.169 19.6204 121.524 40.9575 27.1006 3410.26 32.8641 22.4408 391.549 13.2437 38.6276 13.6116 18.3941 6.86713 378.305 47.0889 119.562 49.5414 353.044 88.6595
internal_count=37605 34566 3039 3403 1309 2094 583 1511 788 31163 3353 160 991 334 221 27810 268 183 3193 108 315 111 150 56 3085 384 975 404 2879 723
is_linear=0
shrinkage=1


Tree=34
num_leaves=31
num_cat=0
split_feature=10 9 46 8 46 20 49 35 40 40 35 20 9 9 20 14 35 14 35 49 35 38 38 35 10 46 20 6 49 46
split_gain=8212.42 5107.73 3589.98 897.94 599.495 257.897 172.773 349.766 432.434 340.991 702.363 170.85 120.239 181.839 112.606 101.106 155.554 94.6961 134.537 77.0066 88.4276 82.7248 62.9448 62.3121 61.9543 58.3533 55.2927 54.1244 53.5939 50.3941
threshold=1.5558804064814382 1.20733357875903 7.0000000000000009 -0.46017495063667579 7.0000000000000009 1.0000000180025095e-35 14.500000000000002 3.983238646376297 0.43500000000000005 0.13500000000000004 0.021662444967403577 1.4897372580023809 1.352687448232494 1.293112571040208 3.0378547062252426 -1.1008513637848429 4.9907561561046512 -1.1008513637848429 4.0217238821888719 14.500000000000002 3.0242857737003104 400.50000000000006 76.500000000000014 3.9882573290859553 -0.75160221285459516 7.0000000000000009 0.94372923650119167 -1.1961339953951045 14.500000000000002 7.0000000000000009
decision_type=2 2 2 2 2 2 2 2 2 2 2 2 2 2 2 2 2 2 2 2 2 2 2 2 2 2 2 2 2 2
left_child=1 5 -2 4 12 17 7 9 -9 10 -5 15 13 -3 -4 16 27 18 -1 20 21 -6 -17 -16 -24 -20 -15 -7 -25 -18
right_child=2 3 14 6 19 11 -8 8 -10 -11 -12 -13 -14 26 23 22 29 -19 25 -21 -22 -23 24 28 -26 -27 -28 -29 -30 -31
leaf_value=-2.2894152956456661 4.8782690759232441 4.7183711665203578 -2.2476160170313322 -1.5350695905628571 -1.4530077197951727 1.4913406312985367 -2.1550708305574746 4.8462894940426668 -0.90688971181713574 -1.7006351604112668 4.0296168881073449 1.4512679365587475 4.4688579300591869 -2.1294306057335488 -1.0481598215197878 -2.5744725451517638 4.5040399262569224 -2.7606256448343278 3.5671062188196028 -2.0433916263087628 3.7920660361864162 2.3266587751701926 2.7161712574755623 4.9650707981705224 -1.9927969774333523 -1.0066691984046086 2.3199025254771128 -1.7502417753170112 -0.44756129111124987 -0.73269392675974765
leaf_weight=265.24277582019567 250.15962213277817 12.50798110663891 98.714948929846287 50.645060755312443 17.290444470942024 5.3955996930599204 36.175043396651745 31.269952766597271 22.440789632499218 101.90325783938169 41.080134026706219 13.611626498401163 97.366049006581306 8.4612813368439657 11.526962980628015 345.31838035583496 5.763481490314005 2723.0610632747412 5.5182269588112813 15.328408218920229 7.1123814135789862 8.7065358683466894 2.8204271122813216 4.2919543012976638 297.73900124430656 5.640854224562645 4.1693270355463019 113.55284808576107 3.188308909535408 2.6977998465299606
leaf_count=2163 2040 102 805 413 141 44 295 255 183 831 335 111 794 69 94 2816 47 22206 45 125 58 71 23 35 2428 46 34 926 26 22
internal_value=-1.78972 -2.19013 2.73532 0.97764 2.7879 -2.57034 -0.113838 0.184707 2.44256 -0.441602 0.957136 -2.06081 3.96546 2.01571 -1.81846 -2.12263 -1.3085 -2.70402 -2.14631 -0.190292 0.667624 -0.187176 -2.28323 0.410412 -1.94861 1.25509 -0.660719 -1.6032 2.65805 2.83436
internal_weight=0 4240.82 367.882 454.457 170.942 3786.36 283.514 247.339 53.7107 193.628 91.7252 786.899 122.505 25.1386 117.722 773.288 127.41 2999.46 276.402 48.4378 33.1094 25.997 645.878 19.0072 300.559 11.1591 12.6306 118.948 7.48026 8.46128
internal_count=37583 34583 3000 3706 1394 30877 2312 2017 438 1579 748 6417 999 205 960 6306 1039 24460 2254 395 270 212 5267 155 2451 91 103 970 61 69
is_linear=0
shrinkage=1


Tree=35
num_leaves=31
num_cat=0
split_feature=10 9 46 8 46 14 40 49 40 40 40 40 20 10 46 20 20 20 3 20 49 40 38 38 20 6 9 6 6 6
split_gain=8391.74 5232.29 3492.19 904.801 584.449 250.382 271.584 186.938 365.483 467.141 335.126 687.545 146.654 136.672 126.712 124.778 121.357 115.586 107.08 98.6913 67.732 93.4027 81.9491 65.5384 65.26 49.4621 45.6859 42.4065 41.5928 37.5927
threshold=1.5558804064814382 1.20733357875903 10.500000000000002 -0.46017495063667579 7.0000000000000009 -1.1008513637848429 0.52500000000000013 14.500000000000002 0.41500000000000004 0.43500000000000005 0.13500000000000004 0.080000000000000016 0.4353937815343098 -0.74608240612181886 7.0000000000000009 1.4897372580023809 3.0378547062252426 0.50257751013150731 1.0546927720497488 1.0000000180025095e-35 14.500000000000002 0.38500000000000006 400.50000000000006 76.500000000000014 -0.011336825894638173 -0.7942334489503754 1.0855718869379301 -0.79039603016483795 0.024874964287968922 -0.49758859885325107
decision_type=2 2 2 2 2 2 2 2 2 2 2 2 2 2 2 2 2 2 2 2 2 2 2 2 2 2 2 2 2 2
left_child=1 5 -2 4 12 6 17 8 10 -10 11 -5 13 24 -8 19 -4 27 25 -7 21 22 -6 -21 -3 -19 -25 -1 -24 -12
right_child=2 3 16 7 20 15 14 -9 9 -11 29 -13 -14 -15 -16 -17 -18 18 -20 23 -22 -23 28 26 -26 -27 -28 -29 -30 -31
leaf_value=-2.3309409832700569 4.8732989612064959 0.95310395743054777 -2.2153836321319367 -1.501181840413754 -1.4545297043751555 -2.7612833267039716 4.0985421918687326 -2.2031502187212748 4.865832571858574 -0.86781589498332135 -0.61483910402503494 3.8699985443456346 4.4725131028144229 -2.1726137367846619 -1.2981264415203282 0.96180859366561178 0.61797546238067147 -1.3833851969162925 4.0654547031252548 -2.6198495560333246 -2.0907327276979917 3.8636441598940396 4.9168651230204929 -2.1237328842342285 4.4111988668779798 2.16914163946868 -0.91803013993127103 -0.90688971181713574 0.34926883121455266 -2.0477954707711867
leaf_weight=306.81341890990734 252.48954018205404 8.9517903998494202 97.120794475078583 53.588115133345127 18.639344394207004 2727.1077630445361 10.913826651871206 37.15606152266264 33.109361752867699 24.893334947526455 23.91231682151556 42.919543012976646 97.856558069586754 6.3766178190708152 7.2350086793303481 9.4422994628548604 17.90358079969883 45.12683379650116 4.4145815670490256 344.33736222982407 13.856881029903887 6.7444996163249007 3.5561907067894918 256.90412174910307 13.979508295655249 4.2919543012976638 35.807161599397659 22.440789632499218 4.5372088328003883 78.113568283617496
leaf_count=2502 2059 73 792 437 152 22239 89 303 270 203 195 350 798 52 59 77 146 368 36 2808 113 55 29 2095 114 35 292 183 37 637
internal_value=-1.78972 -2.18841 2.79271 0.964749 2.76825 -2.57949 -1.8327 -0.106807 0.196822 2.40509 -0.448336 0.887526 3.88481 1.9225 1.94717 -2.66831 -1.77437 -2.01177 -0.653324 -2.6785 -0.231422 0.538183 -0.30081 -2.32412 3.06125 -1.07485 -1.97624 -2.23388 2.35624 -1.71195
internal_weight=0 4243.03 367.514 468.191 174.499 3774.84 401.236 293.692 256.536 58.0027 198.534 96.5077 127.164 29.3079 18.1488 3373.6 115.024 383.088 53.8334 3364.16 47.3341 33.4772 26.7327 637.049 22.9313 49.4188 292.711 329.254 8.0934 102.026
internal_count=37598 34601 2997 3818 1423 30783 3272 2395 2092 473 1619 787 1037 239 148 27511 938 3124 439 27434 386 273 218 5195 187 403 2387 2685 66 832
is_linear=0
shrinkage=1


Tree=36
num_leaves=31
num_cat=0
split_feature=1 36 46 8 46 35 35 35 35 14 35 46 9 0 49 35 9 38 14 1 38 6 49 38 35 49 4 6 6 9
split_gain=8269.02 6438.43 3481.88 1069.42 692.605 270.975 555.092 359.508 612.675 241.642 260.659 133.538 102.653 78.286 73.4212 109.19 69.9729 67.3814 63.0798 92.6715 59.4187 56.1571 45.5901 42.9869 40.2113 40.3154 34.8181 33.9301 32.7053 42.548
threshold=1.5767129858939295 3.5000000000000004 10.500000000000002 -0.46017495063667579 7.0000000000000009 3.9791818576149001 4.9767988934686258 1.9920083055123479 0.021662444967403577 -1.1008513637848429 4.9833386475289503 7.0000000000000009 1.4906560138589964 -0.59318604656549323 14.500000000000002 3.0242857737003104 0.26265528444570579 377.50000000000006 -2.535449313321108 -1.0000000180025095e-35 76.500000000000014 -0.79039603016483795 11.500000000000002 80.500000000000014 3.0022294741910618 11.500000000000002 0.54951974181279495 -0.10712599987421977 0.46343494937855484 1.438366478306347
decision_type=2 2 2 2 2 2 2 2 2 2 2 2 2 2 2 2 2 2 2 2 2 2 2 2 2 2 2 2 2 2
left_child=1 3 -2 4 -1 7 -7 8 -5 10 18 -12 -4 -8 15 17 -11 27 19 -3 -18 -20 -10 -22 25 -14 -9 -6 29 -25
right_child=2 9 12 5 14 6 13 26 22 16 11 -13 24 -15 -16 -17 20 -19 21 -21 23 -23 -24 28 -26 -27 -28 -29 -30 -31
leaf_value=4.8320355467952698 4.8403985184330871 -2.7832222427000088 -2.1492244949117838 -1.4703868343587185 0.61099361873379854 4.5425348802959675 4.3825855567743055 -2.0740610269349107 3.8275113855614395 -2.7861461923184114 4.2155596682775567 -1.1190285683003882 1.5498678565105948 -1.488865676499564 -1.8897461734754277 5.1980648947290096 -2.6920798788702238 2.3199025254771128 -2.2225986671945752 2.6774923955962886 -0.35055740475660579 -0.65032227646129237 -0.23846402496901753 -2.173892500643575 2.6496919636205596 -2.4248941339780066 -0.14473076773284466 -2.4973035056886204 -2.6575893337341685 -0.3620215004167
leaf_weight=117.47692058980465 251.63114932179451 5.7634814903140068 100.30910338461399 49.78666989505291 5.8861087560653695 38.137079648673534 2.4525453150272361 75.906277500092983 43.777933873236179 2292.1488514244556 10.178063057363035 8.7065358683466894 4.659836098551752 30.656816437840462 13.121117435395716 5.0277178958058348 608.35386539250612 8.3386540710926038 352.79864356666803 6.7444996163248998 11.894844777882097 24.280198618769646 2.9430543780326834 330.84836299717426 5.8861087560653678 5.640854224562645 10.668572120368479 8.7065358683466947 153.77459125220776 13.488999232649801
leaf_count=958 2052 47 818 406 48 311 20 619 357 18692 83 71 38 250 107 41 4961 68 2877 55 97 198 24 2698 48 46 87 71 1254 110
internal_value=-1.78972 -2.19347 2.74782 1.55783 3.59612 0.287102 1.94176 -0.356808 0.970421 -2.59904 -1.8722 1.75611 -1.77214 -1.05394 0.0617622 0.977602 -2.68609 0.0522594 -2.04807 0.161281 -2.48103 -2.12136 3.57139 -2.22929 0.56466 -0.626788 -1.83631 -1.24354 -2.27415 -2.10291
internal_weight=0 4231.87 368.127 412.886 158.557 254.329 71.2464 183.083 96.5077 3818.98 408.471 18.8846 116.496 33.1094 41.0801 27.959 3410.51 22.9313 389.587 12.508 1118.36 377.079 46.721 510.007 16.1868 10.3007 86.5748 14.5926 498.112 344.337
internal_count=37512 34510 3002 3367 1293 2074 581 1493 787 31143 3331 154 950 270 335 228 27812 187 3177 102 9120 3075 381 4159 132 84 706 119 4062 2808
is_linear=0
shrinkage=1


Tree=37
num_leaves=31
num_cat=0
split_feature=22 9 34 8 34 20 42 40 40 40 35 14 35 3 9 34 42 20 20 34 49 49 38 20 22 20 46 38 42 38
split_gain=8131.79 5154.53 3439.51 861.753 607.938 287.163 284.023 200.698 652.455 310.064 679.687 158.655 213.852 156.593 128.596 97.4811 90.0641 83.7243 72.0833 66.4666 64.5092 93.1928 77.1745 60.8237 67.1982 55.8975 54.1196 45.4238 49.0972 43.7567
threshold=-0.59203641594196876 1.20733357875903 0.97832031928938423 -0.46017495063667579 0.020233483296025694 0.86508433211280289 0.84375000000000011 0.41500000000000004 0.43500000000000005 0.13500000000000004 0.021662444967403577 -1.1008513637848429 4.0217238821888719 -0.215787839195865 1.20733357875903 0.012426962810402731 0.84375000000000011 1.6343327039563078 -0.0045024683656533131 1.0057607986244064 14.500000000000002 13.500000000000002 400.50000000000006 0.4353937815343098 -0.09480461123018806 1.2112700772369285 1.0000000180025095e-35 76.500000000000014 0.21875000000000003 78.500000000000014
decision_type=2 2 2 2 2 2 2 2 2 2 2 2 2 2 2 2 2 2 2 2 2 2 2 2 2 2 2 2 2 2
left_child=2 5 -1 4 6 11 23 9 19 10 -5 12 -2 17 -4 -14 25 -7 -13 -9 21 22 -6 24 -3 26 -15 -20 -29 -30
right_child=1 3 14 7 20 13 -8 8 -10 -11 -12 18 15 16 -16 -17 -18 -19 27 -21 -22 -23 -24 -25 -26 -27 -28 28 29 -31
leaf_value=4.7832134873392622 -2.1634715917403269 -1.8447112057888893 -2.1997860300333429 -1.5543117889723619 -1.5409657453133367 -2.1228385907607641 -1.8447112057888893 4.889171206109804 -1.2422436233499203 -1.769580512431564 3.7392895394434684 -2.7581377612763887 3.8980253704533925 4.1343961930489463 0.57370035632733396 -1.0151110134973074 -1.5570251435524944 1.9740768144429701 -2.6214162570406039 -0.51029047095391911 -1.9373793123746512 3.7673993895453184 2.0969462856054872 4.6430266018802584 3.4539761372536311 2.8788117317385669 -0.66766367652412506 1.9361475429101933 1.1206682049554892 -2.1471219404494208
leaf_weight=253.10267651081085 355.49644341319799 2.6977998465299633 99.082830727100372 57.75744216889143 17.65832626819611 92.338331110775471 8.0933995395898801 32.373598158359528 45.494715593755245 109.50614831596613 41.81589762121439 2704.0538370832801 8.4612813368439692 2.8204271122813287 20.110871583223343 7.7255177423357955 16.432053610682487 5.2729724273085585 298.22951030731201 2.4525453150272361 15.696290016174315 6.9897541478276244 8.7065358683466894 93.687231034040451 21.2145169749856 13.36637196689844 13.979508295655249 3.0656816437840453 4.1693270355463019 238.38740462064743
leaf_count=2064 2899 22 808 471 144 753 66 264 371 893 341 22051 69 23 164 63 134 43 2432 20 128 57 71 764 173 109 114 25 34 1944
internal_value=-1.78972 -2.17763 2.69737 0.966621 2.72015 -2.56537 3.88534 -0.0921845 1.25139 -0.608339 0.66874 -2.6205 -2.00161 -1.18154 -1.73183 1.55312 0.326649 -1.90152 -2.69133 4.50893 -0.265647 0.521051 -0.339609 4.27969 2.85618 1.35272 0.138522 -2.35914 -2.04069 -2.09095
internal_weight=0 4227.94 372.296 464.144 174.744 3763.8 125.693 289.4 80.3209 209.079 99.5733 3619.59 371.683 144.21 119.194 16.1868 46.5984 97.6113 3247.91 34.8261 49.0509 33.3546 26.3649 117.6 23.9123 30.1663 16.7999 543.852 245.622 242.557
internal_count=37514 34478 3036 3785 1425 30693 1025 2360 655 1705 812 29517 3031 1176 972 132 380 796 26486 284 400 272 215 959 195 246 137 4435 2003 1978
is_linear=0
shrinkage=1


Tree=38
num_leaves=31
num_cat=0
split_feature=10 36 46 8 34 35 35 40 35 14 35 34 20 49 0 35 9 34 38 35 38 14 14 10 6 9 35 35 0 46
split_gain=8283.98 6651.22 3538.39 1047.9 663.277 255.181 553.592 389.128 655.512 213.518 279.172 140.111 130.253 116.813 103.146 101.573 87.5148 76.403 62.1635 58.8477 57.0782 53.4196 52.4654 85.4908 54.8709 47.7558 38.7144 38.2786 49.6198 42.9407
threshold=1.5558804064814382 3.5000000000000004 10.500000000000002 -0.46017495063667579 0.97293110533848381 3.9791818576149001 4.9767988934686258 0.20500000000000004 0.021662444967403577 -1.1008513637848429 4.0217238821888719 0.012426962810402731 3.0378547062252426 14.500000000000002 -0.59428276833821314 3.0242857737003104 0.14419241178071365 1.0094107126578027 76.500000000000014 3.0010411422024923 310.50000000000006 0.9339492431873897 -2.535449313321108 0.095874528290207969 -0.79039603016483795 1.4973996768058531 4.9998896849899142 4.009985794519678 -0.59234682296023755 2.5000000000000004
decision_type=2 2 2 2 2 2 2 2 2 2 2 2 2 2 2 2 2 2 2 2 2 2 2 2 2 2 2 2 2 2
left_child=1 3 -2 4 -1 7 17 8 -5 10 22 -12 -4 15 -8 20 -11 -7 -18 -14 -6 25 23 -3 -24 27 -21 -20 -29 -30
right_child=2 9 12 5 13 6 14 -9 -10 16 11 -13 19 -15 -16 -17 18 -19 21 26 -22 -23 24 -25 -26 -27 -28 28 29 -31
leaf_value=4.8412926843738262 4.8831926185881418 -2.5275288332629238 -2.1810286267635566 -1.4777735142200794 -0.9995780737267419 4.8458645162103675 5.1980648947290096 -1.8049215103057374 3.724807057711605 -2.7970624795622152 4.1107591107894024 -1.1935299162673196 -0.72489029673147298 -2.1131291696924754 -1.5385035492446328 5.1980648947290096 -2.6703535811606987 -0.91803013993127103 -2.1877331907580007 4.5707730963023145 2.2146039022117994 -2.7273959993717125 -2.2726868911090596 2.5885310132739563 -0.75060080725941147 0.3793233522693944 -0.2384640249690182 3.1593665498422498 0.11141159857590499 -2.0898803696693302
leaf_weight=117.72217512130737 250.89538572728634 6.9897541478276235 100.55435791611671 48.683024503290653 12.26272657513619 36.910806991159916 2.4525453150272361 86.820104151964188 48.192515440285206 2198.3389931246638 11.036453917622568 9.0744176656007749 11.649590246379377 14.224762827157972 31.024698235094547 5.6408542245626441 652.99019012600183 2.4525453150272361 348.50668926537037 4.7824633643031111 10.05543579161167 148.25636429339647 353.77966169267893 6.1313632875680923 25.383844010531902 8.0933995395898801 2.5751725807785988 2.4525453150272361 12.385353840887545 31.147325500845909
leaf_count=960 2046 57 820 397 100 301 20 708 393 17927 90 74 95 116 253 46 5325 20 2842 39 82 1209 2885 50 207 66 21 20 101 254
internal_value=-1.78972 -2.18174 2.74974 1.61293 3.62214 0.360542 1.94438 -0.267498 1.11035 -2.59601 -1.91646 1.71736 -1.72724 0.219848 -1.04498 1.4068 -2.67838 4.48674 -2.46164 0.67347 0.44857 -2.21423 -2.10276 -0.136847 -2.17079 -2.02525 2.88754 -2.07458 -1.21704 -1.4636
internal_weight=0 4231.01 370.457 416.442 159.906 256.536 72.8406 183.696 96.8755 3814.57 412.395 20.1109 119.562 42.1838 33.4772 27.959 3402.17 39.3634 1203.83 19.0072 22.3182 550.842 392.285 13.1211 379.164 402.585 7.35764 394.492 45.9852 43.5327
internal_count=37524 34503 3021 3396 1304 2092 594 1498 790 31107 3363 164 975 344 273 228 27744 321 9817 155 182 4492 3199 107 3092 3283 60 3217 375 355
is_linear=0
shrinkage=1


Tree=39
num_leaves=31
num_cat=0
split_feature=10 36 34 8 34 40 40 40 40 14 40 34 49 9 40 0 9 38 6 14 10 34 6 14 9 38 40 1 49 38
split_gain=8266.25 6517.62 3602.85 1066.92 736.703 274.745 592.231 426.382 648.161 214.243 276.753 165.342 112.732 106.798 99.8585 94.067 92.0407 68.1656 64.4623 59.0994 86.9253 57.4835 44.3414 43.2474 48.2309 36.3958 36.1499 34.5007 31.5936 31.1522
threshold=1.5558804064814382 3.5000000000000004 0.97832031928938423 -0.46017495063667579 0.98353832436962929 0.38500000000000006 0.48000000000000004 0.20500000000000004 0.080000000000000016 -1.1008513637848429 0.53500000000000014 0.012426962810402731 14.500000000000002 1.5107152646468711 0.38500000000000006 -0.59944417186536914 0.22308993566552213 76.500000000000014 -0.12011457448581979 -2.535449313321108 0.095874528290207969 1.0049791171386804 -0.79039603016483795 0.9339492431873897 1.4973996768058531 479.50000000000006 0.41500000000000004 0.74087783259448159 14.500000000000002 80.500000000000014
decision_type=2 2 2 2 2 2 2 2 2 2 2 2 2 2 2 2 2 2 2 2 2 2 2 2 2 2 2 2 2 2
left_child=1 3 -2 4 -1 7 21 8 -5 10 19 -12 14 -4 18 -8 -11 -18 -6 20 -3 -7 -21 24 29 -22 -15 -20 -28 -19
right_child=2 9 13 5 12 6 15 -9 -10 16 11 -13 -14 26 -16 -17 17 23 27 22 25 -23 -24 -25 -26 -27 28 -29 -30 -31
leaf_value=4.8537327334916984 4.8838070035171963 -2.5198645537708684 -2.1364802618460481 -1.4627205374201 2.4021357360271653 4.89805577374233 4.7903252257516584 -1.9359615805631862 3.7539869004342212 -2.7973327183977332 4.2919767414460033 -1.3884989887512926 -2.2714517302342463 -0.53233045306080284 5.1980648947290096 -1.6467215162160971 -2.6744097327207004 -0.5259727659145863 -1.9256626552201295 -2.2712613094618717 4.6544120027592051 -0.10255080197656685 -0.91803013993127103 -2.6544387302313739 0.35246303151989844 -0.12027861367123505 4.8718731595471283 2.0070587896888634 0.23427762022211462 -2.1162854936606323
leaf_weight=119.07107504457235 251.38589479029179 6.8671268820762617 104.84631221741438 48.192515440285206 8.5839086025953311 36.665552459657192 2.4525453150272361 88.169004075229168 47.088870048522949 2264.802971161902 11.036453917622568 9.5649267286062223 14.592644624412058 9.0744176656007749 5.0277178958058348 30.5341891720891 616.32463766634464 12.75323563814163 10.668572120368482 353.04389809817076 3.6788179725408554 2.4525453150272361 25.996980339288712 142.24762827157974 8.4612813368439657 2.8204271122813225 3.0656816437840453 2.8204271122813216 2.8204271122813225 360.52416130900383
leaf_count=971 2050 56 855 393 70 299 20 719 384 18469 90 78 119 74 41 249 5026 104 87 2879 30 20 212 1160 69 23 25 23 23 2940
internal_value=-1.78972 -2.1885 2.73304 1.56864 3.58701 0.298928 1.95279 -0.351119 1.11542 -2.59818 -1.91801 1.65461 -0.0305967 -1.77983 1.17602 -1.16813 -2.68067 -2.44897 0.259884 -2.10557 -0.0389584 4.58454 -2.17845 -2.18381 -2.00844 2.58238 0.719613 -1.10337 2.64969 -2.06195
internal_weight=0 4234.44 371.193 416.32 160.764 255.555 72.1048 183.45 95.2814 3818.12 413.009 20.6014 41.6933 119.807 27.1006 32.9867 3405.11 1140.31 22.0729 392.407 13.3664 39.1181 379.041 523.986 381.739 6.49925 14.9605 13.489 5.88611 373.277
internal_count=37558 34531 3027 3395 1311 2084 588 1496 777 31136 3368 168 340 977 221 269 27768 9299 180 3200 109 319 3091 4273 3113 53 122 110 48 3044
is_linear=0
shrinkage=1


Tree=40
num_leaves=31
num_cat=0
split_feature=1 36 34 8 34 35 35 35 35 14 35 34 9 0 34 20 38 34 6 1 38 6 6 34 35 38 40 40 35 35
split_gain=8344.12 6612.28 3476.97 1058.73 699.108 272.563 556.354 338.814 635.083 242.814 279.148 138.902 123.084 101.181 84.2747 81.0768 80.2318 68.3525 63.1259 94.7095 60.6272 55.784 54.1303 44.1966 44.0506 37.6385 37.227 39.1681 40.3013 55.2466
threshold=1.5767129858939295 3.5000000000000004 0.97293110533848381 -0.46017495063667579 0.98353832436962929 3.9791818576149001 4.9767988934686258 1.9920083055123479 0.021662444967403577 -1.1008513637848429 4.0217238821888719 0.012426962810402731 1.20733357875903 -0.60371441354094812 1.0221258843581886 1.0000000180025095e-35 76.500000000000014 1.0082528418829955 -1.1961339953951045 -1.0000000180025095e-35 76.500000000000014 1.3050919796108036 -0.79039603016483795 1.0107844801911792 0.97105081045828856 479.50000000000006 0.115 0.13500000000000004 3.0022294741910618 4.9879704741661453
decision_type=2 2 2 2 2 2 2 2 2 2 2 2 2 2 2 2 2 2 2 2 2 2 2 2 2 2 2 2 2 2
left_child=1 3 -2 4 -1 7 17 8 -5 10 18 -12 -4 -8 16 -11 -6 -7 19 -3 -17 24 -20 -10 -18 -21 -14 -28 -29 -30
right_child=2 9 12 5 14 6 13 -9 23 15 11 -13 26 -15 -16 20 21 -19 22 25 -22 -23 -24 -25 -26 -27 27 28 29 -31
leaf_value=4.8900139381039374 4.8436798613348842 -2.7794503678713562 -2.2022292240994839 -1.4976600615167226 -1.203009478463829 4.9467185234416018 5.1980648947290096 -1.7329376129925989 3.8501651625724738 -2.7575904620627156 4.1901690837737551 -1.144552178252022 -2.2371878925050566 -1.4740387794458421 -2.352669715962695 -2.6455188759396742 -0.62678751923316489 -0.51029047095391911 -2.2213434124925731 4.92623844874411 -2.0411943443716916 -2.2153836321319367 -0.65118480683090985 -0.51029047095391911 3.3115082173711126 0.0086509259263467531 4.257127197088959 -1.5176473001920829 4.4567200420429138 -0.85226567719298874
leaf_weight=116.86378426104784 253.96106737107038 5.640854224562645 96.752912677824497 50.031924426555634 11.40433571487665 35.807161599397659 2.4525453150272361 87.433240480720997 44.51369746774435 2736.7953170388937 10.913826651871206 8.8291631340980512 4.1693270355463055 31.024698235094547 9.9328085258603078 363.09933388978243 3.4335634410381379 2.4525453150272361 350.83660731464624 3.6788179725408536 305.83240078389645 2.6977998465299597 23.421807758510113 2.4525453150272361 16.432053610682487 2.6977998465299606 3.1883089095354107 6.2539905533194524 4.0466997697949409 3.8014452382922173
leaf_count=953 2071 46 789 408 93 292 20 713 363 22318 89 72 34 253 81 2961 28 20 2861 30 2494 22 191 20 134 22 26 51 33 31
internal_value=-1.78972 -2.1806 2.75834 1.60036 3.61189 0.33798 1.99191 -0.305336 0.98149 -2.59416 -1.86318 1.80446 -1.72167 -0.98524 0.209518 -2.68131 0.95875 4.59691 -2.05064 0.205334 -2.36922 2.05138 -2.12308 3.62247 2.63082 2.84572 0.444985 1.09175 0.3761 1.88518
internal_weight=0 4228.68 372.174 416.933 160.764 256.168 71.737 184.431 96.9982 3811.75 406.019 19.743 118.213 33.4772 43.9006 3405.73 33.9678 38.2597 386.276 12.0175 668.932 22.5634 374.258 46.9662 19.8656 6.37662 21.4598 17.2904 14.1021 7.84815
internal_count=37519 34484 3035 3400 1311 2089 585 1504 791 31084 3311 161 964 273 358 27773 277 312 3150 98 5455 184 3052 383 162 52 175 141 115 64
is_linear=0
shrinkage=1


Tree=41
num_leaves=31
num_cat=0
split_feature=10 36 34 8 34 35 35 40 35 14 35 34 0 20 34 9 38 38 34 38 14 10 6 35 6 35 4 9 35 35
split_gain=8439.28 6652.19 3571.68 1087.69 664.145 240.114 574.039 424.939 659.663 192.232 291.477 159.316 120.924 104.542 83.0629 78.3638 70.2851 61.5569 56.5938 51.6399 48.8292 90.1173 53.2896 48.6575 47.5587 41.1413 41.1403 32.5177 30.4249 39.2682
threshold=1.5558804064814382 3.5000000000000004 0.97832031928938423 -0.46017495063667579 0.98353832436962929 3.9791818576149001 4.9767988934686258 0.20500000000000004 0.021662444967403577 -1.1008513637848429 4.0217238821888719 0.012426962810402731 -0.60371441354094812 3.0378547062252426 1.0120985102739253 0.14419241178071365 47.500000000000007 76.500000000000014 1.0076758257251435 80.500000000000014 -2.535449313321108 0.095874528290207969 -0.79039603016483795 3.0010411422024923 1.5007394701121848 4.9879704741661453 0.51562021838130367 1.0002313641118341 3.9997245898215072 1.9974466178377186
decision_type=2 2 2 2 2 2 2 2 2 2 2 2 2 2 2 2 2 2 2 2 2 2 2 2 2 2 2 2 2 2
left_child=1 3 -2 4 -1 7 18 8 -5 10 20 -12 -8 -4 16 -11 -6 -17 -7 -19 21 -3 -22 -15 28 -25 -9 -21 29 -18
right_child=2 9 13 5 14 6 12 26 -10 15 11 -13 -14 23 -16 17 24 19 -20 27 22 -23 -24 25 -26 -27 -28 -29 -30 -31
leaf_value=4.8906590709973941 4.8835116303298953 -2.562141708388336 -2.190641591312994 -1.3908454668002703 -1.3487410578650938 4.8629363996791319 5.1980648947290096 -2.1465617158402308 3.8424628783887225 -2.795409856354234 4.1570274420208744 -1.3257698089086232 -1.6343295584049977 -0.91803013993127136 -2.1981430541624927 -2.686327880063474 3.1289382163364725 -0.26410802930721577 -0.10255080197656685 -2.4037049157049233 -2.3257695747774245 2.6496919636205587 -0.8619191763105345 4.4785243024160355 -2.141249146863327 -0.34719460336297869 -0.089108834867423381 -1.7930669576242402 4.4889524269423102 -0.29755673061790922
leaf_weight=117.10903879255056 254.32894916832447 7.6028904765844327 99.205457992851734 49.173533566296101 8.7065358683466929 35.807161599397659 2.8204271122813216 75.293141171336174 47.211497314274311 2194.4149206206203 11.526962980628015 9.810181260108946 31.760461829602718 10.791199386119844 10.545944854617117 654.58434458076954 8.2160268053412491 12.998490169644354 2.4525453150272361 433.97789349406958 356.60008880496025 5.8861087560653687 26.732743933796883 4.1693270355463019 2.4525453150272361 3.0656816437840462 11.159081183373926 109.13826651871204 5.6408542245626441 5.6408542245626441
leaf_count=955 2074 62 809 401 71 292 23 614 385 17895 94 80 259 88 86 5338 67 106 20 3539 2908 48 218 34 20 25 91 890 46 46
internal_value=-1.78972 -2.19185 2.77854 1.61585 3.67575 0.340389 1.87574 -0.27128 1.17254 -2.60415 -1.96428 1.6362 -1.07708 -1.7881 0.22267 -2.68273 1.05543 -2.47849 4.54464 -2.23386 -2.15788 -0.287887 -2.22368 0.427233 2.00904 2.43373 -1.88099 -2.281 2.53109 1.73408
internal_weight=0 4237.26 371.561 413.99 158.312 255.678 72.8406 182.837 96.385 3823.27 418.159 21.3371 34.5809 117.232 41.2028 3405.11 30.6568 1210.7 38.2597 556.115 396.822 13.489 383.333 18.0262 21.9503 7.23501 86.4522 543.116 19.4977 13.8569
internal_count=37584 34554 3030 3376 1291 2085 594 1491 786 31178 3410 174 282 956 336 27768 250 9873 312 4535 3236 110 3126 147 179 59 705 4429 159 113
is_linear=0
shrinkage=1


Tree=42
num_leaves=31
num_cat=0
split_feature=1 36 46 8 46 35 35 35 35 6 35 9 46 9 0 46 38 38 20 6 9 6 35 6 6 7 31 35 35 35
split_gain=8312.91 6403.33 3439.15 1094.05 674.314 273.627 528.146 400.619 608.181 206.846 230.51 141.966 141.211 83.0849 76.1848 72.8039 65.7411 59.6562 50.6058 42.3505 42.1533 39.4368 38.5703 36.1926 35.0265 72.2967 34.5182 30.9359 64.0314 64.6461
threshold=1.5767129858939295 3.5000000000000004 10.500000000000002 -0.46017495063667579 7.0000000000000009 3.9791818576149001 4.9767988934686258 1.0283748395157792 0.021662444967403577 -0.76586299214389519 4.0217238821888719 1.20733357875903 7.0000000000000009 0.14419241178071365 -0.59774684379245457 17.000000000000004 76.500000000000014 76.500000000000014 1.0782049407445249 0.65456739406222852 1.438366478306347 -0.79039603016483795 0.98315651167700135 1.1857243389194776 -1.1961339953951045 -1.2089240707052638 -0.5471014903804845 1.9962414412628025 3.0022294741910618 4.9879704741661453
decision_type=2 2 2 2 2 2 2 2 2 2 2 2 2 2 2 2 2 2 2 2 2 2 2 2 2 2 2 2 2 2
left_child=1 3 -2 4 23 7 -7 8 -5 10 18 -4 -12 -11 -8 16 -6 -15 21 20 -19 24 -13 -1 25 -3 -16 -24 -29 -30
right_child=2 9 11 5 15 6 14 -9 -10 13 12 22 -14 17 26 -17 -18 19 -20 -21 -22 -23 27 -25 -26 -27 -28 28 29 -31
leaf_value=4.9274025876990759 4.8342234830324387 -2.7832222427000088 -2.1839550473547207 -1.3548940709784341 -1.1445521782520225 4.5074309277315407 4.3825855567743055 -1.8511793152418552 3.7897161773699106 -2.7875933913347808 3.9508612013865192 -2.3742432434218133 -1.484335235733149 -2.6661378998379037 2.0914769406158458 -2.4057289321459341 1.8961240171210054 -2.117264460452895 -0.44326477194394331 -2.6806372143296509 -0.33554489853505376 -0.92837886249414803 3.7153751893568159 1.5737122815969915 -2.3043450144542681 2.5532670419029428 -1.7353056878814701 -2.0506403315350266 4.7688652431739005 -1.0748530895379451
leaf_weight=114.53386621177197 252.85742197930813 5.7634814903140068 98.347067132592201 48.069888174533844 11.036453917622568 37.646570585668087 2.4525453150272361 91.357312984764576 44.023188404738903 2175.7755762264132 10.423317588865759 3.4335634410381344 8.8291631340980512 657.2821444272995 2.5751725807786014 9.0744176656007749 19.988244317471981 400.25539541244507 17.90358079969883 148.5016188248992 13.734253764152525 24.157571353018284 4.0466997697949436 3.310936175286769 340.29066246002913 4.5372088328003866 27.836389325559139 5.5182269588112813 4.6598360985517502 3.188308909535408
leaf_count=934 2062 47 802 392 90 307 20 745 359 17743 85 28 72 5360 21 74 163 3264 146 1211 112 197 33 27 2775 37 227 45 38 26
internal_value=-1.78972 -2.1841 2.74679 1.5613 3.62789 0.276051 1.95033 -0.367473 1.10438 -2.58929 -1.92008 -1.68149 1.45829 -2.67047 -0.978887 0.0857327 0.814461 -2.46155 -2.08573 -2.22249 -2.05816 -2.1642 0.688944 4.83318 -2.24935 -0.432626 -1.41126 1.29295 0.559559 2.39485
internal_weight=0 4219.36 372.051 411.905 157.944 253.961 70.5107 183.45 92.0931 3807.45 411.905 119.194 19.2525 3395.55 32.8641 40.0991 31.0247 1219.77 392.653 562.491 413.99 374.749 20.8466 117.845 350.591 10.3007 30.4116 17.4131 13.3664 7.84815
internal_count=37442 34408 3034 3359 1288 2071 575 1496 751 31049 3359 972 157 27690 268 327 253 9947 3202 4587 3376 3056 170 961 2859 84 248 142 109 64
is_linear=0
shrinkage=1


Tree=43
num_leaves=31
num_cat=0
split_feature=1 36 34 8 34 35 35 40 35 14 35 34 9 0 20 14 10 34 6 35 38 38 6 34 35 10 35 38 6 12
split_gain=8311.77 6354.24 3453.95 1017.23 723.624 254.149 561.868 351.298 614.351 235.777 306.381 134.272 113.146 84.2637 82.4043 68.8815 93.749 65.6885 64.4956 64.4577 53.8011 49.7932 48.8553 48.5699 45.1526 44.7407 43.7466 35.386 35.314 33.189
threshold=1.5767129858939295 3.5000000000000004 0.97832031928938423 -0.46017495063667579 0.98648807812311834 3.9791818576149001 4.9767988934686258 0.20500000000000004 0.021662444967403577 -1.1008513637848429 4.0217238821888719 0.012426962810402731 1.20733357875903 -0.59428276833821314 1.0000000180025095e-35 -2.535449313321108 -1.0000000180025095e-35 1.0043036859985259 1.0599593668640441 0.97105081045828856 76.500000000000014 47.500000000000007 -0.79039603016483795 1.0076758257251435 3.9882573290859553 1.5558804064814382 4.9879704741661453 479.50000000000006 1.1857243389194776 -0.31754989214260126
decision_type=2 2 2 2 2 2 2 2 2 2 2 2 2 2 2 2 2 2 2 2 2 2 2 2 2 2 2 2 2 2
left_child=1 3 25 4 28 7 23 8 -5 10 15 -12 -4 -8 -11 16 -3 18 19 -6 -16 -21 -17 -7 -14 -2 -26 -18 -1 -15
right_child=2 9 12 5 17 6 13 -9 -10 14 11 -13 24 29 20 22 27 -19 -20 21 -22 -23 -24 -25 26 -27 -28 -29 -30 -31
leaf_value=4.9566400907292625 1.7644676822881502 -2.7794503678713562 -2.1658983963732932 -1.4161503904451647 -1.8837293559302626 4.9099096516354752 4.4214179062007197 -1.7380652283773421 3.7093151496890866 -2.7511116388713566 4.2230352515222958 -1.0041723235180355 -0.61665734112192427 0.16128074853818952 -2.621220154683658 -2.2406011939379891 4.6883903085073211 -2.0124892513967949 -2.3877894118263772 -0.43262577210109088 -2.0517254670479406 3.1762152964942065 -0.8107302270424942 0.30518886700078518 4.6883903085073193 4.8920084518423064 -0.47483484756458449 0.1013190325121085 1.1206682049554892 -2.1822509012856308
leaf_weight=111.836066365242 4.6598360985517493 5.640854224562645 97.366049006581306 48.683024503290653 4.6598360985517564 34.703516207635403 2.5751725807785979 87.801122277975082 45.004206530749798 2733.2391263321042 11.281708449125292 8.7065358683466894 14.102135561406614 8.3386540710926074 360.64678857475519 353.28915262967348 3.9240725040435773 11.649590246379374 5.2729724273085585 5.1503451615572002 307.18130070716143 14.837899155914782 25.629098542034626 2.4525453150272361 3.9240725040435782 248.32021314650774 2.8204271122813225 2.9430543780326843 2.4525453150272361 21.950280569493771
leaf_count=912 38 46 794 397 38 283 21 716 367 22289 92 71 115 68 2941 2881 32 95 43 42 2505 121 209 20 32 2025 23 24 20 179
internal_value=-1.78972 -2.18656 2.7492 1.56744 3.57481 0.323479 1.94186 -0.300911 1.04595 -2.58768 -1.87266 1.94615 -1.71321 -1.07017 -2.67417 -2.06767 0.24123 0.00209035 0.786455 1.46552 -2.35927 2.24633 -2.14389 4.60597 0.401128 4.8344 2.52922 2.7225 4.87432 -1.53707
internal_weight=0 4219.85 371.193 407.368 155.859 251.509 70.0202 181.488 93.6872 3812.48 411.414 19.9882 118.213 32.8641 3401.07 391.426 12.508 41.5706 29.9211 24.6481 667.828 19.9882 378.918 37.1561 20.8466 252.98 6.7445 6.86713 114.289 30.2889
internal_count=37439 34412 3027 3322 1271 2051 571 1480 764 31090 3355 163 964 268 27735 3192 102 339 244 201 5446 163 3090 303 170 2063 55 56 932 247
is_linear=0
shrinkage=1


Tree=44
num_leaves=31
num_cat=0
split_feature=10 36 34 2 34 35 35 40 35 41 35 34 9 49 35 34 9 40 35 38 20 7 15 2 35 32 41 9 38 34
split_gain=8359.91 6604.4 3590.11 913.788 648.569 235.414 514.111 393.662 642.435 178.28 304.421 259.233 128.756 104.552 141.064 87.3199 68.8385 67.2362 93.7933 51.4457 50.6037 81.0457 50.2908 118.04 46.2534 45.1248 42.8265 42.1215 39.4854 32.3659
threshold=1.5558804064814382 3.5000000000000004 0.97832031928938423 -0.56666727637951553 0.97293110533848381 3.9791818576149001 4.9833386475289503 0.20500000000000004 0.021662444967403577 1.0000000180025095e-35 4.991648342291179 0.012426962810402731 1.5107152646468711 14.500000000000002 3.0242857737003104 1.009919008271335 0.14419241178071365 0.20500000000000004 0.97105081045828856 76.500000000000014 0.41986974118025072 -0.9365405601140423 0.79798305897783728 -0.78888807744659928 3.9882573290859553 1.3155052043664803 0.35000000000000003 1.4906560138589964 87.500000000000014 1.0107844801911792
decision_type=2 2 2 2 2 2 2 2 2 2 2 2 2 2 2 2 2 2 2 2 2 2 2 2 2 2 2 2 2 2
left_child=1 3 -2 4 22 7 15 8 -5 10 20 -12 -4 14 17 -7 -11 18 -6 -18 -3 -22 -1 -24 -14 -8 27 28 -21 -10
right_child=2 9 12 5 13 6 25 -9 29 16 11 -13 24 -15 -16 -17 19 -19 -20 26 21 -23 23 -25 -26 -27 -28 -29 -30 -31
leaf_value=4.8056393917226377 4.8935454523307929 -2.3883027789123159 -2.1047351466564002 -1.3621030467382882 -1.1839473153512841 4.8498174906202394 -2.3600362863145889 -1.848543860123308 4.0397135624069875 -2.8042564734996005 4.1250657658412404 -1.6752609537463534 -0.43833641172262161 -2.0209325232306661 5.1980648947290096 -1.3257698089086232 -2.6831301639935043 -1.4950202375407315 4.4139501466956403 -0.5429096444721071 3.0234533268497992 -1.771438749418752 4.6335022761449824 -0.38947871718285176 3.2009726385134081 0.10131903251210916 -2.6604060509682115 -0.15077807465130744 -2.189138604027681 0.30518886700078518
leaf_weight=104.47843042016029 252.85742197930813 543.60666907578707 106.80834846943617 49.541415363550186 5.6408542245626503 34.458261676132679 15.083153687417509 83.01865891367197 43.16479754447937 2033.1600661575794 13.979508295655252 17.167817205190659 8.3386540710926038 14.960526421666144 6.8671268820762625 2.4525453150272361 639.62381815910339 12.998490169644354 6.376617819070816 15.328408218920229 3.6788179725408545 84.367558836936951 15.941544547677042 6.6218723505735388 6.0087360218167296 14.71527189016342 168.7351176738739 11.40433571487665 294.42806506901979 2.4525453150272361
leaf_count=852 2062 4433 871 404 46 281 123 677 352 16580 114 140 68 122 56 20 5216 106 52 125 30 688 130 54 49 120 1376 93 2401 20
internal_value=-1.78972 -2.18274 2.74895 1.58751 3.34052 0.342757 1.94514 -0.257172 1.13118 -2.59547 -2.1239 0.928035 -1.72691 0.160025 1.1834 4.43948 -2.69429 0.0813318 1.78637 -2.49636 -2.27439 -1.5711 4.51325 3.15937 1.08582 -1.14455 -2.2525 -2.03819 -2.10767 3.83893
internal_weight=0 4244.25 374.013 418.772 173.885 244.887 66.7092 178.177 95.1588 3825.48 662.8 31.1473 121.156 46.8436 31.8831 36.9108 3162.68 25.016 12.0175 1129.52 631.653 88.0464 127.042 22.5634 14.3474 29.7984 489.896 321.161 309.756 45.6173
internal_count=37661 34611 3050 3415 1418 1997 544 1453 776 31196 5405 254 988 382 260 301 25791 204 98 9211 5151 718 1036 184 117 243 3995 2619 2526 372
is_linear=0
shrinkage=1


Tree=45
num_leaves=31
num_cat=0
split_feature=10 36 34 8 34 35 35 35 35 14 35 34 20 0 49 35 20 34 14 1 6 49 6 33 35 35 1 25 9 4
split_gain=8470.67 6545.9 3478.43 1060.33 723.692 259.383 556.412 382.993 650.104 225.63 302.854 169.721 132.934 112.858 105.299 92.089 84.5931 68.1289 67.9341 86.4281 65.4075 64.8148 45.9485 45.2268 44.2077 51.1127 32.8757 26.6061 26.5258 26.1323
threshold=1.5558804064814382 3.5000000000000004 0.97293110533848381 -0.46017495063667579 0.98353832436962929 3.9791818576149001 4.9767988934686258 1.9934007713761501 0.021662444967403577 -1.1008513637848429 4.0217238821888719 0.012426962810402731 3.0378547062252426 -0.60371441354094812 14.500000000000002 3.0242857737003104 1.0000000180025095e-35 1.0057607986244064 -2.535449313321108 0.074863442002516392 -0.12011457448581979 11.500000000000002 -0.79039603016483795 -0.10334319606862973 3.0010411422024923 4.9998896849899142 0.74087783259448159 -0.5139511253020993 1.438366478306347 0.51562021838130367
decision_type=2 2 2 2 2 2 2 2 2 2 2 2 2 2 2 2 2 2 2 2 2 2 2 2 2 2 2 2 2 2
left_child=1 3 -2 4 -1 7 17 8 -5 10 18 -12 -4 -8 15 20 -11 -7 19 -3 -6 -10 27 -24 -14 -26 -22 -20 -18 -9
right_child=2 9 12 5 14 6 13 29 21 16 11 -13 24 -15 -16 -17 28 -19 22 -21 26 -23 23 -25 25 -27 -28 -29 -30 -31
leaf_value=4.8614377170387293 4.8829037979349206 -2.7713922716465076 -2.1473197126545531 -1.5521753834564587 2.443067131368521 4.9414455226453615 5.1980648947290096 -2.0462418453540412 3.9417859146366276 -2.7552666341286534 4.4088913418696158 -1.2452286397279115 -0.543575341890846 -1.5440871119831108 -2.0877750919154776 5.1980648947290096 -2.3959054678729164 -0.51029047095391911 -2.6421273189065717 2.576881308446032 -1.8319293979839566 -1.1033663531027949 -2.0053359238708763 0.6988685473927112 4.5707730963023145 -0.54049340939668622 2.0070587896888634 -2.0626957886037203 -1.2597772613284737 -0.39117551147738916
leaf_weight=118.82582051306963 253.83844010531902 5.3955996930599195 98.837576195597649 47.702006377279758 9.0744176656007784 35.071398004889488 2.6977998465299597 75.783650234341621 45.372088328003883 2720.1180088967085 11.404335714876654 9.9328085258603078 12.017472043633463 31.147325500845909 14.960526421666144 4.7824633643031111 656.17849903553724 2.4525453150272361 120.78785676509142 6.8671268820762634 10.668572120368482 2.6977998465299597 14.715271890163423 10.668572120368479 4.7824633643031103 3.3109361752867699 2.8204271122813216 230.41663234680891 21.2145169749856 10.913826651871203
leaf_count=969 2070 44 806 389 74 286 22 618 370 22182 93 81 98 254 122 39 5351 20 985 56 87 22 120 87 39 27 23 1879 173 89
internal_value=-1.78972 -2.18092 2.79186 1.59058 3.5969 0.317007 1.93335 -0.315189 1.06324 -2.59194 -1.89136 1.7768 -1.67046 -1.00667 0.045181 1.21209 -2.67652 4.58512 -2.09264 0.223641 0.367236 3.65864 -2.16807 -0.868786 0.673149 2.4798 -1.02923 -2.26198 -2.36032 -1.8379
internal_weight=0 4222.67 372.787 414.971 161.132 253.838 71.3691 182.469 95.7719 3807.7 410.188 21.3371 118.948 33.8451 42.3064 27.3459 3397.51 37.5239 388.851 12.2627 22.5634 48.0699 376.588 25.3838 20.1109 8.0934 13.489 351.204 677.393 86.6975
internal_count=37475 34435 3040 3384 1314 2070 582 1488 781 31051 3345 174 970 276 345 223 27706 306 3171 100 184 392 3071 207 164 66 110 2864 5524 707
is_linear=0
shrinkage=1


Tree=46
num_leaves=31
num_cat=0
split_feature=10 36 34 8 34 35 35 35 35 14 35 34 9 49 35 9 6 6 35 6 35 6 10 6 34 35 1 34 32 34
split_gain=8419.17 6589.48 3513.16 959.54 753.216 275.635 568.156 419.3 594.379 199.447 251.203 134.754 128.218 102.7 119.601 84.2883 71.4217 58.9938 46.2036 44.478 63.0335 43.3603 71.9814 45.9536 39.7699 35.5802 30.5002 29.6624 28.048 27.2628
threshold=1.5558804064814382 3.5000000000000004 0.97832031928938423 -0.46017495063667579 0.98353832436962929 3.9791818576149001 4.9833386475289503 1.0283748395157792 0.021662444967403577 -1.1008513637848429 4.0217238821888719 0.012426962810402731 1.20733357875903 14.500000000000002 3.0242857737003104 0.14419241178071365 -0.12011457448581979 -0.62582628441099386 3.0010411422024923 -0.12680684577949455 4.0119737114750356 -1.1961339953951045 0.095874528290207969 -0.79039603016483795 1.0057607986244064 4.9879704741661453 0.74087783259448159 1.0074056550133761 0.72448956871024983 0.99831166989629339
decision_type=2 2 2 2 2 2 2 2 2 2 2 2 2 2 2 2 2 2 2 2 2 2 2 2 2 2 2 2 2 2
left_child=1 3 -2 4 -1 7 24 8 -5 10 21 -12 -4 14 16 -11 -6 -8 -14 20 -17 22 -3 -23 -7 -20 -18 -10 -25 -22
right_child=2 9 12 5 13 6 17 -9 27 15 11 -13 18 -15 -16 19 26 -19 25 -21 29 23 -24 28 -26 -27 -28 -29 -30 -31
leaf_value=4.8687533661181828 4.8635294520352357 -2.4038611370521306 -2.2435716493443358 -1.3257698089086232 2.3266587751701908 4.8718731595471283 3.1593665498422436 -1.8143787880992364 3.875665968315976 -2.8005378858146104 4.1041291974726981 -1.1563195568660873 -0.5815459470858837 -2.1965358816399174 5.1980648947290096 -2.3525121217104497 -2.0124892513967949 -1.544643051130232 4.4785243024160355 -2.63636675587458 -0.37715098720621221 -2.2771623698557777 2.3616150235822118 -1.5206642418789298 0.71292853597813721 -0.12027861367123505 1.6525025557955138 0.30518886700078518 0.82942558425738078 -2.0071977488433759
leaf_weight=115.3922570720315 254.08369463682175 7.2350086793303472 96.752912677824497 46.598360985517502 8.7065358683466929 36.788179725408554 2.943054378032687 88.414258606731892 45.372088328003883 2189.6324572563171 10.055435791611673 9.4422994628548604 12.630608372390272 14.470017358660696 5.6408542245626441 470.03030962496996 11.649590246379377 28.326898388564587 4.1693270355463019 692.9666787609458 24.034944087266922 353.16652536392212 5.640854224562645 19.497735254466537 2.4525453150272361 2.8204271122813225 2.8204271122813216 2.4525453150272361 6.8671268820762625 17.90358079969883
leaf_count=941 2072 59 789 380 71 300 24 721 370 17856 82 77 103 118 46 3833 95 231 34 5651 196 2880 46 159 20 23 23 20 56 146
internal_value=-1.78972 -2.19271 2.77943 1.60607 3.53434 0.398341 2.07797 -0.249403 1.21598 -2.60391 -1.94679 1.55662 -1.77089 -0.022851 1.06862 -2.68365 0.0635654 -1.10191 0.560026 -2.47123 -2.2477 -2.12086 -0.316129 -2.18209 4.61194 2.62287 -1.29813 3.69256 -0.908548 -1.07302
internal_weight=0 4218.5 370.457 412.028 158.68 253.348 70.5107 182.837 94.423 3806.47 411.905 19.4977 116.373 43.2874 28.8174 3394.57 23.1766 31.27 19.6204 1204.94 511.969 392.407 12.8759 379.531 39.2407 6.98975 14.47 47.8246 26.3649 41.9385
internal_count=37422 34401 3021 3360 1294 2066 575 1491 770 31041 3359 159 949 353 235 27682 189 255 160 9826 4175 3200 105 3095 320 57 118 390 215 342
is_linear=0
shrinkage=1


Tree=47
num_leaves=31
num_cat=0
split_feature=10 36 46 8 46 35 35 40 35 14 35 46 9 49 0 35 9 14 10 6 35 6 6 35 46 49 0 35 35 6
split_gain=8374.6 6407.81 3596.87 1134.31 650.479 244.671 547.585 387.256 654.113 230.056 272.642 136.03 118.31 116.215 105.544 99.9635 78.3049 60.0724 101.737 57.0359 56.7237 54.4868 36.0777 52.9745 35.046 33.2255 32.3741 27.7747 70.269 26.2493
threshold=1.5558804064814382 3.5000000000000004 7.0000000000000009 -0.46017495063667579 7.0000000000000009 3.9791818576149001 4.9767988934686258 0.20500000000000004 0.97105081045828856 -1.1008513637848429 4.0217238821888719 7.0000000000000009 1.4906560138589964 14.500000000000002 -0.60371441354094812 3.0242857737003104 0.15066954889719533 -2.535449313321108 0.095874528290207969 -0.79039603016483795 3.0010411422024923 -0.12011457448581979 -0.12680684577949455 4.0119737114750356 1.5000000000000002 14.500000000000002 -0.59944417186536914 1.9911460657946018 0.9860124226915068 -0.14396000621099139
decision_type=2 2 2 2 2 2 2 2 2 2 2 2 2 2 2 2 2 2 2 2 2 2 2 2 2 2 2 2 2 2
left_child=1 3 -2 4 -1 7 -7 8 -5 10 17 -12 -4 15 -8 21 -11 18 -3 -19 -14 -6 23 29 -16 -22 -25 28 -23 -18
right_child=2 9 12 5 13 6 14 -9 -10 16 11 -13 20 -15 24 -17 22 19 -20 -21 25 27 -24 26 -26 -27 -28 -29 -30 -31
leaf_value=4.8728999960692114 4.8967696604822546 -2.4470538985963413 -2.1703734089331381 -1.5260629796343399 2.3665394157196187 4.4913161351682653 5.1980648947290096 -1.9139459980656079 3.7232618367258214 -2.7937409745746207 3.9704615902810665 -1.2578131974123976 -0.88931607873568286 -2.0983291817078165 0.90606837917793337 5.1980648947290096 -2.3950681626725725 -2.2560371919893298 2.9594941630886447 -0.70030507397249075 4.7183711665203596 -2.3294366863913352 -2.6267233570485917 2.3438872118875458 -2.0720103351501917 0.1498594692951265 -1.4046871641945622 -2.2286219330727599 4.7903252257516549 -0.17668528724517651
leaf_weight=116.86378426104784 252.24428565055132 7.8481450080871564 103.00690323114395 48.928279034793377 8.8291631340980548 36.788179725408554 2.4525453150272361 85.348576962947845 46.107851922512054 2214.8936740010977 11.404335714876654 8.8291631340980512 8.7065358683466894 13.979508295655249 4.6598360985517528 5.6408542245626441 466.47411891818047 351.08186184614897 6.2539905533194542 25.26121674478054 4.1693270355463019 3.1883089095354098 681.80759757757187 2.4525453150272361 25.996980339288712 2.5751725807785988 38.014452382922173 6.8671268820762634 2.4525453150272369 5.3955996930599204
leaf_count=953 2057 64 840 399 72 300 20 696 376 18062 93 72 71 114 38 46 3804 2863 51 206 34 26 5560 20 212 21 310 56 20 44
internal_value=-1.78972 -2.19487 2.76215 1.57153 3.67102 0.247654 1.836 -0.367817 1.02071 -2.59728 -1.8902 1.68903 -1.78332 0.241708 -1.11435 1.45427 -2.68246 -2.07568 -0.0493674 -2.15161 0.797065 0.464535 -2.47605 -2.27554 -1.61934 2.97403 -1.1775 -0.878056 0.766112 -2.3697
internal_weight=0 4227.82 370.702 408.104 157.821 250.282 69.8975 180.385 95.0361 3819.72 410.679 20.2335 118.458 40.9575 33.1094 26.978 3409.04 390.445 14.1021 376.343 15.451 21.3371 1194.14 512.337 30.6568 6.7445 40.467 12.508 5.64085 471.87
internal_count=37500 34477 3023 3328 1287 2041 570 1471 775 31149 3349 165 966 334 270 220 27800 3184 115 3069 126 174 9738 4178 250 55 330 102 46 3848
is_linear=0
shrinkage=1


Tree=48
num_leaves=31
num_cat=0
split_feature=10 36 46 8 34 35 35 35 35 14 35 34 36 34 0 49 35 9 38 6 49 6 10 38 35 48 6 14 38 6
split_gain=8296.16 6511.37 3621.61 1060.45 654.759 261.506 545.786 395.413 623.863 222.518 249.368 151.276 125.831 89.5989 88.4717 88.1015 108.184 80.6071 66.6915 65.7484 63.865 55.9177 78.7784 57.5354 54.2252 55.0322 53.0712 44.8487 41.681 35.8962
threshold=1.5558804064814382 3.5000000000000004 10.500000000000002 -0.46017495063667579 0.98353832436962929 3.9791818576149001 4.9767988934686258 1.9920083055123479 0.97105081045828856 -1.1008513637848429 4.9907561561046512 0.020233483296025694 3.5000000000000004 1.009919008271335 -0.59428276833821314 14.500000000000002 3.0242857737003104 0.14419241178071365 76.500000000000014 -0.12011457448581979 11.500000000000002 -1.1961339953951045 0.095874528290207969 479.50000000000006 3.0022294741910618 52.500000000000007 -0.79039603016483795 0.9339492431873897 504.50000000000006 -0.48975686997770435
decision_type=2 2 2 2 2 2 2 2 2 2 2 2 2 2 2 2 2 2 2 2 2 2 2 2 2 2 2 2 2 2
left_child=1 3 -2 4 -1 7 13 8 -5 10 21 -12 24 -7 -8 16 19 -11 -19 -6 -10 22 -3 -24 -4 -26 -23 -20 -21 -16
right_child=2 9 12 5 15 6 14 -9 20 17 11 -13 -14 -15 29 -17 -18 18 27 28 -22 26 23 -25 25 -27 -28 -29 -30 -31
leaf_value=4.8662852925632851 4.8780366661712051 -2.4951364067304631 -0.83961866512793437 -1.4315177529825498 2.5203715462210243 4.9206909702546202 4.7903252257516584 -1.8191122813176843 3.885551976121175 -2.7938971611143399 4.227256159068645 -1.3927955079185987 -2.2298665596569398 -1.3257698089086232 1.5424678625182637 -1.8996256393211928 5.1980648947290096 -2.6885087810616719 -2.0462775838815426 -2.4770347566093815 -0.91803013993127103 -2.2448924705419278 4.9350070437758777 -1.1033663531027949 4.1570274420208779 -1.4034345077614523 -0.76416611390208167 -2.6878152653770737 0.95757233736454817 -1.8331791747471056
leaf_weight=114.53386621177197 253.10267651081085 6.4992450848221761 12.753235638141634 49.173533566296101 8.2160268053412455 36.052416130900383 2.4525453150272361 88.782140403985977 46.47573371976614 2192.4528843685985 10.300690323114397 8.951790399849413 100.43173065036535 2.4525453150272361 3.5561907067894962 13.243744701147078 5.5182269588112822 656.17849903553724 407.49040409177542 8.3386540710926074 2.9430543780326834 351.20448911190033 3.8014452382922173 2.6977998465299606 5.763481490314005 2.5751725807785988 25.996980339288712 148.74687335640192 6.1313632875680915 27.591134794056416
leaf_count=934 2064 53 104 401 67 294 20 724 379 17879 84 73 819 20 29 108 45 5351 3323 68 24 2864 31 22 47 21 212 1213 50 225
internal_value=-1.78972 -2.18624 2.7236 1.57318 3.63378 0.334478 1.95279 -0.288275 1.09024 -2.59572 -1.89922 1.61411 -1.76354 4.52283 -0.992435 0.227984 1.22704 -2.67948 -2.47257 0.261109 3.59948 -2.07257 -0.033312 2.42851 0.456906 2.43983 -2.14284 -2.21784 -1.02169 -1.44777
internal_weight=0 4229.78 374.626 415.461 155.982 259.479 72.1048 187.374 98.5923 3814.32 409.452 19.2525 121.524 38.505 33.5999 41.448 28.2043 3404.87 1212.42 22.686 49.4188 390.2 12.9985 6.49925 21.0919 8.33865 377.201 556.237 14.47 31.1473
internal_count=37548 34493 3055 3388 1272 2116 588 1528 804 31105 3339 157 991 314 274 338 230 27766 9887 185 403 3182 106 53 172 68 3076 4536 118 254
is_linear=0
shrinkage=1


Tree=49
num_leaves=31
num_cat=0
split_feature=10 36 46 8 34 35 35 35 35 14 35 34 20 49 35 0 20 34 14 10 38 38 6 49 35 49 38 6 49 20
split_gain=8451.03 6323.16 3568.86 1032.48 702.09 254.524 595.877 401.707 666.302 225.262 325.43 145.509 126.817 97.547 118.105 94.3748 87.3838 67.1612 65.7536 89.3921 56.9566 53.13 51.083 47.7185 36.2747 67.904 31.7428 26.8876 25.3472 24.9609
threshold=1.5558804064814382 3.5000000000000004 10.500000000000002 -0.46017495063667579 0.98648807812311834 3.9791818576149001 4.9767988934686258 1.9940484146921029 0.97105081045828856 -1.1008513637848429 4.9833386475289503 0.020233483296025694 3.0378547062252426 14.500000000000002 3.0242857737003104 -0.59774684379245457 1.0000000180025095e-35 1.0082528418829955 -2.535449313321108 0.095874528290207969 76.500000000000014 310.50000000000006 -0.79039603016483795 11.500000000000002 3.9882573290859553 14.500000000000002 479.50000000000006 -0.62582628441099386 11.500000000000002 1.1053156171732998
decision_type=2 2 2 2 2 2 2 2 2 2 2 2 2 2 2 2 2 2 2 2 2 2 2 2 2 2 2 2 2 2
left_child=1 3 -2 4 -1 7 17 8 -5 10 18 -12 -4 14 21 -8 -11 -7 19 -3 -18 -6 29 -10 -14 -26 -21 -17 -22 -20
right_child=2 9 12 5 13 6 15 -9 23 16 11 -13 24 -15 -16 27 20 -19 22 26 28 -23 -24 -25 25 -27 -28 -29 -30 -31
leaf_value=4.8321446789801037 4.890931199120768 -2.3943289414009943 -2.2282605898709011 -1.5802160473497329 -1.3427589617826796 4.896035510301342 4.7903252257516584 -1.8996256393211928 3.9150440696802753 -2.7582776042633217 4.2636614866559093 -1.025330052820048 -0.54735771358822416 -2.0732925353671021 5.1980648947290096 1.5284078739328364 -2.6222437394196612 -0.51029047095391911 -2.3283228870333339 4.4567200420429138 -1.8324372843868018 1.9855705330892661 -0.82094926636523491 -0.23846402496901753 5.1980648947290096 -0.78211691693882068 -0.10255080197656752 -1.9201022077569667 -2.4470538985963413 -0.85497761380075266
leaf_weight=114.77912074327469 253.96106737107038 7.1123814135789853 98.837576195597649 47.947260908782482 11.772217512130743 36.420297928154469 2.4525453150272361 86.084340557456017 45.985224656760693 2731.1544628143311 11.772217512130739 9.3196721971034986 10.791199386119844 14.71527189016342 5.6408542245626441 2.4525453150272396 361.75043396651745 2.4525453150272361 345.31838035583496 4.0466997697949409 203.68388841301203 8.0933995395898801 25.751725807785988 2.9430543780326834 3.9240725040435782 3.6788179725408554 2.4525453150272369 28.940034717321396 100.06384885311127 11.894844777882097
leaf_count=936 2071 58 806 391 96 297 20 702 375 22272 96 76 88 120 46 20 2950 20 2816 33 1661 66 210 24 32 30 20 236 816 97
internal_value=-1.78972 -2.19247 2.78422 1.53583 3.57227 0.301278 1.88389 -0.327737 1.06906 -2.59389 -1.90087 1.92667 -1.77957 -0.0229918 1.15987 -1.18395 -2.6791 4.55494 -2.10443 0.0554024 -2.35417 0.0132271 -2.1812 3.66521 0.631381 2.30443 2.73624 -1.65069 -2.03491 -2.27926
internal_weight=0 4225 371.193 410.679 155.001 255.678 72.718 182.96 96.8755 3814.32 417.668 21.0919 117.232 40.2217 25.5065 33.8451 3396.65 38.8728 396.577 13.6116 665.498 19.8656 382.965 48.9283 18.3941 7.60289 6.49925 31.3926 303.748 357.213
internal_count=37481 34454 3027 3349 1264 2085 593 1492 790 31105 3406 172 956 328 208 276 27699 317 3234 111 5427 162 3123 399 150 62 53 256 2477 2913
is_linear=0
shrinkage=1


Tree=50
num_leaves=31
num_cat=0
split_feature=10 36 34 8 34 14 49 49 49 49 34 49 49 49 49 49 49 36 20 13 9 38 38 6 6 9 49 38 8 25
split_gain=8418.74 6594.1 3592.04 1055.62 677.569 213.585 205.642 283.836 250.063 253.796 130.314 164.664 237.689 273.406 237.669 111.198 111.957 110.853 86.0867 87.7795 85.3839 71.5578 66.1835 56.7854 54.013 45.8594 35.4894 32.5677 28.1842 28.313
threshold=1.5558804064814382 3.5000000000000004 0.97832031928938423 -0.46017495063667579 0.97293110533848381 -1.1008513637848429 14.500000000000002 13.500000000000002 11.500000000000002 10.500000000000002 0.016439707231625442 3.5000000000000004 1.5000000000000002 1.0000000180025095e-35 4.5000000000000009 14.500000000000002 13.500000000000002 3.5000000000000004 0.50257751013150731 1.061508128452157 0.22308993566552213 214.50000000000003 76.500000000000014 -0.37693072778844022 -0.79039603016483795 1.438366478306347 11.500000000000002 80.500000000000014 -0.18512038585120108 -0.45958813088910094
decision_type=2 2 2 2 2 2 2 2 2 2 2 2 2 2 2 2 2 2 2 2 2 2 2 2 2 2 2 2 2 2
left_child=1 3 -2 4 -1 18 7 8 9 10 11 12 13 -5 -13 16 21 -4 24 -20 -7 -6 -22 -16 -3 27 -23 -24 -26 -30
right_child=2 5 17 6 15 20 -8 -9 -10 -11 -12 14 -14 -15 23 -17 -18 -19 19 -21 22 26 25 -25 28 -27 -28 -29 29 -31
leaf_value=4.8797870940504868 4.8838146681568695 -2.2060273867750966 0.38623029189069369 -0.72253851781884193 -1.3951723057558323 -2.794084651858205 -2.0795196352253216 4.8665692288937645 -2.0506403315350266 4.5040399262569206 -1.9698426618155231 4.9941950602403331 -1.5461696299774621 3.7547386328622765 4.0860476156998597 -2.0506403315350266 5.1980648947290096 -2.2089531315510165 -1.134113374642771 3.5671062188196019 -2.6790505889195604 3.6594246344371162 -0.71228993998857049 -0.91803013993127103 -1.6237334131613035 -0.60217546677980116 -0.078566115566134798 -2.2941641478124755 -1.2399298785976018 2.0749525366046115
leaf_weight=116.25064793229103 254.57420369982719 330.35785393416882 19.742989785969257 26.855371199548244 11.526962980628019 2256.4643170908093 30.779443703591824 15.083153687417505 35.316652536392212 17.29044447094202 19.25248072296381 19.620362520217896 45.372088328003883 27.713762059807777 2.6977998465299633 14.347390092909334 6.0087360218167296 98.96020346134901 53.220233336091042 4.2919543012976638 626.62532798945904 6.4992450848221761 13.36637196689844 14.224762827157972 12.753235638141634 17.413071736693382 4.1693270355463028 495.04627183824778 4.6598360985517502 5.763481490314005
leaf_count=948 2076 2694 161 219 94 18401 251 123 288 141 157 160 370 226 22 117 49 807 434 35 5110 53 109 116 104 142 34 4037 38 47
internal_value=-1.78972 -2.18847 2.76556 1.60734 3.63008 -2.59887 0.34374 0.67757 0.374305 0.869262 0.465716 0.809277 0.145095 1.55131 2.62575 0.215886 1.36886 -1.77732 -1.91792 -0.783276 -2.68098 0.332221 -2.45953 -0.120279 -2.1025 -2.19792 2.1986 -2.25258 -0.626788 0.593005
internal_weight=0 4232.97 373.277 413.009 158.802 3819.96 254.206 223.427 208.344 173.027 155.737 136.484 99.9412 54.5691 36.5429 42.5517 28.2043 118.703 411.047 57.5122 3408.92 22.1955 1152.45 16.9226 353.534 525.826 10.6686 508.413 23.1766 10.4233
internal_count=37563 34519 3044 3368 1295 31151 2073 1822 1699 1411 1270 1113 815 445 298 347 230 968 3352 469 27799 181 9398 138 2883 4288 87 4146 189 85
is_linear=0
shrinkage=1


Tree=51
num_leaves=31
num_cat=0
split_feature=10 9 34 8 34 42 42 14 35 40 40 40 35 34 9 20 20 49 38 20 10 6 34 14 10 6 38 14 49 20
split_gain=8412.67 4972.32 3650.31 860.832 609.925 309.685 248.304 227.462 306.095 179.547 627.713 342.391 738.253 135.599 116.995 107.862 80.7885 66.744 88.1065 63.3684 80.2234 61.416 55.36 55.1996 85.646 54.4486 50.489 47.1166 45.5878 36.9175
threshold=1.5558804064814382 1.20733357875903 0.97832031928938423 -0.46017495063667579 0.020233483296025694 0.84375000000000011 0.21875000000000003 -1.1008513637848429 4.0217238821888719 0.38500000000000006 0.43500000000000005 0.13500000000000004 0.021662444967403577 0.012426962810402731 1.4906560138589964 1.5494495093338505 1.0000000180025095e-35 14.500000000000002 183.50000000000003 0.4353937815343098 -0.64243033341353761 -0.79039603016483795 1.0052227388570085 -2.535449313321108 -1.0000000180025095e-35 -0.10712599987421977 76.500000000000014 -0.48434266572258294 10.500000000000002 0.2165247071999544
decision_type=2 2 2 2 2 2 2 2 2 2 2 2 2 2 2 2 2 2 2 2 2 2 2 2 2 2 2 2 2 2
left_child=1 6 -2 4 5 19 27 8 21 11 22 12 -5 -10 -4 16 -9 18 25 20 -3 23 -11 24 -8 -6 -18 -1 -20 -23
right_child=2 3 14 9 17 -7 7 15 13 10 -12 -13 -14 -15 -16 -17 26 -19 28 -21 -22 29 -24 -25 -26 -27 -28 -29 -30 -31
leaf_value=4.2919767414460051 4.8875932431703522 3.6260565324066873 -2.2048681023066021 -1.6966058875370316 1.3605150690598138 -2.4130755928482284 -2.5275288332629238 -2.7606433053926835 4.1570274420208744 4.8363603496684551 -1.294318815158304 -1.8547293794738366 3.8119810341827702 -1.0927757123501363 0.78645536153143025 2.4798004348799965 -2.621320316489022 -2.0805936589162832 -1.7335094778859752 4.6602656005193133 -1.3783813790992492 -1.3905761139116462 -0.10255080197656685 -2.2694619039638542 2.6496919636205605 -2.2841682060925019 -2.0518094775392628 0.36559474388631852 2.9670365173057625 1.1833973847981589
leaf_weight=4.4145815670490256 254.45157643407583 20.35612611472607 103.74266682565212 55.550151385366917 6.2539905533194533 7.3576359450817099 6.9897541478276253 2723.3063178062439 11.526962980628015 30.411561906337738 44.51369746774435 108.89301198720932 43.287424810230732 8.5839086025953275 14.960526421666144 4.0466997697949401 342.86583504080772 14.837899155914782 2.4525453150272361 91.112058453261852 3.8014452382922164 18.516717128455642 2.4525453150272361 346.29939848184586 5.8861087560653669 11.894844777882101 285.10839287191629 9.9328085258603078 12.998490169644354 7.9707722738385192
leaf_count=36 2075 166 846 453 51 60 57 22208 94 248 363 888 353 70 122 33 2796 121 20 743 31 151 20 2824 48 97 2325 81 106 65
internal_value=-1.78972 -2.2017 2.75136 0.916798 2.69025 3.87699 -2.5785 -2.59433 -1.88717 -0.147271 1.15298 -0.631601 0.715964 1.91626 -1.82786 -2.67986 -2.68609 -0.314163 0.465904 4.27848 2.83856 -2.0855 4.46778 -2.19387 -0.160799 -1.02823 -2.36276 1.57371 2.22092 -0.616001
internal_weight=0 4231.62 373.155 456.173 171.065 122.627 3775.45 3761.1 405.774 285.108 77.3778 207.731 98.8376 20.1109 118.703 3355.33 3351.28 48.4378 33.5999 115.27 24.1576 385.663 32.8641 359.175 12.8759 18.1488 627.974 14.3474 15.451 26.4875
internal_count=37551 34508 3043 3720 1395 1000 30788 30671 3309 2325 631 1694 806 164 968 27362 27329 395 274 940 197 3145 268 2929 105 148 5121 117 126 216
is_linear=0
shrinkage=1


Tree=52
num_leaves=31
num_cat=0
split_feature=1 9 46 8 34 6 35 40 40 40 35 34 9 9 9 9 9 49 38 34 4 6 38 9 6 38 23 6 6 9
split_gain=8203.12 5011.37 3469.51 829.848 618.466 228.561 285.332 198.194 668.351 314.961 691.82 157.065 141.702 173.063 129.892 122.93 78.8554 69.7705 116.826 67.1851 63.4638 61.9184 55.6823 50.6164 50.2604 43.154 39.5384 36.9759 36.3621 35.9386
threshold=1.5767129858939295 1.20733357875903 10.500000000000002 -0.46017495063667579 0.020233483296025694 -0.76586299214389519 4.0217238821888719 0.38500000000000006 0.43500000000000005 0.13500000000000004 0.021662444967403577 0.012426962810402731 1.352687448232494 1.293112571040208 1.20733357875903 0.96375017631015947 0.60814085480596858 14.500000000000002 183.50000000000003 1.0052227388570085 2.7781155999695284 -0.79039603016483795 76.500000000000014 0.15066954889719533 -0.11433619929117632 76.500000000000014 -0.65798920605046118 0.65456739406222852 0.82710457315760044 1.3293848724352657
decision_type=2 2 2 2 2 2 2 2 2 2 2 2 2 2 2 2 2 2 2 2 2 2 2 2 2 2 2 2 2 2
left_child=1 5 -2 4 12 6 16 9 19 10 -5 -8 13 -3 -4 23 -1 18 24 -9 21 -18 -17 -7 -6 -25 -22 -10 -20 -15
right_child=2 3 14 7 17 15 11 8 27 -11 -12 -13 -14 29 -16 22 20 -19 28 -21 26 -23 -24 25 -26 -27 -28 -29 -30 -31
leaf_value=-2.3235163004773987 4.8099299985679558 4.449155298648158 -2.1969651264751393 -1.5917630693573679 1.1206682049554892 -2.785458793881884 4.233519441234197 4.9190035243262589 -0.67091518903590619 -1.8049215103057374 3.7745950444530467 -1.2238348916642852 4.402972540223173 -2.2771623698557781 0.48640649765738608 -2.4179111331834111 -1.7346845201596852 -2.1086299733451392 3.3035169378645457 -0.51029047095391911 4.5184987797667535 1.1206682049554892 -1.3443739002688064 -2.7039108812096964 -2.323346474756125 -2.2790637859580785 -0.91803013993127103 -2.6052287701823831 -0.91803013993127103 1.1206682049554888
leaf_weight=285.84415646642447 252.48954018205404 12.017472043633463 98.714948929846287 57.144305840134621 6.3766178190708152 2207.0455289930105 11.404335714876654 32.250970892608166 32.373598158359528 108.52513018995523 41.448015823960304 9.810181260108946 98.101812601089478 7.357635945081709 22.072907835245132 96.507658146321774 85.103322431445122 15.328408218920229 12.140099309384821 2.4525453150272361 2.9430543780326843 8.3386540710926038 96.752912677824497 526.07097007334232 12.630608372390272 438.26984779536724 2.4525453150272361 14.224762827157972 2.4525453150272361 5.3955996930599213
leaf_count=2331 2059 98 805 466 52 17998 93 263 264 885 338 80 800 60 180 787 694 125 99 20 24 68 789 4290 103 3574 20 116 20 44
internal_value=-1.78972 -2.18902 2.70126 0.926196 2.66606 -2.56925 -1.86039 -0.110179 1.21292 -0.629546 0.664243 1.70989 3.86335 1.72622 -1.7066 -2.65477 -2.05728 -0.340654 0.465904 4.53531 -1.28732 -1.47988 -1.88046 -2.70195 -1.16794 -2.51083 2.04735 -1.26139 2.59401 -0.839619
internal_weight=0 4230.76 373.277 460.22 171.801 3770.54 405.896 288.419 81.3019 207.117 98.5923 21.2145 122.873 24.7707 120.788 3364.65 384.682 48.9283 33.5999 34.7035 98.8376 93.442 193.261 3171.39 19.0072 964.341 5.3956 46.5984 14.5926 12.7532
internal_count=37545 34501 3044 3753 1401 30748 3310 2352 663 1689 804 173 1002 202 985 27438 3137 399 274 283 806 762 1576 25862 155 7864 44 380 119 104
is_linear=0
shrinkage=1


Tree=53
num_leaves=31
num_cat=0
split_feature=10 36 46 8 46 35 35 35 35 6 35 46 20 49 35 20 38 49 38 49 35 25 6 1 32 46 6 9 38 6
split_gain=8483.38 6402.3 3490.36 986.718 690.437 255.086 595.347 414.431 609.963 203.421 252.119 141.947 123.998 111.305 106.342 82.5553 72.874 58.6709 54.7993 43.5341 77.3422 43.3441 43.7768 90.3735 39.0558 45.9895 34.2778 34.2604 32.0261 30.6454
threshold=1.5558804064814382 3.5000000000000004 10.500000000000002 -0.46017495063667579 7.0000000000000009 3.9791818576149001 4.9767988934686258 1.9934007713761501 0.021662444967403577 -0.76586299214389519 4.0217238821888719 7.0000000000000009 2.5916498239349286 14.500000000000002 3.9913359125606456 1.0000000180025095e-35 237.00000000000003 11.500000000000002 76.500000000000014 14.500000000000002 3.0010411422024923 -0.49085070919361351 -1.1961339953951045 -1.0000000180025095e-35 1.3155052043664803 2.5000000000000004 -0.79039603016483795 1.438366478306347 392.00000000000006 1.1857243389194776
decision_type=2 2 2 2 2 2 2 2 2 2 2 2 2 2 2 2 2 2 2 2 2 2 2 2 2 2 2 2 2 2
left_child=1 3 -2 4 29 7 -7 8 -5 10 21 -12 -4 14 16 -11 -6 -10 -17 20 -14 -3 23 -23 -8 -26 -24 -20 -25 -1
right_child=2 9 12 5 13 6 24 -9 17 15 11 -13 19 -15 -16 18 -18 -19 27 -21 -22 22 26 28 25 -27 -28 -29 -30 -31
leaf_value=4.892372529894832 4.8824463797973383 -2.5673554675964159 -2.1722167166590753 -1.4004702062785197 -1.5069874395652243 4.6248845293934355 -2.2048681023066021 -1.8779293606389775 3.8675459749081766 -2.755515830194601 3.9933795091141042 -1.3927955079185987 -0.16693074970983379 -2.1017904692203575 5.1980648947290096 -2.6256110355142757 2.2146039022117994 -0.82939108145793361 -2.1218248584122539 -1.4277047261529612 4.7798703624445462 -2.9567284848180311 -2.0598318290856819 5.1980648947290113 2.2985828042233956 -1.2864695998505651 -0.64978035770932885 -0.44756129111124943 0.30518886700078429 1.7479600033821847
leaf_weight=111.2229300364852 253.47055830806494 136.11626498401165 96.875539943575859 48.192515440285206 11.036453917622572 38.382334180176258 17.29044447094202 86.206967823207378 46.598360985517502 2728.4566629678011 10.791199386119844 8.951790399849413 9.3196721971035021 15.205780953168867 5.5182269588112822 365.4292519390583 10.05543579161167 2.8204271122813216 293.4470469430089 7.8481450080871573 4.7824633643031111 4.9050906300544739 229.68086875230074 2.9430543780326825 5.5182269588112822 10.178063057363032 18.639344394207001 12.75323563814163 2.4525453150272369 3.1883089095354071
leaf_count=907 2067 1110 790 393 90 313 141 703 380 22250 88 73 76 124 45 2980 82 23 2393 64 39 40 1873 24 45 83 152 104 20 26
internal_value=-1.78972 -2.19336 2.78601 1.55454 3.53382 0.342808 1.94736 -0.280172 1.13091 -2.59758 -1.93617 1.5512 -1.68596 0.0564796 1.28978 -2.67821 0.26726 3.59948 -2.36414 0.460084 1.51068 -2.1106 -1.8702 0.149859 -1.16813 -0.0260996 -1.95399 -2.05209 2.97403 4.80475
internal_weight=0 4225.98 372.296 411.414 156.227 255.187 71.3691 183.818 97.6113 3814.57 414.48 19.743 118.826 41.8159 26.6101 3400.09 21.0919 49.4188 671.63 21.9503 14.1021 394.737 258.621 10.3007 32.9867 15.6963 248.32 306.2 5.3956 114.411
internal_count=37498 34462 3036 3355 1274 2081 582 1499 796 31107 3380 161 969 341 217 27727 172 403 5477 179 115 3219 2109 84 269 128 2025 2497 44 933
is_linear=0
shrinkage=1


Tree=54
num_leaves=31
num_cat=0
split_feature=10 36 46 8 34 35 35 35 35 14 35 34 20 49 35 0 34 20 35 35 20 6 6 35 35 6 14 6 34 34
split_gain=8375.48 6436.13 3583.19 1028.61 738.755 223.223 572.764 410.938 627.337 213.667 259.27 162.617 112.113 108.041 102.405 93.7588 87.1197 84.6095 55.1091 124.663 52.0755 75.1511 39.5044 34.2742 55.9768 33.3413 33.2604 29.6031 25.2166 24.5918
threshold=1.5558804064814382 3.5000000000000004 10.500000000000002 -0.46017495063667579 0.98353832436962929 3.9791818576149001 4.9767988934686258 1.0283748395157792 0.021662444967403577 -1.1008513637848429 4.9833386475289503 0.012426962810402731 3.0378547062252426 14.500000000000002 3.0242857737003104 -0.59944417186536914 1.009919008271335 1.0000000180025095e-35 1.9952054081949948 0.97105081045828856 0.39792739208455813 -1.1961339953951045 -0.12011457448581979 3.0010411422024923 4.9998896849899142 1.1857243389194776 -0.51331364127325751 -0.79039603016483795 1.0084451898010018 0.023351400585185606
decision_type=2 2 2 2 2 2 2 2 2 2 2 2 2 2 2 2 2 2 2 2 2 2 2 2 2 2 2 2 2 2
left_child=1 3 -2 4 25 7 16 8 29 10 20 -12 -4 14 18 -8 -7 -11 19 -6 -3 -22 -20 -14 -25 -1 -17 -23 -10 -5
right_child=2 9 12 5 13 6 15 -9 28 17 11 -13 23 -15 -16 26 -18 -19 22 -21 21 27 -24 24 -26 -27 -28 -29 -30 -31
leaf_value=4.9332988759125467 4.892953577807182 -2.2573941073502648 -2.2035148105987847 -0.75273027412964177 -1.5686785478738543 4.835009025091642 4.7903252257516584 -1.8334787080209183 4.0097950022807272 -2.7606065639028246 4.3346161839534378 -1.4345003873025837 -0.68097219285141564 -2.1546176606002896 5.1980648947290096 1.2612680908097484 -1.3257698089086232 -2.364572351802209 1.7479600033821847 4.8782690759232423 3.7798399591556113 -1.7118595839579742 -2.3742432434218141 4.4990826050535482 -0.91803013993127125 1.8236676342267857 -1.9809412428209494 0.82232210570376818 0.71292853597813721 -2.2108632366887289
leaf_weight=113.30759355425835 252.36691291630268 324.59437244385481 99.57333979010582 27.22325299680233 5.7634814903140121 35.807161599397659 2.4525453150272361 89.027394935488701 42.919543012976646 2732.9938718006015 10.423317588865759 9.1970449313521367 10.545944854617121 14.960526421666144 5.1503451615571967 3.5561907067894927 2.4525453150272361 672.12004358321428 3.1883089095354071 6.2539905533194542 2.8204271122813216 55.427524119615555 8.5839086025953275 4.2919543012976638 3.4335634410381317 3.5561907067894927 28.694780185818672 5.0277178958058348 2.4525453150272361 20.110871583223343
leaf_count=924 2058 2647 812 222 47 292 20 726 350 22287 85 75 86 122 42 29 20 5481 26 51 23 452 70 35 28 29 234 41 20 164
internal_value=-1.78972 -2.19326 2.76702 1.54429 3.52481 0.294195 1.77168 -0.298992 1.1746 -2.60054 -1.91621 1.63034 -1.7857 0.0272881 1.15522 -1.17017 4.44009 -2.68244 0.279968 1.78637 -2.09562 -1.26572 -1.25781 0.491271 2.09148 4.83867 -1.62344 -1.50111 3.83159 -1.37225
internal_weight=0 4228.07 370.212 415.461 160.764 254.697 72.9632 181.734 92.7062 3812.6 407.49 19.6204 117.845 43.9006 28.94 34.7035 38.2597 3405.11 23.7897 12.0175 387.87 63.2757 11.7722 18.2715 7.72552 116.864 32.251 60.4552 45.3721 47.3341
internal_count=37498 34479 3019 3388 1311 2077 595 1482 756 31091 3323 160 961 358 236 283 312 27768 194 98 3163 516 96 149 63 953 263 493 370 386
is_linear=0
shrinkage=1


Tree=55
num_leaves=31
num_cat=0
split_feature=10 36 34 8 34 35 35 48 35 14 35 34 36 49 35 0 9 38 34 38 14 10 38 9 35 35 14 38 14 12
split_gain=8272.93 6452.76 3598.5 1024.77 701.671 245.382 545.347 373.811 658.97 209.759 272.038 168.511 150.356 97.6684 108.982 89.7299 83.5716 69.0378 66.7111 62.6262 54.741 81.7617 46.0924 45.2517 44.6125 54.608 42.6987 29.7975 29.5089 29.2259
threshold=1.5558804064814382 3.5000000000000004 0.97832031928938423 -0.46017495063667579 0.98648807812311834 3.9791818576149001 4.9767988934686258 20.500000000000004 0.021662444967403577 -1.1008513637848429 4.0217238821888719 0.020233483296025694 3.5000000000000004 14.500000000000002 3.0242857737003104 -0.59774684379245457 0.26590638302857345 237.00000000000003 1.0076758257251435 76.500000000000014 -2.535449313321108 0.095874528290207969 479.50000000000006 1.438366478306347 3.0010411422024923 4.9879704741661453 -1.1636813060323103 78.500000000000014 0.085520505031384281 -0.31754989214260126
decision_type=2 2 2 2 2 2 2 2 2 2 2 2 2 2 2 2 2 2 2 2 2 2 2 2 2 2 2 2 2 2
left_child=1 3 -2 4 -1 7 18 8 -5 10 20 -12 24 14 17 -8 -11 28 -7 -18 21 -3 -23 27 -4 -26 -22 -21 -6 -17
right_child=2 9 12 5 13 6 15 -9 -10 16 11 -13 -14 -15 -16 29 19 -19 -20 23 26 22 -24 -25 25 -27 -28 -29 -30 -31
leaf_value=4.8586444659111496 4.8945564241875914 -2.5198645537708684 -0.55825984377478433 -1.4832138395038383 0.74999577861243782 4.8844189955156612 4.7903252257516584 -1.7753730444617088 3.7172712119979612 -2.781333861728525 4.3640519354571516 -1.5045050062685583 -2.2958038343559894 -2.0506403315350266 5.1980648947290096 0.072194770442297385 -2.6671157195091073 2.1400173773988693 -0.51029047095391911 -0.32210293142591029 -2.2635567258259752 4.6719491928227477 -0.73269392675974765 -0.64978035770932885 4.586455391262982 -0.51029047095391933 -0.90798729094168107 -2.2724101592616361 -2.5744725451517638 -2.1007004505009386
leaf_weight=114.90174800902605 250.40487666428089 6.8671268820762617 12.50798110663891 49.541415363550186 4.0466997697949463 35.071398004889488 2.4525453150272361 87.187985949218273 47.947260908782482 2366.0930926725268 10.791199386119844 8.951790399849413 98.347067132592201 14.347390092909334 5.3955996930599204 8.5839086025953311 569.72627668082714 9.810181260108946 2.4525453150272361 7.9707722738385192 349.11982559412718 3.8014452382922173 2.6977998465299606 18.639344394207001 4.9050906300544721 3.6788179725408554 24.893334947526455 455.92817406356335 7.8481450080871582 22.195535100996494
leaf_count=937 2042 56 102 404 33 286 20 711 391 19295 88 73 802 117 44 70 4646 80 20 65 2847 31 22 152 40 30 203 3718 64 181
internal_value=-1.78972 -2.19138 2.74027 1.56993 3.58629 0.335725 1.91919 -0.270953 1.07451 -2.59625 -1.91773 1.70315 -1.77621 0.0590975 1.17602 -1.03087 -2.67706 0.176186 4.53182 -2.4426 -2.10227 -0.113773 2.42851 -2.17752 0.646552 2.40214 -2.17333 -2.2389 -1.44347 -1.49471
internal_weight=0 4237.26 369.844 411.782 156.35 255.433 70.7559 184.677 97.4887 3825.48 407.123 19.743 119.439 41.448 27.1006 33.232 3418.36 21.705 37.5239 1052.26 387.38 13.3664 6.49925 482.538 21.0919 8.58391 374.013 463.899 11.8948 30.7794
internal_count=37570 34554 3016 3358 1275 2083 577 1506 795 31196 3320 161 974 338 221 271 27876 177 306 8581 3159 109 53 3935 172 70 3050 3783 97 251
is_linear=0
shrinkage=1


Tree=56
num_leaves=31
num_cat=0
split_feature=10 9 34 8 34 14 35 40 40 40 35 34 20 20 9 10 20 3 49 38 9 9 20 35 35 35 0 35 34 38
split_gain=8309.4 5250.39 3616.84 801.861 597.556 258.729 286.482 192.23 641.173 381.652 774.646 169.76 157.919 139.486 136.379 136.226 106.002 100.482 90.2899 92.1735 75.5224 102.293 75.2557 58.5944 53.8192 57.4449 50.6293 52.2895 47.1832 46.9236
threshold=1.5558804064814382 1.20733357875903 0.97832031928938423 -0.46017495063667579 0.020233483296025694 -1.1008513637848429 4.9907561561046512 0.38500000000000006 0.43500000000000005 0.13500000000000004 0.021662444967403577 0.989454929289869 0.65354605004535171 3.0378547062252426 0.96375017631015947 -0.42409907741113978 0.50257751013150731 1.0546927720497488 14.500000000000002 183.50000000000003 1.352687448232494 1.293112571040208 1.3183409736206884 3.9856373390822757 3.0010411422024923 4.9879704741661453 -0.59428276833821314 4.9991424286896304 1.0047484772329272 76.500000000000014
decision_type=2 2 2 2 2 2 2 2 2 2 2 2 2 2 2 2 2 2 2 2 2 2 2 2 2 2 2 2 2 2
left_child=1 5 -2 4 12 6 16 9 28 10 -5 -8 15 -4 -7 20 -1 -18 19 23 21 -3 29 -6 -15 -26 27 -10 -9 -16
right_child=2 3 13 7 18 14 11 8 26 -11 -12 -13 -14 24 22 -17 17 -19 -20 -21 -22 -23 -24 -25 25 -27 -28 -29 -30 -31
leaf_value=-2.2110275845215885 4.9108118989719713 4.6155796533327873 -2.2261537752702334 -1.5857261044138344 -1.7232303265672184 -2.7169648013917898 4.4088913418696158 4.8556880734503167 -1.7335094778859752 -1.8312931994054307 4.0168691962987975 -1.6623168372708819 4.6089792539968588 -0.82094926636523524 -2.5206432773556227 -1.9188456910574989 -1.0481598215197878 4.3825855567743055 -2.2039783267059967 2.4798004348799965 3.9948986584023971 -2.5385339525335677 0.37610011377945485 2.8681239291441405 4.6291258217373574 -0.62678751923316267 -1.5891544398008257 4.5184987797667535 0.30518886700078518 -1.4900390280649665
leaf_weight=333.91404464095831 250.65013119578362 3.4335634410381335 101.29012151062489 56.163287714123726 14.592644624412062 3182.3001735135913 11.404335714876654 32.128343626856804 2.4525453150272361 108.40250292420387 44.023188404738903 7.7255177423357955 86.574849620461464 10.300690323114397 91.725194782018661 6.7444996163249007 46.107851922512054 3.6788179725408545 15.941544547677038 15.451035484671591 22.440789632499218 4.782463364303112 14.102135561406611 3.4335634410381308 5.2729724273085576 3.4335634410381317 39.485979571938515 2.9430543780326843 2.4525453150272361 85.225949697196484
leaf_count=2723 2044 28 826 458 119 25951 93 262 20 884 359 63 706 84 748 55 376 30 130 126 183 39 115 28 43 28 322 24 20 695
internal_value=-1.78972 -2.18814 2.74758 0.99606 2.69511 -2.57724 -1.81977 -0.0266963 1.29685 -0.530905 0.876124 1.95706 3.86716 -1.75969 -2.6677 2.15004 -2.00807 -0.646873 -0.245209 0.687538 3.0452 0.451245 -1.84709 -0.848687 0.726081 2.55637 -1.19654 1.67668 4.53296 -2.02427
internal_weight=0 4237.63 370.947 461.446 173.395 3776.18 402.831 288.051 79.4625 208.589 100.186 19.1299 123.976 120.297 3373.35 37.4013 383.701 49.7867 49.4188 33.4772 30.6568 8.21603 191.053 18.0262 19.0072 8.70654 44.8816 5.3956 34.5809 176.951
internal_count=37582 34557 3025 3763 1414 30794 3285 2349 648 1701 817 156 1011 981 27509 305 3129 406 403 273 250 67 1558 147 155 71 366 44 282 1443
is_linear=0
shrinkage=1


Tree=57
num_leaves=31
num_cat=0
split_feature=1 36 46 8 34 35 35 35 35 14 35 34 49 36 35 0 38 20 10 34 38 20 6 35 35 6 49 35 14 6
split_gain=8054.91 6367.84 3543.5 1010.91 706.402 252.399 565.056 345.404 608.835 222.769 273.19 154.203 125.938 114.186 113.318 91.5949 79.1254 74.0111 64.3948 57.0836 53.3511 46.6383 63.9704 44.1832 64.7428 32.4861 31.0511 74.7079 29.6443 28.5444
threshold=1.5767129858939295 3.5000000000000004 10.500000000000002 -0.46017495063667579 0.98353832436962929 3.9791818576149001 4.9767988934686258 1.9902004296949678 0.021662444967403577 -1.1008513637848429 4.0217238821888719 0.012426962810402731 14.500000000000002 3.5000000000000004 3.0242857737003104 -0.59944417186536914 159.50000000000003 1.0000000180025095e-35 1.5409085966944021 1.0057607986244064 73.500000000000014 0.50257751013150731 -1.1961339953951045 3.9882573290859553 4.9998896849899142 -0.78140398427176605 11.500000000000002 0.97954578045460716 0.085520505031384281 0.024874964287968922
decision_type=2 2 2 2 2 2 2 2 2 2 2 2 2 2 2 2 2 2 2 2 2 2 2 2 2 2 2 2 2 2
left_child=1 3 18 4 -1 7 19 8 -5 10 21 -12 14 23 16 -8 -6 -11 -2 -7 -19 -3 -23 26 -25 -24 27 -4 -9 -18
right_child=2 9 13 5 12 6 15 28 -10 17 11 -13 -14 -15 -16 -17 29 20 -20 -21 -22 22 25 24 -26 -27 -28 -29 -30 -31
leaf_value=4.8333137531518258 1.0041711566762457 -2.2164603857306093 -1.7574941642964077 -1.4328529542966146 -1.612531773903684 4.8865970920379773 4.7903252257516584 -1.0964162451088626 3.6690411360639392 -2.7467448537144752 4.2713838288713895 -1.2622259643926721 -2.3347527185813925 -2.209878596097139 5.1980648947290096 -1.5596921688000123 3.6690411360639401 -2.63911780997404 4.9115008703473357 -0.10255080197656685 -2.0740920249141164 3.4252837252622617 -1.693912712132269 4.7450208180875073 -0.98833008285840096 1.3924946509403906 -2.1546176606002896 5.1980648947290078 -2.2684722660838821 0.42452730670147298
leaf_weight=115.14700254052877 4.2919543012976638 337.71548987925053 4.1693270355463046 48.560397237539291 11.159081183373933 35.316652536392212 2.4525453150272361 39.240725040435791 45.12683379650116 2719.259618036449 10.791199386119844 9.4422994628548604 14.470017358660696 99.082830727100372 5.8861087560653678 30.779443703591824 5.8861087560653669 358.93000685423613 244.2735133767128 2.4525453150272361 312.69952766597271 2.8204271122813216 46.720988251268864 4.4145815670490256 3.5561907067894936 3.6788179725408545 7.4802632108330727 2.4525453150272369 47.947260908782482 5.0277178958058357
leaf_count=939 35 2754 34 396 91 288 20 320 368 22175 88 77 118 808 48 251 48 2927 1992 20 2550 23 381 36 29 30 61 20 391 41
internal_value=-1.78972 -2.18551 2.68266 1.5615 3.54807 0.318688 1.91643 -0.308494 1.0246 -2.58903 -1.89391 1.68903 0.0600737 -1.75167 1.2995 -1.09106 0.259884 -2.67332 4.84403 4.56263 -2.37605 -2.07935 -1.20927 0.305189 2.18706 -1.46863 -0.75848 0.818639 -1.74096 2.17438
internal_weight=0 4211.51 369.721 409.452 157.576 251.876 71.0012 180.875 93.6872 3802.06 411.169 20.2335 42.429 121.156 27.959 33.232 22.0729 3390.89 248.565 37.7692 671.63 390.936 53.2202 22.0729 7.97077 50.3998 14.1021 6.62187 87.188 10.9138
internal_count=37359 34344 3015 3339 1285 2054 579 1475 764 31005 3353 165 346 988 228 271 180 27652 2027 308 5477 3188 434 180 65 411 115 54 711 89
is_linear=0
shrinkage=1


Tree=58
num_leaves=31
num_cat=0
split_feature=10 36 34 8 34 35 35 35 35 14 35 34 20 9 49 35 6 34 38 49 14 22 6 35 35 9 38 38 46 6
split_gain=8693.87 6129.6 3607.63 1010.86 744.115 231.354 638.394 370.136 669.361 212.285 267.049 135.785 127.523 85.7168 84.0694 111.832 67.7057 65.8472 62.0968 51.3041 50.1511 68.8395 52.1738 48.6948 53.7226 40.8151 37.2162 36.4022 35.4234 34.3835
threshold=1.5558804064814382 3.5000000000000004 0.97293110533848381 -0.46017495063667579 0.97293110533848381 3.9791818576149001 4.9767988934686258 1.9940484146921029 0.97105081045828856 -1.1008513637848429 4.0217238821888719 0.012426962810402731 3.0378547062252426 0.14419241178071365 14.500000000000002 3.0242857737003104 -0.12011457448581979 1.0076758257251435 76.500000000000014 11.500000000000002 -2.535449313321108 -0.32109461920300314 -0.79039603016483795 3.0010411422024923 4.9879704741661453 1.0002313641118341 479.50000000000006 504.50000000000006 2.5000000000000004 1.1857243389194776
decision_type=2 2 2 2 2 2 2 2 2 2 2 2 2 2 2 2 2 2 2 2 2 2 2 2 2 2 2 2 2 2
left_child=1 3 -2 4 29 7 17 8 -5 10 20 -12 -4 -11 15 16 -6 -7 -15 -10 21 26 -22 -14 -25 -20 -3 -18 -8 -1
right_child=2 9 12 5 14 6 28 -9 19 13 11 -13 23 18 -16 -17 27 -19 25 -21 22 -23 -24 24 -26 -27 -28 -29 -30 -31
leaf_value=4.9241076703321323 4.8899007613498107 4.1107591107894024 -2.1909734967386139 -1.6282533728617463 2.2434296122844279 4.8423188748158843 0.25924636908784393 -1.8686427110764605 3.8792303859073862 -2.7985161651296115 4.1427386926699796 -1.0748530895379449 -0.68683754411937081 -2.6766959574449065 -2.0506403315350266 5.1980648947290096 -2.5218061712421891 -0.51029047095391911 -2.359266431851494 -0.34719460336297825 -2.2672313410358704 -2.7794503678713567 -0.77947782523022902 4.7572652525913313 -0.54049340939668622 -1.6893704569141503 -0.42593053944136372 0.74999577861244182 -2.0918261566842542 1.4604512624366159
leaf_weight=109.50614831596613 259.60192159563303 3.6788179725408554 100.55435791611671 48.928279034793377 8.4612813368439692 36.54292519390583 8.7065358683466894 85.471204228699207 45.494715593755245 2186.9346574097872 10.423317588865759 9.5649267286062223 11.894844777882101 649.92450848221779 14.347390092909334 5.0277178958058348 9.1970449313521403 2.4525453150272361 443.5428202226758 3.0656816437840453 352.43076176941395 5.6408542245626432 25.26121674478054 4.5372088328003874 3.3109361752867699 114.4112389460206 3.5561907067894936 5.3955996930599204 24.280198618769646 2.9430543780326834
leaf_count=893 2117 30 820 399 69 298 71 697 371 17834 85 78 97 5300 117 41 75 20 3617 25 2874 46 206 37 27 933 29 44 198 24
internal_value=-1.78972 -2.20255 2.79216 1.47204 3.48704 0.247921 1.76666 -0.3496 0.982191 -2.59829 -1.91911 1.64598 -1.73476 -2.68042 -0.0813389 0.924811 -0.00712237 4.50568 -2.46661 3.61241 -2.10156 -0.160799 -2.16773 0.588834 2.52227 -2.2219 1.88086 -1.31206 -1.47128 4.83346
internal_weight=0 4215.19 379.899 409.82 154.878 254.942 71.9822 182.96 97.4887 3805.37 410.556 19.9882 120.297 3394.81 42.429 28.0816 23.0539 38.9955 1207.88 48.5604 390.568 12.8759 377.692 19.743 7.84815 557.954 7.23501 14.5926 32.9867 112.449
internal_count=37472 34374 3098 3342 1263 2079 587 1492 795 31032 3348 163 981 27684 346 229 188 318 9850 396 3185 105 3080 161 64 4550 59 119 269 917
is_linear=0
shrinkage=1


Tree=59
num_leaves=31
num_cat=0
split_feature=10 36 46 2 46 35 35 48 35 6 35 46 0 20 49 35 9 38 6 7 35 38 25 2 6 6 46 9 38 49
split_gain=8497.62 6636.83 3568.92 847.596 624.935 230.26 481.963 379.628 647.377 199.802 287.795 146.935 122.863 121.207 113.787 137.649 83.4339 77.0716 60.9456 77.2714 60.8199 59.8478 47.0918 119.454 42.9882 41.3386 40.8243 40.0689 38.3884 36.2749
threshold=1.5558804064814382 3.5000000000000004 7.0000000000000009 -0.59813068903507383 7.0000000000000009 3.9791818576149001 4.9767988934686258 20.500000000000004 0.021662444967403577 -0.76586299214389519 4.0217238821888719 7.0000000000000009 -0.59944417186536914 3.0378547062252426 14.500000000000002 3.0242857737003104 0.22308993566552213 237.00000000000003 -1.1961339953951045 -1.2089240707052638 3.0010411422024923 76.500000000000014 2.5449409906782106 -0.78888807744659928 -0.79039603016483795 0.5153249930261613 1.5000000000000002 1.0002313641118341 479.50000000000006 14.500000000000002
decision_type=2 2 2 2 2 2 2 2 2 2 2 2 2 2 2 2 2 2 2 2 2 2 2 2 2 2 2 2 2 2
left_child=1 3 -2 4 22 7 -7 8 -5 10 18 -12 -8 -4 15 17 -11 -6 19 -3 -15 -18 -1 -24 -20 27 -14 -23 -21 -22
right_child=2 9 13 5 14 6 12 -9 -10 16 11 -13 26 20 -16 -17 21 -19 24 28 29 25 23 -25 -26 -27 -28 -29 -30 -31
leaf_value=4.7990833570662073 4.9106192565315521 -2.7713922716465076 -2.1551043783334314 -1.3670599019696208 -1.3999042941772328 4.4817654762552834 5.1980648947290096 -1.7636440838888263 3.871551838322691 -2.7887069327805172 4.008824193545065 -1.3257698089086232 1.3471902432762377 -0.75768307909748134 -1.9859197491576692 5.1980648947290096 -2.6675514146213279 2.1743774618632528 -2.2948409888714454 4.4088913418696194 4.9509499438336455 -2.2051669933352289 4.8205281641944229 -0.44756129111124943 -0.94757649275571687 -2.6386788210291452 -1.9524435858590361 -1.4187630667455631 -0.34719460336297869 0.1498594692951265
leaf_weight=102.76164869964123 253.96106737107038 5.3955996930599213 101.04486697912216 48.43776997178793 13.488999232649808 36.297670662403107 3.0656816437840453 81.301877193152905 45.985224656760693 2261.6146622523665 11.772217512130739 9.1970449313521367 4.4145815670490292 10.913826651871206 15.451035484671591 7.1123814135789862 622.45600095391273 10.913826651871203 353.5344071611762 3.8014452382922155 4.0466997697949401 284.74051107466221 13.243744701147081 6.3766178190708152 25.383844010531902 157.20815469324589 24.893334947526455 83.877049773931503 3.0656816437840462 2.5751725807785988
leaf_count=838 2071 44 824 395 110 296 25 663 375 18443 96 75 36 89 126 58 5076 89 2883 31 33 2322 108 52 207 1282 203 684 25 21
internal_value=-1.78972 -2.18592 2.79565 1.61856 3.33799 0.427122 1.97983 -0.17966 1.18421 -2.59776 -1.94011 1.66909 -0.825362 -1.73393 0.237055 1.32692 -2.67725 0.198644 -2.13358 0.0605451 0.692969 -2.45772 4.52803 3.1084 -2.20459 -2.20933 -1.45543 -2.02622 2.28564 3.08386
internal_weight=0 4235.79 372.542 413.744 169.348 244.396 68.6713 175.725 94.423 3822.05 412.15 20.9693 32.3736 118.581 46.9662 31.5152 3409.9 24.4028 391.181 12.2627 17.5357 1148.28 122.382 19.6204 378.918 525.826 29.3079 368.618 6.86713 6.62187
internal_count=37580 34542 3038 3374 1381 1993 560 1433 770 31168 3361 171 264 967 383 257 27807 199 3190 100 143 9364 998 160 3090 4288 239 3006 56 54
is_linear=0
shrinkage=1


Tree=60
num_leaves=31
num_cat=0
split_feature=10 36 46 8 34 35 35 35 35 14 35 34 20 0 49 35 20 34 14 1 49 6 6 35 35 6 4 46 25 35
split_gain=8389.58 6445.19 3563.6 976.158 695.845 246.689 561.566 385.625 603.581 228.258 252.273 130.902 115.086 113.733 97.4008 112.386 86.6311 76.4961 66.1351 87.1419 62.8297 58.103 46.4936 40.6743 52.1907 30.9389 30.8599 28.6541 27.6275 26.3114
threshold=1.5558804064814382 3.5000000000000004 10.500000000000002 -0.46017495063667579 0.98648807812311834 3.9791818576149001 4.9767988934686258 1.9934007713761501 0.021662444967403577 -1.1008513637848429 4.0217238821888719 0.012426962810402731 3.0378547062252426 -0.60371441354094812 14.500000000000002 3.0242857737003104 -0.040922761702758111 1.0087528604538925 -2.535449313321108 0.074863442002516392 11.500000000000002 -0.12011457448581979 -0.79039603016483795 3.0010411422024923 4.9879704741661453 1.1857243389194776 0.51562021838130367 1.5000000000000002 -0.5139511253020993 1.9952054081949948
decision_type=2 2 2 2 2 2 2 2 2 2 2 2 2 2 2 2 2 2 2 2 2 2 2 2 2 2 2 2 2 2
left_child=1 3 -2 4 25 7 17 8 -5 10 18 -12 -4 -8 15 21 -11 -7 19 -3 -10 -6 28 -14 -25 -1 -9 -15 -20 -23
right_child=2 9 12 5 14 6 13 26 20 16 11 -13 23 27 -16 -17 -18 -19 22 -21 -22 29 -24 24 -26 -27 -28 -29 -30 -31
leaf_value=4.9187294308992211 4.8862407529167076 -2.7832222427000093 -2.2007216820170079 -1.404420100386488 2.1252442009866446 4.8481892711840864 5.1980648947290096 -2.0355890333077342 3.8460859923304214 -2.758325058530013 4.1173091456324116 -1.144552178252022 -0.69150810161052023 0.62342470620261903 -2.1558112778982328 5.1980648947290096 -2.3730000472080315 -0.91803013993127103 -2.6085098995940763 2.3906770099669132 -0.91803013993127103 0.33989011542438874 -0.8064595837434384 4.5184987797667571 -0.91803013993127136 1.4913406312985367 -0.20685629869170352 -1.9796564669921186 -2.0221439557121603 -2.5349288272552535
leaf_weight=110.97767550498247 253.34793104231358 5.763481490314005 99.205457992851734 48.315142706036568 8.4612813368439692 37.15606152266264 2.6977998465299597 73.821613982319832 46.598360985517502 2666.2846392318606 10.178063057363035 8.8291631340980512 11.036453917622568 5.0277178958058384 13.734253764152525 5.3955996930599204 746.92267569154501 2.4525453150272361 123.48565661162138 7.4802632108330727 2.9430543780326834 5.7634814903140086 24.648080416023731 4.4145815670490256 2.9430543780326843 2.6977998465299597 10.545944854617117 26.610116668045521 230.04875054955482 7.1123814135789871
leaf_count=905 2066 47 809 394 69 303 22 602 380 21743 83 72 90 41 112 44 6091 20 1007 61 24 47 201 36 24 22 86 217 1876 58
internal_value=-1.78972 -2.18511 2.77454 1.58129 3.5697 0.384824 1.92533 -0.240293 1.11045 -2.58928 -1.88469 1.67309 -1.77475 -1.03453 0.00865093 1.12067 -2.674 4.49115 -2.05745 0.139073 3.56307 0.0896024 -2.13437 0.52265 2.34389 4.83739 -1.807 -1.56599 -2.22696 -1.24811
internal_weight=0 4233.95 370.947 410.311 154.142 256.168 73.9442 182.224 97.8566 3823.64 410.433 19.0072 117.6 34.3356 40.467 26.7327 3413.21 39.6086 391.426 13.2437 49.5414 21.3371 378.182 18.3941 7.35764 113.675 84.3676 31.6378 353.534 12.8759
internal_count=37552 34527 3025 3346 1257 2089 603 1486 798 31181 3347 155 959 280 330 218 27834 323 3192 108 404 174 3084 150 60 927 688 258 2883 105
is_linear=0
shrinkage=1


Tree=61
num_leaves=31
num_cat=0
split_feature=1 36 46 8 34 35 35 35 35 14 35 34 9 34 20 0 49 35 6 6 14 1 38 46 40 49 35 49 34 4
split_gain=8260.68 6295.56 3538.34 1025.45 711.968 262.905 560.995 352.815 599.557 228.422 257.531 166.234 123.884 88.2669 82.4148 72.6363 70.5992 128.273 68.4822 57.256 59.0352 99.3938 55.6819 41.6383 40.8249 47.6445 54.6669 43.6432 35.6032 33.1248
threshold=1.5767129858939295 3.5000000000000004 11.500000000000002 -0.46017495063667579 0.98648807812311834 3.9791818576149001 4.9767988934686258 1.9920083055123479 0.021662444967403577 -1.1008513637848429 4.0217238821888719 0.012426962810402731 1.20733357875903 1.009919008271335 1.0000000180025095e-35 -0.59428276833821314 14.500000000000002 3.0242857737003104 -0.12011457448581979 -0.79039603016483795 -2.535449313321108 0.074863442002516392 76.500000000000014 1.5000000000000002 0.115 11.500000000000002 3.9882573290859553 14.500000000000002 1.0084451898010018 0.51562021838130367
decision_type=2 2 2 2 2 2 2 2 2 2 2 2 2 2 2 2 2 2 2 2 2 2 2 2 2 2 2 2 2 2
left_child=1 3 -2 4 -1 7 13 8 -5 10 19 -12 -4 -7 -11 -8 17 18 -6 20 21 -3 -16 -17 -14 -26 -27 -28 -10 -9
right_child=2 9 12 5 16 6 15 29 28 14 11 -13 24 -15 22 23 -18 -19 -20 -21 -22 -23 -24 -25 25 26 27 -29 -30 -31
leaf_value=4.8718731595471283 4.8523207309762846 -2.9567284848180315 -2.2273556608088549 -1.4390870370115101 2.0800556613727865 4.8707822172889941 4.0330944119365757 -2.1145811478596448 3.8154993504954597 -2.7530314290819886 4.2713838288713895 -1.4740387794458421 -2.2577461951425701 -1.3257698089086232 -2.6261656711077492 1.2252168380266029 -1.8121960806710782 5.1980648947290096 -1.5848940845203983 -0.62678751923316245 -2.2454069439229625 2.6308151270938294 -2.0488324940384524 -1.9796564669921186 4.5940061258736673 -1.8150574116814455 4.8960355103013402 -0.23846402496901797 -0.10255080197656685 -0.29569064517636523
leaf_weight=113.43022082000971 251.63114932179451 6.1313632875680906 98.714948929846287 49.418788097798824 8.3386540710926074 36.665552459657192 2.5751725807785979 71.246441401541233 42.674288481473923 2749.1806708797812 10.791199386119844 9.4422994628548604 4.2919543012976673 2.4525453150272361 366.04238826781511 4.7824633643031147 13.979508295655249 5.6408542245626441 13.121117435395719 25.751725807785988 354.27017075568438 6.6218723505735397 307.30392797291279 26.610116668045521 3.3109361752867725 6.1313632875680906 3.3109361752867699 3.3109361752867699 2.4525453150272361 11.649590246379374
leaf_count=925 2052 50 805 403 68 299 21 581 348 22419 88 77 35 20 2985 39 114 46 107 210 2889 54 2506 217 27 50 27 27 20 95
internal_value=-1.78972 -2.19551 2.72708 1.55396 3.58005 0.304391 1.90057 -0.353056 0.967303 -2.59146 -1.88895 1.59019 -1.76416 4.48228 -2.67623 -1.07259 0.0130769 0.95462 -0.160799 -2.06818 -2.16931 -0.0555039 -2.36268 -1.49141 0.48204 1.21404 0.336553 2.32879 3.60256 -1.85897
internal_weight=0 4240.57 370.702 405.038 154.51 250.528 73.0859 177.442 94.5456 3835.54 413.009 20.2335 119.071 39.1181 3422.53 33.9678 41.0801 27.1006 21.4598 392.775 367.023 12.7532 673.346 31.3926 20.3561 16.0642 12.7532 6.62187 45.1268 82.896
internal_count=37604 34581 3023 3303 1260 2043 596 1447 771 31278 3368 165 971 319 27910 277 335 221 175 3203 2993 104 5491 256 166 131 104 54 368 676
is_linear=0
shrinkage=1


Tree=62
num_leaves=31
num_cat=0
split_feature=10 36 34 8 34 35 35 35 35 14 35 34 9 49 35 20 34 49 6 38 35 35 38 6 14 7 9 38 6 14
split_gain=8561.95 6228.3 3567.15 968.67 746.259 278.136 549.904 394.05 618.49 229.098 260.194 137.111 128.404 87.4367 113.57 80.3336 65.9332 54.4034 54.1787 53.0693 52.1312 53.9562 50.3677 50.2709 46.997 77.4739 35.9293 33.1794 32.7269 30.2135
threshold=1.5558804064814382 3.5000000000000004 0.97832031928938423 -0.46017495063667579 0.98727729154667998 3.9791818576149001 4.9767988934686258 1.9940484146921029 0.021662444967403577 -1.1008513637848429 4.0217238821888719 0.012426962810402731 1.20733357875903 14.500000000000002 3.0242857737003104 -0.0045024683656533131 1.0076758257251435 11.500000000000002 -0.79039603016483795 310.50000000000006 3.9882573290859553 4.9879704741661453 76.500000000000014 -0.4823889180996736 -2.535449313321108 -1.2089240707052638 1.438366478306347 537.50000000000011 1.1857243389194776 0.085520505031384281
decision_type=2 2 2 2 2 2 2 2 2 2 2 2 2 2 2 2 2 2 2 2 2 2 2 2 2 2 2 2 2 2
left_child=1 3 -2 4 28 7 16 8 -5 10 18 -12 -4 14 19 -11 -7 -10 24 -6 -14 -22 -17 -8 25 -3 -24 -27 -1 -9
right_child=2 9 12 5 13 6 23 29 17 15 11 -13 20 -15 -16 22 -18 -19 -20 -21 21 -23 26 -25 -26 27 -28 -29 -30 -31
leaf_value=4.9228750169040261 4.8859196935980229 -2.7903041301333977 -2.2530153505423982 -1.4909301811526139 -1.3562550178041264 4.8446905149486383 2.16914163946868 -1.2015577243194961 3.8243964912224224 -2.7568507244285421 4.0069152999637101 -1.179401722609061 -0.71228993998857071 -2.1698624569670009 5.1980648947290096 -2.6223819562566026 -0.51029047095391911 -0.44756129111124943 -0.69150810161052001 1.7644676822881502 4.7572652525913313 -0.67338633854486019 -2.1452895069192546 -1.4992760510266452 -2.2396985016896802 4.3243370326346859 -0.42320044457040695 -0.36202150041670045 1.6099558077283116 -2.3943289414009938
leaf_weight=109.01563925296068 256.29098542034626 6.0087360218167305 96.630285412073135 48.43776997178793 13.121117435395723 36.788179725408554 4.2919543012976638 37.033434256911278 45.862597391009331 2736.6726897731423 10.913826651871206 9.5649267286062223 13.366371966898443 13.979508295655249 5.0277178958058348 367.88179725408554 2.4525453150272361 3.1883089095354071 26.487489402294159 9.3196721971034986 4.5372088328003874 3.0656816437840462 297.00323764979839 28.817407451570034 351.44974364340305 3.4335634410381299 12.630608372390268 2.6977998465299606 3.0656816437840453 49.78666989505291
leaf_count=889 2090 49 788 395 107 300 35 302 374 22317 89 78 109 114 41 3000 20 26 216 76 37 25 2422 235 2866 28 103 22 25 406
internal_value=-1.78972 -2.19851 2.79362 1.50464 3.49155 0.316098 1.97761 -0.336126 1.04374 -2.59566 -1.88988 1.58456 -1.76625 -0.133915 0.902236 -2.68053 4.51 3.54672 -2.07229 -0.0602172 0.476869 2.56749 -2.37224 -1.02374 -2.17288 -0.238464 -2.07504 2.26234 4.83226 -1.88555
internal_weight=0 4234.93 373.891 410.188 153.529 256.659 72.3501 184.309 97.4887 3824.74 410.556 20.4788 117.6 41.448 27.4685 3414.19 39.2407 49.0509 390.077 22.4408 20.9693 7.60289 677.516 33.1094 363.59 12.1401 309.634 6.13136 112.081 86.8201
internal_count=37584 34535 3049 3345 1252 2093 590 1503 795 31190 3348 167 959 338 224 27842 320 400 3181 183 171 62 5525 270 2965 99 2525 50 914 708
is_linear=0
shrinkage=1


Tree=63
num_leaves=31
num_cat=0
split_feature=10 36 34 8 34 35 35 35 35 14 35 34 20 49 35 9 6 14 23 0 34 49 6 6 35 0 35 35 34 6
split_gain=8202.14 6531.52 3555.53 1003.54 746.931 260.724 521.021 397.646 645.048 214.879 295.932 151.116 115.387 95.6282 132.34 84.3154 77.0896 65.7618 92.7868 64.1525 56.8925 56.6949 50.9841 45.0238 85.983 81.8944 38.3931 71.9878 34.4036 57.7983
threshold=1.5558804064814382 3.5000000000000004 0.97832031928938423 -0.46017495063667579 0.98648807812311834 3.9791818576149001 4.9767988934686258 1.9940484146921029 0.97105081045828856 -1.1008513637848429 4.0217238821888719 0.012426962810402731 3.0378547062252426 14.500000000000002 3.0242857737003104 0.15066954889719533 -0.12011457448581979 -2.535449313321108 -1.7415055952903709 -0.58844038671351928 1.0076758257251435 11.500000000000002 -0.79039603016483795 -0.12680684577949455 4.9893550837878982 -0.59234682296023755 3.0010411422024923 4.9879704741661453 0.99966306389761328 -0.37693072778844022
decision_type=2 2 2 2 2 2 2 2 2 2 2 2 2 2 2 2 2 2 2 2 2 2 2 2 2 2 2 2 2 2
left_child=1 3 -2 4 -1 7 20 8 -5 10 17 -12 -4 14 16 -11 -6 18 -3 -8 -7 -10 -19 24 -17 -26 -14 -28 29 -27
right_child=2 9 12 5 13 6 19 -9 21 15 11 -13 26 -15 -16 23 -18 22 -20 -21 -22 -23 -24 -25 25 28 27 -29 -30 -31
leaf_value=4.8416639353731554 4.8813349650415869 -2.6430825856046836 -2.1758452399886785 -1.4496400880916163 2.1819084392801025 4.8810941273261204 3.9748458877969539 -1.8161979422240395 3.9858658788503951 -2.7930704678057738 4.2919767414460033 -1.0672031895571314 -0.61339705391370947 -2.1274274631691799 5.1980648947290096 -2.3554240224908263 -1.6100653579203548 -2.2857283292880752 2.6774923955962886 -1.345905101203801 -0.10255080197656685 -0.73269392675974743 -0.83107144275600642 -2.6309476443898427 4.7903252257516584 2.6123987012140941 4.9650707981705224 -1.5385035492446328 -2.3095226610444568 -1.2872432260131252
leaf_weight=117.84480238705873 249.42385853827 6.376617819070816 101.16749424487352 48.43776997178793 8.9517903998494166 34.703516207635403 2.4525453150272361 87.678495012223721 45.372088328003883 2205.8192563354969 11.036453917622568 10.05543579161167 10.668572120368482 14.470017358660696 6.0087360218167296 470.64344595372677 13.366371966898443 350.22347098588943 6.7444996163248998 29.798425577580929 2.4525453150272361 2.6977998465299597 25.87435307353735 681.43971578031778 2.4525453150272361 5.0277178958058348 4.2919543012976638 2.8204271122813225 15.451035484671591 15.573662750422956
leaf_count=961 2034 52 825 395 73 283 20 715 370 17988 90 82 87 118 49 3838 109 2856 55 243 20 22 211 5557 20 41 35 23 126 127
internal_value=-1.78972 -2.18439 2.73588 1.58659 3.54221 0.347777 1.99954 -0.274659 1.12585 -2.59474 -1.91118 1.73702 -1.76293 -0.0359572 1.03241 -2.67732 -0.0891088 -2.10888 0.0917924 -0.941285 4.55214 3.72105 -2.18565 -2.46285 -2.23788 -0.801162 0.586389 2.38607 -1.18154 -0.335545
internal_weight=0 4220.95 368.372 414.235 160.642 253.593 69.407 184.186 96.5077 3806.72 410.311 21.0919 118.948 42.7969 28.3269 3396.41 22.3182 389.219 13.1211 32.251 37.1561 48.0699 376.098 1190.59 509.148 38.505 17.781 7.11238 36.0524 20.6014
internal_count=37425 34421 3004 3378 1310 2068 566 1502 787 31043 3346 172 970 349 231 27697 182 3174 107 263 303 392 3067 9709 4152 314 145 58 294 168
is_linear=0
shrinkage=1


Tree=64
num_leaves=31
num_cat=0
split_feature=10 36 46 8 46 35 35 35 35 14 35 46 9 0 46 6 20 14 7 35 6 35 6 35 35 35 4 46 6 28
split_gain=8338.81 6613.78 3609.35 1025.25 685.663 244.88 570.12 415.259 613.185 202.762 270 134.645 120.642 113.107 77.3667 79.6949 76.99 66.8877 90.9311 56.2731 43.1006 42.2518 35.7706 46.171 37.7529 37.5862 28.833 27.305 26.67 26.0375
threshold=1.5558804064814382 3.5000000000000004 7.0000000000000009 -0.46017495063667579 7.0000000000000009 3.9791818576149001 4.9767988934686258 1.9792087498998032 0.021662444967403577 -1.1008513637848429 4.0217238821888719 7.0000000000000009 1.20733357875903 -0.60371441354094812 17.000000000000004 -0.12011457448581979 -0.0045024683656533131 -2.535449313321108 -1.2089240707052638 3.0010411422024923 -0.78140398427176605 4.9879704741661453 1.3050919796108036 3.0242857737003104 1.9952054081949948 4.0057960825460635 0.51562021838130367 1.5000000000000002 1.1857243389194776 -0.44100487207875566
decision_type=2 2 2 2 2 2 2 2 2 2 2 2 2 2 2 2 2 2 2 2 2 2 2 2 2 2 2 2 2 2
left_child=1 3 -2 4 28 7 -7 8 -5 10 17 -12 -4 -8 15 -6 -11 18 -3 -14 -19 -21 23 24 -17 -25 -9 -15 -1 -10
right_child=2 9 12 5 14 6 13 26 29 16 11 -13 19 27 -16 22 -18 20 -20 21 -22 -23 -24 25 -26 -27 -28 -29 -30 -31
leaf_value=4.9579564746114855 4.8966231161076212 -2.786836956077468 -2.1937648271933385 -1.2970846060659953 2.9662267066424515 4.5747685854642679 5.1980648947290096 -2.0375086191686065 4.3544655796034544 -2.7559274615876661 4.0860476156998651 -1.4616830319010738 -0.83648220613580093 0.69146855340037972 -2.4130755928482284 1.3352680307330389 -2.3797106139186739 -2.2691452817542106 2.5266670634980835 4.3825855567743055 -0.78533379795639324 -0.47483484756458449 -2.7421286590404774 5.1980648947290096 -2.4574554207641306 -0.10255080197656752 -0.29954861957236623 -1.9281959864967828 1.7031534463517066 2.8457206506289014
leaf_weight=112.44920269399881 252.12165838479996 5.8861087560653687 100.9222397133708 48.805651769042015 11.649590246379374 38.50496144592762 2.6977998465299597 76.151532031595707 28.449525654315948 2729.0697992965579 10.791199386119844 7.3576359450817099 12.262726575136186 4.6598360985517528 9.1970449313521367 4.6598360985517555 679.35505226254463 353.41177989542484 7.1123814135789853 4.905090630054473 20.724007911980152 2.8204271122813225 4.6598360985517493 2.9430543780326834 6.0087360218167305 2.4525453150272369 10.913826651871203 27.22325299680233 2.5751725807785979 19.129853457212448
leaf_count=917 2056 48 823 398 95 314 22 621 232 22255 88 60 100 38 75 38 5540 2882 58 40 169 23 38 24 49 20 89 222 21 156
internal_value=-1.78972 -2.18973 2.74251 1.61083 3.62713 0.380032 1.92794 -0.236647 1.19329 -2.60143 -1.93275 1.83697 -1.74922 -1.01924 0.146423 0.873553 -2.68094 -2.10948 0.120552 0.495301 -2.18695 2.60924 -0.302802 0.404789 -0.800864 2.78869 -1.81965 -1.54532 4.88509 3.74786
internal_weight=0 4226.84 373.032 413.131 156.595 256.536 73.0859 183.45 96.385 3813.71 405.283 18.1488 120.91 34.5809 41.5706 32.3736 3408.42 387.134 12.9985 19.9882 374.136 7.72552 20.724 16.0642 10.6686 5.3956 87.0654 31.8831 115.024 47.5794
internal_count=37511 34469 3042 3369 1277 2092 596 1496 786 31100 3305 148 986 282 339 264 27795 3157 106 163 3051 63 169 131 87 44 710 260 938 388
is_linear=0
shrinkage=1


Tree=65
num_leaves=31
num_cat=0
split_feature=22 36 46 8 34 35 35 40 35 14 35 9 34 49 35 0 6 20 14 7 34 6 38 35 49 35 4 38 49 6
split_gain=8195.25 6461.84 3389.21 994.689 722.196 274.517 568.919 383.605 604.032 256.553 310.715 143.23 135.403 104.825 117.665 82.8327 79.5108 77.4539 66.9309 100.998 56.5019 54.9671 54.531 45.5235 45.5514 66.7736 43.6198 38.9283 35.7081 33.2273
threshold=-0.59203641594196876 3.5000000000000004 10.500000000000002 -0.46017495063667579 0.98353832436962929 3.9791818576149001 4.9767988934686258 0.20500000000000004 0.021662444967403577 -1.1008513637848429 4.9907561561046512 1.20733357875903 0.020233483296025694 14.500000000000002 3.0242857737003104 -0.59318604656549323 -0.12011457448581979 1.0000000180025095e-35 -2.535449313321108 -1.2089240707052638 1.0057607986244064 -0.79039603016483795 76.500000000000014 3.9882573290859553 11.500000000000002 0.97954578045460716 0.51562021838130367 479.50000000000006 14.500000000000002 1.1857243389194776
decision_type=2 2 2 2 2 2 2 2 2 2 2 2 2 2 2 2 2 2 2 2 2 2 2 2 2 2 2 2 2 2
left_child=2 3 -1 4 29 7 20 8 -5 10 18 -4 -12 14 16 -8 -6 -11 19 -3 -7 -20 -19 24 25 -13 -9 -21 -25 -2
right_child=1 9 11 5 13 6 15 26 -10 17 12 23 -14 -15 -16 -17 -18 22 21 27 -22 -23 -24 28 -26 -27 -28 -29 -30 -31
leaf_value=4.7909181578926816 4.9479726552686412 -2.6430825856046836 -2.1986195525485828 -1.3298370375268511 2.5597493895814361 4.8516194243560964 4.4214179062007197 -2.0740610269349107 3.7153751893568203 -2.7471435282591412 4.1787157222856273 -1.6519615440905049 -1.0657619040535 -2.1343963793174892 5.1980648947290096 -1.4798761404906144 -1.3548940709784341 -2.6336560695081075 -2.2122839323994512 4.9432276016181653 -0.10255080197656685 -0.67818327582694637 -2.0620421486427958 4.9262384487441082 -1.9373793123746512 4.8844189955156594 -0.050069458444828463 0.0086509259263467531 0.30518886700078429 1.3148299520875617
leaf_weight=252.98004924505949 111.95869363099337 6.376617819070816 97.61130353808403 49.173533566296101 8.3386540710926074 37.523943319916725 2.5751725807785979 75.906277500092983 45.862597391009331 2733.9748899266124 11.772217512130739 3.0656816437840479 8.4612813368439657 14.592644624412058 5.7634814903140059 31.147325500845909 13.734253764152529 359.05263411998749 351.9402527064085 3.9240725040435773 2.4525453150272361 25.015962213277817 311.84113680571318 3.6788179725408545 7.8481450080871582 3.188308909535408 12.385353840887545 2.6977998465299606 3.0656816437840462 2.5751725807785979
leaf_count=2063 913 52 796 401 68 306 21 619 374 22295 96 25 69 119 47 254 112 2928 2870 32 20 204 2543 30 64 26 101 22 25 21
internal_value=-1.78972 -2.17523 2.7239 1.5772 3.56074 0.365883 1.99585 -0.289375 1.10488 -2.58242 -1.83529 -1.69046 1.98557 0.0365049 1.17455 -1.02923 0.123971 -2.67243 -2.03354 0.197484 4.54768 -2.11048 -2.36796 0.688944 -0.333012 1.68031 -1.79014 2.93284 2.82576 4.86629
internal_weight=0 4229.05 371.438 413.99 156.963 257.027 73.699 183.328 95.0361 3815.06 410.188 118.458 20.2335 42.429 27.8364 33.7225 22.0729 3404.87 389.955 12.9985 39.9765 376.956 670.894 20.8466 14.1021 6.25399 88.2916 6.62187 6.7445 114.534
internal_count=37516 34487 3029 3376 1280 2096 601 1495 775 31111 3345 966 165 346 227 275 180 27766 3180 106 326 3074 5471 170 115 51 720 54 55 934
is_linear=0
shrinkage=1


Tree=66
num_leaves=31
num_cat=0
split_feature=10 36 34 8 34 35 35 35 35 14 35 34 9 49 35 20 14 1 38 38 34 38 6 14 34 6 35 49 15 4
split_gain=8485.16 6382.46 3565.21 1009.68 708.832 251.396 551.566 389.345 692.777 193.445 291.662 149.776 122.789 118.069 108.93 92.5323 70.7083 84.9879 58.5069 57.0878 47.4702 47.4696 44.1216 41.3136 39.4462 39.1431 35.2422 37.1728 28.653 28.0971
threshold=1.5558804064814382 3.5000000000000004 0.97832031928938423 -0.46017495063667579 0.97293110533848381 3.9791818576149001 4.9767988934686258 1.0283748395157792 0.021662444967403577 -1.1008513637848429 4.0217238821888719 0.012426962810402731 1.4906560138589964 14.500000000000002 3.0242857737003104 -0.040922761702758111 -2.535449313321108 0.074863442002516392 310.50000000000006 76.500000000000014 1.0057607986244064 479.50000000000006 -0.79039603016483795 -0.34616539251105555 1.0107844801911792 -0.11433619929117632 3.9882573290859553 14.500000000000002 -0.61127981597681791 0.51562021838130367
decision_type=2 2 2 2 2 2 2 2 2 2 2 2 2 2 2 2 2 2 2 2 2 2 2 2 2 2 2 2 2 2
left_child=1 3 -2 4 -1 7 20 8 -5 10 16 -12 -4 14 18 -11 17 -3 25 -17 -7 -19 -18 -8 -10 -6 -14 -28 -25 -9
right_child=2 9 12 5 13 6 23 29 24 15 11 -13 26 -15 -16 19 22 21 -20 -21 -22 -23 -24 28 -26 -27 27 -29 -30 -31
leaf_value=4.8389386556726954 4.8954532849819632 -2.9567284848180315 -2.141249146863327 -1.4865133322554638 1.3605150690598125 4.8559057319508128 1.8002343199177426 -2.0288593663118775 4.0143045654399234 -2.7611698905842892 4.2817959756787776 -1.2578131974123976 -0.38741002276896364 -2.3240289984738642 5.1980648947290096 -2.6157008007527245 -2.3054875424233816 4.4990826050535482 2.1819084392801043 -2.0575645859815124 0.30518886700078518 -0.54049340939668622 -0.91803013993127103 0.71292853597813544 -0.10255080197656685 -2.3742432434218137 5.1980648947290096 0.36559474388631807 -1.9426609143044096 -0.35413485304769909
leaf_weight=114.16598441451788 254.45157643407583 5.1503451615571958 103.00690323114395 51.012942552566528 4.1693270355463037 35.071398004889488 4.4145815670490256 76.519413828849792 45.617342859506607 2659.0496305525303 10.913826651871206 8.8291631340980512 8.951790399849413 14.224762827157972 5.5182269588112822 401.72692260146141 350.10084372013807 4.2919543012976646 8.951790399849413 336.97972628474236 2.4525453150272361 3.3109361752867699 24.525453150272369 4.9050906300544765 2.4525453150272361 8.5839086025953328 3.0656816437840453 3.3109361752867699 23.667062290012836 11.526962980628012
leaf_count=931 2075 42 840 416 34 286 36 624 372 21684 89 72 73 116 45 3276 2855 35 73 2748 20 27 200 40 20 70 25 27 193 94
internal_value=-1.78972 -2.19075 2.7865 1.54172 3.55297 0.326925 1.93615 -0.279434 1.0803 -2.59614 -1.94475 1.80446 -1.7483 0.0108443 1.23087 -2.67419 -2.13583 0.179731 0.222259 -2.36109 4.55847 2.30443 -2.21466 -1.04687 3.80426 -1.15326 0.892334 2.6889 -1.48677 -1.80961
internal_weight=0 4218.13 372.787 413.254 155.614 257.64 70.5107 187.129 99.0828 3804.88 407.123 19.743 118.335 41.448 27.2233 3397.76 387.38 12.7532 21.705 738.707 37.5239 7.60289 374.626 32.9867 48.0699 12.7532 15.3284 6.37662 28.5722 88.0464
internal_count=37438 34398 3040 3370 1269 2101 575 1526 808 31028 3320 161 965 338 222 27708 3159 104 177 6024 306 62 3055 269 392 104 125 52 233 718
is_linear=0
shrinkage=1


Tree=67
num_leaves=31
num_cat=0
split_feature=10 9 46 8 46 42 20 42 35 40 40 35 20 20 6 35 6 35 49 38 46 38 46 35 42 42 35 35 35 33
split_gain=8170.57 5077.9 3497.42 845.84 586.846 271.034 270.768 220.62 182.544 663.046 333.306 731.066 150.831 145.344 92.3251 158.896 85.2895 93.8081 72.0657 86.9916 63.9107 56.3509 55.3062 54.9482 54.4675 366.409 50.8698 56.1725 46.085 39.2275
threshold=1.5558804064814382 1.20733357875903 7.0000000000000009 -0.46017495063667579 7.0000000000000009 0.84375000000000011 1.0000000180025095e-35 0.21875000000000003 3.983238646376297 0.43500000000000005 0.13500000000000004 0.021662444967403577 1.6343327039563078 3.0378547062252426 -0.76586299214389519 4.9833386475289503 -0.76586299214389519 4.9926867981921381 14.500000000000002 183.50000000000003 7.0000000000000009 76.500000000000014 7.0000000000000009 3.9856373390822757 0.71875000000000011 0.21875000000000003 3.0010411422024923 4.9879704741661453 0.97954578045460716 0.14072336805770561
decision_type=2 2 2 2 2 2 2 2 2 2 2 2 2 2 2 2 2 2 2 2 2 2 2 2 2 2 2 2 2 2
left_child=1 6 -2 4 5 24 16 -8 10 -10 11 -5 14 -4 15 -9 17 -1 19 23 -17 -16 -19 -6 25 -3 -15 -28 -21 -27
right_child=2 3 13 8 18 -7 7 12 9 -11 -12 -13 -14 26 21 20 -18 22 -20 28 -22 -23 -24 -25 -26 29 27 -29 -30 -31
leaf_value=-2.2765290370366147 4.8831768335385792 4.8557649257109858 -2.2329905723832315 -1.612337385369929 -1.8319293979839566 -1.90449708100551 1.8002343199177426 -1.662451112338055 4.4802133648393045 -1.304023693229831 -1.7775036357177918 3.8661931966367997 3.1593665498422498 -0.61439421622473267 -2.5784586732532819 4.8356296334158095 -2.7512967813855482 3.316189499448924 -2.0732925353671021 -1.4740387794458421 -1.1033663531027949 -1.9777366870180033 -1.4930476218224087 2.3948546705097145 5.0084185370651255 -2.0616901870628683 4.7903252257516584 -0.54049340939668622 3.0641002720438029 2.2326854839846315
leaf_weight=263.15811230242252 247.70707681775093 49.664042629301548 98.101812601089478 56.531169511377811 14.224762827157976 7.6028904765844336 14.71527189016342 118.21268418431282 34.826143473386765 45.985224656760693 110.2419119104743 42.796915747225285 5.3955996930599204 11.526962980628015 341.0264260545373 5.5182269588112813 2721.0990270227194 4.7824633643031103 14.71527189016342 2.6977998465299597 2.6977998465299606 288.05144724994898 4.782463364303112 3.9240725040435782 52.729724273085594 10.05543579161167 4.9050906300544721 3.3109361752867699 13.121117435395716 2.6977998465299597
leaf_count=2146 2020 405 800 461 116 62 120 964 284 375 899 349 44 94 2781 45 22190 39 120 22 22 2349 39 32 430 82 40 27 107 22
internal_value=-1.78972 -2.178 2.74971 0.951769 2.71313 3.87831 -2.56144 -2.03488 -0.0880871 1.18873 -0.580434 0.748165 -2.10905 -1.73478 -2.14668 -1.3669 -2.69786 -2.16472 -0.22477 0.576034 2.88551 -2.30339 0.911571 -0.91803 4.26013 3.62799 0.740787 2.64208 2.29015 -1.15326
internal_weight=0 4231.25 365.552 461.814 171.433 122.75 3769.44 775.617 290.381 80.8114 209.57 99.3281 760.902 117.845 755.507 126.429 2993.82 272.723 48.683 33.9678 8.21603 629.078 9.56493 18.1488 115.147 62.4173 19.743 8.21603 15.8189 12.7532
internal_count=37486 34505 2981 3766 1398 1001 30739 6325 2368 659 1709 810 6205 961 6161 1031 24414 2224 397 277 67 5130 78 148 939 509 161 67 129 104
is_linear=0
shrinkage=1


Tree=68
num_leaves=31
num_cat=0
split_feature=10 36 34 8 34 35 35 35 35 14 35 34 20 0 20 34 38 34 6 7 38 35 40 35 35 38 6 34 14 6
split_gain=8346.31 6549.27 3523.27 991.8 733.858 236.747 544.325 395.014 644.608 212.198 272.162 131.417 123.584 105.561 77.5057 63.8067 62.1747 56.3978 54.6877 84.6088 56.7391 53.907 54.7524 49.7095 65.364 48.9514 47.9691 45.321 36.3728 31.1512
threshold=1.5558804064814382 3.5000000000000004 0.97832031928938423 -0.46017495063667579 0.97293110533848381 3.9791818576149001 4.9767988934686258 1.9920083055123479 0.021662444967403577 -1.1008513637848429 4.9833386475289503 0.012426962810402731 3.0378547062252426 -0.59944417186536914 -0.040922761702758111 1.0074056550133761 290.50000000000006 1.0076758257251435 -1.1961339953951045 -1.2089240707052638 479.50000000000006 3.9997245898215072 0.51500000000000012 3.0010411422024923 4.9998896849899142 76.500000000000014 -0.79039603016483795 1.0143180601563879 -0.53253111656290664 1.1857243389194776
decision_type=2 2 2 2 2 2 2 2 2 2 2 2 2 2 2 2 2 2 2 2 2 2 2 2 2 2 2 2 2 2
left_child=1 3 -2 4 29 7 17 8 -5 10 18 -12 -4 -8 -11 16 21 -7 19 -3 -21 -6 -23 -14 -25 -16 -20 -10 -15 -1
right_child=2 9 12 5 15 6 13 -9 27 14 11 -13 23 28 25 -17 -18 -19 26 20 -22 22 -24 24 -26 -27 -28 -29 -30 -31
leaf_value=4.9171678138404147 4.8948533992076904 -2.7968305754151483 -2.2024100972099299 -1.4053287687090821 -1.6237334131613035 4.8570979241556138 5.1980648947290096 -1.8221485363593126 3.8992596828429273 -2.7582785793513005 4.1427386926699796 -1.025330052820048 -0.74075202298459653 1.7479600033821847 -2.6314445188435203 -2.1320864576728251 2.3998514801785542 -0.10255080197656685 -2.2689066204549868 4.7038349929382814 -0.99957807372674168 5.1980648947290096 -1.1033663531027949 4.9776650736601713 -0.99957807372674168 -2.1152449687630162 -0.8706185505152999 -0.51029047095391911 -1.8115872868390852 1.7479600033821847
leaf_weight=113.92072988301516 250.65013119578362 6.2539905533194542 98.101812601089478 50.277178958058357 12.753235638141637 35.19402527064085 2.5751725807785979 84.612813368439674 46.966242782771587 2670.6992207989097 10.423317588865759 9.3196721971034986 11.281708449125292 3.1883089095354071 396.57657743990421 10.913826651871203 12.507981106638907 2.4525453150272361 353.28915262967348 4.0466997697949392 3.0656816437840462 2.8204271122813216 2.6977998465299606 4.5372088328003874 3.0656816437840462 342.25269871205091 26.364862136542797 2.4525453150272361 28.817407451570034 3.1883089095354071
leaf_count=929 2044 51 800 410 104 287 21 690 383 21779 85 76 92 26 3234 89 102 20 2881 33 25 23 22 37 25 2791 215 20 235 26
internal_value=-1.78972 -2.18719 2.77992 1.58415 3.54821 0.368338 1.90292 -0.233038 1.11565 -2.597 -1.91981 1.70315 -1.75146 -0.961407 -2.67898 -0.0545814 0.682064 4.53399 -2.10181 -0.113773 2.24547 -0.493871 2.11737 0.591136 2.56749 -2.39232 -2.1718 3.68042 -1.457 4.83089
internal_weight=0 4237.63 367.637 415.339 158.802 256.536 72.2275 184.309 99.696 3822.29 412.763 19.743 116.986 34.5809 3409.53 41.6933 30.7794 37.6466 393.02 13.3664 7.11238 18.2715 5.51823 18.8846 7.60289 738.829 379.654 49.4188 32.0057 117.109
internal_count=37555 34557 2998 3387 1295 2092 589 1503 813 31170 3366 161 954 282 27804 340 251 307 3205 109 58 149 45 154 62 6025 3096 403 261 955
is_linear=0
shrinkage=1


Tree=69
num_leaves=31
num_cat=0
split_feature=10 36 34 2 34 14 35 35 35 40 35 34 49 35 34 20 9 0 38 35 35 14 7 14 25 2 38 35 35 14
split_gain=8246.38 6443.53 3659.55 937.717 691.876 212.878 254.085 207.242 564.525 321.786 611.824 144.794 103.732 130.095 100.05 99.4768 83.7068 73.5171 67.721 64.7258 87.9031 62.6092 87.187 54.9053 51.4246 157.762 47.8453 46.8764 55.1989 45.5367
threshold=1.5558804064814382 3.5000000000000004 0.97832031928938423 -0.56666727637951553 0.021781756258076639 -1.1008513637848429 4.0217238821888719 3.9791818576149001 4.9767988934686258 0.20500000000000004 0.98846071523332968 0.012426962810402731 14.500000000000002 3.0242857737003104 1.0094107126578027 3.2691905703001995 0.14419241178071365 -0.59428276833821314 76.500000000000014 1.9998374040016007 0.0034082372997701446 -2.535449313321108 -1.2089240707052638 -1.1636813060323103 2.0809740309278992 -0.78888807744659928 479.50000000000006 3.9882573290859553 4.9879704741661453 0.9339492431873897
decision_type=2 2 2 2 2 2 2 2 2 2 2 2 2 2 2 2 2 2 2 2 2 2 2 2 2 2 2 2 2 2
left_child=1 3 -2 4 24 6 21 9 14 10 -5 -8 13 19 -9 -4 -7 -10 -18 20 -6 22 -3 -23 -1 -26 -24 -17 -29 -20
right_child=2 5 15 7 12 16 11 8 17 -11 -12 -13 -14 -15 -16 27 18 -19 29 -21 -22 23 26 -25 25 -27 -28 28 -30 -31
leaf_value=4.8922601429959958 4.8812200815363127 -2.7903041301333977 -2.1805378106190769 -1.4006205693972191 -1.2216660636378105 -2.7949215874266491 4.2155596682775567 4.8776980119610904 3.9748458877969539 -1.7131822803123242 3.6746419556927497 -1.2399298785976016 -2.0157907871779881 5.1980648947290096 -1.7335094778859752 -0.94595751451876098 -2.6854577145264646 -1.7201409641490129 -2.0398019564957561 -1.5564104297442971 4.0535324905820556 -2.2702788849330027 4.49908260505355 -0.76416611390208167 4.7903252257516566 -0.70713031114988212 -0.67338633854486019 4.9432276016181653 -1.0151110134973074 -2.6805177413172445
leaf_weight=98.101812601089478 252.48954018205404 6.0087360218167305 104.35580315440893 50.767688021063805 5.7634814903140121 2187.7930482700467 10.178063057363035 34.335634410381317 2.4525453150272361 83.63179524242878 44.636324733495712 9.3196721971034986 15.941544547677038 6.2539905533194533 2.4525453150272361 8.951790399849413 659.8573170080781 29.921052843332291 410.06557667255402 12.140099309384821 6.9897541478276253 351.08186184614897 4.2919543012976629 25.996980339288712 19.620362520217899 7.1123814135789862 3.0656816437840462 3.9240725040435782 2.5751725807785988 152.05780953168869
leaf_count=800 2059 49 851 414 47 17841 83 280 20 682 364 76 130 51 20 73 5381 244 3344 99 57 2863 35 212 160 58 25 32 21 1240
internal_value=-1.78972 -2.18712 2.72154 1.53007 3.32514 -2.59597 -1.91512 0.286655 1.75686 -0.281286 0.973924 1.6079 0.0588462 1.12067 4.43695 -1.82991 -2.67782 -1.2887 -2.46818 0.0962976 1.66955 -2.09105 0.0358562 -2.16644 4.55722 3.3277 2.34389 0.538183 2.58238 -2.21312
internal_weight=0 4239.84 372.296 420.121 171.923 3819.72 409.943 248.198 69.1618 179.036 95.404 19.4977 47.0889 31.1473 36.7882 119.807 3409.77 32.3736 1221.98 24.8933 12.7532 390.445 13.3664 377.079 124.835 26.7327 7.35764 15.451 6.49925 562.123
internal_count=37611 34575 3036 3426 1402 31149 3343 2024 564 1460 778 159 384 254 300 977 27806 264 9965 203 104 3184 109 3075 1018 218 60 126 53 4584
is_linear=0
shrinkage=1


Tree=70
num_leaves=31
num_cat=0
split_feature=10 36 46 8 34 35 35 35 35 14 35 34 0 9 34 9 34 38 38 34 6 14 7 38 6 35 40 35 35 38
split_gain=8172.32 6476.71 3535.24 972.969 747.05 227.509 537.716 403.038 625.813 207.715 283.561 160.746 104.947 100.651 87.0105 84.1536 73.5124 78.2011 68.1681 48.6492 46.8263 47.1062 69.8002 45.7274 43.1282 41.8568 50.563 53.194 39.9405 36.4855
threshold=1.5558804064814382 3.5000000000000004 11.500000000000002 -0.46017495063667579 0.98353832436962929 3.9791818576149001 4.9767988934686258 1.9934007713761501 0.021662444967403577 -1.1008513637848429 4.991648342291179 0.012426962810402731 -0.60371441354094812 1.4906560138589964 1.0094107126578027 0.22308993566552213 1.0221258843581886 47.500000000000007 76.500000000000014 1.0087528604538925 -0.79039603016483795 -2.535449313321108 -1.2089240707052638 80.500000000000014 1.3050919796108036 3.0242857737003104 0.20500000000000004 0.97105081045828856 3.990213710336878 479.50000000000006
decision_type=2 2 2 2 2 2 2 2 2 2 2 2 2 2 2 2 2 2 2 2 2 2 2 2 2 2 2 2 2 2
left_child=1 3 -2 4 -1 7 14 8 -5 10 20 -12 -8 -4 -7 -11 17 -6 -17 -10 21 22 -3 -20 25 26 27 -19 -15 -24
right_child=2 9 13 5 16 6 12 -9 19 15 11 -13 -14 28 -16 18 -18 24 23 -21 -22 -23 29 -25 -26 -27 -28 -29 -30 -31
leaf_value=4.8579184329083311 4.8828647541915124 -2.786836956077468 -2.132522257396511 -1.4200211896772572 -1.7445294689394171 4.832505191507936 5.1980648947290096 -1.8479627183006704 3.8354387516170365 -2.7910863093164546 4.3640519354571516 -1.3257698089086232 -1.6030988145288463 -0.55825984377478388 -1.3257698089086232 -2.6832935983243438 -2.2237133495778476 -0.57824708245014689 -0.4259305394413635 -0.62678751923316245 -0.84389565466266159 -2.2764537503406972 4.2919767414460068 -2.2435494222339889 -2.1800814962897417 4.2748807385538736 -0.77240882958221668 4.6662305438889842 3.0101935002163889 -0.44756129111124987
leaf_weight=114.65649347752333 247.46182228624821 5.8861087560653687 103.12953049689531 48.805651769042015 9.0744176656007749 35.561907067894936 2.4525453150272361 83.877049773931503 47.702006377279758 2269.9533163234591 10.791199386119844 9.1970449313521367 30.288934640586376 8.3386540710926038 2.4525453150272361 621.72023735940456 10.913826651871203 2.9430543780326897 14.224762827157972 2.5751725807785979 26.977998465299606 352.79864356666803 3.3109361752867681 513.19510716944933 2.5751725807785979 6.499245084822177 6.8671268820762625 5.640854224562645 5.0277178958058348 3.188308909535408
leaf_count=935 2018 48 841 398 74 290 20 684 389 18511 88 75 247 68 20 5070 89 24 116 21 220 2877 27 4185 21 53 56 46 41 26
internal_value=-1.78972 -2.19309 2.74448 1.56994 3.50805 0.354062 1.87679 -0.23482 1.13076 -2.59862 -1.92798 1.74604 -1.09365 -1.79789 4.4352 -2.67946 0.0311159 0.763524 -2.45896 3.60689 -2.11524 -2.20916 -0.292291 -2.19453 1.6915 2.14571 1.25011 2.86812 0.784002 1.96692
internal_weight=0 4244.13 363.958 412.886 159.17 253.716 70.7559 182.96 99.0828 3831.24 412.15 19.9882 32.7415 116.496 38.0145 3419.09 44.5137 33.5999 1149.14 50.2772 392.162 365.184 12.3854 527.42 24.5255 21.9503 15.451 8.58391 13.3664 6.49925
internal_count=37578 34610 2968 3367 1298 2069 577 1492 808 31243 3361 163 267 950 310 27882 363 274 9371 410 3198 2978 101 4301 200 179 126 70 109 53
is_linear=0
shrinkage=1


Tree=71
num_leaves=31
num_cat=0
split_feature=1 36 46 8 46 35 35 35 35 14 35 9 46 49 35 9 0 14 7 14 14 35 0 40 14 49 35 49 46 14
split_gain=8265.2 6276.81 3395.83 1002.39 694.726 234.681 555.783 327.202 662.143 217.103 245.413 151.519 128.61 89.519 110.777 82.042 77.5064 62.7796 98.9645 52.7993 47.3301 72.3924 73.9821 42.9917 41.4614 40.9511 44.3542 38.8547 38.3446 34.3906
threshold=1.5767129858939295 3.5000000000000004 10.500000000000002 -0.46017495063667579 7.0000000000000009 3.9791818576149001 4.9767988934686258 1.9920083055123479 0.021662444967403577 -1.1008513637848429 4.0217238821888719 1.4906560138589964 7.0000000000000009 14.500000000000002 3.0242857737003104 0.15066954889719533 -0.59428276833821314 -2.535449313321108 -1.2089240707052638 0.078415301289438341 0.078415301289438341 4.9767988934686258 -0.59944417186536914 0.32500000000000007 -1.1636813060323103 11.500000000000002 0.97954578045460716 11.500000000000002 1.5000000000000002 1.4193562136708875
decision_type=2 2 2 2 2 2 2 2 2 2 2 2 2 2 2 2 2 2 2 2 2 2 2 2 2 2 2 2 2 2
left_child=1 3 -2 4 29 7 -7 8 -5 10 17 -4 -12 14 19 -11 -8 18 -3 -6 21 -17 -23 25 -19 26 -13 -10 -18 -1
right_child=2 9 11 5 13 6 16 -9 27 15 12 23 -14 -15 -16 20 28 24 -20 -21 -22 22 -24 -25 -26 -27 -28 -29 -30 -31
leaf_value=4.9244141101804519 4.8264844026673366 -2.7936326172270904 -2.1304285525116966 -1.5350695905628571 2.0267563582384907 4.5686680902673249 4.3825855567743055 -1.7165446996932303 3.9188816195059446 -2.790827130917223 3.8857992934225876 -1.3257698089086236 -1.2170392305146627 -2.0671146615947178 5.1980648947290096 -2.3446407878387383 1.120668204955487 -2.2437567321820717 2.7818298193076649 -1.0968633280792326 -2.637850465671618 4.3825855567743055 -1.2880908956037853 3.0838592037353325 -0.90798729094168107 -2.1800814962897417 4.4889524269423084 0.0086509259263471971 -1.9188456910574989 1.4604512624366159
leaf_weight=109.62877558171749 250.28224939852953 6.1313632875680923 101.65800330787897 50.645060755312443 8.8291631340980583 36.54292519390583 2.4525453150272361 85.471204228699207 43.777933873236179 2224.2133461982012 10.668572120368482 2.4525453150272387 9.1970449313521367 13.488999232649801 5.2729724273085585 470.52081868797541 4.9050906300544765 349.24245285987854 6.621872350573538 13.979508295655249 683.6470065638423 2.4525453150272361 37.15606152266264 6.6218723505735388 24.893334947526455 5.1503451615571976 2.8204271122813225 2.6977998465299597 26.977998465299606 2.9430543780326834
leaf_count=894 2041 50 829 413 72 298 20 697 357 18138 87 20 75 110 43 3837 40 2848 54 114 5575 20 303 54 203 42 23 22 220 24
internal_value=-1.78972 -2.19758 2.73726 1.53282 3.54375 0.309923 1.85432 -0.28958 0.966221 -2.59514 -1.9045 -1.6678 1.52337 0.0502012 1.06725 -2.67732 -1.03453 -2.08051 0.101319 0.11228 -2.46585 -2.23534 -0.936965 1.09133 -2.15488 -0.174505 1.78443 3.6919 -1.45123 4.83385
internal_weight=0 4232.36 368.985 407.613 154.142 253.471 70.8786 182.592 97.1208 3824.74 406.755 118.703 19.8656 41.5706 28.0816 3417.99 34.3356 386.889 12.7532 22.8087 1193.78 510.129 39.6086 17.0452 374.136 10.4233 5.27297 46.4757 31.8831 112.572
internal_count=37523 34514 3009 3324 1257 2067 578 1489 792 31190 3317 968 162 339 229 27873 280 3155 104 186 9735 4160 323 139 3051 85 43 379 260 918
is_linear=0
shrinkage=1


Tree=72
num_leaves=31
num_cat=0
split_feature=10 36 46 8 34 14 35 35 35 35 35 34 49 35 36 9 6 38 49 6 15 14 9 34 6 10 46 38 35 35
split_gain=8353.23 6628.66 3671.42 1028.93 688.962 226.266 290.981 225.619 593.61 387.108 649.979 146.773 111.56 103.539 103.387 76.755 72.4353 62.5484 61.219 52.5783 51.8083 42.4302 45.2508 40.9323 38.7932 59.0725 37.8208 37.5926 35.2084 60.9145
threshold=1.5558804064814382 3.5000000000000004 10.500000000000002 -0.46017495063667579 0.98353832436962929 -1.1008513637848429 4.0217238821888719 3.9791818576149001 4.9767988934686258 1.9940484146921029 0.021662444967403577 0.012426962810402731 14.500000000000002 3.9913359125606456 3.5000000000000004 0.14419241178071365 -0.12011457448581979 76.500000000000014 11.500000000000002 -0.79039603016483795 -0.59515345067833725 0.9339492431873897 1.438366478306347 1.0057607986244064 -1.1961339953951045 0.12169557320831886 1.5000000000000002 479.50000000000006 3.0010411422024923 4.9998896849899142
decision_type=2 2 2 2 2 2 2 2 2 2 2 2 2 2 2 2 2 2 2 2 2 2 2 2 2 2 2 2 2 2
left_child=1 3 -2 4 -1 6 19 9 23 10 -5 -8 13 16 28 -7 -6 -17 -12 24 -10 22 -19 -9 25 -3 -22 -27 -4 -30
right_child=2 5 14 7 12 15 11 8 20 -11 18 -13 -14 -15 -16 17 -18 21 -20 -21 26 -23 -24 -25 -26 27 -28 -29 29 -31
leaf_value=4.8557860540344855 4.906540880194477 -2.3742432434218141 -0.77240882958221713 -1.4302154384003587 2.5186327843064089 -2.790220110433383 4.1570274420208744 4.939638343968717 1.7549299122535924 -1.7520430992031275 3.9370143721186426 -1.3744551425178591 -2.183429112619605 5.1980648947290096 -2.2449634766281399 -2.6860173282422437 -1.2611773861003299 -2.1252294405050027 -0.67338633854485974 -0.67818327582694637 1.120668204955487 -2.681184380279837 -0.28657490036457545 0.71292853597813721 -2.2381942429838166 4.809741400464862 -2.0506403315350266 -0.47483484756458449 4.4785243024160355 -1.2092727606293798
leaf_weight=116.86378426104784 253.83844010531902 6.8671268820762617 13.734253764152529 49.78666989505291 8.5839086025953311 2186.0762665495276 11.526962980628015 34.826143473386765 5.5182269588112822 86.32959508895874 47.579379111528397 8.216026805341242 14.224762827157972 5.3955996930599204 98.347067132592201 657.52739895880222 12.385353840887548 393.26564126461744 3.0656816437840453 25.015962213277817 4.4145815670490292 152.42569132894278 13.856881029903887 2.4525453150272361 350.71398004889488 2.5751725807785988 25.383844010531902 2.8204271122813225 4.1693270355463019 3.4335634410381317
leaf_count=953 2070 56 112 406 70 17827 94 284 45 704 388 67 116 44 802 5362 101 3207 25 204 36 1243 113 20 2860 21 207 23 34 28
internal_value=-1.78972 -2.17971 2.75377 1.6065 3.623 -2.59382 -1.88986 0.382303 1.87829 -0.199198 1.1356 1.85511 0.0736026 1.29135 -1.81205 -2.67816 0.286113 -2.47689 3.65793 -2.08042 -1.05961 -2.23114 -2.06265 4.66157 -2.17706 -0.428743 -1.58082 2.04735 0.183336 1.90984
internal_weight=0 4227.7 373.523 416.81 157.453 3810.89 407.736 259.357 72.5953 186.761 100.432 19.743 40.5896 26.3649 119.684 3403.15 20.9693 1217.08 50.6451 387.993 35.3167 559.548 407.123 37.2787 362.977 12.2627 29.7984 5.3956 21.3371 7.60289
internal_count=37522 34476 3046 3399 1284 31077 3325 2115 592 1523 819 161 331 215 976 27752 171 9925 413 3164 288 4563 3320 304 2960 100 243 44 174 62
is_linear=0
shrinkage=1


Tree=73
num_leaves=31
num_cat=0
split_feature=10 36 49 2 49 14 35 49 35 35 35 40 49 36 49 35 20 38 14 10 38 6 6 35 35 0 2 6 38 6
split_gain=8444.08 6422.27 3523.26 911.67 691.105 216.181 271.492 200.774 400.677 396.908 589.89 292.711 157.294 143.534 142.86 132.386 71.0167 67.7782 59.0557 98.8232 58.4714 49.3337 47.8632 47.3454 63.9876 42.0713 125.57 36.5578 36.5364 34.2829
threshold=1.5558804064814382 3.5000000000000004 7.5000000000000009 -0.56666727637951553 7.5000000000000009 -1.1008513637848429 4.9833386475289503 14.500000000000002 3.9791818576149001 1.9920083055123479 0.021662444967403577 0.51500000000000012 14.500000000000002 3.5000000000000004 14.500000000000002 3.0242857737003104 1.0000000180025095e-35 377.50000000000006 -2.535449313321108 -1.0000000180025095e-35 73.500000000000014 -0.36642938278979548 -0.79039603016483795 3.0010411422024923 4.9998896849899142 1.0746291346168835 -0.78888807744659928 0.024874964287968922 31.500000000000004 -0.38305834642917436
decision_type=2 2 2 2 2 2 2 2 2 2 2 2 2 2 2 2 2 2 2 2 2 2 2 2 2 2 2 2 2 2
left_child=1 3 -2 4 25 6 18 8 9 10 -5 -10 -8 23 15 17 -7 29 19 -3 -18 -13 -20 -4 -25 -1 -27 -19 -12 -6
right_child=2 5 13 7 14 16 12 -9 11 -11 28 21 -14 -15 -16 -17 20 27 22 -21 -22 -23 -24 24 -26 26 -28 -29 -30 -31
leaf_value=4.8229049087450058 4.8892911648238311 -2.5420779739936052 -0.57183608136559516 -1.3076982446326186 1.6303427911771728 -2.7570536536628003 4.0702743209618646 -2.1686602170466784 4.8083137405594822 -1.8185389326645034 1.3924946509403906 3.5671062188196019 -1.4545297043751553 -2.2042911904458604 -2.3389411075796191 5.1980648947290096 -2.6668661609004825 4.7038349929382814 -2.2712117033499788 2.9147227484558393 -2.0750419134848266 -1.3419179146106965 -0.80183489747658521 4.6291258217373574 -0.91803013993127125 4.7752237565302735 -0.44756129111124943 0.56966865228339136 4.1354706058789414 -1.7574941642964077
leaf_weight=101.29012151062489 252.6121674478054 7.235008679330349 12.998490169644358 44.268442936241627 3.9240725040435853 2729.437681093812 11.526962980628015 29.18528924882412 33.354616284370422 74.680004842579365 5.5182269588112822 2.4525453150272361 9.3196721971034986 98.347067132592201 16.186799079179764 6.8671268820762625 362.2409430295229 4.0466997697949392 350.10084372013807 6.1313632875680906 309.63384602218866 12.385353840887545 23.667062290012836 5.2729724273085576 3.4335634410381317 16.554680876433853 6.3766178190708152 4.5372088328003883 40.466997697949409 12.50798110663891
leaf_count=826 2060 59 106 361 32 22258 94 238 272 609 45 20 76 802 132 56 2954 33 2855 50 2525 101 193 43 28 135 52 37 330 102
internal_value=-1.78972 -2.19606 2.76961 1.54155 3.30012 -2.60286 -1.91501 0.291157 0.628002 -0.113161 1.29795 3.16455 1.60036 -1.69061 0.080516 1.30886 -2.68536 0.24123 -2.10431 -0.0389584 -2.39412 -0.530509 -2.17817 0.636909 2.44152 4.546 3.3229 2.51863 3.80631 -0.948458
internal_weight=0 4223.9 372.664 414.603 172.291 3809.29 407.981 242.311 213.126 164.934 90.2537 48.1925 20.8466 120.052 48.0699 31.8831 3401.31 25.016 387.134 13.3664 671.875 14.8379 373.768 21.705 8.70654 124.221 22.9313 8.58391 45.9852 16.4321
internal_count=37484 34445 3039 3381 1405 31064 3327 1976 1738 1345 736 393 170 979 392 260 27737 204 3157 109 5479 121 3048 177 71 1013 187 70 375 134
is_linear=0
shrinkage=1


Tree=74
num_leaves=31
num_cat=0
split_feature=10 36 46 2 34 14 35 35 35 40 35 34 20 0 9 25 2 38 46 34 38 14 10 6 6 9 35 35 32 14
split_gain=8353.12 6529.5 3677.82 821.692 668.947 230.623 270.222 217.987 496.549 390.025 652.701 150.589 107.215 83.408 73.7353 68.3316 135.738 65.4182 65.0625 64.7765 63.664 56.7659 76.4407 57.8086 53.5183 46.9345 44.5701 62.7044 31.7877 31.4406
threshold=1.5558804064814382 3.5000000000000004 10.500000000000002 -0.56666727637951553 0.98353832436962929 -1.1008513637848429 4.0217238821888719 3.9791818576149001 4.9767988934686258 0.20500000000000004 0.021662444967403577 0.012426962810402731 3.0378547062252426 -0.59428276833821314 0.15066954889719533 2.1723644713187356 -0.78888807744659928 76.500000000000014 17.000000000000004 1.0057607986244064 76.500000000000014 -2.535449313321108 0.095874528290207969 -0.79039603016483795 1.3050919796108036 1.438366478306347 3.0010411422024923 4.9998896849899142 1.1762215137112713 0.9339492431873897
decision_type=2 2 2 2 2 2 2 2 2 2 2 2 2 2 2 2 2 2 2 2 2 2 2 2 2 2 2 2 2 2
left_child=1 3 -2 4 15 6 21 9 19 10 -5 -8 -4 -10 -7 -1 -17 -6 24 -9 -16 22 -3 -23 28 29 -14 -28 -19 -22
right_child=2 5 12 7 17 14 11 8 13 -11 -12 -13 26 -15 20 16 -18 18 -20 -21 25 23 -24 -25 -26 -27 27 -29 -30 -31
leaf_value=4.8557649257109858 4.9355203273874952 -2.2413957322261857 -2.1684966665085916 -1.3639954028752499 -1.7232303265672184 -2.7897392263642273 4.3346161839534378 4.8125655713322413 4.4214179062007108 -1.7639378113917477 3.9692604128794557 -1.2170392305146627 -0.84930997100250416 -1.5260629796343399 -2.6934193367203143 4.6113891120277817 -0.3620215004167 0.93102184729160165 -1.9188456910574989 -0.51029047095391911 -2.1309931990464186 -2.2467551451488301 2.6496919636205587 -0.70844432877468821 -2.0830006227237057 -0.61864087250034827 4.7450208180875073 -1.0748530895379451 3.3655270566285513 -2.6793545603436422
leaf_weight=99.328085258603096 251.38589479029179 6.9897541478276235 102.76164869964123 47.088870048522949 14.592644624412058 2203.7345928177238 10.423317588865759 33.722498081624508 2.5751725807786014 82.160268053412437 44.758951999247074 9.1970449313521367 10.913826651871206 27.959016591310501 641.83110894262791 17.0451899394393 8.0933995395898801 10.545944854617128 6.7444996163249007 2.4525453150272361 380.26715109497309 353.5344071611762 5.8861087560653687 26.242234870791435 3.4335634410381308 17.535699002444744 4.4145815670490256 3.188308909535408 10.913826651871203 144.20966452360153
leaf_count=810 2050 57 838 384 119 17971 85 275 21 670 365 75 89 228 5234 139 66 86 55 20 3101 2883 48 214 28 143 36 26 89 1176
internal_value=-1.78972 -2.18594 2.75351 1.59829 3.27653 -2.59566 -1.88947 0.408214 1.94514 -0.180995 1.23499 1.73228 -1.76938 -1.02447 -2.68161 4.48301 3.01019 0.0283152 0.836199 4.45169 -2.48031 -2.07045 -0.00546993 -2.14046 1.58264 -2.22796 0.445603 2.30443 2.16914 -2.28177
internal_weight=0 4211.27 372.664 411.414 170.697 3799.85 412.273 240.717 66.7092 174.008 91.8478 19.6204 121.278 30.5342 3387.58 124.467 25.1386 46.2305 31.6378 36.175 1183.84 392.653 12.8759 379.777 24.8933 542.013 18.5167 7.60289 21.4598 524.477
internal_count=37381 34342 3039 3355 1392 30987 3362 1963 544 1419 749 160 989 249 27625 1015 205 377 258 295 9654 3202 105 3097 203 4420 151 62 175 4277
is_linear=0
shrinkage=1


Tree=75
num_leaves=31
num_cat=0
split_feature=10 47 34 20 8 46 46 20 6 35 38 8 1 20 35 40 35 40 34 20 49 35 40 40 35 38 3 20 34 20
split_gain=8360.52 3969.47 3623.78 850.909 533.404 329.324 327.985 275.009 187.612 236.112 160.063 146.512 132.916 129.405 123.6 320.49 239.308 320.018 101.922 98.3365 91.8919 95.3796 260.618 94.2217 393.114 83.236 90.452 92.6039 57.1095 56.4676
threshold=1.5558804064814382 3.5000000000000004 0.97293110533848381 1.256850614797951 -0.46017495063667579 11.500000000000002 1.5000000000000002 0.38075400311006619 -0.76586299214389519 4.0217238821888719 76.500000000000014 -0.44762302496442236 -0.24507504731177424 3.0378547062252426 0.021662444967403577 0.13500000000000004 3.9791818576149001 0.43500000000000005 0.020233483296025694 1.0253361774956704 14.500000000000002 3.0242857737003104 0.43500000000000005 0.13500000000000004 0.9924989910198615 76.500000000000014 2.0102934819448914 -0.18400631605888315 1.000003548035634 1.0782049407445249
decision_type=2 2 2 2 2 2 2 2 2 2 2 2 2 2 2 2 2 2 2 2 2 2 2 2 2 2 2 2 2 2
left_child=1 8 -2 6 5 -5 7 25 9 29 -8 12 -9 -4 -6 -16 -17 -18 -11 -14 21 23 -23 24 -12 26 -3 -28 -7 -1
right_child=2 3 13 4 14 28 10 11 -10 18 20 -13 19 -15 15 16 17 -19 -20 -21 -22 22 -24 -25 -26 -27 27 -29 -30 -31
leaf_value=-2.200281663506829 4.9189277130330229 -2.2883027979699131 -2.2271942731673771 4.4007694871232097 -1.6534510040685042 1.0258450261235463 -2.3449177278135149 4.8478590440736156 -2.7123829753522664 4.0654547031252513 -1.8415430653927949 0.18437711322971784 -0.33821684918366079 0.5669476668380975 3.9340719208992181 -1.5554274744901389 4.7152152867295136 -1.070932515797778 -0.95145142427367702 4.5323674759904762 -2.2011725486938647 5.014811110918961 -1.20118268783221 -1.7343825821022008 4.7450208180875073 0.20837396843082012 -1.7021448879646404 2.2660043537682761 -2.4951364067304631 0.13646900397567396
leaf_weight=337.10235355049372 250.77275846153498 44.881579264998436 100.06384885311127 71.491695933043957 26.855371199548244 15.81891728192568 124.22142020612955 19.988244317471981 3151.2754752784967 8.8291631340980548 28.694780185818672 33.109361752867699 13.366371966898443 19.865617051720619 24.525453150272369 51.380824349820614 18.639344394207001 19.620362520217896 7.4802632108330718 6.0087360218167296 38.382334180176258 10.913826651871206 17.658326268196106 57.266933105885983 13.243744701147078 53.710742399096489 12.753235638141634 10.913826651871203 6.499245084822177 10.668572120368479
leaf_count=2749 2045 366 816 583 219 129 1013 163 25698 72 234 270 109 162 200 419 152 160 61 49 313 89 144 467 108 438 104 89 53 87
internal_value=-1.78972 -2.19574 2.75675 -0.0565056 1.50605 3.35391 -0.8129 0.191186 -2.63386 -1.9542 -1.48625 1.73469 3.0387 -1.76436 0.276824 0.730885 -0.1455 1.74796 1.76447 1.17228 -0.844306 -0.436725 1.17317 -0.90039 0.238424 -0.723771 -1.45415 0.127727 0.000504279 -2.1286
internal_weight=0 4235.3 370.702 719.945 234.831 93.8099 485.113 194.732 3515.36 364.08 290.381 72.4727 39.3634 119.929 141.021 114.166 89.6405 38.2597 16.3094 19.3751 166.16 127.778 28.5722 99.2055 41.9385 122.259 68.5486 23.6671 22.3182 347.771
internal_count=37561 34538 3023 5871 1915 765 3956 1588 28667 2969 2368 591 321 978 1150 931 731 312 133 158 1355 1042 233 809 342 997 559 193 182 2836
is_linear=0
shrinkage=1


Tree=76
num_leaves=31
num_cat=0
split_feature=1 47 34 42 2 34 42 42 35 40 40 35 14 40 47 34 34 38 46 46 33 6 6 35 34 38 4 35 40 6
split_gain=8283.58 4012.71 3419.48 925.809 677.142 463.94 423.406 1004.03 209.043 757.071 357.117 770.563 185.921 215.707 118.953 101.606 92.2429 68.003 83.5425 60.9868 47.5905 40.8574 39.672 39.7542 38.4343 42.1343 38.2692 37.7083 73.741 37.6752
threshold=1.5767129858939295 3.5000000000000004 0.97832031928938423 0.84375000000000011 -0.59813068903507383 0.019102268688333989 0.65625000000000011 0.21875000000000003 3.0242857737003104 0.43500000000000005 0.13500000000000004 0.021662444967403577 -1.1008513637848429 0.52500000000000013 3.5000000000000004 1.009919008271335 0.012426962810402731 159.50000000000003 17.000000000000004 2.5000000000000004 -0.29987561754510828 -0.79039603016483795 1.5007394701121848 0.97105081045828856 1.0104761314418131 28.500000000000004 0.77309440272530938 3.9882573290859553 0.52500000000000013 -0.39224279142266311
decision_type=2 2 2 2 2 2 2 2 2 2 2 2 2 2 2 2 2 2 2 2 2 2 2 2 2 2 2 2 2 2
left_child=1 12 -2 4 5 6 7 -3 10 15 11 -6 13 21 -4 -10 -15 -7 22 29 -14 -1 23 -19 25 -13 -9 -16 -29 -11
right_child=2 3 14 -5 8 17 -8 26 9 19 -12 24 20 16 27 -17 -18 18 -20 -21 -22 -23 -24 -25 -26 -27 -28 28 -30 -31
leaf_value=-2.2089493183161704 4.8218116790626819 4.4059878335809533 -2.2282336095784956 -2.1803772491414279 -1.6096667009852164 -1.4684011760033622 4.7572652525913313 -2.1952869343181569 4.9321477193089969 1.7577614377326003 -1.9291217583224545 1.0041711566762457 -2.7786541675629386 3.9809315544981083 -0.67566739963004796 -1.7335094778859752 -0.85226567719298851 -1.4740387794458432 -2.117264460452895 -2.1224096902109082 -2.4928136540731018 -0.83127701887226002 -1.7021448879646404 2.6533066769980178 -0.10255080197656685 4.3128406133966006 0.10131903251210916 4.1107591107894059 -1.791758002025597 -1.0953082568779458
leaf_weight=324.96225424110889 252.48954018205404 55.550151385366917 91.970449313521385 161.00959993153811 69.03915061801672 32.250970892608166 63.520923659205437 40.712252229452133 33.84512534737587 7.8481450080871609 136.23889224976301 4.2919543012976638 2375.4127648696303 8.216026805341242 17.535699002444748 2.4525453150272361 7.6028904765844336 2.6977998465299704 8.3386540710926038 37.15606152266264 771.6933833733201 23.053925961256027 3.1883089095354071 17.29044447094202 2.4525453150272361 37.278688788414001 8.8291631340980512 5.5182269588112813 3.4335634410381317 11.281708449125288
leaf_count=2650 2059 453 750 1313 563 263 518 332 276 64 1111 35 19371 67 143 20 62 22 68 303 6293 188 26 141 20 304 72 45 28 92
internal_value=-1.78972 -2.18545 2.74219 -0.0612056 0.532959 1.85008 2.71901 1.48702 -0.362287 0.920849 -0.838809 0.475007 -2.63032 -1.95353 -1.69046 4.48177 1.658 -0.447561 0.597111 -1.37552 -2.70856 -2.11769 1.57371 2.09624 3.74429 3.97124 -1.78599 0.176826 1.84678 0.0751819
internal_weight=0 4246.21 370.947 735.273 574.263 232.379 168.612 105.092 341.885 92.5836 249.301 113.062 3510.94 363.835 118.458 36.2977 15.8189 63.7662 31.5152 56.2859 3147.11 348.016 23.1766 19.9882 44.0232 41.5706 49.5414 26.4875 8.95179 19.1299
internal_count=37652 34627 3025 5996 4683 1895 1375 857 2788 755 2033 922 28631 2967 966 296 129 520 257 459 25664 2838 189 163 359 339 404 216 73 156
is_linear=0
shrinkage=1


Tree=77
num_leaves=31
num_cat=0
split_feature=1 36 49 8 49 35 35 35 35 14 35 9 49 0 9 49 35 6 23 10 49 33 6 6 6 35 4 6 35 35
split_gain=8304.9 6286.27 3506.59 1052.55 688.174 263.589 547.626 395.988 616.437 219.717 278.531 159.845 148.233 101.238 82.0034 72.9818 107.338 70.2599 91.6848 69.6843 54.3351 51.732 50.9406 42.294 41.7809 41.4512 43.1855 41.3495 53.0299 39.6822
threshold=1.5767129858939295 3.5000000000000004 7.5000000000000009 -0.46017495063667579 7.5000000000000009 3.9791818576149001 4.9767988934686258 1.9920083055123479 0.021662444967403577 -1.1008513637848429 4.991648342291179 1.20733357875903 14.500000000000002 -0.60371441354094812 0.22308993566552213 14.500000000000002 3.0242857737003104 -1.1961339953951045 -1.7415055952903709 1.5558804064814382 11.500000000000002 -1.0000000180025095e-35 -0.79039603016483795 -0.12011457448581979 1.1857243389194776 3.9882573290859553 0.50501056618910456 -0.12680684577949455 4.9991424286896304 4.9879704741661453
decision_type=2 2 2 2 2 2 2 2 2 2 2 2 2 2 2 2 2 2 2 2 2 2 2 2 2 2 2 2 2 2
left_child=1 3 19 4 24 7 -7 8 -5 10 17 -4 -12 -8 -11 16 23 18 -3 21 -10 -2 -19 -6 -1 26 -13 28 -16 -27
right_child=2 9 11 5 15 6 13 -9 20 14 12 25 -14 -15 27 -17 -18 22 -20 -21 -22 -23 -24 -25 -26 29 -28 -29 -30 -31
leaf_value=4.9379009695289398 -1.8447112057888893 -2.7713922716465076 -2.2554563268717258 -1.4458149906379958 1.7706879670932953 4.5542654173963477 5.1980648947290096 -1.9071016141832637 3.9188816195059446 -2.7930664350006955 4.1343961930489588 2.4021357360271636 -1.4740387794458421 -1.4711653497842681 -2.339007251838424 -1.8996256393211928 5.1980648947290096 -2.266599165996261 2.7818298193076649 4.8890495944213708 -0.91803013993127103 4.4214179062007197 -0.82276386213282426 -1.0863630307934808 1.1206682049554892 4.7183711665203596 -1.4083499950306184 -2.629324140955176 -1.0833300057329003 -0.021002868181096979
leaf_weight=111.46818456798792 2.6977998465299606 5.3955996930599213 99.818594321608543 48.315142706036568 8.4612813368439692 37.278688788414001 2.4525453150272361 86.697476886212826 43.777933873236179 2260.756271392107 11.281708449125292 4.2919543012976673 8.0933995395898801 31.637834563851357 458.13546484708786 13.243744701147078 4.905090630054473 355.00593435019255 6.621872350573538 249.17860400676727 2.4525453150272361 2.5751725807785979 26.242234870791435 13.366371966898443 2.9430543780326834 4.1693270355463019 9.6875539943575841 659.73468974232674 36.297670662403107 3.0656816437840462
leaf_count=909 22 44 814 394 69 304 20 707 357 18436 92 35 66 258 3736 108 40 2895 54 2032 20 21 214 109 24 34 79 5380 296 25
internal_value=-1.78972 -2.20175 2.70529 1.53467 3.59172 0.277478 1.90532 -0.363526 1.05192 -2.59906 -1.90981 -1.72566 1.79163 -0.991365 -2.68234 0.0200212 0.971039 -2.09217 0.288546 4.81292 3.66228 1.21549 -2.16722 0.0211455 4.83971 0.767137 -0.238464 -2.46547 -2.24682 2.71016
internal_weight=0 4234.56 375.485 407 154.388 252.612 71.3691 181.243 94.5456 3827.56 412.641 121.033 19.3751 34.0904 3414.92 39.9765 26.7327 393.266 12.0175 254.452 46.2305 5.27297 381.248 21.8277 114.411 21.2145 13.9795 1154.17 494.433 7.23501
internal_count=37594 34532 3062 3319 1259 2060 582 1478 771 31213 3365 987 158 278 27848 326 218 3207 98 2075 377 43 3109 178 933 173 114 9412 4032 59
is_linear=0
shrinkage=1


Tree=78
num_leaves=31
num_cat=0
split_feature=1 36 46 8 46 35 35 35 35 14 35 46 36 0 49 35 20 14 1 6 6 38 49 38 48 49 35 49 12 46
split_gain=8352.06 6358.15 3418.91 991.823 745.649 265.978 512.19 354.728 621.379 235.379 296.864 135.492 123.021 110.803 99.2205 117.8 74.2693 67.7991 96.2027 62.127 60.0336 54.0039 49.9997 43.6527 41.1084 48.373 50.7787 60.8956 36.4243 30.5592
threshold=1.5767129858939295 3.5000000000000004 10.500000000000002 -0.46017495063667579 7.0000000000000009 3.9791818576149001 4.9767988934686258 1.9934007713761501 0.97105081045828856 -1.1008513637848429 4.0217238821888719 7.0000000000000009 3.5000000000000004 -0.60371441354094812 14.500000000000002 3.0242857737003104 -0.040922761702758111 -2.535449313321108 0.074863442002516392 -0.79039603016483795 -1.0000000180025095e-35 76.500000000000014 11.500000000000002 377.50000000000006 11.500000000000002 11.500000000000002 3.0022294741910618 14.500000000000002 -0.31754989214260126 13.500000000000002
decision_type=2 2 2 2 2 2 2 2 2 2 2 2 2 2 2 2 2 2 2 2 2 2 2 2 2 2 2 2 2 2
left_child=1 3 -2 4 -1 7 29 8 -5 10 17 -12 24 -8 15 20 -11 18 -3 -19 23 -18 -10 -6 -4 -26 -27 -28 -15 -7
right_child=2 9 12 5 14 6 13 -9 22 16 11 -13 -14 28 -16 -17 21 19 -20 -21 -22 -23 -24 -25 25 26 27 -29 -30 -31
leaf_value=4.8419983041417591 4.8123652078585408 -2.9567284848180315 -2.2577461951425701 -1.5618296172639321 0.25576587682171104 4.8770100372665279 5.1980648947290096 -1.7967294265609843 3.8694749621061768 -2.7600694804881187 4.1458334909164858 -1.1578770040355959 -2.15864331091004 0.21458005167248384 -2.183429112619605 5.1980648947290096 -2.6528387407696199 -2.2542234292663346 2.7225026187950863 -0.61525315801739566 -1.5686785478738541 -2.1115211652795605 -0.47483484756458405 4.2386774383117114 5.1980648947290007 -1.5719522505553263 4.7320767016120353 -0.91803013993127125 -2.2025279410448944 2.5292234250590693
leaf_weight=115.14700254052877 254.08369463682175 5.2729724273085576 4.2919543012976673 46.598360985517502 8.0933995395898837 31.147325500845909 2.6977998465299597 86.206967823207378 43.655306607484818 2669.5955754071474 11.404335714876654 8.3386540710926038 97.733930803835392 8.8291631340980548 14.224762827157972 5.5182269588112822 398.17073189467192 348.75194379687309 6.8671268820762634 24.770707681775093 11.526962980628015 343.11108957231045 2.8204271122813216 4.1693270355463019 2.5751725807786014 6.4992450848221761 4.2919543012976646 3.4335634410381317 21.2145169749856 6.7444996163249007
leaf_count=939 2072 43 35 380 66 254 22 703 356 21770 93 68 797 72 116 45 3247 2844 56 202 94 2798 23 34 21 53 35 28 173 55
internal_value=-1.78972 -2.19529 2.7417 1.55386 3.50913 0.312391 1.95597 -0.335146 1.0186 -2.59669 -1.87633 1.90576 -1.68596 -0.940937 -0.0164086 1.03537 -2.68231 -2.06994 0.255766 -2.14553 0.0697928 -2.40228 3.60584 1.60996 0.504318 1.20995 0.487969 2.22092 -1.49219 4.45912
internal_weight=0 4224.88 372.91 408.594 158.68 249.914 70.6333 179.281 93.0741 3816.28 405.406 19.743 118.826 32.7415 43.5327 29.3079 3410.88 385.663 12.1401 373.523 23.7897 741.282 46.4757 12.2627 21.0919 16.7999 14.2248 7.72552 30.0437 37.8918
internal_count=37494 34453 3041 3332 1294 2038 576 1462 759 31121 3306 161 969 267 355 239 27815 3145 99 3046 194 6045 379 100 172 137 116 63 245 309
is_linear=0
shrinkage=1


Tree=79
num_leaves=31
num_cat=0
split_feature=10 36 46 2 46 35 35 40 35 14 35 46 0 36 49 35 9 38 6 6 10 6 9 35 49 46 0 2 6 35
split_gain=8433.2 6461.4 3647.51 891.743 674.194 230.947 468.229 414.476 612.828 225.099 269.314 139.016 114.04 107.895 100.75 130.353 75.4693 67.9505 66.5398 61.1328 76.722 60.8491 49.2684 46.9221 57.6093 39.1248 34.7043 99.8448 32.0662 29.5885
threshold=1.5558804064814382 3.5000000000000004 10.500000000000002 -0.59813068903507383 7.0000000000000009 3.9791818576149001 4.9767988934686258 0.20500000000000004 0.021662444967403577 -1.1008513637848429 4.0217238821888719 7.0000000000000009 -0.60371441354094812 3.5000000000000004 14.500000000000002 3.0242857737003104 0.26590638302857345 76.500000000000014 -0.79039603016483795 -1.1961339953951045 0.095874528290207969 -0.12011457448581979 1.438366478306347 3.0022294741910618 14.500000000000002 1.5000000000000002 1.2323544894841565 -0.77388129802179073 1.1857243389194776 1.9911460657946018
decision_type=2 2 2 2 2 2 2 2 2 2 2 2 2 2 2 2 2 2 2 2 2 2 2 2 2 2 2 2 2 2
left_child=1 3 -2 4 26 7 -7 8 -5 10 18 -12 -8 23 15 21 -11 -18 19 20 -3 -6 -19 -4 -25 -14 28 -28 -1 -23
right_child=2 9 13 5 14 6 12 -9 -10 16 11 -13 25 -15 -16 -17 17 22 -20 -21 -22 29 -24 24 -26 -27 27 -29 -30 -31
leaf_value=4.8886418901195139 4.9213632289179134 -2.2413957322261857 -0.977409703374575 -1.3051247623781244 1.9980826825016886 4.413411236215893 5.1980648947290007 -1.8742337884179816 3.777968950005778 -2.7819222999911126 4.0985421918687326 -1.3021327266490665 1.2308681154899062 -2.2395984137523368 -2.1274274631691799 5.1980648947290096 -2.692211072592007 -2.2456426057109611 -0.53337007485829746 -2.2663157212477754 2.7161712574755614 0.58883385411546341 -0.55497427029390289 4.7183711665203614 -0.4649860632897691 -1.9682686812365717 4.7059652942390997 -0.43262577210108999 1.3148299520875617 -2.3129290074853701
leaf_weight=100.18647611886263 252.98004924505949 6.9897541478276235 12.630608372390272 48.43776997178793 9.6875539943575877 35.684534333646297 2.8204271122813251 83.141286179423332 46.47573371976614 2356.8960477411747 10.913826651871206 8.4612813368439657 4.537208832800391 97.61130353808403 14.470017358660696 6.1313632875680915 574.63136731088161 462.67267367988825 25.996980339288712 353.41177989542484 5.640854224562645 5.6408542245626476 17.90358079969883 4.169327035546301 4.4145815670490265 24.280198618769646 14.224762827157976 5.1503451615571967 2.5751725807785979 9.3196721971034986
leaf_count=817 2063 57 103 395 79 291 23 678 379 19220 89 69 37 796 118 50 4686 3773 212 2882 46 46 146 34 36 198 116 42 21 76
internal_value=-1.78972 -2.19238 2.77476 1.56644 3.34606 0.352463 1.93021 -0.24408 1.18388 -2.59816 -1.8994 1.74002 -0.870619 -1.79536 0.0488322 1.07193 -2.68241 -2.46014 -2.07927 -2.18906 -0.0273367 0.0455338 -2.18266 0.248624 2.05264 -1.46457 4.56762 3.34001 4.79908 -1.21882
internal_weight=0 4236.28 371.806 412.763 167.386 245.377 67.3224 178.055 94.9135 3823.52 411.414 19.3751 31.6378 118.826 45.2495 30.7794 3412.1 1055.21 392.039 366.042 12.6306 24.6481 480.576 21.2145 8.58391 28.8174 122.137 19.3751 102.762 14.9605
internal_count=37578 34546 3032 3366 1365 2001 549 1452 774 31180 3355 158 258 969 369 251 27825 8605 3197 2985 103 201 3919 173 70 235 996 158 838 122
is_linear=0
shrinkage=1


Tree=80
num_leaves=31
num_cat=0
split_feature=36 20 34 36 20 34 8 46 6 7 34 20 9 20 35 35 35 35 34 38 6 31 35 35 34 3 6 3 6 35
split_gain=7670.77 1987.41 1106 1079.03 1466.5 1131.74 892.667 514.02 349.519 641.05 309.968 299.677 336.46 297.656 177.356 214.095 204.349 321.134 170.49 163.757 150.876 126.307 133.482 120.811 81.0821 206.358 289.445 84.201 109.027 78.9407
threshold=3.5000000000000004 0.18684069925012592 0.99402496213297376 4.5000000000000009 1.430240551954153 0.021781756258076639 -0.46017495063667579 11.500000000000002 -0.76586299214389519 -0.13121633294570381 0.017182436605504794 0.29690196887347592 0.15066954889719533 2.5916498239349286 3.9856373390822757 4.9833386475289503 1.0283748395157792 0.98315651167700135 1.0120985102739253 183.50000000000003 -0.11724790844140019 -0.76368561874325935 4.9833386475289503 4.0217238821888719 0.97293110533848381 -0.72396178320460325 -0.39224279142266311 -0.83702033600345571 0.38396609677856236 0.97954578045460716
decision_type=2 2 2 2 2 2 2 2 2 2 2 2 2 2 2 2 2 2 2 2 2 2 2 2 2 2 2 2 2 2
left_child=2 8 6 4 21 11 -1 -6 9 23 -11 12 -5 14 16 -16 17 -8 19 20 -4 22 -3 -2 25 26 -10 28 -28 -21
right_child=1 3 18 5 7 -7 13 -9 24 10 -12 -13 -14 -15 15 -17 -18 -19 -20 29 -22 -23 -24 -25 -26 -27 27 -29 -30 -31
leaf_value=4.8520628461791766 -2.234067933297196 -1.3740547697085728 1.292952572129018 3.7977468396552756 4.1096073038148919 -2.2137755088072382 -1.3009328747577185 -1.6691295301527092 3.196433792476554 3.5795562850479175 -2.4416889029519027 4.5126705969626197 -1.6206323943837704 3.5437512019808035 4.9280386238830811 -0.071186212055232234 -1.7077961654279439 3.7866583482689449 -2.1714520853060941 -1.3257698089086232 -1.7037784603563766 -2.3491693754146921 3.1248123406068804 0.92273632681114348 -2.7971641513717471 -2.5833243662301451 2.9398144203929042 -2.2324540728187876 -1.9859197491576692 2.057103808348451
leaf_weight=147.39797343313694 301.66307374835014 74.557377576828003 26.119607605040073 24.280198618769646 57.880069434642792 56.531169511377811 24.157571353018284 20.969262443482876 13.488999232649801 32.128343626856804 11.649590246379374 71.491695933043957 21.705026037991047 51.380824349820614 18.516717128455639 15.941544547677038 40.834879495203495 25.506471276283264 33.109361752867699 7.9707722738385192 47.088870048522949 370.33434256911278 7.2350086793303481 12.630608372390268 1704.641621209681 1247.9776835516095 7.9707722738385227 74.557377576828003 10.300690323114393 51.258197084069252
leaf_count=1202 2460 608 213 198 472 461 197 171 110 262 95 583 177 419 151 130 333 208 270 65 384 3020 59 103 13901 10177 65 608 84 418
internal_value=-1.78972 -2.22723 1.96067 -0.698522 -1.40675 1.46261 3.03581 2.5728 -2.54262 -1.60784 1.97726 3.23172 1.24027 1.51763 0.684519 2.61523 -0.0506165 1.31195 -0.141815 0.365595 -0.634593 -2.10077 -0.976104 -2.1072 -2.65205 -2.46939 -1.13201 -1.76098 0.16289 1.60185
internal_weight=0 4121.99 489.283 704.984 530.976 174.008 323.736 78.8493 3417.01 358.072 43.7779 117.477 45.9852 176.338 124.957 34.4583 90.4989 49.664 165.547 132.437 73.2085 452.127 81.7924 314.294 3058.94 1354.3 106.318 92.8288 18.2715 59.229
internal_count=37604 33614 3990 5749 4330 1419 2640 643 27865 2920 357 958 375 1438 1019 281 738 405 1350 1080 597 3687 667 2563 24945 11044 867 757 149 483
is_linear=0
shrinkage=1


Tree=81
num_leaves=31
num_cat=0
split_feature=10 36 34 8 34 35 35 35 35 6 35 34 9 0 20 34 6 34 38 6 10 38 35 6 9 34 38 35 4 35
split_gain=8299.3 6602.68 3603.74 969.609 727.072 279.947 520.322 411.73 638.48 188.036 255.454 141.763 136.206 97.2661 88.418 75.7824 64.1837 57.8393 57.0752 56.0307 91.3592 52.3643 49.5232 43.4162 38.3731 36.0653 35.9005 35.5588 30.596 30.075
threshold=1.5558804064814382 3.5000000000000004 0.97832031928938423 -0.46017495063667579 0.98600231353177492 3.9791818576149001 4.9767988934686258 1.9934007713761501 0.021662444967403577 -0.76586299214389519 4.0217238821888719 0.012426962810402731 1.5107152646468711 -0.60371441354094812 1.0000000180025095e-35 1.0221258843581886 1.3050919796108036 1.0052227388570085 76.500000000000014 -1.1961339953951045 0.12169557320831886 76.500000000000014 3.0010411422024923 -0.79039603016483795 1.438366478306347 1.0087528604538925 400.50000000000006 0.97954578045460716 0.51562021838130367 4.9998896849899142
decision_type=2 2 2 2 2 2 2 2 2 2 2 2 2 2 2 2 2 2 2 2 2 2 2 2 2 2 2 2 2 2
left_child=1 3 -2 4 -1 7 17 8 -5 10 19 -12 -4 -8 -11 16 18 -7 -6 20 -3 -16 -14 -21 -23 -10 -22 -20 -9 -24
right_child=2 9 12 5 15 6 13 28 25 14 11 -13 22 -15 21 -17 -18 -19 27 23 26 24 29 -25 -26 -27 -28 -29 -30 -31
leaf_value=4.8281744777242395 4.8848764275514611 -2.5275288332629238 -2.1678615261905203 -1.389262117459841 -0.75273027412964222 4.91783144526004 5.1980648947290096 -2.062331791577388 3.8285576096142395 -2.7545796471902406 4.0601867487457 -1.3710742165727734 -0.54474734438862482 -1.3525068363825479 -2.6073561740995927 -2.3672253489471609 -2.7363286637491924 -0.10255080197656685 -0.76120719032459827 -2.2948409888714454 4.9068222740308993 -2.1168660437351132 4.7183711665203596 -0.93782332774570565 -0.29393880986389553 -0.10255080197656685 -0.10255080197656752 2.8948026424905327 -0.29755673061790922 0.30518886700078429
leaf_weight=116.25064793229103 252.24428565055132 6.9897541478276235 105.21419401466846 50.399806223809719 9.0744176656007784 35.684534333646297 2.4525453150272361 76.028904765844345 48.192515440285206 2745.5018529072404 10.545944854617121 8.8291631340980512 8.7065358683466894 29.921052843332291 360.64678857475519 10.178063057363032 4.5372088328003874 2.4525453150272361 3.1883089095354107 353.5344071611762 3.4335634410381317 295.28645592927933 4.1693270355463019 25.26121674478054 12.017472043633459 2.4525453150272361 2.4525453150272369 16.064171813428402 11.281708449125288 2.4525453150272369
leaf_count=948 2057 57 858 411 74 291 20 620 393 22389 86 72 71 244 2941 83 37 20 26 2883 28 2408 34 206 98 20 20 131 92 20
internal_value=-1.78972 -2.18575 2.73553 1.587 3.52818 0.392493 2.09215 -0.243773 1.13056 -2.59825 -1.95927 1.58518 -1.76213 -0.856251 -2.6752 0.0170993 0.755528 4.59498 1.31483 -2.13461 -0.0831346 -2.3489 1.02281 -2.20434 -2.04558 3.63819 2.81958 2.28935 -1.8343 3.08386
internal_weight=0 4242.66 372.787 418.159 159.293 258.866 70.5107 188.355 101.045 3824.5 411.047 19.3751 120.543 32.3736 3413.45 43.0422 32.8641 38.1371 28.3269 391.671 12.8759 667.951 15.3284 378.796 307.304 50.6451 5.88611 19.2525 87.3106 6.62187
internal_count=37638 34598 3040 3410 1299 2111 575 1536 824 31188 3352 158 983 264 27836 351 268 311 231 3194 105 5447 125 3089 2506 413 48 157 712 54
is_linear=0
shrinkage=1


Tree=82
num_leaves=31
num_cat=0
split_feature=10 9 34 8 34 42 42 14 40 38 14 49 40 40 40 40 34 42 9 40 40 34 38 6 14 23 40 40 20 6
split_gain=8452.87 4967.59 3515.27 926.075 638.704 304.728 288.1 224.808 283.145 161.904 148.522 139.561 139.233 242.064 312.337 167.26 135.505 110.569 107.294 79.7522 141.858 66.9111 85.0743 63.2271 64.7273 76.1481 60.6037 181.661 59.5244 47.0219
threshold=1.5558804064814382 1.20733357875903 0.97832031928938423 -0.46017495063667579 0.020233483296025694 0.84375000000000011 0.21875000000000003 -1.1008513637848429 0.52500000000000013 156.50000000000003 0.085520505031384281 14.500000000000002 0.41500000000000004 0.13500000000000004 0.10500000000000002 0.43500000000000005 0.020233483296025694 0.21875000000000003 1.0002313641118341 0.38500000000000006 0.43500000000000005 1.0094107126578027 163.50000000000003 -0.79039603016483795 -2.535449313321108 -1.7415055952903709 0.13500000000000004 0.080000000000000016 1.5494495093338505 -0.23683160362885972
decision_type=2 2 2 2 2 2 2 2 2 2 2 2 2 2 2 2 2 2 2 2 2 2 2 2 2 2 2 2 2 2
left_child=1 6 -2 4 5 -3 29 8 23 10 19 12 13 14 -11 -14 -10 -4 -9 26 -21 22 -6 24 25 -8 27 -5 -20 -1
right_child=2 3 17 9 21 -7 7 18 16 11 -12 -13 15 -15 -16 -17 -18 -19 28 20 -22 -23 -24 -25 -26 -27 -28 -29 -30 -31
leaf_value=3.5938432462935253 4.8860897484896793 4.3825855567743055 1.2581085428130234 -1.6253336473409634 -1.0151110134973074 -1.87741759634857 -2.7670821271541466 -2.7139981549927104 4.1227075259975301 -0.86706268130910202 -1.8412142961064077 -1.7633440878111473 5.0745074192813249 -1.32065708578665 4.4979058671921432 -0.43833641172262161 -1.3002860795975386 -2.0867563892274328 -1.9859197491576692 4.578713498814043 -0.70713031114988212 -2.4362097584639648 2.0616059025955322 -0.57824708245014445 -2.2578280336029004 2.2856386877479244 -1.5733260365020154 3.2144665051094576 2.3752518018088797 0.033362421015884047
leaf_weight=7.4802632108330727 253.22530377656221 115.26962980628014 10.913826651871203 18.026208065450191 20.60138064622879 8.3386540710926038 5.2729724273085594 3172.2447377219796 11.15908118337393 19.620362520217896 77.990941017866135 20.110871583223343 16.186799079179767 39.118097774684429 24.280198618769646 8.3386540710926038 7.8481450080871573 104.60105768591166 169.96139033138752 9.6875539943575877 10.668572120368479 11.526962980628012 15.941544547677038 26.487489402294159 349.11982559412718 6.8671268820762617 27.468507528305054 13.611626498401167 3.1883089095354071 7.357635945081709
leaf_count=61 2065 940 89 147 168 68 43 25869 91 160 636 164 132 319 198 68 64 853 1386 79 87 94 130 216 2847 56 224 111 26 60
internal_value=-1.78972 -2.19177 2.80071 0.922545 2.75745 3.96028 -2.56942 -2.58681 -1.88483 -0.182345 -0.86087 0.654568 1.10672 0.48828 2.10015 3.20014 1.88354 -1.77073 -2.67216 0.101319 1.80842 -0.335545 0.327081 -2.06955 -2.1789 0.0910226 -0.486604 0.456906 -1.90561 1.82832
internal_weight=0 4223.77 368.74 456.787 171.678 123.608 3766.99 3752.15 406.755 285.108 157.453 127.655 107.544 83.0187 43.9006 24.5255 19.0072 115.515 3345.39 79.4625 20.3561 48.0699 36.5429 387.747 361.26 12.1401 59.1063 31.6378 173.15 14.8379
internal_count=37451 34444 3007 3725 1400 1008 30719 30598 3317 2325 1284 1041 877 677 358 200 155 942 27281 648 166 392 298 3162 2946 99 482 258 1412 121
is_linear=0
shrinkage=1


Tree=83
num_leaves=31
num_cat=0
split_feature=10 9 34 8 34 42 14 35 35 40 40 35 34 20 9 20 3 9 49 49 38 38 20 10 14 9 14 34 31 14
split_gain=8345.26 4951.6 3611.56 868.739 596.234 314.855 257.609 248.181 200.272 683.492 320.942 796.617 158.661 157.346 115.094 110.967 106.592 104.215 68.9887 88.1169 69.2014 52.1441 52.0858 80.1969 47.9107 43.9176 40.1672 40.1308 38.9559 34.6381
threshold=1.5558804064814382 1.20733357875903 0.97832031928938423 -0.44762302496442236 0.020233483296025694 0.84375000000000011 -1.1008513637848429 4.0217238821888719 3.0242857737003104 0.43500000000000005 0.13500000000000004 0.021662444967403577 0.020233483296025694 1.4897372580023809 1.5107152646468711 0.50257751013150731 1.0546927720497488 0.96375017631015947 14.500000000000002 13.500000000000002 400.50000000000006 76.500000000000014 0.4353937815343098 -0.64243033341353761 -1.1636813060323103 0.14419241178071365 -1.0824124657981058 1.0025853997236045 -0.42313066893735746 1.3818894748176065
decision_type=2 2 2 2 2 2 2 2 2 2 2 2 2 2 2 2 2 2 2 2 2 2 2 2 2 2 2 2 2 2
left_child=1 6 -2 4 5 22 7 15 10 27 11 -5 -9 17 -4 -1 24 25 19 20 28 -19 23 -3 -17 -8 -11 -10 -6 -23
right_child=2 3 14 8 18 -7 13 12 9 26 -12 -13 -14 -15 -16 16 -18 21 -20 -21 -22 29 -24 -25 -26 -27 -28 -29 -30 -31
leaf_value=-2.1982797854946226 4.9005894553000076 3.672329359200853 -2.1374384957513892 -1.8196766846197512 1.3755054980663313 -2.1047351466564002 -2.7916331290292034 4.3346161839534378 4.9124884728771683 2.3616150235822126 -1.8306768377536291 3.9092326077316328 -1.5176473001920829 1.2680439889232069 0.84884175897058789 -1.3946835557780348 4.0654547031252548 -2.4676535233328112 -2.1274274631691799 3.7153751893568203 2.1400173773988693 -1.1558254367687626 4.634169607845438 -1.9373793123746512 1.9790675080657039 -2.5366206784763623 -1.5325110495168579 0.71292853597813721 -2.183429112619605 -2.8832618777950847
leaf_weight=340.16803519427776 252.12165838479996 19.00722619146109 104.96893948316574 56.285914979875088 3.9240725040435818 8.216026805341242 2180.5580395907164 10.423317588865759 31.515207298099995 2.8204271122813216 110.11928464472294 42.674288481473923 8.3386540710926038 10.178063057363032 14.71527189016342 43.532679341733456 4.4145815670490256 94.055112831294537 14.470017358660696 6.7444996163249007 7.8481450080871573 78.849331878125668 92.215703845024109 2.9430543780326834 4.6598360985517493 978.32032616436481 43.532679341733456 2.4525453150272361 14.224762827157976 13.611626498401163
leaf_count=2774 2056 155 856 459 32 67 17782 85 257 23 898 348 68 83 120 355 36 767 118 55 64 643 752 24 38 7978 355 20 116 111
internal_value=-1.78972 -2.18841 2.75324 0.912604 2.70976 3.87434 -2.56624 -1.81953 -0.14056 1.20159 -0.656168 0.650782 1.73361 -2.65782 -1.77027 -1.98925 -0.63765 -2.66977 -0.309068 0.494551 -0.34104 -1.94341 4.30463 2.92019 -1.06847 -2.71265 -1.29557 4.60927 -1.41393 -1.41013
internal_weight=0 4226.1 371.806 458.994 169.594 122.382 3767.11 411.537 289.4 80.3209 209.079 98.9602 18.762 3355.57 119.684 392.775 52.6071 3345.39 47.2115 32.7415 25.997 186.516 114.166 21.9503 48.1925 3158.88 46.3531 33.9678 18.1488 92.461
internal_count=37495 34463 3032 3743 1383 998 30720 3356 2360 655 1705 807 153 27364 976 3203 429 27281 385 267 212 1521 931 179 393 25760 378 277 148 754
is_linear=0
shrinkage=1


Tree=84
num_leaves=31
num_cat=0
split_feature=10 36 34 8 34 35 35 35 35 6 35 34 9 0 20 49 35 6 6 10 6 49 34 40 49 46 35 6 35 41
split_gain=8381 6417.38 3636.22 950.391 746.401 267.287 577.961 414.138 650.846 227.872 283.317 150.933 126.421 105.772 81.4735 81.1695 101.862 63.7574 56.8557 70.912 56.3326 53.1099 40.6841 39.9977 43.8669 38.3328 34.2615 32.8455 27.7266 27.4109
threshold=1.5558804064814382 3.5000000000000004 0.97832031928938423 -0.46017495063667579 0.98353832436962929 3.9791818576149001 4.9767988934686258 1.9920083055123479 0.021662444967403577 -0.76586299214389519 4.0217238821888719 0.012426962810402731 1.20733357875903 -0.60371441354094812 -0.0045024683656533131 14.500000000000002 3.9913359125606456 -0.12011457448581979 -1.1961339953951045 0.095874528290207969 -0.79039603016483795 11.500000000000002 1.0052227388570085 0.115 14.500000000000002 1.5000000000000002 1.9911460657946018 1.2456965442710184 3.9882573290859553 0.15000000000000005
decision_type=2 2 2 2 2 2 2 2 2 2 2 2 2 2 2 2 2 2 2 2 2 2 2 2 2 2 2 2 2 2
left_child=1 3 -2 4 27 7 22 8 -5 10 18 -12 -4 -8 -11 16 17 29 19 -3 -20 -10 -7 -14 28 -15 -19 -1 -25 -6
right_child=2 9 12 5 15 6 13 -9 21 14 11 -13 23 25 -16 -17 -18 26 20 -21 -22 -23 -24 24 -26 -27 -28 -29 -30 -31
leaf_value=4.9274412206289977 4.9055517051572792 -2.2016550237488608 -2.2298665596569398 -1.4610000508810113 0.87103167292853767 4.9216312208460593 5.1980648947290096 -1.8843495866406026 3.9501017917904124 -2.7556644081268189 4.3544655796034508 -1.1935299162673196 -1.937379312374651 1.2308681154899088 -2.3669023335302453 -2.1337676850472289 5.1980648947290096 0.61099361873379765 -2.2508080052866046 2.5954712629586765 -0.72570010739478419 -0.34719460336297825 0.71292853597813721 1.2112770202837901 -0.91803013993127103 -1.905666227009746 -2.5036844081765288 1.3148299520875617 4.6883903085073175 4.5456814243652452
leaf_weight=110.85504823923111 252.98004924505949 6.621872350573538 100.43173065036535 48.805651769042015 6.0087360218167323 36.175043396651745 2.5751725807785979 84.858067899942398 46.47573371976614 2735.4464171156287 10.668572120368482 9.0744176656007749 4.9050906300544765 4.5372088328003874 671.38427998870611 13.36637196689844 4.5372088328003874 5.8861087560653713 354.14754348993301 5.7634814903140068 25.996980339288712 3.0656816437840453 2.4525453150272361 5.5182269588112813 5.3955996930599204 27.591134794056416 8.8291631340980512 2.5751725807785979 3.9240725040435791 3.0656816437840462
leaf_count=904 2063 54 819 398 49 295 21 692 379 22307 87 74 40 37 5475 109 37 48 2888 47 212 25 20 45 44 225 72 21 32 25
internal_value=-1.78972 -2.18973 2.75404 1.56157 3.51553 0.380032 1.99342 -0.265756 1.13084 -2.59408 -1.8919 1.80446 -1.77512 -0.968457 -2.67905 -0.102551 0.855902 0.0277578 -2.07781 0.0306711 -2.14651 3.68418 4.65441 0.538183 1.35655 -1.46272 -1.25781 4.84543 2.65631 2.11247
internal_weight=0 4230.76 373.155 411.66 155.123 256.536 73.3311 183.205 98.3471 3819.1 412.273 19.743 120.175 34.7035 3406.83 41.6933 28.3269 23.7897 392.53 12.3854 380.145 49.5414 38.6276 19.743 14.8379 32.1283 14.7153 113.43 9.4423 9.07442
internal_count=37544 34501 3043 3357 1265 2092 598 1494 802 31144 3362 161 980 283 27782 340 231 194 3201 101 3100 404 315 161 121 262 120 925 77 74
is_linear=0
shrinkage=1


Tree=85
num_leaves=31
num_cat=0
split_feature=10 36 46 2 46 35 35 40 35 14 35 46 20 9 0 38 46 38 35 25 2 35 25 38 40 35 14 23 6 9
split_gain=8334.88 6603.24 3540.88 915.71 643.951 242.123 530.062 371.325 651.755 219.334 300.8 158.12 133.406 88.2245 80.056 75.4933 72.755 63.4649 58.7502 56.7704 156.524 50.8563 48.8486 46.9636 46.7602 61.5978 46.4166 84.2671 50.8296 44.2185
threshold=1.5558804064814382 3.5000000000000004 10.500000000000002 -0.56666727637951553 7.0000000000000009 3.9791818576149001 4.9767988934686258 0.20500000000000004 0.021662444967403577 -1.1008513637848429 4.0217238821888719 7.0000000000000009 3.0378547062252426 0.22298415082616821 -0.59774684379245457 76.500000000000014 17.000000000000004 76.500000000000014 3.990213710336878 2.0809740309278992 -0.78888807744659928 4.9998896849899142 -0.46929964055508439 80.500000000000014 0.51500000000000012 3.0242857737003104 -2.535449313321108 -1.7415055952903709 -0.79039603016483795 1.0002313641118341
decision_type=2 2 2 2 2 2 2 2 2 2 2 2 2 2 2 2 2 2 2 2 2 2 2 2 2 2 2 2 2 2
left_child=1 3 -2 4 19 7 -7 8 -5 10 22 -12 -4 -11 -8 -6 24 -15 -14 -1 -21 -20 -3 -19 25 -17 27 -24 -28 -25
right_child=2 9 12 5 15 6 14 -9 -10 13 11 -13 18 17 -16 16 -18 23 21 20 -22 -23 26 29 -26 -27 28 -29 -30 -31
leaf_value=4.9002197964835883 4.8701347346018764 -2.5602674487629362 -2.1796130722918354 -1.4405106202791342 -1.5766865282793012 4.5413030118124702 4.3825855567742966 -1.7951793543979682 3.817011177225075 -2.7958702540682467 4.1892244766407138 -1.4422668571878665 -0.6400258201739859 -2.6712870611672841 -1.5739591726339679 1.3755054980663322 -1.9781532792723864 -0.3620215004167 5.1980648947290096 4.7155327420930888 -0.58920782623985812 -0.51029047095391955 -2.7528586503293551 -2.4025897062078614 -1.7021448879646404 5.1980648947290096 -2.0506403315350266 2.9740303366707264 -0.25801988439239176 -1.6931835765585448
leaf_weight=97.366049006581306 253.10267651081085 146.29432804137468 101.65800330787897 48.805651769042015 15.941544547677038 36.54292519390583 2.4525453150272396 83.509167976677418 45.617342859506607 2225.5622461214662 11.894844777882101 8.5839086025953275 10.791199386119844 634.10559120029211 28.204271122813225 15.696290016174325 6.1313632875680915 13.488999232649801 4.2919543012976638 20.724007911980156 7.6028904765844336 2.4525453150272369 4.9050906300544739 413.25388558208942 3.1883089095354071 5.7634814903140059 219.62543296068907 5.3955996930599195 17.045189939439297 111.59081183373928
leaf_count=794 2064 1193 829 398 130 298 20 681 372 18149 97 70 88 5171 230 128 50 110 35 169 62 20 40 3370 26 47 1791 44 139 910
internal_value=-1.78972 -2.18166 2.75378 1.59367 3.35947 0.351694 1.96889 -0.259071 1.09949 -2.59521 -1.90777 1.82872 -1.74022 -2.67892 -1.09744 0.189609 1.10442 -2.45692 0.807022 4.53773 3.29175 3.1223 -2.10234 -2.20441 1.87123 2.40214 -1.83109 0.24694 -1.92153 -2.25176
internal_weight=0 4229.29 372.296 417.546 172.414 245.132 67.1997 177.932 94.423 3811.75 413.744 20.4788 119.194 3398 30.6568 46.721 30.7794 1172.44 17.5357 125.693 28.3269 6.7445 393.266 538.334 24.6481 21.4598 246.971 10.3007 236.671 524.845
internal_count=37525 34489 3036 3405 1406 1999 548 1451 770 31084 3374 167 972 27710 250 381 251 9561 143 1025 231 55 3207 4390 201 175 2014 84 1930 4280
is_linear=0
shrinkage=1


Tree=86
num_leaves=31
num_cat=0
split_feature=10 36 46 8 46 35 35 35 35 6 35 46 20 0 20 46 6 6 10 6 35 35 35 40 35 40 31 46 9 9
split_gain=8343.04 6482.23 3546.71 1033.56 715.77 246.98 554.759 344.907 628.447 216.064 261.09 136.637 113.593 104.135 80.5767 74.4151 60.4664 59.5222 103.606 64.283 43.9931 55.203 38.756 58.0193 69.2112 67.7801 35.3291 30.3845 29.2938 25.5341
threshold=1.5558804064814382 3.5000000000000004 10.500000000000002 -0.46017495063667579 7.0000000000000009 3.9791818576149001 4.9767988934686258 1.9920083055123479 0.021662444967403577 -0.76586299214389519 4.991648342291179 7.0000000000000009 3.0378547062252426 -0.59944417186536914 1.0000000180025095e-35 17.000000000000004 1.1857243389194776 -1.1961339953951045 0.095874528290207969 -0.79039603016483795 3.9882573290859553 4.9879704741661453 0.97105081045828856 0.20500000000000004 3.0242857737003104 0.51500000000000012 -0.30207210724057082 1.5000000000000002 1.4973996768058531 0.42439702204255153
decision_type=2 2 2 2 2 2 2 2 2 2 2 2 2 2 2 2 2 2 2 2 2 2 2 2 2 2 2 2 2 2
left_child=1 3 -2 4 -1 7 -7 8 -5 10 17 -12 -4 -8 -11 16 22 18 -3 -19 -14 -22 -6 -24 26 -26 -25 -15 -16 -21
right_child=2 9 12 5 15 6 13 -9 -10 14 11 -13 20 27 28 -17 -18 19 -20 29 21 -23 23 24 25 -27 -28 -29 -30 -31
leaf_value=4.8711849913294447 4.8879362337808523 -2.5556730727091606 -2.1824755992136882 -1.5176473001920829 -1.2399298785976021 4.5119010504952772 5.1980648947290096 -1.8340564764386353 3.5586992153355328 -2.7539910575805915 4.0069152999637101 -1.3257698089086232 -0.75768307909748134 0.71292853597813544 -2.3982020703320734 -2.2605875865640157 -2.3600362863145894 -2.2759854281949496 2.9594941630886447 -1.4353118095294044 4.7320767016120353 -0.76120719032459738 4.6775461683749384 2.0616059025955282 5.1980648947290113 -1.0151110134973074 -1.9552626311894472 -1.9995931116317589 -0.99957807372674146 0.58029033040719114
leaf_weight=116.25064793229103 251.50852205604315 7.4802632108330709 99.450712524354458 50.031924426555634 4.6598360985517528 37.891825117170811 2.4525453150272361 81.056622661650181 47.579379111528397 2737.5310806334019 10.913826651871206 8.5839086025953275 10.913826651871206 4.9050906300544765 649.92450848221779 10.05543579161167 5.0277178958058348 354.02491622418165 6.2539905533194542 16.432053610682491 4.2919543012976638 3.188308909535408 5.7634814903140095 3.1883089095354107 5.5182269588112813 2.5751725807785988 6.9897541478276244 26.119607605040073 15.328408218920229 10.178063057363032
leaf_count=948 2051 61 811 408 38 309 20 661 388 22324 89 70 89 40 5300 82 41 2887 51 134 35 26 47 26 45 21 57 213 125 83
internal_value=-1.78972 -2.18923 2.76679 1.58889 3.57336 0.318787 1.89131 -0.309359 0.956753 -2.59515 -1.91291 1.65919 -1.76024 -1.07485 -2.67813 0.127017 0.838957 -2.08952 -0.0443023 -2.16332 0.52265 2.39068 1.39946 1.91118 1.03857 3.22115 -0.696966 -1.57074 -2.36598 -0.664367
internal_weight=0 4226.72 369.353 410.066 160.029 250.037 71.3691 178.668 97.6113 3816.65 413.867 19.4977 117.845 33.4772 3402.78 43.7779 33.7225 394.369 13.7343 380.635 18.3941 7.48026 28.6948 24.0349 18.2715 8.0934 10.1781 31.0247 665.253 26.6101
internal_count=37480 34468 3012 3344 1305 2039 582 1457 796 31124 3375 159 961 273 27749 357 275 3216 112 3104 150 61 234 196 149 66 83 253 5425 217
is_linear=0
shrinkage=1


Tree=87
num_leaves=31
num_cat=0
split_feature=10 9 34 8 34 20 40 40 40 40 20 9 9 20 14 40 14 40 34 34 38 49 38 20 9 4 34 14 40 20
split_gain=8560 5045.54 3501.11 812.282 602.161 240.943 187.502 631.726 334.381 728.336 173.579 154.329 193.236 120.285 105.001 130.957 89.733 97.9157 79.2889 76.5686 71.4535 70.8403 100.005 63.9066 60.6419 54.0241 52.0261 48.2743 46.7953 42.8957
threshold=1.5558804064814382 1.20733357875903 0.97832031928938423 -0.46017495063667579 0.020233483296025694 1.0000000180025095e-35 0.38500000000000006 0.43500000000000005 0.13500000000000004 0.10500000000000002 1.6343327039563078 1.352687448232494 1.293112571040208 3.0378547062252426 -1.1008513637848429 0.52500000000000013 -1.1008513637848429 0.53500000000000014 0.99229188485506348 1.0082528418829955 76.500000000000014 14.500000000000002 183.50000000000003 0.94372923650119167 0.96375017631015947 3.304377543921075 0.020233483296025694 -1.1636813060323103 0.41500000000000004 -0.18400631605888315
decision_type=2 2 2 2 2 2 2 2 2 2 2 2 2 2 2 2 2 2 2 2 2 2 2 2 2 2 2 2 2 2
left_child=1 5 -2 4 11 16 8 19 9 -5 14 12 -3 -4 15 25 17 -1 -17 -8 -16 22 28 -14 -22 27 -19 -7 -6 -13
right_child=2 3 13 6 21 10 7 -9 -10 -11 -12 29 23 -15 20 18 -18 26 -20 -21 24 -23 -24 -25 -26 -27 -28 -29 -30 -31
leaf_value=-2.2706010418492459 4.8955990516533241 4.6155796533327909 -2.1665745921414237 -1.6420123408387699 -1.8110137124849759 -1.9183260568149618 4.8819876319558677 -1.2625193339426073 -1.798324915682826 3.8007547931774099 2.5634393413368888 0.58883385411546474 -2.2431840641076652 0.75552820288621891 -2.5945447399942907 4.6662305438889859 -2.7552030385049862 3.4348663261782995 -1.6519615440905049 -0.91803013993127103 -2.1721190271644515 -2.0157907871779881 2.4150798525026382 2.4798004348799965 -1.0932016613383602 1.7644676822881502 -1.2092727606293798 0.26934362137640244 2.2856386877479236 4.5469622819641273
leaf_weight=266.71430300921202 254.57420369982719 12.017472043633463 98.714948929846287 56.285914979875088 14.837899155914785 104.96893948316574 31.637834563851357 44.268442936241627 108.77038472145796 43.655306607484818 7.9707722738385192 2.8204271122813216 9.810181260108946 16.432053610682487 353.41177989542484 5.6408542245626432 2719.259618036449 4.5372088328003866 3.0656816437840462 2.4525453150272361 233.23705945909023 15.941544547677038 15.451035484671591 4.0466997697949401 67.07711436599493 4.6598360985517493 5.1503451615571976 11.159081183373926 3.4335634410381308 93.687231034040451
leaf_count=2175 2076 98 805 459 121 856 258 361 887 356 65 23 80 134 2882 46 22175 37 25 20 1902 130 126 33 547 38 42 91 28 764
internal_value=-1.78972 -2.19083 2.82601 0.939886 2.65805 -2.57039 -0.0898362 1.22914 -0.585035 0.735442 -2.07957 3.84983 1.68107 -1.74958 -2.12682 -1.30415 -2.70002 -2.15717 2.44152 4.46472 -2.28978 -0.278735 0.542419 -0.863905 -1.93114 -1.57414 0.96583 -1.70811 -1.04117 4.43129
internal_weight=0 4245.97 369.721 459.116 172.046 3786.85 287.07 78.3588 208.712 99.9412 791.191 122.382 25.8744 115.147 783.22 129.494 2995.66 276.402 8.70654 34.0904 653.726 49.664 33.7225 13.8569 300.314 120.788 9.68755 116.128 18.2715 96.5077
internal_count=37640 34625 3015 3744 1403 30881 2341 639 1702 815 6452 998 211 939 6387 1056 24429 2254 71 278 5331 405 275 113 2449 985 79 947 149 787
is_linear=0
shrinkage=1


Tree=88
num_leaves=31
num_cat=0
split_feature=1 36 34 8 34 35 35 48 35 14 35 34 9 0 9 34 4 6 35 35 35 48 6 35 0 34 13 6 20 35
split_gain=8242.46 6715.71 3387.39 1022.35 697.64 263.914 573.234 362.911 637.615 195.803 236.464 161.981 147.003 102.2 84.6698 75.6311 61.4338 58.9364 51.302 54.5669 87.5268 55.6997 46.3524 73.8533 67.0233 38.8635 38.4255 38.1168 36.1397 33.9451
threshold=1.5767129858939295 3.5000000000000004 0.97832031928938423 -0.46017495063667579 0.97293110533848381 3.9791818576149001 4.9879704741661453 20.500000000000004 0.021662444967403577 -1.1008513637848429 4.0217238821888719 0.020233483296025694 1.20733357875903 -0.60371441354094812 0.14419241178071365 1.0129495450899222 3.304377543921075 1.1857243389194776 0.97105081045828856 1.9952054081949948 3.9913359125606456 51.500000000000007 -0.12680684577949455 4.9957750043500289 -0.59318604656549323 1.0047484772329272 0.34110323601963682 1.1857243389194776 1.1641828072850682 0.97954578045460716
decision_type=2 2 2 2 2 2 2 2 2 2 2 2 2 2 2 2 2 2 2 2 2 2 2 2 2 2 2 2 2 2
left_child=1 3 -2 4 27 7 25 8 -5 10 16 -12 -4 -8 -11 17 28 18 -6 -20 -21 -22 23 -16 -25 -7 -18 -1 -3 -14
right_child=2 9 12 5 15 6 13 -9 -10 14 11 -13 29 -15 22 -17 26 -19 19 20 21 -23 -24 24 -26 -27 -28 -29 -30 -31
leaf_value=4.9391825652195802 4.8524206213721612 -2.2225001500822499 -2.1879963700581828 -1.4366914317034696 -1.7574941642964077 4.8225151996182909 5.1980648947290096 -1.7516442407816679 3.7488045328466444 -2.796309325485665 4.2155596682775567 -1.6162145046185177 -1.791758002025597 -1.5027730760615821 -2.3447484051792116 -2.2153836321319367 -2.141249146863327 -2.5036844081765288 4.8273924683859573 -1.2003114492232843 5.1980648947290113 -0.51029047095391955 -2.6338658224217468 4.0330944119365757 -1.2518936319510541 0.71292853597813721 2.9045292567314029 1.4343141041688368 -0.50237319582814521 1.3570390275510555
leaf_weight=115.88276613503695 248.81072220951319 370.45696983486414 96.26240361481905 48.683024503290653 4.169327035546309 37.278688788414001 2.4525453150272361 85.471204228699207 46.230479188263416 2181.78431224823 10.178063057363035 8.951790399849413 4.2919543012976673 31.637834563851357 472.23760040849447 10.791199386119841 2.4525453150272361 4.4145815670490256 5.3955996930599239 7.9707722738385227 5.6408542245626432 2.4525453150272369 696.89075126498938 2.5751725807785979 35.19402527064085 2.4525453150272361 3.9240725040435791 3.1883089095354071 12.630608372390268 16.922562673687935
leaf_count=945 2029 3021 785 397 34 304 20 697 377 17792 83 73 35 258 3851 88 20 36 44 65 46 20 5683 21 287 20 32 26 103 138
internal_value=-1.78972 -2.18287 2.76282 1.64106 3.62214 0.39488 1.98762 -0.256943 1.08906 -2.59989 -1.94595 1.48659 -1.66286 -1.0207 -2.67874 0.0554024 -2.11455 0.871032 1.45232 2.07594 1.15179 3.46826 -2.46621 -2.23713 -0.891554 4.56884 0.963845 4.84533 -2.16579 0.719999
internal_weight=0 4211.39 366.288 414.112 159.906 254.206 73.8216 180.385 94.9135 3797.28 408.594 19.1299 117.477 34.0904 3388.68 40.8349 389.464 30.0437 25.6291 21.4598 16.0642 8.0934 1206.9 510.007 37.7692 39.7312 6.37662 119.071 383.088 21.2145
internal_count=37330 34343 2987 3377 1304 2073 602 1471 774 30966 3332 156 958 278 27634 333 3176 245 209 175 131 66 9842 4159 308 324 52 971 3124 173
is_linear=0
shrinkage=1


Tree=89
num_leaves=31
num_cat=0
split_feature=10 36 46 8 34 40 40 40 40 14 40 34 9 0 49 40 38 9 6 1 6 34 38 40 38 14 9 49 6 46
split_gain=8324.83 6562.84 3618.77 1083.09 679.453 245.616 618.182 431.399 657.94 228.54 241 152.601 115.713 108.432 90.9267 105.505 85.8668 77.9409 64.1332 77.1496 61.4708 58.5849 57.0851 48.7988 45.1251 42.6242 45.7265 34.5585 31.2017 28.3436
threshold=1.5558804064814382 3.5000000000000004 10.500000000000002 -0.46017495063667579 0.97293110533848381 0.38500000000000006 0.48000000000000004 0.20500000000000004 0.080000000000000016 -1.1008513637848429 0.53500000000000014 0.012426962810402731 1.4906560138589964 -0.60371441354094812 14.500000000000002 0.38500000000000006 237.00000000000003 0.14419241178071365 -1.1961339953951045 -1.0000000180025095e-35 -0.79039603016483795 1.0082528418829955 76.500000000000014 0.38500000000000006 479.50000000000006 0.9339492431873897 1.438366478306347 14.500000000000002 0.069069909520969322 1.5000000000000002
decision_type=2 2 2 2 2 2 2 2 2 2 2 2 2 2 2 2 2 2 2 2 2 2 2 2 2 2 2 2 2 2
left_child=1 3 -2 4 -1 7 21 8 -5 10 18 -12 -4 -8 15 16 -6 -11 19 -3 -20 -7 -19 -14 -21 26 -24 -25 -18 -15
right_child=2 9 12 5 14 6 13 -9 -10 17 11 -13 23 29 -16 -17 28 22 20 24 -22 -23 25 27 -26 -27 -28 -29 -30 -31
leaf_value=4.8582818372478833 4.8969160624425303 -2.7713922716465076 -2.1393482626256706 -1.4063109780893346 -1.6116079273669732 4.9484283627020602 5.1980648947290096 -1.8989937786843147 3.7735566841245896 -2.7910636780314411 4.1427386926699796 -1.3884989887512926 -0.69150810161052001 0.50905870148945942 -1.9929801763261084 5.1980648947290096 3.8389326648045041 -2.6753713838825215 -2.2445563325828219 4.4567200420429156 -0.61525315801739566 -0.10255080197656685 -2.1348881535875495 4.9262384487441082 -0.42593053944136372 -2.6930326600954109 -0.28657490036457545 0.1498594692951265 0.34926883121455266 -2.1041819042290224
leaf_weight=117.72217512130737 252.36691291630268 5.3955996930599213 105.21419401466846 49.664042629301548 11.894844777882104 36.052416130900383 2.4525453150272361 87.923749543726444 48.43776997178793 2203.2440837547183 10.423317588865759 9.5649267286062223 8.8291631340980512 4.9050906300544765 13.488999232649801 5.2729724273085585 5.8861087560653669 657.52739895880222 355.25118888169527 4.0466997697949392 24.770707681775093 2.4525453150272361 393.02038673311472 3.6788179725408545 3.5561907067894936 151.6899277344346 13.856881029903887 2.5751725807785988 4.5372088328003883 26.977998465299606
leaf_count=960 2058 44 858 405 97 294 20 717 395 17967 85 78 72 40 110 43 48 5362 2897 33 202 20 3205 30 29 1237 113 21 37 220
internal_value=-1.78972 -2.18379 2.74546 1.58036 3.63637 0.319096 1.87574 -0.290428 1.15125 -2.59403 -1.89138 1.49589 -1.76801 -1.20927 0.13479 1.17503 0.224537 -2.6789 -2.06365 0.120552 -2.13835 4.62671 -2.47568 0.822322 2.1729 -2.24061 -2.07194 2.95949 2.3199 -1.70214
internal_weight=0 4250.02 372.664 417.668 158.802 258.866 72.8406 186.026 98.1018 3832.35 413.009 19.9882 120.297 34.3356 41.0801 27.5911 22.3182 3419.34 393.02 12.9985 380.022 38.505 1216.09 15.0832 7.60289 558.567 406.877 6.25399 10.4233 31.8831
internal_count=37697 34658 3039 3406 1295 2111 594 1517 800 31252 3368 163 981 280 335 225 182 27884 3205 106 3099 314 9917 123 62 4555 3318 51 85 260
is_linear=0
shrinkage=1


Tree=90
num_leaves=31
num_cat=0
split_feature=10 9 34 8 34 42 42 14 35 49 35 35 35 35 42 20 34 42 9 49 35 38 20 3 20 6 20 10 35 9
split_gain=8220.54 4965.95 3548.13 819.94 645.865 313.779 272.022 222.874 260.781 182.789 355.931 271.828 538.789 185.296 166.574 156.824 122.879 114.272 96.3359 73.578 89.3213 81.4208 72.01 80.6479 65.1829 61.6927 52.5079 92.8197 52.0579 48.4264
threshold=1.5558804064814382 1.20733357875903 0.98021637206564061 -0.46017495063667579 0.98844822470172633 0.84375000000000011 0.21875000000000003 -1.1008513637848429 4.0217238821888719 14.500000000000002 3.0242857737003104 1.9863022976979159 0.97105081045828856 4.9833386475289503 0.84375000000000011 3.0378547062252426 0.012426962810402731 0.84375000000000011 0.96375017631015947 14.500000000000002 3.0242857737003104 400.50000000000006 0.50257751013150731 1.0546927720497488 1.6343327039563078 -0.39224279142266311 0.74473862144742775 -0.41857184647095341 3.9882573290859553 0.14419241178071365
decision_type=2 2 2 2 2 2 2 2 2 2 2 2 2 2 2 2 2 2 2 2 2 2 2 2 2 2 2 2 2 2
left_child=1 6 -2 4 5 26 -1 8 22 10 11 12 -5 14 -12 -4 -10 -14 29 20 21 -6 -8 -24 -20 -15 27 -3 -17 -9
right_child=2 3 15 9 19 -7 7 18 16 -11 13 -13 17 25 -16 28 -18 -19 24 -21 -22 -23 23 -25 -26 -27 -28 -29 -30 -31
leaf_value=1.8920675786964254 4.8734760673367195 3.8389326648045032 -2.2746547458153268 -1.5566015472623909 -1.5975962548935245 -2.2039783267059967 -2.2253039791660725 -2.793659871034408 4.1173091456324116 -2.1813546880742143 4.192307044584874 -1.7164974593956683 3.5356552250692821 4.0330944119365668 -2.477034756609382 -0.41383592560443838 -1.1033663531027949 -1.6691295301527092 -2.0313220834251413 -2.1655918136679451 3.7866583482689449 2.2326854839846315 -1.2822775775510389 3.7418517912384668 3.1593665498422498 -1.2969032836712884 4.7492948188105402 -1.3783813790992492 3.0520666369534726 -2.526237197947899
leaf_weight=13.611626498401163 249.54648580402136 33.109361752867699 99.695967055857182 52.852351538836956 17.65832626819611 7.9707722738385192 339.06438980251551 2201.5273020341992 10.178063057363035 37.401316054165363 36.788179725408554 91.112058453261852 44.51369746774435 2.5751725807786014 4.1693270355463019 11.404335714876654 8.0933995395898801 4.6598360985517493 178.30004440248013 16.432053610682487 6.3766178190708152 8.0933995395898801 45.985224656760693 3.4335634410381308 2.4525453150272361 13.856881029903887 77.990941017866135 3.8014452382922164 6.9897541478276244 977.95244436711073
leaf_count=111 2035 270 813 431 144 65 2765 17953 83 305 300 743 363 21 34 93 66 38 1454 134 52 66 375 28 20 113 636 31 57 7975
internal_value=-1.78972 -2.19304 2.73639 0.911683 2.64313 3.86335 -2.57028 -2.58641 -1.88729 -0.119222 0.188635 -0.461103 0.660001 2.37525 3.51339 -1.77966 1.8048 3.04243 -2.67103 -0.444393 0.435915 -0.393793 -2.06094 -0.933207 -1.96089 -0.461605 4.28424 3.3016 0.903207 -2.71141
internal_weight=0 4239.96 367.637 459.362 171.433 122.873 3780.6 3766.99 406.755 287.929 250.528 193.138 102.026 57.3896 40.9575 118.09 18.2715 49.1735 3360.23 48.5604 32.1283 25.7517 388.483 49.4188 180.753 16.4321 114.902 36.9108 18.3941 3179.48
internal_count=37574 34576 2998 3746 1398 1002 30830 30719 3317 2348 2043 1575 832 468 334 963 149 401 27402 396 262 210 3168 403 1474 134 937 301 150 25928
is_linear=0
shrinkage=1


Tree=91
num_leaves=31
num_cat=0
split_feature=10 47 34 42 8 34 20 42 42 38 6 35 49 35 40 35 40 6 20 35 40 34 49 38 20 20 4 40 35 35
split_gain=8377.13 4089.3 3458.2 875.304 779.9 431.738 405.771 342.101 527.973 202.768 190.699 224.704 180.479 190.541 313.654 323.635 234.481 180.374 131.808 102.194 190.645 95.3722 82.4122 105.629 57.4295 55.3963 49.9048 48.5512 215.169 46.2257
threshold=1.5558804064814382 3.5000000000000004 0.97832031928938423 0.84375000000000011 -0.46017495063667579 0.020233483296025694 0.98408820618375914 0.65625000000000011 0.21875000000000003 156.50000000000003 -0.76586299214389519 4.0217238821888719 14.500000000000002 3.0242857737003104 0.13500000000000004 0.021662444967403577 0.43500000000000005 -0.13297491215438997 3.0378547062252426 3.9856373390822757 0.43500000000000005 0.020233483296025694 14.500000000000002 163.50000000000003 1.0000000180025095e-35 0.68313968321489849 0.30404551819453507 0.13500000000000004 0.98315651167700135 3.997092798590379
decision_type=2 2 2 2 2 2 2 2 2 2 2 2 2 2 2 2 2 2 2 2 2 2 2 2 2 2 2 2 2 2
left_child=1 10 -2 4 5 6 7 8 -3 17 11 25 13 14 15 -11 -15 19 -4 27 -21 -13 23 29 -12 -1 -19 28 -6 -7
right_child=2 3 18 -5 9 22 -8 -9 -10 12 24 21 -14 16 -16 -17 -18 26 -20 20 -22 -23 -24 -25 -26 -27 -28 -29 -30 -31
leaf_value=-2.2310238188974663 4.8871783436025833 4.6237836708172466 -2.178130121946706 -2.1066148892667953 -1.791758002025597 -1.6933097922121518 4.4054045662310646 4.8412926843738262 -1.9526848555044316 -0.63282363572431488 -2.7694008858806782 3.8575509145294942 -2.041394534052547 5.1004026985667696 -1.5271227318604019 4.4957381921842892 -0.42874253715844857 -2.1286710593884477 0.74011118057662717 4.6719491928227477 -0.70934448258065785 -0.91803013993127103 -2.0446792252634278 2.2777672655668932 -2.3939709075689231 -0.6892981305049517 2.2326854839846315 -1.5081796608195437 3.3946009742522603 2.2079739888950947
leaf_weight=319.68928181380033 250.89538572728634 17.413071736693382 97.61130353808403 158.80230914801359 21.459771506488323 17.413071736693386 83.263913445174694 19.620362520217896 40.834879495203495 23.667062290012836 2647.767922103405 8.9517903998494166 24.034944087266922 20.478753380477428 49.664042629301548 25.629098542034626 12.262726575136183 95.404012754559517 18.394089862704277 11.404335714876654 15.573662750422953 7.8481450080871573 18.639344394207001 18.148835331201553 481.55727260559797 25.138589479029179 2.6977998465299597 37.278688788414001 12.75323563814163 3.6788179725408545
leaf_count=2607 2046 142 796 1295 175 142 679 160 333 193 21592 73 196 167 405 209 100 778 150 93 127 64 152 148 3927 205 22 304 104 30
internal_value=-1.78972 -2.18204 2.7996 -0.0298233 0.547435 2.02929 2.87078 1.22983 0.0133331 -0.373762 -2.63218 -1.94464 0.478558 0.938438 0.246579 2.03352 3.02956 -1.04903 -1.71541 -0.0929032 1.56548 1.62662 -0.313331 0.509059 -2.71163 -2.11863 -2.00873 -0.718706 0.141508 -1.01285
internal_weight=0 4221.08 366.901 730.123 571.32 219.012 161.132 77.8683 58.248 352.308 3490.95 361.628 155.737 131.702 98.9602 49.2962 32.7415 196.572 116.005 98.4697 26.978 16.7999 57.8801 39.2407 3129.33 344.828 98.1018 71.4917 34.213 21.0919
internal_count=37414 34422 2992 5954 4659 1786 1314 635 475 2873 28468 2949 1270 1074 807 402 267 1603 946 803 220 137 472 320 25519 2812 800 583 279 172
is_linear=0
shrinkage=1


Tree=92
num_leaves=31
num_cat=0
split_feature=10 36 34 8 34 35 35 35 35 14 35 34 36 49 35 0 33 38 14 10 14 38 49 35 35 38 14 14 38 34
split_gain=8488.72 6482.01 3489.68 1020.92 705.212 266.077 576.073 366.59 607.745 213.518 285.15 152.189 125.244 96.4465 103.781 81.6733 71.2128 64.0085 61.2547 78.5604 59.0303 58.3811 58.1738 44.2221 55.4196 43.1032 37.1972 34.3376 33.4012 32.1718
threshold=1.5558804064814382 3.5000000000000004 0.97832031928938423 -0.46017495063667579 0.98353832436962929 3.9791818576149001 4.9767988934686258 1.9940484146921029 0.021662444967403577 -1.1008513637848429 4.9907561561046512 0.012426962810402731 3.5000000000000004 14.500000000000002 3.0242857737003104 -0.59428276833821314 -0.10809521736835979 310.50000000000006 -2.535449313321108 0.095874528290207969 -1.1636813060323103 76.500000000000014 11.500000000000002 3.0010411422024923 4.9879704741661453 479.50000000000006 0.73462594468511966 -1.0000000180025095e-35 60.500000000000007 1.0052227388570085
decision_type=2 2 2 2 2 2 2 2 2 2 2 2 2 2 2 2 2 2 2 2 2 2 2 2 2 2 2 2 2 2
left_child=1 3 -2 4 -1 7 29 8 -5 10 18 -12 23 14 17 -8 -11 27 19 -3 -20 -18 28 -4 -25 -21 -23 -6 -10 -7
right_child=2 9 12 5 13 6 15 -9 22 16 11 -13 -14 -15 -16 -17 21 -19 20 25 -22 26 -24 24 -26 -27 -28 -29 -30 -31
leaf_value=4.8438842500664787 4.9042700017949876 -2.3636526026691556 -0.62678751923316267 -1.4702851346221149 1.0104682944210674 4.8640801829386877 4.4214179062007197 -1.8050529576066803 2.1124673997652645 -2.7791661360831306 4.2817959756787776 -1.2810860095686394 -2.1712224051658451 -2.1558112778982328 5.1980648947290096 -1.43159537184931 -2.6828133614216103 2.2856386877479236 -2.2911471625947986 4.6719491928227477 -0.74969724906906143 -2.0156721167658755 -0.67338633854485974 4.7450208180875091 -0.51029047095391933 -0.62678751923316289 -2.6226274182646825 -2.3824472609062677 4.258190403526978 1.1206682049554892
leaf_weight=115.76013886928558 251.87640385329723 6.7444996163248998 12.875862903892996 48.43776997178793 4.537208832800391 35.929788865149021 2.5751725807785979 85.961713291704655 9.0744176656007749 2370.9981833025813 10.913826651871206 8.951790399849413 96.752912677824497 13.734253764152525 5.0277178958058348 32.128343626856804 558.56719549745321 8.5839086025953275 351.57237090915442 3.8014452382922173 26.732743933796883 324.10386338084936 3.0656816437840453 4.4145815670490247 3.6788179725408554 2.5751725807785988 146.66220983862877 8.7065358683466929 36.175043396651745 2.4525453150272361
leaf_count=944 2054 55 105 395 37 293 21 701 74 19335 89 73 789 112 41 262 4555 70 2867 31 218 2643 25 36 30 21 1196 71 295 20
internal_value=-1.78972 -2.19414 2.80358 1.57317 3.58629 0.342718 1.9553 -0.302316 1.03282 -2.6015 -1.92097 1.77507 -1.69104 -0.000307924 1.10205 -0.997273 -2.68381 0.158586 -2.10855 0.0155794 -2.18222 -2.46418 3.54227 0.524558 2.35624 2.53207 -2.20476 -1.22006 3.82788 4.62488
internal_weight=0 4223.77 369.599 412.15 156.35 255.8 73.0859 182.715 96.7529 3811.62 411.292 19.8656 117.722 40.5896 26.8554 34.7035 3400.33 21.8277 391.426 13.1211 378.305 1029.33 48.3151 20.9693 8.0934 6.37662 470.766 13.2437 45.2495 38.3823
internal_count=37458 34444 3014 3361 1275 2086 596 1490 789 31083 3354 162 960 331 219 283 27729 178 3192 107 3085 8394 394 171 66 52 3839 108 369 313
is_linear=0
shrinkage=1


Tree=93
num_leaves=31
num_cat=0
split_feature=10 36 34 2 34 14 35 35 35 35 35 34 36 0 9 34 34 38 38 14 7 6 35 35 25 2 35 38 38 46
split_gain=8361.12 6419.65 3672.48 860.582 676.281 238.829 314.051 211.01 557.397 423.303 585.237 160.924 112.874 107.64 90.7407 77.6183 75.5123 69.1326 62.8089 53.4737 93.9936 53.0193 51.9995 56.3757 51.3543 116.812 46.968 45.737 42.2765 39.0285
threshold=1.5558804064814382 3.5000000000000004 0.97832031928938423 -0.59813068903507383 0.98353832436962929 -1.1008513637848429 4.0217238821888719 3.9791818576149001 4.9767988934686258 1.0283748395157792 0.021662444967403577 0.020233483296025694 3.5000000000000004 -0.60371441354094812 0.14419241178071365 1.0087528604538925 1.0221258843581886 47.500000000000007 76.500000000000014 -2.535449313321108 -1.2089240707052638 -0.79039603016483795 3.0010411422024923 4.9879704741661453 2.5449409906782106 -0.77388129802179073 0.97105081045828856 80.500000000000014 858.50000000000011 1.5000000000000002
decision_type=2 2 2 2 2 2 2 2 2 2 2 2 2 2 2 2 2 2 2 2 2 2 2 2 2 2 2 2 2 2
left_child=1 3 -2 4 24 6 19 9 15 10 -5 -8 22 -10 -7 -9 17 -6 -16 20 -3 -21 -4 -24 -1 -26 -19 -20 -22 -15
right_child=2 5 12 7 16 14 11 8 13 -11 -12 -13 -14 29 18 -17 -18 26 27 21 28 -23 23 -25 25 -27 -28 -29 -30 -31
leaf_value=4.7703659412562622 4.8886370959853895 -2.9567284848180311 -0.93744631464447858 -1.2709830833612785 -1.6691295301527092 -2.7962838392899476 4.5638031874309046 4.9057783936699764 5.1980648947290096 -1.8694227008784259 3.679442658231729 -1.2092727606293798 -2.2537290555467346 1.0104682944210674 -2.6657035342400262 -0.91803013993127103 -2.4533461774385845 -1.6825420192638063 -0.44756129111124943 -2.2324915902708464 4.2919767414460068 -0.72907761040518104 4.5542654173963477 -0.84252279382435424 4.6438556359248402 -0.82939108145793361 2.072060765902644 -2.256283123892596 -0.73269392675974765 -2.1726137367846619
leaf_weight=105.21419401466846 255.30996729433537 6.1313632875680923 12.875862903892996 47.456751845777035 9.3196721971034986 2187.6704210042953 11.036453917622568 34.213007144629955 2.4525453150272361 82.773404382169247 48.069888174533844 8.5839086025953275 99.57333979010582 4.537208832800391 656.3011263012886 2.4525453150272361 9.9328085258603078 3.9240725040435818 14.347390092909334 350.71398004889488 4.4145815670490247 25.138589479029179 4.6598360985517493 3.3109361752867699 12.630608372390272 5.6408542245626441 22.072907835245132 546.79497798532248 2.6977998465299606 25.506471276283264
leaf_count=858 2082 50 105 387 76 17840 90 279 20 675 392 70 812 37 5352 20 81 32 117 2860 36 205 38 27 103 46 180 4459 22 208
internal_value=-1.78972 -2.18085 2.74151 1.54835 3.28975 -2.58781 -1.86551 0.360955 1.84361 -0.21416 1.22012 2.03808 -1.81074 -1.17191 -2.67451 4.51623 -0.0174669 0.667624 -2.45568 -2.06235 -0.0874493 -2.13194 0.305189 2.31252 4.50163 2.95413 1.50533 -2.21004 2.38607 -1.6919
internal_weight=0 4230.03 375.73 416.197 168.735 3813.83 408.717 247.462 69.1618 178.3 95.5266 19.6204 120.42 32.4962 3405.11 36.6656 45.2495 35.3167 1217.44 389.096 13.2437 375.853 20.8466 7.97077 123.486 18.2715 25.997 561.142 7.11238 30.0437
internal_count=37559 34495 3064 3394 1376 31101 3333 2018 564 1454 779 160 982 265 27768 299 369 288 9928 3173 108 3065 170 65 1007 149 212 4576 58 245
is_linear=0
shrinkage=1


Tree=94
num_leaves=31
num_cat=0
split_feature=10 36 46 8 34 14 35 35 35 40 35 34 20 49 35 9 0 34 38 20 14 38 35 49 9 46 31 38 14 14
split_gain=8480.98 6534.31 3559.74 949.818 752.448 234.844 304.894 230.397 564.645 366.822 662.794 137.018 122.378 102.594 118.467 83.4982 79.5108 77.5415 64.2673 62.3957 80.0252 62.3713 42.921 51.9603 42.0574 38.0205 34.4161 34.0639 32.3388 31.4582
threshold=1.5558804064814382 3.5000000000000004 10.500000000000002 -0.46017495063667579 0.98353832436962929 -1.1008513637848429 4.0217238821888719 3.983238646376297 4.9767988934686258 0.20500000000000004 0.021662444967403577 0.012426962810402731 3.0378547062252426 14.500000000000002 3.0242857737003104 0.14419241178071365 -0.59774684379245457 1.0076758257251435 310.50000000000006 0.39792739208455813 -2.3055110860920025 76.500000000000014 3.0010411422024923 14.500000000000002 1.0002313641118341 1.5000000000000002 -0.7973880209278873 80.500000000000014 0.085520505031384281 1.4193562136708875
decision_type=2 2 2 2 2 2 2 2 2 2 2 2 2 2 2 2 2 2 2 2 2 2 2 2 2 2 2 2 2 2
left_child=1 3 -2 4 29 6 19 9 17 10 -5 -8 -4 14 18 -7 -10 -9 28 -3 -21 -17 -14 -24 27 -18 -22 -23 -6 -1
right_child=2 5 12 7 13 15 11 8 16 -11 -12 -13 22 -15 -16 21 25 -19 -20 20 26 24 23 -25 -26 -27 -28 -29 -30 -31
leaf_value=4.9471481753583308 4.8989508518498717 -2.2551429091475037 -2.1997860300333429 -1.4555973651999192 0.89414616663473367 -2.7992912315475373 4.1570274420208744 4.892953577807182 4.3825855567743055 -1.7084267800805015 3.752911637594091 -1.0576670128687204 -0.68097219285141564 -2.14798864552411 5.1980648947290096 -2.6833237245747421 1.3755054980663313 -0.91803013993127103 2.0380824601545311 2.262339278092075 -1.7835152863454617 -0.65211296451125889 4.7320767016120353 -0.54049340939668622 -1.691478927523804 -1.9559129336918035 0.92650645782341678 -2.4118647846255787 -2.4057289321459341 1.4913406312985367
leaf_weight=111.59081183373928 254.08369463682175 329.25420854240656 99.082830727100372 49.296160832047462 4.4145815670490327 2191.3492389768362 11.526962980628015 36.052416130900383 2.4525453150272361 85.716458760201931 48.43776997178793 8.951790399849413 10.545944854617121 14.837899155914782 5.6408542245626441 654.7069718465209 3.9240725040435818 2.4525453150272361 9.810181260108946 6.1313632875680915 51.993960678577423 11.281708449125288 4.2919543012976638 3.3109361752867699 115.3922570720315 26.977998465299606 5.1503451615571967 440.47713857889175 9.0744176656007749 2.6977998465299597
leaf_count=910 2072 2685 808 402 36 17870 94 294 20 699 395 73 86 121 46 5339 32 20 80 50 424 92 35 27 941 220 42 3592 74 22
internal_value=-1.78972 -2.18826 2.79579 1.58876 3.51523 -2.59632 -1.88411 0.396059 1.91388 -0.19849 1.12578 1.87755 -1.76251 -0.0100384 1.08611 -2.6825 -1.09792 4.52283 0.090589 -2.08036 -1.17089 -2.47304 0.624769 2.43596 -2.23029 -1.53288 -1.53926 -2.36792 -1.32577 4.86557
internal_weight=0 4239.59 371.315 413.377 158.067 3826.22 413.009 255.31 71.8596 183.45 97.7339 20.4788 117.232 43.7779 28.94 3413.21 33.3546 38.505 23.2992 392.53 63.2757 1221.86 18.1488 7.60289 567.151 30.9021 57.1443 451.759 13.489 114.289
internal_count=37601 34573 3028 3371 1289 31202 3368 2082 586 1496 797 167 956 357 236 27834 272 314 190 3201 516 9964 148 62 4625 252 466 3684 110 932
is_linear=0
shrinkage=1


Tree=95
num_leaves=31
num_cat=0
split_feature=10 36 46 8 46 40 40 40 40 14 40 46 36 49 40 33 6 6 6 10 32 46 40 49 40 40 6 40 6 33
split_gain=8204.76 6625.83 3628.7 1003.01 704.686 276.557 529.645 360.224 644.531 226.51 307.705 140.009 124.633 97.543 113.397 75.9934 55.2062 53.0767 53.3301 76.1997 47.125 52.0785 45.0987 60.4439 36.7644 79.8157 35.2678 51.5773 34.656 27.4284
threshold=1.5558804064814382 3.5000000000000004 10.500000000000002 -0.46017495063667579 7.0000000000000009 0.38500000000000006 0.48000000000000004 0.20500000000000004 0.080000000000000016 -1.1008513637848429 0.53500000000000014 7.0000000000000009 3.5000000000000004 14.500000000000002 0.38500000000000006 -0.10809521736835979 -0.12011457448581979 -0.79039603016483795 -1.1961339953951045 0.095874528290207969 1.3155052043664803 2.5000000000000004 0.32500000000000007 14.500000000000002 0.18000000000000002 0.115 -0.12680684577949455 0.53500000000000014 1.1857243389194776 -0.10596812144784683
decision_type=2 2 2 2 2 2 2 2 2 2 2 2 2 2 2 2 2 2 2 2 2 2 2 2 2 2 2 2 2 2
left_child=1 3 -2 4 28 7 -7 8 -5 10 17 -12 22 14 16 -11 -6 18 19 -3 -8 -22 -4 -24 25 -18 27 -17 -1 -19
right_child=2 9 12 5 13 6 20 -9 -10 15 11 -13 -14 -15 -16 26 24 29 -20 -21 21 -23 23 -25 -26 -27 -28 -29 -30 -31
leaf_value=4.9358528889557931 4.9200605749717248 -2.265644300110655 -0.85497761380075299 -1.4721900391648293 2.1691416394686787 4.6155796533327926 -2.0573027444268135 -1.7633440878111473 3.7076326843679319 -2.7786173886467918 4.233519441234197 -1.1578770040355959 -2.2099525343100606 -1.9973410284007325 5.1980648947290096 -2.3395694285735198 -2.6305367496361489 -1.6436685338740162 -2.2595204665597692 2.7326622450985085 3.0101935002163853 -0.8727257322671208 4.271383828871393 -0.79810670787910887 -2.454895046076675 4.8273924683859608 -2.6143906675062194 -1.0636514502803254 1.4604512624366159 0.40607290880961466
leaf_weight=114.4112389460206 248.19758588075638 7.2350086793303472 11.894844777882101 49.173533566296101 8.5839086025953311 37.769197851419449 16.677308142185211 85.471204228699207 46.966242782771587 2374.9222558066249 11.404335714876654 8.3386540710926038 100.43173065036535 14.592644624412058 5.6408542245626441 409.94294940680265 3.0656816437840479 14.4700173586607 354.27017075568438 5.2729724273085594 5.0277178958058384 11.036453917622564 5.3955996930599195 4.1693270355463028 7.9707722738385201 2.6977998465299606 587.13934841752052 34.335634410381317 2.9430543780326834 11.894844777882097
leaf_count=933 2024 59 97 401 70 308 136 697 383 19367 93 68 819 119 46 3343 25 118 2889 43 41 90 44 34 65 22 4788 280 24 97
internal_value=-1.78972 -2.18438 2.72569 1.62549 3.58462 0.382929 2.06379 -0.269666 1.05826 -2.5954 -1.8959 1.95641 -1.74253 0.0983814 1.1922 -2.68019 0.179731 -2.08936 -2.18787 -0.158515 -0.879852 0.342539 0.444985 2.06161 -1.06365 0.860409 -2.45354 -2.24096 4.8487 -0.718901
internal_weight=0 4231.25 370.089 412.028 159.906 252.122 70.5107 181.611 96.1398 3819.23 412.886 19.743 121.892 42.5517 27.959 3406.34 22.3182 393.143 366.778 12.508 32.7415 16.0642 21.4598 9.56493 13.7343 5.76348 1031.42 444.279 117.354 26.3649
internal_count=37523 34505 3018 3360 1304 2056 575 1481 784 31145 3367 161 994 347 228 27778 182 3206 2991 102 267 131 175 78 112 47 8411 3623 957 215
is_linear=0
shrinkage=1


Tree=96
num_leaves=31
num_cat=0
split_feature=10 36 34 8 34 35 35 40 35 14 35 34 20 0 49 35 9 34 35 35 6 10 6 6 35 34 6 6 35 35
split_gain=8101.95 6337.52 3563.91 1035.05 684.251 242.219 630.14 400.126 624.351 201.683 240.946 153.293 131.816 97.6955 89.9109 114.74 79.3826 57.9775 50.7903 104.145 50.2865 77.5729 48.0432 43.7568 81.6112 38.7512 63.8294 36.3122 34.9257 66.7725
threshold=1.5558804064814382 3.5000000000000004 0.97832031928938423 -0.46017495063667579 0.97293110533848381 3.9791818576149001 4.9767988934686258 0.20500000000000004 0.021662444967403577 -1.1008513637848429 4.0217238821888719 0.012426962810402731 3.0378547062252426 -0.59944417186536914 14.500000000000002 3.0242857737003104 0.14419241178071365 1.0076758257251435 1.9952054081949948 0.97105081045828856 -1.1961339953951045 0.095874528290207969 -0.79039603016483795 -0.12680684577949455 4.9991424286896304 0.99994030950434676 -0.37299241782013554 -0.26467188348560394 3.0010411422024923 4.9879704741661453
decision_type=2 2 2 2 2 2 2 2 2 2 2 2 2 2 2 2 2 2 2 2 2 2 2 2 2 2 2 2 2 2
left_child=1 3 -2 4 -1 7 17 8 -5 10 20 -12 -4 -8 15 18 -11 -7 19 -6 21 -3 -22 24 -18 26 -26 -28 -14 -30
right_child=2 9 12 5 14 6 13 -9 -10 16 11 -13 28 -15 -16 -17 23 -19 -20 -21 22 -23 -24 -25 25 -27 27 -29 29 -31
leaf_value=4.8519964052814206 4.8772338802946393 -2.3742432434218141 -2.2695835655996932 -1.4589092926563298 -1.3257698089086236 4.9216312208460593 4.7903252257516584 -1.8633483668899364 3.6378365695605708 -2.7973217446425798 4.2035778972232709 -1.3884989887512926 -0.57442929528743547 -1.760272313301477 -1.9464001015113181 5.1980648947290096 -2.3677018063055728 -0.10255080197656685 -1.3990713224326414 4.5323674759904744 -2.2745677057583866 2.6610180655365965 -0.85978161579164936 -2.6414438922963588 3.2090908997175327 -1.9373793123746512 -2.3389411075796191 0.81863882052782166 4.5707730963023145 -1.2092727606293798
leaf_weight=112.69445722550154 246.23554962873459 6.8671268820762617 98.96020346134901 48.069888174533844 6.1313632875680977 36.175043396651745 2.4525453150272361 87.801122277975082 48.069888174533844 2195.6411932781339 10.055435791611673 9.5649267286062223 10.913826651871206 31.760461829602718 13.856881029903887 5.6408542245626441 480.45362721383572 2.4525453150272361 10.913826651871203 6.0087360218167305 353.28915262967348 5.5182269588112831 25.751725807785988 704.12575994431973 5.0277178958058384 16.677308142185211 8.0933995395898819 6.6218723505735371 4.7824633643031103 3.4335634410381317
leaf_count=919 2008 56 807 392 50 295 20 716 392 17905 82 78 89 259 113 46 3918 20 89 49 2881 45 210 5742 41 136 66 54 39 28
internal_value=-1.78972 -2.2029 2.71128 1.52355 3.56195 0.291169 1.83456 -0.320012 1.08946 -2.60404 -1.94224 1.47744 -1.80507 -1.2907 0.145383 1.15552 -2.68365 4.60264 0.166384 1.57371 -2.11366 -0.13081 -2.17845 -2.47925 -2.2583 -0.815066 0.132976 -0.91803 0.597925 2.15523
internal_weight=0 4239.72 364.326 412.028 155.246 256.781 72.8406 183.941 96.1398 3827.69 411.047 19.6204 118.09 34.213 42.5517 28.6948 3416.64 38.6276 23.0539 12.1401 391.426 12.3854 379.041 1221 516.874 36.4203 19.743 14.7153 19.1299 8.21603
internal_count=37545 34574 2971 3360 1266 2094 594 1500 784 31214 3352 160 963 279 347 234 27862 315 188 99 3192 101 3091 9957 4215 297 161 120 156 67
is_linear=0
shrinkage=1


Tree=97
num_leaves=31
num_cat=0
split_feature=10 36 34 2 34 40 40 40 40 14 40 34 36 34 9 34 0 40 40 14 6 25 2 14 1 40 40 40 40 9
split_gain=8321.29 6643.94 3590.05 869.245 658.653 248.323 518.874 419.242 675.8 204.977 263.199 160.857 127.562 85.2407 81.2339 78.4869 77.9655 59.6975 58.2115 57.2966 55.4367 55.1918 148.922 55.1435 79.4251 50.2602 67.8967 83.1216 84.0397 48.9211
threshold=1.5558804064814382 3.5000000000000004 0.97293110533848381 -0.56666727637951553 0.97293110533848381 0.38500000000000006 0.48000000000000004 0.20500000000000004 0.080000000000000016 -1.1008513637848429 0.53500000000000014 0.012426962810402731 3.5000000000000004 1.0221258843581886 0.22308993566552213 1.0094107126578027 -0.58844038671351928 0.38500000000000006 0.51500000000000012 1.6062027932067247 -0.79039603016483795 2.0809740309278992 -0.78888807744659928 -2.535449313321108 0.074863442002516392 0.10500000000000002 0.21500000000000002 0.41500000000000004 0.51500000000000012 1.438366478306347
decision_type=2 2 2 2 2 2 2 2 2 2 2 2 2 2 2 2 2 2 2 2 2 2 2 2 2 2 2 2 2 2
left_child=1 3 -2 4 21 7 15 8 -5 10 20 -12 17 19 -11 -7 -8 -4 -19 25 23 -1 -23 24 -3 -6 -27 -28 -29 -16
right_child=2 9 12 5 13 6 16 -9 -10 14 11 -13 -14 -15 29 -17 -18 18 -20 -21 -22 22 -24 -25 -26 26 27 28 -30 -31
leaf_value=4.8730918086200372 4.9004446983951766 -2.9567284848180315 -0.82619688115258838 -1.4004702062785197 -1.2578131974123976 4.9368793416474315 4.3825855567742966 -1.8638180318890465 3.9585363010378596 -2.7857889871518888 4.1901690837737551 -1.4083499950306184 -2.225539041072842 -2.3742432434218141 -2.4914372605252408 -0.91803013993127103 -1.4966999758161594 4.9776650736601713 -0.42593053944136372 -2.0703379000846573 -0.66695891519152228 4.7744392646226679 -0.4083555537095811 -2.2847872351007963 2.019077645075078 4.7450208180875038 -1.0199650571756094 5.1980648947290113 -0.91803013993127125 -1.1824638164647001
leaf_weight=98.469694398343563 251.9990311190486 5.763481490314005 13.611626498401167 48.192515440285206 5.8861087560653678 34.458261676132679 2.4525453150272396 83.263913445174694 45.985224656760693 2246.4088812991977 10.913826651871206 9.6875539943575841 98.469694398343563 10.300690323114393 1106.833700671792 2.4525453150272361 28.081643857061863 4.5372088328003866 3.5561907067894936 5.6408542245626441 24.893334947526455 18.884598925709728 7.8481450080871573 349.73296192288399 7.235008679330349 6.6218723505735424 9.8101812601089495 6.4992450848221761 3.4335634410381317 29.307916514575481
leaf_count=803 2055 47 111 393 48 281 20 679 375 18319 89 79 803 84 9026 20 229 37 29 46 203 154 64 2852 59 54 80 53 28 239
internal_value=-1.78972 -2.17746 2.75566 1.60479 3.31796 0.39176 2.02511 -0.229071 1.21623 -2.5948 -1.92544 1.55753 -1.74183 0.176538 -2.67558 4.54785 -1.02447 0.45262 2.60336 0.869954 -2.11055 4.52715 3.25288 -2.20962 -0.187176 1.38423 1.97408 1.04469 3.08386 -2.45767
internal_weight=0 4209.06 372.174 418.282 173.395 244.887 67.445 177.442 94.1777 3790.78 408.226 20.6014 120.175 48.1925 3382.55 36.9108 30.5342 21.705 8.0934 37.8918 387.625 125.202 26.7327 362.731 12.9985 32.251 26.3649 19.743 9.93281 1136.14
internal_count=37359 34324 3035 3411 1414 1997 550 1447 768 30913 3329 168 980 393 27584 301 249 177 66 309 3161 1021 218 2958 106 263 215 161 81 9265
is_linear=0
shrinkage=1


Tree=98
num_leaves=31
num_cat=0
split_feature=10 36 34 8 34 35 35 40 35 14 35 34 36 49 35 47 38 38 6 14 10 34 35 35 46 6 25 14 31 35
split_gain=8357.77 6638.54 3627.08 963.378 714.444 232.617 582.172 420.431 671.689 218.825 270.796 145.993 114.097 103.068 101.122 68.587 59.3143 57.0434 53.2026 56.452 86.4017 48.3645 48.3122 57.0829 45.2544 40.8944 37.8054 36.3464 32.5059 32.4157
threshold=1.5558804064814382 3.5000000000000004 0.97832031928938423 -0.46017495063667579 0.98727729154667998 3.9791818576149001 4.9767988934686258 0.20500000000000004 0.021662444967403577 -1.1008513637848429 4.0217238821888719 0.012426962810402731 3.5000000000000004 14.500000000000002 3.0242857737003104 2.5000000000000004 237.00000000000003 76.500000000000014 -0.79039603016483795 -2.535449313321108 0.12169557320831886 1.0049791171386804 3.0010411422024923 4.9879704741661453 1.5000000000000002 1.1857243389194776 0.6418361345244038 0.9339492431873897 -0.3193253212348231 1.9974466178377186
decision_type=2 2 2 2 2 2 2 2 2 2 2 2 2 2 2 2 2 2 2 2 2 2 2 2 2 2 2 2 2 2
left_child=1 3 -2 4 25 7 21 8 -5 10 18 -12 22 14 16 -11 -6 -17 19 20 -3 -7 -4 -24 28 -1 -26 -19 -8 -18
right_child=2 9 12 5 13 6 24 -9 -10 15 11 -13 -14 -15 -16 17 29 27 -20 -21 -22 -23 23 -25 26 -27 -28 -29 -30 -31
leaf_value=4.9150351895820403 4.8759584124925652 -2.4389638257991715 -0.87956413342397399 -1.4024733109934715 -1.3427589617826796 4.8939878534577641 4.0860476156998651 -1.7967294265609843 3.7764060004738353 -2.7792309189954167 4.1107591107894024 -1.3037298268017392 -2.2476160170313322 -2.2476160170313322 5.1980648947290096 -2.6847835443056738 3.316189499448924 -2.0441613315115514 -0.6892981305049517 -2.2726111692268449 2.5885310132739563 0.30518886700078518 4.7320767016120371 -0.58920782623985835 1.2371652532347301 1.4119108256535977 -1.9718500573365045 -2.6752513957804114 -0.67338633854485974 -0.54049340939668622
leaf_weight=113.06233902275562 254.57420369982719 7.7255177423357946 12.998490169644358 49.541415363550186 11.772217512130743 36.175043396651745 2.6977998465299606 86.206967823207378 50.645060755312443 2377.4974283874035 11.036453917622568 9.0744176656007749 98.714948929846287 14.102135561406611 4.905090630054473 562.61389526724815 6.3766178190708143 342.98846230655909 25.138589479029179 347.89355293661356 6.1313632875680923 2.4525453150272361 4.2919543012976629 3.8014452382922173 4.2919543012976673 3.4335634410381308 25.383844010531902 124.34404747188091 3.0656816437840453 3.3109361752867699
leaf_count=922 2076 63 106 404 96 295 22 703 413 19388 90 74 805 115 40 4588 52 2797 205 2837 50 20 35 31 35 28 207 1014 25 27
internal_value=-1.78972 -2.18875 2.74068 1.5974 3.55436 0.418066 1.91725 -0.177661 1.21549 -2.60307 -1.91005 1.66764 -1.79653 -0.0654836 1.1017 -2.68585 0.165392 -2.4703 -2.09602 -2.19377 -0.214409 4.60264 0.314671 2.23269 -1.00974 4.81179 -1.50774 -2.21208 1.55443 1.99808
internal_weight=0 4231.87 374.381 417.423 156.963 260.46 74.0669 186.393 100.186 3814.44 407 20.1109 119.807 40.467 26.3649 3407.44 21.4598 1029.95 386.889 361.75 13.8569 38.6276 21.0919 8.0934 35.4393 116.496 29.6758 467.333 5.76348 9.68755
internal_count=37563 34510 3053 3404 1280 2124 604 1520 817 31106 3319 164 977 330 215 27787 175 8399 3155 2950 113 315 172 66 289 950 242 3811 47 79
is_linear=0
shrinkage=1


Tree=99
num_leaves=31
num_cat=0
split_feature=10 9 34 8 34 6 35 35 48 35 48 20 9 9 34 20 20 20 3 34 49 35 6 20 6 10 35 49 22 0
split_gain=8603.92 5028.89 3622.75 845.808 623.837 249.561 282.606 183.639 722.774 384.21 611.423 155.539 149.766 165.36 143.714 121.361 109.237 96.2405 94.4899 87.0363 63.2371 85.2636 62.7955 57.4645 56.2167 50.6039 45.8254 48.929 45.7116 35.3404
threshold=1.5558804064814382 1.20733357875903 0.97832031928938423 -0.46017495063667579 0.98648807812311834 -0.76586299214389519 4.0217238821888719 0.021662444967403577 13.500000000000002 3.0242857737003104 43.500000000000007 1.4897372580023809 1.352687448232494 1.293112571040208 0.020233483296025694 3.2691905703001995 0.50257751013150731 1.0000000180025095e-35 1.0928993614967126 1.0087528604538925 14.500000000000002 3.0242857737003104 -0.12011457448581979 0.94372923650119167 -0.79039603016483795 -0.75160221285459516 3.9882573290859553 14.500000000000002 -0.56835095950012993 -0.74910629251621097
decision_type=2 2 2 2 2 2 2 2 2 2 2 2 2 2 2 2 2 2 2 2 2 2 2 2 2 2 2 2 2 2
left_child=1 5 -2 4 12 6 16 -5 -9 28 19 17 13 -3 -8 -4 -1 -7 24 -11 21 22 -6 -15 -18 -19 -17 -28 -10 -12
right_child=2 3 15 7 20 11 14 8 9 10 29 -13 -14 23 -16 26 18 25 -20 -21 -22 -23 -24 -25 -26 -27 27 -29 -30 -31
leaf_value=-2.2335844768112949 4.917268566021507 4.3743483917444586 -2.2126779939834473 -1.7127769523447538 1.585181751891712 -2.757356453971834 4.2817959756787776 3.8425764509437106 1.8757416660246595 4.8679113166096961 1.3352680307330429 1.5866563980724631 4.4473714310380466 -2.1747619963683151 -1.144552178252022 -0.74328456751240579 -1.4320362382171681 1.5737122815969915 3.9624901402521853 -1.3257698089086232 -1.9682686812365717 3.5108662644778978 -1.6623168372708819 2.3199025254771128 2.1400173773988693 -2.3459475601258104 4.9509499438336455 -0.47483484756458449 -1.8966983305781651 -1.5728847598039879
leaf_weight=334.64980823546648 256.41361268609762 12.140099309384825 100.79961244761944 57.880069434642792 9.6875539943575877 2723.5515723377466 10.913826651871206 45.739970125257969 3.310936175286769 30.288934640586376 4.6598360985517493 8.5839086025953275 97.243421740829945 8.951790399849413 8.8291631340980512 8.5839086025953275 43.287424810230732 3.310936175286769 4.0466997697949401 2.4525453150272361 16.186799079179764 7.1123814135789862 15.451035484671591 4.1693270355463019 4.905090630054473 633.61508213728666 4.0466997697949401 2.8204271122813225 107.54411206394434 40.466997697949409
leaf_count=2729 2091 99 822 472 79 22210 89 373 27 247 38 70 793 73 72 70 353 27 33 20 132 58 126 34 40 5167 33 23 877 330
internal_value=-1.78972 -2.19381 2.81791 0.915611 2.6826 -2.57534 -1.83532 -0.117602 0.276186 -0.588182 1.11425 -2.66466 3.88383 1.71446 1.85511 -1.81265 -2.02364 -2.67552 -0.678746 4.40397 -0.355453 0.454022 -0.410842 -0.746551 -1.06847 -2.32557 0.797065 2.7225 -1.78403 -1.27259
internal_weight=0 4238.98 372.664 463.286 170.942 3775.69 406.632 292.343 234.463 188.723 77.8683 3369.06 122.505 25.2612 19.743 116.251 386.889 3360.48 52.2392 32.7415 48.4378 32.251 25.1386 13.1211 48.1925 636.926 15.451 6.86713 110.855 45.1268
internal_count=37607 34568 3039 3778 1394 30790 3316 2384 1912 1539 635 27474 999 206 161 948 3155 27404 426 267 395 263 205 107 393 5194 126 56 904 368
is_linear=0
shrinkage=1


end of trees

feature_importances:
Column_35=607
Column_34=304
Column_6=250
Column_38=207
Column_14=182
Column_40=173
Column_9=170
Column_49=150
Column_20=149
Column_46=147
Column_10=129
Column_36=103
Column_8=89
Column_0=70
Column_1=40
Column_48=31
Column_42=30
Column_2=26
Column_4=23
Column_7=20
Column_25=18
Column_31=11
Column_3=10
Column_15=9
Column_33=9
Column_22=7
Column_23=7
Column_32=6
Column_12=5
Column_47=5
Column_13=4
Column_41=3
Column_5=2
Column_29=2
Column_28=1
Column_37=1

parameters:
[boosting: rf]
[objective: binary]
[metric: auc]
[tree_learner: serial]
[device_type: cpu]
[data_sample_strategy: bagging]
[data: ]
[valid: ]
[num_iterations: 100]
[learning_rate: 0.1]
[num_leaves: 31]
[num_threads: 1]
[seed: 0]
[deterministic: 0]
[force_col_wise: 0]
[force_row_wise: 0]
[histogram_pool_size: -1]
[max_depth: -1]
[min_data_in_leaf: 20]
[min_sum_hessian_in_leaf: 0.001]
[bagging_fraction: 0.8]
[pos_bagging_fraction: 1]
[neg_bagging_fraction: 1]
[bagging_freq: 1]
[bagging_seed: 3]
[feature_fraction: 0.8]
[feature_fraction_bynode: 1]
[feature_fraction_seed: 2]
[extra_trees: 0]
[extra_seed: 6]
[early_stopping_round: 0]
[first_metric_only: 0]
[max_delta_step: 0]
[lambda_l1: 0]
[lambda_l2: 0]
[linear_lambda: 0]
[min_gain_to_split: 0]
[drop_rate: 0.1]
[max_drop: 50]
[skip_drop: 0.5]
[xgboost_dart_mode: 0]
[uniform_drop: 0]
[drop_seed: 4]
[top_rate: 0.2]
[other_rate: 0.1]
[min_data_per_group: 100]
[max_cat_threshold: 32]
[cat_l2: 10]
[cat_smooth: 10]
[max_cat_to_onehot: 4]
[top_k: 20]
[monotone_constraints: ]
[monotone_constraints_method: basic]
[monotone_penalty: 0]
[feature_contri: ]
[forcedsplits_filename: ]
[refit_decay_rate: 0.9]
[cegb_tradeoff: 1]
[cegb_penalty_split: 0]
[cegb_penalty_feature_lazy: ]
[cegb_penalty_feature_coupled: ]
[path_smooth: 0]
[interaction_constraints: ]
[verbosity: 1]
[saved_feature_importance_type: 0]
[use_quantized_grad: 0]
[num_grad_quant_bins: 4]
[quant_train_renew_leaf: 0]
[stochastic_rounding: 1]
[linear_tree: 0]
[max_bin: 255]
[max_bin_by_feature: ]
[min_data_in_bin: 3]
[bin_construct_sample_cnt: 200000]
[data_random_seed: 1]
[is_enable_sparse: 1]
[enable_bundle: 1]
[use_missing: 1]
[zero_as_missing: 0]
[feature_pre_filter: 1]
[pre_partition: 0]
[two_round: 0]
[header: 0]
[label_column: ]
[weight_column: ]
[group_column: ]
[ignore_column: ]
[categorical_feature: ]
[forcedbins_filename: ]
[precise_float_parser: 0]
[parser_config_file: ]
[objective_seed: 5]
[num_class: 1]
[is_unbalance: 0]
[scale_pos_weight: 1]
[sigmoid: 1]
[boost_from_average: 1]
[reg_sqrt: 0]
[alpha: 0.9]
[fair_c: 1]
[poisson_max_delta_step: 0.7]
[tweedie_variance_power: 1.5]
[lambdarank_truncation_level: 30]
[lambdarank_norm: 1]
[label_gain: ]
[lambdarank_position_bias_regularization: 0]
[eval_at: ]
[multi_error_top_k: 1]
[auc_mu_weights: ]
[num_machines: 1]
[local_listen_port: 12400]
[time_out: 120]
[machine_list_filename: ]
[machines: ]
[gpu_platform_id: -1]
[gpu_device_id: -1]
[gpu_use_dp: 0]
[num_gpu: 1]

end of parameters

pandas_categorical:null
