tree
version=v4
num_class=1
num_tree_per_iteration=1
label_index=0
max_feature_idx=49
objective=binary sigmoid:1
average_output
feature_names=Column_0 Column_1 Column_2 Column_3 Column_4 Column_5 Column_6 Column_7 Column_8 Column_9 Column_10 Column_11 Column_12 Column_13 Column_14 Column_15 Column_16 Column_17 Column_18 Column_19 Column_20 Column_21 Column_22 Column_23 Column_24 Column_25 Column_26 Column_27 Column_28 Column_29 Column_30 Column_31 Column_32 Column_33 Column_34 Column_35 Column_36 Column_37 Column_38 Column_39 Column_40 Column_41 Column_42 Column_43 Column_44 Column_45 Column_46 Column_47 Column_48 Column_49
feature_infos=[-1.2504883594784932:15.798026433845127] [-1.6942035155796722:12.548603324937305] [-1.2896648374313537:41.078922051193565] [-0.96376721161209833:14.807636610531953] [-1.1122094359838803:21.78669170307009] [-1.8862102267685008:19.869853026967405] [-1.5540989689317364:47.607737950131309] [-1.5642778150448371:4.6653551563690892] [-1.2138337338365262:29.702922545606071] [-1.7560963937658212:4.0743700750396483] [-1.7340317224577881:7.3264240399689395] [-0.97869483213632102:6.0008285365236516] [-1.5579095479715643:59.004612215098327] [-0.96376721161209833:14.807636610531953] [-5.7175227242526372:7.6513710065328215] [-0.7754756656371774:9.7791031611688801] [-0.062261689845420132:40.221515814628638] [-0.038186151847367227:0.035340447584859179] [-1.0538865892455764:1.0171488228821155] [-0.8372301391356739:9.7653932265708985] [-0.68886770146199205:12.781567845435854] [-2.0509462961206304:11.035072096676103] [-0.82878993278688273:119.05123222314909] [-4.2402729805030015:2.3966212858456437] [-0.28229914078801199:4.1126100380045401] [-1.6642384446554661:9.4631116693494146] [-1.7369647438352842:6.1077158488199075] [-1.6279496045771977:4.4334029956433021] [-0.71675979745537344:34.139763059305217] [-1.0164738168665284:7.3084434598582915] [-0.122048067242397:12.361590672397787] [-1.7104296920285054:56.810156472352482] [-2.36423798798715:4.7794127332731167] [-0.80976315975979374:2.4098767141362201] [-0.038396423882105631:3.0145892820273552] [-0.030516122026900076:5.030794246187309] [0:6] [0:1] [0:3898] [0:0.40000000000000002] [0:0.56000000000000005] [0:0.40000000000000002] [0:1] [0:4] [0:1] [0:1] [0:34] [0:4] [0:56] [0:35]
tree_sizes=3305 3305 3305 3318 3297 3308 3304 3305 3306 3310 3299 3305 3316 3322 3303 3308 3317 3312 3313 3320 3305 3309 3321 3302 3317 3314 3317 3315 3309 3313 3320 3314 3308 3322 3329 3308 3310 3314 3300 3317 3314 3321 3294 3322 3328 3324 3314 3311 3306 3308 3327 3321 3305 3303 3314 3308 3314 3320 3309 3306 3309 3309 3310 3314 3317 3307 3310 3315 3311 3312 3306 3308 3309 3304 3327 3346 3332 3323 3304 3302 3328 3318 3322 3327 3317 3311 3308 3339 3318 3317 3329 3331 3310 3309 3314 3321 3312 3336 3322 3317

Tree=0
num_leaves=31
num_cat=0
split_feature=10 36 34 8 34 35 40 35 35 6 35 34 0 9 49 35 6 35 20 14 10 14 34 49 12 6 9 9 20 6
split_gain=8167.72 6551.02 3532.14 944.339 653.689 253.887 522.121 373.787 562.753 246 295.826 161.65 126.618 114.607 110.375 110.975 81.3164 81.1796 76.6802 62.5662 94.843 55.9616 52.028 49.019 42.5386 31.5095 30.3283 26.8322 26.274 25.1831
threshold=1.5567621339366637 3.5000000000000004 0.025492134796252647 -0.65580943308990325 0.98250612249085345 3.9838366311905671 0.48000000000000004 1.9918600874976942 0.022569304056737946 -0.76476546117687028 4.0192542007366283 0.019980506277424138 -0.60431314043427709 1.20733357875903 14.500000000000002 3.9915476583191869 -0.78137799809396824 3.001148002981227 -0.045087988890539381 -2.535449313321108 -1.0000000180025095e-35 0.078441340761672543 1.0026464741153509 11.500000000000002 -0.31817552642236396 1.440487095747111 1.438366478306347 0.10922740420987301 -0.22696999761884629 -0.11047592559003995
decision_type=2 2 2 2 2 2 2 2 2 2 2 2 2 2 2 2 2 2 2 2 2 2 2 2 2 2 2 2 2 2
left_child=1 3 -2 4 25 7 22 8 29 10 16 -12 -8 -4 15 21 19 -15 -11 20 -3 -6 -7 -10 -14 -1 -20 -21 -18 -5
right_child=2 9 13 5 14 6 12 -9 23 18 11 -13 24 17 -16 -17 28 -19 26 27 -22 -23 -24 -25 -26 -27 -28 -29 -30 -31
leaf_value=4.8297129879799252 4.8755936366145711 -2.5585057686410555 -2.1767995217648179 -0.49843328768335726 2.3421724848055234 4.7814355894850546 5.1653274368490862 -1.7764762692448637 3.8466689263357425 -2.75524631976318 4.2353037351993184 -1.2863055144555868 0.51023553982137826 -1.0960269389332371 -2.0494018850400106 5.0092395428659087 -1.3946404911014454 3.0363909156359101 -2.4298065692774005 -2.4974576609070112 2.5564297802731186 -0.88770818066803736 0.14078380196203666 -0.6322229110975095 -2.1101476630092839 1.3002938715513557 -1.267486406670381 -1.9429734245463048 0.8888548146003068 -1.9463343232987378
leaf_weight=113.22516097873449 248.503971375525 7.6386942118406296 99.426229499280453 22.423263654112816 8.5011274293065124 36.468604624271393 3.2033233791589728 84.272045820951462 43.984094090759754 2688.8203625679016 11.827655553817751 9.6099701374769193 8.3779226839542371 12.936498261988165 14.41495520621538 6.4066467583179465 8.9939464107155818 7.5154894664883605 728.75606875866652 193.92426918447018 6.8994657397270185 14.538159951567648 2.5872996523976317 2.5872996523976317 23.778515852987766 2.5872996523976317 23.162492126226425 158.68771201372147 11.458041317760943 25.872996523976326
leaf_count=919 2017 62 807 182 69 296 26 684 357 21824 96 78 68 105 117 52 73 61 5915 1574 56 118 21 21 193 21 188 1288 93 210
internal_value=-1.78313 -2.18301 2.72493 1.60072 3.50569 0.401082 1.95364 -0.243859 1.11758 -2.58914 -1.85599 1.7601 -0.830188 -1.73334 0.217867 1.32779 -2.056 0.422512 -2.6763 -2.1641 -0.131079 0.304066 4.47401 3.59784 -1.42744 4.75086 -2.394 -2.24792 -0.115333 -1.27409
internal_weight=0 4263.01 368.382 413.229 159.673 253.555 74.4157 179.14 94.8677 3849.78 409.04 21.4376 35.3598 119.878 43.8609 29.4459 387.602 20.452 3440.74 367.15 14.5382 23.0393 39.0559 46.5714 32.1564 115.812 751.919 352.612 20.452 48.2963
internal_count=37591 34601 2990 3354 1296 2058 604 1454 770 31247 3320 174 287 973 356 239 3146 166 27927 2980 118 187 317 378 261 940 6103 2862 166 392
is_linear=0
shrinkage=1


Tree=1
num_leaves=31
num_cat=0
split_feature=10 36 46 8 34 14 35 35 35 35 35 0 34 9 6 34 14 10 9 38 34 38 35 6 14 40 35 35 9 31
split_gain=8461.33 6682.37 3546.09 924.315 641.813 265.779 317.84 220.386 551.506 402.471 609.338 123.763 113.917 101.661 87.058 79.553 76.8459 100.368 76.8284 76.6371 74.3777 59.9889 46.3843 41.9351 38.747 37.0895 41.9941 46.5703 34.359 30.8896
threshold=1.5567621339366637 3.5000000000000004 10.500000000000002 -0.65580943308990325 0.98250612249085345 -1.0959449678051614 4.0192542007366283 3.9838366311905671 4.0280457769682547 1.994600120183083 0.022569304056737946 -0.59800622911466672 0.012247426097250042 1.20733357875903 -0.78137799809396824 1.0111367187541591 -2.535449313321108 -1.0000000180025095e-35 0.14410075192778152 47.500000000000007 1.0075957483024804 76.500000000000014 0.99069191928338418 0.87837208639158482 0.9339492431873897 0.13500000000000004 3.001148002981227 4.9872545186960853 1.4906560138589964 -0.2966508931047705
decision_type=2 2 2 2 2 2 2 2 2 2 2 2 2 2 2 2 2 2 2 2 2 2 2 2 2 2 2 2 2 2
left_child=1 3 -2 4 -1 6 14 9 20 10 -5 -10 -8 -4 16 19 17 -3 -7 -6 -9 -20 -15 -21 28 -24 -27 -28 -23 -13
right_child=2 5 13 7 15 18 12 8 11 -11 -12 29 -14 22 -16 -17 -18 -19 21 23 -22 24 25 -25 -26 26 27 -29 -30 -31
leaf_value=4.7282154042795117 4.8690453249271277 -2.4275933414293585 -2.195490951347395 -1.2021515893702257 -1.5253590457811743 -2.7931398752995866 4.0546388438740522 4.7464076697716546 5.1653274368490862 -1.7391051444389971 3.728228921672299 0.2953851445739446 -0.69664013718580486 -2.3714880154814875 0.0047918802200794808 -2.3425002637417549 -2.2353287565127102 2.7863326388985872 -2.6849039742247633 2.5702334715777519 -0.9221004284948392 -2.1335662953927033 4.1913389783940582 -0.9835895988518486 -2.6678072554876473 -1.51890708195993 4.1815007111369349 -1.3279289528511011 -0.47762156848560022 -2.1115978274700891
leaf_weight=116.674893848598 256.51227982342243 7.6386942118406296 96.592520356178284 50.883559830486774 9.11715115606785 2194.7693337053061 11.704450808465483 38.193471059203148 2.9569138884544364 84.148841075599194 49.405102886259556 6.7762609943747547 8.87074166536331 5.1745993047952679 19.959168747067451 9.8563796281814557 347.80699612945318 7.1458752304315549 664.56639643013477 18.111097566783432 2.4640949070453635 398.69055595993996 3.0801186338067046 4.0657565966248503 155.23797914385796 6.2834420129656774 4.0657565966248512 2.4640949070453644 12.936498261988161 25.010563306510448
leaf_count=947 2082 62 784 413 74 17814 95 310 24 683 401 55 72 42 162 80 2823 58 5394 147 20 3236 25 33 1260 51 33 20 105 203
internal_value=-1.78313 -2.17634 2.78407 1.62181 3.53061 -2.59061 -1.82256 0.462412 1.90278 -0.126438 1.2267 -1.02284 2.00618 -1.76138 -2.02849 0.134998 -2.14041 0.0924709 -2.68097 0.915312 4.40286 -2.48106 0.228934 1.9187 -2.24208 1.07558 0.326603 2.10247 -2.08152 -1.59848
internal_weight=0 4246.99 374.173 417.664 157.825 3829.33 403.126 259.839 75.4013 184.438 100.289 34.7437 20.5752 117.661 382.551 41.1504 362.592 14.7846 3426.2 31.294 40.6576 1231.43 21.068 22.1769 566.865 15.8934 12.8133 6.52985 411.627 31.7868
internal_count=37508 34471 3037 3390 1281 31081 3272 2109 612 1497 814 282 167 955 3105 334 2943 120 27809 254 330 9995 171 180 4601 129 104 53 3341 258
is_linear=0
shrinkage=1


Tree=2
num_leaves=31
num_cat=0
split_feature=1 36 46 2 46 14 35 35 35 40 35 36 46 49 35 0 38 20 9 6 38 25 2 1 35 49 40 14 35 14
split_gain=8407.74 6242.11 3307.74 782.606 671.599 254.107 258.929 218.884 425.032 391.899 588.783 152.267 149.048 119.732 141.304 118.885 81.8748 81.6727 75.4006 71.4053 61.8578 52.1731 126.064 50.8011 46.8401 44.3313 61.3563 43.2822 39.8854 37.6722
threshold=1.5373033721667195 3.5000000000000004 10.500000000000002 -0.51375135402742844 7.0000000000000009 -1.0959449678051614 4.0192542007366283 3.9838366311905671 4.9815225985080049 0.20500000000000004 0.022569304056737946 3.5000000000000004 7.0000000000000009 14.500000000000002 3.9940247876605377 -0.59510479209158318 236.50000000000003 0.12152110051028357 0.19112862607662964 -1.1961339953951045 76.500000000000014 2.5402804767878782 -0.78888807744659928 1.5862336113674254 0.99069191928338418 11.500000000000002 0.41500000000000004 0.9339492431873897 4.9872545186960853 0.085064421622438102
decision_type=2 2 2 2 2 2 2 2 2 2 2 2 2 2 2 2 2 2 2 2 2 2 2 2 2 2 2 2 2 2
left_child=1 3 23 4 21 6 17 9 -9 10 -5 24 -8 14 16 -10 -6 -3 -7 -19 -20 -1 -23 -2 -4 -26 -27 -22 -28 -11
right_child=2 5 11 7 13 18 12 8 15 29 -12 -13 -14 -15 -16 -17 -18 19 20 -21 27 22 -24 -25 25 26 28 -29 -30 -31
leaf_value=4.6388989264812936 2.5871226938798939 -2.271251108028284 -1.7917329806868285 -1.3323642372702951 -1.390364110444372 -2.7754747325929916 4.030753067681041 4.2925779221044369 5.1653274368490774 -1.0695467781744499 3.8396984461151655 -2.1304662594432586 -1.51890708195993 -2.1638145701819087 5.0277584455418785 -1.512396463922129 2.1107041352428153 2.6021999145990122 -2.67882113856612 -1.4036390753647519 -2.0477425636688311 4.7305111607530899 -0.33299450604220127 4.8355163466883981 5.1653274368490774 -1.4604443893755945 4.9193707554210473 -2.6745417836696053 0.092470882395814469 -2.4359052415697837
leaf_weight=104.47762405872345 10.472403354942797 300.00355493277311 5.1745993047952679 45.092936798930168 16.016616895794872 2241.587136939168 11.458041317760946 34.374123953282833 2.9569138884544399 35.606171406805515 42.998456127941608 98.687001027166843 8.3779226839542371 16.509435877203941 7.269079975783824 27.105043977499008 11.458041317760943 4.6817803233861914 624.03203520923853 89.816259361803532 401.77067459374666 13.798931479454042 7.6386942118406287 248.62717612087727 2.9569138884544399 6.037032522261141 4.0657565966248512 151.78824627399445 2.9569138884544373 46.571393743157387
leaf_count=848 85 2435 42 366 130 18194 93 279 24 289 349 801 68 134 59 220 93 38 5065 729 3261 112 62 2018 24 49 33 1232 24 378
internal_value=-1.78313 -2.18076 2.73511 1.51858 3.10514 -2.57822 -1.83862 0.320949 1.89076 -0.273127 1.19218 -1.60821 1.6868 0.0534489 1.10704 -0.855571 0.0697226 -2.01589 -2.66784 -1.20518 -2.46296 4.34732 2.92627 4.74464 0.823906 1.66896 0.877328 -2.21961 2.88699 -1.84388
internal_weight=0 4245.39 378.978 411.873 177.168 3833.52 414.338 234.705 64.4361 170.269 88.0914 119.878 19.836 51.2532 34.7437 30.062 27.4747 394.502 3419.18 94.498 1177.59 125.915 21.4376 259.1 21.1912 16.0166 13.0597 553.559 7.02267 82.1776
internal_count=37534 34458 3076 3343 1438 31115 3363 1905 523 1382 715 973 161 416 282 244 223 3202 27752 767 9558 1022 174 2103 172 130 106 4493 57 667
is_linear=0
shrinkage=1


Tree=3
num_leaves=31
num_cat=0
split_feature=10 36 34 2 34 14 40 40 40 40 40 34 34 0 49 40 20 36 6 6 23 25 2 40 40 3 34 5 31 14
split_gain=8430.37 6676.74 3476.15 837.811 664.97 256.28 286.732 214.427 424.848 374.238 632.533 123.24 119.753 107.351 105.873 138.285 90.2025 90.0262 81.2998 78.3274 96.965 55.5094 121.969 52.0637 44.273 42.024 41.9491 39.7482 35.2982 33.092
threshold=1.5567621339366637 3.5000000000000004 0.97876046947238315 -0.56666727637951553 0.98509966405254679 -1.0959449678051614 0.53500000000000014 0.41500000000000004 0.48000000000000004 0.18000000000000002 0.080000000000000016 1.0126000703864766 0.012247426097250042 -0.60431314043427709 14.500000000000002 0.38000000000000006 -0.045087988890539381 3.5000000000000004 -0.78137799809396824 -1.1961339953951045 -1.736621310751729 2.4022448082816807 -0.78888807744659928 0.38000000000000006 0.51500000000000012 0.57645830177368695 1.0143476453062481 -0.10111112207130511 -0.2966508931047705 0.085064421622438102
decision_type=2 2 2 2 2 2 2 2 2 2 2 2 2 2 2 2 2 2 2 2 2 2 2 2 2 2 2 2 2 2
left_child=1 3 -2 4 21 6 18 9 11 10 -5 -9 -8 -10 15 27 -7 23 19 20 -3 -1 -23 -4 -25 -22 -12 -6 -15 -11
right_child=2 5 17 7 14 16 12 8 13 29 26 -13 -14 28 -16 -17 -18 -19 -20 -21 25 22 -24 24 -26 -27 -28 -29 -30 -31
leaf_value=4.8054328294853068 4.852248536670678 -2.6560950325625026 -0.97899227770366115 -1.3669926610779068 -0.92210042849483942 -2.7636870420638999 3.9434781162065757 4.7802346765110277 5.1653274368490862 -0.99675116039983713 4.1331624038042589 -2.5454145259198859 -0.89504519353775513 0.79486640532011266 -2.0421871557181213 5.0253865663814095 -2.3721505926641107 -2.141661850793068 -0.18625749971700212 -2.2404461194202514 -0.92210042849483886 4.662531034991769 -0.60992464052848416 4.449159452690977 -0.73763291742381143 4.0585223704229172 -0.11044337978231589 1.7357906113032111 -1.8603061568453367 -2.2712060635170062
leaf_weight=105.58646676689386 255.52664186060429 6.776260994374752 13.182907752692701 46.078574761748314 15.770207405090334 2671.2020839825273 11.458041317760946 33.758100226521492 2.8337091431021681 36.838218860328197 42.628841891884804 2.4640949070453635 9.2403559014201146 6.4066467583179501 15.400593169033526 7.1458752304315558 754.62906528264284 96.346110865473747 22.423263654112816 355.93850932270288 2.4640949070453626 13.922136224806311 6.4066467583179465 4.1889613419771186 2.7105043977499008 5.4210087954998016 2.4640949070453635 8.7475369200110453 22.916082635521889 45.585755780339241
leaf_count=857 2074 55 107 374 128 21681 93 274 23 299 346 20 75 52 125 58 6125 782 182 2889 20 113 52 34 22 44 20 71 186 370
internal_value=-1.78313 -2.17583 2.7887 1.63481 3.3154 -2.58766 -1.84422 0.433416 1.93332 -0.157392 1.23866 4.28189 1.78342 -0.712189 0.108407 1.15442 -2.67744 -1.7402 -2.03527 -2.14714 0.118048 4.5141 3.00091 0.185836 2.41149 2.50208 3.90127 0.0261924 -1.28018 -1.70161
internal_weight=0 4254.51 371.955 414.954 172.979 3839.55 413.722 241.974 68.3786 173.595 91.1715 36.2222 20.6984 32.1564 47.0642 31.6636 3425.83 116.428 393.023 370.6 14.6614 125.915 20.3288 20.0824 6.89947 7.8851 45.0929 24.5177 29.3227 82.424
internal_count=37551 34532 3019 3368 1404 31164 3358 1964 555 1409 740 294 168 261 382 257 27806 945 3190 3008 119 1022 165 163 56 64 366 199 238 669
is_linear=0
shrinkage=1


Tree=4
num_leaves=31
num_cat=0
split_feature=10 36 46 8 34 6 35 35 40 35 35 34 36 49 0 35 6 1 6 34 38 9 38 35 49 49 40 35 6 6
split_gain=8622.12 6384.53 3396.2 987.372 640.896 252.561 315.427 217.171 557.524 394.469 588.42 143.969 117.152 116.097 109.448 104.309 81.3658 105.54 77.4216 76.0615 75.0897 72.9739 52.1981 51.7124 50.0792 38.1322 45.2006 72.7661 35.8084 34.075
threshold=1.5567621339366637 3.5000000000000004 10.500000000000002 -0.65580943308990325 0.98315077617897428 -0.76476546117687028 4.9911352451072073 3.9838366311905671 0.48000000000000004 1.994600120183083 0.98333340230330457 0.012247426097250042 3.5000000000000004 14.500000000000002 -0.60431314043427709 3.9940247876605377 -1.1961339953951045 -0.039547896768107473 -0.78137799809396824 1.0049328374949404 236.50000000000003 0.26599603547138922 76.500000000000014 0.99069191928338418 11.500000000000002 14.500000000000002 0.41500000000000004 1.9998880070270715 -0.11511984611331834 0.6551983324215761
decision_type=2 2 2 2 2 2 2 2 2 2 2 2 2 2 2 2 2 2 2 2 2 2 2 2 2 2 2 2 2 2
left_child=1 3 -2 4 -1 6 16 9 19 10 -5 -8 23 15 -10 20 17 -3 -18 -9 28 -7 -23 -4 -12 26 27 -25 -6 -24
right_child=2 5 12 7 13 21 11 8 14 -11 24 -13 -14 -15 -16 -17 18 -19 -20 -21 -22 22 29 25 -26 -27 -28 -29 -30 -31
leaf_value=4.7263612705252402 4.8612484272449707 -2.7855987546205307 -2.2133730059920351 -1.3279289528511009 1.1070421932864678 -2.7780080241855902 4.110173273522804 4.8247720317948808 5.1653274368490862 -1.8803911719147974 3.8533338512589799 -1.111487073194428 -2.1134035161212847 -2.1611344187860806 -1.5933377216316218 5.0029960271065814 -2.252167972000747 2.808903747038535 -0.24571955456773642 -0.9221004284948392 2.3339656390147026 -2.6686648353751377 -2.0665506474349931 5.1653274368490782 -0.48098246723803295 -0.70623419213512562 5.1653274368490845 -1.7214596431359608 -2.4737977275040746 -2.6716367834952588
leaf_weight=116.18207486718893 256.51227982342243 6.0370325222611427 5.4210087954998043 49.281898140907288 4.1889613419771203 2355.1819121539593 12.320474535226824 35.236557170748711 2.5872996523976317 82.177565149962902 44.9697320535779 9.2403559014201146 95.48367764800787 13.922136224806307 32.402848027646542 6.1602372676134101 356.18491881340742 7.6386942118406278 20.328782983124256 2.4640949070453635 10.595608100295065 562.67607202380896 362.8379750624299 2.4640949070453662 2.8337091431021681 5.7906230315566054 3.942551851272583 4.0657565966248512 8.3779226839542424 125.17602127790451
leaf_count=943 2082 49 44 400 34 19116 100 286 21 667 365 75 775 113 263 50 2891 62 165 20 86 4567 2945 20 23 47 32 33 68 1016
internal_value=-1.78313 -2.18747 2.82375 1.55553 3.50312 -2.59081 -1.85106 0.323168 1.78113 -0.268033 1.09674 1.87232 -1.63689 0.216763 -1.09358 1.34576 -2.05681 0.339258 -2.14384 4.44916 0.373097 -2.68024 -2.46109 0.461406 3.5964 1.353 2.49163 0.877328 -1.28018 -2.22176
internal_weight=0 4229 373.68 411.381 159.427 3817.62 411.75 251.954 72.6908 179.263 97.0853 21.5608 117.168 43.2449 34.9901 29.3227 390.189 13.6757 376.514 37.7007 23.1625 3405.87 1050.69 21.684 47.8034 16.263 10.4724 6.52985 12.5669 488.014
internal_count=37358 34325 3033 3339 1294 30986 3342 2045 590 1455 788 175 951 351 284 238 3167 111 3056 306 188 27644 8528 176 388 132 85 53 102 3961
is_linear=0
shrinkage=1


Tree=5
num_leaves=31
num_cat=0
split_feature=1 36 34 2 34 14 35 35 35 48 35 34 36 49 35 0 49 14 1 38 20 25 2 14 38 22 35 49 35 35
split_gain=8288.34 6490.21 3463.17 794.668 660.636 247.878 250.988 209.299 471.919 403.473 589.426 152.163 135.781 119.17 122.267 101.124 89.1958 76.9343 119.284 75.6059 75.1398 58.0464 135.009 56.3976 45.7444 41.1275 40.0626 54.131 49.5947 47.7074
threshold=1.5373033721667195 3.5000000000000004 0.025492134796252647 -0.56666727637951553 0.98250612249085345 -1.0959449678051614 4.9920922028181511 3.0166786185219605 4.9872545186960853 20.500000000000004 0.022569304056737946 0.012247426097250042 3.5000000000000004 14.500000000000002 3.9915476583191869 -0.60431314043427709 14.500000000000002 -2.535449313321108 -0.039547896768107473 159.50000000000003 -0.041026303203123761 2.5402804767878782 -0.78888807744659928 -1.1613605339247191 76.500000000000014 -0.59203641594196876 0.99069191928338418 11.500000000000002 3.0021726557550323 4.9996410031813241
decision_type=2 2 2 2 2 2 2 2 2 2 2 2 2 2 2 2 2 2 2 2 2 2 2 2 2 2 2 2 2 2
left_child=1 3 25 4 21 6 17 9 16 10 -5 -8 26 14 19 -10 -9 18 -3 -6 -7 -1 -23 -19 -22 -2 -4 -28 -29 -30
right_child=2 5 12 7 13 20 11 8 15 -11 -12 -13 -14 -15 -16 -17 -18 23 -20 -21 24 22 -24 -25 -26 -27 27 28 29 -31
leaf_value=4.7201946330044118 4.7990775313165068 -2.79515515629297 -1.8444379838499794 -1.2666718170992124 -1.6260886850312115 -2.7493420115428568 3.956476513234688 4.6794763865634206 5.1653274368490765 -1.8421464619733205 3.8540152133023913 -1.6382684126529481 -2.2353716160079591 -2.1395860015636243 5.0150205759763962 -1.5067686415504704 -1.4052296241570554 -2.2151745721971241 3.1717838084323624 1.766079967882108 -2.6209756938333206 4.6488184058502062 -0.9221004284948392 -0.6923861694252571 -2.1242608061301493 2.3665100274955577 5.1653274368490774 -1.6525917723361103 4.2634862716129476 -0.92210042849483942
leaf_weight=105.58646676689386 253.9249801710248 6.4066467583179474 5.4210087954998043 45.708960525691509 12.074065044522287 2689.436386294663 11.581246063113214 34.990147680044174 2.464094907045367 79.343856006860733 44.230503581464291 8.3779226839542371 99.179820008575916 16.016616895794868 6.6530562490224829 29.0763199031353 2.5872996523976317 353.22800492495298 7.0226704850792867 14.41495520621538 399.6761939227581 13.552521988749506 6.4066467583179465 26.119406014680862 345.83572020381689 7.1458752304315558 2.9569138884544399 6.1602372676134092 4.4353708326816559 2.9569138884544373
leaf_count=857 2061 52 44 371 98 21829 94 284 20 644 359 68 805 130 54 236 21 2867 57 117 3244 110 52 212 2807 58 24 50 36 24
internal_value=-1.78313 -2.17909 2.68221 1.58755 3.20773 -2.58349 -1.85127 0.40025 1.86661 -0.198462 1.25158 1.60807 -1.73747 0.100099 1.18248 -0.985511 4.26053 -2.02705 0.325171 0.219882 -2.67147 4.42456 2.86062 -2.11033 -2.39055 4.73249 0.514259 1.28876 0.442959 2.18925
internal_weight=0 4260.79 382.181 413.106 174.704 3847.68 412.736 238.401 69.1179 169.283 89.9395 19.9592 121.11 49.1587 33.1421 31.5404 37.5774 392.777 13.4293 26.489 3434.95 125.546 19.9592 379.347 745.512 261.071 21.9304 16.5094 13.5525 7.39228
internal_count=37685 34583 3102 3353 1418 31230 3350 1935 561 1374 730 162 983 399 269 256 305 3188 109 215 27880 1019 162 3079 6051 2119 178 134 110 60
is_linear=0
shrinkage=1


Tree=6
num_leaves=31
num_cat=0
split_feature=10 36 34 8 34 35 40 35 35 14 35 34 49 20 34 35 6 38 9 6 14 1 38 35 49 14 9 35 38 6
split_gain=8271.78 6513.06 3551.28 959.786 674.505 250.674 521.793 377.046 551.685 243.43 268.985 138.039 115.784 113.371 112.615 105.448 81.6777 81.4691 78.9042 70.3511 65.0693 106.948 59.1559 55.1694 52.2313 42.3933 37.2735 36.858 35.2878 33.7944
threshold=1.5567621339366637 3.5000000000000004 0.025492134796252647 -0.65580943308990325 0.98315077617897428 3.9838366311905671 0.48000000000000004 1.9901632040455903 0.022569304056737946 -1.0959449678051614 4.9911352451072073 0.019980506277424138 14.500000000000002 3.0370677020790411 1.0099712658514315 3.9915476583191869 -0.78137799809396824 236.50000000000003 0.19112862607662964 -0.63379680683099093 -2.535449313321108 -0.039547896768107473 76.500000000000014 3.001148002981227 11.500000000000002 0.9339492431873897 1.4906560138589964 4.9872545186960853 80.500000000000014 1.440487095747111
decision_type=2 2 2 2 2 2 2 2 2 2 2 2 2 2 2 2 2 2 2 2 2 2 2 2 2 2 2 2 2 2
left_child=1 3 -2 4 29 7 14 8 -5 10 16 -12 15 -4 -7 17 20 -6 -11 -8 21 -3 -20 -15 -10 26 28 -25 -24 -1
right_child=2 9 13 5 12 6 19 -9 24 18 11 -13 -14 23 -16 -17 -18 -19 22 -21 -22 -23 25 27 -26 -27 -28 -29 -30 -31
leaf_value=4.8501208159898539 4.8501208159898539 -2.9512430502761475 -2.1259936586426011 -1.3366564479985474 -1.4090946577223535 4.8417432313822992 3.0707286014619291 -1.7683085348365393 3.7828346615695132 -2.7800225555308558 3.956476513234688 -1.3279289528511009 -2.181568262703927 -0.79786720675312672 -2.1395860015636243 5.1653274368490862 -0.18625749971700212 2.3382073795358025 -2.6703874312551896 -1.4909395735130302 -2.2359790073487602 2.4598039411406756 -0.53820858113080794 4.4889465629219831 -0.73763291742381121 -2.682704738047025 -0.45931351475524251 -0.12808809823258871 -2.1727995892347249 1.1070421932864691
leaf_weight=114.21079894155264 253.80177542567253 6.8994657397270203 102.99916711449623 45.832165271043777 12.320474535226827 37.084628351032734 3.8193471059203139 85.380888529121876 44.846527308225632 2225.2009058073163 11.581246063113214 8.6243321746587736 14.291750460863112 12.074065044522287 2.4640949070453635 5.6674182862043372 22.423263654112816 10.96522233635187 637.3381477072835 29.445934139192104 357.90978524833918 7.761898957192896 13.675726734101771 4.435370832681655 2.7105043977498999 148.95453713089228 14.045340970158575 2.833709143102169 385.38444346189499 2.4640949070453635
leaf_count=927 2060 56 836 372 100 301 31 693 364 18061 94 70 116 98 20 46 182 89 5173 239 2905 63 111 36 22 1209 114 23 3128 20
internal_value=-1.78313 -2.17572 2.7168 1.60521 3.52075 0.387601 1.95166 -0.249449 1.13917 -2.58091 -1.85779 1.70094 0.147391 -1.70883 4.40677 1.297 -2.03984 0.355508 -2.66858 -0.967192 -2.1514 -0.0865711 -2.46183 0.512516 3.52519 -2.22534 -2.06043 2.68909 -2.11678 4.77107
internal_weight=0 4251.3 376.144 411.504 159.92 251.584 72.814 178.77 93.3892 3839.8 415.2 20.2056 43.2449 122.342 39.5487 28.9531 394.994 23.2857 3424.6 33.2653 372.571 14.6614 1199.4 19.3431 47.557 562.06 413.106 7.26908 399.06 116.675
internal_count=37559 34506 3053 3340 1298 2042 591 1451 758 31166 3370 164 351 993 321 235 3206 189 27796 270 3024 119 9735 157 386 4562 3353 59 3239 947
is_linear=0
shrinkage=1


Tree=7
num_leaves=31
num_cat=0
split_feature=10 36 49 2 49 14 35 35 35 40 35 49 20 49 35 20 6 20 38 6 35 6 35 25 2 38 20 6 35 15
split_gain=8549.81 6516.16 3461.1 828.538 688.083 232.772 263.998 226.009 466.509 388 589.591 146.348 140.742 110.875 129.86 82.9088 75.6653 72.4283 66.6521 62.4796 54.8272 50.7509 46.9602 44.1976 112.346 43.8526 39.7006 32.2712 31.695 31.4984
threshold=1.5567621339366637 3.5000000000000004 7.5000000000000009 -0.56666727637951553 7.5000000000000009 -1.0959449678051614 4.0192542007366283 3.9838366311905671 4.9872545186960853 0.20500000000000004 0.022569304056737946 14.500000000000002 3.0370677020790411 14.500000000000002 3.9915476583191869 -0.041026303203123761 -0.63379680683099093 1.0000000180025095e-35 159.50000000000003 -1.1961339953951045 3.001148002981227 -0.78137799809396824 4.9872545186960853 2.5402804767878782 -0.78888807744659928 76.500000000000014 0.45692272541018136 -0.23672535537842662 2.0006868938579996 -0.61070039339384097
decision_type=2 2 2 2 2 2 2 2 2 2 2 2 2 2 2 2 2 2 2 2 2 2 2 2 2 2 2 2 2 2
left_child=1 3 -2 4 23 6 17 9 -9 10 -5 -8 -4 14 18 -7 -10 -3 27 26 -14 -21 -22 -1 -25 -17 -19 -6 -20 -18
right_child=2 5 12 7 13 15 11 8 16 -11 -12 -13 20 -15 -16 25 29 19 28 21 22 -23 -24 24 -26 -27 -28 -29 -30 -31
leaf_value=4.7675491866049091 4.84733470873429 -2.3566086282142429 -2.1325975644898385 -1.3593190044587675 1.4759772154285253 -2.7537604917401688 4.0184207375813878 4.3923207237895401 3.6622588281221855 -1.8166686811081041 3.7790261415274209 -1.2863055144555868 -0.54038052934786074 -2.0838233035604738 5.0177534279922638 -2.6057489700730079 0.82390601350302739 -0.83387683624347797 2.5274420285333852 -1.778645959585369 4.5855724020544262 0.63269716481811122 -0.63222291109750994 4.6488184058502062 -0.73763291742381121 -2.1196505652794571 4.4595386988381946 -2.430950070332222 -1.4052296241570554 -1.8776226154712226
leaf_weight=105.58646676689386 257.86753202229738 264.02776928991079 100.16545797139406 44.600117817521095 2.7105043977498999 2678.7175734490156 11.334836572408678 36.222195133566856 3.3265281245112446 80.206289224326611 44.723322562873363 9.6099701374769193 12.443679280579092 16.139821641147137 6.7762609943747512 393.63916140049696 5.2978040501475396 2.8337091431021681 9.8563796281814557 109.15940438210964 5.1745993047952643 9.4867653921246511 2.5872996523976326 13.552521988749506 5.4210087954998007 351.13352425396442 2.833709143102169 9.6099701374769264 2.5872996523976317 23.28569687157869
leaf_count=857 2093 2143 813 362 22 21742 92 294 27 651 363 78 101 131 55 3195 43 23 80 886 42 77 21 110 44 2850 23 78 21 189
internal_value=-1.78313 -2.18121 2.78059 1.60838 3.27843 -2.58649 -1.87376 0.398052 1.93631 -0.220159 1.2134 1.58449 -1.64694 0.0479032 1.13875 -2.6717 -0.85159 -2.06027 0.077328 -1.43089 0.760603 -1.58584 2.84631 4.51504 3.10983 -2.37657 1.81283 -1.57143 1.70976 -1.37691
internal_weight=0 4242.68 378.239 409.902 172.24 3832.78 409.286 237.662 68.1322 169.53 89.3234 20.9448 120.371 47.6802 31.5404 3423.49 31.91 388.341 24.7642 124.314 20.2056 118.646 7.7619 124.56 18.9735 744.773 5.66742 12.3205 12.4437 28.5835
internal_count=37506 34436 3070 3327 1398 31109 3322 1929 553 1376 725 170 977 387 256 27787 259 3152 201 1009 164 963 63 1011 154 6045 46 100 101 232
is_linear=0
shrinkage=1


Tree=8
num_leaves=31
num_cat=0
split_feature=10 36 46 8 46 35 35 40 35 14 35 46 20 0 49 35 6 14 7 20 38 38 6 35 18 35 35 35 40 18
split_gain=8420.79 6513.77 3505.45 974.152 689.277 287.103 543.14 385.324 591.117 261.083 281.487 140.284 114.824 98.9812 97.0659 117.589 80.2951 87.824 102.06 75.0383 54.362 47.5887 47.485 44.2637 41.8262 36.3126 60.2059 51.2733 33.6398 30.9054
threshold=1.5567621339366637 3.5000000000000004 10.500000000000002 -0.66568726596814198 7.0000000000000009 3.9838366311905671 4.9815225985080049 0.20500000000000004 0.022569304056737946 -1.0959449678051614 4.9911352451072073 7.0000000000000009 3.0370677020790411 -0.60431314043427709 14.500000000000002 3.9915476583191869 -0.79167579095138085 -2.535449313321108 -1.2584993330081187 -0.041026303203123761 236.50000000000003 76.500000000000014 -0.63379680683099093 0.99069191928338418 -1.0000000180025095e-35 1.9962414412628025 3.001148002981227 4.9996410031813241 0.22500000000000003 1.0000000180025095e-35
decision_type=2 2 2 2 2 2 2 2 2 2 2 2 2 2 2 2 2 2 2 2 2 2 2 2 2 2 2 2 2 2
left_child=1 3 -2 4 -1 7 -7 8 -5 10 16 -12 -4 -8 15 20 17 18 -3 -11 -6 -21 -15 -14 -20 -25 -27 -28 -22 -19
right_child=2 9 12 5 14 6 13 -9 -10 19 11 -13 23 22 -16 -17 -18 29 24 21 28 -23 -24 25 -26 26 27 -29 -30 -31
leaf_value=4.7578008851942624 4.8809512445994425 -2.7920946093521235 -2.1517304960580761 -1.299732430067043 -1.4133665369261035 4.4971951101649967 5.1653274368490862 -1.8397013002561442 3.7016835785150279 -2.7547159198372801 4.0546388438740522 -1.3525246209939046 -2.1187742823658668 2.5827822818546879 -2.0494018850400106 5.0029960271065814 -0.35690545165164367 -2.5459934539146882 -0.9221004284948392 -2.6338771476083815 2.8656324654969367 -2.1302435939572364 -1.796730868917817 4.7788240803193132 3.9816609074766562 -2.2748621763490449 4.3328586689388047 -1.1065679395658674 -1.186771205248923 -1.9552435532119663
leaf_weight=117.78373655676842 253.18575169891119 6.2834420129656783 98.810205772519112 49.651512376964092 11.704450808465486 40.411156475543976 2.4640949070453635 86.366526491940022 45.092936798930168 2696.828671015799 11.704450808465483 8.1315131932497007 4.8049850687384632 2.7105043977499035 14.41495520621538 6.1602372676134101 26.98183923214674 172.73305298388004 2.4640949070453635 400.16901290416718 7.3922847211360914 353.22800492495298 28.583500921726227 2.5872996523976317 5.9138277769088736 4.4353708326816541 4.8049850687384605 2.7105043977499008 2.833709143102169 181.72699939459562
leaf_count=956 2055 51 802 403 95 328 20 701 366 21889 95 66 39 22 117 50 219 1402 20 3248 60 2867 232 21 48 36 39 22 23 1475
internal_value=-1.78313 -2.18216 2.78206 1.57989 3.51207 0.366679 2.02386 -0.311977 1.08066 -2.58654 -1.8381 1.83804 -1.71556 -0.936912 0.0601222 1.14264 -2.02219 -2.14392 0.254461 -2.67677 0.0582718 -2.39775 -1.4174 0.512516 2.53938 1.38218 0.646824 2.3711 1.74268 -2.24312
internal_weight=0 4281.73 371.339 415.57 160.289 255.28 74.1693 181.111 94.7444 3866.16 415.939 19.836 118.153 33.7581 42.5056 28.0907 396.103 369.121 14.6614 3450.23 21.9304 753.397 31.294 19.3431 8.37792 14.5382 11.9509 7.51549 10.226 354.46
internal_count=37767 34753 3014 3373 1301 2072 602 1470 769 31380 3376 161 959 274 345 228 3215 2996 119 28004 178 6115 254 157 68 118 97 61 83 2877
is_linear=0
shrinkage=1


Tree=9
num_leaves=31
num_cat=0
split_feature=10 36 46 8 46 14 35 35 35 35 35 46 9 0 6 14 1 9 46 38 38 35 46 35 38 6 6 3 14 9
split_gain=8255.64 6519.73 3474.58 943.053 699.453 254.808 263.813 253.823 508.471 361.488 597.493 145.713 118.666 116.813 80.0321 80.4368 91.9894 72.0219 69.2448 65.3703 63.0272 54.7256 52.8167 50.7525 45.8108 43.9161 42.7313 38.7597 37.3498 37.2801
threshold=1.5567621339366637 3.5000000000000004 11.500000000000002 -0.65580943308990325 7.0000000000000009 -1.0959449678051614 4.9850670265449741 3.9838366311905671 4.9815225985080049 1.994600120183083 0.022569304056737946 7.0000000000000009 1.20733357875903 -0.60431314043427709 -0.78137799809396824 -2.535449313321108 -1.0000000180025095e-35 0.14410075192778152 17.000000000000004 76.500000000000014 76.500000000000014 3.001148002981227 17.000000000000004 4.9872545186960853 78.500000000000014 -0.63379680683099093 1.5785353930772599 0.75414030201299298 0.9339492431873897 1.4906560138589964
decision_type=2 2 2 2 2 2 2 2 2 2 2 2 2 2 2 2 2 2 2 2 2 2 2 2 2 2 2 2 2 2
left_child=1 3 -2 4 -1 6 14 9 -9 10 -5 -8 -4 -10 15 16 -3 -7 19 -6 -19 -14 -12 -23 -22 -15 -21 -18 29 -26
right_child=2 5 12 7 18 17 11 8 13 -11 22 -13 21 25 -16 -17 27 20 -20 26 24 23 -24 -25 28 -27 -28 -29 -30 -31
leaf_value=4.7854028608559904 4.843839803862708 -2.79515515629297 -2.1537193332576234 -1.4122569579121422 -1.186771205248923 -2.7834680719431653 3.853558469232885 4.4461376468506479 5.1653274368490862 -1.7186406553832039 3.8307969793972285 -1.5396655742543679 -0.7173245675811295 2.3421724848055216 -0.16972170356469118 -2.2343219977855906 -0.54633327631311435 -2.6917677178217794 -2.2498110328702632 2.2852540381917441 -0.029277674911063478 4.726593897004479 -0.9221004284948392 -0.73763291742381143 -2.1728382456449564 -1.7866916325581792 -2.1395860015636243 3.7537499608273057 -2.69946372087961 -0.47117984587677064
leaf_weight=115.81246063113213 251.95370424538851 6.4066467583179483 99.056615263223648 47.433826960623264 11.334836572408674 2193.4140815064311 12.197269789874555 38.932699531316757 2.9569138884544364 85.996912255883217 45.708960525691509 8.5011274293065053 13.429317243397238 2.8337091431021717 21.930444672703743 351.50313849002123 3.3265281245112384 659.0221828892827 9.979584373533724 19.096735529601577 9.2403559014201146 4.5585755780339232 2.4640949070453635 2.7105043977499008 396.9656895250082 28.33709143102169 2.4640949070453635 5.6674182862043381 150.92581305652857 13.306112498044966
leaf_count=940 2045 52 804 385 92 17803 99 316 24 698 371 69 109 23 178 2853 27 5349 81 155 75 37 20 22 3222 230 20 46 1225 108
internal_value=-1.78313 -2.17871 2.73601 1.59452 3.50798 -2.58568 -1.84022 0.402192 1.97619 -0.231036 1.10704 1.63848 -1.69869 -0.841521 -2.0254 -2.13632 0.100587 -2.67487 0.0574857 0.757452 -2.48112 0.478974 3.58768 2.68909 -2.23776 -1.41134 1.77956 2.16331 -2.27412 -2.11765
internal_weight=0 4245.76 371.709 413.352 158.688 3832.41 409.533 254.664 73.0604 181.604 95.6069 20.6984 119.755 34.1277 388.834 366.904 15.4006 3422.87 42.8753 32.8957 1229.46 20.6984 48.1731 7.26908 570.438 31.1708 21.5608 8.99395 561.198 410.272
internal_count=37478 34461 3017 3355 1288 31106 3324 2067 593 1474 776 168 972 277 3156 2978 125 27782 348 267 9979 168 391 59 4630 253 175 73 4555 3330
is_linear=0
shrinkage=1


Tree=10
num_leaves=31
num_cat=0
split_feature=10 36 46 8 46 40 40 40 40 14 40 20 46 0 49 40 20 38 6 6 1 31 38 40 33 6 46 6 38 9
split_gain=8399.86 6452.92 3467.87 989.31 643.906 258.989 524.175 393.58 605.538 249.509 292.467 126.365 124.407 114.793 89.1489 106.781 69.9211 67.9439 65.4043 69.1061 97.7468 55.9608 53.524 50.2207 45.2934 43.4 37.0971 42.0784 36.3381 30.3152
threshold=1.5567621339366637 3.5000000000000004 10.500000000000002 -0.65580943308990325 7.0000000000000009 0.38000000000000006 0.48000000000000004 0.20500000000000004 0.080000000000000016 -1.0959449678051614 0.53500000000000014 3.0370677020790411 7.0000000000000009 -0.60431314043427709 14.500000000000002 0.38000000000000006 1.0000000180025095e-35 377.50000000000006 -0.78137799809396824 -1.1961339953951045 -0.039547896768107473 -0.2966508931047705 76.500000000000014 0.115 -0.096751870336811166 -0.11511984611331834 13.500000000000002 0.2041740031473189 78.500000000000014 0.10922740420987301
decision_type=2 2 2 2 2 2 2 2 2 2 2 2 2 2 2 2 2 2 2 2 2 2 2 2 2 2 2 2 2 2
left_child=1 3 -2 4 -1 7 26 8 -5 10 18 -4 -12 -8 15 17 -11 25 19 20 -3 -15 -18 -13 -22 -6 -7 -28 -24 -21
right_child=2 9 11 5 14 6 13 -9 -10 16 12 23 -14 21 -16 -17 22 -19 -20 29 24 -23 28 -25 -26 -27 27 -29 -30 -31
leaf_value=4.7513047127449299 4.8364360133476296 -2.803669041419325 -2.1566841054398482 -1.3000779756893968 1.1070421932864682 4.8854456959137336 5.1653274368490862 -1.8381133834704013 3.7151668431493778 -2.7452590082834876 3.7991720083230547 -2.1395860015636239 -1.1221567433183486 1.1866164137484796 -1.8738221891533289 4.99623221836731 -2.6492955475127857 2.4598039411406747 -0.35394049439607289 -2.4988946000753747 -0.34234539370018013 -2.1515809333179963 0.67985427291145695 1.5503842787176796 4.4889465629219849 -2.4939714735366971 -0.73763291742381121 4.2634862716129476 -2.1270296251654535 -1.9108177986446504
leaf_weight=115.93566537648439 255.40343711525202 6.776260994374752 99.426229499280453 50.267536103725433 5.4210087954998025 32.156438536942005 2.8337091431021681 86.243321746587753 46.201779507100582 2752.6404206603765 12.443679280579092 4.9281898140907314 8.7475369200110418 6.2834420129656818 13.922136224806307 5.9138277769088736 360.98990388214588 8.5011274293065053 21.560830436646938 194.54029291123152 3.4497328698635101 25.010563306510448 4.6817803233861914 14.661364696919916 4.4353708326816541 8.7475369200110471 2.7105043977498999 4.4353708326816559 310.59916303306818 159.55014523118734
leaf_count=941 2073 55 807 408 44 261 23 700 375 22342 101 40 71 51 113 48 2930 69 175 1579 28 203 38 119 36 71 22 36 2521 1295
internal_value=-1.78313 -2.18156 2.75893 1.56654 3.53065 0.351604 1.93777 -0.285855 1.10186 -2.58618 -1.8504 -1.69931 1.76769 -0.929426 0.20128 1.212 -2.67448 0.224806 -2.04684 -2.14582 -0.0183646 -1.48131 -2.38638 0.62209 2.37526 -1.11619 4.42746 2.36651 -2.08535 -2.23391
internal_weight=0 4255 374.419 414.584 158.441 256.143 73.43 182.713 96.4693 3840.42 411.504 119.016 21.1912 34.1277 42.5056 28.5835 3428.91 22.6697 390.313 368.752 14.6614 31.294 676.271 19.5896 7.8851 14.1685 39.3023 7.14588 315.281 354.09
internal_count=37575 34536 3039 3365 1286 2079 596 1483 783 31171 3340 966 172 277 345 232 27831 184 3168 2993 119 254 5489 159 64 115 319 58 2559 2874
is_linear=0
shrinkage=1


Tree=11
num_leaves=31
num_cat=0
split_feature=10 36 46 8 34 6 35 35 48 35 35 34 9 38 20 34 0 34 6 14 1 35 38 14 6 5 3 35 35 18
split_gain=8196.79 6673.25 3512.18 954.41 682.459 265.952 286.999 239.135 551.601 394.108 634.225 130.367 105.252 95.3607 79.2961 76.85 76.2576 69.86 66.6457 70.771 109.64 63.8431 58.1471 39.5208 38.9132 30.0826 29.8284 29.7362 34.647 29.3982
threshold=1.5567621339366637 3.5000000000000004 10.500000000000002 -0.66568726596814198 0.98250612249085345 -0.76476546117687028 4.0192542007366283 3.9838366311905671 48.000000000000007 1.9901632040455903 0.022569304056737946 0.012247426097250042 1.4906560138589964 76.500000000000014 1.0000000180025095e-35 1.0059275987405019 -0.59510479209158318 1.0111367187541591 -0.78137799809396824 -2.535449313321108 -0.039547896768107473 3.001148002981227 76.500000000000014 -0.48434266572258294 1.3878316539155395 1.0012065272063679 0.73063604188441322 3.9915476583191869 2.0006868938579996 0.95904878394033488
decision_type=2 2 2 2 2 2 2 2 2 2 2 2 2 2 2 2 2 2 2 2 2 2 2 2 2 2 2 2 2 2
left_child=1 3 -2 4 -1 6 18 9 15 10 -5 -8 -4 -6 -7 -9 -10 24 19 20 -3 -14 -16 -18 27 -12 -22 28 -15 -21
right_child=2 5 12 7 13 14 11 8 16 -11 25 -13 21 17 22 -17 23 -19 -20 29 26 -23 -24 -25 -26 -27 -28 -29 -30 -31
leaf_value=4.8441369469842375 4.8405061679646213 -2.9512430502761475 -2.0620150481901662 -1.3279289528511009 -1.8202455233816479 -2.7455493887097742 3.9229952194319573 4.8438791007253146 4.353670388136563 -1.7611300756243538 4.0736249736684993 -1.086625505936567 -0.89641507885203786 2.5749326005325184 -2.6416651190751157 -0.9221004284948392 1.6481468924281482 -1.678055522883954 -0.27754924275254123 -2.4932365727883665 -0.11044337978231522 3.2173505199390302 -2.0539180387950449 -1.8329600053833377 -1.4755029617079234 1.6867972280811288 4.1507561259584307 4.4745554804980028 -1.2602908654583906 -1.9142502739514458
leaf_weight=115.19643690437078 252.44652322679758 6.2834420129656792 105.70967151224613 49.281898140907288 15.030978932976721 2761.3879575803876 12.074065044522287 37.33103784173727 2.4640949070453635 84.025636330246925 42.136022910475731 9.1171511560678464 9.7331748828291875 11.581246063113221 355.32248559594154 2.4640949070453635 3.6961423605680492 6.2834420129656783 20.944806709885597 172.48664349317551 2.4640949070453626 6.1602372676134101 319.8395189344883 27.721067704260349 2.7105043977498999 6.0370325222611418 4.9281898140907288 5.7906230315566054 2.9569138884544364 178.40047127008438
leaf_count=935 2049 51 858 400 122 22413 98 303 20 682 342 74 79 94 2884 20 30 51 170 1400 20 50 2596 225 22 49 40 47 24 1448
internal_value=-1.78313 -2.16871 2.71378 1.64236 3.56082 -2.57994 -1.81527 0.442745 1.96213 -0.174087 1.19426 1.76769 -1.70127 0.227747 -2.67044 4.48685 -1.00327 1.27756 -2.01222 -2.11188 0.119892 0.698068 -2.36324 -1.42342 2.08363 3.77451 2.73036 2.55819 1.79489 -2.19886
internal_weight=0 4257.96 374.05 414.707 159.55 3843.25 406.699 255.157 73.6764 181.481 97.455 21.1912 121.603 44.3537 3436.55 39.7951 33.8813 29.3227 385.508 364.563 13.6757 15.8934 675.162 31.4172 23.0393 48.1731 7.39228 20.3288 14.5382 350.887
internal_count=37596 34560 3036 3366 1295 31194 3301 2071 598 1473 791 172 987 360 27893 323 275 238 3129 2959 111 129 5480 255 187 391 60 165 118 2848
is_linear=0
shrinkage=1


Tree=12
num_leaves=31
num_cat=0
split_feature=22 36 34 29 34 35 40 35 35 14 35 9 34 0 49 35 20 20 25 29 38 35 49 14 38 49 35 35 14 14
split_gain=8230.55 6746.2 3350.84 723.514 590.221 271.131 457.955 366.503 619.32 259.447 276.868 134.714 125.17 122.562 112.424 133.785 78.8213 78.4317 62.2335 112.044 58.005 49.8662 48.5726 47.3998 44.9189 38.4103 61.2019 42.6333 37.2595 31.7378
threshold=-0.59203641594196876 3.5000000000000004 0.025492134796252647 -0.17247089703859397 0.98250612249085345 3.9838366311905671 0.48000000000000004 1.994600120183083 0.022569304056737946 -1.0959449678051614 4.0192542007366283 1.20733357875903 0.012247426097250042 -0.60431314043427709 14.500000000000002 3.9940247876605377 0.12152110051028357 1.0000000180025095e-35 2.5402804767878782 0.15562662071752434 296.50000000000006 0.99069191928338418 11.500000000000002 -2.535449313321108 76.500000000000014 11.500000000000002 3.0021726557550323 4.9944146722638818 -0.48434266572258294 0.085064421622438102
decision_type=2 2 2 2 2 2 2 2 2 2 2 2 2 2 2 2 2 2 2 2 2 2 2 2 2 2 2 2 2 2
left_child=2 3 -1 5 18 7 -7 8 -2 10 16 -4 -12 -8 15 20 -3 -11 -5 -20 -6 -13 -10 -18 -19 -23 -27 -28 -15 -9
right_child=1 9 11 4 14 6 13 29 22 17 12 21 -14 28 -16 -17 23 24 19 -21 -22 25 -24 -25 -26 26 27 -29 -30 -31
leaf_value=4.7451023109576553 -1.4252393347130927 -2.2742952183658702 -2.2239140066246654 4.6711100301388848 -1.0781883224780171 4.5740540901048634 5.1653274368490782 -1.0735289823591159 4.0490082867573634 -2.7462459296531847 3.9434781162065757 -2.1962132375203116 -1.0032661333660915 1.6867972280811216 -1.9445366332683667 5.1653274368490862 2.0619328388306144 -2.6078603343418152 -0.43230738185797235 4.3409882467504293 2.0141883065534074 4.2956948846570908 -0.51627190413857749 -1.37852004260825 -2.0923966382663846 -1.7025398984107269 4.4889465629219822 -0.35394049439607334 -1.8346777980790254 -2.3906390826969273
leaf_weight=257.0050988048315 45.216141544282436 293.96652241051197 94.867653921246529 105.21685253083706 14.414955206215387 37.207833096385002 3.2033233791589764 33.018871754407883 42.998456127941608 2736.6238037645817 11.458041317760946 5.2978040501475361 9.2403559014201146 3.4497328698635163 15.893412150442598 7.0226704850792876 4.1889613419771186 361.11310862749815 7.1458752304315594 15.77020740509033 10.472403354942797 3.4497328698635128 2.4640949070453635 90.925102069973946 317.86824300885201 6.4066467583179456 4.4353708326816559 3.0801186338067055 23.28569687157869 41.027180202305317
leaf_count=2086 367 2386 770 854 117 302 26 268 349 22212 93 43 75 28 129 57 34 2931 58 128 85 28 20 738 2580 52 36 25 189 333
internal_value=-1.78313 -2.16838 2.72235 1.69801 3.22713 0.537761 2.23145 -0.152635 1.19527 -2.58056 -1.82869 -1.70058 1.73511 -0.679939 0.228444 1.31074 -2.01827 -2.67077 4.34587 2.85254 0.223059 0.489477 3.80157 -1.227 -2.36654 1.30852 0.568332 2.50416 -1.38029 -1.80331
internal_weight=0 4233.19 374.542 407.808 175.936 231.871 67.1466 164.725 90.6787 3825.38 409.779 117.537 20.6984 29.9388 47.8034 31.91 389.081 3415.61 128.133 22.9161 24.8874 22.6697 45.4626 95.1141 678.981 17.3719 13.9221 7.51549 26.7354 74.0461
internal_count=37399 34359 3040 3310 1428 1882 545 1337 736 31049 3326 954 168 243 388 259 3158 27723 1040 186 202 184 369 772 5511 141 113 61 217 601
is_linear=0
shrinkage=1


Tree=13
num_leaves=31
num_cat=0
split_feature=10 36 34 8 34 14 35 40 40 35 35 34 9 6 14 7 34 34 38 6 9 38 35 34 14 9 35 3 38 14
split_gain=8326.32 6525.1 3456.84 916.026 694.488 221.975 217.235 511.602 408.162 587.701 210.661 143.508 106.287 83.7928 89.647 96.818 78.3277 75.9631 70.7401 66.1798 63.1003 57.8864 48.9893 39.0807 37.0066 38.2961 33.9345 33.6218 30.2144 30.1501
threshold=1.5567621339366637 3.5000000000000004 0.025492134796252647 -0.65580943308990325 0.98250612249085345 -1.0959449678051614 3.0166786185219605 0.48000000000000004 0.20500000000000004 0.022569304056737946 4.0192542007366283 0.012247426097250042 1.5102158337005347 -0.78137799809396824 -2.535449313321108 -1.2102196628959352 1.0111367187541591 1.0075957483024804 76.500000000000014 -0.47002289713135775 0.19112862607662964 76.500000000000014 3.9886620121395393 1.0149359521045411 0.9339492431873897 1.4906560138589964 0.022569304056737946 0.81431193547745673 78.500000000000014 0.085064421622438102
decision_type=2 2 2 2 2 2 2 2 2 2 2 2 2 2 2 2 2 2 2 2 2 2 2 2 2 2 2 2 2 2
left_child=1 3 -2 4 -1 10 8 17 9 -5 13 -12 -4 14 15 -3 18 -8 -6 -9 -7 -22 -14 -11 25 28 -20 -17 -23 -10
right_child=2 5 12 6 16 20 7 19 29 23 11 -13 22 -15 -16 27 -18 -19 26 -21 21 24 -24 -25 -26 -27 -28 -29 -30 -31
leaf_value=4.7577646025596776 4.8335552125578358 -2.632946168428099 -2.1218124895480215 -1.177017843291486 -1.1988016951013813 -2.7777700223481654 4.8223737542944987 2.6021999145990122 -1.0761277562208131 3.9802634263321783 3.9628725498675683 -1.5253590457811741 -0.6322229110975095 -0.15400689369626486 -2.2696989635709754 -0.1280880982325876 -2.1741245993811784 -0.9221004284948392 -0.78682425370941966 -1.4419634142404636 -2.6979443783577208 -0.24571955456773642 3.1361848150677778 -0.11044337978231589 -2.6747661967001055 -0.44248489971016625 2.5585456745606896 4.1755017676874715 -2.1940507135066905 -2.2714287708976384
leaf_weight=115.31964164972305 253.18575169891119 6.2834420129656792 101.27430067956448 49.035488650202751 10.842017590999605 2236.6589471250772 34.990147680044174 4.6817803233861914 37.33103784173727 44.723322562873363 9.9795843735337275 9.1171511560678464 9.4867653921246511 21.807239927351475 355.07607610523701 2.8337091431021673 11.581246063113211 2.4640949070453635 3.6961423605680492 29.815548375248909 635.61328127235174 8.1315131932497007 5.4210087954998007 2.4640949070453635 151.91145101934671 13.552521988749502 16.879050113260746 5.051394559442997 376.39049705117941 48.542669668793678
leaf_count=936 2055 51 822 398 88 18154 284 38 303 363 81 74 77 177 2882 23 94 20 30 242 5159 66 44 20 1233 110 137 41 3055 394
internal_value=-1.78313 -2.18889 2.76122 1.59084 3.47885 -2.59559 0.41426 1.88534 -0.167007 1.24734 -1.9004 1.34268 -1.75485 -2.05878 -2.17127 0.295385 0.0488647 4.44445 0.86832 -0.893113 -2.67891 -2.4924 0.738107 3.76665 -2.25486 -2.09462 1.95758 2.6289 -2.15285 -1.75181
internal_weight=0 4244.77 369.368 412.366 158.318 3832.41 254.048 71.9516 182.097 96.2229 410.149 19.0967 116.182 391.052 369.245 14.1685 42.9985 37.4542 31.4172 34.4973 3422.26 1185.6 14.9078 47.1874 549.986 398.075 20.5752 7.8851 384.522 85.8737
internal_count=37451 34453 2998 3347 1285 31106 2062 584 1478 781 3329 155 943 3174 2997 115 349 304 255 280 27777 9623 121 383 4464 3231 167 64 3121 697
is_linear=0
shrinkage=1


Tree=14
num_leaves=31
num_cat=0
split_feature=10 36 46 8 34 14 35 35 35 48 35 34 49 36 34 35 38 9 6 6 7 6 38 35 49 3 38 34 14 15
split_gain=8270.72 6500.29 3538 925.299 630.763 261.035 325.167 245.707 505.322 373.328 657.932 134.728 127.536 114.339 111.867 103.754 75.9077 70.2316 57.2166 58.7605 82.8272 56.7844 54.3283 48.5905 47.8683 42.1139 40.9497 36.254 34.6359 31.0185
threshold=1.5567621339366637 3.5000000000000004 10.500000000000002 -0.66568726596814198 0.98315077617897428 -1.0959449678051614 4.0192542007366283 3.9838366311905671 4.9815225985080049 20.500000000000004 0.022569304056737946 0.012247426097250042 14.500000000000002 3.5000000000000004 1.0094737009720318 3.9915476583191869 76.500000000000014 0.19112862607662964 -0.78137799809396824 -1.1961339953951045 -1.2102196628959352 -0.62582628441099386 76.500000000000014 3.001148002981227 14.500000000000002 0.73063604188441322 78.500000000000014 1.0105283524452284 0.9339492431873897 -0.61070039339384097
decision_type=2 2 2 2 2 2 2 2 2 2 2 2 2 2 2 2 2 2 2 2 2 2 2 2 2 2 2 2 2 2
left_child=1 3 -2 4 -1 6 18 9 14 10 -5 -8 15 23 -9 16 -6 -7 19 20 -3 -10 -19 -4 -25 -22 -24 -12 -28 -23
right_child=2 5 13 7 12 17 11 8 21 -11 27 -13 -14 -15 -16 -17 -18 22 -20 -21 25 29 26 24 -26 -27 28 -29 -30 -31
leaf_value=4.7745953783879154 4.8425540227151052 -2.6664511033594724 -0.73763291742381143 -1.4293860839401664 -2.350015606785389 -2.776013683567188 4.110173273522804 4.8170917393816666 3.0610313846314332 -1.7572750291388548 3.9899770657626448 -0.9221004284948392 -2.1258291024329035 -2.1564748263226363 -2.1395860015636243 5.0121845974693651 1.6777385556624622 -2.6765088115219573 -0.46093165081726917 -2.2123591000569149 -1.106567939565867 0.76885175632291625 -0.17452156783856765 4.6878821140770137 -0.34234539370018013 3.7795715000228256 -2.1293118617065039 0.14078380196203666 -2.6922035666444915 -1.7801955670590741
leaf_weight=112.60913725197315 254.04818491637707 7.0226704850792885 13.552521988749506 49.281898140907288 6.65305624902249 2231.3611430749297 12.320474535226824 37.33103784173727 3.326528124511241 82.916793622076511 45.092936798930168 9.3635606467723829 14.538159951567648 100.65827695280313 2.4640949070453635 6.5298515036702147 15.77020740509033 629.69945349544287 21.684035181999207 358.64901372045279 2.710504397749899 5.9138277769088772 9.3635606467723829 4.1889613419771186 3.4497328698635101 5.051394559442997 399.06017019599676 2.5872996523976317 150.55619882047176 24.764153815805912
leaf_count=914 2062 57 110 400 54 18111 100 303 27 673 366 76 118 817 20 53 128 5111 176 2911 22 48 76 34 28 41 3239 21 1222 201
internal_value=-1.78313 -2.17604 2.71785 1.60975 3.52536 -2.58037 -1.83321 0.43099 1.96748 -0.199392 1.13283 1.93715 0.290787 -1.71201 4.38634 1.50424 0.482691 -2.67142 -2.04012 -2.13182 -0.178081 -0.863285 -2.47508 0.399202 2.41617 2.0733 -2.24818 3.78111 -2.2835 -1.28881
internal_weight=0 4246.62 375.898 409.779 156.1 3836.84 416.802 253.679 73.7996 179.879 96.9621 21.684 43.4913 121.849 39.7951 28.9531 22.4233 3420.04 395.118 373.434 14.7846 34.0045 1188.68 21.1912 7.63869 7.7619 558.98 47.6802 549.616 30.678
internal_count=37519 34468 3051 3326 1267 31142 3383 2059 599 1460 787 176 353 989 323 235 182 27759 3207 3031 120 276 9648 172 62 63 4537 387 4461 249
is_linear=0
shrinkage=1


Tree=15
num_leaves=31
num_cat=0
split_feature=1 36 46 8 34 35 40 40 35 14 35 9 34 34 49 35 20 20 38 40 49 6 14 38 6 49 35 15 22 34
split_gain=8057.91 6499.66 3318.5 995.46 708.703 272.219 521.263 355.231 590.438 258.419 285.568 175.395 147.213 98.5568 93.4784 131.662 82.9231 74.9063 51.768 49.041 45.2863 45.2788 44.4543 43.7456 42.5315 38.6818 65.4692 38.0069 33.0011 30.5766
threshold=1.5373033721667195 3.5000000000000004 10.500000000000002 -0.65580943308990325 0.98250612249085345 3.9838366311905671 0.48000000000000004 0.20500000000000004 0.022569304056737946 -1.0959449678051614 4.9911352451072073 1.20733357875903 0.012247426097250042 1.0094737009720318 14.500000000000002 3.9915476583191869 0.12152110051028357 -0.045087988890539381 76.500000000000014 0.41500000000000004 14.500000000000002 -1.1961339953951045 -0.48434266572258294 76.500000000000014 -0.79167579095138085 11.500000000000002 0.99069191928338418 -0.61070039339384097 -0.59203641594196876 1.0105283524452284
decision_type=2 2 2 2 2 2 2 2 2 2 2 2 2 2 2 2 2 2 2 2 2 2 2 2 2 2 2 2 2 2
left_child=1 3 28 4 -1 7 13 8 -5 10 16 -4 -12 -7 15 18 -3 -11 -6 25 -21 -18 -8 -19 -23 26 -13 -24 -2 -10
right_child=2 9 11 5 14 6 22 -9 29 17 12 19 -14 -15 -16 -17 21 23 -20 20 -22 24 27 -25 -26 -27 -28 -29 -30 -31
leaf_value=4.809114312022273 4.7643591343414027 -2.2836170018570785 -2.1934305723627352 -1.3782642737014899 -2.1782363372166014 4.79398107469303 1.8354523652079646 -1.7883769457531402 3.9222490739560323 -2.7539444964608801 4.0175295901849104 -1.4293860839401664 -1.4755029617079234 -1.7337574772073625 -2.1321396066213074 5.0121845974693651 1.8748258880145319 -2.6220601067910443 1.0064235508840904 5.1653274368490862 0.17051482938740326 -1.6048924955397346 0.92257468221543948 -2.1415608362320246 0.59975653784114225 -1.7537162570937361 4.3798528735789004 -2.0248953316368548 2.6372153179084394 0.29538514457394593
leaf_weight=117.90694130212069 246.90230968594551 295.07536511868238 100.28866271674633 47.680236451327801 7.761898957192904 37.700652077794075 4.8049850687384597 85.134479038417339 41.027180202305317 2671.078879237175 12.197269789874555 3.9425518512725848 8.1315131932497007 2.4640949070453635 13.429317243397234 6.5298515036702147 4.5585755780339232 407.0684786438942 14.907774187624453 4.1889613419771186 3.2033233791589737 77.988603807985783 5.4210087954998043 354.46005237847567 9.8563796281814557 7.5154894664883614 3.8193471059203148 22.669673144817352 7.5154894664883605 2.4640949070453635
leaf_count=957 2004 2395 814 387 63 306 39 691 333 21680 99 32 66 20 109 53 37 3304 121 34 26 633 44 2877 80 61 31 184 61 20
internal_value=-1.78313 -2.18165 2.64 1.6035 3.54575 0.353131 1.97619 -0.319455 1.0522 -2.58566 -1.83307 -1.62559 1.82032 4.39351 0.0514189 1.05567 -2.02474 -2.67507 -0.0839763 0.886483 3.00091 -1.19806 -0.975299 -2.39841 -1.35753 -0.136626 1.42913 -1.45609 4.70152 3.71676
internal_weight=0 4250.32 377.376 409.902 160.536 249.366 73.0604 176.306 91.1715 3840.42 407.808 122.958 20.3288 40.1647 42.6288 29.1995 387.479 3432.61 22.6697 22.6697 7.39228 92.4036 32.8957 761.529 87.845 15.2774 7.7619 28.0907 254.418 43.4913
internal_count=37561 34498 3063 3327 1303 2024 593 1431 740 31171 3310 998 165 326 346 237 3145 27861 184 184 60 750 267 6181 713 124 63 228 2065 353
is_linear=0
shrinkage=1


Tree=16
num_leaves=31
num_cat=0
split_feature=10 9 46 8 34 14 48 38 34 14 9 9 34 20 20 20 20 31 48 48 48 48 7 48 48 48 48 38 34 38
split_gain=8503.09 5156.26 3565.46 860.423 602.524 274.571 291.547 185.151 144.541 140.14 139.028 208.577 128.3 123.024 114.834 103.767 99.032 89.1363 84.4794 127.693 71.7417 167.644 68.9651 67.5455 223.895 198.609 170.856 65.5947 62.2222 55.6271
threshold=1.5567621339366637 1.20733357875903 10.500000000000002 -0.65580943308990325 0.98315077617897428 -1.0959449678051614 52.500000000000007 156.50000000000003 1.0258478284502994 0.059793378546238625 1.352687448232494 1.293112571040208 0.012247426097250042 1.0000000180025095e-35 3.0370677020790411 1.6996588703538562 0.56277798041507887 0.9998439262464881 41.500000000000007 43.500000000000007 13.500000000000002 8.0000000000000018 -0.89889628434792257 13.500000000000002 41.500000000000007 8.0000000000000018 43.500000000000007 76.500000000000014 1.0019516060155673 76.500000000000014
decision_type=2 2 2 2 2 2 2 2 2 2 2 2 2 2 2 2 2 2 2 2 2 2 2 2 2 2 2 2 2 2
left_child=1 5 -2 4 10 6 16 9 17 18 11 -3 -8 -7 -4 29 -1 23 20 -20 21 -5 -18 25 -25 -9 -26 -6 -29 -15
right_child=2 3 14 7 27 13 12 8 -10 -11 -12 -13 -14 15 -16 -17 22 -19 19 -21 -22 -23 -24 24 26 -27 -28 28 -30 -31
leaf_value=-2.1753944007715296 4.8803300123372333 4.5072271270821735 -2.1514350095740262 -1.4975289331790909 -1.929156396341859 -2.7566151092705304 4.0546388438740522 -0.069272370065013966 -2.3386716927572619 -1.7483191871296622 4.4147198085699335 -1.1655975431085963 -1.0078388491334862 -2.580610274049898 0.58250192371034859 2.6144052837525837 3.2555461457607962 -1.0157531648847458 4.3830073898972541 -0.51627190413857749 -1.5928212114267362 3.310111325506174 -0.99945777184720586 -1.109668233869582 4.9230417506662434 4.43138223322606 0.043219847886559304 1.4589166363699324 -1.7576297433459662 -1.9959675233754752
leaf_weight=335.11690735816956 256.14266558736563 13.675726734101774 101.27430067956448 16.509435877203941 16.63264062255621 2733.4204803854227 11.704450808465483 17.002254858613014 13.059703007340429 78.974241770803928 99.919048480689526 12.32047453522682 8.7475369200110418 348.05340562015772 18.111097566783428 4.3121660873293868 4.1889613419771186 16.016616895794868 10.225993864238264 11.088427081704138 29.445934139192104 12.936498261988165 42.012818165123463 29.322729393839836 16.509435877203941 23.162492126226425 12.690088771283628 21.314420945942405 8.3779226839542371 305.67097321897745
leaf_count=2720 2079 111 822 134 135 22186 95 138 106 641 811 100 71 2825 147 35 34 130 83 90 239 105 341 238 134 188 103 173 68 2481
internal_value=-1.78313 -2.18744 2.77669 0.977465 2.74429 -2.57056 -1.78889 -0.0830861 0.813531 -0.802739 3.87875 1.81868 1.88936 -2.66317 -1.73669 -2.27499 -1.98617 1.17243 0.128316 1.83425 -0.489103 0.614614 -0.613671 1.52756 0.842186 2.5262 2.80228 -0.339262 0.551343 -2.30724
internal_weight=0 4252.41 375.528 459.184 172.24 3793.23 401.771 286.944 127.763 159.181 125.915 25.9962 20.452 3391.46 119.385 658.037 381.319 114.704 80.2063 21.3144 58.8919 29.4459 46.2018 98.687 58.5223 40.1647 29.1995 46.325 29.6923 653.724
internal_count=37563 34515 3048 3727 1398 30788 3261 2329 1037 1292 1022 211 166 27527 969 5341 3095 931 651 173 478 239 375 801 475 326 237 376 241 5306
is_linear=0
shrinkage=1


Tree=17
num_leaves=31
num_cat=0
split_feature=10 36 46 8 34 14 40 40 40 40 40 34 20 0 38 6 20 34 34 40 40 14 23 6 38 3 6 34 40 14
split_gain=8548.67 6548.39 3407.32 993.581 665.625 247.533 298.844 215.911 485.178 405.544 643.83 164.301 131.309 106.149 87.4329 87.3287 76.1792 74.1277 67.6107 51.5284 46.7889 46.3941 73.7397 45.8842 45.3431 36.8421 33.2466 28.2125 27.6162 27.3722
threshold=1.5567621339366637 3.5000000000000004 10.500000000000002 -0.65580943308990325 0.98577583247791989 -1.0959449678051614 0.53500000000000014 0.41500000000000004 0.48000000000000004 0.20500000000000004 0.080000000000000016 0.012247426097250042 3.0370677020790411 -0.59800622911466672 76.500000000000014 -0.78137799809396824 1.0000000180025095e-35 1.0075957483024804 1.0032217449889265 0.41500000000000004 0.51500000000000012 -2.535449313321108 -1.9342315477894498 -0.63379680683099093 76.500000000000014 1.0813729357722868 1.3878316539155395 1.0105283524452284 0.38000000000000006 0.085064421622438102
decision_type=2 2 2 2 2 2 2 2 2 2 2 2 2 2 2 2 2 2 2 2 2 2 2 2 2 2 2 2 2 2
left_child=1 3 -2 4 -1 6 15 9 17 10 -5 -8 -4 -10 -6 21 -7 -9 26 -14 -21 22 -3 -15 -18 -24 28 -12 -16 -11
right_child=2 5 12 7 14 16 11 8 13 29 27 -13 19 23 18 -17 24 -19 -20 20 -22 -23 25 -25 -26 -27 -28 -29 -30 -31
leaf_value=4.7658731825088916 4.859928257883448 -2.8063042915774825 -2.107038350487433 -1.3895737919938242 -1.8506911198184888 -2.752085621415167 4.2448916084122024 4.756579282821197 5.1653274368490862 -1.1416470072449481 3.9199277324753732 -1.3492883488698515 -0.47762156848560067 2.5827822818546879 1.7563678322564849 -0.089330913197308126 -2.621850491485425 -0.9221004284948392 -1.4379841458968667 4.9334254229312222 -0.36869789528175567 -2.2427651276036298 -0.32529377502974821 -1.7183462674216818 -2.1013569229749844 4.0458004731076729 -1.3279289528511009 0.52728715849180952 4.4438545046601767 -2.2765659065100703
leaf_weight=117.66053181141615 255.40343711525202 6.8994657397270203 98.317386791110039 48.665874414145947 14.538159951567648 2761.6343670710921 11.950860299170019 34.250919207930565 2.7105043977498999 37.577447332441807 46.571393743157387 9.3635606467723829 12.936498261988165 2.7105043977499035 12.320474535226831 21.314420945942402 355.19928085058928 2.4640949070453635 7.269079975783824 4.3121660873293868 2.7105043977499008 355.69209983199835 4.1889613419771177 29.199524648487568 316.51299080997705 3.5729376152157784 2.4640949070453635 2.5872996523976317 5.544213540852069 48.912283904850483
leaf_count=955 2073 56 798 395 118 22415 97 278 22 305 378 76 105 22 100 173 2883 20 59 35 22 2887 34 237 2569 29 20 21 45 397
internal_value=-1.78313 -2.18325 2.80502 1.58845 3.54452 -2.59064 -1.85919 0.365794 1.843 -0.205932 1.18882 1.78733 -1.6323 -0.842668 0.134003 -2.05763 -2.67862 4.37546 1.17951 0.706224 2.88699 -2.17091 -0.427603 -1.353 -2.37659 1.6868 2.11546 3.74137 2.59042 -1.78347
internal_weight=0 4261.78 373.68 415.446 159.797 3846.33 412.982 255.65 71.3355 184.314 97.8246 21.3144 118.277 34.6205 42.136 391.668 3433.35 36.715 27.5979 19.9592 7.02267 370.353 14.6614 31.91 671.712 7.7619 20.3288 49.1587 17.8647 86.4897
internal_count=37624 34591 3033 3372 1297 31219 3352 2075 579 1496 794 173 960 281 342 3179 27867 298 224 162 57 3006 119 259 5452 63 165 399 145 702
is_linear=0
shrinkage=1


Tree=18
num_leaves=31
num_cat=0
split_feature=10 36 34 8 34 35 40 35 35 14 35 34 36 38 14 1 6 9 38 46 34 35 35 14 6 14 9 34 1 6
split_gain=8427.03 6667.87 3567.73 1003.37 633.988 265.181 539.376 400.324 579.673 257.684 274.51 139.426 94.5857 81.8552 75.0499 99.7371 72.998 72.0751 61.2315 60.8359 59.7156 59.2907 59.4621 50.5164 48.3068 40.0288 41.6699 39.7092 33.5927 31.8209
threshold=1.5567621339366637 3.5000000000000004 0.97876046947238315 -0.65580943308990325 0.98250612249085345 3.9838366311905671 0.48000000000000004 1.9918600874976942 0.022569304056737946 -1.0959449678051614 4.0192542007366283 0.012247426097250042 3.5000000000000004 76.500000000000014 -2.535449313321108 -0.039547896768107473 -0.78137799809396824 0.19112862607662964 76.500000000000014 17.000000000000004 1.0026464741153509 3.001148002981227 4.9996410031813241 -0.30305610078500778 1.3878316539155395 0.9339492431873897 1.4906560138589964 1.0088514095784094 1.2160915134536423 1.440487095747111
decision_type=2 2 2 2 2 2 2 2 2 2 2 2 2 2 2 2 2 2 2 2 2 2 2 2 2 2 2 2 2 2
left_child=1 3 -2 4 29 7 20 8 -5 10 14 -12 21 -6 15 -3 -16 -11 -19 24 -7 -4 -23 -8 -15 26 -20 -10 -17 -1
right_child=2 9 12 5 13 6 23 -9 27 17 11 -13 -14 19 16 28 -18 18 25 -21 -22 22 -24 -25 -26 -27 -28 -29 -30 -31
leaf_value=4.8461849203521323 4.8580878256929321 -2.7981002108964259 -1.0724072893675289 -1.3363181729928324 -1.6553200313233791 4.864713715103707 1.7834230672135718 -1.8284897840455678 3.7800994070463796 -2.7798537609965885 3.853558469232885 -1.1695568457852428 -2.1618509081367856 2.6189523820646974 -2.2303445392115924 3.6745287759485352 -0.32391387525295068 -2.6881987515472687 -2.1337099826399895 -1.6886654189455557 0.00023712686030097352 4.540975860916376 -1.4052296241570557 -1.4250503091073004 -1.6525917723361103 -2.6734142316459439 -0.44368468840005915 -0.24571955456773642 -0.63222291109750994 1.3002938715513557
leaf_weight=115.93566537648439 257.12830355018377 6.5298515036702165 13.306112498044969 47.680236451327801 14.661364696919916 36.591809369623661 5.9138277769088736 85.504093274474144 46.201779507100582 2252.182745039463 12.197269789874555 10.102789118885992 98.810205772519112 18.850326038897045 348.17661036550999 6.0370325222611392 21.314420945942402 634.87405280023813 391.42147598415613 5.544213540852069 2.7105043977498999 4.8049850687384597 2.5872996523976326 28.829910412430763 3.0801186338067046 151.1722225472331 15.154183678328989 2.5872996523976317 2.5872996523976326 2.5872996523976317
leaf_count=941 2087 53 108 387 119 297 48 694 375 18280 99 82 802 153 2826 49 173 5153 3177 45 22 39 21 234 25 1227 123 21 21 21
internal_value=-1.78313 -2.17461 2.75983 1.62543 3.58434 0.396159 1.99163 -0.253047 1.14332 -2.58569 -1.83316 1.57789 -1.75468 0.252666 -2.03091 0.150211 -2.12037 -2.67459 -2.47582 1.27083 4.52923 0.189097 2.4598 -0.878927 2.01902 -2.23407 -2.07072 3.56661 2.3825 4.76878
internal_weight=0 4268.43 376.637 416.678 160.659 256.019 74.0461 181.973 96.4693 3851.75 406.945 22.3001 119.509 42.136 384.645 15.1542 369.491 3444.8 1192.62 27.4747 39.3023 20.6984 7.39228 34.7437 21.9304 557.748 406.576 48.7891 8.62433 118.523
internal_count=37702 34645 3057 3382 1304 2078 601 1477 783 31263 3303 181 970 342 3122 123 2999 27960 9680 223 319 168 60 282 178 4527 3300 396 70 962
is_linear=0
shrinkage=1


Tree=19
num_leaves=31
num_cat=0
split_feature=10 36 34 8 34 35 40 40 35 14 35 36 34 49 35 34 38 20 14 22 6 35 6 38 35 38 25 6 9 34
split_gain=8471.8 6367.58 3446.61 905.178 761.137 277.908 483.967 387.645 613.413 246.962 244.248 140.585 127.98 100.634 116.588 87.602 81.0884 78.3781 74.8011 106.76 79.7286 69.8389 54.3116 51.9811 50.1283 44.5421 43.7876 35.3269 30.9636 28.564
threshold=1.5567621339366637 3.5000000000000004 0.025492134796252647 -0.65580943308990325 0.98250612249085345 3.9838366311905671 0.48000000000000004 0.20500000000000004 0.022569304056737946 -1.0959449678051614 4.0192542007366283 3.5000000000000004 0.012247426097250042 14.500000000000002 3.9915476583191869 1.0026464741153509 332.50000000000006 -0.041026303203123761 -2.535449313321108 -0.2740673920567816 -0.78137799809396824 3.001148002981227 -0.62582628441099386 76.500000000000014 4.9996410031813241 400.50000000000006 0.72024634037315305 -0.38208546983008906 0.10922740420987301 1.0105283524452284
decision_type=2 2 2 2 2 2 2 2 2 2 2 2 2 2 2 2 2 2 2 2 2 2 2 2 2 2 2 2 2 2
left_child=1 3 -2 4 -1 7 15 8 -5 10 18 21 -12 14 16 -7 27 -11 19 25 28 -4 -8 -19 -23 -3 -24 -6 -20 -10
right_child=2 9 11 5 13 6 22 -9 29 17 12 -13 -14 -15 -16 -17 -18 23 20 -21 -22 24 26 -25 -26 -27 -28 -29 -30 -31
leaf_value=4.7755241583852275 4.8514919419384919 4.5245455562865686 -0.67055382248889206 -1.4001706796998596 1.6363837467946343 4.8340388455378518 3.0610313846314332 -1.8268696494622625 3.9490113984326243 -2.7534959097088842 3.9384039911208513 -2.1549002855015962 -1.1356943886823454 -2.1782363372166014 4.9926344477613149 -1.3279289528511009 2.4598039411406747 -2.6336816048464171 -2.4949102812589992 -2.9512430502761475 -0.21370152503272566 4.9624131746709557 1.0332551888580566 -2.1054683085940762 -0.24571955456773686 0.00023712686030052943 -1.8603061568453367 -2.3199542346108513 -1.9025424292332085 0.52728715849180952
leaf_weight=115.44284639507532 254.91061813384295 4.6817803233861905 14.907774187624456 47.06421272456646 2.8337091431021699 36.222195133566856 3.326528124511241 85.380888529121876 42.752046637237072 2685.2474249526858 10.595608100295069 97.947772555053234 9.3635606467723829 15.523797914385794 5.7906230315566054 2.4640949070453635 8.1315131932497007 399.92260341346264 195.03311189264059 6.4066467583179465 20.821601964533329 4.9281898140907279 6.7762609943747547 348.79263409227133 2.9569138884544373 4.0657565966248512 22.916082635521889 11.088427081704143 161.15180692076683 2.5872996523976317
leaf_count=937 2069 38 121 382 23 294 27 693 347 21795 86 795 76 126 47 20 66 3246 1583 52 169 40 55 2831 24 33 186 90 1308 21
internal_value=-1.78313 -2.18733 2.76683 1.56749 3.43371 0.379557 2.04142 -0.290718 1.12869 -2.58594 -1.85447 -1.63437 1.55796 -0.138114 0.9993 4.44156 -0.049229 -2.67372 -2.02815 0.150211 -2.11571 0.602499 -0.770672 -2.38761 3.00936 2.4217 -1.19995 -1.51468 -2.2269 3.75375
internal_weight=0 4254.38 375.651 408.301 158.811 249.49 71.7052 177.784 92.4036 3846.08 412.12 120.741 19.9592 43.3681 27.8443 38.6863 22.0536 3433.96 392.161 15.1542 377.007 22.7929 33.0189 748.715 7.8851 8.74754 29.6923 13.9221 356.185 45.3393
internal_count=37580 34531 3049 3314 1289 2025 582 1443 750 31217 3345 980 162 352 226 314 179 27872 3183 123 3060 185 268 6077 64 71 241 113 2891 368
is_linear=0
shrinkage=1


Tree=20
num_leaves=31
num_cat=0
split_feature=10 36 46 8 34 48 48 48 48 14 48 34 20 0 20 38 34 34 20 14 38 31 48 14 14 38 14 5 38 34
split_gain=8492.36 6449.13 3505.53 990.811 671.174 275.906 481.173 376.321 604.057 241.387 282.224 135.005 126.021 108.895 81.196 76.3291 70.3626 64.501 59.358 85.5622 51.2036 48.5693 40.4059 39.6 34.8598 30.4932 29.8524 28.0587 26.741 26.1373
threshold=1.5567621339366637 3.5000000000000004 10.500000000000002 -0.65580943308990325 0.98250612249085345 38.000000000000007 48.000000000000007 20.500000000000004 8.0000000000000018 -1.0959449678051614 53.500000000000007 0.012247426097250042 3.0370677020790411 -0.60431314043427709 -0.017215820868852209 76.500000000000014 1.012062357354049 1.0059275987405019 0.29778225190504343 -2.3055110860920025 76.500000000000014 -0.2966508931047705 8.0000000000000018 -1.1455626485605996 1.566132027105015 156.50000000000003 0.085064421622438102 1.0012065272063679 86.500000000000014 0.02310485855546621
decision_type=2 2 2 2 2 2 2 2 2 2 2 2 2 2 2 2 2 2 2 2 2 2 2 2 2 2 2 2 2 2
left_child=1 3 -2 4 -1 7 17 8 25 10 18 -12 -4 -8 -11 -6 24 -7 23 -20 -16 -15 -14 -3 -17 -5 -9 -10 -22 -27
right_child=2 9 12 5 15 6 13 26 27 14 11 -13 22 21 20 16 -18 -19 19 -21 28 -23 -24 -25 -26 29 -28 -29 -30 -31
leaf_value=4.7788240803193132 4.8790908931002255 -2.3110628428409177 -2.1187742823658673 -1.9882601111256961 -1.6767402465126811 4.7734929995395925 5.1653274368490862 -1.1532685752800516 4.0727121789668432 -2.750539462895039 4.0950104495358666 -1.086625505936567 -1.7634522472822109 0.96710132281879146 -2.6218672106468492 2.5139144110548415 -1.6467942219881637 -0.51627190413857749 2.518619669308249 -1.5396655742543679 -1.0587784289257045 -2.0114296254511204 1.5268648046894986 -0.72670150936034283 -1.4052296241570554 0.58896322602315565 -2.3300769415675839 1.7114676550936674 -2.160025781019423 -1.7398146193619337
leaf_weight=116.42848435789347 255.03382287919521 306.16379220038652 100.90468644350767 29.0763199031353 14.907774187624453 35.729376152157784 2.8337091431021681 38.932699531316757 38.439880549907684 2725.4121719375253 11.21163182705641 9.1171511560678464 5.0513945594429996 7.1458752304315594 373.43358316272497 18.48071180284024 6.8994657397270194 2.4640949070453635 5.6674182862043372 62.341601148247719 23.778515852987766 23.408901616930962 14.291750460863112 16.63264062255621 2.5872996523976317 11.581246063113214 48.296260178089142 5.7906230315566054 303.33008305728436 8.2547179386019689
leaf_count=945 2070 2485 819 236 121 290 23 316 312 22121 91 74 41 58 3031 150 56 20 46 506 193 190 116 135 21 94 392 47 2462 67
internal_value=-1.78313 -2.18224 2.78045 1.5812 3.53323 0.346982 2.00811 -0.312249 1.08557 -2.5856 -1.86157 1.77113 -1.67055 -0.764861 -2.67249 0.15078 1.12492 4.43222 -2.05054 -1.20148 -2.36884 -1.31484 0.66761 -2.22943 2.03262 -1.33611 -1.80483 3.76358 -2.07997 -0.380156
internal_weight=0 4248.35 375.282 411.257 159.304 251.954 71.582 180.372 93.1428 3837.09 411.134 20.3288 120.248 33.3885 3425.95 42.8753 27.9675 38.1935 390.805 68.009 700.542 30.5548 19.3431 322.796 21.068 48.9123 87.229 44.2305 327.109 19.836
internal_count=37528 34482 3046 3338 1293 2045 581 1464 756 31144 3337 165 976 271 27807 348 227 310 3172 552 5686 248 157 2620 171 397 708 359 2655 161
is_linear=0
shrinkage=1


Tree=21
num_leaves=31
num_cat=0
split_feature=10 36 34 8 34 14 35 35 40 35 35 34 36 0 6 9 34 38 6 23 38 14 34 6 3 35 14 35 0 34
split_gain=8313.11 6489.97 3541.42 974.988 637.677 250.132 277.592 230.02 519.988 374.918 579.987 135.25 121.687 102.127 75.8886 74.4346 72.6914 75.7088 71.1632 90.9859 57.8017 54.9806 53.9241 48.7649 43.3463 40.4641 38.7211 36.6201 80.5937 36.0651
threshold=1.5567621339366637 3.5000000000000004 0.97876046947238315 -0.65580943308990325 0.98250612249085345 -1.0959449678051614 4.0192542007366283 3.9838366311905671 0.48000000000000004 1.9918600874976942 0.022569304056737946 0.012247426097250042 3.5000000000000004 -0.60431314043427709 -0.78137799809396824 0.14410075192778152 1.0111367187541591 47.500000000000007 -1.1961339953951045 -1.736621310751729 76.500000000000014 -0.30305610078500778 1.0143476453062481 1.3878316539155395 1.0813729357722868 0.99069191928338418 0.9339492431873897 4.9920922028181511 -0.59310624632044118 1.0026464741153509
decision_type=2 2 2 2 2 2 2 2 2 2 2 2 2 2 2 2 2 2 2 2 2 2 2 2 2 2 2 2 2 2
left_child=1 3 -2 4 -1 6 14 9 29 10 -5 -8 25 -10 18 -7 17 -6 19 -3 -17 -15 -12 -19 -21 -4 27 -22 -29 -9
right_child=2 5 12 7 16 15 11 8 13 -11 22 -13 -14 21 -16 20 -18 23 -20 24 26 -23 -24 -25 -26 -27 -28 28 -30 -31
leaf_value=4.739036970088307 4.8434905026400585 -2.6613655328788179 -1.9614173811145337 -1.2831759326213377 -1.5253590457811743 -2.7814004182510352 4.030753067681041 4.7857755795374741 5.1653274368490862 -1.7882717565985022 3.8837636757240492 -1.2119779458921691 -2.1915640391659039 1.5789358262588664 -0.2306048981671307 -2.6780669756952071 -2.2320532602777092 2.4426803747121397 -2.2300205425690809 0.20520102805033247 -2.1825280139383558 -1.9459797330633892 -0.9221004284948392 -2.1782363372166014 4.8854456959137318 1.3034108341040149 -2.6713613093407949 4.353670388136563 -1.543005268598268 0.91379051502158259
leaf_weight=117.29091757535934 254.78741338849068 6.8994657397270194 5.0513945594429996 49.158693395555019 9.11715115606785 2202.0384136810899 11.458041317760946 34.250919207930565 2.5872996523976317 82.547179386019707 44.476913072168827 8.6243321746587736 100.04225322604179 5.2978040501475325 22.053649418056011 647.93375580757856 9.7331748828291875 19.466349765658382 354.95287135988474 4.4353708326816541 377.25293026864529 26.858634486794472 2.4640949070453635 2.5872996523976317 3.5729376152157784 15.277388423681257 153.63631745427847 2.4640949070453635 39.055904276669025 2.5872996523976317
leaf_count=952 2068 56 41 399 74 17873 93 278 21 670 361 70 812 43 179 5259 79 158 2881 36 3062 218 20 21 29 124 1247 20 317 21
internal_value=-1.78313 -2.17935 2.73169 1.6102 3.55339 -2.583 -1.84687 0.381706 1.89635 -0.225195 1.11745 1.77927 -1.73833 -0.878927 -2.03267 -2.67161 0.15359 0.898514 -2.14013 0.000237127 -2.47351 -1.36525 3.63149 1.90056 2.29331 0.49215 -2.24196 -2.08442 -1.19305 4.51383
internal_weight=0 4242.8 375.158 408.424 158.195 3834.38 411.997 250.229 71.582 178.647 96.0997 20.0824 120.371 34.7437 391.914 3422.38 40.904 31.1708 369.861 14.9078 1220.34 32.1564 46.941 22.0536 8.00831 20.3288 572.409 418.773 41.52 36.8382
internal_count=37482 34437 3045 3315 1284 31122 3344 2031 581 1450 780 163 977 282 3181 27778 332 253 3002 121 9905 261 381 179 65 165 4646 3399 337 299
is_linear=0
shrinkage=1


Tree=22
num_leaves=31
num_cat=0
split_feature=10 9 46 8 34 42 42 14 35 35 40 40 35 9 34 20 34 20 20 3 38 34 14 35 20 10 14 38 14 31
split_gain=8290.46 5207.72 3509.03 818.086 624.374 310.404 272.213 246.873 304.573 186.759 626.74 351.002 730.27 136.43 117.595 91.8079 87.703 80.4013 72.0363 85.4916 67.1796 76.7314 56.452 54.0131 52.7054 55.6707 48.5206 48.3745 44.1603 42.9283
threshold=1.5567621339366637 1.20733357875903 11.500000000000002 -0.65580943308990325 0.99111997744457903 0.21875000000000003 0.84375000000000011 -1.0959449678051614 4.0192542007366283 3.0237255918335433 0.43500000000000005 0.13500000000000004 0.022569304056737946 1.4906560138589964 0.012247426097250042 1.0000000180025095e-35 1.0075957483024804 1.6996588703538562 0.36263839878965687 0.81431193547745673 76.500000000000014 1.0111367187541591 1.7531626326795824 3.001148002981227 0.4352925358712017 -0.64254857155635159 -0.79743811077240079 76.500000000000014 -1.1455626485605996 -0.2966508931047705
decision_type=2 2 2 2 2 2 2 2 2 2 2 2 2 2 2 2 2 2 2 2 2 2 2 2 2 2 2 2 2 2
left_child=1 5 -2 4 6 29 24 8 18 11 16 12 -5 -4 -10 -9 -11 27 28 -20 -6 22 -22 -15 25 -3 -12 -17 -7 -1
right_child=2 3 13 9 20 7 -8 15 14 10 26 -13 -14 23 -16 17 -18 -19 19 -21 21 -23 -24 -25 -26 -27 -28 -29 -30 -31
leaf_value=3.8371613571376839 4.852695029007597 3.5718902860024135 -2.1551201077590791 -1.5603340080139059 -1.9092508931452055 -2.3054223677739798 -1.5598309667689647 -2.7491208884618832 4.1066443298327497 4.859041758089643 1.6867972280811288 -1.8160583667621288 3.893500152541713 -0.44612870239798963 -0.9221004284948392 -2.6086982300040527 -1.3279289528511009 3.2328106542002208 -1.4879190441838579 2.0733005846109016 2.2343436498316391 -2.1657684870059635 -2.3268914743434372 3.343240184637299 4.5938870114191479 -0.71218912279332458 -1.5654871134498882 -2.0597508820181303 -0.6146545767097924 0.44075655628365129
leaf_weight=6.7762609943747512 252.69293271750212 20.082373492419723 102.99916711449623 56.797387607395649 18.234302312135696 308.13506812602282 8.6243321746587736 2745.8641596660018 11.334836572408678 32.649257518351078 5.1745993047952643 105.70967151224613 43.244865618646145 9.9795843735337275 7.8851037025451651 344.48046800494194 2.4640949070453635 2.5872996523976317 51.253174066543579 7.7618989571928969 17.741483330726631 7.6386942118406287 3.2033233791589728 6.0370325222611418 94.498039685189724 3.5729376152157775 40.411156475543976 300.61957865953445 16.263026386499405 8.2547179386019689
leaf_count=55 2051 163 836 461 148 2501 70 22287 92 265 42 858 351 81 64 2796 20 21 416 63 144 62 26 49 767 29 328 2440 132 67
internal_value=-1.78313 -2.17981 2.74408 0.998358 2.71135 -2.56344 3.86384 -2.5814 -1.84105 -0.0397507 1.24955 -0.545433 0.797173 -1.73292 2.04357 -2.66924 4.42487 -2.33057 -2.03578 -1.01953 -0.409475 0.547279 1.53674 0.982172 4.25972 2.92482 -1.19631 -2.35289 -2.22066 1.97192
internal_weight=0 4271.26 371.709 460.047 173.595 3811.22 126.778 3796.18 402.633 286.451 80.6991 205.752 100.042 119.016 19.2199 3393.55 35.1134 647.687 383.413 59.0151 46.8178 28.5835 20.9448 16.0166 118.153 23.6553 45.5858 645.1 324.398 15.031
internal_count=37685 34668 3017 3734 1409 30934 1029 30812 3268 2325 655 1670 812 966 156 27544 285 5257 3112 479 380 232 170 130 959 192 370 5236 2633 122
is_linear=0
shrinkage=1


Tree=23
num_leaves=31
num_cat=0
split_feature=1 36 46 8 46 14 48 48 48 48 48 9 0 46 49 48 14 1 20 38 6 38 14 22 46 3 38 20 38 48
split_gain=8191.73 6426.84 3479.66 966.405 688.58 263.033 298.212 244.112 503.359 369.562 616.535 136.837 131.05 121.893 115.737 99.0181 78.538 107.628 71.5939 67.6196 66.4192 49.4333 44.0805 38.8049 34.9524 44.6798 33.5569 31.0136 30.996 30.0969
threshold=1.5373033721667195 3.5000000000000004 10.500000000000002 -0.65580943308990325 7.0000000000000009 -1.0959449678051614 53.500000000000007 38.000000000000007 48.000000000000007 20.500000000000004 8.0000000000000018 1.20733357875903 -0.60431314043427709 7.0000000000000009 14.500000000000002 41.500000000000007 -2.535449313321108 -0.039547896768107473 -0.045087988890539381 310.50000000000006 -0.78137799809396824 76.500000000000014 -0.30305610078500778 -0.59203641594196876 13.500000000000002 -0.40356121981622722 537.50000000000011 0.31332396776695176 86.500000000000014 11.500000000000002
decision_type=2 2 2 2 2 2 2 2 2 2 2 2 2 2 2 2 2 2 2 2 2 2 2 2 2 2 2 2 2 2
left_child=1 3 23 4 -1 6 16 9 24 10 -5 -4 -10 -8 15 19 17 -3 -7 -6 -18 -20 -14 -2 -9 -26 -19 -25 -23 -13
right_child=2 5 11 7 14 18 13 8 12 -11 -12 29 22 -15 -16 -17 20 26 21 -21 -22 28 -24 27 25 -27 -28 -29 -30 -31
leaf_value=4.7771811330014398 4.8153724133963571 -2.7920946093521231 -2.2008058762840337 -1.348220379068914 -1.3279289528511011 -2.7438949891415674 3.9816609074766545 4.7413274860291112 5.1653274368490862 -1.7535256288235701 3.7471094753890322 -1.6696792891511107 1.1070421932864674 -0.9221004284948392 -2.2072240889563344 4.9888802523463633 -2.2059015565212814 4.3536703881365639 -2.6336816048464171 2.2516867491631052 -0.37303830730695586 -1.0342640910053638 -2.0927596333686709 -0.12808809823258804 4.2377193811776293 -1.0187262676272826 0.092470882395814469 4.1815007111369349 -2.2004525560350241 1.1959097533644825
leaf_weight=115.93566537648439 251.46088526397943 6.2834420129656792 101.27430067956448 49.281898140907288 11.704450808465486 2667.0131226405501 11.827655553817751 33.018871754407883 3.2033233791589728 85.996912255883217 45.832165271043777 4.681780323386195 5.1745993047952679 8.87074166536331 14.784569442272185 5.6674182862043372 352.85839068889618 4.928189814090727 399.92260341346264 9.6099701374769193 20.944806709885597 24.517744325101376 25.62658703327179 2.8337091431021681 4.3121660873293877 2.5872996523976317 2.9569138884544373 4.0657565966248512 323.65886604040861 16.879050113260746
leaf_count=941 2041 51 822 400 95 21647 96 268 26 698 372 38 42 72 120 46 2864 40 3246 78 170 199 208 23 35 21 24 33 2627 137
internal_value=-1.78313 -2.17183 2.66792 1.57708 3.52299 -2.57648 -1.8183 0.373806 1.90517 -0.251241 1.10704 -1.71381 -0.9221 1.88005 0.0415927 1.27382 -2.01561 0.295385 -2.66721 0.286002 -2.1032 -2.39383 -1.55519 4.75118 4.31359 2.26655 2.75572 2.41149 -2.11833 0.573668
internal_weight=0 4236.52 381.195 412.736 157.702 3823.78 408.67 255.034 73.9228 181.111 95.1141 122.835 34.0045 20.6984 41.7664 26.9818 387.972 14.1685 3415.11 21.3144 373.803 748.099 30.8012 258.36 39.9183 6.89947 7.8851 6.89947 348.177 21.5608
internal_count=37480 34386 3094 3350 1280 31036 3317 2070 600 1470 772 997 276 168 339 219 3149 115 27719 173 3034 6072 250 2097 324 56 64 56 2826 175
is_linear=0
shrinkage=1


Tree=24
num_leaves=31
num_cat=0
split_feature=10 36 46 8 46 14 35 35 40 40 35 46 0 49 35 20 20 38 6 14 1 38 40 49 5 9 6 25 46 38
split_gain=8284.36 6518.72 3610.29 956.394 713.905 269.145 312.082 248.205 500.975 408.311 604.334 157.364 111.858 105.473 114.718 99.4956 86.2638 77.2736 65.265 51.6632 85.4379 50.1268 45.3745 51.8337 42.2853 41.6033 40.2843 35.311 34.8295 31.7807
threshold=1.5567621339366637 3.5000000000000004 10.500000000000002 -0.65580943308990325 7.0000000000000009 -1.0959449678051614 4.0192542007366283 3.9838366311905671 0.48000000000000004 0.20500000000000004 0.022569304056737946 7.0000000000000009 -0.60431314043427709 14.500000000000002 3.9915476583191869 3.0370677020790411 -0.041026303203123761 377.50000000000006 -0.78137799809396824 -2.535449313321108 -0.039547896768107473 76.500000000000014 0.41500000000000004 14.500000000000002 -0.03644673883383328 1.438366478306347 -0.11511984611331834 -0.4952932941993059 13.500000000000002 537.50000000000011
decision_type=2 2 2 2 2 2 2 2 2 2 2 2 2 2 2 2 2 2 2 2 2 2 2 2 2 2 2 2 2 2
left_child=1 3 -2 4 -1 6 18 9 28 10 -5 -8 -10 14 17 -4 -7 26 19 20 -3 -18 -17 -24 -14 -23 -6 -21 -9 -22
right_child=2 5 15 7 13 16 11 8 12 -11 -12 -13 24 -15 -16 22 21 -19 -20 27 29 25 23 -25 -26 -27 -28 -29 -30 -31
leaf_value=4.7897973617349852 4.8445762175988358 -2.80884707681781 -2.1829269119317685 -1.302890689137604 0.93059500878374579 -2.7584344878469595 3.9222490739560305 4.8543477246986937 5.1653274368490862 -1.8301052563710793 3.762196900510947 -1.4857511567674249 -2.0831606452360156 -2.1258291024329035 5.0029960271065814 -0.86182886547163229 -2.6174446969095255 2.5774353974758233 -0.37877808714355998 -2.6290945604676921 3.9355440297089004 -2.1668188420018271 4.8947750872782452 -0.54633327631311568 0.59975653784114091 -0.34781478082088402 -2.430950070332222 -1.9725568982915938 2.1657253003028041 -0.15242564092261923
leaf_weight=117.16771283000708 255.64984660595655 7.0226704850792885 101.52071017026901 47.926645942032337 5.667418286204339 2686.6026771515608 13.675726734101774 32.156438536942005 2.8337091431021681 85.627298019826412 46.32498425245285 8.87074166536331 23.039287380874157 14.538159951567648 6.1602372676134101 12.443679280579092 398.44414646923542 8.5011274293065053 22.546468399465084 127.27050194889307 4.0657565966248495 337.82741175591946 3.6961423605680457 3.3265281245112419 7.8851037025451687 13.059703007340429 9.6099701374769246 229.9000548273325 5.6674182862043372 3.5729376152157784
leaf_count=951 2075 57 824 389 46 21806 111 261 23 695 376 72 187 118 50 101 3234 69 183 1033 33 2742 30 27 64 106 78 1866 46 29
internal_value=-1.78313 -2.17791 2.71469 1.59723 3.495 -2.58269 -1.82394 0.377306 1.95223 -0.249426 1.18662 1.79451 -0.848044 0.0840395 1.15714 -1.78583 -2.67475 0.16081 -2.03081 -2.13098 -0.291191 -2.37473 0.285111 2.31741 -1.39907 -2.09912 -1.18393 -2.2065 4.45149 2.02343
internal_weight=0 4265.96 376.637 413.106 161.645 3852.86 416.925 251.461 71.582 179.879 94.2516 22.5465 33.7581 44.4769 29.9388 120.987 3435.93 23.7785 394.378 371.832 14.6614 749.331 19.4663 7.02267 30.9244 350.887 15.2774 357.171 37.8239 7.63869
internal_count=37682 34625 3057 3353 1312 31272 3384 2041 581 1460 765 183 274 361 243 982 27888 193 3201 3018 119 6082 158 57 251 2848 124 2899 307 62
is_linear=0
shrinkage=1


Tree=25
num_leaves=31
num_cat=0
split_feature=10 36 46 8 34 35 40 40 35 14 35 34 20 6 38 20 14 10 34 6 35 34 6 35 15 38 34 47 35 6
split_gain=8338.98 6654.34 3555.43 1039.17 632.357 243.729 504.152 388.354 602.049 233.486 287.009 141.872 121.59 91.1888 85.3165 75.7565 73.077 89.7358 68.2237 65.3114 61.7449 61.1847 52.3966 48.0844 44.5599 43.9179 34.1848 29.1364 27.4663 27.2041
threshold=1.5567621339366637 3.5000000000000004 10.500000000000002 -0.65580943308990325 0.98250612249085345 3.9838366311905671 0.48000000000000004 0.20500000000000004 0.022569304056737946 -1.0959449678051614 4.0192542007366283 0.02310485855546621 3.0370677020790411 -0.78137799809396824 76.500000000000014 -0.045087988890539381 -2.535449313321108 -1.0000000180025095e-35 1.0111367187541591 -0.62582628441099386 3.001148002981227 1.0026464741153509 1.3878316539155395 4.9872545186960853 -0.61070039339384097 76.500000000000014 1.0105283524452284 2.5000000000000004 3.9915476583191869 -0.1203143631746262
decision_type=2 2 2 2 2 2 2 2 2 2 2 2 2 2 2 2 2 2 2 2 2 2 2 2 2 2 2 2 2 2
left_child=1 3 -2 4 -1 7 21 8 -5 10 13 -12 -4 16 -6 -11 17 -3 22 -8 -14 -7 28 -22 -21 -17 -10 -19 -16 -9
right_child=2 9 12 5 14 6 19 29 26 15 11 -13 20 -15 18 25 -18 27 -20 24 23 -23 -24 -25 -26 -27 -28 -29 -30 -31
leaf_value=4.7808143138750792 4.8698212297935557 -2.4275933414293585 -2.2060492338403321 -1.3741891991507784 -1.6553200313233791 4.7937942807482834 3.2061552503016157 -1.1822469184668019 3.8802037763875905 -2.7530955441418143 3.9938636552021434 -1.3279289528511009 -0.88068935458093522 -0.038826581366504964 1.9959999133049442 -2.6202614919503735 -2.2750969493007722 -0.24571955456773598 -1.5464520044275494 1.1933886878303526 4.7381395164740736 -0.24571955456773642 -1.6525917723361103 -0.4809824672380334 -1.8822313275816047 -2.1350197171826819 0.14078380196203666 3.9166242849836648 4.6359858833409184 -2.3154803489347455
leaf_weight=119.63180773705244 253.80177542567253 7.6386942118406296 99.303024753928185 47.557031705975533 14.661364696919916 34.990147680044174 3.5729376152157775 38.439880549907684 44.353708326816559 2674.775021597743 11.950860299170019 8.6243321746587736 12.074065044522287 20.944806709885597 12.936498261988172 398.81376070529222 354.95287135988474 2.5872996523976308 6.4066467583179465 5.790623031556609 4.6817803233861914 2.5872996523976317 3.0801186338067046 2.833709143102169 25.256972797214985 350.39429578185081 2.5872996523976317 4.8049850687384605 5.6674182862043372 47.187417469918728
leaf_count=971 2060 62 806 386 119 284 29 312 360 21710 97 70 98 170 105 3237 2881 21 52 47 38 21 25 23 205 2844 21 39 46 383
internal_value=-1.78313 -2.1774 2.75585 1.62789 3.60113 0.358003 1.91039 -0.264225 1.1335 -2.58884 -1.87713 1.76317 -1.75689 -2.06873 0.300063 -2.67437 -2.18364 -0.0239553 1.32064 -0.842668 0.519995 4.44681 2.16773 2.77027 -1.3086 -2.39332 3.67409 2.4598 2.80023 -1.80675
internal_weight=0 4250.19 372.694 414.707 162.384 252.323 72.198 180.125 94.498 3835.49 411.504 20.5752 118.893 390.929 42.752 3423.98 369.984 15.031 28.0907 34.6205 19.5896 37.5774 21.684 7.51549 31.0476 749.208 46.941 7.39228 18.6039 85.6273
internal_count=37522 34497 3025 3366 1318 2048 586 1462 767 31131 3340 167 965 3173 347 27791 3003 122 228 281 159 305 176 61 252 6081 381 60 151 695
is_linear=0
shrinkage=1


Tree=26
num_leaves=31
num_cat=0
split_feature=10 9 46 8 34 20 40 40 40 35 13 20 20 6 35 22 10 20 20 49 35 38 13 35 49 34 34 20 0 35
split_gain=8013.13 4970.79 3545.87 834.337 573.431 283.467 217.787 620.839 348.096 693.494 169.805 167.017 144.027 132.299 176.76 115.405 109.924 106.398 75.4917 75.1836 95.3788 78.4485 66.9083 80.5848 69.4053 66.2463 65.449 56.0129 51.7905 66.7002
threshold=1.5567621339366637 1.20733357875903 10.500000000000002 -0.66568726596814198 0.9901273583958824 0.52419073147062967 0.41500000000000004 0.43500000000000005 0.13500000000000004 0.022569304056737946 0.65097295532030131 0.4352925358712017 1.6996588703538562 -0.76476546117687028 4.9930976831809817 0.11492236781918709 0.092381556047153271 3.0370677020790411 -0.020847937745666619 14.500000000000002 3.9971446703843951 236.50000000000003 -0.21520999062763244 4.0047911576184445 14.500000000000002 0.012247426097250042 1.0059275987405019 1.0600983672049427 -0.59800622911466672 4.9952677207492622
decision_type=2 2 2 2 2 2 2 2 2 2 2 2 2 2 2 2 2 2 2 2 2 2 2 2 2 2 2 2 2 2
left_child=1 5 -2 4 11 13 8 26 9 -5 12 15 16 14 -1 -3 -7 -4 -17 20 21 -6 -18 27 -25 -16 -8 -24 29 -9
right_child=2 3 17 6 19 10 7 28 -10 -11 -12 -13 -14 -15 25 18 22 -19 -20 -21 -22 -23 23 24 -26 -27 -28 -29 -30 -31
leaf_value=-2.2036641896198761 4.8274721737576494 -1.6421187781591744 -2.2288783097656202 -1.5583570132906732 -1.8317160865347359 1.5457757331310764 4.8284131902136993 -2.1395860015636243 -1.8893481628820612 3.7425952537610421 2.3339656390147026 4.45724120945665 2.8041432951399274 -2.7043679775055551 3.3616451063768125 0.35041274109682674 -2.3463177534788255 0.34775011545862466 4.3848879669332002 -2.1528918548212066 4.0512883503809167 1.7834230672135718 -2.0959093890768519 3.5088844802929167 -2.5823080281340913 -0.96038613833976971 -0.51627190413857749 -0.083388144825231825 -1.5203582835489029 4.8406646173640748
leaf_weight=337.08818328380585 248.62717612087727 7.6386942118406322 99.672638989984989 58.152639806270599 14.291750460863119 9.1171511560678464 32.649257518351078 2.4640949070453635 108.29697116464376 42.87525138258934 10.595608100295065 94.621244430541992 6.7762609943747512 3167.5940030068159 7.761898957192896 7.2690799757838311 170.26895807683468 19.096735529601574 12.813293516635889 15.030978932976721 6.2834420129656783 10.349198609590529 54.949316427111626 6.037032522261141 2.7105043977499008 6.5298515036702156 2.4640949070453635 18.480711802840233 40.534361220896244 3.0801186338067055
leaf_count=2736 2018 62 809 472 116 74 265 20 879 348 86 768 55 25710 63 59 1382 155 104 122 51 84 446 49 22 53 20 150 329 25
internal_value=-1.78313 -2.18728 2.68027 0.921782 2.69352 -2.56287 -0.104592 1.28563 -0.643825 0.691315 -1.59251 3.82483 -1.74755 -2.63979 -2.05762 1.66618 -1.86547 -1.81459 2.92456 -0.318254 0.573483 -0.313358 -1.98866 -1.24762 1.62147 1.38692 4.45335 -1.5894 -1.12827 1.73833
internal_weight=0 4256.72 367.397 458.814 168.298 3797.91 290.517 81.1919 209.325 101.028 278.936 122.342 268.34 3518.97 351.38 27.7211 261.564 118.769 20.0824 45.9554 30.9244 24.6409 252.447 82.1776 8.74754 14.2918 35.1134 73.43 46.0786 5.54421
internal_count=37532 34550 2982 3724 1366 30826 2358 659 1699 820 2264 993 2178 28562 2852 225 2123 964 163 373 251 200 2049 667 71 116 285 596 374 45
is_linear=0
shrinkage=1


Tree=27
num_leaves=31
num_cat=0
split_feature=10 36 46 8 46 6 40 40 40 40 40 46 20 0 49 40 6 6 1 38 9 40 38 6 9 6 40 0 6 9
split_gain=8314.81 6658.69 3518.18 928.89 630.667 267.247 300.869 243.27 489.789 434.34 611.931 130.975 125.107 114.282 100.73 95.0799 78.1439 76.1125 82.2105 67.7608 67.4083 56.2215 54.9213 45.9025 45.8773 40.3575 32.5861 96.0181 32.4119 31.0404
threshold=1.5567621339366637 3.5000000000000004 10.500000000000002 -0.65580943308990325 7.0000000000000009 -0.76476546117687028 0.53500000000000014 0.38000000000000006 0.48000000000000004 0.20500000000000004 0.080000000000000016 7.0000000000000009 3.0370677020790411 -0.60431314043427709 14.500000000000002 0.41500000000000004 -0.78137799809396824 -1.1961339953951045 -0.039547896768107473 236.50000000000003 0.14410075192778152 0.080000000000000016 76.500000000000014 -0.42135202072452688 0.097920675653465919 0.61925979896924177 0.53500000000000014 -0.59991561817798944 0.024950411293221727 0.10922740420987301
decision_type=2 2 2 2 2 2 2 2 2 2 2 2 2 2 2 2 2 2 2 2 2 2 2 2 2 2 2 2 2 2
left_child=1 3 -2 4 -1 6 16 9 -9 10 -5 -8 -4 -10 15 19 17 18 -3 -6 -7 -14 -22 -15 -20 26 -24 -28 -21 -19
right_child=2 5 12 7 14 20 11 8 13 -11 -12 -13 21 23 -16 -17 -18 29 24 28 22 -23 25 -25 -26 -27 27 -29 -30 -31
leaf_value=4.7668618633082529 4.8791408183020648 -2.7785500611883762 -2.1564748263226363 -1.2584823604478903 -1.4008868898140245 -2.7855523062172844 3.8921399094568914 4.4043989536810955 5.1653274368490862 -1.7767822777838145 3.8582433584029445 -1.086625505936567 -2.4874390224404195 1.6867972280811256 -2.0576756571981401 4.9849592038018589 -0.13231437810091684 -2.4940438266342833 -1.4052296241570552 3.9775366338551503 -2.6919079719503509 1.6363837467946365 -2.2035576412526394 -1.829136531318742 3.6434704705131038 -2.7010088613450138 4.7594989124928242 -1.6553200313233791 0.47575337762117287 -1.8980439272381413
leaf_weight=115.44284639507532 251.5840900093317 5.7906230315566072 100.65827695280313 46.078574761748314 10.965222336351877 2196.8638143762946 12.56688402593136 39.42551851272583 2.9569138884544364 85.996912255883217 47.433826960623264 9.1171511560678464 4.3121660873293903 4.3121660873293903 13.429317243397234 5.544213540852069 20.575192473828793 194.66349765658379 2.587299652397629 5.0513945594429952 647.8105510622263 14.168545715510843 370.47666927427053 26.735429741442204 5.9138277769088745 155.8540028706193 2.4640949070453635 43.984094090759754 5.5442135408520699 158.5645072683692
leaf_count=937 2042 47 817 374 89 17831 102 320 24 698 385 74 35 35 109 45 167 1580 21 41 5258 115 3007 217 48 1265 20 357 45 1287
internal_value=-1.78313 -2.17955 2.75922 1.65605 3.57535 -2.58936 -1.82625 0.472503 2.00586 -0.154731 1.33696 1.7988 -1.71739 -0.775061 0.181901 1.29151 -2.02879 -2.13496 0.127456 0.341766 -2.68087 0.674158 -2.49245 -1.34081 2.10691 -2.26686 -2.10457 -1.31501 2.14521 -2.2265
internal_weight=0 4236.15 370.723 408.917 155.977 3827.23 409.779 252.939 73.43 179.509 93.5124 21.684 119.139 34.0045 40.5344 27.105 388.095 367.52 14.2918 21.5608 3417.45 18.4807 1220.59 31.0476 8.50113 572.779 416.925 46.4482 10.5956 353.228
internal_count=37392 34383 3009 3319 1266 31064 3326 2053 596 1457 759 176 967 276 329 220 3150 2983 116 175 27738 150 9907 252 69 4649 3384 377 86 2867
is_linear=0
shrinkage=1


Tree=28
num_leaves=31
num_cat=0
split_feature=10 36 46 8 34 14 35 35 35 35 35 34 9 34 34 6 20 14 14 1 6 38 38 35 34 35 38 15 18 6
split_gain=8393.17 6685.67 3599.73 986.409 633.236 253.398 264.829 222.736 499.796 425.307 609.423 140.788 97.625 86.4369 84.788 81.8961 80.7471 74.3442 66.9467 84.4797 62.2192 56.396 54.3962 49.7601 38.6308 36.5366 35.6601 32.146 30.5763 29.9296
threshold=1.5567621339366637 3.5000000000000004 10.500000000000002 -0.65580943308990325 0.98250612249085345 -1.0959449678051614 4.0192542007366283 3.9838366311905671 4.0280457769682547 1.9861699234485213 0.022569304056737946 0.012247426097250042 1.20733357875903 1.0075957483024804 1.0041516856855022 -0.78137799809396824 -0.045087988890539381 0.078441340761672543 -2.535449313321108 -0.039547896768107473 -0.63379680683099093 76.500000000000014 167.50000000000003 3.001148002981227 1.0137496986605754 4.9872545186960853 400.50000000000006 -0.61070039339384097 0.97626175231346624 1.1851951845064732
decision_type=2 2 2 2 2 2 2 2 2 2 2 2 2 2 2 2 2 2 2 2 2 2 2 2 2 2 2 2 2 2
left_child=1 3 -2 4 29 6 15 9 13 10 -5 -8 -4 -9 17 18 -7 -6 19 -3 -10 -18 -19 -14 -12 -25 -21 -22 -20 -1
right_child=2 5 12 7 14 16 11 8 20 -11 24 -13 23 -15 -16 -17 21 22 28 26 27 -23 -24 25 -26 -27 -28 -29 -30 -31
leaf_value=4.8375594469332954 4.8577931114376263 -2.7855987546205307 -2.1806192185762177 -1.2698051744266747 3.3294364933326621 -2.7581596711306191 3.8971132982357668 4.7976779025890579 3.2922727090509554 -1.8170497944333202 3.9532529107717176 -1.3730210111129078 -0.90313647875856551 -1.3279289528511009 -1.967416324563998 -0.11988125244176384 -2.642419871263098 -1.5821829681104456 -2.498861286249725 4.379852873578904 0.83648984371562629 -2.0924834693665777 1.7313937692191794 4.4043989536810955 -0.11044337978231589 -0.24571955456773686 0.092470882395814469 -1.8261738738429469 -1.9118894645820947 1.4759772154285253
leaf_weight=115.93566537648439 256.88189405947924 6.0370325222611427 99.919048480689526 48.173055432736874 10.349198609590532 2687.9579293504357 11.827655553817751 35.359761916100979 3.2033233791589728 84.641660057008266 46.201779507100582 8.87074166536331 13.182907752692701 2.4640949070453635 12.197269789874552 21.191216200590134 401.52426510304213 10.225993864238264 190.10492207854986 3.819347105920313 5.5442135408520725 348.17661036550999 9.6099701374769193 3.9425518512725821 2.4640949070453635 2.9569138884544373 3.942551851272583 24.88735856115818 166.44961097091436 2.7105043977498999
leaf_count=941 2085 49 811 391 84 21817 96 287 26 687 375 72 107 20 99 172 3259 83 1543 31 45 2826 78 32 20 24 32 202 1351 22
internal_value=-1.78313 -2.17777 2.74548 1.6409 3.57555 -2.58838 -1.84753 0.409246 1.90471 -0.179597 1.25161 1.63848 -1.77626 4.39862 0.257634 -2.03181 -2.67722 1.15674 -2.14121 0.0200015 -0.899802 -2.38702 0.0231523 0.235631 3.7475 2.41149 2.20214 -1.34107 -2.22485 4.76076
internal_weight=0 4263.87 376.883 413.968 161.029 3849.9 412.243 252.939 71.4588 181.481 96.8389 20.6984 120.001 37.8239 42.3824 391.545 3437.66 30.1852 370.353 13.7989 33.6349 749.701 19.836 20.0824 48.6659 6.89947 7.7619 30.4316 356.555 118.646
internal_count=37667 34608 3059 3360 1307 31248 3346 2053 580 1473 786 168 974 307 344 3178 27902 245 3006 112 273 6085 161 163 395 56 63 247 2894 963
is_linear=0
shrinkage=1


Tree=29
num_leaves=31
num_cat=0
split_feature=10 36 46 8 46 35 40 40 35 6 35 46 9 49 35 6 38 20 6 6 22 35 38 38 35 6 20 9 46 6
split_gain=8357.07 6438.47 3457.43 1023.37 740.305 243.197 508.065 374.685 579.983 238.758 273.582 159.104 122.312 112.491 100.034 85.0174 71.6322 70.1117 62.0465 66.6565 83.7719 58.3087 46.5092 41.1171 39.8859 29.8625 29.7764 28.7409 26.9579 42.8561
threshold=1.5567621339366637 3.5000000000000004 10.500000000000002 -0.65580943308990325 7.0000000000000009 3.9838366311905671 0.48000000000000004 0.20500000000000004 0.98333340230330457 -0.76476546117687028 4.0192542007366283 7.0000000000000009 1.20733357875903 14.500000000000002 3.9915476583191869 -0.63379680683099093 76.500000000000014 -0.041026303203123761 -0.78137799809396824 -1.1961339953951045 -0.2740673920567816 3.001148002981227 479.50000000000006 76.500000000000014 4.9872545186960853 -0.049890438946924534 1.0600983672049427 1.438366478306347 13.500000000000002 0.160618944225798
decision_type=2 2 2 2 2 2 2 2 2 2 2 2 2 2 2 2 2 2 2 2 2 2 2 2 2 2 2 2 2 2
left_child=1 3 -2 4 -1 7 28 8 -5 10 18 -12 -4 14 16 -8 -6 -11 19 20 22 -14 -3 -19 -23 -18 -21 -25 -7 -30
right_child=2 9 12 5 13 6 15 -9 -10 17 11 -13 21 -15 -16 -17 25 23 -20 26 -22 24 -24 27 -26 -27 -28 -29 29 -31
leaf_value=4.812067374197003 4.8450925564510614 4.2634862716129476 -2.1861141126363166 -1.2952173337594122 -2.2859503873970297 4.7741674133731715 3.5420133394240398 -1.8417837750575905 3.7316312254480479 -2.7558884858036574 3.8921399094568914 -1.6170122852692599 -0.7121891227933248 -2.2133730059920356 4.9849592038018589 -1.5425820566428425 2.6852642324497058 -2.6277745759271958 -0.37532547052981591 -2.3009800953350426 -2.9512430502761475 4.7015234090133582 -0.63222291109750972 -2.2174571575286635 -0.12808809823258871 -0.023955333608029816 -0.81530344840108615 -0.76329796244238901 -0.6322229110975095 4.4889465629219822
leaf_weight=118.89257926493883 252.93934220820665 4.4353708326816559 96.715725101530552 48.912283904850483 7.5154894664883676 30.677981592714787 3.6961423605680457 85.627298019826412 43.244865618646145 2672.0645171999931 12.56688402593136 8.9939464107155782 14.291750460863115 14.907774187624453 5.544213540852069 29.815548375248909 8.8707416653633171 401.89387933909893 20.575192473828793 341.40034937113523 5.5442135408520681 4.3121660873293868 3.4497328698635101 333.88485990464687 2.833709143102169 7.5154894664883569 14.045340970158575 14.168545715510843 2.5872996523976317 4.4353708326816559
leaf_count=965 2053 36 785 397 61 249 30 695 351 21688 102 73 116 121 45 242 72 3262 167 2771 45 35 28 2710 23 61 114 115 21 36
internal_value=-1.78313 -2.18969 2.75892 1.56551 3.51138 0.289763 1.8513 -0.335716 1.06364 -2.59356 -1.87341 1.59404 -1.7071 0.0248328 1.15798 -0.981781 0.270282 -2.68006 -2.06538 -2.15965 0.0273149 0.453985 2.12161 -2.40987 2.78633 1.44269 -2.24227 -2.15826 4.36959 2.6022
internal_weight=0 4245.27 371.093 412.243 163.246 248.997 71.2123 177.784 92.1571 3833.02 411.011 21.5608 118.153 44.3537 29.4459 33.5117 23.9017 3422.01 389.45 368.875 13.4293 21.4376 7.8851 749.947 7.14588 16.3862 355.446 348.053 37.7007 7.02267
internal_count=37469 34457 3012 3346 1325 2021 578 1443 748 31111 3336 175 959 360 239 272 194 27775 3161 2994 109 174 64 6087 58 133 2885 2825 306 57
is_linear=0
shrinkage=1


Tree=30
num_leaves=31
num_cat=0
split_feature=10 20 34 42 8 42 46 37 42 20 10 35 40 40 35 8 14 35 49 46 8 20 34 49 35 38 6 6 40 35
split_gain=8383.14 3539.93 3466.43 925.594 550.311 403.208 342.656 341.59 747.359 194.5 429.408 177.399 528.416 290.904 604.805 148.232 132.417 154.107 128.222 101.457 99.2466 91.1393 85.0042 73.5758 84.8733 63.1289 57.1842 56.2632 50.9805 66.4167
threshold=1.5567621339366637 0.85453537869415563 0.97876046947238315 0.21875000000000003 -0.65580943308990325 0.84375000000000011 11.500000000000002 1.0000000180025095e-35 0.84375000000000011 1.4312132079182509 0.46410416001286869 3.9838366311905671 0.43500000000000005 0.13500000000000004 0.022569304056737946 -0.67428800685244406 -1.0959449678051614 4.9930976831809817 11.500000000000002 2.5000000000000004 -0.66568726596814198 3.0370677020790411 0.012247426097250042 14.500000000000002 3.9940247876605377 400.50000000000006 -0.71553550631798457 -0.78137799809396824 0.12500000000000003 1.9956819832939543
decision_type=2 2 2 2 2 2 2 2 2 2 2 2 2 2 2 2 2 2 2 2 2 2 2 2 2 2 2 2 2 2
left_child=1 3 -2 19 5 6 9 16 15 10 -3 13 -13 14 -6 18 17 27 -9 20 -1 -4 -19 24 25 -8 -14 -5 -21 -30
right_child=2 4 21 7 11 -7 23 8 -10 -11 -12 12 26 -15 -16 -17 -18 22 -20 28 -22 -23 -24 -25 -26 -27 -28 -29 29 -31
leaf_value=4.4274573925649738 4.8578517214553179 4.5654070095398298 -2.0910080235858173 -2.2926909967491005 -1.6440069381670355 -1.7178426331149601 -1.7487881632946316 4.4845828153482588 -2.301329254024453 4.6427313491468576 -1.3188601590107374 4.6506180888850466 1.6640617365205539 -2.0044741963708956 3.8377099594010922 0.18716420474560946 -2.713978266880825 3.6259778617046461 -0.72316487733980894 -2.6329461684280986 1.0598528299892294 0.29538514457394593 -1.390364110444372 -2.3336779045166187 4.7144068542310178 2.4598039411406747 -1.6030669354655156 -0.48336688865023203 4.3798528735788969 -0.29007239875967761
leaf_weight=14.907774187624453 253.67857068032026 28.33709143102169 98.810205772519112 299.14112171530724 51.253174066543579 25.133768051862717 9.9795843735337311 19.096735529601577 340.04509717226028 61.232758440077305 22.053649418056011 25.256972797214985 6.2834420129656783 101.39750542491674 33.142076499760151 46.201779507100582 3026.154955342412 7.1458752304315549 6.2834420129656783 6.2834420129656818 21.191216200590134 19.096735529601574 6.4066467583179474 11.334836572408674 4.435370832681655 5.544213540852069 36.345399878919125 18.234302312135696 3.8193471059203175 15.030978932976721
leaf_count=121 2059 230 802 2428 416 204 81 155 2760 497 179 205 51 823 269 375 24562 58 51 51 172 155 52 92 36 45 295 148 31 122
internal_value=-1.78313 -2.17743 2.77557 -2.48022 0.57234 1.97582 2.6254 -2.54288 -1.6831 3.44526 1.99014 -0.357409 1.02602 -0.862895 0.508667 1.25373 -2.6483 -2.04772 3.19529 1.37651 2.45057 -1.7045 1.25462 -0.298978 0.856531 -0.24572 -1.1215 -2.18874 -0.166145 0.656122
internal_weight=0 4251.67 371.586 3829.94 421.73 168.051 142.918 3768.71 411.627 111.623 50.3907 253.679 67.8858 185.793 84.3953 71.582 3357.08 330.928 25.3802 61.2328 36.099 117.907 13.5525 31.294 19.9592 15.5238 42.6288 317.375 25.1338 18.8503
internal_count=37525 34509 3016 31086 3423 1364 1160 30589 3341 906 409 2059 551 1508 685 581 27248 2686 206 497 293 957 110 254 162 126 346 2576 204 153
is_linear=0
shrinkage=1


Tree=31
num_leaves=31
num_cat=0
split_feature=10 36 34 8 34 35 35 35 35 14 35 34 49 0 9 35 9 6 14 34 49 14 7 38 35 5 49 9 38 25
split_gain=8303.98 6645.58 3456.08 957.76 737.706 253.187 529.842 395.825 613.029 249.494 323.607 142.281 124.285 119.103 114.803 112.038 69.9208 68.9084 68.3226 66.1277 62.7292 62.6325 86.4311 59.5945 49.7007 49.2769 42.7077 39.5469 35.7615 35.0739
threshold=1.5567621339366637 3.5000000000000004 0.97876046947238315 -0.65580943308990325 0.98250612249085345 3.9838366311905671 4.0280457769682547 1.9918600874976942 0.022569304056737946 -1.0959449678051614 4.0192542007366283 0.012247426097250042 14.500000000000002 -0.60431314043427709 1.20733357875903 3.9940247876605377 0.26599603547138922 -0.78137799809396824 0.078441340761672543 1.0075957483024804 11.500000000000002 -2.535449313321108 -1.2584993330081187 76.500000000000014 3.001148002981227 -0.03644673883383328 14.500000000000002 1.4906560138589964 400.50000000000006 -0.24834099484605202
decision_type=2 2 2 2 2 2 2 2 2 2 2 2 2 2 2 2 2 2 2 2 2 2 2 2 2 2 2 2 2 2
left_child=1 3 -2 4 -1 7 19 8 -5 10 17 -12 15 -8 -4 18 -11 21 -6 -7 -10 22 -3 -18 -16 -15 -26 -25 -24 -23
right_child=2 9 14 5 12 6 13 -9 20 16 11 -13 -14 25 24 -17 23 -19 -20 -21 -22 29 28 27 26 -27 -28 -29 -30 -31
leaf_value=4.8036564203243346 4.8633894255805998 -2.803669041419325 -2.1416356405755246 -1.284270138494926 2.4216979764123838 4.8362772819656303 5.1653274368490862 -1.8137382812775746 4.018665124263527 -2.7672168031421589 4.1815007111369349 -1.0610827998497232 -2.3425002637417549 -2.2454543122652577 -0.68445309441234392 5.0029960271065814 -2.6789817008931625 -0.32258101751399804 -1.109668233869582 -0.51627190413857749 -0.83387683624347797 -2.5587809874789218 4.0058173672597679 -2.2584425936616994 4.4889465629219831 0.57770063977830088 -0.4809824672380334 -0.75757535105311158 -0.16117194532684898 -1.9311276338615007
leaf_weight=118.89257926493883 251.70729475468397 6.7762609943747512 97.578158318996429 50.390740849077702 8.7475369200110489 36.468604624271393 2.9569138884544364 84.39525056630373 44.476913072168827 2369.2272531241179 12.197269789874555 8.9939464107155782 14.784569442272185 22.669673144817352 13.675726734101774 6.1602372676134101 565.63298591226339 21.684035181999207 14.661364696919916 2.4640949070453635 2.8337091431021681 175.81317161768675 4.3121660873293859 471.99737944453955 4.435370832681655 8.5011274293065089 2.833709143102169 18.234302312135696 3.942551851272583 180.37174719572067
leaf_count=965 2043 55 792 409 71 296 24 685 361 19230 99 73 120 184 111 50 4591 176 119 20 23 1427 35 3831 36 69 23 148 32 1464
internal_value=-1.78313 -2.17075 2.76682 1.61373 3.50526 0.403554 1.97619 -0.227414 1.14287 -2.5832 -1.85004 1.95645 0.0248328 -0.900124 -1.68567 1.2085 -2.67183 -2.05534 0.209948 4.49751 3.72802 -2.15656 -0.157014 -2.45781 0.438619 -1.4755 2.55152 -2.20262 2.01561 -2.24094
internal_weight=0 4257.59 370.23 418.403 163.246 255.157 73.0604 182.097 97.7014 3839.18 414.091 21.1912 44.3537 34.1277 118.523 29.5691 3425.09 392.9 23.4089 38.9327 47.3106 371.216 15.031 1055.86 20.9448 31.1708 7.26908 490.232 8.25472 356.185
internal_count=37562 34557 3005 3396 1325 2071 593 1478 793 31161 3361 172 360 277 962 240 27800 3189 190 316 384 3013 122 8570 170 253 59 3979 67 2891
is_linear=0
shrinkage=1


Tree=32
num_leaves=31
num_cat=0
split_feature=1 36 46 8 46 14 35 35 35 35 35 9 46 49 35 0 6 14 1 9 35 6 49 35 31 6 35 0 35 14
split_gain=8322.53 6421.61 3321.6 1003.36 696.685 252.005 252.087 237.354 519.825 389.815 609.032 172.432 130.801 123.027 124.653 113.388 83.6541 75.8605 106.956 71.6048 53.4086 47.3481 45.2939 75.0921 45.24 42.9518 58.5143 51.3252 39.7027 34.7655
threshold=1.5373033721667195 3.5000000000000004 10.500000000000002 -0.65580943308990325 7.0000000000000009 -1.0959449678051614 4.0192542007366283 3.9838366311905671 4.9815225985080049 1.9918600874976942 0.98846058370447454 1.20733357875903 7.0000000000000009 14.500000000000002 3.9915476583191869 -0.60431314043427709 -0.78137799809396824 -2.535449313321108 -0.039547896768107473 0.14410075192778152 0.99069191928338418 -0.11511984611331834 11.500000000000002 3.0021726557550323 -0.2966508931047705 -0.13297491215438997 4.0047911576184445 -0.74839647435448442 4.9996410031813241 0.085064421622438102
decision_type=2 2 2 2 2 2 2 2 2 2 2 2 2 2 2 2 2 2 2 2 2 2 2 2 2 2 2 2 2 2
left_child=1 3 -2 4 -1 6 16 9 -9 10 -5 -4 -8 14 21 -10 17 18 -3 -7 -13 -6 -22 -24 -17 26 -21 -28 -25 -11
right_child=2 5 11 7 13 19 12 8 15 29 -12 20 -14 -15 -16 24 -18 -19 -20 25 22 -23 23 28 -26 -27 27 -29 -30 -31
leaf_value=4.798332136169396 4.741820408080943 -2.7920946093521231 -2.1729417706887966 -1.3856101644347321 1.9678905782845983 -2.782802247077071 3.7837835241469167 4.3433962482794426 5.1653274368490862 -1.1444722226626538 3.6798012734229824 -2.2555370085225559 -1.2424913687760983 -2.4347340192772693 5.0150205759763962 0.6722259171904732 -0.10577868410006008 -2.2273635194721413 2.8869918615156882 -2.3684716001079469 4.6580417814037531 -1.0896443146969657 -1.7025398984107269 4.5714320353521165 -2.2363119710993136 -2.6416768822718937 2.6679211331182451 -1.4796835285310628 -0.24571955456773686 -2.4547507066488059
leaf_weight=117.16771283000708 257.37471304088831 6.2834420129656792 98.93341051787138 48.542669668793678 8.1315131932497042 2196.6174048855901 11.581246063113214 38.932699531316757 2.7105043977498999 35.97578564286232 46.448188997805119 4.3121660873293903 9.3635606467723829 13.552521988749502 6.6530562490224829 6.8994657397270229 21.43762569129467 350.88711476325989 7.0226704850792867 473.59904113411903 3.9425518512725857 13.429317243397238 6.4066467583179456 5.051394559442997 23.778515852987766 707.44164781272411 3.2033233791589728 43.491275109350681 2.5872996523976326 46.32498425245285
leaf_count=951 2089 51 803 394 66 17829 94 316 22 292 377 35 76 110 54 56 174 2848 57 3844 32 109 52 41 193 5742 26 353 21 376
internal_value=-1.78313 -2.1844 2.70896 1.58434 3.54831 -2.58632 -1.84198 0.333845 1.86062 -0.288963 1.09125 -1.60673 1.53674 0.0415927 1.23109 -1.03441 -2.02549 -2.13849 0.205201 -2.67469 0.905249 0.0634831 1.66297 0.82225 -1.58218 -2.48127 -2.26317 -1.19515 2.93982 -1.88199
internal_weight=0 4239.48 378.608 408.547 158.934 3830.93 406.576 249.613 72.3212 177.292 94.9909 121.233 20.9448 41.7664 28.2139 33.3885 385.631 364.193 13.3061 3424.35 22.3001 21.5608 17.9879 14.0453 30.678 1227.74 520.294 46.6946 7.63869 82.3008
internal_count=37483 34410 3073 3316 1290 31094 3300 2026 587 1439 771 984 170 339 229 271 3130 2956 108 27794 181 175 146 114 249 9965 4223 379 62 668
is_linear=0
shrinkage=1


Tree=33
num_leaves=31
num_cat=0
split_feature=10 36 34 8 34 35 35 35 35 14 35 34 20 49 35 0 20 6 14 1 35 6 34 6 49 3 35 14 25 35
split_gain=8328.83 6593.51 3498.98 939.62 716.442 242.108 510.522 387.689 606.516 232.253 291.714 144.945 129.251 113.772 109.874 100.711 76.8045 65.9579 66.5112 96.6176 60.7774 55.708 55.5336 50.1751 45.2308 40.4001 37.4234 34.5187 31.4614 26.3853
threshold=1.5567621339366637 3.5000000000000004 0.97876046947238315 -0.65580943308990325 0.98250612249085345 3.9838366311905671 4.0280457769682547 1.9918600874976942 0.022569304056737946 -1.0959449678051614 4.0192542007366283 0.012247426097250042 3.0370677020790411 14.500000000000002 3.9915476583191869 -0.60431314043427709 -0.041026303203123761 -0.78137799809396824 -2.535449313321108 -0.039547896768107473 3.9886620121395393 -0.1203143631746262 1.0059275987405019 -0.63379680683099093 11.500000000000002 0.75414030201299298 4.9989024562030417 0.085064421622438102 -0.4952932941993059 1.9962414412628025
decision_type=2 2 2 2 2 2 2 2 2 2 2 2 2 2 2 2 2 2 2 2 2 2 2 2 2 2 2 2 2 2
left_child=1 3 -2 4 -1 7 22 8 -5 10 17 -12 -4 14 21 -8 -11 18 19 -3 29 -6 -7 -17 -10 -21 -22 -9 -20 -14
right_child=2 9 12 5 13 6 15 27 24 16 11 -13 20 -15 -16 23 -18 -19 28 25 26 -23 -24 -25 -26 -27 -28 -29 -30 -31
leaf_value=4.7527631693499819 4.8607582713965307 -2.9512430502761475 -2.1326824786705649 -1.3444092990178527 2.1506012559168548 4.7989544634719055 5.1653274368490862 -1.0555966536120307 3.8814731238721727 -2.752051985569175 4.0662085167175421 -1.2197080130227644 0.47293512397980941 -2.2691783034589013 4.99623221836731 2.6950668538109657 -2.3897277143195343 -0.38328854587494376 -2.6591096767123017 -0.83387683624347708 4.726593897004479 -1.0837135576632622 -0.11044337978231589 -1.7131221285112814 -0.51627190413857749 3.8440252645263726 -0.11044337978231655 -2.3398650135835974 -2.0360741830907081 -2.5240551299011349
leaf_weight=118.76937451958656 252.81613746285439 6.5298515036702165 101.39750542491674 48.542669668793678 8.6243321746587771 35.482966661453247 2.5872996523976317 37.454242587089539 45.955370016396046 2685.8634486794472 11.827655553817751 9.2403559014201146 7.8851037025451678 14.661364696919916 5.9138277769088736 2.8337091431021717 747.97600903362036 21.807239927351475 126.65447822213173 2.8337091431021655 4.5585755780339232 13.922136224806311 2.4640949070453635 29.0763199031353 2.4640949070453635 5.2978040501475334 2.4640949070453644 47.433826960623264 225.09506975859404 4.6817803233861923
leaf_count=964 2052 53 823 394 70 288 21 304 373 21800 96 75 64 119 48 23 6071 177 1028 23 37 113 20 236 20 43 20 385 1827 38
internal_value=-1.78313 -2.17882 2.74427 1.60201 3.48518 0.403134 1.94907 -0.212725 1.15345 -2.58826 -1.8762 1.74782 -1.67838 -0.00608747 1.15975 -0.835137 -2.67313 -2.07287 -2.17343 -0.0865711 0.673137 0.153456 4.48016 -1.32166 3.65767 2.21385 3.02939 -1.77322 -2.26041 -0.643591
internal_weight=0 4259.31 373.803 416.186 161.891 254.295 72.4444 181.85 96.9621 3843.13 409.286 21.068 120.987 43.1217 28.4603 34.4973 3433.84 388.218 366.411 14.6614 19.5896 22.5465 37.9471 31.91 48.4195 8.13151 7.02267 84.8881 351.75 12.5669
internal_count=37605 34571 3034 3378 1314 2064 588 1476 787 31193 3322 171 982 350 231 280 27871 3151 2974 119 159 183 308 259 393 66 57 689 2855 102
is_linear=0
shrinkage=1


Tree=34
num_leaves=31
num_cat=0
split_feature=10 9 46 8 46 20 38 14 20 14 40 46 20 9 10 20 35 40 35 35 35 40 49 35 6 38 35 40 35 38
split_gain=8327.83 5059.82 3577.86 841.495 575.963 266.855 185.226 178.554 160.825 143.088 159.004 141.08 135.911 130.979 112.721 98.2824 96.5598 135.563 90.5641 255.997 223.34 168.472 89.8296 112.434 85.7241 81.3782 72.6609 71.0225 173.839 65.1051
threshold=1.5567621339366637 1.20733357875903 10.500000000000002 -0.65580943308990325 7.0000000000000009 1.0000000180025095e-35 156.50000000000003 0.085064421622438102 1.6317370035345906 -1.0959449678051614 0.52500000000000013 17.000000000000004 0.4352925358712017 1.4906560138589964 -0.74645877330604427 -0.098241549590783392 3.9858569701334869 0.43500000000000005 3.0237255918335433 1.9956819832939543 0.022569304056737946 0.43500000000000005 14.500000000000002 3.9915476583191869 -0.76476546117687028 400.50000000000006 4.9962431602371735 0.13500000000000004 0.99587844072866949 76.500000000000014
decision_type=2 2 2 2 2 2 2 2 2 2 2 2 2 2 2 2 2 2 2 2 2 2 2 2 2 2 2 2 2 2
left_child=1 5 -2 4 12 24 7 16 9 10 -7 15 14 -4 -3 -8 27 -18 19 20 -17 -20 23 25 26 -6 -1 28 -5 -11
right_child=2 3 13 6 22 8 11 -9 -10 29 -12 -13 -14 -15 -16 18 17 -19 21 -21 -22 -23 -24 -25 -26 -27 -28 -29 -30 -31
leaf_value=-2.2613534083142723 4.8803966347657042 3.0100799063695032 -2.1263112367482324 -1.4545704781821329 -1.4857511567674249 -1.4224075511139342 -1.9106570903882971 -1.9187002668898456 2.4181805027451606 -2.5802846185062558 2.9416094951709395 -2.3328376798285109 4.4122435772189101 0.92257468221544126 -1.7261003352383766 -0.53979819540560725 4.3798528735789004 -0.55316540635278311 5.0441845937576648 -1.4569790275417951 4.0409540360352008 0.30987902044381177 -2.2312247006118122 4.1008591762424977 -2.750676616586758 2.375256331899787 0.57305729281770357 -1.5755531372040741 3.3874119968121299 -1.9428107348124235
leaf_weight=265.25981674343348 252.69293271750212 21.807239927351478 105.4632620215416 17.371869094669822 17.741483330726627 116.42848435789347 9.6099701374769193 76.510146863758564 8.0083084478974325 336.96497853845358 8.9939464107155782 12.936498261988161 95.606882393360138 16.263026386499405 6.5298515036702147 17.002254858613014 11.458041317760946 10.842017590999601 16.509435877203941 29.445934139192104 28.460296176373959 13.798931479454042 15.277388423681257 7.5154894664883605 2747.2194118648767 7.8851037025451651 9.3635606467723829 29.0763199031353 12.936498261988161 305.42456372827291
leaf_count=2153 2051 177 856 141 144 945 78 621 65 2735 73 105 776 132 53 138 93 88 134 239 231 112 124 61 22298 64 76 236 105 2479
internal_value=-1.78313 -2.18432 2.7349 0.954311 2.69961 -2.56311 -0.0976793 -0.820959 -2.03995 -2.08645 -1.10947 0.797877 3.84215 -1.71897 1.9187 1.15059 0.207241 1.98148 1.43018 0.84005 2.32783 2.88873 -0.225067 0.699705 -2.69742 -0.297749 -2.16471 -0.459018 0.612129 -2.2772
internal_weight=0 4255.98 374.419 458.322 172.363 3797.66 285.958 158.195 775.82 767.812 125.422 127.763 123.944 121.726 28.3371 114.827 81.6847 22.3001 105.217 74.9085 45.4626 30.3084 48.4195 33.1421 3021.84 25.6266 274.623 59.3847 30.3084 642.39
internal_count=37583 34544 3039 3720 1399 30824 2321 1284 6297 6232 1018 1037 1006 988 230 932 663 181 854 608 369 246 393 269 24527 208 2229 482 246 5214
is_linear=0
shrinkage=1


Tree=35
num_leaves=31
num_cat=0
split_feature=10 9 46 8 46 6 40 40 40 40 40 9 9 46 20 20 20 20 3 38 20 49 6 38 40 6 40 6 9 20
split_gain=8492.45 5170.78 3500.63 909.313 586.347 277.927 315.204 183.016 579.441 335.884 729.149 141.107 204.718 121.331 118.66 118.203 107.683 95.7055 94.0677 90.2781 68.4663 65.4621 52.9336 50.5312 48.3449 47.4481 47.0983 46.4817 36.9604 35.8685
threshold=1.5567621339366637 1.20733357875903 10.500000000000002 -0.65580943308990325 7.0000000000000009 -0.76476546117687028 0.52500000000000013 0.38000000000000006 0.43500000000000005 0.13500000000000004 0.080000000000000016 1.352687448232494 1.293112571040208 7.0000000000000009 3.0370677020790411 -0.041026303203123761 0.56277798041507887 1.4897372580023809 0.95984606878216916 76.500000000000014 0.82388081665368362 14.500000000000002 -0.78137799809396824 76.500000000000014 0.080000000000000016 -0.79167579095138085 0.10500000000000002 -0.63379680683099093 1.0856242460117911 -0.1779459999637503
decision_type=2 2 2 2 2 2 2 2 2 2 2 2 2 2 2 2 2 2 2 2 2 2 2 2 2 2 2 2 2 2
left_child=1 5 -2 4 11 6 16 9 -9 10 -5 12 -3 -8 -4 -7 25 23 22 -6 -14 26 -18 -17 -16 -1 -21 -10 -25 -13
right_child=2 3 14 7 19 15 13 8 27 -11 -12 29 20 -15 24 17 18 -19 -20 21 -22 -23 -24 28 -26 -27 -28 -29 -30 -31
leaf_value=-2.2793310744667132 4.878952547743169 4.5750314014217945 -2.1436240963333382 -1.561301804066541 -2.1095246293890861 -2.7575542922865908 4.0290075686515516 4.2699050699420322 1.6867972280811288 -1.8034452036119732 3.9038076837181848 0.70121366893020753 -2.5064994619405185 -1.0187262676272826 -2.1395860015636239 -2.5900412678758631 -1.3597586410359057 0.94026334766060837 3.9717141299189045 -1.1475607198038746 2.54707889261514 -1.5396655742543679 2.54707889261514 -2.1706736154193913 1.4885903785786809 -0.77795368487103045 2.5199266854897511 -1.4931764957027522 -1.0804023351586292 4.5648668650974749
leaf_weight=317.00580979138613 254.91061813384295 13.552521988749506 99.056615263223648 58.275844551622868 16.63264062255621 2669.230808056891 12.320474535226824 34.62053344398737 5.1745993047952643 109.77542810887098 42.012818165123463 2.4640949070453635 8.9939464107155782 7.7618989571928969 4.9281898140907314 382.05791533738375 37.700652077794075 8.9939464107155782 4.1889613419771186 4.4353708326816621 3.8193471059203139 8.5011274293065053 3.8193471059203139 295.93779833614826 14.41495520621538 22.546468399465084 16.63264062255621 41.150384947657585 34.743738189339638 96.592520356178284
leaf_count=2573 2069 110 804 473 135 21665 100 281 42 891 341 20 73 63 40 3101 306 73 34 36 31 69 31 2402 117 183 135 334 282 784
internal_value=-1.78313 -2.18227 2.79197 0.974108 2.79969 -2.56692 -1.78433 -0.10254 1.17499 -0.594819 0.728136 3.92153 1.8656 2.07804 -1.70124 -2.66047 -1.98566 -2.30142 -0.544713 -0.24572 -1.00014 0.802671 -1.00038 -2.34232 0.564214 -2.17964 1.74782 -1.13797 -2.05612 4.46876
internal_weight=0 4258.94 373.31 462.634 171.624 3796.31 405.344 291.01 80.9455 210.064 100.289 125.422 26.3658 20.0824 118.4 3390.96 385.261 721.733 45.709 46.2018 12.8133 29.5691 41.52 712.739 19.3431 339.552 21.068 46.325 330.682 99.0566
internal_count=37598 34568 3030 3755 1393 30813 3290 2362 657 1705 814 1018 214 163 961 27523 3127 5858 371 375 104 240 337 5785 157 2756 171 376 2684 804
is_linear=0
shrinkage=1


Tree=36
num_leaves=31
num_cat=0
split_feature=1 36 46 8 46 35 35 40 35 14 35 46 9 0 49 35 6 33 38 6 1 38 35 22 40 35 35 18 6 38
split_gain=8334.12 6452 3295.78 1023.2 639.132 268.789 494.812 337.562 567.367 257.038 262.998 146.409 145.469 103.702 92.2437 99.7573 74.499 69.2376 65.2069 62.1465 94.074 55.1337 48.8403 45.7219 37.5452 61.6144 50.8731 36.3085 35.5502 34.6547
threshold=1.5373033721667195 3.5000000000000004 10.500000000000002 -0.65580943308990325 7.0000000000000009 3.9838366311905671 4.9815225985080049 0.20500000000000004 0.022569304056737946 -1.0959449678051614 4.0192542007366283 7.0000000000000009 1.0856242460117911 -0.60431314043427709 14.500000000000002 3.9971446703843951 -0.78137799809396824 -0.10604327802576231 332.50000000000006 -1.1961339953951045 -0.039547896768107473 76.500000000000014 0.99991541776570581 -0.59203641594196876 0.13500000000000004 3.9886620121395393 4.9996410031813241 0.97626175231346624 -0.42135202072452688 479.50000000000006
decision_type=2 2 2 2 2 2 2 2 2 2 2 2 2 2 2 2 2 2 2 2 2 2 2 2 2 2 2 2 2 2
left_child=1 3 23 4 -1 7 -7 8 -5 10 16 -12 -4 -8 15 18 19 -11 -6 20 -3 -19 -14 -2 -24 -26 -27 -21 -15 -22
right_child=2 9 12 5 14 6 13 -9 -10 17 11 -13 22 28 -16 -17 -18 21 -20 27 29 -23 24 -25 25 26 -28 -29 -30 -31
leaf_value=4.7804531777124835 4.8206237025810514 -2.7920946093521231 -2.2084799685630956 -1.3319771176825848 -1.0500643776161833 4.3923207237895401 5.1653274368490862 -1.741897304343448 3.5914772038885143 -2.7671282131011372 3.853558469232885 -1.4857511567674249 -1.7917329806868285 1.3606850210091299 -1.9275314573053974 4.9888802523463633 -0.16422788301025415 -2.6729093278194194 2.5430508179317028 -2.5074516468299062 4.4274573925649756 -2.2118751728648411 4.1180280191555019 2.2763786193977316 -1.6230769705647456 4.5409758609163768 -0.54633327631311568 -1.8678496154519917 -1.8638556165942981 -0.12808809823258871
leaf_weight=116.92130333930254 249.48960933834314 6.2834420129656792 92.896377995610237 49.405102886259556 13.675726734101778 38.809494785964489 2.5872996523976317 85.996912255883217 44.476913072168827 2384.3814368024468 12.197269789874555 8.87074166536331 6.8994657397270229 3.9425518512725857 13.675726734101771 5.6674182862043372 20.451987728476524 556.88544899225235 8.0083084478974325 187.02480344474316 4.0657565966248495 485.54990143328905 3.8193471059203175 7.269079975783824 6.7762609943747512 4.8049850687384588 3.3265281245112419 168.91370587795973 25.749791778624058 2.833709143102169
leaf_count=949 2025 51 754 401 111 315 21 698 361 19353 99 72 56 32 111 46 166 4520 65 1518 33 3941 31 59 55 39 27 1371 209 23
internal_value=-1.78313 -2.18117 2.73515 1.59492 3.58886 0.340012 1.98622 -0.310578 1.00053 -2.58355 -1.83591 1.60543 -1.62661 -0.906611 0.193014 1.25329 -2.02202 -2.67314 0.276938 -2.12496 0.00713311 -2.45817 0.482691 4.74859 1.32064 0.603949 2.4598 -2.20392 -1.4357 2.55643
internal_weight=0 4246.37 375.282 408.917 157.948 250.968 71.0891 179.879 93.882 3837.46 410.641 21.068 118.523 32.2796 41.0272 27.3515 389.573 3426.82 21.684 369.121 13.1829 1042.44 25.6266 256.759 18.7271 14.9078 8.13151 355.939 29.6923 6.89947
internal_count=37512 34466 3046 3319 1282 2037 577 1460 762 31147 3333 171 962 262 333 222 3162 27814 176 2996 107 8461 208 2084 152 121 66 2889 241 56
is_linear=0
shrinkage=1


Tree=37
num_leaves=31
num_cat=0
split_feature=22 9 46 8 34 42 20 42 40 40 40 35 14 35 9 34 14 35 20 38 49 34 34 0 35 38 20 22 35 14
split_gain=8163.57 5112.21 3279.49 816.084 572.84 363.089 283.272 240.233 199.433 601.418 295.615 686.341 156.868 148.582 129.583 109.247 89.6009 106.159 87.5189 75.9874 79.1294 71.9912 64.4562 61.1644 69.4469 57.5242 55.9657 64.2915 51.5231 44.1707
threshold=-0.59203641594196876 1.20733357875903 10.500000000000002 -0.65580943308990325 0.9901273583958824 0.84375000000000011 1.0000000180025095e-35 0.21875000000000003 0.38000000000000006 0.43500000000000005 0.13500000000000004 0.022569304056737946 -1.0959449678051614 4.9911352451072073 1.20733357875903 1.0078267137703094 -1.0959449678051614 4.0192542007366283 1.4897372580023809 76.500000000000014 14.500000000000002 0.019980506277424138 0.99999974647441781 -0.59800622911466672 4.9952677207492622 76.500000000000014 0.4352925358712017 0.11492236781918709 3.9915476583191869 -2.535449313321108
decision_type=2 2 2 2 2 2 2 2 2 2 2 2 2 2 2 2 2 2 2 2 2 2 2 2 2 2 2 2 2 2
left_child=2 6 -1 4 5 26 16 -8 10 15 11 -5 13 29 -4 -10 17 -2 25 -6 28 -19 -15 24 -11 -14 27 -3 -21 -9
right_child=1 3 14 8 19 -7 7 12 9 23 -12 -13 18 22 -16 -17 -18 21 -20 20 -22 -23 -24 -25 -26 -27 -28 -29 -30 -31
leaf_value=4.7506121564850234 -2.2704248135397762 -0.85664421488899145 -2.1291801419647456 -1.5752579247763763 -1.9892791406909347 -2.3796535793518352 2.1216135041771231 1.3775945428573102 4.7551036577164032 -2.1395860015636243 -1.7337574772073625 3.7527089744880575 -2.6164458283991872 4.5409758609163768 0.54650555743527884 -2.1395860015636243 -2.744006797463971 3.6193140107299948 1.2519809519851341 0.92257468221543992 -1.7608127121644466 -1.5396655742543679 -1.186771205248923 -1.5942931855555202 4.8647137151037052 -2.0129303673282548 4.6413327677197893 3.6502342792523761 4.726593897004479 -1.5131984965789596
leaf_weight=253.18575169891119 262.91892658174038 3.8193471059203175 96.099701374769211 57.41341133415699 16.63264062255621 8.7475369200110418 13.798931479454039 5.544213540852069 34.127714462578297 2.4640949070453635 105.95608100295067 41.766408674418926 331.54396974295378 6.4066467583179456 22.300058908760548 2.4640949070453635 2736.0077800378203 5.1745993047952634 6.8994657397270194 16.263026386499412 9.2403559014201146 5.6674182862043381 2.833709143102169 39.795132748782635 3.3265281245112419 301.6052166223526 93.512401722371578 18.480711802840233 4.5585755780339232 113.34836572408676
leaf_count=2055 2134 31 780 466 135 71 112 45 277 20 860 339 2691 52 181 20 22207 42 56 132 75 46 23 323 27 2448 759 150 37 920
internal_value=-1.78313 -2.16871 2.71905 0.984923 2.71284 3.83264 -2.55011 -2.01388 -0.0450096 1.27132 -0.572332 0.668445 -2.08817 -1.07819 -1.62523 4.29081 -2.68943 -2.14397 -2.29036 -0.274274 0.674602 0.922575 2.78447 -1.15244 1.88416 -2.32896 4.30186 2.87834 1.75541 -1.37839
internal_weight=0 4250.32 371.586 458.568 171.255 124.56 3791.75 781.981 287.313 82.1776 205.136 99.1798 768.182 128.133 118.4 36.5918 3009.77 273.761 640.049 46.6946 30.062 10.842 9.24036 45.5858 5.79062 633.149 115.812 22.3001 20.8216 118.893
internal_count=37514 34498 3016 3722 1390 1011 30776 6347 2332 667 1665 805 6235 1040 961 297 24429 2222 5195 379 244 88 75 370 47 5139 940 181 169 965
is_linear=0
shrinkage=1


Tree=38
num_leaves=31
num_cat=0
split_feature=10 36 46 8 34 14 35 35 35 35 35 36 0 34 34 49 35 38 20 20 49 6 6 35 20 38 14 6 49 35
split_gain=8667.54 6651.46 3360 969.17 650.152 242.335 264.955 220.247 505.622 376.27 595.318 116.57 114.793 110.561 107.559 102.327 108.175 80.7632 66.7041 65.9486 53.3042 51.0146 50.081 48.4092 45.2055 43.4076 43.118 36.1676 35.5847 31.1626
threshold=1.5567621339366637 3.5000000000000004 10.500000000000002 -0.65580943308990325 0.98315077617897428 -1.0959449678051614 4.0192542007366283 3.0166786185219605 4.9815225985080049 1.993847866735732 0.022569304056737946 3.5000000000000004 -0.60431314043427709 1.0099712658514315 0.012247426097250042 14.500000000000002 3.9915476583191869 310.50000000000006 -0.0071177398359157686 0.12152110051028357 11.500000000000002 -1.1443219107003644 -0.79167579095138085 0.99069191928338418 0.45692272541018136 76.500000000000014 -0.48434266572258294 -0.11511984611331834 14.500000000000002 3.990432552417492
decision_type=2 2 2 2 2 2 2 2 2 2 2 2 2 2 2 2 2 2 2 2 2 2 2 2 2 2 2 2 2 2
left_child=1 3 -2 4 -1 6 19 9 13 10 -5 23 -10 -9 -8 16 17 27 -7 -3 -12 24 -23 -4 -21 -20 -14 -6 29 -25
right_child=2 5 11 7 15 18 14 8 12 -11 20 -13 26 -15 -16 -17 -18 -19 25 21 -22 22 -24 28 -26 -27 -28 -29 -30 -31
leaf_value=4.7812625873005734 4.8586755628735272 -2.2782440807186801 -2.0494018850400102 -1.3569167045908339 1.002983597297683 -2.7452461524601848 3.7382381204314612 4.7814355894850546 5.1653274368490862 -1.7637508372276594 3.8232173563008187 -2.1449612138067535 1.4548952141632621 -2.1395860015636243 -0.9221004284948392 -2.009141118734826 5.1653274368490862 2.5638625371294603 -2.634658592809259 -1.6830289116628299 -0.73763291742381121 -1.8462318332283039 0.48636327368277477 1.1866164137484818 2.7672497929257212 -2.1337906299268194 -1.9505699765209819 -2.3953135648566106 -0.68615361200864067 4.8854456959137318
leaf_weight=117.16771283000708 257.62112253159285 295.69138884544373 5.5442135408520725 48.296260178089142 4.8049850687384614 2733.0508661493659 11.21163182705641 36.468604624271393 2.8337091431021681 81.684746168553829 46.941007979214191 93.019582740962505 4.3121660873293903 2.4640949070453635 8.87074166536331 13.798931479454039 5.7906230315566054 9.6099701374769193 366.41091267764568 3.9425518512725812 2.7105043977498999 76.017327882349491 10.472403354942797 6.2834420129656774 5.4210087954998016 327.84782738238573 26.98183923214674 8.9939464107155835 5.2978040501475325 3.5729376152157784
leaf_count=951 2091 2400 45 392 39 22183 91 296 23 663 381 755 35 20 72 112 47 78 2974 32 22 617 85 51 44 2661 219 73 43 29
internal_value=-1.78313 -2.17769 2.86016 1.63628 3.56074 -2.58786 -1.86288 0.416481 1.88037 -0.178917 1.14278 -1.66737 -0.929426 4.3434 1.67968 0.234918 1.2954 0.338104 -2.67493 -2.04458 3.57424 -1.32376 -1.5638 0.478974 0.893448 -2.39814 -1.48131 -1.21198 1.40399 2.52744
internal_weight=0 4251.8 371.339 412.859 160.166 3838.94 411.627 252.693 73.0604 179.633 97.9478 113.718 34.1277 38.9327 20.0824 42.9985 29.1995 23.4089 3427.31 391.545 49.6515 95.8533 86.4897 20.6984 9.36356 694.259 31.294 13.7989 15.1542 9.85638
internal_count=37524 34510 3014 3351 1300 31159 3341 2051 593 1458 795 923 277 316 163 349 237 190 27818 3178 403 778 702 168 76 5635 254 112 123 80
is_linear=0
shrinkage=1


Tree=39
num_leaves=31
num_cat=0
split_feature=10 36 46 8 34 40 40 40 40 14 40 34 0 49 40 36 34 14 1 9 6 38 38 40 6 14 9 6 38 34
split_gain=8241.63 6575.27 3547.59 993.979 732.296 264.804 515.935 406.018 589.689 263.126 322.741 159.344 113.207 105.713 109.554 103.338 87.1843 77.3431 92.8069 75.9802 73.799 61.3465 59.0891 46.9014 44.5466 40.5593 37.5179 37.3503 35.7701 34.2551
threshold=1.5567621339366637 3.5000000000000004 10.500000000000002 -0.65580943308990325 0.98250612249085345 0.38000000000000006 0.48000000000000004 0.20500000000000004 0.080000000000000016 -1.0959449678051614 0.53500000000000014 0.02310485855546621 -0.60431314043427709 14.500000000000002 0.38000000000000006 3.5000000000000004 1.0085018677699751 -2.535449313321108 -0.039547896768107473 0.19112862607662964 -0.78137799809396824 332.50000000000006 76.500000000000014 0.080000000000000016 -0.63379680683099093 0.9339492431873897 0.96375017631015947 -0.11511984611331834 479.50000000000006 1.0105283524452284
decision_type=2 2 2 2 2 2 2 2 2 2 2 2 2 2 2 2 2 2 2 2 2 2 2 2 2 2 2 2 2 2
left_child=1 3 -2 4 -1 7 16 8 -5 10 17 -12 -8 14 21 23 -7 18 -3 -11 -19 27 -21 -4 -14 26 -24 -6 -20 -10
right_child=2 9 15 5 13 6 12 -9 29 19 11 -13 24 -15 -16 -17 -18 20 28 22 -22 -23 25 -25 -26 -27 -28 -29 -30 -31
leaf_value=4.8264309655703705 4.8529995905349637 -2.7785500611883762 -2.2133730059920351 -1.2445803072620398 1.1070421932864682 4.8147778809267336 5.1653274368490862 -1.8428635811950347 3.8837636757240492 -2.7829754080629932 4.2197075742713874 -1.3995457512669118 2.3421724848055216 -2.1946135980865074 5.1653274368490862 -2.239625053310911 -1.3279289528511009 -2.2261966077348947 4.1507561259584351 -2.6779155362912839 -0.27812103355825624 2.2665522628757886 -2.2287091284810776 1.2494381667448067 -1.8170497944333202 -2.6764458661538235 -1.493847797063053 -2.3019174113061287 -0.14166095857895189 0.14078380196203666
leaf_weight=118.03014604747295 252.93934220820665 5.7906230315566072 5.4210087954998043 50.390740849077702 4.9281898140907296 37.084628351032734 2.8337091431021681 86.612935982644558 44.476913072168827 2240.4782942309976 12.690088771283628 8.3779226839542371 2.8337091431021717 14.538159951567648 5.4210087954998007 96.962134592235088 2.4640949070453635 354.46005237847567 4.9281898140907252 636.59891923516989 20.575192473828793 8.6243321746587736 314.17210064828396 14.045340970158575 28.213886685669422 149.20094662159681 89.200235635042191 9.24035590142012 3.2033233791589737 2.5872996523976317
leaf_count=958 2053 47 44 409 40 301 23 703 361 18185 103 68 23 118 44 787 20 2877 40 5167 167 70 2550 114 229 1211 724 75 26 21
internal_value=-1.78313 -2.17387 2.75039 1.59117 3.54201 0.373056 1.97862 -0.267451 1.1327 -2.58402 -1.82692 1.98515 -0.885207 -0.00401573 1.12476 -1.8175 4.43205 -2.0334 0.28102 -2.67454 -2.11932 0.163765 -2.47024 0.285111 -1.43744 -2.23098 -2.0662 -1.11619 2.4598 3.678
internal_weight=0 4257.96 369.368 418.28 160.782 257.498 73.43 184.068 97.455 3839.68 410.025 21.068 33.8813 42.752 28.2139 116.428 39.5487 388.957 13.9221 3429.65 375.035 22.7929 1189.17 19.4663 31.0476 552.573 403.372 14.1685 8.13151 47.0642
internal_count=37558 34560 2998 3395 1305 2090 596 1494 791 31165 3328 171 275 347 229 945 321 3157 113 27837 3044 185 9652 158 252 4485 3274 115 66 382
is_linear=0
shrinkage=1


Tree=40
num_leaves=31
num_cat=0
split_feature=1 36 34 8 34 35 35 35 35 14 35 36 34 0 34 20 34 14 20 6 6 35 38 35 35 35 38 5 38 34
split_gain=8337.86 6519.6 3324.59 994.997 681.091 270.469 502.842 387.71 566.899 263.221 270.725 156.998 155.579 110.447 104.165 95.5626 81.1086 83.7672 74.7191 69.6068 60.8083 50.0079 45.5389 44.8767 50.1486 47.6211 43.7941 40.5644 37.8022 37.2148
threshold=1.5373033721667195 3.5000000000000004 0.97080071687031355 -0.65580943308990325 0.98250612249085345 3.9838366311905671 4.9872545186960853 1.993847866735732 0.022569304056737946 -1.0959449678051614 4.0192542007366283 3.5000000000000004 0.012247426097250042 -0.59310624632044118 1.0126000703864766 0.12152110051028357 1.0088514095784094 0.078441340761672543 1.0000000180025095e-35 -1.1961339953951045 -0.79167579095138085 0.99069191928338418 167.50000000000003 1.9901632040455903 3.9886620121395393 4.9872545186960853 76.500000000000014 -0.03644673883383328 78.500000000000014 1.0088514095784094
decision_type=2 2 2 2 2 2 2 2 2 2 2 2 2 2 2 2 2 2 2 2 2 2 2 2 2 2 2 2 2 2
left_child=1 3 -2 4 -1 7 14 8 -5 10 15 21 -12 -8 -7 -3 17 -6 -11 -17 -21 -4 -19 -23 -25 -26 -20 -15 -28 -10
right_child=2 9 11 5 16 6 13 -9 29 18 12 -13 -14 27 -16 19 -18 22 26 20 -22 23 -24 24 25 -27 28 -29 -30 -31
leaf_value=4.8076191887281423 4.7534765648360295 -2.2938791795186275 -1.7675765209037178 -1.3155056306769297 3.1361848150677778 4.767456334539026 5.1653274368490862 -1.9059271542069887 3.8202957561254758 -2.7456914192877155 4.0662085167175421 -2.2020211591568954 -1.3700929553816215 -2.2133730059920356 -1.7917329806868285 2.5274420285333852 -2.2133730059920356 -1.6599704727789515 -2.613052613312596 -1.6305372680109043 1.0055850621974038 4.4491594526909717 1.3099564554646002 -1.7634522472822109 4.4696213950954933 -0.67860331388108253 0.61212935870566221 0.42025545976048684 -2.1457324678551899 0.00023712686030097352
leaf_weight=117.41412232071161 257.37471304088831 293.59690817445517 5.9138277769088772 48.296260178089142 11.334836572408674 37.700652077794075 2.7105043977498999 81.315131932497025 43.121660873293877 2758.4310436919332 11.827655553817751 96.099701374769211 9.4867653921246511 21.684035181999207 2.5872996523976317 4.9281898140907279 10.842017590999601 10.842017590999605 357.78658050298691 77.988603807985783 9.8563796281814557 4.1889613419771221 9.8563796281814557 5.0513945594429952 4.3121660873293877 3.0801186338067055 5.0513945594429961 8.008308447897436 309.12070608884096 2.7105043977498999
leaf_count=953 2089 2383 48 392 92 306 22 660 350 22389 96 780 77 176 21 40 88 88 2904 633 80 34 80 41 35 25 41 65 2509 22
internal_value=-1.78313 -2.17837 2.73461 1.61999 3.56198 0.365508 1.98748 -0.306518 1.07517 -2.58257 -1.82292 -1.64484 1.64658 -0.945247 4.34622 -2.01432 0.15078 0.950954 -2.67285 -1.1296 -1.33476 0.730043 -0.24572 1.61809 0.665051 2.32453 -2.37383 -1.50306 -2.10139 3.59438
internal_weight=0 4246.5 376.021 408.424 160.289 248.134 72.6908 175.444 94.1284 3838.07 407.685 118.646 21.3144 32.4028 40.288 386.37 42.8753 32.0332 3430.39 92.7732 87.845 22.5465 20.6984 16.6326 12.4437 7.39228 671.959 29.6923 314.172 45.8322
internal_count=37519 34467 3052 3315 1301 2014 590 1424 764 31152 3309 963 173 263 327 3136 348 260 27843 753 713 183 168 135 101 60 5454 241 2550 372
is_linear=0
shrinkage=1


Tree=41
num_leaves=31
num_cat=0
split_feature=10 36 34 8 34 35 35 40 35 14 35 34 36 0 34 20 34 6 14 10 14 38 38 38 35 12 38 35 35 35
split_gain=8368.59 6649.22 3410.98 950.294 705.598 235.547 537.392 412.421 610.091 230.738 276.511 149.003 118.498 111.037 88.414 75.3091 72.7523 67.2117 72.9332 100.727 66.9426 55.3495 53.2829 45.329 44.1245 41.294 32.3209 28.33 53.0751 56.1114
threshold=1.5567621339366637 3.5000000000000004 0.025492134796252647 -0.65580943308990325 0.98250612249085345 3.0166786185219605 4.0280457769682547 0.20500000000000004 0.022569304056737946 -1.0959449678051614 4.0192542007366283 0.012247426097250042 3.5000000000000004 -0.60431314043427709 1.0111367187541591 -0.041026303203123761 1.0026464741153509 -0.78137799809396824 -2.535449313321108 0.012451848423380481 0.078441340761672543 183.50000000000003 76.500000000000014 537.50000000000011 0.99069191928338418 -0.31817552642236396 156.50000000000003 1.9962414412628025 3.001148002981227 4.9872545186960853
decision_type=2 2 2 2 2 2 2 2 2 2 2 2 2 2 2 2 2 2 2 2 2 2 2 2 2 2 2 2 2 2
left_child=1 3 -2 4 -1 7 16 8 26 10 17 -12 24 -8 20 -11 -7 18 19 -3 -6 -22 -17 -21 -4 -15 -5 -26 -29 -30
right_child=2 9 12 5 14 6 13 -9 -10 15 11 -13 -14 25 -16 22 -18 -19 -20 23 21 -23 -24 -25 27 -27 -28 28 29 -31
leaf_value=4.7611828482785352 4.8592667475696327 -2.473797727504075 -1.8925599432598128 -1.8984661251678536 2.8715140383136939 4.8585154940367916 5.1653274368490862 -1.7983872708996798 3.7878415839427149 -2.7566001796829753 4.3923207237895383 -1.1722686969336307 -2.0947205365594144 0.39087420912835946 -2.3336779045166187 -2.6491248494729249 -0.6322229110975095 -0.32529377502974843 -2.2607709081422303 4.353670388136563 -1.7384221728896185 1.4845570996643869 -2.1126834054497396 -0.73763291742381143 4.1507561259584316 -2.2053960325403152 -0.26201788887923283 -1.9106570903882971 4.5245455562865686 -0.84694699805849472
leaf_weight=118.76937451958656 251.5840900093317 8.3779226839542407 5.6674182862043407 29.445934139192104 11.334836572408674 35.852580897510052 2.7105043977498999 85.873707510530949 47.187417469918728 2686.9722913876176 10.349198609590532 8.9939464107155782 98.070977300405502 8.3779226839542407 11.334836572408674 393.8855708912015 2.5872996523976317 20.944806709885597 354.82966661453247 4.9281898140907279 10.718812845647337 10.595608100295065 349.40865781903267 2.7105043977499008 2.9569138884544364 22.792877890169621 20.451987728476524 4.8049850687384597 4.6817803233861905 3.3265281245112419
leaf_count=964 2042 68 46 239 92 291 22 697 383 21809 84 73 796 68 92 3197 21 170 2880 40 87 86 2836 22 24 185 166 39 38 27
internal_value=-1.78313 -2.18166 2.7697 1.60581 3.49409 0.401935 1.92976 -0.201994 1.21004 -2.59382 -1.8859 1.80496 -1.62916 -0.973751 0.0725773 -2.67867 4.48895 -2.06812 -2.16655 -0.0792258 0.907957 -0.136248 -2.39695 2.54708 0.500632 -1.50758 -1.22772 1.36069 0.716822 2.29331
internal_weight=0 4259.43 371.093 418.034 162.753 255.28 72.3212 182.959 97.0853 3841.4 411.134 19.3431 119.509 33.8813 43.9841 3430.27 38.4399 391.791 370.846 16.0166 32.6493 21.3144 743.294 7.63869 21.4376 31.1708 49.8979 15.7702 12.8133 8.00831
internal_count=37584 34572 3012 3393 1321 2072 587 1485 788 31179 3337 157 970 275 357 27842 312 3180 3010 130 265 173 6033 62 174 253 405 128 104 65
is_linear=0
shrinkage=1


Tree=42
num_leaves=31
num_cat=0
split_feature=1 36 46 8 46 35 35 35 35 6 35 36 46 0 20 46 38 20 6 6 38 35 31 9 6 35 35 35 35 22
split_gain=8542.31 6330.16 3328.58 1017.62 676.953 292.913 525.479 337.561 591.41 224.227 260.978 147.417 139.672 105.915 87.2678 85.4181 64.1734 61.4138 70.8441 49.8199 40.407 39.4902 38.905 37.4166 33.8913 32.7782 57.255 52.3139 32.5683 31.564
threshold=1.5373033721667195 3.5000000000000004 10.500000000000002 -0.65580943308990325 7.0000000000000009 3.9838366311905671 4.0280457769682547 1.993847866735732 0.022569304056737946 -0.76476546117687028 4.0192542007366283 3.5000000000000004 7.0000000000000009 -0.59800622911466672 -0.045087988890539381 17.000000000000004 47.500000000000007 0.12152110051028357 -1.1961339953951045 1.3878316539155395 76.500000000000014 0.99069191928338418 -0.2966508931047705 1.438366478306347 1.440487095747111 1.9962414412628025 3.9886620121395393 4.9872545186960853 3.9915476583191869 -0.59203641594196876
decision_type=2 2 2 2 2 2 2 2 2 2 2 2 2 2 2 2 2 2 2 2 2 2 2 2 2 2 2 2 2 2
left_child=1 3 29 4 24 7 -7 8 -5 10 17 21 -12 -8 -11 16 -6 -3 -19 28 -16 -4 -15 -22 -1 -23 -27 -28 -18 -2
right_child=2 9 11 5 15 6 13 -9 -10 14 12 -13 -14 22 20 -17 19 18 -20 -21 23 25 -24 -25 -26 26 27 -29 -30 -31
leaf_value=4.8558721350523726 4.8022485261696026 -2.2923332690335085 -1.8544092006646296 -1.4524998188405529 -1.3730210111129078 4.540975860916376 5.1653274368490862 -1.796632319009037 3.4410818929520159 -2.7495562824713606 3.7573509237763396 -2.1674319231840031 -1.3700929553816215 0.64133732927108578 -2.5806005226320456 -2.3714880154814879 1.4630321269323112 2.3245277663552546 -1.5704157059934316 -1.9772545918211195 -2.1786592074097415 3.9355440297088942 -1.9624222802710429 -0.42959008340228855 1.1070421932864691 -2.0968672095261232 4.5072271270821744 -0.76601253451166196 4.1323093748513289 2.689085593319354
leaf_weight=113.10195623338223 256.14266558736563 300.49637391418219 4.5585755780339268 51.376378811895847 8.87074166536331 38.439880549907684 2.7105043977498999 87.475369200110435 47.557031705975533 2647.669977620244 12.074065044522287 96.962134592235088 9.4867653921246511 7.515489466488364 399.3065796867013 10.349198609590529 14.045340970158582 4.9281898140907279 89.077030889689922 3.0801186338067046 337.82741175591946 4.0657565966248539 24.271334834396839 12.690088771283625 2.4640949070453635 4.6817803233861905 4.5585755780339241 3.2033233791589737 6.7762609943747512 7.269079975783824
leaf_count=918 2079 2439 37 417 72 312 22 710 386 21490 98 787 77 61 3241 84 114 40 723 25 2742 33 197 103 20 38 37 26 55 59
internal_value=-1.78313 -2.17447 2.76653 1.51969 3.51429 0.299241 1.99822 -0.365528 0.899832 -2.57941 -1.8865 -1.64649 1.50128 -0.835137 -2.66427 0.133054 0.923962 -2.07165 -1.36622 1.77645 -2.36311 0.751052 -1.3468 -2.11534 4.77594 1.47047 0.665051 2.33097 2.33173 4.74393
internal_weight=0 4231.59 381.442 418.034 158.688 259.346 72.9372 186.409 98.9334 3813.56 416.062 118.03 21.5608 34.4973 3397.49 43.1217 32.7725 394.502 94.0052 23.9017 749.824 21.068 31.7868 350.518 115.566 16.5094 12.4437 7.7619 20.8216 263.412
internal_count=37442 34346 3096 3393 1288 2105 592 1513 803 30953 3377 958 175 280 27576 350 266 3202 763 194 6086 171 258 2845 938 134 101 63 169 2138
is_linear=0
shrinkage=1


Tree=43
num_leaves=31
num_cat=0
split_feature=10 36 34 8 34 14 35 35 35 35 35 34 9 0 34 38 34 20 6 6 1 6 35 38 6 38 9 34 14 38
split_gain=8456.44 6537.52 3467.18 967.648 688.476 238.309 304.969 233.631 501.699 388.015 624.075 144.287 124.072 109.425 96.1962 95.6128 82.7946 75.3033 70.2076 58.6844 90.8257 43.3822 42.5709 39.472 38.5478 37.8337 33.2933 30.9325 27.4303 24.8554
threshold=1.5567621339366637 3.5000000000000004 0.025492134796252647 -0.66568726596814198 0.98250612249085345 -1.0959449678051614 4.0192542007366283 3.9838366311905671 4.9815225985080049 1.9924916860283506 0.022569304056737946 0.02310485855546621 1.4906560138589964 -0.60431314043427709 1.0111367187541591 76.500000000000014 1.0026464741153509 -0.041026303203123761 -0.78137799809396824 -1.1961339953951045 -0.039547896768107473 1.5007394701121848 3.001148002981227 76.500000000000014 -0.62582628441099386 400.50000000000006 1.0000000180025095e-35 1.0088514095784094 0.085064421622438102 156.50000000000003
decision_type=2 2 2 2 2 2 2 2 2 2 2 2 2 2 2 2 2 2 2 2 2 2 2 2 2 2 2 2 2 2
left_child=1 3 -2 4 -1 6 18 9 16 10 29 -8 -4 -10 15 -6 -9 -7 19 20 -3 -17 -14 -19 -15 -22 -21 -12 -11 -5
right_child=2 5 12 7 14 17 11 8 13 28 27 -13 22 24 -16 21 -18 23 -20 26 25 -23 -24 -25 -26 -27 -28 -29 -30 -31
leaf_value=4.742589390644647 4.8698212297935557 -2.9512430502761475 -2.0687963187010028 -1.9663872171103243 -1.4133665369261035 -2.7612983334837433 4.0290075686515516 4.8464621677120236 5.1653274368490862 -1.1564898402517561 3.8450319709433813 -1.2602908654583906 -0.37769631045595209 2.3245277663552484 -2.6468716570089512 2.6481631718545513 -1.0187262676272826 -2.6175814793323511 -0.30863870563072271 -2.5721251082023575 4.379852873578904 -1.5396655742543679 2.9372492639127472 -2.1559512126625324 -1.8019941317451411 -0.071169651618807173 -1.9629979410652907 0.36917214900235718 -2.3010784892919558 -0.52617016083019363
leaf_weight=118.27655553817749 253.80177542567253 6.4066467583179474 103.1223718598485 29.445934139192104 11.704450808465479 2663.9330040067434 12.320474535226824 34.497328698635101 2.7105043977498999 37.33103784173727 46.201779507100582 8.87074166536331 10.102789118885996 2.464094907045367 9.8563796281814557 19.466349765658382 2.5872996523976317 395.61043732613325 21.191216200590134 174.08830518275499 3.819347105920313 2.8337091431021681 6.2834420129656783 348.29981511086226 27.844272449612617 3.8193471059203148 185.17673226445913 2.7105043977498999 47.680236451327801 20.205578237771988
leaf_count=960 2060 52 837 239 95 21622 100 280 22 303 375 72 82 20 80 158 21 3211 172 1413 31 23 51 2827 226 31 1503 22 387 164
internal_value=-1.78313 -2.18603 2.77857 1.57961 3.48774 -2.59555 -1.88074 0.360034 1.91299 -0.233009 1.11719 1.81488 -1.66263 -0.9221 0.103871 0.901187 4.43726 -2.68274 -2.07926 -2.17977 -0.174522 2.11601 0.893448 -2.40145 -1.4665 2.15434 -2.25816 3.65242 -1.79845 -1.38029
internal_weight=0 4239.35 373.31 415.816 162.137 3823.54 415.693 253.679 70.1035 183.575 98.5638 21.1912 119.509 33.0189 43.8609 34.0045 37.0846 3407.84 394.502 373.31 14.0453 22.3001 16.3862 743.91 30.3084 7.63869 359.265 48.9123 85.0113 49.6515
internal_count=37439 34409 3030 3375 1316 31034 3374 2059 569 1490 800 172 970 268 356 276 301 27660 3202 3030 114 181 133 6038 246 62 2916 397 690 403
is_linear=0
shrinkage=1


Tree=44
num_leaves=31
num_cat=0
split_feature=10 36 46 2 34 35 35 40 35 41 35 34 9 49 35 34 20 41 9 38 4 38 35 15 2 15 38 9 49 12
split_gain=8215.6 6570.35 3483.79 835.195 659.932 239.334 449.455 345.628 581.15 189.109 263.567 266.874 128.684 112.67 124.159 96.5085 77.858 69.7845 64.8996 64.3167 59.8654 56.6799 49.8086 40.8289 135.295 34.6289 29.8114 26.4293 25.4458 26.8723
threshold=1.5567621339366637 3.5000000000000004 10.500000000000002 -0.56666727637951553 0.98250612249085345 3.0166786185219605 4.9815225985080049 0.20500000000000004 0.98846058370447454 1.0000000180025095e-35 4.016339770954473 0.01673733583854168 1.4906560138589964 14.500000000000002 3.9915476583191869 1.0085018677699751 1.0000000180025095e-35 1.0000000180025095e-35 0.29595293557037805 332.50000000000006 3.3108432469893727 76.500000000000014 3.001148002981227 0.69031234206273895 -0.78888807744659928 -0.61070039339384097 86.500000000000014 1.4906560138589964 12.500000000000002 -1.0318279376570354
decision_type=2 2 2 2 2 2 2 2 2 2 2 2 2 2 2 2 2 2 2 2 2 2 2 2 2 2 2 2 2 2
left_child=1 3 -2 4 23 7 15 8 -5 10 18 -12 -4 14 19 -7 -11 -8 -3 -6 28 -18 -14 -1 -25 -19 -23 -28 29 -20
right_child=2 9 12 5 13 6 17 -9 -10 16 11 -13 22 -15 -16 -17 21 25 20 -21 -22 26 -24 24 -26 -27 27 -29 -30 -31
leaf_value=4.7594989124928242 4.8471865064375139 -2.4743587678363572 -2.1483977186184045 -1.3065695568323503 -1.0831434937155784 4.739633180531329 3.8125656889948738 -1.7091618090645588 3.7778794903319524 -2.7560338997769041 3.9058596026399979 -1.7771479483649504 -0.55789534253409201 -2.113819111128306 5.0150205759763962 -1.7337574772073625 -2.6264642383583103 1.012663466691986 -0.88937232169191494 2.3073800822275254 2.5680248809690118 -0.39771525657382689 3.0213276855329863 4.8457774176709254 -0.60992464052848416 -1.8227359237239762 -2.1473393871471025 -0.50649290355167964 -2.8294944929692694 -1.9085303453607891
leaf_weight=103.4919860959053 251.46088526397943 419.38895317912102 102.13673389703035 46.817803233861923 15.523797914385801 35.236557170748711 2.9569138884544399 81.315131932497025 43.244865618646145 2566.4780504330993 14.291750460863112 19.589554511010647 9.6099701374769229 15.523797914385794 6.6530562490224829 2.4640949070453635 344.85008224099874 5.2978040501475396 30.554776847362518 8.7475369200110418 3.0801186338067046 10.96522233635187 6.5298515036702147 15.647002659738066 6.4066467583179465 23.039287380874153 245.05423850566149 10.22599386423826 24.640949070453644 168.79050113260746
leaf_count=840 2041 3404 829 380 126 286 24 660 351 20831 116 159 78 126 54 20 2799 43 248 71 25 89 53 127 52 187 1989 83 200 1370
internal_value=-1.78313 -2.17167 2.74199 1.62236 3.3048 0.418527 1.99117 -0.214599 1.1348 -2.57721 -2.09872 0.620048 -1.73376 0.0843974 1.18788 4.31654 -2.67965 -0.810258 -2.24122 0.138822 -1.81061 -2.35886 0.890187 4.49625 3.26088 -1.29264 -2.01226 -2.08161 -1.87082 -1.75232
internal_weight=0 4270.28 369.737 412.366 171.994 240.372 68.9947 171.378 90.0627 3857.91 680.337 33.8813 118.277 46.4482 30.9244 37.7007 3177.57 31.294 646.455 24.2713 227.066 611.096 16.1398 125.546 22.0536 28.3371 266.245 255.28 223.986 199.345
internal_count=37661 34660 3001 3347 1396 1951 560 1391 731 31313 5522 275 960 377 251 306 25791 254 5247 197 1843 4960 131 1019 179 230 2161 2072 1818 1618
is_linear=0
shrinkage=1


Tree=45
num_leaves=31
num_cat=0
split_feature=10 36 34 8 34 14 35 35 40 35 35 34 49 36 35 34 0 20 9 4 14 49 6 6 35 49 14 5 27 35
split_gain=8478.98 6416.67 3477.66 948.012 648.181 265.748 316.164 237.677 534.466 437.708 625.95 130.079 115.545 99.9397 98.0325 87.0296 75.7815 75.7567 72.3585 82.4785 66.8532 57.8251 47.821 47.1087 42.3696 47.5263 31.3778 26.393 26.2446 24.3764
threshold=1.5567621339366637 3.5000000000000004 0.025492134796252647 -0.65580943308990325 0.98250612249085345 -1.0959449678051614 4.0192542007366283 3.9838366311905671 0.48000000000000004 1.9901632040455903 0.022569304056737946 0.012247426097250042 14.500000000000002 3.5000000000000004 3.9915476583191869 1.0085018677699751 -0.59510479209158318 -0.041026303203123761 0.14076843991754903 2.9304020944050824 0.078441340761672543 11.500000000000002 -0.79167579095138085 -0.63379680683099093 3.0021726557550323 14.500000000000002 0.085064421622438102 -0.45357046729783151 1.9597975338139662 1.9910960900367993
decision_type=2 2 2 2 2 2 2 2 2 2 2 2 2 2 2 2 2 2 2 2 2 2 2 2 2 2 2 2 2 2
left_child=1 3 -2 4 -1 6 18 9 15 10 27 -8 14 24 20 -9 -10 -7 -3 22 -6 -12 -20 -18 -4 -26 -11 -5 -29 -22
right_child=2 5 13 7 12 17 11 8 16 26 21 -13 -14 -15 -16 -17 23 -19 19 -21 29 -23 -24 -25 25 -27 -28 28 -30 -31
leaf_value=4.7750224079600034 4.8671837166840222 -2.4210855560303952 -0.79178851700429675 -2.2088737984049374 2.5725340867951889 -2.7563736824958434 4.215515996866344 4.8112488585516768 4.353670388136563 -1.1748892399625444 4.0151182501709117 -0.8935209549486236 -2.1115978274700891 -2.1499918611625026 4.99623221836731 -1.3279289528511009 2.5827822818546879 -2.3955163242843174 -1.8592418281688188 1.8317359867797938 0.59975653784114225 -0.73763291742381121 -0.0057134380129579831 -1.7769307244793053 4.6416777280022972 -0.43230738185797191 -2.3992344781039026 -1.152435536913258 1.4192179812528243 -2.0771508439703532
leaf_weight=112.73234199732542 254.91061813384295 213.14420945942402 13.429317243397238 20.205578237771988 8.8707416653633171 2678.7175734490156 11.581246063113214 36.715014114975929 2.4640949070453635 36.591809369623661 46.078574761748314 8.7475369200110418 14.291750460863112 96.099701374769211 5.9138277769088736 2.4640949070453635 2.7105043977499035 743.1710239648819 156.59323134273291 6.8994657397270194 5.9138277769088736 2.7105043977498999 15.277388423681257 28.953115157783031 3.8193471059203139 3.5729376152157784 48.912283904850483 22.792877890169624 4.8049850687384597 8.0083084478974325
leaf_count=915 2069 1730 109 164 72 21742 94 298 20 297 374 71 116 780 48 20 22 6032 1271 56 48 22 124 235 31 29 397 185 39 65
internal_value=-1.78313 -2.18404 2.79598 1.57039 3.51504 -2.58662 -1.82812 0.384656 1.90506 -0.227414 1.23128 2.01708 0.211661 -1.71965 1.36831 4.42514 -0.988029 -2.678 -2.02757 -1.55839 0.427005 3.75108 -1.69448 -1.40373 0.266569 2.18925 -1.87527 -1.34048 -0.704692 -0.940057
internal_weight=0 4245.27 371.832 411.134 155.731 3834.13 412.243 255.403 73.3068 182.097 96.5925 20.3288 42.9985 116.921 28.7067 39.1791 34.1277 3421.89 391.914 178.77 22.7929 48.7891 171.871 31.6636 20.8216 7.39228 85.5041 47.8034 27.5979 13.9221
internal_count=37475 34457 3018 3337 1264 31120 3346 2073 595 1478 784 165 349 949 233 318 277 27774 3181 1451 185 396 1395 257 169 60 694 388 224 113
is_linear=0
shrinkage=1


Tree=46
num_leaves=31
num_cat=0
split_feature=10 36 34 8 34 14 35 35 35 35 35 9 34 49 49 35 6 1 6 6 9 14 49 6 35 40 31 25 34 32
split_gain=8253.57 6719.76 3450.88 981.423 671.685 235.185 285.91 228.693 510.629 430.394 586.412 143.958 143.339 118.884 103.824 101.069 70.0152 85.9581 75.4538 65.2219 63.267 61.6237 46.7199 40.5545 65.2909 39.4188 36.1028 34.0642 32.5823 30.2144
threshold=1.5567621339366637 3.5000000000000004 0.025492134796252647 -0.65580943308990325 0.98250612249085345 -1.0959449678051614 4.0192542007366283 3.9838366311905671 4.9872545186960853 1.9918600874976942 0.022569304056737946 1.4906560138589964 0.012247426097250042 14.500000000000002 14.500000000000002 3.9915476583191869 -1.1961339953951045 -0.039547896768107473 -0.78137799809396824 -0.62582628441099386 0.14410075192778152 0.078441340761672543 11.500000000000002 -0.1086399883730811 4.9815225985080049 0.32500000000000007 -0.41270879167816016 0.72024634037315305 0.0036368024622654102 1.2768766587196383
decision_type=2 2 2 2 2 2 2 2 2 2 2 2 2 2 2 2 2 2 2 2 2 2 2 2 2 2 2 2 2 2
left_child=1 3 -2 4 -1 6 16 9 14 10 -5 -4 -8 15 -9 21 17 -3 -18 -10 -7 -6 -12 24 -22 -13 -11 -21 -19 -26
right_child=2 5 11 7 13 20 12 8 19 26 22 25 -14 -15 -16 -17 18 28 -20 27 23 -23 -24 -25 29 -27 -28 -29 -30 -31
leaf_value=4.7724553329408614 4.850855112924175 -2.79515515629297 -2.1405627248472734 -1.2682796159378444 2.4216979764123838 -2.7769231659847238 3.9355440297088977 4.7381395164740736 3.2922727090509554 -0.68615361200864067 3.9017979942623082 -0.24571955456773642 -1.3059922758588705 -2.2392631829844603 -1.5396655742543679 4.99623221836731 -2.262288277254644 3.1744705249127101 -0.24571955456773642 0.75414782428102245 -2.3886474738854786 -0.97694212097541511 -0.36869789528175501 -2.6526692073568978 -1.3329860061141072 3.0213276855329863 -2.1907995438342041 -1.967416324563998 -1.0187262676272826 1.9186992419989923
leaf_weight=119.63180773705244 251.2144757732749 6.4066467583179483 102.38314338773489 46.941007979214191 8.7475369200110489 2197.1102238669991 12.197269789874555 37.454242587089539 3.2033233791589728 21.191216200590134 46.694598488509655 8.5011274293065053 9.1171511560678464 14.045340970158575 2.8337091431021681 5.9138277769088736 351.25672899931669 6.5298515036702121 19.589554511010647 5.6674182862043407 487.02835837751627 13.675726734101771 2.7105043977498999 689.94657397270203 39.548723258078098 6.5298515036702147 64.436081819236279 24.394539579749107 2.5872996523976326 3.0801186338067046
leaf_count=971 2039 52 831 381 71 17833 99 304 26 172 379 69 74 114 23 48 2851 53 159 46 3953 111 22 5600 321 53 523 198 21 25
internal_value=-1.78313 -2.174 2.75911 1.63513 3.56053 -2.58988 -1.87198 0.414355 1.90238 -0.187103 1.26273 -1.7163 1.6935 0.13966 4.29658 1.31878 -2.06867 0.0119493 -2.15577 -0.997254 -2.67554 0.348901 3.66751 -2.4929 -2.28477 1.17357 -1.81843 -1.45433 1.98451 -1.09804
internal_weight=0 4241.94 368.629 417.541 162.014 3824.4 407.685 255.527 73.5532 181.973 96.3461 117.414 21.3144 42.3824 40.288 28.3371 386.37 15.5238 370.846 33.2653 3416.71 22.4233 49.4051 1219.6 529.657 15.031 85.6273 30.062 9.11715 42.6288
internal_count=37422 34430 2992 3389 1315 31041 3309 2074 597 1477 782 953 173 344 327 230 3136 126 3010 270 27732 182 401 9899 4299 122 695 244 74 346
is_linear=0
shrinkage=1


Tree=47
num_leaves=31
num_cat=0
split_feature=10 36 46 8 46 14 35 35 40 40 35 46 9 0 49 35 6 1 9 6 31 35 49 14 14 35 0 35 35 9
split_gain=8147.99 6618.48 3623.86 967.216 716.999 265.867 242.885 228.038 545.084 393.933 621.72 151.307 113.423 102.461 100.663 119.548 74.2396 102.098 73.6656 64.7343 51.6894 50.6953 48.1733 47.4733 38.8601 67.8275 38.5314 35.3402 57.99 33.8342
threshold=1.5567621339366637 3.5000000000000004 10.500000000000002 -0.65580943308990325 7.0000000000000009 -1.0959449678051614 4.0192542007366283 3.9838366311905671 0.48000000000000004 0.20500000000000004 0.022569304056737946 7.0000000000000009 1.20733357875903 -0.59800622911466672 14.500000000000002 3.9915476583191869 -1.1961339953951045 -0.039547896768107473 0.26599603547138922 -0.78137799809396824 -0.2966508931047705 3.001148002981227 14.500000000000002 0.078441340761672543 0.059793378546238625 4.0047911576184445 -0.74839647435448442 1.9910960900367993 0.98490877900123419 0.65764144634191202
decision_type=2 2 2 2 2 2 2 2 2 2 2 2 2 2 2 2 2 2 2 2 2 2 2 2 2 2 2 2 2 2
left_child=1 3 -2 4 -1 6 16 9 -9 10 -5 -8 -4 -10 15 23 17 -3 -7 29 -15 -14 -23 -6 25 -20 -27 28 -25 -18
right_child=2 5 12 7 14 18 11 8 13 -11 -12 -13 21 20 -16 -17 19 -19 24 -21 -22 22 -24 27 -26 26 -28 -29 -30 -31
leaf_value=4.7868345125789977 4.8777324195887433 -2.7981002108964259 -2.2415429214757885 -1.348477232565342 1.9425715081375932 -2.7781198746983558 3.9434781162065757 4.4845828153482596 5.1653274368490862 -1.7749284869246644 3.715939849862437 -1.5794283200577983 -0.82359835947632942 1.0274679728244556 -2.1680651962552915 5.0029960271065814 -2.3664327857150362 2.4598039411406756 -2.3617442333840986 -0.38811552802607396 -2.1840050440304788 4.6878821140770137 -0.5839099915312882 -2.0494018850400106 -2.6271815819694391 2.4598039411406747 -1.2863055144555868 -2.3630857686004059 4.1066443298327497 -1.6417382187777452
leaf_weight=118.89257926493883 250.35204255580902 6.5298515036702165 100.04225322604179 48.665874414145947 8.3779226839542442 2374.0322381928563 11.458041317760946 38.193471059203148 2.4640949070453635 85.011274293065071 48.296260178089142 8.7475369200110418 12.690088771283628 6.2834420129656818 14.045340970158575 6.1602372676134101 268.46314012259245 8.5011274293065036 410.51821151375771 21.068011455237865 24.764153815805912 4.1889613419771186 2.9569138884544373 3.326528124511241 598.65185766667128 2.9569138884544364 38.439880549907684 8.5011274293065053 2.833709143102169 84.764864802360535
leaf_count=965 2032 53 812 395 68 19269 93 310 20 690 392 71 103 51 114 50 2179 69 3332 171 201 34 24 27 4859 24 312 69 23 688
internal_value=-1.78313 -2.17853 2.7128 1.61087 3.51858 -2.58949 -1.82801 0.39157 1.90196 -0.203589 1.17408 1.55246 -1.80842 -1.04146 0.03177 1.08992 -2.00345 0.175632 -2.68055 -2.09096 -1.53406 0.376047 2.50645 0.0436412 -2.46008 -2.23872 -1.01873 -1.04146 0.782379 -2.19253
internal_weight=0 4249.95 370.23 415.816 162.137 3834.13 409.533 253.679 71.7052 181.973 96.9621 20.2056 119.878 33.5117 43.2449 29.1995 389.327 15.031 3424.6 374.296 31.0476 19.836 7.14588 23.0393 1050.57 451.915 41.3968 14.6614 6.16024 353.228
internal_count=37500 34495 3005 3375 1316 31120 3324 2059 582 1477 787 164 973 272 351 237 3160 122 27796 3038 252 161 58 187 8527 3668 336 119 50 2867
is_linear=0
shrinkage=1


Tree=48
num_leaves=31
num_cat=0
split_feature=10 36 46 8 34 35 35 48 35 14 35 34 0 20 49 35 20 6 14 1 38 34 38 38 6 6 35 49 6 34
split_gain=8371.27 6665.58 3617.72 934.379 663.405 304.955 503.906 428.674 621.533 248.455 282.316 150.457 115.162 114.733 106.306 114.703 85.7339 83.3992 74.7202 94.2583 67.2538 66.5703 55.1616 51.2178 45.5055 45.1589 37.0098 49.8847 36.4789 30.6883
threshold=1.5567621339366637 3.5000000000000004 10.500000000000002 -0.65580943308990325 0.98315077617897428 3.9838366311905671 4.9815225985080049 20.500000000000004 0.022569304056737946 -1.0959449678051614 4.9911352451072073 0.012247426097250042 -0.60431314043427709 3.0370677020790411 14.500000000000002 3.9915476583191869 1.0000000180025095e-35 -0.78137799809396824 -2.535449313321108 -0.039547896768107473 310.50000000000006 1.0059275987405019 76.500000000000014 479.50000000000006 -0.62582628441099386 -0.11511984611331834 3.0021726557550323 14.500000000000002 1.1851951845064732 1.0137496986605754
decision_type=2 2 2 2 2 2 2 2 2 2 2 2 2 2 2 2 2 2 2 2 2 2 2 2 2 2 2 2 2 2
left_child=1 3 -2 4 28 7 21 8 -5 10 17 -12 -8 -4 15 20 -11 18 19 -3 25 -7 -18 -21 -14 -6 -15 -28 -1 -10
right_child=2 9 13 5 14 6 12 -9 29 16 11 -13 24 26 -16 -17 22 -19 -20 23 -22 -23 -24 -25 -26 -27 27 -29 -30 -31
leaf_value=4.8184654502198025 4.8762869093961179 -2.8009361894034579 -2.1405511110151254 -1.3403206635184677 1.4360923481699233 4.8480673526617801 5.1653274368490862 -1.870566526494601 3.9183071733284978 -2.751428107466416 4.1291695023224584 -1.2046392745656544 2.7303562907115095 -0.61988769759124041 -1.9533040559574713 5.0121845974693651 -2.6232158492420705 -0.13811350644297016 -2.2493917668706183 4.5072271270821789 2.3192572660389397 -0.51627190413857749 -2.0501020722801009 -0.41481477304951242 -1.759819859505471 -2.410138351134465 4.4696213950954951 -0.63222291109750972 1.1070421932864691 0.29538514457394593
leaf_weight=115.31964164972305 256.01946084201336 6.6530562490224847 103.61519084125757 48.41946492344141 4.558575578033925 37.823856823146343 2.9569138884544364 86.982550218701363 45.708960525691509 2742.5376315414906 11.581246063113214 9.7331748828291875 2.464094907045367 11.581246063113214 15.030978932976721 6.5298515036702147 356.67773779481649 21.684035181999207 353.35120967030525 4.5585755780339206 9.4867653921246511 2.4640949070453635 317.37542402744293 3.942551851272583 26.858634486794472 9.24035590142012 4.3121660873293868 3.4497328698635101 2.7105043977498999 2.4640949070453635
leaf_count=936 2078 54 841 393 37 307 24 706 371 22260 94 79 20 94 122 53 2895 176 2868 37 77 20 2576 32 218 75 35 28 22 20
internal_value=-1.78313 -2.17001 2.73511 1.61657 3.48921 0.425781 2.16123 -0.260246 1.18986 -2.58448 -1.8504 1.6935 -0.782694 -1.72318 0.215111 1.30828 -2.6729 -2.04399 -2.15614 0.018234 0.269618 4.51997 -2.35337 2.22454 -1.38249 -1.13951 0.512516 2.20214 4.73323 3.73299
internal_weight=0 4247.11 378.978 419.019 162.877 256.143 72.5676 183.575 96.5925 3828.09 411.504 21.3144 32.2796 122.958 44.8465 29.8155 3416.59 390.189 368.505 15.1542 23.2857 40.288 674.053 8.50113 29.3227 13.7989 19.3431 7.7619 118.03 48.1731
internal_count=37548 34472 3076 3401 1322 2079 589 1490 784 31071 3340 173 262 998 364 242 27731 3167 2991 123 189 327 5471 69 238 112 157 63 958 391
is_linear=0
shrinkage=1


Tree=49
num_leaves=31
num_cat=0
split_feature=10 36 46 8 34 35 35 35 35 14 35 34 20 0 49 35 20 20 49 38 6 34 38 6 20 5 35 35 38 6
split_gain=8265.52 6630.54 3503.89 953.993 706.769 267.564 549.013 393.552 565.914 239.899 265.237 148.848 136.357 125.765 106.428 105.528 72.8967 72.6036 71.0586 67.6012 59.5423 56.737 45.6331 42.6507 42.0902 39.9066 38.2855 40.535 33.2415 32.0207
threshold=1.5567621339366637 3.5000000000000004 10.500000000000002 -0.65580943308990325 0.98250612249085345 3.9838366311905671 4.9815225985080049 1.993847866735732 0.022569304056737946 -1.0959449678051614 4.9911352451072073 0.012247426097250042 3.0370677020790411 -0.60431314043427709 14.500000000000002 3.9940247876605377 -0.041026303203123761 0.12152110051028357 11.500000000000002 76.500000000000014 -1.1443219107003644 1.0049328374949404 76.500000000000014 -0.79167579095138085 0.45692272541018136 -0.03644673883383328 3.001148002981227 4.9872545186960853 28.500000000000004 1.1851951845064732
decision_type=2 2 2 2 2 2 2 2 2 2 2 2 2 2 2 2 2 2 2 2 2 2 2 2 2 2 2 2 2 2
left_child=1 3 -2 4 29 7 21 8 -5 10 17 -12 -4 -8 15 19 -11 -3 28 -6 24 -7 -18 -22 -19 -15 -14 -28 -10 -1
right_child=2 9 12 5 14 6 13 -9 18 16 11 -13 26 25 -16 -17 22 20 -20 -21 23 -23 -24 -25 -26 -27 27 -29 -30 -31
leaf_value=4.8611732965392536 4.8817267948284702 -2.2897678671258168 -2.1644834570456033 -1.2719526046640302 -2.2748621763490444 4.8438791007253146 5.1653274368490862 -1.8395478289173159 1.1070421932864691 -2.7510930322606835 4.1621558036088864 -1.3059922758588705 -0.38811552802607419 -2.2094059627431961 -2.1327653540954516 4.9926344477613149 -2.6289784787651733 -1.3279289528511007 -1.2602908654583906 1.3946372105468121 -1.8071161988571678 -0.11044337978231589 -2.1347326178745236 0.29538514457394593 3.1361848150677769 0.36917214900235629 4.3109515960990619 -0.4809824672380334 4.0595917472986915 1.5940364225139831
leaf_weight=115.07323215901852 250.35204255580902 296.30741257220507 100.4118674620986 50.021126613020897 7.3922847211360994 37.33103784173727 3.0801186338067046 83.656022094190121 4.1889613419771186 2667.9987606033683 10.965222336351873 9.1171511560678464 11.704450808465483 22.916082635521889 14.661364696919916 5.7906230315566054 400.29221764951944 3.6961423605680448 2.9569138884544364 15.647002659738062 74.292461447417736 2.4640949070453635 350.27109103649855 11.088427081704138 4.9281898140907288 8.1315131932497042 4.6817803233861914 2.833709143102169 42.505637146532536 3.0801186338067046
leaf_count=934 2032 2405 815 406 60 303 25 679 34 21655 89 74 95 186 119 47 3249 30 24 127 603 20 2843 90 40 66 38 23 345 25
internal_value=-1.78313 -2.17367 2.75441 1.60359 3.50737 0.407338 2.01339 -0.240265 1.10203 -2.58691 -1.86449 1.67968 -1.6974 -0.929426 0.0608553 1.17641 -2.67364 -2.04684 3.49368 0.217258 -1.28112 4.53711 -2.39833 -1.53406 1.22299 -1.53406 0.742837 2.50416 3.79472 4.776
internal_weight=0 4247.85 369.984 418.896 161.645 257.252 73.9228 183.329 99.6726 3828.96 410.395 20.0824 119.632 34.1277 43.4913 28.8299 3418.56 390.313 49.6515 23.0393 94.0052 39.7951 750.563 85.3809 8.62433 31.0476 19.2199 7.51549 46.6946 118.153
internal_count=37481 34478 3003 3400 1312 2088 600 1488 809 31078 3331 163 971 277 353 234 27747 3168 403 187 763 323 6092 693 70 252 156 61 379 959
is_linear=0
shrinkage=1


Tree=50
num_leaves=31
num_cat=0
split_feature=10 36 46 8 34 14 49 49 49 49 49 14 36 6 14 1 49 38 49 49 49 49 20 41 38 25 14 38 38 20
split_gain=8450.57 6465.18 3621.14 1005.42 625.207 233.195 186.38 249.911 231.548 253.534 127.307 120.273 109.861 92.478 92.7057 95.9004 87.5252 80.3776 78.6605 150.805 139.264 134.993 76.2336 60.7769 55.0951 54.5277 50.9731 47.6935 45.1178 35.3782
threshold=1.5567621339366637 3.5000000000000004 10.500000000000002 -0.65580943308990325 0.98250612249085345 -1.0959449678051614 14.500000000000002 13.500000000000002 11.500000000000002 10.500000000000002 14.500000000000002 0.085064421622438102 3.5000000000000004 -0.78137799809396824 -2.535449313321108 -0.039547896768107473 13.500000000000002 186.50000000000003 3.5000000000000004 1.5000000000000002 4.5000000000000009 1.0000000180025095e-35 -0.041026303203123761 0.35000000000000003 76.500000000000014 0.88509570189522357 0.078441340761672543 537.50000000000011 507.50000000000006 1.0600983672049427
decision_type=2 2 2 2 2 2 2 2 2 2 2 2 2 2 2 2 2 2 2 2 2 2 2 2 2 2 2 2 2 2
left_child=1 3 -2 4 -1 13 7 8 9 11 16 18 -4 14 15 -3 26 -13 19 21 -20 -5 -7 -19 -24 29 -6 -17 -28 -16
right_child=2 5 12 6 10 22 -8 -9 -10 -11 -12 17 -14 -15 25 27 -18 23 20 -21 -22 -23 24 -25 -26 -27 28 -29 -30 -31
leaf_value=4.7668618633082529 4.8661527468018662 -2.6390672623097919 0.28600182609172031 -0.26702288917961359 2.4598039411406711 -2.7547719929255781 -1.9654247724876577 4.5762215143964484 -2.0067693935924842 4.5183544270057707 -2.3443966587153824 -1.494422706433157 -2.2161194205489241 -0.003433868384893568 -2.2981127688902889 4.2634862716129502 4.9849592038018589 1.7922072344074305 4.7526204629274629 -1.220220908472188 0.14476837264791054 3.6403960119952545 -2.6463138597091334 -1.0187262676272826 -2.1037986537367934 -1.0187262676272826 -2.3914795684054417 -0.24571955456773686 1.2631300872696463 -0.46093165081726917
leaf_weight=115.44284639507532 257.37471304088831 6.4066467583179501 21.314420945942402 15.647002659738062 8.5011274293065124 2677.2391165047884 30.43157210201025 15.277388423681257 33.88130497187376 17.002254858613014 13.182907752692698 38.439880549907684 99.303024753928185 24.764153815805912 315.40414810180664 5.5442135408520681 5.544213540852069 18.973530784249306 14.538159951567652 25.996201269328594 11.950860299170015 20.328782983124256 403.37233628332615 12.936498261988165 349.2854530736804 41.396794438362122 7.1458752304315549 4.0657565966248512 6.4066467583179474 10.842017590999601
leaf_count=937 2089 52 173 127 69 21730 247 124 275 138 107 312 806 201 2560 45 45 154 118 211 97 165 3274 105 2835 336 58 33 52 88
internal_value=-1.78313 -2.18676 2.74729 1.57956 3.57786 -2.59067 0.357248 0.671432 0.386947 0.848245 0.212013 0.455324 -1.77397 -1.87638 -1.99727 0.35782 1.43315 -0.520536 1.23139 0.614884 2.67373 1.94094 -2.67572 0.65264 -2.39455 -2.09987 0.540243 2.35575 -0.663846 -2.23706
internal_weight=0 4249.95 377.992 411.627 156.224 3838.32 255.403 224.972 209.694 175.813 40.7808 158.811 120.617 408.424 383.66 16.0166 27.5979 70.3499 88.461 61.972 26.489 35.9758 3429.9 31.91 752.658 367.643 22.0536 9.60997 13.5525 326.246
internal_count=37563 34495 3068 3341 1268 31154 2073 1826 1702 1427 331 1289 979 3315 3114 130 224 571 718 503 215 292 27839 259 6109 2984 179 78 110 2648
is_linear=0
shrinkage=1


Tree=51
num_leaves=31
num_cat=0
split_feature=10 9 46 8 34 42 20 42 40 40 40 35 14 40 20 34 49 35 38 6 35 20 20 10 34 35 38 35 34 0
split_gain=8342.02 5194.09 3596.77 831.629 569.074 313.349 269.028 226.216 214.057 603.545 344.442 723.652 156.137 154.449 116.557 85.6805 85.3834 114.428 86.4258 82.5289 102.402 82.5014 63.6913 70.6412 60.2479 53.0981 52.6409 49.6818 48.3521 45.762
threshold=1.5567621339366637 1.20733357875903 10.500000000000002 -0.66568726596814198 0.98250612249085345 0.84375000000000011 1.0000000180025095e-35 0.21875000000000003 0.38000000000000006 0.43500000000000005 0.13500000000000004 0.99069191928338418 -1.0959449678051614 0.52500000000000013 3.0370677020790411 1.0078267137703094 14.500000000000002 3.9858569701334869 163.50000000000003 -0.76476546117687028 4.9996410031813241 1.6317370035345906 0.4352925358712017 -0.64254857155635159 0.019980506277424138 3.001148002981227 76.500000000000014 4.9872545186960853 0.019980506277424138 -0.59800622911466672
decision_type=2 2 2 2 2 2 2 2 2 2 2 2 2 2 2 2 2 2 2 2 2 2 2 2 2 2 2 2 2 2
left_child=1 6 -2 4 5 22 19 -8 10 15 11 -5 13 -9 -4 -10 17 18 -6 20 -1 26 23 -3 -22 -16 -14 -27 -15 -11
right_child=2 3 14 8 16 -7 7 12 9 29 -12 -13 21 28 25 -17 -18 -19 -20 -21 24 -23 -24 -25 -26 27 -28 -29 -30 -31
leaf_value=-2.3062925143568096 4.8846277268705709 3.6044484970173096 -2.1890772850217051 -1.5457762992587911 -1.9456502465615169 -2.010191399594961 2.0552396801001649 -1.4121899600267653 4.7802346765110277 1.6604447264995532 -1.8059047704262534 3.953899005934872 -2.6151229184722578 4.2634862716129502 -0.8566442148889909 -1.3279289528511009 -2.1593825149468566 4.4137931324856385 1.6533498222275906 -2.7625707956668268 3.3836412323581824 2.5564297802731186 4.6546462950888641 -0.9835895988518486 -1.5308432150292317 4.7144068542310178 -2.0412538334444479 -0.45383674654530681 -0.92210042849483953 -1.4293860839401664
leaf_weight=265.13661199808121 252.93934220820665 19.219940274953846 101.02789118885994 56.920592352747917 13.922136224806311 8.5011274293065053 13.182907752692698 116.3052796125412 33.758100226521492 5.4210087954998007 110.8842708170414 41.273589693009853 342.13957784324884 6.653056249022482 11.458041317760946 2.4640949070453635 15.154183678328989 6.6530562490224829 12.813293516635893 2729.6011332795024 5.0513945594429952 3.4497328698635092 92.03394477814436 4.0657565966248503 4.9281898140907288 4.435370832681655 300.00355493277311 3.2033233791589737 2.4640949070453644 41.396794438362122
leaf_count=2152 2053 156 820 462 113 69 107 944 274 44 900 335 2777 54 93 20 123 54 104 22155 41 28 747 33 40 36 2435 26 20 336
internal_value=-1.78313 -2.18691 2.74483 0.969254 2.71121 3.84891 -2.57383 -2.05224 -0.0585809 1.29972 -0.598059 0.765881 -2.12247 -1.10149 -1.76081 4.36471 -0.190785 0.702711 -0.220784 -2.70996 -2.18793 -2.32081 4.28083 2.80336 0.956735 0.504845 -2.34702 2.54708 2.86198 -1.07162
internal_weight=0 4253.4 373.064 464.482 172.363 123.821 3788.92 784.198 292.118 83.04 209.078 98.1942 771.015 125.422 120.125 36.2222 48.5427 33.3885 26.7354 3004.72 275.116 645.593 115.32 23.2857 9.97958 19.0967 642.143 7.63869 9.11715 46.8178
internal_count=37551 34523 3028 3770 1399 1005 30753 6365 2371 674 1697 797 6258 1018 975 294 394 271 217 24388 2233 5240 936 189 81 155 5212 62 74 380
is_linear=0
shrinkage=1


Tree=52
num_leaves=31
num_cat=0
split_feature=1 9 46 8 34 6 35 40 40 40 35 9 9 9 9 34 34 33 49 49 38 4 6 35 0 38 38 9 35 1
split_gain=8219.58 5048.51 3436.5 946.559 620.188 241.343 224.557 204.264 594.301 313.613 665.367 142.165 128.508 118.273 193.692 115.208 96.616 96.3308 87.7809 115.448 77.9879 74.1146 69.1727 49.1817 48.3774 45.7288 47.1067 44.3491 42.7543 41.9766
threshold=1.5373033721667195 1.20733357875903 10.500000000000002 -0.66568726596814198 0.019980506277424138 -0.76476546117687028 4.0192542007366283 0.38000000000000006 0.43500000000000005 0.13500000000000004 0.022569304056737946 1.0856242460117911 0.96375017631015947 1.352687448232494 1.293112571040208 0.012247426097250042 1.0059275987405019 -0.11487736805747174 14.500000000000002 13.500000000000002 310.50000000000006 2.7945501362027314 -0.79167579095138085 0.99069191928338418 -0.59800622911466672 32.500000000000007 34.500000000000007 0.14410075192778152 4.9996410031813241 0.2644408112542998
decision_type=2 2 2 2 2 2 2 2 2 2 2 2 2 2 2 2 2 2 2 2 2 2 2 2 2 2 2 2 2 2
left_child=1 5 -2 4 13 6 17 9 16 10 -5 -4 27 14 -3 -8 -9 -1 19 20 -6 22 -19 -13 28 -14 -27 -7 -10 -16
right_child=2 3 11 7 18 12 15 8 24 -11 -12 23 25 -15 29 -17 -18 21 -20 -21 -22 -23 -24 -25 -26 26 -28 -29 -30 -31
leaf_value=-2.3797114911523343 4.756579282821197 4.6055639549783791 -2.220854578050683 -1.5868195632163022 -1.598481302421942 -2.7756408717277172 3.7329914685328669 4.7625968401596666 -1.3279289528511009 -1.8544092006646296 3.7097722431093025 -1.9182249882783906 -2.6520146452208393 4.4897995022333665 -1.869033651992783 -1.111487073194428 -1.7337574772073625 -1.729658199183562 -2.1395860015636243 4.3109515960990619 1.9803440811417159 1.9493278098749369 0.7454128151472259 1.2097835918576745 -1.5612493277103583 1.6867972280811288 -1.6693002404196333 -2.521206155256174 4.4274573925649721 2.4598039411406747
leaf_weight=243.20616732537746 256.88189405947924 14.291750460863115 97.208544082939625 57.167001843452454 16.263026386499408 2186.7610252574086 10.4724033549428 32.279643282294273 2.4640949070453635 109.40581387281418 40.534361220896244 6.7762609943747547 53.470859482884407 97.701363064348698 9.2403559014201146 9.2403559014201146 2.4640949070453635 121.97269789874554 16.016616895794868 7.0226704850792876 9.7331748828291875 6.5298515036702147 12.443679280579088 19.466349765658379 40.287951730191708 4.3121660873293868 138.85174801200628 997.58882311731577 2.7105043977499008 2.9569138884544364
leaf_count=1974 2085 116 789 464 132 17749 85 262 20 888 329 55 434 793 75 75 20 990 130 57 79 53 101 158 327 35 1127 8097 22 24
internal_value=-1.78313 -2.17982 2.67278 0.946361 2.7927 -2.56021 -1.82958 -0.166828 1.18808 -0.691543 0.610632 -1.66328 -2.64749 3.98166 2.10746 1.46214 4.30186 -1.9985 -0.218528 0.713328 -0.258542 -1.3407 -1.50053 0.402082 -1.19155 -1.86293 -1.56821 -2.69593 1.6868 -0.819618
internal_weight=0 4245.39 380.333 460.539 173.226 3784.85 403.865 287.313 80.2063 207.107 97.7014 123.451 3380.98 124.19 26.489 19.7128 34.7437 384.152 49.0355 33.0189 25.9962 140.946 134.416 26.2426 45.4626 196.635 143.164 3184.35 5.1746 12.1973
internal_count=37545 34458 3087 3738 1406 30720 3278 2332 651 1681 793 1002 27442 1008 215 160 282 3118 398 268 211 1144 1091 213 369 1596 1162 25846 42 99
is_linear=0
shrinkage=1


Tree=53
num_leaves=31
num_cat=0
split_feature=10 36 46 8 46 35 35 35 35 6 35 46 20 49 35 6 7 20 6 38 35 6 38 35 15 3 20 38 6 6
split_gain=8366.83 6428.28 3572.27 932.061 742.152 246.047 508.504 399.229 620.113 230.904 289.984 133.332 133.156 101.713 117.377 85.8727 92.8574 78.2562 71.415 67.411 50.9094 49.5629 46.1042 38.9595 36.3856 33.6218 32.9629 30.5789 25.9974 25.0119
threshold=1.5567621339366637 3.5000000000000004 10.500000000000002 -0.66568726596814198 7.0000000000000009 3.9838366311905671 4.0280457769682547 1.9901632040455903 0.022569304056737946 -0.76476546117687028 4.0192542007366283 7.0000000000000009 3.0370677020790411 14.500000000000002 3.9915476583191869 -1.1961339953951045 -1.2102196628959352 -0.041026303203123761 -0.78137799809396824 310.50000000000006 3.001148002981227 -0.42135202072452688 76.500000000000014 4.9872545186960853 -0.61070039339384097 0.75414030201299298 -0.017215820868852209 31.500000000000004 1.1851951845064732 -0.11511984611331834
decision_type=2 2 2 2 2 2 2 2 2 2 2 2 2 2 2 2 2 2 2 2 2 2 2 2 2 2 2 2 2 2
left_child=1 3 -2 4 28 7 -7 8 -5 10 15 -12 -4 14 19 16 -3 -11 26 -6 -14 -8 -19 -22 -23 -18 -17 -10 -1 -9
right_child=2 9 12 5 13 6 21 29 27 17 11 -13 20 -15 -16 18 25 22 -20 -21 23 24 -24 -25 -26 -27 -28 -29 -30 -31
leaf_value=4.8633981189472726 4.8561620229229083 -2.613052613312596 -2.1946135980865074 -1.4361498926794374 -1.4963860761687946 4.4369172649275912 1.9564507326367842 -1.1996427323858996 1.216725578247621 -2.7511432755831842 3.9816609074766545 -1.255243246996248 -0.60831548698226601 -2.310461169713629 5.1653274368490862 -2.4699258951855989 -0.1280880982325876 -2.6174446969095255 -0.35778265794027408 1.9803440811417159 4.353670388136563 1.1070421932864669 -2.1195096788039507 -0.51627190413857793 -1.8745551285146371 4.1755017676874715 -1.8134897921471138 3.937610892578042 1.9186992419989923 -2.2713209152290075
leaf_weight=112.60913725197315 255.52664186060429 5.9138277769088745 101.76711966097355 46.201779507100582 13.059703007340437 38.439880549907684 5.2978040501475325 40.534361220896244 4.5585755780339232 2673.6661788895726 11.827655553817751 8.2547179386019689 11.950860299170019 14.045340970158575 5.4210087954998007 243.0829625800252 2.8337091431021673 398.44414646923542 20.821601964533329 9.7331748828291875 4.9281898140907279 4.9281898140907314 348.66942934691906 2.4640949070453644 24.148130089044571 5.051394559442997 111.62349928915501 43.984094090759754 3.0801186338067046 47.06421272456646
leaf_count=914 2074 48 826 375 106 312 43 329 37 21701 96 67 97 114 44 1973 23 3234 169 79 40 40 2830 20 196 41 906 357 25 382
internal_value=-1.78313 -2.18203 2.73593 1.56576 3.4749 0.383958 1.93793 -0.236579 1.1862 -2.58625 -1.87652 1.82907 -1.73747 -0.111627 0.98299 -2.06767 0.382348 -2.67119 -2.15769 -0.0117283 0.66761 -0.856644 -2.38506 2.73036 -1.3692 2.6289 -2.26335 3.6821 4.785 -1.77542
internal_weight=0 4243.29 376.637 413.106 157.948 255.157 72.814 182.343 94.7444 3830.19 409.409 20.0824 121.11 42.2592 28.2139 389.327 13.7989 3420.78 375.528 22.7929 19.3431 34.3741 747.114 7.39228 29.0763 7.8851 354.706 48.5427 115.689 87.5986
internal_count=37498 34441 3057 3353 1282 2071 591 1480 769 31088 3323 163 983 343 229 3160 112 27765 3048 185 157 279 6064 60 236 64 2879 394 939 711
is_linear=0
shrinkage=1


Tree=54
num_leaves=31
num_cat=0
split_feature=10 36 46 8 34 35 40 35 35 14 35 34 20 0 49 35 20 34 6 6 1 6 49 35 5 35 3 25 15 20
split_gain=8122.81 6456.69 3563.96 929.728 695.808 264.349 524.519 417.67 568.404 235.508 258.505 145.612 128.374 113.45 102.075 116.637 87.9078 76.0914 70.4953 68.938 89.9155 65.7212 54.158 44.296 42.6163 40.4291 37.5681 27.1095 23.8953 23.5481
threshold=1.5567621339366637 3.5000000000000004 10.500000000000002 -0.65580943308990325 0.98250612249085345 3.9838366311905671 0.48000000000000004 1.994600120183083 0.022569304056737946 -1.0959449678051614 4.0192542007366283 0.012247426097250042 3.0370677020790411 -0.60431314043427709 14.500000000000002 3.9915476583191869 1.0000000180025095e-35 1.0078267137703094 -0.11511984611331834 -1.1961339953951045 -0.039547896768107473 -0.78137799809396824 11.500000000000002 3.001148002981227 -0.03644673883383328 4.9872545186960853 1.0813729357722868 0.89357327352352578 -0.22459229628730018 1.0600983672049427
decision_type=2 2 2 2 2 2 2 2 2 2 2 2 2 2 2 2 2 2 2 2 2 2 2 2 2 2 2 2 2 2
left_child=1 3 -2 4 -1 7 17 8 -5 10 19 -12 -4 -8 15 18 -11 -7 -6 20 -3 27 -10 -14 -15 -25 -22 29 -26 -21
right_child=2 9 12 5 14 6 13 -9 22 16 11 -13 23 24 -16 -17 -18 -19 -20 21 26 -23 -24 25 28 -27 -28 -29 -30 -31
leaf_value=4.750422875206902 4.8608558884672908 -2.79515515629297 -2.1875609055285383 -1.2533890198060731 2.3790420457463926 4.8159386410456824 5.1653274368490862 -1.8705998016285044 3.8640294511415076 -2.7495642975740298 3.8265116863954374 -1.3479698676341261 -0.60831548698226601 -2.1309513521092356 -2.0792148161221968 5.0029960271065814 -2.3463274325760981 -0.9221004284948392 -1.3279289528511011 -2.3914795684054417 0.06348313065608302 -0.42078283958416307 -0.73763291742381121 4.3109515960990619 3.136184815067776 -0.35394049439607334 4.2377193811776293 -1.4442576503864464 -0.60645602066219184 -0.87491106519759954
leaf_weight=115.68925588577986 249.61281408369541 6.4066467583179483 102.13673389703035 48.296260178089142 8.2547179386019724 37.207833096385002 2.8337091431021681 85.134479038417339 45.339346289634705 2751.9011921882629 11.950860299170019 9.979584373533724 11.950860299170019 23.162492126226425 14.907774187624453 6.1602372676134101 672.82111436873674 2.4640949070453635 13.552521988749506 303.69969729334116 4.3121660873293841 20.944806709885597 2.7105043977498999 4.6817803233861914 2.4640949070453644 3.0801186338067055 4.3121660873293877 37.823856823146343 5.5442135408520716 10.595608100295065
leaf_count=939 2026 52 829 392 67 302 23 691 368 22336 97 81 97 188 121 50 5461 20 110 2465 35 170 22 38 20 25 35 307 45 86
internal_value=-1.78313 -2.17967 2.69671 1.57354 3.47516 0.391796 1.98928 -0.25674 1.16932 -2.5846 -1.86838 1.47183 -1.73663 -0.892693 0.0341622 1.16068 -2.67034 4.45954 0.0752748 -2.05713 0.0425739 -2.14173 3.60445 0.599757 -1.44342 2.4598 2.1506 -2.2441 0.545126 -2.34035
internal_weight=0 4248.47 371.462 413.722 158.565 255.157 73.6764 181.481 96.3461 3834.75 410.025 21.9304 121.849 34.0045 42.8753 27.9675 3424.72 39.6719 21.8072 388.095 15.031 373.064 48.0499 19.7128 31.1708 7.7619 8.62433 352.119 8.00831 314.295
internal_count=37498 34483 3015 3358 1287 2071 598 1473 782 31125 3328 178 989 276 348 227 27797 322 177 3150 122 3028 390 160 253 63 70 2858 65 2551
is_linear=0
shrinkage=1


Tree=55
num_leaves=31
num_cat=0
split_feature=10 36 34 8 34 14 35 35 35 35 35 34 9 0 49 35 34 38 14 7 9 14 35 38 14 14 9 38 35 0
split_gain=8521.59 6489.45 3484.2 964.038 687.009 237.343 290.447 217.035 498.786 383.087 616.949 145.264 123.504 114.538 104.39 115.362 86.0957 84.2026 70.1851 84.2964 69.9508 69.2254 61.0221 59.7042 47.5182 47.489 39.9491 37.6049 33.9665 60.8802
threshold=1.5567621339366637 3.5000000000000004 0.025492134796252647 -0.65580943308990325 0.98250612249085345 -1.0959449678051614 4.0192542007366283 3.9838366311905671 4.016339770954473 1.9861699234485213 0.98846058370447454 0.019980506277424138 1.20733357875903 -0.60431314043427709 14.500000000000002 3.9940247876605377 1.0059275987405019 310.50000000000006 -2.535449313321108 -1.2102196628959352 0.14410075192778152 -1.1455626485605996 3.001148002981227 76.500000000000014 0.9339492431873897 -0.30305610078500778 1.4906560138589964 537.50000000000011 4.9911352451072073 -0.59106107421417298
decision_type=2 2 2 2 2 2 2 2 2 2 2 2 2 2 2 2 2 2 2 2 2 2 2 2 2 2 2 2 2 2
left_child=1 3 -2 4 -1 6 18 9 16 10 -5 -8 -4 -10 15 17 -9 -6 19 -3 -7 -20 -14 -22 26 -15 28 -21 -25 -30
right_child=2 5 12 7 14 20 11 8 13 -11 -12 -13 22 25 -16 -17 -18 -19 21 27 23 -23 -24 24 -26 -27 -28 -29 29 -31
leaf_value=4.7552270332890743 4.8541987166909557 -2.7785500611883767 -2.1285498735836024 -1.323860496466577 -1.4481744415492526 -2.7812196738795509 4.0058173672597652 4.7898277345977407 4.8531516488827311 -1.7749284869246644 3.762196900510947 -1.2424913687760983 -0.69664013718580531 1.4039898940349531 -2.0570446067793 5.1653274368490862 -1.3279289528511009 2.3060810152481519 -2.2539237771213885 4.2377193811776319 -2.6903587653808385 -0.38811552802607396 2.9262735093662631 -2.2307404919032283 -2.7276098277783696 -1.9321220922514546 -0.43230738185797168 -0.071169651618807173 3.5420133394240398 -1.5815717805737644
leaf_weight=117.04450808465481 257.12830355018377 5.7906230315566054 99.672638989984989 49.158693395555019 13.306112498044973 2199.6975235193968 12.074065044522287 34.62053344398737 3.2033233791589728 85.011274293065071 46.32498425245285 9.3635606467723829 13.306112498044969 5.0513945594429961 14.538159951567648 5.9138277769088736 2.4640949070453635 10.842017590999601 354.21364288777113 4.3121660873293859 651.62989816814661 21.068011455237865 7.1458752304315558 366.41091267764568 152.03465576469898 27.474658213555813 14.291750460863112 3.8193471059203148 2.4640949070453635 39.42551851272583
leaf_count=950 2087 47 809 399 108 17854 98 281 26 690 376 76 108 41 118 48 20 88 2875 35 5289 171 58 2974 1234 223 116 31 20 320
internal_value=-1.78313 -2.18211 2.77701 1.57456 3.48262 -2.58842 -1.87001 0.35697 1.81432 -0.230945 1.1437 1.71345 -1.66924 -0.85213 0.142919 1.20684 4.38333 0.23741 -2.06739 0.137363 -2.67453 -2.14918 0.569197 -2.48315 -2.24818 -1.41401 -2.07569 2.21385 -2.13322 -1.28018
internal_weight=0 4251.55 377.253 414.954 161.645 3836.6 410.641 253.309 72.814 180.495 95.4837 21.4376 120.125 35.7294 44.6001 30.062 37.0846 24.1481 389.204 13.9221 3425.95 375.282 20.452 1226.26 574.627 32.5261 422.592 8.13151 408.301 41.8896
internal_count=37570 34508 3062 3368 1312 31140 3333 2056 591 1465 775 174 975 290 362 244 301 196 3159 113 27807 3046 166 9953 4664 264 3430 66 3314 340
is_linear=0
shrinkage=1


Tree=56
num_leaves=31
num_cat=0
split_feature=10 9 34 8 34 6 35 38 49 20 14 34 9 9 35 40 35 40 20 20 20 49 38 6 35 40 40 35 35 20
split_gain=8384.73 5114.79 3426.78 856.93 601.867 287.534 279.899 202.621 162.291 155.51 153.864 141.157 132.781 209.194 122.087 246.298 237.1 154.84 110.884 108.436 108.043 77.5317 98.9532 76.515 72.6894 116.258 75.8923 167.359 67.151 61.1439
threshold=1.5567621339366637 1.20733357875903 0.025492134796252647 -0.66568726596814198 0.9901273583958824 -0.76476546117687028 4.0192542007366283 156.50000000000003 14.500000000000002 1.4897372580023809 0.085064421622438102 0.012247426097250042 1.352687448232494 1.293112571040208 3.9960653461378532 0.13500000000000004 0.022569304056737946 0.43500000000000005 3.0370677020790411 1.0600983672049427 1.0000000180025095e-35 14.500000000000002 183.50000000000003 -0.78137799809396824 3.990432552417492 0.43500000000000005 0.13500000000000004 0.99319493646658463 3.9940247876605377 0.82388081665368362
decision_type=2 2 2 2 2 2 2 2 2 2 2 2 2 2 2 2 2 2 2 2 2 2 2 2 2 2 2 2 2 2
left_child=1 5 -2 4 12 6 19 10 14 20 24 -8 13 -3 15 16 -9 -16 -4 23 -7 22 28 -1 26 -26 27 -5 -6 -15
right_child=2 3 18 7 21 9 11 8 -10 -11 -12 -13 -14 29 17 -17 -18 -19 -20 -21 -22 -23 -24 -25 25 -27 -28 -29 -30 -31
leaf_value=-2.1835364887301956 4.8565018280706624 4.5301175726392833 -2.130350965611143 -1.3158146685419587 -1.9194756154720924 -2.7538375665865864 4.1291695023224584 -0.3173890511427937 -1.8210876659928872 1.4961928330801448 -1.8485178340158472 -1.111487073194428 4.3937522177026134 -2.5003224676580791 4.9875923166930578 -1.0458286371400409 4.4018876385551282 -0.24571955456773642 0.5048450281126613 0.40360608440228218 -2.2979885297026801 -2.2194211211091184 2.6101108020133648 -0.10238056141762186 4.3220473862386699 -0.49739615881968158 -1.5696991375739802 3.6274509234990422 3.0610313846314332 2.285254038191745
leaf_weight=350.39429578185081 252.56972797214985 14.168545715510847 97.454953573644161 16.509435877203945 14.538159951567655 2745.6177501752973 11.581246063113214 18.603916548192501 19.466349765658379 8.9939464107155782 77.988603807985783 9.2403559014201146 99.795843735337257 8.87074166536331 16.87905011326075 40.411156475543976 24.88735856115818 8.5011274293065053 19.096735529601574 18.480711802840233 641.40390430390835 15.030978932976721 13.306112498044966 18.603916548192501 9.4867653921246546 10.595608100295065 28.953115157783031 11.704450808465479 3.326528124511241 3.8193471059203139
leaf_count=2844 2050 115 791 134 118 22285 94 151 158 73 633 75 810 72 137 328 202 69 155 150 5206 122 108 151 77 86 235 95 27 31
internal_value=-1.78313 -2.1815 2.78671 0.980084 2.73556 -2.56116 -1.76829 -0.0884353 0.839079 -2.65649 -0.857683 1.80343 3.86257 1.88891 1.31293 0.731606 2.38316 3.23469 -1.69858 -1.96022 -2.66751 -0.35394 0.545619 -2.07861 0.142633 1.77927 -0.432307 0.734885 -0.992071 -1.06
internal_weight=0 4261.16 369.121 456.843 172.856 3804.32 408.301 283.987 128.749 3396.02 155.238 20.8216 126.654 26.8586 109.283 83.9024 43.4913 25.3802 116.552 387.479 3387.02 46.2018 31.1708 368.998 77.2494 20.0824 57.167 28.2139 17.8647 12.6901
internal_count=37582 34586 2996 3708 1403 30878 3314 2305 1045 27564 1260 169 1028 218 887 681 353 206 946 3145 27491 375 253 2995 627 163 464 229 145 103
is_linear=0
shrinkage=1


Tree=57
num_leaves=31
num_cat=0
split_feature=10 36 46 8 34 35 35 35 35 6 35 20 34 49 0 35 34 20 38 6 14 10 49 35 38 35 38 25 38 5
split_gain=8470.09 6677.04 3483.82 936.455 644.673 279.849 499.061 363.727 607.686 234.682 297.253 148.951 129.511 125.004 112.719 107.981 79.3453 72.7746 63.3318 58.7924 59.6504 85.8312 52.0742 49.2895 48.5798 34.6825 30.9905 30.6462 30.3831 25.7492
threshold=1.5567621339366637 3.5000000000000004 11.500000000000002 -0.65580943308990325 0.98250612249085345 3.9838366311905671 4.9815225985080049 1.993847866735732 0.022569304056737946 -0.76476546117687028 4.9911352451072073 3.0370677020790411 0.02310485855546621 14.500000000000002 -0.59510479209158318 3.9915476583191869 1.0054362205502339 -0.041026303203123761 76.500000000000014 -0.78137799809396824 -2.535449313321108 -1.0000000180025095e-35 11.500000000000002 3.001148002981227 76.500000000000014 4.9872545186960853 479.50000000000006 -0.36609582375636257 156.50000000000003 -0.029688259125160748
decision_type=2 2 2 2 2 2 2 2 2 2 2 2 2 2 2 2 2 2 2 2 2 2 2 2 2 2 2 2 2 2
left_child=1 3 -2 4 -1 7 16 8 28 10 19 -4 -12 15 -8 18 -7 -11 -6 20 21 -3 -10 -13 -19 -25 -23 -22 -5 -16
right_child=2 9 11 5 13 6 14 -9 22 17 12 23 -14 -15 29 -17 -18 24 -20 -21 27 26 -24 25 -26 -27 -28 -29 -30 -31
leaf_value=4.76334765508419 4.8857172939156115 -2.5314204388731181 -2.2227013251359562 -2.0059396602093535 -2.0043098267782034 4.8677198523211604 5.1653274368490774 -1.8096543109741441 3.7947192279413953 -2.7528846566842944 4.0428230077785736 -0.42026945751666656 -1.0348305741493564 -2.181568262703927 -2.007455784331353 5.0121845974693651 -0.73763291742381121 -2.6385823667087265 1.5805088050354412 -0.47500120674641533 -2.5862296596041214 4.1815007111369376 -0.9221004284948392 4.5245455562865677 -2.1266569512301503 -0.11044337978231655 -0.24571955456773686 -1.991744970977869 -0.4148147730495122 0.16010896978852607
leaf_weight=116.92130333930254 253.9249801710248 7.1458752304315567 97.454953573644161 30.677981592714787 7.3922847211360994 36.961423605680466 2.8337091431021717 79.713470242917538 46.694598488509655 2666.8899178951979 11.581246063113214 11.458041317760946 8.87074166536331 14.291750460863112 21.191216200590141 6.5298515036702147 2.7105043977498999 396.5960752889514 14.784569442272185 21.807239927351475 150.67940356582403 4.0657565966248495 2.4640949070453635 4.6817803233861914 348.05340562015772 2.4640949070453644 2.5872996523976326 204.27346779406071 19.712759256362915 7.3922847211360887
leaf_count=949 2061 58 791 249 60 300 23 647 379 21646 94 93 72 116 172 53 22 3219 120 177 1223 33 20 38 2825 20 21 1658 160 60
internal_value=-1.78313 -2.17824 2.81117 1.65546 3.54577 0.44797 2.12689 -0.217828 1.05682 -2.5897 -1.87585 -1.72773 1.84047 0.234918 -0.850484 1.43798 4.48475 -2.67571 0.385569 -2.07045 -2.16481 -0.124937 3.55829 0.865158 -2.39931 2.92627 2.4598 -2.24411 -1.38349 -1.44688
internal_weight=0 4232.82 369.984 410.272 159.92 250.352 71.0891 179.263 99.5494 3822.55 411.011 116.059 20.452 42.9985 31.4172 28.7067 39.6719 3411.54 22.1769 390.559 368.752 13.7989 49.1587 18.6039 744.649 7.14588 6.65306 354.953 50.3907 28.5835
internal_count=37359 34356 3003 3330 1298 2032 577 1455 808 31026 3336 942 166 349 255 233 322 27690 180 3170 2993 112 399 151 6044 58 54 2881 409 232
is_linear=0
shrinkage=1


Tree=58
num_leaves=31
num_cat=0
split_feature=10 36 46 8 34 35 40 35 35 14 35 34 20 49 35 34 6 9 38 9 38 4 6 49 40 35 9 14 35 6
split_gain=8314.13 6605.94 3538.93 972.775 719.735 259.402 544.955 364.799 615.788 221.606 263.271 143.282 137.724 107.849 117.508 77.396 72.404 63.1913 63.8639 62.1086 57.4111 53.2915 47.7487 42.4811 40.954 51.8435 39.6031 32.6801 34.1473 30.2875
threshold=1.5567621339366637 3.5000000000000004 10.500000000000002 -0.65580943308990325 0.98315077617897428 3.9838366311905671 0.48000000000000004 1.9918600874976942 0.022569304056737946 -1.0959449678051614 4.9911352451072073 0.019980506277424138 3.0370677020790411 14.500000000000002 3.9940247876605377 1.0059275987405019 -0.63379680683099093 0.14410075192778152 76.500000000000014 0.22308993566552213 310.50000000000006 2.9304020944050824 -0.78137799809396824 11.500000000000002 0.41500000000000004 4.9872545186960853 1.4906560138589964 0.9339492431873897 4.9930976831809817 -0.11511984611331834
decision_type=2 2 2 2 2 2 2 2 2 2 2 2 2 2 2 2 2 2 2 2 2 2 2 2 2 2 2 2 2 2
left_child=1 3 -2 4 -1 7 15 8 -5 10 19 -12 -4 14 20 -7 -8 -11 -19 -3 29 22 -21 -10 -14 -26 27 28 -20 -6
right_child=2 9 12 5 13 6 16 -9 23 17 11 -13 24 -15 -16 -17 -18 18 26 21 -22 -23 -24 -25 25 -27 -28 -29 -30 -31
leaf_value=4.8224944701278512 4.8716226857257281 -2.428465606352479 -2.2142783680095621 -1.4527992680376429 0.81009449253798427 4.8667245092290941 3.8125656889948809 -1.776630823485231 3.8648824416743253 -2.7832169169892715 4.0058173672597652 -1.3730210111129078 -0.33299450604220171 -2.0792148161221968 5.0092395428659087 -0.9221004284948392 -1.3591465316477365 -2.7127452171641613 -2.2530733476481717 -1.8818300469049174 1.9978852955319215 1.269373603028974 0.25970791166350504 -0.12808809823258804 5.1653274368490862 -0.63222291109750994 -0.82926383795582514 -2.7030503990169463 -1.2888129505035093 -2.2653356851669728
leaf_weight=116.674893848598 251.95370424538851 221.89174637943506 100.4118674620986 48.049850687384605 5.0513945594429979 36.838218860328197 2.9569138884544364 85.134479038417339 44.600117817521095 2202.0384136810899 11.21163182705641 8.87074166536331 11.458041317760946 14.907774187624453 6.4066467583179465 2.4640949070453635 32.033233791589737 654.09399307519197 359.51144693791866 145.87441849708557 10.102789118885992 6.1602372676134101 11.211631827056406 2.8337091431021681 3.8193471059203139 2.5872996523976326 18.850326038897038 149.07774187624454 40.903975456953049 8.7475369200110471
leaf_count=947 2045 1801 815 390 41 299 24 691 362 17873 91 72 93 121 52 20 260 5309 2918 1184 82 50 91 23 31 21 153 1210 332 71
internal_value=-1.78313 -2.18779 2.75331 1.59288 3.50989 0.375413 1.94831 -0.271557 1.07039 -2.59926 -1.89996 1.62989 -1.75912 0.12288 1.20602 4.50379 -0.9221 -2.682 -2.49969 -2.08402 0.186606 -1.61584 -1.72898 3.62634 0.799172 2.82401 -2.25448 -2.30337 -2.15457 -1.13951
internal_weight=0 4246.5 370.23 416.802 161.891 254.911 74.2925 180.618 95.4837 3829.7 405.22 20.0824 118.277 45.2161 30.3084 39.3023 34.9901 3424.48 1222.44 385.138 23.9017 163.246 157.086 47.4338 17.8647 6.40665 568.343 549.493 400.415 13.7989
internal_count=37472 34467 3005 3383 1314 2069 603 1466 775 31084 3289 163 960 367 246 319 284 27795 9922 3126 194 1325 1275 385 145 52 4613 4460 3250 112
is_linear=0
shrinkage=1


Tree=59
num_leaves=31
num_cat=0
split_feature=10 36 46 2 46 35 35 48 35 6 35 36 46 49 35 0 38 9 35 6 1 6 25 2 38 38 6 9 49 31
split_gain=8479.84 6593.59 3500.41 800.653 694.336 241.961 477.73 370.119 610.873 231.517 279.872 131.286 130.908 121.492 123.278 111.681 92.9651 69.4459 68.6559 66.1511 87.7915 67.0505 56.0185 138.934 55.4519 44.9977 38.3049 35.7862 33.8839 31.6287
threshold=1.5567621339366637 3.5000000000000004 10.500000000000002 -0.56666727637951553 7.0000000000000009 3.9838366311905671 4.9815225985080049 21.500000000000004 0.98846058370447454 -0.76476546117687028 4.0192542007366283 3.5000000000000004 7.0000000000000009 14.500000000000002 3.9915476583191869 -0.60431314043427709 236.50000000000003 0.14410075192778152 3.001148002981227 -1.1961339953951045 -0.039547896768107473 -0.78137799809396824 2.5402804767878782 -0.78888807744659928 76.500000000000014 479.50000000000006 0.6551983324215761 1.0002313641118341 14.500000000000002 -0.2966508931047705
decision_type=2 2 2 2 2 2 2 2 2 2 2 2 2 2 2 2 2 2 2 2 2 2 2 2 2 2 2 2 2 2
left_child=1 3 -2 4 22 7 -7 8 -5 10 19 18 -12 14 16 -8 -6 -11 -4 20 -3 -21 -1 -24 -19 -22 27 -26 -20 -17
right_child=2 9 11 5 13 6 15 -9 -10 17 12 -13 -14 -15 -16 29 -18 24 28 21 25 -23 23 -25 26 -27 -28 -29 -30 -31
leaf_value=4.7742823252484579 4.8606630971013631 -2.79515515629297 -0.78682425370941889 -1.3404803505116039 -1.51890708195993 4.4396737840266312 5.1653274368490862 -1.7810626426231231 3.7903892668989103 -2.7827047180846551 3.956476513234688 -2.1425810460238179 -1.255243246996248 -2.2537252740388229 5.0121845974693651 0.50581474979570973 2.2604495782990028 -2.6857549250591566 4.726593897004479 -2.2515883399634724 4.1247414769612387 -0.37769631045595164 4.7997161536452451 -0.73763291742381121 -2.2534923177312156 -0.51627190413857793 -2.6892068763576575 -1.535694892183983 0.4826906173537584 -1.9754804780534418
leaf_weight=104.84723829478025 256.01946084201336 6.4066467583179483 12.936498261988165 47.803441196680069 14.66136469691992 37.207833096385002 2.8337091431021681 80.329493969678879 45.092936798930168 2207.2130129858851 11.581246063113214 100.16545797139406 8.2547179386019689 15.77020740509033 6.5298515036702147 6.6530562490224865 11.704450808465479 651.62989816814661 4.5585755780339232 347.31417714804411 4.804985068738457 20.205578237771988 13.675726734101774 6.7762609943747512 335.36331684887409 3.6961423605680466 152.65067949146032 87.598573945462704 3.2033233791589737 22.546468399465084
leaf_count=851 2078 52 105 388 119 302 23 652 366 17915 94 813 67 128 53 54 95 5289 37 2819 39 164 111 55 2722 30 1239 711 26 183
internal_value=-1.78313 -2.1824 2.76671 1.59692 3.23391 0.422413 2.00246 -0.209158 1.1501 -2.5926 -1.87483 -1.66881 1.78762 0.0282575 1.12224 -0.828448 0.158845 -2.67667 0.623913 -2.0648 0.000237127 -2.14857 4.47897 2.96505 -2.48597 2.10691 -2.25981 -2.10483 2.97514 -1.41012
internal_weight=0 4253.15 376.883 416.432 173.965 242.467 69.2411 173.226 92.8964 3836.72 402.263 120.864 19.836 48.6659 32.8957 32.0332 26.3658 3434.46 20.6984 382.428 14.9078 367.52 125.299 20.452 1227.24 8.50113 575.613 422.962 7.7619 29.1995
internal_count=37580 34521 3059 3380 1412 1968 562 1406 754 31141 3265 981 161 395 267 260 214 27876 168 3104 121 2983 1017 166 9961 69 4672 3433 63 237
is_linear=0
shrinkage=1


Tree=60
num_leaves=31
num_cat=0
split_feature=10 36 46 8 34 14 35 35 40 35 35 34 20 0 49 35 34 20 6 14 10 14 49 35 6 9 9 3 9 14
split_gain=8497.2 6466.04 3553.62 914.28 705.598 243.21 255.214 205.499 524.209 417.346 573.224 158.089 123.727 117.052 104.41 109.241 85.2048 76.887 76.6257 65.6375 88.2507 56.558 50.251 49.8815 39.9009 32.8218 32.357 30.73 29.7886 26.314
threshold=1.5567621339366637 3.5000000000000004 10.500000000000002 -0.65580943308990325 0.98250612249085345 -1.0959449678051614 4.0192542007366283 3.9838366311905671 0.48000000000000004 1.9918600874976942 0.98012222656293002 0.019980506277424138 3.0370677020790411 -0.60431314043427709 14.500000000000002 3.9915476583191869 1.0078267137703094 -0.0071177398359157686 -0.78137799809396824 -2.535449313321108 -1.0000000180025095e-35 0.078441340761672543 11.500000000000002 3.001148002981227 -0.63379680683099093 0.12707741935642466 0.33264704448066745 1.0813729357722868 1.438366478306347 0.085064421622438102
decision_type=2 2 2 2 2 2 2 2 2 2 2 2 2 2 2 2 2 2 2 2 2 2 2 2 2 2 2 2 2 2
left_child=1 3 -2 4 -1 6 18 9 16 10 29 -8 -4 -10 15 21 -9 -7 19 20 -3 -6 -12 -14 -15 -21 -20 -22 -19 -5
right_child=2 5 12 7 14 17 11 8 13 -11 22 -13 23 24 -16 -17 -18 28 26 25 27 -23 -24 -25 -26 -27 -28 -29 -30 -31
leaf_value=4.7730119997699934 4.8657224859820474 -2.4101383511344654 -2.1853411783292813 -0.3903999554077584 2.213847259712634 -2.7507528963230854 3.9692012597990498 4.749803350477487 5.1653274368490862 -1.786639964275748 4.0122770333856126 -1.4481744415492526 -0.59481936046559625 2.3245277663552484 -2.1881466796917239 4.9926344477613149 -1.3279289528511009 -2.4151718832195042 -1.2119779458921691 -2.5114036918055929 0.29538514457394638 -1.100095395317761 -0.24571955456773642 2.8681848461532651 -1.8645055791966185 -1.9017400569141243 1.3457648546725054 4.6055639549783791 -1.2584823604478903 -1.8716991923826436
leaf_weight=114.70361792296171 257.0050988048315 7.3922847211360931 100.53507220745087 23.039287380874157 8.1315131932497078 2743.2768600136042 11.704450808465483 36.098990388214588 2.8337091431021681 84.148841075599194 44.230503581464291 9.979584373533724 11.458041317760946 2.464094907045367 14.41495520621538 5.7906230315566054 2.4640949070453635 662.22550626844168 12.074065044522287 195.52593087404966 3.0801186338067037 14.045340970158575 2.9569138884544364 6.5298515036702147 29.445934139192104 161.02860217541456 8.3779226839542371 3.5729376152157784 23.039287380874157 25.010563306510448
leaf_count=931 2086 60 816 187 66 22266 95 293 23 683 359 81 93 20 117 47 20 5375 98 1587 25 114 24 53 239 1307 68 29 187 203
internal_value=-1.78313 -2.18579 2.77669 1.59023 3.48472 -2.5886 -1.86338 0.412523 1.82321 -0.163959 1.26979 1.47598 -1.75316 -0.994056 -0.00190784 1.12492 4.36145 -2.67591 -2.04855 -2.15254 -0.0321256 0.115017 3.74546 0.662299 -1.54103 -2.23606 -0.164228 2.61011 -2.37628 -1.16144
internal_weight=0 4251.06 375.528 409.779 157.086 3841.28 412.736 252.693 73.3068 179.386 95.2373 21.684 118.523 34.7437 42.3824 27.9675 38.5631 3428.54 391.052 370.6 14.0453 22.1769 47.1874 17.9879 31.91 356.555 20.452 6.65306 685.265 48.0499
internal_count=37552 34504 3048 3326 1275 31178 3350 2051 595 1456 773 176 962 282 344 227 313 27828 3174 3008 114 180 383 146 259 2894 166 54 5562 390
is_linear=0
shrinkage=1


Tree=61
num_leaves=31
num_cat=0
split_feature=1 36 46 8 34 35 35 35 35 14 35 34 9 49 35 0 34 38 9 6 14 7 38 49 6 35 49 38 35 49
split_gain=8232.95 6595.52 3381.29 915.358 723.786 263.704 512.798 399.072 576.552 258.941 287.01 160.278 148.718 105.733 109.879 101.969 83.7389 81.3184 79.2938 77.8628 60.7564 107.192 56.0971 47.099 46.5837 43.3093 50.826 39.4282 38.726 38.3218
threshold=1.5373033721667195 3.5000000000000004 10.500000000000002 -0.65580943308990325 0.99419956017618649 3.9838366311905671 4.9815225985080049 1.9918600874976942 0.98333340230330457 -1.0959449678051614 4.0192542007366283 0.012247426097250042 1.20733357875903 14.500000000000002 3.9915476583191869 -0.60431314043427709 1.0026464741153509 332.50000000000006 0.14410075192778152 -0.78137799809396824 -2.535449313321108 -1.2102196628959352 76.500000000000014 11.500000000000002 -0.63379680683099093 0.99069191928338418 11.500000000000002 78.500000000000014 3.0021726557550323 14.500000000000002
decision_type=2 2 2 2 2 2 2 2 2 2 2 2 2 2 2 2 2 2 2 2 2 2 2 2 2 2 2 2 2 2
left_child=1 3 -2 4 -1 7 16 8 -5 10 19 -12 -4 14 17 -8 -7 -6 -11 20 21 -3 -20 -10 -17 -14 -27 -24 -28 -30
right_child=2 9 12 5 13 6 15 -9 23 18 11 -13 25 -15 -16 24 -18 -19 22 -21 -22 -23 27 -25 -26 26 28 -29 29 -31
leaf_value=4.7739624028786869 4.741820408080943 -2.9512430502761475 -2.2161574212534849 -1.2370564079570778 -1.3004151545896596 4.8667245092290941 5.1653274368490862 -1.8002089314879199 3.9252958346493978 -2.7863199924826016 4.2925779221044351 -1.2646829490553197 -1.9366717393854933 -2.2009718287771762 4.9926344477613149 2.5827822818546879 -1.0187262676272826 2.6679211331182451 -2.6684251202264484 -0.18423038421072713 -2.2144075241052974 2.7013685389717841 -0.086571113643712172 -0.36869789528175501 -1.7608127121644466 4.6416777280022909 -1.3279289528511007 -2.2720470095134226 4.5640999933583259 -0.15242564092261923
leaf_weight=117.53732706606388 257.37471304088831 6.5298515036702156 97.947772555053234 48.41946492344141 14.538159951567655 36.838218860328197 2.5872996523976317 84.272045820951462 44.353708326816559 2207.0898082405329 11.458041317760946 9.4867653921246511 4.9281898140907314 14.661364696919916 5.7906230315566054 2.7105043977499035 2.5872996523976317 8.0083084478974325 657.66693069040775 21.684035181999207 351.50313849002123 6.8994657397270185 8.3779226839542371 2.7105043977498999 27.721067704260349 3.8193471059203175 6.1602372676134092 562.42966253310442 3.3265281245112419 3.5729376152157784
leaf_count=954 2089 53 795 393 118 299 21 684 360 17914 93 77 40 119 47 22 21 65 5338 176 2853 56 68 22 225 31 50 4565 27 29
internal_value=-1.78313 -2.17561 2.69933 1.62311 3.48969 0.434957 2.04569 -0.214195 1.18559 -2.58357 -1.82994 1.77547 -1.69034 -0.0209053 1.10704 -0.861529 4.48049 0.109103 -2.67298 -2.02526 -2.13465 -0.047149 -2.46934 3.678 -1.37393 0.671407 1.43289 -2.23997 0.494471 2.12161
internal_weight=0 4255.86 377.13 412.736 160.536 252.2 72.4444 179.756 95.4837 3843.13 407.561 20.9448 119.755 42.9985 28.3371 33.0189 39.4255 22.5465 3435.56 386.616 364.932 13.4293 1228.47 47.0642 30.4316 21.8072 16.8791 570.808 13.0597 6.89947
internal_count=37604 34543 3061 3350 1303 2047 588 1459 775 31193 3308 170 972 349 230 268 320 183 27885 3138 2962 109 9971 382 247 177 137 4633 106 56
is_linear=0
shrinkage=1


Tree=62
num_leaves=31
num_cat=0
split_feature=10 36 34 8 34 14 35 35 40 35 35 34 36 49 35 34 20 6 20 14 49 38 6 20 6 15 35 35 38 32
split_gain=8472.5 6591.79 3514.22 967.51 640.091 262.415 315.18 229.428 516.455 377.135 610.058 156.166 108.306 105.441 100.705 87.4993 77.0228 75.0185 71.7333 61.4392 58.9803 56.8377 55.9109 49.7524 45.8796 37.9269 37.8317 64.2366 36.7633 30.5602
threshold=1.5567621339366637 3.5000000000000004 0.025492134796252647 -0.65580943308990325 0.98250612249085345 -1.0959449678051614 4.0192542007366283 3.9838366311905671 0.48000000000000004 1.994600120183083 0.022569304056737946 0.012247426097250042 3.5000000000000004 14.500000000000002 3.9915476583191869 1.0085018677699751 -0.041026303203123761 -0.63379680683099093 0.12152110051028357 0.078441340761672543 11.500000000000002 76.500000000000014 -1.1443219107003644 0.52419073147062967 -0.79167579095138085 -0.61070039339384097 3.001148002981227 4.9996410031813241 507.50000000000006 0.72048499002512278
decision_type=2 2 2 2 2 2 2 2 2 2 2 2 2 2 2 2 2 2 2 2 2 2 2 2 2 2 2 2 2 2
left_child=1 3 -2 4 -1 6 18 9 15 10 -5 -8 26 14 19 -9 -7 -10 -3 -6 -12 -18 23 -20 -24 -19 -4 -28 -21 -26
right_child=2 5 12 7 13 16 11 8 17 -11 20 -13 -14 -15 -16 -17 21 25 22 28 -22 -23 24 -25 29 -27 27 -29 -30 -31
leaf_value=4.7908504723143386 4.8683320795926983 -2.2813468616763992 -0.68445309441234392 -1.3680107824171515 2.4232428128202876 -2.7568900204116265 4.1409059190565793 4.8317697455973638 3.4860369912369684 -1.7744009916047758 3.8371613571376839 -1.3507925316880733 -2.2162366672247034 -1.9631388170609019 4.9996831411934695 -1.3279289528511009 -2.6505372851377049 0.93794697480469202 -1.3279289528511007 -2.2350750661180387 -0.6786033138810823 -2.0988309446622173 -1.8030452740486755 3.4103932774706562 -1.1867712052489228 -1.869033651992783 4.6878821140770137 -1.3279289528511011 1.1070421932864691 2.1958504293642438
leaf_weight=114.82682266831398 255.89625609666109 295.56818410009146 13.675726734101774 49.897921867668629 9.1171511560678535 2680.6888493746519 12.690088771283628 35.97578564286232 3.5729376152157775 82.423974640667439 47.433826960623264 8.7475369200110418 95.237268157303333 14.168545715510843 6.0370325222611418 2.4640949070453635 402.386698320508 5.9138277769088772 4.3121660873293859 8.3779226839542371 3.0801186338067046 348.42301985621452 75.770918391644955 4.5585755780339241 5.6674182862043363 25.872996523976326 4.1889613419771186 3.0801186338067055 5.4210087954998007 5.051394559442997
leaf_count=932 2077 2399 111 405 74 21758 103 292 29 669 385 71 773 115 49 20 3266 48 35 68 25 2828 615 37 46 210 34 25 44 41
internal_value=-1.78313 -2.17843 2.79755 1.60996 3.55721 -2.58703 -1.8333 0.411503 1.89973 -0.189203 1.11202 1.90004 -1.76345 0.272195 1.36608 4.43692 -2.6776 -0.858469 -2.03803 0.408843 3.56181 -2.39451 -1.28389 1.10704 -1.52911 -1.3468 0.295385 2.13881 -0.9221 0.407338
internal_weight=0 4258.45 372.078 414.584 157.948 3843.86 412.366 256.635 73.7996 182.836 100.412 21.4376 116.182 43.1217 28.9531 38.4399 3431.5 35.3598 390.929 22.9161 50.5139 750.81 95.3605 8.87074 86.4897 31.7868 20.9448 7.26908 13.7989 10.7188
internal_count=37584 34564 3020 3365 1282 31199 3347 2083 599 1484 815 174 943 350 235 312 27852 287 3173 186 410 6094 774 72 702 258 170 59 112 87
is_linear=0
shrinkage=1


Tree=63
num_leaves=31
num_cat=0
split_feature=10 36 34 8 34 35 35 35 35 14 35 34 0 9 49 35 34 20 6 14 23 6 35 49 14 3 9 6 9 31
split_gain=8347.58 6598.28 3457.7 992.153 656.836 262.474 488.705 356.443 635.947 241.846 329.756 151.477 128.572 114.81 107.06 107.024 80.5654 72.3854 60.8856 64.4984 103.786 60.3976 55.7612 48.023 39.5231 38.0484 30.3877 27.7954 27.4996 26.0585
threshold=1.5567621339366637 3.5000000000000004 0.97876046947238315 -0.65580943308990325 0.98250612249085345 3.9838366311905671 4.9815225985080049 1.9901632040455903 0.022569304056737946 -1.0959449678051614 4.0192542007366283 0.012247426097250042 -0.60431314043427709 1.4906560138589964 14.500000000000002 3.9940247876605377 1.0054362205502339 1.0000000180025095e-35 -0.78137799809396824 -2.535449313321108 -1.736621310751729 -0.11511984611331834 3.9886620121395393 11.500000000000002 -0.48434266572258294 1.0813729357722868 1.438366478306347 -0.1203143631746262 0.65764144634191202 -0.41270879167816016
decision_type=2 2 2 2 2 2 2 2 2 2 2 2 2 2 2 2 2 2 2 2 2 2 2 2 2 2 2 2 2 2
left_child=1 3 -2 4 -1 7 16 8 27 10 18 -12 -8 -4 15 21 -7 -11 19 20 -3 -6 -15 -10 -14 -22 -19 -5 -21 -9
right_child=2 9 13 5 14 6 12 29 23 17 11 -13 24 22 -16 -17 -18 26 -20 28 25 -23 -24 -25 -26 -27 -28 -29 -30 -31
leaf_value=4.783271294672689 4.8568028276893553 -2.818184517700324 -2.1109160205494182 -0.63870062098348335 2.3856800097514022 4.7553996344690237 5.1653274368490862 -0.8177445222318005 3.9696853254312048 -2.7467402394784273 4.3963891801740624 -1.0610827998497232 1.4997794749215581 -0.69093228170962684 -1.9800294877141538 5.0061789959250618 -1.0187262676272826 -2.4209686189042952 -0.40580970224279045 -2.404264758742154 0.24619380828833859 -0.92210042849483942 3.1775958889816822 -0.36869789528175501 -1.9463343232987378 4.6416777280022954 -1.2493814965240824 -2.1584617468825202 -1.7531385789494127 -2.0918414692864169
leaf_weight=117.78373655676842 252.81613746285439 7.5154894664883614 101.15109593421221 22.053649418056011 8.9939464107155818 36.591809369623661 3.2033233791589728 21.560830436646938 43.491275109350681 2738.3486701995134 11.704450808465483 8.9939464107155782 3.8193471059203175 9.7331748828291875 14.41495520621538 6.2834420129656783 2.5872996523976317 652.49233138561249 20.821601964533329 272.40569197386503 4.0657565966248495 14.291750460863115 6.0370325222611418 2.7105043977498999 25.872996523976326 3.8193471059203148 22.916082635521889 26.489020250737667 85.134479038417339 62.834420129656792
leaf_count=956 2052 61 821 179 73 297 26 175 353 22226 95 73 31 79 117 51 21 5296 169 2211 33 116 49 22 210 31 186 215 691 510
internal_value=-1.78313 -2.17717 2.77715 1.62038 3.5519 0.376591 1.98807 -0.27177 1.05955 -2.58684 -1.86549 2.02499 -0.853702 -1.71965 0.254461 1.34378 4.37409 -2.67442 -2.07 -2.16291 -0.159143 0.355508 0.789989 3.71517 -1.50306 2.37526 -2.38122 -1.46801 -2.24922 -1.76634
internal_weight=0 4241.2 369.737 412.982 161.768 251.214 72.0748 179.14 94.7444 3828.22 414.461 20.6984 32.8957 116.921 43.9841 29.5691 39.1791 3413.76 393.762 372.941 15.4006 23.2857 15.7702 46.2018 29.6923 7.8851 675.408 48.5427 357.54 84.3953
internal_count=37425 34424 3001 3352 1313 2039 585 1454 769 31072 3364 168 267 949 357 240 318 27708 3196 3027 125 189 128 375 241 64 5482 394 2902 685
is_linear=0
shrinkage=1


Tree=64
num_leaves=31
num_cat=0
split_feature=10 36 46 8 46 35 40 35 35 14 35 46 20 0 46 6 20 14 7 14 35 33 3 1 14 32 6 35 14 46
split_gain=8228.35 6343.44 3507.85 929.048 704.639 265.457 544.581 352.598 625.542 242.467 274.136 140.029 123.316 120.334 83.3611 82.6914 80.3131 77.8025 101.239 70.78 52.4003 31.8534 30.7189 29.2933 29.0938 28.1144 26.3168 24.9424 24.4376 23.611
threshold=1.5567621339366637 3.5000000000000004 10.500000000000002 -0.65580943308990325 7.0000000000000009 3.9838366311905671 0.48000000000000004 1.9924916860283506 0.022569304056737946 -1.0959449678051614 4.9911352451072073 7.0000000000000009 3.0370677020790411 -0.59800622911466672 17.000000000000004 -0.78137799809396824 -0.041026303203123761 -2.535449313321108 -1.2102196628959352 0.078441340761672543 3.001148002981227 -0.3099752188619127 0.75414030201299298 0.52422838310736297 -0.30305610078500778 0.75617479883406913 1.303759134596902 4.9872545186960853 0.085064421622438102 13.500000000000002
decision_type=2 2 2 2 2 2 2 2 2 2 2 2 2 2 2 2 2 2 2 2 2 2 2 2 2 2 2 2 2 2
left_child=1 3 -2 4 26 7 29 8 -5 10 15 -12 -4 -8 19 17 -11 18 -3 -6 -14 -19 -20 -21 -15 -17 -1 -22 -9 -7
right_child=2 9 12 5 14 6 13 28 -10 16 11 -13 20 24 -16 25 -18 21 22 23 27 -23 -24 -25 -26 -27 -28 -29 -30 -31
leaf_value=4.8167082198910638 4.8218733354969974 -2.6761050676617328 -2.1600971905202586 -1.4108720089239135 2.7634851498426398 4.8567125894298755 5.1653274368490862 -1.1913394171454335 3.6955700783696521 -2.7544618639709997 3.7991720083230547 -1.4438799598100327 -0.67130752018479023 0.63514856031407008 -2.4563302156953406 -0.84694699805849472 -2.3831905492744974 -2.4930129668777976 -0.029277674911063034 -0.89269256441105227 4.2634862716129494 -1.8710621607055917 3.9775366338551486 1.7114676550936674 -1.9319528030557693 1.7114676550936674 1.5128707176427307 0.29538514457394505 -2.2695363426960755 2.8041432951399274
leaf_weight=111.86990877985954 253.30895644426346 7.269079975783824 102.38314338773489 50.637150339782238 12.074065044522284 32.402848027646542 2.9569138884544364 38.07026631385088 45.585755780339241 2678.1015497222543 12.443679280579092 8.6243321746587736 10.965222336351873 5.2978040501475361 10.102789118885992 16.632640622556213 744.64948090910912 220.41328943520784 3.0801186338067037 17.002254858613018 4.435370832681655 131.45946329087019 5.051394559442997 5.7906230315566054 26.489020250737667 5.7906230315566054 2.4640949070453635 2.4640949070453644 46.941007979214191 6.7762609943747512
leaf_count=908 2056 59 831 411 98 263 24 309 370 21737 101 70 89 43 82 135 6044 1789 25 138 36 1067 41 47 215 47 20 20 381 55
internal_value=-1.78313 -2.18476 2.71055 1.53169 3.42651 0.348686 1.94575 -0.302736 1.00831 -2.58656 -1.86059 1.65289 -1.73708 -0.936492 0.0730134 -2.05054 -2.67369 -2.16436 0.0356549 0.805897 0.68722 -2.26065 2.4598 -0.231095 -1.5041 -0.186257 4.7455 2.84631 -1.78669 4.50171
internal_weight=0 4247.98 373.557 414.461 159.304 255.157 73.9228 181.234 96.2229 3833.52 410.765 21.068 120.248 34.7437 44.9697 389.697 3422.75 367.273 15.4006 34.8669 17.8647 351.873 8.13151 22.7929 31.7868 22.4233 114.334 6.89947 85.0113 39.1791
internal_count=37511 34479 3032 3364 1293 2071 600 1471 781 31115 3334 171 976 282 365 3163 27781 2981 125 283 145 2856 66 185 258 182 928 56 690 318
is_linear=0
shrinkage=1


Tree=65
num_leaves=31
num_cat=0
split_feature=22 36 46 8 34 14 35 35 35 35 35 9 34 0 49 35 20 20 38 38 6 34 14 20 35 49 35 35 6 6
split_gain=8116.81 6376.13 3213.39 1041.03 675.837 257.542 281.596 252.479 547.536 342.336 575.937 153.296 138.754 111.148 105.79 102.588 86.9938 86.1204 71.2467 63.5016 63.3194 55.6157 46.244 45.9027 42.7107 41.1083 60.8249 44.3132 39.5515 33.0967
threshold=-0.59203641594196876 3.5000000000000004 10.500000000000002 -0.65580943308990325 0.98250612249085345 -1.0959449678051614 4.0192542007366283 3.9838366311905671 4.0280457769682547 1.9918600874976942 0.98333340230330457 1.20733357875903 0.012247426097250042 -0.60431314043427709 14.500000000000002 3.9915476583191869 0.12152110051028357 -0.017215820868852209 310.50000000000006 76.500000000000014 -1.1443219107003644 1.0026464741153509 -0.30305610078500778 0.52419073147062967 0.99069191928338418 11.500000000000002 3.0021726557550323 4.9872545186960853 -0.37617802303283537 -0.79167579095138085
decision_type=2 2 2 2 2 2 2 2 2 2 2 2 2 2 2 2 2 2 2 2 2 2 2 2 2 2 2 2 2 2
left_child=2 3 -1 4 -2 6 16 9 21 10 -5 -4 -8 -10 15 18 -3 -7 28 -19 23 -9 -15 -18 -13 -26 -27 -28 -6 -22
right_child=1 5 11 7 14 17 12 8 13 -11 -12 24 -14 22 -16 -17 20 19 -20 -21 29 -23 -24 -25 25 26 27 -29 -30 -31
leaf_value=4.7387689682231526 4.7971707586356001 -2.2945293825441437 -2.1354022023434567 -1.324007904306596 1.9186992419989906 -2.7482005121262612 4.1066443298327497 4.8014811736331273 5.1653274368490862 -1.773589864377465 3.5958248564657538 -1.7917329806868285 -1.0235575595839046 1.2014209198809487 -2.1468982272277009 4.9926344477613149 -1.1250146906729699 -2.637105191528661 2.3245277663552546 -2.0330789680221617 -1.7106615449269249 -0.11044337978231589 -2.0289054949210072 3.0479612228164159 4.3798528735788969 -1.4755029617079232 4.5245455562865668 -0.63222291109750994 -2.1689230033243176 0.21619909104101676
leaf_weight=250.84486153721809 116.79809859395027 292.36486072093248 95.606882393360138 51.006764575839043 3.0801186338067064 2728.492290571332 11.334836572408678 35.729376152157784 2.7105043977498999 86.612935982644558 44.600117817521095 5.1745993047952679 9.8563796281814557 5.2978040501475325 13.675726734101771 5.7906230315566054 4.928189814090727 372.44794519990683 9.8563796281814557 326.73898467421532 75.770918391644955 2.4640949070453635 27.105043977499008 5.6674182862043381 3.8193471059203175 6.7762609943747503 4.6817803233861923 2.5872996523976326 10.225993864238266 10.102789118885992
leaf_count=2036 948 2373 776 414 25 22146 92 290 22 703 362 42 80 43 111 47 40 3023 80 2652 615 20 220 46 31 55 38 21 83 82
internal_value=-1.78313 -2.17573 2.7106 1.54806 3.5533 -2.57836 -1.82936 0.296951 1.86413 -0.333526 0.971069 -1.57741 1.7205 -0.986179 0.145252 1.22793 -2.02283 -2.66796 0.28675 -2.35484 -1.19939 4.48458 -1.50075 1.10704 0.738107 1.47089 0.679854 2.68909 -1.22271 -1.48397
internal_weight=0 4252.66 369.491 414.954 159.427 3837.7 410.025 255.527 73.3068 182.22 95.6069 118.646 21.1912 35.1134 42.6288 28.9531 388.834 3427.68 23.1625 699.187 96.4693 38.1935 32.4028 10.5956 23.0393 17.8647 14.0453 7.26908 13.3061 85.8737
internal_count=37516 34517 2999 3368 1294 31149 3328 2074 595 1479 776 963 172 285 346 235 3156 27821 188 5675 783 310 263 86 187 145 114 59 108 697
is_linear=0
shrinkage=1


Tree=66
num_leaves=31
num_cat=0
split_feature=10 36 34 8 34 14 35 35 40 40 35 34 49 20 35 34 6 1 9 6 35 6 14 38 15 35 14 38 34 22
split_gain=8538.99 6385.72 3528.08 947.523 654.346 250.596 293.994 232.259 537.202 372.959 589.635 122.058 115.283 114.709 103.801 88.1916 81.3516 93.5765 74.244 72.7835 63.2315 59.9778 58.9932 55.4357 44.719 41.658 39.5897 39.1801 38.5484 33.5927
threshold=1.5567621339366637 3.5000000000000004 0.97080071687031355 -0.65580943308990325 0.98631153803449922 -1.0959449678051614 4.9930976831809817 3.9838366311905671 0.48000000000000004 0.20500000000000004 0.98012222656293002 0.019980506277424138 14.500000000000002 3.0370677020790411 3.9971446703843951 1.0075957483024804 -1.1961339953951045 -0.039547896768107473 0.26599603547138922 -0.78137799809396824 3.001148002981227 -0.63379680683099093 0.078441340761672543 76.500000000000014 -0.61070039339384097 4.9872545186960853 0.9339492431873897 507.50000000000006 1.0137496986605754 -0.55887660665485639
decision_type=2 2 2 2 2 2 2 2 2 2 2 2 2 2 2 2 2 2 2 2 2 2 2 2 2 2 2 2 2 2
left_child=1 3 -2 4 -1 6 16 9 15 10 -5 -8 14 -4 22 -9 17 -3 -7 -18 -15 -10 -6 -20 -23 -22 -25 -24 -12 -19
right_child=2 5 13 7 12 18 11 8 21 -11 28 -13 -14 20 -16 -17 19 29 23 -21 25 24 27 26 -26 -27 -28 -29 -30 -31
leaf_value=4.7385978726118152 4.8696134593699307 -2.7821478317943713 -2.1801688539992505 -1.3364279795391902 2.4216979764123838 -2.7742645638992087 4.030753067681041 4.8574575218201979 2.8089037470385341 -1.7781912572463694 3.9584904256438769 -1.0129575608134052 -2.1258291024329035 -0.94391916636345574 5.1653274368490862 -1.3279289528511009 -2.2390648599016494 -0.6322229110975095 -2.6699402762190481 -0.36663680577258151 4.540975860916376 1.197226309810081 -2.1621320306945275 -2.0360297574175439 -1.9271897645173564 -0.51627190413857793 -2.6776507866651844 1.3002938715513557 -0.11044337978231589 3.6745287759485343
leaf_weight=114.82682266831398 257.0050988048315 5.9138277769088754 98.563796281814575 47.06421272456646 8.7475369200110489 2373.1698049753904 11.458041317760946 35.729376152157784 3.8193471059203139 84.39525056630373 42.259227655827999 8.2547179386019689 14.538159951567648 11.458041317760946 5.6674182862043372 2.4640949070453635 353.84402865171432 2.5872996523976317 558.11749644577503 22.053649418056011 4.8049850687384597 5.5442135408520725 8.87074166536331 357.29376152157784 26.365815505385399 2.4640949070453644 131.58266803622246 5.1745993047952643 2.4640949070453635 6.0370325222611401
leaf_count=932 2086 48 800 382 71 19262 93 290 31 685 343 67 118 93 46 20 2872 21 4530 179 39 45 72 2900 214 20 1068 42 20 49
internal_value=-1.78313 -2.18725 2.79555 1.57403 3.49259 -2.58783 -1.8492 0.363356 1.85106 -0.260855 1.13428 1.9187 0.165148 -1.7491 1.33543 4.4584 -2.03944 0.281628 -2.6764 -2.12921 0.519659 -0.936095 0.383132 -2.45458 -1.38434 2.82665 -2.20872 -0.886501 3.73431 2.3825
internal_weight=0 4238.24 374.296 407.931 157.825 3830.31 410.149 250.106 73.9228 176.183 91.7875 19.7128 42.9985 117.291 28.4603 38.1935 390.436 14.5382 3420.16 375.898 18.7271 35.7294 22.7929 1046.99 31.91 7.26908 488.876 14.0453 44.7233 8.62433
internal_count=37438 34400 3038 3311 1281 31089 3329 2030 600 1430 745 160 349 952 231 310 3169 118 27760 3051 152 290 185 8498 259 59 3968 114 363 70
is_linear=0
shrinkage=1


Tree=67
num_leaves=31
num_cat=0
split_feature=10 9 46 8 46 42 42 6 35 38 6 49 35 35 35 40 46 20 35 40 49 35 33 6 1 6 40 35 38 20
split_gain=8338.18 5020.39 3501.5 870.706 594.611 341.572 322.322 245.11 294.54 187.404 147.68 144.301 143.077 254.715 223.755 156.393 141.887 126.083 90.5207 127.238 89.7588 129.483 85.0668 79.1577 108.281 78.5014 69.5894 172.935 64.5758 58.3199
threshold=1.5567621339366637 1.20733357875903 10.500000000000002 -0.65580943308990325 7.0000000000000009 0.21875000000000003 0.84375000000000011 -0.76476546117687028 4.9850670265449741 156.50000000000003 -0.12546839527887141 14.500000000000002 3.0237255918335433 1.9831010132128057 0.98333340230330457 0.43500000000000005 7.0000000000000009 3.0370677020790411 3.987558560034262 0.43500000000000005 14.500000000000002 3.9858569701334869 1.0000000180025095e-35 -1.1961339953951045 -0.039547896768107473 -0.78137799809396824 0.13500000000000004 0.99319493646658463 236.50000000000003 0.4352925358712017
decision_type=2 2 2 2 2 2 2 2 2 2 2 2 2 2 2 2 2 2 2 2 2 2 2 2 2 2 2 2 2 2
left_child=1 5 -2 4 6 -1 29 8 23 10 18 12 13 14 -11 -14 -10 -4 26 -20 21 28 -9 24 -7 -25 27 -5 -6 -3
right_child=2 3 17 9 20 7 -8 22 16 11 -12 -13 15 -15 -16 -17 -18 -19 19 -21 -22 -23 -24 25 -26 -27 -28 -29 -30 -31
leaf_value=2.2763786193977316 4.8607582713965307 2.8961786985129994 -2.1455540680982752 -1.4651104258729359 -1.8120752626094481 -2.9512430502761475 -1.7764762692448637 -2.729207136975583 4.0175295901849104 -0.51096695610777676 -1.833930340814288 -1.6986858763370682 4.9414220441008023 -1.422436965372422 3.9793445346207417 -0.171595623178465 -1.3044026615840711 0.60601932371083733 4.631342536380318 -0.51627190413857749 -2.2537252740388229 4.4533475695573985 -2.2546803088405634 -2.2408274194044493 2.6213277319292381 -0.17722528885359945 -1.5551929264906075 3.3703166560425437 1.5029724609511146 4.6783332076215718
leaf_weight=14.538159951567648 252.81613746285439 22.916082635521889 100.53507220745087 17.495073840022091 14.045340970158582 6.0370325222611436 9.3635606467723829 2936.4619007259607 12.197269789874555 18.850326038897038 77.865399062633514 19.959168747067451 17.864688076078895 35.97578564286232 26.98183923214674 8.9939464107155782 8.5011274293065053 19.959168747067451 9.3635606467723864 9.8563796281814557 15.77020740509033 7.0226704850792876 433.55749889463186 347.68379138410091 8.2547179386019671 19.466349765658379 30.801186338067055 12.813293516635893 10.102789118885992 92.403559014201164
leaf_count=118 2052 186 816 142 114 49 76 23834 99 153 632 162 145 292 219 73 69 162 76 80 128 57 3519 2822 67 158 250 104 82 750
internal_value=-1.78313 -2.18307 2.74643 0.942355 2.72395 -2.56146 3.86603 -2.5801 -1.84218 -0.123692 -0.852566 0.772739 1.22667 0.569197 2.13252 3.22926 1.83174 -1.68977 0.0986952 1.99154 -0.30963 0.673945 -2.66816 -2.04154 0.267397 -2.13141 -0.496635 0.579135 -0.425168 4.32419
internal_weight=0 4245.14 373.31 458.445 171.624 3786.7 124.683 3772.16 402.14 286.821 158.195 128.626 108.667 81.808 45.8322 26.8586 20.6984 120.494 80.3295 19.2199 46.941 31.1708 3370.02 381.442 14.2918 367.15 61.1096 30.3084 24.1481 115.32
internal_count=37486 34456 3030 3721 1393 30735 1012 30617 3264 2328 1284 1044 882 664 372 218 168 978 652 156 381 253 27353 3096 116 2980 496 246 196 936
is_linear=0
shrinkage=1


Tree=68
num_leaves=31
num_cat=0
split_feature=10 36 34 8 34 35 35 35 35 14 35 34 0 20 34 38 34 20 20 6 20 35 6 34 38 35 31 6 14 6
split_gain=8514.04 6487.41 3414.74 984.629 637.838 265.357 452.359 416.254 593.642 224.532 293.628 139.012 113.402 112.459 97.9155 100.729 87.6407 78.2885 66.7723 64.1316 59.3591 51.1226 50.655 45.1599 43.7315 43.4806 42.3994 34.7523 31.771 27.4411
threshold=1.5567621339366637 3.5000000000000004 0.025492134796252647 -0.65580943308990325 0.98250612249085345 3.9838366311905671 4.9815225985080049 1.9918600874976942 0.022569304056737946 -1.0959449678051614 4.0192542007366283 0.012247426097250042 -0.60431314043427709 3.0370677020790411 1.012062357354049 76.500000000000014 1.0054362205502339 -0.041026303203123761 0.12152110051028357 -1.1443219107003644 0.45692272541018136 3.001148002981227 1.3878316539155395 1.0088514095784094 76.500000000000014 4.9872545186960853 -0.2966508931047705 -0.78137799809396824 0.085064421622438102 -0.78137799809396824
decision_type=2 2 2 2 2 2 2 2 2 2 2 2 2 2 2 2 2 2 2 2 2 2 2 2 2 2 2 2 2 2
left_child=1 3 -2 4 -1 7 16 8 28 10 18 -12 -8 -4 15 -6 -7 -11 29 20 -20 -15 -17 -10 -19 -23 -14 -21 -5 -3
right_child=2 9 13 5 14 6 12 -9 23 17 11 -13 26 21 -16 22 -18 24 19 27 -22 25 -24 -25 -26 -27 -28 -29 -30 -31
leaf_value=4.7967912633796157 4.8730519059258413 -2.378350525757444 -2.1066253092301208 -0.45383674654530659 -1.4052296241570557 4.7950979058574088 5.1653274368490862 -1.873718541162841 3.830506826234326 -2.7571058712860737 4.3256822140430256 -1.1341004039048266 1.024220045458659 -0.73763291742381143 -2.3128611018505674 3.0009086402823559 -1.1065679395658674 -2.617719454669039 -1.6421187781591744 -1.801175245097165 3.6701697155365425 4.5072271270821753 -1.5396655742543679 -0.36869789528175501 -2.1347496293841246 -0.4809824672380334 -1.9529482844799959 0.48798173240403631 -2.0748058615255354 -0.94005744284688619
leaf_weight=113.9643894508481 253.18575169891119 281.03002414852381 97.085339337587357 22.423263654112816 10.349198609590532 35.113352425396442 2.9569138884544364 85.380888529121876 46.448188997805119 2688.8203625679016 10.718812845647337 8.2547179386019689 6.0370325222611454 12.197269789874555 10.96522233635187 18.480711802840236 2.7105043977498999 401.77067459374666 3.819347105920313 75.647713646292686 4.6817803233861923 4.5585755780339232 2.8337091431021681 2.7105043977498999 351.50313849002123 2.833709143102169 23.039287380874157 7.269079975783824 26.242610760033131 13.922136224806307
leaf_count=925 2055 2281 788 182 84 285 24 693 377 21824 87 67 49 99 89 150 22 3261 31 614 38 37 23 22 2853 23 187 59 213 113
internal_value=-1.78313 -2.19157 2.81039 1.5916 3.56245 0.372046 2.03036 -0.260275 1.14793 -2.59438 -1.89041 1.95032 -0.734795 -1.66562 0.262544 1.15442 4.37218 -2.67728 -2.07902 -1.3323 1.28349 0.519995 2.39725 3.59897 -2.39235 2.59508 -1.33481 -1.60049 -1.32793 -2.31046
internal_weight=0 4257.09 369.861 409.656 156.593 253.063 69.8571 183.205 97.8246 3847.44 405.344 18.9735 32.0332 116.675 42.6288 31.6636 37.8239 3442.09 386.37 91.4179 8.50113 19.5896 21.3144 49.1587 753.274 7.39228 29.0763 82.9168 48.6659 294.952
internal_count=37555 34553 3002 3325 1271 2054 567 1487 794 31228 3290 154 260 947 346 257 307 27938 3136 742 69 159 173 399 6114 60 236 673 395 2394
is_linear=0
shrinkage=1


Tree=69
num_leaves=31
num_cat=0
split_feature=10 36 46 2 34 35 35 35 35 14 35 34 49 20 0 35 49 20 14 7 38 25 2 14 35 38 13 40 35 9
split_gain=8100.05 6470.6 3581.11 798.801 646.298 237.693 466.888 402.775 577.891 233.074 278.997 138.002 122.78 118.128 117.698 107.67 85.8608 77.482 76.0232 95.5651 75.581 65.3987 139.028 54.7685 53.0981 50.6239 48.8367 39.6395 53.8788 38.2372
threshold=1.5567621339366637 3.5000000000000004 10.500000000000002 -0.51375135402742844 0.98250612249085345 3.9838366311905671 4.9872545186960853 1.9793263601868958 0.022569304056737946 -1.0959449678051614 4.0192542007366283 0.012247426097250042 14.500000000000002 3.0370677020790411 -0.59510479209158318 3.9915476583191869 14.500000000000002 1.0000000180025095e-35 -2.535449313321108 -1.2102196628959352 107.50000000000001 2.5402804767878782 -0.78888807744659928 -1.1613605339247191 3.001148002981227 76.500000000000014 0.75392406716789984 0.22500000000000003 0.022569304056737946 0.65764144634191202
decision_type=2 2 2 2 2 2 2 2 2 2 2 2 2 2 2 2 2 2 2 2 2 2 2 2 2 2 2 2 2 2
left_child=1 3 -2 4 21 7 16 8 -5 10 18 -12 15 -4 -8 20 -7 -11 19 -3 -6 -1 -23 29 -15 -19 -21 28 -22 -20
right_child=2 9 13 5 12 6 14 -9 -10 17 11 -13 -14 24 -16 -17 -18 25 23 26 27 22 -24 -25 -26 -27 -28 -29 -30 -31
leaf_value=4.6621187040077974 4.8494609006506169 -2.6506293285307687 -2.2053429813263077 -1.3457675693063211 -1.9106570903882971 4.7844053562258804 5.1653274368490774 -1.8527598264546874 3.7034719996517991 -2.7464198795724659 3.9692012597990498 -1.2602908654583906 -2.1638145701819087 -0.8566442148889909 -1.6108919606591365 4.9996831411934695 -1.3279289528511009 -2.6264682394770698 -2.4418348607076181 -0.67860331388108186 -0.54633327631311501 4.6580417814037576 -0.6322229110975095 -0.74817391805644129 2.54707889261514 -2.0774420300920475 4.3734669015197936 -0.55316540635278311 4.3256822140430264 -1.6646163212059253
leaf_weight=107.31133320182562 250.10563306510448 6.6530562490224829 101.89032440632582 44.846527308225632 9.6099701374769264 34.127714462578297 2.8337091431021717 81.931155659258366 45.832165271043777 2763.3592335060239 11.704450808465483 8.87074166536331 16.509435877203941 11.458041317760946 26.858634486794472 6.0370325222611418 2.4640949070453635 357.17055677622557 265.01340725272894 3.0801186338067037 3.3265281245112401 13.798931479454042 7.7618989571928969 25.872996523976326 7.6386942118406287 317.00580979138613 5.051394559442997 5.4210087954998007 7.1458752304315567 83.163203112781048
leaf_count=871 2030 54 827 364 78 277 23 665 372 22429 95 72 134 93 218 49 20 2899 2151 25 27 112 63 210 62 2573 41 44 58 675
internal_value=-1.78313 -2.18226 2.68886 1.56518 3.17575 0.372407 1.98206 -0.24572 1.20629 -2.58732 -1.87408 1.71457 0.0456445 -1.77756 -0.964199 1.20216 4.3728 -2.67226 -2.06398 0.160109 0.303227 4.34281 2.75355 -2.15188 0.504845 -2.36831 2.4598 1.64185 2.7781 -2.25619
internal_weight=0 4262.76 371.093 415.816 176.922 238.894 66.2842 172.61 90.6787 3846.94 409.409 20.5752 48.0499 120.987 29.6923 31.5404 36.5918 3437.54 388.834 14.7846 25.5034 128.872 21.5608 374.05 19.0967 674.176 8.13151 15.8934 10.4724 348.177
internal_count=37611 34599 3012 3375 1436 1939 538 1401 736 31224 3323 167 390 982 241 256 297 27901 3156 120 207 1046 175 3036 155 5472 66 129 85 2826
is_linear=0
shrinkage=1


Tree=70
num_leaves=31
num_cat=0
split_feature=10 36 46 8 34 14 35 35 40 35 35 20 34 0 34 20 38 6 14 7 34 38 6 35 3 34 12 9 35 35
split_gain=8333.22 6460.82 3562.87 965.882 697.437 234.003 263.535 231.823 467.623 412.257 606.936 142.36 134.506 114.858 97.7698 90.7837 80.0157 72.0685 77.3446 82.1204 65.2746 52.1496 51.8775 50.5947 50.2975 44.8814 40.2381 36.7109 30.7376 56.6738
threshold=1.5567621339366637 3.5000000000000004 10.500000000000002 -0.65580943308990325 0.9901273583958824 -1.0959449678051614 4.0192542007366283 3.9838366311905671 0.48000000000000004 1.9918600874976942 0.022569304056737946 3.0370677020790411 0.012247426097250042 -0.59800622911466672 1.0026464741153509 -0.045087988890539381 76.500000000000014 -0.78137799809396824 -2.535449313321108 -1.2102196628959352 1.007336000097959 76.500000000000014 1.67882683308784 0.99069191928338418 0.75414030201299298 1.0149359521045411 -0.31817552642236396 1.438366478306347 1.9962414412628025 3.001148002981227
decision_type=2 2 2 2 2 2 2 2 2 2 2 2 2 2 2 2 2 2 2 2 2 2 2 2 2 2 2 2 2 2
left_child=1 3 -2 4 -1 6 17 9 14 10 -5 -4 -8 -10 -9 -7 -6 18 19 -3 22 -17 -18 -13 -21 -12 -15 -23 -25 -30
right_child=2 5 11 7 16 15 12 8 13 -11 25 23 -14 26 -16 21 20 -19 -20 24 -22 27 -24 28 -26 -27 -28 -29 29 -31
leaf_value=4.7796403492876971 4.8657357141577222 -2.6265802307911383 -2.2169811724677526 -1.3320282308749016 -1.8832732493386168 -2.7565823282709889 4.0585223704229163 4.7871359804597384 5.1653274368490774 -1.8476742559740325 3.8624042797052986 -1.9849846589517148 -1.1722686969336307 0.45248005722798035 -1.7337574772073625 -2.613052613312596 2.4598039411406738 -0.22951881507247651 -2.2457016970314725 -1.1867712052489228 -1.5755531372040741 -2.1530842749695447 -2.2133730059920356 4.7788240803193132 4.0327827177153317 -0.51627190413857749 -2.230837385738405 -0.55618946391132451 -1.9963524047320025 2.5430508179317028
leaf_weight=116.674893848598 253.67857068032026 6.1602372676134101 100.7814816981554 48.789079159498215 14.045340970158575 2686.7258818969131 10.842017590999605 34.374123953282833 2.8337091431021717 84.272045820951462 46.817803233861923 5.1745993047952679 8.9939464107155782 7.6386942118406358 2.4640949070453635 396.22646105289459 19.219940274953849 20.575192473828793 351.50313849002123 2.8337091431021673 7.269079975783824 340.78432564437389 2.7105043977498999 2.5872996523976317 5.2978040501475334 2.4640949070453635 20.821601964533325 15.030978932976721 4.1889613419771186 8.0083084478974325
leaf_count=947 2059 50 818 396 114 21807 88 279 23 684 380 42 73 62 20 3216 156 167 2853 23 59 2766 22 21 43 20 169 122 34 65
internal_value=-1.78313 -2.18327 2.73757 1.58829 3.50825 -2.58583 -1.86805 0.362458 1.93631 -0.225611 1.16822 -1.73376 1.6868 -0.906123 4.35096 -2.67062 0.0780183 -2.05055 -2.15298 0.127456 1.02142 -2.36351 1.88222 0.706224 2.21385 3.64347 -1.51064 -2.08563 1.64815 0.984064
internal_weight=0 4255.37 374.419 410.395 159.92 3844.97 406.206 250.475 68.1322 182.343 98.071 120.741 19.836 31.294 36.8382 3438.77 43.2449 386.37 365.795 14.2918 29.1995 752.042 21.9304 19.9592 8.13151 49.2819 28.4603 355.815 14.7846 12.1973
internal_count=37578 34539 3039 3331 1298 31208 3297 2033 553 1480 796 980 161 254 299 27911 351 3136 2969 116 237 6104 178 162 66 400 231 2888 120 99
is_linear=0
shrinkage=1


Tree=71
num_leaves=31
num_cat=0
split_feature=1 36 46 8 46 14 35 35 40 35 35 46 9 49 35 0 9 20 14 14 14 35 14 35 0 49 22 35 35 14
split_gain=8329.4 6420.38 3364.02 1019.88 696.916 242.789 254.265 226.808 507.841 337.56 583.245 139.59 135.738 87.897 106.905 85.7601 83.341 68.0009 45.6067 44.9799 44.838 44.6823 43.8239 69.8196 50.8423 42.5102 37.978 36.1932 78.0667 34.0926
threshold=1.5373033721667195 3.5000000000000004 10.500000000000002 -0.65580943308990325 7.0000000000000009 -1.0959449678051614 4.9911352451072073 3.9838366311905671 0.48000000000000004 1.9918600874976942 0.022569304056737946 7.0000000000000009 1.20733357875903 14.500000000000002 3.9915476583191869 -0.59800622911466672 0.26599603547138922 0.12152110051028357 -0.30305610078500778 0.078441340761672543 -2.535449313321108 3.0021726557550323 0.078441340761672543 4.9900385387871369 -0.58904699894096824 14.500000000000002 -0.59203641594196876 1.9962414412628025 0.99069191928338418 -1.1613605339247191
decision_type=2 2 2 2 2 2 2 2 2 2 2 2 2 2 2 2 2 2 2 2 2 2 2 2 2 2 2 2 2 2
left_child=1 3 26 4 -1 6 17 9 -9 10 -5 -8 -4 14 19 -10 -7 -3 -17 -6 -19 27 23 -18 -25 -23 -2 28 -14 -22
right_child=2 5 12 7 13 16 11 8 15 -11 -12 -13 21 -15 -16 18 22 20 -20 -21 29 25 -24 24 -26 -27 -28 -29 -30 -31
leaf_value=4.798332136169396 4.8105264676181694 -2.2754339268764556 -2.134544653434975 -1.3719103692837993 1.9892781158000783 -2.7774784323389334 3.8701300186908023 4.3643500861459383 4.7594989124928242 -1.7461627159431434 3.5593749875248424 -1.4438799598100327 -1.8444379838499794 -1.9544712360677856 4.9888802523463633 1.4039898940349531 -2.3160753478786531 1.6019550278672761 -1.864202360036161 -0.88883579535088331 -1.6696792891511107 4.6878821140770137 -2.6162788182276362 3.5420133394240398 -1.1718410588679233 -0.052467876302850325 2.54707889261514 -2.5647396937463744 3.8125656889948791 0.38433386224107147
leaf_weight=117.16771283000708 250.84486153721809 291.50242750346661 99.179820008575916 50.021126613020897 8.5011274293065124 2382.5333656221628 11.581246063113214 37.454242587089539 2.4640949070453635 84.641660057008266 46.078574761748314 8.6243321746587736 5.4210087954998034 14.045340970158575 5.6674182862043372 5.0513945594429961 412.489487439394 5.0513945594429961 27.597862958908081 15.030978932976721 79.590265497565269 4.1889613419771186 594.09328208863735 2.4640949070453635 32.033233791589737 3.4497328698635101 7.6386942118406287 5.1745993047952643 4.4353708326816559 8.9939464107155782
leaf_count=951 2036 2366 805 406 69 19338 94 304 20 687 374 70 44 114 46 41 3348 41 224 122 646 34 4822 20 260 28 62 42 36 73
internal_value=-1.78313 -2.18333 2.7017 1.55904 3.53204 -2.5877 -1.85588 0.309597 1.80295 -0.289982 0.992578 1.60196 -1.62994 0.101142 1.08992 -0.92922 -2.67434 -2.03729 -1.35856 0.150902 -1.29589 0.577701 -2.43831 -2.20178 -0.835137 2.54708 4.74364 -0.423131 0.701214 -1.46114
internal_weight=0 4242.68 380.333 413.722 160.413 3828.96 405.344 253.309 72.5676 180.741 96.0997 20.2056 121.849 43.2449 29.1995 35.1134 3423.61 385.138 32.6493 23.5321 93.6356 22.6697 1041.08 446.987 34.4973 7.63869 258.484 15.031 9.85638 88.5842
internal_count=37523 34436 3087 3358 1302 31078 3290 2056 589 1467 780 164 989 351 237 285 27788 3126 265 191 760 184 8450 3628 280 62 2098 122 80 719
is_linear=0
shrinkage=1


Tree=72
num_leaves=31
num_cat=0
split_feature=10 36 34 8 34 6 35 35 40 35 35 34 9 49 35 14 7 20 14 34 6 6 34 35 35 38 38 15 3 9
split_gain=8243.4 6540.48 3549.08 981.653 675.677 262.525 277.018 224.585 541.105 388.207 594.608 151.576 111.363 102.378 107.431 77.0239 102.505 74.4768 69.7606 64.595 60.2562 55.9005 53.8789 51.1762 48.1643 46.4148 41.521 37.092 35.9329 32.9463
threshold=1.5567621339366637 3.5000000000000004 0.97876046947238315 -0.65580943308990325 0.98315077617897428 -0.76476546117687028 4.0192542007366283 3.9838366311905671 0.48000000000000004 1.9918600874976942 0.97503411144812879 0.02310485855546621 1.20733357875903 14.500000000000002 3.9915476583191869 -2.535449313321108 -1.2102196628959352 -0.045087988890539381 0.078441340761672543 1.0059275987405019 -0.78137799809396824 -0.63379680683099093 1.0149359521045411 3.001148002981227 4.9872545186960853 76.500000000000014 507.50000000000006 -0.61070039339384097 1.0813729357722868 0.10922740420987301
decision_type=2 2 2 2 2 2 2 2 2 2 2 2 2 2 2 2 2 2 2 2 2 2 2 2 2 2 2 2 2 2
left_child=1 3 -2 4 -1 6 15 9 19 10 -5 -8 -4 14 18 16 -3 -7 -6 -9 29 -10 -12 -14 -25 -19 -20 -23 -18 -17
right_child=2 5 12 7 13 17 11 8 21 -11 22 -13 23 -15 -16 20 28 25 26 -21 -22 27 -24 24 -26 -27 -28 -29 -30 -31
leaf_value=4.7641930384317508 4.849200056629992 -2.5314204388731181 -2.2032651971662256 -1.2801844205738937 2.4598039411406711 -2.7569913633268373 3.9478418637802992 4.7761767970554105 2.8463072976704478 -1.783391181625035 3.8780219026007288 -1.3700929553816215 -0.82728067981346998 -1.9963524047320025 4.9996831411934695 -2.4923010087550894 0.59975653784114269 -2.6348173444043099 -2.3187830123183373 -0.51627190413857749 -0.49308170274679108 0.93059500878374668 -0.9221004284948392 4.3328586689388056 -1.0187262676272826 -2.1370416221005755 1.3206361534739754 -1.8892618650448085 4.9035025824256895 -1.8798308294123409
leaf_weight=117.16771283000708 253.06254695355892 7.1458752304315567 98.93341051787138 50.267536103725433 8.8707416653633171 2666.6435084044933 12.320474535226824 35.97578564286232 3.4497328698635092 85.627298019826412 45.832165271043777 9.4867653921246511 13.182907752692701 14.661364696919916 6.0370325222611418 193.92426918447018 3.9425518512725812 398.19773697853088 9.4867653921246511 2.4640949070453635 21.560830436646938 5.6674182862043372 2.4640949070453635 4.8049850687384597 2.5872996523976326 353.72082390636206 4.6817803233861914 26.365815505385399 3.8193471059203148 160.53578319400549
leaf_count=951 2054 58 803 408 72 21644 100 292 28 695 372 77 107 119 49 1574 32 3232 77 20 175 46 20 39 21 2871 38 214 31 1303
internal_value=-1.78313 -2.17742 2.72821 1.57361 3.51218 -2.58766 -1.83431 0.365122 1.83753 -0.225813 1.12733 1.63439 -1.76304 0.158204 1.24461 -2.0278 0.201474 -2.67861 0.260662 4.43692 -2.11618 -0.978466 3.63312 0.353708 2.4598 -2.40065 -1.11619 -1.39036 2.71747 -2.21491
internal_weight=0 4250.32 372.571 419.019 160.905 3831.3 412.736 258.114 73.9228 184.191 98.5638 21.8072 119.509 43.7377 29.0763 390.929 14.9078 3418.56 23.0393 38.4399 376.021 35.483 48.2963 20.5752 7.39228 751.919 14.1685 32.0332 7.7619 354.46
internal_count=37522 34498 3024 3401 1306 31097 3350 2095 600 1495 800 177 970 355 236 3173 121 27747 187 312 3052 288 392 167 60 6103 115 260 63 2877
is_linear=0
shrinkage=1


Tree=73
num_leaves=31
num_cat=0
split_feature=10 36 49 2 49 14 35 35 35 40 35 20 49 0 49 35 14 7 6 38 20 38 35 6 49 0 38 38 6 6
split_gain=8550.83 6623.3 3452.26 774.914 685.278 234.175 230.928 203.899 434.721 369.56 581.685 140.44 131.454 117.614 113.526 121.157 91.9317 103.09 81.1536 80.7254 79.3195 56.0476 54.8272 49.4047 46.9602 42.2947 34.351 30.1397 30.0577 27.9558
threshold=1.5567621339366637 3.5000000000000004 7.5000000000000009 -0.56666727637951553 7.5000000000000009 -1.0959449678051614 4.9850670265449741 3.9838366311905671 4.9815225985080049 0.20500000000000004 0.022569304056737946 3.0370677020790411 14.500000000000002 -0.60431314043427709 14.500000000000002 3.9915476583191869 -2.535449313321108 -1.2102196628959352 -0.78137799809396824 236.50000000000003 -0.045087988890539381 76.500000000000014 3.001148002981227 -0.63379680683099093 14.500000000000002 2.7230801461401644 479.50000000000006 156.50000000000003 0.024950411293221727 -0.10712599987421977
decision_type=2 2 2 2 2 2 2 2 2 2 2 2 2 2 2 2 2 2 2 2 2 2 2 2 2 2 2 2 2 2
left_child=1 3 -2 4 25 6 16 9 -9 10 27 -4 -8 -10 15 19 17 -3 -18 -6 -7 -22 -13 -15 -24 29 -19 -5 -21 -1
right_child=2 5 11 7 14 20 12 8 13 -11 -12 22 -14 23 -16 -17 18 26 -20 28 21 -23 24 -25 -26 -27 -28 -29 -30 -31
leaf_value=4.8561247516252672 4.8758690194769088 -2.6329461684280995 -2.1325105353855576 -1.9640925856257814 -1.4118934751317069 -2.7556495210513168 3.781821103816374 4.3451861681151778 5.1653274368490862 -1.7073723409489059 3.7368110311150451 -0.54038052934786074 -1.2477652937189998 2.8463072976704415 -2.0494018850400106 5.0121845974693651 -2.2601065063337455 4.5245455562865686 -0.26117968882892728 3.6745287759485334 -2.6455769970728631 -2.0973151521200148 4.5855724020544262 -1.7281981823531671 -0.63222291109750994 1.3457648546725054 0.40733784094808656 -0.30093431978627549 0.55002265005238438 3.746577311050773
leaf_weight=90.555487833917141 255.64984660595655 6.2834420129656783 98.93341051787138 27.351453468203545 14.291750460863115 2673.9125883802772 10.842017590999605 35.359761916100979 3.0801186338067046 79.590265497565269 46.201779507100582 12.443679280579092 9.979584373533724 2.5872996523976353 16.63264062255621 6.5298515036702147 350.14788629114628 4.6817803233861905 21.560830436646938 6.037032522261141 395.85684681683779 352.48877645283937 5.1745993047952643 26.98183923214674 2.5872996523976326 4.1889613419771186 3.5729376152157784 18.111097566783428 6.2834420129656792 30.308367356657982
leaf_count=735 2075 51 803 222 116 21703 88 287 25 646 375 101 81 21 135 53 2842 38 175 49 3213 2861 42 219 21 34 29 147 51 246
internal_value=-1.78313 -2.17899 2.804 1.62021 3.22055 -2.58982 -1.8728 0.450862 1.91576 -0.130881 1.23795 -1.64185 1.37119 -0.715358 0.0824256 1.1523 -2.04768 0.419197 -2.14416 0.205201 -2.67511 -2.38733 0.760603 -1.32793 2.84631 4.46962 2.74247 -1.30153 2.08103 4.57789
internal_weight=0 4243.42 374.789 414.091 174.828 3829.33 407.068 239.264 68.009 171.255 91.6643 119.139 20.8216 32.6493 49.7747 33.1421 386.247 14.5382 371.709 26.6122 3422.26 748.346 20.2056 29.5691 7.7619 125.053 8.25472 45.4626 12.3205 120.864
internal_count=37484 34442 3042 3361 1419 31081 3304 1942 552 1390 744 967 169 265 404 269 3135 118 3017 216 27777 6074 164 240 63 1015 67 369 100 981
is_linear=0
shrinkage=1


Tree=74
num_leaves=31
num_cat=0
split_feature=10 36 46 2 34 35 40 40 35 14 35 34 20 0 14 7 6 38 20 34 34 38 35 25 2 14 6 9 38 9
split_gain=8374.64 6539.94 3411.64 810.065 617.227 259.936 435.53 381.688 619.415 252.424 243.545 129.763 128.594 105.096 85.6119 89.3673 85.1026 81.9875 81.3569 69.3774 64.0127 51.5258 48.5378 47.5888 108.543 45.2981 35.2691 34.9789 31.1892 28.8033
threshold=1.5567621339366637 3.5000000000000004 10.500000000000002 -0.56666727637951553 0.98250612249085345 3.9838366311905671 0.48000000000000004 0.20500000000000004 0.022569304056737946 -1.0959449678051614 4.9911352451072073 0.02310485855546621 3.0370677020790411 -0.60431314043427709 -2.535449313321108 -1.2584993330081187 -0.78137799809396824 76.500000000000014 -0.025420599696706365 1.0111367187541591 1.0075957483024804 76.500000000000014 0.99069191928338418 2.5402804767878782 -0.78888807744659928 -0.48434266572258294 0.87837208639158482 1.0000000180025095e-35 479.50000000000006 1.438366478306347
decision_type=2 2 2 2 2 2 2 2 2 2 2 2 2 2 2 2 2 2 2 2 2 2 2 2 2 2 2 2 2 2
left_child=1 3 -2 4 23 7 20 8 -5 10 14 -12 -4 -8 15 -3 27 -6 -11 26 -7 -20 -14 -1 -25 -15 -19 -16 -17 -23
right_child=2 9 12 5 17 6 13 -9 -10 18 11 -13 22 25 16 28 -18 19 21 -21 -22 29 -24 24 -26 -27 -28 -29 -30 -31
leaf_value=4.7268572424665702 4.8560492258106063 -2.7708748172289202 -2.1767611335657246 -1.3572912233471612 -1.6501134302026368 4.7594989124928242 5.1653274368490774 -1.8256785759444512 3.8125656889948809 -2.7561046996048431 4.0194586621961097 -1.3279289528511009 -2.2350750661180383 1.8232101774445717 -2.540204173966667 3.9775366338551503 -0.095412693695047013 2.5852255601470233 -2.6288865214042056 -1.6467942219881637 -0.51627190413857749 -2.1519777122309911 1.6554591180922282 4.5565846503146918 -0.40486799549176067 -1.7337574772073625 -0.45383674654530659 -1.9127592842466563 0.19065520280458759 -0.66384591299539997
leaf_weight=102.62955287843943 252.20011373609304 5.544213540852069 96.83892984688282 47.680236451327801 16.139821641147137 34.497328698635101 2.8337091431021717 79.959879733622074 45.092936798930168 2700.6480181217194 10.4724033549428 8.0083084478974325 4.1889613419771221 4.1889613419771257 172.73305298388004 5.0513945594429952 19.959168747067451 18.603916548192508 381.56509635597467 6.8994657397270194 2.4640949070453635 322.79643282294273 13.675726734101771 14.784569442272188 6.2834420129656783 24.64094907045364 4.8049850687384597 182.95904684811831 3.8193471059203148 13.552521988749502
leaf_count=833 2047 45 786 387 131 280 23 649 366 21920 85 65 34 34 1402 41 162 151 3097 56 20 2620 111 120 51 200 39 1485 31 110
internal_value=-1.78313 -2.18047 2.79958 1.60765 3.27871 0.429626 2.07608 -0.224492 1.15555 -2.58778 -1.84488 1.70226 -1.72199 -0.645758 -2.01294 0.378632 -2.10471 0.170515 -2.67657 1.14004 4.40778 -2.37736 0.743196 4.44583 3.07685 -1.21693 1.96142 -2.21746 2.34707 -2.09202
internal_weight=0 4238.61 366.904 411.504 170.146 241.358 68.625 172.733 92.7732 3827.11 408.547 18.4807 114.704 31.6636 390.066 14.415 375.651 46.4482 3418.56 30.3084 36.9614 717.914 17.8647 123.698 21.068 28.8299 23.4089 355.692 8.87074 336.349
internal_count=37381 34403 2978 3340 1381 1959 557 1402 753 31063 3316 150 931 257 3166 117 3049 377 27747 246 300 5827 145 1004 171 234 190 2887 72 2730
is_linear=0
shrinkage=1


Tree=75
num_leaves=31
num_cat=0
split_feature=10 47 34 20 8 46 46 6 35 20 10 35 40 40 35 8 20 34 38 20 1 38 20 20 20 10 10 20 46 49
split_gain=8328.02 3999.39 3536.95 879.266 643.951 389.156 240.611 197.359 207.055 186.339 203.828 168.763 449.272 293.935 510.526 129.772 115.858 104.599 99.4267 96.1354 297.275 70.7019 67.9911 60.111 57.572 162.731 49.9172 107.111 51.1205 48.0267
threshold=1.5567621339366637 3.5000000000000004 0.025492134796252647 0.85453537869415563 -0.66210890532585964 11.500000000000002 1.5000000000000002 -0.76476546117687028 4.0192542007366283 0.29778225190504343 -0.42152698753899409 3.9838366311905671 0.43500000000000005 0.13500000000000004 0.98333340230330457 -0.44845291703204254 3.0370677020790411 0.012247426097250042 76.500000000000014 1.4312132079182509 0.27673353784850102 32.500000000000007 0.12152110051028357 -0.041026303203123761 -0.19619054250697224 -0.98490991668542371 -0.22134789513272432 0.21784478543548511 13.500000000000002 14.500000000000002
decision_type=2 2 2 2 2 2 2 2 2 2 2 2 2 2 2 2 2 2 2 2 2 2 2 2 2 2 2 2 2 2
left_child=1 7 -2 6 5 19 9 8 22 21 15 13 -13 14 -6 -11 -4 -10 -8 20 -5 -3 -1 -9 -23 -26 27 -20 -29 -7
right_child=2 3 16 4 11 29 18 23 17 10 -12 12 -14 -15 -16 -17 -18 -19 26 -21 -22 24 -24 -25 25 -27 -28 28 -30 -31
leaf_value=-2.2979075212869358 4.8761572828421844 -2.1311017815422391 -2.1849581347214673 4.7058989187099218 -1.5082971858983283 0.66592423202966278 -2.5475392825919081 -2.7653995658905495 3.6895873482808597 4.809857196537032 -0.83871100568190871 4.6455470608262877 -1.0247418840713256 -1.8749427516713975 3.8854067061870303 0.90266811627252452 0.5048450281126613 -1.3279289528511009 -1.6715245933427954 4.5975015179967036 -0.76601253451166174 -1.7293937296336392 -1.1493325099123926 -2.4007500992566131 2.8645672987663424 -1.0066480377357272 -2.2644563167501661 1.1602075021541018 -1.7025398984107269 -1.9130770577368734
leaf_weight=289.28474208712578 252.44652322679758 35.359761916100979 99.179820008575916 26.119406014680862 38.809494785964489 22.669673144817352 94.128425449132919 2609.7229160517454 9.4867653921246546 16.879050113260746 26.98183923214674 25.010563306510448 31.663619555532932 78.974241770803928 32.033233791589737 17.125459603965282 19.096735529601574 7.3922847211360923 57.043797098100185 59.877506241202354 16.016616895794868 22.916082635521889 62.711215384304523 546.78265987336636 15.647002659738062 35.482966661453247 32.033233791589737 28.213886685669422 8.0083084478974325 10.595608100295065
leaf_count=2348 2049 287 805 212 315 184 764 21182 77 137 219 203 257 641 260 139 155 60 463 486 130 186 509 4438 127 288 260 229 65 86
internal_value=-1.78313 -2.1798 2.76192 -0.0520773 1.11875 2.81463 -1.07858 -2.62135 -1.92922 -0.187031 1.21362 0.00772149 1.47758 -0.548311 0.930595 2.84211 -1.75067 1.49213 -1.7709 3.78316 2.62593 -0.967802 -2.09328 -2.70223 -0.412283 0.178037 -1.18747 -0.817561 0.527287 -0.155535
internal_weight=0 4256.97 370.723 731.59 341.77 135.279 389.82 3525.38 368.875 170.392 60.9863 206.491 56.6742 149.817 70.8427 34.0045 118.277 16.8791 219.428 102.014 42.136 109.406 351.996 3156.51 74.0461 51.13 125.299 93.266 36.2222 33.2653
internal_count=37561 34552 3009 5938 2774 1098 3164 28614 2994 1383 495 1676 460 1216 575 276 960 137 1781 828 342 888 2857 25620 601 415 1017 757 294 270
is_linear=0
shrinkage=1


Tree=76
num_leaves=31
num_cat=0
split_feature=1 47 34 42 2 34 42 42 14 35 38 14 34 47 40 35 35 40 35 40 34 34 38 40 35 42 35 35 33 22
split_gain=8467.03 3858.17 3447 857.332 622.418 435.998 374.064 947.675 196.625 236.393 186.638 188.456 151.344 145.308 95.8055 275.3 244.445 307.849 84.6124 184.652 83.2547 79.1705 93.6802 74.9742 195.057 52.2576 49.2624 57.1008 47.9381 44.4191
threshold=1.5373033721667195 3.5000000000000004 0.97876046947238315 0.84375000000000011 -0.59810951572557214 0.025492134796252647 0.65625000000000011 0.21875000000000003 -1.0959449678051614 4.0192542007366283 156.50000000000003 0.059793378546238625 1.0108520069250346 3.5000000000000004 0.13500000000000004 0.022569304056737946 3.9838366311905671 0.43500000000000005 3.9858569701334869 0.43500000000000005 0.012247426097250042 1.0080679230794936 167.50000000000003 0.13500000000000004 0.99139380153227952 0.21875000000000003 3.9886620121395393 4.9815225985080049 -0.3099752188619127 -0.59203641594196876
decision_type=2 2 2 2 2 2 2 2 2 2 2 2 2 2 2 2 2 2 2 2 2 2 2 2 2 2 2 2 2 2
left_child=1 8 29 4 5 6 7 -3 9 28 11 18 14 -4 15 -12 -16 -18 23 -20 -11 22 -7 24 -6 -10 -15 -28 -1 -2
right_child=2 3 13 -5 10 21 -8 -9 25 20 12 -13 -14 26 16 -17 17 -19 19 -21 -22 -23 -24 -25 -26 -27 27 -29 -30 -31
leaf_value=-2.35693349577953 4.8379827573391765 4.3389797628204994 -2.2625001238229618 -2.0943263148324425 -1.4293860839401664 -1.1221567433183486 4.5785874016352137 -1.7134660509895494 1.2573490541591588 3.6895873482808597 -0.53451138837930845 -2.0652023367220451 -2.3135125120020223 -0.56401643641578514 -1.4236862451149379 4.3963891801740642 4.9517334766615804 -0.60541342971972179 4.5409758609163742 -0.87007113050044671 -0.78682425370941866 -2.4816893857317126 1.6738418083091811 -1.5680332888046449 3.6745287759485334 -2.7082357423299026 4.5565846503146945 -0.59481936046559625 -1.5521538453036472 2.3710982527567923
leaf_weight=235.56747311353683 253.55536593496799 54.456497445702553 94.374834939837456 165.71038249880075 19.712759256362919 26.242610760033131 61.355963185429573 49.281898140907288 3.326528124511241 9.4867653921246546 21.930444672703743 91.417921051383018 17.248664349317551 18.850326038897041 43.860889345407486 23.408901616930962 18.727121293544769 21.314420945942402 11.21163182705641 14.41495520621538 7.3922847211360923 14.907774187624453 22.053649418056011 38.316675804555416 12.074065044522284 3164.5138843730092 4.928189814090727 3.8193471059203148 107.92735692858696 7.5154894664883605
leaf_count=1912 2058 442 766 1345 160 213 498 400 27 77 178 742 140 153 356 190 152 173 91 117 60 121 179 311 98 25685 40 31 876 61
internal_value=-1.78313 -2.19205 2.71652 -0.0954636 0.493984 1.76627 2.62133 1.46371 -2.62445 -1.92453 -0.3766 -1.03832 0.468775 -1.67227 0.840101 2.01133 0.207187 1.99362 -0.0576909 1.49726 1.72912 -0.467224 0.154587 -0.62611 0.50931 -2.70407 0.346114 2.30738 -2.10407 4.76697
internal_weight=0 4255.86 383.044 727.647 561.937 228.298 165.094 103.738 3528.21 360.374 333.638 187.148 146.49 121.973 129.242 45.3393 83.9024 40.0415 95.7301 25.6266 16.8791 63.204 48.2963 70.1035 31.7868 3167.84 27.5979 8.74754 343.495 261.071
internal_count=37652 34543 3109 5906 4561 1853 1340 842 28637 2925 2708 1519 1189 990 1049 368 681 325 777 208 137 513 392 569 258 25712 224 71 2788 2119
is_linear=0
shrinkage=1


Tree=77
num_leaves=31
num_cat=0
split_feature=10 36 49 8 49 14 35 35 40 35 35 49 9 0 49 35 6 1 6 9 6 49 35 31 6 35 0 33 25 49
split_gain=8458.66 6635.82 3470.93 936.816 747.991 266.853 288.107 258.726 529.326 431.773 579.653 135.156 134.037 121.43 101.884 113.728 75.8527 104.544 80.3767 75.4563 59.4619 54.1275 48.7399 44.6204 41.6314 80.7912 66.0272 38.7222 36.691 27.0842
threshold=1.5567621339366637 3.5000000000000004 7.5000000000000009 -0.65580943308990325 7.5000000000000009 -1.0959449678051614 4.9911352451072073 3.9838366311905671 0.48000000000000004 1.9918600874976942 0.022569304056737946 14.500000000000002 1.20733357875903 -0.60431314043427709 14.500000000000002 3.9915476583191869 -1.1961339953951045 -0.039547896768107473 -0.78137799809396824 0.22308993566552213 -0.11511984611331834 11.500000000000002 0.99069191928338418 -0.2966508931047705 -0.11511984611331834 4.9815225985080049 -0.59310624632044118 -0.096751870336811166 -0.24834099484605202 14.500000000000002
decision_type=2 2 2 2 2 2 2 2 2 2 2 2 2 2 2 2 2 2 2 2 2 2 2 2 2 2 2 2 2 2
left_child=1 3 -2 4 -1 6 16 9 -9 10 -5 -8 -4 -10 15 20 17 -3 28 -7 -6 -12 -14 -15 25 -21 -27 -19 -18 -24
right_child=2 5 12 7 14 19 11 8 13 -11 21 -13 22 23 -16 -17 18 27 -20 24 -22 -23 29 -25 -26 26 -28 -29 -30 -31
leaf_value=4.7569989421169128 4.8606630971013631 -2.7981002108964259 -2.1446273496922732 -1.2777233622090891 2.106909572135228 -2.7790292158830874 4.1180280191555054 4.4274573925649738 5.1653274368490862 -1.880796797626298 3.8589664877339427 -1.0610827998497232 -2.1187742823658668 0.88568118000123541 -2.310461169713629 4.9888802523463633 -2.5366106880927033 0.19065520280458803 -0.2303472619784841 -2.3664386842204101 -1.2071865819682464 -0.73763291742381121 2.3983147707836654 -1.9941003041528889 -2.6320177526078803 4.005817367259767 -1.2197080130227644 4.507227127082178 -1.8903280041726385 -0.45383674654530659
leaf_weight=120.00142197310925 256.01946084201336 6.5298515036702165 99.179820008575916 47.803441196680069 8.5011274293065089 2264.6264243200421 11.458041317760946 40.657565966248512 3.0801186338067046 85.011274293065071 46.694598488509655 8.9939464107155782 4.8049850687384632 6.7762609943747512 14.045340970158575 5.6674182862043372 176.05958110839128 3.8193471059203139 21.684035181999207 466.82278013974428 14.907774187624456 2.7105043977498999 10.842017590999601 26.119406014680862 654.71001680195332 2.5872996523976317 36.961423605680466 4.5585755780339214 175.32035263627768 4.8049850687384597
leaf_count=974 2078 53 805 388 69 18381 93 330 25 690 379 73 39 55 114 46 1429 31 176 3789 121 22 88 212 5314 21 300 37 1423 39
internal_value=-1.78313 -2.16743 2.7828 1.59641 3.47335 -2.58167 -1.81762 0.413599 1.95524 -0.234744 1.20477 1.84047 -1.66396 -0.838711 -0.0988483 0.969473 -2.01045 0.201474 -2.09884 -2.67276 -0.0036464 3.60678 0.666987 -1.40089 -2.46549 -2.25018 -0.877851 2.53938 -2.21415 1.52246
internal_weight=0 4256.11 375.651 421.976 163.123 3834.13 408.424 258.853 76.6334 182.22 97.2085 20.452 119.632 35.9758 43.1217 29.0763 387.972 14.9078 373.064 3425.71 23.4089 49.4051 20.452 32.8957 1161.08 506.372 39.5487 8.37792 351.38 15.647
internal_count=37594 34545 3049 3425 1324 31120 3315 2101 622 1479 789 166 971 292 350 236 3149 121 3028 27805 190 401 166 267 9424 4110 321 68 2852 127
is_linear=0
shrinkage=1


Tree=78
num_leaves=31
num_cat=0
split_feature=1 36 46 8 46 35 35 35 35 14 35 36 0 49 35 46 20 20 38 6 6 38 22 49 35 49 35 49 6 6
split_gain=8316.14 6429.73 3394.26 1024.78 667.44 287.362 515.782 359.575 649.058 249.831 258.615 141.099 116.813 107.525 106.62 103.893 74.3737 69.9867 56.9837 53.1646 51.1468 49.3043 48.8154 41.538 40.3596 54.9771 46.517 57.7324 31.4153 31.0126
threshold=1.5373033721667195 3.5000000000000004 10.500000000000002 -0.65580943308990325 7.0000000000000009 3.9838366311905671 4.9815225985080049 1.9918600874976942 0.022569304056737946 -1.0959449678051614 4.9930976831809817 3.5000000000000004 -0.58904699894096824 14.500000000000002 3.9915476583191869 7.0000000000000009 -0.045087988890539381 0.12152110051028357 310.50000000000006 -1.1961339953951045 -0.63379680683099093 76.500000000000014 -0.59203641594196876 11.500000000000002 0.99139380153227952 11.500000000000002 3.0021726557550323 14.500000000000002 -0.79167579095138085 -0.78137799809396824
decision_type=2 2 2 2 2 2 2 2 2 2 2 2 2 2 2 2 2 2 2 2 2 2 2 2 2 2 2 2 2 2
left_child=1 3 22 4 -1 7 -7 8 -5 10 17 24 -8 14 18 -12 -11 29 -6 -19 -14 -18 -2 -10 -4 -26 -27 -28 -21 -3
right_child=2 9 11 5 13 6 12 -9 23 16 15 -13 20 -15 -16 -17 21 19 -20 28 -22 -23 -24 -25 25 26 27 -29 -30 -31
leaf_value=4.8034421285059228 4.801071590597612 -2.3378019431233885 -1.8186983311423941 -1.5318427926754294 -1.2424913687760988 4.4761846596403396 5.1653274368490862 -1.8455073607257535 3.8766240447428508 -2.7540748332790743 3.7223815724712654 -2.1931573883404161 2.8463072976704415 -2.1042965646630796 4.9996831411934695 -0.9835895988518486 -2.637246157006949 1.9186992419989923 2.0435695571855348 -1.6696792891511107 -1.796730868917817 -2.123894916263382 2.2933101875586193 -0.24571955456773642 5.1653274368490782 -1.51890708195993 4.9035025824256895 -0.59481936046559625 0.16325492734167457 -0.81530344840108615
leaf_weight=116.05887012183666 252.56972797214985 282.01566211134195 5.2978040501475361 50.021126613020897 11.704450808465486 39.179109022021294 2.9569138884544364 85.011274293065071 44.230503581464291 2662.7009565532207 11.088427081704141 98.93341051787138 2.5872996523976353 14.168545715510843 6.0370325222611418 8.1315131932497007 401.27785561233759 4.9281898140907279 9.6099701374769193 79.590265497565269 28.583500921726227 350.51750052720308 8.0083084478974325 2.5872996523976317 3.0801186338067081 6.2834420129656774 3.8193471059203148 3.8193471059203148 10.595608100295065 14.045340970158575
leaf_count=942 2050 2289 43 406 95 318 24 690 359 21612 90 803 21 115 49 66 3257 40 78 646 232 2845 65 21 25 51 31 31 86 114
internal_value=-1.78313 -2.18242 2.69028 1.56738 3.57247 0.32909 2.00055 -0.344702 0.972799 -2.58705 -1.84987 -1.68097 -0.841521 0.131609 1.28985 1.73139 -2.67565 -2.02583 0.239085 -1.27957 -1.41134 -2.3979 4.724 3.64881 0.591348 1.34231 0.496504 2.15434 -1.45433 -2.26557
internal_weight=0 4237.63 381.812 412.736 157.579 255.157 73.3068 181.85 96.8389 3824.89 410.395 121.233 34.1277 41.52 27.3515 19.2199 3414.5 391.175 21.3144 95.1141 31.1708 751.795 260.578 46.8178 22.3001 17.0023 13.9221 7.63869 90.1859 296.061
internal_count=37494 34395 3099 3350 1279 2071 595 1476 786 31045 3331 984 277 337 222 156 27714 3175 173 772 253 6102 2115 380 181 138 113 62 732 2403
is_linear=0
shrinkage=1


Tree=79
num_leaves=31
num_cat=0
split_feature=10 36 46 2 46 35 35 35 35 14 35 46 9 49 35 0 9 6 1 6 38 38 35 3 9 6 6 0 2 14
split_gain=8451.66 6487.87 3612.9 800.187 632.876 247.112 449.529 393.596 636.246 228.501 268.262 124.952 109.384 104.74 108.489 99.6387 77.8053 71.0196 103.048 72.4209 67.5849 61.6835 57.231 42.388 42.3055 40.6476 33.6354 33.4715 122.653 32.3917
threshold=1.5567621339366637 3.5000000000000004 10.500000000000002 -0.56666727637951553 7.0000000000000009 3.9838366311905671 4.9815225985080049 1.9793263601868958 0.022569304056737946 -1.0959449678051614 4.9911352451072073 7.0000000000000009 1.4906560138589964 14.500000000000002 3.9915476583191869 -0.60431314043427709 0.19112862607662964 -1.1961339953951045 -0.039547896768107473 -0.78137799809396824 236.50000000000003 76.500000000000014 3.001148002981227 0.75414030201299298 1.4906560138589964 -0.42135202072452688 0.024950411293221727 0.89964413000693877 -0.77388129802179073 0.9339492431873897
decision_type=2 2 2 2 2 2 2 2 2 2 2 2 2 2 2 2 2 2 2 2 2 2 2 2 2 2 2 2 2 2
left_child=1 3 -2 4 27 7 -7 8 -5 10 17 -12 -4 14 20 -8 -11 18 -3 -19 -6 -18 -14 -20 29 -17 -22 -1 -29 -23
right_child=2 9 12 5 13 6 15 -9 -10 16 11 -13 22 -15 -16 25 21 19 23 -21 26 24 -24 -25 -26 -27 -28 28 -30 -31
leaf_value=4.7809161147254287 4.8769807176713291 -2.8113021798084707 -2.1367111832092704 -1.3789231129796364 -1.2694311475384867 4.3301819204889336 5.1653274368490765 -1.7987390838263411 3.8450319709433813 -2.7816270810115418 3.7983260916490451 -1.3279289528511009 -0.72884875022995299 -2.1187742823658673 4.99623221836731 2.0435695571855259 -2.6768756878564228 -2.2623932419775192 -0.67860331388108119 -0.4092402054072557 3.7537499608273075 -2.1210220538167048 3.2244084073191388 3.9301971453300277 -0.73271378379525043 -1.735718001479615 0.36164286283619229 4.7594989124928233 0.14078380196203666 -2.6751692241834526
leaf_weight=91.048306815326214 256.6354845687747 7.1458752304315576 104.35441931337118 47.06421272456646 13.675726734101778 38.316675804555416 2.5872996523976353 81.561541423201561 46.201779507100582 2240.3550894856453 11.704450808465483 8.0083084478974325 10.349198609590532 14.41495520621538 5.9138277769088736 3.2033233791589799 637.83096668869257 354.21364288777113 3.0801186338067019 22.423263654112816 5.6674182862043363 387.84853836894035 5.6674182862043372 5.6674182862043381 18.480711802840233 25.503382287919518 6.0370325222611427 22.176854163408283 7.7618989571928969 144.88878053426743
leaf_count=739 2083 58 847 382 111 311 21 662 375 18184 95 65 84 117 48 26 5177 2875 25 182 46 3148 46 46 150 207 49 180 63 1176
internal_value=-1.78313 -2.18328 2.75688 1.59229 3.28166 0.440207 2.03362 -0.19424 1.2089 -2.58734 -1.88391 1.71578 -1.76325 0.111614 1.139 -0.778303 -2.67189 -2.06469 0.00595705 -2.15206 0.240224 -2.46514 0.669996 2.30738 -2.22013 -1.31399 2.00414 4.4793 3.56205 -2.27173
internal_weight=0 4252.78 377.007 411.134 166.696 244.438 69.6107 174.828 93.266 3841.65 412.243 19.7128 120.371 45.709 31.294 31.294 3429.4 392.53 15.8934 376.637 25.3802 1189.05 16.0166 8.74754 551.218 28.7067 11.7045 120.987 29.9388 532.737
internal_count=37578 34518 3060 3337 1353 1984 565 1419 757 31181 3346 160 977 371 254 254 27835 3186 129 3057 206 9651 130 71 4474 233 95 982 243 4324
is_linear=0
shrinkage=1


Tree=80
num_leaves=31
num_cat=0
split_feature=36 20 36 20 34 34 8 46 6 7 20 20 9 34 46 38 35 35 35 35 35 35 35 35 6 20 9 35 34 3
split_gain=7911.37 1886.88 1253.66 1242.1 1136.25 1004.21 868.752 502.586 364.036 739.932 315.222 285.014 290.426 279.197 185.738 207.234 137.135 255.451 206.767 275.653 120.36 204.749 193.161 262.94 117.376 103.609 124.553 89.5263 88.5889 262.818
threshold=3.5000000000000004 0.19289703688033524 4.5000000000000009 1.4312132079182509 0.025492134796252647 0.99376289611309943 -0.66568726596814198 11.500000000000002 -0.76476546117687028 -0.13083625607346996 3.271792583378804 0.31332396776695176 0.097920675653465919 0.017516435100350388 17.000000000000004 73.500000000000014 3.9838366311905671 4.9815225985080049 1.9924916860283506 0.98333340230330457 0.98333340230330457 1.5029012886071491 3.9838366311905671 4.0280457769682547 -1.1443219107003644 0.2569678336523285 0.33264704448066745 4.0192542007366283 0.97080071687031355 -0.72929081745230662
decision_type=2 2 2 2 2 2 2 2 2 2 2 2 2 2 2 2 2 2 2 2 2 2 2 2 2 2 2 2 2 2
left_child=5 8 3 24 11 6 -1 -5 9 27 16 12 -4 -11 15 -7 18 -18 19 -8 -17 -22 -23 -24 -3 -14 -27 -2 29 -10
right_child=1 2 4 7 -6 14 10 -9 28 13 -12 -13 25 -15 -16 20 17 -19 -20 -21 21 22 23 -25 -26 26 -28 -29 -30 -31
leaf_value=4.8156491722836243 -2.2326401144515144 1.7616043293449557 4.993850595571792 3.8994402966552419 -2.2201893574403875 -1.1968801585277247 -0.62726773985994821 -1.6628985285102376 -0.89196464698323563 3.7311965613044018 4.3320673488172181 4.7610538110535767 -1.5809129680342251 -1.9366717393854933 -2.2575190770175806 -1.1204376772403806 4.8737141259344074 -0.40724334535629825 -1.2890730303063525 3.7598606858317298 4.5446485172453919 -1.0500643776161831 4.9558675533103704 -0.74410546167191738 -2.1916410779054956 4.3870261572617322 -0.95150829257862635 0.50432656305439738 -2.7977504948570235 -2.5803417340958292
leaf_weight=148.70812764018774 301.9748308584094 7.6386942118406287 17.495073840022087 53.717268973588943 53.347654737532139 47.310622215270996 28.829910412430763 23.285696871578693 99.549434244632721 32.772462263703346 32.402848027646542 64.31287707388401 18.973530784249306 11.827655553817747 28.829910412430763 16.386231131851673 20.575192473828793 16.509435877203941 46.32498425245285 28.460296176373959 20.944806709885597 27.351453468203545 19.096735529601574 14.045340970158575 447.60283986479044 8.9939464107155818 8.5011274293065053 12.443679280579088 1726.4680966213346 1248.3104799091816
leaf_count=1207 2451 62 142 436 433 384 234 189 808 266 263 522 154 96 234 133 167 134 376 231 170 222 155 114 3633 73 69 101 14013 10132
internal_value=-1.78313 -2.23071 -0.739183 -1.49702 1.61105 1.99656 3.04296 2.21739 -2.53649 -1.58363 1.52009 3.3391 1.64444 2.22812 0.0608553 0.521381 0.8725 2.52272 0.281874 1.55214 1.35238 1.84994 0.916939 2.54027 -2.12531 0.0376292 1.79295 -2.12432 -2.64776 -2.45564
internal_weight=0 4137.22 703.869 532.244 171.624 495.776 321.811 77.003 3433.35 359.019 173.103 118.277 53.9637 44.6001 173.965 145.135 140.7 37.0846 103.615 57.2902 97.8246 81.4383 60.4935 33.1421 455.242 36.4686 17.4951 314.419 3074.33 1347.86
internal_count=37604 33580 5713 4320 1393 4024 2612 625 27867 2914 1405 960 438 362 1412 1178 1142 301 841 465 794 661 491 269 3695 296 142 2552 24953 10940
is_linear=0
shrinkage=1


Tree=81
num_leaves=31
num_cat=0
split_feature=10 36 34 8 34 35 48 35 35 6 35 34 0 9 6 1 38 46 20 34 6 38 35 6 48 25 9 6 5 19
split_gain=8442.71 6519.83 3545.67 1023.66 637.522 274.82 523.16 346.462 561.021 257.471 295.258 159.591 103.33 97.1551 81.5924 97.1289 80.4893 82.5936 76.1644 65.4519 62.9015 47.7195 45.9788 41.3189 39.7046 39.6856 36.5514 33.786 32.2588 30.9475
threshold=1.5567621339366637 3.5000000000000004 0.97876046947238315 -0.65580943308990325 0.98250612249085345 3.9838366311905671 48.000000000000007 1.9924916860283506 0.022569304056737946 -0.76476546117687028 4.9850670265449741 0.012247426097250042 -0.60431314043427709 1.4906560138589964 -1.1961339953951045 -0.039547896768107473 76.500000000000014 17.000000000000004 -0.041026303203123761 1.0059275987405019 -0.78137799809396824 76.500000000000014 0.022569304056737946 -0.42135202072452688 41.500000000000007 -0.36609582375636257 1.438366478306347 0.87837208639158482 1.0012065272063679 -0.58716151400904604
decision_type=2 2 2 2 2 2 2 2 2 2 2 2 2 2 2 2 2 2 2 2 2 2 2 2 2 2 2 2 2 2
left_child=1 3 -2 4 -1 7 19 8 -5 10 14 -12 -8 -4 15 -3 -6 22 -11 -7 -16 -20 -18 -14 -15 -17 -23 -24 -10 -30
right_child=2 9 13 5 16 6 12 -9 28 18 11 -13 23 24 20 25 17 -19 21 -21 -22 26 27 -25 -26 -27 -28 -29 29 -31
leaf_value=4.7662910216870715 4.8606630971013631 -2.7855987546205303 -2.1376254772913716 -1.3522179418400042 -1.6808233218565458 4.8088564357253425 5.1653274368490862 -1.803564716090801 3.8335062733269893 -2.7567654132107124 4.110173273522804 -1.3073806731368598 1.6143278487317934 -0.55789534253409157 -2.2327362856705899 -0.9221004284948392 -0.92210042849484075 -1.7917329806868285 -2.632648694706746 -0.51627190413857749 -0.43897123283262296 -2.1915344549218436 3.4496296103022877 -1.8494461515713647 2.9332705528896472 3.840173071604152 -0.55156134103912202 -0.24571955456773642 3.9478418637802992 -0.76601253451166174
leaf_weight=117.78373655676842 256.01946084201336 6.0370325222611436 102.01352915167809 49.405102886259556 14.168545715510843 36.468604624271393 2.5872996523976317 84.518455311655998 39.795132748782635 2699.5391754135489 12.320474535226824 9.7331748828291875 3.9425518512725857 9.6099701374769193 352.11916221678257 2.4640949070453635 3.9425518512725892 6.8994657397270194 395.48723258078098 2.4640949070453635 20.698397219181061 333.022426687181 15.154183678328993 27.228248722851276 4.9281898140907279 6.0370325222611401 14.168545715510843 2.9569138884544364 2.4640949070453644 3.2033233791589728
leaf_count=956 2078 49 828 401 115 296 21 686 323 21911 100 79 32 78 2858 20 32 56 3210 20 168 2703 123 221 40 49 115 24 20 26
internal_value=-1.78313 -2.1847 2.77921 1.59132 3.5619 0.333469 1.97373 -0.331196 0.98055 -2.58958 -1.83989 1.71919 -0.907289 -1.79296 -2.04252 0.281628 0.272195 1.22793 -2.67874 4.47182 -2.13315 -2.39515 2.17263 -1.41134 0.625551 2.4598 -2.12461 2.84631 3.51562 1.28349
internal_weight=0 4264.61 372.571 412.982 160.905 252.077 72.6908 179.386 94.8677 3851.63 409.409 22.0536 33.7581 116.552 387.356 14.5382 43.1217 28.9531 3442.22 38.9327 372.818 742.678 22.0536 31.1708 14.5382 8.50113 347.191 18.1111 45.4626 5.66742
internal_count=37638 34614 3024 3352 1306 2046 590 1456 770 31262 3323 179 274 946 3144 118 350 235 27939 316 3026 6028 179 253 118 69 2818 147 369 46
is_linear=0
shrinkage=1


Tree=82
num_leaves=31
num_cat=0
split_feature=10 9 34 8 34 42 42 14 40 40 40 40 40 34 20 20 34 20 38 20 49 6 6 20 6 6 40 20 10 38
split_gain=8333.14 5063.72 3517.79 850.785 595.354 303.218 295.343 257.038 205.235 607.247 311.803 751.152 196.921 131.301 126.863 100.546 86.0364 76.6561 72.2393 71.3678 70.0471 62.4976 65.872 62.3975 58.004 57.3492 54.3035 53.0193 52.7596 50.2047
threshold=1.5567621339366637 1.20733357875903 0.97876046947238315 -0.65580943308990325 0.98250612249085345 0.84375000000000011 0.21875000000000003 -1.0959449678051614 0.38000000000000006 0.43500000000000005 0.13500000000000004 0.080000000000000016 0.52500000000000013 0.02310485855546621 3.0370677020790411 1.0000000180025095e-35 1.0059275987405019 0.12152110051028357 76.500000000000014 1.6317370035345906 14.500000000000002 -1.1443219107003644 -0.79167579095138085 0.4352925358712017 -0.23681950707116797 -0.63379680683099093 0.38000000000000006 0.52419073147062967 -0.64254857155635159 76.500000000000014
decision_type=2 2 2 2 2 2 2 2 2 2 2 2 2 2 2 2 2 2 2 2 2 2 2 2 2 2 2 2 2 2
left_child=1 6 -2 4 5 23 24 12 10 16 11 -5 17 -14 -4 -9 -10 -8 -6 29 26 27 -23 28 -1 -11 -20 -19 -3 -17
right_child=2 3 14 8 18 -7 7 15 9 25 -12 -13 13 -15 -16 19 -18 21 20 -21 -22 22 -24 -25 -26 -27 -28 -29 -30 -31
leaf_value=3.8347421110908506 4.8323600182170185 3.4879028695098704 -2.1862786347208929 -1.6959260045978806 -1.9892791406909347 -1.9821003055447763 -2.2228761100106511 -2.7547150337017832 4.7991663622419329 1.8449122375705811 -1.7983739318299519 3.8164417971549209 3.6552678113374126 -1.5794283200577983 0.63269716481811122 -2.5992565315401031 -1.3279289528511009 -1.2719526046640302 0.77636709936655124 2.6950668538109719 -1.7281981823531671 -1.754194884908757 1.1070421932864691 4.6506703914303129 -0.11044337978231566 -1.6287347600416846 4.7144068542310178 3.9717141299189036 -0.59481936046559603 -2.0331558984019065
leaf_weight=7.5154894664883614 255.28023236989975 18.480711802840236 100.65827695280313 58.152639806270599 16.63264062255621 8.2547179386019689 296.5538220629096 2732.4348424226046 32.772462263703346 5.4210087954998007 107.55774269253016 42.998456127941608 10.595608100295069 8.7475369200110418 18.973530784249306 335.24011210352182 2.4640949070453635 3.5729376152157775 16.632640622556217 2.8337091431021681 8.9939464107155782 68.50183841586113 9.1171511560678464 93.265992231667042 7.3922847211360914 38.563085295259953 4.435370832681655 4.1889613419771194 3.8193471059203139 294.08972715586424
leaf_count=61 2072 150 817 472 135 67 2407 22178 266 44 873 349 86 71 154 2721 20 29 135 23 73 556 74 757 60 313 36 34 31 2387
internal_value=-1.78313 -2.18318 2.73542 0.955443 2.72566 3.87314 -2.56376 -2.58134 -0.0929044 1.27745 -0.613057 0.647334 -1.82484 1.28798 -1.73919 -2.67157 4.3707 -1.98249 -0.317105 -2.31217 0.608073 -1.14756 -1.41811 4.29137 1.87845 -1.20061 1.60543 1.55796 2.78865 -2.33471
internal_weight=0 4239.23 374.912 458.445 170.515 123.821 3780.78 3765.88 287.929 79.2207 208.709 101.151 401.278 19.3431 119.632 3364.6 35.2366 381.935 46.6946 632.164 30.062 85.3809 77.619 115.566 14.9078 43.9841 21.068 7.7619 22.3001 629.33
internal_count=37451 34408 3043 3721 1384 1005 30687 30566 2337 643 1694 821 3257 157 971 27309 286 3100 379 5131 244 693 630 938 121 357 171 63 181 5108
is_linear=0
shrinkage=1


Tree=83
num_leaves=31
num_cat=0
split_feature=10 9 34 8 34 42 14 35 38 49 42 35 35 35 40 14 34 20 35 40 20 20 13 49 35 38 20 40 20 10
split_gain=8223.07 5038.82 3553.32 834.73 602.153 297.447 269.814 300.782 218.88 159.858 157.97 157.729 232.28 244.156 151.554 134.372 124.078 115.73 103.379 120.92 102.538 100.293 93.6944 85.1848 99.1892 87.5366 83.0028 61.0192 55.2749 114.374
threshold=1.5567621339366637 1.20733357875903 0.025492134796252647 -0.65580943308990325 0.98250612249085345 0.84375000000000011 -1.0959449678051614 4.0192542007366283 156.50000000000003 14.500000000000002 0.21875000000000003 3.0237255918335433 1.9981270511627944 0.022569304056737946 0.43500000000000005 0.085064421622438102 0.019980506277424138 1.8424200655322027 3.9996592012382659 0.43500000000000005 1.6996588703538562 0.42034702987369849 0.81372186039641348 14.500000000000002 3.9858569701334869 214.50000000000003 -0.041026303203123761 0.13500000000000004 0.75508999516113184 -0.41920718723803901
decision_type=2 2 2 2 2 2 2 2 2 2 2 2 2 2 2 2 2 2 2 2 2 2 2 2 2 2 2 2 2 2
left_child=1 6 -2 4 5 28 7 21 15 11 -8 12 13 -10 -13 18 -9 -4 -5 -20 26 -1 -23 24 25 -6 -12 -15 29 -3
right_child=2 3 17 8 23 -7 10 16 9 -11 20 14 -14 27 -16 -17 -18 -19 19 -21 -22 22 -24 -25 -26 -27 -28 -29 -30 -31
leaf_value=-2.2078104726766634 4.8549879770472391 3.8854067061870303 -2.3032353929819815 -0.66279822733414462 -1.7369529773991441 -1.8769910740389844 1.1070421932864691 4.1291695023224584 -0.70850646830733299 -1.6951071415543852 -2.7591082271494143 5.0061789959250609 -1.3632183897516454 4.6416777280022963 0.10564713318660268 -1.8655027893556433 -1.0884235942146185 -0.0333024206071586 4.4551275192256261 -0.43897123283262296 3.6193140107299939 -1.3046834049166134 2.3006555002166511 -2.0968672095261232 4.0261596491823868 1.8679706764544599 -2.3730102149427026 0.67985427291145695 4.7684604256489562 -1.9039436325825692
leaf_weight=326.86218941956758 251.33768051862717 32.033233791589737 91.048306815326214 60.739939458668232 15.647002659738066 8.3779226839542371 11.088427081704138 11.581246063113214 18.727121293544769 20.698397219181061 2664.7954372242093 18.850326038897041 34.004509717226028 22.916082635521892 9.4867653921246511 75.524508900940418 7.5154894664883605 29.815548375248909 9.8563796281814593 10.349198609590529 2.5872996523976317 51.622788302600384 8.3779226839542371 16.386231131851673 7.0226704850792876 11.827655553817747 703.86871019750834 4.6817803233861914 78.111808553338051 3.8193471059203139
leaf_count=2653 2040 260 739 493 127 68 90 94 152 168 21629 153 276 186 77 613 61 242 80 84 21 419 68 133 57 96 5713 38 634 31
internal_value=-1.78313 -2.18959 2.71236 0.939308 2.67147 3.87387 -2.56875 -1.79842 -0.110443 0.85195 -2.66121 1.3371 0.621542 2.07844 3.36557 -0.906123 2.07579 -1.74327 -0.0109938 1.94839 -2.6736 -1.98966 -0.801269 -0.219516 0.672226 -0.185058 -2.67843 3.96958 4.29664 3.26867
internal_weight=0 4247.36 372.202 459.061 173.226 122.342 3788.3 405.96 285.835 129.365 3382.34 108.667 80.3295 46.325 28.3371 156.47 19.0967 120.864 80.9455 20.2056 3371.25 386.863 60.0007 50.8836 34.4973 27.4747 3368.66 27.5979 113.964 35.8526
internal_count=37495 34474 3021 3726 1406 993 30748 3295 2320 1050 27453 882 652 376 230 1270 155 981 657 164 27363 3140 487 413 280 223 27342 224 925 291
is_linear=0
shrinkage=1


Tree=84
num_leaves=31
num_cat=0
split_feature=10 36 46 8 34 6 35 35 40 40 35 34 9 0 49 35 20 6 1 6 34 6 35 3 34 9 31 25 20 6
split_gain=8561.27 6512.8 3516.6 903.984 726.205 259.841 260.702 242.399 516.393 408.186 607.496 155.707 133.637 114.949 91.3865 87.4147 80.4649 76.6219 91.5808 83.6562 63.6407 55.9576 51.1821 44.0759 40.7729 37.2131 35.2096 34.3931 29.097 27.9613
threshold=1.5567621339366637 3.5000000000000004 10.500000000000002 -0.65580943308990325 0.9901273583958824 -0.76476546117687028 4.0192542007366283 3.9838366311905671 0.48000000000000004 0.21500000000000002 0.022569304056737946 0.019980506277424138 1.4906560138589964 -0.60431314043427709 14.500000000000002 3.9971446703843951 -0.041026303203123761 -1.1961339953951045 -0.039547896768107473 -0.78137799809396824 1.0075957483024804 -0.11511984611331834 3.0021726557550323 0.75414030201299298 1.0143476453062481 1.438366478306347 -0.2966508931047705 0.88509570189522357 1.0600983672049427 1.3878316539155395
decision_type=2 2 2 2 2 2 2 2 2 2 2 2 2 2 2 2 2 2 2 2 2 2 2 2 2 2 2 2 2 2
left_child=1 3 -2 4 29 6 17 9 20 10 -5 -8 -4 -10 15 21 -7 18 -3 27 -9 -6 -14 -20 -12 -18 -15 28 -19 -1
right_child=2 5 12 7 14 16 11 8 13 -11 24 -13 22 26 -16 -17 25 19 23 -21 -22 -23 -24 -25 -26 -27 -28 -29 -30 -31
leaf_value=4.8162276309512269 4.8418967343260695 -2.7821478317943713 -2.1749608850426205 -1.2414071354756544 2.1930621880426608 -2.7600797110116297 4.1066443298327497 4.7324436775357404 5.1653274368490862 -1.8120752626094481 4.0722649357176079 -1.3279289528511009 -0.46216143422440936 0.5710422554574428 -2.0348560597942664 4.9517334766615804 -2.4288626361097796 -2.381431959037998 -0.67860331388108119 -0.13023989316554818 -0.51627190413857749 -1.0288974085885925 3.3052800335495531 4.0585223704229172 -0.11044337978231589 -1.0960269389332371 -2.0448240111048017 -1.3004151545896594 -0.64653785022824173 1.6363837467946365
leaf_weight=114.58041317760944 259.71560320258141 5.9138277769088754 101.76711966097355 48.542669668793678 8.7475369200110453 2667.875555858016 11.334836572408678 36.961423605680466 2.8337091431021681 84.272045820951462 42.998456127941608 9.8563796281814557 9.2403559014201146 6.5298515036702183 15.277388423681257 4.6817803233861914 737.01078669726849 308.87429659813643 3.0801186338067019 20.205578237771988 2.4640949070453635 14.045340970158579 5.9138277769088736 5.4210087954998016 2.4640949070453635 21.560830436646938 24.271334834396839 36.345399878919125 9.979584373533724 2.8337091431021681
leaf_count=930 2108 48 826 394 71 21654 92 300 23 684 349 80 75 53 124 38 5982 2507 25 164 20 114 48 44 20 175 197 295 81 23
internal_value=-1.78313 -2.18282 2.79169 1.59792 3.4546 -2.58824 -1.83692 0.414746 1.94881 -0.213934 1.21874 1.57894 -1.76241 -0.929533 -0.0741878 1.01605 -2.67837 -2.02261 0.239887 -2.10949 4.4044 0.207638 1.00806 2.34217 3.84556 -2.39098 -1.49026 -2.22207 -2.32713 4.73948
internal_weight=0 4248.96 376.637 411.504 160.166 3837.46 411.011 251.338 73.0604 178.277 94.0052 21.1912 116.921 33.6349 42.752 27.4747 3426.45 389.82 14.415 375.405 39.4255 22.7929 15.1542 8.50113 45.4626 758.572 30.8012 355.199 318.854 117.414
internal_count=37544 34487 3057 3340 1300 31147 3336 2040 593 1447 763 172 949 273 347 223 27811 3164 117 3047 320 185 123 69 369 6157 250 2883 2588 953
is_linear=0
shrinkage=1


Tree=85
num_leaves=31
num_cat=0
split_feature=10 36 46 2 46 35 35 40 35 14 35 46 20 0 38 14 23 6 46 20 38 25 2 6 6 35 35 46 6 38
split_gain=8182.48 6671.69 3523.61 785.684 604.529 247.897 441.299 407.537 596.564 233.211 283.165 138.894 129.761 103.174 97.5811 88.7689 107.933 79.9365 76.4432 75.2794 59.6754 59.2795 114.602 49.4224 45.0145 35.957 47.6211 34.6463 42.0784 32.539
threshold=1.5567621339366637 3.5000000000000004 7.0000000000000009 -0.56666727637951553 7.0000000000000009 3.9838366311905671 4.9815225985080049 0.20500000000000004 0.022569304056737946 -1.0959449678051614 4.0192542007366283 7.0000000000000009 3.0370677020790411 -0.59510479209158318 76.500000000000014 -2.535449313321108 -1.9342315477894498 -0.78137799809396824 17.000000000000004 -0.045087988890539381 76.500000000000014 2.5402804767878782 -0.78888807744659928 1.5785353930772599 -0.63379680683099093 3.001148002981227 4.9872545186960853 13.500000000000002 0.160618944225798 168.50000000000003
decision_type=2 2 2 2 2 2 2 2 2 2 2 2 2 2 2 2 2 2 2 2 2 2 2 2 2 2 2 2 2 2
left_child=1 3 -2 4 21 7 27 8 -5 10 15 -12 -4 -8 -6 16 -3 -17 23 29 -21 -1 -23 -16 -15 -14 -27 -7 -29 -11
right_child=2 9 12 5 14 6 13 -9 -10 19 11 -13 25 24 18 17 -18 -19 -20 20 -22 22 -24 -25 -26 26 -28 28 -30 -31
leaf_value=4.7207134358060951 4.847808786985996 -2.7889116405336427 -2.224385991727619 -1.3146593553244657 -1.6886654189455557 4.8096211605208889 5.1653274368490774 -1.8312821613549914 3.7980976489108782 -2.8099695777121969 4.0428230077785736 -1.236474637503211 -0.46001844531691782 2.5827822818546826 2.5317593532605791 -2.2640663678130815 2.7424705750206586 -0.2915758850034722 -1.8372039638079782 -2.6489638785487997 -2.0844524345292301 4.5527560793301989 -0.54633327631311546 -1.8925599432598128 -1.7025398984107269 4.4696213950954951 -0.67860331388108253 -0.73763291742381121 4.2634862716129476 -2.5613701773048332
leaf_weight=105.70967151224613 251.95370424538851 6.1602372676134101 99.056615263223648 45.216141544282436 16.63264062255621 30.924391083419323 2.7105043977499035 79.467060752213001 46.078574761748314 1953.6576470509171 11.581246063113214 8.7475369200110418 12.443679280579092 2.710504397749907 23.162492126226429 355.07607610523701 8.2547179386019689 21.807239927351475 6.2834420129656783 400.29221764951944 351.87275272607803 13.059703007340433 6.6530562490224829 2.8337091431021681 25.626587033271786 4.3121660873293868 3.0801186338067055 2.7105043977498999 4.4353708326816559 720.74776031076908
leaf_count=858 2045 50 804 367 135 251 22 645 374 15857 94 71 101 22 188 2882 67 177 51 3249 2856 106 54 23 208 35 25 22 36 5850
internal_value=-1.78313 -2.16745 2.73036 1.64541 3.26094 0.471307 2.06917 -0.175446 1.26587 -2.57893 -1.86774 1.77113 -1.75689 -0.728849 0.279029 -2.05678 0.378632 -2.14993 1.29292 -2.66437 -2.38488 4.42383 2.83181 2.04949 -1.29264 0.577701 2.32453 4.35104 2.36651 -2.74297
internal_weight=0 4252.41 370.846 414.214 174.335 239.88 69.1179 170.762 91.2947 3838.2 411.627 20.3288 118.893 31.0476 48.9123 391.298 14.415 376.883 32.2796 3426.57 752.165 125.422 19.7128 25.9962 28.3371 19.836 7.39228 38.0703 7.14588 2674.41
internal_count=37525 34515 3010 3362 1415 1947 561 1386 741 31153 3341 165 965 252 397 3176 117 3059 262 27812 6105 1018 160 211 230 161 60 309 58 21707
is_linear=0
shrinkage=1


Tree=86
num_leaves=31
num_cat=0
split_feature=10 36 46 8 46 35 40 35 35 6 35 46 0 20 20 6 1 6 46 6 35 35 9 25 6 12 9 46 12 35
split_gain=8270.09 6358.2 3489.27 961.413 697.498 230.93 516.067 412.761 609.812 229.972 276.795 135.115 119.445 105.366 86.5308 69.6164 98.6389 69.2744 67.6367 60.0045 51.7453 39.605 39.5074 31.7278 30.8151 30.7497 29.5809 27.0232 26.2791 25.1983
threshold=1.5567621339366637 3.5000000000000004 10.500000000000002 -0.65580943308990325 7.0000000000000009 3.9838366311905671 0.48000000000000004 1.993847866735732 0.022569304056737946 -0.76476546117687028 4.0192542007366283 7.0000000000000009 -0.60431314043427709 3.0370677020790411 -0.045087988890539381 -1.1961339953951045 -0.039547896768107473 -0.78137799809396824 17.000000000000004 -0.1203143631746262 3.001148002981227 4.9872545186960853 0.37788823067859451 0.10095617379214944 -0.63379680683099093 -0.66403162306656949 1.438366478306347 13.500000000000002 -1.0735965437430834 3.9984399851025794
decision_type=2 2 2 2 2 2 2 2 2 2 2 2 2 2 2 2 2 2 2 2 2 2 2 2 2 2 2 2 2 2
left_child=1 3 -2 4 -1 7 27 8 -5 10 15 -12 -8 28 -11 16 -3 23 19 -6 -15 -22 -18 -17 -14 -9 -16 -7 -4 -21
right_child=2 9 13 5 18 6 12 25 -10 14 11 -13 24 20 26 17 22 -19 -20 29 21 -23 -24 -25 -26 -27 -28 -29 -30 -31
leaf_value=4.780074900243358 4.855291933423147 -2.8063042915774825 0.76885175632291758 -1.3479698676341261 2.5150187063592142 4.7878125304711681 5.1653274368490862 -0.36084821395958366 3.58987518013436 -2.7522286474024495 4.0184207375813878 -1.1722686969336307 1.918699241998987 -0.94391916636345574 -2.403271540231652 -2.4613426321274123 0.00023712686030208374 -0.44003892166281577 -2.310461169713629 -1.0252771719752449 4.2878603571598717 -0.35394049439607334 4.2878603571598708 -1.8149231820786149 -1.7626239412829126 -2.1149072399473652 -1.2493814965240824 2.4598039411406747 -2.2582370319705003 1.2423183680718897
leaf_weight=114.21079894155264 251.5840900093317 6.8994657397270212 2.9569138884544364 49.897921867668629 12.074065044522284 31.786824300885201 2.9569138884544364 11.581246063113211 50.144331358373165 2673.1733599081635 11.334836572408678 8.9939464107155782 2.464094907045367 11.458041317760946 728.14004503190517 240.86527716368437 4.0657565966248477 22.300058908760548 9.3635606467723829 14.538159951567652 4.5585755780339232 3.0801186338067055 4.5585755780339241 110.8842708170414 29.445934139192104 72.937209248542786 22.916082635521889 5.9138277769088736 95.237268157303333 7.3922847211360923
leaf_count=927 2042 56 24 405 98 258 24 94 407 21697 92 73 20 93 5910 1955 33 181 76 118 37 25 37 900 239 592 186 48 773 60
internal_value=-1.78313 -2.18091 2.7553 1.53867 3.48363 0.346721 1.85807 -0.247526 1.12703 -2.58323 -1.87538 1.72193 -0.91493 -1.7491 -2.66797 -2.06309 0.0119493 -2.14921 0.0694124 0.72474 0.400115 2.41617 2.26655 -2.25757 -1.47835 -1.87456 -2.36806 4.42263 -2.16708 -0.260919
internal_weight=0 4248.84 368.875 414.707 157.579 257.128 72.5676 184.561 100.042 3834.13 409.902 20.3288 34.8669 117.291 3424.23 389.573 15.5238 374.05 43.3681 34.0045 19.0967 7.63869 8.62433 351.75 31.91 84.5185 751.056 37.7007 98.1942 21.9304
internal_count=37480 34486 2994 3366 1279 2087 589 1498 812 31120 3327 165 283 952 27793 3162 126 3036 352 276 155 62 70 2855 259 686 6096 306 797 178
is_linear=0
shrinkage=1


Tree=87
num_leaves=31
num_cat=0
split_feature=10 9 34 8 34 14 40 38 14 20 49 40 40 40 40 34 20 20 10 20 20 40 40 49 40 3 38 20 38 40
split_gain=8328.38 5268.17 3457.96 821.372 633.552 270.472 257.635 186.461 162.115 151.023 145.176 153.921 251.447 238.896 153.98 141.272 138.636 136.031 110.274 104.021 101.414 96.7455 137.936 94.721 126.468 86.7094 84.8334 70.2009 69.2801 66.8902
threshold=1.5567621339366637 1.20733357875903 0.025492134796252647 -0.65580943308990325 0.98250612249085345 -1.0959449678051614 0.52500000000000013 156.50000000000003 0.059793378546238625 0.4352925358712017 14.500000000000002 0.41500000000000004 0.21500000000000002 0.080000000000000016 0.43500000000000005 0.012247426097250042 3.0370677020790411 1.0000000180025095e-35 -0.74645877330604427 1.4897372580023809 0.56277798041507887 0.38000000000000006 0.43500000000000005 14.500000000000002 0.38000000000000006 0.95984606878216916 332.50000000000006 -0.037995735714379884 76.500000000000014 0.13500000000000004
decision_type=2 2 2 2 2 2 2 2 2 2 2 2 2 2 2 2 2 2 2 2 2 2 2 2 2 2 2 2 2 2
left_child=1 5 -2 4 9 6 20 8 21 18 11 12 13 -9 -13 -8 -4 -7 27 28 -1 29 -23 24 26 -22 -6 -3 -19 -5
right_child=2 3 16 7 23 17 15 10 -10 -11 -12 14 -14 -15 -16 -17 -18 19 -20 -21 25 22 -24 -25 -26 -27 -28 -29 -30 -31
leaf_value=-2.1710275228193461 4.8635371447641944 0.61512883043039213 -2.1811314934452888 0.63676879596376268 -1.6078106937864538 -2.7556718306268273 3.956476513234688 -0.49167623599577381 -1.8009647487568072 4.5019040509282497 -1.6230769705647456 4.9517334766615786 -1.3225891038464133 4.0007760191311181 -0.2059324443367303 -1.3059922758588705 0.78665125300520988 -2.6065465903873446 -1.6230769705647456 0.9567353324137795 -1.0319400575941122 4.5269454884235039 -0.48891267777748126 -2.3760530157554616 4.5527560793302007 3.7329914685328687 2.1930621880426626 4.2786432659866653 -1.9474738909346978 -1.5128634702792707
leaf_weight=343.49483004212379 251.83049950003624 8.1315131932497078 98.687001027166843 28.706705667078495 17.864688076078895 2740.6895603612065 11.581246063113214 20.328782983124256 77.372580081224442 96.469315610826015 20.328782983124256 18.727121293544773 37.454242587089539 28.33709143102169 8.3779226839542371 9.1171511560678464 18.727121293544769 339.42907344549894 6.7762609943747512 9.979584373533724 43.244865618646145 10.965222336351873 10.96522233635187 15.647002659738062 6.5298515036702147 4.1889613419771186 8.7475369200110418 14.661364696919916 300.86598815023899 29.199524648487568
leaf_count=2788 2044 66 801 233 145 22245 94 165 628 783 165 152 304 230 68 74 152 2755 55 81 351 89 89 127 53 34 71 119 2442 237
internal_value=-1.78313 -2.17644 2.77396 0.998578 2.71148 -2.56519 -1.79972 -0.0313412 -0.769438 3.89587 0.837488 1.27927 0.625157 2.12418 3.35755 1.63848 -1.70778 -2.65811 1.9187 -2.24693 -1.98176 0.230252 2.01902 -0.348202 0.609186 -0.611141 -0.35845 2.97166 -2.29686 -0.447195
internal_weight=0 4268.18 369.245 465.591 174.828 3802.59 411.627 290.763 157.209 126.038 133.554 113.225 86.1201 48.6659 27.105 20.6984 117.414 3390.96 29.5691 650.275 390.929 79.8367 21.9304 48.7891 33.1421 47.4338 26.6122 22.7929 640.295 57.9062
internal_count=37640 34643 2997 3779 1419 30864 3341 2360 1276 1023 1084 919 699 395 220 168 953 27523 240 5278 3173 648 178 396 269 385 216 185 5197 470
is_linear=0
shrinkage=1


Tree=88
num_leaves=31
num_cat=0
split_feature=1 36 34 8 34 35 48 48 35 14 35 9 34 0 34 9 6 14 1 34 6 35 6 35 0 31 20 22 9 34
split_gain=8405.06 6336.89 3250.8 1045.33 668.39 252.109 500.452 372.114 592.234 243.008 268.014 154.68 145.359 118.567 109.687 74.0634 69.6128 68.5244 102.763 59.2376 74.959 56.7985 53.3568 66.8359 76.3469 49.5139 33.7385 32.7684 31.6375 30.9614
threshold=1.5373033721667195 3.5000000000000004 0.97876046947238315 -0.44845291703204254 0.9901273583958824 3.9838366311905671 48.000000000000007 20.500000000000004 0.022569304056737946 -1.0959449678051614 4.0192542007366283 1.20733357875903 0.019980506277424138 -0.60431314043427709 1.0099712658514315 0.14410075192778152 -0.78137799809396824 -2.535449313321108 -0.039547896768107473 1.0111367187541591 -0.1203143631746262 0.99139380153227952 -0.1086399883730811 4.9815225985080049 -0.59310624632044118 -0.2966508931047705 1.0600983672049427 -0.59203641594196876 0.37788823067859451 0.99376289611309943
decision_type=2 2 2 2 2 2 2 2 2 2 2 2 2 2 2 2 2 2 2 2 2 2 2 2 2 2 2 2 2 2
left_child=1 3 27 4 -1 7 14 8 -5 10 16 -4 -12 -8 -7 -11 17 18 -3 20 -6 -13 23 -17 -25 -15 -19 -2 -20 -26
right_child=2 9 11 5 19 6 13 -9 -10 15 12 21 -14 25 -16 22 -18 26 28 -21 -22 -23 -24 24 29 -27 -28 -29 -30 -31
leaf_value=4.8038258881118008 4.7803360738900897 -2.9512430502761475 -2.1478261746470002 -1.3789231129796364 2.9429331368028899 4.7540147432447668 5.1653274368490862 -1.8063078279302698 3.739754150158535 -2.7825003318272654 4.0950104495358666 -2.1187742823658668 -1.2424913687760983 0.89344823309896282 -2.1395860015636243 -2.3436725892956605 -0.2617285693352418 -2.292655078182622 -0.029277674911063034 -2.1079629996657339 -0.35980789474821151 1.8156316802577195 -2.6588844129010947 4.353670388136563 -0.55316540635278311 -2.1115978274700891 -0.65410045958032681 2.6779913198268375 4.0973576359115542 -2.2876240796306884
leaf_weight=116.18207486718893 251.95370424538851 6.4066467583179474 97.085339337587357 47.06421272456646 10.349198609590532 36.468604624271393 2.9569138884544364 88.214597672224045 43.491275109350681 2186.7610252574086 11.21163182705641 4.8049850687384632 9.3635606467723829 7.0226704850792876 2.4640949070453635 490.47809124737978 20.821601964533329 332.52960770577192 3.0801186338067037 9.4867653921246511 20.451987728476524 15.523797914385794 690.93221193552017 2.4640949070453635 21.684035181999207 25.010563306510448 13.059703007340429 7.6386942118406287 4.6817803233861923 19.589554511010647
leaf_count=943 2045 52 788 382 84 296 24 716 353 17749 91 39 76 57 20 3981 169 2699 25 77 166 126 5608 20 176 203 106 62 38 159
internal_value=-1.78313 -2.18435 2.74362 1.55552 3.58675 0.29776 1.85106 -0.344543 1.07943 -2.58566 -1.84942 -1.62261 1.66597 -0.893521 4.31771 -2.67222 -2.03948 -2.14237 0.0130696 0.0769576 0.749913 0.885681 -2.47538 -2.23805 -1.05357 -1.4528 -2.23073 4.71847 2.4598 -1.37639
internal_weight=0 4222.23 377.007 409.163 156.47 252.693 73.9228 178.77 90.5555 3813.06 401.155 117.414 20.5752 34.9901 38.9327 3411.91 380.579 359.758 14.1685 40.288 30.8012 20.3288 1225.15 534.216 43.7377 32.0332 345.589 259.592 7.7619 41.2736
internal_count=37330 34270 3060 3321 1270 2051 600 1451 735 30949 3256 953 167 284 316 27693 3089 2920 115 327 250 165 9944 4336 355 260 2805 2107 63 335
is_linear=0
shrinkage=1


Tree=89
num_leaves=31
num_cat=0
split_feature=10 36 46 8 34 40 40 40 40 14 40 34 0 49 40 9 20 6 1 6 38 34 38 40 9 38 6 6 34 40
split_gain=8511.32 6547.58 3516.79 980.727 659.71 251.37 518.194 349.508 607.474 243.833 266.967 168.293 117.825 111.488 106.807 99.8309 80.6393 69.7984 83.7658 69.0598 67.7889 61.01 59.2499 50.84 46.818 46.1779 43.7133 42.7472 37.6608 33.7792
threshold=1.5567621339366637 3.5000000000000004 10.500000000000002 -0.65580943308990325 0.98250612249085345 0.38000000000000006 0.48000000000000004 0.20500000000000004 0.080000000000000016 -1.0959449678051614 0.53500000000000014 0.02310485855546621 -0.60431314043427709 14.500000000000002 0.41500000000000004 1.20733357875903 -0.11069291201708877 -1.1961339953951045 -0.039547896768107473 -0.78137799809396824 332.50000000000006 1.0026464741153509 76.500000000000014 0.38000000000000006 1.438366478306347 911.50000000000011 -0.11511984611331834 -0.63379680683099093 1.0137496986605754 0.43500000000000005
decision_type=2 2 2 2 2 2 2 2 2 2 2 2 2 2 2 2 2 2 2 2 2 2 2 2 2 2 2 2 2 2
left_child=1 3 -2 4 -1 7 21 8 -5 10 17 -12 -8 14 20 -4 -11 18 -3 -19 26 -7 -18 -17 -24 -20 -6 -14 -10 -25
right_child=2 9 15 5 13 6 12 -9 28 16 11 -13 27 -15 -16 23 22 19 25 -21 -22 -23 24 29 -26 -27 -28 -29 -30 -31
leaf_value=4.7667079876381289 4.8516622605813646 -2.7889116405336427 -2.1684266073554399 -1.3558483599321214 1.6143278487317934 4.7801342611889055 5.1653274368490862 -1.7690999012504003 3.9094683929958984 -2.7577219734307832 4.3445506460161951 -1.5598309667689647 2.4598039411406694 -2.0719479141709138 5.0029960271065814 -0.81530344840108637 -2.6467923729784051 -2.2231877848894026 3.4483606030341347 -0.37083046766407923 2.5886383933172663 -0.24571955456773642 -2.1903145671081568 4.4043989536810955 -0.33982471963585503 -1.4755029617079234 -2.3875923220035618 -1.7819066241648851 -0.11044337978231589 -0.24571955456773686
leaf_weight=117.90694130212069 258.23714625835419 6.1602372676134118 97.085339337587357 50.144331358373165 3.9425518512725857 36.345399878919125 2.9569138884544364 82.054360404610634 42.998456127941608 2563.0283175632358 10.965222336351873 8.6243321746587736 2.5872996523976353 14.784569442272185 6.1602372676134101 14.045340970158579 472.98301740735769 361.23631337285042 6.4066467583179438 21.314420945942402 7.7618989571928969 2.5872996523976317 390.31263327598572 3.9425518512725821 14.168545715510843 2.7105043977499008 8.8707416653633135 29.0763199031353 2.4640949070453635 2.5872996523976326
leaf_count=957 2096 50 788 407 32 295 24 666 349 20803 89 70 21 120 50 114 3839 2932 52 173 63 21 3168 32 115 22 72 236 20 21
internal_value=-1.78313 -2.17651 2.78702 1.61965 3.55958 0.388533 1.94317 -0.255101 1.04429 -2.58058 -1.85881 1.74514 -0.871552 0.131609 1.35017 -1.74438 -2.66814 -2.03628 0.0597428 -2.11998 0.256503 4.44614 -2.40649 0.256503 -2.12549 1.98451 -1.15623 -1.43531 3.69159 2.5619
internal_weight=0 4268.55 375.898 410.641 159.427 251.214 73.5532 177.661 95.6069 3857.91 417.418 19.5896 34.6205 41.52 26.7354 117.661 3440.49 397.828 15.2774 382.551 20.5752 38.9327 877.464 20.5752 404.481 9.11715 12.8133 31.6636 45.4626 6.52985
internal_count=37697 34646 3051 3333 1294 2039 597 1442 776 31313 3388 159 281 337 217 955 27925 3229 124 3105 167 316 7122 167 3283 74 104 257 369 53
is_linear=0
shrinkage=1


Tree=90
num_leaves=31
num_cat=0
split_feature=10 9 46 8 34 42 42 14 35 38 14 34 34 35 42 20 20 35 35 35 35 33 6 10 20 38 49 20 10 35
split_gain=8208.47 5200.85 3585.43 812.628 613.586 316.944 303.765 228.028 247.514 184.956 183.194 132.629 120.016 106.594 97.4679 96.4978 81.9225 79.3005 243.849 190.538 162.728 76.8575 73.749 72.5703 72.1917 70.5605 66.7579 65.8593 74.2498 62.7631
threshold=1.5567621339366637 1.20733357875903 10.500000000000002 -0.66568726596814198 0.9901273583958824 0.21875000000000003 0.84375000000000011 -1.0959449678051614 4.0192542007366283 156.50000000000003 0.059793378546238625 1.0258478284502994 0.012247426097250042 3.9858569701334869 0.21875000000000003 -0.041026303203123761 -0.098241549590783392 3.0237255918335433 1.9956819832939543 0.022569304056737946 4.9952677207492622 -0.3099752188619127 -1.1443219107003644 0.012451848423380481 1.6317370035345906 76.500000000000014 14.500000000000002 0.4352925358712017 -0.64254857155635159 3.9915476583191869
decision_type=2 2 2 2 2 2 2 2 2 2 2 2 2 2 2 2 2 2 2 2 2 2 2 2 2 2 2 2 2 2
left_child=1 5 -2 4 6 -1 27 8 21 10 13 16 -10 -5 -4 -9 -11 18 19 -18 -19 -7 23 -23 -17 -6 29 28 -3 -27
right_child=2 3 14 9 25 7 -8 15 12 11 -12 -13 -14 -15 -16 24 17 20 -20 -21 -22 22 -24 -25 -26 26 -28 -29 -30 -31
leaf_value=2.1750119942239996 4.8669241101165408 3.5738430276088433 0.89785223227808664 -0.36946491195980502 -2.0838233035604738 -2.3899023659718921 -1.6525917723361103 -2.7560917639319578 3.9918473664213394 -1.598481302421942 -1.835214608296428 -2.1782363372166014 -1.1341004039048266 2.2665522628757886 -2.114192327965434 -2.3623524815998751 -0.32708868225821486 4.5930051589107688 -1.2821096033270067 3.9602471025160817 -0.10625958056214868 -2.7052863688481104 -1.6919076104572845 2.385680009751403 2.6950668538109719 0.57222940925108445 -1.6863229743605268 4.6740613284178218 -1.3279289528511009 4.7381395164740736
leaf_weight=14.045340970158575 251.33768051862717 18.850326038897041 11.950860299170015 59.261482514441013 16.139821641147137 240.49566292762756 9.2403559014201146 2669.7236270383 10.225993864238264 9.6099701374769193 78.85103702545166 12.936498261988161 8.2547179386019689 20.698397219181061 106.32569523900747 711.50740440934896 16.386231131851673 19.219940274953842 30.554776847362518 28.213886685669422 11.950860299170019 4.0657565966248503 130.22741583734751 8.9939464107155782 2.8337091431021681 15.893412150442606 9.4867653921246511 93.635606467723846 3.6961423605680457 4.6817803233861914
leaf_count=114 2040 153 97 481 131 1952 75 21669 83 78 640 105 67 168 863 5775 133 156 248 229 97 33 1057 73 23 129 77 760 30 38
internal_value=-1.78313 -2.18241 2.73036 0.996005 2.71812 -2.56654 3.86572 -2.58413 -1.87235 -0.0313633 -0.753661 0.858734 1.70226 0.312894 -1.80985 -2.66874 1.19761 1.45033 0.894149 2.38507 2.79131 -2.04448 -1.46472 0.800757 -2.34229 -0.397229 0.508279 4.30461 2.77027 1.52016
internal_weight=0 4259.68 369.614 459.307 171.624 3800.37 125.422 3786.33 402.263 287.683 158.811 128.872 18.4807 79.9599 118.277 3384.06 115.936 106.326 75.1549 44.6001 31.1708 383.783 143.287 13.0597 714.341 46.2018 30.062 116.182 22.5465 20.5752
internal_count=37574 34574 3000 3728 1393 30846 1018 30732 3265 2335 1289 1046 150 649 960 27467 941 863 610 362 253 3115 1163 106 5798 375 244 943 183 167
is_linear=0
shrinkage=1


Tree=91
num_leaves=31
num_cat=0
split_feature=10 47 46 42 8 34 42 42 38 6 35 49 35 40 35 40 6 20 49 35 34 35 40 40 35 38 42 20 35 20
split_gain=8247.74 3907.62 3602.42 861.462 789.898 410.477 381.421 1092.53 213.54 208.135 226.16 159.047 155.985 305.163 278.311 188.337 140.645 110.962 99.3629 100.993 93.3686 85.0745 218.056 77.0025 177.533 68.6508 65.9097 54.9602 54.9208 52.3667
threshold=1.5567621339366637 3.5000000000000004 10.500000000000002 0.84375000000000011 -0.65580943308990325 0.02310485855546621 0.28125000000000006 0.21875000000000003 156.50000000000003 -0.76476546117687028 4.0192542007366283 14.500000000000002 3.9838366311905671 0.13500000000000004 0.022569304056737946 0.43500000000000005 -0.12546839527887141 3.0370677020790411 14.500000000000002 3.9915476583191869 0.012247426097250042 3.9858569701334869 0.43500000000000005 0.13500000000000004 0.97503411144812879 310.50000000000006 0.21875000000000003 1.0600983672049427 3.001148002981227 0.047110220341655712
decision_type=2 2 2 2 2 2 2 2 2 2 2 2 2 2 2 2 2 2 2 2 2 2 2 2 2 2 2 2 2 2
left_child=1 9 -2 4 5 6 7 -3 16 10 27 12 13 14 -10 -14 21 -4 19 25 -12 23 -23 24 -6 -7 -11 -1 -19 -28
right_child=2 3 17 -5 8 18 -8 -9 11 26 20 -13 15 -15 -16 -17 -18 28 -20 -21 -22 22 -24 -25 -26 -27 29 -29 -30 -31
leaf_value=-2.1500493520995132 4.8864074888379099 4.7429719590122525 -2.1829269119317685 -2.091411015201273 -1.4883727880617159 -1.3279289528511009 4.9029383047221931 -1.8036559634075413 -0.56136396240038433 1.9186992419989923 3.7769666956302936 -1.8317160865347362 4.9962322183673091 -1.5163875815759085 4.2302386710512483 -0.1881552248718128 -1.9907646181195855 -0.87892718122289681 -2.1240766312060599 3.8769829150831763 -0.95536506163879509 4.6242227377074014 -1.2214821267904421 -1.7670625536742899 3.2555461457607962 1.7478240738489876 -2.7593749109749295 0.16325492734167457 2.6463917684309104 -2.3763599065301828
leaf_weight=334.50088363140821 250.96806628257036 54.456497445702553 101.52071017026901 163.985516063869 21.191216200590134 19.096735529601577 57.167001843452454 47.926645942032337 22.176854163408279 3.0801186338067046 9.3635606467723864 25.010563306510448 17.741483330726627 46.694598488509655 26.735429741442204 11.581246063113211 94.74444917589426 11.581246063113214 19.34314502030611 7.7618989571928969 7.5154894664883605 11.088427081704141 15.030978932976721 40.534361220896244 12.566884025931357 11.704450808465479 2736.2541895285249 10.595608100295065 7.1458752304315558 410.51821151375771
leaf_count=2715 2037 442 824 1331 172 155 464 389 180 25 76 203 144 379 217 94 769 94 157 63 61 90 122 329 102 95 22209 86 58 3332
internal_value=-1.78313 -2.18562 2.73009 -0.0745884 0.51332 2.00607 2.83377 1.67843 -0.427311 -2.62235 -1.90421 0.470122 0.930943 0.31212 2.05772 2.94862 -1.11682 -1.77035 -0.274502 0.65324 1.66987 -0.292195 1.26019 -0.837973 0.277612 -0.159143 -2.70488 -2.07902 0.46626 -2.70941
internal_weight=0 4238.37 371.216 726.538 562.553 217.456 159.55 102.383 345.096 3511.83 361.976 149.94 124.93 95.6069 48.9123 29.3227 195.156 120.248 57.9062 38.5631 16.8791 100.412 26.1194 74.2925 33.7581 30.8012 3149.85 345.096 18.7271 3146.77
internal_count=37414 34401 3013 5897 4566 1765 1295 831 2801 28504 2938 1217 1014 776 397 238 1584 976 470 313 137 815 212 603 274 250 25566 2801 152 25541
is_linear=0
shrinkage=1


Tree=92
num_leaves=31
num_cat=0
split_feature=10 36 34 8 34 35 48 35 35 14 35 34 36 0 49 35 34 14 1 38 33 14 49 38 35 14 35 3 14 14
split_gain=8390.54 6603.63 3383.27 1014.26 608.649 247.838 521.195 378.038 617.752 224.041 252.32 153.419 114.243 104.778 90.5606 109.208 85.1874 74.2316 89.7167 68.7235 68.0845 67.0593 61.0312 55.8865 51.3772 43.2161 40.4291 38.4307 32.414 29.2287
threshold=1.5567621339366637 3.5000000000000004 0.025492134796252647 -0.44845291703204254 0.98250612249085345 3.9838366311905671 48.000000000000007 1.993847866735732 0.022569304056737946 -1.0959449678051614 4.0192542007366283 0.012247426097250042 3.5000000000000004 -0.60431314043427709 14.500000000000002 3.9915476583191869 1.0085018677699751 -2.535449313321108 -0.039547896768107473 159.50000000000003 -0.098092849660665185 -1.1613605339247191 11.500000000000002 76.500000000000014 3.001148002981227 -0.79743811077240079 4.9872545186960853 0.75414030201299298 0.9339492431873897 -1.0000000180025095e-35
decision_type=2 2 2 2 2 2 2 2 2 2 2 2 2 2 2 2 2 2 2 2 2 2 2 2 2 2 2 2 2 2
left_child=1 3 -2 4 -1 7 16 8 -5 10 17 -12 24 -8 15 19 -7 18 -3 29 -11 -19 -10 -22 -4 -15 -26 -20 -25 -6
right_child=2 9 12 5 14 6 13 -9 22 20 11 -13 -14 25 -16 -17 -18 21 27 -21 23 -23 -24 28 26 -27 -28 -29 -30 -31
leaf_value=4.7932458473540063 4.8589666880703399 -2.7821478317943713 -0.73132633584873363 -1.3200678676335462 1.1070421932864674 4.7409315943850219 5.1653274368490862 -1.7900402652567711 3.9769897688445628 -2.7675058440403415 4.0709583824052329 -1.3479698676341261 -2.1364113325334579 2.4598039411406694 -1.967416324563998 5.1653274368490862 -1.3279289528511009 -2.2777650985547404 -0.7376329174238101 1.9856400295216747 -2.6764197988246412 -0.61581474973539652 -1.0187262676272826 -2.042847806804283 4.3109515960990619 -1.8065984943995121 -0.35394049439607334 3.8740548593518893 -2.6421952762172709 -2.4593296874200723
leaf_weight=115.56605114042759 251.33768051862717 5.9138277769088754 14.414955206215383 50.883559830486774 3.2033233791589746 37.700652077794075 2.5872996523976317 84.39525056630373 44.600117817521095 2427.3798929303885 10.965222336351873 9.979584373533724 94.498039685189724 2.5872996523976353 12.197269789874552 5.7906230315566054 2.4640949070453635 344.48046800494194 2.7105043977498973 11.950860299170015 538.52794193476439 26.119406014680862 2.5872996523976317 339.05945920944214 4.6817803233861914 28.829910412430763 3.0801186338067055 5.4210087954998016 122.95833586156368 8.131513193249706
leaf_count=938 2040 48 117 413 26 306 21 685 362 19702 89 81 767 21 99 47 20 2796 22 97 4371 212 21 2752 38 234 25 44 998 66
internal_value=-1.78313 -2.18435 2.79313 1.61251 3.61597 0.388124 1.92949 -0.238412 1.09685 -2.59387 -1.89106 1.489 -1.65705 -0.951508 0.319614 1.279 4.36861 -2.07511 0.181468 0.312563 -2.67702 -2.16063 3.70307 -2.45751 0.385569 -1.45525 2.4598 2.33683 -2.20235 -1.45144
internal_weight=0 4246.99 368.013 413.475 156.84 256.635 74.1693 182.466 98.071 3833.52 405.59 20.9448 116.675 34.0045 41.2736 29.0763 40.1647 384.645 14.0453 23.2857 3427.93 370.6 47.1874 1000.55 22.1769 31.4172 7.7619 8.13151 462.018 11.3348
internal_count=37458 34471 2987 3356 1273 2083 602 1481 796 31115 3292 170 947 276 335 236 326 3122 114 189 27823 3008 383 8121 180 255 63 66 3750 92
is_linear=0
shrinkage=1


Tree=93
num_leaves=31
num_cat=0
split_feature=10 36 46 2 34 14 35 35 35 40 35 34 9 0 34 38 34 9 14 1 6 6 38 35 14 25 2 6 38 35
split_gain=8366.46 6691.75 3436.67 779.985 659.83 254.381 304.228 235.655 458.062 400.189 665.306 147.575 120.63 116.727 99.005 95.0929 88.9559 79.9902 72.4925 95.5122 73.6118 56.4808 53.8766 50.1358 48.1594 42.4055 120.313 39.5607 35.0752 32.1229
threshold=1.5567621339366637 3.5000000000000004 10.500000000000002 -0.56666727637951553 0.98250612249085345 -1.0959449678051614 4.0192542007366283 3.9838366311905671 4.9815225985080049 0.20500000000000004 0.022569304056737946 0.012247426097250042 1.20733357875903 -0.60431314043427709 1.0085018677699751 76.500000000000014 1.007336000097959 0.63534875518359957 -2.535449313321108 -0.039547896768107473 -0.78137799809396824 1.5007394701121848 76.500000000000014 3.001148002981227 -0.48434266572258294 2.5402804767878782 -0.77388129802179073 0.42120173167454661 911.50000000000011 4.9996410031813241
decision_type=2 2 2 2 2 2 2 2 2 2 2 2 2 2 2 2 2 2 2 2 2 2 2 2 2 2 2 2 2 2
left_child=1 3 -2 4 25 6 18 9 14 10 -5 -8 -4 -10 -9 -6 21 -7 19 -3 -20 -17 -19 -14 -15 -1 -27 -24 -21 -25
right_child=2 5 12 7 15 17 11 8 13 -11 -12 -13 23 24 -16 16 -18 22 20 28 -22 -23 27 29 -26 26 -28 -29 -30 -31
leaf_value=4.726593897004479 4.8862704947573539 -2.9512430502761475 -2.141661850793068 -1.4145057047137701 -1.8089109076437073 -2.7494448482978071 4.0995151506609222 4.823577100549076 5.1653274368490774 -1.7722305177426656 3.9414001411714716 -1.159272942729018 -0.63222291109750972 1.9186992419989852 -1.7337574772073625 2.5973729324478816 -1.9716569570024125 -2.6318933061796463 -2.2390687193812395 3.5420133394240416 -0.35211654597199971 -1.9772545918211195 -1.8335809287841665 4.1247414769612361 -1.9573772763424455 4.6838359672738585 -0.70623419213512562 -2.6090424500284435 -0.92210042849483953 -0.24571955456773686
leaf_weight=104.84723829478025 250.84486153721809 5.9138277769088754 96.346110865473747 46.201779507100582 16.63264062255621 2755.2277203127742 12.197269789874555 35.113352425396442 2.9569138884544399 80.575903460383415 46.571393743157387 9.4867653921246511 13.798931479454042 3.6961423605680528 2.4640949070453635 21.807239927351478 7.1458752304315558 353.84402865171432 360.86669913679361 6.1602372676134074 21.930444672703743 3.0801186338067046 221.89174637943506 4.8049850687384597 24.148130089044567 14.538159951567652 5.7906230315566054 93.512401722371578 2.4640949070453644 2.5872996523976326
leaf_count=851 2036 48 782 375 135 22363 99 285 24 654 378 77 112 30 20 177 58 2872 2929 50 178 25 1801 39 196 118 47 759 20 21
internal_value=-1.78313 -2.17196 2.79551 1.64005 3.25555 -2.58413 -1.84867 0.478236 2.05032 -0.141883 1.27412 1.7988 -1.66654 -0.808468 4.39359 0.130999 1.13826 -2.67412 -2.04772 0.144059 -2.13097 2.03121 -2.36402 0.49358 -1.44285 4.47031 3.14848 -2.06349 2.26655 2.59508
internal_weight=0 4259.06 368.382 415.57 173.842 3843.5 419.019 241.728 68.3786 173.349 92.7732 21.684 117.537 30.8012 37.5774 48.6659 32.0332 3424.48 397.335 14.5382 382.797 24.8874 669.248 21.1912 27.8443 125.176 20.3288 315.404 8.62433 7.39228
internal_count=37559 34569 2990 3373 1411 31196 3401 1962 555 1407 753 176 954 250 305 395 260 27795 3225 118 3107 202 5432 172 226 1016 165 2560 70 60
is_linear=0
shrinkage=1


Tree=94
num_leaves=31
num_cat=0
split_feature=10 36 46 8 34 35 40 35 35 14 35 34 9 0 49 35 34 20 38 20 49 14 38 14 40 9 35 14 14 20
split_gain=8400.22 6664.53 3473.85 974.957 695.297 239.777 529.462 366.46 604.106 235.361 283.581 135.563 132.63 116.493 106.999 100.283 76.4893 73.0992 68.8448 59.4758 59.4424 56.3514 51.8649 48.8538 44.908 32.4454 30.3998 30.2433 29.4643 29.2197
threshold=1.5567621339366637 3.5000000000000004 10.500000000000002 -0.65580943308990325 0.98250612249085345 3.9838366311905671 0.48000000000000004 1.9918600874976942 0.022569304056737946 -1.0959449678051614 4.0192542007366283 0.012247426097250042 1.4906560138589964 -0.60431314043427709 14.500000000000002 3.9940247876605377 1.0078267137703094 -0.045087988890539381 310.50000000000006 0.12152110051028357 11.500000000000002 -2.535449313321108 76.500000000000014 -0.79003046914034181 0.41500000000000004 1.438366478306347 3.9996592012382659 0.085064421622438102 -1.1455626485605996 0.56277798041507887
decision_type=2 2 2 2 2 2 2 2 2 2 2 2 2 2 2 2 2 2 2 2 2 2 2 2 2 2 2 2 2 2
left_child=1 3 -2 4 -1 7 16 8 -5 10 19 -12 -4 -8 15 18 -7 -11 -6 28 -10 29 -19 -15 -14 -24 -27 -9 -3 -21
right_child=2 9 12 5 14 6 13 27 20 17 11 -13 24 23 -16 -17 -18 22 -20 21 -22 -23 25 -25 -26 26 -28 -29 -30 -31
leaf_value=4.801772717113268 4.8369112899711864 -2.3592611957670138 -2.1405627248472734 -1.3400131769014114 -1.2964082907651779 4.8351618577117881 5.1653274368490862 -1.0600033251207535 3.8849058894148918 -2.7518416079006136 3.9692012597990498 -1.1356943886823454 -0.2119005108713814 2.7303562907115095 -2.2265492567828233 4.9849592038018589 -0.9221004284948392 -2.644533935094457 2.2516867491631052 -0.51627190413857749 -0.83387683624347797 -1.5553280150424043 -2.1806448991891112 -1.9143243536830561 3.4260623324651078 -1.3279289528511009 2.4598039411406747 -2.2623033802814327 -0.90504880982440805 4.3536703881365604
leaf_weight=118.27655553817749 255.77305135130882 280.41400042176247 102.38314338773489 49.651512376964092 12.690088771283632 36.345399878919125 2.8337091431021681 38.07026631385088 46.078574761748314 2683.029739536345 11.704450808465483 9.3635606467723829 9.8563796281814557 2.464094907045367 13.798931479454039 5.544213540852069 2.4640949070453635 401.03144612163305 9.6099701374769193 2.4640949070453635 2.8337091431021681 88.830621398985386 336.1025453209877 27.967477194964886 5.1745993047952643 11.704450808465479 2.5872996523976317 46.448188997805119 14.661364696919916 2.4640949070453644
leaf_count=960 2076 2276 831 403 103 295 23 309 374 21777 95 76 80 20 112 45 20 3255 78 20 23 721 2728 227 42 95 21 377 119 20
internal_value=-1.78313 -2.17814 2.76975 1.62863 3.56452 0.415311 1.96032 -0.19292 1.11719 -2.58915 -1.87294 1.70036 -1.73333 -0.967192 0.0504472 1.17887 4.46962 -2.67463 0.232605 -2.06655 3.61153 -1.37272 -2.39896 -1.53824 1.04051 -2.1179 -0.642219 -1.72074 -2.28701 1.9187
internal_weight=0 4259.43 373.187 415.077 159.92 255.157 72.0748 183.082 98.5638 3844.36 409.902 21.068 117.414 33.2653 41.6432 27.8443 38.8095 3434.46 22.3001 388.834 48.9123 93.7588 751.426 30.4316 15.031 350.394 14.2918 84.5185 295.075 4.92819
internal_count=37601 34572 3029 3369 1298 2071 585 1486 800 31203 3327 171 953 270 338 226 315 27876 181 3156 397 761 6099 247 122 2844 116 686 2395 40
is_linear=0
shrinkage=1


Tree=95
num_leaves=31
num_cat=0
split_feature=10 36 46 8 46 14 40 40 40 40 40 36 46 49 40 6 33 14 1 6 6 15 6 40 32 40 21 20 49 40
split_gain=8660.64 6589.87 3436.23 895.369 687.416 257.647 249.099 211.449 536.373 405.891 545.794 127.98 127.739 109.424 97.7033 78.9093 77.1703 65.4675 101.051 57.3353 53.6711 46.5785 43.2082 50.8524 47.5816 43.1059 32.781 31.3633 31.0195 43.0501
threshold=1.5567621339366637 3.5000000000000004 7.0000000000000009 -0.65580943308990325 7.0000000000000009 -1.0959449678051614 0.53500000000000014 0.41500000000000004 0.48000000000000004 0.20500000000000004 0.080000000000000016 3.5000000000000004 7.0000000000000009 14.500000000000002 0.38000000000000006 -0.63379680683099093 -0.31101103900702437 -2.535449313321108 -0.039547896768107473 -0.11511984611331834 -0.78137799809396824 -0.59515345067833725 -0.13297491215438997 0.53500000000000014 1.2768766587196383 0.080000000000000016 0.055343244138727203 0.12152110051028357 14.500000000000002 0.41500000000000004
decision_type=2 2 2 2 2 2 2 2 2 2 2 2 2 2 2 2 2 2 2 2 2 2 2 2 2 2 2 2 2 2
left_child=1 3 -2 4 -1 6 17 9 -9 10 -5 25 -8 14 19 -10 -7 18 -3 -6 27 -17 23 -18 -25 -4 -21 -19 29 -27
right_child=2 5 11 7 13 16 12 8 15 -11 -12 -13 -14 -15 -16 21 22 20 -20 26 -22 -23 -24 24 -26 28 -28 -29 -30 -31
leaf_value=4.7672866666915583 4.8779464722331687 -2.8063042915774825 -1.9614173811145337 -1.123952312336959 2.4181805027451588 -2.7772680450627774 3.7128885075740428 4.4438545046601767 3.8666761589090486 -1.7501362068899022 3.6857442751335485 -2.1251290057850296 -1.2424913687760983 -2.1395860015636243 4.9849592038018589 1.197226309810081 -2.3183536436571304 -2.3532567250791403 2.3790420457463952 -2.3070707893931921 -0.51129241304218165 -1.9941003041528889 -2.6275610852306701 -1.4066718008605248 2.9517173039967499 0.81716467588913821 0.7823793738014595 -1.6456945348963681 -0.6322229110975095 4.9193707554210473
leaf_weight=115.56605114042759 257.49791778624058 6.8994657397270212 5.0513945594429996 47.06421272456646 8.008308447897436 2356.6603690981865 11.704450808465483 38.809494785964489 3.0801186338067046 82.423974640667439 47.310622215270996 96.83892984688282 9.3635606467723829 14.784569442272185 5.544213540852069 5.5442135408520725 423.45470977574587 274.25376315414906 8.2547179386019671 7.7618989571928996 20.08237349241972 26.119406014680862 611.71156067401171 33.018871754407883 2.7105043977498999 6.899465739727022 6.1602372676134109 81.191927187144756 5.1745993047952643 4.0657565966248512
leaf_count=938 2090 56 41 382 65 19128 95 315 25 669 384 786 76 120 45 45 3437 2226 67 63 163 212 4965 268 22 56 50 659 42 33
internal_value=-1.78313 -2.1802 2.82995 1.6399 3.50526 -2.58633 -1.83892 0.463948 1.88879 -0.128826 1.28717 -1.63802 1.5105 0.0540177 1.23443 -0.965274 -2.67612 -2.01954 0.018234 0.286265 -2.10177 -1.43531 -2.45353 -2.22169 -1.07604 0.587959 -0.940057 -2.19163 1.38586 2.33821
internal_weight=0 4247.48 375.528 408.177 157.825 3839.31 411.75 250.352 73.5532 176.799 94.3748 118.03 21.068 42.2592 27.4747 34.7437 3427.56 390.682 15.1542 21.9304 375.528 31.6636 1070.9 459.184 35.7294 21.1912 13.9221 355.446 16.1398 10.9652
internal_count=37523 34475 3048 3313 1281 31162 3342 2032 597 1435 766 958 171 343 223 282 27820 3171 123 178 3048 257 8692 3727 290 172 113 2885 131 89
is_linear=0
shrinkage=1


Tree=96
num_leaves=31
num_cat=0
split_feature=10 36 34 8 34 35 35 40 35 14 35 34 0 36 49 35 34 14 1 9 6 6 35 6 35 0 14 9 20 49
split_gain=8375.28 6434.47 3489.64 983.431 662.068 250.276 565.551 389.962 598.486 236.391 274.293 124.388 123.995 123.518 98.159 116.017 76.85 70.5166 88.696 70.229 63.0828 60.0601 56.2554 44.7083 78.0832 73.195 38.4368 35.5213 34.815 33.8975
threshold=1.5567621339366637 3.5000000000000004 0.025492134796252647 -0.66568726596814198 0.98250612249085345 3.9838366311905671 4.0280457769682547 0.20500000000000004 0.022569304056737946 -1.0959449678051614 4.0192542007366283 0.019980506277424138 -0.60431314043427709 3.5000000000000004 14.500000000000002 3.9971446703843951 1.0059275987405019 -2.535449313321108 -0.039547896768107473 0.14410075192778152 -0.78137799809396824 -0.11511984611331834 3.001148002981227 -0.11511984611331834 4.9900385387871369 -0.59310624632044118 -0.30305610078500778 0.019054890917821605 0.12152110051028357 14.500000000000002
decision_type=2 2 2 2 2 2 2 2 2 2 2 2 2 2 2 2 2 2 2 2 2 2 2 2 2 2 2 2 2 2
left_child=1 3 -2 4 -1 7 16 8 -5 10 17 -12 -8 22 15 21 -7 18 -3 -11 28 -6 -4 24 -21 -26 -14 -20 -19 -24
right_child=2 9 13 5 14 6 12 -9 -10 19 11 -13 26 -15 -16 -17 -18 20 27 23 -22 -23 29 -25 25 -27 -28 -29 -30 -31
leaf_value=4.8040034520802104 4.8504265450110555 -2.7855987546205303 -0.70952358240346425 -1.3117362935251653 2.3368256004266543 4.8438791007253146 5.1653274368490862 -1.7933707067738192 3.664607372823327 -2.780797336611859 3.9929339220421065 -1.1341004039048266 1.0029835972976822 -2.1874503444613516 -2.0174783039697046 5.1653274368490862 -0.9221004284948392 -2.4067275155703127 -0.92210042849483831 -2.3731103266956168 -0.46466365248633612 -1.0837135576632622 4.4889465629219831 -2.6477663407046221 4.353670388136563 -1.2701410723602415 -2.0657989971352131 3.6110905350591471 -1.6619239865119275 0.00023712686030030738
leaf_weight=113.47157046943903 254.04818491637707 6.0370325222611436 12.936498261988165 49.405102886259556 8.1315131932497042 37.33103784173727 2.9569138884544364 87.228959709405899 47.310622215270996 2205.9809655323625 11.088427081704141 8.2547179386019689 4.8049850687384632 98.194182045757771 13.922136224806307 5.9138277769088736 2.4640949070453635 273.63773942738771 2.4640949070453608 484.31785397976637 21.314420945942402 13.922136224806311 4.435370832681655 698.5709061473608 2.4640949070453635 38.07026631385088 27.105043977499008 5.7906230315566063 81.438336677849293 2.7105043977499008
leaf_count=921 2062 49 105 401 66 303 24 708 384 17905 90 67 39 797 113 48 20 2221 20 3931 173 113 36 5670 20 309 220 47 661 22
internal_value=-1.78313 -2.18456 2.76151 1.56118 3.54974 0.366536 1.91066 -0.260217 1.12255 -2.58843 -1.87082 1.80496 -1.02965 -1.7253 0.152152 1.23219 4.48685 -2.05281 0.127456 -2.67423 -2.1356 0.177491 0.534401 -2.48207 -2.26153 -0.928268 -1.6037 2.2579 -2.2359 2.78633
internal_weight=0 4253.4 372.325 413.968 155.361 258.607 74.6621 183.945 96.7157 3839.43 410.025 19.3431 34.8669 118.277 41.8896 27.9675 39.7951 390.682 14.2918 3429.4 376.39 22.0536 20.0824 1223.42 524.852 40.5344 31.91 8.25472 355.076 7.14588
internal_count=37545 34523 3022 3360 1261 2099 606 1493 785 31163 3328 157 283 960 340 227 323 3171 116 27835 3055 179 163 9930 4260 329 259 67 2882 58
is_linear=0
shrinkage=1


Tree=97
num_leaves=31
num_cat=0
split_feature=10 36 34 2 34 14 40 40 40 40 40 34 9 0 34 34 20 6 14 7 14 25 2 31 22 40 20 20 32 14
split_gain=8123.35 6396.85 3604.23 811.209 628.384 242.871 294.091 211.745 428.627 328.926 598.237 138.484 112.694 111.644 97.2605 88.9649 85.4372 69.8822 66.7657 83.3108 63.2894 53.927 137.792 44.1415 40.4551 40.0356 31.9108 29.9704 29.6679 29.3505
threshold=1.5567621339366637 3.5000000000000004 0.025492134796252647 -0.51375135402742844 0.98250612249085345 -1.0959449678051614 0.53500000000000014 0.38000000000000006 0.48000000000000004 0.20500000000000004 0.080000000000000016 0.012247426097250042 1.4906560138589964 -0.59800622911466672 1.0094737009720318 1.0111367187541591 -0.045087988890539381 -0.78137799809396824 -2.535449313321108 -1.2102196628959352 0.078441340761672543 2.5402804767878782 -0.78888807744659928 -0.2966508931047705 -0.51507849180869758 0.41500000000000004 1.1617800473886497 0.12152110051028357 0.90467707807249942 0.085064421622438102
decision_type=2 2 2 2 2 2 2 2 2 2 2 2 2 2 2 2 2 2 2 2 2 2 2 2 2 2 2 2 2 2
left_child=1 3 -2 4 21 6 17 9 14 10 -5 -8 -4 -10 -9 20 -7 18 19 -3 -6 -1 -23 26 -21 -14 -15 -20 -19 -11
right_child=2 5 12 7 15 16 11 8 13 29 -12 -13 25 23 -16 -17 -18 28 27 24 -22 22 -24 -25 -26 -27 -28 -29 -30 -31
leaf_value=4.6789054687605001 4.8758806438461058 -2.6449573715167047 -2.1568145709938431 -1.4416922049617511 2.7224761251900356 -2.762127820951978 3.9355440297088977 4.7878125304711681 5.1653274368490774 -1.043137005934426 3.7507251519501166 -1.0705742788690813 -0.44719470850346954 3.6193140107299788 -1.7337574772073625 -2.3199542346108517 -2.3798792067745689 -0.96719248675664626 -2.4140629545733896 -0.45383674654530681 -0.010456641897439889 4.8647137151037052 -0.46390693325389853 -2.0848675488414319 4.2377193811776319 2.8205404072351294 -0.99207086372867759 -1.718819003918175 1.799920161699599 -2.2691783034589013
leaf_weight=104.84723829478025 248.75038086622953 6.5298515036702156 104.47762405872345 45.708960525691509 12.690088771283625 2665.0418467149138 12.197269789874555 31.786824300885201 2.8337091431021717 35.113352425396442 43.121660873293877 10.102789118885992 11.581246063113214 2.5872996523976388 2.4640949070453635 11.088427081704138 749.08485174179077 16.632640622556213 271.78966824710369 3.2033233791589737 25.503382287919521 13.306112498044969 7.6386942118406287 21.930444672703739 4.3121660873293859 5.544213540852069 3.5729376152157784 80.329493969678879 5.0513945594429961 43.984094090759754
leaf_count=851 2019 53 848 371 103 21631 99 258 23 285 350 82 94 21 20 90 6080 135 2206 26 207 108 62 178 35 45 29 652 41 357
internal_value=-1.78313 -2.18927 2.69471 1.57375 3.20044 -2.59091 -1.86383 0.352012 1.88188 -0.24175 1.0789 1.66758 -1.76706 -0.817005 4.31863 0.173637 -2.67826 -2.06688 -2.17017 -0.0321256 0.897582 4.38626 2.92133 -1.42049 2.23804 0.610705 0.944711 -2.25546 -0.322581 -1.72491
internal_weight=0 4232.45 370.353 408.177 175.074 3824.28 410.149 233.103 65.1753 167.928 88.8306 22.3001 121.603 30.9244 34.2509 49.2819 3414.13 387.849 366.165 14.0453 38.1935 125.792 20.9448 28.0907 7.51549 17.1255 6.16024 352.119 21.684 79.0974
internal_count=37359 34353 3006 3313 1421 31040 3329 1892 529 1363 721 181 987 251 278 400 27711 3148 2972 114 310 1021 170 228 61 139 50 2858 176 642
is_linear=0
shrinkage=1


Tree=98
num_leaves=31
num_cat=0
split_feature=10 36 46 8 34 35 40 35 35 14 35 34 36 49 35 34 38 6 14 10 6 33 38 25 35 6 49 36 35 32
split_gain=8470.43 6689.12 3463.15 863.052 661.833 276.37 501.118 417.749 634.039 235.093 262.099 143.744 115.256 107.648 113.814 89.1739 84.6874 71.0397 70.4414 97.5129 72.3013 65.6415 57.4165 40.6347 39.8842 37.2505 36.5252 34.0347 32.1548 38.2693
threshold=1.5567621339366637 3.5000000000000004 10.500000000000002 -0.65580943308990325 0.98250612249085345 3.9838366311905671 0.48000000000000004 1.9901632040455903 0.022569304056737946 -1.0959449678051614 4.0192542007366283 0.012247426097250042 3.5000000000000004 14.500000000000002 3.9915476583191869 1.0085018677699751 159.50000000000003 -0.63379680683099093 -2.535449313321108 -1.0000000180025095e-35 -0.78137799809396824 -0.10604327802576231 76.500000000000014 0.63714587077217477 3.001148002981227 0.40200956183264153 14.500000000000002 4.5000000000000009 4.9911352451072073 1.2768766587196383
decision_type=2 2 2 2 2 2 2 2 2 2 2 2 2 2 2 2 2 2 2 2 2 2 2 2 2 2 2 2 2 2
left_child=1 3 -2 4 -1 7 15 8 -5 10 18 -12 24 14 16 -7 -6 -8 19 -3 27 -11 -23 -19 -4 28 -26 -20 -24 -30
right_child=2 9 12 5 13 6 17 -9 -10 21 11 -13 -14 -15 -16 -17 -18 23 20 -21 -22 22 25 -25 26 -27 -28 -29 29 -31
leaf_value=4.7750224079600034 4.8489452378802973 -2.4275933414293585 -0.58719339383190516 -1.3237559088988515 -2.0265704631352981 4.8782461656002836 3.4860369912369684 -1.7483556255655015 3.765918732172322 -2.767521835788036 3.9434781162065757 -1.2477652937189998 -2.1684266073554399 -2.1540798774334906 5.0061789959250618 -1.3279289528511009 1.9027843979065902 1.5579627759045349 -1.7214596431359608 2.689085593319354 -0.32672325204403618 -2.6863538491433188 -2.1214120161044931 -1.7238592205157464 4.4043989536810955 -2.6152066925289246 -0.14166095857895189 -2.4347682909932136 -1.3769082575147877 2.7303562907115158
leaf_weight=112.73234199732542 256.01946084201336 7.6386942118406296 12.690088771283628 47.926645942032337 9.7331748828291946 38.316675804555416 3.5729376152157775 85.627298019826412 50.021126613020897 2405.8190624937415 11.458041317760946 9.979584373533724 97.085339337587357 13.798931479454039 6.2834420129656783 2.4640949070453635 12.566884025931357 4.4353708326816585 89.446645125746727 7.2690799757838231 20.575192473828793 547.3986836001277 291.62563224881887 25.256972797214985 3.9425518512725821 154.74516016244888 3.2033233791589737 265.25981674343348 28.58350092172623 2.4640949070453635
leaf_count=915 2078 62 103 389 79 311 29 695 406 19527 93 81 788 112 51 20 102 36 726 59 167 4443 2367 205 32 1256 26 2153 232 20
internal_value=-1.78313 -2.18062 2.78962 1.64492 3.50849 0.522851 2.15369 -0.134957 1.2755 -2.59156 -1.87746 1.52686 -1.71965 0.13966 1.24698 4.50325 0.187762 -0.726702 -2.06449 0.0673162 -2.14918 -2.67724 -2.4653 -1.23363 0.476874 -2.21185 2.36651 -2.25489 -2.01841 -1.05093
internal_weight=0 4255 372.941 412.736 155.115 257.621 74.0461 183.575 97.9478 3842.26 411.627 21.4376 116.921 42.3824 28.5835 40.7808 22.3001 33.2653 390.189 14.9078 375.282 3430.64 1024.82 29.6923 19.836 477.418 7.14588 354.706 322.673 31.0476
internal_count=37563 34536 3027 3350 1259 2091 601 1490 795 31186 3341 174 949 344 232 331 181 270 3167 121 3046 27845 8318 241 161 3875 58 2879 2619 252
is_linear=0
shrinkage=1


Tree=99
num_leaves=31
num_cat=0
split_feature=10 9 46 8 34 6 35 48 48 48 35 9 9 9 20 34 20 20 34 49 35 20 6 6 6 6 1 10 35 33
split_gain=8548.55 5140.35 3398.39 822.072 628.524 263.166 263.755 182.067 592.759 390.235 675.735 144.483 132.175 173.781 123.724 122.306 113.212 100.818 84.1965 73.1127 92.8848 70.3205 67.6207 57.4647 57.3456 55.1786 75.4839 49.9359 46.9725 42.1817
threshold=1.5567621339366637 1.20733357875903 10.500000000000002 -0.65580943308990325 0.99419956017618649 -0.76476546117687028 4.0192542007366283 38.000000000000007 43.500000000000007 13.500000000000002 0.022569304056737946 1.3061303881899458 1.352687448232494 1.293112571040208 1.0000000180025095e-35 0.012247426097250042 1.0600983672049427 1.6317370035345906 1.0078267137703094 14.500000000000002 3.9940247876605377 0.82388081665368362 -0.78137799809396824 -0.1203143631746262 -0.65165509276269695 -1.1961339953951045 -1.0000000180025095e-35 -0.75534370188838273 3.001148002981227 -0.096751870336811166
decision_type=2 2 2 2 2 2 2 2 2 2 2 2 2 2 2 2 2 2 2 2 2 2 2 2 2 2 2 2 2 2
left_child=1 5 -2 4 12 6 16 9 18 10 -5 -4 13 -3 -7 -8 22 27 -9 20 23 -15 25 -6 -10 26 -1 -16 -13 -28
right_child=2 3 11 7 19 14 15 8 24 -11 -12 28 -14 21 17 -17 -18 -19 -20 -21 -22 -23 -24 -25 -26 -27 29 -29 -30 -31
leaf_value=-2.7785500611883767 4.8489452378802973 4.3848879669331966 -2.1154175534630033 -1.4349606515824227 1.5457757331310751 -2.7511957661173261 3.9797609612015785 4.7349032443500203 1.9978852955319215 -1.8752177056972594 3.8011979432145928 -0.36084821395958411 4.356629040805017 -2.4807172249355545 1.5579627759045376 -0.97694212097541511 0.54421431279238353 1.8841606441814382 -1.3279289528511009 -2.2426535633048972 3.9816609074766562 2.6288991596224509 -0.29676716769431022 -1.6314754913939957 -1.5776695832241849 -2.2830652519975541 -0.45383674654530681 -2.3263052287322328 2.8656324654969367 4.585572402054428
leaf_weight=5.7906230315566063 256.01946084201336 12.813293516635897 99.303024753928185 56.05815913528204 9.11715115606785 2729.3547237887979 10.965222336351873 32.52605277299881 5.0513945594429961 107.80415218323469 43.984094090759754 11.581246063113214 101.39750542491674 8.5011274293065053 3.326528124511241 9.1171511560678464 16.879050113260746 5.7906230315566054 2.4640949070453635 15.523797914385794 5.9138277769088736 3.9425518512725821 19.589554511010647 15.154183678328993 40.041542239487171 335.24011210352182 3.2033233791589737 656.06526900082827 7.3922847211360923 3.4497328698635084
leaf_count=47 2078 104 806 455 74 22153 89 264 41 875 357 94 823 69 27 74 137 47 20 126 48 32 159 123 325 2721 26 5325 60 28
internal_value=-1.78313 -2.1837 2.80089 0.972345 2.69961 -2.56612 -1.8034 -0.0616467 1.21943 -0.555243 0.867144 -1.6323 3.84678 1.79992 -2.65695 1.72948 -1.98808 -2.27023 4.30794 -0.47908 0.427901 -0.861829 -2.10446 -0.43799 -1.17713 -2.20631 -0.13857 -2.30671 0.896222 2.15919
internal_weight=0 4259.06 374.296 460.293 172.363 3798.77 404.235 287.929 80.0831 207.846 100.042 118.277 126.654 25.257 3394.54 20.0824 384.152 665.182 34.9901 45.709 30.1852 12.4437 367.273 24.2713 45.0929 347.684 12.4437 659.392 18.9735 6.65306
internal_count=37607 34569 3038 3736 1399 30833 3281 2337 650 1687 812 960 1028 205 27552 163 3118 5399 284 371 245 101 2981 197 366 2822 101 5352 154 54
is_linear=0
shrinkage=1


end of trees

feature_importances:
Column_35=571
Column_34=285
Column_6=252
Column_14=208
Column_38=198
Column_20=192
Column_40=185
Column_49=149
Column_9=137
Column_46=132
Column_36=105
Column_10=103
Column_8=88
Column_0=75
Column_1=55
Column_48=35
Column_2=26
Column_42=26
Column_25=24
Column_3=23
Column_22=18
Column_31=17
Column_7=16
Column_15=13
Column_33=12
Column_5=11
Column_12=6
Column_32=6
Column_18=5
Column_23=5
Column_47=5
Column_4=4
Column_13=4
Column_41=3
Column_29=2
Column_19=1
Column_21=1
Column_27=1
Column_37=1

parameters:
[boosting: rf]
[objective: binary]
[metric: auc]
[tree_learner: serial]
[device_type: cpu]
[data_sample_strategy: bagging]
[data: ]
[valid: ]
[num_iterations: 100]
[learning_rate: 0.1]
[num_leaves: 31]
[num_threads: 1]
[seed: 0]
[deterministic: 0]
[force_col_wise: 0]
[force_row_wise: 0]
[histogram_pool_size: -1]
[max_depth: -1]
[min_data_in_leaf: 20]
[min_sum_hessian_in_leaf: 0.001]
[bagging_fraction: 0.8]
[pos_bagging_fraction: 1]
[neg_bagging_fraction: 1]
[bagging_freq: 1]
[bagging_seed: 3]
[feature_fraction: 0.8]
[feature_fraction_bynode: 1]
[feature_fraction_seed: 2]
[extra_trees: 0]
[extra_seed: 6]
[early_stopping_round: 0]
[first_metric_only: 0]
[max_delta_step: 0]
[lambda_l1: 0]
[lambda_l2: 0]
[linear_lambda: 0]
[min_gain_to_split: 0]
[drop_rate: 0.1]
[max_drop: 50]
[skip_drop: 0.5]
[xgboost_dart_mode: 0]
[uniform_drop: 0]
[drop_seed: 4]
[top_rate: 0.2]
[other_rate: 0.1]
[min_data_per_group: 100]
[max_cat_threshold: 32]
[cat_l2: 10]
[cat_smooth: 10]
[max_cat_to_onehot: 4]
[top_k: 20]
[monotone_constraints: ]
[monotone_constraints_method: basic]
[monotone_penalty: 0]
[feature_contri: ]
[forcedsplits_filename: ]
[refit_decay_rate: 0.9]
[cegb_tradeoff: 1]
[cegb_penalty_split: 0]
[cegb_penalty_feature_lazy: ]
[cegb_penalty_feature_coupled: ]
[path_smooth: 0]
[interaction_constraints: ]
[verbosity: 1]
[saved_feature_importance_type: 0]
[use_quantized_grad: 0]
[num_grad_quant_bins: 4]
[quant_train_renew_leaf: 0]
[stochastic_rounding: 1]
[linear_tree: 0]
[max_bin: 255]
[max_bin_by_feature: ]
[min_data_in_bin: 3]
[bin_construct_sample_cnt: 200000]
[data_random_seed: 1]
[is_enable_sparse: 1]
[enable_bundle: 1]
[use_missing: 1]
[zero_as_missing: 0]
[feature_pre_filter: 1]
[pre_partition: 0]
[two_round: 0]
[header: 0]
[label_column: ]
[weight_column: ]
[group_column: ]
[ignore_column: ]
[categorical_feature: ]
[forcedbins_filename: ]
[precise_float_parser: 0]
[parser_config_file: ]
[objective_seed: 5]
[num_class: 1]
[is_unbalance: 0]
[scale_pos_weight: 1]
[sigmoid: 1]
[boost_from_average: 1]
[reg_sqrt: 0]
[alpha: 0.9]
[fair_c: 1]
[poisson_max_delta_step: 0.7]
[tweedie_variance_power: 1.5]
[lambdarank_truncation_level: 30]
[lambdarank_norm: 1]
[label_gain: ]
[lambdarank_position_bias_regularization: 0]
[eval_at: ]
[multi_error_top_k: 1]
[auc_mu_weights: ]
[num_machines: 1]
[local_listen_port: 12400]
[time_out: 120]
[machine_list_filename: ]
[machines: ]
[gpu_platform_id: -1]
[gpu_device_id: -1]
[gpu_use_dp: 0]
[num_gpu: 1]

end of parameters

pandas_categorical:null
