tree
version=v4
num_class=1
num_tree_per_iteration=1
label_index=0
max_feature_idx=49
objective=binary sigmoid:1
feature_names=Column_0 Column_1 Column_2 Column_3 Column_4 Column_5 Column_6 Column_7 Column_8 Column_9 Column_10 Column_11 Column_12 Column_13 Column_14 Column_15 Column_16 Column_17 Column_18 Column_19 Column_20 Column_21 Column_22 Column_23 Column_24 Column_25 Column_26 Column_27 Column_28 Column_29 Column_30 Column_31 Column_32 Column_33 Column_34 Column_35 Column_36 Column_37 Column_38 Column_39 Column_40 Column_41 Column_42 Column_43 Column_44 Column_45 Column_46 Column_47 Column_48 Column_49
feature_infos=[-1.2504883594784932:9.3690707548755157] [-1.6942035155796722:31.698713898142451] [-1.2896648374313537:41.078922051193565] [-0.97804474198327029:14.807636610531953] [-1.1152888280384345:21.78669170307009] [-1.8862102267685008:19.869853026967405] [-1.5540989689317364:47.607737950131309] [-1.5642778150448371:4.6653551563690892] [-1.2138337338365262:29.713077130013048] [-1.7554590716987977:4.0743700750396483] [-1.7340317224577881:7.3264240399689395] [-0.97869483213632102:6.0167510186081881] [-1.5579095479715643:59.004612215098327] [-0.96776256976426955:14.807636610531953] [-5.7175227242526372:7.6513710065328215] [-0.7754756656371774:9.3488523850022833] [-0.062261689845420132:40.221515814628638] [-0.03559161891691151:0.035340447584859179] [-1.0538865892455764:1.0171488228821155] [-0.8372301391356739:9.7723828108543724] [-0.68886770146199205:12.781567845435854] [-2.0509462961206304:5.6572563188144311] [-0.86951015623001549:119.05123222314909] [-4.2402729805030015:2.3966212858456437] [-0.28229914078801199:4.1126100380045401] [-1.6655193555195715:8.6341059919300704] [-1.5889786802226482:6.1077158488199075] [-1.6279496045771977:4.4334029956433021] [-0.72481424855633592:34.139763059305217] [-1.0164738168665284:7.3084434598582915] [-0.122048067242397:12.361590672397787] [-1.7104296920285054:56.810156472352482] [-2.3423039462639768:4.7794127332731167] [-0.80530100596294663:2.4098767141362201] [-0.038396423882105631:3.0145892820273552] [-0.030888523285414818:5.0323200925609015] [0:6] [0:1] [0:3898] [0:0.40000000000000002] [0:0.56000000000000005] [0:0.40000000000000002] [0:1] [0:4] [0:1] [0:1] [0:34] [0:4] [0:56] [0:35]
tree_sizes=3321 3388 3394 3397 3411 3418 3412 3419 3420 3437 3438 3429 3436 3423 3429 3446 3435 3443 3406 3440 3449 3419 3432 3439 3409 3444 3430 3437 3439 3434 3453 3426 3432 3448 3446 3441 3451 3438 3442 3426 3447 3437 3422 3432 3453 3435 3448 3425 3430 3421 3413 3402 3416 3408 3419 3436 3402 3427 3408 3379 3396 3421 3415 3434 3405 3421 3423 3393 3408 3414 3401 3425 3393 3397 3399 3402 3383 3421 3376 3418 3426 3381 3403 3395 3397 3405 3410 3410 3411 3400 3456 3421 3425 3406 3403 3394 3410 3446 3399 3420

Tree=0
num_leaves=31
num_cat=0
split_feature=10 36 46 8 34 35 40 35 35 6 35 34 0 20 49 35 34 20 14 7 6 6 49 38 12 35 35 9 25 6
split_gain=10598.2 7963.19 4365.59 1219.51 895.29 295.971 660.417 505.332 754.609 287.46 316.985 165.435 142.632 132.625 127.503 140.109 99.6227 93.7844 84.5919 99.257 86.4446 73.4176 70.826 68.4612 58.1773 53.3199 55.7555 44.1218 43.3603 32.6643
threshold=1.5538125748340554 3.5000000000000004 10.500000000000002 -0.45783048286480144 0.97142733839817097 3.9800141622745224 0.48000000000000004 1.994017580626221 0.022064128461923609 -0.76514077609537645 4.0234354356309208 0.012402216627463996 -0.6050447430664162 3.0452912483573158 14.500000000000002 3.0240388752901493 1.0118295959782724 -0.042836313289873598 -2.535449313321108 -1.2600411677594499 -0.79167579095138085 -0.12004686838402953 11.500000000000002 76.500000000000014 -0.31762050551988869 3.0011073808500774 4.98678569477888 1.438366478306347 -0.36609582375636257 1.1851951845064732
decision_type=2 2 2 2 2 2 2 2 2 2 2 2 2 2 2 2 2 2 2 2 2 2 2 2 2 2 2 2 2 2
left_child=1 3 -2 4 29 7 16 8 -5 10 18 -12 -8 -4 15 21 -7 -11 19 -3 -20 -6 -10 -19 -14 -15 -27 -25 -21 -1
right_child=2 9 13 5 14 6 12 -9 22 17 11 -13 24 25 -16 -17 -18 23 20 28 -22 -23 -24 27 -26 26 -28 -29 -30 -31
leaf_value=-1.1200694809094389 -1.1244467354883025 -1.8898273575091697 -1.8276288477850275 -1.7488202449164534 -1.4069140488348182 -1.1278067218670751 -1.0898960126111534 -1.7904548494163786 -1.2224019799830812 -1.8840135490873753 -1.2093771470172956 -1.7320241370341616 -1.5483361985760986 -1.6908609941364381 -1.8385063684204381 -1.0898960126111534 -1.7817664565317184 -1.8733350343188571 -1.8343322131960818 -1.7003699337175344 -1.6660736460149288 -1.732810576868115 -1.6675487551634278 -1.8254650653909386 -1.8192088570262432 -1.1656137082522551 -1.6675487551634278 -1.6631109620068163 -1.2692442832186779 -1.42670921046295
leaf_weight=139.19513729959726 321.26679968088865 7.1256116181612041 121.99538511782885 59.33914502710104 11.671260409057142 44.842211045324802 3.5628058090805999 109.34128172695637 58.110591299831867 3335.4005141630769 13.391235627233984 11.056983545422552 10.6884174272418 13.145524881780149 16.831186063587666 6.6341901272535315 2.4571074545383444 497.93282566219568 441.54220958054066 3.4399504363536844 32.80238451808691 16.954041436314583 3.8085165545344344 413.28547385334969 30.713843181729317 5.2827810272574407 3.8085165545344353 17.445462927222252 7.2484669908881161 3.5628058090805999
leaf_count=1133 2615 58 993 483 95 365 29 890 473 27149 109 90 87 107 137 54 20 4053 3594 28 267 138 31 3364 250 43 31 142 59 29
internal_value=-1.78712 -1.82731 -1.32964 -1.45477 -1.25721 -1.574 -1.42264 -1.63456 -1.49399 -1.86765 -1.7972 -1.44575 -1.69703 -1.78669 -1.61206 -1.50397 -1.16178 -1.87619 -1.81466 -1.60073 -1.8227 -1.59993 -1.24978 -1.84808 -1.74928 -1.56209 -1.37588 -1.81889 -1.408 -1.12772
internal_weight=0 5298.38 465.499 517.713 194.849 322.864 92.2644 230.6 121.258 4780.67 516.607 24.4482 44.9651 144.232 52.0907 35.2595 47.2993 4264.06 492.159 17.814 474.345 28.6253 61.9191 928.664 41.4023 22.2368 9.0913 430.731 10.6884 142.758
internal_count=46916 43127 3789 4214 1586 2628 751 1877 987 38913 4205 199 366 1174 424 287 385 34708 4006 145 3861 233 504 7559 337 181 74 3506 87 1162
is_linear=0
shrinkage=1


Tree=1
num_leaves=31
num_cat=0
split_feature=1 36 34 8 49 6 35 14 38 9 9 49 35 35 35 10 38 34 20 49 35 14 36 6 49 35 35 35 9 6
split_gain=6279.79 5304.76 1575.82 465.015 292.415 266.851 197.268 143.158 131.223 126.611 91.5962 83.2407 90.6354 120.388 102.176 83.0081 80.1672 68.6254 62.2398 50.2795 78.6325 48.5324 47.4226 47.0958 45.625 69.3839 86.094 90.9193 45.1269 40.6076
threshold=1.5341489247600759 3.5000000000000004 0.97818403295510314 -0.45783048286480144 11.500000000000002 -0.76514077609537645 4.0234354356309208 0.085202101374815639 123.50000000000001 1.0855718869379301 0.14409912162382785 14.500000000000002 3.9838069065390429 1.9997339394412064 0.98263560584412879 1.5538125748340554 76.500000000000014 0.023426599946243142 0.12137523752973078 14.500000000000002 3.0240388752901493 0.9339492431873897 3.5000000000000004 -1.1443219107003644 14.500000000000002 3.9800141622745224 1.9921412179644828 0.022064128461923609 1.438366478306347 -0.88502031796047964
decision_type=2 2 2 2 2 2 2 2 2 2 2 2 2 2 2 2 2 2 2 2 2 2 2 2 2 2 2 2 2 2
left_child=1 3 15 4 -1 6 18 11 -9 -4 -7 12 13 14 -5 22 -12 -8 -3 20 -6 28 -2 -20 25 26 27 -10 -18 -25
right_child=2 5 9 7 19 10 17 8 24 -11 16 -13 -14 -15 -16 -17 21 -19 23 -21 -22 -23 -24 29 -26 -27 -28 -29 -30 -31
leaf_value=0.37547335184852981 0.36616588874498723 -0.044958314683918782 -0.040949134059640353 0.10337854263350239 0.050166796741063349 -0.097080067062081665 0.34919507818966611 0.00054437462414263973 0.04667748067739113 0.17745566517116787 -0.087655063918246623 -0.0093754782757309377 0.35912987612549196 0.062415322243794126 0.34710427617539269 0.38656603758018504 -0.030111456735950139 0.037066878516760743 0.21616095671407465 -0.047084631122796344 0.39739648601892313 -0.084665544726260325 0.010799511358188171 -0.028899292640797242 0.0028715043552347348 0.31928788630575955 -0.0082763479483830109 0.37532679165270666 0.12847951972848898 0.10402987582945343
leaf_weight=227.51236779987812 6.2481387406587592 362.95261141657829 115.74366449564695 25.345833778381348 18.18372055888176 2555.1584329232574 19.634782120585445 81.667907200753689 14.629341274499891 34.441093400120735 766.98705961555243 14.57570420950651 46.1802718937397 44.061219148337841 53.524969577789307 477.22336076200008 474.01553677022457 10.984787434339522 13.316738992929457 15.98352827131748 10.169077008962633 180.95259639620781 9.4117634445428831 67.653728514909744 14.11675490438938 30.342856302857399 24.90016745775938 19.824647814035416 18.648171655833721 34.802911043167114
leaf_count=1254 36 3023 969 200 132 22276 112 624 116 246 6668 110 265 358 306 2579 4037 86 96 135 54 1551 78 568 113 183 203 114 144 280
internal_value=0 -0.0387243 0.292722 0.230435 0.329689 -0.0770222 -0.00885497 0.157347 0.0953765 0.00913651 -0.0857116 0.219922 0.239686 0.194815 0.268781 0.379132 -0.0655476 0.237219 -0.024594 0.0947484 0.174705 -0.0403759 0.152587 0.0392487 0.169979 0.196279 0.133394 0.235781 -0.0241085 0.0162547
internal_weight=0 5146.13 643.068 641.018 271.849 4505.11 509.346 369.17 185.482 150.185 3995.76 183.688 169.112 122.932 78.8708 492.883 1440.6 30.6196 478.726 44.3363 28.3528 673.616 15.6599 115.773 103.814 89.697 59.3542 34.454 492.664 102.457
internal_count=46916 43008 3908 4167 1575 38841 4165 2592 1353 1215 34676 1239 1129 864 506 2693 12400 198 3967 321 186 5732 114 944 729 616 433 230 4181 848
is_linear=0
shrinkage=0.1


Tree=2
num_leaves=31
num_cat=0
split_feature=20 10 1 36 34 36 34 49 8 35 35 35 14 6 35 34 35 35 9 38 38 38 14 6 14 6 35 38 20 6
split_gain=4850.15 1209.11 914.755 1367.52 527.08 466.802 430.795 239.096 213.697 125.236 153.257 160.845 123.655 116.848 90.6522 70.5247 69.3307 59.9857 56.5106 53.5225 71.3058 43.6354 41.8097 34.2292 40.85 34.0613 30.232 34.3479 29.1034 28.2106
threshold=0.2055897676849886 1.5538125748340554 1.5341489247600759 3.5000000000000004 0.99462837237161461 3.5000000000000004 0.97818403295510314 14.500000000000002 -0.45783048286480144 3.9800141622745224 1.994017580626221 0.022064128461923609 -1.0981005470923344 -0.76514077609537645 4.9842535810722159 0.98758984920427906 4.009985794519678 4.9842535810722159 1.4914074852884396 156.50000000000003 157.50000000000003 76.500000000000014 0.085202101374815639 -0.79167579095138085 -2.3055110860920025 -0.48844301783526928 3.0240388752901493 159.50000000000003 -0.31491716602665809 -0.78137799809396824
decision_type=2 2 2 2 2 2 2 2 2 2 2 2 2 2 2 2 2 2 2 2 2 2 2 2 2 2 2 2 2 2
left_child=1 5 3 7 -4 22 -3 8 15 10 11 -10 17 16 -11 -2 29 23 -6 -15 -21 -14 -1 24 -5 -16 27 -17 -22 -7
right_child=2 6 4 12 18 13 -8 -9 9 14 -12 -13 21 19 25 26 -18 -19 -20 20 28 -23 -24 -25 -26 -27 -28 -29 -30 -31
leaf_value=0.22289624345401432 0.29268510262239433 0.29478797440585763 0.28671950018239939 0.18644235758093616 -0.0097246675873042532 -0.046860814762311714 -0.073386262892049817 -0.027287631908158801 0.037387108049229754 0.30867177490332254 0.010599509455058278 0.26314574717020106 -0.079199356796657072 -0.095738233381130231 0.31712896372871696 -0.012979966881120259 0.1391080535064487 0.26564681969987314 0.16130585705097819 0.19187635819659718 -0.082417171012367063 -0.017371978938731034 0.081691016302012323 0.20751442352309538 -0.0068051028239729224 0.019488211526491661 0.29987052418297594 0.19792644827433431 -0.045523289524201344 0.072626587571517728
leaf_weight=44.8680115416646 226.87264065444469 123.24277234077454 457.62713070958853 12.731986396014689 74.989667676389217 349.49008916318417 42.823770888149738 47.895446710288525 50.674102410674095 66.709100723266602 92.273665122687817 83.659919559955597 234.82855109125376 2295.0745948627591 4.8372577428817776 14.204319491982462 22.922392763197422 13.418479189276693 26.022968053817749 10.4467301890254 676.64891922473907 222.12557590007782 39.366766840219498 10.963942989706991 77.660514079034328 18.740176819264889 10.224428087472914 16.919978320598602 312.58739586174488 20.943236947059631
leaf_count=244 1043 566 2118 79 629 3016 370 390 385 317 737 409 2169 21421 25 91 140 73 162 95 6319 1884 255 77 650 126 46 105 2815 160
internal_value=0 -0.0642346 0.135314 0.086269 0.241084 -0.07586 0.199846 0.187522 0.205106 0.149507 0.109826 0.177984 -0.0258374 -0.0811762 0.249101 0.270794 -0.0296619 0.0669575 0.0343364 -0.0873264 -0.0680146 -0.049145 0.156905 0.0406533 0.0204142 0.0805536 0.150683 0.101674 -0.0707591 -0.0401053
internal_weight=0 3938.41 1763.38 1204.74 558.64 3772.35 166.067 633.011 585.116 316.894 226.608 134.334 571.729 3688.11 90.2865 268.221 393.356 114.775 101.013 3294.76 999.683 456.954 84.2348 101.356 90.3925 23.5774 41.3487 31.1243 989.236 370.433
internal_count=46916 35401 11515 8606 2909 34465 936 3674 3284 1999 1531 794 4932 33966 468 1285 3316 879 791 30650 9229 4053 499 806 729 151 242 196 9134 3176
is_linear=0
shrinkage=0.1


Tree=3
num_leaves=31
num_cat=0
split_feature=20 10 1 36 36 46 34 49 8 6 14 35 35 35 35 35 38 38 9 34 35 38 8 49 40 6 4 14 6 9
split_gain=3884.32 980.149 634.412 1009.07 384.735 366.533 303.541 168.808 145.996 110.588 100.833 85.5057 111.165 114.285 59.5135 54.1944 53.0322 55.531 48.8453 48.3798 41.044 39.7848 33.1714 29.7663 39.4696 86.3905 29.5679 28.4663 96.0771 73.0394
threshold=0.2055897676849886 1.5538125748340554 1.5341489247600759 3.5000000000000004 3.5000000000000004 10.500000000000002 0.97818403295510314 14.500000000000002 -0.45783048286480144 -0.76514077609537645 -1.0981005470923344 3.0165198968604896 1.5025796241620899 0.022064128461923609 4.9842535810722159 4.009985794519678 156.50000000000003 157.50000000000003 1.0855718869379301 0.98758984920427906 4.9842535810722159 76.500000000000014 -0.66463462878230972 11.500000000000002 0.54500000000000015 -0.36305551318779089 0.51562021838130367 -0.11671931538293333 -0.27578476841899352 0.26265528444570579
decision_type=2 2 2 2 2 2 2 2 2 2 2 2 2 2 2 2 2 2 2 2 2 2 2 2 2 2 2 2 2 2
left_child=1 4 3 7 22 -4 -3 8 19 15 20 12 13 -10 -13 -6 27 -18 -7 -2 -5 -12 -1 24 -19 -26 -14 28 -11 -30
right_child=2 6 5 10 9 18 -8 -9 11 16 21 14 26 -15 -16 -17 17 23 -20 -21 -22 -23 -24 -25 25 -27 -28 -29 29 -31
leaf_value=0.205911374678483 0.24047509663192948 0.24222281751367958 0.23740712042466924 0.035438199857064846 -0.03726693190996571 -0.01774812719126527 -0.069945734293723583 -0.025068023136973018 0.032753369016318201 -0.086584481250671641 -0.075955544092204841 0.24941763929943619 -0.011394226090453409 0.21947294378671042 0.06947780131172468 0.11610637847805833 0.14901381746275466 -0.05835453950939843 0.11997789943511501 0.12667493483635442 0.21237621163410925 -0.015844579844135578 0.082001091640164323 -0.087875288560894119 0.66844289903279364 0.012574821881164988 0.14905630338456094 -0.1013485110030834 -0.0075975471261814399 0.28658622995421318
leaf_weight=35.694435358047485 247.20296494662762 134.27552637457848 491.88889819383621 103.84302300959826 359.63353732973337 67.470217503607273 40.556751899421215 46.972942002117634 51.984201654791832 674.50386662781239 221.09231092780828 74.072989299893379 82.623805150389671 88.732831940054893 24.446965388953686 24.61540524661541 12.007289379835127 504.69309525191784 41.645172819495201 44.008057951927185 15.004449501633642 219.33743085712194 54.73283426463604 404.27716598659754 2.174542203545573 26.27333590388298 13.339437626302241 1411.1105299293995 36.200268313288689 11.005267299711702
leaf_count=172 1043 566 2080 806 3176 581 370 390 385 6760 2169 320 652 392 151 140 95 4901 248 242 73 1884 327 3954 21 258 99 14189 365 107
internal_value=0 -0.0613543 0.116388 0.075316 -0.0727165 0.200626 0.169807 0.157772 0.171482 -0.0780284 -0.0239629 0.126485 0.0938989 0.150494 0.204767 -0.0274417 -0.0843348 -0.0646748 0.0348166 0.223278 0.0577766 -0.0460198 0.130912 -0.0674119 -0.0518947 0.0627091 0.0109093 -0.0930864 -0.0769321 0.060987
internal_weight=0 3731.75 1833.67 1232.66 3556.92 601.004 174.832 673.384 626.411 3466.49 559.277 335.2 236.68 140.717 98.52 384.249 3082.25 949.425 109.115 291.211 118.847 440.43 90.4273 937.418 533.141 28.4479 95.9632 2132.82 721.709 47.2055
internal_count=46916 35401 11515 8606 34465 2909 936 3674 3284 33966 4932 1999 1528 777 471 3316 30650 9229 829 1285 879 4053 499 9134 5180 279 751 21421 7232 472
is_linear=0
shrinkage=0.1


Tree=4
num_leaves=31
num_cat=0
split_feature=20 10 1 36 36 34 34 49 8 6 14 35 35 35 38 35 38 35 34 38 35 36 20 6 14 6 9 10 25 21
split_gain=3172.75 812.668 476.887 775.606 321.864 267.653 229.803 129.988 111.255 104.599 83.3463 64.8543 82.1742 82.2871 52.4317 44.8175 44.6219 43.0197 37.9843 36.5794 34.6695 30.4096 29.0056 28.9602 28.7279 84.0522 44.8121 27.4783 26.5403 26.2205
threshold=0.2055897676849886 1.5538125748340554 1.602554972518522 3.5000000000000004 3.5000000000000004 0.99462837237161461 0.98898832352247534 14.500000000000002 -0.45783048286480144 -0.76514077609537645 -1.0981005470923344 3.9800141622745224 1.5025796241620899 0.99587844072866949 156.50000000000003 4.9842535810722159 157.50000000000003 4.0123605335127159 0.97142733839817097 76.500000000000014 3.0240388752901493 4.5000000000000009 -0.31491716602665809 0.17513453636908197 -0.11671931538293333 -0.27578476841899352 0.26265528444570579 1.6470457508251397 -0.51182788354239073 1.9213068336690886
decision_type=2 2 2 2 2 2 2 2 2 2 2 2 2 2 2 2 2 2 2 2 2 2 2 2 2 2 2 2 2 2
left_child=1 4 3 7 23 -4 -3 8 18 17 20 12 13 -10 24 -13 -16 28 -2 -12 27 -7 -18 -1 25 -11 -27 -5 -6 -9
right_child=2 6 5 10 9 21 -8 29 11 14 19 15 -14 -15 16 -17 22 -19 -20 -21 -22 -23 -24 -25 -26 26 -28 -29 -30 -31
leaf_value=0.14785388688221526 0.20791172514315581 0.2075238569658783 0.20628769565982494 0.011495134270206446 -0.06677100773952388 0.075357409866822322 -0.072714404114137515 -0.041038463564330274 0.036153483054238621 -0.083701747957529868 -0.070138433269607933 0.21389649566323829 0.012335466745332771 0.18857490594870308 0.12042102859441409 0.061708708650642478 -0.076626050502232451 0.10058901767352829 0.11179361962073352 -0.012151525748596284 0.14058282592257917 -0.03721008387575872 -0.03802277070063597 0.027363245904946945 -0.099198600823395239 -0.0068805533032091264 0.20628362287948213 0.32524915765162532 -0.011012592873307138 0.25331517303695839
leaf_weight=66.556622207164764 260.78788685798645 141.29304047673941 496.15450511872768 92.423489786684513 147.10018298774958 53.23271768540144 36.904817923903465 44.892953895032406 57.704992979764938 630.26650527119637 212.57494366168976 79.101757526397705 99.279518827795982 91.712166160345078 13.293471395969389 25.616882875561714 602.47430214285851 25.308407500386238 48.809412822127342 222.81335246562958 32.495151683688164 43.699108004570007 287.53350629657507 28.485118240118027 1303.0924151241779 35.98707640171051 13.58490066975355 2.8782594352960578 203.40935214608908 3.2449812293052664
leaf_count=329 1056 581 2020 697 1345 349 355 375 405 6760 2192 324 764 383 95 152 6319 135 253 1922 197 385 2815 170 14189 365 107 14 1836 27
internal_value=0 -0.0586147 0.10252 0.0680454 -0.0696609 0.176595 0.149486 0.137472 0.148992 -0.0749462 -0.0196212 0.110651 0.082854 0.12971 -0.0814078 0.176667 -0.0614382 -0.0253217 0.192758 -0.0404632 0.0513849 0.0246094 -0.0641545 0.111741 -0.0905047 -0.0738406 0.0515358 0.020971 -0.034413 -0.0211961
internal_weight=0 3535.29 1867.42 1274.34 3357.09 593.086 178.198 711.151 663.013 3262.05 563.185 353.415 248.697 149.417 2886.23 104.719 903.301 375.818 309.597 435.388 127.797 96.9318 890.008 95.0417 1982.93 679.838 49.572 95.3017 350.51 48.1379
internal_count=46916 35401 11515 8761 34465 2754 936 3739 3337 33966 5022 2028 1552 788 30650 476 9229 3316 1309 4114 908 734 9134 499 21421 7232 472 711 3181 402
is_linear=0
shrinkage=0.1


Tree=5
num_leaves=31
num_cat=0
split_feature=20 10 10 36 36 46 34 6 49 8 14 38 38 6 49 40 6 38 35 34 14 6 9 24 35 35 40 46 38 6
split_gain=2621.76 682.093 375.89 635.681 270.986 258.268 182.238 99.703 97.3832 86.9195 60.8973 54.8286 52.5753 50.1015 37.1547 42.0705 54.5984 34.6554 34.2626 33.3686 29.2477 73.9073 30.1259 28.603 27.6484 26.3513 42.8719 26.1556 25.6385 25.5869
threshold=0.2055897676849886 1.6470457508251397 1.5538125748340554 3.5000000000000004 3.5000000000000004 12.500000000000002 0.97818403295510314 -0.76514077609537645 14.500000000000002 -0.45783048286480144 -1.0981005470923344 156.50000000000003 156.50000000000003 0.013552657238892655 11.500000000000002 0.54500000000000015 -0.36305551318779089 76.500000000000014 4.0234354356309208 0.97142733839817097 -0.11671931538293333 -0.27578476841899352 0.26265528444570579 -0.22082836755932836 3.0086600836758604 3.9874776848372853 0.44500000000000006 1.5000000000000002 78.500000000000014 -0.78137799809396824
decision_type=2 2 2 2 2 2 2 2 2 2 2 2 2 2 2 2 2 2 2 2 2 2 2 2 2 2 2 2 2 2
left_child=1 4 3 8 27 -4 -3 18 9 19 24 13 20 -11 15 -14 -17 -12 29 -2 21 -9 -23 -13 -5 -7 -27 -1 -19 -6
right_child=2 6 5 10 7 25 -8 12 -10 11 17 23 14 -15 -16 16 -18 28 -20 -21 -22 22 -24 -25 -26 26 -28 -29 -30 -31
leaf_value=0.13904687052922798 0.18461290504783245 0.18917517623035765 0.1843831436319173 0.010097201275828745 -0.038204973480212435 -0.023132674569265071 -0.064790406811542967 -0.080688800022098994 -0.018696578023317544 0.095081007763618219 -0.070688940301347369 0.15216258548765205 -0.047684760907770303 -0.017164667192783173 -0.082571211311233489 0.40124911142758174 0.018623548523604021 0.22670811956725725 0.089878945496504839 0.095372067964724416 -0.097111156948823538 -0.0062276237135341439 0.16025545985256134 0.018982300479812253 0.1146975781242856 0.2477352029164063 0.004283538442244177 0.034134956712796156 -0.017636978187606674 0.075314676486941012
leaf_weight=58.766513705253601 261.12460041046143 137.90809831023216 515.71582736819983 91.872257575392723 323.52330078184605 70.739820457994938 35.534959845244884 590.86900454759598 46.09856989979744 128.87925193458796 197.10586160421371 156.54055321216583 473.21945747733116 57.511135689914227 359.01239150762558 4.3772890865802792 25.194073185324669 4.3834147602319709 25.054410874843597 49.907792791724205 1203.3673936575651 35.794735103845596 15.6089771091938 17.978239104151726 34.857703663408756 10.863732434809206 21.646530747413635 39.897231444716454 211.07284115254879 21.153489977121353
leaf_count=275 1045 552 2087 689 3036 543 358 6767 393 703 2168 812 4993 402 3960 28 258 38 126 248 14191 365 107 112 200 55 168 224 1852 161
internal_value=0 -0.0559636 0.0916875 0.0602834 -0.0665098 0.15548 0.137143 -0.0717403 0.121905 0.131551 -0.0217626 0.0981624 -0.0783921 0.0604474 -0.0579992 -0.0404537 0.0752615 -0.040387 -0.0230307 0.170293 -0.0879144 -0.0706834 0.0443257 0.138443 0.0388681 0.0111153 0.0856361 0.096623 -0.0126658 -0.0312381
internal_weight=0 3349.28 1876.3 1257.33 3175.84 618.966 173.443 3077.17 718.04 671.942 539.292 360.909 2707.44 186.39 861.803 502.791 29.5714 412.562 369.731 311.032 1845.64 642.273 51.4037 174.519 126.73 103.25 32.5103 98.6637 215.456 344.677
internal_count=46916 35401 11515 8662 34491 2853 910 33992 3715 3322 4947 2029 30669 1105 9239 5279 286 4058 3323 1293 21430 7239 472 924 889 766 223 499 1890 3197
is_linear=0
shrinkage=0.1


Tree=6
num_leaves=31
num_cat=0
split_feature=20 10 1 36 36 46 46 6 14 38 4 9 35 46 8 38 22 6 25 35 14 1 10 14 14 35 0 10 8 8
split_gain=2179.8 553.11 322.924 505.171 222.828 195.973 142.438 94.5624 87.0399 88.3883 57.1538 52.9306 50.3868 48.3279 38.055 35.522 35.2331 29.9921 29.5715 32.1322 28.2866 28.7914 28.2282 27.6329 26.2687 28.1003 73.2798 26.1542 25.5385 24.4851
threshold=0.19433698214755657 1.6470457508251397 1.5741039265518844 3.5000000000000004 3.5000000000000004 10.500000000000002 12.500000000000002 -0.76514077609537645 0.085202101374815639 66.500000000000014 0.48608870508080476 0.14409912162382785 4.0005527689208735 17.000000000000004 -0.45783048286480144 76.500000000000014 -0.54470189973136984 1.1851951845064732 -0.45555219462722873 3.0240388752901493 -2.535449313321108 -1.0000000180025095e-35 1.6470457508251397 -2.3055110860920025 0.9339492431873897 4.009985794519678 -0.59820894770523181 1.6470457508251397 -0.66463462878230972 1.836682484446331
decision_type=2 2 2 2 2 2 2 2 2 2 2 2 2 2 2 2 2 2 2 2 2 2 2 2 2 2 2 2 2 2
left_child=1 4 3 8 28 -4 -3 18 13 -10 -5 16 23 14 -2 -13 -9 -11 -6 20 21 -20 -7 -12 25 -17 -27 -25 -1 -28
right_child=2 6 5 10 7 22 -8 11 9 17 12 15 -14 -15 -16 24 -18 -19 19 -21 -22 -23 -24 27 -26 26 29 -29 -30 -31
leaf_value=0.14900359468217172 0.17039683789614973 0.16942193539298001 0.16730076643918615 -0.044823873248527185 -0.052173951403423714 0.22715572918727706 -0.071789364494317304 -0.016087840831847163 -0.021629141647407878 0.11656419727748508 0.13113596407765765 -0.074489872747096023 0.16012791212167274 -0.053702564344127124 0.11059597814869936 -0.024513184171718789 -0.087416373553083349 0.010041203607783105 -0.048922481946417247 0.081084788732571259 -0.025671199034402372 0.35832160400819352 0.0083701312413500054 -0.014161617435874144 -0.071279796324224903 0.62161235465429154 0.009271993220734109 0.23130721929359921 0.04411814396604069 0.39155542429177054
leaf_weight=37.899167194962502 219.92705648392439 133.53535977005959 508.94455470144749 339.80512124300003 163.39652828872204 6.248802311718463 29.976688556373119 72.11155653744936 83.708255223929882 173.54306197166443 15.690715953707693 360.85487061738968 23.373479850590229 13.077524006366728 206.171192497015 215.36823080480099 1745.537424646318 31.180325642228127 3.0957601368427277 43.637928530573845 145.75375693291426 3.9524121135473242 104.80435837060213 163.31036227196455 106.68275712430477 2.2954706996679333 26.100781336426738 4.4590996056795111 59.915387734770775 1.7903733327984799
leaf_count=165 901 554 2053 3432 1544 36 318 836 545 904 83 4470 135 117 1057 2282 21426 198 30 333 1367 27 783 1430 1235 20 273 26 316 20
internal_value=0 -0.0538861 0.0818463 0.0530458 -0.0636849 0.141038 0.125201 -0.0687081 0.107621 0.0649425 -0.0195967 -0.0755282 0.0218487 0.13565 0.141462 -0.0524389 -0.0845866 0.10034 -0.0207415 0.00540359 -0.0162098 0.179448 0.0206809 0.00423144 -0.0298485 -0.0118484 0.0785093 -0.00763737 0.084757 0.0338113
internal_weight=0 3151.9 1894.24 1274.25 2988.39 619.998 163.512 2890.58 727.607 288.432 546.639 2530.74 206.834 439.176 426.098 713.092 1817.65 204.723 359.836 196.44 152.802 7.04817 111.053 183.46 352.238 245.555 30.1866 167.769 97.8146 27.8912
internal_count=46916 35216 11700 8828 34344 2872 872 33863 3722 1647 5106 30562 1674 2075 1958 8300 22262 1102 3301 1757 1424 57 819 1539 3830 2595 313 1456 481 293
is_linear=0
shrinkage=0.1


Tree=7
num_leaves=31
num_cat=0
split_feature=20 1 1 36 36 46 46 34 8 35 6 34 14 6 38 38 0 9 31 14 38 9 14 25 6 38 14 6 10 6
split_gain=1820.8 493.709 261.49 385.758 190.911 152.902 123.921 87.3436 80.5101 79.9146 123.174 61.446 49.0729 48.973 40.8741 39.5064 35.574 34.3181 33.5162 32.7198 29.6473 26.7044 26.6872 25.1596 24.6829 24.4263 22.0444 28.6913 45.8736 22.0082
threshold=0.2055897676849886 1.5040487322347904 1.602554972518522 3.5000000000000004 3.5000000000000004 10.500000000000002 12.500000000000002 0.026578307438921856 -0.45783048286480144 4.0171422152457295 -0.38215060594725386 0.98758984920427906 -1.0981005470923344 -0.76514077609537645 76.500000000000014 32.500000000000007 -0.60028933356178837 0.19112862607662964 -0.75211527092451336 -1.1453173209606649 76.500000000000014 1.4914074852884396 0.72345038793429362 1.21881917613757 -0.79167579095138085 61.500000000000007 -1.507797691239684 -1.1443219107003644 -1.0000000180025095e-35 -1.1443219107003644
decision_type=2 2 2 2 2 2 2 2 2 2 2 2 2 2 2 2 2 2 2 2 2 2 2 2 2 2 2 2 2 2
left_child=1 4 3 8 -1 -4 -3 9 11 13 19 -2 24 25 -15 18 -12 -9 -10 -11 -14 -16 -17 -7 29 -6 27 28 -27 -5
right_child=2 6 5 12 7 23 -8 17 15 10 16 -13 20 14 21 22 -18 -19 -20 -21 -22 -23 -24 -25 -26 26 -28 -29 -30 -31
leaf_value=0.073372558511750549 0.1555819171352727 0.14865471998305477 0.1540799096871065 0.12294346999102823 -0.041843332428509052 -0.0056373248771149978 -0.063716422220863336 -0.092499598035035602 0.11720327111095792 0.13811950403439485 0.40382491777327489 0.047473005414782221 -0.062305671529425302 -0.083562579863572961 -0.044324269608592093 0.097041885118041016 -0.030891795305400517 -0.055769921143282775 -0.034352224712478528 0.37551163132185006 -0.0076338665325051333 0.21876487510365894 0.029049001020313381 0.10880720215460012 0.15560844967879478 -0.064182817717908833 0.074030887798393577 -0.053135596614751195 0.3360370569432739 0.0030883527017489471
leaf_weight=101.72709476947784 258.31494802981615 147.50581499934196 481.56568057835102 18.095304861664772 157.66437101364136 80.993680261075497 33.765519797801971 1058.2903187125921 19.384322725236416 14.756103798747064 1.9229841828346241 66.008429773151875 184.90213491022587 552.9557886198163 403.04284206777811 260.5606869533658 89.273301683366299 334.87912693619728 59.020825289189816 9.5724320858716947 213.96666253358126 3.895424395799636 74.155657239258289 25.181746527552605 15.521973878145216 6.1337779238820076 44.303537055850029 47.998634152114391 5.3723993822932226 99.905808471143246
leaf_count=493 1063 673 1984 89 1568 620 377 13835 89 62 18 369 2192 7348 4821 1358 1101 4023 397 81 1922 36 463 150 88 61 393 478 33 731
internal_value=0 -0.0508955 0.0749817 0.0494562 -0.0611371 0.13013 0.109096 -0.0661491 0.0962873 -0.0478899 0.0316071 0.133579 -0.0154121 -0.0554092 -0.0658602 0.0670114 -0.0217253 -0.0836708 0.00311726 0.231525 -0.0329779 -0.0418058 0.0819782 0.0215056 0.0370617 -0.0170426 0.0206249 -0.0191378 0.122686 0.021468
internal_weight=0 3013.06 1857.58 1269.84 2831.79 587.741 181.271 2730.06 737.445 1336.89 115.525 324.323 532.392 1221.37 959.894 413.121 91.1963 1393.17 78.4051 24.3285 398.869 406.938 334.716 106.175 133.523 261.473 103.808 59.5048 11.5062 118.001
internal_count=46916 35401 11515 8761 34351 2754 1050 33858 3739 16000 1262 1432 5022 14738 12205 2307 1119 17858 486 143 4114 4857 1821 770 908 2533 965 572 94 820
is_linear=0
shrinkage=0.1


Tree=8
num_leaves=31
num_cat=0
split_feature=20 10 10 36 46 36 34 31 35 8 46 34 38 35 35 35 35 14 18 32 0 46 38 35 34 9 8 14 49 38
split_gain=1532.86 389.181 260.041 360.636 170.521 148.001 96.4732 78.9078 72.2964 69.1869 62.3996 54.0952 53.6345 44.5589 72.2313 76.5523 61.9505 39.0365 38.8848 32.3709 30.6279 28.3073 27.1033 27.0797 24.0486 23.9364 22.7231 22.5758 21.9088 21.6194
threshold=0.12137523752973078 1.6470457508251397 1.5538125748340554 3.5000000000000004 12.500000000000002 3.5000000000000004 0.98898832352247534 -0.30973662508621463 4.9910412470886953 -0.68045660522688289 2.5000000000000004 0.97142733839817097 180.00000000000003 3.9800141622745224 1.994017580626221 0.022064128461923609 4.98678569477888 -1.1453173209606649 0.96609126551163393 0.054648234884955856 -0.59413502330859924 10.500000000000002 76.500000000000014 4.9910412470886953 1.9803274004695035 1.438366478306347 -0.66463462878230972 0.9339492431873897 2.5000000000000004 76.500000000000014
decision_type=2 2 2 2 2 2 2 2 2 2 2 2 2 2 2 2 2 2 2 2 2 2 2 2 2 2 2 2 2 2
left_child=1 5 3 9 -4 26 -3 8 18 11 19 -2 -9 14 15 -11 -15 21 -7 -10 -18 23 -19 -5 25 -24 -1 -14 -27 -13
right_child=2 6 4 17 -6 7 -8 12 10 13 -12 29 27 16 -16 -17 20 22 -20 -21 -22 -23 24 -25 -26 28 -28 -29 -30 -31
leaf_value=0.13098968093671109 0.14482015825032354 0.14894590576972341 0.1429865742953422 0.028963782000576976 0.0049225599723064957 -0.065784512606233178 -0.064430244702038869 -0.090936813462442423 0.084487092460327443 -0.0035967616496195031 -0.030566252167650139 -0.040299681378394084 -0.030266386827091332 0.16073238809083187 -0.020433654106473957 0.12970493110900272 0.23261506311686342 -0.057586876014147081 -0.022323006060760472 0.29359695195934554 -0.0064834264167962013 -0.08079375270815764 -0.0079821585069076492 0.17434755680098976 -0.10955733059566231 -0.020925249949381365 0.026962033779691794 -0.075716359158365151 0.22584253516865116 0.08185421300868348
leaf_weight=33.782970726490021 241.43315023183823 115.90469628572464 503.99790546298027 110.34335445612669 108.76262265443802 577.02500750869513 25.929560050368309 1080.2785079106688 22.372570440173149 69.33180046826601 40.824781224131584 21.167749956250191 255.21837493032217 85.20670373737812 120.60651929676533 113.78337958455086 6.0750097781419745 213.66879182308912 320.03522472083569 11.06397634744644 45.362013094127178 20.557783603668213 211.99368699640036 14.494858533143995 21.712341636419296 6.1486608833074561 55.482559040188789 191.13663977384567 8.6724403426051122 45.918364383280277
leaf_count=143 1023 502 2159 805 810 7213 301 15570 163 431 468 132 3198 360 824 470 27 2730 3678 74 290 150 2011 59 204 47 279 2496 64 235
internal_value=0 -0.0513484 0.0644137 0.0399901 0.118481 -0.0601902 0.109937 -0.0647116 -0.0424296 0.0864338 0.0523918 0.122747 -0.0788885 0.0609925 0.0396562 0.0792337 0.108417 -0.0172539 -0.0502792 0.15368 0.0217555 0.0279386 -0.0314704 0.0458442 -0.009017 0.00060744 0.0663318 -0.0497288 0.123469 0.0433109
internal_weight=0 2729.05 1969.24 1356.48 612.761 2587.22 141.834 2497.96 971.322 748.885 74.2613 308.519 1526.63 440.365 303.722 183.115 136.644 607.592 897.06 33.4365 51.437 145.396 462.196 124.838 248.527 226.815 89.2655 446.355 14.8211 67.0861
internal_count=46916 34085 12831 9862 2969 33282 803 32860 11596 3792 705 1390 21264 2402 1725 901 677 6070 10891 237 317 1014 5056 864 2326 2122 422 5694 111 367
is_linear=0
shrinkage=0.1


Tree=9
num_leaves=31
num_cat=0
split_feature=20 1 10 36 46 9 46 34 49 35 8 49 35 6 49 6 31 38 14 34 0 34 38 35 34 9 25 38 6 38
split_gain=1293.31 333.816 221.811 298.112 150.081 123.514 87.2626 73.6588 61.2103 67.5984 62.8303 56.1752 54.083 62.8964 40.6367 37.7131 34.6478 33.5083 32.3487 29.0734 24.4327 23.9386 23.8522 23.1973 21.475 21.2733 21.0734 20.8539 19.5001 22.438
threshold=0.12137523752973078 1.5741039265518844 1.5538125748340554 3.5000000000000004 10.500000000000002 0.92423500421745641 12.500000000000002 0.013988654878231784 11.500000000000002 3.0165198968604896 -0.45783048286480144 14.500000000000002 4.009985794519678 -0.38215060594725386 10.500000000000002 -0.76514077609537645 0.32065878167333023 76.500000000000014 -1.1453173209606649 0.016342721523906683 -0.74424909225767888 1.0054918159952393 76.500000000000014 3.9979300634071619 1.9803274004695035 0.19112862607662964 1.7656044094593504 27.500000000000004 0.51600413293223324 10.500000000000002
decision_type=2 2 2 2 2 2 2 2 2 2 2 2 2 2 2 2 2 2 2 2 2 2 2 2 2 2 2 2 2 2
left_child=1 5 3 8 -4 7 -3 12 10 -10 -2 -11 15 -14 19 -1 23 -17 21 28 -15 -5 -20 27 -24 -9 -6 -7 29 -12
right_child=2 6 4 18 26 16 -8 25 9 11 14 -13 13 20 -16 17 -18 -19 22 -21 -22 -23 24 -25 -26 -27 -28 -29 -30 -31
leaf_value=-0.016400910904845436 0.13065765602654381 0.13858368421056141 0.13468833524792123 0.037439084119537828 -0.0086657412403904031 -0.063139276061255675 -0.066536872856740592 -0.088302209684924207 -0.032789895174863304 0.1646452102459294 -0.035504543466114362 -0.010769178768536267 0.15526647721034847 0.28973507104069307 0.15460237536993138 -0.081480823524645127 -0.046665327549181727 -0.039274068577960085 -0.054510420769574297 -0.04973625333047825 -0.031914098470977009 -0.10585110663172739 0.00047787856332838464 0.11304067069476645 -0.10769481894426197 -0.054996311081669337 0.11960234284995307 0.047383147880223055 -0.020722455637318369 0.080592790998925259
leaf_weight=222.9898309186101 262.77663516998291 114.45202577114105 479.50173902511597 133.58108852058649 100.69379067420959 22.371960580348969 25.330155089497566 926.03555359691381 90.166448444128036 46.050699502229691 18.212972283363342 30.247851081192493 26.705891489982605 2.43612416088581 42.686948448419571 432.71173192933202 54.554385043680668 332.74392493069172 203.68562314659357 26.579535439610481 77.197213236242533 12.774040654301642 226.79132867604494 38.802993185818195 19.968556046485901 241.86272292584181 14.675177238881586 72.064511768519878 26.275793500244617 193.62620889395475
leaf_count=2293 1155 528 2119 913 765 257 311 13925 613 192 114 235 151 21 174 6580 539 4355 2730 166 1024 101 2122 297 204 3230 85 574 167 976
internal_value=0 -0.0488942 0.0592724 0.036619 0.110051 -0.0574682 0.101413 -0.0639361 0.0791786 0.0258297 0.0947545 0.0951038 -0.0453007 0.0224628 0.0640614 -0.0525908 0.0204619 -0.0631335 -0.0159117 0.0494599 -0.0220743 0.0249326 -0.0291825 0.0479468 -0.00827578 -0.0814048 0.00765023 0.0212004 0.0605327 0.0706113
internal_weight=0 2590.26 1928.29 1333.42 594.871 2450.48 139.782 2262.68 736.623 166.465 570.158 76.2986 1094.78 106.339 307.381 988.445 187.794 765.456 596.801 264.695 79.6333 146.355 450.446 133.239 246.76 1167.9 115.369 94.4365 238.115 211.839
internal_count=46916 34085 12831 9862 2969 33246 839 31579 3792 1040 2752 427 14424 1196 1597 13228 1667 10935 6070 1423 1045 1014 5056 1128 2326 17155 850 831 1257 1090
is_linear=0
shrinkage=0.1


Tree=10
num_leaves=31
num_cat=0
split_feature=20 10 1 36 46 13 34 20 6 38 34 4 35 8 40 8 0 31 31 38 29 32 46 35 49 10 22 38 38 6
split_gain=1097.1 291.236 213.856 262.964 113.953 91.5944 70.7679 62.3524 59.1757 55.1942 46.2166 38.6726 43.3626 34.2014 31.7507 28.7862 26.5815 23.0219 22.7086 22.6485 22.1338 25.4199 22.0847 21.9529 23.5125 21.6321 21.5147 20.9162 20.4182 20.288
threshold=0.047110220341655712 1.6470457508251397 1.5341489247600759 3.5000000000000004 10.500000000000002 0.54867985663602215 0.98898832352247534 -0.1850271002323898 -0.12477134196998574 73.500000000000014 0.026578307438921856 0.48608870508080476 3.0240388752901493 -0.45783048286480144 0.53500000000000014 -0.43182591996409025 -0.61846297161607688 -0.21397623183833389 1.2322585819996259 156.50000000000003 -0.043462258058596513 -0.67938683905869957 21.500000000000004 3.9962571127116919 12.500000000000002 1.6470457508251397 -0.54470189973136984 157.50000000000003 156.50000000000003 -0.76514077609537645
decision_type=2 2 2 2 2 2 2 2 2 2 2 2 2 2 2 2 2 2 2 2 2 2 2 2 2 2 2 2 2 2
left_child=1 5 3 8 -4 10 -3 29 13 -10 14 19 -13 -2 26 -9 -16 20 23 -5 -18 -22 25 24 -11 -6 -1 -21 -28 -7
right_child=2 6 4 11 22 7 -8 15 9 18 -12 12 -14 -15 16 -17 17 -19 -20 27 21 -23 -24 -25 -26 -27 28 -29 -30 -31
leaf_value=0.024740715951149531 0.12511687407569824 0.13297918822791521 0.12477185621006892 -0.050798216163885412 0.18794930728718048 0.0016961103266452456 -0.058884305377386252 0.1006618348041089 -0.025135190741214813 0.074923964007177851 -0.083225866861693212 -0.0076820789973051267 0.085171711716316073 0.068926489611909447 0.27834085922781387 -0.0025963170526270103 -0.012865472164354914 -0.042760060766913702 -0.0077539757687040151 0.24676691866526435 0.047742202344455781 0.34373910744614428 -0.070301726285320623 0.1311439068382399 -0.054483342064176647 0.022356934763195616 -0.072090634042229013 -0.0077296202369964611 -0.035055232700044639 -0.052091048147379464
leaf_weight=30.807083126157522 207.47856114059687 104.38226402550936 467.23349663615227 264.53538662940264 8.6589003279805166 94.427050828933716 23.564231842756271 53.128291428089142 94.691769391298294 95.472113393247128 937.23401926830411 201.23946886137128 67.051605693995953 226.66078173369169 3.5308766141533843 54.893566478043795 13.471890255808832 48.6453459225595 33.784014582633972 3.3022930920124045 6.7745731696486473 5.0746761634945852 23.841229394078255 59.308758281171322 16.461277030408382 88.715692713856697 482.04211321100593 146.25700636953115 215.37218640744686 272.49562380835414
leaf_count=359 979 493 2173 3404 51 935 300 449 620 491 14974 1894 510 1144 17 504 132 690 209 28 55 39 188 287 108 641 7331 1426 2710 3775
internal_value=0 -0.0490566 0.0516877 0.0306343 0.102358 -0.0575195 0.0976432 -0.0185894 0.072186 0.0380098 -0.0681277 -0.0140516 0.015524 0.0957803 -0.0505651 0.048189 0.0102866 -0.00250928 0.0671734 -0.0332135 0.0748179 0.174509 0.0159613 0.0819557 0.0558929 0.037082 -0.057041 -0.0021103 -0.0606535 -0.038249
internal_weight=0 2345.84 2004.69 1416.24 588.449 2217.9 127.946 474.945 733.857 299.718 1742.95 682.386 268.291 434.139 805.719 108.022 77.4974 73.9665 205.026 414.095 25.3211 11.8492 121.216 171.242 111.933 97.3746 728.221 149.559 697.414 366.923
internal_count=46916 32763 14153 11100 3053 31970 793 5663 3838 1715 26307 7262 2404 2123 11333 953 933 916 1095 4858 226 94 880 886 599 692 10400 1454 10041 4710
is_linear=0
shrinkage=0.1


Tree=11
num_leaves=31
num_cat=0
split_feature=20 10 1 36 46 9 34 8 34 46 34 35 35 40 35 38 38 4 35 49 14 49 35 38 6 0 38 38 38 3
split_gain=925.024 249.717 187.579 215.179 99.5017 88.4628 60.7022 57.0008 58.4843 50.2522 43.6384 36.702 53.5083 46.5748 62.2667 36.3246 45.2507 33.3035 39.6239 31.6787 31.242 28.4277 28.9782 25.7772 23.8207 22.9036 21.326 19.3815 19.4275 19.7533
threshold=0.047110220341655712 1.6470457508251397 1.602554972518522 3.5000000000000004 10.500000000000002 0.13238758477521315 0.98898832352247534 -0.45783048286480144 0.98758984920427906 11.500000000000002 0.016342721523906683 3.9800141622745224 4.98678569477888 0.21500000000000002 0.99587844072866949 32.500000000000007 40.500000000000007 0.48608870508080476 1.0056392894146755 4.5000000000000009 -1.9069748571572471 12.500000000000002 4.9898147667666235 76.500000000000014 -0.76514077609537645 -0.6050447430664162 26.500000000000004 76.500000000000014 78.500000000000014 -0.23083228763200689
decision_type=2 2 2 2 2 2 2 2 2 2 2 2 2 2 2 2 2 2 2 2 2 2 2 2 2 2 2 2 2 2
left_child=1 5 3 7 -4 10 -3 8 -2 15 24 13 -13 14 -9 -7 19 27 -19 -17 -18 22 -20 -22 -1 -14 -26 -5 29 -29
right_child=2 6 4 17 -6 9 -8 11 -10 -11 -12 12 25 -15 -16 16 20 18 21 -21 23 -23 -24 -25 26 -27 -28 28 -30 -31
leaf_value=-0.015685314287187075 0.12382250361009287 0.1263312216496118 0.12034497008716778 -0.053054403425887721 0.014120653318222773 -0.052721071297298805 -0.055788030326686056 -0.010286086863606138 0.020740586486654142 -0.077280356090002125 -0.084994132191530514 0.13755903705567171 0.20162442974217443 -0.022693835965241032 0.10950848174865013 0.074447532998132476 0.15871614624044939 -0.028539908601656474 0.049113417297769489 0.35833502784604138 -0.052247589642400831 -0.03281056928570817 0.18324924927223596 0.009614327446523567 -0.091811035702567267 -0.013373204042883525 -0.047679539467324318 -0.0085803229624800241 -0.014151325078142294 0.37480035749143897
leaf_weight=154.57701760530472 231.84713103622198 99.158736385405064 421.23744534701109 189.48518272489309 111.53046888113022 142.67073989287019 22.444326251745224 77.39981372654438 72.173019148409367 140.2990253046155 759.20672147348523 81.197415478527546 5.5246979147195807 126.35256673395634 98.743253223598003 13.635589271783831 11.767749533057211 120.45876181125641 109.37673212960362 5.5228196159005156 92.078444603830576 35.002657152712345 18.886885553598404 250.89484653621912 152.98047282546759 48.04321576654911 385.25425403192639 2.7578692734241486 215.66480758041143 2.6213583424687377
leaf_count=1650 1107 493 2052 2722 803 2014 300 461 388 2125 13242 363 23 839 424 140 86 1115 953 44 1335 327 95 2780 2647 298 5907 22 2142 19
internal_value=0 -0.0466233 0.047434 0.0286274 0.0981078 -0.054658 0.0927174 0.0660955 0.0993513 -0.0242071 -0.0684335 0.0429732 0.0863787 0.0236356 0.056869 -0.00979259 0.00658786 -0.0113786 0.0149671 0.156284 -0.00149675 0.0470668 0.068865 -0.00699381 -0.0502859 0.00880046 -0.0602229 -0.0295866 -0.00946925 0.178245
internal_weight=0 2230.49 1968.3 1435.54 532.768 2108.89 121.603 741.281 304.02 656.869 1452.02 437.261 134.765 302.496 176.143 516.57 373.899 694.254 283.725 19.1584 354.741 163.266 128.264 342.973 692.812 53.5679 538.235 410.529 221.044 5.37923
internal_count=46916 32763 14153 11298 2855 31970 793 3903 1495 8524 23446 2408 684 1724 885 6399 4385 7395 2490 184 4201 1375 1048 4115 10204 321 8554 4905 2183 41
is_linear=0
shrinkage=0.1


Tree=12
num_leaves=31
num_cat=0
split_feature=20 10 10 36 46 3 49 35 34 49 8 49 34 20 21 46 38 38 6 35 49 6 38 40 6 20 38 35 14 14
split_gain=785.531 219.926 172.781 200.617 112.616 72.416 53.0362 52.9088 52.3337 52.1331 52.5998 47.0529 41.6123 33.9675 33.7337 33.4014 39.8238 45.7752 41.027 36.9569 30.413 30.2289 28.3572 31.4123 24.7399 21.728 21.0183 20.107 21.14 20.0634
threshold=1.0000000180025095e-35 1.6470457508251397 1.6470457508251397 3.5000000000000004 12.500000000000002 0.9319008772109646 14.500000000000002 3.0240388752901493 0.98898832352247534 11.500000000000002 -0.45783048286480144 10.500000000000002 0.026578307438921856 -0.12201581005472119 -1.6233055213157241 17.000000000000004 156.50000000000003 157.50000000000003 -0.10905356293846662 4.9898147667666235 1.5000000000000002 -1.1443219107003644 26.500000000000004 0.53500000000000014 -0.002178766831042686 0.71372462591796737 183.50000000000003 4.9842535810722159 -0.3159057792948114 -0.15639312149084744
decision_type=2 2 2 2 2 2 2 2 2 2 2 2 2 2 2 2 2 2 2 2 2 2 2 2 2 2 2 2 2 2
left_child=1 5 3 6 -4 12 7 9 -3 10 -2 20 14 -7 -1 16 18 -18 19 29 -12 -19 -16 -24 -25 -6 -14 -9 -29 -5
right_child=2 8 4 15 25 13 -8 27 -10 -11 11 -13 26 -15 22 -17 17 21 -20 -21 -22 -23 23 24 -26 -27 -28 28 -30 -31
leaf_value=0.31542059906475006 0.10789314507122452 0.12048371327602819 0.1150600044512493 -0.025608055005290339 -0.0516116465186294 -0.022073532391205773 -0.033596421298350672 0.13725702549175692 -0.052739273853838177 -0.027258479149822708 0.052939687169611116 0.13149390899652955 -0.088795841172794043 0.081179373838176985 -0.076131134579320706 -0.098350011673973656 0.26899997038233175 0.14797126407565628 -0.067772110227204196 0.11362406068459799 -0.024868132242081217 0.0075370856783523168 -0.042652301556041911 0.11404854403175174 -0.020806846513797838 0.038910419421593484 -0.054659908971888563 0.14003729327727096 0.026114196035542055 0.056785562447318007
leaf_weight=2.575583577156066 170.1707456111908 93.850043818354607 417.12920513749123 217.78451049700379 45.780694000422955 285.75830599293113 54.112128518521786 125.2583259344101 21.422015994787216 71.453478798270226 103.8081099614501 42.143068954348564 571.77469369396567 35.859094399958849 234.46257735043764 42.415576491504908 7.3774604722857466 16.359065301716328 151.03753343969584 24.752801686525345 97.342494733631611 243.12415602058172 485.19371138885617 23.714189507067204 31.908150296658278 63.013432539999485 263.49759113788605 26.482658386230469 42.314711160957813 34.194352108985186
leaf_count=35 833 493 2139 2439 414 3641 417 584 300 460 503 181 10907 272 3862 487 52 79 2281 216 618 2269 7245 201 465 386 4383 129 220 405
internal_value=0 -0.0458945 0.0422374 0.0246402 0.0914277 -0.0538894 0.0616805 0.0692738 0.0882922 0.0516148 0.0652454 0.0354156 -0.0625279 -0.0105612 -0.0458845 -0.0122012 -0.00694075 0.0233742 -0.0258525 -0.0029732 0.0152863 0.0163907 -0.0470848 -0.0344923 0.0366878 0.00081863 -0.0780272 0.113401 0.0699674 -0.014427
internal_weight=0 2050.02 1996.05 1470.13 525.923 1934.74 733.086 678.974 115.272 484.918 413.464 243.294 1613.13 321.617 777.854 737.045 694.63 266.861 427.769 276.732 201.151 259.483 775.279 540.816 55.6223 108.794 835.272 194.056 68.7974 251.979
internal_count=46916 31804 15112 12173 2939 31011 3945 3528 793 2595 2135 1302 27098 3913 11808 8228 7741 2400 5341 3060 1121 2348 11773 7911 666 800 15290 933 349 2844
is_linear=0
shrinkage=0.1


Tree=13
num_leaves=31
num_cat=0
split_feature=20 10 10 36 46 46 9 34 8 34 6 38 6 40 32 38 38 7 35 35 35 35 9 6 35 40 46 20 0 12
split_gain=664.511 188.673 151.012 169.884 101.081 68.7406 51.6758 47.6995 47.5922 48.7788 39.7877 35.6958 29.5726 35.2397 36.8022 27.2487 43.3975 27.5226 26.7722 42.3738 38.5357 48.732 26.5191 25.1323 21.4611 30.5224 19.723 19.1279 18.8449 19.3047
threshold=1.0000000180025095e-35 1.5538125748340554 1.5538125748340554 3.5000000000000004 10.500000000000002 10.500000000000002 0.92423500421745641 0.017604727457931579 -0.68045660522688289 0.97142733839817097 -0.76514077609537645 76.500000000000014 0.40176341762572448 0.44500000000000006 1.5478763017779846 28.500000000000004 34.500000000000007 -0.1303081462162192 3.9800141622745224 4.98678569477888 1.994017580626221 0.022064128461923609 1.4973996768058531 -1.1443219107003644 0.97226404297204638 0.20500000000000004 2.5000000000000004 0.46328840717845293 -0.59413502330859924 -0.31762050551988869
decision_type=2 2 2 2 2 2 2 2 2 2 2 2 2 2 2 2 2 2 2 2 2 2 2 2 2 2 2 2 2 2
left_child=1 5 3 8 -4 6 10 -3 9 -2 -1 -12 13 15 26 -5 17 -17 20 -20 21 -10 23 27 -11 -26 -15 -18 -21 -30
right_child=2 7 4 12 -6 -7 -8 -9 18 24 11 -13 -14 14 -16 16 22 -19 19 28 -22 -23 -24 -25 25 -27 -28 -29 29 -31
leaf_value=-0.0060198596004910091 0.11449720239258859 0.11696379975796976 0.10990940614766409 -0.051510485074627792 0.0040030276045296461 -0.078085094854350778 0.026409041788306137 -0.043086513391342895 -0.013322582144096672 -0.092708256430191066 -0.072877678174906604 -0.032612605357215392 -0.060591831613421243 0.099494517159423868 0.4226536789074648 0.062432582757174587 -0.012552298722530828 0.37825536673044463 0.12158928701739287 0.17444042199732593 -0.022936467565712479 0.091687324434587755 0.12493853264942544 -0.016685400858564011 0.18460443795630388 0.005887592541662324 0.0034005723408396405 0.20702352706677646 0.076107127668166352 -0.05779953197902761
leaf_weight=221.10705380141735 203.80134102702141 87.639610216021538 394.62392185628414 137.82144444063306 116.79253391176462 624.98685294389725 115.29876769334078 23.644705776125193 73.964979730546474 14.092894114553927 456.58291818201542 425.21682183817029 105.90032015368342 36.438034538179636 2.6319092176854602 6.6960266046226025 7.0479032024741199 4.6933844834566099 77.903664261102676 5.9729529172182074 122.79281951487064 109.7926027327776 14.951800398528574 344.42686570808291 12.278094828128813 43.108065374195576 51.613283082842827 9.0766523629426938 16.044389009475708 32.725587643682957
leaf_count=2406 1075 484 2128 1859 852 12241 1047 325 445 69 8715 6586 1436 289 22 59 41 57 376 27 847 486 117 3680 56 250 598 39 81 223
internal_value=0 -0.0434891 0.0390707 0.02243 0.0857235 -0.0511235 -0.0372911 0.0829577 0.0570643 0.0898292 -0.0439504 -0.0534613 -0.0117809 -0.00338131 0.0541808 -0.0133294 0.000271695 0.192578 0.0366772 0.0742103 0.0204363 0.0494194 -0.00556115 -0.0109729 0.017471 0.0455058 0.0431669 0.111049 0.00678614 -0.0137468
internal_weight=0 1954.48 1945.19 1433.78 511.416 1843.19 1218.21 111.284 712.477 273.28 1102.91 881.8 721.298 615.397 90.6832 524.714 386.893 11.3894 439.197 132.647 306.55 183.758 375.503 360.551 69.4791 55.3862 88.0513 16.1246 54.7429 48.77
internal_count=46916 31804 15112 12132 2980 30995 18754 809 3935 1450 17707 15301 8197 6761 909 5852 3993 116 2485 707 1778 931 3877 3760 375 306 887 80 331 304
is_linear=0
shrinkage=0.1


Tree=14
num_leaves=31
num_cat=0
split_feature=20 1 1 36 34 46 9 46 34 8 34 46 38 6 38 40 38 35 6 36 4 38 0 6 35 35 25 4 10 35
split_gain=561.692 162.288 132.033 137.518 75.8151 65.1822 47.2021 46.9887 44.0819 45.5072 30.5638 29.9639 31.3702 33.8118 33.2476 28.1975 28.0141 24.1356 23.8997 23.4725 23.6913 23.4572 22.8694 19.6472 18.3061 23.7309 18.0091 17.5295 16.9009 17.2805
threshold=1.0000000180025095e-35 1.5741039265518844 1.602554972518522 3.5000000000000004 0.99462837237161461 10.500000000000002 0.13238758477521315 12.500000000000002 1.0110156653213138 -0.66463462878230972 0.97142733839817097 17.000000000000004 156.50000000000003 -0.10905356293846662 157.50000000000003 0.53500000000000014 156.50000000000003 4.9898147667666235 -0.76514077609537645 3.5000000000000004 1.7931554700223586 156.50000000000003 -0.60028933356178837 -1.1443219107003644 3.0165198968604896 4.98678569477888 0.90831826436693619 -0.29872040202314837 1.6470457508251397 3.9998473654997615
decision_type=2 2 2 2 2 2 2 2 2 2 2 2 2 2 2 2 2 2 2 2 2 2 2 2 2 2 2 2 2 2
left_child=1 5 3 8 -4 6 18 -3 9 10 -2 12 13 17 -14 19 24 -5 26 -8 -21 -20 -17 -16 -11 -26 -1 -12 -6 -30
right_child=2 7 4 11 28 -7 15 -9 -10 16 27 -13 14 -15 23 22 -18 -19 21 20 -22 -23 -24 -25 25 -27 -28 -29 29 -31
leaf_value=-0.021546037034924592 0.11001086649174874 0.11080490443544654 0.10385983377818886 -0.011041795853527282 0.1738938199184609 -0.075743652190224664 0.046066725932891517 -0.058693289805154175 -0.05557664101133894 -0.0077648471609288441 -0.028360055477720483 -0.093980975175516235 0.21915326216670997 -0.061503651349874192 0.11600889572558902 0.30287830617931255 0.064771124264135352 0.089123569481142528 -0.072395670938387321 -0.029982378042126154 0.18501033837815431 -0.030598218337843066 0.046811632976765355 0.0082747525614915197 0.11391971105423385 -0.010541765030151853 0.15764330358597775 0.078819245918591657 -0.029494184312259787 0.061282895246140792
leaf_weight=152.58651988953352 200.14399500191212 86.388771966099739 363.4975912347436 247.19870957359672 5.7709990367293349 582.24845465645194 51.844107583165169 20.17511972039938 35.601760990917683 144.16848779469728 28.335727617144585 39.550756700336933 8.2784466892480832 141.44357940927148 18.171297118067741 3.8424285352230063 193.09487073868513 26.649279780685902 406.1721259355545 314.2126909904182 5.210563711822032 200.57368701323867 37.787736210972071 247.30807439982891 33.67296114563942 28.106621131300926 5.8228144794702521 33.068096876144409 69.55780278891325 30.020930953323841
leaf_count=1748 1116 520 2090 2848 30 12232 247 307 271 888 147 494 50 2300 84 21 1042 218 8333 4673 32 3176 460 2304 164 179 55 152 537 198
internal_value=0 -0.0411178 0.03618 0.0210328 0.0822113 -0.0483721 -0.0348438 0.0787148 0.052815 0.0586567 0.0910763 -0.00933579 -0.00447724 -0.0218009 0.0218028 -0.00759475 0.0374076 -0.00129429 -0.0495481 -0.0163455 -0.0264753 -0.0585786 0.0704464 0.0156488 0.0117519 0.057296 -0.0149594 0.0293597 0.00751554 -0.00212677
internal_weight=0 1866.87 1893.64 1424.79 468.847 1760.3 1178.05 106.564 696.193 660.591 261.548 728.6 689.049 415.292 273.758 412.898 399.043 273.848 765.155 371.267 319.423 606.746 41.6302 265.479 205.948 61.7796 158.409 61.4038 105.35 99.5787
internal_count=46916 31804 15112 12257 2855 30977 18745 827 3959 3688 1415 8298 7804 5366 2438 5433 2273 3066 13312 4952 4705 11509 481 2388 1231 343 1803 299 765 735
is_linear=0
shrinkage=0.1


Tree=15
num_leaves=31
num_cat=0
split_feature=20 1 10 36 46 13 38 8 34 49 38 6 6 9 46 38 6 38 20 14 14 14 6 14 35 35 40 35 38 35
split_gain=473.869 143.846 117.384 118.718 85.6759 64.0313 43.8079 38.5133 41.4212 38.4723 33.7403 32.1825 50.3571 29.2713 26.8554 25.5566 29.9427 24.7387 23.3227 23.072 45.3625 27.8527 37.7049 28.2664 20.519 35.2253 31.397 42.702 20.1989 19.994
threshold=1.0000000180025095e-35 0.99250805974474077 1.6470457508251397 3.5000000000000004 10.500000000000002 0.90431578496783949 168.50000000000003 -0.68045660522688289 0.97142733839817097 12.500000000000002 169.50000000000003 -0.25369098230674875 -0.27578476841899352 -0.57350669500209051 17.000000000000004 156.50000000000003 -0.10905356293846662 66.500000000000014 -0.11330992383702891 -0.14391558890390047 -0.11671931538293333 -0.53307134347145668 -0.5251206077007734 -0.57035602820334874 3.9800141622745224 4.98678569477888 0.20500000000000004 0.022064128461923609 157.50000000000003 1.0123404894434822
decision_type=2 2 2 2 2 2 2 2 2 2 2 2 2 2 2 2 2 2 2 2 2 2 2 2 2 2 2 2 2 2
left_child=1 5 3 7 -4 6 11 8 -2 -3 13 12 -1 -8 15 16 19 -14 -7 21 -21 22 29 -24 26 -26 27 -9 -17 -5
right_child=2 9 4 14 -6 18 10 24 -10 -11 -12 -13 17 -15 -16 28 -18 -19 -20 20 -22 -23 23 -25 25 -27 -28 -29 -30 -31
leaf_value=-0.056723089158535016 0.10490023418642261 0.074773665377335305 0.10189406653041336 -0.039746416890425844 0.0023517220670954257 -0.016356138725393592 -0.031769575399809978 -0.01362747771154064 0.013945595553294938 -0.062250714936108398 -0.033033152594746679 -0.085132931581830121 0.19268232346643155 0.60923817635190147 -0.093957177466875388 0.16012078794378803 -0.060510076959971709 -0.0065628075919502912 0.071251410366742568 0.21154653437228862 -0.0088305548018024118 -0.068159920849046471 0.50850023714120862 -0.021340913411868237 0.11012750278610017 0.0035304598365626968 -0.021438594656687068 0.086009695458584265 0.013217539983844177 0.031987757623291244
leaf_weight=331.75290386378765 181.62965534627438 130.53241210430861 346.45085360109806 70.0873031206429 115.22202450782061 276.07781345397234 1.3307646960020068 74.690770104527473 69.125052586197853 24.305955439805984 420.82690104842186 539.6224635951221 12.164493475109339 1.5330685898661602 35.983979117125273 9.7083550542592985 131.0684324875474 12.777021907269955 34.145914301276207 14.165176466107367 27.42238799482584 68.460881967097521 2.5879513509571552 1.6481063961982716 72.178648337721825 54.337855026125908 127.26348758488894 101.42064569890499 260.65649641305208 87.193180341273546
leaf_count=6116 1077 1273 2099 760 840 3728 22 449 376 431 7089 12503 153 22 487 52 2281 215 252 117 341 957 34 24 376 332 869 466 2348 827
internal_value=0 -0.0388458 0.0333641 0.0188502 0.0770508 -0.0475943 -0.0572021 0.0486812 0.0798269 0.0532641 -0.0307052 -0.0697272 -0.0464207 0.311375 -0.00978842 -0.00528808 -0.0212566 0.0906132 -0.00671329 -0.00231124 0.0662323 -0.0147062 0.00795087 0.302357 0.0305139 0.0643449 0.0164053 0.0437525 0.0184926 2.15866e-05
internal_weight=0 1785.07 1851.3 1389.63 461.673 1630.23 1320.01 680.646 250.755 154.838 423.691 896.317 356.694 2.86383 708.982 672.998 402.633 24.9415 310.224 271.565 41.5876 229.977 161.517 4.23606 429.891 126.517 303.375 176.111 270.365 157.28
internal_count=46916 31804 15112 12173 2939 30100 26120 3945 1453 1704 7133 18987 6484 44 8228 7741 5341 368 3980 3060 458 2602 1645 58 2492 708 1784 915 2400 1587
is_linear=0
shrinkage=0.1


Tree=16
num_leaves=31
num_cat=0
split_feature=20 10 10 9 46 46 34 6 18 35 34 38 38 40 14 38 8 38 24 34 49 6 34 26 38 0 8 20 34 14
split_gain=399.27 122.779 102.845 103.756 76.5002 60.1558 46.0331 45.9967 42.067 36.7254 33.7103 33.1561 32.9468 29.956 22.5536 21.416 20.5548 20.3554 19.6844 18.3738 17.2153 20.0299 17.1029 17.7142 16.9695 16.9224 16.6224 16.584 16.3471 16.7351
threshold=1.0000000180025095e-35 1.6470457508251397 1.5538125748340554 1.0855718869379301 10.500000000000002 10.500000000000002 1.0110156653213138 0.51600413293223324 0.96609126551163393 3.0165198968604896 0.98898832352247534 156.50000000000003 21.500000000000004 0.53500000000000014 -1.0981005470923344 101.00000000000001 -0.45783048286480144 76.500000000000014 -0.23895276062498924 0.99440998309051298 3.5000000000000004 -0.88502031796047964 0.014776764481854257 2.9146569563652167 26.500000000000004 -0.60028933356178837 2.835127573082747 1.3241663760354738 1.9803274004695035 -1.0981005470923344
decision_type=2 2 2 2 2 2 2 2 2 2 2 2 2 2 2 2 2 2 2 2 2 2 2 2 2 2 2 2 2 2
left_child=1 5 3 28 -4 8 7 9 22 11 -3 16 -10 14 20 -9 19 -16 -19 -5 -14 -22 23 24 -1 -15 27 -6 29 -2
right_child=2 10 4 6 26 -7 -8 15 12 -11 -12 -13 13 25 17 -17 -18 18 -20 -21 21 -23 -24 -25 -26 -27 -28 -29 -30 -31
leaf_value=-0.067301957152018962 0.018796694889715033 0.10500793063089187 0.096825678346384836 0.076751840630761209 -0.046819606849420728 -0.071127522216425557 -0.060704671756047712 -0.083382444607307496 -0.07266334202749504 0.096480080193192388 -0.044470348556557925 0.071702605598852553 0.012858768555001419 0.26857484449543911 -0.056232580620474454 0.015108387361118759 -0.0065919894233693226 0.019636325311941427 -0.057719857166865209 -0.04252777060776719 0.06076166552885514 0.28086381427887119 -0.077462660773045644 0.24618758534530399 -0.027056423329148434 0.061719517272235486 0.23282779237697437 0.030111111945375191 -0.090540705648054387 -0.020768284803068509
leaf_weight=149.2357940711081 143.25915110111237 74.708581939339638 331.93803459405899 70.824826449155807 49.610729187726974 516.71382264792919 41.734844096004963 30.51572047919035 65.369600389152765 176.61149165034294 18.904876410961151 205.12150175124407 59.281523264944553 4.4106598645448676 96.487082798033953 79.838579144328833 144.66487615182996 134.945352550596 43.498809680342674 15.794041410088537 16.233911782503132 5.5474205091595641 138.76553026586771 2.1867915242910376 351.62193179875612 38.269071891903877 3.0595304146409026 64.391498111188412 26.884783256798983 421.30785892903805
leaf_count=2981 1048 493 2128 537 452 12250 363 281 1253 1134 300 1191 602 22 1786 527 1040 1691 639 88 148 45 3104 24 6003 463 21 379 404 5519
internal_value=0 -0.0365345 0.030829 0.0170984 0.0723132 -0.0429592 0.041414 0.0473058 -0.0297974 0.0580047 0.0748214 0.0424339 -0.00685994 0.00392969 -0.00556154 -0.0121268 0.016476 -0.0192289 0.000779436 0.0550025 0.0407925 0.116819 -0.0463818 -0.037808 -0.039048 0.0830966 0.00280611 -0.00336709 -0.0143566 -0.0107287
internal_weight=0 1716.18 1805.56 1356.56 449 1622.57 765.106 723.371 1105.85 613.017 93.6135 436.405 464.043 398.674 355.994 110.354 231.284 274.931 178.444 86.6189 81.0629 21.7813 641.81 503.045 500.858 42.6797 117.062 114.002 591.452 564.567
internal_count=46916 31804 15112 12132 2980 31011 5161 4798 18761 3990 793 2856 6649 5396 4911 808 1665 4116 2330 625 795 193 12112 9008 8984 485 852 831 6971 6567
is_linear=0
shrinkage=0.1


Tree=17
num_leaves=31
num_cat=0
split_feature=20 1 10 36 46 9 34 14 38 14 6 49 8 38 35 49 35 0 38 12 2 34 49 38 0 2 7 31 38 31
split_gain=335.589 108.833 90.4761 86.9143 70.9599 56.7388 35.359 34.4308 32.7308 30.0458 36.9485 28.7316 24.2354 23.3445 21.373 27.4348 19.1007 25.4336 18.852 18.3483 16.3374 16.2934 16.0642 15.9318 25.5978 19.8194 21.7418 18.8889 15.8801 15.7625
threshold=1.0000000180025095e-35 0.99250805974474077 1.6470457508251397 3.5000000000000004 10.500000000000002 0.13238758477521315 0.016342721523906683 0.085202101374815639 66.500000000000014 0.72345038793429362 0.35966539469272063 12.500000000000002 -0.45783048286480144 26.500000000000004 3.0240388752901493 12.500000000000002 4.0088359507986304 -0.74533672824178665 156.50000000000003 -0.20958716915385514 -0.85326851356224009 2.0210710469512034 14.500000000000002 314.50000000000006 1.8943506171617399 0.082810202062076496 0.59322317596833463 0.37026081333537592 259.00000000000006 -1.0683022348117874
decision_type=2 2 2 2 2 2 2 2 2 2 2 2 2 2 2 2 2 2 2 2 2 2 2 2 2 2 2 2 2 2
left_child=1 5 3 7 -4 6 13 12 -9 10 16 -3 22 -1 15 18 -7 -18 19 -5 -19 -17 -2 24 29 -25 -27 -28 -8 -20
right_child=2 11 4 14 -6 9 28 8 -10 -11 -12 -13 -14 -15 -16 21 17 20 23 -21 -22 -23 -24 25 -26 26 27 -29 -30 -31
leaf_value=-0.071380349119072511 0.099256401419834661 0.066870409218961022 0.093827996198295877 -0.0087182993536127993 0.0017464084536729903 -0.013322847628294216 -0.086257167812728228 -0.038007954218562783 0.037323525146542524 -0.057532405632332508 0.25497942769333876 -0.057080479136644817 0.04021289976869092 -0.023936790470783231 0.019555758712554085 -0.093582712564394488 0.24916729276124738 0.13319917085206281 0.18553979697219461 -0.063480258798599615 -0.011001681953018237 0.25379980105953459 -0.050032603523033542 -0.040325206026542104 0.33083307254940597 -0.012519435154142212 0.25252945844401536 0.030393602743758415 -0.046015748620826871 0.021852592160865918
leaf_weight=145.65216712281108 148.07932366430759 123.72295946255326 307.0455065369606 170.93897160515189 115.04584361612797 327.09093237295747 357.90737957507372 81.226536177098751 198.93930301070213 125.00456596165895 5.5562649779021731 22.030751686543226 215.64632972329855 360.1815510801971 192.07056938111782 55.402583878487349 5.9023593477904788 10.665530636906622 6.5170440822839728 95.291571334004402 29.834993463009596 1.3839231953024853 7.5766159370541564 73.793489471077919 3.1194324716925612 23.460953302681446 7.6015054360032064 7.7111913487315178 135.07225028797984 60.463792502880096
leaf_count=3146 944 1273 2099 2075 840 4848 9696 581 1179 2411 87 431 1174 6382 2060 814 32 105 29 1626 369 22 67 665 27 225 72 84 3024 529
internal_value=0 -0.0343679 0.028323 0.015682 0.0687301 -0.0423694 -0.0561725 0.0419489 0.0154832 -0.0150178 -0.00099715 0.0481352 0.0619186 -0.0375979 -0.00884241 -0.0196287 -0.00480517 0.0552354 -0.0113443 -0.0283192 0.0269726 -0.0851168 0.0919897 0.0133959 0.0508197 -0.00990947 0.0479774 0.140666 -0.0752314 0.0377789
internal_weight=0 1648.62 1771.31 1349.22 422.091 1502.87 998.813 651.468 280.166 504.055 379.05 145.754 371.302 505.834 697.755 505.684 373.494 46.4029 448.898 266.231 40.5005 56.7865 155.656 182.667 70.1003 112.567 38.7737 15.3127 492.98 66.9808
internal_count=46916 31804 15112 12173 2939 30100 22248 3945 1760 7852 5441 1704 2185 9528 8228 6168 5354 506 5332 3701 474 836 1011 1631 585 1046 381 156 12720 558
is_linear=0
shrinkage=0.1


Tree=18
num_leaves=31
num_cat=0
split_feature=22 9 49 31 38 35 14 34 35 35 38 25 0 34 40 1 10 32 38 40 49 38 28 6 4 40 6 8 49 14
split_gain=286.575 230.955 90.2671 61.7843 59.4071 53.1621 42.226 40.7728 40.0198 36.6866 38.9501 33.196 32.9536 31.6188 30.7915 27.5917 35.1331 29.8421 27.186 37.934 26.2415 25.732 25.1376 21.4997 20.8225 19.7344 23.7376 19.3308 18.9831 18.7982
threshold=-0.54470189973136984 1.0002313641118341 11.500000000000002 -0.30973662508621463 259.00000000000006 4.9910412470886953 0.72345038793429362 1.0110156653213138 3.9858432078346193 3.0165198968604896 28.500000000000004 -0.67519590537287255 -0.58888596849479313 0.01902320408709034 0.44500000000000006 1.5741039265518844 0.99254135974641 1.3999107641688606 305.50000000000006 0.44500000000000006 12.500000000000002 101.00000000000001 -0.2455584892248571 0.1228084702607649 2.7771119508608231 0.43500000000000005 0.34392937879299945 -0.69239081344286357 12.500000000000002 -0.15639312149084744
decision_type=2 2 2 2 2 2 2 2 2 2 2 2 2 2 2 2 2 2 2 2 2 2 2 2 2 2 2 2 2 2
left_child=2 3 15 5 -5 11 7 9 -4 10 -3 -2 -7 -14 -10 16 -1 -18 19 -6 24 -8 -21 -24 29 -11 27 -27 -12 -13
right_child=1 6 8 4 18 12 21 -9 14 25 28 20 13 -15 -16 -17 17 -19 -20 22 -22 -23 23 -25 -26 26 -28 -29 -30 -31
leaf_value=0.31183994779943774 -0.062952063921332499 -0.03125164052302256 -0.061963250576658149 -0.070964164970350449 0.011541658529581321 0.26802187614535766 -0.081719635838693114 -0.066658240761208534 0.15405257455526056 0.11894127218246914 0.047457829564423702 -0.011825428309403425 0.10053314406904752 -0.040438538851296245 -0.00084216379567831528 0.08603924437630292 0.011576442134853491 0.11348228344716643 -0.025351578323579111 0.58171019473260899 -0.072802033222423776 0.005768684381333487 0.4446426727618622 -0.0576937364046686 0.1337538948902661 0.11445296420124983 0.27551110795955108 0.017376291176466125 -0.051657777127677745 0.10474501943545006
leaf_weight=4.6060534603893748 178.13710421323776 90.941549975425005 83.479277152568102 680.18264834955335 15.590590707957746 7.1548264734446994 47.780237399041653 36.083256032317877 18.037071194499731 76.542055502533913 344.36122414842248 456.35173158720136 38.317020323127508 27.208020757883787 44.489038620144129 398.89393093436956 142.55090777948499 35.991713024675846 263.77486215531826 2.1622521057724953 65.151130475103855 113.42145397514105 1.4453295618295663 2.07548688352108 10.551327224820851 27.909586723893881 4.5862350687384597 77.394979439675808 20.4721401296556 14.266183987259863
leaf_count=29 3605 861 904 17087 256 43 555 348 96 460 2324 6435 276 433 437 2929 1469 248 4750 33 1195 857 21 43 57 214 33 580 138 200
internal_value=0 -0.0173259 0.0536504 -0.0378886 -0.054904 -0.0172852 0.0258421 0.0367755 -0.0166532 0.0425871 0.0273008 -0.0254648 0.0642479 0.0419973 0.0438407 0.0712861 0.039154 0.0321192 -0.0165812 0.0921636 -0.0132415 -0.0201629 0.313337 0.14852 -0.00517689 0.0799577 0.0528045 0.0431052 0.0418961 -0.00829174
internal_weight=0 2601.86 728.048 1762.37 965.231 797.137 839.493 678.291 146.005 642.208 455.775 724.457 72.6799 65.525 62.5261 582.043 183.149 178.543 285.049 21.2737 546.32 161.202 5.68307 3.52082 481.169 186.433 109.891 105.305 364.833 470.618
internal_count=46916 40804 6112 34434 22190 12244 6370 4958 1437 4610 3323 11492 752 709 533 4675 1746 1717 5103 353 7887 1412 97 64 6692 1287 827 794 2462 6635
is_linear=0
shrinkage=0.1


Tree=19
num_leaves=31
num_cat=0
split_feature=22 9 34 14 35 38 8 6 10 25 34 36 49 38 9 32 2 34 0 38 38 20 34 14 14 14 25 14 14 10
split_gain=240.209 194.252 79.1598 56.9371 52.8717 44.7144 38.4947 34.3997 28.2213 27.9433 27.5671 25.2375 25.0448 23.2845 22.3003 21.8495 21.8055 21.2103 33.6764 20.983 25.7114 39.4335 19.2461 20.1893 24.1537 32.8137 28.2446 18.8768 85.9492 18.5596
threshold=-0.54470189973136984 1.0002313641118341 0.014776764481854257 -0.31088105238690883 4.9910412470886953 259.00000000000006 -0.67152076135783523 -0.39239838326859328 1.6470457508251397 -0.51952147660913484 0.99440998309051298 3.5000000000000004 12.500000000000002 32.500000000000007 1.0855718869379301 1.3999107641688606 2.7695098904116708 0.01902320408709034 -0.59820894770523181 182.50000000000003 314.50000000000006 -0.24598235088092144 1.0107459457528536 -0.15639312149084744 0.40223735345811346 0.3964867668379124 -0.59643084927981738 -0.11671931538293333 -0.14391558890390047 1.1044997623069388
decision_type=2 2 2 2 2 2 2 2 2 2 2 2 2 2 2 2 2 2 2 2 2 2 2 2 2 2 2 2 2 2
left_child=2 3 8 4 7 27 10 9 15 -2 11 -3 -11 -8 29 -1 22 -6 -19 -9 21 -21 23 -7 25 -25 -27 28 -5 -4
right_child=1 6 14 5 17 16 13 19 -10 12 -12 -13 -14 -15 -16 -17 -18 18 -20 20 -22 -23 -24 24 -26 26 -28 -29 -30 -31
leaf_value=0.018799711322052375 -0.056125030137923783 0.095128976070153443 0.28317380250437679 -0.077550855280740516 0.13762251121396119 -0.10270125985836642 -0.036214821036595173 -0.10452684912519748 0.088994895399549079 -0.0021099964276956439 0.0037771741493763766 0.022498325178329424 -0.081162358572689164 0.017347834645999729 0.043010511688036657 0.1088123663594095 0.42083089801226353 0.45984199322885638 -0.028573694977436972 0.15221218483891971 0.035801282678169399 0.73094216442562676 -0.095153007547543203 0.027320697645235315 -0.0243894147967283 -0.040009505414654242 0.49239416007576403 -0.072143864204858202 0.099705946919357094 -0.028117202658604408
leaf_weight=127.08502419292927 191.89281458780169 144.2306102514267 1.9419575333595265 105.16788711771369 30.415133967995644 21.959393579512835 99.944830529391766 2.5607577301561824 327.68795466423035 387.93954558297992 84.911023575812578 71.587300967425108 44.693346571177244 431.81995171681046 77.094551041722298 34.23082984611392 1.1287658400833596 1.5222444646060491 19.442264072597027 3.0969942137598983 4.1656680293381214 1.8994943238794793 30.203755807131529 73.896608494222164 163.91631261631846 1.5231833942234514 2.8814409859478465 574.90411570295691 36.971525762230158 139.48737904056907
leaf_count=1261 3939 994 25 2403 157 355 958 66 2535 5102 611 744 820 3063 433 233 19 12 281 60 68 23 687 1179 3023 31 35 15707 467 1625
internal_value=0 -0.0161259 0.0497793 -0.0355051 -0.0132985 -0.0505857 0.0234518 -0.0211783 0.0721394 -0.024364 0.0520463 0.0710372 -0.0102765 0.00728077 -0.000257214 0.0379002 -0.0178514 0.0842797 0.00689044 0.148537 0.219267 0.372226 -0.0195335 -0.0108878 -0.00256403 0.0431254 0.308281 -0.0640761 -0.031445 -0.0238429
internal_weight=0 2532.67 707.528 1700.18 687.628 1012.55 832.494 636.249 489.004 624.526 300.729 215.818 432.633 531.765 218.524 161.316 295.509 51.3796 20.9645 11.7229 9.16216 4.99649 294.381 264.177 242.218 78.3012 4.40462 717.044 142.139 141.429
internal_count=46916 40804 6112 34434 10528 23906 6370 10078 4029 9861 2349 1738 5922 4021 2083 1494 5329 450 293 217 151 83 5310 4623 4268 1245 66 18577 2870 1650
is_linear=0
shrinkage=0.1


Tree=20
num_leaves=31
num_cat=0
split_feature=20 10 1 36 46 34 38 25 8 34 34 14 35 2 46 35 35 6 14 40 32 38 49 27 6 38 28 4 24 19
split_gain=203.218 70.1244 60.5816 52.774 46.7009 44.1738 30.0156 29.4996 28.191 32.5812 24.0792 23.9003 19.8272 20.6961 18.217 17.9803 22.2802 17.6909 17.6166 20.8016 19.5636 17.9573 17.3664 15.9774 15.2855 15.2493 15.0831 14.6917 26.9299 16.0858
threshold=-0.022538390292435213 1.6470457508251397 1.602554972518522 3.5000000000000004 10.500000000000002 0.021943073552100175 26.500000000000004 -0.59643084927981738 -0.68045660522688289 0.97142733839817097 0.97818403295510314 0.72345038793429362 4.9910412470886953 -0.89377259550747501 17.000000000000004 0.97226404297204638 1.5025796241620899 -0.80714141458256883 1.1914742872086881 0.44500000000000006 1.5943893819952557 55.500000000000007 30.500000000000004 0.52344894434241185 -0.10712599987421977 62.500000000000007 -0.57349140562117162 -0.55090728942111156 -0.21962111754785696 -0.64695594764157593
decision_type=2 2 2 2 2 2 2 2 2 2 2 2 2 2 2 2 2 2 2 2 2 2 2 2 2 2 2 2 2 2
left_child=1 4 3 8 6 -4 17 -8 9 -2 -3 12 -9 24 18 -11 -17 -1 19 21 -21 23 -16 -5 -14 -23 -10 28 29 -27
right_child=2 10 5 14 -6 -7 7 11 26 15 -12 -13 13 -15 22 16 -18 -19 -20 20 -22 25 -24 -25 -26 27 -28 -29 -30 -31
leaf_value=-0.013450764461556559 0.090038798370458362 0.096070002612229713 0.081925894743811983 -0.0041875844865097529 -0.062581981370937886 0.0064416569540092341 -0.041238922031523143 0.0039974978994527805 0.048201762636490703 -0.096448216849339172 -0.032540374814649269 -0.043819388198266328 0.24133224945503221 0.031820431968974709 -0.10175584430963197 0.15696281089718467 -0.00063960559878122991 -0.072445027696066325 -0.069989422289386649 0.035207886923182191 0.34841253125722399 0.10998264050427908 0.26941416091538023 -0.059498564752856788 -0.010834300865294237 0.47468705472931538 0.0060305775476672185 -0.0025170443492946643 -0.1080250696504316 0.12797714631880769
leaf_weight=74.766454998403788 143.07990391552448 57.792682461440563 247.19181639701128 110.70649314112961 408.97135081514716 112.9520138502121 240.06532569229603 357.68825920671225 118.62033875286579 13.661939665675161 19.459306519478559 94.634890438988805 9.8924620039761049 33.725551037117839 27.387107610702518 11.289835028350351 43.654213234782219 158.78052980452776 37.486878911033273 102.81238488852978 2.0337559208273879 13.820930201560257 1.321383912116288 98.864557974040508 3.1754628233611575 1.5270549245178706 297.57787229865789 297.98956388421357 4.8119314052164546 10.818230282515287
leaf_count=973 1088 480 2043 1720 12094 812 5142 5606 704 70 313 1898 72 396 494 54 260 4357 607 1126 13 112 18 1521 48 17 1796 2866 78 138
internal_value=0 -0.0290446 0.0218473 0.0120445 -0.0342286 0.0582518 -0.0223078 -0.0124339 0.0331614 0.0628726 0.0636738 0.0014208 0.0120055 0.0732181 -0.00664114 0.00621656 0.0317443 -0.0535589 -0.00335103 0.000531658 0.0412833 -0.00740213 -0.0846718 -0.0302804 0.180057 0.00717262 0.0180498 0.00266383 0.0926462 0.170864
internal_weight=0 1458.95 1697.61 1337.46 1381.7 360.144 972.729 739.182 627.884 211.686 77.252 499.117 404.482 46.7935 709.58 68.606 54.944 233.547 680.872 643.385 104.846 538.539 28.7085 209.571 13.0679 328.968 416.198 315.147 17.1572 12.3453
internal_count=46916 31379 15537 12682 30586 2855 18492 13162 3972 1472 793 8020 6122 516 8710 384 314 5330 8198 7591 1139 6452 512 3241 120 3211 2500 3099 233 155
is_linear=0
shrinkage=0.1


Tree=21
num_leaves=31
num_cat=0
split_feature=22 9 46 6 38 6 46 35 40 38 10 14 14 38 6 34 14 38 14 7 8 38 38 38 32 21 40 9 10 32
split_gain=174.602 141.396 62.5444 48.1601 40.9758 32.7179 32.3003 33.2367 33.3091 28.5168 26.7885 26.0888 60.9048 26.0749 23.3831 22.2253 22.0771 22.0696 20.4135 21.6634 20.3327 19.8407 19.7817 61.5072 22.2629 29.0023 22.6256 19.9509 19.2327 19.863
threshold=-0.54470189973136984 1.0002313641118341 12.500000000000002 -0.76514077609537645 156.50000000000003 1.1851951845064732 17.000000000000004 3.0240388752901493 0.43500000000000005 156.50000000000003 1.6470457508251397 -0.11671931538293333 -0.14391558890390047 157.50000000000003 -0.12004686838402953 1.0107459457528536 -1.507797691239684 145.50000000000003 -2.535449313321108 -1.2600411677594499 -0.69239081344286357 259.00000000000006 168.50000000000003 186.50000000000003 -0.78373030368008656 0.75555091019882969 0.25500000000000006 0.43048758911542723 0.99254135974641 1.3999107641688606
decision_type=2 2 2 2 2 2 2 2 2 2 2 2 2 2 2 2 2 2 2 2 2 2 2 2 2 2 2 2 2 2
left_child=2 3 10 16 11 6 7 9 -9 14 28 12 -5 -6 17 22 18 -3 19 -2 -10 -4 -15 24 -24 26 27 -26 -1 -30
right_child=1 5 21 4 13 -7 -8 8 20 -11 -12 -13 -14 15 -16 -17 -18 -19 -20 -21 -22 -23 23 -25 25 -27 -28 -29 29 -31
leaf_value=0.22595705534774446 -0.082567388617955373 0.023782113026040531 -0.030989169999575031 -0.048284327909600404 0.1180189980892439 -0.052951546674845397 -0.073725724913770663 0.11359370537693741 0.10115785465027516 0.040743152821597378 0.080882807719828601 -0.069192519787722132 0.084632600918517431 -0.08820644643813777 -0.047885361281602368 -0.088709634391062969 0.027459658951257501 -0.11430749561814174 -0.043019606613730423 0.15353511861696725 0.009793694872851276 0.035680366472137209 -0.10590818993575635 -0.016251058230077959 0.56090466811327766 -0.036183703460686431 0.13372605612851904 0.17791321049972636 0.0088211125908768378 0.094495578245812867
leaf_weight=4.9502519816160193 5.8737976700067547 168.96521870791912 115.0006212964654 286.13400932960212 13.804077379405497 57.502113707363605 31.579542376101017 80.400290124118328 32.176986008882523 242.91358457133174 304.05025763809681 464.76327173598111 39.196408625692129 33.776669533923268 90.60384451597929 44.527396904304624 175.90927178785205 12.424776352941988 110.35482997447252 11.484543781727551 100.24040114507079 72.955659735947847 2.2351407222449771 397.72983800619841 4.1713875532150251 3.0436086654663077 4.126479335129261 2.0182136297225952 135.10781581327319 33.83849947527051
leaf_count=32 52 1319 1189 6758 99 540 344 521 270 1538 2633 14483 467 798 962 1177 2026 94 1306 55 782 658 44 7007 58 42 44 18 1360 240
internal_value=0 -0.014074 0.0437596 -0.0313637 -0.039765 0.019776 0.0252837 0.0295802 0.0628221 0.0158409 0.0629785 -0.0539893 -0.0322703 -0.0175294 -0.00639902 -0.0213354 0.00448348 0.0143233 -0.0271634 0.0736416 0.0319949 -0.00511124 -0.0146255 -0.00861246 0.186202 0.235073 0.315104 0.436024 0.0316736 0.025981
internal_weight=0 2415.96 665.903 1599.15 1295.53 816.807 759.305 727.725 212.818 514.907 477.947 790.094 325.33 505.433 271.994 491.629 303.622 181.39 127.713 17.3583 132.417 187.956 447.101 413.325 15.5948 13.3597 10.3161 6.1896 173.897 168.946
internal_count=46916 40804 6112 34434 30995 6370 5830 5486 1573 3913 4265 21708 7225 9287 2375 9188 3439 1413 1413 107 1052 1847 8011 7213 206 162 120 76 1632 1600
is_linear=0
shrinkage=0.1


Tree=22
num_leaves=31
num_cat=0
split_feature=22 9 49 14 38 35 1 35 14 10 34 35 38 32 25 6 49 40 38 14 35 0 3 34 6 14 6 2 0 34
split_gain=146.662 123.172 52.0615 43.6233 41.4157 38.7265 30.4652 30.2737 28.2794 28.2294 24.7916 26.3808 26.2898 23.06 22.0919 23.7342 22.034 20.2614 19.9822 18.1264 17.5438 17.338 16.9497 16.9195 16.9366 16.7416 57.0728 16.6937 16.3217 18.2399
threshold=-0.52430045470970732 1.0002313641118341 11.500000000000002 -0.31088105238690883 259.00000000000006 4.9910412470886953 1.5741039265518844 3.9858432078346193 0.72345038793429362 0.99254135974641 1.0110156653213138 3.0165198968604896 28.500000000000004 1.3999107641688606 -0.51952147660913484 -0.39239838326859328 12.500000000000002 0.43500000000000005 101.00000000000001 -0.15639312149084744 1.0086097982278153 -0.9323699852720998 -0.71015124786833328 1.0107459457528536 0.44509317018036765 -0.11671931538293333 -0.27578476841899352 -0.9434904615772316 -0.60203818343916693 0.01902320408709034
decision_type=2 2 2 2 2 2 2 2 2 2 2 2 2 2 2 2 2 2 2 2 2 2 2 2 2 2 2 2 2 2
left_child=2 3 6 5 25 14 9 -4 10 22 11 12 -3 -9 -2 16 -16 -13 -10 -6 -11 -22 -1 24 -21 26 -5 -28 -7 -30
right_child=1 8 7 4 19 28 -8 13 18 20 -12 17 -14 -15 15 -17 -18 -19 -20 23 21 -23 -24 -25 -26 -27 27 -29 29 -31
leaf_value=0.50182002207372312 -0.048209938090231053 -0.031379852390940245 -0.052156293462817763 -0.073354316413033013 -0.10131803439174565 0.22306541004424285 0.071469172189098526 0.0034026549896913638 -0.078770895710088717 -0.010290129378133037 -0.05910975285063489 0.11142161274990058 0.031102574070408118 0.13659180266300983 -0.0010455625494228593 0.15765452408240321 -0.082577223809081723 0.039186683761392616 0.0021332575721045945 0.027610259670003797 0.2245435302207576 0.036265180395770279 0.13534201117813505 -0.090048384486567448 -0.027074898409940564 -0.068370159411180298 0.20979546158066303 0.040155782119645558 0.11331370976529008 -0.021884973234966493
leaf_weight=1.4810315780341614 167.37080653011799 83.578465808182955 88.7072923053056 88.637778129428625 21.267262473702431 6.5635949596762648 325.79367985576391 54.161896135658026 42.583640165627003 113.76230883225799 31.398780602961779 61.489827431738377 346.58761175721884 17.104599606245756 357.39099517837167 8.7772935740649682 36.535335181280971 105.37405429780483 107.83608210459352 124.94010750204325 5.097232297062873 120.88431688956916 8.534235352650283 21.459305718541145 103.59511780738831 476.87959961779416 6.9606732949614516 34.817229114472866 22.383806318044662 18.005797883495688
leaf_count=17 3861 841 1082 2369 408 36 2929 565 546 1245 337 438 2361 88 4857 113 776 801 836 2026 39 1146 69 613 2187 15462 65 411 118 274
internal_value=0 -0.0140704 0.0372988 -0.0308639 -0.0451766 -0.0104847 0.051325 -0.0131647 0.0181773 0.0250484 0.0274998 0.0320547 0.0189626 0.0353692 -0.0176746 -0.00498352 -0.00860735 0.0658055 -0.0207706 -0.0126901 0.018177 0.043883 0.189536 -0.00515041 0.00282145 -0.0596874 -0.0279378 0.0684197 0.0768094 0.0530418
internal_weight=0 2274.43 735.527 1495.58 878.557 617.028 575.553 159.974 778.848 249.759 628.429 597.03 430.166 71.2665 570.074 402.704 393.926 166.864 150.42 271.262 239.744 125.982 10.0153 249.995 228.535 607.295 130.416 41.7779 46.9532 40.3896
internal_count=46916 39736 7180 33576 23541 10035 5445 1735 6160 2516 4778 4441 3202 653 9607 5746 5633 1239 1382 5234 2430 1185 86 4826 4213 18307 2845 476 428 392
is_linear=0
shrinkage=0.1


Tree=23
num_leaves=31
num_cat=0
split_feature=20 6 46 46 1 36 38 14 14 49 8 7 40 32 34 35 34 4 31 9 38 38 20 6 35 38 10 11 2 3
split_gain=123.538 51.0595 42.7491 43.6544 42.3316 33.5714 32.3018 32.4759 39.982 30.8676 26.6361 22.9803 22.3428 22.2679 21.3579 21.287 20.8058 19.2612 16.4386 18.7353 24.4255 37.2812 31.3626 19.1252 19.4782 18.2915 16.4119 15.7782 15.125 15.0786
threshold=-0.022538390292435213 -0.76514077609537645 17.000000000000004 27.000000000000004 1.602554972518522 3.5000000000000004 76.500000000000014 -0.11671931538293333 -0.28474905080955121 12.500000000000002 -0.68045660522688289 -0.19910168985270957 0.54500000000000015 -0.75961342425339728 0.013543593447504247 3.9998473654997615 0.97142733839817097 -0.062170288273126213 0.91085343563942855 -0.92242457797955535 106.50000000000001 99.500000000000014 -0.19535085232309071 -0.65704174639420665 2.0029643431654676 156.50000000000003 1.6499944347207605 2.014085742270328 2.2431410606228068 -0.54991632213306108
decision_type=2 2 2 2 2 2 2 2 2 2 2 2 2 2 2 2 2 2 2 2 2 2 2 2 2 2 2 2 2 2
left_child=1 11 4 -4 5 10 7 8 -3 12 16 17 18 -14 -6 -11 -2 27 19 26 21 29 -23 -22 25 -25 -8 -1 -27 -21
right_child=2 6 3 -5 14 -7 9 -9 -10 15 -12 -13 13 -15 -16 -17 -18 -19 -20 20 23 22 -24 24 -26 28 -28 -29 -30 -31
leaf_value=0.040513558844672531 0.083967764740305165 -0.037575057668816997 -0.076675265567420228 0.29181619279052634 0.072642346979834682 -0.0027974002620694805 -0.047835601214976334 -0.073818818922662136 0.10426680308972025 -0.094568941762947167 0.015360231951073833 0.088038856071313371 -0.030494876014510924 0.1408567912582025 0.015474710307271933 -0.020956668238809838 0.011721963114712582 -0.013771766228150571 -0.057418865465161707 0.29174605664207015 -0.079523455805636717 0.89704410179470351 0.082018810164691092 -0.049844633746675748 -0.03986443137496315 0.046965496153178909 0.093075224756381914 0.25742574769721965 0.41020837419099421 0.045539629339540172
leaf_weight=51.818391341716051 127.40960473939776 163.53411271423101 67.112709661945701 3.3767016530036917 203.9261140525341 667.1965979617089 100.8143468555063 291.10882376134396 22.621652586385608 75.135553408414125 391.7767795920372 37.922381643205881 12.23531114682555 19.950258076190948 96.1722043864429 82.328143848106265 58.011964567005634 161.65563026815653 63.868880780413747 2.7315304242074516 25.835740244016051 1.0310450717806814 0.87098108977079292 21.732056684792042 50.530520461499691 103.18648806959391 9.0036959834396821 3.5854769498109809 1.1591861210763443 27.843892905861139
leaf_count=546 1088 4241 899 33 2005 8198 2532 10652 240 2210 2349 397 171 251 668 2169 297 2186 1599 56 408 28 18 568 777 1674 97 32 21 506
internal_value=0 -0.0240176 0.017134 -0.0590232 0.0206097 0.0124797 -0.033556 -0.0529589 -0.0203384 -0.0180771 0.0301389 0.0162157 -0.00450085 0.0757176 0.0543219 -0.0560816 0.0613646 0.00366746 -0.0108196 -0.00218624 0.0137527 0.0942575 0.523825 0.000837606 0.0125935 0.033618 -0.0362827 0.0545511 0.0510008 0.0675351
internal_weight=0 1330.5 1614.98 70.4894 1544.49 1244.39 1075.52 477.265 186.156 598.258 577.198 254.982 440.794 32.1856 300.098 157.464 185.422 217.059 408.608 344.739 234.921 32.4774 1.90203 202.444 176.608 126.078 109.818 55.4039 104.346 30.5754
internal_count=46916 31379 15537 932 14605 11932 28218 15133 4481 13085 3734 3161 8706 422 2673 4379 1385 2764 8284 6685 4056 608 46 3448 3040 2263 2629 578 1695 562
is_linear=0
shrinkage=0.1


Tree=24
num_leaves=31
num_cat=0
split_feature=1 9 34 14 14 38 38 38 38 14 34 38 34 6 47 8 46 6 9 10 38 38 26 49 9 49 6 46 38 38
split_gain=107.41 94.9056 46.5965 39.4777 35.4366 39.474 38.2651 41.8779 32.9881 32.7528 27.1759 27.0712 26.0084 20.842 19.3363 19.0079 18.9163 32.6985 33.462 18.6756 18.6676 18.1641 17.6837 17.2583 16.2546 16.1852 17.9959 15.8164 15.6865 15.3855
threshold=1.2018241487224093 0.13238758477521315 0.014776764481854257 0.72345038793429362 0.60794694522927506 14.500000000000002 28.500000000000004 40.500000000000007 47.500000000000007 -0.53307134347145668 0.014776764481854257 101.00000000000001 1.0136537491165607 0.034142608074776502 3.5000000000000004 -0.6673112334816852 3.5000000000000004 -0.16853234012128615 0.9045600297268207 1.6470457508251397 156.50000000000003 26.500000000000004 2.9146569563652167 30.500000000000004 1.523319056737316 3.5000000000000004 -1.1443219107003644 21.500000000000004 1223.5000000000002 34.500000000000007
decision_type=2 2 2 2 2 2 2 2 2 2 2 2 2 2 2 2 2 2 2 2 2 2 2 2 2 2 2 2 2 2
left_child=1 10 19 4 6 24 9 16 13 -3 21 -5 14 -9 25 -16 29 18 -18 -2 -4 22 -1 -14 -6 26 -10 -22 -27 -8
right_child=2 3 20 11 5 -7 7 8 12 -11 -12 -13 23 -15 15 -17 17 -19 -20 -21 27 -23 -24 -25 -26 28 -28 -29 -30 -31
leaf_value=-0.059131839763499644 0.028024797248988126 0.01784202494083062 -0.035674925340667421 -0.077651075253855728 0.49480232907354343 0.067256344660965126 0.09661320580916094 -0.073891240283267157 0.099198212374390762 -0.054389061304047442 -0.059068520797218964 -0.0094042715302931814 -0.073298913047300004 0.18229700634957594 0.062750173422396277 0.01953800357959648 0.63050010796921796 -0.034700366084453586 0.18940952970606248 0.073546937508560797 0.044447767940677792 -0.010276121999759354 0.43898268498276627 0.19198978706372682 0.11003852815663873 0.038860163635763494 -0.02878525489682611 -0.045634109463766413 -0.060167976142148277 -0.027882126205701158
leaf_weight=116.48901759460568 142.16766999661922 105.29664836451411 91.35639295168221 84.527346471324563 3.3985605966299763 29.612572794780135 44.30599395185709 56.492924232035875 11.865082181990145 155.46168272569776 362.740778144449 186.05996051430702 41.096300920471549 3.3647021539509288 160.78889689594507 277.43561479821801 2.418264687061308 3.8696541897952548 5.9552508257329464 246.17563013732433 89.855115130543709 331.08110613375902 0.71709970384836097 2.607839122414588 1.621971148997545 129.18779641762376 148.40132726356387 24.889915766194463 18.256399322301149 12.79291597381234
leaf_count=3304 1320 1016 965 2054 53 288 306 958 65 2985 13118 2346 717 50 1264 1773 35 57 41 2535 726 6709 8 28 14 1647 1890 304 206 134
internal_value=0 -0.0112089 0.0364854 0.00381757 0.0115149 0.111215 0.00858774 0.0181825 0.012083 -0.0252215 -0.038719 -0.0307235 0.0175086 -0.0594904 0.0219015 0.035393 0.0929056 0.2057 0.316796 0.0568818 -0.00194614 -0.0222528 -0.0560842 -0.0574691 0.370498 0.0026877 -0.0193102 0.0249077 0.0265986 0.0687202
internal_weight=0 2295.85 594.445 1484.82 1214.23 34.6331 1179.6 918.839 849.497 260.758 811.028 270.587 789.639 59.8576 745.935 438.225 69.3421 12.2432 8.37352 388.343 206.101 448.287 117.206 43.7041 5.02053 307.711 160.266 114.745 147.444 57.0989
internal_count=46916 41066 5850 17927 13527 355 13172 9171 8598 4001 23139 4400 7590 1008 6845 3037 573 133 76 3855 1995 10021 3312 745 67 3808 1955 1030 1853 440
is_linear=0
shrinkage=0.1


Tree=25
num_leaves=31
num_cat=0
split_feature=36 1 14 14 8 34 25 26 38 14 14 10 10 38 34 31 29 6 35 34 38 35 40 40 40 0 4 4 1 35
split_gain=90.3331 77.4217 39.7238 42.5919 34.6475 32.4096 31.2445 30.0563 27.8962 29.8179 31.3478 27.5911 26.8982 25.4706 22.5746 21.917 21.7737 21.6589 20.3396 20.1628 19.6914 19.5171 39.0099 41.4705 47.6458 21.3572 18.9115 18.7265 18.5556 17.9332
threshold=3.5000000000000004 0.99250805974474077 0.9339492431873897 0.90912708445312618 -0.68045660522688289 0.014776764481854257 -0.66677158210957621 -0.37506130634975549 76.500000000000014 -0.11671931538293333 -0.28474905080955121 1.0038189754312719 1.6470457508251397 89.500000000000014 0.98758984920427906 -0.044373514139606753 -0.16483271718455964 -0.40049533426462053 0.97226404297204638 1.0118295959782724 156.50000000000003 0.022064128461923609 0.20500000000000004 0.41500000000000004 0.48000000000000004 -0.6050447430664162 0.17638692571302986 -0.36911641849357196 -0.63381224172116546 1.9946667160271057
decision_type=2 2 2 2 2 2 2 2 2 2 2 2 2 2 2 2 2 2 2 2 2 2 2 2 2 2 2 2 2 2
left_child=4 2 3 6 14 12 -2 -5 9 10 17 16 15 26 -1 -3 -7 -8 -16 20 -15 -6 -23 -24 -25 -26 27 -10 -29 -20
right_child=1 5 -4 7 21 11 8 -9 13 -11 -12 -13 -14 19 18 -17 -18 -19 29 -21 -22 22 23 24 25 -27 -28 28 -30 -31
leaf_value=0.083306012471129981 -0.045962149240111598 -0.0027259911143515253 -0.06147398185087688 0.66263015819356175 -0.026493607079703826 0.41415520267669398 -0.0080157781142656728 0.11942300456031155 0.047417476138135774 -0.059828555292007528 0.096863515812584733 -0.021673389338181217 0.066395258923894265 -0.040824348951477157 -0.08564184667734237 0.10977112213364842 -0.048311570542355235 -0.092967030573982021 0.14632410839960069 -0.076190053286825488 0.01318459214872781 0.075217863240469723 -0.030481709546765545 0.10164962541831253 0.15723843092519429 -0.032064390988127994 -0.0090947921179741036 0.46769327774958047 0.15535142085214387 0.015152052974418044
leaf_weight=152.74438344314694 298.05704429931939 146.83890448696911 226.49891955778003 1.4318784233182666 95.750202804803848 2.6324080899357796 259.15228244848549 3.5291695836931458 16.440226465463642 175.72803687676787 25.92752811126411 156.93008789606392 178.86435397714376 80.7562788836658 15.413817599415777 19.633630471304059 1.6600685846060503 33.942985586822033 13.164785623550413 33.20210930146277 411.44688506610692 107.89861830323935 156.27495401352644 71.534431926906109 6.5760133787989608 63.598829090595245 17.311005860567093 2.2362770102918139 12.724843906238673 50.036791913211346
leaf_count=1419 9449 1469 7104 32 579 42 4050 73 203 6081 210 1987 1946 1698 83 278 30 948 69 885 4991 607 1067 483 35 385 227 27 157 302
internal_value=0 -0.0118793 -0.0226759 -0.0162703 0.0288826 0.0221879 -0.0173318 0.276206 -0.00934812 -0.0267509 -0.00853059 -0.0148316 0.0394706 0.00564883 0.0608963 0.0105418 0.235301 -0.0178539 0.0173556 -0.000764617 0.00432329 0.0141175 0.0236979 0.00504277 0.0442186 -0.014325 0.0748235 0.121086 0.202038 0.042475
internal_weight=0 2104.94 1598.39 1371.89 732.993 506.559 1366.93 4.96105 1068.87 494.751 319.023 161.223 345.337 574.118 231.36 166.473 4.29248 293.095 78.6154 525.405 492.203 501.633 405.883 297.984 141.709 70.1748 48.7124 31.4013 14.9611 63.2016
internal_count=46916 41887 36135 29031 5029 5752 28926 105 19477 11289 5208 2059 3693 8188 1873 1747 72 4998 454 7574 6689 3156 2577 1970 903 420 614 387 184 371
is_linear=0
shrinkage=0.1


Tree=26
num_leaves=31
num_cat=0
split_feature=22 9 14 49 1 46 38 34 6 38 38 10 38 14 32 38 20 35 0 49 35 19 9 21 13 3 2 4 49 38
split_gain=78.4123 59.2739 29.086 28.0298 30.6067 27.7099 26.7368 23.9433 23.3381 24.8381 23.5511 22.2036 21.9609 20.7672 20.6066 16.4693 16.0201 16.8308 16.0565 15.1497 22.4846 17.6826 14.4836 14.2904 14.0981 16.6108 13.6701 13.5381 13.8513 22.5915
threshold=-0.46935663852788739 0.19112862607662964 0.72345038793429362 11.500000000000002 1.5741039265518844 1.5000000000000002 163.50000000000003 1.0136537491165607 0.34392937879299945 28.500000000000004 14.500000000000002 0.35340089312599549 139.50000000000003 -0.38228989937836139 1.0124979434266019 34.500000000000007 1.496308439195347 1.0050345376982641 0.23919789237021102 2.5000000000000004 3.9874776848372853 1.4290984143838419 1.3690090669883839 2.1096142446166199 -0.22572086622072177 0.052481601268640675 -1.257943197676638 1.934616765636842 4.5000000000000009 43.500000000000007
decision_type=2 2 2 2 2 2 2 2 2 2 2 2 2 2 2 2 2 2 2 2 2 2 2 2 2 2 2 2 2 2
left_child=3 5 7 4 11 -2 -7 8 9 13 -10 -1 -4 -3 -5 -11 17 18 -13 -19 -21 24 27 26 -22 -26 -8 28 -17 -30
right_child=1 2 12 14 -6 6 23 -9 10 15 -12 16 -14 -15 -16 22 -18 19 -20 20 21 -23 -24 -25 25 -27 -28 -29 29 -31
leaf_value=0.37433485356998308 -0.011080436197136818 0.0059461709938957554 -0.07006261122184447 -0.0311806926266643 0.058330220599555199 -0.07262911046822057 0.31717932389083969 -0.071605562526106337 0.31335550945220952 0.077560266532084518 0.05908059051398809 -0.038851265904777117 -0.0057028175892070839 -0.060752968003356306 0.037015229514699918 -0.014454866349205328 0.046770196804595071 0.070526570432040289 0.038191496370600833 -0.054215210756288372 -0.021104655107589715 0.14348516930659386 0.034321651558939133 0.40635786121445849 0.1527481342306958 -0.040776271543901343 -0.025778736157716642 0.10963913145695181 0.24240337547532539 0.016283446483229259
leaf_weight=1.7180880159139622 269.35071027651429 106.83906984701753 90.062481151893735 140.59439233504236 275.1257959716022 254.26302124932408 1.1702894084155548 36.134965078905225 4.6696595065295723 42.95604951120913 16.560442570596933 117.91293706744909 128.89574068598449 82.903599120676517 64.698727175593376 256.95713106170297 111.04895527660847 50.481003072112799 35.104902490973473 41.125943839550018 37.386242009699345 13.144381767138837 224.65816834941506 0.77722531184554 12.488294284790756 6.8780039027333251 168.68559554591775 11.613008186221121 4.5391745343804351 166.08870477415621
leaf_count=13 5843 1272 2197 2303 2929 11024 24 674 50 309 156 1778 1562 1823 474 3010 776 622 510 562 471 142 1435 16 81 39 4679 61 41 2040
internal_value=0 -0.0130142 0.000693892 0.0228162 0.0323163 -0.0361729 -0.0520795 0.00823857 0.0113822 0.00892832 0.11501 0.0155662 -0.0321755 -0.0231964 -0.00968855 0.0175522 0.0141178 0.00258916 -0.0211763 0.0251059 0.00445361 0.0389732 0.0136692 -0.0214582 0.0147673 0.0840173 -0.0234158 0.00310513 0.000211716 0.0222989
internal_weight=0 1867.13 1172.88 907.708 702.415 694.247 424.896 953.92 917.785 896.555 21.2301 427.289 218.958 189.743 205.293 706.812 425.571 314.522 153.018 161.504 111.023 69.8969 663.856 170.633 56.7525 19.3663 169.856 439.198 427.585 170.628
internal_count=46916 36216 14630 10700 7923 21586 15743 10871 10197 9991 206 4994 3759 3095 2777 6896 4981 4205 2288 1917 1295 733 6587 4719 591 120 4703 5152 5091 2081
is_linear=0
shrinkage=0.1


Tree=27
num_leaves=31
num_cat=0
split_feature=36 1 14 40 0 8 9 38 6 34 46 10 49 35 38 38 35 40 35 40 0 46 6 9 19 38 2 35 4 31
split_gain=65.6688 53.9708 33.2462 31.117 50.5397 30.5035 26.8142 26.7243 25.9568 24.3626 24.1616 21.7674 21.5996 24.7404 17.29 19.1888 16.9393 33.2598 34.6161 40.2924 18.1302 16.2059 19.2014 16.2799 16.0935 16.0912 16.0383 15.7063 15.521 15.4047
threshold=3.5000000000000004 0.99250805974474077 0.9339492431873897 0.53500000000000014 -0.61846297161607688 -0.66463462878230972 -1.104322946260998 55.500000000000007 0.59320756346963444 0.98758984920427906 12.500000000000002 1.6470457508251397 12.500000000000002 3.9800141622745224 62.500000000000007 76.500000000000014 0.022064128461923609 0.20500000000000004 3.9800141622745224 0.48000000000000004 -0.6050447430664162 2.5000000000000004 -0.36839763769491052 1.438366478306347 -0.4906154947091198 183.50000000000003 -0.1844942288166069 0.97226404297204638 -0.26194053968261755 -0.044373514139606753
decision_type=2 2 2 2 2 2 2 2 2 2 2 2 2 2 2 2 2 2 2 2 2 2 2 2 2 2 2 2 2 2
left_child=5 2 3 6 -5 9 -2 -8 21 -1 11 29 14 -14 26 -16 -7 -18 -19 -20 -21 22 -6 -23 -15 -4 -9 -11 -12 -3
right_child=1 10 25 4 8 16 7 12 -10 27 28 -13 13 24 15 -17 17 18 19 20 -22 23 -24 -25 -26 -27 -28 -29 -30 -31
leaf_value=0.079735641443270042 -0.061124784891275867 -0.0027508508720626001 -0.08576039214455268 0.23206255567636305 0.10929481711054495 -0.02724649353229527 -0.033414632098055057 0.041603464781645519 0.4763399521096271 -0.08083813402572905 0.31996262865445574 0.057382338673191452 -0.081187502630356512 -0.046968554251040802 -0.073620000311291248 0.0088948735619479961 0.069057303788442465 -0.030493026122888251 0.094741946860963738 0.14925341336900522 -0.031387556947260621 -0.029447538912920596 0.0007846328285766287 0.33001294611966497 0.085276995637082895 -0.029889543352808107 0.24177659095970772 0.032367626505696086 -0.021395983344191526 0.087107131283490902
leaf_weight=145.48252200335264 136.14970133081079 160.46613543666899 99.963911239057779 11.269998557865618 27.012318197637796 94.282256755977869 419.05186049081385 13.623440297320487 1.195192016661166 15.070930715650318 1.3456605821847905 174.13383686542511 63.224027717486024 17.675349032506347 29.987336212769151 468.31881580501795 101.86780688166618 150.22578953579068 66.389536254107952 6.1098933592438689 61.298525977879763 74.661490365862846 41.150896353647113 1.2815645597875107 19.195779759436846 106.43345761485398 5.667887156829237 65.608884416520596 131.06212150678039 21.652613518759608
leaf_count=1456 4889 1648 4413 61 143 574 10826 120 20 83 24 2027 1788 394 1051 6788 599 1042 476 35 377 1818 677 9 379 2691 68 387 1772 281
internal_value=0 -0.010399 -0.0196087 -0.0138116 0.0280613 0.0250139 -0.0194013 -0.013922 0.0122383 0.0552941 0.0185471 0.0321033 -0.000697943 -0.0432212 0.00752537 0.00392925 0.0107519 0.0200358 0.00245383 0.0394459 -0.0150143 0.00838916 0.043786 -0.0233815 0.0218809 -0.0569493 0.100415 0.0112209 -0.0179268 0.00793262
internal_weight=0 2024.52 1535.86 1329.47 156.571 706.336 1172.89 1036.74 145.301 226.162 488.66 356.253 617.693 100.095 517.597 498.306 480.174 385.892 284.024 133.798 67.4084 144.106 68.1632 75.9431 36.8711 206.397 19.2913 80.6798 132.408 182.119
internal_count=46916 41887 36135 29031 2728 5029 26303 21414 2667 1926 5752 3956 10588 2561 8027 7839 3103 2529 1930 888 412 2647 820 1827 773 7104 188 470 1796 1929
is_linear=0
shrinkage=0.1


Tree=28
num_leaves=31
num_cat=0
split_feature=6 38 14 14 34 38 38 2 9 7 31 36 31 49 6 40 25 14 14 38 2 14 38 38 38 38 14 38 38 40
split_gain=56.8285 57.6273 40.9391 117.83 37.7689 35.9826 72.0734 33.9686 33.6489 27.6015 26.2433 25.8298 25.7152 35.1513 24.2492 23.2838 29.4889 20.5798 34.9635 24.6901 21.4688 19.9845 17.838 26.8995 24.8525 37.0842 37.5543 24.3807 21.8946 17.32
threshold=-0.76514077609537645 76.500000000000014 0.69346175455202463 0.64847873001183587 1.0110156653213138 26.500000000000004 40.500000000000007 -1.0142396579186495 -0.91591370884862178 -0.20420302256543829 1.2322585819996259 3.5000000000000004 -0.15300125092864841 4.5000000000000009 -0.78137799809396824 0.43500000000000005 0.7166173929508739 -0.87931062798050552 -0.79724185153239568 86.500000000000014 2.3593460933823072 -0.38228989937836139 156.50000000000003 157.50000000000003 180.00000000000003 314.50000000000006 -0.38228989937836139 328.50000000000006 146.50000000000003 0.22500000000000003
decision_type=2 2 2 2 2 2 2 2 2 2 2 2 2 2 2 2 2 2 2 2 2 2 2 2 2 2 2 2 2 2
left_child=9 2 3 5 8 -2 12 -5 -3 11 17 -1 13 21 -13 -9 -17 -10 -19 -20 22 -7 28 -24 -25 26 -26 -27 -21 -29
right_child=1 4 -4 7 -6 6 -8 15 10 -11 -12 14 -14 -15 -16 16 -18 18 19 20 -22 -23 23 24 25 27 -28 29 -30 -31
leaf_value=0.064696096797515742 -0.052514672653842409 -0.034710497702311459 -0.080668822337979701 0.95587777700138088 -0.065029803730444299 -0.017931903956157107 -0.035678219915468816 0.14580949082345629 -0.018444985882666503 0.06521357234083032 -0.039216554286157002 -0.0039971434418048781 -0.056642654628830752 0.1694748729884773 0.10064928580407673 0.71077834464697331 0.13138305617735188 0.12719272389020217 0.090089812686319118 0.005215283138915108 0.18334598100229774 0.084035525896619626 0.11592658778084391 -0.052302005938347468 -0.039203860067377208 -0.10605273037742746 0.098282883949320624 0.039401158057119447 -0.08268231704942143 -0.0042449073704377482
leaf_weight=82.673985086381435 279.00624890066683 156.91479871235788 132.72512684948742 0.75184767134487529 74.168978584930301 33.515786331146955 254.97379368916154 6.4749821182340366 124.34371064417064 139.17886980995536 82.487796442583203 341.28352568484843 17.142007276415825 28.931827962398529 23.680067613720894 2.0567876491695647 1.5332787204533813 32.281148245558143 48.727808885276318 129.95324051380157 7.6507682744413605 45.06448321044445 29.671111833304167 45.876101875677705 24.674671960994601 17.532977808266878 101.97081959061325 160.18296176381409 36.242261074483395 210.26669545657933
leaf_count=675 7779 4793 5336 20 1845 647 5910 116 1459 1455 1603 3892 442 259 170 44 13 317 463 2118 69 442 224 616 289 211 1007 1668 638 2396
internal_value=0 -0.00890858 -0.0299327 -0.0198738 0.00423698 -0.0252502 -0.00521233 0.307496 0.0084871 0.0263187 0.0149312 0.0142256 0.0571041 0.0752402 0.00279267 0.259063 0.463325 0.0195389 0.0251281 0.0210742 0.0166726 0.0405447 0.0149866 0.023136 0.018224 0.024511 0.071496 0.00917415 -0.0139526 0.0146277
internal_weight=0 2085.12 802.176 669.451 1282.95 658.634 379.628 10.8169 1208.78 586.816 1051.86 447.638 124.654 107.512 364.964 10.065 3.59007 969.374 845.031 812.749 764.022 78.5803 756.371 590.175 560.504 514.628 126.645 387.983 166.196 370.45
internal_count=46916 40724 21008 15672 19716 15479 7700 193 17871 6192 13078 4737 1790 1348 4062 173 57 11475 10016 9699 9236 1089 9167 6411 6187 5571 1296 4275 2756 4064
is_linear=0
shrinkage=0.1


Tree=29
num_leaves=31
num_cat=0
split_feature=22 9 6 14 38 38 38 3 31 25 34 10 34 46 38 8 0 22 15 35 35 35 40 35 40 35 8 10 1 38
split_gain=52.9617 39.502 30.6747 45.0245 28.3827 26.7424 22.8639 24.1681 20.307 19.7029 19.5435 29.1395 18.0532 17.8887 16.112 16.3334 15.4887 17.2017 14.8429 14.15 38.3199 14.5709 18.6802 13.3022 14.642 25.9131 13.7252 13.6189 41.554 13.2791
threshold=-0.46935663852788739 1.3690090669883839 0.41153669862126691 0.66997864242017147 26.500000000000004 134.00000000000003 14.500000000000002 -0.62210818073130081 -0.47403497824255086 -0.67519590537287255 0.014373328032809935 1.6470457508251397 1.9890512513625906 1.5000000000000002 156.50000000000003 2.835127573082747 2.3908504208210455 -0.23693568977005636 -0.75119275679757225 0.99147098788170507 1.994017580626221 3.0165198968604896 0.43500000000000005 4.0088359507986304 0.33500000000000008 3.9948692738414171 0.57674328776466288 0.14557172901805288 0.075505458134157627 236.50000000000003
decision_type=2 2 2 2 2 2 2 2 2 2 2 2 2 2 2 2 2 2 2 2 2 2 2 2 2 2 2 2 2 2
left_child=10 2 3 4 8 18 7 -5 16 -6 11 -1 23 -3 -12 -16 -2 -18 -4 -15 -21 -22 -23 24 26 -26 -11 28 29 -28
right_child=1 13 5 6 9 -7 -8 -9 -10 12 14 -13 -14 19 15 -17 17 -19 -20 20 21 22 -24 -25 25 -27 27 -29 -30 -31
leaf_value=0.013335336796446962 -0.020781817354071572 0.046859639051773157 0.42929372313980657 0.81690824926044359 -0.037660066641725429 -0.02122030028776753 0.063022913304760272 0.2175772101650417 -0.073623258360770147 0.0013720274724492998 -0.026321061251533846 0.061070097627135236 -0.087968104557103591 -0.045627918640929306 0.014647001737801472 0.21689373979444673 -0.11047706744167907 0.37873592449904497 -0.08815637198237157 0.094761537575963367 -0.037803054159146643 0.084447831837792475 -0.021432392832700792 0.040043139827996829 -0.063364098397866553 0.010363079800761092 0.0034693027792472887 -0.052931869253372288 0.44116183653950547 0.10837786323399456
leaf_weight=361.77350310608745 105.895970730111 133.76265258528292 0.55702661629766126 0.76073397882282723 163.12071308773011 145.04391912743449 14.884251767769454 5.8231173530221012 122.53180923871696 348.0445250608027 139.34275106806308 197.80501718446612 22.159773236140609 50.70005670748651 167.0016773045063 4.0909502860158673 1.1155617199838164 2.0205900557339183 115.22961926460266 44.946784019470215 85.179013224318624 29.329851984977722 38.582615347579122 88.001879300922155 90.269927512854338 101.02284547686577 26.343487787991762 10.216207569465039 2.9003426283597937 22.261408405378461
leaf_count=4115 1708 986 16 28 5411 3506 289 108 5250 5135 2210 2528 738 349 1815 32 21 36 5740 280 664 226 300 1086 1684 1574 564 175 58 284
internal_value=0 -0.0110847 -0.0189249 -0.0117749 -0.0145592 -0.0498292 0.131659 0.286827 -0.0456888 -0.00631477 0.0190458 0.0302091 0.000874378 0.0173695 -0.00107679 0.0194829 -0.0142956 0.204718 -0.085667 0.00151077 0.0135788 -0.010256 0.0242949 0.0037315 -0.00158494 -0.0244283 0.00907914 0.0525392 0.0734597 0.0515182
internal_weight=0 1770.7 1388.2 1127.37 1105.91 260.831 21.4681 6.58385 231.564 874.341 870.014 559.579 711.22 382.501 310.435 171.093 109.032 3.13615 115.787 248.738 198.038 153.091 67.9125 689.061 601.059 191.293 409.766 61.7214 51.5052 48.6049
internal_count=46916 36216 33411 24149 23724 9262 425 136 7015 16709 10700 6643 11298 2805 4057 1847 1765 57 5756 1819 1470 1190 526 10560 9474 3258 6216 1081 906 848
is_linear=0
shrinkage=0.1


Tree=30
num_leaves=31
num_cat=0
split_feature=20 34 6 38 14 6 6 6 14 14 9 35 40 29 38 14 14 6 6 4 14 49 28 10 35 31 31 38 49 6
split_gain=47.2845 32.8902 31.6771 41.6643 28.7693 51.2812 27.3465 28.2135 20.2997 53.7521 19.2286 18.9029 20.2657 17.6263 17.6136 18.5105 28.6915 17.2386 26.0654 17.0005 15.5794 22.1165 17.8644 15.0638 14.415 16.4028 13.5073 13.4957 13.3794 13.1522
threshold=1.3241663760354738 1.0123176846834674 -0.76514077609537645 73.500000000000014 0.69346175455202463 0.30382326332018444 -0.9160905038238143 -0.91093414180513965 -0.11671931538293333 -0.28474905080955121 -0.91591370884862178 0.016907158112588794 0.13500000000000004 -0.23939815152915453 86.500000000000014 -0.87931062798050552 -0.81197150790454853 -0.40049533426462053 -0.57392611015135275 0.50501056618910456 -0.53307134347145668 11.500000000000002 -0.28273920114467993 -0.75157106143942332 1.0020191260028295 -0.20398942647319185 1.2322585819996259 1393.5000000000002 30.500000000000004 -0.78137799809396824
decision_type=2 2 2 2 2 2 2 2 2 2 2 2 2 2 2 2 2 2 2 2 2 2 2 2 2 2 2 2 2 2
left_child=1 2 6 4 5 8 13 -8 9 17 -5 -2 -13 -1 -12 -16 -17 18 -4 -14 21 -20 -23 -11 25 -25 -18 -3 -29 -9
right_child=11 27 3 10 -6 -7 7 29 -10 23 14 12 19 -15 15 16 26 -19 20 -21 -22 22 -24 24 -26 -27 -28 28 -30 -31
leaf_value=-0.059140140417734889 -0.012826912404255146 -0.084553224034192631 -0.053883088161434771 -0.031465694831677209 -0.081199453297822022 0.17914334695846512 0.19110227428757887 0.022001532544620402 -0.050264832380421544 0.0098546717063423984 0.052860761657827049 0.085078534132201913 0.00030958893614729371 0.008901332610964912 -0.048470382530932943 0.11479010516803718 0.0083405872856539397 -0.085191661099591073 0.042319370127720031 0.047599936327646149 -0.010379133984029733 0.43969755742048511 0.020615663493928217 0.34234176505574887 0.082908271143200429 0.082816782528323529 -0.040626970726049566 -0.020210620243313833 0.24287978045836975 0.0840607223376863
leaf_weight=55.114511992782354 93.287018582224846 74.315320267342031 94.688704259693623 150.0495434673503 99.042291138321161 12.32686181552708 11.546975199133156 224.94558766297996 218.53414419852197 15.009537458419798 77.426239230670035 72.229804713279009 138.82829639688134 123.13116363435984 64.455877631902695 24.089006576687098 588.38413132540882 43.694400727748871 33.369031473994255 168.02121977508068 67.205451924353838 2.7090937532484531 1.6286639440804709 5.6738333627581596 19.441816627979279 4.2666932269930857 62.295561605133116 14.572026759386064 2.2286063861101857 40.262100141495466
leaf_count=612 729 2317 2126 4838 5046 187 110 2520 7786 124 907 572 1085 1236 843 235 8009 1307 660 1561 1623 39 30 50 168 37 1455 392 32 280
internal_value=0 -0.00747234 -0.00484595 -0.0115251 -0.0318141 -0.0223815 0.0184106 0.0380852 -0.0272888 -0.00983566 0.00143681 0.0274986 0.0374222 -0.0121375 0.00748224 0.0027293 0.00762005 -0.0282995 -0.0158453 0.0262043 0.0184857 0.0699321 0.282348 0.0913578 0.132993 0.230948 0.00365247 -0.0662543 0.0146884 0.031423
internal_weight=0 2130.41 2039.29 1584.29 617.591 518.548 455 276.755 506.221 287.687 966.7 472.366 379.079 178.246 816.651 739.225 674.769 243.295 199.601 306.85 104.912 37.7068 4.33776 44.3919 29.3823 9.94053 650.68 91.116 16.8006 265.208
internal_count=46916 42969 40228 35470 19183 14137 4758 2910 13950 6164 16287 3947 3218 1848 11449 10542 9699 5785 4478 2646 2352 729 69 379 255 87 9464 2741 424 2800
is_linear=0
shrinkage=0.1


Tree=31
num_leaves=31
num_cat=0
split_feature=9 1 8 6 14 38 38 49 31 35 0 40 35 10 40 34 20 46 6 1 4 38 14 38 49 25 38 38 4 35
split_gain=40.9583 35.2321 24.1888 22.4753 27.16 23.9164 21.9733 19.1337 17.7333 16.8049 27.3197 19.9485 26.0815 16.7433 16.007 15.5083 16.3519 15.0257 15.2979 13.5519 17.2614 15.0648 13.8008 37.095 20.6844 18.3391 16.2716 13.5914 28.9659 13.1421
threshold=1.3528464379280607 0.58780236354077842 -0.68045660522688289 0.41153669862126691 0.66997864242017147 134.00000000000003 26.500000000000004 12.500000000000002 -0.47403497824255086 4.9898147667666235 -0.60028933356178837 0.33500000000000008 3.9948692738414171 2.195988829225513 0.45500000000000007 0.99758325712165197 3.2691905703001995 2.5000000000000004 -0.36305551318779089 0.37308782953130187 -0.44247890783311467 820.50000000000011 1.1692453218286107 151.50000000000003 4.5000000000000009 0.052309470776941293 661.50000000000011 623.50000000000011 -0.75767936888122278 3.9858432078346193
decision_type=2 2 2 2 2 2 2 2 2 2 2 2 2 2 2 2 2 2 2 2 2 2 2 2 2 2 2 2 2 2
left_child=1 3 15 4 6 -5 8 13 -1 11 -11 -8 -13 -3 -6 -2 -17 18 -12 22 21 -21 23 24 -7 -26 27 -25 -29 -9
right_child=2 7 -4 5 14 19 9 29 -10 10 17 12 -14 -15 -16 16 -18 -19 -20 20 -22 -23 -24 26 25 -27 -28 28 -30 -31
leaf_value=-0.013335618791163253 0.077255350945708956 0.011165876879397381 0.0091417172179635141 -0.082511996347377894 0.037832417392146885 0.011892641294392187 -0.00014457293064688086 -0.062958113874395275 -0.070886357474639214 0.20690433512328085 0.13437334770693721 -0.070456699068753514 -0.0047601021761996412 0.060564504628389117 0.21155142175483538 -0.0097515914016651078 0.12034153684194303 -0.024431727174787768 0.013657497885131546 0.13141626238242213 -0.00030416017970634354 0.66655290170630022 -0.050800223592589781 0.028504228082956107 1.0555395809428754 0.34028511345858004 -0.055390194616279101 0.70095872738912757 0.049502627751922386 0.0040724818402223086
leaf_weight=106.22157810255885 106.94091915711761 489.00671417545527 406.70189326070249 100.05112118925899 16.824337192811075 0.85191087797284071 496.44969839788973 53.232043349184096 107.95750358887017 8.2107355631887895 16.355748526751995 112.30402753315866 130.82349235471338 79.812702473253012 7.7462802352383724 51.268458480015397 11.905477330088614 45.213596059940755 29.311469215899706 1.2590024964883926 3.7172391554340711 0.90362621098756779 79.586943855509162 18.622262578457597 0.60225950274616458 0.8855898417532444 26.578505935147405 0.99040659703314338 2.195541523396968 64.922179332002997
leaf_count=1736 1185 6457 2855 5737 312 20 9589 1107 5216 50 89 2809 2486 1028 108 339 58 968 359 28 70 18 2256 407 23 18 569 20 40 959
internal_value=0 -0.00785993 0.0223858 -0.0174564 -0.0113315 -0.0453898 -0.013757 0.010491 -0.0423442 -0.00645641 0.0322155 -0.0116378 -0.0351063 0.0180971 0.0926001 0.054049 0.0147652 0.0164331 0.056892 -0.0181188 0.130383 0.355016 -0.0248194 0.0159431 0.404825 0.62981 -0.00286145 0.0611574 0.252019 -0.0261268
internal_weight=0 2000.64 576.817 1313.66 1077.42 236.244 1052.85 686.974 214.179 838.669 99.0915 739.577 243.128 568.819 24.5706 170.115 63.1739 90.8808 45.6672 136.193 5.87987 2.16263 130.313 50.7265 2.33976 1.48785 48.3867 21.8082 3.18595 118.154
internal_count=46916 42479 4437 32928 23722 9206 23302 9551 6952 16350 1466 14884 5295 7485 420 1582 397 1416 448 3469 116 46 3353 1097 61 41 1036 467 60 2066
is_linear=0
shrinkage=0.1


Tree=32
num_leaves=31
num_cat=0
split_feature=1 9 34 35 40 49 49 20 28 40 38 38 25 14 6 14 6 2 7 38 38 14 26 49 2 21 27 29 17 34
split_gain=35.1238 32.4122 25.5732 24.6315 33.9741 28.0487 21.5185 26.3876 29.0449 22.657 19.2778 28.4927 22.8254 17.8933 18.6768 33.4836 17.698 17.5646 17.0312 27.9602 15.8487 15.696 15.3105 15.0049 14.9067 13.8069 13.6975 14.0478 15.9462 13.4111
threshold=1.2953408435872589 0.13238758477521315 0.014776764481854257 3.0240388752901493 0.43500000000000005 12.500000000000002 10.500000000000002 -0.50271830486210123 0.076668974026937189 0.14500000000000005 251.50000000000003 264.50000000000006 -0.52993801935817142 0.094641212103428879 -0.14411269512555652 0.059793378546238625 0.90554879548071776 2.2431410606228068 2.8456816154931484 58.500000000000007 112.50000000000001 -1.9069748571572471 1.0924270774806175 30.500000000000004 -0.73889303703670028 -0.27231792648259406 -1.2640391242899776 -0.59962378551542639 0.0092693569629082508 1.9803274004695035
decision_type=2 2 2 2 2 2 2 2 2 2 2 2 2 2 2 2 2 2 2 2 2 2 2 2 2 2 2 2 2 2
left_child=1 10 -2 5 29 6 21 8 -8 20 13 12 -12 14 -1 -16 17 24 -15 -20 -9 -3 -17 -7 -6 -10 -11 28 -28 -5
right_child=2 3 -4 4 16 23 7 9 25 26 11 -13 -14 18 15 22 -18 -19 19 -21 -22 -23 -24 -25 -26 -27 27 -29 -30 -31
leaf_value=-0.024349126940126885 0.042065602307774397 0.062758216543241221 -0.0058515305191157406 0.095352514358779811 0.047611573630578032 -0.063314131974710128 0.67443359596813224 -0.0018917143884082503 0.33010461109315709 0.34457979546765938 0.39556120369630288 -0.0066687143014379268 0.045053849419865087 -0.065138957658365235 0.63023066473245626 -0.10212268646339402 -0.059441660906585342 0.21789062342323573 0.87162043172507264 -0.10404603149622736 0.1087723102639324 -0.010917987851553033 0.51358349980737728 0.1745403974594168 -0.00082951724069132982 -0.071124677467073433 0.025501855936693629 -0.043244851072130136 0.40244450323221703 -0.11979661910465718
leaf_weight=301.84594987519085 289.22081328928471 30.155757278203964 181.13348789326847 67.332666579633951 92.624054785817862 96.563770546577871 1.2717652386054386 18.966161251999438 1.6020450461655855 1.1022483836859454 3.1622135154902935 208.43467610981315 4.5043831542134276 163.31552912853658 1.2180579658597697 2.3535337122157221 33.392222038470209 4.3031932841986409 0.51295204553753027 0.68725106958299875 40.740222599357367 703.21633803285658 0.48753293883055437 2.7271270118653765 202.21734672319144 1.8458037106320262 35.470922676846385 52.553327259607613 1.1589597482234228 3.027522660791873
leaf_count=8252 3520 209 1758 593 1096 1994 18 257 38 24 52 5138 75 9637 25 140 699 36 21 27 324 8959 30 27 2473 42 613 795 19 25
internal_value=0 -0.00665077 0.0236127 0.00212803 0.0229652 -0.00637457 -0.00073893 0.0331517 0.265971 0.0258259 -0.0244286 0.00029522 0.189626 -0.0357863 -0.0214838 0.191592 0.00960787 0.0173156 -0.0623807 0.312942 0.0736191 -0.00788847 0.00353377 -0.0567812 0.0143882 0.115307 -0.00578008 -0.0101103 0.0374282 0.0860949
internal_weight=0 2076.79 470.354 1390.27 402.897 987.374 888.084 154.711 4.71961 149.992 686.522 216.101 7.6666 470.421 305.905 4.05912 332.537 299.145 164.516 1.2002 59.7064 733.372 2.84107 99.2909 294.841 3.44785 90.2855 89.1832 36.6299 70.3602
internal_count=46916 41638 5278 18241 4922 13319 11298 2130 98 2032 23397 5265 127 18132 8447 195 4304 3605 9685 48 581 9168 170 2021 3569 80 1451 1427 632 618
is_linear=0
shrinkage=0.1


Tree=33
num_leaves=31
num_cat=0
split_feature=14 38 14 6 46 38 38 14 6 9 31 46 38 38 14 14 10 3 1 38 38 38 38 24 49 40 38 6 31 9
split_gain=32.5955 34.2415 27.5003 45.7 25.8266 22.4637 50.9455 20.7275 20.7669 18.9179 17.2012 24.5601 16.2129 15.0376 20.9568 29.2773 14.4486 14.8413 17.7156 13.9646 23.1548 16.855 28.6505 16.5483 16.3537 29.323 14.4989 19.8256 62.7376 18.3486
threshold=-1.0981005470923344 76.500000000000014 0.69346175455202463 0.30382326332018444 17.000000000000004 26.500000000000004 40.500000000000007 -1.507797691239684 -0.91093414180513965 -0.92242457797955535 -0.15300125092864841 3.5000000000000004 5.5000000000000009 86.500000000000014 -0.87931062798050552 -0.79724185153239568 1.6470457508251397 0.57524484336768134 -0.039288856269127939 156.50000000000003 157.50000000000003 180.00000000000003 186.50000000000003 -0.22794025239902688 10.500000000000002 0.14500000000000005 146.50000000000003 0.65778529418789111 0.42842972658457862 0.60814085480596858
decision_type=2 2 2 2 2 2 2 2 2 2 2 2 2 2 2 2 2 2 2 2 2 2 2 2 2 2 2 2 2 2
left_child=7 2 3 5 9 12 10 16 -9 -3 11 -7 -2 -11 -15 -16 17 -1 -19 26 -21 -22 23 -23 -24 -26 27 28 -17 -30
right_child=1 4 -4 -5 -6 6 -8 8 -10 13 -12 -13 -14 14 15 19 -18 18 -20 20 21 22 24 -25 25 -27 -28 -29 29 -31
leaf_value=-0.045479400520266888 -0.019392310888934127 -0.028134580684316686 -0.072610897153847623 0.14097212419542202 -0.065226340530515944 0.029731029120336056 -0.032822806149319587 0.14174602875300682 0.029747656750961166 0.049054657899364015 -0.052126752735027482 0.13401946849871685 -0.071269833491612034 -0.042000661118778169 0.10436538137854544 -0.0019081587788914844 0.053135236469890081 -0.025530062116476494 0.061264782196211592 0.10281785620213149 -0.047536720339663864 0.15930870900212091 -0.0019805951748889474 -0.0885600217054964 0.12213590117997475 0.017012646370473297 -0.073597248419716307 -0.070468329164208518 0.49905589142181661 0.17000827841850225
leaf_weight=86.520900469273329 122.74782611150295 142.55436733551323 101.96762154344469 17.883485084399581 53.164506895467639 76.467285417020321 234.02645726501942 17.43675952591002 327.66931187734008 93.125661883503199 15.488093802705405 32.045149793848395 118.30394352041185 80.089646415784955 32.645284781232476 99.139844856224954 36.943701606243849 54.940449062734842 41.114515796303749 28.410497032105923 46.317519688978791 19.593037344515327 361.52861608564854 3.1227396354079238 31.567353997379541 166.43171338178217 36.236261544749141 32.83880602940917 2.9335568882524958 4.0128028746694326
leaf_count=1065 3516 4847 5336 215 1613 987 5885 168 3564 1005 442 361 4265 986 318 1455 467 626 297 224 658 161 4100 33 242 2313 666 1010 53 38
internal_value=0 -0.00715505 -0.0245022 -0.0165511 0.00295378 -0.0212535 -0.00536447 0.0201254 0.0354065 0.00602419 0.0464577 0.0605288 -0.0448529 0.0107154 0.00693674 0.011469 -0.00389791 -0.0154384 0.0116208 0.00782457 0.0145136 0.0105223 0.0151409 0.125234 0.0106713 0.0337726 -0.0172638 -0.0025701 0.0184477 0.30897
internal_weight=0 1952.64 718.93 616.962 1233.71 599.079 358.027 564.626 345.106 1180.55 124.001 108.512 241.052 1037.99 944.868 864.778 219.52 182.576 96.055 832.133 656.971 628.561 582.243 22.7158 559.528 197.999 175.161 138.925 106.086 6.94636
internal_count=46916 40729 21007 15671 19722 15456 7675 6187 3732 18109 1790 1348 7781 13262 12257 11271 2455 1988 923 10953 7731 7507 6849 194 6655 2555 3222 2556 1546 91
is_linear=0
shrinkage=0.1


Tree=34
num_leaves=31
num_cat=0
split_feature=9 4 8 10 34 46 35 0 2 34 20 15 46 28 38 38 14 38 31 21 25 22 2 4 38 49 42 35 10 2
split_gain=30.7887 25.6349 20.2861 19.5364 15.686 15.3764 13.2958 27.0282 14.6851 13.0584 13.2383 12.5236 12.4173 12.311 12.0145 11.7762 15.3871 12.6557 11.628 16.6024 11.5579 22.7419 14.667 18.0065 25.1394 14.6528 13.6956 13.1585 12.6387 11.6116
threshold=1.3528464379280607 -0.61347073950042519 -0.68045660522688289 2.193164366837455 1.9890512513625906 10.500000000000002 4.9787236971600306 -0.61846297161607688 -0.37913027527371884 0.012402216627463996 3.2691905703001995 -0.74802237518398218 2.5000000000000004 2.2680720267856578 3.5000000000000004 129.50000000000003 0.69346175455202463 134.00000000000003 0.50082505539339761 0.61555352430109822 -0.56694106245108788 0.70992314311564464 0.72904556318452873 -0.58241634081999305 642.50000000000011 2.5000000000000004 0.28125000000000006 1.9904849507235816 1.5538125748340554 -0.99708603931981055
decision_type=2 2 2 2 2 2 2 2 2 2 2 2 2 2 2 2 2 2 2 2 2 2 2 2 2 2 2 2 2 2
left_child=1 11 9 4 6 -5 13 -8 12 -2 -11 -1 -9 14 -3 16 18 -17 -13 -20 21 25 -22 24 -24 27 -25 28 -16 -27
right_child=2 3 -4 5 -6 -7 7 8 -10 10 -12 15 -14 -15 20 17 -18 -19 19 -21 22 -23 23 26 -26 29 -28 -29 -30 -31
leaf_value=0.17680731482008721 0.073736270963158809 -0.075459299390540802 0.0075855937354605309 0.068210019680390491 -0.063284010672341157 -0.0089681817019066738 0.18993813216118841 0.085975775629043141 -0.019092926612123601 -0.0063042199051913869 0.10584859460944214 -0.034337741114077239 0.0059025626188418841 0.22438170608105934 -0.032001616070229652 0.30674634251144239 -0.090311925642807267 -0.018143683075928382 0.30630223140182461 -0.118681729160689 -0.0055378553044352317 0.29872272817791623 0.083984506820951488 -0.031863316475768531 0.66406898618346 0.025603485056488719 0.038320954679801671 0.060734847960309847 0.098025527680933089 -0.059913576220040593
leaf_weight=2.9028939874842754 93.866576842963696 24.68041701707989 397.63802459463477 68.985300343483686 43.788227721117437 41.251052549108863 9.3432593047618848 37.252915891818702 68.876171855255961 53.373803925700486 13.109896488487719 97.19671809207648 40.335787335410714 2.3160940650850526 76.557216219604015 1.2057109102606762 63.710965170525014 214.83546519558877 2.3810983840376134 1.4972569048404691 801.13101122062653 2.1644217250868669 2.6983882412314411 35.999664885923266 1.0331253483891485 18.299351246096194 122.12362129148096 27.100345929153264 8.2842925600707513 119.97916398942471
leaf_count=64 1144 766 2855 1039 1560 436 67 345 1271 370 68 3549 715 39 1959 27 4494 4984 33 29 12251 39 75 432 19 545 2309 630 114 4688
internal_value=0 -0.00696746 0.0196937 -0.00124596 -0.0043479 0.0393295 -0.00250214 0.0250342 0.0145146 0.0497196 0.0158112 -0.0301111 0.0443484 -0.00595553 -0.00638574 -0.0316884 -0.0518232 -0.0163305 -0.0275625 0.142235 -0.00498307 -0.0240317 9.31138e-06 0.0274661 0.24459 -0.0268236 0.0223422 7.19382e-05 -0.0193052 -0.0485965
internal_weight=0 1935.93 557.988 1552.2 1441.96 110.236 1398.18 155.808 146.465 160.35 66.4837 383.73 77.5887 1242.37 1240.05 380.827 164.786 216.041 101.075 3.87836 1215.37 252.385 962.986 161.855 3.73151 250.22 158.123 111.942 84.8415 138.279
internal_count=46916 42479 4437 29299 27824 1475 26264 2398 2331 1582 438 13180 1060 23866 23827 13116 8105 5011 3611 62 23061 7975 15086 2835 94 7936 2741 2703 2073 5233
is_linear=0
shrinkage=0.1


Tree=35
num_leaves=31
num_cat=0
split_feature=35 40 40 5 0 35 4 38 46 49 10 23 34 7 34 21 33 38 38 38 38 7 34 4 4 5 6 14 3 20
split_gain=26.6974 73.3477 52.4472 18.8065 17.0483 51.519 16.0129 15.9715 15.8234 15.9528 17.9745 15.5344 15.1964 13.8621 12.8853 12.238 13.2689 11.9854 11.9709 21.1972 33.5601 12.5988 11.886 12.5562 11.7846 11.7562 19.9209 16.6522 16.192 21.6208
threshold=3.0240388752901493 0.33500000000000008 0.43500000000000005 -0.57642756790021543 -0.59413502330859924 4.9941545521050594 0.77271547093181991 180.00000000000003 27.000000000000004 12.500000000000002 1.6470457508251397 1.6503615515870207 0.021943073552100175 1.0453980360899195 1.9803274004695035 -0.20637300205432432 -0.092547153491622888 236.50000000000003 27.500000000000004 40.500000000000007 47.500000000000007 1.0386159782425095 0.00028476583524439928 2.9013731256076283 0.79352592911541886 1.3554255625490981 -0.5251206077007734 -0.13387022158790915 -0.15021743217919711 -0.64722638104008456
decision_type=2 2 2 2 2 2 2 2 2 2 2 2 2 2 2 2 2 2 2 2 2 2 2 2 2 2 2 2 2 2
left_child=1 3 14 7 5 13 -6 -1 9 10 11 18 -12 -4 -2 24 -17 -11 -5 25 -21 -22 23 -3 -8 26 -20 28 29 -28
right_child=2 22 4 8 6 -7 15 -9 -10 17 12 -13 -14 -15 -16 16 -18 -19 19 20 21 -23 -24 -25 -26 -27 27 -29 -30 -31
leaf_value=-0.047446931158375512 0.09778813760371069 -0.044763834958460341 -0.0067533891361724781 -0.018602304201355203 -0.011899548104538037 0.16871689652478816 0.26090397781165559 -0.0013011494683527259 0.29031338552989422 -0.09073820518915765 0.063039697370685835 0.19586225464545262 -0.0063909491419857078 0.12753642181051261 -0.093249383321123286 -0.044243856771798047 0.067359664016876417 -0.0022781334204526231 -0.039746773440584929 -0.072841426912121574 0.0059431594877307923 0.06106957970832616 -0.081834628353033234 0.095496286400264307 0.052877495690114719 0.17916100272003693 0.44597450496015167 -0.032185329516751182 0.061931524044697053 0.13582415899432029
leaf_weight=132.49775563459843 80.857213695533574 136.29161715041846 83.73340486176312 203.28963779658079 392.46671956218779 24.500685309991241 2.8671375643461934 172.84841564111412 1.9605393987148989 28.752243414521217 100.85304633155465 4.1958442572504273 45.85771319642663 8.4636917151510698 3.6918852897360912 30.734613291919231 16.304665464907885 32.776992241851985 18.581686686724424 53.308436432853341 623.89393654838204 44.409147168509662 110.76241212990135 6.696031227707862 54.235839346423745 7.5418820306658736 2.8768704067915687 9.6278264401480538 20.821014687418941 10.276385353878133
leaf_count=5344 783 2816 1732 4744 8425 204 28 2688 27 602 1528 43 352 137 31 363 132 672 206 1632 8542 480 4169 91 562 70 46 245 152 70
internal_value=0 -0.00748755 0.0156113 0.000849735 0.00543253 0.0398262 -0.0026496 -0.021325 0.00645011 0.00598905 0.0086534 0.00385262 0.0413376 0.00557441 0.0894464 0.0322094 -0.00556006 -0.043615 0.00304262 0.00860307 0.00351558 0.00960634 -0.0572441 -0.0381955 0.0633225 0.061255 0.0469549 0.0839041 0.116802 0.20366
internal_weight=0 1768.12 697.856 1514.37 613.307 116.698 496.609 305.346 1209.02 1207.06 1145.53 998.823 146.711 92.1971 84.5491 104.142 47.0393 61.5292 994.627 791.337 721.612 668.303 253.75 142.988 57.103 69.7257 62.1838 43.6021 33.9743 13.1533
internal_count=46916 34519 12397 27443 11583 2073 9510 8032 19411 19384 18110 16230 1880 1869 814 1085 495 1274 16187 11443 10654 9022 7076 2907 590 789 719 513 268 116
is_linear=0
shrinkage=0.1


Tree=36
num_leaves=31
num_cat=0
split_feature=14 38 14 6 34 38 38 14 6 26 38 9 14 14 38 38 38 38 38 24 14 25 31 46 38 33 4 2 2 14
split_gain=23.6716 25.3408 21.33 34.6526 19.7329 17.8686 36.5685 16.9624 16.3742 15.084 14.6709 14.4603 13.747 30.5609 13.8404 13.2691 17.8652 16.8453 24.6511 14.7152 14.4151 12.2617 12.2481 18.4322 12.2387 13.7065 12.8298 12.5827 12.2203 12.0698
threshold=-1.0981005470923344 76.500000000000014 0.69346175455202463 0.30382326332018444 1.0168094134578334 26.500000000000004 40.500000000000007 -1.507797691239684 -0.91093414180513965 3.1094230057985399 5.5000000000000009 -1.104322946260998 -0.8551432639738813 -0.79724185153239568 86.500000000000014 156.50000000000003 157.50000000000003 180.00000000000003 186.50000000000003 -0.22794025239902688 -0.49794033387670722 0.37365180805502823 -0.15300125092864841 3.5000000000000004 2556.5000000000005 -0.76418186686221379 -0.88891749772173778 2.7695098904116708 -0.81617442598254875 -0.064281232658566653
decision_type=2 2 2 2 2 2 2 2 2 2 2 2 2 2 2 2 2 2 2 2 2 2 2 2 2 2 2 2 2 2
left_child=7 2 3 5 11 10 22 21 -9 -4 -2 -3 -13 -14 -15 29 -17 -18 19 -19 -20 -1 23 -7 25 -22 28 -28 -27 -16
right_child=1 4 9 -5 -6 6 -8 8 -10 -11 -12 12 13 14 15 16 17 18 20 -21 24 -23 -24 -25 -26 26 27 -29 -30 -31
leaf_value=-0.023631333689146019 -0.016552812657283544 -0.037584894408088258 -0.070329065447250413 0.11792869196382512 -0.058239059260793362 0.023519298750369028 -0.029289526874899687 0.1254464216817707 0.026039275108944649 0.47735063969375108 -0.067626817094822558 -0.021922637335478376 0.1148958992122233 0.058095855022288784 -0.04479129001452406 0.089482941372868149 -0.048643632635921745 0.14842558743333301 -0.043721231438669315 -0.085918425144987931 0.11701974162568946 0.026209593668503228 -0.047842775958848185 0.11357825988226949 -0.029312660670079649 0.058085101368373776 0.021049148925692703 0.23707581162380761 -0.056303224695587351 0.0068819461692854779
leaf_weight=131.78323295153677 116.91018388792872 74.017275663092732 88.803255021572113 19.038908913731575 51.254688779823482 77.370888751000166 221.21701243240386 17.467027608305216 322.67757005989552 0.5057425070554008 108.3785678865388 133.58202997781336 28.194659143686295 54.446112401783466 87.025632221251726 28.870042368769646 46.895623326301575 19.449556063860658 46.646751759573817 3.1076680812984696 13.983141785487531 78.920683145523071 14.495315781794487 32.177483841776848 57.613456288352609 12.136104356497524 409.85566535033286 2.7140898518264285 40.527631921693683 94.060827890411019
leaf_count=1708 3516 2754 5323 215 1687 987 5885 168 3564 13 4265 1761 279 585 1702 237 787 170 586 38 431 747 442 361 711 216 4846 20 757 2155
internal_value=0 -0.00623466 -0.0216848 -0.0147861 0.00247443 -0.0192147 -0.00491937 0.0173328 0.031144 -0.0672276 -0.0411227 0.00517305 0.00810586 0.0123482 0.00919637 0.00611093 0.0125018 0.00909796 0.0135661 0.11614 0.00960054 -0.00496305 0.0385419 0.0499722 0.0142338 0.0194692 0.0165372 0.0224703 -0.029943 -0.0179509
internal_weight=0 1883.28 678.897 589.588 1204.38 570.549 345.261 550.849 340.145 89.309 225.289 1153.13 1079.11 945.527 917.332 862.886 681.8 652.93 606.034 22.5572 583.477 210.704 124.044 109.548 536.83 479.217 465.233 412.57 52.6637 181.086
internal_count=46916 40729 21007 15671 19722 15456 7675 6187 3732 5336 7781 18035 15281 13520 13241 12656 8799 8562 7775 208 7567 2455 1790 1348 6981 6270 5839 4866 973 3857
is_linear=0
shrinkage=0.1


Tree=37
num_leaves=31
num_cat=0
split_feature=35 40 40 35 40 27 6 28 0 35 12 8 19 1 10 49 35 2 13 1 18 29 20 38 46 31 38 34 34 9
split_gain=22.0574 62.1104 45.3181 17.636 33.992 18.1894 14.5781 16.986 13.7534 43.945 13.1141 12.7288 12.6935 12.5922 20.0071 13.123 13.2023 16.8856 12.6527 12.3392 12.0593 11.49 11.3858 11.0455 10.9266 10.8063 12.032 11.031 10.7272 10.6145
threshold=3.0240388752901493 0.33500000000000008 0.43500000000000005 0.99319493646658463 0.13500000000000004 0.28127476882362284 -0.31450415311102037 -0.50220059417034135 -0.59413502330859924 4.9941545521050594 -0.12013780094391811 2.835127573082747 0.61102634844431447 0.99250805974474077 1.0943078207956856 11.500000000000002 1.0086097982278153 1.0578056203252764 0.27916189005853193 -0.44514936306778213 -1.0303701485458618 -0.77982431144623054 -0.13680470027931116 537.50000000000011 1.0000000180025095e-35 0.91085343563942855 198.50000000000003 0.99535005590400305 1.9803274004695035 1.9121042501160594
decision_type=2 2 2 2 2 2 2 2 2 2 2 2 2 2 2 2 2 2 2 2 2 2 2 2 2 2 2 2 2 2
left_child=1 3 28 5 6 11 7 -5 9 12 -10 23 -4 18 -15 16 -16 -18 -6 -9 -20 -13 -3 25 -21 26 27 -1 -2 -7
right_child=2 22 8 4 13 29 -8 19 10 -11 -12 21 -14 14 15 -17 17 -19 20 24 -22 -23 -24 -25 -26 -27 -28 -29 -30 -31
leaf_value=0.023354572880207751 0.0937017914595904 -0.076264367683999718 -0.0099501441307232874 0.076447782694480881 -0.016236608709093672 -0.038025163824517628 0.095825285561215445 0.041711763862162417 0.010309480818583338 0.15865838370203023 -0.023572247754266355 0.053716981654000011 0.097242328964720084 0.17638041273854194 0.0004937580711016149 -0.032748878050083197 0.07308877914435459 -0.080505205166590876 0.34046954147340608 -0.23430339114712517 0.010868535361975011 0.44768347269653996 -0.032711065848311925 -0.037467008659297626 -0.041444379415229542 -0.089650753198181832 0.067426215804997372 -0.036046946757753252 -0.087235151253683196 0.036050181204113928
leaf_weight=104.95866111759096 75.118805017322302 117.74211418349296 79.061331923119724 28.541352305561304 391.15590987540781 247.44201962091029 57.322423379868269 11.376348048448564 308.37976879440248 23.349277799017727 181.45653889141977 1.9203181648626926 12.841504417359827 8.20585700124502 77.012010753154755 41.840781468898058 73.814849199727178 7.9261803217232218 1.1148776104673732 4.1618068031966677 256.85825109761208 1.2047141483053554 122.44461239129305 54.258344100788236 9.9876374267041665 9.6759964022785407 39.974111575633287 44.523849815130234 3.4261064799502483 20.984815716743469
leaf_count=2258 783 4843 1664 270 10096 4147 419 79 4681 204 4829 43 205 69 965 502 881 83 28 31 3632 15 2233 920 87 528 613 1634 31 143
internal_value=0 -0.00686154 0.0143475 0.000725339 0.00872017 -0.0140373 0.0606909 0.0234411 0.0050712 0.0361523 -0.00224178 0.00500454 0.00502777 0.00197253 0.0233337 0.0170729 0.0302039 0.0581952 -0.00489855 -0.0358277 0.012293 0.205593 -0.0540614 0.00253072 -0.0981704 0.013429 0.0186936 0.00566164 0.0858094 -0.0322342
internal_weight=0 1734.45 683.633 1494.26 969.318 524.943 111.39 54.0671 605.088 115.252 489.836 256.516 91.9028 857.929 208.8 200.594 158.753 81.741 649.129 25.5258 257.973 3.12503 240.187 253.391 14.1494 199.133 189.457 149.483 78.5449 268.427
internal_count=46916 34519 12397 27443 17142 10301 886 467 11583 2073 9510 6011 1869 16256 2500 2431 1929 964 13756 197 3660 58 7076 5953 118 5033 4505 3892 814 4290
is_linear=0
shrinkage=0.1


Tree=38
num_leaves=31
num_cat=0
split_feature=10 9 34 35 40 40 12 35 40 0 6 27 7 2 32 6 6 32 34 29 27 38 38 14 6 21 49 8 38 14
split_gain=20.0318 21.0531 20.3634 16.4916 42.5511 26.7101 13.0755 12.3493 21.0792 13.7168 13.6996 11.5812 11.4572 10.2554 10.2187 10.2146 9.84498 9.83072 9.69225 9.47806 17.6065 9.42834 18.4446 9.27848 12.421 21.6283 9.81445 19.9436 19.8276 16.7112
threshold=1.5538125748340554 -1.104322946260998 0.97818403295510314 3.0240388752901493 0.33500000000000008 0.43500000000000005 -1.1786671615237736 0.99319493646658463 0.13500000000000004 -0.75392650735976374 -0.34032697883063645 -0.44278244351772345 -0.1303081462162192 2.4687022586098082 2.5031250523401671 -1.1443219107003644 -0.24156623172639727 1.2661411091333903 1.9803274004695035 -0.71877035771547648 2.0154124507440128 439.50000000000006 236.50000000000003 0.58432029375154493 0.21859926594000001 -1.2179733627596319 1.5000000000000002 -0.67051458096404948 3431.5000000000005 -0.34616539251105555
decision_type=2 2 2 2 2 2 2 2 2 2 2 2 2 2 2 2 2 2 2 2 2 2 2 2 2 2 2 2 2 2
left_child=1 -1 19 4 7 18 -4 9 10 11 17 12 -3 23 -13 -6 -16 -9 -5 20 -2 22 -11 24 26 -26 28 29 -10 -28
right_child=2 3 6 5 15 -7 -8 8 13 21 -12 14 -14 -15 16 -17 -18 -19 -20 -21 -22 -23 -24 -25 25 -27 27 -29 -30 -31
leaf_value=-0.039856192754418138 0.006615981845361843 0.03356554296754951 0.21021237135501517 0.084620638457034006 0.078148778365666721 0.0055378908520396942 -0.01161404807724167 -0.044269876157052426 -0.018315568356616269 -0.0022114967826972992 0.086074990258161177 -0.046687517637435234 0.46074414490589616 0.15654452725674403 0.11893692075438118 -0.057436835137267578 -0.057247429446734679 0.04998762741007954 -0.11475405180974795 0.053478023737655249 -0.35325361037695058 -0.033030912188295236 0.082235412896599983 -0.025086416290976205 0.49785721679326855 0.059232362231717961 0.068041667078876961 -0.004807875222530747 0.34854458400736993 -0.0059625576846198906
leaf_weight=153.79129935847595 12.977397996932266 2.1781364921480422 2.7157038636505595 57.626289591193199 5.7430203128606072 483.84844279661775 123.43884269893169 18.995661932975054 187.74098248779774 153.63744119927287 51.115034949034452 156.14671522704884 0.8821377856656899 4.1994669074192634 7.6032134220004082 170.98649383103475 5.4414747953414899 26.503399886190891 2.5460125356912604 154.7918637432158 1.5185948163270939 62.116218373179436 31.0998988263309 123.37657578382641 1.2851118333637703 8.977142424322663 90.291169355623424 241.35677574109286 1.4848768711090077 46.089726373553276
leaf_count=7059 187 89 19 637 47 8778 1156 147 3028 3358 369 3242 36 64 48 5322 32 204 27 2403 24 861 381 3381 15 120 1174 3809 16 883
internal_value=0 -0.00424088 0.0235735 -0.00141937 -0.00717057 0.0133519 -0.00683883 -0.000530079 0.00674406 -0.0144397 0.0505478 -0.0360969 0.156702 0.00073945 -0.0395842 -0.0530308 0.0454432 0.0106355 0.0761847 0.0462371 -0.0310838 0.000672419 0.0120049 -0.000194458 0.00512596 0.11416 0.00315241 0.0124646 -0.0154368 0.043032
internal_weight=0 2095.06 295.442 1941.27 1397.25 544.021 126.155 1220.52 801.416 419.105 96.6141 172.252 3.06027 704.802 169.191 176.73 13.0447 45.4991 60.1723 169.288 14.496 246.854 184.737 700.602 577.226 10.2623 566.964 377.738 189.226 136.381
internal_count=46916 43127 3789 36068 26626 9442 1175 21257 13210 8047 720 3447 125 12490 3322 5369 80 351 664 2614 211 4600 3739 12426 9045 135 8910 5866 3044 2057
is_linear=0
shrinkage=0.1


Tree=39
num_leaves=31
num_cat=0
split_feature=34 28 29 38 9 46 38 38 31 23 12 6 38 38 38 4 49 7 20 21 24 12 12 14 2 38 31 38 6 33
split_gain=19.471 19.4932 16.4195 16.3257 16.2956 16.1732 15.8371 25.1532 13.995 23.5807 25.4003 12.6758 15.662 20.6275 14.9399 13.057 12.3805 12.487 11.8812 28.4282 11.7472 11.7088 10.971 12.7486 10.9148 11.531 10.6066 10.475 20.5943 20.921
threshold=1.0123176846834674 -0.62864581836715072 0.21521390359435094 50.500000000000007 1.3528464379280607 27.000000000000004 43.500000000000007 42.500000000000007 1.1881468041974943 1.8482739804725867 1.1053017414916557 -0.37647012223572757 623.50000000000011 631.50000000000011 314.50000000000006 -1.0339942531624036 4.5000000000000009 0.59322317596833463 0.2055897676849886 -0.049237361918998489 -0.23468268388238575 -0.24558311996446011 -1.0559327095080766 -1.507797691239684 0.2941092964170447 350.50000000000006 0.61459107802015422 66.500000000000014 0.25600470267098496 -0.77245452791457858
decision_type=2 2 2 2 2 2 2 2 2 2 2 2 2 2 2 2 2 2 2 2 2 2 2 2 2 2 2 2 2 2
left_child=1 -1 3 6 11 -2 7 26 9 20 -11 14 -13 -14 16 -15 17 -4 19 -9 22 -7 -5 -24 -22 -26 -3 28 29 -25
right_child=5 2 4 8 -6 21 -8 18 -10 10 -12 12 13 15 -16 -17 -18 -19 -20 -21 24 -23 23 27 25 -27 -28 -29 -30 -31
leaf_value=0.033130938950331833 -0.054819309270057175 -0.014063205965256729 0.014838326454701465 0.06062461447908607 0.051759805673205664 0.26488619521395024 -0.067618284721108243 0.84262864839679708 -0.043659890260969614 0.071461743699885324 0.44284344591028291 -0.029269989027056638 0.47274566470051327 0.3813916293241586 -0.024521357937364038 0.020016735582673258 0.08396848966322612 0.13675349801039788 0.051678513867935642 0.10890555444281563 -0.072726592878411697 -0.028284084087295498 -0.055609770670905327 0.28906553019636799 0.052586721660603214 -0.066632599058083372 -0.091889394910175587 0.0011708531427417717 -0.070632697260670049 0.054325670346331956
leaf_weight=175.48407074250281 90.887260675895959 383.68548783194274 190.70201184041798 32.868525361642241 90.429464854300022 2.8045622743666172 66.680541878100485 0.84437341243028674 68.660264209844172 19.500192428007725 2.0336712133139363 150.04397782078013 1.0856668688356865 1.0292368568480004 64.07097536418587 35.002270083874464 35.941324013285339 8.7883559539914113 2.0637355148792267 1.4096230138093222 40.237521537579596 2.6490515908226362 37.062861312180758 4.1707888655364505 20.081523173488677 13.612025756388901 18.349053455516696 744.54892967827618 12.192575028166173 42.333373225294054
leaf_count=1912 2913 9414 2805 295 936 27 2868 27 2102 214 27 4653 11 30 722 589 476 129 23 37 905 44 457 140 406 185 1457 12008 512 592
internal_value=0 0.0011203 -0.00157075 -0.00705303 0.0127772 -0.0447828 -0.022449 -0.0150369 -3.21384e-05 0.00306033 0.106535 0.0055336 -0.0148822 0.0432796 0.0182916 0.0303394 0.0299428 0.0202092 0.225039 0.383767 0.000707677 0.122481 0.0039483 0.00173142 -0.0375664 0.00442271 -0.0176152 0.00437722 0.0450489 0.0753786
internal_weight=0 2262.91 2087.43 1510.34 577.093 96.3409 473.033 406.352 1037.3 968.642 21.5339 486.664 187.161 37.1172 299.503 36.0315 235.432 199.49 4.31773 2.254 947.108 5.45361 873.177 840.309 73.9311 33.6935 402.035 803.246 58.6967 46.5042
internal_count=46916 43932 42020 31669 10351 2984 13826 10958 17843 15741 241 9415 5283 630 4132 619 3410 2934 87 64 15500 71 14004 13709 1496 591 10871 13252 1244 732
is_linear=0
shrinkage=0.1


Tree=40
num_leaves=31
num_cat=0
split_feature=14 38 14 6 38 38 34 9 14 14 6 10 38 15 32 38 38 38 38 1 38 46 6 38 32 26 25 38 14 14
split_gain=17.0429 19.3909 16.1847 28.8509 14.7008 31.1718 14.1276 13.0912 12.8774 25.0783 12.8273 12.7355 12.3822 12.1096 17.3665 12.0768 13.8141 18.4151 13.8838 19.5871 18.3241 13.702 13.6683 21.0527 19.422 27.6297 26.7194 14.5807 12.6355 21.6348
threshold=-1.0981005470923344 76.500000000000014 0.69346175455202463 0.30382326332018444 26.500000000000004 40.500000000000007 1.9890512513625906 1.9121042501160594 -0.8551432639738813 -0.79724185153239568 -0.78137799809396824 1.6470457508251397 5.5000000000000009 3.0674598230574008 -0.90181727293039537 86.500000000000014 156.50000000000003 157.50000000000003 180.00000000000003 2.3057213534926766 186.50000000000003 3.5000000000000004 0.56755144217178866 841.50000000000011 -1.3570592966569988 0.73951924242951772 -0.73755092357820817 820.50000000000011 -0.087253804089603759 0.96514673372317672
decision_type=2 2 2 2 2 2 2 2 2 2 2 2 2 2 2 2 2 2 2 2 2 2 2 2 2 2 2 2 2 2
left_child=7 2 3 4 12 -6 8 10 -3 -10 11 -1 -2 -4 -15 -11 28 -18 19 -19 -20 -22 23 24 25 26 -23 -26 -17 -30
right_child=1 6 13 -5 5 -7 -8 -9 9 15 -12 -13 -14 14 -16 16 17 18 20 -21 21 22 -24 -25 27 -27 -28 -29 29 -31
leaf_value=0.0001392712225363983 -0.0155640862774735 -0.023939001724118905 -0.067810401020934358 0.10589640788615924 0.03579467982020066 -0.027824908352891566 -0.054950158264413053 0.1054541168395768 0.10006810599141761 0.050337103715375836 0.063133599106643401 0.044181856452969744 -0.064033582546485029 -0.069902685395402966 0.57789130106739994 -0.048306670913513983 0.086032184176530149 -0.055979368565718314 0.098601219204297097 0.30482573293337339 -0.012701769868440849 0.17000936030753655 -0.0097376637362534477 -0.0026217643976641537 0.044984318916298574 0.067797568466361549 1.0056460693698095 0.27507525659326781 0.03693020055190787 -0.062187699855399937
leaf_weight=399.80137661285698 112.21711486112326 140.17052966635674 76.609879044815898 19.556869152933359 121.27145725116134 211.04210399836302 41.57208053348586 15.492797937244175 29.002082751132548 56.926287034526467 45.147302711382508 78.555599136278033 99.385837734676898 0.98557321215048432 0.71341099590062984 89.989866492338479 29.912402903661132 48.554227506741881 22.45693295262754 1.5527309589087952 228.61458909697831 0.73343222960829735 118.74522805772722 107.13581944163889 143.78126509208232 2.5243340861052275 0.80002598650753387 2.807879662141203 65.335065598599613 33.217849739361554
leaf_count=4501 3516 2040 5260 215 1790 5885 1573 165 304 684 327 1194 4265 67 9 2173 257 1058 226 11 2975 30 2425 1403 1857 78 15 24 1256 1333
internal_value=0 -0.005401 -0.0193563 -0.0134362 -0.0177269 -0.00460816 0.00229448 0.0148619 0.004415 0.00846187 0.0121808 0.00737193 -0.0383293 -0.0619542 0.202109 0.00567433 0.00283725 0.00924601 0.00585684 -0.0447986 0.00990113 0.00660945 0.0183346 0.0312658 0.0553656 0.271176 0.605972 0.0493917 -0.0212154 0.00352192
internal_weight=0 1805.61 641.782 563.473 543.917 332.314 1163.83 538.997 1122.26 982.09 523.504 478.357 211.603 78.3089 1.69898 953.088 896.162 707.619 677.706 50.107 627.6 605.143 376.528 257.783 150.647 4.05779 1.53346 146.589 188.543 98.5529
internal_count=46916 40729 21007 15671 15456 7675 19722 6187 18149 16109 6022 5695 7781 5336 76 15805 15121 10359 10102 1069 9033 8807 5832 3407 2004 123 45 1881 4762 2589
is_linear=0
shrinkage=0.1


Tree=41
num_leaves=31
num_cat=0
split_feature=35 40 40 49 22 4 29 38 40 19 46 42 35 27 40 32 6 25 2 25 12 5 31 28 8 32 32 18 31 8
split_gain=15.5723 46.5054 35.2687 16.8916 13.6496 10.956 11.1541 10.501 10.8092 13.9348 10.607 10.8209 9.9245 15.9332 15.8572 10.0841 10.4053 9.83714 9.32844 10.5836 12.1657 9.5025 9.25806 9.15908 14.3416 8.88615 9.41337 8.48595 8.69949 8.98417
threshold=3.0240388752901493 0.34500000000000003 0.43500000000000005 12.500000000000002 -0.64586530976258971 1.2199554690467069 0.27002138586136798 1393.5000000000002 0.22500000000000003 -0.67882936779846459 27.000000000000004 0.21875000000000003 0.99319493646658463 0.23039419383675722 0.13500000000000004 1.5478763017779846 -0.31450415311102037 -0.7759567511104889 2.2431410606228068 1.2663790375601058 -0.17702464953951583 1.0874454679248922 -0.095834823191154286 -0.016488543938075927 -0.45783048286480144 -1.3348991275674116 -1.4864320671373699 -1.0397084824418303 0.91085343563942855 2.835127573082747
decision_type=2 2 2 2 2 2 2 2 2 2 2 2 2 2 2 2 2 2 2 2 2 2 2 2 2 2 2 2 2 2
left_child=1 3 -2 4 -1 6 18 -5 9 -9 11 -11 13 27 15 16 23 -8 19 21 -21 -4 -18 24 -14 26 -7 -6 29 -29
right_child=2 -3 5 7 12 25 17 8 -10 10 -12 -13 14 -15 -16 -17 22 -19 -20 20 -22 -23 -24 -25 -26 -27 -28 28 -30 -31
leaf_value=0.050311833712669743 0.079740161108448171 -0.06039097364884765 -0.0019597923771126997 -0.055812202153258265 0.36779402793381893 0.026319428451850327 -0.059339143442434017 0.44991074161586531 -0.035019970164920845 0.25952085730092939 0.32165300307576905 -0.068037018468699778 0.055661336513782217 -0.029274368944878532 0.001707399736650109 0.081982941148710811 0.12150926165095247 0.03230168266385397 0.095566400569967319 -0.018975982140151452 -0.12394592458722486 -0.078538408955211553 0.004207558794125715 0.084440345725049118 -0.12343340245528447 0.029663322390571231 0.35993830318290509 0.0089469502898959479 -0.075038106106555869 0.19607872798692746
leaf_weight=56.320583833381534 69.303179658949375 143.10208248859271 293.32055213302374 82.428819674532861 0.65194179816171427 1.6756444554775956 12.987319846171884 1.0690057184547184 12.311956875957547 1.2983091473579422 1.2937573902308939 4.5184159055352211 6.8183898702263877 245.8043006034568 799.03396185254678 41.494302548468113 12.646448519080879 119.43765154248103 8.1014311555773002 30.760008702985942 17.223050116095692 17.151536653749645 14.378077205270527 5.465728770941495 12.989141765981913 91.126080166548491 1.7076730150729407 209.87697734124959 12.368619521148501 2.5973150543868533
leaf_count=836 814 5677 7307 1989 21 24 435 31 178 9 12 128 84 4086 15429 359 102 1978 125 313 226 213 106 34 90 942 20 4669 632 47
internal_value=0 -0.00588647 0.0122351 -0.000766427 0.00206804 0.00435244 -0.00156063 -0.039886 0.0241785 0.113285 0.0626764 0.00507481 7.61962e-05 -0.0116636 0.00627335 0.0451716 0.0159646 0.0233142 -0.0105471 -0.0129454 -0.0566539 -0.00619026 0.0591003 -0.0301601 -0.0617832 0.0355717 0.194708 0.00753321 0.00648862 0.0112345
internal_weight=0 1666.47 662.794 1523.37 1420.45 593.491 498.982 102.92 20.4914 8.17949 7.11048 5.81673 1364.13 471.299 892.826 93.7921 52.2978 132.425 366.557 358.455 47.9831 310.472 27.0245 25.2733 19.8075 94.5094 3.38332 225.495 224.843 212.474
internal_count=46916 34519 12397 28842 26495 11583 10597 2347 358 180 149 137 25659 9455 16204 775 416 2413 8184 8059 539 7520 208 208 174 986 44 5369 5348 4716
is_linear=0
shrinkage=0.1


Tree=42
num_leaves=31
num_cat=0
split_feature=46 28 38 29 9 38 38 38 31 23 14 29 24 15 29 21 6 25 21 38 35 49 34 6 26 38 29 6 38 35
split_gain=14.6516 14.2269 14.027 11.8555 12.8761 11.8906 12.1777 16.4145 10.5964 18.3857 16.5307 10.2462 14.2962 13.8996 16.7898 11.6335 11.3315 11.218 10.6058 10.1027 13.3002 12.7097 15.026 9.88529 9.62235 14.6942 9.55239 9.44819 12.2215 11.8999
threshold=17.000000000000004 -0.62864581836715072 1393.5000000000002 0.21521390359435094 1.3528464379280607 50.500000000000007 43.500000000000007 42.500000000000007 1.1881468041974943 1.8482739804725867 1.4613965559435906 -0.59964979746265368 -0.23268869846025225 0.52871583461700833 -0.73203109469184569 -0.896835889992873 -1.1443219107003644 1.003466356901604 -1.2516311837347798 66.500000000000014 0.99002714600780994 12.500000000000002 1.0023434658251118 0.14248231374253814 1.0924270774806175 367.50000000000006 -0.68872912449981127 -0.37647012223572757 163.50000000000003 4.009985794519678
decision_type=2 2 2 2 2 2 2 2 2 2 2 2 2 2 2 2 2 2 2 2 2 2 2 2 2 2 2 2 2 2
left_child=1 -1 -2 5 27 6 7 -3 9 11 -11 13 16 14 -7 24 -13 -15 -19 -17 -21 22 -22 -20 25 -16 -9 29 -29 -5
right_child=2 3 -4 4 -6 8 -8 26 -10 10 -12 12 -14 17 15 19 -18 18 23 20 21 -23 -24 -25 -26 -27 -28 28 -30 -31
leaf_value=0.028267598145520396 -0.070236801848037309 -0.015512911392557928 0.028354080507307613 0.0091479073031973494 0.046133701206660063 -0.024133955081941431 -0.060819966271182295 0.31457621846818501 -0.039412731230192628 0.066898044712731156 0.38314914730836919 0.090679666334811768 -0.068651778671625002 -0.0021435836207228244 0.11105983000205649 0.10036151973379877 -0.0063224463743933633 0.17215826463277717 0.10138588425818114 -0.03065259221732641 0.037976348026593804 -0.024284355673881652 0.24419804135559542 -0.087742914959662133 0.030735353126335619 0.48091057128682002 0.041455941459801922 -0.035120165447049878 0.017168607483772171 0.079862878217077896
leaf_weight=173.5701943282038 54.891201967839152 392.912542456761 19.577809800393879 274.04337576590478 86.971701204776764 117.4727744651027 62.019928467925638 2.3178078122437 64.813212960958481 20.139076058752838 1.8006053594872344 12.329224489629267 36.642170675098896 14.485403610393403 3.4677297924645227 13.792220092378555 518.2542985402979 12.874938837252559 9.1770884925499541 53.54546947684139 102.84456964628771 35.154031366109848 3.6589475423097602 3.954429989680647 5.1096921265125275 1.5563302114605901 2.8615686874836674 108.00302437413484 76.263414176180959 26.059871839359403
leaf_count=1925 2126 10968 447 3922 938 2081 2933 29 2132 215 26 87 913 373 63 309 8009 97 82 955 1594 859 60 42 112 18 58 4037 1280 226
internal_value=0 0.000771433 -0.0443174 -0.00154248 0.0107059 -0.0062354 -0.0196029 -0.0131815 -0.000270225 0.00235531 0.092853 0.000252752 -0.00824042 0.0130282 0.00636932 0.0227218 -0.0040684 0.0683824 0.107665 0.0176481 0.011804 0.0278522 0.0450611 0.0444316 0.127359 0.22563 0.163679 0.0043446 -0.0134791 0.0152885
internal_weight=0 2236.1 74.469 2062.53 571.341 1491.18 460.112 398.092 1031.07 966.259 21.9397 944.319 567.226 377.094 336.602 219.129 530.584 40.4919 26.0065 208.995 195.203 141.658 106.504 13.1315 10.1338 5.02406 5.17938 484.37 184.266 300.103
internal_count=46916 44343 2573 42418 10403 32015 13988 11055 18027 15895 241 15654 9009 6645 6051 3970 8096 594 221 3777 3468 2513 1654 124 193 81 87 9465 5317 4148
is_linear=0
shrinkage=0.1


Tree=43
num_leaves=31
num_cat=0
split_feature=14 38 38 38 38 14 6 38 38 34 7 1 28 40 4 31 29 6 19 32 19 32 35 29 7 40 33 1 16 3
split_gain=13.0876 13.6051 22.6983 22.0629 17.2855 13.4171 12.5674 12.3396 21.3337 12.0161 11.0423 14.4682 11.5058 18.9486 10.7245 10.2041 10.171 9.94096 14.6576 10.3255 9.84341 9.69676 13.155 22.8657 13.6497 12.5927 17.7897 13.1947 12.2627 11.8233
threshold=-1.1453173209606649 32.500000000000007 40.500000000000007 47.500000000000007 49.500000000000007 -1.507797691239684 -0.91093414180513965 11.500000000000002 9.5000000000000018 1.0110156653213138 1.0426072398098831 0.35285791081930978 0.97575665913922949 0.23500000000000001 1.6554831752774053 -1.041137677307969 -0.23939815152915453 -0.78137799809396824 -0.5425888249723807 0.90695678346255371 2.0662214064124478 -0.77482159108319359 0.011052103628088705 2.5393135694209215 0.71937579265934459 0.53500000000000014 -0.55315217626608171 -0.82424872814801231 -0.037634537633994387 1.055984237650389
decision_type=2 2 2 2 2 2 2 2 2 2 2 2 2 2 2 2 2 2 2 2 2 2 2 2 2 2 2 2 2 2
left_child=5 7 -3 14 -5 16 -7 8 -2 10 21 12 -12 -14 -4 -8 -1 -17 -19 -20 -10 22 23 24 29 -23 27 -27 -28 -6
right_child=1 2 3 4 9 6 15 -9 20 -11 11 -13 13 -15 -16 17 -18 18 19 -21 -22 25 -24 -25 -26 26 28 -29 -30 -31
leaf_value=-0.040589262036991203 -0.018070801596798688 0.051482131591130048 -0.057493305033649682 0.31241380624999576 -0.015075486180508357 0.10828646630504482 0.2094262704643664 -0.043599812653127672 0.071961381795491858 -0.047607631255019274 -0.032859805763975271 0.028992672851319602 0.66246799987312277 -0.10268898861173376 0.059138350959315779 0.012407525991102992 0.0081051388555236463 0.16563181626910525 -0.015090649998701187 0.11309194624532302 0.31465134529387595 -0.0035955043226770437 -0.042073853077529977 0.52692883762633858 0.38625345044159265 0.5930057735674884 0.25223586098044121 0.13706792869395842 0.022050857962942007 0.36991495985781159
leaf_weight=62.172839581035078 124.61122025270015 78.629232766106725 95.99784622201696 1.766740871593355 17.443261892534803 17.541779741644859 2.8537319414317599 156.31422956939787 17.207923719659451 52.16334405913949 57.756037389859557 240.5483752572909 0.62850855104625114 0.66725094523280859 8.5893988013267499 260.84635689482093 138.33872627932578 10.79873952642083 18.483022738248113 9.5215665735304338 1.8510252311825741 737.78859829576686 113.69653904810548 0.94063506880774994 0.97654269682243366 0.93355048168450627 2.4031725153326979 1.9829807020723809 62.626677480060607 0.83592478930950065
leaf_count=813 4258 815 3716 12 686 168 23 7133 185 2061 1492 3003 10 34 116 3175 1642 71 125 77 11 11996 4178 24 24 17 32 34 965 20
internal_value=0 -0.00474096 -0.000796064 -0.00373694 -0.000163954 0.0132893 0.0259968 -0.0241558 -0.00300056 -0.000591589 0.00138748 0.0181046 -0.0262482 0.268451 -0.0479147 0.0212249 -0.00699359 0.0194326 0.0666568 0.0284915 0.0955317 -0.00394277 -0.028863 0.045508 0.0219908 0.000198353 0.0413936 0.283009 0.0305573 0.0025305
internal_weight=0 1776.36 1476.37 1397.75 1293.16 520.557 320.045 299.984 143.67 1291.39 1239.23 299.6 59.0518 1.29576 104.587 302.503 200.512 299.65 38.8033 28.0046 19.0589 939.628 133.893 20.1964 19.2557 805.735 67.9464 2.91653 65.0298 18.2792
internal_count=46916 40822 29235 28420 24588 6094 3639 11587 4454 24576 22515 4539 1536 44 3832 3471 2455 3448 273 202 196 17976 4932 754 730 13044 1048 51 997 706
is_linear=0
shrinkage=0.1


Tree=44
num_leaves=31
num_cat=0
split_feature=35 40 40 34 0 35 30 34 34 7 38 28 35 40 0 3 28 6 4 5 9 15 25 28 13 25 27 3 8 33
split_gain=12.0831 39.003 30.4452 10.5865 10.0981 35.7626 10.2849 10.318 12.0135 10.0193 9.99778 10.6103 9.90902 20.0936 14.3316 11.7853 11.4589 13.7362 9.50059 9.4526 9.28378 9.23428 9.16134 8.90504 9.42567 8.69163 8.52916 9.42482 8.15463 10.675
threshold=3.0240388752901493 0.33500000000000008 0.43500000000000005 0.00028476583524439928 -0.59413502330859924 4.9941545521050594 -0.061897665093777705 1.0202961944048938 2.0210710469512034 1.0453980360899195 9.5000000000000018 -0.63616029665338569 0.99319493646658463 0.13500000000000004 -0.91500269615461816 2.4162783715756517 -0.55921804757697613 -0.36839763769491052 -0.955360054641056 0.7968452402740529 1.8458952097007559 2.7233146582370114 -1.0434027276592925 -0.39697241059813071 -0.78418272033325154 2.0080458407117354 -0.064641621357347717 -0.80552815524015253 0.065756653785165112 2.3809433920453569
decision_type=2 2 2 2 2 2 2 2 2 2 2 2 2 2 2 2 2 2 2 2 2 2 2 2 2 2 2 2 2 2
left_child=1 12 -2 23 5 9 7 10 -9 26 11 -6 14 16 20 19 -14 -18 -12 21 -1 -16 -7 24 -3 -17 27 -4 -20 -30
right_child=2 3 4 -5 6 22 -8 8 -10 -11 18 -13 13 -15 15 25 17 -19 28 -21 -22 -23 -24 -25 -26 -27 -28 -29 29 -31
leaf_value=-0.050530180570780674 0.075672644432001182 0.18894285025933996 -0.61465125584408731 -0.073192599963469704 -0.47462864360197887 0.33321553934495413 -0.09312021972366348 0.53488100372676473 -0.013123474616251768 0.10410143539476691 -0.081747155041938177 -0.051586478986462993 0.097387729157078551 0.0016552622172193888 -0.007677127428318881 -0.10338301661237331 -0.02309540306925012 0.067735031173856694 0.016148287093091542 0.031340519874875697 0.056420306248366185 0.29892042198057495 0.12384297179416909 -0.056118950977693906 -0.0096775911175370558 0.15899658024319308 0.0067406754982808435 -0.06680946705494499 -0.015054708069390214 0.22682917477217612
leaf_weight=103.58292214991525 65.254330556839705 2.4819898679852477 0.3215397335588922 83.80107110645622 0.60707291960716503 2.3463611202314523 12.256143828388302 0.77793500246479996 0.82350904028862715 8.8683588476851565 13.012710502836851 25.345986462663859 32.966601226478815 829.99915017094463 281.06963887019083 15.830829155165704 31.213586773723364 35.683265969157219 256.85046762647107 85.561569725628942 8.8063507936894876 0.98579408973455329 19.117986942641437 57.058756035286933 63.953373848926276 1.3719427902251471 67.848763706628233 13.43480183649808 163.04515199642628 1.8451858460903157
leaf_count=2291 814 53 8 4169 7 25 318 27 16 137 450 797 354 16256 6508 243 254 278 4304 1157 56 31 179 1672 1182 15 1231 493 3577 14
internal_value=0 -0.00522675 0.0108768 -0.0457592 0.00366762 0.0306851 -0.00270513 -0.000308152 0.253081 0.00315395 -0.00118895 -0.0614819 0.000660951 0.00675425 -0.0107345 -0.00155942 0.0491337 0.0253542 0.0024103 0.00222626 -0.04215 -0.00660556 0.14673 -0.0271433 -0.00225724 -0.0824579 -0.00781643 -0.0796147 0.00500696 -0.0123479
internal_weight=0 1634.37 651.756 207.295 586.502 111.938 474.564 462.308 1.60144 90.4735 460.707 25.9531 1427.07 929.863 497.209 384.82 99.8635 66.8969 434.754 367.617 112.389 282.055 21.4643 123.494 66.4354 17.2028 81.6051 13.7563 421.741 164.89
internal_count=46916 34519 12397 7076 11583 2073 9510 9192 43 1869 9149 804 27443 17142 10301 7954 886 532 8345 7696 2347 6539 204 2907 1235 258 1732 501 7895 3591
is_linear=0
shrinkage=0.1


Tree=45
num_leaves=31
num_cat=0
split_feature=32 46 38 10 34 9 35 40 40 13 33 5 46 36 35 31 35 38 7 38 15 1 6 6 46 28 2 12 15 36
split_gain=10.964 11.8132 13.3442 10.9412 15.6789 12.3453 9.45785 24.5595 18.5705 10.4815 9.65019 8.47276 11.5975 10.2217 8.4168 10.5793 8.3176 11.4682 8.26536 8.21483 15.2744 7.9568 8.41731 15.1406 11.0416 15.6836 9.07698 9.37196 8.37057 9.6854
threshold=2.5853594771023571 17.000000000000004 328.50000000000006 1.5538125748340554 0.013543593447504247 -1.104322946260998 3.0240388752901493 0.34500000000000003 0.43500000000000005 -0.78418272033325154 -0.31827775378598272 -0.44255233647607156 32.500000000000007 2.5000000000000004 4.9941545521050594 -0.3193253212348231 2.0000007859605051 3282.5000000000005 1.4022413871408133 2176.5000000000005 -0.43995359120640992 1.602554972518522 0.87837208639158482 0.86584156618935293 1.5000000000000002 0.022707876943329 2.4687022586098082 -0.20267462819583873 2.3142966392227069 3.5000000000000004
decision_type=2 2 2 2 2 2 2 2 2 2 2 2 2 2 2 2 2 2 2 2 2 2 2 2 2 2 2 2 2 2
left_child=1 3 -3 5 18 14 7 21 -8 10 -9 -4 13 -13 16 -16 17 -1 19 -5 -21 22 23 26 25 -24 -7 -28 -26 -30
right_child=-2 2 11 4 -6 6 8 9 -10 -11 -12 12 -14 -15 15 -17 -18 -19 -20 20 -22 -23 24 -25 28 -27 27 -29 29 -31
leaf_value=-0.025712206296166912 0.058260111161834965 -0.09882697747944523 -0.085355279426878233 0.063299625953850025 -0.0094266035182221236 -0.00095957959033335708 0.071738556449627705 0.051659351623238092 0.0049858491782939982 -0.063308435031155436 0.55423641315269767 0.26250323020259808 0.30446772549746504 -0.0076209544344705187 0.11943190417012335 -0.038635738703960594 -0.076600250980156701 0.32922773126570831 0.0064369394078830112 0.10974729731839453 -0.26761653651664624 0.11147277892270718 0.45575757814741441 0.2520602823933259 -0.052756757083153485 0.021489972379362818 0.037695039386594235 0.30846275006651247 0.24644688253351174 -0.057162764421323613
leaf_weight=74.246291173156351 31.21621714066714 26.015688981860876 10.259477893821893 94.537166491150856 108.97300749458373 1093.6261132797226 45.803723348304629 2.5803631525486712 462.44715704582632 83.220072811469436 0.44845975376665492 1.4771637171506942 1.3671607710421074 27.119374526664615 7.8124640267342356 9.2445271010510606 42.766188667155802 0.92159878462552924 47.604844240471721 2.1538796257227659 2.1366361230611792 6.2139125280082217 1.0264489050023247 2.3827108293771735 67.677340999711305 4.3816896928474307 4.0449980925768614 1.8689394015818823 2.0745275467634192 2.1290547330863774
leaf_count=3563 280 1253 438 1685 946 18465 602 133 8523 3543 12 10 11 841 149 535 2412 28 754 37 38 45 22 38 2241 128 46 26 15 97
internal_value=0 -0.00141659 -0.0430172 -0.000146925 0.0192945 -0.00273997 -0.000528774 -0.00513713 0.0110016 -0.0566579 0.126073 -0.00692038 0.0199355 0.0063324 -0.0318957 0.0337626 -0.0413919 -0.0213605 0.0406684 0.0571576 -0.0781763 -0.0013886 -0.00198333 0.000254228 -0.0338845 0.103913 -0.000291437 0.123264 -0.0442521 0.0926729
internal_weight=0 2236.56 66.2389 2170.32 255.406 1914.92 1779.93 1271.67 508.251 86.2489 3.02882 40.2232 29.9637 28.5965 134.991 17.057 117.934 75.1679 146.433 98.8277 4.29052 1185.43 1179.21 1101.92 77.2891 5.40814 1099.54 5.91394 71.8809 4.20358
internal_count=46916 46636 2553 44083 3460 40623 33936 24811 9125 3688 145 1300 862 851 6687 684 6003 3591 2514 1760 75 21123 21078 18575 2503 150 18537 72 2353 112
is_linear=0
shrinkage=0.1


Tree=46
num_leaves=31
num_cat=0
split_feature=14 38 14 6 14 14 14 14 6 6 38 38 6 14 14 6 28 6 38 40 41 4 22 19 38 34 46 20 35 32
split_gain=10.256 11.8318 13.4886 18.5483 12.9119 22.9776 11.9804 20.5232 11.0961 13.75 10.7933 10.0864 10.6321 39.9149 17.924 33.4336 17.3605 13.6654 19.9275 12.2639 11.0702 10.8231 24.5936 16.7956 13.7931 11.0815 10.4282 17.3208 32.6922 9.93836
threshold=-1.1453173209606649 76.500000000000014 0.69346175455202463 0.30382326332018444 -0.11671931538293333 -0.28474905080955121 -0.8551432639738813 -0.79724185153239568 -0.9160905038238143 -0.91093414180513965 86.500000000000014 90.500000000000014 -0.27578476841899352 -0.30630622827012505 0.085202101374815639 -0.14411269512555652 -0.46804176686873261 -0.39239838326859328 159.50000000000003 0.21500000000000002 0.25000000000000006 -0.61347073950042519 -0.011995131558796583 -0.57990971709025974 1601.5000000000002 1.0255890845838003 2.5000000000000004 -0.34097701655420404 1.9962979130127847 -1.3570592966569988
decision_type=2 2 2 2 2 2 2 2 2 2 2 2 2 2 2 2 2 2 2 2 2 2 2 2 2 2 2 2 2 2
left_child=8 2 3 4 5 -2 -3 -8 -1 -10 -9 -12 13 17 15 19 -17 18 -13 -14 -16 -22 24 -24 25 29 -18 28 -28 -23
right_child=1 6 -4 -5 -6 -7 7 10 9 -11 11 12 14 -15 20 16 26 -19 -20 -21 21 22 23 -25 -26 -27 27 -29 -30 -31
leaf_value=-0.0066458942451810693 -0.013915660891814056 -0.024848099122789916 -0.05705587671210486 0.082482281575526159 -0.033378123222477019 0.056294549691435186 0.087553800262549053 0.045745943107395617 0.11689983343133897 0.018859559140846659 -0.068037774779377433 0.053806656490614391 0.057073141823340223 -0.068438438034382529 -0.043191544583148278 0.06211803850296968 0.12806789086346823 0.071416974503295469 -0.022378755421811992 -0.021918663460801235 -0.010069642723181576 0.18354669045878147 0.46349041076656827 0.074856552072077462 -0.030607348937359682 -0.11822284350675943 0.91583839167545489 0.21567563102635098 0.039554654263329707 0.030234903582013313
leaf_weight=198.66897788923234 254.51973105268553 146.67180023621768 69.210091218817979 20.779421618208289 204.87428071629256 57.063238587230444 29.76934463577345 56.206138838082552 15.022997435182331 299.41214291006327 20.926932732574642 48.711292685009539 36.104254303500056 90.696071502752602 49.303568375296891 13.628684043884279 6.421602934598921 32.103582859039307 116.31153732119128 43.138902456965297 201.98393373982981 4.3370800372213116 2.0605630483478308 2.4157050037756553 47.858470832929015 4.913007498253136 1.0890232063829897 5.588098892942071 0.69903585594147433 168.55224370909855
leaf_count=2470 6551 2311 5336 215 8450 492 326 684 147 3477 638 629 561 2002 822 135 80 369 1932 746 5171 121 18 38 587 260 25 46 27 2250
internal_value=0 -0.00423769 -0.0155046 -0.0101517 -0.0138787 -0.00105738 0.00181172 0.00579032 0.0118546 0.0235437 0.00323636 0.000572243 0.00221144 -0.0135371 0.009919 0.0470074 0.14217 0.0117226 0.000109587 0.0140711 0.0017013 0.00682342 0.0216499 0.253757 0.0170458 0.0298724 0.221241 0.302357 0.573258 0.0340809
internal_weight=0 1735.94 606.447 537.237 516.457 311.583 1129.49 982.819 513.104 314.435 953.05 896.844 875.917 287.822 588.094 106.67 27.4264 197.126 165.023 79.2432 481.425 432.121 230.137 4.47627 225.661 177.802 13.7978 7.37616 1.78806 172.889
internal_count=46916 40822 21044 15708 15493 7043 19778 17467 6094 3624 17141 16457 15819 4932 10887 1620 313 2930 2561 1307 9267 8445 3274 56 3218 2631 178 98 52 2371
is_linear=0
shrinkage=0.1


Tree=47
num_leaves=31
num_cat=0
split_feature=29 28 8 9 1 49 40 20 20 49 21 27 20 35 9 4 24 27 4 29 17 49 5 7 29 34 9 13 38 27
split_gain=9.68909 10.5988 13.3592 10.2319 9.76069 9.19126 9.89298 7.90305 9.29247 10.7998 8.25698 14.4264 21.4326 23.9435 9.64142 9.27867 9.42121 8.72776 10.3397 20.0627 9.74551 9.20765 8.52475 8.78758 7.85845 7.70573 9.18146 7.70107 7.44857 8.80489
threshold=0.21521390359435094 1.1204424666137938 3.5893107819103243 1.3528464379280607 2.1885134006924498 21.500000000000004 0.22500000000000003 0.081588426413277612 0.6836377165000237 1.5000000000000002 -0.20637300205432432 -0.10386412331866245 -0.26751112511907865 1.9997339394412064 0.39743012823063212 -1.0339942531624036 -0.26633513540010351 -0.091425656458853782 1.934616765636842 0.43352447166684066 -0.014907967695897124 4.5000000000000009 -0.50263390233317218 -1.38485245233073 0.15188824509523755 0.012402216627463996 2.3865690342893831 -0.72170991841189569 3431.5000000000005 -0.44278244351772345
decision_type=2 2 2 2 2 2 2 2 2 2 2 2 2 2 2 2 2 2 2 2 2 2 2 2 2 2 2 2 2 2
left_child=1 2 5 4 7 24 -7 10 -9 -10 11 15 -13 14 -14 -2 -17 20 21 -20 -12 -19 -23 -24 -1 -5 -27 -11 29 -18
right_child=3 -3 -4 25 -6 6 -8 8 9 27 17 12 13 -15 -16 16 28 18 19 -21 -22 22 23 -25 -26 26 -28 -29 -30 -31
leaf_value=-0.0016871556625459292 0.29142639063780668 -0.045349809567724005 0.1096294751177993 0.063689042218657191 0.071669396207801037 0.19630644799583169 -0.075154732225047829 -0.031158554718100296 -0.04081016400365909 -0.14519525714052925 0.31253660241428788 -0.060201864791360499 0.27676651833293159 0.51094072787941125 -0.058126930377026646 0.36362951797704118 0.021518620252695835 -0.016841742778780349 0.40310615400150013 0.0070818345820255497 -0.053446645906305414 -0.019968429490770483 0.52203315041940168 0.082941443564723091 -0.051368836131681472 -0.0071145298172661554 0.14459372788793939 0.041641922311790709 0.25436699070627755 -0.07705076503480035
leaf_weight=1492.9496422898956 1.258201042190193 61.476323833223432 10.457012999337165 56.570599457249045 20.702867707237601 1.4155323375016475 26.017671804409474 121.06464286660776 27.390605988912284 2.2914721211418501 0.74230848113074799 3.0929094809107482 1.6089246626943334 2.3622786025516689 1.8459891034290192 0.78672079602256317 122.13979378063232 69.510633047204465 1.9321142900735129 3.7855992587283254 36.675663640722632 10.365941870026292 0.4686451423913266 16.608147276565433 32.531651489902288 39.961792068555951 4.4316672831773749 59.211173955351114 1.3041778476908792 9.7886057598516327
leaf_count=31001 39 2508 135 852 383 16 1128 1568 338 27 15 77 18 36 29 14 3185 1624 17 47 1243 450 7 370 563 310 24 637 20 235
internal_value=0 -0.00462134 -0.00301977 0.0101078 0.00440049 -0.00377833 -0.0611475 0.00158268 -0.0131315 0.0114198 0.0124501 0.0292489 0.152499 0.265588 0.0978302 0.021131 0.0185934 -0.00484018 0.0102282 0.140905 -0.0461862 0.00252163 0.0515678 0.0949916 -0.00274664 0.039216 0.00803006 0.0346807 0.016556 0.0142051
internal_weight=0 1624.85 1563.37 615.901 514.937 1552.91 27.4332 494.235 209.958 88.8933 284.277 144.188 8.9101 5.81719 3.45491 135.277 134.019 140.089 102.671 5.71771 37.418 96.9534 27.4427 17.0768 1525.48 100.964 44.3935 61.5026 133.233 131.928
internal_count=46916 35351 32843 11565 10379 32708 1144 9996 2570 1002 7426 3653 160 83 47 3493 3454 3773 2515 64 1258 2451 827 377 31564 1186 334 664 3440 3420
is_linear=0
shrinkage=0.1


Tree=48
num_leaves=31
num_cat=0
split_feature=35 49 40 46 22 40 6 6 33 13 40 6 33 25 23 22 19 28 31 27 38 38 14 14 49 40 19 38 38 38
split_gain=8.84074 29.8686 23.5928 11.5448 10.2391 10.5448 19.0377 35.1308 9.75714 8.44339 8.26525 22.5073 15.2915 17.5803 15.713 15.7268 12.2384 19.1522 16.9958 19.2628 13.7359 9.93051 10.4068 10.118 11.2176 10.9517 11.2932 20.7428 11.3424 9.90018
threshold=3.0240388752901493 12.500000000000002 0.43500000000000005 27.000000000000004 -0.64586530976258971 0.34500000000000003 1.4434306414802238 1.6926280165177201 2.3779096367826784 -0.65407479221194709 0.24500000000000002 -0.39224279142266311 0.11164045415125365 0.8127417533430219 0.71310815878753819 -0.59203641594196876 -0.64212680854328708 -0.15559501387531696 -0.8978582146434414 0.41363579822766766 926.50000000000011 156.50000000000003 -0.58418427308210952 -0.58157394897696191 10.500000000000002 0.14500000000000005 -0.62770628301710008 2471.5000000000005 657.50000000000011 368.50000000000006
decision_type=2 2 2 2 2 2 2 2 2 2 2 2 2 2 2 2 2 2 2 2 2 2 2 2 2 2 2 2 2 2
left_child=1 4 -2 8 -1 10 -7 -8 -3 -10 21 12 13 14 16 -16 17 18 -12 -20 -19 -6 29 -24 -25 -26 27 28 -27 -23
right_child=2 3 -4 -5 5 6 7 -9 9 -11 11 -13 -14 -15 15 -17 -18 20 19 -21 -22 22 23 24 25 26 -28 -29 -30 -31
leaf_value=0.040775521603677596 0.069484809999939737 -0.069245234284925683 0.0032459644883638984 0.10889860469723525 -0.013457445153481799 -0.045834568149903276 1.095168811394563 -0.00077647193767841228 0.16887290215185735 -0.020201820863611369 0.0034908129736413197 -0.01426503213552721 -0.0064105038074150598 0.18437926114567349 0.069853330353665075 0.47886200475074647 0.024909866455997746 -0.038320905759415845 0.67943810928427961 0.21993905339570949 0.41169378490334457 0.010280302766518933 0.099757005957628417 0.00071358940934345219 0.091049228034700336 0.11740705018293281 -0.0036746454131444187 0.46589406095256347 -0.11250495798777896 -0.035362088461348688
leaf_weight=58.086456902325153 59.297471393831074 102.44756433786824 577.03307538176887 4.4463946856558314 542.78351547243074 72.620940608438104 0.41736024571582564 0.97759804036468267 2.6047350475564626 25.327407327946275 1.7329145558178423 131.04598378203809 42.884602716192603 10.989658245816825 2.1543410569429402 1.6679652333259571 70.471161249093711 5.7102163061499578 1.3896549604833124 2.6560755129903555 0.76969669200479973 94.541241604834795 14.063074206933377 218.90425822604448 30.721655467525125 8.1789806727319938 49.043920429423451 1.3976362757384766 2.9089250452816477 95.557168768718839
leaf_count=929 814 5156 11583 52 12963 2292 26 39 30 336 25 4346 460 138 41 19 1203 149 25 39 13 987 110 2915 269 115 688 20 55 1079
internal_value=0 -0.00452094 0.00941854 -0.0495571 -0.000366765 -0.00206941 -0.0388056 0.327121 -0.054961 -0.00257018 -2.4345e-05 0.0155415 0.043357 0.0652375 0.0501098 0.248335 0.0409514 0.13317 0.265531 0.377771 0.0151327 -0.00401801 0.00592456 0.0167894 0.0130395 0.042288 0.0179415 0.102851 0.0570894 -0.0126629
internal_weight=0 1596.5 636.331 134.826 1461.68 1403.59 74.0159 1.39496 130.38 27.9321 1329.57 271.472 140.426 97.5417 86.552 3.82231 82.7297 12.2586 5.77865 4.04573 6.47991 1058.1 515.317 325.218 311.155 92.2511 61.5295 12.4855 11.0879 190.098
internal_count=46916 34519 12397 5574 28945 28016 2357 65 5522 366 25659 6458 2112 1652 1514 60 1454 251 89 64 162 19201 6238 4172 4062 1147 878 190 170 2066
is_linear=0
shrinkage=0.1


Tree=49
num_leaves=31
num_cat=0
split_feature=32 1 10 6 9 12 49 1 2 12 34 35 8 38 27 35 5 25 21 0 13 19 38 13 26 1 19 1 11 7
split_gain=8.51021 8.63867 14.4747 10.9686 10.6499 8.86519 10.1022 8.82595 8.96457 8.76438 8.70087 8.57705 10.3606 8.4181 14.3303 13.4194 10.2614 18.337 19.7727 12.9828 8.84476 10.3766 10.0413 8.16015 8.07635 14.5083 12.5628 10.4905 10.3507 8.61305
threshold=2.5853594771023571 0.46818943100928928 0.4350229992824613 -0.25369098230674875 -1.104322946260998 0.66612791390229509 11.500000000000002 2.2562619842223239 -0.32843485970076985 0.70392181003210119 0.99286385688791989 1.0086097982278153 0.5827234338856776 376.50000000000006 1.0150614624561014 2.0172053602292022 0.32789268758900303 -0.78129964024726328 -0.17816630370028225 -0.75026016480590518 -0.22572086622072177 0.29234693849749255 156.50000000000003 -0.76988404236028352 1.4598312775707851 -0.31185081052730645 -0.5425888249723807 -0.36653613610505476 0.80227929508478923 -0.93498063943979182
decision_type=2 2 2 2 2 2 2 2 2 2 2 2 2 2 2 2 2 2 2 2 2 2 2 2 2 2 2 2 2 2
left_child=1 4 3 -3 -1 6 7 11 -9 -7 -10 -4 13 15 -15 16 17 18 -13 -20 21 -17 -22 -19 28 27 -27 -26 -6 -28
right_child=-2 2 5 -5 24 9 -8 8 10 -11 -12 12 -14 14 -16 20 -18 23 19 -21 22 -23 -24 -25 25 26 29 -29 -30 -31
leaf_value=-0.037136373808033189 0.051844091645722484 0.01901698917917654 -0.0075012214180522402 0.25867412912481746 -0.0035638681827595991 0.21833407019623149 -0.018456068562684079 0.085739823645020904 0.04062383394133158 0.037684309739741913 -0.074545000087303595 0.77686222767560198 -0.034442466939797876 -0.043028153445489999 0.072627357376425603 -0.036479640732107715 0.041828084046698438 0.34219534275461283 -0.057874168849197841 0.41836665255793559 0.024655805266832365 0.031482198383723355 0.14108975383933423 0.073953640746561244 0.039958972735705478 0.085781899434189762 0.15847198976704158 0.23003678007043182 -0.038780588222192915 -0.052239273652765497
leaf_weight=102.8453596252948 30.565101650543511 3.6721930438652635 273.85769472969696 3.9790410324931136 1035.3325144848786 2.8805108582600942 170.7105834200047 28.733868047595024 24.254331257194281 39.696429384406656 8.9917465858161432 0.80992476548999581 33.674611621536314 38.026494136080146 14.915401868522165 42.688967375084758 38.68964325170964 1.2090917676687265 1.0463929595425729 1.2637290470302127 26.135535901412368 47.423968981951475 10.336037374101577 18.281197647564113 74.861097588902339 9.2246232423931342 2.0335893686860791 3.0207264521159223 90.775820683687925 42.111297047231346
leaf_count=6165 280 36 3891 35 23422 31 2973 594 459 666 64 14 435 438 138 693 425 16 28 25 275 715 97 275 1636 153 20 45 1999 873
internal_value=0 -0.00128897 0.00674229 0.143651 -0.00619721 0.00547044 0.00304815 0.00906284 0.0448315 0.049906 0.00947523 0.00501998 0.0175118 0.0247766 -0.0104443 0.0347011 0.0731055 0.126626 0.351707 0.202649 0.0161033 -0.000713187 0.0576532 0.0905942 -0.00366655 0.019809 -0.0203541 0.0473313 -0.0064027 -0.0425326
internal_weight=0 2191.48 831.277 7.65123 1360.21 823.626 781.049 610.339 61.9799 42.5769 33.2461 548.359 274.501 240.826 52.9419 187.884 61.3 22.6103 3.12005 2.31012 126.585 90.1129 36.4716 19.4903 1257.36 131.251 53.3695 77.8818 1126.11 44.1449
internal_count=46916 46636 12323 71 34313 12252 11555 8582 1117 697 523 7465 3574 3139 576 2563 783 358 67 53 1780 1408 372 291 28148 2727 1046 1681 25421 893
is_linear=0
shrinkage=0.1


Tree=50
num_leaves=31
num_cat=0
split_feature=6 14 28 40 0 38 38 38 5 12 4 28 27 27 4 14 27 21 38 5 28 11 32 20 14 14 7 2 7 19
split_gain=7.89006 10.2561 9.95891 9.659 21.9895 10.3414 12.3397 10.394 10.1766 13.1546 10.0206 10.3936 9.39377 16.9393 10.0859 15.1394 10.5554 9.34839 9.34143 9.06464 9.05 13.8986 18.2062 8.23108 9.36861 12.9544 16.5706 11.3839 11.0286 23.778
threshold=-0.76514077609537645 -1.0757296684093249 1.1204424666137938 0.53500000000000014 -0.73585967906128202 156.50000000000003 146.50000000000003 157.50000000000003 -1.0602530199036755 1.2519477688954572 -0.9895919066961173 0.89185086103128497 0.55611883545162499 0.13036916858581429 -0.80160600337414867 -0.32960661103494088 0.39586067155173082 0.52268976158570568 11.500000000000002 -0.57642756790021543 0.85686861860078911 1.026359996444802 -0.72761943971875143 1.8517248871548602 -1.507797691239684 -2.3055110860920025 -1.2600411677594499 1.8707046746331792 -1.38485245233073 -0.64695594764157593
decision_type=2 2 2 2 2 2 2 2 2 2 2 2 2 2 2 2 2 2 2 2 2 2 2 2 2 2 2 2 2 2
left_child=18 -2 3 5 -5 6 8 17 -3 10 11 -10 13 20 16 -16 -15 -7 -1 -8 -6 -22 -23 24 25 26 -20 -26 29 -27
right_child=1 2 -4 4 12 7 19 -9 9 -11 -12 -13 -14 14 15 -17 -18 -19 23 -21 21 22 -24 -25 27 28 -28 -29 -30 -31
leaf_value=-0.043166763323272489 -0.058793577521597334 -0.085373836001195177 -0.037114079596007453 0.17753950500195026 0.0042814381843161555 0.03502429027422168 0.20305672430420288 0.0027975873150019241 0.0099832372401593584 0.3175458295501612 -0.008022873706863989 0.52552268355295439 -0.038946868265286975 0.11698137525795112 0.2504882312651236 0.026333890901852786 0.53827421408406806 0.17920804304967342 -0.07938417354442269 -0.074644688051773045 -0.10461313687885643 0.078558500271856069 0.64200806479499095 0.055806479740274896 0.01832677048943885 -0.037710443698508261 0.085110130314085611 0.18087461718357195 -0.029120801847487495 0.38109635397707825
leaf_weight=30.798020581714809 33.290754554327577 16.910289783030748 80.189702178817242 8.6492856796830875 99.155324880033731 19.904862122610215 1.2125537348911155 662.4856808683835 0.86030120542272814 1.2478520544245828 674.84315532888286 0.71695552812889218 27.752151956781745 1.3254360919818311 4.101957713253797 11.351152548566457 1.0787350311875341 5.8091882057487956 8.020855385810135 38.385055740829557 1.2525178459472948 1.4147707424126568 0.96437099017202843 42.243942913599312 273.99427926912904 3.8346177916973829 25.895858277566731 4.3773484779521814 128.33470433391631 2.0970055498182765
leaf_count=371 755 1281 3308 54 2466 177 22 10469 36 31 19965 12 546 42 35 243 29 57 83 1067 68 45 16 597 3062 47 190 40 1784 18
internal_value=0 -0.00383752 -0.00273514 -0.000989663 0.0225452 -0.00358816 -0.0118436 0.00521879 -0.00874813 -0.00683604 -0.00743445 0.244326 0.0135113 0.0255784 0.115478 0.0858346 0.306013 0.0675976 0.0102499 -0.0661409 0.00996015 0.165006 0.306949 0.0136156 0.00962435 -0.00901032 0.0462094 0.0208828 -0.0229592 0.11035
internal_weight=0 1692.9 1659.61 1579.42 157.046 1422.38 734.176 688.2 694.579 677.668 676.42 1.57726 148.396 120.644 17.8573 15.4531 2.40417 25.7141 519.597 39.5976 102.787 3.63166 2.37914 488.799 446.555 168.183 33.9167 278.372 134.266 5.93162
internal_count=46916 40724 39969 36661 3544 33117 22414 10703 21325 20044 20013 48 3490 2944 349 278 71 234 6192 1089 2595 129 61 5821 5224 2122 273 3102 1849 65
is_linear=0
shrinkage=0.1


Tree=51
num_leaves=31
num_cat=0
split_feature=29 0 9 14 31 40 22 28 38 38 18 22 32 31 10 20 25 9 28 21 5 31 9 25 34 9 49 4 35 29
split_gain=7.5871 9.57186 8.51831 7.78472 10.3735 12.7218 11.2499 11.0366 10.5866 11.5501 17.59 11.0678 18.0564 10.8092 9.10174 16.2263 15.2922 35.2765 14.2898 9.47653 7.66369 7.50736 7.45127 7.25451 6.93479 7.28005 6.91127 6.76158 6.64146 6.52318
threshold=0.21521390359435094 6.3492328427342537 1.3528464379280607 0.96514673372317672 0.50082505539339761 0.24500000000000002 1.5558728079868016 -0.61102217181294904 661.50000000000011 101.00000000000001 0.97815122805066368 0.33130082364975305 -0.28760531428445552 0.56799617586805529 0.4350229992824613 0.019089870347177438 -1.0000000180025095e-35 -0.11588357086979025 -0.52064102776448717 2.1096142446166199 -1.0130620177473089 1.5437160917359696 1.2865998002155561 -1.324150177885733 0.0086092320044758378 2.3865690342893831 22.500000000000004 -0.28625791249728233 2.0075890212706251 2.1814273830036703
decision_type=2 2 2 2 2 2 2 2 2 2 2 2 2 2 2 2 2 2 2 2 2 2 2 2 2 2 2 2 2 2
left_child=3 2 22 4 23 6 -6 -7 9 13 11 12 -11 -9 19 16 27 -18 -19 -5 21 -17 -2 -1 -4 29 -25 -16 -28 -26
right_child=1 -3 24 14 5 7 -8 8 -10 10 -12 -13 -14 -15 15 20 17 18 -20 -21 -22 -23 -24 26 25 -27 28 -29 -30 -31
leaf_value=-0.057869745138825368 0.006577247387386043 -0.22461045050645453 0.061290886423996854 -0.040984929309233843 -0.02195810506937005 0.20450614744793474 0.34801888756004068 0.10939712737779461 -0.067898152383777194 -0.1030120256343524 0.021653733635423895 0.63244891303678796 0.42279870272798625 -0.09611334082320154 -0.024112196066043898 0.091394945140397144 0.99040042308053611 0.69200351228835733 0.003988957144211853 0.26565024302279955 -0.059795047210837449 -0.078610011152347364 -0.066270953713727695 -0.0017205121013272749 0.015218132352056466 0.12975320533288048 0.08933381937275775 0.2338617128008639 -0.088880329934571303 -0.083530601271555038
leaf_weight=24.116634065518156 492.04553188104182 1.7484822887927283 52.841339386068285 120.36479468736798 25.428221344482157 6.1817301455885199 0.84931506682187219 6.252134513575589 5.4410636806860557 1.00584746291861 3.3233549734577537 0.9484836421906947 1.8622103640809644 4.3330810407642275 3.6993941557593644 9.1143829775974172 0.63841434102505479 0.37264057155698549 1.589725902304052 1.0163824809715141 16.867761499248445 3.6329092318192115 14.453253167681394 1342.7900700047612 31.462138934992254 4.3996766470372668 2.4217404797673252 1.4006966627202926 15.317157770274205 8.4959664251655322
leaf_count=1222 10171 23 838 5658 597 55 25 66 108 43 46 26 28 366 172 99 16 7 63 17 239 50 186 25683 244 24 24 41 700 79
internal_value=0 0.00902546 0.00970214 -0.00411852 -0.00180238 0.0405397 -0.0100001 0.0857921 0.0541141 0.0915681 0.189857 0.336324 0.238393 0.025271 -0.0251388 0.0180535 0.147368 0.344703 0.134638 -0.0384173 -0.0155726 0.0429445 0.00449848 -0.0035034 0.0368181 0.00766481 -0.0025397 0.0467381 -0.0645503 -0.00577801
internal_weight=0 605.446 603.698 1598.97 1440.27 55.6254 26.2775 29.3479 23.1662 17.7251 7.1399 3.81654 2.86806 10.5852 158.697 37.3159 7.70087 2.60078 1.96237 121.381 29.6151 12.7473 506.499 1384.65 97.1991 44.3578 1360.53 5.10009 17.7389 39.9581
internal_count=46916 11565 11542 35351 28989 1360 622 738 683 575 143 97 71 432 6362 687 299 86 70 5675 388 149 10357 27629 1185 347 26407 213 724 323
is_linear=0
shrinkage=0.1


Tree=52
num_leaves=31
num_cat=0
split_feature=35 35 40 40 14 14 29 27 19 4 25 27 38 19 34 35 2 0 9 4 1 38 14 28 19 29 32 27 3 38
split_gain=6.90604 26.1469 20.1311 10.4828 16.3124 18.1053 15.9383 13.7602 13.4362 12.756 11.1649 10.4765 10.2116 11.9556 10.1443 8.78256 18.8248 8.31881 7.6435 7.62984 7.19748 7.55996 8.60343 11.662 10.7037 9.34321 10.3615 20.4463 13.4211 9.10025
threshold=3.0240388752901493 2.0200906488538979 0.43500000000000005 0.24500000000000002 -0.4373663134019446 -0.62177546783308235 2.0610416535121225 1.4115165564439758 -0.67882936779846459 0.61775540831415432 0.14491295437335439 -0.2302959956038492 61.500000000000007 -0.70428650940948423 0.0056802908686011738 1.9946667160271057 0.93501465515175031 -0.26320790913014974 3.0232332308537395 2.9013731256076283 2.0384569293931505 156.50000000000003 -0.58418427308210952 -0.65147764298061395 -0.03604899633608432 0.63215565150028563 -1.3570592966569988 -0.83050807236654611 0.13941551162457314 169.50000000000003
decision_type=2 2 2 2 2 2 2 2 2 2 2 2 2 2 2 2 2 2 2 2 2 2 2 2 2 2 2 2 2 2
left_child=1 3 -2 20 5 8 7 9 12 -7 -10 -6 -5 17 19 16 -13 -14 -16 -3 21 -1 23 24 -23 26 27 28 -24 -25
right_child=2 14 -4 4 11 6 -8 -9 10 -11 -12 15 13 -15 18 -17 -18 -19 -20 -21 -22 22 25 29 -26 -27 -28 -29 -30 -31
leaf_value=-0.012232977810228444 0.065366565040246821 -0.021378930346752267 0.0027337464142912753 -0.0066948905188595796 -0.035848008014305127 -0.01723138147627366 0.4922129122434834 0.40780297104152474 -0.0011776159314586343 0.21400557141427987 0.090374931658404212 -0.032023837284631818 0.27777533130661919 0.40559095189787953 -0.05871897322912193 0.01992657813501585 0.52346264054991187 -0.016095409667015909 0.26292670138981028 0.084244363556914281 0.031529666804194466 0.23274587721610135 0.021468350701234942 0.074193242437871551 -0.057393396048693729 0.057972186135590908 0.0051154275780224984 0.66457050392580241 0.5025953653290548 -0.021571640561468583
leaf_weight=525.77408622391522 56.374536932446063 160.41574593819678 572.03291893587448 2.8066116804257017 51.606157428119332 5.515045343898235 1.3320550806820382 1.504280287772416 53.661120157223195 4.2042244514450431 17.718626818619668 1.3765440448187285 1.7597312433645131 2.2735201618634164 104.83110589906573 39.862660945393145 1.0956699284724889 2.1282918574288487 0.74406079947948356 7.1436112988740197 61.155940352939069 3.6103821340948343 5.3368388125672936 10.51033394038677 1.9627590291202057 43.093790586106479 280.50765797123313 0.64922536071389814 0.65044891089200962 177.55563313653693
leaf_count=13081 814 3385 11583 60 2505 168 19 16 954 56 234 62 32 28 4424 1505 27 45 4 126 927 35 172 91 26 587 3771 21 11 2147
internal_value=0 -0.0040516 0.00835255 0.00186756 0.0237824 0.0534943 0.165169 0.126354 0.0360434 0.0827938 0.0215485 -0.0056013 0.151412 0.22343 -0.0321733 0.0312694 0.214164 0.116911 -0.0564521 -0.0168759 -0.00181866 -0.00376163 0.00474039 -0.0119951 0.130564 0.0145534 0.00803728 0.131536 0.0737372 -0.0162197
internal_weight=0 1570.79 628.407 1297.65 186.845 92.9035 12.5556 11.2236 80.3479 9.71927 71.3797 93.941 8.96815 6.16154 273.135 42.3349 2.47221 3.88802 105.575 167.559 1110.81 1049.65 523.877 193.639 5.57314 330.238 287.144 6.63651 5.98729 188.066
internal_count=46916 34519 12397 26580 5711 1612 259 240 1353 224 1188 4099 165 105 7939 1594 89 77 4428 3511 20869 19942 6861 2299 61 4562 3975 204 183 2238
is_linear=0
shrinkage=0.1


Tree=53
num_leaves=31
num_cat=0
split_feature=25 14 38 6 31 28 32 6 19 0 24 11 13 29 3 40 15 20 40 8 25 6 19 21 32 38 3 6 9 2
split_gain=6.77087 7.39715 13.7236 15.8065 12.8652 11.5981 15.4445 10.9542 11.0652 7.67018 7.6143 7.97853 7.50665 11.3826 9.2901 7.41071 10.2539 9.07587 10.8509 9.25527 8.64856 7.82791 7.4856 10.1119 9.11807 7.71477 7.34468 7.57571 7.32862 7.31962
threshold=-1.324150177885733 1.1914742872086881 222.00000000000003 1.1128016409265671 0.91085343563942855 -0.51831013212889598 0.72501870854416894 0.86584156618935293 0.24231788533069179 4.624831357480633 -0.23502294265831325 2.7824050758326773 0.45638693665222424 2.8969306051582975 -0.72794650251732118 0.045000000000000005 1.5398190166512837 1.3910937771120111 0.13500000000000004 -0.17624823088084771 0.66887608837522439 0.23007272834929329 -0.38201445820676355 -1.4072309695415772 1.794555672837064 28.500000000000004 -0.50794480750238513 -0.96269583172351469 1.8984904782804979 0.2941092964170447
decision_type=2 2 2 2 2 2 2 2 2 2 2 2 2 2 2 2 2 2 2 2 2 2 2 2 2 2 2 2 2 2
left_child=-1 7 -3 -4 -5 6 -6 9 -9 10 11 15 13 14 -12 16 -2 -17 22 -20 21 -21 24 -24 25 -19 -18 -28 -7 -14
right_child=1 2 3 4 5 28 -8 8 -10 -11 12 -13 29 -15 -16 17 26 18 19 20 -22 -23 23 -25 -26 -27 27 -29 -30 -31
leaf_value=-0.043660350161743897 -0.021298843713544357 -0.0653404346672498 -0.078724524914747421 0.17451642673103548 0.36531263938598657 0.0023582183906613137 0.050296277484383173 0.031541714134265868 0.25025342379046739 -0.085847612626556269 0.041048651697030897 0.07988306275773592 -0.015003466284763706 0.178563396363427 -0.056630022363633764 0.0017105401477261924 0.24517242508111484 -0.19021485822294434 0.031971249724052707 0.012486336121742393 -0.032785369042187866 0.16113047112801149 -0.14795720362310355 0.10765181320201 0.10932248981447304 0.013498289364567307 0.20137717792608784 -0.0021183187414860519 -0.14444723698595671 0.10316878949027519
leaf_weight=35.759209457784891 191.96433361107484 48.052404007408768 19.076373085845262 5.2678457889705887 1.8980998224578787 46.740296370815486 8.6440836116671544 7.0006282390095276 3.4547441196627915 10.074926060158758 11.237506068777291 13.439749436452983 14.788959283847364 2.3714692639186969 72.916511082090437 1428.1361010959372 2.0082398056983939 2.9799366481602174 111.26154588721693 25.093752378597859 60.471195324324071 4.1252497620880595 1.6337038557976509 29.392067071050406 5.0017001200467348 4.9421944916248322 2.2784675620496264 9.282481770962475 3.6672645881772032 8.1191102694720012
leaf_count=1879 2309 3329 418 69 32 1338 88 153 32 147 232 185 254 48 1780 31649 19 19 1380 263 521 31 17 381 43 41 15 108 31 105
internal_value=0 0.000213079 -0.0225995 0.0014797 0.0245854 0.011627 0.107014 0.00171753 0.10381 0.00118688 0.001625 0.00310839 -0.0240216 -0.0374979 -0.0435865 0.00255913 -0.0153604 0.00476056 0.0225467 0.0127027 -0.0112001 0.0334725 0.0675563 0.0941924 0.00361203 -0.0631291 0.0686506 0.0379872 -0.00832221 0.0268793
internal_weight=0 2155.32 133.346 85.294 66.2176 60.9497 10.5422 2021.97 10.4554 2011.52 2001.44 1892.01 109.434 86.5255 84.154 1878.57 205.534 1673.04 244.901 200.952 89.6902 29.219 43.9496 31.0258 12.9238 7.92213 13.5692 11.5609 50.4076 22.9081
internal_count=46916 45037 5305 1976 1558 1489 120 39732 185 39547 39400 36981 2419 2060 2012 36796 2451 34345 2696 2195 815 294 501 398 103 60 142 123 1369 359
is_linear=0
shrinkage=0.1


Tree=54
num_leaves=31
num_cat=0
split_feature=34 38 19 19 40 41 28 2 32 40 0 15 10 34 9 9 7 38 10 7 8 26 11 32 38 27 32 7 20 13
split_gain=6.53711 10.6496 7.11986 11.7181 13.098 9.40573 7.27978 6.32882 6.30288 6.51685 20.9289 9.59274 7.7835 12.0892 10.2343 7.79405 9.96617 10.5836 9.72447 8.30059 7.58361 7.29579 8.99116 9.06023 17.2612 7.48671 7.39596 9.28311 14.6582 9.34947
threshold=1.0123176846834674 328.50000000000006 -0.69264065438538969 -0.73713763760368611 0.33500000000000008 1.0000000180025095e-35 0.2937037975780647 2.2431410606228068 2.5853594771023571 0.53500000000000014 -0.73585967906128202 -0.70832287102268177 1.6470457508251397 0.99462837237161461 -1.104322946260998 1.6091520417447176 1.4022413871408133 2176.5000000000005 2.193164366837455 1.514717920946189 0.065756653785165112 1.4598312775707851 1.2836286603783049 -1.3570592966569988 134.00000000000003 -0.67118922639876122 0.12898097152061275 1.8723799397451508 0.76540397084568712 -0.79090692515156069
decision_type=2 2 2 2 2 2 2 2 2 2 2 2 2 2 2 2 2 2 2 2 2 2 2 2 2 2 2 2 2 2
left_child=8 7 3 -3 5 -5 -7 -2 9 12 -11 -12 14 15 -1 16 17 -14 -19 -18 -13 22 23 24 -16 26 27 -23 29 -29
right_child=1 2 -4 4 -6 6 -8 -9 -10 10 11 20 13 -15 21 -17 19 18 -20 -21 -22 25 -24 -25 -26 -27 -28 28 -30 -31
leaf_value=-0.034341385116814727 -0.078248336855791481 -0.10757790538228916 -0.0098351738547016176 0.6872563338178157 -0.036496040034112116 0.45613172401334162 -0.10337294079326356 0.27874617977251259 0.048505516109631129 0.14827076890019397 -0.089885784055786594 0.030410473738254881 0.054542066883005329 -0.014756222308779949 -0.059545492092969735 0.10787284289460053 -0.25692325814510181 -0.23686711228616075 0.073537107419936409 -0.0065987540792924659 -0.012572377840282957 0.014597457609354153 -0.047816933346711998 -0.003393818638419149 0.36631386625420004 0.082274472808750387 -0.037671286493040045 0.19592900234434132 0.33138587666256125 -0.10740945659894086
leaf_weight=105.28659644536674 31.88317265571095 1.3774094213731585 37.792772185523063 0.74252563156187468 0.99521287949755777 0.53224345855414867 0.41299045505002141 0.50444905180483957 27.064452344551682 11.483019080013035 9.2913238676264864 110.0480460668914 77.834637342952192 79.336473369039595 1.9244059575721615 13.073881974443792 1.3740438036620606 2.4508866127580395 1.7158774081617592 36.852388532832265 65.465844138991088 111.31294082920067 46.204681161325425 1357.6608482631855 1.8831876120530067 16.323689292185009 25.815409656148404 1.776616890914738 2.4378632009029388 2.3736170632764688
leaf_count=5896 1588 81 1199 10 47 20 20 19 258 95 203 1997 1478 703 64 286 25 34 31 579 1724 2204 867 26771 41 161 373 47 24 71
internal_value=0 -0.0296334 0.00368402 0.129516 0.251238 0.420905 0.211674 -0.072688 0.000558108 -6.5195e-05 0.0172756 0.00913607 -0.00187031 0.016151 -0.00416081 0.0345459 0.0265721 0.0462298 -0.109042 -0.0155966 0.0143781 -0.0021339 -0.00443411 -0.00296181 0.151079 0.0180981 0.0108088 0.0214239 0.136764 0.0224426
internal_weight=0 74.2408 41.8532 4.06038 2.68297 1.68776 0.945234 32.3876 2108.99 2081.93 196.288 184.805 1885.64 212.638 1673 133.302 120.228 82.0014 4.16676 38.2264 175.514 1567.71 1407.67 1361.47 3.80759 160.04 143.716 117.901 6.5881 4.15023
internal_count=46916 2984 1377 178 97 50 40 1607 43932 43674 4019 3924 39655 3136 36519 2433 2147 1543 65 604 3721 30623 27743 26876 105 2880 2719 2346 142 118
is_linear=0
shrinkage=0.1


Tree=55
num_leaves=31
num_cat=0
split_feature=14 14 28 38 14 14 38 28 7 46 49 14 6 38 28 29 19 1 32 32 16 19 28 49 19 7 25 19 29 32
split_gain=6.21585 10.1626 8.14311 7.89187 9.04904 19.3154 15.6455 23.3005 20.2717 35.1044 12.2837 9.41823 15.5157 11.4152 10.4699 10.2029 19.9646 11.396 9.08981 18.3652 9.07757 8.66658 21.646 8.48009 8.31412 8.29708 12.0905 9.54202 9.30288 8.63389
threshold=-1.0820540707687281 -1.0757296684093249 1.1204424666137938 76.500000000000014 -0.11671931538293333 -0.28474905080955121 11.500000000000002 0.69564699541770414 -0.75600407590612051 1.5000000000000002 1.0000000180025095e-35 -0.39133841922233298 -0.57392611015135275 38.500000000000007 -0.65647300019539923 -0.16258695113392244 0.39289473114330936 1.2018241487224093 -1.0169477848334239 -1.1534309523371864 -0.0072598243727183065 1.1262133749216245 -0.59630325743424006 11.500000000000002 -0.77143947473561203 0.680706270330522 -1.1159019371034191 -0.72295424290091281 -0.77982431144623054 0.50119351086060315
decision_type=2 2 2 2 2 2 2 2 2 2 2 2 2 2 2 2 2 2 2 2 2 2 2 2 2 2 2 2 2 2
left_child=-1 -2 3 4 5 11 7 10 24 -10 21 12 20 15 -13 16 -14 18 19 -17 -3 -6 -23 -15 -9 27 -27 -12 -28 -30
right_child=1 2 -4 -5 6 -7 -8 8 9 -11 25 14 13 23 -16 17 -18 -19 -20 -21 -22 22 -24 -25 -26 26 28 -29 29 -31
leaf_value=0.0091729855858315446 -0.063776920790640956 -0.042673097523020669 -0.034219950584434715 0.0043051453053216072 -0.04892239724606811 0.055810729628678418 -0.039219839960215337 0.40039294653244717 1.5429871478055612 0.27647067545956311 0.38642832324138404 0.20068777131742346 -0.029726477098332302 0.035760312688608041 -0.064351232163140065 -0.020504383348317425 -0.50955925168534111 0.1707524551724634 -0.010981136176727769 0.63628993540670431 0.30862983526962118 -0.69286020355988043 -0.03764870220036768 0.13578071306355163 -0.035739528442256356 0.43298157595473863 0.40175884276986529 -0.019238944192472362 -0.01176333427998378 0.10804889758605359
leaf_weight=513.67832325398922 27.431643721181899 66.588971287943423 76.650050741387531 1022.7407697311137 9.2376381801441294 53.68661882262677 188.32448752271011 0.62904859520494971 0.30403638677671441 0.78104691370390356 0.59056988218798778 1.5489675067365158 33.34668898768723 34.999981200322509 39.463454170152545 1.1545454235747454 0.8902752660214891 5.3356872713193289 20.496836383361369 0.67442444805056467 0.74375510960817237 0.78047951683402095 1.424446781631558 11.185682883020489 1.4324392951093616 0.85839939699508505 0.73544026678428309 31.883704946842048 13.713601569877939 10.71321262186393
leaf_count=6279 665 1748 3308 17765 417 468 10084 6 22 51 18 15 976 651 1531 47 12 85 553 23 17 12 64 131 53 30 22 1370 321 172
internal_value=0 -0.00341625 -0.002401 -0.000831815 -0.0107162 0.00211967 -0.0239796 0.0152919 0.281491 0.631344 0.00331523 -0.0111987 -0.00111204 0.0223617 -0.0543412 -0.00571045 -0.0422037 0.0394577 0.00807934 0.221686 -0.0387926 -0.091441 -0.269574 0.0599842 0.0973432 0.0218511 0.0639251 -0.0118616 0.0513349 0.0407844
internal_weight=0 1658.35 1630.92 1554.27 531.524 270.116 261.409 73.0841 3.14657 1.08508 69.9375 216.429 175.417 108.084 41.0124 61.8985 34.237 27.6615 22.3258 1.82897 67.3327 11.4426 2.20493 46.1857 2.06149 58.4949 26.0207 32.4743 25.1623 24.4268
internal_count=46916 40637 39972 36664 18899 6257 12642 2558 132 73 2426 5789 4243 2478 1546 1696 988 708 623 70 1765 493 76 782 59 1933 545 1388 515 493
is_linear=0
shrinkage=0.1


Tree=56
num_leaves=31
num_cat=0
split_feature=49 46 4 31 9 0 29 25 17 10 32 7 3 1 4 6 31 12 31 31 19 9 3 6 40 33 2 2 29 29
split_gain=5.67392 10.1382 6.82343 6.42832 8.74552 5.61837 5.55681 8.1827 9.30632 8.32311 6.82265 8.77452 21.2495 6.56467 6.42135 6.47159 6.67711 6.15199 10.2455 9.6331 11.0736 7.89563 7.49122 15.82 7.46788 9.06201 7.32061 7.19006 7.00398 8.56983
threshold=21.500000000000004 27.000000000000004 1.3107262010534855 -0.97993621704322875 -0.89716133802212228 4.624831357480633 0.27002138586136798 0.59396827375043759 -0.017424267359108962 1.6499944347207605 0.96207677162739336 1.9400898901270291 -0.77191609255756044 1.4553653928247847 -1.056441977214136 1.3947814230337527 1.0924868130817347 -1.0559327095080766 -0.94795445609364315 -0.93785596533113214 -0.61097539642465903 1.6142630585087636 -0.30804950274920823 -1.014765766989193 0.24500000000000002 -0.096730833734903973 -0.73889303703670028 -0.55569679791480553 -0.11292989637035346 -0.23939815152915453
decision_type=2 2 2 2 2 2 2 2 2 2 2 2 2 2 2 2 2 2 2 2 2 2 2 2 2 2 2 2 2 2
left_child=5 3 -3 4 -2 6 17 9 -9 13 11 -11 -13 -8 -10 16 -16 22 21 20 -20 -19 23 -1 -24 26 -26 -27 29 -28
right_child=1 2 -4 -5 -6 -7 7 8 14 10 -12 12 -14 -15 15 -17 -18 18 19 -21 -22 -23 24 -25 25 27 28 -29 -30 -31
leaf_value=-0.15018807318988636 0.30520124337865928 0.013974566708634751 0.25240219199271563 -0.083936552625724303 -0.021846350096504926 -0.072830230174990226 -0.0020342394701092907 0.23020606361908544 0.33155956073442072 0.052458044835382328 0.13507892835465596 0.040865824109334238 -0.43313858278815537 -0.063528753169685856 0.022863724242088424 -0.061541581048320707 0.22440202570168766 -0.059301230664651476 0.28687754408870697 -0.0027485005377797266 0.031867550292265054 0.088180298408958621 -0.017388502043964492 0.21256751535878898 0.29214194155340301 0.068102061282158052 0.045586815907083633 -0.12029736574118839 -0.069469464433330116 0.26719137968103351
leaf_weight=1.5621164590120313 0.974072572775185 4.3158928235061458 1.6627222299575803 25.331773514626548 5.0913796392269459 10.472713227383791 287.86451865243725 2.1640742607414714 0.66737974807619949 19.228327086195357 7.0640114611014715 3.115301413461566 1.3580553196370591 18.473682656884193 212.43930493155494 9.1307618343271297 1.6567124724388111 46.777577891014516 2.3905675113201141 1444.6449810180347 5.9192178323864919 3.9354415647685519 27.284729693550617 5.2178271785378447 2.0330245122313491 4.4530378170311451 4.5381938819773486 3.7161927130073291 2.2881817519664791 2.8353643557056785
leaf_count=19 32 61 10 1457 107 168 6707 29 8 349 142 50 21 195 3029 180 15 710 18 32959 68 49 270 67 19 41 52 31 31 22
internal_value=0 -0.0390684 0.0802841 -0.0617953 0.0306754 0.000234195 0.000595001 0.00910791 0.0238278 -0.000763066 0.0488194 0.0231107 -0.103036 -0.00574266 0.021833 0.020907 0.0244233 -0.00248291 -0.0036731 -0.00213095 0.105229 -0.0478563 0.0307024 0.128988 0.0165691 0.0632125 0.119664 -0.0176011 0.0833709 0.130801
internal_weight=0 37.3758 5.97862 31.3972 6.06545 2131.23 2120.76 563.162 226.058 337.104 30.7657 23.7017 4.47336 306.338 223.894 223.227 214.096 1557.6 1503.67 1452.95 8.30979 50.713 53.9287 6.77994 47.1487 19.864 11.6948 8.16923 9.66174 7.37356
internal_count=46916 1667 71 1596 139 45249 45081 10725 3261 7464 562 420 71 6902 3232 3224 3044 34356 33804 33045 86 759 552 86 466 196 124 72 105 74
is_linear=0
shrinkage=0.1


Tree=57
num_leaves=31
num_cat=0
split_feature=32 38 29 49 46 40 15 23 6 13 24 21 4 36 28 13 14 31 28 35 38 5 31 20 32 46 0 3 27 13
split_gain=5.38074 6.07962 8.57305 5.73475 8.21206 6.05056 10.8762 8.05636 8.95317 9.12755 9.2803 9.13244 9.00191 8.28831 8.02805 13.6199 23.1402 34.8096 11.5255 12.2718 7.5065 8.06896 8.16792 8.01982 7.47301 8.06036 10.2231 9.35813 9.13021 8.69282
threshold=2.5853594771023571 683.50000000000011 -0.66419053822684437 21.500000000000004 30.500000000000004 0.045000000000000005 1.4760741186913193 0.72248408430572308 -0.76514077609537645 -0.35379039769633314 -0.26900390894852083 -0.10460448187115567 1.7931554700223586 3.5000000000000004 -0.28273920114467993 -0.51412031987258799 0.23422062520993184 0.15595515143746466 -0.45732672989040851 1.9962979130127847 11.500000000000002 0.45883725680253262 -0.77489068524613003 0.21906077057699733 0.093025822929255986 12.500000000000002 -0.73585967906128202 2.4162783715756517 2.1796032400991083 0.68635903168515722
decision_type=2 2 2 2 2 2 2 2 2 2 2 2 2 2 2 2 2 2 2 2 2 2 2 2 2 2 2 2 2 2
left_child=3 2 -2 5 -5 6 24 8 13 11 -11 14 -13 -7 15 16 18 -18 19 -10 -15 23 -23 -22 -1 26 28 -28 -26 -30
right_child=1 -3 -4 4 -6 7 -8 -9 9 10 -12 12 -14 20 -16 -17 17 -19 -20 -21 21 22 -24 -25 25 -27 27 -29 29 -31
leaf_value=-0.10805214885736902 -0.10487545256567472 0.1378541098239365 0.048771277487798498 -0.061147784138950528 0.080333619564527781 0.046843712901969259 0.058287428310540762 0.013238834054897173 -0.039600491838501235 0.23427529736822389 -0.0026242209925489875 -0.04141415440841343 -0.256547633580614 -0.050297648749076967 -0.024890999629351575 -0.01208337228116328 1.058500365828126 -0.10219452756941701 0.012810020306102546 0.3300445201294322 0.03668739628278319 0.0044290515411433166 0.17053867322934893 0.24025193691545002 -0.054335371401852454 -0.061961491780401314 0.022346797249443742 -0.10653825387367506 0.10299543637748657 -0.073037743097715532
leaf_weight=9.7427392750978452 4.4497814849019113 5.401485899463295 19.74864409212023 29.587466946803033 4.7629696684889486 52.914280814118683 18.105774753727019 446.12026507686824 1.3198136901482929 1.6572274360805739 758.12480547348969 110.66299840994179 1.9797931592911471 23.363251444883645 76.988767362199724 28.058447846677154 0.59908803226426133 0.45433384599164128 9.8074312098324281 2.8109907051548362 5.9840798433870059 351.95951151289046 2.985314304009079 2.8604818917810917 57.15675480151549 34.688151498325169 83.261888785753399 6.0424109455198041 7.9309459445066732 4.3405418866313994
leaf_count=148 33 47 200 1604 50 682 198 8829 31 29 17743 5055 30 285 4186 640 14 36 306 42 43 4161 26 16 845 467 963 70 85 52
internal_value=0 0.0419295 0.0205176 -0.00100104 -0.0415302 -0.000338064 -0.0159789 0.00150412 -0.00215031 -0.00741459 -0.0021075 -0.024744 -0.0451953 0.00972198 -0.00555273 0.0290309 0.105981 0.5579 0.0718255 0.211941 0.00464834 0.00817708 0.00582614 0.102524 -0.0225974 -0.018293 -0.00875005 0.0136263 -0.0375324 0.0407308
internal_weight=0 29.5999 24.1984 2134.27 34.3504 2099.92 221.269 1878.65 1432.53 992.464 759.782 232.682 112.643 440.067 120.039 43.0501 14.9917 1.05342 13.9382 4.1308 387.153 363.789 354.945 8.84456 203.163 193.421 158.733 89.3043 69.4282 12.2715
internal_count=46916 280 233 46636 1654 44982 2828 42154 33325 28112 17772 10340 5085 5213 5255 1069 429 50 379 73 4531 4246 4187 59 2630 2482 2015 1033 982 137
is_linear=0
shrinkage=0.1


Tree=58
num_leaves=31
num_cat=0
split_feature=35 35 40 20 40 14 14 25 17 31 27 3 29 12 38 38 3 9 25 17 6 5 27 4 38 25 12 25 6 28
split_gain=5.23647 22.6813 16.8215 9.10881 8.0833 10.7671 10.9615 8.73636 8.57745 8.51399 8.30818 7.93248 11.127 9.18055 7.60546 6.97542 9.60328 8.99167 7.3432 16.2748 8.96272 8.43933 7.60559 7.22882 11.8303 6.84189 11.4008 10.3852 6.80285 6.6974
threshold=3.0240388752901493 2.0200906488538979 0.43500000000000005 -0.13680470027931116 0.24500000000000002 -0.4373663134019446 -0.62177546783308235 0.8127417533430219 0.0072268273156184887 -0.47403497824255086 -0.2302959956038492 0.52337176014714093 0.75175461450578707 -0.90436476477082406 50.500000000000007 926.50000000000011 -0.030919272819189558 0.60830392024930602 -0.88490253881589187 0.0073734699988529133 0.421932529154942 -1.0602530199036755 0.39586067155173082 0.061298251435152128 53.500000000000007 -0.10253249896255957 -0.21215159611431875 -0.073811266127575673 -0.91093414180513965 5.5126647840463852
decision_type=2 2 2 2 2 2 2 2 2 2 2 2 2 2 2 2 2 2 2 2 2 2 2 2 2 2 2 2 2 2
left_child=1 4 -2 29 -1 6 7 11 9 -8 -7 -6 13 -13 -9 16 17 18 19 20 23 -22 -23 -12 -25 26 -20 -27 -14 -3
right_child=2 3 -4 -5 5 10 8 14 -10 -11 15 12 28 -15 -16 -17 -18 -19 25 -21 21 22 -24 24 -26 27 -28 -29 -30 -31
leaf_value=-0.0013198339187406418 0.061419669585279724 -0.060542164680646375 0.0023294279185979315 -0.017911825525506127 0.00096762469826689986 -0.031552050523227536 0.14955632797656601 -0.023219977453091057 0.38366969647421434 -0.037094067134696908 -0.068423300240479976 0.15301274149505864 0.10697297221194513 -0.023024746950939583 0.17986562870174594 -0.070870408332877374 -0.045039089601498439 0.49371766901050745 0.29680040831038157 0.70031612620743999 -0.10172413021055481 0.54046422431663366 0.12884077032593286 0.42356699990545982 -0.068576321457891679 0.50604370017731592 -0.027106257269353142 0.079091203019335962 0.39298898582088715 0.31341286098798182
leaf_weight=1089.1413698408287 52.670052850153297 80.019637441961095 564.66519982879981 182.16876094625331 55.85854819137603 48.735028785187751 9.676907401531933 2.5653750915080291 1.1834758231416334 3.2695648442022494 2.8535920009017017 4.5514694415032872 1.7466167695820334 8.4858263260684907 6.5580257587134838 6.0224032071419051 8.915088970679788 0.5018114666454484 1.1829106258228463 0.50160142593085755 0.47940084710717235 1.0785352205857632 0.76889282045885909 0.99190796725451924 0.96230360958725214 0.65398953389376391 13.355249519925563 4.4209189377725133 1.5873599890619505 0.48180842772126098
leaf_count=20869 814 4855 11583 3044 1015 2505 146 39 16 97 189 49 18 141 68 140 339 19 34 12 47 47 14 19 27 31 538 138 23 40
internal_value=0 -0.00353116 0.00737091 -0.030291 0.00197726 0.0211901 0.0446757 0.030555 0.125975 0.102419 -0.00333842 0.0189085 0.0801223 0.038432 0.122761 0.0288714 0.0452539 0.0742607 0.0665362 0.149731 0.111022 0.272133 0.369148 0.0330496 0.181223 0.0341446 -0.000751297 0.134111 0.24315 -0.058304
internal_weight=0 1538.72 617.335 262.67 1276.05 186.907 95.4832 81.3532 14.1299 12.9465 91.4236 72.2298 16.3713 13.0373 9.1234 42.6886 36.6662 27.7511 27.2493 7.63623 7.13463 2.32683 1.84743 4.8078 1.95421 19.6131 14.5382 5.07491 3.33398 80.5014
internal_count=46916 34519 12397 7939 26580 5711 1612 1353 259 243 4099 1246 231 190 107 1594 1454 1115 1096 355 343 108 61 235 46 741 572 169 41 4895
is_linear=0
shrinkage=0.1


Tree=59
num_leaves=31
num_cat=0
split_feature=8 14 14 38 38 38 6 38 29 20 19 2 15 26 49 32 26 4 21 31 12 40 38 32 9 26 38 38 32 13
split_gain=4.99551 5.63121 11.7452 17.5199 9.45043 11.9097 16.7204 10.0197 9.58969 9.11422 9.07238 8.71033 13.7786 19.1499 11.0762 8.55387 8.29259 8.19861 14.2038 7.64965 7.55915 6.92654 14.3199 16.2838 28.0202 9.00675 11.8813 6.62733 6.60059 6.34987
threshold=3.5893107819103243 0.96514673372317672 0.90912708445312618 151.50000000000003 222.00000000000003 305.50000000000006 1.9341161732991252 332.50000000000006 0.43352447166684066 -0.51240177060464276 0.65919379072502571 -1.0425128886781736 0.35662834785211034 1.3309690408803923 1.5000000000000002 -0.89235181020191801 -0.81167722496658568 -0.41307605695917765 -1.2705647978191303 1.0924868130817347 1.2970036594604641 0.54500000000000015 1101.0000000000002 -0.83883632362720484 0.10130073086636306 -0.76256011354028963 1719.5000000000002 2375.5000000000005 -0.56687524194831884 -0.096127464909005991
decision_type=2 2 2 2 2 2 2 2 2 2 2 2 2 2 2 2 2 2 2 2 2 2 2 2 2 2 2 2 2 2
left_child=1 2 -1 10 17 6 15 -7 21 28 -4 14 16 -14 -10 -6 -13 29 -19 -20 -21 25 23 -23 -25 26 -9 -28 -5 -3
right_child=-2 4 3 9 5 7 -8 8 11 -11 -12 12 13 -15 -16 -17 -18 18 19 20 -22 22 -24 24 -26 -27 27 -29 -30 -31
leaf_value=0.0001547325536919318 0.063249228423545273 -0.078449410776727679 0.13446564253731835 -0.010741557860274238 -0.10491247091002186 -0.11603084785424052 -0.12396094264112872 -0.014825004372427411 0.20868180033709352 -0.067929955536876238 0.38937427591042834 0.25377023432768597 0.61913836318261195 0.053275135866688542 -0.036149556733710453 0.15405292747065302 -0.039248380225425206 0.46103037310016959 -0.042557839493353913 0.24097972628556907 -0.080698666132864763 -0.1042206170475396 -0.10593816914133887 0.67494128071951542 -0.01395843717225705 -0.049156968486267175 0.34050089728199667 0.086367131782435852 0.34732669637105951 -0.0048249336952332659
leaf_weight=1928.2581476222258 12.255342704942448 46.639194906922057 5.0084546809084705 0.99822128191590342 1.4240281954407716 8.528181641828267 3.2943044034764162 13.166984501294793 2.2679320629686144 6.3832338126376262 1.9358843765221534 1.3756560375913975 1.2285416927188637 1.1653582830913363 9.9749864405021054 12.228654568083583 3.2419660547748199 0.7093061706982543 9.829975226428358 2.19005772517994 1.09614438470453 1.0980928437784316 2.3316201749257743 1.2967428048141294 1.0839476743713019 51.197853070683777 1.5471762684173871 3.0471950955688953 1.063080335035919 15.64361949986778
leaf_count=38673 192 3885 69 31 44 261 81 281 36 88 21 25 25 22 203 143 56 14 262 35 30 39 91 36 24 1254 28 59 12 896
internal_value=0 -0.000778438 0.000849184 0.0878654 -0.0169512 0.000590246 0.0782497 -0.0122432 -0.00282939 -0.00889321 0.205527 0.0601038 0.148981 0.343674 0.00920408 0.127042 0.0480461 -0.0444935 0.0251688 0.001598 0.133681 -0.0190358 0.0858191 0.214343 0.36128 -0.0278707 0.033488 0.171948 0.173926 -0.0599571
internal_weight=0 2139.25 1943.65 15.3889 195.608 119.499 16.947 102.552 94.0241 8.44454 6.94434 19.2544 7.01152 2.3939 12.2429 13.6527 4.61762 76.1083 13.8255 13.1162 3.2862 74.7696 5.8104 3.47878 2.38069 68.9592 17.7614 4.59437 2.0613 62.2828
internal_count=46916 46724 38894 221 7830 2708 268 2440 2179 131 90 367 128 47 239 187 81 5122 341 327 65 1812 190 99 60 1622 368 87 43 4781
is_linear=0
shrinkage=0.1


Tree=60
num_leaves=31
num_cat=0
split_feature=0 38 25 7 26 14 38 6 1 42 6 29 24 15 20 35 31 28 22 20 7 32 40 28 38 49 40 34 38 28
split_gain=4.9154 5.24039 4.91413 7.17107 7.10328 5.4007 9.67946 12.7566 10.2519 6.71937 6.66238 7.24927 6.45005 7.26428 6.99022 6.3161 6.19224 9.25372 15.8834 23.7834 10.0651 8.46037 9.07118 8.1772 8.71241 7.81544 8.80467 9.18658 6.576 6.57098
threshold=4.624831357480633 1861.5000000000002 -1.324150177885733 2.8621797966203251 -1.2615127166493449 1.1914742872086881 222.00000000000003 1.1128016409265671 0.37308782953130187 0.84375000000000011 0.86584156618935293 -0.095260737056771336 -0.23502294265831325 -0.73289558099714702 0.019089870347177438 5.0144985668605804 0.50082505539339761 -0.23481253089059451 -0.23011966784708396 0.34278024922458755 0.6832352379135217 0.1615910647233906 0.44500000000000006 -0.47418626420253535 78.500000000000014 14.500000000000002 0.54500000000000015 1.0034597911762719 721.00000000000011 0.23730794531019619
decision_type=2 2 2 2 2 2 2 2 2 2 2 2 2 2 2 2 2 2 2 2 2 2 2 2 2 2 2 2 2 2
left_child=2 -2 3 4 -1 10 -7 -8 9 -9 12 -12 15 14 -14 16 -4 21 19 20 -19 -18 -23 24 -24 26 27 29 -26 -20
right_child=1 -3 5 -5 -6 6 7 8 -10 -11 11 -13 13 -15 -16 -17 17 18 25 -21 -22 22 23 -25 28 -27 -28 -29 -30 -31
leaf_value=0.23290928410562051 -0.09616028029665899 0.1209869173502256 0.0012605433219970289 0.39557669801045003 -0.051304120387219002 -0.058576532434691735 -0.074807597726181618 0.01444173778807244 0.10931266671420076 -0.10512694315336937 0.015938309301075392 0.18351224774015013 -0.035737380934940298 -0.028829614098945928 0.18734830535627678 0.13828695478451686 -0.090839145540929478 0.47985399969416531 0.086735233151663371 0.88562055706404519 -0.10453838743809052 0.0032695629249779191 0.0019011964934633196 -0.093121792776461265 0.33985848068244801 -0.11247422260416413 0.42270143020959727 0.27124313125785809 0.11759493781424582 -0.060354529104932747
leaf_weight=0.90447083138860662 9.0158571507781726 1.2676174892112602 1782.4391915472224 0.37640738859772582 31.682002058951184 42.274821065133438 17.787020592484623 48.928235279396176 10.885799886658786 5.1993976719677439 6.803992633940652 4.1598944840952736 2.5444236816838375 100.57018494606018 3.135396565310657 3.4301481707952908 7.3574102486018083 0.47690227674320584 9.5180047226604092 0.5980990845710038 0.77150137140415609 40.089414596557617 2.546524440869689 1.6127817556261996 2.6164599396288395 2.3103834548965088 0.73281424632296044 1.9548368803225464 2.7097542937844992 4.4604477968532583
leaf_count=31 166 11 34658 4 1844 3308 415 1299 111 143 138 46 77 2308 34 45 427 6 384 9 51 793 47 42 27 131 9 51 28 273
internal_value=0 -0.0693931 -9.02707e-05 -0.0384026 -0.0434155 0.000509414 -0.0196438 0.000233857 0.0207644 0.0029562 0.00178194 0.0795189 0.00134927 -0.0226157 0.0874113 0.00271558 0.00246559 0.0300896 0.0871324 0.367116 0.118705 0.00922621 0.0240769 0.112017 0.154041 0.0598887 0.083783 0.0681952 0.22678 0.0397997
internal_weight=0 10.2835 2138.88 32.9629 32.5865 2105.91 125.075 82.8005 65.0134 54.1276 1980.84 10.9639 1969.87 106.25 5.67982 1863.62 1860.19 77.7553 20.823 1.8465 1.2484 56.9323 49.5749 9.48552 7.87274 18.9765 16.6661 15.9333 5.32621 13.9785
internal_count=46916 177 46739 1879 1875 44860 5276 1968 1553 1442 39584 184 39400 2419 111 36981 36936 2278 914 66 57 1364 937 144 102 848 717 708 55 657
is_linear=0
shrinkage=0.1


Tree=61
num_leaves=31
num_cat=0
split_feature=38 38 38 38 3 14 1 3 12 46 38 1 40 40 49 34 38 23 8 36 12 27 28 31 6 25 23 20 21 4
split_gain=4.51536 12.0487 15.0975 11.0057 10.4883 8.63917 13.8575 10.6511 9.615 9.53314 11.0408 9.03616 11.7258 8.58822 8.56292 8.55929 17.102 10.5957 9.10714 8.53971 8.50674 8.42811 11.5515 8.29819 9.42265 10.5929 8.20536 10.1557 8.04566 13.365
threshold=32.500000000000007 40.500000000000007 47.500000000000007 29.500000000000004 -0.016723738863785451 0.64847873001183587 -1.4174470220797759 5.2078623947930671 -0.18554290303751975 13.500000000000002 28.500000000000004 1.2953408435872589 0.15500000000000003 0.24500000000000002 13.500000000000002 0.97142733839817097 42.500000000000007 0.71310815878753819 0.32327965510141149 3.5000000000000004 -0.27073042877208625 0.21778964477816534 -0.62864581836715072 -0.8188157421135166 -0.78129687964420169 1.8840739342749069 -0.012728310797995085 -0.33307360526535684 -0.069693177109210316 0.61775540831415432
decision_type=2 2 2 2 2 2 2 2 2 2 2 2 2 2 2 2 2 2 2 2 2 2 2 2 2 2 2 2 2 2
left_child=3 4 15 5 28 6 7 -1 20 10 11 26 23 21 19 16 17 -3 -18 -10 -7 -14 -23 -13 -25 -26 27 -8 29 -2
right_child=1 2 -4 -5 -6 8 9 -9 14 -11 -12 12 13 -15 -16 -17 18 -19 -20 -21 -22 22 -24 24 25 -27 -28 -29 -30 -31
leaf_value=0.55555286505078894 0.046651416744740846 -0.059049492926306103 0.0020125164040712073 -0.096480934164120652 0.0019078403694630414 0.059026156527641239 -0.038066610511276446 0.021324586403944999 0.093971163995358958 -0.079696673412093896 0.18455877631937062 0.040656616324029032 0.047911206493898927 0.031506177438961683 0.090731088266074164 -0.070972775843157351 0.028694171575596328 0.085954439246290079 0.2594495093597381 -0.051814394885598782 0.41384566654467642 0.12036914594427804 0.47657445250321234 -0.30511220766343355 -0.025216864125026453 -0.32620519488966593 -0.04415435546312757 0.010180466202978619 0.025837187000812764 0.1863144083516543
leaf_weight=0.75898549612611421 17.759384809061888 31.335429667495191 1520.8568752906285 14.109775848919524 53.820074803195894 1.4829436817672106 67.615567986853421 0.73421527305617929 5.4307628758251694 19.913040778366849 2.9351193048059931 10.237220466136934 4.3470934294164163 38.052045732736588 12.511452930513768 45.05955494986847 3.6818370670080176 6.0050076209008685 3.194063157774508 15.446044017560778 1.2412608000449825 2.502962708473206 1.4308598246425388 1.5871421694755579 14.499575158581136 1.2718371041119088 85.945754368323833 122.97910198289901 28.761914473492652 11.155944190919397
leaf_count=42 191 962 28147 1438 505 38 3080 17 67 826 35 184 81 605 294 2650 73 100 47 1083 24 41 19 13 220 17 3542 2058 364 153
internal_value=0 0.00186784 -0.000333569 -0.00964141 0.0336584 -0.00665962 -0.0111603 0.29287 0.0400529 -0.0123764 -0.00858311 -0.0102006 0.020855 0.0515905 0.0253139 -0.0403002 -0.00904278 -0.0357303 0.135887 -0.0138906 0.220697 0.143881 0.249933 -0.0307496 -0.0728615 -0.0494891 -0.0185029 -0.00693572 0.0632856 0.100535
internal_weight=0 1721.63 1610.13 425.033 111.497 410.923 374.811 1.4932 36.1125 373.317 353.404 350.469 73.9287 46.333 33.3883 89.2759 44.2163 37.3404 6.8759 20.8768 2.7242 8.28092 3.93382 27.5958 17.3586 15.7714 276.54 190.595 57.6772 28.9153
internal_count=46916 33192 31979 13724 1213 12286 10780 59 1506 10721 9895 9860 1180 746 1444 3832 1182 1062 120 1150 62 141 60 434 250 237 8680 5138 708 344
is_linear=0
shrinkage=0.1


Tree=62
num_leaves=31
num_cat=0
split_feature=32 3 1 1 34 20 19 15 20 38 34 38 40 40 9 19 40 21 4 19 19 40 0 0 34 14 32 33 19 38
split_gain=4.4822 5.45128 4.81751 7.53036 7.88716 9.08476 7.49352 9.90475 6.89223 5.63922 5.56951 7.56648 5.75434 6.87284 9.04316 8.26905 10.0005 6.34531 8.48672 6.15043 11.318 5.53894 19.5737 7.59727 8.56456 10.4812 11.5689 8.87328 9.05493 7.95252
threshold=2.5853594771023571 -0.06301308454200634 3.3891677703373975 2.2562619842223239 0.97142733839817097 4.4704041621761599 1.4290984143838419 -0.49310877440614725 4.4704041621761599 167.50000000000003 1.0123176846834674 328.50000000000006 0.055000000000000007 0.14500000000000005 1.7373990539461595 -0.69264065438538969 0.32500000000000007 -1.3450853348642637 0.55226009915368512 -0.46697912447544704 -0.34060058540201382 0.53500000000000014 -0.73585967906128202 -0.4387729268301353 0.012093260028074366 -0.30303953390969923 -0.81977139322905046 -0.54768204636080353 2.9456182737656893 24.500000000000004
decision_type=2 2 2 2 2 2 2 2 2 2 2 2 2 2 2 2 2 2 2 2 2 2 2 2 2 2 2 2 2 2
left_child=2 -2 3 8 -5 6 7 -6 10 -8 21 -12 -13 14 19 16 -15 18 -17 -14 -21 -1 -23 -24 25 -25 -27 -28 29 -29
right_child=1 -3 -4 4 5 -7 9 -9 -10 -11 11 12 13 15 -16 17 -18 -19 -20 20 -22 22 23 24 -26 26 27 28 -30 -31
leaf_value=-0.0030731576073578359 -0.028025801544193974 0.066659471538288217 -0.07123082729278539 0.062238770108049471 -0.075194779256592459 -0.15631069568308439 0.019300471837595687 0.044900903351602101 0.069824657277356719 0.24459873560554618 -0.075451756149433183 -0.10635431044070504 -0.092008109296025639 0.29272995014448444 0.38166755697975285 -0.062690366316561372 -0.10483210629968541 -0.057278529440805061 0.38795736270358361 0.45202880536008649 0.045891862446292342 0.15078566442130131 -0.044945866617745106 0.089499700816471184 -0.011244506679380531 -0.068469179758661777 0.25433667398955068 -0.12705093147943619 0.21804369534132781 0.030323106775635617
leaf_weight=1765.920096306596 8.6470967167988437 20.484886759892106 9.7056388854980451 38.30259317625314 11.838797640986742 3.4872885048389426 2.1791509846225372 16.35359735134989 13.360219435766338 2.2664539907127619 24.20665829651989 4.5866985432803622 2.0294784461148083 1.7311153882183163 0.96071717143058766 0.90055075474084023 0.99719076021574427 16.997664099559184 0.77971355710178614 0.82786283455789078 4.0086903246119645 10.042832183651624 24.074993497924879 25.896258380264044 67.717449031770229 13.41100502759218 1.8014342132955778 3.4895786293782285 2.3802248225547364 40.22006983589381
leaf_count=38290 88 192 159 923 127 18 26 151 147 19 1544 190 61 57 6 44 87 746 10 18 77 81 513 180 2039 334 24 160 41 564
internal_value=0 0.0385545 -0.00094003 -0.000615283 0.0306244 -0.00289533 0.0134967 -0.00553073 -0.00176272 0.134162 -0.00223785 -0.0327691 -0.00221867 0.0141204 0.0943087 -0.0151988 0.147422 -0.038953 0.146429 0.0541005 0.115409 -0.00133163 0.0149374 0.00731519 0.0154369 0.0361574 0.0136237 0.0366122 0.0281024 0.0177591
internal_weight=0 29.132 2110.47 2100.77 74.4279 36.1253 32.638 28.1924 2026.34 4.4456 2012.98 58.0263 33.8197 29.233 7.82675 21.4062 2.72831 18.6779 1.68026 6.86603 4.83655 1954.95 189.034 178.991 154.916 87.1986 61.3023 47.8913 46.0899 43.7096
internal_count=46916 280 46636 46477 1264 341 323 278 45213 45 45066 2840 1296 1106 162 944 144 800 54 156 95 42226 3936 3855 3342 1303 1123 789 765 724
is_linear=0
shrinkage=0.1


Tree=63
num_leaves=31
num_cat=0
split_feature=14 14 14 38 6 35 34 0 38 38 38 38 42 35 35 29 14 9 38 32 26 4 38 9 3 35 26 0 19 9
split_gain=4.18616 28.8669 17.8146 14.916 14.8377 13.4911 11.0191 15.6926 10.9843 10.036 9.86511 13.5073 11.5615 9.97596 15.6966 12.7684 13.5683 12.7165 12.4116 11.588 10.1305 9.12685 9.02215 20.3684 26.283 8.95532 8.8186 8.89358 8.72491 8.57497
threshold=-0.32960661103494088 -0.15639312149084744 -0.11671931538293333 90.500000000000014 -0.39239838326859328 4.0171422152457295 0.012402216627463996 -0.75312574474915539 11.500000000000002 602.50000000000011 106.50000000000001 129.50000000000003 0.34375000000000006 1.9946667160271057 0.018533986287556353 -0.46051662209853977 0.085202101374815639 1.3921722512112509 841.50000000000011 1.1639765753935574 1.0924270774806175 -0.88183436802500292 151.50000000000003 -0.023277805961433098 -0.45125082338736833 3.9974762024626025 0.71896466023143779 1.0637747006920708 -0.72295424290091281 1.9121042501160594
decision_type=2 2 2 2 2 2 2 2 2 2 2 2 2 2 2 2 2 2 2 2 2 2 2 2 2 2 2 2 2 2
left_child=4 -2 9 8 5 29 -7 -8 28 -3 12 -12 -5 14 19 16 20 -17 21 22 -16 -15 23 24 -13 -23 27 -27 -4 -1
right_child=1 2 3 10 -6 6 7 -9 -10 -11 11 13 -14 18 15 17 -18 -19 -20 -21 -22 25 -24 -25 -26 26 -28 -29 -30 -31
leaf_value=-0.0030085218470198879 -0.047564600973553535 0.034247791449460684 0.19227220347336721 0.11522486014163505 0.081199391491700801 0.075796262316337321 0.18289585342269349 -0.017498063908189376 -0.032505419684342084 0.1611428240634738 -0.059112689596190315 0.10526350828695515 -0.016733842044774641 -0.04594465636923032 0.13535931176581448 -0.019566558175984919 0.060987312315877763 0.10382585352729208 -0.032616735003820903 -0.052263538609168242 0.37519630572775303 -0.0051768319342125153 0.013703443912309522 -0.030832662875121188 1.2271653048502233 0.051483944300721375 -0.0079635080446823058 0.20659137621348936 0.0052585007797371344 0.048073675741932498
leaf_weight=906.84508832823485 137.44575005560182 83.659062258433551 2.582471123430877 17.250164045719433 24.391941925510764 43.279074978083372 4.3685395792126647 37.047743974253535 219.37536896439269 6.7343165236525229 32.278289797017351 0.47023909399285924 10.794184336205943 24.82976370700635 8.0671554990112764 32.517709540203214 46.572816017083824 11.238603634759782 100.6166662434116 32.443391536362469 2.2530085258185855 80.435895321890712 68.003758329898119 1.2610049745999266 0.37561414344236277 58.628611597698182 26.06648518005386 3.9454446984454981 73.378910119645298 34.097569465637207
leaf_count=15045 3814 792 93 337 246 432 25 464 12099 86 1223 26 311 718 108 597 745 120 1869 297 19 1595 1376 36 16 921 408 56 2678 364
internal_value=0 -0.00474806 0.00148746 -0.00298399 0.0041167 0.0022835 0.0405113 0.00363924 -0.0211572 0.0437015 0.00663382 0.0035754 0.0644344 0.00764082 0.024685 0.0527399 0.0839758 0.0121262 -0.00411866 -0.00284885 0.187718 0.0106688 0.0200176 0.223821 0.603461 0.0189828 0.0409062 0.0612638 0.0116164 -0.00115742
internal_weight=0 1081.22 943.779 853.386 1050.03 1025.64 84.6954 41.4163 295.337 90.3934 558.049 530.004 28.0443 497.726 203.203 100.649 56.893 43.7563 294.523 102.554 10.3202 193.906 70.1106 2.10686 0.845853 169.076 88.6405 62.5741 75.9614 940.943
internal_count=46916 30340 26526 25648 16576 16330 921 489 14870 878 10778 10130 648 8907 3340 1589 872 717 5567 1751 127 3698 1454 78 42 2980 1385 977 2771 15409
is_linear=0
shrinkage=0.1


Tree=64
num_leaves=31
num_cat=0
split_feature=0 5 29 29 9 36 17 19 19 4 19 5 38 29 40 32 31 14 1 38 38 13 27 15 29 12 29 35 38 15
split_gain=4.17113 5.48671 4.39198 7.86165 6.66701 11.671 6.87952 6.74917 10.6513 6.07287 5.50952 10.9953 5.49874 6.86871 9.27134 8.6233 6.34721 8.35988 14.2515 14.2675 7.20174 6.92787 9.26352 9.75402 9.53237 11.7338 9.14373 9.68873 8.04555 7.85387
threshold=4.624831357480633 1.0302800073654563 0.21521390359435094 0.15188824509523755 0.78268920649631857 4.5000000000000009 -0.011262315721013823 -0.29856710550505561 -0.33310512795462993 -1.0172610204825527 0.97458489282592586 1.4157329164566625 21.500000000000004 0.2744202508609605 0.055000000000000007 0.71790364300493159 -0.3193253212348231 2.0999307606170725 -0.36653613610505476 2136.5000000000005 278.50000000000006 3.7455190789070039 0.43454837905321986 -0.5038593458409365 1.6929543573966097 -0.77752624062327691 1.4665999530776717 0.98588470656564986 82.500000000000014 -0.58992214000205523
decision_type=2 2 2 2 2 2 2 2 2 2 2 2 2 2 2 2 2 2 2 2 2 2 2 2 2 2 2 2 2 2
left_child=2 -2 3 9 5 10 -7 8 -6 -1 -4 -12 -8 14 15 -14 20 -18 19 -19 21 22 23 24 25 29 -27 -28 -26 -15
right_child=1 -3 4 -5 7 6 12 -9 -10 -11 11 -13 13 16 -16 -17 17 18 -20 -21 -22 -23 -24 -25 28 26 27 -29 -30 -31
leaf_value=-0.088718332406982639 0.10670145682346321 -0.097624235754218774 -0.069509080710562637 -0.051123954594920334 0.043154044289335523 0.095523756715243463 -0.034871327641329129 0.013529230820611289 0.23149626644379617 -0.0013601118090284295 -0.030659783234773436 0.20021539637702779 0.35322965924678312 0.51505046891263051 0.029001435169303764 0.06576963666690594 -0.030509951848449419 -0.10370540611245167 0.58079017704448166 0.40402100021004705 -0.019567019518797097 0.15195170535865937 -0.040952681020390173 0.021439289503218065 -0.09407423394560771 -0.044288643386822098 -0.012335680817566544 0.29580008263292495 0.16259415201223143 0.18009031407246967
leaf_weight=8.0003722149413061 1.561448864173143 8.3001554778311384 33.39362030220218 33.062514165649191 28.745016743894666 8.3805372461210919 32.84570191684179 205.96807347447611 3.3528908975422373 1491.0965649610152 16.661096227820966 2.3542553074657908 1.9296439243480588 1.333738759160042 14.441729811485855 2.2725970926694572 62.571014601737261 1.9986371353734291 0.58344874950125714 0.76542720943689335 45.039272451540455 4.3038385929539791 19.047738966532052 79.995446832152084 3.3456298322416833 2.7716836938634506 1.5779240205883978 2.8881981014274061 1.9233582494780419 1.4731858493760217
leaf_count=402 64 113 472 656 326 191 1368 2823 36 34237 282 26 34 23 377 38 2531 80 19 15 699 44 345 1399 86 69 39 63 36 23
internal_value=0 -0.0652721 -8.45649e-05 -0.00289012 0.0073272 -0.00161956 0.00624171 0.0201761 0.0628279 -0.00182632 -0.0450424 -0.00207556 0.00357999 0.00866719 0.0670408 0.19777 0.00392752 -0.0222729 0.131692 0.0368947 0.0144779 0.0274001 0.0227126 0.0354362 0.108553 0.165695 0.0983876 0.186933 -0.000381622 0.33925
internal_weight=0 9.8616 2112.12 1532.16 579.964 341.898 289.489 238.066 32.0979 1499.1 52.409 19.0154 281.108 248.263 18.644 4.20224 229.619 65.9185 3.34751 2.76406 163.7 118.661 114.357 95.3092 15.3137 10.0447 7.23781 4.46612 5.26899 2.80692
internal_count=46916 177 46739 35295 11444 8259 7479 3185 362 34639 780 308 7288 5920 449 72 5471 2645 114 95 2826 2127 2083 1738 339 217 171 102 122 46
is_linear=0
shrinkage=0.1


Tree=65
num_leaves=31
num_cat=0
split_feature=25 7 26 19 15 4 32 29 32 34 10 26 1 0 12 26 0 22 1 4 42 34 38 2 38 28 6 40 0 9
split_gain=4.10044 5.14895 4.99982 5.29776 10.0119 4.01663 5.7444 5.13639 4.76613 5.75006 7.17361 7.11197 6.52286 5.95128 5.58035 4.72834 6.10297 9.54401 10.8954 5.85923 5.43317 5.19189 7.12096 5.69838 5.35938 7.40934 6.28822 5.7314 11.7001 7.13123
threshold=-1.324150177885733 2.8621797966203251 -1.2615127166493449 1.5725895495655242 -0.5039969046141578 2.4828781085810427 1.3426348129887133 5.1658264084769021 -1.3193836836537196 0.98632526037366697 2.195988829225513 1.0530011617926089 0.96856877525494445 0.89752783866328045 -1.2197228821871173 -1.1770572604484082 -0.25909881787723393 -0.047451393206088335 -0.27737383734467641 2.2989887961887345 0.21875000000000003 1.016068040693821 328.50000000000006 2.2431410606228068 2725.0000000000005 -0.067562558066522518 -0.78129687964420169 0.53500000000000014 -0.61846297161607688 1.438366478306347
decision_type=2 2 2 2 2 2 2 2 2 2 2 2 2 2 2 2 2 2 2 2 2 2 2 2 2 2 2 2 2 2
left_child=1 2 -1 -4 -5 7 8 15 -7 10 12 13 -10 -11 -14 16 19 18 -18 -2 -19 24 23 -23 27 -26 -27 -17 -29 -30
right_child=5 -3 3 4 -6 6 -8 -9 9 11 -12 -13 14 -15 -16 21 17 20 -20 -21 -22 22 -24 -25 25 26 -28 28 29 -31
leaf_value=0.16914970446043012 -0.024284290546793964 0.30271014896784182 -0.061617182101822904 -0.015878265362251964 0.45475621301740204 0.13312896399474547 0.075330047778766604 -0.12879318880848797 0.071917248856122704 -0.074499953903150895 0.078926561908386789 0.13623552593019952 -0.12251807063577186 0.11076774006319932 -0.0048032595425856403 0.0008940748862761509 0.16532435657716649 0.18573997370766099 0.015547515453010492 -0.20254216710451953 -0.088971180402183506 -0.097396515867554337 -0.0026608037310355478 0.23165919681359057 -0.049306505606985601 0.19010888466830941 0.0057392277857998726 0.13507268912745674 0.011511151817148827 0.17817613557442893
leaf_weight=1.0932958393823415 130.44472589367069 0.44223452545702358 27.438846413278956 2.0855567022226755 0.57708211895078321 2.9947959063574663 15.734877898357807 3.1309395621065041 9.4727245941758138 18.175860942341394 15.727061484009026 2.108287075534462 4.7601976636797145 1.9166873693466175 26.151754871010787 1550.4974968944443 6.068700808798897 0.7813175655901422 24.322123531019315 1.8703647237271059 9.1658881383482349 15.472547685028985 28.10472748754546 0.54480585036799389 43.268138688988984 2.1367069147527209 13.781847001984714 8.4732536096125823 150.44290721858852 2.6118641141802064
leaf_count=31 2850 4 1749 67 28 42 291 54 70 205 448 18 47 16 405 33237 116 6 434 24 291 1175 1092 17 514 16 270 69 3308 22
internal_value=0 -0.0361155 -0.0409189 -0.0485487 0.0861238 0.000157391 0.0200237 -0.000810844 0.00932062 0.004586 0.0216303 -0.0384927 -0.000682724 -0.0568267 -0.0229304 -0.000609281 -0.0164232 0.0176279 0.0454562 -0.0268041 -0.0673936 0.000894749 -0.032989 -0.0862042 0.00173882 -0.0278457 0.0304867 0.00276159 0.0206877 0.0143553
internal_weight=0 31.637 31.1948 30.1015 2.66264 2088.16 97.0422 1991.12 81.3074 78.3126 56.1117 22.2008 40.3847 20.0925 30.912 1987.99 172.653 40.338 30.3908 132.315 9.94721 1815.33 44.1221 16.0174 1771.21 59.1867 15.9186 1712.03 161.528 153.055
internal_count=46916 1879 1875 1844 95 45037 1542 43495 1251 1209 970 239 522 221 452 43441 3721 847 550 2874 297 39720 2284 1192 37436 800 286 36636 3399 3330
is_linear=0
shrinkage=0.1


Tree=66
num_leaves=31
num_cat=0
split_feature=28 21 7 25 38 38 32 38 8 13 1 3 4 24 24 16 25 27 29 38 20 26 11 1 28 20 10 26 27 22
split_gain=4.02546 7.59572 9.67355 13.8021 10.8303 18.0851 10.4209 7.34892 6.52612 5.91638 10.077 9.67386 7.9863 6.5672 7.4988 6.98935 6.43114 5.67992 5.64363 7.85755 6.96722 6.92186 5.6226 6.00621 6.564 11.3084 9.28505 12.3432 9.72533 11.2505
threshold=1.1694869649907251 -0.39270041079640033 -1.1503887180640058 -0.46929964055508439 33.500000000000007 146.50000000000003 -1.2627065247557456 492.50000000000006 3.5893107819103243 1.2084835752304428 0.0075623848150442067 1.1397545358880754 0.46710541608272504 -0.25720146908124064 -0.24716153189444426 -0.020617511972925291 -1.183156091945966 2.1796032400991083 3.3734828633051168 980.50000000000011 -0.50271830486210123 1.8563689855808154 -0.94383792784890719 3.3891677703373975 -0.2902062265489968 0.15578483170996874 -0.11568722818282745 0.62527175829956716 0.48011584334856222 0.059230917271636117
decision_type=2 2 2 2 2 2 2 2 2 2 2 2 2 2 2 2 2 2 2 2 2 2 2 2 2 2 2 2 2 2
left_child=8 2 3 4 -2 6 -6 -7 9 11 12 17 13 15 -15 -11 -16 22 19 -5 -21 -20 -1 24 25 26 28 -28 29 -24
right_child=1 -3 -4 18 5 7 -8 -9 -10 10 -12 -13 -14 14 16 -17 -18 -19 21 20 -22 -23 23 -25 -26 -27 27 -29 -30 -31
leaf_value=-0.018384473576843807 -0.10723730341465294 -0.10571417250738897 -0.046691368189211352 -0.040790197906348108 0.89221382248284353 -0.10547036145692786 0.34180646034441881 0.24120909582973027 0.078854733934199547 0.2462454816159029 0.11051432572927887 -0.084427422036363955 -0.055762416981113186 -0.067371315308729932 0.22504892373012986 0.015763676749124111 0.016977915989400901 0.020129744597637091 -0.038440282826261239 0.19512710911264156 -0.033231464160752434 0.26341951751204817 0.080401792944082395 -0.087234698993224391 -0.009251320616746047 -0.0028898467055534179 0.0031539878805710562 0.071033351674688258 0.018258702876517752 0.37035687648622651
leaf_weight=198.52678216586355 1.0540225428994734 9.5911684383172524 37.04639414313715 21.665719600161545 0.50147615931928147 1.1270434497855606 1.0952795923221854 1.3366209068335591 10.578817570116369 2.5413858997635534 10.700491080060599 14.038544666953383 16.485426187049598 10.73612461844459 1.498889801558106 2.7281074905768037 165.95770538342185 117.84731794102117 1.368828090373426 3.0139101198874414 2.3999430844560257 1.7069264361634848 30.317942156223584 7.9343748902901998 504.08166091004387 642.22056969534606 226.77248827251606 30.377111841691658 38.139125515008345 1.3999546887353052
leaf_count=6014 45 488 2045 455 28 43 32 24 137 29 88 227 167 157 34 29 2345 1263 24 43 27 21 1015 124 16538 7827 6024 549 1054 20
internal_value=0 -0.0220951 -0.0110049 0.0264792 0.178378 0.252519 0.514667 0.0826149 0.000516072 0.000106277 0.0159685 -0.00173808 0.0109087 0.0168996 0.0136461 0.126921 0.0188403 -0.00109232 0.000716708 -0.0138631 0.0938965 0.12908 -0.00258119 -0.000463122 4.17862e-06 0.00481784 0.0199552 0.0111726 0.0522849 0.0931997
internal_weight=0 81.9073 72.3162 35.2698 5.11444 4.06042 1.59676 2.46366 2032.88 2022.3 210.648 1811.66 199.948 183.462 178.193 5.26949 167.457 1797.62 30.1553 27.0796 5.41385 3.07575 1679.77 1481.24 1473.31 969.227 327.007 257.15 69.857 31.7179
internal_count=46916 3275 2787 742 172 127 60 67 43641 43504 2849 40655 2761 2594 2536 58 2379 40428 570 525 70 45 39165 33151 33027 16489 8662 6573 2089 1035
is_linear=0
shrinkage=0.1


Tree=67
num_leaves=31
num_cat=0
split_feature=28 34 29 27 35 49 20 42 33 28 35 38 6 25 28 10 3 19 35 38 1 20 1 5 34 8 2 25 3 14
split_gain=3.84096 7.49617 11.3173 13.8539 9.97374 5.90176 6.10048 7.35415 5.76736 5.48136 5.73554 5.25292 5.02223 4.85529 5.92437 8.22851 6.7634 9.75488 9.72507 4.43717 4.34254 5.63902 5.44313 5.67318 5.26211 5.04284 4.52373 4.74123 4.32586 12.4485
threshold=-0.62864581836715072 0.021943073552100175 -0.70887247345329951 2.0154124507440128 0.97934793357793493 11.500000000000002 4.4704041621761599 0.28125000000000006 2.3901294293292055 -0.64317805146759077 3.9998473654997615 147.50000000000003 -0.57392611015135275 0.30550629740743157 -0.64317805146759077 1.6499944347207605 -0.67447850002677223 0.44529884339151238 2.988208283989183 129.50000000000003 2.1885134006924498 4.4704041621761599 2.6709182027095868 3.1453268576482651 0.98898832352247534 -0.18445535946743344 1.8422683827093407 -1.3101848932412763 0.32500033185239469 -1.9068920694059075
decision_type=2 2 2 2 2 2 2 2 2 2 2 2 2 2 2 2 2 2 2 2 2 2 2 2 2 2 2 2 2 2
left_child=1 2 3 -1 -3 12 7 -7 13 -9 -11 -5 -6 14 15 -4 17 -17 -19 -14 21 28 23 24 -22 -23 27 -24 29 -2
right_child=20 4 8 11 5 6 -8 9 -10 10 -12 -13 19 -15 -16 16 -18 18 -20 -21 22 25 26 -25 -26 -27 -28 -29 -30 -31
leaf_value=0.034463684773208998 -0.087834981725059755 -0.080005276217247401 -0.088562387270842063 -0.093387662114356104 -0.029401669577305292 0.06246572791407632 -0.1077104398201064 -0.074357169826179834 0.24600100242483192 -0.049181329001176222 0.10594686580714351 -0.30109547940251358 0.020447370062795244 0.067889958132423461 0.06016084817963914 0.10751334301659675 0.076186466495634306 -0.026461593700764893 -0.41374771006393918 0.18116162897626725 0.084737815667114413 0.15724326078563663 -0.21280770583168149 0.22087968131128433 -0.0020990892606524147 0.0064750767402061028 -0.14261821683362633 0.017347726196542512 0.0042141311893765417 -0.0048343391586493567
leaf_weight=6.5780021306127292 18.331760189495981 15.990102528594432 9.1776389013975841 2.688048679381609 3.1066157147288322 14.68841419322416 5.2207857016474 11.978693036828185 1.4094433858990658 4.8373259208165162 4.6982167232781649 2.2257366850972176 2.7153452895581704 38.383460525423288 19.402822051197294 1.8130548354238243 10.371368600055575 1.5017054062336685 1.1410331707447765 4.6766155399382114 14.548453565686946 4.1688999347388744 0.94781625363976374 1.9178029317408789 13.411106322892008 4.7418663967400771 2.381265588104724 16.078170727007091 609.04752785409801 1264.7169434489915
leaf_count=98 304 147 93 29 20 105 32 121 13 59 46 19 26 593 273 32 266 29 15 32 356 51 16 26 153 42 26 277 9766 33851
internal_value=0 0.0144048 0.032588 -0.0604334 -0.0109486 0.0103183 -0.00665462 0.00791865 0.0454363 -0.0293223 0.0272512 -0.187471 0.0772872 0.0419801 0.0190691 -0.0141449 0.0319176 -0.0711231 -0.193677 0.122125 -0.00159234 -0.00235212 0.0277138 0.054498 0.0430856 0.0770119 -0.0135204 0.00453525 -0.00272588 -0.00602022
internal_weight=0 162.604 94.6923 11.4918 67.9121 51.922 41.4234 36.2026 83.2005 21.5142 9.53554 4.91379 10.4986 81.7911 43.4076 24.0048 14.8272 4.45579 2.64274 7.39196 1950.29 1901.01 49.2846 29.8774 27.9596 8.91077 19.4073 17.026 1892.1 1283.05
internal_count=46916 2048 1460 146 588 441 363 331 1314 226 105 48 78 1301 708 435 342 76 44 58 44868 44014 854 535 509 93 319 293 43921 34155
is_linear=0
shrinkage=0.1


Tree=68
num_leaves=31
num_cat=0
split_feature=29 9 2 20 21 2 31 25 17 9 3 20 38 7 25 5 28 22 27 15 15 40 40 35 25 22 9 4 36 28
split_gain=3.57839 3.51969 6.02362 8.37318 6.38351 10.5909 8.03551 7.39036 7.15101 8.4822 5.94727 6.87586 7.2539 7.42537 6.81675 6.30122 6.02966 8.04491 6.75797 6.54854 6.99247 6.49336 11.5766 7.06425 6.78634 6.68971 7.65607 5.62238 5.58915 5.89889
threshold=5.8118217257964462 1.4973996768058531 -0.51375135402742844 -0.042836313289873598 -1.2050289688062952 -0.1844942288166069 0.35831574916049463 2.0080458407117354 -0.0030970500221122084 1.5303348782786643 3.4584510349410333 0.36279374285405114 325.50000000000006 -0.75163926626906996 0.8127417533430219 -1.0000000180025095e-35 -0.50220059417034135 0.028388077910292294 0.94560581366968688 -0.050464579683306546 -0.07627168434620217 0.22500000000000003 0.42500000000000004 0.99070325277622573 0.56152506762270482 -0.60905689514556338 1.9121042501160594 -0.26194053968261755 2.5000000000000004 -0.24969144853244032
decision_type=2 2 2 2 2 2 2 2 2 2 2 2 2 2 2 2 2 2 2 2 2 2 2 2 2 2 2 2 2 2
left_child=1 -1 3 -3 5 -4 -7 10 -9 -10 11 12 14 -14 -6 -12 17 18 19 20 27 23 24 25 -23 -20 -27 -13 29 -18
right_child=-2 2 4 -5 7 6 -8 8 9 -11 15 16 13 -15 -16 -17 28 -19 21 -21 -22 22 -24 -25 -26 26 -28 -29 -30 -31
leaf_value=-0.0020631923837835888 -0.16307336927488567 0.12577352126880625 -0.052949156980031879 0.020315433695908894 -0.0026375658302279868 0.13086300636722376 -0.05176627283992076 -0.20413303096690338 0.14510420058646573 -0.054171768995006066 0.016684475816912698 0.20457559740499587 -0.081354440258639985 0.1294555268445276 0.15004653714429478 -0.15406748187676778 -0.015956654535247809 0.20283536147259254 -0.17671361484993264 -0.016553665417478592 0.22297374804359005 0.036076660318620807 0.037007722302683649 0.064813657770084909 -0.084171771644614701 -0.05753660219809148 0.067129799296702819 0.028527656953100517 -0.056290593924775159 0.15910631554755683
leaf_weight=1748.2679467855487 1.350073252338915 8.1069517154246551 6.8558820877224234 105.58711424982175 4.2350735869258669 12.662634996697305 2.975275643169879 2.8075371924787786 2.348778246901932 23.576919957064092 3.8721949593164027 2.1745074689388302 5.5165099482983351 2.3967843279242507 9.4460695739835483 4.8910268172621709 7.2946271952241659 2.1204235441982737 2.3340826816856888 8.9373863637447339 3.1808287650346783 5.6324871331453314 17.024920733645558 20.59157514385879 28.146109119057655 10.261093563865872 9.4748172946274263 10.944898002780972 30.267661931924522 2.6147095747292024
leaf_count=43410 25 60 62 1330 44 99 37 20 17 210 29 19 42 20 80 29 63 16 21 82 21 39 181 196 240 88 54 107 254 21
internal_value=0 -0.000217054 0.00884198 0.0278351 -5.96715e-05 0.0506824 0.0961159 -0.00524562 -0.0525349 -0.0361181 0.00185508 0.00571718 0.0587033 -0.0175042 0.102782 -0.0786175 -0.00138968 0.00976988 0.00632109 0.0522386 0.0899573 -0.00607765 -0.0302312 0.0226856 -0.0641207 -0.0166203 0.00231325 0.0577071 -0.0349495 0.030236
internal_weight=0 2104.55 356.279 113.694 242.585 22.4938 15.6379 220.091 28.7332 25.9257 191.358 182.595 21.5944 7.91329 13.6811 8.76322 161 120.823 118.703 25.2376 16.3002 93.4651 50.8035 42.6616 33.7786 22.07 19.7359 13.1194 40.177 9.90934
internal_count=46916 46891 3481 1390 2091 198 136 1893 247 227 1646 1588 186 62 124 58 1402 1064 1048 229 147 819 460 359 279 163 142 126 338 84
is_linear=0
shrinkage=0.1


Tree=69
num_leaves=31
num_cat=0
split_feature=4 32 38 49 9 26 20 29 40 34 34 42 9 30 16 0 15 19 19 19 1 32 32 22 27 4 49 27 7 14
split_gain=3.71019 7.23929 11.3385 12.6032 7.7211 8.07604 6.68825 6.24745 6.38975 6.69455 6.97244 5.92008 5.80075 6.66579 7.95635 5.74923 5.75708 7.69388 5.68685 5.5942 5.51561 8.66583 10.6994 9.22756 7.95517 7.63831 8.62156 10.4267 7.22708 8.9812
threshold=-0.61347073950042519 -0.75961342425339728 1676.5000000000002 1.5000000000000002 -1.7320593143864271 2.101218409600659 1.7074852337200037 -0.81221289258878071 0.54500000000000015 0.0090165000889355761 0.0018560415808156758 0.84375000000000011 1.4914074852884396 -0.098738115084695835 -0.022878340411110604 -1.0927326710266398 2.4059495830447082 -0.58438826583685721 -0.67215198165919732 0.16224612698316995 -0.81188202804613485 -0.78373030368008656 -0.83883632362720484 0.2365998342739816 -0.50260087548317312 -0.29348908619855246 4.5000000000000009 0.50523721300903357 -1.2600411677594499 -2.535449313321108
decision_type=2 2 2 2 2 2 2 2 2 2 2 2 2 2 2 2 2 2 2 2 2 2 2 2 2 2 2 2 2 2
left_child=1 2 -1 -4 -5 -6 7 11 12 10 18 -3 13 14 -9 -15 -17 -18 -10 -20 21 22 -2 24 -23 26 -25 -28 -22 -30
right_child=20 6 3 4 5 -7 -8 8 9 -11 -12 -13 -14 15 -16 16 17 -19 19 -21 28 23 -24 25 -26 -27 27 -29 29 -31
leaf_value=-0.055290776629904559 0.072153082217087258 0.031962253717776883 0.27661613600483126 0.24514873946971627 -0.097690240265667472 0.24932611153756865 -0.1239417400770479 0.0022227529101865595 -0.11343908992621561 -0.024506141070797665 0.27868460143596741 0.27142547819728435 0.018446824585904072 0.25603808516687743 0.42667873107189824 -0.019275243338848187 -0.022214282767167151 0.28040137335141457 0.12516388695060704 -0.039104909301765085 -0.10438732696579055 0.29846724500537763 0.38748496652783759 -0.038944635643342329 0.058905560802959771 0.073714943368322572 -0.033896986332045041 0.13991646137078925 0.066735285824833859 -1.7778202042178501e-05
leaf_weight=57.633634206955321 12.544866329524664 2.9766051236074409 2.15746161341667 1.0635483749210832 4.7751663918606937 0.78023482207208861 4.5041632745414963 1.0822700064163644 1.6047139763832081 8.3077372026164067 1.6907605882734049 1.5806309967301784 68.903824511449784 0.77243528980761667 0.74604224157519627 217.65439551440068 1.8977039004676046 1.507625885773449 8.9978189207613486 2.6937964893877497 6.5552185829728833 1.8387402445077894 1.1769809457473446 39.931161692831665 5.631758058210834 11.717456851154564 6.9248722647316736 6.8804150517098606 20.413124836981297 1596.5249332448002
leaf_count=4394 269 59 29 24 207 15 50 47 30 433 19 12 645 10 23 7821 25 27 143 63 75 23 21 638 96 139 172 96 173 31138
internal_value=0 -0.00908162 -0.0391665 0.06672 -0.00169614 -0.0489531 -0.00293263 -0.00123157 -0.00290883 0.0474965 0.0874094 0.115018 -0.00692224 -0.0147378 0.175422 -0.016305 -0.0172567 0.111761 0.0630869 0.0873157 0.00171212 0.0262949 0.0992004 0.0125766 0.11787 0.000559144 -0.0153928 0.0527299 0.000400131 0.00082495
internal_weight=0 391.331 66.41 8.77641 6.61895 5.5554 324.921 320.416 315.859 23.2948 14.9871 4.55724 292.564 223.66 1.82831 221.832 221.06 3.40533 13.2963 11.6916 1710.14 86.6463 13.7218 72.9244 7.4705 65.4539 53.7364 13.8053 1623.49 1616.94
internal_count=46916 14076 4669 275 246 222 9407 9357 9286 688 255 71 8598 7953 70 7883 7873 52 236 206 32840 1454 290 1164 119 1045 906 268 31386 31311
is_linear=0
shrinkage=0.1


Tree=70
num_leaves=31
num_cat=0
split_feature=46 38 5 38 27 46 9 40 40 0 7 38 25 28 3 19 20 28 17 28 19 22 5 1 25 19 20 29 40 34
split_gain=3.65872 8.27948 6.22242 4.99121 4.55779 4.46913 4.60503 4.67856 5.60955 5.97129 6.66259 5.28007 6.48559 9.90354 4.69144 4.53183 4.83454 3.9894 6.04852 5.2957 7.24298 5.4556 6.34004 6.72435 7.06799 6.86828 5.92231 5.08177 4.85348 6.51942
threshold=17.000000000000004 328.50000000000006 -0.44255233647607156 3749.5000000000005 -0.40994653813525578 32.500000000000007 1.9121042501160594 0.055000000000000007 0.15500000000000003 -0.75435100941228661 -0.8453704506706774 531.00000000000011 -0.083929852282554035 0.16091026002421152 -0.1092276641787155 -0.29856710550505561 1.9299693911570808 -0.62864581836715072 -0.016605409680855523 -0.64317805146759077 0.73294579460781273 -0.50526933583442724 -0.71756715993982767 1.1478581980228966 0.32926599678145119 0.66770768370400402 5.3902195895236487 0.43352447166684066 0.33500000000000008 0.97142733839817097
decision_type=2 2 2 2 2 2 2 2 2 2 2 2 2 2 2 2 2 2 2 2 2 2 2 2 2 2 2 2 2 2
left_child=3 -2 -3 17 -5 6 7 -4 9 -9 -11 12 13 14 -10 -12 -17 18 -1 20 21 22 -20 -24 25 -25 -26 -22 29 -21
right_child=1 2 5 4 -6 -7 -8 8 11 10 15 -13 -14 -15 -16 16 -18 -19 19 28 27 -23 23 24 26 -27 -28 -29 -30 -31
leaf_value=0.20643890206494087 -0.085209024620888987 -0.07678783733018521 -0.10701704665353758 -0.20915054419169243 -0.033836024206204261 0.17691109054176607 0.1555430335739241 -0.12217707679089258 -0.10202859557845552 -0.11411549602353394 0.25342471063974475 -0.064099688824843168 -0.059073016530016169 0.52325425495240596 0.23130668544464111 -0.05027414887601081 0.22711716787676639 -0.00057182408315848982 -0.1267316599575605 0.048360349033887536 0.10166963263396821 0.091184287742581152 -0.10643839605849255 -0.022087217051611884 0.060133760861931576 -0.20191383509711078 -0.080327699295845323 0.00427421923208628 0.076158287548030362 -0.033297954992106818
leaf_weight=1.656019678339361 16.428789828089066 8.1511858690064383 3.4971488001756468 2.0228324504569173 5.5559276472777119 1.7545683924108733 2.0663081593811503 1.1606027805246411 0.87794307619333278 0.99196668341755856 2.8908778717741366 9.134058158611877 2.0769760084804139 0.62821058742701996 0.81341697997413587 1.4414521441794965 1.1137811318039892 1887.3254703518469 5.6845680084079495 25.264962080866098 9.783717446029188 4.2358109625056377 7.1156938299536696 22.521076537668709 19.152049785479907 2.3450895743444553 3.559688842855393 11.840754393488167 20.648608206771314 15.949035272002218
leaf_count=18 1264 441 135 39 68 11 13 31 71 23 50 367 79 14 26 40 8 42318 54 326 177 33 61 343 245 34 44 217 249 117
internal_value=0 -0.0262323 0.000241892 0.000373394 -0.0806289 0.0223137 0.0121517 0.000120293 0.0178528 0.0866089 0.124247 -0.0207601 0.0692803 0.18421 0.0582806 0.167663 0.0706358 0.000674755 0.0163849 0.0142597 -0.00175597 -0.0185215 -0.0262179 -0.015771 -0.00221092 -0.0390464 0.0381188 0.0483395 0.0365862 0.0167601
internal_weight=0 53.0273 36.5985 2044.66 7.57876 28.4473 26.6927 24.6264 21.1293 7.59868 6.43808 13.5306 4.39655 2.31957 1.69136 5.44611 2.55523 2037.08 149.757 148.101 86.2384 64.614 60.3782 54.6936 47.5779 24.8662 22.7117 21.6245 61.8626 41.214
internal_count=46916 2573 1309 44343 107 868 857 844 709 152 121 557 190 111 97 98 48 44236 1918 1900 1208 814 781 727 666 377 289 394 692 443
is_linear=0
shrinkage=0.1


Tree=71
num_leaves=31
num_cat=0
split_feature=25 40 0 3 3 13 29 21 0 35 40 20 32 33 10 28 38 12 19 0 35 24 30 46 25 38 27 27 31 40
split_gain=3.38926 3.5447 6.93817 5.88732 5.96004 6.91126 6.46197 11.2455 5.82824 20.5116 11.0219 10.2327 8.97603 8.00376 7.48578 10.1565 8.9578 7.68293 7.11589 6.3605 9.4053 8.90306 9.94023 5.89662 10.8271 9.80901 7.61913 7.82808 6.80205 5.89262
threshold=-1.4851349743931894 0.045000000000000005 2.2170799931457243 -0.26158294592768816 2.4162783715756517 1.3952989666897826 -0.50040681388526465 -1.0089886610673839 -0.74840663617093517 4.9951840320108358 0.13500000000000004 0.89496187531363491 -0.44013096635172161 1.0000000180025095e-35 -1.1965813075064475 -0.2302026135493431 4.5000000000000009 -1.2769866981460287 0.12591839985373518 -0.75392650735976374 1.9934007713761501 -0.24058589389532256 -0.082889013722980492 3.5000000000000004 0.2689323433705012 3508.5000000000005 -0.8383170861090693 -0.88625057650016259 0.61459107802015422 0.13500000000000004
decision_type=2 2 2 2 2 2 2 2 2 2 2 2 2 2 2 2 2 2 2 2 2 2 2 2 2 2 2 2 2 2
left_child=-1 2 3 -2 5 -5 -7 -8 9 11 23 14 -11 18 15 -3 -17 -16 -13 -19 21 22 -21 25 -25 -10 27 -26 -28 -15
right_child=1 8 -4 4 -6 6 7 -9 10 12 -12 13 -14 29 17 16 -18 19 -20 20 -22 -23 -24 24 26 -27 28 -29 -30 -31
leaf_value=-0.059109154666385805 -0.04035139493740135 0.30450018015180652 0.074153640187661338 -0.0059431031536311589 -0.068627309049037868 -0.046569486589613907 -0.11404660054970824 0.15574931465388153 0.0065585913592737834 0.35339757215035583 -0.0053844727469924379 0.0388410916072277 0.099406772229038029 0.083046746615469264 -0.36990643284473573 0.35561090672534179 0.02411980449949621 -0.0052424258997957529 0.18994126102167386 -0.012904510802071556 -0.05564319317106653 -0.030949423999211065 0.38991612903483197 0.0016335516618000354 0.031965640487881607 -0.30125723528246717 0.10844637350132902 -0.20514578638398634 -0.0097011031875272602 0.012409482900009181
leaf_weight=9.7485578294144926 66.132606083527207 1.5275889197364474 8.9820531615987402 119.86369341122918 13.169541064184157 3.6636292806360862 1.8804888511076558 8.6577956224791688 94.357483463361859 1.5494434954598553 1199.5591998305172 6.4747842564247531 13.640013320837166 14.468836819753049 0.57250100374221702 0.84940282767638819 20.23755228635855 337.68916828196961 6.0094830174930394 0.85285801859572563 2.7269954255316406 1.3680843906477091 2.1745148585177949 42.776552771683782 9.578865858842617 1.0467293430119742 33.159216962056234 1.6291680959984649 5.7124070250429204 64.260123173706234
leaf_count=667 971 13 81 1504 175 59 19 87 1791 14 27778 73 163 175 8 34 493 9176 69 29 97 46 32 1874 208 9 426 29 98 718
internal_value=0 -8.07396e-06 -0.0119419 -0.0155662 -0.00443361 0.00187227 0.0678337 0.107606 0.00141683 0.0109854 -0.00185402 0.00720366 0.125316 0.0371872 -0.000228142 0.05551 0.0374726 -0.00387768 0.111575 -0.00326995 0.0902488 0.180762 0.276435 0.0206414 0.0385805 0.00318138 0.0701394 -0.00250021 0.0910839 0.0253912
internal_weight=0 2084.57 222.35 213.368 147.235 134.066 14.2019 10.5383 1862.22 474.401 1387.82 459.212 15.1895 91.2132 367.999 22.6145 21.087 345.384 12.4843 344.812 7.12245 4.39546 3.02737 188.26 92.8562 95.4042 50.0797 11.208 38.8716 78.729
internal_count=46916 46249 2896 2815 1844 1669 165 106 43353 11140 32213 10963 177 1035 9928 540 527 9388 142 9380 204 107 61 4435 2635 1800 761 237 524 893
is_linear=0
shrinkage=0.1


Tree=72
num_leaves=31
num_cat=0
split_feature=46 38 5 38 4 4 38 38 38 38 38 34 27 20 26 6 38 28 6 31 38 27 0 32 32 38 24 10 4 9
split_gain=3.486 7.06991 5.12533 4.16767 5.48788 7.45242 4.59016 25.4155 24.6051 13.3695 13.0064 16.7198 14.7205 11.8465 11.5326 11.3283 9.80699 9.73918 8.89538 8.18739 8.96111 8.0375 10.7164 7.90818 13.7626 7.278 13.3132 7.48385 6.97646 8.87226
threshold=17.000000000000004 328.50000000000006 -0.44255233647607156 2955.5000000000005 -0.97008885909856224 -0.99387867128881424 236.50000000000003 314.50000000000006 332.50000000000006 368.50000000000006 367.50000000000006 0.98933940956652189 2.2477466566599826 0.32842980943546191 -0.1590769179373224 1.1851951845064732 394.50000000000006 -0.61902633941240193 1.9341161732991252 -0.94795445609364315 1861.5000000000002 -1.2237516156310835 0.060480382911665992 0.15121278894054616 -0.43484897310734444 210.50000000000003 4.067631042371822 1.4438566508537451 0.41440699299388378 0.9045600297268207
decision_type=2 2 2 2 2 2 2 2 2 2 2 2 2 2 2 2 2 2 2 2 2 2 2 2 2 2 2 2 2 2
left_child=3 -2 -3 6 5 -5 15 18 -9 10 11 -10 23 14 -12 25 17 -11 21 20 -18 -8 -23 24 -13 -1 27 -27 29 -24
right_child=1 2 -4 4 -6 -7 7 8 9 16 13 12 -14 -15 -16 -17 19 -19 -20 -21 -22 22 28 -25 -26 26 -28 -29 -30 -31
leaf_value=0.00039861634316768141 -0.082978832193300919 -0.074289815268842527 0.017792657681379356 -0.040188646096471187 -0.035934120720877559 0.26700584326598004 -0.11196750955759921 -0.10244905938454932 -0.026682276965784364 0.12607032228832943 0.13242459066468881 0.29925866221905267 -0.065300166995931302 0.059688175102619583 0.47996583569620804 -0.065029478524425949 -0.055183772151469912 -0.066749704277890301 -0.12354226032839528 0.0071449722548648205 0.073079107906686619 0.03303172498628984 0.067215539509954167 0.31945679045862846 -0.11349893000280252 -0.082735397606252481 0.11535360088271081 0.048426256250413725 0.043523645370384556 0.17836197869945911
leaf_weight=1241.7936852076091 15.290291124721987 7.6815396123565725 28.365123387658969 1.7358859302476051 48.645054280292243 1.4488473110832263 2.9038503323681644 23.120301965624094 18.164545485284183 2.8437882978469124 1.9645507112145426 1.6977452440187337 2.5777183100581169 4.3236199952661991 1.857656342908738 28.199655567994341 39.434237764216959 33.212801638059318 2.9413601951673618 407.75711117498577 6.3200103379786006 74.524935029447079 13.930091316346081 3.5153606664389372 1.541075685992835 30.293331862892956 4.6929760864004484 5.079680446535348 16.8749028025195 14.825665000826119
leaf_count=30799 1264 441 868 39 664 16 64 489 246 37 28 49 17 47 17 2416 470 615 83 6102 72 906 192 31 20 504 54 84 162 120
internal_value=0 -0.0259996 -0.00183011 0.000385328 -0.0276082 0.0995649 0.00111648 0.0078201 -0.00148622 0.00295827 0.0620892 0.0292097 0.138004 0.173075 0.301335 -0.00233409 -0.00134666 -0.051542 0.0483194 0.00264413 -0.0374669 0.0524272 0.0564002 0.215594 0.102863 -0.000954855 -0.042904 -0.0639002 0.094566 0.12452
internal_weight=0 51.337 36.0467 2036.22 51.8298 3.18473 1984.39 674.331 548.331 525.21 35.6423 27.4964 9.3319 8.14583 3.82221 1310.06 489.568 36.0566 126.001 453.511 45.7542 123.059 120.156 6.75418 3.23882 1281.86 40.066 35.373 45.6307 28.7558
internal_count=46916 2573 1309 44343 719 55 43624 9767 8240 7751 455 363 117 92 45 33857 7296 652 1527 6644 542 1444 1380 100 69 31441 642 588 474 312
is_linear=0
shrinkage=0.1


Tree=73
num_leaves=31
num_cat=0
split_feature=0 38 38 38 21 14 1 38 46 26 40 20 27 27 38 0 26 8 32 5 7 3 1 2 32 19 1 40 42 5
split_gain=3.35911 3.23731 9.07074 8.69347 10.3813 8.01614 7.52974 7.3492 7.64999 6.74344 10.982 9.79902 9.94333 12.0225 8.68116 7.51235 9.35471 7.65845 10.9351 6.71963 8.92288 7.59854 12.4077 9.50592 7.85837 6.63121 6.6218 9.60554 6.64443 9.3201
threshold=6.3492328427342537 32.500000000000007 29.500000000000004 34.500000000000007 -1.2050289688062952 0.64847873001183587 -1.4174470220797759 28.500000000000004 13.500000000000002 -0.75931108276537373 0.03500000000000001 0.21906077057699733 -0.48166090375149057 -0.64765812412134871 14.500000000000002 1.5620191795100631 0.18573534217181489 -0.92254612086394594 -1.2123767731595996 1.3685131014352836 -0.39567867490655495 -0.12251682463189596 -0.51502230404680793 0.35097492207500219 0.4357846247069323 -0.64212680854328708 1.2953408435872589 0.15500000000000003 0.34375000000000006 -0.52005560689765595
decision_type=2 2 2 2 2 2 2 2 2 2 2 2 2 2 2 2 2 2 2 2 2 2 2 2 2 2 2 2 2 2
left_child=1 2 5 4 -3 6 -1 8 26 10 -7 14 13 -13 15 16 17 -11 -19 21 -21 22 -6 24 -24 -20 -8 -28 -29 -30
right_child=-2 3 -4 -5 19 9 7 -9 -10 11 -12 12 -14 -15 -16 -17 -18 18 25 20 -22 -23 23 -25 -26 -27 27 28 29 -31
leaf_value=0.18336859852532325 -0.14085767888825027 0.13691929669300201 -0.093972706825251259 0.00023412251703830626 0.26977042363966536 0.3957861491233951 -0.016874178631662049 0.11481158446081174 -0.08174788215580378 0.27555493126743319 -0.082342655083646313 0.12567856779249939 0.058428417603522381 0.46293301497777795 -0.11273717007094433 0.33402279227128406 -0.088421191515715689 0.48260875022604088 0.25033690644819823 0.019600266018505855 0.25179536574098654 -0.023598515768226788 0.0097868795532432985 -0.067806606090277804 0.14288065119027477 -0.06459632981371681 -0.029812913290171269 0.011162730561123126 0.39384424072323432 0.073231090209391364
leaf_weight=2.0022762948647133 1.6982267982093606 8.844358769245444 11.954869136796331 1599.7552349433536 2.3226461187005034 0.51836234331130882 266.04584072274156 4.5767208542674771 15.359840392717159 1.8675621389411379 6.5569496450480074 2.9760970361530781 7.4002884179353696 1.639192742295563 4.1961765892337999 0.88962142798118371 4.0756616418948397 0.50113722891546597 0.81119732838123892 4.0131300948560238 2.8165327180176964 30.854696663096551 10.277781398035591 7.3238424910232416 7.8053104765713206 3.8029703360516653 27.044207031838596 24.977963712066412 0.95185694098472851 19.107022344134748
leaf_count=59 27 70 1437 32473 23 6 8670 50 810 38 317 44 118 23 514 44 209 17 22 36 31 268 113 73 90 154 434 404 15 327
internal_value=0 -0.000158545 -0.00815456 0.00178673 0.0352348 -0.00555921 -0.0100139 -0.0110953 -0.0127254 0.0399628 -0.0473133 0.0618913 0.130269 0.24546 0.0110006 0.0544572 0.0319671 0.102234 0.0389552 0.0214865 0.115357 0.0105432 0.0485327 0.0283076 0.0672349 -0.00922925 -0.00959 0.0172954 0.0455834 0.0884452
internal_weight=0 2081.27 407.256 1674.01 74.2583 395.301 360.066 358.063 353.487 35.2352 7.07531 28.1599 12.0156 4.61529 16.1443 11.9482 11.0585 6.98287 5.1153 65.4139 6.82966 58.5843 27.7296 25.4069 18.0831 4.61417 338.127 72.0811 45.0368 20.0589
internal_count=46916 46889 13712 33177 704 12275 10769 10710 10660 1506 323 1183 185 67 998 484 440 231 193 634 67 567 299 276 203 176 9850 1180 746 342
is_linear=0
shrinkage=0.1


Tree=74
num_leaves=31
num_cat=0
split_feature=10 34 29 27 25 15 2 21 24 38 25 2 19 13 5 25 32 28 2 38 29 8 12 25 9 35 29 29 5 35
split_gain=3.208 7.98513 6.61105 9.08665 6.25756 10.2817 5.75849 9.79017 5.4466 5.26701 8.02071 8.73131 14.9709 7.56947 4.55483 4.49299 6.40466 6.8609 8.32351 6.2124 6.17407 8.28611 5.80022 5.22414 4.40155 5.77087 9.29718 10.3205 8.04605 7.16631
threshold=1.6470457508251397 0.97818403295510314 -0.70887247345329951 2.0154124507440128 0.50017562031887508 0.32953481886350822 1.3467715504948961 0.47542546563235527 -0.24521057644243735 14.500000000000002 1.8840739342749069 -0.26218433840646344 0.96745631830505607 -0.58331763048941421 -0.2313627665281294 1.7656044094593504 -1.1363881326095686 -0.5418919274189592 -0.68453673060836462 73.500000000000014 -0.186097655534504 0.84902093475517593 -0.8517581444012593 0.35611183505772454 -1.104322946260998 4.9941545521050594 -0.035450720027927929 0.036045597730771595 0.25010050337506734 2.0000007859605051
decision_type=2 2 2 2 2 2 2 2 2 2 2 2 2 2 2 2 2 2 2 2 2 2 2 2 2 2 2 2 2 2
left_child=24 2 3 4 5 6 7 -2 15 10 11 12 13 -4 -14 16 20 18 22 -17 21 -3 -18 -24 25 29 -27 -28 -29 -1
right_child=1 8 9 -5 -6 -7 -8 -9 -10 -11 -12 -13 14 -15 -16 19 17 -19 -20 -21 -22 -23 23 -25 -26 26 27 28 -30 -31
leaf_value=-0.010610553910297497 -0.27962719640168798 0.31644902770134686 -0.098821806628708694 -0.23461625368243821 0.10767793010635494 -0.33078301153451695 0.10816936947083496 0.035260077002332184 -0.079859980405378381 0.045376804077873298 -0.24815744932879752 0.10860931596732598 -0.07008408165629576 -0.39353547684902701 0.11141818935371602 -0.064036322600981646 -0.07238512004750508 -0.068355360935143425 -0.01989445963406743 0.096444766781518559 -0.033998956811266058 -0.022289594583996684 0.15610610971330799 0.015892926361821869 -0.00041822887890790921 -0.013168216977362266 0.48468405594633418 -0.097884474298947352 0.20700918242373653 -0.068104037116517274
leaf_weight=65.041057652095333 1.5467889560386519 1.9086793912574651 2.342394901439548 1.9975851345807303 3.5160031653940669 1.1377516016364095 2.6874577160924673 2.7300737146288157 9.8605561614967865 93.968660433776677 1.3648659661412228 5.2791355550289163 2.1525444649159908 1.3878476228564975 3.8656320665031672 3.2726525571197262 2.382280880585312 19.637793109752245 48.134816098958254 9.1744681037962419 2.1069767051376393 1.1616413788869975 6.5999667095020325 4.4482182757928967 1733.6831223942572 11.001468664384445 0.79558737110346456 1.4276841704268011 2.1982098775915802 32.51966045005247
leaf_count=3795 27 23 30 25 66 19 44 45 116 2111 15 80 29 20 67 24 22 275 493 52 32 28 55 34 36117 558 17 103 38 2556
internal_value=0 0.0107955 0.0281414 -0.0376023 -0.00372816 -0.0520743 -0.00654207 -0.0786234 -0.00899038 0.0362524 -0.0160527 0.00502803 -0.0510651 -0.208471 0.0464996 -0.00191933 -0.0100132 -0.0168887 -0.000472141 0.0542504 0.0978256 0.188289 0.0691375 0.0996535 -0.00166455 -0.0207889 0.0360528 0.158524 0.0869583 -0.0297747
internal_weight=0 232.665 123.977 13.6157 11.6181 8.10207 6.96432 4.27686 108.688 110.361 16.3924 15.0276 9.74842 3.73024 6.01818 98.8275 86.3804 81.2031 61.5653 12.4471 5.1773 3.07032 13.4305 11.0482 1846.67 112.984 15.423 4.42148 3.62589 97.5607
internal_count=46916 3732 2578 226 201 135 116 72 1154 2352 241 226 146 50 96 1038 962 879 604 76 83 51 111 89 43184 7067 716 158 141 6351
is_linear=0
shrinkage=0.1


Tree=75
num_leaves=31
num_cat=0
split_feature=28 21 7 3 7 8 40 10 29 32 38 4 13 3 1 4 7 27 6 32 32 5 20 25 2 28 35 9 5 19
split_gain=3.05185 6.81592 6.97718 13.5381 4.89542 4.69266 4.31364 5.23146 5.43797 6.29747 5.14282 4.88448 3.98913 8.57744 8.07393 5.60511 5.22852 5.10083 12.1261 5.22796 6.51773 22.0104 6.87171 5.67345 7.19262 6.16519 5.62695 7.28585 4.9165 4.65589
threshold=1.1694869649907251 -0.39270041079640033 -1.1503887180640058 0.54159516698506283 0.86058378372507505 3.5893107819103243 0.25500000000000006 -1.0935672829832033 2.8969306051582975 -0.58831204340530141 980.50000000000011 -0.92593500207225243 1.2084835752304428 1.1397545358880754 0.0075623848150442067 0.46710541608272504 -1.1055744144951296 -0.042813812715071849 0.21859926594000001 0.57200803898403574 0.64672442092042448 1.0011590540443525 -0.50271830486210123 0.43152001386292782 0.0018881910499316749 -0.44310235999816133 0.97934793357793493 0.36182437688234553 -0.24406214148437111 -0.7432475357023155
decision_type=2 2 2 2 2 2 2 2 2 2 2 2 2 2 2 2 2 2 2 2 2 2 2 2 2 2 2 2 2 2
left_child=5 2 3 -2 -4 12 10 8 9 -8 -5 -11 13 -1 15 17 -17 18 -14 -19 21 28 26 -24 -25 -26 -22 -28 -21 -29
right_child=1 -3 4 6 -6 -7 7 -9 -10 11 -12 -13 14 -15 -16 16 -18 19 -20 20 22 -23 23 24 25 -27 27 29 -30 -31
leaf_value=-0.00076144068988776925 0.382081290117953 -0.10390934403701263 -0.048075576345227633 -0.053313284806280073 0.18081002891113507 0.067410212311470527 -0.081836712036048934 0.16377843073986786 0.20860785368374013 -0.038739010499198569 0.066723477801515968 0.14033183229766008 0.031993670216061317 -0.08104289456608206 0.10063235089291805 -0.079555640830820035 0.05920274145299384 -0.042297008715316407 0.33082203090513168 0.14532808912465764 -0.05827655914407185 0.47907304889524749 -0.025004582976876355 0.058855813132704639 0.10981494668188883 -0.042156904372226939 0.22036425486127917 0.13505514731071697 -0.11011752023918275 -0.11341052481032957
leaf_weight=1761.0184886623174 1.0126063530333329 8.543752958183175 33.123799795750529 13.630825691623615 0.96156979887746175 10.434368317481129 5.3068911393638691 3.1819798469077805 1.3762532486580319 2.6006693441886455 4.8353413632139555 3.6767569752410045 51.720506573561579 13.409783356124533 10.060704425908623 12.17183833196759 3.4953934894874683 21.254170631058514 1.3945402996614564 1.2300013238564134 1.9887000964954475 1.2872478626668451 48.533594415057451 26.0548344142735 3.1337780402973321 18.015736717265099 4.0212712730281055 1.5586035908199845 1.9447458309587082 1.4612235543318095
leaf_count=40428 26 488 2005 297 40 137 182 31 26 68 51 61 703 227 88 134 33 465 21 22 50 14 700 264 28 157 61 25 47 37
internal_value=0 -0.0196086 -0.00927605 0.0216719 -0.0416186 0.000523873 0.0111268 0.0488868 0.0206794 -0.00164704 -0.0218818 0.0661447 0.000172057 -0.00136815 0.0132281 0.00881518 -0.0485983 0.0137145 0.0398394 0.00308003 0.0119096 0.130276 0.00686846 -0.000996845 0.0236869 -0.0196388 0.0902599 0.132213 -0.0111495 0.0148284
internal_weight=0 78.2504 69.7067 35.6213 34.0854 1994.19 34.6087 16.1426 12.9606 11.5843 18.4662 6.27743 1983.76 1774.43 209.327 199.266 15.6672 183.599 53.115 130.484 109.23 4.462 104.768 95.7379 47.2043 21.1495 9.0298 7.0411 3.17475 3.01983
internal_count=46916 3275 2787 742 2045 43641 716 368 337 311 348 129 43504 40655 2849 2761 167 2594 724 1870 1405 83 1322 1149 449 185 173 123 69 62
is_linear=0
shrinkage=0.1


Tree=76
num_leaves=31
num_cat=0
split_feature=40 15 32 32 42 4 12 32 5 27 29 19 22 1 33 3 5 14 9 3 1 1 17 4 19 2 31 41 21 38
split_gain=2.9513 5.54352 6.58574 5.74318 9.41521 7.69019 8.41228 8.13373 7.54053 6.75332 6.72722 6.5631 8.3492 10.2964 6.11807 5.82245 5.72479 6.28334 5.56094 7.737 6.05922 14.6786 7.98836 5.39021 6.16741 5.14087 7.27772 9.86432 5.30977 4.92021
threshold=0.045000000000000005 1.4760741186913193 0.093025822929255986 1.1189073995400343 0.21875000000000003 1.153508363472705 -0.94399792062140808 1.0803721913219271 -0.34168195736186241 1.1446529261434126 1.7241251945504763 -0.24146955464278261 -0.43702996068137329 0.65537088716976266 0.1386988821100357 -0.30633324431780001 0.43166943186206763 -1.2780288733077572 1.7471706349081091 0.011331734414470567 -0.48118328021931883 -0.43354166431426261 -0.010864136655520492 -0.45635775817268681 -0.19743939286542986 -0.35172785622153463 0.28994121555989838 0.35000000000000003 -1.1223857790579979 107.50000000000001
decision_type=2 2 2 2 2 2 2 2 2 2 2 2 2 2 2 2 2 2 2 2 2 2 2 2 2 2 2 2 2 2
left_child=1 2 -1 4 8 6 -6 11 -4 16 18 25 13 -13 -9 -7 -5 -18 20 -20 -11 -22 -23 -3 -25 29 28 -28 -27 -8
right_child=-2 23 3 9 5 15 7 14 -10 10 -12 12 -14 -15 -16 -17 17 -19 19 -21 21 22 -24 24 -26 26 27 -29 -30 -31
leaf_value=-0.1003590487104264 0.0010651135358050686 -0.061614305780292714 0.047244562180394377 -0.073147170442182607 0.25475469227501107 0.051281013495998506 0.056308230756600901 0.33654519793972343 -0.12130060867526915 -0.084756622565388073 0.15728596057799124 0.32071500853117829 -0.064512890146719695 0.0095443430923343522 0.041314054625317828 -0.13952794978732014 -0.057350469177719736 0.082447683573809258 -0.036325054642060046 0.080364301060158239 0.29454066803441137 0.20368155090702766 -0.031274818020160119 0.13192619716538739 0.00083877181845540662 0.17658295892123355 0.41288284963879862 0.017366075132667743 -0.014551965494990977 0.24804089755556694
leaf_weight=8.8481445135548693 1849.773560660542 3.9812129768542972 3.9079261925071469 37.037787423236296 1.8350425362586964 2.5450491327792406 2.8241959130391434 1.522520357742905 8.2753721531480533 14.343281721230595 2.4459168938919893 1.3513276698067809 12.773665869608527 4.9904507296159863 1.3023387533612547 4.3032017862424246 7.3442702814936638 5.7183108739554864 10.073662685230376 13.034058383665977 1.5350797604769457 1.5112755689769972 34.049885501619428 7.5792458076030025 6.8173228716477725 1.640419628471135 1.1196245853789142 1.4436372686177492 12.751004187855871 2.5440881261602044
leaf_count=148 44020 72 29 575 18 41 52 27 67 234 24 20 229 68 25 47 83 51 79 86 18 16 459 55 71 21 18 60 180 23
internal_value=0 -0.0112003 -0.0160054 -0.0121225 0.0120234 0.0302619 0.0449511 0.0362531 -0.0672379 -0.0244963 -0.00590149 0.0250608 -0.0179459 0.0758496 0.200435 -0.0686167 -0.0530724 0.00384795 -0.0112557 0.0294943 -0.0295615 -0.00822028 -0.0212897 0.0413717 0.0698513 0.0618881 0.0348849 0.190127 0.00723472 0.147172
internal_weight=0 219.449 201.072 192.223 65.1299 52.9466 46.0983 44.2633 12.1833 127.094 76.9932 41.4384 19.1154 6.34178 2.82486 6.84825 50.1004 13.0626 74.5472 23.1077 51.4395 37.0962 35.5612 18.3778 14.3966 22.323 16.9547 2.56326 14.3914 5.36828
internal_count=46916 2896 2698 2550 925 829 741 723 96 1625 916 671 317 88 52 88 709 134 892 165 727 493 475 198 126 354 279 78 201 75
is_linear=0
shrinkage=0.1


Tree=77
num_leaves=31
num_cat=0
split_feature=29 19 21 21 49 11 34 24 34 18 23 32 38 38 29 49 46 38 36 31 28 15 40 0 38 28 8 15 17 10
split_gain=2.93726 2.83572 3.2028 4.05601 3.02244 2.82459 4.03592 5.30069 3.85378 3.24084 3.21038 3.0061 4.04574 4.79465 6.00945 3.24317 5.02972 4.52699 3.80124 3.96138 6.7489 4.64751 3.3736 5.93864 8.61647 6.35339 4.8894 4.88406 5.74607 4.75559
threshold=5.8118217257964462 -0.80076912926925792 -0.92108399832960419 -1.0027422867257725 3.5000000000000004 -0.95348937734767392 0.011632452404781784 -0.26408375412164226 0.98898832352247534 0.98639813039222735 -3.1625100533737798 2.5853594771023571 683.50000000000011 23.500000000000004 -0.66207877637753287 21.500000000000004 30.500000000000004 2229.5000000000005 2.5000000000000004 -0.97993621704322875 0.16091026002421152 -0.74057206887609783 0.045000000000000005 -0.58888596849479313 767.50000000000011 -0.46804176686873261 0.072710513343276786 -0.48236071918745049 -0.016979751861597888 -0.33127743279824101
decision_type=2 2 2 2 2 2 2 2 2 2 2 2 2 2 2 2 2 2 2 2 2 2 2 2 2 2 2 2 2 2
left_child=1 2 3 4 -1 6 -3 -8 -9 -10 -7 15 13 -13 -15 22 18 -18 -17 20 21 -20 23 27 29 26 -26 28 -12 -25
right_child=-2 5 -4 -5 -6 10 7 8 9 -11 11 12 -14 14 -16 16 17 -19 19 -21 -22 -23 -24 24 25 -27 -28 -29 -30 -31
leaf_value=0.075135756964629014 -0.15738854790484855 -0.081758687459339535 -0.095510059748672785 0.18659577792510348 -0.10480827019394806 0.14770672569850427 0.33903275672377259 0.076798762846128604 -0.10835577831613373 0.060598088507668561 0.20950429561195644 0.1197357113609854 0.11475230015990563 -0.12342368366432688 0.022115236110663565 0.1016329580096717 -0.039610823594882272 0.16102340771590137 0.24677224866791792 -0.085739150994250557 0.22880295638864223 -0.092038449571970202 0.0018245571055937567 0.043099605628502458 -0.061111688485023269 -0.095619862264956723 0.08465282616243873 -0.20629769514778795 -0.033807884335920399 -0.0016006872905341462
leaf_weight=1.5185100985690954 1.1886444978881616 10.067170233465733 6.5560963994357717 1.0393455410376189 2.4226389722898602 1.4802828684914846 0.46399796288460393 3.3535943583119643 3.9018757173325866 1.6012406055815516 0.9839553558267643 3.6494218595326009 4.9989206669852129 3.5102023631334367 14.795618526637549 1.4960011597722829 2.2017899784259489 2.2987108137458563 0.46343734068796028 17.056822255253788 1.1460712384432552 3.2031480912119217 1773.9896621805383 35.24222858203575 4.6576477140188235 14.288938976824282 4.5483978632837534 1.6156894885934878 71.545098626054823 73.307829592376947
leaf_count=22 25 212 154 19 57 23 6 73 139 25 8 44 46 26 157 19 30 19 4 1424 19 110 41478 530 43 149 35 28 1127 865
internal_value=0 -0.000146095 -0.049586 0.0108662 -0.0354765 0.00013134 -0.0378574 0.00955976 -0.00770114 -0.0591953 0.000493004 0.000385919 0.0335596 0.0150731 -0.00579234 -5.93741e-05 -0.033937 0.0628667 -0.0525827 -0.0631319 0.0169917 -0.0492145 0.000417367 -0.0116896 0.00102749 -0.0538799 0.0109057 -0.0343377 -0.030507 0.0129119
internal_weight=0 2067.4 11.5366 4.98049 3.94115 2055.87 19.3879 9.32071 8.85671 5.50312 2036.48 2035 26.9542 21.9552 18.3058 2008.05 27.866 4.5005 23.3655 21.8695 4.81266 3.66659 1980.18 206.19 132.045 23.495 9.20605 74.1447 72.5291 108.55
internal_count=46916 46891 252 98 79 46639 455 243 237 164 46184 46161 273 227 183 45888 1625 49 1576 1557 133 114 44263 2785 1622 227 78 1163 1135 1395
is_linear=0
shrinkage=0.1


Tree=78
num_leaves=31
num_cat=0
split_feature=10 7 1 34 25 38 10 2 15 3 38 40 13 19 21 2 28 27 28 5 15 20 25 38 2 4 26 1 19 32
split_gain=2.83296 7.45778 7.01904 6.13242 6.54194 6.25559 6.55729 5.84932 5.51269 5.44114 6.96508 7.35537 6.80677 6.37842 8.18937 5.7019 8.44192 4.4577 9.26619 11.783 6.49151 6.39321 6.35623 6.68137 6.96389 6.80251 6.23734 5.0334 4.76876 4.45195
threshold=1.6470457508251397 1.4022413871408133 1.5741039265518844 0.014776764481854257 1.21881917613757 1719.5000000000002 2.193164366837455 -0.77409733053292873 -0.43995359120640992 -0.52049303347569487 21.500000000000004 0.045000000000000005 -0.4531526693097821 -0.48034188899561869 0.16737880264326294 0.31591550116421002 -0.61102217181294904 0.55611883545162499 -0.62864581836715072 -0.60102710487949251 -0.07338623417304263 0.40021871703437389 0.45479898364075372 290.50000000000006 1.6894245486866424 0.61775540831415432 -0.17273514148864944 2.9986768923214764 0.44529884339151238 -1.3193836836537196
decision_type=2 2 2 2 2 2 2 2 2 2 2 2 2 2 2 2 2 2 2 2 2 2 2 2 2 2 2 2 2 2
left_child=-1 2 -2 5 29 9 8 -6 -7 -4 12 15 -11 14 -13 16 -12 20 21 -20 27 28 23 24 -22 -25 -24 -3 -19 -5
right_child=1 17 3 4 7 6 -8 -9 -10 10 11 13 -14 -15 -16 -17 -18 18 19 -21 22 -23 26 25 -26 -27 -28 -29 -30 -31
leaf_value=-0.0015321084618258941 0.1222766023758855 0.063337165990365901 0.076246894596353865 0.12450812804255745 0.19174115095014554 0.027270048344269129 0.10444786433243421 0.018688276386395052 -0.23382535300716689 -0.23640447523206254 0.10525728003627609 0.10570755830434525 0.044799858008992589 0.072509718683093041 -0.26314802371534451 -0.30911980424206315 -0.23692042996891211 -0.019510593172766728 -0.048356288910570533 -0.36569173077819817 0.010393222099433422 -0.00033540732813161652 -0.21333599741244824 -0.30835675365462489 -0.25727046581528717 -0.04664594945178499 0.0177373728465967 -0.10666647284468261 -0.23650459170751081 -0.029185110783657844
leaf_weight=1838.0692185276421 7.1609807335771611 20.470535416156057 33.370577955152839 1.975852399598806 2.7834744788706303 1.2473083864897492 1.5520094316452739 6.5481116361916047 2.2994333393871775 1.9858493600040676 1.8881947882473473 1.0893949149176543 1.5193850360810781 21.947800226509568 1.3451468814164398 0.92220860719680775 1.1663870355114367 1.9054418988525892 3.2093677837401628 1.8414644524455059 6.9858689690008742 26.928079089149833 1.2210590802133108 2.1063123270869251 1.1291212253272531 1.8793157674372194 26.960357251577079 1.9035329977050413 2.1617846470326185 40.85081756208092
leaf_count=43184 62 301 770 29 15 23 44 46 25 22 48 25 22 682 24 12 26 28 36 21 114 369 12 31 23 29 342 31 28 492
internal_value=0 0.0102777 0.0260455 0.0204198 -0.00556281 0.039688 -0.0669865 0.0703074 -0.142004 0.0480257 0.0184705 0.0349075 -0.114513 0.0554751 -0.0980946 -0.0911961 -0.0254027 -0.0104345 -0.038453 -0.164052 0.00568453 -0.017986 -0.0183042 -0.0789251 -0.0268496 -0.184954 0.00772531 0.0488737 -0.134846 -0.0220943
internal_weight=0 228.355 129.653 122.492 52.1583 70.3337 5.09875 9.33159 3.54674 65.2349 31.8644 28.3591 3.50523 24.3823 2.43454 3.97679 3.05458 98.7022 36.0461 5.05083 62.6561 30.9953 40.282 12.1006 8.11499 3.98563 28.1814 22.3741 4.06723 42.8267
internal_count=46916 3732 2367 2305 582 1723 92 61 48 1631 861 817 44 731 49 86 74 1365 482 57 883 425 551 197 137 60 354 332 56 521
is_linear=0
shrinkage=0.1


Tree=79
num_leaves=31
num_cat=0
split_feature=25 27 1 10 14 7 14 6 35 19 2 3 31 38 7 19 19 19 21 7 35 46 38 13 0 14 6 19 19 19
split_gain=2.77733 3.10728 2.8605 5.02302 3.62062 9.10263 4.44057 9.52815 7.40885 11.6922 8.15225 7.04314 6.4358 6.37294 4.72444 9.39137 7.00142 5.96542 5.92704 5.59399 5.07409 4.56763 7.35814 4.48504 7.48237 4.35076 6.64429 10.2971 7.52679 8.12968
threshold=-1.4851349743931894 -0.76261704474181113 3.3891677703373975 2.7399594971741594 -2.535449313321108 -1.2600411677594499 -1.507797691239684 -0.91093414180513965 2.0068292167779131 0.061811330502741874 -0.37913027527371884 -0.64528694467660963 -1.041137677307969 3592.5000000000005 -1.3840847311760525 -0.72304410328873592 -0.51942218052568412 0.29234693849749255 0.46112297909384176 -0.21586577257592929 1.9997339394412064 17.000000000000004 448.50000000000006 0.41492162773853464 -0.097198593465584862 -1.1453173209606649 -0.78137799809396824 -0.5425888249723807 -0.38201445820676355 -0.03604899633608432
decision_type=2 2 2 2 2 2 2 2 2 2 2 2 2 2 2 2 2 2 2 2 2 2 2 2 2 2 2 2 2 2
left_child=1 -1 4 -4 5 -2 11 8 9 -8 -10 -6 -9 14 15 -13 -16 -18 -17 20 -19 25 -23 -22 -25 26 -14 -28 -29 -30
right_child=2 -3 3 -5 6 -7 7 12 10 -11 -12 13 21 -15 16 18 17 19 -20 -21 23 22 -24 24 -26 -27 27 28 29 -31
leaf_value=0.051294583398049091 -0.072129960505122021 -0.088390355077624827 -0.24721390406663321 -0.02717149072866808 0.23768335415922379 0.071877216433853239 0.068259677414637496 0.14598101601074456 -0.14040639732409743 0.31238527473587263 0.10922641089750827 -0.11142637116792981 0.006340365450738664 0.17234518453827621 -0.061404721535300105 0.042801855286973112 0.0055714320681211939 -0.11383607484996328 0.23347593602736327 0.048676750433545711 -0.058223012845476922 -0.097237147135159019 -0.0011046066737659564 -0.079756598588388378 0.22255735459539983 -0.0011115851344496211 0.13266151901138992 -0.066620886553856215 0.13067842318858183 -0.0030255291375339312
leaf_weight=2.0756953823147342 5.7172323390841511 6.8411389932734874 1.1879751291126002 8.1855408456176502 1.0795672675594676 18.898172830231488 9.5894833235070127 3.0348205268383017 2.8068384109064937 2.4664765363559118 2.4501641802489749 2.8505628453567624 229.8212180165574 1.7261170390993346 39.46257078833878 5.3301762789487821 65.547582916449755 12.15498198382557 2.3485709074884653 4.9685020968317977 9.6179502671584469 12.457960203173569 22.062784502515569 1.5769151914864781 1.7026941864751268 1548.4119970019674 11.079358937218784 7.5440950300544527 7.6891293358057764 11.130748327821491
leaf_count=145 70 522 11 153 23 163 79 23 32 30 23 43 2876 14 603 51 932 171 23 124 140 1262 947 20 21 38150 67 51 54 93
internal_value=0 -0.055874 5.66693e-05 -0.0550591 0.000309482 0.0384298 -0.000155297 0.00116552 0.0750068 0.118204 -0.0240585 -0.0168077 0.000475696 -0.0186731 -0.0209382 0.0435782 -0.025969 -0.0113368 0.10112 -0.0482539 -0.0674775 0.000237028 -0.0357972 -0.0237881 0.0771975 0.000922133 0.0127046 0.0517672 0.0177717 0.0516011
internal_weight=0 8.91683 2052.9 9.37352 2043.53 24.6154 2018.91 1870.55 17.313 12.056 5.257 148.366 1853.23 147.287 145.561 10.5293 135.031 95.5686 7.67875 30.021 25.0525 1850.2 34.5207 12.8976 3.27961 1815.68 267.265 37.4433 26.364 18.8199
internal_count=46916 667 46249 164 46085 233 45852 43687 164 109 55 2165 43523 2142 2128 117 2011 1408 74 476 352 43500 2209 181 41 41291 3141 265 198 147
is_linear=0
shrinkage=0.1


Tree=80
num_leaves=31
num_cat=0
split_feature=38 38 38 38 19 1 15 25 21 6 27 1 14 31 40 23 34 21 26 13 9 1 19 2 31 4 33 15 27 21
split_gain=2.76633 8.00633 6.88482 12.0615 8.29407 7.63198 8.16016 8.42041 7.05707 7.19406 6.80125 6.49479 6.47817 6.56097 9.7292 6.3869 7.8818 7.75409 9.77363 10.1628 7.86068 6.83482 6.0321 27.6727 5.97583 6.14456 5.87828 5.54405 10.2357 17.3313
threshold=32.500000000000007 29.500000000000004 40.500000000000007 47.500000000000007 0.14859525993469333 0.093164706455257332 -0.58516404246686105 -0.26380569043242219 -1.1831350676275669 -0.83331991335105926 -1.2502147515897402 1.2953408435872589 0.64847873001183587 0.6292824869542043 0.03500000000000001 0.30055563247976241 0.015199073581784532 -0.049237361918998489 0.18573534217181489 -0.32750781277855912 0.088135501915918277 1.8095585476310752 -0.56860904290310932 1.7045325307944819 0.16635547703675621 -0.96450241904994383 0.13182908473995306 0.42656516722945764 -1.1293668836618833 -1.1770256281566558
decision_type=2 2 2 2 2 2 2 2 2 2 2 2 2 2 2 2 2 2 2 2 2 2 2 2 2 2 2 2 2 2
left_child=1 12 4 15 8 -6 7 -7 10 -10 -2 -8 24 -14 -15 -4 17 18 19 20 -17 -19 23 -18 25 -1 -12 28 29 -27
right_child=2 -3 3 -5 5 6 11 -9 9 -11 26 -13 13 14 -16 16 22 21 -20 -21 -22 -23 -24 -25 -26 27 -28 -29 -30 -31
leaf_value=0.21704663706984664 0.25683491057962943 -0.091876076822925243 -0.065677365078491687 0.0019814997627651096 -0.020652536104931882 -0.1822504638532248 0.18707454007886082 0.087136402567434379 -0.080426105282888696 0.011825314209128104 -0.027342769086761445 0.046927133494441019 0.058254135762358342 0.25782237932701058 -0.089276200830730817 0.27531993398516924 1.1058743154852155 -0.096175554827298185 0.0053358668599631544 0.47205509400225321 -0.0086757574053793977 0.10657150274445981 -0.061275697741848004 -0.10417244048431994 -0.063098128690250777 0.61334185066027569 0.14689492988969244 -0.032449668136352049 -0.0025182758437474672 0.044513057809934121
leaf_weight=1.2284245779737819 1.9552531316876409 10.974514385336077 40.526608685497195 1465.0009406373138 6.4324727887287763 1.7516673468053339 10.186426850967104 3.4371149279177233 9.7263209838420135 64.588059285422787 4.4503347841091436 4.8960485402494678 27.613403933122754 0.91964942216873069 6.6253129382384941 1.8068897845223548 0.24850610247813409 5.6577884824946505 5.8263525823131204 1.0527350530028359 2.1159526277333498 2.354724345728755 21.368459137855098 0.78917691530659795 19.53190186410211 0.71740066469647024 3.4275396997109056 68.178269824187737 262.34793082810938 2.1140584216918787
leaf_count=36 19 1438 2326 28147 65 26 101 49 107 686 44 93 673 7 826 32 30 137 114 18 41 51 1028 55 1412 44 23 1930 7243 115
internal_value=0 -0.00764218 0.00162084 -0.000104467 0.0256947 0.0742513 0.104366 -0.0038052 0.0102856 -0.00024862 0.0898983 0.14158 -0.00526745 0.0356734 -0.0469686 -0.0374873 -0.00977188 0.0379474 0.0932382 0.196171 0.122135 -0.0365921 -0.0498417 0.185612 -0.00933224 -0.00619358 0.0484653 -0.00701622 -0.000477222 0.188636
internal_weight=0 400.251 1657.6 1546.75 110.851 26.7037 20.2713 5.18878 84.1475 74.3144 9.83313 15.0825 389.276 35.1584 7.54496 81.7472 41.2206 18.8144 10.8019 4.97558 3.92284 8.01251 22.4061 1.03768 354.118 334.586 7.87787 333.358 265.179 2.83146
internal_count=46916 13724 33192 31979 1213 334 269 75 879 793 86 194 12286 1506 833 3832 1506 393 205 91 73 188 1113 85 10780 9368 67 9332 7402 159
is_linear=0
shrinkage=0.1


Tree=81
num_leaves=31
num_cat=0
split_feature=28 24 28 1 32 27 7 3 19 28 2 49 8 2 35 29 20 33 40 6 32 19 19 9 18 49 6 33 27 38
split_gain=2.75161 7.97737 7.04042 7.16093 9.0221 8.89792 7.65797 23.2239 11.3908 16.1789 11.1395 10.9565 9.9079 8.79307 9.03586 6.88964 8.29508 6.88606 6.76572 9.51341 5.40595 5.182 9.63062 9.79171 10.034 13.1286 8.49187 10.3243 8.37404 7.42548
threshold=-0.2902062265489968 -0.26900390894852083 -0.32647490623895375 0.70225724433707948 -0.57499195795785496 -0.91791824551729417 0.072074712873092542 -0.20768161461053086 -0.38951197318096026 -0.31780067614758162 0.94195890425891349 2.5000000000000004 0.82047227081885155 1.3453726960348669 1.9997339394412064 2.7774320358215294 1.0243144202718513 -0.31509230440600861 0.055000000000000007 -0.24156623172639727 1.6506313967803889 -0.55889210568341319 -0.57990971709025974 -0.5867909495609186 -1.0206393528979294 1.5000000000000002 0.76033898323413263 2.1438289261951033 1.5574090271577539 83.500000000000014
decision_type=2 2 2 2 2 2 2 2 2 2 2 2 2 2 2 2 2 2 2 2 2 2 2 2 2 2 2 2 2 2
left_child=2 -2 15 4 -4 -5 7 10 12 -10 11 -6 20 14 -14 -1 17 -17 19 -11 -9 22 -3 -24 25 -25 27 -26 -23 -30
right_child=1 21 3 5 6 -7 -8 8 9 18 -12 -13 13 -15 -16 16 -18 -19 -20 -21 -22 28 23 24 26 -27 -28 -29 29 -31
leaf_value=-2.5181914982987748e-05 0.21323887933111632 0.0001797239444946972 -0.10513164144469983 0.038751469619502793 0.41734807421946379 0.19684149790013405 -0.031152435475008507 -0.082405962694744164 -0.12579193896993354 0.51533707823592234 0.70291001664428354 -0.013799185481710588 0.051137471287273799 -0.027543597440619849 0.41121533896747509 0.020162868680826149 -0.0045560383236587258 0.23351116793856055 0.10961841662143429 0.1266864494065604 0.086182822808993642 -0.014043705500749995 -0.041256571064115705 0.59424669922813977 -0.058355453962531792 0.10828783172763644 0.30376847306870658 0.17514251097745451 0.32759981919993675 0.042630667477300745
leaf_weight=1223.0177716983017 1.6702466651331622 293.24951523728669 5.5480590473162001 10.626040985342113 1.3075463077984748 5.3541413644561535 15.17970958072692 13.159938577096904 2.5880656754598013 1.105923052877188 0.60696305334568013 1.0731905302964149 1.4608636363409453 2.8135698908008635 1.3326603667810557 2.418528622481972 6.8134024860337377 4.0398441026918572 8.832394030177964 1.4629956712015033 2.2233624777290961 428.45031515799928 4.7612502275733304 0.97725464869290712 4.4428170165047014 1.289472473086789 1.4642958450131116 3.3002604092471302 1.2716350220143784 3.2547516482882202
leaf_count=21781 32 8678 298 170 29 90 388 287 42 15 25 44 16 47 27 44 98 44 140 26 22 13905 343 15 100 55 52 35 34 34
internal_value=0 -0.00506004 0.00255355 0.0323713 0.0162134 0.0917193 0.0288807 0.0528824 0.0300253 0.0999258 0.320492 0.222995 -0.016561 0.0972374 0.222914 0.000752472 0.0724147 0.153617 0.151163 0.294001 -0.0580397 -0.00555112 0.00433041 0.0793018 0.129328 0.317799 0.0829292 0.0411662 -0.0126143 0.122689
internal_weight=0 744.132 1310.96 74.6754 58.6952 15.9802 53.1472 37.9675 34.9798 13.9894 2.9877 2.38074 20.9904 5.60709 2.79352 1236.29 13.2718 6.45837 11.4013 2.56892 15.3833 742.462 309.485 16.2354 11.4741 2.26673 9.20737 7.74308 432.977 4.52639
internal_count=46916 23283 23633 1666 1406 260 1108 720 622 223 98 73 399 90 43 21967 186 88 181 41 309 23251 9278 600 257 70 187 135 13973 68
is_linear=0
shrinkage=0.1


Tree=82
num_leaves=31
num_cat=0
split_feature=35 35 40 40 14 6 38 46 14 14 33 9 34 27 27 19 38 38 2 31 8 0 19 1 13 31 9 4 3 33
split_gain=2.79922 16.2368 13.9874 7.96285 7.75681 12.0131 11.7927 10.7146 8.16982 7.97223 6.97739 9.1527 8.28332 6.65914 6.64748 7.93438 6.62333 11.5633 12.9971 9.04015 8.65366 7.58643 9.79639 7.10698 7.03229 6.47742 6.44949 6.30833 6.31277 6.10233
threshold=3.9962571127116919 2.0200906488538979 0.43500000000000005 0.24500000000000002 0.98308371958828267 0.421932529154942 101.00000000000001 2.5000000000000004 -0.4373663134019446 -0.62177546783308235 2.3779096367826784 1.0378360377080693 0.014776764481854257 -0.85776898003821112 -0.1573036901165886 -0.46697912447544704 50.500000000000007 94.500000000000014 0.71467094024791267 -0.79736149662195088 -1.1826758747736215 -0.75104292240241088 -0.23796395395321865 1.5341489247600759 0.52899669857039489 -0.8384792993928506 -0.09920025519270044 -0.955360054641056 4.2814890064700775 -0.78278534987211701
decision_type=2 2 2 2 2 2 2 2 2 2 2 2 2 2 2 2 2 2 2 2 2 2 2 2 2 2 2 2 2 2
left_child=1 3 -2 -1 5 8 -7 -8 9 16 12 -12 29 -9 -15 -16 20 18 19 -18 26 22 -21 -22 -19 -26 -5 -4 -29 -3
right_child=2 10 27 4 -6 6 7 13 -10 -11 11 -13 -14 14 15 -17 17 24 -20 21 23 -23 -24 -25 25 -27 -28 28 -30 -31
leaf_value=-0.00097645567617187564 0.060186542437383077 0.24351566208942638 -0.072912022977546981 -0.011150151307618705 -0.057656772139986982 -0.084405812128555899 -0.10416612847024775 0.50684717254989475 -0.0057220018388729026 0.10736234876484274 0.19591776549711015 -0.0014588270041335867 -0.061322094607898225 -0.0082318583291668447 0.49635223003871609 0.17107635107213434 0.24780478449037885 -0.0066418914957396104 0.33346534509134557 -0.039083845709539919 -0.063846558497037409 -0.028287497627087484 0.35678923559114178 0.098505602350120847 0.14194516485342279 -0.025619756628203334 0.19877153887286658 0.0016864147380990563 0.10899311456434191 -0.02086768423442753
leaf_weight=1043.7278781856876 43.59048909181729 0.87838439247570832 11.231681485660372 2.8604489518329501 11.489280122797934 1.7201163744321082 0.91713186260312785 0.94377836352214206 65.786141048185527 14.884036797331644 2.4659899934194973 49.694570718798786 69.348626599530689 1.0293408681172875 1.1408353541046379 2.1884627304971223 2.5235627195797852 27.138527467381209 2.5088844168931237 1.139437352307141 18.794521928299222 6.0495713148266077 1.38484877720475 3.1479107132181516 7.3184387241490185 3.3688874607905728 2.9969786787405637 504.74736466770992 5.5425422694534054 143.13262155361008
leaf_count=20869 747 19 516 62 905 241 44 24 2793 259 39 606 4232 38 17 37 36 471 33 21 387 93 19 72 61 60 38 10567 57 3553
internal_value=0 -0.00249804 0.00576868 0.00236815 0.0218341 0.0272755 0.147337 0.211429 0.0213141 0.040212 -0.024913 0.00787253 -0.0329282 0.266016 0.213869 0.282537 0.0275976 0.0488541 0.127912 0.0814414 -0.0117288 0.0324753 0.178096 -0.0405552 0.0204161 0.0891249 0.0962572 0.00122025 0.00285193 -0.0192551
internal_weight=0 1488.58 565.112 1223.06 179.331 167.842 7.93967 6.21955 159.902 94.1161 265.52 52.1606 213.36 5.30242 4.35864 3.3293 79.232 51.4322 13.6063 11.0974 27.7999 8.57386 2.52429 21.9424 37.8259 10.6873 5.85743 521.522 510.29 144.011
internal_count=46916 35029 11887 26580 5711 4806 401 160 4405 1612 8449 645 7804 116 92 54 1353 794 202 169 559 133 40 459 592 121 100 11140 10624 3572
is_linear=0
shrinkage=0.1


Tree=83
num_leaves=31
num_cat=0
split_feature=0 28 21 38 8 41 3 28 9 38 5 38 20 20 22 4 4 32 19 27 31 7 1 22 40 38 28 17 25 28
split_gain=2.67494 2.63522 5.89728 5.80472 5.71295 5.70412 5.24863 4.09014 11.8984 12.7588 22.5479 12.2253 10.8933 23.7755 9.02532 7.7465 8.18411 5.60645 7.23571 5.7461 8.48488 9.38012 6.36193 5.26029 5.25027 8.57408 10.3208 5.16854 4.70798 4.67018
threshold=6.3492328427342537 1.1694869649907251 -0.39270041079640033 1101.0000000000002 2.3234458050182645 0.25000000000000006 -0.71388411117625739 0.59163759341667987 0.22308993566552213 5.5000000000000009 -0.20931384945784984 411.50000000000006 -0.51240177060464276 -0.52887538290575475 0.028388077910292294 -0.4224460535896562 -0.23157537143472931 -1.3348991275674116 -0.72724987568575361 -1.3519940811239481 -0.85226872796959952 -0.57784795234416142 1.142350005513078 2.2569191543914111 0.25500000000000006 1344.5000000000002 0.69564699541770414 -0.018001946238524899 3.1407348152685901 -0.28672973242425831
decision_type=2 2 2 2 2 2 2 2 2 2 2 2 2 2 2 2 2 2 2 2 2 2 2 2 2 2 2 2 2 2
left_child=1 7 3 5 6 -3 -5 17 9 10 -9 -11 13 23 28 24 -17 18 -1 -20 21 -21 -23 -10 25 -13 -27 -16 -14 -19
right_child=-2 2 -4 4 -6 -7 -8 8 12 11 -12 15 14 -15 27 16 -18 29 19 20 -22 22 -24 -25 -26 26 -28 -29 -30 -31
leaf_value=0.31153082340261179 -0.12882440695147274 0.0002556563240375308 -0.10180561444547315 0.30927126808580158 0.28192282644280992 -0.067180474759606743 0.016090538839294236 0.64733980360432075 0.19537460568035023 -0.06143277903253113 -0.027113014471310534 -0.034786408346765156 0.28509304207615566 0.67250990866702542 0.29422830214100493 0.40394819466888737 0.063663336573761622 0.0020131888179927707 -0.037563105123718167 -0.0056208766462157375 0.020730423913972555 0.3739565388670576 0.1367867395968741 -0.069165159752678146 -0.060846775280467294 0.4625572310530246 0.035940481396600076 0.018670375461954141 0.085233069902052039 -0.0090772743135822519
leaf_weight=0.934740936383604 1.6163614245597262 36.403321320016403 7.6298208145890376 0.64680048078298469 0.99741094047203738 19.136806456372142 10.917849610559639 0.7933560102246705 1.8380199759267273 29.327952746301889 1.3210779195651401 2.7353057796135527 2.0800565737299612 0.89332253066822787 0.69594090711325662 1.1639957206789406 1.7993667218834151 1311.6522038426483 9.5281069508055207 2.6850821292027831 22.250880441511985 1.8373322882689525 2.9421228626742959 1.2717695110477505 4.8798094112426043 1.0288321413099768 1.2634604740887878 31.03767369966954 2.7197850798256695 534.38839919713791
leaf_count=30 27 985 488 13 28 1501 250 37 32 1738 74 82 23 27 7 24 38 23738 240 56 1022 31 29 35 188 14 29 548 25 15557
internal_value=0 -0.000130124 -0.0184356 -0.00909529 0.0522927 -0.02298 0.0324879 0.000573207 0.022051 -0.0137649 0.225948 -0.0257761 0.0612036 0.217808 0.0440439 0.0554729 0.197326 -0.000392949 0.036562 0.0300125 0.0516804 0.143938 0.22796 0.0871893 0.0130439 0.0847625 0.227416 0.0247136 0.171844 -0.00119726
internal_weight=0 2046.8 75.732 68.1022 12.5621 55.5401 11.5647 1971.07 84.8497 44.3132 2.11443 42.1987 40.5366 4.00311 36.5335 12.8708 2.96336 1886.22 40.1783 39.2435 29.7154 7.46454 4.77946 3.10979 9.90741 5.0276 2.29229 31.7336 4.79984 1846.04
internal_count=46916 46889 3265 2777 291 2486 263 43624 2921 2224 111 2113 697 94 603 375 62 40703 1408 1378 1138 116 60 67 313 125 43 555 48 39295
is_linear=0
shrinkage=0.1


Tree=84
num_leaves=31
num_cat=0
split_feature=7 9 9 49 40 4 31 42 40 32 20 23 9 21 21 20 20 9 20 32 29 2 0 12 5 38 32 32 26 38
split_gain=2.56336 5.31416 8.48046 5.5212 7.07195 7.79925 9.77464 7.13229 6.13605 8.87232 6.29439 6.15192 8.02194 7.74409 15.8695 6.76329 8.555 6.81441 5.98307 5.92288 5.90105 5.26148 4.97439 5.14952 6.78732 5.02822 4.89206 10.1147 7.21856 13.7189
threshold=0.6832352379135217 -1.5363963136399919 -1.5585874369459101 11.500000000000002 0.42500000000000004 -0.19989776542230173 0.91085343563942855 0.34375000000000006 0.045000000000000005 -0.52194947271671022 3.9889674757907252 0.95860967898925964 2.2409182408133739 -0.027859085518465346 -0.13403442240847571 0.89496187531363491 -0.18082712671755322 -0.57350669500209051 0.97675991811572915 1.05629524057659 -0.38841171689472248 0.48947008950083076 -0.75392650735976374 -0.41117286548984638 0.37334779401538337 89.500000000000014 -0.14560273635482565 -0.38875186237170406 1.6354924970639042 1521.5000000000002
decision_type=2 2 2 2 2 2 2 2 2 2 2 2 2 2 2 2 2 2 2 2 2 2 2 2 2 2 2 2 2 2
left_child=26 2 -2 8 -5 6 7 -6 9 -3 11 13 -13 14 15 16 17 20 -9 -15 21 -10 -7 24 25 -24 27 -1 -29 -30
right_child=1 3 -4 4 5 22 -8 18 10 -11 -12 12 -14 19 -16 -17 -18 -19 -20 -21 -22 -23 23 -25 -26 -27 -28 28 29 -31
leaf_value=-0.0032934190434114781 -0.056709451137760894 0.21311359211161257 0.31626654456803982 -0.034353283149686047 0.18501864080396632 0.064204896249545798 -0.0079663026793799357 -0.055997716818303483 0.41357504415617835 -0.027930120976995706 0.099264705965767322 0.012345137913548902 -0.19170009817538805 -0.044036847015853711 0.43343845589884844 0.18971892867091686 -0.04486405774763904 0.36595924679444636 0.17280213446001721 0.10368668505098677 -0.065864629981663411 0.029193712230979819 0.25100544141276837 -0.048607956808994643 -0.034212180697300081 0.044844073422358598 0.0015775986155636618 -0.051006349651375731 -0.0058361674742439806 0.32619579113463748
leaf_weight=397.13734840264078 1.0867201837245377 1.5793049624189723 1.388558842241763 66.979307150351815 7.1179135944694298 7.2885672091506413 11.470443196943959 3.1002052556723356 0.69069063127972163 46.126763603882864 9.4286888432688993 222.93778237805236 1.9435532009229053 8.5845738931093347 1.3707957940641815 3.805245302617549 5.813879924826324 1.0349080974701772 1.8102834485471246 3.9690131768584243 1.5644622733816507 0.73513278295286 1.7813047114759664 28.973315213108435 7.3816788974218071 3.5224475730210543 1100.563647491741 82.306960295769386 14.27160770492628 1.3632710650563229
leaf_count=16014 71 11 37 1943 166 79 465 109 17 625 251 4217 15 203 35 41 120 29 23 43 48 24 21 458 82 33 19019 2459 243 15
internal_value=0 0.00639858 0.152519 0.00559306 -0.0109306 0.0107245 0.0580789 0.12106 0.0130347 -0.0199504 0.0190436 0.0160474 0.0105817 0.0606322 0.109094 0.0765079 0.0327237 0.144789 0.0283508 0.00266826 0.0682446 0.215394 -0.0120096 -0.025344 0.0277905 0.114085 -0.00213611 -0.0103917 -0.039174 0.0231151
internal_weight=0 451.486 2.47528 449.01 139.425 72.4462 23.4988 12.0284 309.585 47.7061 261.879 252.45 224.881 27.5687 15.0151 13.6443 9.83907 4.02519 4.91049 12.5536 2.99029 1.42582 48.9473 41.6587 12.6854 5.30375 1595.64 495.079 97.9418 15.6349
internal_count=46916 9166 108 9058 3379 1436 763 298 5679 636 5043 4792 4232 560 314 279 238 118 132 246 89 41 673 594 136 54 37750 18731 2717 258
is_linear=0
shrinkage=0.1


Tree=85
num_leaves=31
num_cat=0
split_feature=25 19 26 7 38 0 3 1 24 49 25 29 9 6 6 32 24 15 31 38 38 31 28 4 20 15 1 25 46 7
split_gain=2.68236 3.88633 7.71032 3.4407 3.43327 5.80024 2.6888 6.8365 6.11638 5.74833 5.65447 4.72341 4.58098 4.15986 9.36111 7.24878 5.81805 6.59636 6.48664 6.6816 14.2586 11.1967 7.0602 10.3791 8.72188 7.44871 5.69734 6.24838 6.00244 6.51512
threshold=-1.324150177885733 1.5725895495655242 -0.56994115904924747 2.8621797966203251 2556.5000000000005 -0.58888596849479313 -0.77191609255756044 3.3891677703373975 -0.25037162888546416 4.5000000000000009 -1.1159019371034191 -0.83588201175618415 -1.05960347363244 0.87837208639158482 0.86584156618935293 0.30705356463635952 -0.23468268388238575 -0.73289558099714702 0.50082505539339761 210.50000000000003 101.00000000000001 0.6292824869542043 -0.23481253089059451 -0.55581562369871695 1.2636923611449431 -0.57382257078417742 0.54809206711028213 1.5622354104213774 2.5000000000000004 -1.301343725244152
decision_type=2 2 2 2 2 2 2 2 2 2 2 2 2 2 2 2 2 2 2 2 2 2 2 2 2 2 2 2 2 2
left_child=1 3 -3 4 -1 -6 7 8 -2 10 12 -11 -10 14 16 -16 18 -18 -8 20 21 22 24 25 -20 -24 28 -28 -15 -30
right_child=6 2 -4 -5 5 -7 13 -9 9 11 -12 -13 -14 26 15 -17 17 -19 19 -21 -22 -23 23 -25 -26 -27 27 -29 29 -31
leaf_value=-0.056860487320026347 0.14275750676873544 -0.10308975985609006 0.24059703265424709 0.21548401651298793 -0.10452392275114708 0.32343680077618653 0.0001833818820398368 -0.15574216461214263 0.095235630191887882 0.23552282429357813 0.036604707777251458 -0.0093607751383934044 0.35046468756159987 0.022820059234882506 0.013833427278852166 0.25002755839571938 0.082588106145925433 -0.031303528440814674 -0.038313485548613233 0.00039491731922974171 0.16971228671266736 -0.068715685716195782 0.27358682295311304 0.40898416881649652 0.16532725983595845 0.0080253705388238714 0.12974880133517802 -0.056068950447307912 0.20720759727444144 -0.044977445721167325
leaf_weight=23.588210786343563 4.0692303758114567 1.1950649637728932 1.4384234275203187 0.50472497940063377 0.62560233008116484 0.64136391389183589 1676.5219845189131 2.1893781553953877 2.1560779425781225 0.80195656651630898 23.011847860412672 44.168490250711329 1.0436214250512446 18.449990040273406 2.5434947873000047 2.6563619682565331 5.4068618800956747 85.519475082983263 7.2281348546966928 34.267834170721471 9.1490384089993295 8.5872279958566633 1.5294510093517604 1.2872677922714517 2.9663241757079959 3.4135471206391235 4.9125998881645492 2.8650245424360037 1.0397830994334061 69.394754572305828
leaf_count=1737 105 59 38 4 29 12 33910 32 67 8 456 1488 22 617 57 25 105 2136 116 613 121 1000 25 21 28 156 57 26 29 3817
internal_value=0 -0.0309911 0.0846335 -0.0429981 -0.048247 0.112118 0.000178176 0.0184502 0.0235182 0.0167017 0.0539239 -0.00499377 0.178482 -0.000552053 0.000509603 0.134494 0.000130112 -0.0245311 0.00141516 0.0315941 0.0628908 0.0238169 0.0721951 0.156062 0.0209407 0.0901948 -0.0207729 0.0612996 -0.0279544 -0.0412546
internal_weight=0 27.9934 2.63349 25.3599 24.8552 1.26697 2015.18 77.4406 75.2512 71.182 26.2115 44.9704 3.1997 1937.74 1841.08 5.19986 1835.88 90.9263 1744.95 68.4288 34.161 25.012 16.4247 6.23027 10.1945 4.943 96.6622 7.77762 88.8845 70.4345
internal_count=46916 1879 97 1782 1778 41 45037 2178 2146 2041 545 1496 89 42859 38313 82 38231 2241 35990 2080 1467 1346 346 202 144 181 4546 83 4463 3846
is_linear=0
shrinkage=0.1


Tree=86
num_leaves=31
num_cat=0
split_feature=29 26 26 25 1 29 32 6 25 19 1 25 12 27 25 1 38 28 1 8 7 7 35 23 49 38 25 26 27 26
split_gain=2.43475 2.47219 5.70874 8.89704 5.45152 7.02731 5.5378 7.60142 5.43846 8.75854 7.00028 9.13195 15.8377 28.1241 9.90626 10.4098 7.0434 6.3429 5.99082 6.15895 6.34842 5.44022 5.42458 6.28639 5.0875 5.05957 5.05156 5.03705 6.0036 5.92997
threshold=5.8118217257964462 1.4598312775707851 1.2244545674213467 -0.7759567511104889 2.0384569293931505 -0.58969117662761317 0.76147465340772003 -0.0089098157997942514 -0.23898309986694735 0.97439141018706055 -0.31185081052730645 -0.044474299658201231 -0.11453900309623581 -1.0014136292669704 0.24386606947966913 -0.36653613610505476 8.5000000000000018 -0.42858799381930113 -0.22152093886750471 0.080629750061352451 -0.79119531469269044 1.5811703939349868 0.99472776582119626 -0.65751459470241669 1.5000000000000002 24.500000000000004 -0.41759917288585519 2.3024834698562868 -1.3310413737980902 2.2073766814489928
decision_type=2 2 2 2 2 2 2 2 2 2 2 2 2 2 2 2 2 2 2 2 2 2 2 2 2 2 2 2 2 2
left_child=1 2 -1 22 6 -6 -5 24 9 21 11 12 -10 -14 -13 27 17 -12 -18 20 -20 -3 23 -4 -8 -24 -11 29 -29 -16
right_child=-2 8 3 4 5 -7 7 -9 10 26 16 14 13 -15 15 -17 18 -19 19 -21 -22 -23 25 -25 -26 -27 -28 28 -30 -31
leaf_value=-2.3451983585931611e-05 -0.14896889391145582 -0.062514037060674821 0.40550220015251059 -0.052036032868101982 -0.13519613647369474 0.12655427600297769 -0.044421293052767256 -0.080386793269139667 0.080132369737235587 0.011594080303742474 -0.34106699350120517 -0.10942983671167544 0.13653466295224875 1.4714271981560649 0.042758163689046086 0.22754919652796479 -0.10325668949654981 -0.059272924268603228 0.11580816675427646 0.051441022867608821 -0.010229629909277057 -0.38526081915018628 0.23881419163748402 0.062755047979383929 0.11465311983520116 -0.024543572509285141 0.31261337180266274 0.085976221188296689 -0.050805819901420239 0.22360561748290225
leaf_weight=1734.7170511916047 1.1001315980101924 13.451217892346904 0.96282544126734171 68.474271254381165 1.3584972377866504 4.1867376645095637 2.848021971061824 5.3787232050672165 2.0319555990863596 1.3550819677766415 0.90094170346856106 4.6277962935855603 0.41827532800380141 0.25347127881832321 45.847471235203557 2.8884710967540732 4.776896205963566 7.0438548396341494 4.227969476953148 27.978592536062934 72.950298010720871 0.5433645495213576 0.89641049411147822 1.2046456481330086 6.8367636636830866 3.9176664822734892 0.94715575256850471 4.3762224181555238 12.029694715514777 1.887781086610629
leaf_count=40150 25 726 18 1701 16 65 29 65 78 53 10 205 47 12 854 32 105 199 39 460 1205 25 58 29 75 228 21 94 258 34
internal_value=0 -0.000162433 -0.00133752 -0.0250668 -0.0335864 0.0624295 -0.0399599 0.0149344 0.0101539 -0.0453108 0.0148558 0.0388818 0.219292 0.640232 0.0320748 0.0418444 -0.000300407 -0.0912284 0.00627087 0.0112463 -0.00332504 -0.0750453 0.0836415 0.215009 0.0678738 0.0244952 0.135435 0.0334815 -0.0143197 0.0499101
internal_weight=0 2039.32 1830.78 96.0646 89.083 5.54523 83.5378 15.0635 208.537 16.2968 192.24 74.3611 2.7037 0.671747 71.6574 67.0296 117.879 7.9448 109.934 105.157 77.1783 13.9946 6.98155 2.16747 9.68479 4.81408 2.30224 64.1412 16.4059 47.7353
internal_count=46916 46891 42434 2284 1951 81 1870 169 4457 825 3632 1614 137 59 1477 1272 2018 209 1809 1704 1244 751 333 47 104 286 74 1240 352 888
is_linear=0
shrinkage=0.1


Tree=87
num_leaves=31
num_cat=0
split_feature=19 21 21 49 33 38 38 38 6 35 35 38 38 1 6 28 4 38 38 4 46 6 0 29 1 1 19 12 19 19
split_gain=2.44212 2.76763 3.31251 2.57922 2.51582 2.49287 20.5078 19.5634 9.85859 12.1774 16.4178 9.66285 9.23328 8.89559 8.52386 12.7374 10.5561 8.29983 8.10056 8.07045 7.58033 8.336 11.5819 11.3719 10.8599 10.6707 12.6792 9.25445 7.57552 7.4352
threshold=-0.80076912926925792 -0.92108399832960419 -0.99324717931355877 3.5000000000000004 2.3806015236477189 236.50000000000003 314.50000000000006 328.50000000000006 -0.27578476841899352 1.0195020329406945 0.99319493646658463 841.50000000000011 200.50000000000003 1.4553653928247847 -0.017995043558638974 -0.35537535769363127 -0.57295918374399457 439.50000000000006 198.50000000000003 -0.96450241904994383 2.5000000000000004 0.26896644785232204 0.98867184942158592 -0.42364345526573616 -0.64006661441187718 -0.35250958599690524 -0.35156479351132819 -0.3139292388618537 -0.67098544306963814 -0.37147512879969086
decision_type=2 2 2 2 2 2 2 2 2 2 2 2 2 2 2 2 2 2 2 2 2 2 2 2 2 2 2 2 2 2
left_child=1 2 3 -1 -3 12 -7 -8 -9 10 17 13 18 20 16 29 -12 -10 -2 28 -11 22 23 24 -22 -26 -27 -24 -17 -16
right_child=5 4 -4 -5 -6 6 7 8 9 11 14 -13 -14 -15 15 19 -18 -19 -20 -21 21 -23 27 -25 25 26 -28 -29 -30 -31
leaf_value=0.064419925999687586 -0.0017878074962988958 -0.12425089530337459 0.16222685467705864 -0.10232861565576626 0.038040363305433145 0.041150705277188997 -0.10448372839335587 -0.013823012536809781 0.07803587441852633 -0.02238152924865024 0.21577621168566785 -0.026501191916165342 -0.044433833233859923 -0.11585017584458308 0.20608020358746304 0.25060378799454086 0.069960250857477452 -0.015063840599355994 0.077073249970008501 -0.040799763476396467 -0.045106227888610316 0.01221202843786931 0.12472787149938228 -0.028361709313546819 0.36047338404945911 0.0056433449643568494 0.26162461071618609 0.41736372120203041 -0.017282401358294421 0.067336105336386787
leaf_weight=1.552657441236079 1218.9160801080288 4.879069780232383 1.0900285132229326 2.3042221993673593 1.1877116318792103 127.31219589256216 18.402370450901799 273.25535692693666 11.474787314422427 23.692089898511767 7.6383890509605434 97.281245724414475 50.834799390984699 4.663712987676262 4.8026614985428777 2.0588392317295074 14.183555569965391 57.860360218212008 13.166048064827917 17.427252672147006 3.219611338106918 36.024384160875343 3.0788997553754598 9.4360341620631516 2.2021019384264964 4.666237086523326 3.3058308009058202 1.6651263898238529 2.1664230013266232 19.729837361723185
leaf_count=22 33502 142 18 58 12 1703 461 4065 157 371 73 1907 1062 69 61 26 173 996 159 350 85 779 46 154 26 81 52 18 59 229
internal_value=0 -0.0472123 0.00830137 -0.0352009 -0.0924787 4.10685e-06 0.00460273 -0.00292354 0.000192244 0.0119192 0.0345856 -0.00453158 -0.00266831 0.0187108 0.0694961 0.0451607 0.121001 0.000343921 -0.000945097 -0.0107385 0.0259001 0.0438863 0.0852678 0.0557242 0.114963 0.165617 0.111793 0.227441 0.11325 0.0944977
internal_weight=0 11.0137 4.94691 3.85688 6.06678 2028.46 745.547 618.235 599.833 326.577 137.342 189.235 1282.92 91.954 68.007 46.185 21.8219 69.3351 1232.08 21.6525 87.2903 63.5982 27.5738 22.8298 13.3938 10.1742 7.97207 4.74403 4.22526 24.5325
internal_count=46916 252 98 80 154 46664 11941 10238 9777 5712 2124 3588 34723 1681 971 725 246 1153 33661 435 1612 1241 462 398 244 159 133 64 85 290
is_linear=0
shrinkage=0.1


Tree=88
num_leaves=31
num_cat=0
split_feature=10 7 1 34 19 2 22 10 5 33 25 22 27 9 33 8 40 4 17 25 38 31 34 23 0 25 10 1 38 26
split_gain=2.61195 5.80022 6.31212 5.00964 6.05089 9.49604 9.49503 4.23491 7.86567 6.84042 6.01268 5.02341 5.64084 9.74548 5.79448 4.58456 4.72109 6.82033 4.59751 4.23316 4.45419 6.88749 4.09984 4.00895 5.77774 3.94984 3.92675 3.83738 3.82519 3.78807
threshold=1.6470457508251397 1.4022413871408133 1.6380967614493611 0.014776764481854257 -0.44002062297168987 1.4871882898927775 -0.61572320126132962 1.5408117196985638 -0.52005560689765595 2.3806015236477189 1.1387355753947108 -0.57696443609967185 0.99103165611499289 0.3975947763128786 0.13548860523787304 0.5744581293295884 0.45500000000000007 0.44207570297806748 -0.00070933252722244519 -0.12017658387045105 830.50000000000011 -0.94795445609364315 -0.0024893579006482554 1.335405698706831 -0.58888596849479313 -1.324150177885733 1.6499944347207605 2.0384569293931505 43.500000000000007 -1.1770572604484082
decision_type=2 2 2 2 2 2 2 2 2 2 2 2 2 2 2 2 2 2 2 2 2 2 2 2 2 2 2 2 2 2
left_child=7 2 -2 4 5 6 -4 11 -9 -10 -11 12 14 -14 15 16 17 -1 -19 20 -5 -22 -3 24 -24 -13 -6 -25 -21 -27
right_child=1 22 3 19 26 -7 -8 8 9 10 -12 25 13 -15 -16 -17 -18 18 -20 28 21 -23 23 27 -26 29 -28 -29 -30 -31
leaf_value=0.1357458392882098 0.081002235287517182 0.10741162746215677 -0.29385406426044536 -0.083828960504609459 -0.096669387406606744 0.10932178987374777 0.0096524732071791627 0.076536306570041193 -0.056893911224326833 -0.035426805897353572 0.15036236406602987 -0.043857367208607639 0.32928260091183054 0.050826465458808714 0.11769079971391637 -0.093047238072347771 0.13465414121985606 0.096690672289591148 -0.067039144905177692 0.10699617580763483 -0.10882946514878433 0.17548060196139414 -0.2445038327773463 -0.030344072346330991 0.012439759873005329 -0.016237148673057079 0.049649157619013153 0.010997102877900488 -0.0015260165456601033 0.00059587045842179952
leaf_weight=2.8026025015860894 16.945844275411218 2.9658961519598952 2.1449167318642139 11.36379157961346 1.8994840420782555 2.1972466362640262 1.9843884455040086 6.3208578503690651 42.783995630452409 3.8050997992977491 3.2125947903841734 21.624804800725542 1.6645395047962654 5.1318513248115778 4.7119283815845838 4.6199801638722411 2.9349963515996924 2.0862902570515951 9.6370305148884547 3.6817627875134376 1.5635854629799726 1.872468837071209 1.7636053543537857 41.427640380570665 1.7371933488175262 146.24140970094595 53.324180641211569 49.020851904060692 27.568659820593894 1557.4756556629436
leaf_count=26 240 58 28 223 29 41 38 68 506 41 27 1777 14 54 37 51 24 22 75 31 20 24 21 524 30 3442 1469 732 224 37020
internal_value=0 0.00999832 0.0242742 0.0153402 0.0340039 -0.0586309 -0.148 -0.00150524 -0.0285469 -0.0418841 0.0496247 -0.000642417 0.0376588 0.119025 0.0170192 -0.00446353 0.0189748 -0.00439847 -0.0379017 -0.00960543 -0.0536625 0.0461046 -0.00834773 -0.0120022 -0.117001 -0.00138807 0.0446164 -0.00793818 0.0112595 -0.00084902
internal_weight=0 221.462 124.546 107.6 61.5502 6.32655 4.12931 1815.05 56.1225 49.8017 7.01769 1758.93 33.5892 6.79639 26.7928 22.0809 17.4609 14.5259 11.7233 46.0503 14.7998 3.43605 96.9152 93.9493 3.5008 1725.34 55.2237 90.4485 31.2504 1703.72
internal_count=46916 3732 2367 2127 1605 107 66 43184 642 574 68 42542 303 68 235 198 147 123 97 522 267 44 1365 1307 51 42239 1498 1256 255 40462
is_linear=0
shrinkage=0.1


Tree=89
num_leaves=31
num_cat=0
split_feature=40 0 25 15 19 38 22 1 15 46 15 5 15 11 25 1 21 21 19 9 0 19 28 28 9 27 9 32 3 15
split_gain=2.59975 12.3045 6.99254 6.54329 5.60846 8.48175 7.36551 11.0021 5.84926 9.26329 6.97645 8.4011 6.57294 9.68053 7.25968 5.59364 4.86107 6.15349 4.71992 10.4153 6.11739 5.70861 7.69496 13.3419 4.6473 4.60466 5.85572 5.80319 5.40839 5.33276
threshold=0.53500000000000014 -0.73585967906128202 -1.0434027276592925 -0.70832287102268177 -0.29856710550505561 1075.5000000000002 0.67862655411106709 -0.97287714929671643 0.35662834785211034 2.5000000000000004 0.57214080370828901 -0.047054264932054564 -0.07627168434620217 0.044222184783313891 -0.85009603100929931 0.67246454278161483 -1.1080402467072636 -1.0139992210358422 -0.72304410328873592 1.065836652946264 0.57023029903108868 -0.62393446736897384 0.34041512938650004 0.44419584817564828 -1.363728463302275 -0.62551290078445987 0.13238758477521315 -0.072165001195785672 -0.35359928708357852 0.076950975605105373
decision_type=2 2 2 2 2 2 2 2 2 2 2 2 2 2 2 2 2 2 2 2 2 2 2 2 2 2 2 2 2 2
left_child=-1 2 -2 -3 18 6 7 -6 12 10 -10 -12 14 -14 -9 -11 -17 -18 19 -5 21 22 -20 -24 -15 -26 -27 -28 29 -29
right_child=1 3 -4 4 5 -7 -8 8 9 15 11 -13 13 24 -16 16 17 -19 20 -21 -22 -23 23 -25 25 26 27 28 -30 -31
leaf_value=-0.0013832958620071563 0.29044588573657326 -0.081822944504728143 0.077920317752011539 0.0047171466892476054 0.27473626292829006 -0.071799420750076379 -0.13530886712382803 -0.11774948350130723 -0.039283559533995101 -0.11114397508447733 0.35387349946625618 0.074659406514213073 0.29947787110746404 0.29992955173924041 0.042243352941826948 -0.063287093538440975 0.2109663092916387 -0.023196700110778994 -0.11911833647223176 0.27178228693550111 -0.067756915134167289 0.014948871019020453 0.36998819575962333 -0.075355610173493112 -0.0096672035031012283 0.29242786694852729 -0.096900866202933103 0.071026226243668555 0.021711877006655181 0.29878982827148676
leaf_weight=1839.779157640296 1.8886231062933792 8.3259907971369085 8.5876030093058926 7.4165665584150684 1.9626265806145955 8.0621747232507897 2.4448755264747879 3.1400504733901426 3.1712987939827162 7.5229158366564688 1.4469954404048619 4.2213168479502201 2.1663573035039034 0.87495222967118635 29.295404575299475 5.0946161625906825 1.9884208189323542 2.5762192104011756 7.7892938633449287 1.8182908589951692 18.770116419764236 42.914943098789088 0.99011917226016555 2.0984310491476208 5.6643191738985541 1.3999038331676192 1.6534029669128409 1.9978692571166945 3.7087654133792851 2.1175150005146861
leaf_count=42607 19 223 82 209 43 152 71 154 40 293 16 48 27 32 494 81 19 42 200 13 497 1050 16 119 175 31 29 40 58 36
internal_value=0 0.0108709 0.116234 0.00476016 0.00894389 0.026095 0.0356676 0.0408926 0.0350117 -0.00369636 0.079487 0.145937 0.0543751 0.100123 0.0267546 -0.0464912 0.00386226 0.078808 -0.010034 0.0573008 -0.0186034 -0.00145213 -0.0661568 0.0674115 0.0753263 0.0634463 0.101519 0.0733207 0.109292 0.188219
internal_weight=0 191.11 10.4762 180.634 172.308 90.51 82.4478 80.0029 78.0403 26.0218 8.83961 5.66831 52.0185 19.5831 32.4355 17.1822 9.65926 4.56464 81.7978 9.23486 72.5629 53.7928 10.8778 3.08855 17.4167 16.5418 10.8775 9.47755 7.82415 4.11538
internal_count=46916 4309 101 4208 3985 1881 1729 1658 1615 539 104 64 1076 428 648 435 142 61 2104 222 1882 1385 335 135 401 369 194 163 134 76
is_linear=0
shrinkage=0.1


Tree=90
num_leaves=31
num_cat=0
split_feature=14 14 14 14 6 35 14 6 34 0 38 38 29 6 6 14 33 1 3 1 35 38 31 38 25 49 25 19 26 9
split_gain=2.49942 22.8504 11.4551 11.6097 10.3405 9.18337 8.89335 19.8926 8.75425 8.68919 7.63948 13.1123 21.1741 8.31275 16.1772 11.8608 8.9258 8.75268 13.4517 9.72485 8.32113 8.29596 10.7874 10.4327 8.29183 16.5496 9.78394 12.0341 11.8909 10.1528
threshold=-0.32960661103494088 -0.15639312149084744 -0.11671931538293333 -0.064281232658566653 -0.39239838326859328 4.9787236971600306 0.085202101374815639 -0.14411269512555652 0.01902320408709034 -0.61846297161607688 169.50000000000003 168.50000000000003 -0.35133473846169899 -0.57392611015135275 -0.7293009520788577 -0.53307134347145668 2.3809433920453569 -0.63381224172116546 1.638456477157215 -0.96264479585981177 1.0010369585357484 236.50000000000003 -0.8188157421135166 264.50000000000006 -1.2578510280210173 2.5000000000000004 -0.073811266127575673 -0.33310512795462993 -0.22641215096205902 1.0428275902876012
decision_type=2 2 2 2 2 2 2 2 2 2 2 2 2 2 2 2 2 2 2 2 2 2 2 2 2 2 2 2 2 2
left_child=4 -2 -3 -4 5 10 7 -5 -7 -10 11 13 -13 14 17 24 -17 18 19 -1 -21 22 -12 -23 25 -15 -26 28 -28 -30
right_child=1 2 3 6 -6 8 -8 -9 9 -11 21 12 -14 15 -16 16 -18 -19 -20 20 -22 23 -24 -25 26 -27 27 -29 29 -31
leaf_value=0.35361548253276665 -0.043272783172678686 0.03593141824983883 -0.052693881620089436 -0.0030725841643179813 0.067478235734520095 0.067393446943891988 -0.0029421109444387077 0.096023030827419975 0.13986589038818331 -0.016382511221650152 -0.01262676041561691 -0.061673646973206056 0.1836192437626567 0.48273620888794588 -0.049700598691328285 -0.011155772367234321 0.33776577236532002 -0.0021132856688256155 0.010778088375388392 -0.015828314098737542 0.16095881837784864 0.065871756802993939 -0.086295071111112148 -0.0094040086853710691 -0.01326969009610434 -0.10266782737554028 0.088502353852027385 0.10957826511642864 -0.09740136594944751 0.045529349996718725
leaf_weight=1.6997874276712526 127.74830788979307 89.228288191836327 42.50491786270868 59.909909660229459 24.507479050662369 39.873191458173096 676.32643911021296 30.606289200019091 3.9802098982036105 33.64540052996017 54.28234109072946 5.4319374188780776 9.9934938177466375 1.2021687244996422 65.507784874993376 71.864887781091966 0.74070445448160072 252.43825264065526 32.496097254566848 4.1550664147362095 7.4115643268451095 19.854394922964275 31.361274125054479 253.30876122077461 23.41203678783495 0.80716974847018708 15.542656395118682 29.302521982812323 10.268828394589947 9.6305957981385273
leaf_count=29 3814 878 1210 1077 246 431 22927 434 22 446 688 56 118 23 1923 2102 10 3912 385 73 99 189 694 3767 551 57 150 385 144 76
internal_value=0 -0.00369929 0.00192677 -0.00182214 0.00332065 0.00171328 0.000997601 0.0304347 0.0347449 0.000146162 -0.00112881 0.00636508 0.0972414 0.00370248 -0.00470361 0.0224856 -0.00759616 0.00518118 0.0454194 0.130273 0.0974518 -0.0124468 -0.0396029 -0.00393272 0.0467088 0.247574 0.0421305 0.0621636 0.0229625 -0.0282281
internal_weight=0 1026.32 898.576 809.348 1002.72 978.211 766.843 90.5162 77.4988 37.6256 900.712 541.906 15.4254 526.48 363.709 162.772 72.6056 298.201 45.7625 13.2664 11.5666 358.807 85.6436 273.163 90.166 2.00934 88.1566 64.7446 35.4421 19.8994
internal_count=46916 30340 26526 25648 16576 16330 24438 1511 899 468 15431 10093 174 9919 6421 3498 2112 4498 586 201 172 5338 1382 3956 1386 80 1306 755 370 220
is_linear=0
shrinkage=0.1


Tree=91
num_leaves=31
num_cat=0
split_feature=28 28 19 29 3 13 35 25 21 22 19 49 19 20 22 22 0 25 34 21 4 31 12 25 4 4 27 25 11 27
split_gain=2.48179 4.82616 4.68027 4.49136 4.62967 4.68545 4.24998 5.83464 5.03382 4.09736 3.87304 5.74291 5.31229 4.9566 4.47709 7.42366 5.71083 5.35942 3.83614 5.4232 3.82612 4.08791 5.65645 5.4657 3.68219 3.64734 3.56191 10.2686 9.20634 7.80096
threshold=-0.62864581836715072 -0.64317805146759077 0.73294579460781273 0.43352447166684066 -0.66899200611042298 -0.48372572366675798 3.0000001034646657 -0.32500682699102751 1.5492256482796067 -0.50526933583442724 0.66770768370400402 2.5000000000000004 -0.50317957148453341 0.4207629695505179 -0.55887660665485639 -0.64000738738409468 -0.58064126329130317 -0.17387215095692959 0.021943073552100175 1.3762767253431247 0.46710541608272504 -0.72880613687130036 -0.71791590018375373 0.1990767998630833 2.0497609936958612 1.6554831752774053 0.53648578783333378 -0.51952147660913484 -0.20122569100803317 0.61078699801818459
decision_type=2 2 2 2 2 2 2 2 2 2 2 2 2 2 2 2 2 2 2 2 2 2 2 2 2 2 2 2 2 2
left_child=1 2 9 -4 -5 -6 8 -8 18 10 11 12 -1 -12 15 -13 17 -17 -3 -20 -14 22 -22 -24 -7 -10 -2 -28 29 -29
right_child=26 6 3 4 5 24 7 -9 25 -11 13 14 20 -15 -16 16 -18 -19 19 -21 21 -23 23 -25 -26 -27 27 28 -30 -31
leaf_value=-0.16790218802886361 0.0017279325497248062 0.064496955522763966 0.087548127263615716 -0.17529730178333047 0.10971460144071632 -0.092817986781053657 0.21420471976766425 0.051122275489304481 -0.06186639120098332 0.080594868465709998 -0.26116121156042371 -0.081745573337232758 -0.11667549007958132 -0.029698782409552194 -0.10844698454117251 0.13224156527559019 0.10304878837559631 -0.042126768733958583 -0.032098295822442446 0.13956330102322048 0.086535865096786235 0.099494644941186206 0.029682439443839866 -0.23154130169083201 0.049985409097636921 0.089490893946776173 -0.065432469994837164 -0.046715393931374055 -0.19789885528487136 -0.00054743846994119807
leaf_weight=1.2713178843259836 1280.4103112608427 20.800089372321963 9.7821444682776946 1.3863969054073084 3.7320005958899847 3.9826030125841489 2.6262496034614751 13.323372519575056 10.034247685689477 4.105513332411646 1.5059613287448876 12.582147630862886 1.369308029301467 2.3989301547408104 7.2944448776543132 2.0609647836536142 5.5037829922512254 12.18075745180249 11.254253545077516 2.2001797328703097 3.4244639044627547 9.4986720103770441 1.6348292175680463 1.5703803841024635 3.3032635771669447 1.8923465106636275 29.24286003340967 39.37379026808776 2.4544296832755199 519.29546509473585
leaf_count=12 34436 298 192 24 74 54 37 148 114 34 16 169 18 47 68 31 57 125 105 24 96 150 35 17 83 20 1044 847 20 8521
internal_value=0 0.0121041 -0.00288185 0.0368825 -0.00307305 0.0185982 0.0334714 0.0779753 0.0181011 -0.0161681 -0.0225451 -0.0160971 0.029469 -0.118965 -0.0376817 -0.0217141 0.0165388 -0.0168934 0.0375823 -0.00402678 0.0438092 0.0574345 -0.00282718 -0.0983031 -0.0280738 -0.0378511 -0.00123496 -0.00766101 -0.00465026 -0.00380126
internal_weight=0 150.719 88.5879 22.1864 12.4043 11.0179 62.1307 15.9496 46.1811 66.4015 62.296 58.3911 18.769 3.90489 39.6221 32.3277 19.7455 14.2417 34.2545 13.4544 17.4977 16.1283 6.62967 3.20521 7.28587 11.9266 1870.78 590.367 561.124 558.669
internal_count=46916 2048 1302 427 235 211 746 185 561 875 841 778 328 63 450 382 213 156 427 129 316 298 148 52 137 134 44868 10432 9388 9368
is_linear=0
shrinkage=0.1


Tree=92
num_leaves=31
num_cat=0
split_feature=38 4 23 20 13 5 23 26 28 1 29 29 15 0 42 35 34 20 29 20 31 31 31 6 9 7 6 7 22 32
split_gain=2.46965 5.91992 4.05094 8.91071 6.05568 6.59477 4.14868 4.16383 3.54658 3.25126 2.40319 7.47014 5.43381 4.93424 4.68243 6.44644 7.50558 5.03032 5.23968 6.25197 9.35999 7.66359 5.30907 8.10032 5.18164 8.32601 6.13384 8.34571 5.44739 4.44099
threshold=3.5000000000000004 2.2989887961887345 -0.65751459470241669 0.31406865669271267 -0.64467689771978154 -0.69260227558354204 -0.6575551811687953 -0.22641215096205902 -0.32940671668665106 1.6380967614493611 0.21521390359435094 0.15188824509523755 -0.75119275679757225 6.3492328427342537 0.21875000000000003 0.0055530883761374826 0.00076066208467557824 0.081588426413277612 0.2744202508609605 -0.18824687593834685 -0.16062387975458001 -0.080502123967860273 0.27292639087842424 0.44509317018036765 0.78268920649631857 -0.48890179847884896 -0.41967985657519608 2.8456816154931484 -0.13195144817339402 -0.23516933315307459
decision_type=2 2 2 2 2 2 2 2 2 2 2 2 2 2 2 2 2 2 2 2 2 2 2 2 2 2 2 2 2 2
left_child=1 2 3 6 5 -4 -1 -8 9 -7 11 -2 -12 14 15 16 -14 18 19 20 -16 -22 -23 -24 25 -19 29 28 -28 -27
right_child=10 -3 4 -5 -6 8 7 -9 -10 -11 12 -13 13 -15 17 -17 -18 24 -20 -21 21 22 23 -25 -26 26 27 -29 -30 -31
leaf_value=-0.082201340146687021 -0.00086142713071962111 0.16835510230345327 0.27914819298113913 0.22173579151293177 -0.088065996631970914 -0.10544536219809984 -0.054747557437348215 0.26953514529422923 -0.17994820243497078 0.10743041319801439 -0.095417913131827417 -0.05064630821699511 0.069460055186079075 -0.1969525734194858 -0.036962988172869936 0.056097469106164088 -0.10189191104640981 -0.09380249674104818 0.0097095700253512825 0.14327594933111745 0.44596771623760278 -0.10263639677188666 0.55494111876446572 0.072335965035370139 0.0051037434265947361 0.060627364661095175 -0.075938450683653652 0.14485192370754985 0.15359349525366595 -0.0095460968854359923
leaf_weight=4.5054607982747248 1407.1440319721587 1.4640538031235326 0.9155578571371733 1.7683427855372427 17.055754991830323 1.0894008767791095 0.79903344484046102 0.78491071006283852 1.0138568263500989 2.1014394359663129 5.2481384957209221 30.799018920050003 4.3120460323989374 1.1856561025488179 8.3720355040859431 38.028284720145166 6.2779634818434715 15.035525917308403 252.91717920568772 6.5535866292193523 0.71998009015806053 1.0227765403687965 0.44298493210226331 1.6184477963251991 138.44078268180601 12.957170618465168 23.320999323157601 2.0386087987571946 1.0819240473210801 29.668436579173431
leaf_count=224 33931 31 22 18 686 32 43 34 51 30 80 646 69 21 235 594 37 171 6725 94 24 75 14 76 1891 176 432 16 22 416
internal_value=0 -0.0280008 -0.0375726 0.0241247 -0.0594341 0.0359398 -0.0332609 0.105948 -0.017018 0.0347514 0.000221488 -0.00192776 0.00584832 0.00682528 0.00727039 0.0368818 -0.0321207 0.00435723 0.013489 0.0645245 0.0221383 0.152205 0.0836287 0.176044 -0.00678946 -0.0263668 -0.0116864 -0.0495239 -0.065762 0.011785
internal_weight=0 31.4978 30.0338 7.85775 22.176 5.12025 6.0894 1.58394 4.2047 3.19084 1987.19 1437.94 549.243 543.994 542.809 48.6183 10.59 494.19 271.647 18.7298 12.1762 3.80419 3.08421 2.06143 222.543 84.1027 69.0671 26.4415 24.4029 42.6256
internal_count=46916 1171 1140 319 821 135 301 77 113 62 45745 34577 11168 11088 11067 700 106 10367 7243 518 424 189 165 90 3124 1233 1062 470 454 592
is_linear=0
shrinkage=0.1


Tree=93
num_leaves=31
num_cat=0
split_feature=28 21 30 7 25 26 38 34 40 10 13 9 3 25 25 25 0 20 15 11 15 36 8 35 3 5 4 42 19 26
split_gain=2.42594 4.86096 4.70485 4.39711 5.47432 5.68001 6.38998 5.98056 4.55957 4.62283 7.46042 4.22069 5.61462 4.86206 8.40191 4.12931 5.08122 5.11364 4.09027 3.94772 3.82736 3.54022 3.10203 2.98811 2.91358 2.88591 3.8556 6.73505 8.21254 17.3117
threshold=1.1694869649907251 -0.39270041079640033 -0.092359519588613284 -1.1503887180640058 -0.46929964055508439 1.3309690408803923 33.500000000000007 0.007559481706723826 0.33500000000000008 -0.9705258753957583 3.0672799798110444 -1.1205217118454165 -0.73936761883306235 -0.7759567511104889 -0.80288931825312704 1.0460751296154449 2.3908504208210455 -0.45836792687283112 0.63634540301971221 4.5052195004146522 0.47493857386414023 3.5000000000000004 3.5893107819103243 3.0240388752901493 -0.058106292266709207 -1.3792657271272117 -0.91714368945372271 0.28125000000000006 -0.71404669611039051 -0.15784185619922228
decision_type=2 2 2 2 2 2 2 2 2 2 2 2 2 2 2 2 2 2 2 2 2 2 2 2 2 2 2 2 2 2
left_child=22 3 -3 4 5 6 -2 -8 15 10 -10 -5 -13 14 -14 -6 17 -17 -9 -15 -12 -19 25 -22 -21 -1 27 -27 29 -29
right_child=1 2 -4 11 8 -7 7 18 9 -11 20 12 13 19 -16 16 -18 21 -20 24 23 -23 -24 -25 -26 26 -28 28 -30 -31
leaf_value=-0.076219857918801107 -0.10971345480927186 0.36695854828990931 -0.11302995355843613 -0.10255375822440216 -0.096098103025518841 -0.10496234531159941 0.27538975763845847 -0.10486124160607638 -0.090249319423238925 0.19258474442443463 -0.069511287769631794 0.26748115690173102 -0.014807002320054477 -0.048230592150307582 0.70058473411745814 0.14918182579735204 -0.11924516569626714 0.058836466526058367 0.20935383580024891 0.19882324738131785 0.25482358941158589 -0.10987058409222378 0.054966961905141991 0.078545412137548981 -0.014720534972004243 -0.039669264297482736 -0.0002679336234373048 0.047338785441450586 0.018668590685063241 0.34859035515555642
leaf_weight=4.93282698735129 0.86135361599735816 0.21069657453335811 6.6366329088341436 7.5010167231084806 7.0044156056828859 1.1488953607622532 2.8554651942104101 0.91593622625805415 3.8974579737987352 1.7769334502518166 1.2307068654336033 0.67627193965018051 0.48171076807193458 19.835061313584447 0.24904369493015721 2.8751658357214183 2.5613212584867142 2.7274028621613962 0.75641542719677091 1.1824567639268937 1.3409240623004732 2.2866820143535733 10.386470560450105 3.3994204164482653 1.3900045894552011 9.7569518366362882 1888.7744133280357 6.6835481598973274 18.817707404377874 2.6694686885457468
leaf_count=254 37 9 479 829 191 45 35 45 129 12 35 16 40 1077 26 29 38 22 10 30 28 43 137 43 27 189 41871 190 953 47
internal_value=0 -0.0180082 -0.0982604 -0.00980093 0.0142214 0.0969071 0.139943 0.187436 -0.00435577 0.0441054 0.0173701 -0.0371394 -0.0165355 -0.0248365 0.229001 -0.0366876 0.00313179 0.0428626 0.0372603 -0.0331147 0.0876161 -0.0181027 0.000463465 0.12841 0.0834369 0.000170397 0.000365975 0.0319342 0.0567342 0.13332
internal_weight=0 73.8014 6.84733 66.9541 35.6385 6.53807 5.38917 4.52782 29.1004 11.6454 9.86851 31.3156 23.8145 23.1383 0.730754 17.455 10.4506 7.88925 1.67235 22.4075 5.97105 5.01408 1942.02 4.74034 2.57246 1931.63 1926.7 37.9277 28.1707 9.35302
internal_count=46916 3275 488 2787 742 172 127 90 570 247 235 2045 1216 1200 66 323 132 94 55 1134 106 65 43641 71 57 43504 43250 1379 1190 237
is_linear=0
shrinkage=0.1


Tree=94
num_leaves=31
num_cat=0
split_feature=46 49 6 8 2 46 40 27 20 10 27 5 8 32 24 7 3 31 11 21 38 3 1 23 11 27 9 6 5 6
split_gain=2.41119 3.64085 4.37558 3.85916 5.93762 5.02652 3.03128 2.96188 7.38013 4.73649 8.85687 4.76618 4.58416 4.41437 4.24633 4.04088 7.07625 4.62665 3.58672 6.17972 6.61786 9.23525 5.87456 6.15612 5.96294 5.17988 6.0592 5.50223 6.00341 7.93783
threshold=32.500000000000007 21.500000000000004 -0.65165509276269695 -0.67381075976077465 -0.86451324724609435 22.500000000000004 0.22500000000000003 2.2881137183496691 0.46328840717845293 -0.20281544134667503 2.6770165026469819 -0.69260227558354204 -0.68045660522688289 1.6145172336276692 -0.23294760964130695 -0.72317250744954775 1.2368488818571912 0.12487903423450415 -0.94521893352384811 0.77191730891833121 2176.5000000000005 -0.22072075379366729 -0.98998069593902438 -1.4526776839330557 -0.6880141317958679 0.37483913484805237 -1.044192191004828 1.3947814230337527 -0.42446810281671682 -0.57392611015135275
decision_type=2 2 2 2 2 2 2 2 2 2 2 2 2 2 2 2 2 2 2 2 2 2 2 2 2 2 2 2 2 2
left_child=1 7 3 4 5 -3 -4 18 14 10 11 -10 13 -11 -9 16 -12 -17 -1 -20 22 -22 -21 -24 25 -25 -27 28 -28 -30
right_child=-2 2 6 -5 -6 -7 -8 8 9 12 15 -13 -14 -15 -16 17 -18 -19 19 20 21 -23 23 24 -26 26 27 -29 29 -31
leaf_value=-0.01276124464840861 0.092525298924230032 -0.062185981538371661 0.10766380021718878 -0.069003795410149116 0.17513037218179645 0.13839364288949527 -0.10450195861329858 -0.043213279332648319 0.043918470098232264 0.1198242441673249 -0.18218796349918551 0.20610643480590288 1.0312576540044408e-05 0.020943614485814319 0.076801960010482395 0.14350290584126082 0.06595851133252105 -0.01601040637646178 -0.00049959917898262059 -0.065572577304980853 -0.042485808467489908 0.22996081749300123 0.18234659598047148 -0.056533226638202018 0.20693244886278236 0.22209528632595965 -0.039302514885467849 0.21777224795558836 -0.017676323918543586 0.087561212964509957
leaf_weight=221.69301918020938 2.7995278201997271 4.9004210304701701 0.72566388268023629 5.5201016608625677 2.3162315418012422 1.676911918679252 9.3503946255659667 24.483275842387233 2.6981261502951384 7.2594565418548909 2.2527434136718512 5.5163191668689269 45.232741903280839 11.941983886528758 3.3516713720746329 3.6555730076506716 2.3458490925841033 3.617940429598093 1582.7463155207224 6.9999166415072969 1.906526277773082 3.5813612509518853 2.5824989220127454 7.8602501462446517 1.732145960908382 1.6073913201689638 12.79390435316599 1.4232156563084561 12.473586720880112 16.848742451518799
leaf_count=6491 24 150 13 250 60 21 1149 275 21 86 20 47 422 189 38 33 26 42 35877 238 42 35 36 418 25 24 352 38 196 278
internal_value=0 -0.000344606 -0.0386667 -0.00332525 0.0374404 -0.0110476 -0.0892221 0.000127806 0.0158983 0.0306061 0.0730047 0.152834 0.0173888 0.0583272 -0.028762 0.0177699 -0.0556027 0.0641589 -0.000817585 0.000784676 0.0299022 0.135311 0.0209088 0.0314696 0.0243514 0.0183851 0.0314287 0.0243897 0.0178548 0.0427936
internal_weight=0 2011.09 24.4897 14.4137 8.89356 6.57733 10.0761 1986.6 112.356 84.5207 20.0866 8.21445 64.4342 19.2014 27.8349 11.8721 4.59859 7.27351 1874.25 1652.56 69.8095 5.48789 64.3217 57.3217 54.7392 53.0071 45.1468 43.5394 42.1162 29.3223
internal_count=46916 46892 1643 481 231 171 1162 45249 1199 886 189 68 697 275 313 121 46 75 44050 37559 1682 77 1605 1367 1331 1306 888 864 826 474
is_linear=0
shrinkage=0.1


Tree=95
num_leaves=31
num_cat=0
split_feature=4 32 32 13 3 26 9 25 3 42 9 0 8 14 4 27 28 6 31 19 19 19 35 20 27 32 35 31 15 1
split_gain=2.31621 5.75386 6.8328 6.32646 6.68376 5.70334 5.41866 7.02394 4.82406 5.72925 10.5148 4.46817 5.34237 4.27549 5.65176 5.78573 8.9306 5.03016 4.98154 11.717 4.57628 5.98633 5.67064 5.88762 7.51071 5.54498 4.16469 4.12415 5.97103 4.98408
threshold=1.934616765636842 1.3185732061990931 -1.2627065247557456 -0.80989176709430877 -0.65214926826654829 0.66126319493294361 0.71030142077665437 -0.039619390842207329 1.1003408357053439 0.84375000000000011 0.9045600297268207 -0.42828662303587778 0.5744581293295884 -1.507797691239684 0.13513830807638938 0.15775415972850473 0.26547862960918689 -1.014765766989193 -0.93785596533113214 -0.61097539642465903 -0.51942218052568412 1.0000000180025095e-35 1.9997339394412064 -0.17245522297068774 0.52344894434241185 0.33479579754884342 1.0062659012505974 -1.0714543711766586 1.6098330451571041 0.44594214793755377
decision_type=2 2 2 2 2 2 2 2 2 2 2 2 2 2 2 2 2 2 2 2 2 2 2 2 2 2 2 2 2 2
left_child=13 2 5 -4 -5 -2 -3 -8 9 -6 -11 12 -9 14 15 16 26 -18 19 -15 -16 27 -23 -24 25 -25 -1 -22 29 -29
right_child=1 6 3 4 8 -7 7 11 -10 10 -12 -13 -14 18 20 -17 17 -19 -20 -21 21 22 23 24 -26 -27 -28 28 -30 -31
leaf_value=0.07637922651601313 0.22105313871979254 -0.14220228462293422 -0.2010659398361547 0.066148387987135168 -0.0062168521797670729 0.029896467371411869 0.17116999303741542 0.038420569261788787 0.064974521206690145 0.025743792726685928 -0.16526910241127196 0.12406307934041337 -0.11511469831532213 0.19559670020045772 -0.0716585899911652 -0.04037634055683862 0.06939686645147862 -0.084587198611990766 -0.00062951320418246201 0.0056755885838022883 -0.050760736106673122 -0.12967220122066164 -0.13698566319637479 -0.0080690994927033726 -0.094805726941382173 0.21063728371839488 0.26071774285647864 0.060446444617573973 0.21375278079420115 -0.058823475951088333
leaf_weight=2.4144806545227793 2.4782074242830268 1.363201886415484 1.593979573342948 13.330615942832081 83.340146106202155 4.2163017652928829 4.8470107857137981 14.665384713560352 8.1016603177413327 5.158144520595668 6.5305490950122476 4.7606463530100802 2.6805380447767666 4.3361572250723865 24.437019382370636 9.2575102774426323 4.7621966153383246 3.8256791410967699 1751.1504779475508 12.949348936788736 6.9043528959155109 7.2347189811989692 2.8469884633086631 2.143563732504842 2.8952653123997152 2.5245301690883934 2.489069739356637 10.554283234756442 1.786071722395717 5.2447588779032221
leaf_count=34 33 19 29 307 1414 68 57 287 73 68 75 90 25 26 421 123 52 50 42909 108 107 124 52 25 35 27 26 157 20 75
internal_value=0 0.0116176 0.00238039 -0.00319271 -0.000484461 0.10066 0.0523123 0.0621501 -0.0090974 -0.0154124 -0.0809764 0.0382467 0.0146941 -0.00118035 -0.0225264 0.0205045 0.0622795 0.000800901 -0.000102203 0.0533183 -0.037231 -0.0172638 -0.0616695 -0.0144107 0.0317287 0.110208 0.16995 0.0147313 0.0404451 0.0208528
internal_weight=0 153.066 124.75 118.055 116.461 6.69451 28.3168 26.9536 103.131 95.0288 11.6887 22.1066 17.3459 1857.76 89.3205 22.7489 13.4914 8.58788 1768.44 17.2855 66.5716 42.1345 17.6451 10.4103 7.56336 4.66809 4.90355 24.4895 17.5851 15.799
internal_count=46916 2545 2067 1966 1937 101 478 459 1630 1557 143 402 312 44371 1328 285 162 102 43043 134 1043 622 263 139 87 52 60 359 252 232
is_linear=0
shrinkage=0.1


Tree=96
num_leaves=31
num_cat=0
split_feature=32 38 38 29 19 10 2 17 18 16 17 19 13 8 0 46 15 27 5 5 29 4 21 38 0 8 4 28 27 7
split_gain=2.20669 3.81686 4.04789 4.92064 2.48733 3.35517 2.34223 6.1692 6.07287 7.2472 6.97959 6.83831 4.98563 4.94646 7.12166 7.29201 4.60441 7.2691 8.05939 14.7997 6.67968 10.4859 6.06565 5.84788 5.78571 5.78992 5.66256 5.4571 6.17146 8.80888
threshold=2.5853594771023571 683.50000000000011 23.500000000000004 -0.66207877637753287 -0.80076912926925792 -0.8608056741653306 0.67138275743473941 0.0049100215529833411 -1.0197270978766102 -0.0098834120820636574 0.0076326634019912775 -0.69264065438538969 3.4048497657234629 0.57504547763821068 3.3841790292389624 2.5000000000000004 0.66857807178401485 -1.1013028835772687 -0.20931384945784984 0.16404850966667012 -0.70887247345329951 1.0250829033217872 -0.92108399832960419 53.500000000000007 1.5507107366656272 2.5839676253838797 0.98199693812995847 -0.61102217181294904 1.4702761280380507 2.1141217890174913
decision_type=2 2 2 2 2 2 2 2 2 2 2 2 2 2 2 2 2 2 2 2 2 2 2 2 2 2 2 2 2 2
left_child=4 2 -2 -4 5 -1 13 12 -9 10 11 -10 16 -6 15 -15 20 -18 -19 -20 21 26 -22 -21 -25 -26 27 28 -8 -30
right_child=1 -3 3 -5 6 -7 7 8 9 -11 -12 -13 -14 14 -16 -17 17 18 19 23 22 -23 -24 24 25 -27 -28 -29 29 -31
leaf_value=-0.067612632625931729 0.11017287463551578 0.1093593961149701 -0.1133431569620961 0.017470554271508124 -0.0015647741157804335 0.14705410551243084 0.11187172775776331 -0.060347164726001802 0.31635359452894662 0.24690954697067685 0.013378498422377509 0.082950086664265982 -0.095280380107359758 -0.14733680224794996 0.12841046685006027 -0.023688937856202404 -0.020742235154256276 -0.021361493634737366 0.27878545846399877 -0.060402329689792603 0.094064829803687036 -0.065241443211183414 0.011130868292388851 -0.062275451347707289 0.22346640535944406 0.038376800811642978 0.20319863855770187 -0.0091446341160849372 0.046831330385903543 -0.1448325527665239
leaf_weight=9.1377073789481056 3.442650596611208 4.7795166494324794 3.5708709415048423 14.766642745118583 1464.4410986789735 0.79112552432343264 8.2729467088356632 4.5065006386721498 1.504629580536857 2.0251738214865318 17.314541956991889 7.5739227419253492 5.1380560146644703 7.1567644674796673 2.0907547788228831 14.298561719479038 13.031797541363629 6.3874548050807816 3.9702554719988248 3.1770250604022285 9.3099791639251617 30.2102564224042 167.17571808118373 1.7791285985149423 3.7563854779582471 3.0724508296698332 1.3345630764961232 180.86422524496447 10.252036034129558 3.1300717126578084
leaf_count=242 44 47 28 161 32714 8 92 237 26 36 385 125 71 120 56 492 479 151 52 45 239 431 4561 26 33 30 17 5827 105 36
internal_value=0 0.0284348 0.0106764 -0.00800285 -0.000582036 -0.0505081 -0.000330634 0.00571384 0.0475015 0.0646039 0.0506153 0.121633 0.00266224 -0.00229586 -0.0477658 -0.0649336 0.00379127 0.0385147 0.0733896 0.111803 0.000816284 -0.0102597 0.0155058 0.0555487 0.0983439 0.14019 -0.00211164 -0.0034646 0.0439754 0.0020012
internal_weight=0 26.5597 21.7802 18.3375 1981.7 9.92883 1971.77 483.787 32.9248 28.4183 26.3931 9.07855 450.862 1487.99 23.5461 21.4553 445.724 35.1745 22.1427 15.7552 410.55 234.064 176.486 11.785 8.60796 6.82884 203.854 202.519 21.6551 13.3821
internal_count=46916 280 233 189 46636 250 46386 13004 809 572 536 151 12195 33382 668 612 12124 816 337 186 11308 6508 4800 134 89 63 6077 6060 233 141
is_linear=0
shrinkage=0.1


Tree=97
num_leaves=31
num_cat=0
split_feature=14 14 14 14 38 9 6 35 38 38 38 38 7 33 38 28 29 14 29 40 21 49 35 34 0 32 35 31 20 20
split_gain=2.19628 18.6908 9.55558 11.4277 8.03454 9.74371 7.89213 7.77653 7.41014 7.19799 10.2033 8.09176 7.71636 7.50379 7.23282 7.10012 7.02157 8.53325 7.79343 6.95311 8.46707 6.94432 7.97134 7.55305 7.22217 7.20385 6.41088 9.33027 11.4915 14.5682
threshold=-0.32960661103494088 -0.15639312149084744 -0.10418135980451279 -0.082086104021408313 1172.5000000000002 0.15066954889719533 -0.39239838326859328 1.0123404894434822 73.500000000000014 106.50000000000001 129.50000000000003 99.500000000000014 2.840448657665299 0.13097176091808607 134.00000000000003 -0.65147764298061395 -0.69101216177704561 0.69346175455202463 -0.69233395803513098 0.14500000000000005 -0.13403442240847571 2.5000000000000004 4.0171422152457295 0.012402216627463996 -0.75312574474915539 0.51128727537460572 1.0195020329406945 -0.018771730756004839 -0.45836792687283112 -0.52311740813807506
decision_type=2 2 2 2 2 2 2 2 2 2 2 2 2 2 2 2 2 2 2 2 2 2 2 2 2 2 2 2 2 2
left_child=6 15 4 -4 -3 -6 7 -1 16 11 12 -10 -11 19 -12 -2 17 18 -5 -13 -21 -9 25 -24 -25 -23 27 28 29 -16
right_child=1 2 3 8 5 -7 -8 21 9 10 14 13 -14 -15 26 -17 -18 -19 -20 20 -22 22 23 24 -26 -27 -28 -29 -30 -31
leaf_value=-0.0084370948541273253 0.086802801833879145 0.024343647509662066 -0.05824797461456338 0.034194660938149178 0.30002399789542972 0.036850842005644729 0.058777352717040182 0.027957428233210874 0.016267518903099763 -0.065910866819652705 0.21453003601974721 0.28469616272269749 0.17329909130241544 -0.0094137130736196822 0.094394880193806555 -0.044389948094823883 -0.02449302340694072 -0.052311623059114312 0.36422320602287778 -0.070646982854855336 0.17083232152633826 -0.019154698349959875 0.062355335915686642 0.12378513499667841 -0.015298146345743219 0.011090003198264548 -0.0032220135138272075 0.0069380854053039112 0.032699075886101062 0.39761352146060003
leaf_weight=422.98906311416067 4.2726228293031445 87.309606808936223 34.484550178865902 39.144152528082486 2.4024602412246159 3.3946769507601857 24.872730282368138 149.94659207109362 29.072263117413968 27.43724641867448 1.6752105271443714 2.9189791311509889 1.418213628232478 3.8540907055139533 8.7959136387798917 119.56340104306582 171.61300209298497 13.284735838184131 0.72884873044676979 2.039373437408357 5.0416375920176515 161.46310661139432 39.069662084802985 4.1913065128028384 34.182108996668831 153.73747005674522 279.48504984378815 135.69609678746201 40.768581581301987 1.932657420169561
leaf_count=7328 55 874 1084 1851 39 30 246 1956 838 1197 10 38 26 49 202 3759 9954 1657 23 51 44 3981 432 25 464 2144 5575 2509 453 22
internal_value=0 -0.00345726 0.00159419 -0.00193712 0.0319131 0.145916 0.00315972 0.00172704 0.000601561 0.00695089 0.00355896 0.0462391 -0.054154 0.109133 0.00711468 -0.0398635 -0.0146562 0.0171008 0.0402273 0.154822 0.101285 0.00965073 0.00265959 0.031405 -0.000106883 -0.004403 0.00637013 0.0206915 0.056932 0.149017
internal_weight=0 1016.33 892.497 799.391 93.1067 5.79714 990.452 965.579 764.906 540.135 497.209 42.9263 28.8555 13.8541 468.354 123.836 224.771 53.1577 39.873 9.99999 7.08101 542.59 392.644 77.4431 38.3734 315.201 466.678 187.193 51.4972 10.7286
internal_count=46916 30340 26526 25583 943 69 16576 16330 24499 11014 9994 1020 1223 182 8771 3814 13485 3531 1874 133 95 9002 7046 921 489 6125 8761 3186 677 224
is_linear=0
shrinkage=0.1


Tree=98
num_leaves=31
num_cat=0
split_feature=10 34 9 25 0 2 21 19 29 38 32 38 31 5 10 5 38 33 1 29 5 24 2 9 40 2 20 38 31 1
split_gain=2.26453 5.22833 4.4917 5.63734 5.69231 5.07348 6.33968 5.0755 9.82097 7.90252 7.59529 5.96744 5.03578 4.48737 4.03628 7.01686 7.30724 9.53592 4.75761 7.99898 6.46902 4.94161 4.39316 4.25855 4.25588 3.9901 3.98609 3.95448 4.82908 3.66852
threshold=1.5538125748340554 0.0043558394365840235 1.6091520417447176 -0.38488551798902104 -1.0849514178143667 0.24043180927708246 -1.1668659587408852 2.0662214064124478 1.5855065784618116 2270.5000000000005 0.99620252043966862 1.0000000180025095e-35 0.26578827138617117 1.625828272005776 1.4438566508537451 -0.52005560689765595 42.500000000000007 2.1623004914172008 1.3261781174378513 1.4665999530776717 0.33843458580574087 -0.24386695648700307 -0.9434904615772316 -0.023277805961433098 0.12500000000000003 0.41293895371785644 1.5634480165574687 549.50000000000011 -0.90409872184390105 1.4553653928247847
decision_type=2 2 2 2 2 2 2 2 2 2 2 2 2 2 2 2 2 2 2 2 2 2 2 2 2 2 2 2 2 2
left_child=14 2 3 -2 -5 7 -7 11 10 -10 -9 -6 13 25 18 23 17 24 -1 20 22 26 -20 -16 -17 -8 27 28 -22 -18
right_child=1 -3 -4 4 5 6 12 8 9 -11 -12 -13 -14 -15 15 16 29 -19 19 -21 21 -23 -24 -25 -26 -27 -28 -29 -30 -31
leaf_value=-0.0015252052121980334 0.057120181038892173 -0.0057074458314959973 0.096599580747955494 -0.20664968874547235 -0.15780896192600177 -0.21439095984041723 -0.10656338461353583 -0.26215395096206573 0.064948765832795005 -0.27654493697356464 0.034501670255714968 0.04853846884266038 -0.18371994836374331 -0.17609047897580185 0.20371552228297973 -0.13747351317253428 -0.003871236124419631 0.146041748680764 0.2226869428079048 -0.063101131359325102 0.12085923355131359 0.14284197507029203 0.064148344765495635 0.020559259633968943 -0.0082658496513445638 0.037582994286364031 0.093309800437946372 -0.11598277452131996 -0.031392653706151831 -0.095801970139706039
leaf_weight=1661.2710438104114 28.242745960596949 113.84751594462432 8.0922635952010733 1.2546857027336944 1.4535167310386885 1.7928846366703535 2.2660347698256436 2.5938881319016205 6.9366151471622288 0.75100777857005585 1.2934081694111226 39.154647422023118 1.6467813663184632 1.3307272130623449 1.7617149166762827 2.9941734978929224 5.4869767725467709 3.75840223673731 1.8751710439100886 8.4261693577282113 2.536090861540294 2.3038654550909987 25.745047534466721 4.5432112282142034 17.155637752264738 12.587474123574792 3.112461455166339 4.0727079906500867 11.666712021688001 20.780215879902244
leaf_count=41753 596 1370 298 34 17 26 41 34 188 9 38 870 19 20 17 56 51 32 27 101 30 19 300 51 224 229 31 38 144 253
internal_value=0 0.00929394 0.0249057 0.0191787 0.00451205 0.00820168 -0.0351436 0.0245021 -0.0339126 0.0315881 -0.163449 0.0411525 -0.0171205 -0.000168668 -0.00139144 -0.0276959 -0.0401904 -0.00018997 -0.000528174 0.0271984 0.0420269 0.00368941 0.0749117 0.0717366 -0.0274655 0.0155922 -0.0112998 -0.0291156 -0.00420615 -0.0765985
internal_weight=0 223.244 109.397 101.304 73.0617 71.807 19.6239 52.1831 11.5749 7.68762 3.8873 40.6082 17.831 16.1842 1777.49 56.4803 50.1754 23.9082 1721.01 59.7382 51.3121 23.6918 27.6202 6.30493 20.1498 14.8535 21.388 18.2755 14.2028 26.2672
internal_count=46916 3789 2419 2121 1525 1491 335 1156 269 197 72 887 309 290 43127 684 616 312 42443 690 589 262 327 68 280 270 243 212 174 304
is_linear=0
shrinkage=0.1


Tree=99
num_leaves=31
num_cat=0
split_feature=35 40 40 32 9 14 20 1 4 28 0 28 34 38 19 20 25 32 13 28 14 38 25 49 0 12 38 25 19 38
split_gain=2.20253 14.2577 12.0341 8.72445 6.96076 6.01816 7.83029 7.82931 7.23855 5.64576 5.85519 5.7775 4.86133 4.81223 8.24065 7.38146 6.52681 5.72996 4.53107 9.85359 4.41333 4.34719 5.67192 5.82344 7.51026 5.06049 10.6317 7.3011 24.5621 6.96498
threshold=3.0240388752901493 0.34500000000000003 0.43500000000000005 1.2810536924290215 2.4074226138898154 1.3818894748176065 -0.43867834038527503 -0.81194098019964411 -0.61347073950042519 -0.54908193052859822 -1.0814259766027996 5.5126647840463852 1.9803274004695035 9.5000000000000018 0.97439141018706055 0.93782568788689069 -0.44437949807648708 1.3185732061990931 -0.69959291407749646 -0.63616029665338569 -2.3055110860920025 10.500000000000002 -1.0855669009988171 14.500000000000002 -0.60203818343916693 -0.0041132478143321967 55.500000000000007 -1.0387573425130174 -0.60170584756720802 1128.5000000000002
decision_type=2 2 2 2 2 2 2 2 2 2 2 2 2 2 2 2 2 2 2 2 2 2 2 2 2 2 2 2 2 2
left_child=1 -1 4 5 12 9 -7 -8 -9 10 -3 -11 -2 14 17 16 -16 18 19 -4 -12 -15 23 -23 -25 27 -27 28 -24 -28
right_child=2 3 13 -5 -6 6 7 8 -10 11 20 -13 -14 21 15 -17 -18 -19 -20 -21 -22 22 25 24 -26 26 29 -29 -30 -31
leaf_value=0.00036699700414447587 0.068165083792688652 -0.23275809428951655 -0.3315356292627511 0.45124951212331643 -0.16249553384980747 -0.065071087482597004 0.73456413243731056 -0.10186303896552629 0.26556954158393981 -0.065628299319933955 0.20700329467286727 0.2683988517885304 -0.11441030368816454 0.067125365863214007 0.17860699233772423 0.33928021727810265 -0.068773498491501481 0.066689098959806306 -0.10178400127243961 0.10822162443625896 -0.0033981738161923758 -0.069821897547503883 0.56208688248397454 0.28936429044034434 -0.024673890431178288 -0.075431678129559643 0.013219536629029222 0.0092448177204607039 0.0031960134934138741 -0.047428573523061526
leaf_weight=1335.9107769583934 42.068230638280511 1.0695502371527279 0.62792996317148242 0.35984170949086447 1.4285160182043899 2.3777133250259794 0.23704872140660915 0.84563157812226619 1.4650743998354288 64.767982303106692 1.0492211002856517 0.52199086872860689 1.5107542644254852 10.405637368559836 1.6833932260051367 0.87172896973788727 2.9104564909357569 2.9647987727075806 17.806633279426027 2.7022308500018033 20.007033199537545 18.762489940098025 1.0452931108884511 1.0807930883020165 2.5780506969895205 22.137679675361142 89.177504003164358 320.26349326304626 3.1741683736909172 24.040641894331202
leaf_count=28842 753 33 4 13 33 340 14 117 34 4547 6 21 28 71 37 10 82 45 773 77 552 980 38 7 240 1528 2022 5117 92 460
internal_value=0 -0.00226461 0.00510059 -0.0401886 0.0547156 -0.0421037 0.0654451 0.18725 0.131103 -0.0481635 -0.00450793 -0.0629578 0.0618357 0.000824635 -0.0383597 0.0725017 0.0218778 -0.0635 -0.0817613 0.0253017 0.00708601 0.00317627 0.00179645 -0.0473166 0.0680905 0.00419116 -0.0120513 0.0109666 0.141651 0.00034157
internal_weight=0 1428.61 567.24 92.7011 45.0075 92.3412 4.92547 2.54775 2.31071 87.4158 22.1258 65.29 43.579 522.233 29.5672 5.46558 4.59385 24.1016 21.1368 3.33016 21.0563 492.666 482.26 22.4213 3.65884 459.839 135.356 324.483 4.21946 113.218
internal_count=46916 34519 12397 5677 814 5664 505 165 151 5159 591 4568 781 11583 1028 129 119 899 854 81 558 10555 10484 1227 247 9257 4010 5247 130 2482
is_linear=0
shrinkage=0.1


end of trees

feature_importances:
Column_38=374
Column_35=177
Column_14=170
Column_6=164
Column_34=128
Column_40=114
Column_9=108
Column_1=94
Column_19=90
Column_20=89
Column_25=89
Column_49=88
Column_32=85
Column_46=79
Column_28=78
Column_4=76
Column_10=76
Column_0=74
Column_31=71
Column_29=69
Column_8=64
Column_27=62
Column_2=55
Column_7=54
Column_3=50
Column_21=48
Column_5=41
Column_36=41
Column_15=39
Column_26=38
Column_22=33
Column_13=31
Column_12=29
Column_33=24
Column_24=22
Column_23=15
Column_17=14
Column_42=13
Column_11=12
Column_18=8
Column_16=5
Column_30=4
Column_41=4
Column_47=1

parameters:
[boosting: gbdt]
[objective: binary]
[metric: logloss]
[tree_learner: serial]
[device_type: cpu]
[data_sample_strategy: bagging]
[data: ]
[valid: ]
[num_iterations: 100]
[learning_rate: 0.1]
[num_leaves: 31]
[num_threads: 1]
[seed: 0]
[deterministic: 0]
[force_col_wise: 0]
[force_row_wise: 0]
[histogram_pool_size: -1]
[max_depth: -1]
[min_data_in_leaf: 20]
[min_sum_hessian_in_leaf: 0.001]
[bagging_fraction: 1]
[pos_bagging_fraction: 1]
[neg_bagging_fraction: 1]
[bagging_freq: 0]
[bagging_seed: 3]
[feature_fraction: 1]
[feature_fraction_bynode: 1]
[feature_fraction_seed: 2]
[extra_trees: 0]
[extra_seed: 6]
[early_stopping_round: 0]
[first_metric_only: 0]
[max_delta_step: 0]
[lambda_l1: 0]
[lambda_l2: 0]
[linear_lambda: 0]
[min_gain_to_split: 0]
[drop_rate: 0.1]
[max_drop: 50]
[skip_drop: 0.5]
[xgboost_dart_mode: 0]
[uniform_drop: 0]
[drop_seed: 4]
[top_rate: 0.2]
[other_rate: 0.1]
[min_data_per_group: 100]
[max_cat_threshold: 32]
[cat_l2: 10]
[cat_smooth: 10]
[max_cat_to_onehot: 4]
[top_k: 20]
[monotone_constraints: ]
[monotone_constraints_method: basic]
[monotone_penalty: 0]
[feature_contri: ]
[forcedsplits_filename: ]
[refit_decay_rate: 0.9]
[cegb_tradeoff: 1]
[cegb_penalty_split: 0]
[cegb_penalty_feature_lazy: ]
[cegb_penalty_feature_coupled: ]
[path_smooth: 0]
[interaction_constraints: ]
[verbosity: 1]
[saved_feature_importance_type: 0]
[use_quantized_grad: 0]
[num_grad_quant_bins: 4]
[quant_train_renew_leaf: 0]
[stochastic_rounding: 1]
[linear_tree: 0]
[max_bin: 255]
[max_bin_by_feature: ]
[min_data_in_bin: 3]
[bin_construct_sample_cnt: 200000]
[data_random_seed: 1]
[is_enable_sparse: 1]
[enable_bundle: 1]
[use_missing: 1]
[zero_as_missing: 0]
[feature_pre_filter: 1]
[pre_partition: 0]
[two_round: 0]
[header: 0]
[label_column: ]
[weight_column: ]
[group_column: ]
[ignore_column: ]
[categorical_feature: ]
[forcedbins_filename: ]
[precise_float_parser: 0]
[parser_config_file: ]
[objective_seed: 5]
[num_class: 1]
[is_unbalance: 0]
[scale_pos_weight: 1]
[sigmoid: 1]
[boost_from_average: 1]
[reg_sqrt: 0]
[alpha: 0.9]
[fair_c: 1]
[poisson_max_delta_step: 0.7]
[tweedie_variance_power: 1.5]
[lambdarank_truncation_level: 30]
[lambdarank_norm: 1]
[label_gain: ]
[lambdarank_position_bias_regularization: 0]
[eval_at: ]
[multi_error_top_k: 1]
[auc_mu_weights: ]
[num_machines: 1]
[local_listen_port: 12400]
[time_out: 120]
[machine_list_filename: ]
[machines: ]
[gpu_platform_id: -1]
[gpu_device_id: -1]
[gpu_use_dp: 0]
[num_gpu: 1]

end of parameters

pandas_categorical:null
