tree
version=v4
num_class=1
num_tree_per_iteration=1
label_index=0
max_feature_idx=49
objective=binary sigmoid:1
average_output
feature_names=Column_0 Column_1 Column_2 Column_3 Column_4 Column_5 Column_6 Column_7 Column_8 Column_9 Column_10 Column_11 Column_12 Column_13 Column_14 Column_15 Column_16 Column_17 Column_18 Column_19 Column_20 Column_21 Column_22 Column_23 Column_24 Column_25 Column_26 Column_27 Column_28 Column_29 Column_30 Column_31 Column_32 Column_33 Column_34 Column_35 Column_36 Column_37 Column_38 Column_39 Column_40 Column_41 Column_42 Column_43 Column_44 Column_45 Column_46 Column_47 Column_48 Column_49
feature_infos=[-1.2504883594784932:15.798026433845127] [-1.6942035155796722:31.698713898142451] [-1.2896648374313537:41.078922051193565] [-0.96376721161209833:14.807636610531953] [-1.1152888280384345:21.78669170307009] [-1.8862102267685008:19.869853026967405] [-1.5540989689317364:47.607737950131309] [-1.5642778150448371:4.6653551563690892] [-1.210636979738672:29.713077130013048] [-1.7553705053502309:4.0743700750396483] [-1.7340317224577881:7.3264240399689395] [-0.97869483213632102:6.0167510186081881] [-1.5579095479715643:59.004612215098327] [-0.96376721161209833:14.807636610531953] [-5.7175227242526372:7.6513710065328215] [-0.7754756656371774:9.7791031611688801] [-0.062261689845420132:40.221515814628638] [-0.038186151847367227:0.035340447584859179] [-1.0538865892455764:1.0171488228821155] [-0.8372301391356739:9.7653932265708985] [-0.68886770146199205:12.781567845435854] [-2.2227376334689892:11.035072096676103] [-0.86951015623001549:119.05123222314909] [-4.2402729805030015:2.3966212858456437] [-0.28229914078801199:4.1126100380045401] [-1.6655193555195715:9.4631116693494146] [-1.7369647438352842:8.8738217139887006] [-1.6333961596839974:4.4214852957874795] [-0.72481424855633592:34.139763059305217] [-1.0164738168665284:7.3065175406773983] [-0.122048067242397:12.362016191829406] [-1.7104296920285054:56.810156472352482] [-2.36423798798715:4.7794127332731167] [-0.80976315975979374:2.4098767141362201] [-0.038396423882105631:3.0086381148460219] [-0.030888523285414818:5.0285653613529924] [0:6] [0:1] [0:3898] [0:0.40000000000000002] [0:0.56000000000000005] [0:0.40000000000000002] [0:0.9375] [0:4] [0:1] [0:1] [0:34] [0:4] [0:56] [0:35]
tree_sizes=3314 3320 3319 3321 3320 3314 3317 3327 3309 3308 3291 3315 3323 3322 3324 3321 3313 3314 3317 3308 3312 3324 3323 3315 3315 3309 3309 3321 3319 3320 3327 3317 3316 3322 3312 3297 3302 3323 3316 3337 3325 3330 3308 3316 3313 3321 3310 3310 3314 3317 3326 3304 3310 3320 3317 3334 3318 3312 3325 3311 3321 3318 3315 3318 3312 3313 3328 3315 3319 3312 3320 3311 3328 3328 3315 3340 3330 3320 3295 3309 3331 3323 3317 3307 3308 3320 3324 3329 3312 3332 3315 3329 3316 3318 3315 3315 3312 3332 3320 3310

Tree=0
num_leaves=31
num_cat=0
split_feature=10 36 34 8 34 35 40 35 35 14 35 36 34 0 49 35 9 6 14 7 20 49 35 35 35 34 49 40 35 6
split_gain=8481.69 6646.99 3590.92 962.629 736.851 238.363 610.115 387.071 591.73 231.278 251.012 131.926 120.718 113.406 97.7394 108.029 77.8293 74.282 81.5052 79.9895 64.1768 61.4515 59.9004 57.3011 83.0096 57.1833 46.8522 36.1376 67.6101 32.5994
threshold=1.5544313764064441 3.5000000000000004 0.97916257029051346 -0.45218975719495608 0.97420999951194476 3.0240803418597677 0.48000000000000004 1.9936924257986131 0.027259844748239753 -1.0994183075655302 4.0254942128589333 3.5000000000000004 0.012217423206805253 -0.59796545711328319 14.500000000000002 3.0240803418597677 0.13495021679136368 -0.78140398427176605 -2.5349083810324538 -1.281659524803332 1.0000000180025095e-35 11.500000000000002 0.014759048528931765 1.9948797934495948 0.027259844748239753 1.0078330176642523 14.500000000000002 0.41500000000000004 1.9959602219650494 -0.11994562633178535
decision_type=2 2 2 2 2 2 2 2 2 2 2 2 2 2 2 2 2 2 2 2 2 2 2 2 2 2 2 2 2 2
left_child=1 3 -2 4 -1 7 25 8 -5 10 16 22 -12 -8 15 23 -3 18 19 -18 -11 -10 -4 24 -6 -7 27 28 -24 -9
right_child=2 9 11 5 14 6 13 29 21 20 12 -13 -14 -15 -16 -17 17 -19 -20 -21 -22 -23 26 -25 -26 -27 -28 -29 -30 -31
leaf_value=4.9021881827884997 4.9322144538656474 -2.5040030640072151 -2.4208977234589382 -1.3067803488115719 -1.242927838245574 4.9351169998665032 5.2871226123937323 -1.0397996487541015 4.0541495405621681 -2.7766472099630848 3.8632272301549375 -2.2470326031013594 -0.98144814266717439 -1.6526078094834005 -2.3481805504791962 5.0950623050219885 -2.9714706045912718 1.0120861236014953 -1.9366904869991779 3.1056074230014681 -2.4309515764682255 -1.0051388862615089 5.2871226123937252 -1.5506373629594432 4.2547984602706066 -0.080962978646520245 -0.82423636817517076 5.0368622118790345 -1.2711720010943592 -2.3024200148608411
leaf_weight=114.30518531799316 250.76910889148712 205.36185836791992 5.4488700628280666 46.254852533340454 5.2066980600357109 36.931230425834656 2.5428060293197623 35.720370411872864 42.985530495643616 2710.1468832492828 10.534482121467592 96.626629114151001 10.050138115882872 31.845618367195129 12.835116147994993 5.2066980600357047 3.2693220376968384 10.29231011867523 152.68944776058197 6.4175580739974958 669.72667372226715 2.5428060293197623 2.542806029319765 11.260998129844664 5.8121280670166016 2.4217200279235831 6.0543000698089591 3.9958380460739136 4.1169240474700928 47.828970551490784
leaf_count=944 2071 1696 45 382 43 305 21 295 355 22382 87 798 83 263 106 43 27 85 1261 53 5531 21 21 93 48 20 50 33 34 395
internal_value=-1.80739 -2.2111 2.78681 1.64581 3.60565 0.429127 1.93758 -0.205298 1.2123 -2.62318 -1.90277 -1.74236 1.49789 -1.13946 -0.0698027 0.994109 -2.08794 -1.59311 -1.75824 1.05459 -2.70815 3.77158 0.458328 0.0357345 1.65697 4.62644 1.39721 2.65939 1.2329 -1.7626
internal_weight=0 4182.19 369.554 403.701 154.627 249.074 73.7414 175.333 91.7832 3778.49 398.615 118.785 20.5846 34.3884 40.3216 27.4865 378.03 172.669 162.376 9.68688 3379.87 45.5283 22.1587 22.2798 11.0188 39.353 16.7099 10.6556 6.65973 83.5493
internal_count=37591 34539 3052 3334 1277 2057 609 1448 758 31205 3292 981 170 284 333 227 3122 1426 1341 80 27913 376 183 184 91 325 138 88 55 690
is_linear=0
shrinkage=1


Tree=1
num_leaves=31
num_cat=0
split_feature=10 36 46 8 34 35 35 40 35 14 35 34 36 0 14 38 6 10 38 9 34 34 34 35 35 38 6 14 32 35
split_gain=8166.74 6575.11 3628.3 993.172 723.865 219.248 603.976 416.767 608.459 214.286 249.565 137.398 122.978 108.756 103.712 72.9525 67.2624 63.8862 59.8397 68.1495 58.2919 57.0252 53.4459 52.4535 59.4815 41.2439 39.9529 37.6341 37.2983 35.7022
threshold=1.5544313764064441 3.5000000000000004 10.500000000000002 -0.45218975719495608 0.97420999951194476 3.0160395766815906 4.0254942128589333 0.20500000000000004 0.027259844748239753 -1.0994183075655302 4.0254942128589333 0.98953557343827636 3.5000000000000004 -0.59796545711328319 -1.170666182468995 76.500000000000014 -1.1960081763610477 -1.0000000180025095e-35 76.500000000000014 0.96375017631015947 1.0270810437866207 1.017286871886721 1.0051325855622082 3.0010643871955618 4.986826519457872 537.50000000000011 -0.634188059203173 0.085535989164709295 0.81022775282995096 0.027259844748239753
decision_type=2 2 2 2 2 2 2 2 2 2 2 2 2 2 2 2 2 2 2 2 2 2 2 2 2 2 2 2 2 2
left_child=1 3 -2 4 -1 7 22 8 -5 10 14 -12 23 -8 16 -6 17 -3 -11 -20 29 -10 -7 -4 -25 -19 -15 -9 -16 -17
right_child=2 9 12 5 15 6 13 27 21 18 11 -13 -14 26 28 20 -18 25 19 -21 -22 -23 -24 24 -26 -27 -28 -29 -30 -31
leaf_value=4.9177286665860969 4.9464351188501166 -2.1171333752479957 -0.86786667196301626 -1.3789044194977449 -1.7261271829824221 4.9207003877493474 5.2871226123937323 -1.047138204517096 4.0779915612881936 -2.8262162002419022 3.7386363842090433 -1.5557117673938425 -2.2418770933975045 2.140991863066112 -0.86525220025952598 -1.0444655206281057 -2.3341609573346056 4.4612632906952339 -2.6186992092031076 -1.8246814946679657 -1.9883047454263905 -0.90682230034502076 0.17466014473634894 4.5005899250618295 -0.90682230034502098 -0.7191269999589982 -1.989916492736497 -2.3860513385771451 1.9225105610294717 2.414568449964166
leaf_weight=113.69975531101227 243.62503480911255 7.0229880809783936 12.835116147994997 43.954218506813049 15.256836175918577 35.478198409080505 2.4217200279235831 37.415574431419373 43.83313250541687 1817.5008809566498 11.624256134033205 8.4760200977325422 98.685091137886047 2.5428060293197623 18.041814208030704 3.6325800418853822 340.49383592605591 3.6325800418853742 1442.8607926368713 116.84799134731293 5.0856120586395255 2.4217200279235831 2.5428060293197623 5.0856120586395246 3.3904080390930176 2.6638920307159424 29.544984340667725 47.828970551490784 6.5386440753936759 16.709868192672729
leaf_count=939 2012 58 106 363 126 293 20 309 362 15010 96 70 815 21 149 30 2812 30 11916 965 42 20 21 42 28 22 244 395 54 138
internal_value=-1.80739 -2.21155 2.72952 1.63127 3.62245 0.391648 1.85408 -0.212907 1.28531 -2.62107 -1.92754 1.50608 -1.77143 -1.17486 -2.10993 0.00260612 -2.24793 -0.0434239 -2.70291 -2.55921 1.03985 3.81701 4.60329 0.407045 2.33763 2.26956 -1.66256 -1.79837 -0.12368 1.79688
internal_weight=0 4178.07 363.621 402.369 154.385 247.984 72.5305 175.454 90.2091 3775.7 398.494 20.1003 119.996 34.5095 378.394 40.6849 353.813 13.3195 3377.21 1559.71 25.4281 46.2549 38.021 21.3111 8.47602 6.29647 32.0878 85.2445 24.5805 20.3424
internal_count=37508 34505 3003 3323 1275 2048 599 1449 745 31182 3291 166 991 285 3125 336 2922 110 27891 12881 210 382 314 176 70 52 265 704 203 168
is_linear=0
shrinkage=1


Tree=2
num_leaves=31
num_cat=0
split_feature=1 36 46 2 46 35 35 40 35 14 35 9 46 0 49 35 14 14 1 38 20 1 35 38 25 2 9 31 14 33
split_gain=8229.95 6364.59 3454.99 866.525 757.262 243.837 509.153 342.731 551.407 227.439 184.479 150.362 145.895 110.746 98.619 133.801 92.0133 79.5573 82.4573 70.8737 56.7298 50.8558 50.0279 47.7999 44.2232 75.2988 39.873 39.3092 37.2631 33.5293
threshold=1.5367684771616057 3.5000000000000004 10.500000000000002 -0.5664734721152126 7.0000000000000009 3.0240803418597677 4.9796911294148956 0.20500000000000004 0.98830039778318834 -1.0994183075655302 4.9930160746963974 1.4906560138589964 7.0000000000000009 -0.59796545711328319 14.500000000000002 3.0240803418597677 -1.170666182468995 -2.5349083810324538 -0.03975095889810764 377.50000000000006 -0.041489184732071804 1.6371950044409724 0.014759048528931765 76.500000000000014 2.5367291792547957 -0.78888807744659928 0.65770646404093003 -0.57802541218915282 0.085535989164709295 -0.096747904038029561
decision_type=2 2 2 2 2 2 2 2 2 2 2 2 2 2 2 2 2 2 2 2 2 2 2 2 2 2 2 2 2 2
left_child=1 3 21 4 24 7 -7 8 -5 10 16 -4 -12 -8 15 19 17 18 -3 -6 -11 -2 -13 -22 -1 -26 -19 -15 -9 -20
right_child=2 9 11 5 14 6 13 28 -10 20 12 22 -14 27 -16 -17 -18 26 29 -21 23 -23 -24 -25 25 -27 -28 -29 -30 -31
leaf_value=4.9535441838007035 3.2356249342891776 -2.6343851671633125 -2.1332281558084802 -1.2837471951256716 -1.3438646421197749 4.5338049878714521 5.2871226123937234 -0.9415806893053954 3.8356122894084899 -2.7772574502914917 3.714057237729921 -2.1456112828927711 -1.8401564652782576 2.1409918630661009 -2.3361942032847329 5.1185798936797529 -0.20524277948464409 -2.4813232916661141 -0.45798571246540143 2.3191906750397471 -2.6962675588874396 4.9370723504493128 2.0623385943329215 -2.1836541315890754 4.5497482180200706 0.14844238849195213 -1.6772134586458609 -1.9836006025595729 -2.2867128755447768 3.8771188924206847
leaf_weight=98.927263140678406 19.010502219200134 5.9332140684127808 104.98156321048737 44.438562512397766 16.588782191276557 35.841456413269043 2.5428060293197658 35.962542414665222 39.958380460739136 2646.5767325162888 10.171224117279055 3.6325800418853786 8.8392781019210798 2.5428060293197694 14.167062163352965 5.9332140684127799 24.943716287612915 257.06558096408844 2.7849780321121216 7.7495040893554679 399.70489060878754 231.39534866809845 12.714030146598814 333.83410584926605 13.561632156372072 5.4488700628280631 81.127620935440063 25.306974291801449 48.192228555679321 4.9645260572433454
leaf_count=817 157 49 867 367 137 296 21 297 330 21857 84 30 73 21 117 49 206 2123 23 64 3301 1911 105 2757 112 45 670 209 398 41
internal_value=-1.80739 -2.22455 2.6858 1.58334 3.3595 0.354966 1.98067 -0.283868 1.14005 -2.62507 -1.90788 -1.69394 1.13152 -1.03021 -0.158598 0.860517 -2.06122 -2.19279 0.17118 -0.177519 -2.70905 4.8079 1.12724 -2.46298 4.68511 3.28823 -2.28843 -1.60701 -1.71189 2.31919
internal_weight=0 4173.11 371.734 397.162 162.376 234.786 66.234 168.552 84.3969 3775.95 395.83 121.328 19.0105 30.3926 44.4386 30.2715 376.82 351.876 13.6827 24.3383 3380.12 250.406 16.3466 733.539 117.938 19.0105 338.193 27.8498 84.1548 7.7495
internal_count=37534 34464 3070 3280 1341 1939 547 1392 697 31184 3269 1002 157 251 367 250 3112 2906 113 201 27915 2068 135 6058 974 157 2793 230 695 64
is_linear=0
shrinkage=1


Tree=3
num_leaves=31
num_cat=0
split_feature=10 36 46 2 34 14 40 40 40 40 40 34 20 0 49 40 6 20 34 14 10 40 34 40 49 40 14 25 2 20
split_gain=8154.61 6638.1 3636.71 833.47 777.377 239.1 278.7 215.368 517.87 382.967 632.674 144.272 116.527 114.425 100.893 135.024 71.319 68.7571 66.3822 66.1631 77.4833 50.0774 42.1446 41.549 96.6453 39.6627 38.5944 35.8958 88.1982 35.5016
threshold=1.5544313764064441 3.5000000000000004 10.500000000000002 -0.5664734721152126 0.024327378250274697 -1.0994183075655302 0.53500000000000014 0.38000000000000006 0.48000000000000004 0.18000000000000002 0.080000000000000016 0.012217423206805253 3.0730131251041346 -0.59796545711328319 14.500000000000002 0.41500000000000004 -0.78140398427176605 -0.045099109276372951 1.0051325855622082 -2.5349083810324538 -1.0000000180025095e-35 0.38000000000000006 1.0105246576710667 0.21500000000000002 10.500000000000002 0.51500000000000012 0.085535989164709295 2.5367291792547957 -0.78888807744659928 1.0874753065260447
decision_type=2 2 2 2 2 2 2 2 2 2 2 2 2 2 2 2 2 2 2 2 2 2 2 2 2 2 2 2 2 2
left_child=1 3 -2 4 27 6 16 9 18 10 -5 -8 -4 -10 15 23 19 -7 -9 20 -3 -14 -12 24 -6 -23 -11 -1 -29 -21
right_child=2 5 12 7 14 17 11 8 13 26 22 -13 21 -15 -16 -17 -18 -19 -20 29 -22 25 -24 -25 -26 -27 -28 28 -30 -31
leaf_value=4.9139638225656359 4.965840681757907 -2.3361942032847329 -2.1990841886142571 -1.3026357058222815 -1.4132454693110827 -2.779056562423742 3.8831617655062804 4.9280533420900365 5.2871226123937234 -0.93510515382784609 4.2099148014826451 -1.2593232303382833 -0.71122403994274475 -1.560627596689667 -2.4019124516957544 5.1185798936797529 -0.26776449188784768 -2.4341287539520646 -0.49389263949577056 -2.3428092896897206 2.1732268092682396 4.5792431937950191 -0.080962978646520245 -1.3636028986295896 4.3486461104636174 -0.493892639495771 -2.3228899854563241 4.7224324778990301 -0.090565994015107565 -0.65597717926837351
leaf_weight=101.83332717418671 242.77743279933929 7.8705900907516479 100.98572516441345 46.739196538925171 6.4175580739975029 2629.7457783222198 12.108600139617922 33.419736385345459 2.663892030715945 35.357112407684326 41.774670481681824 9.9290521144866926 11.503170132637026 29.060640335083008 14.045976161956785 5.9332140684127799 20.342448234558105 740.68307054042816 2.4217200279235831 337.22451388835907 7.3862460851669294 4.2380100488662711 2.4217200279235831 13.682718157768248 5.3277840614318848 2.421720027923584 46.254852533340454 14.167062163352968 5.2066980600357047 12.956202149391173
leaf_count=841 2005 65 834 386 53 21718 100 276 22 292 345 82 95 240 116 49 168 6117 20 2785 61 35 20 113 44 20 382 117 43 107
internal_value=-1.80739 -2.20253 2.74517 1.63603 3.35452 -2.61575 -1.89256 0.443581 1.95704 -0.14906 1.2623 1.56622 -1.77968 -0.985626 -0.17456 0.823018 -2.09014 -2.70326 4.56171 -2.19158 -0.153062 0.552196 3.9748 -0.17928 1.2004 2.73447 -1.72165 4.6766 3.42894 -2.2804
internal_weight=0 4184.97 361.926 406.728 166.614 3778.25 407.818 240.114 67.566 172.548 90.9356 22.0377 119.149 31.7245 45.4073 31.3613 385.78 3370.43 35.8415 365.438 15.2568 18.1629 44.1964 25.4281 11.7453 6.65973 81.612 121.207 19.3738 350.181
internal_count=37551 34562 2989 3359 1376 31203 3368 1983 558 1425 751 182 984 262 375 259 3186 27835 296 3018 126 150 365 210 97 55 674 1001 160 2892
is_linear=0
shrinkage=1


Tree=4
num_leaves=31
num_cat=0
split_feature=10 36 46 8 34 35 35 40 35 6 35 36 34 0 49 35 38 6 34 6 10 9 38 35 35 9 6 6 9 35
split_gain=8294.4 6584.11 3604.27 925.837 742.819 241.752 608.923 418.2 639.097 240.645 282.955 152.566 148.245 128.946 95.3487 107.445 92.5256 70.8574 70.0365 67.4123 64.3769 60.0828 54.5225 49.9852 60.0032 36.692 33.8299 33.8171 38.6053 37.3103
threshold=1.5544313764064441 3.5000000000000004 10.500000000000002 -0.45218975719495608 0.97420999951194476 3.0240803418597677 4.9796911294148956 0.20500000000000004 0.97884450118364696 -0.76391761237567224 4.9930160746963974 3.5000000000000004 0.98953557343827636 -0.59796545711328319 14.500000000000002 3.0240803418597677 310.50000000000006 -0.78140398427176605 1.0037166543105027 -1.1960081763610477 -1.0000000180025095e-35 0.26264209426803736 76.500000000000014 3.0010643871955618 4.986826519457872 0.37788823067859451 -0.11689808151383169 0.65861014464370216 1.4906560138589964 4.992100981109572
decision_type=2 2 2 2 2 2 2 2 2 2 2 2 2 2 2 2 2 2 2 2 2 2 2 2 2 2 2 2 2 2
left_child=1 3 -2 4 -1 7 18 8 -5 10 17 23 -12 -8 15 16 -6 19 -7 20 -3 -11 -23 -4 -25 -22 -9 28 29 -24
right_child=2 9 11 5 14 6 13 26 -10 21 12 -13 -14 -15 -16 -17 -18 -19 -20 -21 25 22 27 24 -26 -27 -28 -29 -30 -31
leaf_value=4.8883707939770744 4.9646169949237304 -2.234096210217611 -0.57153753298879217 -1.315505897843636 -1.5828575858061829 5.0631607624415977 5.2871226123937234 -1.0572271437007079 3.9106904095628985 -2.7998784444402363 4.2099148014826433 -2.2712407557696008 -1.2744993956217505 -1.8359140372558338 -2.234096210217611 5.0950623050219885 2.5342582067320643 -0.31192363640966025 -0.49389263949577056 -2.271589823490848 -0.31692278484609138 -2.7206490821023266 -2.290952669858354 4.6972230968948061 -0.57381450933756128 4.2214976811698595 -2.331429630274934 -2.7079785694094349 -0.46439766372082403 -1.2270812782314029
leaf_weight=112.85215330123901 244.95698082447052 6.7808160781860352 14.167062163352968 47.102454543113708 13.682718157768255 35.720370411872864 2.7849780321121242 36.567972421646118 46.497024536132812 2255.3478620052338 11.139912128448488 97.110973119735718 8.8392781019210798 29.060640335083008 13.561632156372069 5.2066980600357047 9.0814501047134382 21.432222247123718 2.4217200279235831 342.91555595397949 3.3904080390930158 594.04792284965515 324.75265574455261 5.0856120586395246 3.7536660432815552 3.7536660432815552 48.43440055847168 132.83134353160858 13.561632156372069 36.689058423042297
leaf_count=932 2023 56 117 389 113 295 23 302 384 18626 92 802 73 240 112 43 75 177 20 2832 28 4906 2682 42 31 31 400 1097 112 303
internal_value=-1.80739 -2.207 2.76435 1.63428 3.55768 0.439775 2.01512 -0.177547 1.28069 -2.61919 -1.88422 -1.72269 1.78348 -1.21299 -0.0580893 0.996944 0.0596088 -2.07794 4.71033 -2.184 -0.0271026 -2.70637 -2.51498 0.592764 2.45884 2.06767 -1.78327 -2.27439 -2.12081 -2.18296
internal_weight=0 4158.46 365.074 402.974 154.385 248.59 69.9877 178.602 93.5995 3755.48 398.252 120.117 19.9792 31.8456 41.5325 27.9709 22.7642 378.273 38.1421 356.84 13.9249 3357.23 1101.88 23.0063 8.83928 7.14407 85.0024 507.835 375.003 361.442
internal_count=37358 34343 3015 3328 1275 2053 578 1475 773 31015 3289 992 165 263 343 231 188 3124 315 2947 115 27726 9100 190 73 59 702 4194 3097 2985
is_linear=0
shrinkage=1


Tree=5
num_leaves=31
num_cat=0
split_feature=1 36 34 49 2 35 49 49 14 35 35 49 35 35 9 34 34 49 14 14 14 1 20 35 22 38 49 35 35 32
split_gain=8279.26 6437.71 3501.83 843.694 860.06 282.589 554.01 250.005 229.082 231.742 188.298 273.648 240.798 237.929 142.936 124.387 118.828 102.817 87.2457 78.6108 68.5674 78.2557 66.9915 53.0711 53.0505 52.1925 45.2163 58.3421 52.6843 36.8355
threshold=1.5367684771616057 3.5000000000000004 0.032884218846469505 11.500000000000002 -0.5664734721152126 3.0160395766815906 14.500000000000002 10.500000000000002 -1.1453173209606649 4.0254942128589333 3.9809838485361291 1.5000000000000002 0.027259844748239753 4.9842702640393926 1.20733357875903 0.024327378250274697 0.019398414103355317 10.500000000000002 -1.170666182468995 -0.31589968439539967 -2.5349083810324538 -0.03975095889810764 -0.045099109276372951 0.014759048528931765 -0.59203641594196876 76.500000000000014 11.500000000000002 3.0021222172513524 4.986826519457872 0.43580316869957064
decision_type=2 2 2 2 2 2 2 2 2 2 2 2 2 2 2 2 2 2 2 2 2 2 2 2 2 2 2 2 2 2
left_child=1 3 24 4 15 -5 -7 10 9 18 11 12 -6 -12 -4 -1 -11 -17 20 -15 21 -3 -10 -16 -2 -24 -25 -28 -29 -20
right_child=2 8 14 5 7 6 -8 -9 22 16 13 -13 -14 19 23 17 -18 -19 29 -21 -22 -23 25 26 -26 -27 27 28 -30 -31
leaf_value=4.7062429671623711 4.9284118735631317 -2.6476042039251935 -2.1854117321312536 -2.0504940301194523 -0.67268692563668298 4.9567788837143336 -1.8877638023624705 4.7153738512178478 -2.7760255486001868 3.6354039689967306 4.9189050804262493 -1.5643269327317579 3.778341159290703 4.5363414108496372 -2.3361942032847329 -1.5140718015939181 -1.1943049756198154 4.5188813829067556 -1.106626974949497 -1.4480407878658828 -2.2740911493378082 2.1409918630661124 -2.682884089868308 4.9567788837143247 2.3288205645185074 -2.1516944276685233 -1.6500956898736712 4.4814062009805635 -0.74800320001838627 1.7670664871214359
leaf_weight=118.78536736965179 242.53526079654694 6.1753860712051392 100.50138115882874 66.234042763710022 23.490684270858765 21.19005024433136 26.760006308555603 15.741180181503294 2645.2447865009308 10.89774012565613 19.010502219200134 59.695398688316345 25.185888290405273 2.6638920307159433 4.7223540544509914 6.1753860712051374 9.565794110298155 5.2066980600357056 11.260998129844667 12.471858143806454 345.57944798469543 7.6284180879592878 398.49403059482574 3.0271500349044826 8.1127620935440046 345.2161899805069 6.0543000698089591 4.9645260572433454 3.1482360363006592 7.3862460851669303
leaf_count=981 2003 51 830 547 194 175 221 130 21846 90 157 493 208 22 39 51 79 43 93 103 2854 63 3291 25 67 2851 50 41 26 61
internal_value=-1.80739 -2.21301 2.70313 1.58876 2.49959 -0.711962 1.13697 0.933511 -2.61714 -1.89994 0.515803 -0.129407 1.63033 2.56354 -1.68081 4.40365 1.37773 1.24568 -2.07736 -0.39479 -2.18679 -0.0012748 -2.70148 0.633109 4.84427 -2.43632 1.44862 0.699015 2.45208 0.0316542
internal_weight=0 4190.06 373.066 402.611 288.427 114.184 47.9501 158.259 3787.45 398.494 142.518 108.372 48.6766 34.1463 122.418 130.167 20.4635 11.3821 378.03 15.1358 359.383 13.8038 3388.96 21.9166 250.648 743.71 17.1942 14.1671 8.11276 18.6472
internal_count=37685 34604 3081 3325 2382 943 396 1307 31279 3291 1177 895 402 282 1011 1075 169 94 3122 125 2968 114 27988 181 2070 6142 142 117 67 154
is_linear=0
shrinkage=1


Tree=6
num_leaves=31
num_cat=0
split_feature=10 36 34 8 34 35 35 35 35 14 35 34 20 49 35 38 6 49 34 14 10 20 38 14 35 35 25 3 9 6
split_gain=8405.73 6455.14 3602.09 905.108 776.308 266.35 564.282 415.346 595.325 202.486 236.132 130.694 121.124 91.4224 128.951 97.0844 90.824 78.0694 77.6091 64.7984 67.7658 60.8738 54.4303 52.7862 48.9806 47.3014 40.1419 36.2434 32.0726 31.7349
threshold=1.5544313764064441 3.5000000000000004 0.97916257029051346 -0.45218975719495608 0.97420999951194476 3.9809838485361291 4.0254942128589333 1.9936924257986131 0.027259844748239753 -1.0994183075655302 4.0254942128589333 0.98953557343827636 3.0730131251041346 14.500000000000002 3.0240803418597677 310.50000000000006 -0.78140398427176605 11.500000000000002 1.0078330176642523 -2.5349083810324538 -1.0000000180025095e-35 1.0000000180025095e-35 76.500000000000014 -0.53253111656290664 3.9886385348813689 4.986826519457872 0.7189118377940954 1.0797144736805679 1.4973996768058531 0.074444838240002739
decision_type=2 2 2 2 2 2 2 2 2 2 2 2 2 2 2 2 2 2 2 2 2 2 2 2 2 2 2 2 2 2
left_child=1 3 -2 4 -1 7 18 8 -5 10 16 -12 -4 14 15 -6 19 -10 -7 20 -3 -11 -23 -8 -14 -26 -25 -22 -24 -17
right_child=2 9 12 5 13 6 23 -9 17 21 11 -13 24 -15 -16 29 -18 -19 -20 -21 27 22 28 26 25 -27 -28 -29 -30 -31
leaf_value=4.8599539977220942 4.9592078817193279 -2.3919202033993416 -2.1716068547622158 -1.3111267985655661 -1.801503232185063 4.936267345005481 2.1622495032642717 -1.8490580786777162 4.1040095391739708 -2.7675410645603407 3.6178324940669753 -1.4501508014624553 -0.68195961374394432 -2.4260918072432056 5.2871226123937323 4.0785479952739774 -0.07113132005487155 -1.2509303510527294 -0.90682230034502076 -2.3305663117068933 -0.65906450383547033 -2.693060085594114 -2.1799659528818607 0.81371795319352014 4.6175069461517051 -0.56271424963731254 -2.1323622028655227 3.8713637751963028 -0.35289226749846558 0.22540418908034221
leaf_weight=112.3678092956543 247.01544284820557 6.9019020795822144 100.01703715324402 46.375938534736633 14.530320167541509 37.052316427230835 4.4801820516586295 84.63911497592926 43.106616497039795 2711.7210012674332 11.382084131240847 9.2025361061096174 12.229686141014101 12.835116147994993 5.2066980600357047 4.9645260572433454 20.342448234558105 2.9060640335082999 2.4217200279235831 341.7046959400177 3.0271500349044782 362.77366018295288 296.9028754234314 5.8121280670166042 4.4801820516586295 2.9060640335083008 22.64308226108551 4.238010048866272 9.9290521144866926 3.7536660432815552
leaf_count=928 2040 57 826 383 120 306 37 699 356 22395 94 76 101 106 43 41 168 24 20 2822 25 2996 2452 48 37 24 187 35 82 31
internal_value=-1.80739 -2.21571 2.77791 1.58825 3.49744 0.412147 2.02788 -0.248733 1.21736 -2.62156 -1.94576 1.35215 -1.72599 -0.210533 0.788825 -0.218606 -2.12621 3.7658 4.5778 -2.24368 -0.14802 -2.70087 -2.43085 -1.02827 0.546078 2.57939 -1.53061 1.98369 -2.12084 2.41956
internal_weight=0 4181.22 366.648 403.095 153.658 249.437 72.4094 177.028 92.3886 3778.13 396.799 20.5846 119.633 41.2903 28.4552 23.2485 376.214 46.0127 39.474 355.872 14.1671 3381.33 669.606 32.9354 19.6159 7.38625 28.4552 7.26516 306.832 8.71819
internal_count=37559 34531 3028 3329 1269 2060 598 1462 763 31202 3277 170 988 341 235 192 3107 380 326 2939 117 27925 5530 272 162 61 235 60 2534 72
is_linear=0
shrinkage=1


Tree=7
num_leaves=31
num_cat=0
split_feature=10 36 49 2 49 35 35 40 35 14 35 20 49 49 35 6 38 6 38 20 35 14 10 25 2 25 25 14 6 25
split_gain=8589.64 6536.8 3452.82 813.703 697.828 270.541 522.078 395.678 581.051 239.679 271.646 137.378 128.605 120.927 142.304 98.5336 79.2727 59.2914 58.6216 69.8863 58.603 57.9537 87.2136 44.8316 97.9156 44.0561 31.7165 31.4724 31.2729 28.7897
threshold=1.5544313764064441 3.5000000000000004 7.5000000000000009 -0.5664734721152126 7.5000000000000009 3.0240803418597677 4.9796911294148956 0.20500000000000004 0.027259844748239753 -1.0994183075655302 4.0254942128589333 2.8324536785943715 14.500000000000002 14.500000000000002 3.0240803418597677 -0.78140398427176605 236.50000000000003 -0.47013240481795476 76.500000000000014 1.0000000180025095e-35 0.014759048528931765 -2.5349083810324538 -1.0000000180025095e-35 2.5367291792547957 -0.73889303703670028 0.6418361345244038 -0.51780936920952192 0.085535989164709295 -0.0071869410291969778 -0.17395127199238561
decision_type=2 2 2 2 2 2 2 2 2 2 2 2 2 2 2 2 2 2 2 2 2 2 2 2 2 2 2 2 2 2
left_child=1 3 -2 4 23 7 -7 8 -5 10 15 -4 -12 14 16 21 -6 -8 -11 -20 -13 22 -3 -1 -25 -19 -23 -9 -18 -24
right_child=2 9 11 5 13 6 17 27 -10 18 12 20 -14 -15 -16 -17 28 25 19 -21 -22 26 29 24 -26 -27 -28 -29 -30 -31
leaf_value=4.8761974644612263 4.9542118610533947 -2.6866915281435131 -2.1624226685762018 -1.2490902010489449 -1.4822160900529926 4.6032900530255478 2.5342582067320607 -1.0746205724215714 3.8989260317609262 -2.8182274518531978 3.9550914483638917 -2.2032293751042946 -1.2017720580944853 -2.464364003548333 5.2871226123937323 0.076343558819860879 4.0165698097806537 1.2585405553278748 -2.6592213215448202 -2.1284933540503701 1.6821811287891673 -2.6809673256018498 -0.493892639495771 4.3193187197783018 -1.3730332077554646 -2.0340086718524337 -2.0449401897407427 -2.3282133439718371 0.56792648840230209 3.7658028092649176
leaf_weight=99.77486515045166 249.31607687473297 7.0229880809783936 95.173597097396851 45.286164522171021 14.772492170333868 38.021004438400269 4.3590960502624538 34.267338395118713 42.501186490058899 1814.1104729175568 11.260998129844667 5.2066980600357082 8.4760200977325422 13.803804159164427 6.4175580739974967 20.342448234558105 4.7223540544509888 4.9645260572433498 1249.0021044015884 309.61690557003021 15.256836175918577 120.4805713891983 2.421720027923584 15.499008178710939 3.7536660432815543 22.400910258293152 224.49344658851624 48.192228555679321 5.933214068412779 4.6012680530548078
leaf_count=824 2059 58 786 374 122 314 36 283 351 14982 93 43 70 114 53 168 39 41 10315 2557 126 995 20 128 31 185 1854 398 49 38
internal_value=-1.80739 -2.19953 2.85941 1.61993 3.33178 0.445304 2.10412 -0.23427 1.24326 -2.60931 -1.87651 -1.65701 1.74049 0.00775666 1.07932 -2.06469 0.0173536 -0.891062 -2.69603 -2.55379 0.693586 -2.186 -0.194875 4.60661 3.20949 -1.43669 -2.26707 -1.80726 2.0963 2.29694
internal_weight=0 4176.5 364.953 404.669 164.677 239.992 69.7455 170.247 87.7874 3771.83 399.099 115.637 19.737 45.6494 31.8456 379.362 25.4281 31.7245 3372.73 1558.62 20.4635 359.02 14.046 119.028 19.2527 27.3654 344.974 82.4596 10.6556 7.02299
internal_count=37506 34492 3014 3342 1360 1982 576 1406 725 31150 3296 955 163 377 263 3133 210 262 27854 12872 169 2965 116 983 159 226 2849 681 88 58
is_linear=0
shrinkage=1


Tree=8
num_leaves=31
num_cat=0
split_feature=10 36 46 8 46 35 35 35 35 6 35 20 46 0 49 35 38 49 20 6 14 20 38 35 35 14 13 31 35 38
split_gain=8485.23 6747.98 3600.06 945.227 785.761 240.314 605.4 366.606 563.953 215.587 256.067 158.303 134.639 130.736 104.404 109.893 93.159 70.0759 64.7046 63.2654 65.3358 75.0577 61.1394 47.7453 57.785 36.5227 31.2008 29.2833 28.8349 27.053
threshold=1.5544313764064441 3.5000000000000004 10.500000000000002 -0.45218975719495608 7.0000000000000009 3.0160395766815906 4.9796911294148956 1.9943605585800819 0.97884450118364696 -0.76391761237567224 4.0254942128589333 3.0730131251041346 7.0000000000000009 -0.59796545711328319 14.500000000000002 3.0240803418597677 236.50000000000003 11.500000000000002 1.0000000180025095e-35 -0.78140398427176605 -2.5349083810324538 0.38352405600372941 76.500000000000014 3.9886385348813689 4.986826519457872 0.085535989164709295 -0.66342434232709502 -0.5471014903804845 1.9948797934495948 78.500000000000014
decision_type=2 2 2 2 2 2 2 2 2 2 2 2 2 2 2 2 2 2 2 2 2 2 2 2 2 2 2 2 2 2
left_child=1 3 -2 4 -1 7 -7 8 -5 10 19 -4 -12 -8 15 16 -6 -10 -11 20 21 -3 -20 26 -25 -9 -13 -15 -18 -24
right_child=2 9 11 5 14 6 13 25 17 18 12 23 -14 27 -16 -17 28 -19 22 -21 -22 -23 29 24 -26 -27 -28 -29 -30 -31
leaf_value=4.9792943242207031 4.9540500968399162 -1.353808015697302 -2.2009320030065469 -1.319751961194271 -1.7803273521415117 4.6715752918731113 5.2871226123937323 -0.95515854827051827 3.988018061407328 -2.7759313464384383 3.7386363842090433 2.228384383880766 -1.3626537441396476 1.1578260039012274 -2.376256679042803 5.0994273120077107 3.5730749635855248 -0.98940823251487087 -2.7077231166236873 -0.39993259690731842 -2.3043974900678026 4.0636273209885463 0.080618192990142834 4.8842644066871479 -0.65906450383547099 -2.2977432632056534 -1.4155037666085901 -2.0619339066854345 0.24020453534734054 -2.1433108390997395
leaf_weight=113.69975531101227 249.19499087333679 11.745342135429381 101.22789716720581 44.801820516586304 12.592944145202642 38.989692449569702 2.9060640335082999 36.204714417457581 43.106616497039795 2720.6813653707504 11.624256134033205 3.2693220376968393 9.3236221075057966 3.1482360363006618 13.440546154975889 5.3277840614318839 6.4175580739974958 3.0271500349044791 363.98452019691467 20.221362233161926 350.78614604473114 3.2693220376968375 5.5699560642242423 4.9645260572433463 3.02715003490448 46.012680530548096 8.3549340963363647 27.486522316932678 4.3590960502624512 304.28912150859833
leaf_count=939 2058 97 836 370 104 322 24 299 356 22469 96 27 77 26 111 44 53 25 3006 167 2897 27 46 41 25 380 69 227 36 2513
internal_value=-1.80739 -2.21297 2.78198 1.68582 3.6123 0.463844 1.99196 -0.176254 1.20731 -2.62476 -1.937 -1.6971 1.46812 -1.12298 -0.0762167 1.00102 0.0666647 3.66142 -2.70722 -2.12178 -2.21696 -0.174205 -2.4298 0.902931 2.78452 -1.70653 -0.39066 -1.73105 2.22495 -2.10333
internal_weight=0 4203.02 370.039 401.521 155.838 245.683 72.5305 173.153 90.9356 3801.5 406.97 120.844 20.9479 33.5408 42.1379 28.6974 23.3696 46.1338 3394.52 386.022 365.801 15.0147 673.844 19.6159 7.99168 82.2174 11.6243 30.6348 10.7767 309.859
internal_count=37767 34711 3056 3316 1287 2029 599 1430 751 31395 3361 998 173 277 348 237 193 381 28034 3188 3021 124 5565 162 66 679 96 253 89 2559
is_linear=0
shrinkage=1


Tree=9
num_leaves=31
num_cat=0
split_feature=10 36 46 8 46 35 35 40 35 14 35 46 9 38 46 9 25 14 1 6 38 25 38 9 35 14 35 35 35 38
split_gain=8530.48 6489.79 3547.15 971.362 767.052 250.191 597.375 345.245 670.255 228.497 262.765 151.171 140.95 90.538 83.4236 62.3541 62.2108 62.4959 78.5341 69.9286 54.1967 45.622 41.4271 40.7767 40.0914 39.6599 36.5645 36.0112 45.471 29.5568
threshold=1.5544313764064441 3.5000000000000004 10.500000000000002 -0.45218975719495608 7.0000000000000009 3.0240803418597677 4.986826519457872 0.20500000000000004 0.027259844748239753 -1.0994183075655302 4.9842702640393926 7.0000000000000009 1.5234269125314246 76.500000000000014 17.000000000000004 0.14410075192778152 -0.51780936920952192 -2.5349083810324538 -0.03975095889810764 -0.78140398427176605 76.500000000000014 0.7189118377940954 400.50000000000006 1.438366478306347 0.027259844748239753 0.085535989164709295 0.014759048528931765 1.9948797934495948 3.0240803418597677 80.500000000000014
decision_type=2 2 2 2 2 2 2 2 2 2 2 2 2 2 2 2 2 2 2 2 2 2 2 2 2 2 2 2 2 2
left_child=1 3 -2 4 -1 7 -7 8 -5 10 16 -12 -4 -6 24 -11 -3 18 -18 -19 -17 -8 -20 29 -15 -9 -14 -26 -29 -22
right_child=2 9 12 5 13 6 21 25 -10 15 11 -13 26 14 -16 20 17 19 22 -21 23 -23 -24 -25 27 -27 -28 28 -30 -31
leaf_value=4.9238154000585563 4.943846142282224 -2.6586451039479009 -2.1485502840376061 -1.4533468514690284 -1.9627874635854698 4.5340594011185047 1.1578260039012287 -0.90682230034502076 3.9069193624318559 -2.8008653332400604 3.8689803428104477 -1.5399811136472046 -1.747975313186086 -1.0444655206281057 -2.4208977234589382 -2.7139197050139616 -2.5782042609253191 -2.053353927473673 4.7709605363321721 0.18425200677698195 -0.86928324026781623 -1.8994416773864877 -0.11272679871184765 -0.86835059281248195 4.7365497312613947 -2.2832545031758551 2.0554991796604702 -0.16666536108693042 3.7855602093055496 -2.3776411359681831
leaf_weight=112.85215330123901 250.52693688869476 127.86681747436523 102.07549917697906 49.403088569641113 15.862266182899473 39.837294459342957 6.0543000698089626 36.32580041885376 44.196390509605408 2157.0260288715363 11.987514138221742 9.0814501047134382 3.2693220376968375 3.6325800418853822 5.4488700628280631 648.41553747653961 5.0856120586395264 224.37236058712006 3.8747520446777326 14.89357817173004 13.31946015357971 25.185888290405273 3.1482360363006592 19.494846224784851 5.4488700628280666 49.403088569641113 11.139912128448485 6.4175580739974958 5.3277840614318848 527.08736407756805
leaf_count=932 2069 1056 843 408 131 329 50 300 365 17814 99 75 27 30 45 5355 42 1853 32 123 110 208 26 161 45 408 92 53 44 4353
internal_value=-1.80739 -2.20476 2.82399 1.5969 3.56443 0.37909 1.9668 -0.250206 1.0777 -2.61403 -1.8998 1.53753 -1.73526 -0.0762167 1.06268 -2.69899 -2.09076 -1.8019 0.414553 -1.91407 -2.51712 -1.30695 2.58172 -2.28921 1.97408 -1.70002 1.19253 2.6118 1.6261 -2.34046
internal_weight=0 4171.05 367.012 405.396 154.99 250.406 71.0775 179.328 93.5995 3765.65 400.31 21.069 116.485 42.1379 26.2757 3365.34 379.241 251.375 12.1086 239.266 1208.32 31.2402 7.02299 559.902 20.8268 85.7289 14.4092 17.1942 11.7453 540.407
internal_count=37478 34447 3031 3348 1280 2068 587 1481 773 31099 3306 174 962 348 217 27793 3132 2076 100 1976 9979 258 58 4624 172 708 119 142 97 4463
is_linear=0
shrinkage=1


Tree=10
num_leaves=31
num_cat=0
split_feature=10 36 46 8 46 40 40 40 40 14 40 46 0 36 49 40 14 7 14 38 20 38 6 14 32 40 49 6 3 9
split_gain=8481.97 6621.11 3658.49 1000.21 660.18 246.064 602.662 411.335 653.875 243.81 256.812 137.803 127.323 108.28 107.754 94.278 80.5951 83.0959 81.9692 74.3799 61.832 48.661 45.5745 41.2243 40.9123 39.2702 44.2139 34.8934 32.4675 31.0961
threshold=1.5544313764064441 3.5000000000000004 10.500000000000002 -0.45218975719495608 7.0000000000000009 0.38000000000000006 0.48000000000000004 0.20500000000000004 0.080000000000000016 -1.0994183075655302 0.53500000000000014 7.0000000000000009 -0.59796545711328319 3.5000000000000004 14.500000000000002 0.41500000000000004 -2.5349083810324538 -1.281659524803332 -1.170666182468995 236.50000000000003 -0.045099109276372951 76.500000000000014 -0.47013240481795476 0.085535989164709295 0.75727240391497863 0.115 14.500000000000002 0.024927362656483622 0.75465589222813556 1.438366478306347
decision_type=2 2 2 2 2 2 2 2 2 2 2 2 2 2 2 2 2 2 2 2 2 2 2 2 2 2 2 2 2 2
left_child=1 3 -2 4 -1 7 -7 8 -5 10 16 -12 -8 25 15 19 17 -3 -18 -6 -11 -22 -14 -9 -20 -4 -27 -21 -19 -23
right_child=2 9 13 5 14 6 12 23 -10 20 11 -13 22 -15 -16 -17 18 28 24 27 21 29 -24 -25 -26 26 -28 -29 -30 -31
leaf_value=4.9202728595265768 4.9601285786936984 -2.787946310880494 -1.8379382022599968 -1.340659792123347 -1.3369573637296568 4.6715752918731113 5.2871226123937323 -0.99368452673725782 3.939667929622495 -2.7743672347938277 3.9406128487548719 -1.2165195459819584 1.7083988850335605 -2.2077289384089349 -2.2635911859925573 5.0950623050219885 -2.2837443366999941 -0.71912699995899754 -1.1978130009434858 4.4177970106058382 -2.689060300498439 -2.2347327924285807 -2.0538491360373827 -2.3919202033993416 1.6649326049441693 2.4985067209442504 -1.0386083623181857 0.46960990248581291 3.4702321046570312 -0.65597717926837351
leaf_weight=111.7623792886734 250.76910889148712 5.4488700628280631 6.1753860712051418 47.828970551490784 11.624256134033208 38.989692449569702 2.9060640335082999 37.415574431419373 46.012680530548096 2633.1361863613129 11.139912128448488 9.6868801116943342 3.6325800418853786 98.200747132301331 12.714030146598814 5.2066980600357047 340.25166392326355 2.6638920307159406 18.041814208030704 4.6012680530548078 393.04516053199768 336.61908388137817 28.334124326705933 48.3133145570755 6.9019020795822135 9.3236221075057966 5.6910420656204215 4.3590960502624512 6.05430006980896 12.956202149391173
leaf_count=923 2071 45 51 395 96 322 24 309 380 21746 92 80 30 811 105 43 2810 22 149 38 3246 2780 234 399 57 77 47 36 50 107
internal_value=-1.80739 -2.20346 2.7909 1.64581 3.68997 0.433769 1.97015 -0.198187 1.2484 -2.615 -1.87699 1.54195 -1.0502 -1.76535 0.119009 1.29353 -2.06469 0.275498 -2.15547 0.331967 -2.70249 -2.44765 -1.62632 -1.78167 -0.405694 0.284775 1.15783 2.49706 2.19015 -2.17622
internal_weight=0 4179.65 370.16 403.701 150.268 253.433 73.8625 179.571 93.8417 3775.95 400.189 20.8268 34.8728 119.391 38.5053 25.7913 379.362 14.1671 365.195 20.5846 3375.76 742.62 31.9667 85.7289 24.9437 21.1901 15.0147 8.96036 8.71819 349.575
internal_count=37575 34518 3057 3334 1241 2093 610 1483 775 31184 3305 172 288 986 318 213 3133 117 3016 170 27879 6133 264 708 206 175 124 74 72 2887
is_linear=0
shrinkage=1


Tree=11
num_leaves=31
num_cat=0
split_feature=10 36 46 8 34 35 48 35 35 14 35 34 0 38 20 34 6 35 20 38 14 10 35 6 34 9 34 6 9 9
split_gain=8459.66 6638.97 3649.78 954.758 702.157 267.608 591.006 437.6 654.002 210.084 222.544 129.02 121.337 97.238 96.1051 84.1885 82.9901 75.9258 72.4813 62.1763 56.5304 60.4003 52.3729 51.8572 50.2537 37.9086 33.1742 32.8506 32.5077 31.2984
threshold=1.5544313764064441 3.5000000000000004 10.500000000000002 -0.45218975719495608 0.97420999951194476 3.9809838485361291 48.000000000000007 1.9917052323293079 0.027259844748239753 -1.0994183075655302 4.0254942128589333 0.012217423206805253 -0.59796545711328319 76.500000000000014 3.0730131251041346 1.0111995650533114 -0.78140398427176605 3.9886385348813689 -0.041489184732071804 76.500000000000014 -2.5349083810324538 -1.0000000180025095e-35 4.9997658460721155 -0.49603811207511778 1.0051325855622082 0.33186096828765227 1.0078330176642523 1.2444115147521686 0.65770646404093003 1.438366478306347
decision_type=2 2 2 2 2 2 2 2 2 2 2 2 2 2 2 2 2 2 2 2 2 2 2 2 2 2 2 2 2 2
left_child=1 3 -2 4 -1 7 24 8 -5 10 16 -12 -8 -6 -4 27 20 -16 -11 -20 21 -3 -19 -14 -7 -18 -10 -15 -22 -21
right_child=2 9 14 5 13 6 12 -9 26 18 11 -13 23 15 17 -17 25 22 19 29 28 -23 -24 -25 -26 -27 -28 -29 -30 -31
leaf_value=4.9280533420900365 4.9697933983169751 -2.2715898234908476 -2.1902523273089067 -1.3716384107250668 -1.8004760439739953 5.0377020118807625 5.2871226123937323 -1.8452988022751349 4.133182190294459 -2.7787663028031879 3.7506401534197766 -1.319751961194271 2.3140290542791262 2.8511346850816071 -1.3197519611942712 -1.960214292307394 -1.3030679344932914 4.8524598114997861 -2.6940178663693182 -2.1760424363008521 -2.4685434535569288 1.8952003982748922 -0.7191269999589982 -2.0497526116241955 0.33196668220272985 1.4486215397105617 0.33196668220272985 -1.0051388862615089 -1.7502145066183796 -0.63275394137427954
leaf_weight=111.39912128448486 248.95281887054443 7.1440740823745728 98.564005136489868 46.254852533340454 16.225524187088013 36.083628416061401 2.7849780321121207 85.244544982910156 44.196390509605408 2636.1633363962173 10.413396120071413 9.6868801116943342 3.0271500349044826 16.830954194068916 11.503170132637026 5.9332140684127799 11.987514138221742 4.6012680530548087 400.06814861297607 331.89672982692719 264.45182704925537 6.7808160781860334 2.6638920307159424 27.123264312744141 2.4217200279235831 8.5971060991287214 2.4217200279235831 2.5428060293197623 82.701738953590393 13.682718157768248
leaf_count=920 2056 59 814 382 134 298 23 704 365 21771 86 80 25 139 95 49 99 38 3304 2741 2184 56 22 224 20 71 20 21 683 113
internal_value=-1.80739 -2.20894 2.80272 1.65225 3.61971 0.446569 2.08167 -0.209249 1.29242 -2.61969 -1.93604 1.30708 -1.02827 0.110453 -1.79532 1.33564 -2.10683 0.278685 -2.70091 -2.42564 -2.21817 -0.242544 2.80954 -1.61162 4.74174 -0.153833 3.93572 2.345 -2.29742 -2.11494
internal_weight=0 4186.06 366.285 402.49 152.932 249.558 71.4407 178.118 92.873 3783.57 401.763 20.1003 32.9354 41.5325 117.332 25.307 381.663 18.7683 3381.81 745.648 361.078 13.9249 7.26516 30.1504 38.5053 20.5846 46.6181 19.3738 347.154 345.579
internal_count=37596 34571 3025 3324 1263 2061 590 1471 767 31247 3318 166 272 343 969 209 3152 155 27929 6158 2982 115 60 249 318 170 385 160 2867 2854
is_linear=0
shrinkage=1


Tree=12
num_leaves=31
num_cat=0
split_feature=22 36 46 29 34 14 35 14 9 34 49 35 35 35 35 35 35 35 49 35 38 14 14 22 20 25 29 35 35 38
split_gain=8186.31 6272.75 3370.51 782.601 715.507 248.245 236.829 233.663 170.539 148.339 133.53 155.783 170.004 221.136 116.829 333.428 126.792 287.155 114.844 136.749 100.209 90.3237 87.5508 98.5075 74.1335 69.0208 121.153 67.2979 59.0261 46.8776
threshold=-0.59203641594196876 3.5000000000000004 10.500000000000002 -0.16576980388961074 0.024327378250274697 -1.0994183075655302 4.0254942128589333 0.085535989164709295 1.3528464379280607 0.019398414103355317 14.500000000000002 3.9809838485361291 1.9999470670742632 0.98244504138724154 3.0240803418597677 4.9796911294148956 1.97907636654295 0.97884450118364696 14.500000000000002 3.9876146141301212 107.50000000000001 -1.170666182468995 -2.5349083810324538 -0.27478873810331467 -0.041489184732071804 2.1637088527829786 0.19511648960278563 4.986826519457872 3.0021222172513524 76.500000000000014
decision_type=2 2 2 2 2 2 2 2 2 2 2 2 2 2 2 2 2 2 2 2 2 2 2 2 2 2 2 2 2 2
left_child=2 3 -1 7 25 6 21 10 -4 -8 11 12 13 -2 16 -16 17 -9 19 20 -6 22 23 -3 -7 -5 -27 -13 -10 -26
right_child=1 5 8 4 18 24 9 14 28 -11 -12 27 -14 -15 15 -17 -18 -19 -20 -21 -22 -23 -24 -25 29 26 -28 -29 -30 -31
leaf_value=4.8651805978354705 -0.44801156606807613 2.6189617269062695 -2.2094557691088652 4.8928413878409014 -2.2686116074010587 -2.7799327777679848 4.1212035699958474 -1.9717461625351924 -0.3548866150514689 -1.2799515119557889 -1.7916715735934141 4.9523147792727187 -0.69111277602078558 4.1286774100112211 4.4282289178272922 -1.8359140372558338 -2.3692815158527822 3.9500170439294942 -2.4254479125592057 5.2871226123937323 1.6455382017546758 -0.23165294966733674 -2.2781780935763734 -2.6598255775352344 -2.6589556007227326 0.010799168208867949 4.531434344172883 1.3002155421251098 3.1897021128419856 -2.1539591115192116
leaf_weight=244.10937881469727 17.436384201049805 7.8705900907516479 97.110973119735718 93.841651082038879 11.382084131240847 2626.1131982803345 10.292310118675234 23.006340265274048 12.229686141014101 10.050138115882872 11.86642813682556 17.920728206634525 32.451048374176025 26.760006308555603 15.135750174522398 19.373760223388672 46.497024536132812 12.714030146598814 14.651406168937681 5.9332140684127799 15.377922177314757 25.549146294593811 344.73184597492218 6.4175580739974958 390.38126850128174 8.7181921005249041 18.526158213615417 7.0229880809783927 7.6284180879592887 347.39573800563812
leaf_count=2016 144 65 802 775 94 21688 85 190 101 83 98 148 268 221 125 160 384 105 121 49 127 211 2847 53 3224 72 153 58 63 2869
internal_value=-1.80739 -2.21321 2.75028 1.55922 3.19724 -2.61221 -1.87247 0.360639 -1.66343 1.45278 1.38258 1.75335 1.04693 2.32308 -0.632678 0.911517 -1.28083 0.136 -0.0989164 0.943714 -0.0193038 -2.04836 -2.17764 0.247981 -2.70125 4.48604 3.08483 3.92405 1.00675 -2.42117
internal_weight=0 4167.42 361.078 398.615 168.431 3768.8 404.912 230.184 116.969 20.3424 113.458 101.591 76.6474 44.1964 116.727 34.5095 82.2174 35.7204 47.3446 32.6932 26.76 384.569 359.02 14.2881 3363.89 121.086 27.2444 24.9437 19.8581 737.777
internal_count=37399 34417 2982 3292 1391 31125 3344 1901 966 168 937 839 633 365 964 285 679 295 391 270 221 3176 2965 118 27781 1000 225 206 164 6093
is_linear=0
shrinkage=1


Tree=13
num_leaves=31
num_cat=0
split_feature=10 36 46 8 34 35 40 35 35 14 35 34 36 6 34 38 14 10 14 38 9 34 6 35 14 35 33 9 14 25
split_gain=8378.54 6571.48 3571.19 955.254 721.558 256.138 570.158 396.129 602.833 235.034 265.502 141.306 121.591 95.083 86.0709 81.2121 77.1496 74.509 67.213 66.0414 71.7311 48.4599 43.4402 41.6291 40.4304 51.3917 40.0441 38.0517 37.6918 36.692
threshold=1.5544313764064441 3.5000000000000004 10.500000000000002 -0.45218975719495608 0.97420999951194476 3.0240803418597677 0.48000000000000004 1.97907636654295 0.027259844748239753 -1.0994183075655302 4.9910495028621353 0.019398414103355317 3.5000000000000004 -0.78140398427176605 1.0209092103554982 236.50000000000003 -2.5349083810324538 -1.0000000180025095e-35 -0.52274473869664895 76.500000000000014 0.26264209426803736 1.005900340741958 -0.1134011050109371 0.014759048528931765 0.9339492431873897 4.9991424286896304 -0.31425816705793391 1.4906560138589964 0.085535989164709295 0.60446243544914402
decision_type=2 2 2 2 2 2 2 2 2 2 2 2 2 2 2 2 2 2 2 2 2 2 2 2 2 2 2 2 2 2
left_child=1 3 -2 4 -1 7 21 8 28 10 13 -12 23 16 15 22 17 -3 -8 -11 -21 -7 -6 -4 25 27 -15 -22 -5 -20
right_child=2 9 12 5 14 6 18 -9 -10 19 11 -13 -14 26 -16 -17 -18 -19 29 20 24 -23 -24 -25 -26 -27 -28 -29 -30 -31
leaf_value=4.9299942570646511 4.9371481312063512 -2.3708456433559988 -2.0111690677325504 -0.3326301683948798 1.6964299093567723 4.9534420783741364 2.5342582067320643 -1.7680755929734571 3.8258165739996035 -2.8253693776741615 4.2307909218491382 -1.1858288279458655 -2.2263343744873616 -1.2627961459047194 -2.5636388407895434 2.6560663662746165 -2.2791850514457463 2.1901501560243566 1.2829562041585763 -2.6949722913720104 -2.2496083826622124 0.33196668220272985 -1.6943685607276116 1.2538561575871028 -2.6950026771557223 -0.89952672329821426 1.592488804795178 -0.46150599942916259 -2.1657541931781008 -1.9788512275498051
leaf_weight=112.00455129146576 248.5895608663559 6.659730076789856 5.2066980600357082 20.463534235954285 5.5699560642242458 35.962542414665222 4.7223540544509879 84.760200977325439 45.165078520774841 1806.9663988351822 10.413396120071413 8.960364103317259 96.626629114151001 10.534482121467592 9.8079661130905134 13.682718157768248 348.1222540140152 7.749504089355467 3.9958380460739162 1045.2143640518188 326.93220376968384 2.4217200279235831 11.745342135429384 15.620094180107115 141.06519162654877 34.267338395118713 9.2025361061096174 12.350772142410277 24.822630286216736 25.185888290405273
leaf_count=925 2053 55 43 169 46 297 39 700 373 14923 86 74 798 87 81 113 2875 64 33 8632 2700 20 97 129 1165 283 76 102 205 208
internal_value=-1.80739 -2.19978 2.79015 1.65244 3.61839 0.438633 2.02242 -0.214801 1.24074 -2.60899 -1.88593 1.7256 -1.75397 -2.06896 0.0182872 0.835225 -2.18533 0.0821269 -0.965812 -2.69524 -2.5445 4.66187 -0.603622 0.4376 -2.23888 -2.06664 0.0685024 -2.18452 -1.33742 -1.53221
internal_weight=0 4168.75 366.043 400.31 152.811 247.5 72.2883 175.211 90.4512 3768.44 401.642 19.3738 117.453 382.269 40.806 30.998 362.531 14.4092 33.9041 3366.8 1559.83 38.3843 17.3153 20.8268 514.616 373.55 19.737 339.283 45.2862 29.1817
internal_count=37451 34428 3023 3306 1262 2044 597 1447 747 31122 3317 160 970 3157 337 256 2994 119 280 27805 12882 317 143 172 4250 3085 163 2802 374 241
is_linear=0
shrinkage=1


Tree=14
num_leaves=31
num_cat=0
split_feature=10 36 46 8 34 35 35 35 35 14 35 34 36 49 35 6 38 31 38 9 6 10 35 35 14 9 34 32 33 9
split_gain=8398.37 6719.4 3621.04 963.065 780.493 289.757 568.595 358.236 661.325 197.733 247.04 133.58 125.554 99.0416 114.538 85.1386 74.8093 67.2122 64.5968 67.6997 52.2199 79.4322 45.6563 55.0433 41.6328 40.9996 40.8043 40.4057 36.1376 33.4976
threshold=1.5544313764064441 3.5000000000000004 11.500000000000002 -0.45218975719495608 0.97420999951194476 3.0240803418597677 4.9796911294148956 1.9824709104014333 0.027259844748239753 -1.0994183075655302 4.0254942128589333 0.012217423206805253 3.5000000000000004 14.500000000000002 3.0240803418597677 -0.78140398427176605 159.50000000000003 -0.57802541218915282 76.500000000000014 0.2659733076062763 -1.1960081763610477 -1.0000000180025095e-35 3.0010643871955618 4.986826519457872 0.085535989164709295 1.438366478306347 1.0037166543105027 0.86268696419798141 -0.096747904038029561 -0.22797609009032768
decision_type=2 2 2 2 2 2 2 2 2 2 2 2 2 2 2 2 2 2 2 2 2 2 2 2 2 2 2 2 2 2
left_child=1 3 -2 4 -1 7 26 8 -5 10 15 -12 22 14 16 20 -6 -8 -11 -20 21 -3 -4 -24 -9 -21 -7 -17 -23 -22
right_child=2 9 12 5 13 6 17 24 -10 18 11 -13 -14 -15 -16 27 -18 -19 19 25 29 28 23 -25 -26 -27 -28 -29 -30 -31
leaf_value=4.9329360832134146 4.9451935215784744 -2.6866915281435131 -0.7394183837845143 -1.4661067776978027 -1.9507456002448107 4.9843075277709499 3.3812934084741104 -0.92753783517023403 3.8919379272355035 -2.8340022102447739 3.9427004607915213 -1.2165195459819584 -2.2668478458020873 -2.376256679042803 5.0994273120077107 -1.0051388862615092 1.735039508314161 -1.4891590015426814 -2.6944971719102151 -2.3010313028434117 -2.7241624592550604 -0.7191269999589982 4.6175069461517069 -0.57381450933756128 -2.3473955504110449 -0.76917908006193736 0.74489634305198038 2.1672096193105088 4.0358206098202487 -2.083038945621225
leaf_weight=115.75821733474731 248.5895608663559 7.0229880809783936 13.440546154975893 47.828970551490784 10.776654124259954 36.32580041885376 3.1482360363006618 36.204714417457581 44.438562512397766 1811.3254948854446 10.413396120071413 9.6868801116943342 96.505543112754822 13.440546154975889 5.3277840614318839 15.256836175918581 11.260998129844664 28.334124326705933 1086.7468625307083 459.40028929710388 133.43677353858948 2.6638920307159424 4.4801820516586286 3.7536660432815552 48.071142554283142 18.16290020942688 2.4217200279235831 5.4488700628280631 3.9958380460739118 209.35769641399384
leaf_count=956 2053 58 111 395 89 300 26 299 367 14959 86 80 797 111 44 126 93 234 8975 3794 1102 22 37 31 397 150 20 45 33 1729
internal_value=-1.80739 -2.21218 2.77874 1.66732 3.6073 0.436516 2.15455 -0.246928 1.11447 -2.62691 -1.9596 1.45633 -1.77837 -0.153256 0.938571 -2.14163 -0.0673499 -1.00211 -2.70545 -2.55659 -2.25614 -0.340414 0.396559 2.25088 -1.73743 -2.24277 4.71934 -0.17031 2.13384 -2.3326
internal_weight=0 4176.26 366.769 403.337 156.564 246.773 70.2299 176.543 92.2675 3772.92 397.283 20.1003 118.18 40.806 27.3654 377.183 22.0377 31.4824 3375.64 1564.31 356.477 13.6827 21.6744 8.23385 84.2759 477.563 38.7475 20.7057 6.65973 342.794
internal_count=37519 34490 3029 3331 1293 2038 580 1458 762 31159 3281 166 976 337 226 3115 182 260 27878 12919 2944 113 179 68 696 3944 320 171 55 2831
is_linear=0
shrinkage=1


Tree=15
num_leaves=31
num_cat=0
split_feature=1 36 46 8 34 35 35 40 35 14 35 36 34 49 35 38 6 14 1 38 20 22 6 35 49 35 35 38 14 20
split_gain=8269.6 6469.83 3494.58 949.342 777.292 261.716 605.925 347.745 595.338 242.004 248.531 132.452 132.339 107.645 119.196 83.2944 78.1911 72.7625 71.9894 63.097 77.9612 59.9671 57.61 48.5532 57.4632 54.9929 58.3097 40.5422 39.1954 38.4084
threshold=1.5367684771616057 3.5000000000000004 10.500000000000002 -0.45218975719495608 0.97420999951194476 3.0240803418597677 4.0254942128589333 0.20500000000000004 0.027259844748239753 -1.0994183075655302 4.9842702640393926 3.5000000000000004 0.012217423206805253 14.500000000000002 3.0240803418597677 310.50000000000006 -0.78140398427176605 -2.5349083810324538 -1.0000000180025095e-35 76.500000000000014 1.0000000180025095e-35 -0.59203641594196876 -0.47013240481795476 0.014759048528931765 11.500000000000002 3.0021222172513524 4.986826519457872 481.50000000000006 0.085535989164709295 0.31506752857924381
decision_type=2 2 2 2 2 2 2 2 2 2 2 2 2 2 2 2 2 2 2 2 2 2 2 2 2 2 2 2 2 2
left_child=1 3 21 4 -1 7 -7 8 -5 10 16 23 -12 14 15 -6 17 18 -3 -11 -21 -2 -8 -4 -25 -26 -27 -20 -9 -23
right_child=2 9 11 5 13 6 22 28 -10 19 12 -13 -14 -15 -16 -17 -18 -19 27 20 -22 29 -24 24 25 26 -28 -29 -30 -31
leaf_value=4.9226421797819082 4.9150770763810421 -2.6200411059961652 -2.1849379172593664 -1.294914086857474 -1.4446718585940443 4.7543101467817976 2.1622495032642717 -0.91350401006750059 3.8324840344020559 -2.8232748910223413 3.850845531178948 -2.1655115075120124 -1.255399286776206 -2.2774711745925322 5.1150685870398789 2.3912522635808089 -0.13568859634943298 -2.2537141880743063 4.2860810103349465 -2.6587773768868619 -2.0950618649509716 -0.13257918625267662 -1.7037041019839247 5.2871226123937252 -1.9171821088059522 4.4400874106516817 -0.84022074214352904 -0.21860619892960398 -2.2681840775974154 4.2860810103349429
leaf_weight=112.48889529705048 244.59372282028198 5.6910420656204224 5.085612058639529 48.3133145570755 14.40923416614533 37.536660432815552 4.4801820516586295 37.415574431419373 42.622272491455078 1808.4194308519363 11.139912128448488 100.50138115882874 9.3236221075057966 14.409234166145323 5.8121280670166007 9.3236221075057966 20.100276231765747 341.34143793582916 3.9958380460739118 1260.0209305286407 304.65237951278687 3.8747520446777335 27.607608318328857 3.0271500349044826 5.6910420656204215 4.722354054450987 3.7536660432815552 3.9958380460739136 49.766346573829651 3.9958380460739136
leaf_count=929 2020 47 42 399 119 310 37 309 352 14935 92 830 77 119 48 77 166 2819 33 10406 2516 32 228 25 47 39 31 33 411 33
internal_value=-1.80739 -2.2015 2.69948 1.60069 3.5293 0.382826 2.02677 -0.259778 1.10834 -2.60927 -1.86931 -1.67648 1.52433 -0.0365986 1.05629 0.0622983 -2.05444 -2.16307 0.098095 -2.69606 -2.54902 4.82765 -1.16393 0.529455 1.3323 0.487256 2.10167 2.03374 -1.6868 2.11074
internal_weight=0 4172.87 375.246 404.185 156.443 247.742 69.6245 178.118 90.9356 3768.68 395.588 122.781 20.4635 43.9542 29.545 23.7329 375.124 355.024 13.6827 3373.09 1564.67 252.464 32.0878 22.2798 17.1942 14.1671 8.47602 7.99168 87.1819 7.87059
internal_count=37561 34462 3099 3338 1292 2046 575 1471 751 31124 3267 1014 169 363 244 196 3098 2932 113 27857 12922 2085 265 184 142 117 70 66 720 65
is_linear=0
shrinkage=1


Tree=16
num_leaves=31
num_cat=0
split_feature=10 9 46 8 34 14 48 48 48 48 48 9 9 20 34 20 20 20 38 34 6 14 10 38 10 20 0 48 34 48
split_gain=8322.73 5111.71 3669.73 810.673 622.261 251.179 206.035 167.335 749.473 316.383 707.488 146.422 186.923 143.705 137.981 137.158 100.067 85.6278 85.0269 79.0776 74.4148 72.8831 77.525 71.1435 72.8346 62.7923 60.8947 51.5314 50.8258 46.4546
threshold=1.5544313764064441 1.20733357875903 10.500000000000002 -0.45218975719495608 0.020791928420009497 -1.0994183075655302 52.500000000000007 38.000000000000007 43.500000000000007 13.500000000000002 8.0000000000000018 1.3528464379280607 1.293112571040208 1.5028455210247398 0.012217423206805253 3.0730131251041346 1.0874753065260447 1.0000000180025095e-35 481.50000000000006 1.0078330176642523 -0.78140398427176605 -2.5349083810324538 -1.0000000180025095e-35 76.500000000000014 -0.75160221285459516 1.0422042645942826 -0.59796545711328319 38.000000000000007 1.0044145899817303 52.500000000000007
decision_type=2 2 2 2 2 2 2 2 2 2 2 2 2 2 2 2 2 2 2 2 2 2 2 2 2 2 2 2 2 2
left_child=1 5 -2 4 11 6 16 9 19 10 -5 12 -3 17 -8 -4 20 -7 -6 -9 21 22 -1 -19 -25 -14 29 -17 -20 -10
right_child=2 3 15 7 18 13 14 8 26 -11 -12 -13 25 -15 -16 27 -18 23 28 -21 -22 -23 -24 24 -26 -27 -28 -29 -30 -31
leaf_value=-2.1316136672707628 4.9519327654451981 4.3521875312256171 -2.2198019548184051 -1.4986004767213348 -1.1488845153256158 -2.7736845231273066 3.8297238093963775 5.0138603368317298 -1.319751961194271 -1.7073060562930087 3.9598487025211431 4.489596456750963 -2.5126598703143275 1.4570503958209771 -1.379452635051994 -0.59932148907430283 0.41825049193242414 -2.6778839278410054 3.1376257476990053 -0.90682230034502076 -0.20118300648870702 -2.320037155112912 2.758981831684038 3.3207908940639697 -2.0542266027048255 3.0347790077614589 -1.9804394185530714 2.8095446472982313 -1.8452988022751349 4.8741929515444795
leaf_weight=7.1440740823745728 247.62087285518646 12.835116147994997 102.4387571811676 57.031506657600403 35.114940404891968 2684.7188229560852 10.292310118675234 32.935392379760742 2.4217200279235831 108.37197124958038 40.684896469116211 95.29468309879303 8.7181921005249006 8.354934096336363 10.050138115882872 11.382084131240847 16.225524187088013 340.61492192745209 8.8392781019210798 2.4217200279235831 19.131588220596313 328.50632178783417 5.933214068412779 2.5428060293197623 294.36006939411163 2.6638920307159415 39.35295045375824 7.2651600837707511 2.6638920307159415 2.421720027923584
leaf_count=59 2045 106 846 471 290 22172 85 272 20 895 336 787 72 69 83 94 134 2813 73 20 158 2713 49 21 2431 22 325 60 22 20
internal_value=-1.80739 -2.2104 2.74581 0.966358 2.72287 -2.59538 -1.84381 -0.0552315 1.17668 -0.53077 0.774062 3.93161 1.73593 -2.68503 1.25614 -1.76572 -2.01111 -2.69545 -0.375913 4.60833 -2.12038 -2.22788 0.0872676 -2.366 -2.00819 -1.21432 -1.56864 0.728808 1.98369 1.77722
internal_weight=0 4179.65 368.707 451.772 166.13 3727.87 397.283 285.642 79.5535 206.088 97.7164 119.512 24.2172 3330.59 20.3424 121.086 376.941 3322.24 46.6181 35.3571 360.715 341.584 13.0773 637.518 296.903 11.3821 44.1964 18.6472 11.5032 4.84344
internal_count=37563 34518 3045 3731 1372 30787 3281 2359 657 1702 807 987 200 27506 168 1000 3113 27437 385 292 2979 2821 108 5265 2452 94 365 154 95 40
is_linear=0
shrinkage=1


Tree=17
num_leaves=31
num_cat=0
split_feature=10 36 46 8 34 40 40 40 40 14 40 34 20 0 6 49 40 38 20 14 10 34 38 6 40 49 38 6 40 40
split_gain=8372.21 6682.27 3536.13 938.583 757.395 242.194 563.821 400.084 668.65 225.293 232.54 133.905 129.345 98.6585 93.672 79.5429 112.985 82.3841 69.7381 60.6388 60.8729 57.3919 52.1483 41.215 40.7637 49.7068 39.7789 38.5002 35.2997 62.5508
threshold=1.5544313764064441 3.5000000000000004 10.500000000000002 -0.45218975719495608 0.97420999951194476 0.38000000000000006 0.48000000000000004 0.20500000000000004 0.080000000000000016 -1.0994183075655302 0.53500000000000014 0.98953557343827636 2.8324536785943715 -0.58844038671351928 -0.78140398427176605 14.500000000000002 0.38000000000000006 332.50000000000006 -0.045099109276372951 -2.5349083810324538 -1.0000000180025095e-35 1.0078330176642523 76.500000000000014 -0.1134011050109371 0.03500000000000001 14.500000000000002 481.50000000000006 -0.47013240481795476 0.41500000000000004 0.13500000000000004
decision_type=2 2 2 2 2 2 2 2 2 2 2 2 2 2 2 2 2 2 2 2 2 2 2 2 2 2 2 2 2 2
left_child=1 3 -2 4 -1 7 21 8 -5 10 14 -12 -4 -8 19 16 17 23 -11 20 -3 -7 -20 -6 -14 28 -22 -15 29 -26
right_child=2 9 12 5 15 6 13 -9 -10 18 11 -13 24 27 -16 -17 -18 -19 22 -21 26 -23 -24 -25 25 -27 -28 -29 -30 -31
leaf_value=4.9189050804262493 4.9540165406806143 -2.3597229588886792 -2.1496695596578745 -1.3973784248526158 0.8697355428436131 4.9500371749657734 4.8938562687277702 -1.7107049734268944 3.9831342097118898 -2.77504469012286 3.6354039689967306 -1.5206366610668791 -1.8452988022751349 1.2829562041585736 -0.0080930384966526603 -2.1144467801871678 5.0950623050219885 2.4195555231628281 -2.6734801276897513 -2.2834953908557343 4.1859768501290677 -0.080962978646520245 -2.1415199769820217 -2.5828309237919775 5.2871226123937252 -1.0386083623181857 -0.49389263949577078 -2.0582607777131225 5.0290415743629495 -1.0837921549946996
leaf_weight=114.06301331520081 246.16784083843231 6.5386440753936768 98.564005136489868 46.375938534736633 5.2066980600357065 35.599284410476685 2.5428060293197658 86.455404996871948 46.012680530548096 2642.2176364660263 11.503170132637026 8.960364103317259 5.3277840614318874 3.9958380460739198 20.584620237350464 12.835116147994993 5.2066980600357047 8.7181921005249006 399.341632604599 345.94270598888397 3.6325800418853742 2.4217200279235831 342.18903994560242 10.292310118675235 2.4217200279235858 5.6910420656204215 3.632580041885376 25.18588829040527 3.8747520446777344 4.238010048866272
leaf_count=942 2033 54 814 383 43 294 21 714 380 21821 95 74 44 33 170 106 43 72 3298 2857 30 20 2826 85 20 47 30 208 32 35
internal_value=-1.80739 -2.20192 2.78361 1.65917 3.57911 0.451843 2.03243 -0.164555 1.2823 -2.61502 -1.90609 1.37773 -1.66442 -1.08019 -2.08277 -0.0371853 0.868945 -0.03967 -2.69899 -2.20148 -0.146162 4.62959 -2.428 -1.42298 0.55467 1.34272 1.84604 -1.60075 2.62918 1.2329
internal_weight=0 4189.45 366.285 404.912 156.322 248.59 69.7455 178.844 92.3886 3784.54 400.795 20.4635 120.117 31.7245 380.331 42.259 29.4239 24.2172 3383.75 359.747 13.8038 38.021 741.531 15.499 21.5533 16.2255 7.26516 29.1817 10.5345 6.65973
internal_count=37624 34599 3025 3344 1291 2053 576 1477 763 31255 3310 169 992 262 3141 349 243 200 27945 2971 114 314 6124 128 178 134 60 241 87 55
is_linear=0
shrinkage=1


Tree=18
num_leaves=31
num_cat=0
split_feature=10 36 46 8 34 35 35 35 35 14 35 36 34 6 38 34 14 38 10 9 35 25 34 14 35 9 35 35 35 34
split_gain=8352.84 6684.74 3621.63 921.156 767.058 258.597 608.969 387.298 580.628 209.307 205.95 125.575 121.196 82.3424 80.6749 69.8112 67.5741 65.0028 63.2951 59.7786 55.0776 45.2024 40.4497 38.624 41.8304 36.8052 35.0904 34.1115 50.8088 31.6128
threshold=1.5544313764064441 3.5000000000000004 10.500000000000002 -0.45218975719495608 0.98269224015695433 3.0160395766815906 4.9796911294148956 1.9936924257986131 0.027259844748239753 -1.0994183075655302 4.0254942128589333 3.5000000000000004 0.98953557343827636 -0.78140398427176605 76.500000000000014 1.0111995650533114 -2.5349083810324538 76.500000000000014 -1.0000000180025095e-35 0.26264209426803736 0.014759048528931765 0.6418361345244038 1.0037166543105027 0.9339492431873897 4.9991424286896304 1.4973996768058531 0.027259844748239753 1.9948797934495948 3.0050402359370429 1.0088303369752987
decision_type=2 2 2 2 2 2 2 2 2 2 2 2 2 2 2 2 2 2 2 2 2 2 2 2 2 2 2 2 2 2
left_child=1 3 -2 4 -1 7 22 8 -5 10 13 20 -12 16 -6 26 18 -11 -3 -19 -4 -8 -7 24 25 -21 -16 -28 -29 -10
right_child=2 9 11 5 14 6 21 -9 29 17 12 -13 -14 -15 15 -17 -18 19 -20 23 -22 -23 -24 -25 -26 -27 27 28 -30 -31
leaf_value=4.9192955550094588 4.9410022339041078 -2.1923580369511773 -2.3952896824760388 -1.3108955609615793 -1.8831288628180542 4.9632562117276535 1.6613987610344627 -1.7673458203769634 3.9573491283029267 -2.8235735554354924 3.5040172587265146 -2.2373734297481604 -1.4501508014624553 -0.11850203872372478 -0.8402207421435306 -1.8807130098951392 -2.2870726230172718 -2.6826423817750324 2.2283843838807686 -2.2646137637008978 1.3427198818934323 -1.6129141446543449 0.74489634305198038 -2.7194647086937347 -1.0634507923912881 -0.28742780907114529 4.697223096894799 -0.51146411442552564 3.7855602093055496 0.40704480235713891
leaf_weight=114.18409931659698 248.46847486495972 6.4175580739974976 5.2066980600357082 45.165078520774841 15.620094180107115 37.052316427230835 4.9645260572433463 82.217394948005676 42.864444494247437 1818.8328269720078 10.655568122863771 98.079661130905151 9.2025361061096174 19.979190230369568 3.7536660432815614 6.4175580739974967 349.21202802658081 1055.9910181760788 6.538644075393675 335.2871378660202 16.225524187088013 27.970866322517395 2.4217200279235831 138.88564360141754 35.114940404891968 9.6868801116943342 5.085612058639529 5.6910420656204206 5.3277840614318848 2.6638920307159415
leaf_count=943 2052 53 43 373 129 306 41 679 354 15021 88 810 76 165 31 53 2884 8721 54 2769 134 231 20 1147 290 80 42 47 44 22
internal_value=-1.80739 -2.20358 2.76525 1.67726 3.57646 0.468931 2.0555 -0.195473 1.2295 -2.61397 -1.93168 -1.7582 1.20818 -2.09485 -0.0833499 0.986565 -2.20387 -2.69479 0.0386708 -2.54606 0.434616 -1.11936 4.70446 -2.26816 -2.10325 -2.20909 1.91319 2.55496 1.56622 3.74962
internal_weight=0 4197.2 367.98 401.4 156.08 245.32 72.4094 172.911 90.6934 3795.8 402.006 119.512 19.8581 382.147 41.8958 26.2757 362.168 3393.8 12.9562 1574.97 21.4322 32.9354 39.474 518.975 380.089 344.974 19.8581 16.1044 11.0188 45.5283
internal_count=37702 34663 3039 3315 1289 2026 598 1428 749 31348 3320 987 164 3156 346 217 2991 28028 107 13007 177 272 326 4286 3139 2849 164 133 91 376
is_linear=0
shrinkage=1


Tree=19
num_leaves=31
num_cat=0
split_feature=10 36 34 8 34 14 35 35 35 35 35 20 34 49 35 38 6 14 22 34 25 20 49 38 35 35 38 6 9 9
split_gain=8289.3 6695.39 3628.55 871.697 754.298 242.194 240.848 230.597 568.659 398.212 616.44 134.08 129.145 102.213 125.676 81.0698 73.6359 72.4663 70.3394 68.056 59.4325 58.901 54.9392 50.4925 47.3454 47.9744 45.7977 40.2613 39.4985 36.8707
threshold=1.5544313764064441 3.5000000000000004 0.97916257029051346 -0.6666296841194187 0.98580696428932202 -1.0994183075655302 4.9930160746963974 3.0240803418597677 4.9796911294148956 1.9936924257986131 0.027259844748239753 2.8324536785943715 0.019398414103355317 14.500000000000002 3.0240803418597677 377.50000000000006 -0.78140398427176605 -2.5349083810324538 -0.26852385069993451 1.0078330176642523 0.7189118377940954 -0.045099109276372951 11.500000000000002 73.500000000000014 3.9886385348813689 4.9997658460721155 400.50000000000006 -0.1134011050109371 -0.030145226655608554 1.438366478306347
decision_type=2 2 2 2 2 2 2 2 2 2 2 2 2 2 2 2 2 2 2 2 2 2 2 2 2 2 2 2 2 2
left_child=1 3 -2 4 -1 6 16 9 19 10 -5 -4 -8 14 15 27 17 18 26 -9 -10 -7 -12 -23 -13 -26 -3 -6 -19 -25
right_child=2 5 11 7 13 21 12 8 20 -11 22 24 -14 -15 -16 -17 -18 28 -20 -21 -22 23 -24 29 25 -27 -28 -29 -30 -31
leaf_value=4.8849183972808277 4.9212355711349041 4.2860810103349465 -2.264745023675685 -1.2032579510806287 0.73646920711628061 -2.7763529099978563 3.6526093715321157 4.982275211766769 1.4855479569561911 -1.6773890463742485 4.1692467349565359 -0.53813510315819046 -1.45933381838275 -2.3078336496549769 5.2871226123937323 2.5342582067320643 -0.23461122454391581 -2.6226914038739566 -2.787946310880494 -0.49389263949577056 -1.6834331303826016 -2.7026695234432792 -0.61187254259555623 -2.2459719325281675 4.6175069461517051 -0.90682230034502109 -0.28742780907114573 -2.563638840789543 -1.9439037066253959 -0.61187254259555623
leaf_weight=111.88346529006958 248.71064686775208 3.9958380460739118 99.048349142074585 48.071142554283142 5.9332140684127816 2639.4326584339142 11.624256134033205 36.083628416061401 7.6284180879592887 85.002372980117798 43.83313250541687 13.561632156372072 8.5971060991287214 13.561632156372069 5.5699560642242423 8.354934096336363 20.826792240142822 160.56003785133362 5.4488700628280631 2.4217200279235831 26.396748304367065 390.6234405040741 2.5428060293197623 330.80695581436157 4.4801820516586295 2.421720027923584 4.843440055847168 9.8079661130905187 183.9296361207962 14.409234166145323
leaf_count=924 2054 33 818 397 49 21798 96 298 63 702 362 112 71 112 46 69 172 1326 45 20 218 3226 21 2732 37 20 40 81 1519 119
internal_value=-1.80739 -2.20393 2.74518 1.64912 3.5142 -2.61943 -1.8835 0.501028 2.00575 -0.107154 1.30606 -1.7833 1.47927 -0.0335397 1.00614 0.0165631 -2.06263 -2.16875 0.0380168 4.63786 -0.97295 -2.7066 3.9071 -2.45641 0.546983 2.67915 1.78005 -1.31975 -2.26027 -2.17777
internal_weight=0 4182.19 368.223 407.091 155.111 3775.1 399.826 251.98 72.5305 179.449 94.4471 119.512 20.2214 43.2277 29.6661 24.0961 379.605 358.778 14.2881 38.5053 34.0252 3375.27 46.3759 735.84 20.4635 6.9019 8.83928 15.7412 344.49 345.216
internal_count=37580 34539 3041 3362 1281 31177 3302 2081 599 1482 780 987 167 357 245 199 3135 2963 118 318 281 27875 383 6077 169 57 73 130 2845 2851
is_linear=0
shrinkage=1


Tree=20
num_leaves=31
num_cat=0
split_feature=10 36 46 8 34 48 48 48 48 14 48 34 0 20 34 38 48 14 14 1 20 38 31 34 38 48 14 48 20 48
split_gain=8099.36 6647.3 3586.11 912.973 722.661 272.795 568.796 412.747 625.348 220.187 260.157 139.477 122.789 110.484 95.0684 90.0051 71.3348 69.9269 67.3198 69.992 64.8281 57.3761 44.202 38.4362 38.2255 35.7537 35.4321 34.3782 34.3182 32.1093
threshold=1.5544313764064441 3.5000000000000004 10.500000000000002 -0.45218975719495608 0.97420999951194476 38.000000000000007 48.000000000000007 20.500000000000004 8.0000000000000018 -1.0994183075655302 53.500000000000007 0.012217423206805253 -0.59796545711328319 3.0730131251041346 1.0111995650533114 76.500000000000014 38.000000000000007 -1.170666182468995 -2.5349083810324538 -0.03975095889810764 1.0000000180025095e-35 76.500000000000014 -0.5471014903804845 1.0051325855622082 481.50000000000006 51.500000000000007 0.085535989164709295 10.500000000000002 0.62654207351814561 18.000000000000004
decision_type=2 2 2 2 2 2 2 2 2 2 2 2 2 2 2 2 2 2 2 2 2 2 2 2 2 2 2 2 2 2
left_child=1 3 -2 4 -1 7 23 8 -5 10 17 -12 -8 -4 15 -6 -15 18 19 -3 -11 -22 -14 -7 -21 -18 -9 -17 -19 -29
right_child=2 9 13 5 14 6 12 26 -10 20 11 -13 22 16 -16 27 25 28 -20 24 21 -23 -24 -25 -26 -27 -28 29 -30 -31
leaf_value=4.8942814215317441 4.9291267928233822 -2.6538324039380026 -2.1319445801696286 -1.2942755810904614 -1.3379027155173151 4.9832947682906052 5.2871226123937323 -1.0315326006015058 3.8925316733777957 -2.7681571329766732 3.8814046180133048 -1.298844130265195 2.1901501560243513 -1.0090326124364197 -2.4443263566986122 -1.0945176007310446 4.6351284110528113 -0.94142534455026539 -2.3090166032288386 3.8713637751963073 -2.6915652640156056 -2.104528582596763 -1.9117396165710723 0.96119283206825434 -0.3759127363959851 0.031654201585092911 -2.3377666696246009 5.0639173903130512 2.5342582067320643 1.9346243757958597
leaf_weight=112.00455129146576 243.01960480213165 6.2964720726013192 102.4387571811676 47.102454543113708 11.018826127052309 36.204714417457581 2.9060640335082999 36.083628416061401 45.891594529151917 2705.1823571920395 11.382084131240847 9.565794110298155 2.9060640335083034 12.229686141014101 11.382084131240843 2.663892030715945 4.6012680530548087 21.67439424991608 339.64623391628265 4.2380100488662684 360.83628416061401 309.1325615644455 27.365436315536499 2.5428060293197623 4.238010048866272 2.6638920307159424 48.918744564056396 4.480182051658633 3.2693220376968375 12.229686141014097
leaf_count=925 2007 52 846 389 91 299 24 298 379 22341 94 79 24 101 94 22 38 179 2805 35 2980 2553 226 21 35 22 404 37 27 101
internal_value=-1.80739 -2.20361 2.70871 1.65324 3.57038 0.473611 2.11716 -0.190516 1.26536 -2.61602 -1.91479 1.51586 -0.921893 -1.71669 0.0207733 0.943958 0.465335 -2.10423 -2.21812 -0.128348 -2.69919 -2.4207 -1.51796 4.71934 1.74773 2.94719 -1.78327 2.24177 -0.485875 2.77364
internal_weight=0 4179.16 364.953 403.701 153.779 249.922 71.9251 177.996 92.994 3775.46 400.31 20.9479 33.1776 121.934 41.7747 30.3926 19.4948 379.362 354.419 14.7725 3375.15 669.969 30.2715 38.7475 8.47602 7.26516 85.0024 19.3738 24.9437 16.7099
internal_count=37528 34514 3014 3334 1270 2064 594 1470 768 31180 3306 173 274 1007 345 251 161 3133 2927 122 27874 5533 250 320 70 60 702 160 206 138
is_linear=0
shrinkage=1


Tree=21
num_leaves=31
num_cat=0
split_feature=10 36 46 8 34 35 35 35 35 14 35 34 36 0 34 6 14 1 38 38 9 35 35 38 34 14 14 9 6 35
split_gain=8402.88 6694.56 3658.6 893.591 750.743 267.366 607.279 434.632 582.172 231.664 239.769 141.612 134.276 112.682 87.4505 82.1307 81.5536 81.7708 75.3871 64.9231 67.4328 56.7394 56.2149 47.7548 47.5793 39.0049 37.8912 41.5572 37.3067 35.4508
threshold=1.5544313764064441 3.5000000000000004 10.500000000000002 -0.45218975719495608 0.97420999951194476 3.0240803418597677 4.9796911294148956 1.9943605585800819 0.027259844748239753 -1.0994183075655302 4.0254942128589333 0.012217423206805253 3.5000000000000004 -0.59796545711328319 1.0111995650533114 -0.78140398427176605 -2.5349083810324538 -0.03975095889810764 47.500000000000007 76.500000000000014 0.26264209426803736 3.0010643871955618 4.986826519457872 481.50000000000006 1.013012569934941 -0.53253111656290664 0.9339492431873897 1.4906560138589964 1.3878316539155395 4.9940534534262984
decision_type=2 2 2 2 2 2 2 2 2 2 2 2 2 2 2 2 2 2 2 2 2 2 2 2 2 2 2 2 2 2
left_child=1 3 -2 4 -1 7 -7 8 -5 10 15 -12 21 -8 18 16 17 -3 -6 -11 -21 -4 -23 -19 -10 -15 27 29 -20 -22
right_child=2 9 12 5 14 6 13 -9 24 19 11 -13 -14 25 -16 -17 -18 23 28 20 26 22 -24 -25 -26 -27 -28 -29 -30 -31
leaf_value=4.8611530675176642 4.9876929710135816 -2.6538324039380026 -0.75067242859530459 -1.2444725592163917 -1.5771626588665311 4.7097741504160577 5.2871226123937323 -1.8851384624467571 4.0610569527292917 -2.8293564813349437 3.850845531178948 -1.4501508014624553 -2.2206894030471807 1.6166367381781717 -2.4386581389793363 -0.17194748018957551 -2.2896771947181382 4.2283286102161721 2.2793633543559833 -2.6968539607174802 -2.2599987789913758 4.6828353038338566 -0.49389263949577078 -0.46886659944430109 -0.49389263949577056 -2.0414488459217894 -2.7067249627288854 -0.32248787461494977 -1.7916715735934141 -1.2410986924610805
leaf_weight=115.03170132637024 247.13652884960175 6.2964720726013192 14.409234166145326 45.165078520774841 9.3236221075058001 39.837294459342957 2.5428060293197623 81.006534934043884 43.227702498435974 1815.4424189329147 11.139912128448488 9.2025361061096174 98.564005136489868 3.269322037696841 11.260998129844664 21.432222247123718 337.34559988975525 4.7223540544509852 19.615932226181034 1045.0932780504227 326.08460175991058 4.9645260572433454 3.632580041885376 3.9958380460739136 2.4217200279235831 26.881092309951782 135.97957956790924 12.835116147994993 2.5428060293197623 38.142090439796448
leaf_count=950 2041 52 119 373 77 329 21 669 357 14993 92 76 814 27 93 177 2786 39 162 8631 2693 41 30 33 20 222 1123 106 21 315
internal_value=-1.80739 -2.20214 2.77835 1.67632 3.53146 0.478477 2.08847 -0.201146 1.30097 -2.61608 -1.89062 1.45278 -1.71294 -1.10564 -0.0470396 -2.07258 -2.18818 0.0922011 0.808424 -2.70084 -2.5511 0.462366 2.49549 2.07545 3.81942 -1.64479 -2.25418 -2.09098 1.8122 -2.1533
internal_weight=0 4169.84 368.707 402.127 157.775 244.352 72.5305 171.821 90.8145 3767.71 394.135 20.3424 121.57 32.6932 42.7434 373.792 352.36 15.0147 31.4824 3373.58 1558.13 23.0063 8.59711 8.71819 45.6494 30.1504 513.041 377.062 22.1587 364.227
internal_count=37482 34437 3045 3321 1303 2018 599 1419 750 31116 3255 168 1004 270 353 3087 2910 124 260 27861 12868 190 71 72 377 249 4237 3114 183 3008
is_linear=0
shrinkage=1


Tree=22
num_leaves=31
num_cat=0
split_feature=10 9 34 8 34 42 42 14 35 35 40 40 35 20 34 20 20 20 3 34 38 0 35 38 14 35 40 9 9 35
split_gain=8616.55 5129.67 3646.06 789.417 636.557 308.446 254.639 229.982 248.283 193.403 686.925 336.204 690.868 145.839 138.131 101.861 84.703 79.8484 95.248 75.6873 80.2522 70.1643 81.9353 61.0693 56.7904 53.0112 86.5596 51.75 112.927 50.6196
threshold=1.5544313764064441 1.20733357875903 0.97916257029051346 -0.45218975719495608 0.020791928420009497 0.21875000000000003 0.84375000000000011 -1.0994183075655302 4.0254942128589333 3.9809838485361291 0.43500000000000005 0.13500000000000004 0.027259844748239753 3.0730131251041346 0.012217423206805253 1.5756240812339708 1.0000000180025095e-35 0.39917989043618091 1.0797144736805679 1.0111995650533114 400.50000000000006 -0.59348977463074226 4.9958359647624038 76.500000000000014 -0.093922768596306924 3.9847152137021884 0.43500000000000005 1.3528464379280607 1.293112571040208 3.9886385348813689
decision_type=2 2 2 2 2 2 2 2 2 2 2 2 2 2 2 2 2 2 2 2 2 2 2 2 2 2 2 2 2 2
left_child=1 5 -2 4 6 24 27 8 17 11 -11 12 -5 -4 -10 16 -9 -7 -19 20 25 22 -12 -18 -1 -6 -27 28 -3 -15
right_child=2 3 13 9 19 7 -8 15 14 10 21 -13 -14 29 -16 -17 23 18 -20 -21 -22 -23 -24 -25 -26 26 -28 -29 -30 -31
leaf_value=4.0273372064129696 4.9591497717192095 4.6114195310040493 -2.2252121813697352 -1.5238969620635632 -1.6355217018436976 -2.2636818700072383 -1.9572574025053942 -2.7781069938574419 3.9880180614073262 4.6252841315900568 -2.5585409437420217 -1.7548028538747311 3.9352695560420208 -0.51146411442552631 -1.3656330346219656 3.2224743081474814 -2.6626556872894822 -1.4021417272544539 2.9531723554197096 -2.4950133036113677 2.7692588267275728 -1.7734647984236942 5.0023435359459718 -2.0426722606591379 0.056680241636563489 5.0207163795877676 -1.4501508014624553 4.6225128680189496 -0.26373512361258178 2.850160679512912
leaf_weight=7.1440740823745728 253.06974291801453 13.319460153579714 100.50138115882874 53.883270621299744 16.467696189880375 315.06577563285828 6.9019020795822135 2694.4057030677795 10.776654124259951 34.75168240070343 2.4217200279235831 108.49305725097656 40.684896469116211 11.382084131240847 8.7181921005249006 2.9060640335082999 340.00949192047119 50.977206587791443 5.5699560642242423 12.592944145202635 9.9290521144866926 39.231864452362061 3.5114940404891968 298.23482143878937 7.2651600837707502 3.7536660432815534 4.6012680530548096 91.783189058303833 7.3862460851669303 7.3862460851669303
leaf_count=59 2090 110 830 445 136 2602 57 22252 89 287 20 896 336 94 72 24 2808 421 46 104 82 324 29 2463 60 31 38 758 61 61
internal_value=-1.80739 -2.20885 2.81089 0.982159 2.70819 -2.59243 3.93861 -2.61029 -1.88481 -0.0348463 1.28296 -0.553481 0.824733 -1.74735 1.59384 -2.69535 -2.70052 -2.0673 -0.973139 -0.394621 0.366497 -1.28875 1.91627 -2.37295 2.02533 -0.594607 1.45705 4.30036 2.87233 0.811498
internal_weight=0 4190.79 372.339 449.713 166.735 3741.07 119.391 3726.66 391.108 282.978 79.9168 203.061 94.5682 119.27 19.4948 3335.56 3332.65 371.613 56.5472 47.3446 34.7517 45.1651 5.93321 638.244 14.4092 24.8226 8.35493 112.489 20.7057 18.7683
internal_count=37685 34610 3075 3714 1377 30896 986 30777 3230 2337 660 1677 781 985 161 27547 27523 3069 467 391 287 373 49 5271 119 205 69 929 171 155
is_linear=0
shrinkage=1


Tree=23
num_leaves=31
num_cat=0
split_feature=1 36 46 8 46 48 48 48 48 14 48 9 46 0 49 48 6 22 20 38 38 14 1 49 48 38 14 20 49 48
split_gain=8310.77 6456.99 3424.09 920.476 767.409 283.165 567.081 375.911 599.095 253.035 273.529 138.661 136.621 107.515 93.9154 92.4413 84.9077 76.7515 74.7691 73.8894 62.8364 61.0893 79.0454 58.1189 46.9022 41.5695 36.8826 36.2361 35.2047 60.425
threshold=1.5367684771616057 3.5000000000000004 11.500000000000002 -0.45218975719495608 7.0000000000000009 38.000000000000007 48.000000000000007 20.500000000000004 8.0000000000000018 -1.0994183075655302 53.500000000000007 1.20733357875903 7.0000000000000009 -0.59796545711328319 14.500000000000002 38.000000000000007 -0.78140398427176605 -0.59203641594196876 -0.041489184732071804 310.50000000000006 76.500000000000014 -2.5349083810324538 -1.0000000180025095e-35 11.500000000000002 8.0000000000000018 904.00000000000011 0.085535989164709295 0.12140776199319897 11.500000000000002 41.500000000000007
decision_type=2 2 2 2 2 2 2 2 2 2 2 2 2 2 2 2 2 2 2 2 2 2 2 2 2 2 2 2 2 2
left_child=1 3 17 4 -1 7 -7 8 -5 10 16 -4 -12 -8 15 19 21 -2 -11 -6 -20 22 -3 -10 -13 -24 -9 -23 -26 -30
right_child=2 9 11 5 14 6 13 26 23 18 12 24 -14 -15 -16 -17 -18 -19 20 -21 -22 27 25 -25 28 -27 -28 -29 29 -31
leaf_value=4.9117320116216874 4.9330652760723428 -2.6655967817399753 -2.1824982997428286 -1.3551775621250379 -1.4834357907201001 4.7577256113049504 5.2871226123937323 -1.001283333872627 4.1353306800545777 -2.7788558709290028 3.8152941182775915 -2.0111690677325504 -1.3656330346219656 -1.4882946799082508 -2.4856710035921541 5.0577172452552599 -0.090565994015107565 1.7834770051879731 -2.6892341984689399 2.1264264429303359 -2.101210244091777 -2.4294885807138717 3.7140572377299237 -0.90682230034502076 4.3695011438398375 -1.3197519611942712 -2.3282133439718371 -1.6581774936334119 -1.5420987016515597 2.7241109243639037
leaf_weight=111.88346529006958 242.89851880073547 6.5386440753936768 97.595317125320435 45.165078520774841 13.440546154975896 37.77883243560791 2.5428060293197623 37.052316427230835 40.80598247051239 2642.5808944702148 12.229686141014101 5.2066980600357082 8.7181921005249006 29.666070342063904 12.350772142410277 4.3590960502624503 20.826792240142822 7.9916760921478263 393.28733253479004 9.8079661130905134 337.82994389533997 263.84639704227448 5.0856120586395246 2.4217200279235831 3.269322037696841 2.421720027923584 48.192228555679321 79.190244913101196 6.2964720726013166 7.0229880809783936
leaf_count=924 2006 54 806 373 111 312 21 306 337 21824 101 43 72 245 102 36 172 66 3248 81 2790 2179 42 20 27 20 398 654 52 58
internal_value=-1.80739 -2.20852 2.73501 1.63574 3.56823 0.4313 2.12943 -0.253161 1.19177 -2.6115 -1.85829 -1.67321 1.65907 -0.953393 -0.19358 0.831829 -2.05326 4.83274 -2.70055 0.0394748 -2.41752 -2.16774 -0.12368 3.85286 0.607253 2.09025 -1.75145 -2.25143 1.42909 0.707357
internal_weight=0 4168.02 370.281 395.467 151.842 243.625 69.9877 173.637 88.3928 3772.56 398.857 119.391 20.9479 32.2089 39.9584 27.6076 377.909 250.89 3373.7 23.2485 731.117 357.083 14.046 43.2277 21.7955 7.50733 85.2445 343.037 16.5888 13.3195
internal_count=37480 34422 3058 3266 1254 2012 578 1434 730 31156 3294 986 173 266 330 228 3121 2072 27862 192 6038 2949 116 357 180 62 704 2833 137 110
is_linear=0
shrinkage=1


Tree=24
num_leaves=31
num_cat=0
split_feature=10 36 46 8 46 14 35 35 40 35 35 46 20 0 49 35 49 6 35 35 20 6 1 35 35 38 46 9 14 14
split_gain=8317.3 6395.18 3710.77 1031.21 709.066 236.26 279.275 235.307 550.744 417.881 568.406 128.111 126.041 111.167 100.021 116.264 89.0515 83.5233 71.6919 85.3553 60.0864 54.5689 63.0756 50.9954 53.4022 46.4913 46.153 35.4773 32.1456 30.3077
threshold=1.5544313764064441 3.5000000000000004 10.500000000000002 -0.45218975719495608 7.0000000000000009 -1.0994183075655302 4.0254942128589333 3.0240803418597677 0.48000000000000004 1.9936924257986131 0.97884450118364696 7.0000000000000009 2.8324536785943715 -0.59796545711328319 14.500000000000002 3.0240803418597677 11.500000000000002 -0.78140398427176605 1.9948797934495948 0.027259844748239753 1.0000000180025095e-35 -1.1960081763610477 -0.03975095889810764 3.0010643871955618 4.986826519457872 76.500000000000014 1.0000000180025095e-35 1.438366478306347 -0.34616539251105555 0.085535989164709295
decision_type=2 2 2 2 2 2 2 2 2 2 2 2 2 2 2 2 2 2 2 2 2 2 2 2 2 2 2 2 2 2
left_child=1 3 -2 4 -1 6 17 9 -9 10 -5 -8 -4 -10 15 18 -12 21 19 -6 -7 22 -3 -14 -25 -22 -24 -27 -15 -11
right_child=2 5 12 7 14 20 11 8 13 29 16 -13 23 28 -16 -17 -18 -19 -20 -21 25 -23 26 24 -26 27 -28 -29 -30 -31
leaf_value=4.8972319454974453 4.9450268894679414 -2.659825577535234 -2.2567846531214157 -1.3071112572907224 -0.95270337377271619 -2.7716035939916885 3.8397402960149161 4.5264627108293247 5.2871226123937323 -1.2371660290244209 3.9675677733162389 -1.0897658209744354 -0.81034340762323365 0.67767523547186803 -2.206786047463031 5.2871226123937323 -1.4421014903347897 -0.062783685401584632 -1.5533283350079883 4.4774566107285363 -2.680284477061579 -2.2796663066095597 3.0504202827936298 4.635128411052813 -0.49389263949577078 -2.2228548206041681 -2.1456112828927716 -0.54692947666906866 -2.0452732344621127 -2.4487748313643731
leaf_weight=112.85215330123901 248.46847486495972 6.4175580739974984 100.74355316162109 47.465712547302246 5.4488700628280693 2716.8066133260727 11.745342135429384 36.810144424438477 2.5428060293197623 36.32580041885376 43.954218506813049 9.565794110298155 12.956202149391176 5.2066980600357082 13.077288150787352 5.4488700628280631 3.2693220376968375 19.252674221992493 11.987514138221739 6.1753860712051392 360.59411215782166 348.36442601680756 5.812128067016598 4.6012680530548078 3.632580041885376 293.87572538852692 2.421720027923584 13.198374152183531 25.912404298782349 47.828970551490784
leaf_count=932 2052 53 832 392 45 22437 97 304 21 300 363 79 107 43 108 45 27 159 99 51 2978 2877 48 38 30 2427 20 109 214 395
internal_value=-1.80739 -2.21581 2.72774 1.5647 3.59024 -2.61931 -1.89609 0.305494 1.85314 -0.304342 1.1367 1.62706 -1.7905 -1.07021 0.0899045 1.12342 3.59305 -2.09251 0.16256 1.93207 -2.70555 -2.20015 -0.30961 0.426351 2.37233 -2.43677 1.52218 -2.15082 -1.58968 -1.92578
internal_weight=0 4192.36 370.402 404.306 154.99 3788.05 403.58 249.316 70.4721 178.844 94.6893 21.3111 121.934 33.6619 42.1379 29.0606 47.2235 382.269 23.6118 11.6243 3384.47 363.016 14.6514 21.1901 8.23385 667.668 8.23385 307.074 31.1191 84.1548
internal_count=37682 34623 3059 3339 1280 31284 3333 2059 582 1477 782 176 1007 278 348 240 390 3157 195 96 27951 2998 121 175 68 5514 68 2536 257 695
is_linear=0
shrinkage=1


Tree=25
num_leaves=31
num_cat=0
split_feature=10 36 46 8 34 35 40 35 35 14 35 34 20 6 14 1 38 35 6 20 34 38 35 3 34 6 14 38 32 20
split_gain=8435.82 6746.72 3584.49 931.923 719.816 268.915 591.613 427.123 675.226 220.646 227.205 133.954 122.475 89.306 75.2774 67.6467 67.4492 67.2897 66.4174 66.1611 64.1868 58.3319 43.6203 41.8708 41.4144 33.7749 32.3423 29.7762 28.296 28.1007
threshold=1.5544313764064441 3.5000000000000004 10.500000000000002 -0.45218975719495608 0.99012993233603774 3.0240803418597677 0.48000000000000004 1.97907636654295 0.027259844748239753 -1.0994183075655302 4.0254942128589333 0.012217423206805253 3.0730131251041346 -0.78140398427176605 -2.5349083810324538 -0.03975095889810764 76.500000000000014 3.0021222172513524 -0.634188059203173 -0.045099109276372951 1.0111995650533114 76.500000000000014 4.986826519457872 0.75465589222813556 1.0051325855622082 1.3878316539155395 0.085535989164709295 350.50000000000006 2.0327545989940963 0.4207629695505179
decision_type=2 2 2 2 2 2 2 2 2 2 2 2 2 2 2 2 2 2 2 2 2 2 2 2 2 2 2 2 2 2
left_child=1 3 -2 4 -1 7 24 8 -5 10 13 -12 -4 14 15 -3 -6 -14 -8 -11 25 -21 -19 -17 -7 -18 -9 -15 -20 -16
right_child=2 9 12 5 16 6 18 26 -10 19 11 -13 17 27 29 23 20 22 28 21 -22 -23 -24 -25 -26 -27 -28 -29 -30 -31
leaf_value=4.9085303860287492 4.9350120488788694 -2.7837753042052489 -2.1515385029049616 -1.353808015697302 -1.6957529531870843 5.0145617801500038 3.2224743081474814 -1.105741904408613 4.0538393586573065 -2.7783027340888085 3.8466703071056485 -1.319751961194271 -0.90682230034502109 0.35341757367541771 -2.4240710541859256 -1.1362276674834926 2.3585434574345094 4.6828353038338548 -1.8244437688989101 -2.6995108883824002 -1.9391464524681463 -2.1377404033707599 -0.493892639495771 3.3542603701206457 0.74489634305198038 -1.4699082015030893 -2.3589406728967321 -2.9714706045912722 1.032695803643882 -1.6270484529890619
leaf_weight=113.57866930961609 249.92150688171387 5.3277840614318857 101.22789716720581 46.981368541717529 14.89357817173004 36.689058423042297 3.3904080390930167 36.446886420249939 45.4072505235672 2624.6601662635803 10.413396120071413 9.6868801116943342 11.139912128448488 18.6472442150116 294.11789739131927 3.2693220376968348 17.073126196861274 4.9645260572433463 26.154576301574711 400.79466462135315 5.8121280670166007 343.03664195537567 2.421720027923584 5.6910420656204224 2.4217200279235831 2.6638920307159415 47.344626545906067 3.1482360363006583 3.9958380460739127 52.066980600357056
leaf_count=938 2064 44 836 388 123 303 28 301 375 21676 86 80 92 154 2429 27 141 41 216 3310 48 2833 20 47 20 22 391 26 33 430
internal_value=-1.80739 -2.20453 2.77952 1.68531 3.61852 0.488699 2.10756 -0.178874 1.30395 -2.62009 -1.9202 1.35683 -1.7189 -2.09251 -2.21136 0.0380168 -0.00431136 0.645038 -0.973905 -2.70369 0.981695 -2.44044 2.98555 1.71584 4.75019 1.84182 -1.81384 -0.126844 -1.44579 -2.3042
internal_weight=0 4173.71 369.676 402.853 154.021 248.832 72.6516 176.18 92.3886 3770.86 402.369 20.1003 119.754 382.269 360.473 14.2881 40.4427 18.5262 33.5408 3368.49 25.5491 743.831 7.38625 8.96036 39.1108 19.737 83.7915 21.7955 30.1504 346.185
internal_count=37522 34469 3053 3327 1272 2055 600 1455 763 31142 3323 166 989 3157 2977 118 334 153 277 27819 211 6143 61 74 323 163 692 180 249 2859
is_linear=0
shrinkage=1


Tree=26
num_leaves=31
num_cat=0
split_feature=10 9 46 8 34 20 49 35 40 40 35 20 9 9 6 35 20 6 38 6 38 49 35 20 6 34 34 20 20 8
split_gain=8401.25 4871.97 3545.99 704.118 685.857 243.505 184.435 313.363 497.978 310.352 680.612 167.489 147.855 213.06 129.434 152.334 128.471 84.5877 83.5295 79.0559 73.7072 67.469 65.4581 58.6741 57.9268 56.7546 56.3672 50.825 49.5811 48.2468
threshold=1.5544313764064441 1.20733357875903 10.500000000000002 -0.45218975719495608 0.020791928420009497 1.0000000180025095e-35 14.500000000000002 3.9897116263230137 0.43500000000000005 0.13500000000000004 0.027259844748239753 1.5028455210247398 1.3528464379280607 1.293112571040208 -0.76391761237567224 4.9842702640393926 2.8324536785943715 -0.78140398427176605 481.50000000000006 -0.76391761237567224 76.500000000000014 14.500000000000002 4.9930160746963974 1.0422042645942826 -1.1960081763610477 0.012217423206805253 0.99493271824718688 -0.18400631605888315 0.46380952562290595 0.072240285543918384
decision_type=2 2 2 2 2 2 2 2 2 2 2 2 2 2 2 2 2 2 2 2 2 2 2 2 2 2 2 2 2 2
left_child=1 5 -2 4 12 19 7 9 -9 10 -5 14 13 -3 15 17 -4 24 -6 22 -16 -20 -1 -15 28 -24 -17 -14 -7 -13
right_child=2 3 16 6 18 11 -8 8 -10 -11 -12 29 27 23 20 26 -18 -19 21 -21 -22 -23 25 -25 -26 -27 -28 -29 -30 -31
leaf_value=-2.3089555194112856 4.9460597656745886 4.508010044753636 -2.1679867817565239 -1.4058605160633091 -1.4336635917733744 -1.7916715735934141 -2.1510805499238872 4.9117320116216874 -1.1893531209260866 -1.576506266838603 4.1515660450582956 3.6677906090633408 -0.080962978646520245 -2.6366627714702582 -2.6455124941254127 4.9117320116216874 0.51549097591350801 1.501934054608939 3.0550703915869746 -2.7748285988856223 -1.9619369284348875 -1.9391464524681463 2.9930689410090108 2.5342582067320643 -1.916318645664441 -1.7009178019781943 -0.90682230034502109 4.5617056406315371 4.2547984602706048 -0.67741693320654872
leaf_weight=262.63553702831268 246.28892683982849 12.835116147994997 98.32183313369751 51.098292589187622 35.114940404891968 2.5428060293197623 36.567972421646118 31.966704368591309 23.006340265274048 98.927263140678406 38.747520446777344 6.1753860712051374 2.4217200279235831 8.960364103317259 337.46668589115143 5.3277840614318839 21.795480251312256 8.7181921005249006 8.960364103317259 2695.2533050775528 296.17635941505432 3.8747520446777335 4.3590960502624494 2.9060640335082999 98.564005136489868 6.2964720726013184 2.421720027923584 89.603641033172607 2.9060640335083008 4.3590960502624512
leaf_count=2169 2034 106 812 422 290 21 302 264 190 817 320 51 20 74 2787 44 180 72 74 22259 2446 32 36 24 814 52 20 740 24 36
internal_value=-1.80739 -2.22043 2.77352 0.907259 2.54843 -2.59324 -0.0568828 0.257299 2.35841 -0.354572 0.990873 -2.09003 3.85643 1.68411 -2.14535 -1.19525 -1.68107 -1.49007 -0.635707 -2.72286 -2.326 1.54738 -2.21038 -1.37031 -1.74085 0.21935 3.09343 4.43953 1.43311 1.86977
internal_weight=0 4178.19 366.406 444.991 164.677 3733.2 280.314 243.746 54.973 188.773 89.8458 764.658 116.727 24.7015 754.124 120.481 120.117 112.731 47.9501 2968.54 633.643 12.8351 273.291 11.8664 104.013 10.6556 7.7495 92.0254 5.44887 10.5345
internal_count=37532 34506 3026 3675 1360 30831 2315 2013 454 1559 742 6315 964 204 6228 995 992 931 396 24516 5233 106 2257 98 859 88 64 760 45 87
is_linear=0
shrinkage=1


Tree=27
num_leaves=31
num_cat=0
split_feature=10 36 46 8 46 49 40 40 40 40 6 40 46 36 49 40 38 6 6 20 6 1 38 46 40 49 40 40 25 5
split_gain=8525.02 6727.47 3613.7 931.197 674.821 245.729 431.435 390.399 597.199 331.826 238.915 269.41 147.939 125.355 109.905 107.179 93.2439 88.0865 66.5554 66.4659 64.206 58.9826 50.1725 46.4183 45.8848 36.085 42.0825 45.7433 33.3973 32.6699
threshold=1.5544313764064441 3.5000000000000004 10.500000000000002 -0.45218975719495608 7.0000000000000009 14.500000000000002 0.38000000000000006 0.18000000000000002 0.10500000000000002 0.51500000000000012 -0.76391761237567224 0.53500000000000014 7.0000000000000009 3.5000000000000004 14.500000000000002 0.38000000000000006 310.50000000000006 -0.78140398427176605 -1.1960081763610477 -0.045099109276372951 -0.39224279142266311 -0.03975095889810764 76.500000000000014 1.0000000180025095e-35 0.080000000000000016 14.500000000000002 0.41500000000000004 0.22500000000000003 -0.30954206276127433 -0.45357046729783151
decision_type=2 2 2 2 2 2 2 2 2 2 2 2 2 2 2 2 2 2 2 2 2 2 2 2 2 2 2 2 2 2
left_child=1 3 -2 4 -1 6 7 8 29 -8 11 17 -13 24 15 16 -6 18 21 -12 -11 -3 -21 -23 -4 26 27 -26 -20 -5
right_child=2 10 13 5 14 -7 9 -9 -10 20 19 12 -14 -15 -16 -17 -18 -19 28 22 -22 23 -24 -25 25 -27 -28 -29 -30 -31
leaf_value=4.8803824753687763 4.9819922844934599 -2.612401334287576 -2.073797428832032 -2.1510805499238872 -1.504991435220103 -2.1586169415021965 4.9892717094860775 -1.5259025376913091 4.2017075038757046 4.1073235813958746 -2.7819779721434506 3.983134209711888 -1.188365250924055 -2.2474008053892831 -2.3300264712332135 5.1114078630961792 2.5678297238742798 -0.032830073394153558 -2.6201722364060891 -2.6842590040005794 -1.3803654893923261 3.020057807731185 -2.1616899599523882 -2.1456112828927716 3.910690409562894 -0.81705498276909683 5.0207163795877641 -1.2711720010943592 -1.9995555380930368 -0.35180931533258764
leaf_weight=113.09432530403137 249.07390487194061 5.5699560642242441 5.5699560642242458 18.283986210823059 12.95620214939118 30.755844354629517 36.931230425834656 79.553502917289734 42.38010048866272 2.5428060293197623 2617.5160921812057 11.503170132637026 10.655568122863768 95.29468309879303 12.471858143806456 5.6910420656204215 9.9290521144866926 19.737018227577209 162.25524187088013 396.91991257667542 13.198374152183531 6.1753860712051356 342.06795394420624 2.421720027923584 2.9060640335083026 5.5699560642242423 3.7536660432815552 4.1169240474700928 186.23027014732361 22.521996259689331
leaf_count=934 2057 46 46 151 107 254 305 657 350 21 21617 95 88 787 103 47 82 163 1340 3278 109 51 2825 20 24 46 31 34 1538 186
internal_value=-1.80739 -2.20489 2.82729 1.69241 3.61983 0.48552 0.863042 0.0579092 1.57256 3.35062 -2.61971 -1.89373 1.49629 -1.75145 0.146818 1.22781 0.262053 -2.09017 -2.20214 -2.70721 -0.493893 -0.0774337 -2.44237 1.56494 0.404971 1.24959 2.31774 0.873047 -2.28852 -1.15801
internal_weight=0 4161.36 366.285 400.31 154.142 246.168 215.412 162.74 83.1861 52.6724 3761.05 404.548 22.1587 117.211 41.0482 28.5763 22.8853 382.39 362.653 3356.5 15.7412 14.1671 738.988 8.59711 21.9166 16.3466 10.7767 7.02299 348.486 40.806
internal_count=37392 34367 3025 3306 1273 2033 1779 1344 687 435 31061 3341 183 968 339 236 189 3158 2995 27720 130 117 6103 71 181 135 89 58 2878 337
is_linear=0
shrinkage=1


Tree=28
num_leaves=31
num_cat=0
split_feature=10 36 34 8 34 35 40 35 35 14 35 34 20 34 38 6 14 1 20 34 6 38 6 34 35 35 32 20 14 34
split_gain=8206.72 6749.11 3635.74 947.43 762.499 274.176 604.493 363.297 614.916 219.344 248.326 163.984 103.134 80.7991 77.6092 68.927 75.4368 75.0549 62.064 59.2104 51.3162 47.3817 47.1332 45.0869 39.0279 47.7183 32.9915 32.8755 32.7068 31.8521
threshold=1.5544313764064441 3.5000000000000004 0.98037741393862454 -0.45218975719495608 0.97420999951194476 3.0240803418597677 0.48000000000000004 1.9943605585800819 0.98244504138724154 -1.0994183075655302 4.0254942128589333 0.012217423206805253 3.0730131251041346 1.0111995650533114 76.500000000000014 -0.78140398427176605 -2.5349083810324538 -0.03975095889810764 -0.045099109276372951 1.0078330176642523 1.3878316539155395 76.500000000000014 -0.49610174182574912 1.0088303369752987 3.9905407480409187 4.9997658460721155 2.0327545989940963 0.5709829753936364 0.085535989164709295 0.0014725703295454845
decision_type=2 2 2 2 2 2 2 2 2 2 2 2 2 2 2 2 2 2 2 2 2 2 2 2 2 2 2 2 2 2
left_child=1 3 -2 4 -1 7 19 8 -5 10 15 -12 -4 14 -6 16 17 -3 -11 -7 -16 -20 -8 -10 -14 -26 -24 -17 -9 -19
right_child=2 9 12 5 13 6 22 28 23 18 11 -13 24 -15 20 27 -18 29 21 -21 -22 -23 26 -25 25 -27 -28 -29 -30 -31
leaf_value=4.9212355711349041 4.9229514269313857 -2.6273625538835632 -2.1779402954859512 -1.3954031967697063 -1.4526488635365586 5.0207163795877658 2.1294252058994663 -1.0313566425059058 3.9369438848212526 -2.7724911902306877 4.4612632906952303 -1.2084001425382933 -0.70262631421077648 -2.414711511311384 2.4792009186188309 -0.90682230034502098 -2.2960574001133827 3.4518796752859546 -2.6807280209280671 -0.080962978646520245 -2.2206894030471807 -2.1753226032333046 -1.8626779967553222 -0.49389263949577056 4.5363414108496425 -1.0051388862615092 1.4527757616506949 2.439331847916145 -2.2814575942948747 -0.90682230034502109
leaf_weight=114.78952932357788 247.13652884960175 5.8121280670166016 102.07549917697906 47.586798548698425 10.534482121467592 37.536660432815552 4.1169240474700919 38.142090439796448 44.438562512397766 2638.4639704227448 9.6868801116943377 10.776654124259947 11.018826127052309 10.776654124259947 18.162900209426883 17.920728206634525 344.97401797771454 5.4488700628280622 398.97837460041046 2.4217200279235831 2.6638920307159415 346.66922199726105 26.154576301574711 2.4217200279235831 3.9958380460739127 2.5428060293197632 3.3904080390930167 3.5114940404891959 46.375938534736633 2.421720027923584
leaf_count=948 2041 48 843 393 87 310 34 315 367 21790 80 89 91 89 150 148 2849 45 3295 20 22 2863 216 20 33 21 28 29 383 20
internal_value=-1.80739 -2.2004 2.73238 1.65598 3.5857 0.457073 2.08148 -0.211156 1.13665 -2.61767 -1.91793 1.47546 -1.79287 -0.0524851 0.759245 -2.10062 -2.20472 0.098095 -2.7005 4.71152 1.87805 -2.44575 -1.0405 3.70796 0.445878 2.38132 -1.48222 -0.358582 -1.7173 2.11074
internal_weight=0 4194.18 366.769 409.513 156.927 252.585 73.6203 178.965 94.4471 3784.66 400.552 20.4635 119.633 42.1379 31.3613 380.089 358.657 13.6827 3384.11 39.9584 20.8268 745.648 33.6619 46.8603 17.5575 6.53864 29.545 21.4322 84.518 7.87059
internal_count=37667 34638 3029 3382 1296 2086 608 1478 780 31256 3308 169 988 348 259 3139 2962 113 27948 330 172 6158 278 387 145 54 244 177 698 65
is_linear=0
shrinkage=1


Tree=29
num_leaves=31
num_cat=0
split_feature=10 36 46 8 46 35 35 40 35 6 35 46 36 6 49 35 38 6 20 6 20 38 35 49 18 6 40 6 31 38
split_gain=8469.36 6551.84 3600.12 919.058 718.704 272.176 611.389 389.109 608.467 228.709 210.657 123.482 113.525 96.9564 81.5243 128.838 69.4338 69.0183 88.3036 66.5963 62.6135 57.4635 39.8072 42.5891 37.2678 35.4895 35.3145 28.4481 28.3152 26.043
threshold=1.5544313764064441 3.5000000000000004 10.500000000000002 -0.45218975719495608 7.0000000000000009 3.0240803418597677 4.9796911294148956 0.20500000000000004 0.027259844748239753 -0.76391761237567224 4.0254942128589333 7.0000000000000009 3.5000000000000004 -0.78140398427176605 14.500000000000002 3.0240803418597677 310.50000000000006 -1.1960081763610477 0.46380952562290595 -0.634188059203173 -0.045099109276372951 76.500000000000014 0.014759048528931765 14.500000000000002 0.96561794586177929 -0.11689808151383169 0.41500000000000004 -0.13297491215438997 0.13622832014107053 350.50000000000006
decision_type=2 2 2 2 2 2 2 2 2 2 2 2 2 2 2 2 2 2 2 2 2 2 2 2 2 2 2 2 2 2
left_child=1 3 -2 4 -1 7 -7 8 27 10 13 -12 22 17 15 16 -6 18 -3 -8 -11 -22 -4 26 -19 -9 -24 -5 -18 -15
right_child=2 9 12 5 14 6 19 25 -10 20 11 -13 -14 29 -16 -17 28 24 -20 -21 21 -23 23 -25 -26 -27 -28 -29 -30 -31
leaf_value=4.8895535735016757 4.9468509577918294 -1.3760605513100779 -2.0329941026611578 -0.42252208083046794 -1.5828575858061829 4.7132626607603338 3.2224743081474814 -1.0077008819857172 3.8655614848799211 -2.7765472864264087 3.714057237729921 -1.3414851012389684 -2.224462172904186 0.4514989524485653 -2.1618046029260753 5.1150685870398789 3.6354039689967332 -2.6108841401877014 4.6518462110871948 -1.4386256514387521 -2.7032042189757908 -2.1420438560171839 0.98577197854737664 -0.83035384463219664 -1.9522507082778899 -2.3018549383492446 5.0023435359459718 -2.0156149081809707 0.096006876003158048 -2.4386581389793363
leaf_weight=110.67260527610779 249.80042088031769 10.655568122863768 5.3277840614318874 19.61593222618103 13.682718157768255 40.079466462135315 3.3904080390930167 37.173402428627014 44.317476511001587 2631.8042403459549 10.171224117279055 9.2025361061096174 96.384457111358643 18.405072212219242 12.350772142410277 5.8121280670166007 4.8434400558471662 171.94212198257446 3.1482360363006583 31.966704368591309 398.85728859901428 336.37691187858582 5.8121280670165998 6.5386440753936759 171.6999499797821 49.282002568244934 3.5114940404891968 26.154576301574707 4.238010048866272 3.7536660432815543
leaf_count=914 2063 88 44 162 113 331 28 307 366 21735 84 76 796 152 102 48 40 1420 26 264 3294 2778 48 54 1418 407 29 216 35 31
internal_value=-1.80739 -2.20929 2.7992 1.61994 3.56548 0.449436 2.03936 -0.229935 1.22443 -2.61964 -1.90374 1.31267 -1.76373 -2.0679 -0.014992 0.912868 -0.160035 -2.19373 -0.0012748 -0.991671 -2.70447 -2.44647 0.331967 1.1263 -2.2818 -1.7454 2.49851 -1.33286 1.98369 -0.0380905
internal_weight=0 4169.6 367.375 403.58 151.6 251.98 75.4366 176.543 90.088 3766.02 398.978 19.3738 117.575 379.605 40.9271 28.5763 22.7642 357.446 13.8038 35.3571 3367.04 735.234 21.1901 15.8623 343.642 86.4554 9.32362 45.7705 9.08145 22.1587
internal_count=37469 34435 3034 3333 1252 2081 623 1458 744 31102 3295 160 971 3135 338 236 188 2952 114 292 27807 6072 175 131 2838 714 77 378 75 183
is_linear=0
shrinkage=1


Tree=30
num_leaves=31
num_cat=0
split_feature=10 46 20 42 8 42 46 37 42 20 10 46 35 40 40 35 49 6 35 20 8 4 34 6 6 8 35 49 49 35
split_gain=8323.45 3605.5 3417.43 1086.76 512.894 441.062 386.244 257.694 725.855 210.56 507.363 181.23 171.234 577.739 268.057 671.814 132.786 131.634 178.783 129.488 127.617 104.86 95.9199 57.4278 56.9747 52.5365 45.2856 55.6667 45.1502 87.425
threshold=1.5544313764064441 10.500000000000002 0.84102248418789693 0.21875000000000003 -0.45218975719495608 0.84375000000000011 11.500000000000002 1.0000000180025095e-35 0.84375000000000011 1.4478236851640325 0.35274880295885741 1.5000000000000002 3.9809838485361291 0.43500000000000005 0.13500000000000004 0.97884450118364696 14.500000000000002 -0.76391761237567224 4.0254942128589333 2.8324536785943715 -0.4435267372621326 -0.81284625242424402 0.012217423206805253 -0.78140398427176605 -0.71645231901961937 -0.43982533432830179 0.014759048528931765 14.500000000000002 14.500000000000002 3.9943657030855486
decision_type=2 2 2 2 2 2 2 2 2 2 2 2 2 2 2 2 2 2 2 2 2 2 2 2 2 2 2 2 2 2
left_child=2 -2 3 16 5 6 9 17 11 10 -4 20 14 -14 15 -6 21 18 23 -3 -9 -1 -20 -5 -15 -23 -21 -28 29 -8
right_child=1 19 4 7 12 -7 28 8 -10 -11 -12 -13 13 24 -16 -17 -18 -19 22 26 -22 25 -24 -25 -26 -27 27 -29 -30 -31
leaf_value=-0.12367984011368405 4.9538526105272123 -2.2179121606246994 4.7951213143605838 -2.3384766334690683 -1.8191087603608063 -1.7063244096488883 -0.78169210008767265 4.9694844117404617 -2.4235654265728854 4.8696552629637218 -1.6576035018891122 -0.41377195903248309 4.7734302113372493 1.5332166046732763 -1.9344753024585395 3.9008587509712505 -2.4019124516957544 -2.7428706943636314 3.6604300090482025 -1.9391464524681463 0.97293212590902911 4.3959075170356403 -1.4051856841285988 -0.42102269934590275 -1.6288158791305196 2.0631798057632222 2.6593884069894114 -1.2143231116157391 -2.4281421034738377 4.5128794983013893
leaf_weight=14.045976161956785 246.04675483703613 98.200747132301331 28.455210328102112 303.32043349742889 52.066980600357056 28.455210328102112 15.98335218429566 15.741180181503298 324.87374174594879 55.094130635261536 21.311136245727539 32.451048374176025 25.306974291801453 6.6597300767898551 107.04002523422241 33.904080390930176 7.0229880809783927 2965.8805181980133 7.9916760921478254 5.8121280670166042 16.225524187088013 16.830954194068905 7.0229880809783936 16.467696189880371 39.474036455154419 22.643082261085514 10.655568122863771 5.6910420656204215 9.2025361061096174 3.8747520446777335
leaf_count=116 2032 811 235 2505 430 235 132 130 2683 455 176 268 209 55 884 280 58 24494 66 48 134 139 58 136 326 187 88 47 76 32
internal_value=-1.80739 2.75987 -2.21094 -2.51607 0.470196 1.86914 2.62884 -2.58502 -1.81552 3.52287 2.03191 1.25097 -0.38877 0.933864 -0.878327 0.436653 1.68638 -2.67577 -2.08139 -1.7252 2.94093 2.22285 1.29103 -2.23974 -1.17235 3.05781 0.458328 1.31076 -0.597125 0.251395
internal_weight=0 366.406 4177.35 3750.52 426.828 162.376 133.921 3689.97 389.291 104.86 49.7663 64.4178 264.452 71.4407 193.011 85.9711 60.543 3300.68 334.803 120.359 31.9667 53.52 15.0147 319.788 46.1338 39.474 22.1587 16.3466 29.0606 19.8581
internal_count=37525 3026 34499 30974 3525 1341 1106 30474 3215 866 411 532 2184 590 1594 710 500 27259 2765 994 264 442 124 2641 381 326 183 135 240 164
is_linear=0
shrinkage=1


Tree=31
num_leaves=31
num_cat=0
split_feature=10 36 34 8 34 35 35 35 35 6 35 20 34 0 49 35 38 6 14 1 20 38 34 35 35 13 31 14 14 9
split_gain=8389.62 6685.49 3624.15 894.908 772.98 280.129 545.26 422.335 597.982 226.714 244.286 135.852 129.377 126.64 92.059 122.268 78.9061 73.4594 68.8511 81.5949 60.5051 58.7553 57.2586 49.7312 49.5905 45.2811 40.882 35.5563 33.1536 32.6426
threshold=1.5544313764064441 3.5000000000000004 0.98037741393862454 -0.45218975719495608 0.98269224015695433 3.0160395766815906 4.9796911294148956 1.97907636654295 0.027259844748239753 -0.76391761237567224 4.9910495028621353 3.0730131251041346 0.012217423206805253 -0.59796545711328319 14.500000000000002 3.0240803418597677 310.50000000000006 -0.78140398427176605 -2.5349083810324538 -0.03975095889810764 1.0000000180025095e-35 76.500000000000014 1.0078330176642523 3.9886385348813689 4.986826519457872 0.73161887843072393 -0.5471014903804845 0.085535989164709295 0.085535989164709295 1.438366478306347
decision_type=2 2 2 2 2 2 2 2 2 2 2 2 2 2 2 2 2 2 2 2 2 2 2 2 2 2 2 2 2 2
left_child=1 3 -2 4 -1 7 22 8 28 10 17 -4 -12 -8 15 16 -6 18 19 -3 -11 -22 -7 -13 -25 -21 -15 -9 -5 -23
right_child=2 9 11 5 14 6 13 27 -10 20 12 23 -14 26 -16 -17 -18 -19 -20 25 21 29 -24 24 -26 -27 -28 -29 -30 -31
leaf_value=4.8980668291524694 4.9598495935210387 -2.8185336931656235 -2.1788804972739908 -0.31871035913548251 -1.6187699914644178 4.9374101960393197 5.2871226123937323 -1.0528075339785941 3.8170065423545174 -2.7751449603964455 4.0090069954793854 -0.68294477337856008 -1.1481448294127645 1.9836853255997267 -2.2895684123631526 5.1075879772418844 2.064256966741048 -0.2509928389962115 -2.2876567383661452 -1.3197519611942705 -2.712009454057652 -2.1854240314048128 -0.080962978646520245 4.6677281211198576 -0.43036499936511707 3.4331527065399556 -1.8926453645346724 -2.3612297264889319 -2.0365355234231584 -0.55622164490697812
leaf_weight=113.09432530403137 247.49978685379028 6.5386440753936776 102.19658517837524 19.979190230369568 14.045976161956792 37.173402428627014 3.0271500349044791 35.962542414665222 46.254852533340454 2709.7836252450943 10.171224117279055 10.050138115882875 9.3236221075057966 3.0271500349044826 13.198374152183531 5.5699560642242423 9.9290521144866926 20.584620237350464 340.73600792884827 3.0271500349044764 362.28931617736816 293.87572538852692 2.4217200279235831 4.8434400558471671 3.1482360363006592 5.9332140684127808 26.881092309951782 49.160916566848755 25.67023229598999 12.835116147994993
leaf_count=934 2044 54 844 165 116 307 25 297 382 22379 84 83 77 25 109 46 82 170 2814 25 2992 2427 20 40 26 49 222 406 212 106
internal_value=-1.80739 -2.21032 2.77175 1.6487 3.52888 0.474619 2.12983 -0.203543 1.28296 -2.62472 -1.90918 -1.73227 1.54254 -0.87646 -0.0938305 0.887052 -0.093476 -2.08776 -2.19389 -0.132579 -2.70865 -2.43933 4.63048 0.797552 2.65939 1.82744 -1.5003 -1.80845 -1.2847 -2.11725
internal_weight=0 4180.49 367.738 405.396 155.838 249.558 72.5305 177.028 91.9043 3775.1 396.314 120.238 19.4948 32.9354 42.7434 29.545 23.975 376.82 356.235 15.499 3378.78 669 39.5951 18.0418 7.99168 8.96036 29.9082 85.1235 45.6494 306.711
internal_count=37562 34525 3037 3348 1287 2061 599 1462 759 31177 3273 993 161 272 353 244 198 3112 2942 128 27904 5525 327 149 66 74 247 703 377 2533
is_linear=0
shrinkage=1


Tree=32
num_leaves=31
num_cat=0
split_feature=1 36 46 8 46 14 14 35 36 35 35 46 35 35 49 35 35 35 6 49 35 35 14 1 35 35 20 22 35 49
split_gain=8291.78 6424.65 3503.58 992.949 720.251 229.003 215.933 230.35 148.683 124.586 385.107 121.627 121.563 343.635 121.554 190.187 204.654 206.445 99.2976 95.1268 103.627 74.5742 69.0912 83.7277 65.4987 120.83 64.6613 63.0644 55.461 41.9421
threshold=1.5367684771616057 3.5000000000000004 10.500000000000002 -0.45218975719495608 7.0000000000000009 0.085535989164709295 -1.0994183075655302 4.9910495028621353 3.5000000000000004 3.0160395766815906 4.0254942128589333 7.0000000000000009 1.9917052323293079 0.99581444010838427 14.500000000000002 3.9809838485361291 1.9943605585800819 0.027259844748239753 -0.78140398427176605 14.500000000000002 3.0240803418597677 4.986826519457872 -2.5349083810324538 -0.03975095889810764 1.9948797934495948 0.027259844748239753 -0.045099109276372951 -0.59203641594196876 0.014759048528931765 11.500000000000002
decision_type=2 2 2 2 2 2 2 2 2 2 2 2 2 2 2 2 2 2 2 2 2 2 2 2 2 2 2 2 2 2
left_child=1 3 27 4 -1 14 7 18 28 12 -11 -9 13 -7 15 16 17 -5 22 20 24 -17 23 -3 25 -6 -8 -2 -4 -30
right_child=2 6 8 5 19 9 26 11 -10 10 -12 -13 -14 -15 -16 21 -18 -19 -20 -21 -22 -23 -24 -25 -26 -27 -28 -29 29 -31
leaf_value=4.8968131585297794 4.9298388680487832 -2.8029278858772919 -2.1657541931781004 -0.25345258381139701 -1.5351935233764888 -1.9523250586654628 -2.7758432985619486 3.6354039689967306 -2.2371498922405957 4.5202532422451256 -1.8044954761042604 -1.319751961194271 -2.2884290603293542 4.1280218100098729 -1.8452988022751349 5.0767125941265974 -0.96754725046991052 4.0056167683788182 0.063313649842976716 -2.3237378032591147 5.0904894405607575 1.0768594037347108 -2.3059639611940783 2.2234509351251028 -1.5388574955224446 4.9500371749657734 -2.4410153299627089 2.0099030818441279 5.2871226123937323 0.91959735341127846
leaf_weight=112.73106729984283 243.50394880771637 5.9332140684127808 4.9645260572433498 19.131588220596313 5.5699560642242485 28.455210328102112 2627.4451442956924 10.89774012565613 99.411607146263123 16.952040195465088 22.279824256896973 9.0814501047134382 48.3133145570755 13.803804159164427 10.655568122863768 19.010502219200138 32.935392379760742 28.091952323913574 20.100276231765747 12.350772142410277 5.0856120586395255 6.1753860712051383 348.60659801959991 7.5073320865631086 11.86642813682556 5.9332140684127808 738.98786652088165 7.6284180879592887 2.6638920307159415 12.592944145202635
leaf_count=931 2011 49 41 158 46 235 21699 90 821 140 184 75 399 114 88 157 272 232 166 102 42 51 2879 62 98 49 6103 63 22 104
internal_value=-1.80739 -2.21545 2.71946 1.59855 3.59372 0.352308 -2.61961 -1.92702 -1.73435 -0.560146 0.928421 1.38306 -1.20493 0.0338054 1.37334 1.69891 0.945747 2.28015 -2.10008 -0.00621903 0.999683 4.09598 -2.22019 0.00459902 0.109455 1.80982 -2.70234 4.84114 0.737478 1.68218
internal_weight=0 4167.9 370.765 399.342 153.537 245.805 3768.56 402.127 119.633 129.804 39.2319 19.9792 90.5723 42.259 116 105.345 80.1589 47.2235 382.147 40.806 28.4552 25.1859 362.047 13.4405 23.3696 11.5032 3366.43 251.132 20.2214 15.2568
internal_count=37483 34421 3062 3298 1268 2030 31123 3321 988 1072 324 165 748 349 958 870 662 390 3156 337 235 208 2990 111 193 95 27802 2074 167 126
is_linear=0
shrinkage=1


Tree=33
num_leaves=31
num_cat=0
split_feature=10 36 46 8 34 35 35 35 35 14 35 20 34 0 49 35 49 34 6 20 6 6 10 35 6 14 35 3 18 6
split_gain=8375.15 6500.74 3704.92 973.511 762.264 270.265 555.776 387.844 586.331 213.812 247.794 135.325 130.677 127.134 117.268 111.204 81.0585 79.1938 64.9153 64.5435 63.6395 54.0443 56.995 52.757 46.7347 45.5516 40.1873 34.1272 27.1323 23.8723
threshold=1.5544313764064441 3.5000000000000004 10.500000000000002 -0.45218975719495608 0.97420999951194476 3.0160395766815906 4.0254942128589333 1.9936924257986131 0.027259844748239753 -1.0994183075655302 4.0254942128589333 3.0730131251041346 0.012217423206805253 -0.59796545711328319 14.500000000000002 3.0240803418597677 11.500000000000002 1.008484852442292 -0.78140398427176605 -0.025402199462720505 -0.11994562633178535 -1.1960081763610477 -1.0000000180025095e-35 3.9886385348813689 -0.47013240481795476 0.085535989164709295 4.986826519457872 1.0797144736805679 0.96779487538565567 -0.52198389757375407
decision_type=2 2 2 2 2 2 2 2 2 2 2 2 2 2 2 2 2 2 2 2 2 2 2 2 2 2 2 2 2 2
left_child=1 3 -2 4 -1 7 17 8 29 10 18 -4 -12 -8 15 20 -10 -7 21 -11 -6 22 -3 -13 -15 -9 -25 -24 -23 -5
right_child=2 9 11 5 14 6 13 25 16 19 12 23 -14 24 -16 -17 -18 -19 -20 -21 -22 28 27 26 -26 -27 -28 -29 -30 -31
leaf_value=4.8785395795534221 4.9614429383062042 -2.3237378032591147 -2.2824223192563684 -0.062193448607917867 2.2628490399766874 5.0042940775654792 5.2871226123937323 -0.99599315733904492 4.0365356395360035 -2.7725450886820391 3.8189282627075083 -0.65906450383547099 -1.1804503888595841 1.5332166046732731 -2.4115659797109328 5.1075879772418844 -1.319751961194271 -0.90682230034502076 -0.35289226749846558 -2.4337213352772196 -1.1916013767927796 -2.5628572816603068 -0.56271424963731187 4.801323011394615 -2.1456112828927716 -2.4759550115721716 0.0016229535233291958 4.1073235813958728 -2.0029417652398003 -1.7676756610985425
leaf_weight=115.03170132637024 248.71064686775208 6.1753860712051392 100.1381231546402 10.655568122863768 8.5971060991287249 35.357112407684326 2.9060640335082999 36.446886420249939 42.38010048866272 2669.3409007787704 10.89774012565613 12.108600139617922 10.050138115882872 3.9958380460739162 14.288148164749144 5.5699560642242423 3.0271500349044791 2.4217200279235831 19.858104228973389 712.22786021232605 14.045976161956789 173.75841200351715 2.906064033508299 4.1169240474700919 25.428060293197632 48.43440055847168 3.02715003490448 3.3904080390930176 172.42646598815918 35.720370411872864
leaf_count=950 2054 51 827 88 71 292 24 301 350 22045 90 100 83 33 118 46 25 20 164 5882 116 1435 24 34 210 400 25 28 1424 295
internal_value=-1.80739 -2.21191 2.76336 1.59932 3.54146 0.359522 2.02077 -0.299739 1.12514 -2.61945 -1.92757 -1.8156 1.42038 -1.02281 -0.0774337 1.10466 3.67945 4.62538 -2.11285 -2.70118 0.119981 -2.2103 -0.165153 0.612447 -1.64602 -1.84048 2.76755 1.95192 -2.28398 -1.37582
internal_weight=0 4185.34 368.101 404.306 157.533 246.773 70.1088 176.664 91.7832 3781.03 399.463 119.391 20.9479 32.33 42.5012 28.213 45.4073 37.7788 378.515 3381.57 22.6431 358.657 12.4719 19.2527 29.4239 84.8813 7.14407 6.29647 346.185 46.3759
internal_count=37605 34565 3040 3339 1301 2038 579 1459 758 31226 3299 986 173 267 351 233 375 312 3126 27927 187 2962 103 159 243 701 59 52 2859 383
is_linear=0
shrinkage=1


Tree=34
num_leaves=31
num_cat=0
split_feature=10 9 46 8 46 6 35 35 40 40 35 9 9 20 46 20 6 20 38 49 38 35 0 20 3 20 35 35 10 32
split_gain=8345.25 5216.14 3547.16 846.896 691.824 255.697 279.701 213.015 687.993 351.732 706.15 167.868 194.322 139.989 139.258 137.276 107.291 106.797 77.6295 75.3127 79.9872 83.4998 70.392 65.2913 71.7078 63.8058 62.9033 61.4851 60.9423 43.5874
threshold=1.5544313764064441 1.20733357875903 10.500000000000002 -0.45218975719495608 7.0000000000000009 -0.76391761237567224 4.9910495028621353 3.9809838485361291 0.43500000000000005 0.13500000000000004 0.027259844748239753 1.3528464379280607 1.293112571040208 1.5028455210247398 7.0000000000000009 3.0730131251041346 -0.78140398427176605 1.0000000180025095e-35 76.500000000000014 14.500000000000002 400.50000000000006 3.9847152137021884 -0.59796545711328319 0.39917989043618091 1.0797144736805679 1.0422042645942826 3.9886385348813689 4.9991424286896304 -0.75160221285459516 0.86268696419798141
decision_type=2 2 2 2 2 2 2 2 2 2 2 2 2 2 2 2 2 2 2 2 2 2 2 2 2 2 2 2 2 2
left_child=1 5 -2 4 11 6 16 9 -9 10 -5 12 -3 17 -8 -4 23 -7 -19 20 21 -6 27 -1 -25 -14 -17 -10 -20 -18
right_child=2 3 15 7 19 13 14 8 22 -11 -12 -13 25 -15 -16 26 29 18 28 -21 -22 -23 -24 24 -26 -27 -28 -29 -30 -31
leaf_value=-2.3441096246836493 4.9460597656745886 4.3111070503864131 -2.1406660174933791 -1.616690144276878 -1.6704593443813056 -2.7796777426210424 3.8438733123380993 4.6562578527629341 -1.7326816220435213 -1.8546835672944362 3.843643568737328 4.5955162838777479 -2.531012299685405 1.4659824672215667 -1.3656330346219656 -0.62343919976220241 -0.62094791975707864 -2.6504021857883995 2.9275245503980174 -2.3671832960313939 2.8202700930345759 3.0160094777228568 -1.7441874020671846 -1.4825415390290715 2.858124607398143 3.0347790077614589 3.0848310878643983 4.9694844117404617 -1.9893676274362986 2.8095446472982313
leaf_weight=301.26197147369385 246.28892683982849 13.319460153579714 101.10681116580963 53.883270621299744 17.67855620384217 2695.6165630817413 12.471858143806459 34.872768402099609 2.4217200279235831 106.5556812286377 42.259014487266541 98.32183313369751 9.0814501047134382 8.1127620935440046 8.7181921005249006 12.35077214241028 15.741180181503298 336.37691187858582 2.5428060293197623 14.89357817173004 9.3236221075057966 4.8434400558471671 39.110778450965881 50.371776580810547 4.1169240474700919 2.6638920307159415 7.2651600837707511 3.1482360363006592 291.21183335781097 4.8434400558471671
leaf_count=2488 2034 110 835 445 146 22262 103 288 20 880 349 812 75 67 72 102 130 2778 21 123 77 40 323 416 34 22 60 26 2405 40
internal_value=-1.80739 -2.20374 2.76949 1.00309 2.76546 -2.59252 -1.83444 -0.0591739 1.32752 -0.603415 0.783381 4.00659 1.69643 -2.68292 1.70053 -1.67097 -2.03348 -2.69304 -2.3224 -0.511009 0.357088 -0.662617 -1.27051 -2.16191 -1.15458 -1.26867 0.749994 2.0555 -1.94681 0.186227
internal_weight=0 4183.76 367.012 452.377 170.126 3731.39 397.525 282.251 79.5535 202.698 96.1423 123.387 25.0648 3333.86 21.1901 120.723 376.335 3325.75 630.132 46.7392 31.8456 22.522 44.6807 355.751 54.4887 11.7453 19.6159 5.56996 293.755 20.5846
internal_count=37583 34552 3031 3736 1405 30816 3283 2331 657 1674 794 1019 207 27533 175 997 3108 27466 5204 386 263 186 369 2938 450 97 162 46 2426 170
is_linear=0
shrinkage=1


Tree=35
num_leaves=31
num_cat=0
split_feature=10 9 46 8 46 14 40 40 40 40 40 20 20 10 20 46 20 20 3 14 38 38 20 10 20 49 6 46 40 38
split_gain=8513.35 5277.46 3526.99 823.632 642.075 233.094 225.256 188.865 667.57 339.484 707.176 160.169 158.866 155.878 119.318 111.218 97.4289 84.6796 78.0575 74.6699 70.38 68.6917 68.3978 71.8523 65.5182 60.5203 50.4732 49.7317 47.8029 41.6953
threshold=1.5544313764064441 1.20733357875903 10.500000000000002 -0.6666296841194187 7.0000000000000009 -1.0994183075655302 0.52500000000000013 0.38000000000000006 0.43500000000000005 0.13500000000000004 0.080000000000000016 0.68669474739487613 1.5028455210247398 -0.52831281546246267 3.0730131251041346 7.0000000000000009 1.0000000180025095e-35 0.39917989043618091 0.77400801802736618 -1.170666182468995 481.50000000000006 76.500000000000014 0.26974264828187516 -0.94984197173094254 -0.18400631605888315 14.500000000000002 -0.62582628441099386 3.5000000000000004 0.115 78.500000000000014
decision_type=2 2 2 2 2 2 2 2 2 2 2 2 2 2 2 2 2 2 2 2 2 2 2 2 2 2 2 2 2 2
left_child=1 5 -2 4 11 6 17 9 -9 10 -5 13 16 22 -4 -8 -7 -1 19 -19 -6 -18 23 24 -3 -22 -10 -14 -16 -23
right_child=2 3 14 7 20 12 15 8 26 -11 -12 -13 27 -15 28 -17 21 18 -20 -21 25 29 -24 -25 -26 -27 -28 -29 -30 -31
leaf_value=-2.2493561155918194 4.9612843023227224 -0.37591273639598599 -2.1374747378514072 -1.5463151379434172 -1.2822129011170664 -2.7742715310136554 3.5436418221413413 4.5492414314947283 1.7477255194001593 -1.7455856739450604 3.8949597558162607 4.669443895333913 4.9430145616860273 -2.1021450028033768 -1.8703248423266046 -1.1132871307696459 -2.6417105220756163 -1.8201385743413518 1.8657054224999454 2.265686069594341 2.8646019354114647 1.0462233928608926 5.0343085343227632 -2.1171333752479953 4.3039567532288512 -2.0866213313428785 -1.5910019436876202 -0.10624438645361756 1.650310920510428 -2.0282302625498376
leaf_weight=317.12423765659332 248.5895608663559 4.2380100488662746 98.32183313369751 54.730872631072998 31.966704368591309 2692.710499048233 10.89774012565613 35.236026406288147 5.0856120586395255 108.49305725097656 42.38010048866272 87.424093008041382 2.906064033508299 6.9019020795822135 5.4488700628280666 9.6868801116943342 342.67338395118713 45.165078520774841 8.4760200977325422 4.9645260572433463 9.0814501047134382 4.4801820516586295 11.86642813682556 3.5114940404891994 10.171224117279051 3.3904080390930167 41.290326476097107 5.9332140684127808 13.198374152183531 286.24730730056763
leaf_count=2619 2053 35 812 452 264 22238 90 291 42 896 350 722 24 57 45 80 2830 373 70 41 75 37 98 29 84 28 341 49 109 2364
internal_value=-1.80739 -2.20147 2.83061 1.01082 2.76564 -2.59385 -1.86881 -0.0189887 1.2681 -0.529884 0.828306 3.93352 -2.68001 2.17993 -1.69763 1.35215 -2.69126 -2.04527 -0.940949 -1.4155 -0.496143 -2.33838 3.17212 1.93904 2.92752 1.51864 -1.22488 1.55379 0.621554 -1.98085
internal_weight=0 4187.03 365.559 455.768 168.552 3731.27 396.314 287.216 81.612 205.604 97.111 124.113 3334.95 36.6891 116.969 20.5846 3326.11 375.73 58.6056 50.1296 44.4386 633.401 29.7872 17.9207 14.4092 12.4719 46.3759 8.83928 18.6472 290.727
internal_count=37598 34579 3019 3764 1392 30815 3273 2372 674 1698 802 1025 27542 303 966 170 27469 3103 484 414 367 5231 246 148 119 103 383 73 154 2401
is_linear=0
shrinkage=1


Tree=36
num_leaves=31
num_cat=0
split_feature=1 36 46 8 46 35 40 35 35 14 35 46 36 0 49 35 6 38 14 7 49 35 38 9 22 49 35 35 4 14
split_gain=8243.13 6377.87 3489.66 932.808 766.273 265.325 571.277 392.776 572.787 230.62 265.003 137.31 136.025 122.349 91.4501 109.131 82.6259 75.5883 70.813 68.1701 66.0794 65.0399 62.0548 59.1509 47.7425 45.047 55.838 50.6617 42.714 39.3555
threshold=1.5367684771616057 3.5000000000000004 10.500000000000002 -0.45218975719495608 7.0000000000000009 3.0160395766815906 0.48000000000000004 1.9936924257986131 0.027259844748239753 -1.0994183075655302 4.0254942128589333 7.0000000000000009 3.5000000000000004 -0.59796545711328319 14.500000000000002 3.0240803418597677 -0.78140398427176605 214.50000000000003 -2.5349083810324538 -1.281659524803332 11.500000000000002 0.98244504138724154 76.500000000000014 0.71030142077665437 -0.59203641594196876 11.500000000000002 3.0021222172513524 4.9997658460721155 0.61857582872016204 -0.53253111656290664
decision_type=2 2 2 2 2 2 2 2 2 2 2 2 2 2 2 2 2 2 2 2 2 2 2 2 2 2 2 2 2 2
left_child=1 3 24 4 -1 7 -7 8 -5 10 16 -12 21 -8 15 17 18 -6 19 -3 -10 -4 -11 -24 -2 -23 -27 -28 -9 -15
right_child=2 9 12 5 14 6 13 28 20 22 11 -13 -14 29 -16 -17 -18 -19 -20 -21 -22 25 23 -25 -26 26 27 -29 -30 -31
leaf_value=4.9225048103193405 4.8930744270902728 -2.7748374327582956 -2.4328666991357277 -1.2895638919938035 -1.7795086969851888 4.639897438648827 5.2871226123937323 -2.0790097246912795 4.0423491420075877 -2.8301335561285201 4.0165698097806537 -1.2744993956217505 -2.2466744137310304 1.5574353531101823 -2.2470326031013594 5.0904894405607575 -0.10110588893184946 1.9443586912331359 -2.283496406902187 1.9086072054453225 -1.0945176007310438 5.2871226123937234 -2.6455446401689704 -2.1233529926239458 2.4091280064747163 -1.6868005486158268 4.635128411052813 -0.40845891656144317 0.1647040347701223 -1.8866553938856145
leaf_weight=109.70391726493835 243.62503480911255 5.0856120586395264 5.5699560642242458 46.375938534736633 11.745342135429388 38.626434445381165 2.9060640335082999 75.073320865631104 41.774670481681824 1818.348482966423 11.018826127052309 8.8392781019210798 97.958575129508972 3.7536660432815543 13.803804159164427 5.0856120586395255 19.858104228973389 10.171224117279051 344.48967397212982 7.9916760921478254 2.6638920307159415 2.663892030715945 1294.7726129293442 260.57707500457764 7.9916760921478263 5.4488700628280631 4.6012680530548078 3.5114940404891968 9.565794110298155 28.576296329498291
leaf_count=906 2012 42 46 383 97 319 24 620 345 15017 91 73 809 31 114 42 164 84 2845 66 22 22 10693 2152 66 45 38 29 79 236
internal_value=-1.80739 -2.21718 2.69941 1.58051 3.54637 0.393736 1.98369 -0.275601 1.16884 -2.61984 -1.89919 1.6614 -1.74395 -0.928107 -0.153256 0.917105 -2.08653 -0.051305 -2.19679 0.0872676 3.73442 0.515491 -2.7047 -2.55806 4.81418 1.52761 0.789139 2.45208 -1.82543 -1.48678
internal_weight=0 4170.81 371.371 399.826 150.51 249.316 73.8625 175.454 90.8145 3770.98 397.283 19.8581 119.754 35.236 40.806 27.0022 377.425 21.9166 357.567 13.0773 44.4386 21.7955 3373.7 1555.35 251.617 16.2255 13.5616 8.11276 84.6391 32.33
internal_count=37512 34445 3067 3302 1243 2059 610 1449 750 31143 3281 164 989 291 337 223 3117 181 2953 108 367 180 27862 12845 2078 134 112 67 699 267
is_linear=0
shrinkage=1


Tree=37
num_leaves=31
num_cat=0
split_feature=22 9 46 8 34 42 42 14 35 35 40 40 35 9 34 20 49 38 35 20 14 20 38 9 9 35 0 14 40 8
split_gain=8206.14 5111.8 3395.28 775.854 626.712 327.407 321.132 212.805 237.158 210.925 683.598 318.475 705.834 137.726 116.945 115.643 85.9748 103.581 88.4928 79.7042 79.6451 74.1182 71.3581 62.3429 131.34 58.6992 54.1966 48.5198 47.8903 43.4509
threshold=-0.59203641594196876 1.20733357875903 10.500000000000002 -0.6666296841194187 0.97420999951194476 0.21875000000000003 0.84375000000000011 -1.0994183075655302 4.0254942128589333 3.9809838485361291 0.43500000000000005 0.13500000000000004 0.027259844748239753 1.20733357875903 0.019398414103355317 1.5028455210247398 14.500000000000002 304.50000000000006 3.9847152137021884 0.2208942654955651 -2.3055110860920025 1.0000000180025095e-35 73.500000000000014 1.3528464379280607 1.293112571040208 3.9886385348813689 -0.59796545711328319 -1.170666182468995 0.52500000000000013 0.072240285543918384
decision_type=2 2 2 2 2 2 2 2 2 2 2 2 2 2 2 2 2 2 2 2 2 2 2 2 2 2 2 2 2 2
left_child=2 5 -1 4 6 29 23 8 19 11 -11 12 -5 -4 -10 21 17 18 -6 -7 -21 -9 -23 24 -3 -15 28 -22 -12 -2
right_child=1 3 13 9 16 7 -8 15 14 10 26 -13 -14 25 -16 -17 -18 -19 -20 20 27 22 -24 -25 -26 -27 -28 -29 -30 -31
leaf_value=4.8636050115227079 3.4398057085944553 4.6293585508639516 -2.1662577659352342 -1.5704592552813159 -1.8000389426075833 -2.3085177807994142 -2.0276313797929859 -2.773793488086457 3.9616693800381131 4.6343815677523068 -1.319751961194271 -1.7331368917908743 3.9778334438473295 -0.52188787073978782 -1.1497221008445797 1.5473822877212777 -2.3671832960313939 2.8015265956312558 3.6354039689967323 2.0995954058381172 -1.7667286765321486 -2.7112144607068052 -2.0350685083551499 4.7202474386841295 -0.63153585977885385 3.0088900008116624 -1.6410589313383686 1.1578260039012305 4.8938562687277773 -0.098916442161705032
leaf_weight=245.56241083145142 9.2025361061096174 13.682718157768251 96.868801116943359 54.246528625488281 17.073126196861271 300.17219746112823 8.4760200977325422 2691.2574670314789 9.8079661130905169 35.236026406288147 2.4217200279235831 109.82500326633453 39.716208457946777 14.288148164749147 8.2338480949401838 6.4175580739974967 14.89357817173004 12.471858143806456 3.6325800418853751 6.9019020795822135 57.273678660392761 330.44369781017303 295.81310141086578 89.966899037361145 7.2651600837707511 7.0229880809783927 39.837294459342957 6.2964720726013175 2.5428060293197632 5.5699560642242423
leaf_count=2028 76 113 800 448 141 2479 70 22226 81 291 20 907 328 118 68 53 123 103 30 57 473 2729 2443 743 60 58 329 52 21 46
internal_value=-1.80739 -2.20807 2.74411 0.970584 2.67757 -2.59292 3.90511 -2.61162 -1.91149 -0.0365695 1.33899 -0.576822 0.774695 -1.65991 1.62895 -2.69349 -0.371158 0.524868 -0.846452 -2.08383 -1.12677 -2.70169 -2.39184 4.35848 2.80477 0.641664 -1.25279 -1.47706 1.86283 2.10553
internal_weight=0 4178.68 363.742 451.288 167.462 3727.39 119.391 3712.62 388.686 283.826 80.0378 203.788 93.9627 118.18 18.0418 3323.93 48.0711 33.1776 20.7057 370.644 70.4721 3317.51 626.257 110.915 20.9479 21.3111 44.8018 63.5702 4.96453 14.7725
internal_count=37514 34510 3004 3727 1383 30783 986 30661 3210 2344 661 1683 776 976 149 27451 397 274 171 3061 582 27398 5172 916 173 176 370 525 41 122
is_linear=0
shrinkage=1


Tree=38
num_leaves=31
num_cat=0
split_feature=10 36 34 8 34 35 40 40 35 14 35 0 20 34 49 35 38 14 10 6 20 34 38 35 35 32 6 14 34 6
split_gain=8446.69 6501.66 3624.48 1013.89 695.891 248.195 565.694 384.788 622.238 216.668 266.883 135.598 134.67 124.344 111.421 91.2122 89.9741 72.6705 73.9996 68.7502 61.452 57.7335 50.165 49.8707 64.7288 33.9382 32.2606 30.4101 29.3346 29.2355
threshold=1.5544313764064441 3.5000000000000004 0.98037741393862454 -0.45218975719495608 0.97420999951194476 3.0240803418597677 0.48000000000000004 0.20500000000000004 0.97884450118364696 -1.0994183075655302 4.0254942128589333 -0.59796545711328319 3.0730131251041346 0.012217423206805253 14.500000000000002 3.0240803418597677 310.50000000000006 -2.5349083810324538 -1.0000000180025095e-35 -0.78140398427176605 -0.041489184732071804 1.0051325855622082 76.500000000000014 3.9886385348813689 4.986826519457872 0.94691833979510764 -0.47013240481795476 0.085535989164709295 1.0105246576710667 -0.1134011050109371
decision_type=2 2 2 2 2 2 2 2 2 2 2 2 2 2 2 2 2 2 2 2 2 2 2 2 2 2 2 2 2 2
left_child=1 3 -2 4 -1 7 21 8 -5 10 17 -8 -4 -12 15 16 29 18 -3 -19 -11 -7 -22 -14 -25 -21 -13 -9 -10 -6
right_child=2 9 12 5 14 6 11 27 28 20 13 26 23 -15 -16 -17 -18 19 -20 25 22 -23 -24 24 -26 -27 -28 -29 -30 -31
leaf_value=4.9141538864653782 4.9390133052824456 -2.2715898234908476 -2.2000092022860858 -1.319751961194271 0.80388629460187211 4.9694844117404635 5.2871226123937323 -1.1100099112390964 4.0662870933611668 -2.7769630500995142 3.9106904095628967 1.1578260039012274 -0.61187254259555668 -1.0995228087413376 -2.3540056911718326 5.085693509540441 2.7544873591849979 -2.3059639611940783 2.1901501560243566 -1.0856501062246176 -2.6917318657797566 -0.080962978646520245 -2.1682657780017078 4.8741929515444831 -1.1761242530727929 2.07544747245512 -2.1224563486395427 -2.3057905467990301 0.56792648840230164 -2.3979571867450908
leaf_weight=112.60998129844666 249.92150688171387 7.1440740823745728 101.10681116580963 48.43440055847168 4.2380100488662729 34.630596399307251 3.0271500349044791 38.142090439796448 41.774670481681824 2632.2885843515396 10.89774012565613 3.3904080390930202 11.866428136825563 9.0814501047134382 12.956202149391173 4.9645260572433463 9.0814501047134382 348.60659801959991 7.749504089355467 15.37792217731476 396.79882657527924 2.4217200279235831 339.88840591907501 4.8434400558471671 2.7849780321121216 4.3590960502624503 25.912404298782349 48.071142554283142 2.5428060293197623 8.7181921005249059
leaf_count=930 2064 59 835 400 35 286 25 315 345 21739 90 28 98 75 107 41 75 2879 64 127 3277 20 2807 40 23 36 214 397 21 72
internal_value=-1.80739 -2.21568 2.76636 1.61303 3.64196 0.366596 1.97216 -0.255857 1.15783 -2.6226 -1.92985 -1.08468 -1.736 1.63332 0.0566802 1.21338 0.341042 -2.1156 0.0499659 -2.20317 -2.70551 4.63939 -2.45022 0.670518 2.66535 -0.387494 -1.74292 -1.77676 3.86556 -1.35063
internal_weight=0 4173.11 370.523 400.916 152.568 248.347 69.3823 178.965 92.7519 3772.19 403.216 32.33 120.602 19.9792 39.9584 27.0022 22.0377 383.237 14.8936 368.344 3368.98 37.0523 736.687 19.4948 7.62842 19.737 29.3028 86.2132 44.3175 12.9562
internal_count=37524 34464 3060 3311 1260 2051 573 1478 766 31153 3330 267 996 165 330 223 182 3165 123 3042 27823 306 6084 161 63 163 242 712 366 107
is_linear=0
shrinkage=1


Tree=39
num_leaves=31
num_cat=0
split_feature=10 36 46 8 34 40 40 40 40 14 40 34 36 0 49 40 38 34 6 38 9 14 10 14 34 40 40 14 14 9
split_gain=8509.32 6564.2 3624.02 963.011 712.243 248.571 607.263 390.15 590.591 238.079 286.447 136.949 126.284 111.563 99.7748 120.061 76.2839 68.8957 64.5835 58.4185 61.2531 58.1926 81.2156 48.4504 42.8805 42.2577 51.7821 37.8409 32.5036 36.9605
threshold=1.5544313764064441 3.5000000000000004 10.500000000000002 -0.6666296841194187 0.97420999951194476 0.38000000000000006 0.48000000000000004 0.20500000000000004 0.080000000000000016 -1.0994183075655302 0.53500000000000014 0.012217423206805253 3.5000000000000004 -0.59796545711328319 14.500000000000002 0.41500000000000004 310.50000000000006 1.0083041240891493 -0.78140398427176605 76.500000000000014 0.26264209426803736 -2.5349083810324538 -1.0000000180025095e-35 -0.31589968439539967 1.0144189986074055 0.38000000000000006 0.51500000000000012 0.085535989164709295 0.9339492431873897 1.438366478306347
decision_type=2 2 2 2 2 2 2 2 2 2 2 2 2 2 2 2 2 2 2 2 2 2 2 2 2 2 2 2 2 2
left_child=1 3 -2 4 -1 7 17 8 -5 10 18 -12 25 -8 15 16 -6 -7 21 -11 -21 22 -3 -15 -10 -4 -27 -9 29 -22
right_child=2 9 12 5 14 6 13 27 24 19 11 -13 -14 23 -16 -17 -18 -19 -20 20 28 -23 -24 -25 -26 26 -28 -29 -30 -31
leaf_value=4.9347318733757728 4.9559809520025464 -2.5368078036973243 -0.62269638691663798 -1.2856079065504054 -1.3479864679190063 5.0136592608379384 5.2871226123937323 -1.0064034082668658 4.0076222548326754 -2.8267283861920429 3.9967174222398243 -1.1481448294127645 -2.2412587510346902 1.1578260039012287 -2.2567846531214157 5.2871226123937323 2.2933825712366684 -0.49389263949577056 -0.35047994291339624 -2.7019705820651092 -2.1899176310412081 -2.2643214604959261 2.3813212953064169 -2.1456112828927716 -0.21860619892960376 4.5989065109783152 -0.61187254259555668 -2.3458196033045291 -2.6959424726813248 -0.52979956652614013
leaf_weight=110.67260527610779 250.64802289009094 6.9019020795822144 13.198374152183534 46.86028254032135 14.167062163352972 36.567972421646118 2.5428060293197623 37.657746434211731 42.985530495643616 1810.1146348714828 11.624256134033205 9.3236221075057966 97.232059121131897 5.3277840614318874 12.592944145202635 5.5699560642242423 9.6868801116943342 2.4217200279235831 20.221362233161926 1042.6715580224991 363.37909018993378 352.11809206008911 6.538644075393675 26.638920307159424 2.5428060293197623 4.3590960502624503 3.3904080390930176 47.950056552886963 137.91695559024811 13.924890160560606
leaf_count=914 2070 57 109 387 117 302 21 311 355 14949 96 77 803 44 104 46 80 20 167 8611 3001 2908 54 220 21 36 28 396 1139 115
internal_value=-1.80739 -2.20716 2.80358 1.62296 3.60397 0.420239 1.96736 -0.218606 1.20653 -2.61727 -1.89458 1.70681 -1.76145 -1.08793 0.0987269 1.10685 0.130742 4.67158 -2.09014 -2.70455 -2.56258 -2.18637 -0.144204 -1.59504 3.77158 0.465632 2.31919 -1.75663 -2.2805 -2.12865
internal_weight=0 4178.92 368.828 404.185 152.689 251.496 73.4992 177.996 92.3886 3774.74 406.728 20.9479 118.18 34.5095 42.0168 29.4239 23.8539 38.9897 385.78 3368.01 1557.89 365.559 13.4405 31.9667 45.5283 20.9479 7.7495 85.6078 515.221 377.304
internal_count=37558 34512 3046 3338 1261 2077 607 1470 763 31174 3359 173 976 285 347 243 197 322 3186 27815 12866 3019 111 264 376 173 64 707 4255 3116
is_linear=0
shrinkage=1


Tree=40
num_leaves=31
num_cat=0
split_feature=1 36 34 8 34 35 40 35 35 14 35 9 0 34 34 38 6 14 1 20 40 38 22 34 14 25 33 6 20 31
split_gain=8243.41 6357.78 3513.17 943.979 750.38 271.444 591.759 319.887 593.683 219.296 210.044 126.855 125.237 123.713 87.8742 82.776 74.2435 61.9384 78.6664 59.0181 52.0066 50.4567 45.7343 37.0009 34.3897 34.1522 33.3097 33.3004 32.5907 32.5262
threshold=1.5367684771616057 3.5000000000000004 0.97916257029051346 -0.45218975719495608 0.99012993233603774 3.9809838485361291 0.48000000000000004 1.9924316397407222 0.027259844748239753 -1.0994183075655302 4.0254942128589333 1.4906560138589964 -0.59796545711328319 0.019398414103355317 1.0111995650533114 47.500000000000007 -0.78140398427176605 -2.5349083810324538 -0.03975095889810764 -0.041489184732071804 0.41500000000000004 76.500000000000014 -0.59203641594196876 1.013012569934941 0.085535989164709295 -0.51780936920952192 -0.096747904038029561 1.3878316539155395 0.31506752857924381 -0.5471014903804845
decision_type=2 2 2 2 2 2 2 2 2 2 2 2 2 2 2 2 2 2 2 2 2 2 2 2 2 2 2 2 2 2
left_child=1 3 22 4 -1 7 -7 8 -5 10 16 -4 -8 -12 15 -6 17 18 -3 -11 -13 -21 -2 -10 -9 -19 -20 -17 -24 -14
right_child=2 9 11 5 14 6 12 24 23 19 13 20 29 -15 -16 27 -18 25 26 21 -22 -23 28 -25 -26 -27 -28 -29 -30 -31
leaf_value=4.8519924321439856 4.8899567511901907 -2.9714706045912718 -2.1561623311374678 -1.4295849144636368 -1.8554444941878929 4.7525858345953509 5.2871226123937323 -0.96774634866704135 3.9438574505949675 -2.7705961481891586 3.4720471800893349 -0.40213049264038192 1.4754642045544961 -1.379452635051994 -2.6799908439918014 2.2032175503550282 -0.23489533742464319 -2.708889692051236 -0.90682230034502109 -2.6930626199549401 3.4101696085335047 -2.1674064290431598 0.38358288980888666 -0.080962978646520245 -2.2488436981050839 -2.0444401733269002 3.6354039689967332 -1.7326816220435213 4.3695011438398428 -1.9126766024137072
leaf_weight=112.60998129844666 244.23046481609344 5.2066980600357056 104.25504720211029 47.344626545906067 8.9603641033172625 37.415574431419373 2.9060640335082999 36.931230425834656 40.200552463531494 2638.4639704227448 11.018826127052309 10.89774012565613 3.1482360363006618 10.050138115882872 10.29231011867523 19.131588220596317 20.463534235954285 118.05885136127472 2.421720027923584 395.10362255573273 5.3277840614318839 339.52514791488647 3.8747520446777326 2.4217200279235831 48.43440055847168 224.37236058712006 4.8434400558471662 2.4217200279235831 4.3590960502624512 28.334124326705933
leaf_count=930 2017 43 861 391 74 309 24 305 332 21790 91 90 26 83 85 158 169 975 20 3263 44 2804 32 20 400 1853 40 20 36 234
internal_value=-1.80739 -2.21561 2.69156 1.57225 3.52068 0.362719 2.0004 -0.30796 1.00777 -2.61811 -1.91455 -1.75136 -0.994061 1.15783 -0.153256 0.699015 -2.087 -2.19379 -0.00479149 -2.7008 0.84967 -2.45012 4.81181 3.71517 -1.69461 -2.27352 2.12133 1.76098 2.49377 -1.57386
internal_weight=0 4170.08 372.945 400.552 153.416 247.137 71.804 175.333 89.9669 3769.53 396.436 120.481 34.3884 21.069 40.806 30.5137 375.367 354.903 12.4719 3373.09 16.2255 734.629 252.464 42.6223 85.3656 342.431 7.26516 21.5533 8.23385 31.4824
internal_count=37519 34439 3080 3308 1267 2041 593 1448 743 31131 3274 995 284 174 337 252 3100 2931 103 27857 134 6067 2085 352 705 2828 60 178 68 260
is_linear=0
shrinkage=1


Tree=41
num_leaves=31
num_cat=0
split_feature=10 36 34 8 34 35 40 40 35 14 35 34 0 36 38 34 6 14 10 20 34 38 35 14 3 20 14 9 35 35
split_gain=8298.61 6585.82 3664.63 1018.13 678.16 290.374 533.25 400.061 586.911 219.747 209.733 128.647 114.184 109.926 88.5044 75.0477 72.0437 69.9978 79.8896 69.8734 58.5755 55.5286 44.7635 40.2548 38.803 35.6044 33.7769 33.1628 32.1158 55.3357
threshold=1.5544313764064441 3.5000000000000004 0.032884218846469505 -0.45218975719495608 0.9834324072677334 3.0240803418597677 0.48000000000000004 0.20500000000000004 0.97884450118364696 -1.0994183075655302 4.9842702640393926 0.98953557343827636 -0.59796545711328319 3.5000000000000004 76.500000000000014 1.0270810437866207 -0.78140398427176605 -2.5349083810324538 -1.0000000180025095e-35 -0.041489184732071804 1.0078330176642523 76.500000000000014 0.014759048528931765 -0.31589968439539967 0.81108562372390425 1.0874753065260447 0.085535989164709295 1.438366478306347 1.9999470670742632 3.0010643871955618
decision_type=2 2 2 2 2 2 2 2 2 2 2 2 2 2 2 2 2 2 2 2 2 2 2 2 2 2 2 2 2 2
left_child=1 3 -2 4 -1 7 20 8 -5 10 16 -12 -8 22 -6 -16 17 18 -3 -11 -7 -21 -4 -14 -20 -19 -9 -23 -24 -30
right_child=2 9 13 5 14 6 12 26 -10 19 11 -13 23 -15 15 -17 -18 25 24 21 -22 27 28 -25 -26 -27 -28 -29 29 -31
leaf_value=4.9338138116671022 4.9440236762042282 -2.4019124516957544 -2.2533320639838799 -1.3508326883549673 -1.7726425569644164 5.0033221582018079 5.2871226123937323 -1.1084209563151934 3.7855602093055505 -2.7743590943864618 3.4917762608752523 -1.5079224395559547 1.1578260039012283 -2.236466016676661 2.1964834330312457 -2.0329941026611578 -0.21860619892960376 -2.338252334174495 -0.90682230034502043 -2.6819162692396636 -0.080962978646520245 -2.1944038467567966 3.9657476976761257 -1.9291238878844268 4.0165698097806537 -0.68560998203292245 -2.3830204736513085 -0.55622164490697812 -2.0737974288320324 1.9836853255997311
leaf_weight=113.21541130542755 247.74195885658264 7.0229880809783936 5.5699560642242458 45.043992519378662 15.014664173126219 35.236026406288147 2.7849780321121207 35.962542414665222 43.954218506813049 2638.1007124185562 11.139912128448488 9.565794110298155 5.085612058639529 97.958575129508972 19.737018227577213 5.3277840614318839 19.61593222618103 336.37691187858582 2.4217200279235822 397.16208457946777 2.4217200279235831 332.01781582832336 3.0271500349044826 24.943716287612915 4.7223540544509888 13.561632156372069 49.282002568244934 12.835116147994993 5.5699560642242423 8.4760200977325422
leaf_count=935 2046 58 46 372 124 291 23 297 363 21787 92 79 42 809 163 44 162 2778 20 3280 20 2742 25 206 39 112 407 106 46 70
internal_value=-1.80739 -2.20782 2.7433 1.66158 3.68237 0.395714 2.10856 -0.297041 1.18592 -2.61476 -1.91813 1.18197 -0.838255 -1.77746 0.147333 1.29746 -2.08541 -2.18598 -0.0068474 -2.69811 4.67636 -2.42701 0.208309 -1.40633 2.34762 -2.27421 -1.8453 -2.13343 1.0114 0.374684
internal_weight=0 4182.55 368.344 398.01 153.295 244.715 70.4721 174.243 88.9982 3784.54 404.427 20.7057 32.8143 120.602 40.0795 25.0648 383.722 364.106 14.1671 3380.12 37.6577 742.015 22.6431 30.0293 7.14407 349.939 85.2445 344.853 17.0731 14.046
internal_count=37584 34542 3042 3287 1266 2021 582 1439 735 31255 3340 171 271 996 331 207 3169 3007 117 27915 311 6128 187 248 59 2890 704 2848 141 116
is_linear=0
shrinkage=1


Tree=42
num_leaves=31
num_cat=0
split_feature=1 36 46 8 46 35 35 35 35 6 35 9 0 46 6 6 38 1 20 46 38 22 35 20 6 38 6 6 6 20
split_gain=8320.56 6296.64 3503.61 965.575 764.3 271.917 580.381 357.523 542.479 233.042 226.15 159.848 115.825 110.104 90.1651 73.3892 68.3016 66.1322 65.2777 61.4858 53.1208 49.3181 48.8285 42.4923 39.8597 35.0438 34.8784 33.523 33.085 32.869
threshold=1.5367684771616057 3.5000000000000004 10.500000000000002 -0.45218975719495608 7.0000000000000009 3.0240803418597677 4.9796911294148956 1.9943605585800819 0.027259844748239753 -0.76391761237567224 4.0254942128589333 1.20733357875903 -0.59796545711328319 7.0000000000000009 -0.78140398427176605 -1.1960081763610477 76.500000000000014 -0.03975095889810764 -0.045099109276372951 17.000000000000004 76.500000000000014 -0.59203641594196876 0.014759048528931765 0.31506752857924381 -0.49603811207511778 904.00000000000011 -0.11689808151383169 1.3878316539155395 -0.11689808151383169 1.0422042645942826
decision_type=2 2 2 2 2 2 2 2 2 2 2 2 2 2 2 2 2 2 2 2 2 2 2 2 2 2 2 2 2 2
left_child=1 3 21 4 -1 7 -7 8 28 10 14 -4 -8 -12 15 17 -6 -3 -11 27 -20 -2 -13 -23 -14 -19 -9 -18 -5 -17
right_child=2 9 11 5 16 6 12 26 -10 18 13 22 24 -15 -16 29 19 25 20 -21 -22 23 -24 -25 -26 -27 -28 -29 -30 -31
leaf_value=4.9586039871877006 4.933769867786415 -2.6044220171697159 -2.2034613319972558 -0.42667153191565999 -1.8300390217559461 4.639897438648827 5.2871226123937323 -1.0463255641454432 3.5942253878594106 -2.7656513327683054 3.5978649089195254 -1.8703248423266046 1.4159070419320088 -1.1241537007919946 -0.025422731865627046 -2.3305051608849734 2.2046899328148206 3.4101696085335074 -2.6759842493443857 -2.0737974288320324 -2.1373290260849069 -0.041002043725625104 1.564939754034294 4.5792431937950173 -2.0128838919055125 -0.90682230034502109 -2.3489635781853671 -1.5351935233764886 -2.1456112828927716 -0.80528221980831982
leaf_weight=109.58283126354218 243.38286280632019 5.4488700628280649 100.25920915603638 20.826792240142822 14.89357817173004 38.626434445381165 2.6638920307159415 35.841456413269043 43.712046504020691 2633.3783583641052 10.655568122863771 5.4488700628280666 3.874752044677737 9.2025361061096174 20.705706238746643 324.51048374176025 17.194212198257453 5.3277840614318812 399.341632604599 5.5699560642242423 338.07211589813232 3.7536660432815543 17.194212198257446 4.238010048866272 27.123264312744141 2.9060640335083008 48.192228555679321 2.7849780321121207 24.21720027923584 14.772492170333861
leaf_count=905 2010 45 828 172 123 319 22 296 361 21748 88 45 32 76 171 2680 142 44 3298 46 2792 31 142 35 224 24 398 23 200 122
internal_value=-1.80739 -2.20838 2.71416 1.58936 3.58741 0.366241 1.99475 -0.315063 1.08459 -2.607 -1.8788 -1.66149 -1.0405 1.40961 -2.05355 -2.17253 -0.127943 0.098095 -2.69201 0.864274 -2.42903 4.85351 0.738272 2.40913 -1.58429 1.88653 -1.79337 1.68337 -1.35083 -2.2641
internal_weight=0 4159.43 374.277 395.104 150.026 245.078 72.2883 172.79 88.756 3764.32 393.53 122.902 33.6619 19.8581 373.671 352.966 40.4427 13.6827 3370.79 25.5491 737.414 251.375 22.6431 7.99168 30.998 8.23385 84.0337 19.9792 45.044 339.283
internal_count=37442 34351 3091 3263 1239 2024 597 1427 733 31088 3250 1015 278 164 3086 2915 334 113 27838 211 6090 2076 187 66 256 68 694 165 372 2802
is_linear=0
shrinkage=1


Tree=43
num_leaves=31
num_cat=0
split_feature=10 36 34 8 34 35 40 35 35 14 35 20 34 0 34 6 38 34 14 20 20 38 35 6 35 34 6 9 4 35
split_gain=8412.4 6574.99 3581.26 981.247 738.676 242.254 578.437 406.716 577.327 202.97 218.379 138.826 134.93 131.216 90.7778 89.8068 79.9351 67.327 66.841 66.7251 63.2698 57.2954 57.0532 47.5538 47.2116 44.4224 43.3438 38.7734 36.1019 32.0225
threshold=1.5544313764064441 3.5000000000000004 0.032884218846469505 -0.45218975719495608 0.9834324072677334 3.0240803418597677 0.48000000000000004 1.9936924257986131 0.97884450118364696 -1.0994183075655302 4.0254942128589333 2.8324536785943715 0.98953557343827636 -0.59796545711328319 1.0111995650533114 -0.78140398427176605 47.500000000000007 1.005900340741958 -2.5349083810324538 -0.045099109276372951 0.46380952562290595 76.500000000000014 3.0010643871955618 -0.47013240481795476 4.986826519457872 1.013012569934941 1.3878316539155395 1.438366478306347 0.59601875853204811 3.9911774189483711
decision_type=2 2 2 2 2 2 2 2 2 2 2 2 2 2 2 2 2 2 2 2 2 2 2 2 2 2 2 2 2 2
left_child=1 3 -2 4 -1 7 17 8 -5 10 15 -4 -12 -8 16 18 -6 -7 20 -11 -3 -21 -13 -15 -24 -10 29 -23 -9 -18
right_child=2 9 11 5 14 6 13 28 25 19 12 22 -14 23 -16 -17 26 -19 -20 21 -22 27 24 -25 -26 -27 -28 -29 -30 -31
leaf_value=4.9234251667477764 4.9559711973361438 -1.2084001425382933 -2.2461236470141701 -1.2895638919938035 -1.7745730369122859 4.9534420783741364 5.2871226123937323 -2.0276313797929859 3.9032502354935432 -2.7759557515327655 3.6354039689967306 -0.7394183837845143 -1.4607523331915759 1.3751574043482044 -2.507504693524699 0.012279202835568492 1.5942557267500299 -0.49389263949577056 -2.3177255723535799 -2.6935131009268281 3.9657476976761319 -2.2046447052986333 4.5005899250618295 -2.0983153746016678 -0.31692278484609226 -0.49389263949577056 -2.1456112828927716 -0.4865841499232173 -0.021973027096627407 4.5005899250618278
leaf_weight=112.73106729984283 247.62087285518646 10.776654124259947 96.505543112754822 46.375938534736633 8.3549340963363665 35.962542414665222 3.0271500349044791 76.284180879592896 44.801820516586304 2618.7269521951675 10.89774012565613 13.440546154975893 9.9290521144866926 4.6012680530548087 10.776654124259947 18.768330216407776 14.893578171730047 2.4217200279235831 345.70053398609161 399.341632604599 3.0271500349044791 328.62740778923035 5.0856120586395246 27.486522316932678 3.3904080390930176 2.4217200279235831 2.4217200279235831 13.682718157768248 10.171224117279051 5.0856120586395255
leaf_count=931 2045 89 797 383 69 297 25 630 370 21627 90 111 82 38 89 155 123 20 2855 3298 25 2714 42 227 28 20 20 113 84 42
internal_value=-1.80739 -2.20719 2.79288 1.60656 3.59521 0.396647 1.92654 -0.227863 1.21659 -2.62089 -1.94666 -1.73015 1.20584 -1.00649 -0.00993426 -2.12023 0.865199 4.60976 -2.23156 -2.70097 -0.0737186 -2.43618 0.541854 -1.60023 2.57358 3.67776 1.84976 -2.13597 -1.79167 2.33405
internal_weight=0 4167.3 366.043 407.818 154.264 253.554 73.4992 180.055 93.5995 3759.48 399.099 118.422 20.8268 35.1149 41.5325 378.273 30.7558 38.3843 359.504 3360.38 13.8038 741.652 21.9166 32.0878 8.47602 47.2235 22.4009 342.31 86.4554 19.9792
internal_count=37439 34416 3023 3368 1274 2094 607 1487 773 31048 3296 978 172 290 343 3124 254 317 2969 27752 114 6125 181 265 70 390 185 2827 714 165
is_linear=0
shrinkage=1


Tree=44
num_leaves=31
num_cat=0
split_feature=10 36 46 2 34 35 35 40 35 41 35 34 20 49 35 38 20 41 38 38 35 35 4 20 34 15 29 34 40 15
split_gain=8399.96 6410.92 3562.33 797.755 781.472 256.463 584.977 400.529 597.59 190.074 286.745 227.006 123.769 105.391 128.623 77.7374 62.6605 55.0958 53.6856 51.9095 47.6416 54.1678 41.301 33.5702 33.3598 30.4258 102.34 26.529 24.4242 23.7826
threshold=1.5544313764064441 3.5000000000000004 10.500000000000002 -0.5664734721152126 0.98580696428932202 3.9809838485361291 4.9796911294148956 0.20500000000000004 0.027259844748239753 1.0000000180025095e-35 4.9910495028621353 0.98953557343827636 2.8324536785943715 14.500000000000002 3.0240803418597677 310.50000000000006 0.2208942654955651 1.0000000180025095e-35 156.50000000000003 157.50000000000003 3.0010643871955618 4.986826519457872 2.9145709048173996 -0.19108571692551715 1.0046761192931986 0.69031234206273895 0.19511648960278563 1.013012569934941 0.22500000000000003 -0.61121815803865676
decision_type=2 2 2 2 2 2 2 2 2 2 2 2 2 2 2 2 2 2 2 2 2 2 2 2 2 2 2 2 2 2
left_child=1 3 -2 4 25 7 24 8 -5 10 16 -12 -4 14 15 -6 -3 -8 -11 -20 -14 -22 -18 -21 -7 -1 -27 -10 -17 -19
right_child=2 9 12 5 13 6 17 -9 27 18 11 -13 20 -15 -16 28 22 29 19 23 21 -23 -24 -25 -26 26 -28 -29 -30 -31
leaf_value=4.8685783331645798 4.9470628916943511 -2.428090480813399 -2.1927446933122887 -1.3017003913210798 -1.5840269441377912 4.9973474117977688 3.3207908940639626 -1.8140619201670962 4.1540839088439618 -2.8011857244272234 3.6624813238065186 -1.6322392721072172 -0.66501664309095565 -2.4299235083955342 5.1114078630961792 3.1460058524346581 -1.7182561317081764 0.45282414391470249 -0.48587458782879489 -2.6679882893463187 4.6351284110528113 -0.74800320001838627 1.7083988850335641 -2.24354371495243 1.1578260039012305 -0.8478323487951287 4.6708096857530617 0.74489634305198038 -0.12367984011368449 -1.9550283625008098
leaf_weight=97.958575129508972 247.01544284820557 509.77206587791443 97.595317125320435 44.317476511001587 15.135750174522405 34.509510397911072 2.5428060293197658 82.943910956382751 39.716208457946777 2237.4271337985992 14.772492170333861 17.920728206634521 13.440546154975893 14.772492170333861 5.6910420656204215 6.538644075393675 110.91477727890015 4.9645260572433534 12.471858143806456 619.47598314285278 4.6012680530548087 3.1482360363006592 3.6325800418853751 266.51028907299042 2.4217200279235831 4.2380100488662746 16.225524187088013 2.4217200279235831 3.5114940404891968 23.61177027225494
leaf_count=809 2040 4210 806 366 125 285 21 685 328 18478 122 148 111 122 47 54 916 41 103 5116 38 26 30 2201 20 35 134 20 29 195
internal_value=-1.80739 -2.21356 2.78303 1.5862 3.2819 0.414511 2.05422 -0.244187 1.26193 -2.61581 -2.12674 0.76019 -1.71711 -0.23321 0.817766 -0.152432 -2.27792 -1.1398 -2.71827 -2.51179 0.473543 2.44823 -1.60959 -2.54031 4.74558 4.63691 3.5279 3.95815 2.00359 -1.53672
internal_weight=0 4194.42 365.801 401.521 164.072 237.45 68.0503 169.399 86.4554 3792.9 657.013 32.6932 118.785 45.6494 30.8769 25.1859 624.319 31.1191 3135.89 898.458 21.1901 7.7495 114.547 885.986 36.9312 118.422 20.4635 42.1379 10.0501 28.5763
internal_count=37661 34640 3021 3316 1355 1961 562 1399 714 31324 5426 270 981 377 255 208 5156 257 25898 7420 175 64 946 7317 305 978 169 348 83 236
is_linear=0
shrinkage=1


Tree=45
num_leaves=31
num_cat=0
split_feature=10 36 34 8 34 35 35 35 35 14 35 34 0 49 35 20 6 35 20 14 1 49 34 40 35 49 6 14 49 18
split_gain=8412.32 6565.12 3589.99 997.576 727.388 281.256 571.897 366.921 567.515 221.365 241.636 139.73 128.139 108.571 107.644 105.177 83.8199 72.7582 58.6748 58.6021 76.2649 52.9171 48.4936 43.5556 83.0542 40.6376 38.4293 34.7772 31.1317 29.8228
threshold=1.5544313764064441 3.5000000000000004 0.97916257029051346 -0.45218975719495608 0.97420999951194476 3.0160395766815906 4.9796911294148956 1.9943605585800819 0.027259844748239753 -1.0994183075655302 4.0254942128589333 0.012217423206805253 -0.59796545711328319 14.500000000000002 3.0240803418597677 3.0730131251041346 -0.78140398427176605 3.9886385348813689 1.0000000180025095e-35 -2.5349083810324538 -0.03975095889810764 11.500000000000002 1.0078330176642523 0.22500000000000003 0.027259844748239753 14.500000000000002 -0.47013240481795476 0.085535989164709295 3.5000000000000004 0.97674508354237244
decision_type=2 2 2 2 2 2 2 2 2 2 2 2 2 2 2 2 2 2 2 2 2 2 2 2 2 2 2 2 2 2
left_child=1 3 -2 4 -1 7 22 8 -5 10 16 -12 -8 14 23 -4 19 -17 -11 20 -3 -10 -7 24 -6 -19 -14 -9 -22 -21
right_child=2 9 15 5 13 6 12 27 21 18 11 -13 26 -15 -16 17 -18 25 -20 29 28 -23 -24 -25 -26 -27 -28 -29 -30 -31
leaf_value=4.9113347728907115 4.9373185180034245 -2.8126515042646369 -2.1150968145105864 -1.3758155182808534 -1.4545861361654551 4.9545618117097732 5.2871226123937323 -1.0908008621095382 3.8753972761569799 -2.7711393060957232 3.9581535889708568 -1.2225920409944475 1.1578260039012278 -2.3653353226107212 5.1035983186829554 -1.0090326124364197 -0.10110588893184946 5.0442228118941745 -2.4383151476919274 -2.5758160037775504 3.4289391385721077 -0.71912699995899798 0.33196668220272985 -1.5399811136472046 3.607408737752714 0.031654201585092911 -2.1376703278764397 -2.3922965348286871 -0.65906450383547099 -1.9862775993250197
leaf_weight=114.42627131938934 248.71064686775208 6.2964720726013184 101.59115517139435 46.375938534736633 5.9332140684127861 36.083628416061401 2.9060640335082999 36.689058423042297 42.501186490058899 2710.5101412534714 10.534482121467592 10.29231011867523 4.1169240474700954 13.198374152183531 5.4488700628280631 12.229686141014101 19.858104228973389 4.1169240474700919 658.34458959102631 179.44945406913757 4.8434400558471662 2.6638920307159415 2.4217200279235831 9.0814501047134382 7.1440740823745728 2.6638920307159424 25.185888290405273 46.618110537528992 3.02715003490448 164.43478989601135
leaf_count=945 2054 52 839 383 49 298 24 303 351 22385 87 85 34 109 45 101 164 34 5437 1482 40 22 20 75 59 22 208 385 25 1358
internal_value=-1.80739 -2.21338 2.76622 1.63438 3.61865 0.38002 2.06288 -0.300582 1.08136 -2.62271 -1.91814 1.3979 -1.04654 -0.00621903 1.1216 -1.71112 -2.10089 0.447692 -2.7061 -2.2118 -0.218606 3.60441 4.66383 0.142425 1.31076 3.075 -1.67467 -1.81911 1.85663 -2.29392
internal_weight=0 4168.39 369.312 400.795 155.232 245.562 70.7142 174.848 91.541 3767.59 398.736 20.8268 32.2089 40.806 27.6076 120.602 377.909 19.0105 3368.85 358.051 14.1671 45.1651 38.5053 22.1587 13.0773 6.78082 29.3028 83.3072 7.87059 343.884
internal_count=37475 34425 3050 3310 1282 2028 584 1444 756 31115 3293 172 266 337 228 996 3121 157 27822 2957 117 373 318 183 108 56 242 688 65 2840
is_linear=0
shrinkage=1


Tree=46
num_leaves=31
num_cat=0
split_feature=10 36 34 8 34 14 35 35 35 35 35 36 34 49 35 6 14 1 9 35 35 35 34 34 6 3 6 35 32 49
split_gain=8423.32 6338.5 3613.16 905.399 781.392 226.633 232.121 222.528 577.718 404.893 638.607 132.758 128.893 89.9324 120.28 77.5881 64.4465 77.2494 61.2165 60.8439 102.442 49.9677 48.9311 47.9646 46.6404 45.4073 41.326 66.6707 42.9096 39.966
threshold=1.5544313764064441 3.5000000000000004 0.032884218846469505 -0.45218975719495608 0.98269224015695433 -1.0994183075655302 4.0254942128589333 3.0160395766815906 4.0254942128589333 1.985961534053353 0.027259844748239753 3.5000000000000004 0.012217423206805253 14.500000000000002 3.0240803418597677 -0.78140398427176605 -2.5349083810324538 -0.03975095889810764 0.19112862607662964 1.9948797934495948 0.027259844748239753 0.014759048528931765 1.013012569934941 1.005900340741958 -0.50385962695294462 0.73063604188441322 -0.1134011050109371 4.9796911294148956 1.2710580497647872 14.500000000000002
decision_type=2 2 2 2 2 2 2 2 2 2 2 2 2 2 2 2 2 2 2 2 2 2 2 2 2 2 2 2 2 2
left_child=1 3 -2 4 -1 6 15 9 23 10 -5 21 -8 14 19 16 17 -3 -7 20 -6 -4 -12 -9 -10 -19 27 -20 -29 -23
right_child=2 5 11 7 13 18 12 8 24 -11 22 -13 -14 -15 -16 -17 -18 25 26 -21 -22 29 -24 -25 -26 -27 -28 28 -30 -31
leaf_value=4.9121477265727087 4.9566176617872078 -2.8126515042646369 -1.9602142923073937 -1.3626537441396476 -1.5657526102108459 -2.7976821063326773 3.7855602093055487 4.9369349141470185 2.3376250348990886 -1.766605021943318 4.1236191481223656 -2.2114773637644309 -1.2381856084339253 -2.2406216473359617 5.1035983186829554 -0.18602792193952467 -2.27622446902966 -1.1362276674834926 -2.4061374405967233 -1.7074002142364244 4.315523410395496 2.6685442753009263 -0.49389263949577056 0.33196668220272985 -1.5834717445937923 3.5978649089195263 -2.6790103310356561 -1.3791274679830521 2.3376250348990886 -0.61187254259555623
leaf_weight=109.34065926074982 248.10521686077118 6.2964720726013192 5.9332140684127834 46.618110537528992 5.6910420656204277 2198.074183344841 10.655568122863771 34.267338395118713 3.3904080390930167 85.486716985702515 43.83313250541687 98.685091137886047 9.8079661130905134 13.682718157768248 5.4488700628280631 20.463534235954285 343.76315796375275 3.2693220376968348 465.21241736412048 11.86642813682556 6.1753860712051392 9.9290521144866926 2.4217200279235831 2.4217200279235831 28.818468332290649 5.3277840614318848 659.91870760917664 37.052316427230835 3.3904080390930167 5.9332140684127799
leaf_count=903 2049 52 49 385 47 18153 88 283 28 706 362 815 81 113 45 169 2839 27 3842 98 51 82 20 20 238 44 5450 306 28 49
internal_value=-1.80739 -2.21283 2.77482 1.57464 3.49349 -2.61486 -1.90286 0.393441 1.91982 -0.19618 1.24935 -1.71816 1.37773 -0.125289 0.866548 -2.07993 -2.18799 -0.151463 -2.69944 -0.106244 1.49491 0.515491 3.88186 4.63298 -1.17072 1.79758 -2.51419 -2.29908 -1.06754 1.44152
internal_weight=0 4162.69 368.586 399.463 152.205 3763.23 399.584 247.258 68.8979 178.36 92.873 120.481 20.4635 42.8644 29.1817 379.12 358.657 14.8936 3363.65 23.7329 11.8664 21.7955 46.2549 36.6891 32.2089 8.59711 1165.57 505.655 40.4427 15.8623
internal_count=37422 34378 3044 3299 1257 31079 3300 2042 569 1473 767 995 169 354 241 3131 2962 123 27779 196 98 180 382 303 266 71 9626 4176 334 131
is_linear=0
shrinkage=1


Tree=47
num_leaves=31
num_cat=0
split_feature=10 36 46 8 46 35 35 35 35 14 35 46 36 0 6 49 35 49 6 10 6 35 9 49 6 35 0 40 35 6
split_gain=8520.1 6508.22 3588.73 958.831 722.754 264.865 589.412 393.977 587.817 232.479 260.908 142.812 137.461 125.929 109.911 107.605 105.033 87.2183 75.4864 74.1825 54.7552 54.4473 53.5674 52.586 44.7001 55.6889 59.3959 39.1762 67.1011 30.9311
threshold=1.5544313764064441 3.5000000000000004 10.500000000000002 -0.45218975719495608 7.0000000000000009 3.0240803418597677 4.0254942128589333 1.9936924257986131 0.027259844748239753 -1.0994183075655302 4.0254942128589333 7.0000000000000009 3.5000000000000004 -0.59796545711328319 -0.78140398427176605 14.500000000000002 3.0240803418597677 11.500000000000002 -1.1960081763610477 -1.0000000180025095e-35 -0.11994562633178535 0.014759048528931765 0.14410075192778152 14.500000000000002 -0.1134011050109371 4.9958359647624038 -0.58844038671351928 0.41500000000000004 1.9959602219650494 -0.634188059203173
decision_type=2 2 2 2 2 2 2 2 2 2 2 2 2 2 2 2 2 2 2 2 2 2 2 2 2 2 2 2 2 2
left_child=1 3 -2 4 -1 7 -7 8 -5 10 14 -12 21 -8 18 16 20 -10 19 -3 -6 -4 -11 27 25 -24 -27 28 -23 -15
right_child=2 9 12 5 15 6 13 -9 17 22 11 -13 -14 29 -16 -17 -18 -19 -20 -21 -22 23 24 -25 -26 26 -28 -29 -30 -31
leaf_value=4.9023777496306185 4.9659327935513407 -2.2470326031013594 -2.2206894030471802 -1.3072704601106664 2.1901501560243544 4.7103319750170023 5.2871226123937323 -1.8574081764935881 4.0705593056424014 -2.7999958857200906 3.8397402960149161 -1.3832796013249249 -2.2606043530026891 1.7477255194001544 0.10800483225059421 -2.2470326031013594 5.1035983186829554 -1.3832796013249249 -2.31307322507427 2.3893706064340825 -0.99505513385981803 5.2871226123937358 -2.4076224890153921 -1.0945176007310438 -2.7029688848990485 3.6354039689967323 -1.4799520971759199 5.0577172452552599 -1.4229843764065837 -1.8912326732556806
leaf_weight=111.7623792886734 249.07390487194061 6.9019020795822144 5.3277840614318874 48.071142554283142 8.7181921005249041 38.142090439796448 2.9060640335082999 82.580652952194214 42.743358492851257 2157.7525448799133 11.745342135429384 9.4447081089019758 95.657941102981567 2.5428060293197658 21.432222247123718 13.803804159164427 5.4488700628280631 3.1482360363006583 349.33311402797699 6.9019020795822126 14.167062163352968 2.4217200279235822 477.07884550094604 5.3277840614318839 692.7330139875412 2.4217200279235831 36.204714417457581 4.3590960502624512 3.8747520446777344 28.69738233089447
leaf_count=923 2057 57 44 397 72 315 24 682 353 17820 97 78 790 21 177 114 45 26 2885 57 117 20 3940 44 5721 20 299 36 32 237
internal_value=-1.80739 -2.21141 2.8202 1.60974 3.57173 0.396267 2.00859 -0.263921 1.13654 -2.6194 -1.90434 1.51177 -1.74893 -1.00932 -2.09256 0.0424413 1.15783 3.69642 -2.22244 0.071169 0.218356 0.547816 -2.70559 1.47065 -2.53703 -2.31412 -1.15924 2.75324 1.15783 -1.59504
internal_weight=0 4174.68 366.043 402.732 153.9 248.832 72.2883 176.543 93.9627 3771.95 405.759 21.1901 116.969 34.1463 384.569 42.1379 28.3341 45.8916 363.137 13.8038 22.8853 21.3111 3366.19 15.9834 1208.44 515.705 38.6264 10.6556 6.29647 31.2402
internal_count=37500 34477 3023 3326 1271 2055 597 1458 776 31151 3351 175 966 282 3176 348 234 379 2999 114 189 176 27800 132 9980 4259 319 88 52 258
is_linear=0
shrinkage=1


Tree=48
num_leaves=31
num_cat=0
split_feature=10 36 34 8 34 35 35 48 35 14 35 34 36 49 35 6 0 6 14 1 20 34 38 14 35 35 38 38 14 9
split_gain=8321.7 6543.27 3657.44 945.509 763.802 254.068 641.317 444.884 634.297 231.861 251.687 132.319 120.588 93.2075 111.665 88.654 82.8968 75.5939 65.837 70.4802 63.7139 58.6598 55.991 55.7169 52.4444 57.109 47.4827 36.3329 34.953 32.5511
threshold=1.5544313764064441 3.5000000000000004 0.032884218846469505 -0.6666296841194187 0.98269224015695433 3.0240803418597677 4.0254942128589333 20.500000000000004 0.97884450118364696 -1.0994183075655302 4.0254942128589333 0.012217423206805253 3.5000000000000004 14.500000000000002 3.0240803418597677 -0.78140398427176605 -0.59444722031790043 -0.1134011050109371 -2.5349083810324538 -0.03975095889810764 -0.045099109276372951 1.0078330176642523 76.500000000000014 -0.53253111656290664 3.0021222172513524 4.986826519457872 505.50000000000006 481.50000000000006 0.085535989164709295 1.438366478306347
decision_type=2 2 2 2 2 2 2 2 2 2 2 2 2 2 2 2 2 2 2 2 2 2 2 2 2 2 2 2 2 2
left_child=1 3 -2 4 -1 7 21 8 -5 10 15 -12 24 14 17 18 -8 -6 19 -3 -11 -7 -22 -18 -4 -26 -19 -21 -9 -24
right_child=2 9 12 5 13 6 16 28 -10 20 11 -13 -14 -15 -16 -17 23 26 -20 27 22 -23 29 -25 25 -27 -28 -29 -30 -31
leaf_value=4.9614825731697891 4.9443587337591008 -2.6476042039251935 -0.84999711765934438 -1.2673164487054773 2.5772717130705263 4.9959542617949033 4.4612632906952321 -1.1185811007805337 4.0551777678711076 -2.776645886467787 3.8350622665502141 -1.0656414006716555 -2.2043877605528577 -2.1815182099231412 5.2871226123937323 -0.053764018949863157 2.1545527714683863 -2.6497072325009468 -2.2924050321659828 4.1859768501290677 -2.7006555649904764 -0.080962978646520245 -2.2096525606871058 -2.0654645976646471 4.6518462110871948 -0.57381450933756128 1.0660638570458416 -0.069802717542486903 -2.3990928568794399 -0.60094847749372438
leaf_weight=110.55151927471161 247.984130859375 6.1753860712051383 13.198374152183534 45.770508527755737 7.7495040893554714 37.77883243560791 2.4217200279235831 37.77883243560791 43.83313250541687 2633.1361863613129 11.018826127052309 11.018826127052305 100.38029515743256 13.924890160560606 4.9645260572433463 20.221362233161926 3.5114940404891959 9.3236221075058001 346.06379199028015 3.6325800418853742 395.10362255573273 2.4217200279235831 329.4750097990036 28.69738233089447 4.722354054450987 3.7536660432815552 5.4488700628280631 4.4801820516586304 48.918744564056396 13.077288150787352
leaf_count=913 2048 51 109 378 64 312 20 312 362 21746 91 91 829 115 41 167 29 77 2858 30 3263 20 2721 237 39 31 45 37 404 108
internal_value=-1.80739 -2.20911 2.73874 1.6205 3.58934 0.429127 1.97299 -0.226169 1.33639 -2.61821 -1.90096 1.38471 -1.74251 -0.0737186 0.994109 -2.09122 -1.18115 0.0478 -2.20555 -0.101959 -2.70388 4.69012 -2.44412 -1.60539 0.396559 2.33763 -1.27914 1.83577 -1.8411 -2.14824
internal_weight=0 4176.5 370.039 403.095 151.963 251.132 74.8311 176.301 89.6036 3773.4 402.611 22.0377 122.055 41.4114 27.4865 380.573 34.6306 22.522 360.352 14.2881 3370.79 40.2006 737.656 32.2089 21.6744 8.47602 14.7725 8.11276 86.6976 342.552
internal_count=37548 34492 3056 3329 1255 2074 618 1456 740 31163 3325 182 1008 342 227 3143 286 186 2976 118 27838 332 6092 266 179 70 122 67 716 2829
is_linear=0
shrinkage=1


Tree=49
num_leaves=31
num_cat=0
split_feature=10 36 46 8 34 35 40 40 35 14 35 34 20 0 49 35 38 6 14 10 20 38 35 35 14 34 6 49 35 34
split_gain=8282.16 6431.62 3682.61 899.41 792.046 285.246 578.043 391.151 703.63 205.423 227.943 130.748 126.137 118.165 95.7501 105.326 94.399 72.1 66.8397 76.217 62.7869 56.78 47.979 51.777 45.8398 40.7763 40.521 37.5978 36.4057 32.5172
threshold=1.5544313764064441 3.5000000000000004 10.500000000000002 -0.45218975719495608 0.97420999951194476 3.0240803418597677 0.48000000000000004 0.20500000000000004 0.027259844748239753 -1.0994183075655302 4.0254942128589333 0.012217423206805253 2.8324536785943715 -0.59444722031790043 14.500000000000002 3.0240803418597677 236.50000000000003 -0.78140398427176605 -2.5349083810324538 -1.0000000180025095e-35 -0.041489184732071804 76.500000000000014 3.0010643871955618 4.986826519457872 0.085535989164709295 1.0046761192931986 -0.50385962695294462 2.5000000000000004 1.9999470670742632 1.0105246576710667
decision_type=2 2 2 2 2 2 2 2 2 2 2 2 2 2 2 2 2 2 2 2 2 2 2 2 2 2 2 2 2 2
left_child=1 3 -2 4 -1 7 25 8 -5 10 17 -12 -4 -8 15 16 -6 18 19 -3 -11 -22 -14 -24 -9 -7 -15 -21 -18 -10
right_child=2 9 12 5 14 6 13 24 29 20 11 -13 22 26 -16 -17 28 -19 -20 27 21 -23 23 -25 -26 -27 -28 -29 -30 -31
leaf_value=4.9059567716098105 4.9468961139990597 -2.4115659797109328 -2.2153330567817058 -1.5550891821532105 -1.7290273772572449 4.9832947682906052 5.2871226123937323 -0.93398872540089251 4.2517887688650013 -2.77607264503493 3.8941068890468631 -1.2381856084339253 -0.71204415843499747 1.7477255194001557 -2.3137065430614929 5.085693509540441 3.5784481537071806 -0.26865827903254313 -2.3096117155704881 4.1073235813958764 -2.7021134104372995 -2.1420309679143097 4.4612632906952321 -0.74800320001838627 -2.399873460694935 0.74489634305198038 -1.9164080350205004 -0.56271424963731254 -0.069802717542486903 0.56792648840230164
leaf_weight=110.18826127052307 246.89435684680939 7.1440740823745728 101.83332717418671 45.891594529151917 13.682718157768255 36.204714417457581 2.7849780321121207 36.810144424438477 41.532498478889465 2640.7646044492722 10.050138115882875 9.8079661130905134 12.835116147994997 3.3904080390930202 13.682718157768248 4.9645260572433463 7.0229880809783918 19.979190230369568 341.46252393722534 4.2380100488662702 393.5295045375824 335.16605186462402 4.8434400558471671 3.1482360363006592 50.735034584999084 2.4217200279235831 27.486522316932678 2.9060640335083008 4.4801820516586304 2.5428060293197623
leaf_count=910 2039 59 841 379 113 299 23 304 343 21809 83 81 106 28 113 41 58 165 2820 35 3250 2768 40 26 419 20 227 24 37 21
internal_value=-1.80739 -2.21755 2.72187 1.57509 3.47569 0.403224 2.07775 -0.278696 1.18561 -2.62433 -1.94262 1.35926 -1.75673 -0.951383 -0.119746 0.875906 0.0460923 -2.11713 -2.22094 -0.101959 -2.70437 -2.4445 0.485615 2.40913 -1.78351 4.71756 -1.51407 2.20765 2.15755 4.03926
internal_weight=0 4168.87 369.554 403.822 154.021 249.8 72.2883 177.512 89.9669 3765.05 395.588 19.8581 122.66 33.6619 43.8331 30.1504 25.1859 375.73 355.751 14.2881 3369.46 728.696 20.8268 7.99168 87.5452 38.6264 30.8769 7.14407 11.5032 44.0753
internal_count=37481 34429 3052 3335 1272 2063 597 1466 743 31094 3267 164 1013 278 362 249 208 3103 2938 118 27827 6018 172 66 723 319 255 59 95 364
is_linear=0
shrinkage=1


Tree=50
num_leaves=31
num_cat=0
split_feature=10 36 46 8 34 14 49 49 49 49 14 20 6 49 49 38 38 9 20 6 49 49 49 49 38 14 3 6 38 9
split_gain=8339.36 6591.56 3641.19 919.713 787.615 238.099 207.186 283.686 271.752 267.369 130.128 124.629 111.91 104.489 116.272 86.062 79.4497 75.2386 66.8451 58.9571 56.5094 135.635 130.811 124.67 56.1073 51.9134 57.779 40.6548 36.158 33.3477
threshold=1.5544313764064441 3.5000000000000004 10.500000000000002 -0.45218975719495608 0.97420999951194476 -1.0994183075655302 14.500000000000002 13.500000000000002 11.500000000000002 10.500000000000002 0.085535989164709295 2.8324536785943715 -0.78140398427176605 14.500000000000002 13.500000000000002 186.50000000000003 236.50000000000003 0.60814085480596858 -0.041489184732071804 0.55672526797741051 3.5000000000000004 1.5000000000000002 4.5000000000000009 1.0000000180025095e-35 76.500000000000014 -2.3055110860920025 2.7616482627291838 0.024927362656483622 350.50000000000006 1.4906560138589964
decision_type=2 2 2 2 2 2 2 2 2 2 2 2 2 2 2 2 2 2 2 2 2 2 2 2 2 2 2 2 2 2
left_child=1 3 -2 4 -1 12 7 8 9 10 20 -4 17 14 16 -12 -6 -3 -7 -17 21 23 -22 -5 -20 26 -19 -18 -14 -26
right_child=2 5 11 6 13 18 -8 -9 -10 -11 15 -13 28 -15 -16 19 27 25 24 -21 22 -23 -24 -25 29 -27 -28 -29 -30 -31
leaf_value=4.8942719836788022 4.9487217196002007 -2.2811461825150636 -2.2179493256692826 -0.24457661785094009 -1.8267151091676079 -2.7731308767828891 -1.9921907764902833 5.0163490642958646 -2.0570242968282266 4.7136091945475513 -1.5339680309863735 0.46563177473196715 0.81590972421713737 -2.516869143105859 5.0994273120077107 1.7990211294435441 4.0483336298459829 2.3966149864489821 -2.6901868221164835 -1.1156069603249787 4.8325211509083186 -0.8968481539476959 0.31593057886877851 3.7448552044025578 -2.1990190651144137 -1.5185699460476139 -2.6655967817399753 0.12550185177810458 -2.9714706045912722 -0.55622164490697812
leaf_weight=114.54735732078552 248.22630286216736 276.68151319026947 99.532693147659302 12.835116147994993 12.229686141014104 2636.8898524045944 30.634758353233337 14.772492170333861 34.993854403495789 17.436384201049805 35.478198409080505 20.947878241539001 19.010502219200138 13.198374152183531 5.3277840614318839 19.494846224784855 4.8434400558471662 7.2651600837707502 394.61927855014801 10.776654124259947 13.198374152183534 25.064802289009094 12.471858143806456 20.100276231765747 331.41238582134247 91.541017055511475 3.2693220376968384 5.8121280670166016 2.9060640335082999 12.835116147994993
leaf_count=946 2050 2285 822 106 101 21777 253 122 289 144 293 173 157 109 44 161 40 60 3259 89 109 207 103 166 2737 756 27 48 24 106
internal_value=-1.80739 -2.20179 2.75937 1.64144 3.54307 -2.61214 0.441973 0.786212 0.476628 1.008 0.575575 -1.75136 -1.8833 -0.194458 0.891991 -0.477163 -0.0875174 -2.01043 -2.69864 0.761414 1.40283 0.856103 2.63814 2.19015 -2.43281 -1.27665 0.825584 1.90861 0.313716 -2.13777
internal_weight=0 4179.65 368.707 403.216 155.959 3776.43 247.258 216.623 201.85 166.857 149.42 120.481 400.674 41.4114 28.213 65.7497 22.8853 378.757 3375.76 30.2715 83.6704 58.0002 25.6702 32.9354 738.867 102.075 10.5345 10.6556 21.9166 344.248
internal_count=37563 34518 3045 3330 1288 31188 2042 1789 1667 1378 1234 995 3309 342 233 543 189 3128 27879 250 691 479 212 272 6102 843 87 88 181 2843
is_linear=0
shrinkage=1


Tree=51
num_leaves=31
num_cat=0
split_feature=10 9 46 8 34 42 42 35 40 40 35 14 35 20 34 20 38 9 20 38 6 0 4 13 34 35 35 49 49 9
split_gain=8346.98 5301.84 3632.57 861.384 591.54 315.2 302.417 230.82 696.014 321.652 700.188 220.131 234.329 124.813 111.841 111.743 80.9308 77.7775 77.1757 63.7788 63.5766 51.1204 51.0556 53.6208 48.6952 47.8903 47.886 53.6987 47.7107 42.0202
threshold=1.5544313764064441 1.20733357875903 10.500000000000002 -0.68045660522688289 0.020791928420009497 0.21875000000000003 0.84375000000000011 3.9809838485361291 0.43500000000000005 0.13500000000000004 0.027259844748239753 -1.0994183075655302 4.0254942128589333 2.8324536785943715 0.012217423206805253 1.5756240812339708 432.50000000000006 0.63534875518359957 -0.041489184732071804 76.500000000000014 -0.23683160362885972 -0.59796545711328319 2.9145709048173996 -0.060049502701172715 1.0105246576710667 4.9997658460721155 0.014759048528931765 14.500000000000002 14.500000000000002 1.3528464379280607
decision_type=2 2 2 2 2 2 2 2 2 2 2 2 2 2 2 2 2 2 2 2 2 2 2 2 2 2 2 2 2 2
left_child=1 5 -2 4 6 20 29 9 -9 10 -5 12 17 -4 -14 18 -6 -7 -13 -20 -1 25 23 -19 -12 -10 -15 -28 -18 -3
right_child=2 3 13 7 16 11 -8 8 21 -11 24 15 14 26 -16 -17 28 22 19 -21 -22 -23 -24 -25 -26 -27 27 -29 -30 -31
leaf_value=3.8508455311789498 4.9632562117276535 3.1478484658253278 -2.2299241041731843 -1.5110035935876081 -1.1876144697225111 -2.3359226015740422 -2.0538491360373827 4.729109557192043 -1.319751961194271 -1.7196227778072855 4.12536332193101 -2.7813381518565587 3.6733745125230981 -2.1849379172593664 -1.0656414006716555 3.1460058524346572 3.0051429077005083 1.6166367381781752 -2.6854934284691376 -2.0759225046967544 -0.38053939926264291 -1.5373436387675286 2.356654051528086 -1.6297748611378722 -0.49389263949577056 4.8938562687277773 2.6291845655479844 -1.3600377817649296 -1.4421014903347897 4.7461185112810789
leaf_weight=8.354934096336363 247.01544284820557 20.100276231765747 98.442919135093689 57.51585066318512 30.2715003490448 283.22015726566315 7.6284180879592887 35.841456413269043 2.4217200279235831 111.03586328029633 39.595122456550598 2629.7457783222198 10.534482121467592 5.085612058639529 9.4447081089019758 3.2693220376968375 9.2025361061096174 5.4488700628280631 374.15574431419373 317.12423765659332 6.1753860712051383 40.442724466323853 3.7536660432815543 76.768524885177612 2.4217200279235831 2.5428060293197632 10.534482121467589 4.9645260572433463 3.2693220376968375 90.572329044342041
leaf_count=69 2040 166 813 475 250 2339 63 296 20 917 327 21718 87 42 78 27 76 45 3090 2619 51 334 31 634 20 21 87 41 27 748
internal_value=-1.80739 -2.20345 2.77649 1.02754 2.88406 -2.59593 4.03608 0.00299367 1.43475 -0.549456 0.755948 -2.61412 -1.90253 -1.76167 1.43311 -2.69743 -0.30439 -2.08304 -2.70318 -2.40585 2.05251 -1.16559 -1.24996 -1.41462 3.85912 1.86283 0.477707 1.35139 1.83936 4.45584
internal_weight=0 4180.86 366.043 452.862 161.044 3728 118.301 291.817 81.2487 210.569 99.5327 3713.47 389.17 119.028 19.9792 3324.3 42.7434 369.191 3321.03 691.28 14.5303 45.4073 85.9711 82.2174 42.0168 4.96453 20.5846 15.499 12.4719 110.673
internal_count=37551 34528 3023 3740 1330 30788 977 2410 671 1739 822 30668 3214 983 165 27454 353 3049 27427 5709 120 375 710 679 347 41 170 128 103 914
is_linear=0
shrinkage=1


Tree=52
num_leaves=31
num_cat=0
split_feature=1 9 46 8 34 6 35 35 40 40 35 9 9 9 34 9 9 38 38 22 34 49 6 4 12 35 4 31 0 35
split_gain=8483.99 5012.91 3555.48 837.158 674.746 230.433 212.776 178.179 698.266 274.895 645.982 177.022 193.994 127.493 122.342 104.047 83.4293 76.5245 71.1933 67.5854 67.0729 60.1531 58.6473 62.7688 53.4881 51.6923 47.534 47.018 44.0917 59.6683
threshold=1.5367684771616057 1.20733357875903 10.500000000000002 -0.45218975719495608 0.97420999951194476 -0.76391761237567224 4.9910495028621353 3.9809838485361291 0.43500000000000005 0.13500000000000004 0.027259844748239753 1.3528464379280607 1.293112571040208 1.20733357875903 0.012217423206805253 0.71030142077665437 0.22298415082616821 481.50000000000006 76.500000000000014 -0.59203641594196876 1.0078330176642523 14.500000000000002 -0.78140398427176605 3.0916861890862686 -0.79770986188412663 0.014759048528931765 0.59601875853204811 0.3109346156657658 -0.59348977463074226 4.9991424286896304
decision_type=2 2 2 2 2 2 2 2 2 2 2 2 2 2 2 2 2 2 2 2 2 2 2 2 2 2 2 2 2 2
left_child=1 5 19 4 11 6 16 9 20 10 -5 12 -3 -4 -8 -7 -1 -6 -17 -2 -9 -19 23 -18 -14 -15 -11 -20 29 -10
right_child=2 3 13 7 17 15 14 8 28 26 -12 -13 24 25 -16 18 22 21 27 -21 -22 -23 -24 -25 -26 -27 -28 -29 -30 -31
leaf_value=-2.4241608170432354 4.9332977812862939 4.2930326881270187 -2.2069723287193348 -1.5919728511973403 -1.3256299634839401 -2.7540543716594117 3.9281136020037937 4.9682580094213389 -2.1456112828927716 -1.9563298250386978 3.7322640128996425 4.5214928333160138 2.9275245503980174 -2.23737342974816 -1.2509303510527294 -2.6168070922054127 -1.7340719576019363 2.8095446472982313 -1.5729351109120595 2.1194430223172929 -0.49389263949577056 -1.9058456733674003 0.99265413956153026 2.2839978062173674 -2.1941912429926833 1.3063618531275796 -0.041002043725625104 -2.502372634119777 -1.8359140372558338 4.8741929515444795
leaf_weight=224.73561859130859 248.71064686775208 13.077288150787355 99.411607146263123 54.36761462688446 34.025166392326355 2791.8799341917038 9.5657941102981585 31.361274361610413 2.4217200279235831 94.568167090415955 39.231864452362061 97.958575129508972 2.5428060293197623 5.4488700628280666 8.7181921005249006 276.31825518608093 143.85016965866089 9.6868801116943342 165.8878219127655 8.8392781019210798 2.4217200279235831 3.7536660432815543 9.0814501047134382 3.9958380460739127 10.29231011867523 16.830954194068909 15.014664173126219 81.006534934043884 38.747520446777344 2.421720027923584
leaf_count=1856 2054 108 821 449 281 23057 79 259 20 781 324 809 21 45 72 2282 1188 80 1370 73 20 31 75 33 85 139 124 669 320 20
internal_value=-1.80739 -2.20832 2.73202 0.936535 2.67822 -2.59086 -1.87383 -0.127121 1.16429 -0.618904 0.639661 3.90665 1.58233 -1.72241 1.45864 -2.67736 -2.03347 -0.527601 -2.26812 4.83672 4.57671 1.49263 -1.47396 -1.62548 -1.17951 0.439687 -1.6939 -1.87789 -1.48034 1.36429
internal_weight=0 4166.93 379.241 451.893 171.337 3715.04 399.947 280.556 77.374 203.182 93.5995 123.871 25.9124 121.691 18.284 3315.09 381.663 47.4657 523.213 257.55 33.783 13.4405 156.927 147.846 12.8351 22.2798 109.583 246.894 43.591 4.84344
internal_count=37545 34413 3132 3732 1415 30681 3303 2317 639 1678 773 1023 214 1005 151 27378 3152 392 4321 2127 279 111 1296 1221 106 184 905 2039 360 40
is_linear=0
shrinkage=1


Tree=53
num_leaves=31
num_cat=0
split_feature=10 36 46 8 46 35 40 35 35 6 35 46 20 49 35 38 6 49 6 1 20 38 25 35 38 20 49 40 38 20
split_gain=8414.89 6651.75 3499.02 862.749 841.561 244.841 600.892 420.176 564.722 200.731 243.404 115.64 110.963 90.9034 124.037 76.8112 74.4692 66.1053 65.0247 67.6361 64.2072 57.4298 54.935 43.7939 43.067 37.8083 34.4705 37.0336 34.136 32.2679
threshold=1.5544313764064441 3.5000000000000004 10.500000000000002 -0.45218975719495608 7.0000000000000009 3.0240803418597677 0.48000000000000004 1.9936924257986131 0.027259844748239753 -0.76391761237567224 4.9842702640393926 7.0000000000000009 2.8324536785943715 14.500000000000002 3.0240803418597677 310.50000000000006 -0.78140398427176605 11.500000000000002 -1.1960081763610477 -0.03975095889810764 1.0000000180025095e-35 76.500000000000014 0.7189118377940954 0.014759048528931765 400.50000000000006 0.62654207351814561 14.500000000000002 0.41500000000000004 78.500000000000014 1.0874753065260447
decision_type=2 2 2 2 2 2 2 2 2 2 2 2 2 2 2 2 2 2 2 2 2 2 2 2 2 2 2 2 2 2
left_child=1 3 -2 4 -1 7 -7 8 -5 10 16 -12 -4 14 15 -6 18 -10 19 -3 -11 -22 -8 -14 -21 -18 27 -25 -23 -20
right_child=2 9 12 5 13 6 22 -9 17 20 11 -13 23 -15 -16 -17 25 -19 29 24 21 28 -24 26 -26 -27 -28 -29 -30 -31
leaf_value=4.9400481129730274 4.9499542715133806 -2.6200411059961652 -2.1739444489485016 -1.2017720580944853 -1.7116851986105086 4.6772572671394563 1.3751574043482044 -1.7916715735934141 4.0148528465338806 -2.7681821561731796 3.7506401534197766 -1.0342697265330609 -2.1657541931781004 -2.3867914387870242 5.0994273120077107 1.9225105610294717 -0.82423636817517087 -0.90682230034502076 -2.3815710890923429 4.6753749666911411 -2.6933751187132056 0.40704480235713891 -1.8028017531311298 0.90501192583026135 -0.21860619892960398 3.1327069905715574 -0.68717886372307913 5.0023435359459718 -2.1466131340715404 -0.79420512011340705
leaf_weight=112.3678092956543 246.16784083843231 5.6910420656204224 95.29468309879303 45.770508527755737 14.288148164749151 39.35295045375824 6.9019020795822135 82.217394948005676 44.801820516586304 2715.3535813093185 10.413396120071413 9.8079661130905134 4.9645260572433498 13.682718157768248 5.3277840614318839 9.8079661130905134 18.162900209426883 2.9060640335082999 332.25998783111572 3.2693220376968366 355.99284410476685 5.3277840614318839 25.67023229598999 5.933214068412779 3.9958380460739136 2.7849780321121207 5.6910420656204215 3.5114940404891968 299.44568145275116 13.31946015357971
leaf_count=928 2033 47 787 378 118 325 57 679 370 22425 86 81 41 113 44 81 150 24 2744 27 2940 44 212 49 33 23 47 29 2473 110
internal_value=-1.80739 -2.20859 2.82005 1.65275 3.49905 0.493504 2.04764 -0.142717 1.30759 -2.62082 -1.95072 1.42982 -1.72358 -0.25727 0.733001 -0.23244 -2.13085 3.71506 -2.23793 -0.0385123 -2.70015 -2.4206 -1.12941 0.411568 1.98369 -0.298169 1.25693 2.42838 -2.10197 -2.32039
internal_weight=0 4178.92 361.563 403.095 155.474 247.621 71.9251 175.696 93.4784 3775.82 399.705 20.2214 115.395 43.1066 29.4239 24.0961 379.484 47.7079 358.536 12.9562 3376.12 660.766 32.5721 20.1003 7.26516 20.9479 15.1358 9.44471 304.773 345.579
internal_count=37498 34512 2986 3329 1284 2045 594 1451 772 31183 3301 167 953 356 243 199 3134 394 2961 107 27882 5457 269 166 60 173 125 78 2517 2854
is_linear=0
shrinkage=1


Tree=54
num_leaves=31
num_cat=0
split_feature=10 36 46 8 34 35 40 35 35 14 35 20 34 0 49 49 35 6 34 6 10 20 6 6 35 35 14 14 33 35
split_gain=8337.76 6575.12 3644.47 950.729 733.777 255.314 555.879 403.913 603.894 213.24 272.605 127.218 126.706 118.165 94.0168 91.8117 96.2133 82.9265 78.7065 65.0599 67.0751 63.9198 48.3177 48.1806 43.7479 53.6627 34.5058 30.1374 28.332 27.5383
threshold=1.5544313764064441 3.5000000000000004 10.500000000000002 -0.6644258747553895 0.98269224015695433 3.0240803418597677 0.48000000000000004 1.9943605585800819 0.97884450118364696 -1.0994183075655302 4.9842702640393926 2.8324536785943715 0.012217423206805253 -0.59796545711328319 11.500000000000002 14.500000000000002 3.9943657030855486 -0.78140398427176605 1.0078330176642523 -1.1960081763610477 -1.0000000180025095e-35 -0.045099109276372951 -0.108126257798434 -0.48839902243760774 3.0010643871955618 4.986826519457872 0.085535989164709295 0.085535989164709295 -0.096747904038029561 1.9908816281131405
decision_type=2 2 2 2 2 2 2 2 2 2 2 2 2 2 2 2 2 2 2 2 2 2 2 2 2 2 2 2 2 2
left_child=1 3 -2 4 -1 7 18 8 27 10 17 -4 -12 -8 -10 16 22 19 -7 20 -3 -11 -6 -15 -13 -26 -9 -5 -22 -24
right_child=2 9 11 5 15 6 13 26 14 21 12 24 -14 23 -16 -17 -18 -19 -20 -21 28 -23 29 -25 25 -27 -28 -29 -30 -31
leaf_value=4.9355012854696998 4.9587249439716494 -2.2715898234908476 -2.2391815508684636 -0.44531267939585861 2.0063116083859898 4.982275211766769 5.2871226123937323 -1.0656414006716555 4.1105559075081981 -2.7792601189744923 3.9258160381654332 -0.64212379980062995 -1.0656414006716555 2.0426752771496197 -1.6500956898736712 -2.1530514569621273 5.0806577819691086 -0.096643851843327244 -0.90682230034502076 -2.3192475530568295 -0.11272679871184765 -2.44642813888749 0.71853913065734565 -1.9527895029367339 4.4400874106516817 -0.83035384463219686 -2.3442356767189931 -2.0712448036876934 3.9550914483638953 -2.1336423072159816
leaf_weight=110.91477727890015 246.65218484401703 7.1440740823745728 98.32183313369751 20.584620237350464 8.8392781019210833 36.083628416061401 2.7849780321121207 37.77883243560791 44.196390509605408 2632.530756354332 11.018826127052309 14.167062163352968 9.4447081089019758 3.3904080390930202 3.0271500349044791 13.440546154975889 4.8434400558471671 19.131588220596313 2.4217200279235831 344.97401797771454 3.1482360363006592 738.98786652088165 5.691042065620425 27.486522316932678 4.7223540544509879 3.2693220376968384 47.828970551490784 25.549146294593811 3.7536660432815534 8.354934096336363
leaf_count=916 2037 59 812 170 73 298 23 312 365 21741 91 117 78 28 25 111 40 158 20 2849 26 6103 47 227 39 27 395 211 31 69
internal_value=-1.80739 -2.21405 2.7567 1.62408 3.59727 0.429127 2.01694 -0.211156 1.22745 -2.62453 -1.93287 -1.75136 1.62207 -0.951383 3.74128 -0.00809304 1.0316 -2.12525 4.61189 -2.23335 -0.12368 -2.70631 0.17466 -1.51407 0.413199 2.284 -1.77999 -1.34576 2.0996 -0.978017
internal_weight=0 4173.35 367.133 403.216 152.084 251.132 72.1673 178.965 93.3573 3770.13 398.615 120.481 20.4635 33.6619 47.2235 41.1692 27.7287 378.152 38.5053 359.02 14.046 3371.52 22.8853 30.8769 22.1587 7.99168 85.6078 46.1338 6.9019 14.046
internal_count=37498 34466 3032 3330 1256 2074 596 1478 771 31136 3292 995 169 278 390 340 229 3123 318 2965 116 27844 189 255 183 66 707 381 57 116
is_linear=0
shrinkage=1


Tree=55
num_leaves=31
num_cat=0
split_feature=10 36 34 8 34 14 35 35 48 48 35 34 0 9 49 35 34 14 14 10 9 38 38 35 31 9 25 14 35 34
split_gain=8249.86 6301.11 3687.74 874.366 761.152 235.505 229.003 227.543 579.441 428.786 614.825 141.519 128.252 116.177 81.3583 108.976 76.6993 76.0102 62.2697 73.081 59.7977 57.938 51.4297 48.6272 33.7477 38.9935 33.0633 32.9133 31.8792 33.3063
threshold=1.5544313764064441 3.5000000000000004 0.97420999951194476 -0.45218975719495608 0.98269224015695433 -1.0994183075655302 4.0254942128589333 3.0160395766815906 48.000000000000007 20.500000000000004 0.97884450118364696 0.012217423206805253 -0.59796545711328319 1.5107152646468711 14.500000000000002 3.0240803418597677 1.008484852442292 -1.170666182468995 -2.5349083810324538 -1.0000000180025095e-35 0.14410075192778152 310.50000000000006 76.500000000000014 3.9886385348813689 0.36975734604080773 1.4906560138589964 -0.51780936920952192 0.085535989164709295 4.9991424286896304 0.97916257029051346
decision_type=2 2 2 2 2 2 2 2 2 2 2 2 2 2 2 2 2 2 2 2 2 2 2 2 2 2 2 2 2 2
left_child=1 3 -2 4 -1 6 17 9 16 10 -5 -8 -10 -4 15 21 -9 18 19 -3 -7 -6 -22 -15 25 28 -20 -11 -24 -30
right_child=2 5 13 7 14 20 11 8 12 27 -12 -13 -14 23 -16 -17 -18 -19 26 -21 22 -23 24 -25 -26 -27 -28 -29 29 -31
leaf_value=4.8714216115387838 4.9423385144351251 -2.3160266984813509 -2.1531361969856961 -1.319751961194271 -1.4699082015030895 -2.8020422569679564 3.8794078594985595 4.9042739202156209 5.2871226123937323 -1.1270514527979543 3.8602452502968476 -1.319751961194271 -1.6526078094834005 -0.58344365028235501 -2.2274531976556862 5.0806577819691086 -0.90682230034502076 -0.43327911129771546 -2.6986642220482238 2.1545527714683868 -2.7176457755834869 1.8460421053166476 -2.2842816913869228 3.0504202827936271 -2.6403117155696649 -0.38053939926264291 -2.0483182669118523 -2.3952896824760392 0.053954633314125866 -2.0079680626096881
leaf_weight=108.2508852481842 246.53109884262085 7.6284180879592896 106.31350922584534 45.4072505235672 13.319460153579717 2166.1074789762497 10.655568122863771 36.567972421646118 2.9060640335082999 36.32580041885376 46.254852533340454 10.29231011867523 31.845618367195129 10.050138115882872 13.440546154975889 4.8434400558471671 2.4217200279235831 26.396748304367065 120.96491539478302 7.0229880809783918 646.11490345001221 8.7181921005249006 324.51048374176025 5.8121280670166007 196.28040826320648 12.350772142410277 220.98195254802704 46.86028254032135 12.229686141014097 21.795480251312256
leaf_count=894 2036 63 878 375 110 17889 88 302 24 300 382 85 263 83 111 40 20 218 999 58 5336 72 2680 48 1621 102 1825 387 101 180
internal_value=-1.80739 -2.21845 2.71597 1.57076 3.49002 -2.61623 -1.89459 0.423684 1.8969 -0.197636 1.2942 1.32491 -1.07228 -1.77647 -0.218606 0.785817 4.54334 -2.07068 -2.19188 -0.173104 -2.70249 -0.158104 -2.52475 0.748048 -2.305 -2.12755 -2.27838 -1.84147 -2.18773 -1.26685
internal_weight=0 4180.49 368.707 397.162 148.573 3783.33 403.943 248.59 73.7414 174.848 91.6621 20.9479 34.7517 122.176 40.3216 26.8811 38.9897 382.995 356.598 14.6514 3379.39 22.0377 1213.28 15.8623 567.167 370.886 341.947 83.1861 358.536 34.0252
internal_count=37570 34525 3045 3280 1227 31245 3336 2053 609 1444 757 173 287 1009 333 222 322 3163 2945 121 27909 182 10020 131 4684 3063 2824 687 2961 281
is_linear=0
shrinkage=1


Tree=56
num_leaves=31
num_cat=0
split_feature=10 9 34 8 34 20 35 40 40 35 20 9 9 14 40 20 20 6 35 0 35 49 49 38 38 10 6 6 34 34
split_gain=8349.43 5231.01 3660.9 773.506 617.277 236.795 180.812 695.832 327.029 677.165 175.487 169.749 175.656 148.088 135.618 92.67 83.349 70.1487 83.4021 70.0421 81.9353 68.9656 95.1787 79.8689 67.4637 67.8663 64.8637 65.6727 60.8779 54.4597
threshold=1.5544313764064441 1.20733357875903 0.032884218846469505 -0.45218975719495608 0.020791928420009497 1.0000000180025095e-35 3.9847152137021884 0.43500000000000005 0.13500000000000004 0.027259844748239753 1.5756240812339708 1.3528464379280607 1.293112571040208 -1.0994183075655302 0.53500000000000014 3.0730131251041346 1.0422042645942826 -0.76391761237567224 4.0254942128589333 -0.59444722031790043 4.9898633473224816 14.500000000000002 13.500000000000002 310.50000000000006 76.500000000000014 -0.75160221285459516 -1.1960081763610477 -0.78140398427176605 0.9923542597680266 0.012217423206805253
decision_type=2 2 2 2 2 2 2 2 2 2 2 2 2 2 2 2 2 2 2 2 2 2 2 2 2 2 2 2 2 2
left_child=1 5 -2 4 11 17 8 -8 9 -5 13 12 -3 14 26 -4 -14 18 -1 20 -9 22 23 -6 -15 -26 -7 -28 -16 -20
right_child=2 3 15 6 21 10 7 19 -10 -11 -12 -13 16 24 28 -17 -18 -19 29 -21 -22 -23 -24 -25 25 -27 27 -29 -30 -31
leaf_value=-2.3505523876316059 4.9310107924752913 4.0966947612967939 -2.1436635014736711 -1.4715124348397219 -1.7237694710899403 2.2444830061360999 4.6518462110871948 -2.5585409437420217 -1.7153395136991145 3.7834571807297963 3.1056074230014672 4.5105839871626152 -2.547953003720246 -2.6411268759118718 4.5842636152035201 0.32080642109869606 3.7855602093055505 -2.7740302868050817 3.1138086079239957 -1.7665694665509066 5.0023435359459718 -2.2016017453808052 3.8847199906415626 1.8804529103874184 3.0347790077614589 -2.035383652686606 -1.8188756774635104 1.0431233203319943 -0.83035384463219686 -1.5351935233764886
leaf_weight=262.5144510269165 249.92150688171387 13.440546154975893 102.68092918395996 56.668248653411865 16.830954194068912 4.6012680530548087 34.630596399307251 2.4217200279235831 106.67676723003387 43.227702498435974 6.4175580739974967 95.29468309879303 9.4447081089019758 342.06795394420624 5.6910420656204206 17.920728206634521 2.6638920307159415 2684.3555649518967 4.6012680530548078 39.837294459342957 3.5114940404891968 14.288148164749144 6.4175580739974967 9.6868801116943342 2.6638920307159415 294.84441339969635 99.77486515045166 8.7181921005249006 3.2693220376968384 5.5699560642242432
leaf_count=2168 2064 111 848 468 139 38 286 20 881 357 53 787 78 2825 47 148 22 22169 38 329 29 118 53 80 22 2435 824 72 27 46
internal_value=-1.80739 -2.20547 2.74747 0.995203 2.69887 -2.59645 -0.00255861 1.26976 -0.497765 0.802456 -2.10173 3.8969 1.60794 -2.14561 -1.13623 -1.77746 -1.15458 -2.72494 -2.24169 -1.28916 1.91627 -0.366837 0.429127 -0.407159 -2.33824 -1.98999 -1.43293 -1.58889 2.60866 0.567926
internal_weight=0 4180.13 370.523 455.041 168.067 3725.09 286.974 80.4011 206.573 99.896 768.049 120.844 25.5491 761.631 122.055 120.602 12.1086 2957.04 272.686 45.7705 5.93321 47.2235 32.9354 26.5178 639.576 297.508 113.094 108.493 8.96036 10.1712
internal_count=37582 34522 3060 3758 1388 30764 2370 664 1706 825 6343 998 211 6290 1008 996 100 24421 2252 378 49 390 272 219 5282 2457 934 896 74 84
is_linear=0
shrinkage=1


Tree=57
num_leaves=31
num_cat=0
split_feature=10 36 46 8 34 35 40 35 35 14 35 34 0 20 49 35 6 6 10 49 38 20 34 38 3 35 35 14 14 38
split_gain=8325.23 6396.88 3622.95 894.834 743.293 265.594 618.203 429.79 550.223 235.839 256.606 129.441 110.45 105.55 96.7921 115.963 86.5236 79.6913 85.8923 76.9756 74.3238 71.3855 58.0497 54.8504 38.7216 38.5823 50.2162 29.9837 27.6688 27.5741
threshold=1.5544313764064441 3.5000000000000004 10.500000000000002 -0.45218975719495608 0.97420999951194476 3.0240803418597677 0.48000000000000004 1.9936924257986131 0.97884450118364696 -1.0994183075655302 4.0254942128589333 0.012217423206805253 -0.59796545711328319 2.8324536785943715 14.500000000000002 3.9911774189483711 -0.78140398427176605 -1.1960081763610477 -1.0000000180025095e-35 11.500000000000002 310.50000000000006 -0.045099109276372951 1.0078330176642523 76.500000000000014 0.9950520853956728 3.0010643871955618 4.986826519457872 0.085535989164709295 0.085535989164709295 60.500000000000007
decision_type=2 2 2 2 2 2 2 2 2 2 2 2 2 2 2 2 2 2 2 2 2 2 2 2 2 2 2 2 2 2
left_child=1 3 -2 4 -1 7 22 8 28 10 16 -12 -8 -4 15 20 17 18 -3 29 -6 -11 -7 -23 -20 -15 -27 -9 -5 -10
right_child=2 9 13 5 14 6 12 27 19 21 11 -13 -14 25 -16 -17 -18 -19 24 -21 -22 23 -24 -25 -26 26 -28 -29 -30 -31
leaf_value=4.9008632414434317 4.9543439176552706 -2.3919202033993416 -2.212295575949172 -0.3326301683948798 -1.4967218158439499 4.9694844117404635 5.2871226123937323 -1.154580096854571 2.4556049379988738 -2.7793837071174412 3.9106904095628967 -1.1132871307696459 -1.7343534020469595 -0.72571279997254279 -2.3018549383492446 5.1035983186829554 -0.07113132005487155 -2.2851688734162314 -0.61187254259555579 -1.4699082015030893 2.2948786931962677 -2.6813382080623689 -0.080962978646520245 -2.1333025208234537 4.2283286102161668 4.3432833875954469 -0.98940823251487109 -2.3551576779505998 -1.9084833588407268 4.4700179831514006
leaf_weight=108.73522925376892 246.41001284122467 6.9019020795822144 97.474231123924255 20.463534235954285 13.561632156372076 37.77883243560791 2.4217200279235831 36.32580041885376 8.4760200977325422 2623.8125642538071 10.89774012565613 9.6868801116943342 29.908242344856262 13.80380415916443 13.440546154975889 5.4488700628280631 20.342448234558105 348.24334001541138 2.5428060293197614 2.6638920307159415 8.354934096336363 392.9240745306015 2.4217200279235831 341.22035193443298 4.7223540544509888 4.2380100488662711 3.02715003490448 48.676572561264038 24.459372282028198 34.267338395118713
leaf_count=898 2035 57 805 169 112 312 20 300 70 21669 90 80 247 114 111 45 168 2876 21 22 69 3245 20 2818 39 35 25 402 202 283
internal_value=-1.80739 -2.21234 2.76899 1.60322 3.5351 0.43767 2.04711 -0.228112 1.29067 -2.61548 -1.89297 1.54647 -1.2084 -1.77359 -0.104244 0.975114 -2.07794 -2.19059 0.134325 3.74552 -0.051305 -2.70226 4.66524 -2.42662 2.53426 0.256026 2.12133 -1.84209 -1.19064 4.07056
internal_weight=0 4158.7 364.953 397.404 149.541 247.863 72.5305 175.333 90.3302 3761.29 403.337 20.5846 32.33 118.543 40.806 27.3654 382.753 362.41 14.1671 45.4073 21.9166 3357.96 40.2006 734.144 7.26516 21.069 7.26516 85.0024 44.9229 42.7434
internal_count=37359 34345 3014 3282 1235 2047 599 1448 746 31063 3331 170 267 979 337 226 3161 2993 117 375 181 27732 332 6063 60 174 60 702 371 353
is_linear=0
shrinkage=1


Tree=58
num_leaves=31
num_cat=0
split_feature=10 36 46 8 34 35 40 35 35 14 35 20 34 49 35 6 49 38 34 38 20 6 10 32 35 35 9 46 9 14
split_gain=8375.64 6443.81 3654.38 927.342 765.232 253.842 573.537 396.986 611.226 238.782 248.488 135.727 119.658 104.26 106.915 95.1443 76.6901 68.0818 67.976 63.4277 71.0529 63.1166 60.2555 53.7956 46.662 68.725 37.6899 35.2606 30.6253 29.7741
threshold=1.5544313764064441 3.5000000000000004 10.500000000000002 -0.45218975719495608 0.98580696428932202 3.0240803418597677 0.48000000000000004 1.9936924257986131 0.027259844748239753 -1.0994183075655302 4.9842702640393926 2.8324536785943715 0.012217423206805253 14.500000000000002 3.0240803418597677 -0.78140398427176605 11.500000000000002 310.50000000000006 1.008484852442292 76.500000000000014 1.0000000180025095e-35 -1.1960081763610477 -1.0000000180025095e-35 2.0327545989940963 3.0010643871955618 4.986826519457872 0.37788823067859451 1.5000000000000002 0.66093058173576491 0.085535989164709295
decision_type=2 2 2 2 2 2 2 2 2 2 2 2 2 2 2 2 2 2 2 2 2 2 2 2 2 2 2 2 2 2
left_child=1 3 -2 4 -1 7 18 8 29 10 15 -4 -12 14 17 21 -10 -6 -7 -11 -21 22 -3 27 -13 -26 -24 -8 -23 -5
right_child=2 9 11 5 13 6 23 -9 16 19 12 24 -14 -15 -16 -17 -18 -19 -20 20 -22 28 26 -25 25 -27 -28 -29 -30 -31
leaf_value=4.8706484909363343 4.934841369982351 -2.234096210217611 -2.2389343897189691 -0.50838139952556882 -1.5185699460476139 4.9802154320328036 0.85568234962128953 -1.8277878704606956 4.0426770591494172 -2.8299673676226513 3.7443084949349941 -0.61187254259555668 -1.0897658209744354 -2.5782042609253195 5.085693509540441 0.068502358716091782 -1.0656414006716555 2.0048612056432824 -0.49389263949577056 -2.6604909687032499 -2.1230967458729388 -2.4323783909712171 -0.40845891656144251 2.1622495032642717 4.8636050115227079 -0.97801706945696065 4.1859768501290642 -2.0774991738867095 -1.7251280306865229 -2.1184703662172337
leaf_weight=112.85215330123901 249.80042088031769 6.7808160781860352 99.653779149055481 20.705706238746643 13.077288150787359 35.841456413269043 4.9645260572433498 83.064996957778931 44.196390509605408 1809.1459468603134 11.018826127052309 14.409234166145326 9.565794110298155 12.714030146598814 4.9645260572433463 19.737018227577209 3.1482360363006583 9.4447081089019758 2.4217200279235831 1247.6701583862305 306.46866953372955 267.11571907997131 3.511494040489195 4.4801820516586295 4.722354054450987 3.5114940404891968 3.632580041885376 23.490684270858765 79.432416915893555 25.791318297386169
leaf_count=932 2063 56 823 171 108 296 41 686 365 14941 91 119 79 105 41 163 26 78 20 10304 2531 2206 29 37 39 29 30 194 656 213
internal_value=-1.80739 -2.20969 2.74209 1.6003 3.53609 0.406129 2.00054 -0.235564 1.17381 -2.61574 -1.88613 -1.73677 1.49789 -0.210314 0.884965 -2.06934 3.70299 -0.041002 4.63375 -2.70269 -2.55452 -2.18639 -0.0989164 -1.05863 0.47329 2.37233 1.92769 -1.56575 -2.27027 -1.40148
internal_weight=0 4165.24 372.097 401.158 153.053 248.105 71.1986 176.907 93.8417 3764.08 400.795 122.297 20.5846 40.2006 27.4865 380.21 47.3446 22.522 38.2632 3363.28 1554.14 360.473 13.9249 32.9354 22.6431 8.23385 7.14407 28.4552 346.548 46.497
internal_count=37472 34399 3073 3313 1264 2049 588 1461 775 31086 3310 1010 170 332 227 3140 391 186 316 27776 12835 2977 115 272 187 68 59 235 2862 384
is_linear=0
shrinkage=1


Tree=59
num_leaves=31
num_cat=0
split_feature=10 36 46 2 46 35 35 48 35 6 35 0 20 46 49 35 38 6 20 6 10 38 25 2 35 35 9 2 6 6
split_gain=8331.24 6496.17 3653.58 801.742 751.652 233.659 567.068 420.697 610.651 225.55 232.68 133.487 129.749 118.212 112.685 126.309 88.8596 81.1592 70.5811 60.8636 90.7046 59.966 52.9418 100.993 46.9724 52.3956 39.2977 36.2199 35.5206 35.3594
threshold=1.5544313764064441 3.5000000000000004 10.500000000000002 -0.5664734721152126 7.0000000000000009 3.0240803418597677 4.9796911294148956 20.500000000000004 0.027259844748239753 -0.76391761237567224 4.9842702640393926 -0.59796545711328319 3.0730131251041346 7.0000000000000009 14.500000000000002 3.9911774189483711 310.50000000000006 -0.78140398427176605 1.0000000180025095e-35 -1.1960081763610477 -1.0000000180025095e-35 76.500000000000014 2.5367291792547957 -0.78888807744659928 3.0021222172513524 4.986826519457872 1.438366478306347 -0.89377259550747501 -0.47013240481795476 0.024927362656483622
decision_type=2 2 2 2 2 2 2 2 2 2 2 2 2 2 2 2 2 2 2 2 2 2 2 2 2 2 2 2 2 2
left_child=1 3 -2 4 22 7 -7 8 -5 10 17 -8 -4 -12 15 16 -6 19 -11 20 -3 -20 -1 -24 -14 -26 -23 -15 -13 -18
right_child=2 9 12 5 14 6 11 -9 -10 18 13 28 24 27 -16 -17 29 -19 21 -21 -22 26 23 -25 25 -27 -28 -29 -30 -31
leaf_value=4.925871876292323 4.9519327654451981 -2.6915182921511023 -2.1688204441583032 -1.324264853662569 -1.5840269441377912 4.709021087204782 5.2871226123937323 -1.8578118223008699 3.918171019360893 -2.770933259236525 3.5815435784511762 1.3002155421251067 -0.59932148907430283 1.6964299093567732 -2.4815540578209752 5.1150685870398789 4.1073235813958764 -0.20322706817171721 -2.6859192459022991 -2.2775431662346479 2.3476233317719521 -2.1592056750194959 4.6809873304131813 -0.21860619892960376 4.6518462110871948 -0.81705498276909716 -0.39539565617393091 -2.6476042039251935 -2.0879931906812481 0.3319666822027294
leaf_weight=99.653779149055481 247.62087285518646 7.1440740823745728 103.40744519233704 44.317476511001587 15.135750174522405 36.32580041885376 3.0271500349044791 79.916760921478271 44.559648513793945 2707.7251632213593 11.139912128448488 3.5114940404891994 11.382084131240847 2.7849780321121216 14.288148164749144 5.8121280670166007 5.0856120586395246 21.674394249916077 357.20370411872864 350.18071603775024 7.144074082374571 294.23898339271545 13.198374152183534 6.1753860712051383 4.7223540544509879 2.7849780321121216 13.198374152183531 6.1753860712051374 26.033490300178528 4.843440055847168
leaf_count=823 2045 59 854 366 125 300 25 660 368 22362 92 29 94 23 118 48 42 179 2950 2892 59 2430 109 51 39 23 109 51 215 40
internal_value=-1.80739 -2.20792 2.74331 1.61442 3.31383 0.440511 1.99239 -0.192934 1.3041 -2.61446 -1.91053 -1.0373 -1.72859 1.40658 -0.159564 0.914926 -0.0590199 -2.0832 -2.69926 -2.195 -0.171947 -2.40726 4.63181 3.11924 0.681369 2.62306 -2.08348 -1.29743 -1.6853 2.26569
internal_weight=0 4180.49 369.918 401.884 164.193 237.692 68.8979 168.794 88.8771 3778.61 406.244 32.5721 122.297 20.1003 45.1651 30.8769 25.0648 386.143 3372.37 364.469 14.2881 664.641 119.028 19.3738 18.8894 7.50733 307.437 8.96036 29.545 9.92905
internal_count=37580 34525 3055 3319 1356 1963 569 1394 734 31206 3355 269 1010 166 373 255 207 3189 27851 3010 118 5489 983 160 156 62 2539 74 244 82
is_linear=0
shrinkage=1


Tree=60
num_leaves=31
num_cat=0
split_feature=10 36 46 8 34 35 35 40 35 14 35 34 0 36 49 35 6 20 6 14 10 35 34 34 14 14 3 49 40 25
split_gain=8516 6666.49 3579.04 986.007 640.13 267.11 593.393 386.028 606.114 218.168 253.484 124.987 116.49 113.252 98.7286 120.113 97.6007 69.1391 69.021 68.0074 81.4769 57.8762 50.2251 39.8263 39.0843 38.4614 37.3046 34.0962 46.083 33.3222
threshold=1.5544313764064441 3.5000000000000004 10.500000000000002 -0.45218975719495608 0.97420999951194476 3.0240803418597677 4.0254942128589333 0.20500000000000004 0.97884450118364696 -1.0994183075655302 4.9842702640393926 0.012217423206805253 -0.59796545711328319 3.5000000000000004 14.500000000000002 3.0240803418597677 -0.78140398427176605 -0.041489184732071804 -0.11994562633178535 -2.5349083810324538 -1.0000000180025095e-35 0.014759048528931765 1.0046761192931986 1.0144189986074055 -0.31589968439539967 0.085535989164709295 0.9950520853956728 14.500000000000002 0.41500000000000004 -0.50584305416047626
decision_type=2 2 2 2 2 2 2 2 2 2 2 2 2 2 2 2 2 2 2 2 2 2 2 2 2 2 2 2 2 2
left_child=1 3 -2 4 -1 7 22 8 -5 10 16 -12 -8 21 15 18 19 -11 -6 20 -3 -4 -7 -10 -14 -9 -22 28 -23 -21
right_child=2 9 13 5 14 6 12 25 23 17 11 -13 24 -15 -16 -17 -18 -19 -20 29 26 27 -24 -25 -26 -27 -28 -29 -30 -31
leaf_value=4.9036242232680802 4.9292634936991497 -2.4386581389793363 -2.4083847034332031 -1.3508326883549673 2.5753457351747744 5.0368622118790363 5.2871226123937323 -0.96774634866704135 4.0902250447147459 -2.780310001056761 4.0090069954793854 -1.0100547155573332 1.1578260039012283 -2.147620672969897 -2.1372692695422817 5.2871226123937323 -0.031971323969490539 -2.434655301576405 -1.0603911824790395 -2.7359748294756718 -0.71912699995899754 0.82748227522183049 0.33196668220272985 -0.080962978646520245 -2.0796976281093231 -2.3189397825085063 3.9831342097118889 -0.58565478635115942 5.2871226123937305 -2.0858061026039358
leaf_weight=112.12563729286194 251.4956248998642 7.5073320865631104 5.3277840614318874 45.043992519378662 8.1127620935440081 35.962542414665222 2.6638920307159415 36.931230425834656 41.774670481681824 2636.5265944004059 10.171224117279055 9.6868801116943342 4.3590960502624538 99.532693147659302 11.987514138221739 5.9332140684127799 21.432222247123718 741.40958654880524 14.651406168937685 123.14446341991425 2.6638920307159406 6.0543000698089582 2.4217200279235831 2.4217200279235831 25.791318297386169 49.039830565452576 4.6012680530548096 5.4488700628280631 3.7536660432815552 219.04457652568817
leaf_count=926 2077 62 44 372 67 297 22 305 345 21774 84 80 36 822 99 49 177 6123 121 1017 22 50 20 20 213 405 38 45 31 1809
internal_value=-1.80739 -2.21107 2.78452 1.67508 3.67074 0.437482 2.07077 -0.226216 1.23066 -2.62191 -1.92188 1.56068 -1.05158 -1.70604 0.272977 1.27979 -2.10465 -2.70444 0.235324 -2.22909 -0.128348 0.429127 4.74002 3.86167 -1.61162 -1.7385 2.25897 1.42 2.53426 -2.31978
internal_weight=0 4175.41 371.613 399.221 152.811 246.41 71.1986 175.211 89.2404 3776.19 398.252 19.8581 32.8143 120.117 40.6849 28.6974 378.394 3377.94 22.7642 356.962 14.7725 20.5846 38.3843 44.1964 30.1504 85.9711 7.26516 15.2568 9.80797 342.189
internal_count=37552 34483 3069 3297 1262 2035 588 1447 737 31186 3289 164 271 992 336 237 3125 27897 188 2948 122 170 317 365 249 710 60 126 81 2826
is_linear=0
shrinkage=1


Tree=61
num_leaves=31
num_cat=0
split_feature=1 36 46 8 34 35 35 40 35 14 35 9 34 0 6 49 35 38 20 14 7 34 35 35 38 33 6 14 22 20
split_gain=8406.02 6347.14 3510.29 913.797 772.608 258.523 594.082 328.623 613.694 212.851 215.589 131.15 121.744 105.855 97.2165 90.9377 99.5406 86.1743 68.8722 68.1845 72.0844 54.3463 48.262 53.2191 47.9055 45.1475 44.2392 37.832 33.543 31.8765
threshold=1.5367684771616057 3.5000000000000004 10.500000000000002 -0.45218975719495608 0.97420999951194476 3.0240803418597677 4.0254942128589333 0.20500000000000004 0.027259844748239753 -1.0994183075655302 4.0254942128589333 1.20733357875903 0.012217423206805253 -0.59796545711328319 -0.78140398427176605 14.500000000000002 3.0240803418597677 236.50000000000003 -0.041489184732071804 -2.5349083810324538 -1.2091408542776307 1.0051325855622082 3.0021222172513524 4.986826519457872 76.500000000000014 -0.096747904038029561 -0.47013240481795476 0.085535989164709295 -0.59203641594196876 1.0422042645942826
decision_type=2 2 2 2 2 2 2 2 2 2 2 2 2 2 2 2 2 2 2 2 2 2 2 2 2 2 2 2 2 2
left_child=1 3 28 4 -1 7 21 8 -5 10 14 -4 -12 -8 19 16 17 -6 -11 20 -3 -7 -13 -24 -20 -22 -15 -9 -2 -21
right_child=2 9 11 5 15 6 13 27 -10 18 12 22 -14 26 -16 -17 -18 -19 24 29 25 -23 23 -25 -26 -27 -28 -29 -30 -31
leaf_value=4.9051171992732812 4.9246892808791056 -2.7837753042052489 -2.1892914192187685 -1.4541437668249981 -1.7130183048602237 4.9567788837143336 5.2871226123937323 -0.8998234925340165 3.8090221218538027 -2.7719184275581989 3.7764043409940347 -0.59187594884983019 -1.255399286776206 1.7083988850335605 -0.015269623511412256 -2.2470326031013594 5.0753638119582209 2.1545527714683863 -2.6611110061527889 -2.363420334769299 -0.98940823251487109 0.17466014473634894 4.4814062009805617 -0.90682230034502109 -2.1479895674764964 3.9831342097118916 -2.0019835747712933 -2.2542230547290507 2.587197906840943 -0.89056522708323926
leaf_weight=109.94608926773071 245.56241083145142 5.3277840614318848 98.442919135093689 46.133766531944275 12.714030146598821 36.32580041885376 2.4217200279235831 35.720370411872864 42.622272491455078 2650.9358285665512 9.9290521144866961 14.288148164749147 9.3236221075057966 3.6325800418853786 21.311136245727539 13.803804159164427 4.7223540544509879 10.534482121467589 396.31448256969452 330.56478381156921 3.02715003490448 2.5428060293197623 4.9645260572433463 2.9060640335083008 336.37691187858582 4.6012680530548078 27.849780321121216 48.797658562660217 6.2964720726013175 15.377922177314757
leaf_count=908 2028 44 813 381 105 300 20 295 352 21893 82 118 77 30 176 114 39 87 3273 2730 25 21 41 24 2778 38 230 403 52 127
internal_value=-1.80739 -2.21588 2.74189 1.58395 3.51413 0.393744 1.97544 -0.270547 1.07332 -2.61541 -1.92507 -1.69454 1.33962 -1.08379 -2.09038 -0.146792 0.88969 0.0394748 -2.69691 -2.2136 0.0386708 4.64393 0.503457 2.49191 -2.42554 2.0099 -1.57386 -1.6818 4.86625 -2.29795
internal_weight=0 4180.86 372.461 397.768 151.721 246.047 72.7727 173.274 88.756 3783.09 399.463 120.602 19.2527 33.9041 380.21 41.7747 27.9709 23.2485 3383.63 358.899 12.9562 38.8686 22.1587 7.87059 732.691 7.62842 31.4824 84.518 251.859 345.943
internal_count=37604 34528 3076 3285 1253 2032 601 1431 733 31243 3299 996 159 280 3140 345 231 192 27944 2964 107 321 183 65 6051 63 260 698 2080 2857
is_linear=0
shrinkage=1


Tree=62
num_leaves=31
num_cat=0
split_feature=10 36 46 8 34 35 35 35 35 14 35 34 20 6 49 35 38 6 10 20 6 38 34 35 35 34 9 32 9 14
split_gain=8538.19 6433.74 3597.97 957.771 782.996 256.413 584.777 403.923 615.892 227.917 298.822 139.706 124.389 84.091 82.3287 94.4619 67.6213 63.5081 72.9034 62.2627 60.5573 48.7968 46.5434 39.6935 65.1945 39.5943 38.1275 32.6972 31.9616 30.8984
threshold=1.5544313764064441 3.5000000000000004 10.500000000000002 -0.45218975719495608 0.98269224015695433 3.0240803418597677 4.0254942128589333 1.97907636654295 0.027259844748239753 -1.0994183075655302 4.9842702640393926 0.012217423206805253 2.8324536785943715 -0.78140398427176605 14.500000000000002 3.0240803418597677 236.50000000000003 -1.1960081763610477 -1.0000000180025095e-35 -0.025402199462720505 -0.634188059203173 76.500000000000014 1.0144189986074055 3.0010643871955618 4.9997658460721155 1.0046761192931986 0.37788823067859451 1.9629520456504643 0.65770646404093003 0.085535989164709295
decision_type=2 2 2 2 2 2 2 2 2 2 2 2 2 2 2 2 2 2 2 2 2 2 2 2 2 2 2 2 2 2
left_child=1 3 -2 4 -1 7 25 8 -5 10 13 -12 -4 17 15 16 -6 18 -3 -11 -8 -21 -10 -14 -25 -7 -20 -22 -19 -9
right_child=2 9 12 5 14 6 20 29 22 19 11 -13 23 -15 -16 -17 -18 28 26 21 27 -23 -24 24 -26 -27 -28 -29 -30 -31
leaf_value=4.9069090060443159 4.9410254978091022 -2.4019124516957544 -2.2197532668856543 -1.3799708700681199 -1.6631786098213703 4.923184606221513 3.063655207820847 -1.1331790911760051 4.0095501810369374 -2.7707162450094991 4.3486461104636174 -0.98940823251487087 -0.54247259959568273 -0.062783685401584632 -2.3540056911718326 5.0511628061941618 1.8989818054255259 -2.4624312802692891 -0.43036499936511619 -2.6814178415426291 -1.9586242666591487 -2.1547536370075151 -0.49389263949577056 4.4612632906952321 -1.7916715735934141 0.74489634305198038 4.2547984602706066 1.1578260039012305 -1.746160038273022 -2.3520761133173966
leaf_weight=113.09432530403137 251.37453889846802 7.0229880809783936 97.110973119735718 46.497024536132812 12.229686141014104 35.720370411872864 3.1482360363006583 36.446886420249939 43.83313250541687 2674.9108568429947 10.655568122863771 9.0814501047134382 14.409234166145326 19.252674221992493 12.956202149391173 4.2380100488662711 9.4447081089019758 263.24096703529358 3.1482360363006574 379.24135637283325 25.670232295989994 328.14306378364563 2.4217200279235831 4.8434400558471671 2.5428060293197632 2.4217200279235831 3.8747520446777344 3.8747520446777335 81.61196494102478 48.43440055847168
leaf_count=934 2076 58 802 384 101 295 26 301 362 22091 88 75 119 159 107 35 78 2174 26 3132 212 2710 20 40 21 20 32 32 674 400
internal_value=-1.80739 -2.21297 2.79712 1.5986 3.57618 0.389117 1.9978 -0.252384 1.19017 -2.61673 -1.90082 1.89249 -1.7352 -2.0988 -0.295789 0.733319 -0.110952 -2.20802 -0.12368 -2.70094 -1.10564 -2.43711 3.77377 0.423729 2.30861 4.6579 2.15455 -1.54991 -2.29292 -1.8287
internal_weight=0 4180.62 370.281 400.431 151.963 248.468 70.8353 177.633 92.7519 3780.18 397.889 19.737 118.906 378.152 38.8686 25.9124 21.6744 358.899 14.046 3382.3 32.6932 707.384 46.2549 21.7955 7.38625 38.1421 7.02299 29.545 344.853 84.8813
internal_count=37584 34526 3058 3307 1255 2052 585 1467 766 31219 3286 163 982 3123 321 214 179 2964 116 27933 270 5842 382 180 61 315 58 244 2848 701
is_linear=0
shrinkage=1


Tree=63
num_leaves=31
num_cat=0
split_feature=10 36 46 8 34 35 35 40 35 14 35 34 20 49 35 0 6 20 6 34 35 35 14 10 14 34 6 35 35 9
split_gain=8323.65 6485.38 3635.57 946.692 682.331 267.366 619.472 354.223 616.299 232.008 256.141 138.908 115.193 111.959 108.65 89.8749 86.3488 64.9337 58.2668 56.9893 52.8625 68.8083 51.0417 71.3728 41.2023 39.0739 38.573 34.6875 65.6463 26.9752
threshold=1.5544313764064441 3.5000000000000004 10.500000000000002 -0.45218975719495608 0.9834324072677334 3.9809838485361291 4.9796911294148956 0.20500000000000004 0.027259844748239753 -1.0994183075655302 4.0254942128589333 0.012217423206805253 2.6188224275493743 14.500000000000002 3.0240803418597677 -0.59444722031790043 -0.78140398427176605 1.0000000180025095e-35 -0.11994562633178535 1.0078330176642523 3.0010643871955618 4.986826519457872 -2.5349083810324538 -1.0000000180025095e-35 0.085535989164709295 1.013012569934941 -0.47013240481795476 1.9948797934495948 0.98439598487187729 0.33186096828765227
decision_type=2 2 2 2 2 2 2 2 2 2 2 2 2 2 2 2 2 2 2 2 2 2 2 2 2 2 2 2 2 2
left_child=1 3 -2 4 -1 7 19 8 -5 10 16 -12 -4 14 18 -8 22 -11 -6 -7 -14 -22 23 -3 -9 -10 -17 28 -20 -18
right_child=2 9 12 5 13 6 15 24 25 17 11 -13 20 -15 -16 26 29 -19 27 -21 21 -23 -24 -25 -26 -27 -28 -29 -30 -31
leaf_value=4.8723897652525654 4.9590470603702972 -2.3054550225763522 -2.2003980192216646 -1.4339665482376807 2.372325006399024 4.9212355711349041 4.5005899250618278 -0.91997292648671658 4.0519664421115174 -2.7660145449101265 4.0024525564182856 -1.255399286776206 -0.90682230034502098 -2.234096210217611 5.1150685870398789 1.1578260039012278 -1.0090326124364197 -2.4168789433046878 -2.3361942032847329 -0.080962978646520245 4.6828353038338566 -1.0444655206281044 -2.2638407908651237 2.3622041813782109 -2.3107831472324714 -0.080962978646520245 -2.1341938729153727 -2.3458196033045291 4.2547984602706048 1.3427198818934323
leaf_weight=110.91477727890015 246.89435684680939 7.5073320865631104 98.564005136489868 45.528336524963379 8.2338480949401873 38.263176441192627 2.5428060293197623 38.021004438400269 41.290326476097107 2701.3076051473618 10.89774012565613 9.3236221075057966 13.561632156372072 13.561632156372069 5.8121280670166007 4.1169240474700954 12.229686141014101 663.55128765106201 3.148236036300661 2.4217200279235831 4.9645260572433454 3.632580041885376 343.39989995956421 5.8121280670165998 48.43440055847168 2.4217200279235831 26.275662302970886 7.9916760921478271 2.9060640335083008 8.1127620935440046
leaf_count=916 2039 62 814 376 68 316 21 314 341 22309 90 77 112 112 48 34 101 5480 26 20 41 30 2836 48 400 20 217 66 24 67
internal_value=-1.80739 -2.20394 2.76004 1.61442 3.57641 0.413791 2.01357 -0.256551 1.14102 -2.61184 -1.88912 1.57817 -1.73724 0.125502 1.26462 -1.21045 -2.07507 -2.69716 0.260153 4.62349 0.322941 2.26285 -2.18934 -0.268658 -1.69914 3.823 -1.68826 -0.978017 0.827482 -0.0711313
internal_weight=0 4164.03 367.617 401.884 152.568 249.316 73.6203 175.696 89.2404 3762.14 397.283 20.2214 120.723 41.6536 28.092 32.9354 377.062 3364.86 22.2798 40.6849 22.1587 8.59711 356.719 13.3195 86.4554 43.712 30.3926 14.046 6.0543 20.3424
internal_count=37425 34389 3036 3319 1260 2059 608 1451 737 31070 3281 167 997 344 232 272 3114 27789 184 336 183 71 2946 110 714 361 251 116 50 168
is_linear=0
shrinkage=1


Tree=64
num_leaves=31
num_cat=0
split_feature=10 36 46 8 46 35 40 35 35 14 35 0 46 20 6 46 20 14 6 20 35 35 14 6 20 35 35 9 25 35
split_gain=8316.97 6535.28 3561.14 946.954 704.282 262.68 554.588 385.931 633.533 207.081 258.88 134.902 131.622 128.311 98.235 85.87 73.1074 72.3568 68.1043 60.5333 55.3636 56.9714 45.5176 39.8306 39.5091 33.7716 84.0153 25.8468 25.2839 23.0754
threshold=1.5544313764064441 3.5000000000000004 10.500000000000002 -0.45218975719495608 7.0000000000000009 3.0160395766815906 0.48000000000000004 1.985961534053353 0.027259844748239753 -1.0994183075655302 4.0254942128589333 -0.59796545711328319 7.0000000000000009 2.8324536785943715 -0.78140398427176605 17.000000000000004 1.0000000180025095e-35 -2.5349083810324538 -0.1134011050109371 0.46380952562290595 3.0010643871955618 4.986826519457872 -0.31589968439539967 -0.11994562633178535 0.62654207351814561 3.0240803418597677 4.9796911294148956 1.438366478306347 -0.51780936920952192 0.027259844748239753
decision_type=2 2 2 2 2 2 2 2 2 2 2 2 2 2 2 2 2 2 2 2 2 2 2 2 2 2 2 2 2 2
left_child=1 3 -2 4 -1 7 -7 8 -5 10 14 -8 -12 -4 17 18 -11 19 29 -3 -15 -22 -13 -9 -16 -20 -27 -18 -19 -6
right_child=2 9 13 5 15 6 11 23 -10 16 12 22 -14 20 24 -17 27 28 25 -21 21 -23 -24 -25 -26 26 -28 -29 -30 -31
leaf_value=4.9002821893759165 4.9409784193741437 -1.1678697870887995 -2.193709657266786 -1.3873414708984961 0.26015282814198804 4.6140084316990304 5.2871226123937323 -0.98595516218024293 3.8479575745813324 -2.7756905623225396 3.850845531178948 1.2637054041189848 -1.2974314389862034 -0.78329633342430505 -0.50536290785269444 -2.6454735039208113 -2.4420933903461108 -2.705867606658086 -1.1603756008664905 3.7577534981372502 4.5188813829067573 -0.69323799300920186 -2.1144467801871678 -2.3904640466124274 3.7140572377299228 5.2871226123937323 -2.0185560026314637 -1.319751961194271 -2.1385223616764755 3.5665823588551899
leaf_weight=111.1569492816925 245.56241083145142 10.534482121467589 97.716403126716614 47.344626545906067 2.7849780321121242 38.626434445381165 3.1482360363006583 34.75168240070343 45.165078520774841 2707.1197332143784 11.139912128448488 4.7223540544509914 8.960364103317259 14.167062163352968 17.436384201049808 9.2025361061096174 647.9311934709549 120.4805713891983 13.80380415916443 3.2693220376968375 5.2066980600357038 3.5114940404891968 25.67023229598999 48.192228555679321 2.5428060293197623 3.1482360363006583 3.1482360363006592 21.19005024433136 225.70430660247803 8.7181921005249006
leaf_count=918 2028 87 807 391 23 319 26 287 373 22357 92 39 74 117 144 76 5351 995 114 27 43 29 212 398 21 26 26 175 1864 72
internal_value=-1.80739 -2.21499 2.75547 1.63082 3.59592 0.424851 2.0308 -0.235705 1.16864 -2.62192 -1.94165 -0.94409 1.55583 -1.69454 -2.12666 0.0427934 -2.70253 -2.24645 0.825584 -0.0012748 0.436838 2.41956 -1.58955 -1.80201 0.0316542 -0.28494 1.63428 -2.40655 -2.33597 2.76608
internal_weight=0 4175.89 366.164 399.584 151.963 247.621 72.1673 175.454 92.5097 3776.31 400.068 33.5408 20.1003 120.602 379.968 40.806 3376.24 359.989 31.6034 13.8038 22.8853 8.71819 30.3926 82.9439 19.9792 20.1003 6.29647 669.121 346.185 11.5032
internal_count=37511 34487 3024 3300 1255 2045 596 1449 764 31187 3304 277 166 996 3138 337 27883 2973 261 114 189 72 251 685 165 166 52 5526 2859 95
is_linear=0
shrinkage=1


Tree=65
num_leaves=31
num_cat=0
split_feature=22 36 46 8 34 35 35 35 35 14 35 9 34 49 0 35 6 14 22 38 20 34 49 38 35 6 4 40 35 35
split_gain=7999.72 6372.65 3383.1 929.79 719.129 232.856 578.387 368.322 541.672 216.422 238.54 161.212 129.589 115.684 112.004 106.549 71.6642 70.674 92.5588 70.4452 70.3907 67.7297 63.6913 58.8158 45.059 38.2692 37.0494 35.4675 55.8035 46.5234
threshold=-0.59203641594196876 3.5000000000000004 10.500000000000002 -0.6644258747553895 0.97420999951194476 3.9809838485361291 4.0254942128589333 1.9943605585800819 0.027259844748239753 -1.0994183075655302 4.0254942128589333 1.20733357875903 0.012217423206805253 14.500000000000002 -0.59796545711328319 3.0240803418597677 -0.78140398427176605 -2.5349083810324538 -0.27478873810331467 310.50000000000006 1.0000000180025095e-35 1.005900340741958 11.500000000000002 76.500000000000014 0.97884450118364696 -0.48839902243760774 0.59601875853204811 0.13500000000000004 3.9886385348813689 4.9997658460721155
decision_type=2 2 2 2 2 2 2 2 2 2 2 2 2 2 2 2 2 2 2 2 2 2 2 2 2 2 2 2 2 2
left_child=2 3 -1 4 -2 7 21 8 -5 10 16 -4 -12 15 -8 19 17 18 -3 -6 -11 -7 -10 -22 -13 -16 -9 -26 -29 -30
right_child=1 9 11 5 13 6 14 26 22 20 12 24 -14 -15 25 -17 -18 -19 -20 -21 23 -23 -24 -25 27 -27 -28 28 29 -31
leaf_value=4.8409354851129027 4.8791789298862405 2.3191906750397462 -2.2216232105117877 -1.2124975038308294 -1.3045985791447574 4.9738656283011977 5.2871226123937323 -1.9815242912252533 3.9543237070589767 -2.7653462474351636 3.8632272301549375 -1.7916715735934141 -1.255399286776206 -2.4459237635104083 1.4331124444673944 5.1035983186829554 -0.26776449188784768 -2.2851609189692494 -2.8156480910632533 2.3140290542791315 -2.6777198295968869 -0.49389263949577056 -1.319751961194271 -2.0806780529370221 4.4327853830504509 -2.0213669601593689 0.087267623921692739 -1.5351935233764884 4.4612632906952321 -0.90682230034502109
leaf_weight=242.05091679096222 110.30934727191925 7.7495040893554688 97.353145122528076 46.618110537528992 13.198374152183538 35.114940404891968 2.5428060293197623 73.741374850273132 42.016842484474182 2716.8066133260727 10.534482121467592 5.085612058639529 9.3236221075057966 13.31946015357971 3.6325800418853786 5.4488700628280631 20.342448234558105 349.69637203216553 6.4175580739974958 9.0814501047134382 357.445876121521 2.4217200279235831 2.4217200279235831 306.46866953372955 3.5114940404891994 27.365436315536499 9.8079661130905134 5.5699560642242414 4.843440055847168 2.421720027923584
leaf_count=1999 911 64 804 385 109 290 21 609 347 22437 87 42 77 110 30 45 168 2888 53 75 2952 20 20 2531 29 226 81 46 40 20
internal_value=-1.80739 -2.21152 2.69592 1.59985 3.54951 0.398719 1.92459 -0.222424 1.16881 -2.61134 -1.91966 -1.67501 1.45997 -0.0237131 -1.09316 1.13979 -2.09434 -2.19645 -0.0068474 0.170386 -2.69402 4.62111 3.66691 -2.40212 0.807886 -1.61655 -1.73867 1.61664 0.846181 2.6719
internal_weight=0 4181.83 360.836 397.041 151.358 245.683 71.0775 174.606 91.0567 3784.79 404.064 118.785 19.8581 41.0482 33.5408 27.7287 384.206 363.863 14.1671 22.2798 3380.72 37.5367 44.4386 663.915 21.4322 30.998 83.5493 16.3466 12.8351 7.26516
internal_count=37516 34536 2980 3279 1250 2029 587 1442 752 31257 3337 981 164 339 277 229 3173 3005 117 184 27920 310 367 5483 177 256 690 135 106 60
is_linear=0
shrinkage=1


Tree=66
num_leaves=31
num_cat=0
split_feature=10 36 34 8 34 35 35 40 35 14 35 34 20 6 49 35 38 14 14 10 20 35 34 38 34 35 32 6 5 9
split_gain=8447.96 6623.84 3603.74 930.845 748.338 279.453 642.363 399.173 651.295 229.04 209.495 125.701 125.522 88.4819 87.7798 120.223 83.664 64.0149 62.1173 68.5797 62.0466 50.4672 50.1518 49.5366 41.2332 37.503 35.9399 32.8343 31.7704 30.5474
threshold=1.5544313764064441 3.5000000000000004 0.97916257029051346 -0.45218975719495608 0.97420999951194476 3.0240803418597677 4.9796911294148956 0.20500000000000004 0.97884450118364696 -1.0994183075655302 4.9842702640393926 0.98953557343827636 3.0730131251041346 -0.78140398427176605 14.500000000000002 3.0240803418597677 332.50000000000006 -0.53253111656290664 -2.5349083810324538 -1.0000000180025095e-35 -0.041489184732071804 3.9886385348813689 1.005900340741958 76.500000000000014 1.0105246576710667 4.986826519457872 0.86268696419798141 -0.38274014674932083 -0.45357046729783151 -0.22797609009032768
decision_type=2 2 2 2 2 2 2 2 2 2 2 2 2 2 2 2 2 2 2 2 2 2 2 2 2 2 2 2 2 2
left_child=1 3 -2 4 -1 7 22 8 28 10 13 -12 -4 18 15 16 27 -8 19 -3 -11 -14 -7 -22 -10 -23 -15 -6 -5 -20
right_child=2 9 12 5 14 6 17 -9 24 20 11 -13 21 26 -16 -17 -18 -19 29 -21 23 25 -24 -25 -26 -27 -28 -29 -30 -31
leaf_value=4.8658553707196841 4.9575826397451834 -2.234096210217611 -2.1534953814292725 -2.3324127961340988 1.533216604673274 5.0249450499497641 2.4556049379988738 -1.7640073204527746 4.1609508100775958 -2.7795962220088519 3.6546099997339048 -1.3832796013249249 -0.63752034761724929 -0.8255369340361135 -2.2702692937151867 5.1035983186829554 2.2738521143046095 -1.7035538036433666 -2.6429189757057925 2.3723250063990258 -2.6910862669775835 4.5989065109783152 0.33196668220272985 -2.1679318051008392 -0.080962978646520245 -0.098916442161705698 2.2141576944458241 -2.3629426833397451 -0.67113185465480951 -2.033527025149477
leaf_weight=113.94192731380463 248.83173286914825 6.7808160781860352 101.47006916999817 20.342448234558105 2.6638920307159433 38.142090439796448 4.2380100488662711 87.787351012229919 42.622272491455078 2626.7186282873154 10.413396120071413 9.4447081089019758 11.139912128448488 15.37792217731476 12.835116147994993 5.4488700628280631 8.960364103317259 29.181726336479187 133.92111754417419 6.1753860712051374 392.31864452362061 4.3590960502624503 2.4217200279235831 336.01365387439728 2.4217200279235831 2.7849780321121216 5.2066980600357047 11.503170132637027 26.517834305763245 213.23244845867157
leaf_count=941 2055 56 838 168 22 315 35 725 352 21693 86 78 92 127 106 45 74 241 1106 51 3240 36 20 2775 20 23 43 95 219 1761
internal_value=-1.80739 -2.20646 2.78838 1.61501 3.54271 0.43446 2.07019 -0.239012 1.21767 -2.62266 -1.90794 1.25854 -1.7189 -2.07311 -0.0978665 0.877874 -0.117716 -1.17612 -2.18838 -0.0385123 -2.70799 0.692938 4.74477 -2.44973 3.93289 2.76755 -0.056673 -1.63033 -1.39231 -2.26861
internal_weight=0 4164.63 368.586 409.029 155.353 253.675 73.9835 179.692 91.9043 3755.6 400.552 19.8581 119.754 380.694 41.4114 28.5763 23.1274 33.4197 360.11 12.9562 3355.05 18.284 40.5638 728.332 45.044 7.14407 20.5846 14.1671 46.8603 347.154
internal_count=37438 34394 3044 3378 1283 2095 611 1484 759 31016 3308 164 989 3144 342 236 191 276 2974 107 27708 151 335 6015 372 59 170 117 387 2867
is_linear=0
shrinkage=1


Tree=67
num_leaves=31
num_cat=0
split_feature=10 9 46 8 46 42 42 6 35 35 40 40 35 20 46 20 6 20 6 7 38 20 10 49 38 35 6 9 25 9
split_gain=8378.95 5068.24 3602.49 761.494 704.377 305.277 286.78 231.45 236.082 186.154 683.794 340.628 699.179 145.044 137.966 111.735 78.5154 72.4113 72.384 65.221 61.651 61.242 74.3287 56.8628 53.9641 48.927 48.795 46.5564 36.8741 35.654
threshold=1.5544313764064441 1.20733357875903 10.500000000000002 -0.45218975719495608 7.0000000000000009 0.84375000000000011 0.21875000000000003 -0.76391761237567224 4.0254942128589333 3.9809838485361291 0.43500000000000005 0.13500000000000004 0.97884450118364696 3.0730131251041346 7.0000000000000009 1.5756240812339708 -0.78140398427176605 1.0000000180025095e-35 -1.1960081763610477 -1.281659524803332 481.50000000000006 0.44064700979298616 -0.64988190529556056 14.500000000000002 76.500000000000014 0.014759048528931765 -0.634188059203173 0.37788823067859451 0.6418361345244038 0.65770646404093003
decision_type=2 2 2 2 2 2 2 2 2 2 2 2 2 2 2 2 2 2 2 2 2 2 2 2 2 2 2 2 2 2
left_child=1 6 -2 4 5 21 -1 8 16 11 -11 12 -5 -4 -10 17 18 -9 19 -8 -6 22 -3 -22 -19 -15 -12 -21 -28 -20
right_child=2 3 13 9 20 -7 7 15 14 10 26 -13 -14 25 -16 -17 -18 24 29 27 23 -23 -24 -25 -26 -27 28 -29 -30 -31
leaf_value=1.9547078055401346 4.9406645554860695 3.6144961380676555 -2.2261102059464157 -1.5578375314136585 -1.3254279702781095 -2.0955592027898322 -2.7748374327582956 -2.7745094300822295 3.7774872931599135 4.5441349873362586 1.4331124444673975 -1.7837178722608444 3.9228712255171536 -1.9126766024137072 -1.5007622234843534 3.1460058524346572 -0.11664825797917144 -2.6709958513796419 -2.4420240576905021 -0.51621316170383791 2.6489608903013004 4.6585157796048478 -1.319751961194271 -2.1171333752479957 -2.0838169310004901 1.8335290852909125 0.61922209844568687 4.1073235813958746 -2.1606269069236532 -1.6612130268965357
leaf_weight=13.803804159164427 248.22630286216736 19.131588220596317 100.62246716022491 53.762184619903564 35.236026406288147 7.9916760921478263 5.0856120586395255 2685.8085969686508 11.260998129844667 34.993854403495789 5.4488700628280631 107.76654124259949 41.048154473304749 4.7223540544509914 8.8392781019210798 3.2693220376968375 19.61593222618103 336.13473987579346 258.76078498363495 4.4801820516586286 8.7181921005249006 92.26753306388855 3.6325800418853751 3.5114940404891959 292.90703737735748 13.31946015357971 5.5699560642242423 4.238010048866272 33.29865038394928 75.55766487121582
leaf_count=114 2050 158 831 444 291 66 42 22181 93 289 45 890 339 39 73 27 162 2776 2137 37 72 762 30 29 2419 110 46 35 275 624
internal_value=-1.80739 -2.21047 2.77411 0.950035 2.61833 3.88089 -2.59483 -2.61178 -1.88081 -0.0589684 1.23978 -0.567445 0.815036 -1.75796 1.45633 -2.69722 -2.06322 -2.70298 -2.1729 0.071169 -0.654008 4.29609 2.82712 1.28048 -2.39758 0.852979 -1.36939 1.73134 -1.76227 -2.26556
internal_weight=0 4172.14 366.891 452.377 170.489 123.023 3719.76 3705.96 387.838 281.888 79.3113 202.577 94.8103 118.664 20.1003 3318.12 367.738 3314.85 348.122 13.8038 47.4657 115.032 22.7642 12.2297 629.042 18.0418 44.3175 8.71819 38.8686 334.318
internal_count=37486 34456 3030 3736 1408 1016 30720 30606 3203 2328 655 1673 783 980 166 27403 3037 27376 2875 114 392 950 188 101 5195 149 366 72 321 2761
is_linear=0
shrinkage=1


Tree=68
num_leaves=31
num_cat=0
split_feature=10 36 34 8 34 35 35 35 35 14 35 36 34 34 0 6 14 10 38 20 38 35 32 34 34 38 31 38 6 35
split_gain=8406.23 6621.63 3571.93 919.754 717.021 280.013 597.5 403.295 604.995 222.884 286.415 138.908 120.587 92.3367 86.4824 83.1727 83.6026 76.9183 74.4795 59.8078 56.4778 52.7144 48.2486 43.0441 38.1674 33.5021 33.261 31.9619 29.7487 28.1161
threshold=1.5544313764064441 3.5000000000000004 0.032884218846469505 -0.45218975719495608 0.97420999951194476 3.9809838485361291 4.9796911294148956 1.9943605585800819 0.027259844748239753 -1.0994183075655302 4.9930160746963974 3.5000000000000004 0.012217423206805253 1.0111995650533114 -0.58844038671351928 -0.7881083838335069 -2.5349083810324538 -1.0000000180025095e-35 47.500000000000007 -0.045099109276372951 76.500000000000014 0.014759048528931765 0.86268696419798141 1.0065479252789873 1.0051325855622082 86.500000000000014 0.1663946594627464 24.500000000000004 -0.47013240481795476 1.9959602219650494
decision_type=2 2 2 2 2 2 2 2 2 2 2 2 2 2 2 2 2 2 2 2 2 2 2 2 2 2 2 2 2 2
left_child=1 3 -2 4 -1 7 24 8 -5 10 15 21 -12 18 -8 16 17 -3 -6 -11 -21 -4 -17 27 -7 -22 -20 -10 -16 -23
right_child=2 9 11 5 13 6 14 -9 23 19 12 -13 -14 -15 28 22 -18 -19 26 20 25 29 -24 -25 -26 -27 -28 -29 -30 -31
leaf_value=4.8912859004685263 4.9470628916943511 -2.3237378032591147 -2.0928968581035052 -1.2903320362482684 -1.6355217018436978 4.9653592403034086 4.5005899250618189 -1.7866440209045029 1.0048890924755822 -2.7841716857963683 3.9406128487548719 -2.1984988256616411 -0.93363591468588114 -2.4386581389793363 0.91492620340166697 -1.040890372049323 -2.3359699617029097 2.5342582067320651 2.8537871109606496 -2.7204418270409141 -1.0132474706669925 4.2547984602705995 2.4671151724476341 -0.21860619892960376 0.96119283206825434 -2.2504823078703589 0.28191460209979047 4.2547984602706066 -1.9836006025595729 0.84018780324796127
leaf_weight=111.1569492816925 247.01544284820557 6.1753860712051392 5.691042065620425 47.586798548698425 8.2338480949401873 37.294488430023193 2.5428060293197658 85.244544982910156 3.2693220376968375 2637.4952824115753 11.139912128448488 98.32183313369751 9.3236221075057966 11.260998129844664 4.116924047470099 18.6472442150116 343.03664195537567 6.9019020795822126 13.561632156372072 394.37710654735565 23.490684270858765 2.9060640335083034 4.9645260572433463 2.5428060293197623 2.5428060293197623 320.39355969429016 7.9916760921478263 40.684896469116211 25.306974291801449 14.167062163352965
leaf_count=918 2040 51 47 393 68 308 21 704 27 21782 92 812 77 93 34 154 2833 57 112 3257 194 24 41 21 21 2646 66 336 209 117
internal_value=-1.80739 -2.21871 2.76608 1.63261 3.57233 0.457 2.12574 -0.211171 1.21628 -2.6301 -1.92447 -1.68313 1.7198 0.000648488 -1.09452 -2.12086 -2.24137 0.240205 0.922825 -2.71375 -2.46217 0.542824 -0.30331 3.78165 4.70977 -2.16597 1.90017 4.01307 -1.57805 1.4214
internal_weight=0 4179.28 368.101 403.337 152.205 251.132 71.804 179.328 94.0838 3775.95 400.189 121.086 20.4635 41.0482 31.9667 379.726 356.114 13.0773 29.7872 3375.76 738.261 22.7642 23.6118 46.497 39.8373 343.884 21.5533 43.9542 29.4239 17.0731
internal_count=37555 34515 3040 3331 1257 2074 593 1481 777 31184 3305 1000 169 339 264 3136 2941 108 246 27879 6097 188 195 384 329 2840 178 363 243 141
is_linear=0
shrinkage=1


Tree=69
num_leaves=31
num_cat=0
split_feature=10 36 46 49 2 35 49 35 35 35 35 14 35 36 34 34 49 14 14 14 10 20 35 38 25 2 49 40 32 38
split_gain=8345.71 6731.16 3645.76 845.893 800.321 297.313 541.143 268.49 375.546 328.104 247.199 216.117 218.426 147.832 124.243 115.57 93.71 78.9482 76.3734 75.885 79.2016 66.5859 60.0569 52.4174 44.1123 91.7059 41.9107 43.8913 34.6313 30.5644
threshold=1.5544313764064441 3.5000000000000004 10.500000000000002 11.500000000000002 -0.5664734721152126 3.0240803418597677 14.500000000000002 0.027259844748239753 1.9936924257986131 3.9809838485361291 4.9842702640393926 -1.0994183075655302 4.0254942128589333 3.5000000000000004 0.02265276841760017 0.99149561030469757 10.500000000000002 -1.170666182468995 -0.31589968439539967 -2.5349083810324538 -1.0000000180025095e-35 -0.041489184732071804 0.014759048528931765 76.500000000000014 2.5367291792547957 -0.74356782560573542 14.500000000000002 0.41500000000000004 0.75727240391497863 156.50000000000003
decision_type=2 2 2 2 2 2 2 2 2 2 2 2 2 2 2 2 2 2 2 2 2 2 2 2 2 2 2 2 2 2
left_child=1 3 -2 4 14 -5 -7 -6 -9 -10 -11 12 17 22 24 -14 -16 19 -12 20 -3 29 -4 -23 -1 -26 27 -24 -19 -13
right_child=2 11 13 5 7 6 -8 8 9 10 18 21 15 -15 16 -17 -18 28 -20 -21 -22 23 26 -25 25 -27 -28 -29 -30 -31
leaf_value=4.9170441427646878 4.9525871136090789 -2.1972274904989275 -2.1287570110213734 -2.0202980768580812 -1.182517177766627 4.9200740249721768 -1.8703248423266048 4.1609508100775958 -1.4993950764882047 4.9409540344362775 4.1609508100775958 -2.845994740797301 3.5784481537071788 -2.2638799984848457 -0.94066899385725433 -1.255399286776206 4.42685248562446 -1.0282722005948004 -1.8323542988002368 -2.3078597514034502 2.4393318479161459 -2.6834682715425444 1.0735546445442394 -2.1494009656255919 4.500589925061826 -0.49389263949577056 -0.49389263949577056 5.2871226123937323 1.7477255194001593 -2.6116381689946886
leaf_weight=102.68092918395996 248.10521686077118 7.7495040893554688 5.9332140684127834 66.234042763710022 40.80598247051239 21.795480251312256 25.428060293197632 42.622272491455078 40.079466462135315 20.221362233161926 2.6638920307159415 1840.9915652275085 10.534482121467592 98.927263140678406 7.3862460851669294 9.3236221075057966 5.8121280670166016 18.526158213615421 10.534482121467589 342.06795394420624 7.0229880809783918 395.8301385641098 5.9332140684127825 343.03664195537567 15.256836175918581 4.8434400558471671 6.0543000698089591 4.238010048866272 5.9332140684127799 797.59349119663239
leaf_count=848 2049 64 49 547 337 180 210 352 331 167 22 15204 87 817 61 77 48 153 87 2825 58 3269 49 2833 126 40 50 35 49 6587
internal_value=-1.80739 -2.20253 2.75727 1.66476 2.56271 -0.653424 1.26371 1.02401 1.7994 0.429927 2.74372 -2.61843 -1.9245 -1.74094 4.33845 1.3089 1.42301 -2.0929 -0.622696 -2.21203 0.00703842 -2.70085 0.593714 -2.43551 4.65185 3.2971 1.58925 2.82921 -0.354887 -2.77515
internal_weight=0 4184.97 369.191 406.365 292.907 113.458 47.2235 156.927 116.121 73.4992 33.4197 3778.61 401.158 121.086 135.98 19.8581 13.1984 381.3 13.1984 356.84 14.7725 3377.45 22.1587 738.867 122.781 20.1003 16.2255 10.1712 24.4594 2638.59
internal_count=37611 34562 3049 3356 2419 937 390 1296 959 607 276 31206 3313 1000 1123 164 109 3149 109 2947 122 27893 183 6102 1014 166 134 84 202 21791
is_linear=0
shrinkage=1


Tree=70
num_leaves=31
num_cat=0
split_feature=10 36 46 8 34 14 35 35 35 40 35 34 36 0 38 6 34 14 1 20 34 35 38 3 14 9 35 35 6 35
split_gain=8453.44 6430.01 3677.14 930.203 743.837 224.618 269.663 223.061 606.842 404.023 640.499 130.04 124.618 96.7326 87.7826 71.7134 67.4252 62.9644 81.0964 60.6941 57.3531 53.6521 49.1187 38.4931 36.8157 35.6567 32.3003 36.3679 30.361 28.8361
threshold=1.5544313764064441 3.5000000000000004 10.500000000000002 -0.45218975719495608 0.97420999951194476 -1.0994183075655302 4.0254942128589333 3.0240803418597677 4.9796911294148956 0.20500000000000004 0.027259844748239753 0.019398414103355317 3.5000000000000004 -0.59444722031790043 76.500000000000014 -0.78140398427176605 1.0111995650533114 -2.5349083810324538 -0.03975095889810764 -0.045099109276372951 1.0037166543105027 0.014759048528931765 76.500000000000014 0.75465589222813556 0.085535989164709295 1.438366478306347 0.027259844748239753 1.0298598731766919 -0.48839902243760774 3.9943657030855486
decision_type=2 2 2 2 2 2 2 2 2 2 2 2 2 2 2 2 2 2 2 2 2 2 2 2 2 2 2 2 2 2
left_child=1 3 -2 4 -1 6 15 9 20 10 -5 -8 21 -10 -6 17 26 18 -3 -7 -9 -4 -21 -20 -11 -24 -16 -28 -15 -29
right_child=2 5 12 7 14 19 11 8 13 24 -12 -13 -14 28 16 -17 -18 -19 23 22 -22 -23 25 -25 -26 -27 27 29 -30 -31
leaf_value=4.8899880751835259 4.9508541537283239 -2.9714706045912718 -2.1456112828927711 -1.3542526117090909 -1.9550283625008098 -2.780281937928696 3.8814046180133048 4.9488867127219915 4.5363414108496425 -0.99167086079349687 3.9365215769082496 -1.2509303510527294 -2.2206894030471807 1.0154364656773485 -0.76917908006193936 -0.2837627529097615 -2.0538491360373827 -2.2927622707830819 -0.90682230034502054 -2.6954313296388714 -0.080962978646520245 1.3427198818934323 -2.2409956197556102 3.6756897895673899 -2.326897475460735 -0.49389263949577056 4.8636050115227079 0.10526020173647521 -2.1119790028236016 3.3207908940639688
leaf_weight=110.79369127750397 249.80042088031769 5.6910420656204224 6.0543000698089626 46.375938534736633 15.741180181503294 2641.3700344562531 11.382084131240847 35.478198409080505 2.6638920307159415 35.357112407684326 45.165078520774841 8.7181921005249006 99.895951151847839 3.5114940404891994 3.6325800418853822 20.463534235954285 5.4488700628280631 341.82578194141388 2.906064033508299 398.49403059482574 2.4217200279235831 16.225524187088013 331.29129981994629 4.9645260572433472 49.645260572433472 12.108600139617918 4.7223540544509879 6.1753860712051374 26.760006308555603 5.0856120586395264
leaf_count=915 2063 47 50 383 130 21814 94 293 22 292 373 72 825 29 30 169 45 2823 24 3291 20 134 2736 41 410 100 39 51 221 42
internal_value=-1.80739 -2.22282 2.75201 1.59519 3.54569 -2.6259 -1.91326 0.399879 1.89898 -0.201613 1.25614 1.65533 -1.74373 -1.24081 -0.104244 -2.10411 1.05808 -2.20892 -0.0957105 -2.7093 4.62749 0.394804 -2.45657 1.98369 -1.7715 -2.17939 1.92251 2.53426 -1.7492 1.55744
internal_weight=0 4178.19 371.976 398.978 151.6 3779.22 395.951 247.379 70.8353 176.543 91.541 20.1003 122.176 32.9354 40.806 375.851 25.0648 355.387 13.5616 3383.26 37.8999 22.2798 741.894 7.87059 85.0024 343.4 19.6159 15.9834 30.2715 11.261
internal_count=37578 34506 3072 3295 1252 31211 3270 2043 585 1458 756 166 1009 272 337 3104 207 2935 112 27941 313 184 6127 65 702 2836 162 132 250 93
is_linear=0
shrinkage=1


Tree=71
num_leaves=31
num_cat=0
split_feature=1 36 46 8 46 35 35 40 35 14 35 36 46 0 49 35 35 35 22 14 20 14 1 35 49 35 35 32 14 20
split_gain=8444.53 6329.87 3474.65 1002.41 752.706 257.153 593.369 339.643 618.213 226.075 219.282 165.797 144.869 118.849 104.921 105.946 80.5869 89.6648 74.9507 68.639 66.2035 61.9471 85.0074 48.8386 48.4407 59.2134 48.7236 36.6372 35.3125 29.1193
threshold=1.5367684771616057 3.5000000000000004 10.500000000000002 -0.45218975719495608 7.0000000000000009 3.0160395766815906 4.0254942128589333 0.20500000000000004 0.027259844748239753 -1.0994183075655302 4.9910495028621353 3.5000000000000004 7.0000000000000009 -0.59796545711328319 14.500000000000002 3.0240803418597677 1.9948797934495948 0.027259844748239753 -0.59203641594196876 -1.170666182468995 -0.045099109276372951 -2.5349083810324538 0.057215513160174009 0.014759048528931765 11.500000000000002 3.9886385348813689 4.986826519457872 0.94691833979510764 -0.52274473869664895 0.31506752857924381
decision_type=2 2 2 2 2 2 2 2 2 2 2 2 2 2 2 2 2 2 2 2 2 2 2 2 2 2 2 2 2 2
left_child=1 3 18 4 -1 7 -7 8 -5 10 19 23 -12 -8 15 16 17 -6 -2 21 -11 22 -3 -4 -25 -26 -27 -21 -15 -20
right_child=2 9 11 5 14 6 13 -9 -10 20 12 -13 -14 28 -16 -17 -18 -19 29 27 -22 -23 -24 24 25 26 -28 -29 -30 -31
leaf_value=4.9040379216382259 4.9303448985524572 -2.7994165792374179 -1.9391464524681463 -1.5191720598721241 -0.8628936130206335 4.625376361032755 5.2871226123937323 -1.7539311317117023 3.7517221833204641 -2.7793482421929134 3.7443084949349941 -2.2106789870265926 -1.6500956898736712 1.1578260039012278 -2.2595229134718751 5.0994273120077107 -1.6943685607276116 4.6393898110615748 -0.056672998596564383 -1.1649033383758023 -2.440319080217503 -2.2733573231835602 2.4341540465261855 5.2871226123937252 -1.6868005486158268 4.6518462110871948 -0.31692278484609226 1.6533415969203307 -2.0659231027288811 3.8632272301549375
leaf_weight=112.24672329425812 246.65218484401703 5.8121280670165998 4.8434400558471706 46.133766531944275 5.6910420656204277 37.77883243560791 2.6638920307159415 87.060835003852844 42.985530495643616 2623.3282202482224 11.018826127052309 99.895951151847839 9.0814501047134382 3.874752044677737 14.045976161956785 5.3277840614318839 11.745342135429381 6.1753860712051392 4.1169240474700919 19.373760223388675 738.01917850971222 345.2161899805069 6.659730076789856 3.0271500349044826 5.4488700628280631 4.722354054450987 3.3904080390930176 6.0543000698089591 27.607608318328857 3.5114940404891968
leaf_count=927 2037 48 40 381 47 312 22 719 355 21665 91 825 75 32 116 44 97 51 34 160 6095 2851 55 25 45 39 28 50 228 29
internal_value=-1.80739 -2.21665 2.73393 1.54832 3.54135 0.301335 1.8947 -0.349154 1.02318 -2.62004 -1.91249 -1.66922 1.30708 -1.12647 -0.016988 1.07144 0.16256 2.00054 4.83487 -2.0814 -2.70491 -2.19426 -0.00479149 0.854544 1.67022 0.862876 2.57535 -0.493893 -1.66915 1.74773
internal_weight=0 4167.9 375.609 403.337 155.232 248.105 71.9251 176.18 89.1193 3764.56 403.216 121.328 20.1003 34.1463 42.9855 28.9396 23.6118 11.8664 254.281 383.116 3361.35 357.688 12.4719 21.4322 16.5888 13.5616 8.11276 25.4281 31.4824 7.62842
internal_count=37523 34421 3102 3331 1282 2049 594 1455 736 31090 3330 1002 166 282 355 239 195 98 2100 3164 27760 2954 103 177 137 112 67 210 260 63
is_linear=0
shrinkage=1


Tree=72
num_leaves=31
num_cat=0
split_feature=10 36 46 8 34 35 40 40 35 14 35 34 49 20 35 38 34 6 25 14 10 20 38 34 35 49 31 9 14 6
split_gain=8416.1 6712.87 3627.13 944.63 729.133 246.79 555.031 412.002 593.824 236.147 256.567 128.927 116.663 114.512 104.836 85.0159 76.9418 73.511 68.7769 65.4175 66.3133 62.9002 58.1566 40.0177 39.9545 55.6143 39.416 36.5573 36.2632 35.8289
threshold=1.5544313764064441 3.5000000000000004 10.500000000000002 -0.45218975719495608 0.97420999951194476 3.9809838485361291 0.48000000000000004 0.20500000000000004 0.027259844748239753 -1.0994183075655302 4.0254942128589333 0.012217423206805253 14.500000000000002 2.8324536785943715 3.9911774189483711 310.50000000000006 1.0094909078637231 -0.78140398427176605 0.6418361345244038 -2.5349083810324538 -1.0000000180025095e-35 -0.045099109276372951 76.500000000000014 1.013012569934941 3.0010643871955618 14.500000000000002 -0.57802541218915282 0.66093058173576491 0.085535989164709295 -0.41925077028460905
decision_type=2 2 2 2 2 2 2 2 2 2 2 2 2 2 2 2 2 2 2 2 2 2 2 2 2 2 2 2 2 2
left_child=1 3 -2 4 -1 7 16 8 -5 10 17 -12 14 -4 15 29 -7 19 -8 20 -3 -11 -23 -10 -15 -26 -20 -21 -9 -6
right_child=2 9 13 5 12 6 18 28 23 21 11 -13 -14 24 -16 -17 -18 -19 26 27 -22 22 -24 -25 25 -27 -28 -29 -30 -31
leaf_value=4.9411665055597744 4.9648360478284648 -2.2595229134718751 -2.1994495904573723 -1.2203029329269124 1.9836853255997284 4.9105092409351343 2.2350338148123181 -0.98595516218024293 4.0973252845230128 -2.7771104915769795 3.850845531178948 -1.1715208008894118 -2.4411022328582899 -0.69052581132874713 5.1035983186829554 2.4985067209442504 -0.90682230034502076 -0.23489533742464319 2.1409918630661067 -2.448012119793773 2.0676710193317822 -2.7069160923518005 -2.1464827489374763 -0.080962978646520245 4.7866018113643385 -0.57381450933756128 -1.9883047454263905 -1.6747707549731996 -2.320547001282109 -2.2913511631925068
leaf_weight=112.73106729984283 248.22630286216736 7.0229880809783936 98.442919135093689 46.254852533340454 2.4217200279235849 37.173402428627014 5.5699560642242423 34.75168240070343 42.864444494247437 2629.140348315239 11.139912128448488 9.4447081089019758 13.198374152183531 12.714030146598818 5.4488700628280631 9.3236221075057966 2.4217200279235831 20.463534235954285 2.5428060293197658 265.54160106182098 7.144074082374571 400.67357861995697 344.24750196933746 2.4217200279235831 3.9958380460739127 3.7536660432815552 25.428060293197632 79.432416915893555 49.160916566848755 10.292310118675235
leaf_count=931 2050 58 813 382 20 307 46 287 354 21713 92 78 109 105 45 77 20 169 21 2193 59 3309 2843 20 33 31 210 656 406 85
internal_value=-1.80739 -2.20452 2.78939 1.68021 3.63149 0.475979 2.01924 -0.167311 1.29984 -2.61829 -1.89198 1.54647 0.00260612 -1.75202 1.17602 0.204911 4.55471 -2.07844 -0.973905 -2.18348 -0.0774337 -2.70443 -2.44793 3.87389 0.400381 2.19015 -1.61291 -2.26997 -1.76784 -1.47706
internal_weight=0 4176.26 367.133 402.006 153.416 248.59 73.1359 175.454 91.541 3774.25 400.189 20.5846 40.6849 118.906 27.4865 22.0377 39.5951 379.605 33.5408 359.141 14.1671 3374.06 744.921 45.2862 20.4635 7.7495 27.9709 344.974 83.9126 12.714
internal_count=37522 34490 3032 3320 1267 2053 604 1449 756 31170 3305 170 336 982 227 182 327 3135 277 2966 117 27865 6152 374 169 64 231 2849 693 105
is_linear=0
shrinkage=1


Tree=73
num_leaves=31
num_cat=0
split_feature=10 36 49 2 49 14 35 35 35 40 35 49 20 0 6 49 35 20 38 6 35 20 38 15 2 20 14 14 38 38
split_gain=8515.09 6411.02 3614.64 804.42 765.137 216.39 215.505 205.178 561.616 401.961 620.958 140.097 118.896 105.654 102.426 93.4361 131.482 75.552 66.8396 64.4457 61.0838 59.293 58.4129 36.8576 107.498 34.7504 32.3267 31.0353 29.7409 33.2023
threshold=1.5544313764064441 3.5000000000000004 7.5000000000000009 -0.5664734721152126 7.5000000000000009 -1.0994183075655302 4.9842702640393926 3.0240803418597677 4.9796911294148956 0.20500000000000004 0.027259844748239753 14.500000000000002 3.0730131251041346 -0.59444722031790043 -0.78140398427176605 14.500000000000002 3.0240803418597677 -0.045099109276372951 310.50000000000006 -1.1960081763610477 3.0021222172513524 0.38352405600372941 76.500000000000014 0.79798305897783728 -0.78888807744659928 0.62654207351814561 0.085535989164709295 0.085535989164709295 156.50000000000003 157.50000000000003
decision_type=2 2 2 2 2 2 2 2 2 2 2 2 2 2 2 2 2 2 2 2 2 2 2 2 2 2 2 2 2 2
left_child=1 3 -2 4 23 6 14 9 -9 10 27 -8 -4 -10 19 16 18 28 -6 21 -14 -3 -19 -1 -25 -16 -11 -5 -7 -30
right_child=2 5 12 7 15 17 11 8 13 26 -12 -13 20 -15 25 -17 -18 22 -20 -21 -22 -23 -24 24 -26 -27 -28 -29 29 -31
leaf_value=4.8792908485920048 4.9476736648870965 -1.2279898143388821 -2.1544703221005026 -0.38149758387999833 -1.5728378823599407 -2.8536932287251187 3.653554723319774 4.589606293391622 4.8938562687277702 -1.031729849000488 3.9867363876198509 -1.5950384017604378 -0.81705498276909716 -1.8436450991880335 -0.45099085655039417 -2.4019124516957544 5.1075879772418844 -2.6821808635150384 1.8931801944546898 -2.3082675494370593 2.9689210076260122 3.6989316091273863 -2.1180435356485745 4.7668962680167226 -0.40213049264038148 3.4101696085335047 -2.3116345485950474 -2.0448967314661251 -0.49389263949577056 -2.6415345189520441
leaf_weight=98.079661130905151 250.40585088729858 10.897740125656126 101.59115517139435 20.463534235954285 15.014664173126226 1833.9685771465302 11.018826127052309 35.841456413269043 2.5428060293197658 34.025166392326355 43.83313250541687 9.4447081089019758 11.139912128448488 27.486522316932678 18.6472442150116 14.045976161956785 5.5699560642242423 397.52534258365631 8.8392781019210798 349.81745803356171 6.9019020795822135 3.1482360363006583 340.97817993164062 15.37792217731476 5.4488700628280631 2.6638920307159415 46.981368541717529 24.822630286216736 7.2651600837707511 785.00054705142975
leaf_count=810 2068 90 839 169 124 15146 91 296 21 281 362 78 92 227 154 116 46 3283 73 2889 57 26 2816 127 45 22 388 205 60 6483
internal_value=-1.80739 -2.21801 2.78738 1.59711 3.31023 -2.62111 -1.93113 0.418409 1.91689 -0.161786 1.3037 1.23113 -1.73435 -1.27313 -2.09914 -0.279951 0.733001 -2.70429 -0.288476 -2.22394 0.631271 -0.12368 -2.42171 4.62273 3.41453 0.0316542 -1.77404 -1.29325 -2.78375 -2.62184
internal_weight=0 4168.75 370.039 398.373 162.376 3770.38 405.638 235.997 65.8708 170.126 89.1193 20.4635 119.633 30.0293 385.175 43.4699 29.4239 3364.74 23.8539 363.863 18.0418 14.046 738.504 118.906 20.8268 21.3111 81.0065 45.2862 2626.23 792.266
internal_count=37484 34428 3056 3290 1341 31138 3350 1949 544 1405 736 169 988 248 3181 359 243 27788 197 3005 149 116 6099 982 172 176 669 374 21689 6543
is_linear=0
shrinkage=1


Tree=74
num_leaves=31
num_cat=0
split_feature=10 36 46 2 34 35 35 40 35 14 35 34 20 0 34 38 6 14 20 7 34 38 35 35 25 2 9 6 9 35
split_gain=8307.32 6373.15 3610.96 830.877 782.314 249.881 537.49 383.513 645.343 230.971 240.297 136.123 126.058 118.259 89.8407 89.316 87.3031 69.7644 66.5225 66.1042 59.1839 50.7151 42.9849 51.6865 37.0313 91.7638 34.0693 34.0292 31.9018 31.1372
threshold=1.5544313764064441 3.5000000000000004 10.500000000000002 -0.5664734721152126 0.024327378250274697 3.0240803418597677 4.9796911294148956 0.20500000000000004 0.027259844748239753 -1.0994183075655302 4.0254942128589333 0.019398414103355317 2.8324536785943715 -0.59796545711328319 1.0111995650533114 236.50000000000003 -0.78140398427176605 -2.5349083810324538 1.0000000180025095e-35 -1.2584993330081187 1.0078330176642523 76.500000000000014 3.0010643871955618 4.986826519457872 2.5367291792547957 -0.73889303703670028 1.438366478306347 -0.48839902243760774 -1.0000000180025095e-35 3.9974707266421761
decision_type=2 2 2 2 2 2 2 2 2 2 2 2 2 2 2 2 2 2 2 2 2 2 2 2 2 2 2 2 2 2
left_child=1 3 -2 4 24 7 20 8 -5 10 16 -12 -4 -8 15 29 17 19 -11 -3 -7 -20 -14 -24 -1 -26 -23 -15 -21 -6
right_child=2 9 12 5 14 6 13 -9 -10 18 11 -13 22 27 -16 -17 -18 -19 21 28 -22 26 23 -25 25 -27 -28 -29 -30 -31
leaf_value=4.9162877227961062 4.9569419359002556 -2.7794102972195276 -2.2142646250388571 -1.4891590015426814 -1.5717090423904239 5.0424235541126965 5.2871226123937234 -1.8072636312718 4.0827444349167532 -2.7717375189063964 3.8952248791940112 -1.3414851012389684 -0.57879406509094378 1.1578260039012247 -2.6930910579513281 2.446166545750891 -0.053764018949863157 -2.2774467723622229 -2.675917677603056 -1.319751961194271 -0.080962978646520245 -2.1884736179380146 4.801323011394615 -0.52448002178090047 4.548549235264991 -0.78537240009524134 -0.46886659944430087 -2.1287570110213734 2.9747165116379315 1.079914747137221
leaf_weight=99.77486515045166 245.32023882865906 5.2066980600357047 99.048349142074585 42.501186490058899 14.288148164749147 32.693220376968384 2.663892030715945 82.459566950798035 40.684896469116211 2703.6082391738892 10.776654124259951 9.2025361061096174 12.956202149391176 3.6325800418853822 10.776654124259947 15.135750174522398 20.221362233161926 344.36858797073364 355.26632809638977 2.4217200279235831 2.4217200279235831 296.2974454164505 4.1169240474700919 3.2693220376968384 14.893578171730043 4.1169240474700919 11.987514138221739 23.732856273651119 6.0543000698089591 6.4175580739974967
leaf_count=824 2026 43 818 351 118 270 22 681 336 22328 89 76 107 30 89 125 167 2844 2934 20 20 2447 34 27 123 34 99 196 50 53
internal_value=-1.80739 -2.21551 2.76184 1.59953 3.31014 0.373563 2.03281 -0.278976 1.23596 -2.61693 -1.89677 1.48316 -1.7486 -1.07333 -0.161404 0.599813 -2.07529 -2.18946 -2.7021 0.0250101 4.68909 -2.41839 0.518768 2.444 4.67257 3.39343 -2.12161 -1.69248 1.74773 -0.749861
internal_weight=0 4161.6 364.711 396.193 165.403 230.79 65.1443 165.646 83.1861 3765.41 398.252 19.9792 119.391 30.0293 46.6181 35.8415 378.273 358.051 3367.16 13.6827 35.1149 663.551 20.3424 7.38625 118.785 19.0105 308.285 27.3654 8.47602 20.7057
internal_count=37381 34369 3012 3272 1366 1906 538 1368 687 31097 3289 165 986 248 385 296 3124 2957 27808 113 290 5480 168 61 981 157 2546 226 70 171
is_linear=0
shrinkage=1


Tree=75
num_leaves=31
num_cat=0
split_feature=10 47 46 20 8 46 20 46 6 35 38 10 20 49 35 40 35 40 8 20 34 10 35 40 40 35 10 20 8 20
split_gain=8303.51 3859.18 3630.73 811.664 497.275 406.984 317.875 287.259 172.802 221.61 172.726 137.923 130.008 111.656 106.022 261.223 205.55 323.09 103.818 94.1691 94.0405 86.5469 81.2558 198.499 93.8702 240.335 71.8209 265.656 64.1134 59.7602
threshold=1.5544313764064441 3.5000000000000004 10.500000000000002 1.4038510647050255 -0.45218975719495608 1.5000000000000002 0.2997240527099721 11.500000000000002 -0.76391761237567224 4.0254942128589333 156.50000000000003 -0.4240539323484524 2.8324536785943715 14.500000000000002 0.97884450118364696 0.13500000000000004 3.0240803418597677 0.43500000000000005 -0.45218975719495608 0.84102248418789693 0.012217423206805253 0.012562206834201116 3.0240803418597677 0.43500000000000005 0.13500000000000004 0.97884450118364696 -0.76141976145663792 -0.057049481848899221 -0.67721602772744982 0.84102248418789693
decision_type=2 2 2 2 2 2 2 2 2 2 2 2 2 2 2 2 2 2 2 2 2 2 2 2 2 2 2 2 2 2
left_child=1 8 -2 5 7 6 26 -5 9 29 -7 18 -4 22 -6 -16 -17 -18 -8 -13 -11 -21 24 -24 25 -12 27 -3 -29 -1
right_child=2 3 12 4 14 10 11 -9 -10 20 13 19 -14 -15 15 16 17 -19 -20 21 -22 -23 23 -25 -26 -27 -28 28 -30 -31
leaf_value=-2.2620865660730551 4.9142832098793612 -1.4265605570721371 -2.2252121813697352 4.5732167154441452 -1.5878319504367162 -2.0740296857985934 5.0081160847928885 0.071169001666361309 -2.7181177995017265 3.5321715537844178 -1.2811152677814759 -0.62888887477341004 0.51336930777812295 -2.2504823078703589 4.0013536085517565 -1.4298665374207378 4.8828558115622993 -1.1066269749494966 1.6042364480625819 3.46537410864704 -0.96262360586518969 -0.36349379922758618 4.8938562687277773 -0.90682230034502076 -1.5194102587477547 4.4792167542104178 -2.0503198226967907 4.840712168232379 1.2475933214771544 -0.28117129905827798
leaf_weight=322.81527972221375 249.43716287612915 52.430238604545593 100.50138115882874 61.632774710655212 23.127426266670227 187.19895815849304 17.920728206634521 18.405072212219238 3106.3402798175812 9.6868801116943377 20.705706238746647 25.185888290405273 20.947878241539001 30.513672351837158 20.221362233161926 45.4072505235672 17.315298199653625 18.768330216407776 17.920728206634521 16.467696189880375 8.960364103317259 9.2025361061096174 10.171224117279055 14.045976161956785 44.075304508209229 11.139912128448485 31.482360363006592 8.9603641033172625 11.139912128448485 15.983352184295653
leaf_count=2666 2060 433 830 509 191 1546 148 152 25654 80 171 208 173 252 167 375 143 155 148 136 74 76 84 116 364 92 260 74 92 132
internal_value=-1.80739 -2.20613 2.73108 -0.0882516 1.59223 -0.765246 0.389646 3.53795 -2.64235 -1.98391 -1.45818 1.80375 -1.75285 -0.57579 0.344783 0.784223 -0.0140843 1.76752 3.30618 0.744896 1.37233 2.09276 -0.0654844 1.52946 -0.574239 0.733906 -0.789048 -0.241585 2.84935 -2.16863
internal_weight=0 4177.22 370.886 713.439 204.878 508.561 190.71 80.0378 3463.79 357.446 317.851 86.6976 121.449 130.652 124.84 101.712 81.4909 36.0836 35.8415 50.8561 18.6472 25.6702 100.138 24.2172 75.9209 31.8456 104.013 72.5305 20.1003 338.799
internal_count=37561 34498 3063 5892 1692 4200 1575 661 28606 2952 2625 716 1003 1079 1031 840 673 298 296 420 154 212 827 200 627 263 859 599 166 2798
is_linear=0
shrinkage=1


Tree=76
num_leaves=31
num_cat=0
split_feature=1 47 46 42 2 34 42 42 38 14 35 34 47 35 40 40 35 14 34 38 6 42 6 31 22 34 6 14 1 14
split_gain=8409.86 3783.02 3469.16 852.415 661.047 503.034 388.544 1105.5 185.512 155.786 168.674 126.287 125.412 116.475 402.987 262.238 468.972 112.479 93.5498 71.4408 69.3871 67.0532 61.2632 72.6327 51.6774 51.1631 50.4861 44.7239 57.0527 44.6721
threshold=1.5367684771616057 3.5000000000000004 10.500000000000002 0.84375000000000011 -0.5664734721152126 0.02265276841760017 0.65625000000000011 0.21875000000000003 76.500000000000014 -1.0994183075655302 4.0254942128589333 1.0225176224648316 3.5000000000000004 3.0240803418597677 0.43500000000000005 0.13500000000000004 0.97884450118364696 -0.10193175310623739 0.98953557343827636 432.50000000000006 -0.78140398427176605 0.21875000000000003 -0.34963678364549072 -0.63827055208276018 -0.59203641594196876 1.0270810437866207 -0.98874553990870584 -2.5349083810324538 -0.03975095889810764 -2.3055110860920025
decision_type=2 2 2 2 2 2 2 2 2 2 2 2 2 2 2 2 2 2 2 2 2 2 2 2 2 2 2 2 2 2
left_child=1 9 24 4 5 6 7 -3 17 10 20 13 -4 15 -15 16 -10 22 -12 -7 27 -11 23 -6 -2 -21 -9 28 -1 -5
right_child=2 3 12 29 8 19 -8 26 11 21 18 -13 -14 14 -16 -17 -18 -19 -20 25 -22 -23 -24 -25 -26 -27 -28 -29 -30 -31
leaf_value=-2.7700415017379791 4.8938562687277809 4.5510306082711569 -2.199540636806502 1.908607205445322 0.79132038776284253 -1.2419222868980773 4.7521530112934904 2.3966149864489812 -1.2605269899170877 1.9836853255997311 3.2782756136676485 -2.3857547735994276 0.1681598745931101 5.0511628061941618 -0.75220106170102841 -1.4756945691450476 4.4010074603567162 -2.0988168037153678 -1.4468072414555788 2.122614931119104 -0.27366348704283694 -2.7250412165018911 2.487599487992036 -1.6766911595554874 2.3288205645185074 -1.9704290025324835 -2.2926821210034634 -2.3528857793190618 1.846042105316648 -2.2212723077067644
leaf_weight=4.9645260572433472 246.65218484401703 55.699560642242432 94.568167090415955 2.6638920307159415 20.463534235954285 46.254852533340454 59.816484689712524 2.4217200279235831 30.392586350440979 3.0271500349044791 8.9603641033172625 17.073126196861267 29.302812337875366 21.19005024433136 27.486522316932678 62.843634724617004 28.213038325309753 79.069158911705017 7.8705900907516471 12.956202149391176 18.16290020942688 3116.5115039348602 7.1440740823745719 28.576296329498291 8.1127620935440046 3.9958380460739127 44.196390509605408 308.76930356025696 5.8121280670165998 155.95876979827881
leaf_count=41 2037 460 781 22 169 382 494 20 251 25 74 141 242 175 227 519 233 653 65 107 150 25738 59 236 67 33 365 2550 48 1288
internal_value=-1.80739 -2.22012 2.70153 -0.110549 0.480563 1.79464 2.72751 1.54388 -0.43776 -2.64908 -2.02094 0.206966 -1.63944 0.467161 1.77414 -0.056673 1.46496 -1.3301 1.0687 -0.598312 -2.17493 -2.72047 -0.248271 -0.64683 4.81217 1.15783 -2.04908 -2.28299 -0.280468 -2.15192
internal_weight=0 4180.49 378.636 706.416 547.793 225.341 162.134 102.318 322.452 3474.08 354.54 187.199 123.871 170.126 48.6766 121.449 58.6056 135.253 16.831 63.2069 337.709 3119.54 56.1839 49.0398 254.765 16.952 46.6181 319.546 10.7767 158.623
internal_count=37652 34525 3127 5834 4524 1861 1339 845 2663 28691 2928 1546 1023 1405 402 1003 484 1117 139 522 2789 25763 464 405 2104 140 385 2639 89 1310
is_linear=0
shrinkage=1


Tree=77
num_leaves=31
num_cat=0
split_feature=10 36 49 8 49 35 40 35 35 14 35 49 36 0 49 35 6 49 35 35 35 35 9 14 1 6 35 0 33 31
split_gain=8341.31 6622.65 3676.81 1002.26 710.944 241.346 590.468 407.237 553.029 211.896 251.254 137.632 125.007 115.54 103.487 114.047 80.1367 79.1873 59.5709 65.6616 57.7146 90.7568 57.2536 54.7937 64.2242 38.0596 76.1621 64.0967 34.8252 32.5157
threshold=1.5544313764064441 3.5000000000000004 7.5000000000000009 -0.45218975719495608 7.5000000000000009 3.0240803418597677 0.48000000000000004 1.9936924257986131 0.027259844748239753 -1.0994183075655302 4.9842702640393926 14.500000000000002 3.5000000000000004 -0.59796545711328319 14.500000000000002 3.0050402359370429 -0.78140398427176605 11.500000000000002 3.0010643871955618 4.986826519457872 1.9948797934495948 0.027259844748239753 0.19112862607662964 -2.5349083810324538 -0.03975095889810764 -0.12477134196998574 4.9991424286896304 -0.59038552473514005 -0.096747904038029561 -0.41201096124242037
decision_type=2 2 2 2 2 2 2 2 2 2 2 2 2 2 2 2 2 2 2 2 2 2 2 2 2 2 2 2 2 2
left_child=1 3 -2 4 -1 7 -7 8 -5 10 16 -12 18 -8 15 20 23 -10 -4 -20 21 -6 -11 24 -3 26 -24 -28 -26 -9
right_child=2 9 12 5 14 6 13 29 17 22 11 -13 -14 -15 -16 -17 -18 -19 19 -21 -22 -23 25 -25 28 -27 27 -29 -30 -31
leaf_value=4.8802527159594611 4.9485565654309518 -2.659825577535234 -0.92509352427640379 -1.226097811310936 -1.1761242530727933 4.6274905663086692 5.2871226123937323 -0.76605082505550359 3.9639225942027649 -2.8032702267091114 3.9106904095628967 -1.3414851012389684 -2.2380432264405354 -1.7343534020469595 -2.2832545031758551 5.2871226123937323 -0.20241287889629977 -1.5351935233764886 4.8741929515444848 -0.64874126231423968 -1.4618352853574539 4.4444090188238334 -2.4292835499047563 -2.3102056232312838 -0.46886659944430109 -2.6846416517609488 4.0483336298459829 -1.2781619234108934 3.738636384209046 -2.1947507051051582
leaf_weight=115.51604533195496 248.10521686077118 6.4175580739974976 13.682718157768251 46.981368541717529 5.5699560642242485 37.899918437004089 2.5428060293197623 21.311136245727539 43.83313250541687 2205.7026014328003 10.89774012565613 9.2025361061096174 99.532693147659302 29.908242344856262 13.077288150787352 5.3277840614318839 20.584620237350464 2.7849780321121207 4.8434400558471662 3.8747520446777344 11.260998129844664 5.9332140684127808 461.09549331665039 346.30596399307251 3.9958380460739136 672.87490975856781 2.4217200279235831 33.661908388137817 3.8747520446777326 63.085806727409363
leaf_count=954 2049 53 113 388 46 313 21 176 362 18216 90 76 822 247 108 44 170 23 40 32 93 49 3808 2860 33 5557 20 278 32 521
internal_value=-1.80739 -2.21467 2.73874 1.62816 3.6086 0.378675 1.94673 -0.241079 1.19522 -2.62676 -1.93977 1.50608 -1.7577 -1.18416 0.0404869 1.12223 -2.12148 3.6354 0.376608 2.41956 0.147466 1.72289 -2.70842 -2.23103 -0.311924 -2.52961 -2.31979 -0.920679 1.60252 -1.83399
internal_weight=0 4182.07 370.039 405.033 156.685 248.347 70.351 177.996 93.5995 3777.04 401.279 20.1003 121.934 32.451 41.1692 28.092 381.179 46.6181 22.4009 8.71819 22.7642 11.5032 3375.76 360.594 14.2881 1170.05 497.179 36.0836 7.87059 84.3969
internal_count=37594 34538 3056 3345 1294 2051 581 1470 773 31193 3314 166 1007 268 340 232 3148 385 185 72 188 95 27879 2978 118 9663 4106 298 65 697
is_linear=0
shrinkage=1


Tree=78
num_leaves=31
num_cat=0
split_feature=1 36 46 8 46 35 48 35 35 14 35 0 36 46 6 49 35 38 49 20 22 14 1 35 38 49 35 35 20 6
split_gain=8402.6 6475.56 3513.28 986.906 774.02 299.635 608.941 345.587 601.765 228.52 240.354 130.35 120.314 118.28 97.346 85.7171 111.248 80.5969 64.4404 62.8282 59.1966 56.1523 64.6341 53.1602 48.7704 42.3588 42.81 60.58 36.1764 35.1692
threshold=1.5367684771616057 3.5000000000000004 10.500000000000002 -0.45218975719495608 7.0000000000000009 3.0240803418597677 48.000000000000007 1.9943605585800819 0.027259844748239753 -1.0994183075655302 4.0254942128589333 -0.59796545711328319 3.5000000000000004 7.0000000000000009 -0.78140398427176605 14.500000000000002 3.0240803418597677 310.50000000000006 11.500000000000002 -0.045099109276372951 -0.59203641594196876 -2.5349083810324538 -0.03975095889810764 0.014759048528931765 76.500000000000014 11.500000000000002 3.9886385348813689 4.986826519457872 0.31506752857924381 -0.1134011050109371
decision_type=2 2 2 2 2 2 2 2 2 2 2 2 2 2 2 2 2 2 2 2 2 2 2 2 2 2 2 2 2 2
left_child=1 3 20 4 -1 7 -7 8 -5 10 14 -8 23 -12 21 16 17 29 -10 -11 -2 22 -3 -4 -21 -25 -27 -28 -22 -6
right_child=2 9 12 5 15 6 11 -9 18 19 13 -13 -14 -15 -16 -17 -18 -19 -20 24 28 -23 -24 25 -26 26 27 -29 -30 -31
leaf_value=4.9407945097459756 4.9324841080118507 -2.7919359694394239 -2.2206894030471802 -1.4468072414555788 1.024622887498245 4.7297942357873826 5.2871226123937323 -1.7539311317117023 3.9869359251716037 -2.7805293020622557 3.548471408817941 -1.7293244703292998 -2.18589710346343 -1.2974314389862034 0.045141289037981203 -2.2206894030471807 5.2871226123937323 2.2444830061360999 -1.319751961194271 -2.687816795010936 0.24020453534734143 -2.2853896100054789 1.6739880799627938 5.2871226123937323 -2.1723466789349501 -1.5614668846182223 4.8013230113946133 -0.90682230034502098 4.3432833875954451 -2.5686123988846861
leaf_weight=112.60998129844666 245.32023882865906 5.5699560642242432 5.3277840614318874 47.223540544509888 3.7536660432815561 39.474036455154419 2.9060640335082999 87.060835003852844 41.532498478889465 2618.6058661937714 11.503170132637026 29.787156343460083 99.290521144866943 8.960364103317259 20.221362233161926 13.31946015357971 4.7223540544509879 9.2025361061096174 2.4217200279235831 398.37294459342957 4.3590960502624494 351.27049005031586 7.749504089355467 2.4217200279235831 340.37274992465973 4.9645260572433454 4.1169240474700928 3.3904080390930176 4.238010048866272 9.9290521144866979
leaf_count=930 2026 46 44 390 31 326 24 719 343 21626 95 246 820 74 167 110 39 76 20 3290 36 2901 64 20 2811 41 34 28 35 82
internal_value=-1.80739 -2.21377 2.73778 1.59106 3.58721 0.36711 2.08622 -0.328945 1.0317 -2.62225 -1.91293 -1.10564 -1.7331 1.4266 -2.09052 -0.137161 0.868051 -0.0438212 3.69456 -2.70787 4.8421 -2.20897 -0.19358 0.490215 -2.45032 1.45997 0.716833 2.22345 2.26285 -1.58286
internal_weight=0 4166.57 373.429 403.943 153.537 250.406 72.1673 178.239 91.1778 3762.63 405.275 32.6932 119.512 20.4635 384.811 40.9271 27.6076 22.8853 43.9542 3357.35 253.917 364.59 13.3195 20.2214 738.746 14.8936 12.4719 7.50733 8.59711 13.6827
internal_count=37494 34410 3084 3336 1268 2068 596 1472 753 31074 3347 270 987 169 3178 338 228 189 363 27727 2097 3011 110 167 6101 123 103 62 71 113
is_linear=0
shrinkage=1


Tree=79
num_leaves=31
num_cat=0
split_feature=10 36 46 2 46 35 35 40 35 14 35 46 0 36 49 35 6 38 14 1 38 9 35 49 40 40 14 31 0 29
split_gain=8482.39 6527.08 3699 809.129 738.088 236.672 484.552 388.708 618.286 231.536 261.464 146.992 125.584 119.715 108.773 133.509 108.762 105.642 66.9989 78.0882 59.1401 59.6612 44.8232 46.8584 43.8034 48.7781 40.582 38.8064 38.087 104.36
threshold=1.5544313764064441 3.5000000000000004 10.500000000000002 -0.5664734721152126 7.0000000000000009 3.0240803418597677 4.9796911294148956 0.20500000000000004 0.027259844748239753 -1.1453173209606649 4.0254942128589333 7.0000000000000009 -0.59796545711328319 3.5000000000000004 14.500000000000002 3.0240803418597677 -0.78140398427176605 310.50000000000006 -2.5349083810324538 -0.03975095889810764 76.500000000000014 0.19112862607662964 0.014759048528931765 14.500000000000002 0.41500000000000004 0.22500000000000003 0.9339492431873897 -0.5471014903804845 1.0746291346168835 0.19511648960278563
decision_type=2 2 2 2 2 2 2 2 2 2 2 2 2 2 2 2 2 2 2 2 2 2 2 2 2 2 2 2 2 2
left_child=1 3 -2 4 28 7 -7 8 -5 10 16 -12 -8 22 15 17 18 -6 19 -3 -11 -22 -4 24 25 -24 -23 -14 -1 -30
right_child=2 9 13 5 14 6 12 -9 -10 20 11 -13 27 -15 -16 -17 -18 -19 -20 -21 21 26 23 -25 -26 -27 -28 -29 29 -31
leaf_value=4.9343686307637196 4.9504413541473422 -2.8095374042582324 -2.073797428832032 -1.3420724834023385 -1.5644510194753083 4.538860810854823 5.2871226123937252 -1.7412081932115 3.9295456452181159 -2.8180448816229129 3.8545095033249042 -1.3600377817649296 2.0554991796604605 -2.2298008253960169 -2.3969597721053586 5.2871226123937323 0.42912660240255374 2.6030798168736067 -2.2883416338093374 1.8657054224999459 -2.6961512704367951 -2.1186125210773912 4.4612632906952356 -1.2429278382455733 5.0368622118790345 -1.1362276674834932 -2.7303437953362355 -1.875543542621698 -0.90682230034502154 4.5792431937950191
leaf_weight=96.384457111358643 252.46431291103363 6.17538607120514 5.5699560642242458 44.801820516586304 16.346610188484199 36.083628416061401 3.0271500349044826 82.096308946609497 44.196390509605408 1818.4695689678192 11.866428136825563 9.9290521144866926 2.7849780321121278 99.77486515045166 13.924890160560606 5.8121280670166007 16.467696189880371 9.6868801116943342 344.0053299665451 8.4760200977325404 1013.3687456846237 396.31448256969452 2.4217200279235822 5.2066980600357047 3.9958380460739136 4.3590960502624512 149.29903972148895 25.549146294593807 4.3590960502624538 16.952040195465088
leaf_count=796 2085 51 46 370 135 298 25 678 365 15018 98 82 23 824 115 48 136 80 2841 70 8369 3273 20 43 33 36 1233 211 36 140
internal_value=-1.80739 -2.20262 2.76968 1.62797 3.34177 0.45354 2.04003 -0.171848 1.27581 -2.61062 -1.88813 1.47899 -0.835078 -1.76812 -0.0656693 0.953716 -2.08377 -0.0137419 -2.19914 -0.104851 -2.69552 -2.55261 0.369084 1.22039 2.41053 0.862876 -2.286 -1.48916 4.66688 3.45709
internal_weight=0 4176.38 373.792 402.006 163.466 238.539 67.4449 171.095 88.9982 3774.37 396.92 21.7955 31.3613 121.328 45.7705 31.8456 375.124 26.0335 358.657 14.6514 3377.45 1558.98 21.5533 15.9834 10.7767 6.78082 545.614 28.3341 117.696 21.3111
internal_count=37578 34491 3087 3320 1350 1970 557 1413 735 31171 3278 180 259 1002 378 263 3098 215 2962 121 27893 12875 178 132 89 56 4506 234 972 176
is_linear=0
shrinkage=1


Tree=80
num_leaves=31
num_cat=0
split_feature=36 28 34 8 34 6 7 27 28 20 36 34 20 34 20 20 35 34 38 35 35 35 35 34 46 6 35 35 35 35
split_gain=7833.22 1893.61 1094.57 863.935 829.664 663.654 1130.36 418.062 681.068 330.653 350.573 379.147 368.508 306.985 271.298 268.704 203.508 188.707 167.793 165.517 243.365 199.784 247.151 143.15 136.345 129.836 103.46 201.501 198.772 149.523
threshold=3.5000000000000004 -0.60444103553701001 0.99370792528098861 -0.45218975719495608 0.02265276841760017 -0.76391761237567224 -0.14368015698676723 0.72016971130706675 -0.63920180630659384 0.11423349607541837 4.5000000000000009 0.032884218846469505 0.24890926196564281 0.017474852236608638 2.8324536785943715 1.5028455210247398 4.986826519457872 1.0270810437866207 163.50000000000003 3.9862864746365885 4.9842702640393926 1.9924316397407222 0.027259844748239753 0.019398414103355317 12.500000000000002 -0.11994562633178535 0.014759048528931765 1.0298598731766919 3.0240803418597677 4.9796911294148956
decision_type=2 2 2 2 2 2 2 2 2 2 2 2 2 2 2 2 2 2 2 2 2 2 2 2 2 2 2 2 2 2
left_child=2 4 3 -1 7 6 16 -2 -9 -7 15 12 -12 -8 19 -11 -3 18 25 21 -21 22 -5 -18 -17 -4 -20 -28 -29 -30
right_child=1 5 17 14 -6 9 13 8 -10 10 11 -13 -14 -15 -16 24 23 -19 26 20 -22 -23 -24 -25 -26 -27 27 28 29 -31
leaf_value=4.9530831277136169 4.8728119158894678 -2.1057422121900853 1.1399502610073236 -0.79153736965106769 -2.2194233301946609 -2.7019320168157037 3.7337205549132197 3.6742679370766615 -1.2278136873775474 -2.4439393198058861 -0.84500648285261803 -2.5244848892389911 3.7529175483688504 -1.5475752223524781 3.7204518124236778 4.0636273209885463 3.8123738236464084 -2.3027586032159681 -1.319751961194271 4.986810131776096 -0.30531058965910507 -1.4786636674103091 3.7159756101380492 -1.7097410853296739 -2.2206894030471807 -1.5774369669416293 5.0477430988579357 -1.1362276674834932 5.0659102940816325 -1.1362276674834932
leaf_weight=140.70193362236023 36.204714417457581 351.14940404891968 27.970866322517395 23.853942275047302 71.803998827934265 2893.8343473672867 50.856120586395264 51.46155059337616 63.085806727409363 384.8113124370575 40.442724466323853 46.981368541717529 30.634758353233337 14.045976161956785 44.680734515190125 9.8079661130905134 10.171224117279055 29.908242344856262 10.29231011867523 19.979190230369568 15.377922177314757 41.532498478889465 24.822630286216736 8.7181921005249006 5.3277840614318839 47.344626545906067 16.709868192672729 21.795480251312256 13.561632156372072 5.4488700628280631
leaf_count=1162 299 2900 231 197 593 23899 420 425 521 3178 334 388 253 116 369 81 84 247 85 165 127 343 205 72 44 391 138 180 112 45
internal_value=-1.80739 -2.25784 1.99774 3.11956 0.578197 -2.42192 -1.25859 1.91072 0.974496 -2.57022 -1.83442 -0.32025 1.13672 2.59075 1.60424 -2.28138 -1.93374 -0.0182578 0.459129 0.851215 2.6851 0.13243 1.50707 1.26371 1.85155 -0.568247 1.60025 2.12278 0.925017 3.28823
internal_weight=0 4069.34 483.981 310.949 222.556 3846.78 434.941 150.752 114.547 3411.84 518.006 118.059 71.0775 64.9021 170.247 399.947 370.039 173.032 143.124 125.566 35.3571 90.2091 48.6766 18.8894 15.1358 75.3155 67.8082 57.5159 40.806 19.0105
internal_count=37604 33607 3997 2568 1838 31769 3592 1245 946 28177 4278 975 587 536 1406 3303 3056 1429 1182 1037 292 745 402 156 125 622 560 475 337 157
is_linear=0
shrinkage=1


Tree=81
num_leaves=31
num_cat=0
split_feature=10 36 46 8 34 35 35 48 35 6 35 34 36 0 34 6 6 10 38 34 9 35 38 31 6 38 9 9 9 48
split_gain=8307.65 6597.31 3567.68 989.315 698.426 287.339 606.612 370.543 662.879 215.087 249.27 156.773 130.156 120.237 88.0428 80.6683 82.0142 83.843 76.2142 58.6598 57.3878 56.4839 49.4834 44.2623 42.4628 39.6189 38.8751 38.2695 31.9721 31.482
threshold=1.5544313764064441 3.5000000000000004 10.500000000000002 -0.45218975719495608 0.97420999951194476 3.0240803418597677 4.9796911294148956 20.500000000000004 0.027259844748239753 -0.76391761237567224 4.0254942128589333 0.98953557343827636 3.5000000000000004 -0.59796545711328319 1.0122097987417604 -0.78140398427176605 -1.1960081763610477 -1.0000000180025095e-35 76.500000000000014 1.005900340741958 0.19112862607662964 0.99063844480031193 76.500000000000014 -0.5471014903804845 -0.11689808151383169 78.500000000000014 0.37788823067859451 1.438366478306347 -0.030487985403406848 52.500000000000007
decision_type=2 2 2 2 2 2 2 2 2 2 2 2 2 2 2 2 2 2 2 2 2 2 2 2 2 2 2 2 2 2
left_child=1 3 -2 4 -1 7 19 8 -5 10 15 -12 21 -8 18 16 17 -3 -6 -7 -11 -4 -22 -15 -9 -24 -19 -27 -18 -23
right_child=2 9 12 5 14 6 13 24 -10 20 11 -13 -14 23 -16 -17 28 26 -20 -21 22 29 25 -25 -26 27 -28 -29 -30 -31
leaf_value=4.9206698830686406 4.9445439308002808 -2.3708456433559988 -2.1456112828927711 -1.4891590015426814 -1.1264657369669626 4.9959542617949033 5.2871226123937323 -0.97984844615437372 3.9031275952616302 -2.8030387692448673 3.7855602093055487 -1.7438418831475551 -2.2281972150626217 1.9225105610294677 -2.4739649891102475 -0.21860619892960376 -2.6535926769941134 -0.21860619892960309 2.1264264429303359 -0.080962978646520245 -2.7215985057065435 2.0426752771496228 -0.17983346082169294 -1.9609254430192671 -2.3948107290910721 -2.3931000698512799 4.5584232108950555 -0.90682230034502076 -2.0486353776933264 -1.7916715735934141
leaf_weight=111.88346529006958 245.19915282726288 6.659730076789856 6.0543000698089626 47.223540544509888 11.382084131240847 37.77883243560791 2.7849780321121207 37.657746434211731 44.075304508209229 2208.6086654663086 11.987514138221742 8.960364103317259 96.868801116943359 3.269322037696841 10.050138115882872 21.068964242935181 160.43895184993744 2.906064033508299 19.61593222618103 2.4217200279235831 624.31942319869995 13.561632156372072 8.5971060991287214 28.69738233089447 48.555486559867859 520.4276340007782 4.1169240474700928 17.920728206634521 191.80022621154785 2.5428060293197623
leaf_count=924 2025 55 50 390 94 312 23 311 364 18240 99 74 800 27 83 174 1325 24 162 20 5156 112 71 237 401 4298 34 148 1584 21
internal_value=-1.80739 -2.21501 2.76397 1.6191 3.62625 0.403264 2.04506 -0.289963 1.11401 -2.62536 -1.93945 1.42038 -1.72806 -1.01473 0.098095 -2.12132 -2.23088 0.17118 0.932005 4.69012 -2.70815 0.458328 -2.52921 -1.56376 -1.77676 -2.30961 2.58172 -2.34362 -2.32418 1.43725
internal_weight=0 4193.21 364.227 405.396 152.932 252.464 74.9522 177.512 91.2988 3787.81 407.939 20.9479 119.028 34.7517 41.0482 386.991 365.922 13.6827 30.998 40.2006 3379.87 22.1587 1171.26 31.9667 86.2132 546.945 7.02299 538.348 352.239 16.1044
internal_count=37638 34630 3008 3348 1263 2085 619 1466 754 31282 3369 173 983 287 339 3196 3022 113 256 332 27913 183 9673 264 712 4517 58 4446 2909 133
is_linear=0
shrinkage=1


Tree=82
num_leaves=31
num_cat=0
split_feature=10 9 46 8 34 42 42 14 40 49 40 40 40 40 20 34 20 20 6 38 49 20 38 20 9 9 20 6 14 6
split_gain=8461.27 5068.13 3617.88 823.118 706.98 319.584 300.187 202.132 253.772 178.801 315.106 488.854 330.373 655.93 127.001 114.054 111.88 85.1051 73.5364 72.9804 85.165 72.7673 61.1414 60.6579 57.7075 78.9971 56.3498 54.9725 52.7112 40.67
threshold=1.5544313764064441 1.20733357875903 10.500000000000002 -0.45218975719495608 0.020791928420009497 0.21875000000000003 0.84375000000000011 -1.0994183075655302 0.52500000000000013 14.500000000000002 0.38000000000000006 0.43500000000000005 0.13500000000000004 0.10500000000000002 2.8324536785943715 0.012217423206805253 1.5756240812339708 0.39917989043618091 -1.1960081763610477 76.500000000000014 14.500000000000002 1.0000000180025095e-35 76.500000000000014 -0.18400631605888315 1.3528464379280607 1.293112571040208 1.0422042645942826 -0.23683160362885972 -1.170666182468995 -0.78140398427176605
decision_type=2 2 2 2 2 2 2 2 2 2 2 2 2 2 2 2 2 2 2 2 2 2 2 2 2 2 2 2 2 2
left_child=1 5 -2 4 6 27 23 8 17 10 12 -12 13 -5 -4 -10 21 29 -19 -6 -21 -9 -23 -3 25 -25 -27 -1 -20 -7
right_child=2 3 14 9 19 7 -8 16 15 -11 11 -13 -14 -15 -16 -17 -18 18 28 20 -22 22 -24 24 -26 26 -28 -29 -30 -31
leaf_value=3.7855602093055496 4.9316995967691373 -0.3437363991869522 -2.2635911859925573 -1.3955554738139402 -2.1134349456837391 -2.4080058271708173 -1.8784215023432567 -2.7786034669464419 3.7855602093055487 -2.2078335605549873 4.9030019976502448 -1.1175006987374954 -1.6852125757407026 4.1073235813958746 0.49021517498328082 -1.1103791754115526 3.1460058524346572 3.9106904095628985 -1.5307823529796372 1.4900682597569483 -2.2635911859925573 -2.6886218893466909 -2.0630598910542348 4.3535425096041216 4.8270948735165842 -2.2206894030471807 3.566582358855189 -0.031971323969490317 2.356654051528086 -0.76497623364107992
leaf_weight=7.9916760921478271 250.40585088729858 2.6638920307159415 97.474231123924255 50.129604578018188 18.647244215011597 299.93002545833588 8.2338480949401838 2680.6018989086151 10.655568122863771 35.357112407684326 31.240188360214233 23.732856273651123 97.958575129508972 38.142090439796448 20.221362233161926 8.5971060991287214 3.2693220376968375 2.9060640335082999 49.282002568244934 21.068964242935184 8.4760200977325422 339.4040619134903 289.51662933826447 13.92489016056061 91.298845052719116 3.9958380460739127 2.9060640335083008 7.144074082374571 3.7536660432815543 15.862266182899473
leaf_count=66 2068 22 805 414 154 2477 68 22138 88 292 258 196 809 315 167 71 27 24 407 174 70 2803 2391 115 754 33 24 59 31 131
internal_value=-1.80739 -2.21931 2.78238 0.959066 2.68222 -2.60201 3.95404 -2.62075 -1.94074 -0.10772 0.200128 2.30384 -0.420865 0.982232 -1.79046 1.59932 -2.701 -2.12409 -0.987263 -0.564443 0.413199 -2.70678 -2.40065 4.37241 4.48445 2.9824 0.216057 1.98369 -1.25564 -2.32548
internal_weight=0 4166.69 368.101 447.776 171.216 3718.91 123.023 3703.78 390.987 276.56 241.203 54.973 186.23 88.2717 117.696 19.2527 3312.79 371.734 55.9417 48.1922 29.545 3309.52 628.921 114.79 112.126 20.8268 6.9019 15.1358 53.0357 315.792
internal_count=37451 34411 3040 3698 1414 30713 1016 30588 3229 2284 1992 454 1538 729 972 159 27359 3070 462 398 244 27332 5194 948 926 172 57 125 438 2608
is_linear=0
shrinkage=1


Tree=83
num_leaves=31
num_cat=0
split_feature=10 9 34 8 34 42 42 14 35 35 40 40 35 20 34 20 38 20 3 20 34 20 49 42 42 38 32 14 8 14
split_gain=8271.78 5101.73 3613.74 695.082 649.591 318.892 282.209 246.706 256.053 208.51 625.769 350.536 711.334 128.036 122.554 116.367 88.0014 87.526 90.849 69.0859 68.0403 65.2349 62.8283 61.9229 135.973 56.9359 53.7216 50.9842 48.8912 48.5473
threshold=1.5544313764064441 1.20733357875903 0.97420999951194476 -0.6666296841194187 0.020791928420009497 0.84375000000000011 0.21875000000000003 -1.0994183075655302 4.0254942128589333 3.9809838485361291 0.43500000000000005 0.13500000000000004 0.97884450118364696 3.2996391400410725 0.99149561030469757 1.5756240812339708 481.50000000000006 0.39917989043618091 1.0326678788031713 -0.041489184732071804 1.0078330176642523 0.44064700979298616 14.500000000000002 0.28125000000000006 0.21875000000000003 76.500000000000014 2.0327545989940963 -1.170666182468995 0.072240285543918384 -1.170666182468995
decision_type=2 2 2 2 2 2 2 2 2 2 2 2 2 2 2 2 2 2 2 2 2 2 2 2 2 2 2 2 2 2
left_child=1 6 -2 4 5 21 28 8 17 11 20 12 -5 -4 -10 19 -6 27 29 -9 -11 23 -18 24 -3 -21 -12 -8 -1 -19
right_child=2 3 13 9 16 -7 7 15 14 10 26 -13 -14 -15 -16 -17 22 18 -20 25 -22 -23 -24 -25 -26 -27 -28 -29 -30 -31
leaf_value=3.0440479114842254 4.9457240738963222 4.3236200704121472 -2.1669362888521224 -1.4915014661492689 -1.3140366717707521 -2.1213213028428157 -2.3466428283062224 -2.7757458369522947 3.7935472433645283 5.0045091562991892 -1.5634481544823531 -1.7198917652915533 3.9657476976761319 0.82627664117555533 -1.2711720010943592 3.3812934084741166 3.0160094777228568 -1.602399001775576 2.9531723554197096 -2.6892863261065907 -0.49389263949577056 4.7303635191138458 -2.0538491360373827 4.7644268391668341 -2.1287570110213734 -2.1171333752479957 1.8001610318889529 -0.65696040365279917 -0.71912699995899798 2.0337374057026705
leaf_weight=9.8079661130905134 246.04675483703613 7.2651600837707537 103.16527318954468 54.730872631072998 34.993854403495789 8.2338480949401838 294.48115539550781 2621.0275862216949 11.382084131240847 31.845618367195129 36.931230425834656 109.461745262146 42.38010048866272 16.58878219127655 8.2338480949401838 3.1482360363006583 9.6868801116943342 45.286164522171021 5.5699560642242423 372.09728229045868 2.4217200279235831 86.21323299407959 3.2693220376968375 9.565794110298155 5.9332140684127808 326.5689457654953 5.4488700628280631 19.010502219200134 5.3277840614318839 3.9958380460739127
leaf_count=81 2032 60 852 452 289 68 2432 21646 94 263 305 904 350 137 68 26 80 374 46 3073 20 712 27 79 49 2697 45 157 44 33
internal_value=-1.80739 -2.20632 2.75296 0.980522 2.61095 3.87941 -2.58982 -2.6074 -1.8528 0.0297283 1.43833 -0.492924 0.890091 -1.75231 1.66762 -2.6955 -0.489722 -2.04027 -0.874918 -2.70126 4.61593 4.3328 1.7367 2.82712 1.42301 -2.42185 -1.13098 -2.24418 1.71941 -1.30758
internal_weight=0 4174.32 365.801 448.381 165.161 117.211 3725.94 3710.8 387.96 283.22 76.6474 206.573 97.111 119.754 19.6159 3322.84 47.9501 368.344 54.852 3319.69 34.2673 108.977 12.9562 22.7642 13.1984 698.666 42.3801 313.492 15.1358 49.282
internal_count=37495 34474 3021 3703 1364 968 30771 30646 3204 2339 633 1706 802 989 162 27442 396 3042 453 27416 283 900 107 188 109 5770 350 2589 125 407
is_linear=0
shrinkage=1


Tree=84
num_leaves=31
num_cat=0
split_feature=10 36 46 8 34 35 35 35 35 6 35 34 20 49 0 49 35 34 6 6 20 1 6 35 35 3 6 6 6 25
split_gain=8350.2 6591.8 3540.89 987.071 737.685 238.752 569.1 435.874 591.864 223.169 264.523 139.55 120.131 102.333 99.0464 84.7296 116.951 78.4833 77.865 84.1283 70.6865 69.087 56.6725 48.552 55.6173 43.4201 32.2024 31.5701 29.0315 28.1691
threshold=1.5544313764064441 3.5000000000000004 10.500000000000002 -0.45218975719495608 0.97420999951194476 3.0240803418597677 4.9796911294148956 1.9936924257986131 0.027259844748239753 -0.76391761237567224 4.0254942128589333 0.98953557343827636 2.8324536785943715 11.500000000000002 -0.59444722031790043 14.500000000000002 3.0240803418597677 1.008484852442292 -1.1960081763610477 -0.78140398427176605 -0.045099109276372951 -0.03975095889810764 -0.11994562633178535 3.0010643871955618 4.986826519457872 1.0797144736805679 -0.76391761237567224 -0.48839902243760774 -0.47013240481795476 -0.51780936920952192
decision_type=2 2 2 2 2 2 2 2 2 2 2 2 2 2 2 2 2 2 2 2 2 2 2 2 2 2 2 2 2 2
left_child=1 3 -2 4 -1 7 17 8 28 10 18 -12 -4 -10 -8 16 22 -7 21 29 -11 -3 -6 -14 -25 -23 -9 -16 -5 -20
right_child=2 9 12 5 15 6 14 26 13 20 11 -13 23 -15 27 -17 -18 -19 19 -21 -22 25 -24 24 -26 -27 -28 -29 -30 -31
leaf_value=4.9426465316852681 4.9384534829579394 -2.9714706045912713 -2.1506779044982838 0.1255018517781048 2.1107406058610372 4.9770730376946375 4.8938562687277809 0.51549097591350801 4.1890271153984973 -2.7774997774446222 3.8962016495330984 -1.3876308095530518 -0.73316029344580369 -1.9391464524681463 1.1578260039012278 -2.1773751029580986 5.1035983186829554 -0.90682230034502076 -2.6861292792265385 -0.2021219809316297 -2.4283366863653333 -0.2930079396231613 -1.2114425419551236 4.4814062009805635 -0.83035384463219686 4.1400957767013704 -1.9969316168078675 -1.9865007713728768 -1.7009178019781943 -2.0914926379439618
leaf_weight=113.21541130542755 246.65218484401703 4.3590960502624521 98.685091137886047 11.624256134033201 7.8705900907516506 35.478198409080505 2.5428060293197623 5.4488700628280631 43.712046504020691 2629.2614343166351 11.503170132637026 8.8392781019210798 12.956202149391176 2.9060640335082999 3.6325800418853786 12.592944145202635 5.4488700628280631 2.4217200279235831 122.66011941432953 20.221362233161926 743.83130657672882 4.4801820516586268 14.772492170333864 4.9645260572433454 3.2693220376968384 4.3590960502624512 80.037846922874451 26.396748304367065 34.630596399307251 227.27842462062836
leaf_count=935 2037 36 815 96 65 293 21 45 361 21714 95 73 107 24 30 104 45 20 1013 167 6143 37 122 41 27 36 661 218 286 1877
internal_value=-1.80739 -2.20631 2.77162 1.63954 3.63021 0.408324 1.96666 -0.207393 1.29242 -2.61641 -1.91376 1.60025 -1.6868 3.80701 -1.0987 -0.021973 0.944242 4.60111 -2.10022 -2.18532 -2.7005 0.286507 -0.056673 0.473543 2.37233 1.89318 -1.83679 -1.60614 -1.24192 -2.29992
internal_weight=0 4179.53 366.527 402.732 153.9 248.832 70.4721 178.36 92.873 3776.79 403.701 20.3424 119.875 46.6181 32.5721 40.6849 28.092 37.8999 383.358 370.16 3373.09 13.1984 22.6431 21.1901 8.23385 8.83928 85.4867 30.0293 46.2549 349.939
internal_count=37544 34517 3027 3326 1271 2055 582 1473 767 31191 3334 168 990 385 269 336 232 313 3166 3057 27857 109 187 175 68 73 706 248 382 2890
is_linear=0
shrinkage=1


Tree=85
num_leaves=31
num_cat=0
split_feature=10 36 46 2 46 35 35 40 35 14 35 46 36 0 38 46 14 6 1 20 38 38 35 35 25 2 6 38 14 9
split_gain=8222.92 6480.1 3543.54 774.904 768.414 240.799 553.441 415.142 556.525 208.025 205.069 146.82 116.138 106.97 88.3871 76.353 71.6114 76.3097 73.9587 70.3885 58.3835 51.2483 49.3751 48.4166 45.0448 113.724 39.5377 39.3759 38.9695 34.1721
threshold=1.5544313764064441 3.5000000000000004 10.500000000000002 -0.5664734721152126 7.0000000000000009 3.0240803418597677 4.9796911294148956 0.20500000000000004 0.027259844748239753 -1.0994183075655302 4.0254942128589333 7.0000000000000009 3.5000000000000004 -0.59796545711328319 76.500000000000014 17.000000000000004 -2.5349083810324538 -0.78140398427176605 -0.03975095889810764 1.0000000180025095e-35 76.500000000000014 481.50000000000006 3.0010643871955618 4.9997658460721155 2.1637088527829786 -0.73889303703670028 1.3878316539155395 78.500000000000014 0.085535989164709295 1.4973996768058531
decision_type=2 2 2 2 2 2 2 2 2 2 2 2 2 2 2 2 2 2 2 2 2 2 2 2 2 2 2 2 2 2
left_child=1 3 -2 4 24 7 -7 8 -5 10 16 -12 22 -8 -6 26 18 -18 -3 -11 -21 -20 -4 -24 -1 -26 -16 -22 -9 -29
right_child=2 9 12 5 14 6 13 28 -10 19 11 -13 -14 -15 15 -17 17 -19 21 20 27 -23 23 -25 25 -27 -28 29 -30 -31
leaf_value=4.9554951645614338 4.9419873734749569 -2.6200411059961652 -0.73316029344580369 -1.2578720120180145 -1.9319274024532993 4.6393898110615766 5.2871226123937234 -1.0367652006122674 3.8528571237296707 -2.7661647587800973 3.8297238093963775 -1.6674822019094291 -2.1689750767415608 -1.6360385099298669 2.1841829643935853 -2.4328666991357282 -2.2869113368709422 -0.2528032722918605 4.5584232108950573 -2.6762252072583634 0.74489634305198038 -0.46886659944430109 4.4400874106516817 -0.81705498276909716 4.4911136276240935 -0.90682230034502076 -1.4967218158439497 -2.1881813510215604 -2.4443263566986122 -0.21860619892960376
leaf_weight=93.478393077850342 243.38286280632019 5.6910420656204215 12.956202149391176 42.016842484474182 17.315298199653625 37.052316427230835 2.4217200279235866 34.630596399307251 43.227702498435974 2717.8963873386383 10.292310118675234 9.2025361061096174 98.442919135093689 28.455210328102112 20.947878241539009 5.5699560642242423 341.82578194141388 19.494846224784851 4.116924047470091 362.41040217876434 4.8434400558471671 3.9958380460739136 4.7223540544509879 2.7849780321121216 20.100276231765751 4.8434400558471671 3.3904080390930167 293.63355338573456 45.528336524963379 9.0814501047134382
leaf_count=772 2010 47 107 347 143 306 20 286 357 22446 85 76 813 235 173 46 2823 161 34 2993 40 33 39 23 166 40 28 2425 376 75
internal_value=-1.80739 -2.21025 2.756 1.62276 3.27681 0.448538 2.03374 -0.202484 1.33379 -2.61456 -1.92743 1.23477 -1.71838 -1.09305 -0.133903 0.907059 -2.09176 -2.17716 0.143613 -2.6946 -2.40428 2.0823 0.449248 2.48986 4.63691 3.44297 1.67142 -2.08383 -1.83623 -2.12909
internal_weight=0 4181.46 362.289 398.978 165.646 233.333 67.9292 165.403 85.2445 3782.48 394.619 19.4948 118.906 30.8769 47.2235 29.9082 375.124 361.321 13.8038 3387.87 669.969 8.11276 20.4635 7.50733 118.422 24.9437 24.3383 307.558 80.1589 302.715
internal_count=37525 34533 2992 3295 1368 1927 561 1366 704 31238 3259 161 982 255 390 247 3098 2984 114 27979 5533 67 169 62 978 206 201 2540 662 2500
is_linear=0
shrinkage=1


Tree=86
num_leaves=31
num_cat=0
split_feature=10 36 46 8 46 6 35 35 40 40 35 46 0 20 46 6 20 6 6 10 35 35 6 25 6 20 33 5 15 35
split_gain=8291.71 6730.82 3603.69 930.36 681.824 237.984 260.781 221.21 615.504 383.465 636.03 128.381 125.158 117.378 75.1368 70.9041 69.8052 66.8074 64.1626 82.7426 48.4101 65.7493 45.8998 33.0929 29.9807 29.9447 28.908 28.6697 31.7616 28.1961
threshold=1.5544313764064441 3.5000000000000004 10.500000000000002 -0.45218975719495608 7.0000000000000009 -0.76391761237567224 4.0254942128589333 3.0240803418597677 0.48000000000000004 0.20500000000000004 0.027259844748239753 7.0000000000000009 -0.59796545711328319 2.8324536785943715 17.000000000000004 -0.11994562633178535 -0.041489184732071804 -0.78140398427176605 -1.1960081763610477 -1.0000000180025095e-35 3.0010643871955618 4.986826519457872 -0.11689808151383169 -0.51780936920952192 -0.47013240481795476 -0.24049787655984853 -0.096747904038029561 -0.45357046729783151 -0.72974832611010021 3.0050402359370429
decision_type=2 2 2 2 2 2 2 2 2 2 2 2 2 2 2 2 2 2 2 2 2 2 2 2 2 2 2 2 2 2
left_child=1 3 -2 4 -1 6 17 9 -9 10 27 -8 -10 -4 15 -6 -7 18 19 -3 -15 -22 -11 -20 -14 -19 -21 -5 -29 -17
right_child=2 5 13 7 14 16 11 8 12 22 -12 -13 24 20 -16 29 -18 25 23 26 21 -23 -24 -25 -26 -27 -28 28 -30 -31
leaf_value=4.9117320116216874 4.935607147678617 -2.5290459679670754 -2.1706373229442413 -2.189591956829378 2.8180586609239895 -2.7772400245684734 3.8092690893543097 4.6518462110871948 5.2871226123937323 -0.85176501223178736 3.9325385397665626 -1.319751961194271 0.89974496587044639 -0.75934742147028889 -2.4134575493895825 -1.1114270872523071 -2.4274009133708327 -1.7270250513469563 -2.6803822233279537 -0.098916442161705698 4.6677281211198594 -1.1362276674834932 -2.358100286088407 -2.0324978168325325 -2.0698774586322104 0.69901526962428573 4.0726236098959401 2.6593884069894069 -0.97944812009237636 1.3751574043482044
leaf_weight=111.88346529006958 247.49978685379028 6.7808160781860352 99.895951151847839 20.463534235954285 11.745342135429381 2636.0422503948212 11.503170132637026 39.35295045375824 2.7849780321121207 36.32580041885376 45.770508527755737 8.4760200977325422 3.874752044677737 13.561632156372072 8.960364103317259 13.440546154975893 727.84795439243317 8.8392781019210833 120.23839938640594 2.7849780321121216 4.8434400558471662 3.2693220376968384 45.649422526359558 228.97362864017487 27.728694319725037 11.987514138221739 4.116924047470091 2.663892030715945 24.096114277839661 6.9019020795822135
leaf_count=924 2044 56 825 169 97 21770 95 325 23 300 378 70 32 112 74 111 6011 73 993 23 40 27 377 1891 229 99 34 22 199 57
internal_value=-1.80739 -2.19963 2.7456 1.69188 3.63279 -2.61448 -1.88899 0.498425 1.95114 -0.113826 1.27611 1.63332 -1.13946 -1.71294 0.146818 0.861763 -2.70155 -2.07238 -2.17234 -0.0480748 0.396559 2.32882 -1.6906 -2.25557 -1.70579 -0.330641 2.38937 -1.29858 -0.617211 -0.267764
internal_weight=0 4169.23 369.07 401.642 152.932 3767.59 403.701 248.711 73.7414 174.969 92.994 19.9792 34.3884 121.57 41.0482 32.0878 3363.89 383.722 362.895 13.6827 21.6744 8.11276 81.9752 349.212 31.6034 20.8268 6.9019 47.2235 26.76 20.3424
internal_count=37480 34432 3048 3317 1263 31115 3334 2054 609 1445 768 165 284 1004 339 265 27781 3169 2997 113 179 67 677 2884 261 172 57 390 221 168
is_linear=0
shrinkage=1


Tree=87
num_leaves=31
num_cat=0
split_feature=10 9 34 8 34 14 40 49 40 40 40 40 20 9 9 34 20 20 20 38 20 38 14 14 10 49 10 40 40 14
split_gain=8417.78 4935.92 3532.32 797.581 654.128 249.679 232.175 183.481 336.685 492.714 353.034 688.022 154.365 151.684 200.495 146.562 135.529 95.7857 93.1149 74.4556 73.5747 69.4154 63.588 59.5005 66.8056 54.917 52.5059 51.509 55.4652 41.4071
threshold=1.5544313764064441 1.20733357875903 0.032884218846469505 -0.68045660522688289 0.020791928420009497 -1.0994183075655302 0.52500000000000013 14.500000000000002 0.38000000000000006 0.43500000000000005 0.13500000000000004 0.080000000000000016 1.5028455210247398 1.3528464379280607 1.293112571040208 0.012217423206805253 2.8324536785943715 1.0000000180025095e-35 1.0422042645942826 432.50000000000006 1.0422042645942826 76.500000000000014 -1.170666182468995 -2.5349083810324538 -1.0000000180025095e-35 14.500000000000002 -0.75160221285459516 0.38000000000000006 0.51500000000000012 0.085535989164709295
decision_type=2 2 2 2 2 2 2 2 2 2 2 2 2 2 2 2 2 2 2 2 2 2 2 2 2 2 2 2 2 2
left_child=1 5 -2 4 13 6 18 8 10 -10 11 -5 17 14 -3 -8 -4 -7 22 -6 -16 -19 23 24 -1 -21 -23 -18 -29 -12
right_child=2 3 16 7 19 12 15 -9 9 -11 29 -13 -14 -15 20 -17 27 21 -20 25 -22 26 -24 -25 -26 -27 -28 28 -30 -31
leaf_value=-2.206786047463031 4.9540165406806143 4.4253563636648607 -2.1722519061733685 -1.4095617219463539 -1.2842311301534752 -2.7739639780981142 3.8662893707619026 -2.1482667791040209 4.9443130826320907 -1.0307011985997958 -0.97309496196280165 4.0898709330083332 1.6436256049003486 4.5545054721773219 -2.5368078036973243 -1.5950384017604378 -0.53450867171045124 -2.6514611269334813 0.24020453534734099 2.9607583259190835 3.063655207820847 2.5342582067320643 -0.53240421408274718 -2.3210399385053648 2.5342582067320651 -1.7916715735934141 -2.029374209711571 4.8524598114997861 -0.65906450383547099 -2.2287277456761325
leaf_weight=6.5386440753936768 246.16784083843231 13.92489016056061 97.595317125320435 51.219378590583801 33.782994389533997 2698.6437131166458 11.260998129844667 37.657746434211731 32.087790369987488 24.21720027923584 49.039830565452576 40.927068471908569 8.2338480949401838 90.087985038757324 9.2025361061096174 8.7181921005249006 14.772492170333864 340.61492192745209 17.436384201049805 8.5971060991287214 3.1482360363006583 2.5428060293197623 23.369598269462585 319.78812968730927 5.4488700628280622 3.3904080390930167 295.08658540248871 4.6012680530548087 3.02715003490448 56.547162652015686
leaf_count=54 2033 115 806 423 279 22287 93 311 265 200 405 338 68 744 76 72 122 2813 144 71 26 21 193 2641 45 28 2437 38 25 467
internal_value=-1.80739 -2.21423 2.78551 0.90002 2.67817 -2.59236 -1.83789 -0.0883337 0.217023 2.37441 -0.397298 1.03302 -2.6809 3.9379 1.82384 1.48316 -1.6631 -2.69157 -2.01598 -0.52448 -1.10924 -2.34318 -2.12675 -2.23905 -0.0517659 1.61664 -1.99038 0.555172 2.66535 -1.64555
internal_weight=0 4191.51 366.164 453.83 162.134 3737.68 392.561 291.696 254.038 56.305 197.733 92.1464 3345.12 116.364 26.2757 19.9792 119.996 3336.89 372.582 45.7705 12.3508 638.244 355.145 331.776 11.9875 11.9875 297.629 22.4009 7.62842 105.587
internal_count=37640 34616 3024 3748 1339 30868 3242 2409 2098 465 1633 761 27626 961 217 165 991 27558 3077 378 102 5271 2933 2740 99 99 2458 185 63 872
is_linear=0
shrinkage=1


Tree=88
num_leaves=31
num_cat=0
split_feature=1 36 34 8 34 35 48 35 35 14 35 9 34 0 6 34 20 34 14 7 22 6 34 35 35 20 14 6 20 35
split_gain=8104.7 6324.63 3412.59 898.498 756.247 279.721 618.011 373.854 589.076 253.701 249.808 154.617 136.589 113.967 89.6105 86.2597 61.4145 59.71 57.4033 71.9046 57.2642 47.0999 46.3546 43.7242 48.122 39.4938 34.38 33.9541 29.437 28.3851
threshold=1.5367684771616057 3.5000000000000004 0.97916257029051346 -0.45218975719495608 0.97420999951194476 3.0240803418597677 48.000000000000007 1.9936924257986131 0.027259844748239753 -1.0994183075655302 4.0254942128589333 1.20733357875903 0.012217423206805253 -0.59796545711328319 -0.78140398427176605 1.0111995650533114 -0.041489184732071804 1.0078330176642523 -2.5349083810324538 -1.281659524803332 -0.59203641594196876 -0.11994562633178535 1.0144189986074055 3.9886385348813689 4.9997658460721155 0.31506752857924381 0.085535989164709295 -0.47013240481795476 1.0422042645942826 1.9959602219650494
decision_type=2 2 2 2 2 2 2 2 2 2 2 2 2 2 2 2 2 2 2 2 2 2 2 2 2 2 2 2 2 2
left_child=1 3 20 4 -1 7 17 8 -5 10 14 -4 -12 -8 18 21 -11 -7 19 -3 -2 -6 -10 29 -25 -22 -9 -15 -20 -13
right_child=2 9 11 5 15 6 13 26 22 16 12 23 -14 27 -16 -17 -18 -19 28 -21 25 -23 -24 24 -26 -27 -28 -29 -30 -31
leaf_value=4.8929833134699212 4.8798039736093699 -2.7919359694394239 -2.2515434250284447 -1.3542526117090909 2.3248011323882412 5.0442228118941745 5.2871226123937323 -1.0454382642343449 4.0072821430948871 -2.7756972786190151 3.8662893707619026 0.73430840303020384 -1.2381856084339253 1.0326958036438794 -0.025422731865627046 -2.6765208468418074 -2.4473120146077161 -0.080962978646520245 -2.3042320780629204 1.9836853255997315 -0.13257918625267662 -0.2528032722918605 -0.49389263949577056 4.6351284110528113 -0.56271424963731254 4.315523410395496 -2.3536207379839151 -2.0961358396573777 -0.85563267296701451 -2.0928968581035057
leaf_weight=109.09848725795746 240.59788477420807 5.5699560642242432 97.232059121131897 46.375938534736633 11.139912128448488 37.052316427230835 2.5428060293197623 34.267338395118713 41.411412477493286 2630.5933803319931 11.260998129844667 9.4447081089019793 9.8079661130905134 3.9958380460739162 20.705706238746643 10.171224117279051 726.87926638126373 2.4217200279235831 329.71718180179596 7.2651600837707502 3.8747520446777335 19.494846224784851 2.4217200279235831 4.6012680530548087 2.9060640335083008 4.1169240474700928 48.555486559867859 26.275662302970886 14.651406168937681 5.6910420656204215
leaf_count=901 1987 46 803 383 92 306 21 283 342 21725 93 78 81 33 171 84 6003 20 2723 60 32 161 20 38 24 34 401 217 121 47
internal_value=-1.80739 -2.21467 2.679 1.59049 3.51933 0.411862 2.06392 -0.278325 1.13011 -2.61502 -1.86113 -1.70348 1.49007 -1.143 -2.04797 -0.153256 -2.7046 4.72979 -2.16521 -0.0887541 4.79233 0.684507 3.7586 0.649945 2.62306 2.15887 -1.81237 -1.68313 -2.2426 -0.328721
internal_weight=0 4151.68 368.465 395.225 149.904 245.32 72.2883 173.032 90.2091 3756.45 398.978 119.875 21.069 32.8143 377.909 40.806 3357.47 39.474 357.204 12.8351 248.59 30.6348 43.8331 22.6431 7.50733 7.99168 82.8228 30.2715 344.369 15.1358
internal_count=37330 34287 3043 3264 1238 2026 597 1429 745 31023 3295 990 174 271 3121 337 27728 326 2950 106 2053 253 362 187 62 66 684 250 2844 125
is_linear=0
shrinkage=1


Tree=89
num_leaves=31
num_cat=0
split_feature=10 36 46 8 34 40 40 40 40 14 40 34 20 0 49 40 6 20 38 14 10 34 38 40 31 40 31 38 40 34
split_gain=8299.5 6493.32 3681.78 947.042 747.447 284.757 581.639 436.412 654.455 227.145 244.268 147.191 137.704 117.588 105.604 111.327 79.6103 75.0919 71.7879 69.3008 69.1893 68.5165 60.6307 52.7805 41.9648 40.1873 35.699 34.6128 34.1283 33.271
threshold=1.5544313764064441 3.5000000000000004 10.500000000000002 -0.6644258747553895 0.97420999951194476 0.38000000000000006 0.48000000000000004 0.20500000000000004 0.080000000000000016 -1.0994183075655302 0.53500000000000014 0.98953557343827636 2.8324536785943715 -0.59796545711328319 14.500000000000002 0.38000000000000006 -0.78140398427176605 -0.041489184732071804 236.50000000000003 -2.5349083810324538 -1.0000000180025095e-35 1.0078330176642523 76.500000000000014 0.38000000000000006 -0.5471014903804845 0.51500000000000012 0.12399398673540513 86.500000000000014 0.44500000000000006 1.013012569934941
decision_type=2 2 2 2 2 2 2 2 2 2 2 2 2 2 2 2 2 2 2 2 2 2 2 2 2 2 2 2 2 2
left_child=1 3 -2 4 -1 7 21 8 -5 10 16 -12 -4 -8 15 18 19 -11 -6 20 -3 -7 -19 -14 -15 -25 -20 28 -24 -10
right_child=2 9 12 5 14 6 13 -9 29 17 11 -13 23 24 -16 -17 -18 22 26 -21 -22 -23 27 25 -26 -27 -28 -29 -30 -31
leaf_value=4.909689625328042 4.9381679694225351 -2.1591499602976647 -2.2567846531214157 -1.3799708700681199 -1.5675097577038213 4.9940757563071685 5.2871226123937323 -1.831583584114316 4.1400957767013704 -2.7691745846706191 3.6517576189313545 -1.4967218158439497 -0.58082519967456037 1.7083988850335605 -2.3251459180446195 5.1035983186829554 -0.096643851843327244 -2.6756177551156917 3.9106904095629003 -2.2793935432801162 2.2444830061360999 -0.49389263949577056 -1.41151410804966 4.801323011394615 -1.9035490679121765 0.0016229535233291958 0.010799168208868393 -2.1901675228932227 2.110740605861039 0.33196668220272985
leaf_weight=111.27803528308868 249.31607687473297 7.3862460851669312 100.74355316162109 46.497024536132812 12.108600139617925 37.536660432815552 2.7849780321121207 89.482555031776428 43.590960502624512 2644.6393564939499 12.229686141014101 10.171224117279051 13.80380415916443 3.6325800418853786 13.924890160560606 5.4488700628280631 19.131588220596313 395.46688055992126 5.0856120586395246 345.33727598190308 6.9019020795822126 2.4217200279235831 21.795480251312259 4.1169240474700919 28.091952323913574 3.02715003490448 4.3590960502624512 318.69835567474365 3.1482360363006583 2.4217200279235831
leaf_count=919 2059 61 832 384 100 310 23 739 360 21841 101 84 114 30 115 45 158 3266 42 2852 57 20 180 34 232 25 36 2632 26 20
internal_value=-1.80739 -2.19719 2.73731 1.58972 3.56576 0.41697 2.06426 -0.257069 1.26592 -2.60607 -1.89459 1.31407 -1.77171 -0.943044 -0.0882931 1.06524 -2.08436 -2.69042 0.0443078 -2.1901 -0.0319713 4.66147 -2.40863 0.561107 -1.48997 2.76755 2.11074 -2.10138 -0.966958 3.93967
internal_weight=0 4193.57 371.008 408.665 152.205 256.46 74.4679 181.992 92.5097 3784.91 401.158 22.4009 121.691 34.5095 40.9271 27.0022 378.757 3383.75 21.5533 359.625 14.2881 39.9584 739.109 20.9479 31.7245 7.14407 9.44471 343.642 24.9437 46.0127
internal_count=37697 34633 3064 3375 1257 2118 615 1503 764 31258 3313 185 1005 285 338 223 3128 27945 178 2970 118 330 6104 173 262 59 78 2838 206 380
is_linear=0
shrinkage=1


Tree=90
num_leaves=31
num_cat=0
split_feature=10 9 46 8 34 42 42 14 35 35 35 35 35 42 0 20 34 20 42 49 38 6 6 1 20 34 35 38 20 10
split_gain=8359.53 5103.45 3604.96 816.035 667.294 327.83 309.853 229.023 240.069 187.033 417.923 297.516 524.484 141.101 131.5 130.202 110.103 107.551 90.8942 78.2608 103.29 77.6011 75.9345 80.1849 73.1314 69.4476 69.19 60.8308 58.6374 64.069
threshold=1.5544313764064441 1.20733357875903 10.500000000000002 -0.45218975719495608 0.020791928420009497 0.84375000000000011 0.21875000000000003 -1.0994183075655302 4.9842702640393926 3.9809838485361291 4.9796911294148956 1.985961534053353 0.99063844480031193 0.84375000000000011 -0.59796545711328319 2.8324536785943715 0.012217423206805253 1.5756240812339708 0.84375000000000011 14.500000000000002 264.50000000000006 -0.78140398427176605 -1.1960081763610477 -0.03975095889810764 1.0000000180025095e-35 1.0078330176642523 3.9847152137021884 73.500000000000014 0.44064700979298616 -0.75157106143942332
decision_type=2 2 2 2 2 2 2 2 2 2 2 2 2 2 2 2 2 2 2 2 2 2 2 2 2 2 2 2 2 2
left_child=1 6 -2 4 5 28 -1 8 21 11 13 12 -5 25 -12 -4 -10 24 -14 20 26 22 23 -8 -9 -11 -6 -26 29 -3
right_child=2 3 15 9 19 -7 7 17 16 10 14 -13 18 -15 -16 -17 -18 -19 -20 -21 -22 -23 -24 -25 27 -27 -28 -29 -30 -31
leaf_value=1.9176165798638509 4.9472295059622091 3.6783057519421072 -2.2328138199665264 -1.4730760546741615 -1.8164226022157468 -2.3262680095143184 -2.7837753042052489 -2.7788925446723605 3.7506401534197766 4.2075679435068043 4.9567788837143336 -1.8471571715858877 3.4392053456097957 -2.4553085285297094 -1.9391464524681463 0.42912660240255374 -1.0482365677591474 2.9275245503980174 -1.2328194010154814 -2.3000402617469629 2.5829814705490857 -0.20269368791421827 -2.2732733004315917 2.272080644288097 -2.6940501606098635 -1.319751961194271 2.691564744198446 -2.067120520913162 4.7557385984322309 -0.97801706945696043
leaf_weight=15.135750174522398 247.13652884960175 18.6472442150116 97.474231123924255 57.39476466178894 17.315298199653629 7.7495040893554679 5.3277840614318848 2695.0111330747604 10.413396120071413 37.052316427230835 3.0271500349044791 97.837489128112793 43.83313250541687 3.8747520446777335 31.966704368591309 22.64308226108551 8.8392781019210798 3.3904080390930167 4.6012680530548087 14.89357817173004 13.682718157768248 20.947878241539001 342.3101259469986 7.6284180879592878 328.02197778224945 2.4217200279235831 4.2380100488662711 293.02812337875366 90.330157041549683 3.5114940404891959
leaf_count=125 2041 154 805 474 143 64 44 22257 86 306 25 808 362 32 264 187 73 28 38 123 113 173 2827 63 2709 20 35 2420 746 29
internal_value=-1.80739 -2.21306 2.76298 0.958877 2.68687 3.96475 -2.59775 -2.61615 -1.89679 -0.0850409 1.22803 -0.590128 0.571976 3.30321 -1.34261 -1.73102 1.54738 -2.70185 2.99536 -0.378193 0.434135 -2.07305 -2.18333 0.193037 -2.7076 3.86847 -0.930021 -2.39825 4.39815 2.94042
internal_weight=0 4182.43 367.254 452.377 170.368 120.238 3730.05 3714.92 395.467 282.009 78.3426 203.667 105.829 43.3488 34.9939 120.117 19.2527 3319.45 48.4344 50.1296 35.236 376.214 355.266 12.9562 3316.06 39.474 21.5533 621.05 112.489 22.1587
internal_count=37574 34541 3033 3736 1407 993 30805 30680 3266 2329 647 1682 874 358 289 992 159 27414 400 414 291 3107 2934 107 27386 326 178 5129 929 183
is_linear=0
shrinkage=1


Tree=91
num_leaves=31
num_cat=0
split_feature=10 47 46 42 8 34 20 42 42 49 35 40 40 35 6 35 20 34 34 38 42 6 35 32 20 6 20 1 33 42
split_gain=8266.73 3987.51 3531.92 955.064 786.116 499.03 336.096 271.238 464.103 207.443 321.477 750.876 379.312 804.186 178.897 219.216 149.315 105.77 85.4622 78.3655 74.2983 63.9964 63.3204 54.8905 53.6546 46.8608 43.5342 40.8796 40.5406 292.009
threshold=1.5544313764064441 3.5000000000000004 10.500000000000002 0.84375000000000011 -0.45218975719495608 0.02265276841760017 0.84102248418789693 0.65625000000000011 0.21875000000000003 14.500000000000002 3.0240803418597677 0.43500000000000005 0.13500000000000004 0.97884450118364696 -0.76391761237567224 4.0254942128589333 3.0730131251041346 0.012217423206805253 1.0102395352577187 76.500000000000014 0.21875000000000003 -0.78140398427176605 0.014759048528931765 2.0327545989940963 1.0422042645942826 -1.1960081763610477 -0.041489184732071804 -0.03975095889810764 0.13626675975826899 0.21875000000000003
decision_type=2 2 2 2 2 2 2 2 2 2 2 2 2 2 2 2 2 2 2 2 2 2 2 2 2 2 2 2 2 2
left_child=1 14 -2 4 5 6 7 8 -3 10 12 -12 13 -6 15 21 -4 -17 19 -7 -16 24 -18 -13 25 27 -22 -1 29 -8
right_child=2 3 16 -5 9 18 28 -9 -10 -11 11 23 -14 -15 20 17 22 -19 -20 -21 26 -23 -24 -25 -26 -27 -28 -29 -30 -31
leaf_value=-2.5368078036973243 4.9396075512829771 4.8741929515444831 -2.2151891744644399 -2.2036648860053645 -1.5330854846075823 -1.4421014903347897 4.9017215956010993 4.7175644594982149 -1.8664475685158135 -2.4303092257005168 4.9843075277709499 -1.6987421978641308 -1.8449304111065659 4.1554786438855835 1.8697736950206276 3.7855602093055478 -2.1657541931781004 -1.1926966809329631 -2.5515421359310175 1.3489971431832908 -2.7870781732565075 -0.32872077515607034 2.0134460218771544 3.2224743081474814 0.15340250453818927 -2.4031879280153494 -2.4744342286308001 1.40072580440079 5.0470472281790535 -1.6548832801443871
leaf_weight=4.6012680530548096 244.59372282028198 14.530320167541502 99.169435143470764 160.19677984714508 61.874946713447571 16.346610188484192 36.32580041885376 17.557470202445984 34.388424396514893 42.501186490058899 36.32580041885376 35.357112407684326 123.3866354227066 41.532498478889465 3.5114940404891959 9.3236221075058001 4.9645260572433498 7.8705900907516471 14.288148164749144 26.154576301574707 2559.7580695152283 18.16290020942688 13.440546154975889 2.4217200279235831 8.960364103317259 297.38721942901611 539.19596421718597 6.1753860712051374 41.653584480285645 8.354934096336363
leaf_count=38 2020 120 819 1323 511 135 300 145 284 351 300 292 1019 343 29 77 41 65 118 216 21140 150 111 20 74 2456 4453 51 344 69
internal_value=-1.80739 -2.20638 2.77448 -0.0536213 0.569218 2.09533 3.03597 1.34586 0.135723 -0.362268 -0.070162 1.73809 -0.661005 0.751666 -2.65077 -1.97567 -1.7297 1.50678 -0.435783 0.275498 -2.72747 -2.15426 0.886162 -1.38328 -2.25882 -2.32896 -2.73268 -0.280468 4.33733 3.67569
internal_weight=0 4168.14 362.168 713.197 553 209.6 152.811 66.4762 48.9187 343.4 300.899 74.1046 226.794 103.407 3454.95 352.481 117.575 17.1942 56.7893 42.5012 3102.47 335.287 18.4051 37.7788 317.124 308.164 3098.95 10.7767 86.3343 44.6807
internal_count=37414 34423 2991 5890 4567 1731 1262 549 404 2836 2485 612 1873 854 28533 2911 971 142 469 351 25622 2769 152 312 2619 2545 25593 89 713 369
is_linear=0
shrinkage=1


Tree=92
num_leaves=31
num_cat=0
split_feature=10 36 34 8 34 14 35 48 48 35 35 0 34 36 49 35 14 34 14 7 38 38 33 35 34 14 32 49 48 48
split_gain=8314.07 6457.19 3548.79 930.109 778.073 249.59 245.846 581.888 426.515 589.379 243.613 135.454 131.097 119.506 101.776 110.278 93.0905 89.6869 70.5929 74.7234 67.6805 57.2054 65.0557 52.7144 47.6579 44.3511 37.7041 36.7917 45.5228 44.1562
threshold=1.5544313764064441 3.5000000000000004 0.032884218846469505 -0.45218975719495608 0.98269224015695433 -1.0994183075655302 3.0240803418597677 48.000000000000007 20.500000000000004 0.027259844748239753 4.9910495028621353 -0.59796545711328319 0.012217423206805253 3.5000000000000004 14.500000000000002 3.0240803418597677 -1.170666182468995 1.0097484989106187 -2.5349083810324538 -1.281659524803332 310.50000000000006 76.500000000000014 -0.32197265117505075 0.014759048528931765 1.0144189986074055 -0.48434266572258294 0.86268696419798141 14.500000000000002 41.500000000000007 22.500000000000004
decision_type=2 2 2 2 2 2 2 2 2 2 2 2 2 2 2 2 2 2 2 2 2 2 2 2 2 2 2 2 2 2
left_child=1 3 -2 4 -1 10 8 17 9 -5 16 -9 -12 23 15 20 18 -8 19 -3 -6 -7 -23 -4 -11 -13 -18 28 29 -25
right_child=2 5 13 6 14 21 7 11 -10 24 12 25 -14 -15 -16 -17 26 -19 -20 -21 -22 22 -24 27 -26 -27 -28 -29 -30 -31
leaf_value=4.9430145616860237 4.9710631304315829 -2.9714706045912722 -2.2686116074010587 -1.2582517989401274 -1.4561323996398952 -2.8231358427018556 4.9621943546762903 5.2871226123937323 -1.8166673157755722 4.0644817171417635 3.7223365291755202 1.2758059070010135 -1.3414851012389684 -2.1809755359629843 -2.3867914387870242 5.0950623050219885 -0.91903915421630056 -1.319751961194271 -2.2783596518144367 1.7011545050186649 2.1194430223172929 -2.7041437189821504 -2.2692358900252803 4.1073235813958693 -0.49389263949577056 -2.2103099394313639 1.859027314777316 -0.70440579992872165 5.0368622118790345 -1.1362276674834932
leaf_weight=110.43043327331543 243.62503480911255 5.4488700628280631 5.691042065620425 45.528336524963379 13.198374152183538 1806.7242268323898 36.931230425834656 3.0271500349044791 85.728888988494873 43.348788499832153 11.503170132637026 4.2380100488662746 9.2025361061096174 96.142285108566284 13.682718157768248 5.2066980600357047 20.463534235954288 2.4217200279235831 340.49383592605591 9.2025361061096174 8.8392781019210798 1051.1475781202316 511.22509789466858 2.542806029319765 2.4217200279235831 26.275662302970886 6.4175580739974967 6.1753860712051383 3.9958380460739136 4.3590960502624512
leaf_count=912 2012 45 47 376 109 14921 305 25 708 358 95 35 76 794 113 43 169 20 2812 76 73 8681 4222 21 20 217 53 51 33 36
internal_value=-1.80739 -2.20729 2.78527 1.60639 3.56273 -2.61302 0.421595 1.96722 -0.21484 1.28926 -1.869 -1.09316 1.47175 -1.69315 -0.161594 0.955949 -2.05007 4.57561 -2.18588 -0.0365986 -0.021973 -2.70196 -2.56184 0.36711 3.8233 -1.72613 -0.255807 1.24568 2.35073 0.795607
internal_weight=0 4173.11 362.531 401.279 151.358 3771.83 249.922 72.8938 177.028 91.2988 402.732 33.5408 20.7057 118.906 40.9271 27.2444 382.026 39.353 355.145 14.6514 22.0377 3369.1 1562.37 22.7642 45.7705 30.5137 26.8811 17.0731 10.8977 6.9019
internal_count=37458 34464 2994 3314 1250 31150 2064 602 1462 754 3326 277 171 982 338 225 3155 325 2933 121 182 27824 12903 188 378 252 222 141 90 57
is_linear=0
shrinkage=1


Tree=93
num_leaves=31
num_cat=0
split_feature=10 36 46 2 34 14 35 35 35 35 35 34 36 0 38 34 14 10 6 38 9 35 25 2 14 34 34 9 6 9
split_gain=8415.93 6584.19 3541.59 804.535 760.548 220.432 238.371 214.65 521.367 419.244 562.034 134.139 126.348 118.724 97.6879 82.5082 65.9705 86.0757 71.7322 61.5709 67.2613 52.2535 50.0133 120.047 49.2967 47.5431 41.8582 36.1861 35.9273 34.2961
threshold=1.5544313764064441 3.5000000000000004 10.500000000000002 -0.5664734721152126 0.024327378250274697 -1.0994183075655302 4.0254942128589333 3.0240803418597677 4.9796911294148956 1.97907636654295 0.027259844748239753 0.012217423206805253 3.5000000000000004 -0.59796545711328319 76.500000000000014 1.0270810437866207 -2.5349083810324538 0.029906888876034883 -0.78140398427176605 76.500000000000014 0.26264209426803736 0.014759048528931765 2.078904659581768 -0.78888807744659928 -0.53253111656290664 1.0037166543105027 1.0078330176642523 -0.030145226655608554 1.3878316539155395 0.33186096828765227
decision_type=2 2 2 2 2 2 2 2 2 2 2 2 2 2 2 2 2 2 2 2 2 2 2 2 2 2 2 2 2 2
left_child=1 3 -2 4 22 6 16 9 25 10 -5 -8 21 -10 -6 28 17 -3 27 -7 -21 -4 -1 -24 -15 -9 -12 -18 -16 -20
right_child=2 5 12 7 14 19 11 8 13 -11 26 -13 -14 24 15 -17 18 -19 29 20 -22 -23 23 -25 -26 -27 -28 -29 -30 -31
leaf_value=5.0175862802467037 4.932780241309052 -2.2945367343465994 -2.0185560026314637 -1.1781760774745282 -2.0139525504480829 -2.8273772273847015 4.0090069954793854 4.9227729116443939 5.2871226123937323 -1.753780217853337 4.1991642245274452 -1.2974314389862034 -2.1952870315663655 2.0426752771496197 2.2839978062173665 -2.1923580369511773 -2.6163270187296721 2.6871951181577125 -1.4778952355620691 -2.7024080313770358 -2.2613244680792062 1.3719376798971381 4.7193443287260131 -0.16944790597135961 -2.0111690677325504 0.33196668220272985 -0.080962978646520245 -1.9746514362854894 -1.5351935233764886 1.1578260039012305
leaf_weight=92.751877069473267 248.34738886356354 7.3862460851669294 6.296472072601321 42.38010048866272 16.709868192672729 1811.3254948854446 10.171224117279055 32.935392379760742 2.7849780321121207 82.943910956382751 40.442724466323853 8.960364103317259 96.626629114151001 3.3904080390930202 21.311136245727546 6.4175580739974967 166.12999391555786 6.5386440753936768 11.382084131240847 1044.3667620420456 516.79505395889282 16.346610188484192 19.373760223388675 6.7808160781860343 26.033490300178528 2.4217200279235831 2.4217200279235831 186.59352815151215 2.7849780321121207 8.7181921005249006
leaf_count=766 2051 61 52 350 138 14959 84 272 23 685 334 74 798 28 176 53 1372 54 94 8625 4268 135 160 56 215 20 20 1541 23 72
internal_value=-1.80739 -2.20884 2.7818 1.63931 3.3248 -2.61814 -1.9219 0.451583 1.95704 -0.153203 1.40418 1.52371 -1.69705 -0.953393 -0.070375 0.993965 -2.09235 0.0447113 -2.17217 -2.70194 -2.5564 0.429127 4.67319 3.45188 -1.54406 4.60833 3.95735 -2.27688 1.84258 -0.334691
internal_weight=0 4180.25 367.617 401.884 166.13 3778.37 405.88 235.754 67.566 168.188 85.2445 19.1316 119.27 32.2089 47.2235 30.5137 386.749 13.9249 372.824 3372.49 1561.16 22.6431 118.906 26.1546 29.4239 35.3571 42.8644 352.724 24.0961 20.1003
internal_count=37559 34523 3036 3319 1372 31204 3352 1947 558 1389 704 158 985 266 390 252 3194 115 3079 27852 12893 187 982 216 243 292 354 2913 199 166
is_linear=0
shrinkage=1


Tree=94
num_leaves=31
num_cat=0
split_feature=10 36 46 8 34 35 40 35 35 14 35 20 34 0 49 35 14 38 14 10 49 34 20 35 38 20 35 14 9 33
split_gain=8479.61 6451.6 3572.84 936.256 758.62 269.421 590.172 399.438 619.647 251.061 280.09 140.284 133.854 107.715 86.6223 107.429 79.3603 77.048 72.2897 94.1848 71.7811 67.1516 66.599 56.6407 55.1561 40.3434 40.2918 32.4412 31.534 29.7065
threshold=1.5544313764064441 3.5000000000000004 10.500000000000002 -0.45218975719495608 0.97420999951194476 3.0160395766815906 0.48000000000000004 1.9936924257986131 0.027259844748239753 -1.0994183075655302 4.0254942128589333 2.8324536785943715 0.012217423206805253 -0.59444722031790043 14.500000000000002 3.9911774189483711 -1.170666182468995 310.50000000000006 -2.5349083810324538 -1.0000000180025095e-35 11.500000000000002 1.008484852442292 -0.045099109276372951 3.0010643871955618 76.500000000000014 0.2208942654955651 4.9997658460721155 -0.39499312385582591 1.438366478306347 -0.096747904038029561
decision_type=2 2 2 2 2 2 2 2 2 2 2 2 2 2 2 2 2 2 2 2 2 2 2 2 2 2 2 2 2 2
left_child=1 3 -2 4 -1 7 21 8 -5 10 16 -4 -12 -8 15 17 18 -6 19 -3 -10 -7 -11 -13 -24 -18 -25 -15 -26 -21
right_child=2 9 11 5 14 6 13 -9 20 22 12 23 -14 27 -16 -17 25 -19 -20 29 -22 -23 24 26 28 -27 -28 -29 -30 -31
leaf_value=4.9023777496306185 4.9463554165472647 -2.4386581389793363 -2.2234838740206699 -1.3873414708984961 -1.5351935233764886 4.9396737068247845 5.2871226123937323 -1.8678994111321892 4.0678874020867539 -2.7767801804235726 4.1073235813958728 -0.58082519967456037 -1.0408903720493228 1.1578260039012278 -2.2702692937151867 5.085693509540441 -1.1858288279458655 2.1509479730323386 -2.273561318648877 0.3319666822027294 -1.3984052299274614 -0.49389263949577056 -2.6934885807637476 4.4814062009805617 -2.2092768766393442 1.5449475609474028 -0.493892639495771 -2.0287088218304268 -0.67342727464761842 4.5128794983013911
leaf_weight=111.7623792886734 249.43716287612915 7.5073320865631104 97.595317125320435 47.344626545906067 13.924890160560613 37.415574431419373 2.4217200279235831 82.459566950798035 43.469874501228333 2634.9524763822556 11.018826127052309 13.80380415916443 9.3236221075057966 3.6325800418853786 12.835116147994993 4.9645260572433463 17.920728206634525 9.565794110298155 343.88424396514893 3.02715003490448 2.5428060293197623 2.4217200279235831 395.70905256271362 4.9645260572433463 334.56062185764313 7.7495040893554679 2.421720027923584 26.517834305763245 13.924890160560606 3.8747520446777326
leaf_count=923 2060 62 806 391 115 309 20 681 359 21761 91 114 77 30 106 41 148 79 2840 25 21 20 3268 41 2763 64 20 219 115 32
internal_value=-1.80739 -2.2087 2.79678 1.6039 3.54916 0.404481 2.02788 -0.264108 1.15247 -2.61307 -1.86835 -1.71711 1.74773 -1.12941 -0.113658 0.859111 -2.05993 -0.0341359 -2.18162 0.0127269 3.7658 4.60937 -2.70217 0.615118 -2.43801 -0.361444 2.85016 -1.64479 -2.14791 2.67915
internal_weight=0 4184.73 368.223 401.279 153.053 248.226 72.4094 175.817 93.3573 3783.45 404.306 118.785 20.3424 32.5721 41.2903 28.4552 383.964 23.4907 358.293 14.4092 46.0127 39.8373 3379.15 21.1901 744.195 25.6702 7.38625 30.1504 348.486 6.9019
internal_count=37601 34560 3041 3314 1264 2050 598 1452 771 31246 3339 981 168 269 341 235 3171 194 2959 119 380 329 27907 175 6146 212 61 249 2878 57
is_linear=0
shrinkage=1


Tree=95
num_leaves=31
num_cat=0
split_feature=10 36 46 8 46 40 40 40 40 14 40 46 20 49 40 6 40 40 20 6 10 14 25 32 33 40 49 40 14 40
split_gain=8235.75 6738.1 3752.08 941.298 709.271 238.481 558.766 421.887 654.984 213.623 234.24 135.687 112.563 111.353 116.2 80.4141 69.8867 89.2622 65.518 64.761 71.895 59.6727 45.7868 40.8999 36.4375 36.289 40.8741 45.0837 34.9175 34.5916
threshold=1.5544313764064441 3.5000000000000004 10.500000000000002 -0.45218975719495608 7.0000000000000009 0.38000000000000006 0.48000000000000004 0.20500000000000004 0.080000000000000016 -1.0994183075655302 0.53500000000000014 7.0000000000000009 2.8324536785943715 14.500000000000002 0.41500000000000004 -0.78140398427176605 0.20500000000000004 0.10500000000000002 -0.045099109276372951 -1.1960081763610477 -1.0000000180025095e-35 -0.52274473869664895 0.6418361345244038 0.94691833979510764 -0.096747904038029561 0.03500000000000001 14.500000000000002 0.41500000000000004 0.085535989164709295 0.22500000000000003
decision_type=2 2 2 2 2 2 2 2 2 2 2 2 2 2 2 2 2 2 2 2 2 2 2 2 2 2 2 2 2 2
left_child=1 3 -2 4 -1 7 -7 8 -5 10 15 -12 -4 14 16 19 17 -6 -11 20 -3 -8 -23 -17 -22 -14 27 29 -9 -27
right_child=2 9 12 5 13 6 21 28 -10 18 11 -13 25 -15 -16 23 -18 -19 -20 -21 24 22 -24 -25 -26 26 -28 -29 -30 -31
leaf_value=4.8842644066871479 4.9559711973361438 -2.4115659797109328 -2.294205310175121 -1.2939438573911928 -1.00513888626151 4.6933675445059215 2.322499406296552 -0.96855597057165288 4.0384758925843283 -2.7782693448985074 3.7443084949349941 -1.403383284910575 -1.9391464524681463 -2.3018549383492446 5.2871226123937323 -0.939594495650517 -1.4699082015030893 4.7599783645010714 -2.4408905934441907 -2.3045741109120095 -0.81705498276909716 1.5117657132005853 -2.0538491360373827 2.4618144065830738 3.7658028092649176 3.2224743081474769 -1.1175006987374954 5.0118361718275644 -2.2490877463679975 -1.3730332077554648
leaf_weight=114.18409931659698 247.62087285518646 7.1440740823745728 98.927263140678406 46.497024536132812 5.0856120586395317 37.052316427230835 4.7223540544509879 36.446886420249939 45.649422526359558 2629.3825203180313 11.018826127052309 9.565794110298155 5.8121280670166042 13.440546154975889 5.5699560642242423 15.256836175918581 11.987514138221739 5.6910420656204224 736.92940449714661 347.88008201122284 2.7849780321121216 4.2380100488662746 23.975028276443481 4.6012680530548087 4.6012680530548078 2.9060640335083026 5.9332140684127799 3.632580041885376 51.219378590583801 3.7536660432815552
leaf_count=943 2045 59 817 384 42 306 39 301 377 21715 91 79 48 111 46 126 99 47 6086 2873 23 35 198 38 38 24 49 30 423 31
internal_value=-1.80739 -2.20523 2.72598 1.66675 3.59437 0.463272 2.02941 -0.146309 1.34774 -2.62206 -1.93387 1.35215 -1.83891 0.0686492 1.19312 -2.11082 0.191395 2.03936 -2.70441 -2.21818 -0.149785 -0.967547 -1.51824 -0.151463 2.03784 0.204911 0.972932 2.17801 -1.71671 0.632279
internal_weight=0 4174.92 368.586 405.759 155.959 249.8 69.9877 179.813 92.1464 3769.17 402.853 20.5846 120.965 41.7747 28.3341 382.269 22.7642 10.7767 3366.31 362.41 14.5303 32.9354 28.213 19.8581 7.38625 22.0377 16.2255 10.2923 87.6663 6.65973
internal_count=37523 34479 3044 3351 1288 2063 578 1485 761 31128 3327 170 999 345 234 3157 188 89 27801 2993 120 272 233 164 61 182 134 85 724 55
is_linear=0
shrinkage=1


Tree=96
num_leaves=31
num_cat=0
split_feature=10 36 34 8 34 35 35 35 35 6 35 34 0 36 49 35 6 20 14 10 6 35 34 49 31 6 6 49 40 33
split_gain=8614.97 6414.52 3578.83 919.136 728.261 236.055 599.022 413.867 566.645 228.431 263.614 134.044 121.557 117.104 94.5629 115.963 86.3154 72.6443 70.707 65.435 61.4428 56.3953 48.9801 46.6176 45.174 34.2898 31.1266 30.9399 47.6112 27.9195
threshold=1.5544313764064441 3.5000000000000004 0.97916257029051346 -0.45218975719495608 0.97420999951194476 3.9809838485361291 4.9796911294148956 1.9936924257986131 0.027259844748239753 -0.76391761237567224 4.0254942128589333 0.99149561030469757 -0.59796545711328319 3.5000000000000004 14.500000000000002 3.9911774189483711 -0.78140398427176605 -0.041489184732071804 -2.5349083810324538 -1.0000000180025095e-35 -0.11994562633178535 0.99998982328949448 1.0046761192931986 11.500000000000002 -0.5471014903804845 -0.52198389757375407 -0.11994562633178535 14.500000000000002 0.41500000000000004 -0.096747904038029561
decision_type=2 2 2 2 2 2 2 2 2 2 2 2 2 2 2 2 2 2 2 2 2 2 2 2 2 2 2 2 2 2
left_child=1 3 -2 4 -1 7 22 8 25 10 16 -12 -8 21 15 20 18 -11 19 -3 -6 -4 -7 -10 -14 -5 -9 28 -23 -21
right_child=2 9 13 5 14 6 12 26 23 17 11 -13 24 -15 -16 -17 -18 -19 -20 29 -22 27 -24 -25 -26 -27 -28 -29 -30 -31
leaf_value=4.9268484116527773 4.9750246129146483 -2.2206894030471807 -2.2686116074010587 0.43519909741504259 2.1588676059600171 4.9791750687095462 5.2871226123937323 -1.0613197924995021 4.0147903240627105 -2.7791730772607428 3.9406128487548719 -1.2744993956217505 1.9225105610294717 -2.1913767868659884 -2.3361942032847329 5.1035983186829554 -0.12367984011368405 -2.4226357006547374 -2.2920200783057587 -0.2186061989296042 -1.3197519611942712 0.7364692071162815 0.33196668220272985 -0.49389263949577056 -1.9998714025930362 -1.6899647605763575 -2.2866116548900766 -0.45798571246540098 5.2871226123937305 3.8297238093963801
leaf_weight=108.2508852481842 249.92150688171387 6.659730076789856 5.691042065620425 9.6868801116943342 7.9916760921478298 35.720370411872864 2.7849780321121207 35.599284410476685 43.227702498435974 2646.9399905204773 11.139912128448488 8.8392781019210798 3.2693220376968375 96.142285108566284 12.592944145202635 5.4488700628280631 21.068964242935181 728.8166424036026 351.75483405590057 2.9060640335083008 13.92489016056061 5.933214068412779 2.4217200279235831 2.4217200279235831 28.818468332290649 35.114940404891968 49.645260572433472 5.5699560642242423 3.7536660432815552 4.116924047470091
leaf_count=894 2064 55 47 80 66 295 23 294 357 21860 92 73 27 794 104 45 174 6019 2905 24 115 49 20 20 238 290 410 46 31 34
internal_value=-1.80739 -2.21558 2.83761 1.6088 3.58008 0.434093 1.94534 -0.193942 1.29602 -2.61692 -1.9087 1.63332 -1.0502 -1.72457 -0.06845 0.975114 -2.0918 -2.7022 -2.20527 0.0250101 -0.051305 0.417894 4.68411 3.7756 -1.60023 -1.23047 -1.77491 1.42 2.49985 2.15455
internal_weight=0 4179.16 367.012 396.92 148.209 248.711 73.0149 175.696 90.4512 3782.24 406.486 19.9792 34.8728 117.09 39.9584 27.3654 386.507 3375.76 365.438 13.6827 21.9166 20.9479 38.1421 45.6494 32.0878 44.8018 85.2445 15.2568 9.68688 7.02299
internal_count=37545 34514 3031 3278 1224 2054 603 1451 747 31236 3357 165 288 967 330 226 3192 27879 3018 113 181 173 315 377 265 370 704 126 80 58
is_linear=0
shrinkage=1


Tree=97
num_leaves=31
num_cat=0
split_feature=10 36 34 2 34 40 40 40 40 14 40 34 20 0 6 34 14 10 20 6 34 40 40 25 2 32 6 9 14 25
split_gain=8472.75 6410.96 3663.86 836.19 735.853 232.716 564.698 386.987 613.071 230.152 234.011 149.233 114.801 108.613 87.3599 84.0448 80.0366 72.6665 68.0704 56.9501 56.4631 45.9049 65.2463 45.4363 78.8603 39.5329 35.4211 34.2054 32.7038 32.1692
threshold=1.5544313764064441 3.5000000000000004 0.032884218846469505 -0.5664734721152126 0.024327378250274697 0.38000000000000006 0.48000000000000004 0.20500000000000004 0.080000000000000016 -1.0994183075655302 0.53500000000000014 0.012217423206805253 3.0730131251041346 -0.59796545711328319 -0.78140398427176605 1.0111995650533114 -2.5349083810324538 -1.0000000180025095e-35 -0.025402199462720505 -0.1134011050109371 1.0051325855622082 0.41500000000000004 0.51500000000000012 2.5367291792547957 -0.78888807744659928 0.75727240391497863 -0.60733995903939419 0.66093058173576491 0.085535989164709295 -0.081167553336423934
decision_type=2 2 2 2 2 2 2 2 2 2 2 2 2 2 2 2 2 2 2 2 2 2 2 2 2 2 2 2 2 2
left_child=1 3 -2 4 23 7 20 8 -5 10 14 -12 -4 -8 16 19 17 -3 -11 -6 -7 -14 -23 -1 -25 -16 -15 -18 -9 -19
right_child=2 9 12 5 15 6 13 28 -10 18 11 -13 21 26 25 -17 27 29 -20 -21 -22 22 -24 24 -26 -27 -28 -29 -30 -31
leaf_value=4.9324591000078737 4.9524762881164826 -2.1456112828927716 -2.2279962760549092 -1.369393778345547 2.4006240122824694 4.9130399928090469 5.2871226123937234 -1.1084209563151934 3.9581535889708586 -2.7725183909621305 4.1073235813958728 -1.2627961459047192 -0.69614390195254638 1.98368532559972 -0.89003654177391323 -2.507504693524699 -2.456707341743968 -0.11272679871184765 -2.4225095262795429 -0.26300723773059831 -0.080962978646520245 5.0442228118941745 -1.3984052299274616 4.5497482180200706 0.080618192990142834 2.2839978062173674 -2.0085852967813613 -1.7086887671317912 -2.3895643074595374 4.1073235813958764
leaf_weight=98.685091137886047 251.01128089427948 7.265160083770752 99.532693147659302 44.317476511001587 12.471858143806456 34.75168240070343 2.4217200279235866 35.962542414665222 42.137928485870361 2648.8773665428162 10.171224117279055 10.534482121467589 11.866428136825563 2.4217200279235902 14.893578171730043 10.776654124259947 268.08440709114075 3.1482360363006592 703.14641010761261 22.521996259689331 2.4217200279235831 4.1169240474700919 2.5428060293197632 13.561632156372072 5.5699560642242423 5.3277840614318839 27.002178311347958 79.190244913101196 44.680734515190125 4.2380100488662702
leaf_count=815 2073 60 822 366 103 287 20 297 348 21876 84 87 98 20 123 89 2214 26 5807 186 20 34 21 112 46 44 223 654 369 35
internal_value=-1.80739 -2.20798 2.79166 1.5994 3.33709 0.395494 1.94022 -0.242544 1.22723 -2.61327 -1.89912 1.37516 -1.80256 -1.15018 -2.07653 -0.0656693 -2.18954 0.099907 -2.6991 0.686315 4.5877 0.483104 2.58431 4.65903 3.24861 -0.053764 -1.68 -2.28613 -1.81824 2.30861
internal_weight=0 4154.58 369.07 399.705 163.587 236.118 69.019 167.099 86.4554 3754.88 402.853 20.7057 118.059 31.8456 382.147 45.7705 361.926 14.6514 3352.02 34.9939 37.1734 18.5262 6.65973 117.817 19.1316 20.2214 29.4239 347.275 80.6433 7.38625
internal_count=37359 34311 3048 3301 1351 1950 570 1380 714 31010 3327 171 975 263 3156 378 2989 121 27683 289 307 153 55 973 158 167 243 2868 666 61
is_linear=0
shrinkage=1


Tree=98
num_leaves=31
num_cat=0
split_feature=10 36 46 8 34 35 40 35 35 14 35 34 36 6 49 49 35 6 38 10 6 38 33 35 35 34 25 25 6 35
split_gain=8431.84 6561.54 3599.91 892.302 728.572 276.942 592.2 400.196 640.348 235.116 272.819 120.122 113.884 89.313 85.1625 83.8559 103.386 77.6154 76.6869 73.2787 65.9024 63.3407 63.0455 44.7965 55.5214 41.466 40.0982 35.2048 33.8086 43.6726
threshold=1.5544313764064441 3.5000000000000004 10.500000000000002 -0.45218975719495608 0.97420999951194476 3.0240803418597677 0.48000000000000004 1.9943605585800819 0.027259844748239753 -1.0994183075655302 4.0254942128589333 0.012217423206805253 3.5000000000000004 -0.78140398427176605 11.500000000000002 14.500000000000002 3.0240803418597677 -1.1960081763610477 377.50000000000006 -1.0000000180025095e-35 -0.634188059203173 76.500000000000014 -0.32154293113100701 3.0010643871955618 4.9997658460721155 1.0051325855622082 0.6418361345244038 -0.51780936920952192 0.65861014464370216 4.9991424286896304
decision_type=2 2 2 2 2 2 2 2 2 2 2 2 2 2 2 2 2 2 2 2 2 2 2 2 2 2 2 2 2 2
left_child=1 3 -2 4 -1 7 25 8 -5 10 13 -12 23 17 -10 16 18 19 -6 -3 -8 -11 -23 -4 -25 -7 -22 -19 29 -24
right_child=2 9 12 5 15 6 20 -9 14 21 11 -13 -14 -15 -16 -17 -18 27 -20 -21 26 22 28 24 -26 -27 -28 -29 -30 -31
leaf_value=4.8737436265598806 4.9355230946894846 -2.206786047463031 -0.79815660012153411 -1.4055555270850244 -1.4967218158439499 5.0163490642958646 3.5665823588551899 -1.7780322784373697 4.1619736727499994 -2.8238087871149906 3.8092690893543097 -1.0742262169055277 -2.1777615241267765 0.071169001666361309 -1.319751961194271 -2.1996394628169726 5.0806577819691086 -2.7053245341220284 2.3376250348990886 2.4850999137738214 1.3872313710397002 -2.6895488432918184 -2.2153609346189045 4.6175069461517051 -0.69323799300920186 0.74489634305198038 -1.8909070061072526 -2.0409248900014125 -2.6869430997658168 -1.0367652006122674
leaf_weight=111.27803528308868 250.2847648859024 6.5386440753936768 11.503170132637026 46.618110537528992 13.561632156372076 36.931230425834656 2.9060640335082999 83.791512966156006 44.438562512397766 1814.95807492733 11.503170132637026 8.960364103317259 99.532693147659302 18.405072212219238 3.0271500349044791 12.956202149391173 4.8434400558471671 123.9920654296875 8.4760200977325422 6.7808160781860334 4.3590960502624538 1049.9367181062698 341.22035193443298 4.4801820516586295 3.5114940404891968 2.4217200279235831 25.912404298782349 223.5247585773468 137.06935358047485 34.630596399307251
leaf_count=919 2067 54 95 385 112 305 24 692 367 14989 95 74 822 152 25 107 40 1024 70 56 36 8671 2818 37 29 20 214 1846 1132 286
internal_value=-1.80739 -2.20239 2.78247 1.64099 3.55996 0.482922 2.12983 -0.188623 1.22691 -2.61092 -1.88567 1.67093 -1.74486 -2.07758 3.81237 -0.10983 0.89742 -2.18718 -0.021973 0.18181 -0.982174 -2.69674 -2.54917 0.465335 2.284 4.75349 -1.41886 -2.27798 -2.26181 -2.10677
internal_weight=0 4179.04 369.312 401.521 151.115 250.406 72.5305 177.875 94.0838 3777.52 399.705 20.4635 119.028 379.241 47.4657 39.8373 26.8811 360.836 22.0377 13.3195 33.1776 3377.82 1562.86 19.4948 7.99168 39.353 30.2715 347.517 512.92 375.851
internal_count=37563 34513 3050 3316 1248 2068 599 1469 777 31197 3301 169 983 3132 392 329 222 2980 182 110 274 27896 12907 161 66 325 250 2870 4236 3104
is_linear=0
shrinkage=1


Tree=99
num_leaves=31
num_cat=0
split_feature=10 9 46 8 34 6 35 49 35 48 48 35 9 9 20 20 34 6 20 20 3 20 10 49 35 35 35 35 35 46
split_gain=8374.8 5129.93 3610.28 821.417 636.791 241.158 251.996 183.186 323.262 495.935 364.292 679.583 165.265 194.425 163.029 128.111 118.197 106.621 95.5257 76.2938 89.2003 74.6404 73.4651 68.2469 82.4113 49.2482 56.5544 43.3952 80.6079 43.1649
threshold=1.5544313764064441 1.20733357875903 10.500000000000002 -0.6666296841194187 0.020791928420009497 -0.76391761237567224 4.0254942128589333 14.500000000000002 3.9809838485361291 43.500000000000007 13.500000000000002 0.027259844748239753 1.3528464379280607 1.293112571040208 1.5028455210247398 2.8324536785943715 0.012217423206805253 -0.78140398427176605 1.0000000180025095e-35 0.39917989043618091 1.0797144736805679 1.0422042645942826 -0.75398440098059172 14.500000000000002 3.0240803418597677 3.0010643871955618 4.986826519457872 1.9948797934495948 0.027259844748239753 3.5000000000000004
decision_type=2 2 2 2 2 2 2 2 2 2 2 2 2 2 2 2 2 2 2 2 2 2 2 2 2 2 2 2 2 2
left_child=1 5 -2 4 12 6 17 8 10 -10 11 -5 13 -3 18 -4 -8 19 -7 -1 -21 -15 -20 24 27 -17 -27 28 -6 -16
right_child=2 3 15 7 23 14 16 -9 9 -11 -12 -13 -14 21 29 25 -18 -19 22 20 -22 -23 -24 -25 -26 26 -28 -29 -30 -31
leaf_value=-2.374867685507128 4.9475622451755541 4.3072895188531373 -2.1997331316448578 -1.4166743265769801 -1.2673164487054775 -2.7818269100835948 3.7610782136030241 -2.1704699246830272 4.8880084420561669 -1.0051388862615089 -1.6993888575707177 4.1038017932436421 4.5615614512115883 -2.3671832960313939 4.626435155034935 -0.74165043600532088 -1.0995228087413376 0.1255018517781048 2.7736377202678617 -1.4849238255339712 3.0160094777228568 3.3050602403173319 -2.3736847319332663 -2.3078336496549769 3.5730749635855248 4.5005899250618295 -0.83035384463219686 -1.6951425619663167 3.7056898687157527 0.0016229535233294179
leaf_weight=298.35590744018555 247.3787008523941 14.288148164749147 99.77486515045166 49.524174571037292 7.6284180879592913 2694.5267890691757 11.139912128448488 36.204714417457581 32.572134375572205 25.428060293197632 100.62246716022491 40.563810467720032 93.7205650806427 9.9290521144866926 3.0271500349044782 12.108600139617922 9.0814501047134382 21.311136245727539 2.7849780321121207 48.43440055847168 4.8434400558471671 3.0271500349044791 634.00630331039429 13.561632156372069 6.4175580739974967 5.0856120586395246 3.2693220376968384 13.31946015357971 5.6910420656204224 6.05430006980896
leaf_count=2464 2043 118 824 409 63 22253 92 299 269 210 831 335 774 82 25 100 75 176 23 400 40 25 5236 112 53 42 27 110 47 50
internal_value=-1.80739 -2.21539 2.76276 0.964455 2.72123 -2.60078 -1.85998 -0.0688541 0.237077 2.30437 -0.391643 1.06902 3.93136 1.76346 -2.68797 -1.73227 1.57817 -2.0464 -2.69951 -2.17803 -1.07575 -1.04189 -2.35117 -0.418815 0.356168 0.546983 2.41457 -0.418815 0.857514 1.54323
internal_weight=0 4186.06 367.617 452.498 167.583 3733.57 393.166 284.915 248.711 58.0002 190.71 90.088 120.965 27.2444 3340.4 120.238 20.2214 372.945 3331.32 351.634 53.2778 12.9562 636.791 46.6181 33.0565 20.4635 8.35493 26.6389 13.3195 9.08145
internal_count=37607 34571 3036 3737 1384 30834 3247 2353 2054 479 1575 744 999 225 27587 993 167 3080 27512 2904 440 107 5259 385 273 169 69 220 110 75
is_linear=0
shrinkage=1


end of trees

feature_importances:
Column_35=592
Column_34=275
Column_14=230
Column_6=223
Column_20=209
Column_38=182
Column_40=175
Column_49=155
Column_46=135
Column_10=134
Column_9=116
Column_36=114
Column_8=92
Column_0=65
Column_1=44
Column_48=39
Column_25=33
Column_42=30
Column_2=25
Column_32=20
Column_22=19
Column_31=18
Column_3=16
Column_33=14
Column_7=9
Column_4=8
Column_15=4
Column_29=4
Column_47=4
Column_5=3
Column_13=3
Column_18=3
Column_28=2
Column_41=2
Column_12=1
Column_27=1
Column_37=1

parameters:
[boosting: rf]
[objective: binary]
[metric: logloss]
[tree_learner: serial]
[device_type: cpu]
[data_sample_strategy: bagging]
[data: ]
[valid: ]
[num_iterations: 100]
[learning_rate: 0.1]
[num_leaves: 31]
[num_threads: 1]
[seed: 0]
[deterministic: 0]
[force_col_wise: 0]
[force_row_wise: 0]
[histogram_pool_size: -1]
[max_depth: -1]
[min_data_in_leaf: 20]
[min_sum_hessian_in_leaf: 0.001]
[bagging_fraction: 0.8]
[pos_bagging_fraction: 1]
[neg_bagging_fraction: 1]
[bagging_freq: 1]
[bagging_seed: 3]
[feature_fraction: 0.8]
[feature_fraction_bynode: 1]
[feature_fraction_seed: 2]
[extra_trees: 0]
[extra_seed: 6]
[early_stopping_round: 0]
[first_metric_only: 0]
[max_delta_step: 0]
[lambda_l1: 0]
[lambda_l2: 0]
[linear_lambda: 0]
[min_gain_to_split: 0]
[drop_rate: 0.1]
[max_drop: 50]
[skip_drop: 0.5]
[xgboost_dart_mode: 0]
[uniform_drop: 0]
[drop_seed: 4]
[top_rate: 0.2]
[other_rate: 0.1]
[min_data_per_group: 100]
[max_cat_threshold: 32]
[cat_l2: 10]
[cat_smooth: 10]
[max_cat_to_onehot: 4]
[top_k: 20]
[monotone_constraints: ]
[monotone_constraints_method: basic]
[monotone_penalty: 0]
[feature_contri: ]
[forcedsplits_filename: ]
[refit_decay_rate: 0.9]
[cegb_tradeoff: 1]
[cegb_penalty_split: 0]
[cegb_penalty_feature_lazy: ]
[cegb_penalty_feature_coupled: ]
[path_smooth: 0]
[interaction_constraints: ]
[verbosity: 1]
[saved_feature_importance_type: 0]
[use_quantized_grad: 0]
[num_grad_quant_bins: 4]
[quant_train_renew_leaf: 0]
[stochastic_rounding: 1]
[linear_tree: 0]
[max_bin: 255]
[max_bin_by_feature: ]
[min_data_in_bin: 3]
[bin_construct_sample_cnt: 200000]
[data_random_seed: 1]
[is_enable_sparse: 1]
[enable_bundle: 1]
[use_missing: 1]
[zero_as_missing: 0]
[feature_pre_filter: 1]
[pre_partition: 0]
[two_round: 0]
[header: 0]
[label_column: ]
[weight_column: ]
[group_column: ]
[ignore_column: ]
[categorical_feature: ]
[forcedbins_filename: ]
[precise_float_parser: 0]
[parser_config_file: ]
[objective_seed: 5]
[num_class: 1]
[is_unbalance: 0]
[scale_pos_weight: 1]
[sigmoid: 1]
[boost_from_average: 1]
[reg_sqrt: 0]
[alpha: 0.9]
[fair_c: 1]
[poisson_max_delta_step: 0.7]
[tweedie_variance_power: 1.5]
[lambdarank_truncation_level: 30]
[lambdarank_norm: 1]
[label_gain: ]
[lambdarank_position_bias_regularization: 0]
[eval_at: ]
[multi_error_top_k: 1]
[auc_mu_weights: ]
[num_machines: 1]
[local_listen_port: 12400]
[time_out: 120]
[machine_list_filename: ]
[machines: ]
[gpu_platform_id: -1]
[gpu_device_id: -1]
[gpu_use_dp: 0]
[num_gpu: 1]

end of parameters

pandas_categorical:null
