tree
version=v4
num_class=1
num_tree_per_iteration=1
label_index=0
max_feature_idx=49
objective=binary sigmoid:1
feature_names=Column_0 Column_1 Column_2 Column_3 Column_4 Column_5 Column_6 Column_7 Column_8 Column_9 Column_10 Column_11 Column_12 Column_13 Column_14 Column_15 Column_16 Column_17 Column_18 Column_19 Column_20 Column_21 Column_22 Column_23 Column_24 Column_25 Column_26 Column_27 Column_28 Column_29 Column_30 Column_31 Column_32 Column_33 Column_34 Column_35 Column_36 Column_37 Column_38 Column_39 Column_40 Column_41 Column_42 Column_43 Column_44 Column_45 Column_46 Column_47 Column_48 Column_49
feature_infos=[-1.2504883594784932:15.798026433845127] [-1.6942035155796722:31.698713898142451] [-1.2896648374313537:41.078922051193565] [-0.97804474198327029:14.807636610531953] [-1.1152888280384345:21.78669170307009] [-1.8862102267685008:19.869853026967405] [-1.5540989689317364:47.607737950131309] [-1.5642778150448371:4.6653551563690892] [-1.2138337338365262:29.702922545606071] [-1.7553705053502309:4.0743700750396483] [-1.7340317224577881:7.3264240399689395] [-0.97869483213632102:6.0167510186081881] [-1.5579095479715643:59.004612215098327] [-0.96776256976426955:14.807636610531953] [-5.7175227242526372:7.6513710065328215] [-0.77399648462484738:9.7791031611688801] [-0.062261689845420132:40.221515814628638] [-0.03559161891691151:0.035340447584859179] [-1.0538865892455764:1.0160323610251754] [-0.8372301391356739:9.7723828108543724] [-0.68886770146199205:12.781567845435854] [-2.2227376334689892:11.035072096676103] [-0.86951015623001549:119.05123222314909] [-4.2402729805030015:2.3966212858456437] [-0.28090035789186218:4.1126100380045401] [-1.6655193555195715:9.4631116693494146] [-1.7369647438352842:8.8738217139887006] [-1.6333961596839974:4.4334029956433021] [-0.72481424855633592:34.139763059305217] [-1.0164738168665284:7.3084434598582915] [-0.122048067242397:12.361590672397787] [-1.7104296920285054:56.810156472352482] [-2.36423798798715:4.7794127332731167] [-0.80976315975979374:2.4098767141362201] [-0.032497488837272763:3.0145892820273552] [-0.030888523285414818:5.0323200925609015] [0:6] [0:1] [0:3898] [0:0.40000000000000002] [0:0.56000000000000005] [0:0.40000000000000002] [0:1] [0:4] [0:1] [0:1] [0:34] [0:4] [0:56] [0:35]
tree_sizes=3329 3382 3377 3387 3403 3409 3411 3401 3412 3434 3420 3426 3429 3427 3448 3435 3442 3433 3433 3425 3438 3442 3414 3437 3436 3437 3434 3429 3447 3430 3428 3422 3438 3446 3416 3437 3446 3463 3432 3438 3424 3432 3443 3417 3399 3447 3450 3420 3413 3415 3422 3434 3420 3454 3430 3421 3428 3424 3427 3395 3397 3437 3424 3422 3428 3440 3419 3412 3429 3411 3405 3443 3399 3404 3432 3396 3436 3384 3410 3373 3393 3411 3390 3401 3375 3403 3391 3437 3409 3403 3397 3418 3425 3405 3393 3402 3397 3398 3424 3406

Tree=0
num_leaves=31
num_cat=0
split_feature=10 36 34 8 34 35 35 40 35 14 35 34 20 0 49 35 9 34 38 38 14 10 6 35 35 14 9 49 38 46
split_gain=10453 8105.33 4496.59 1285.29 880.001 312.683 700.433 486.433 824.039 270.405 341.889 188.64 143.326 123.723 122.969 137.327 102.076 101.982 80.2385 76.4714 71.1978 106.815 67.5582 56.1694 63.9422 53.4799 56.0641 51.8788 41.4339 40.762
threshold=1.5558804064814382 3.5000000000000004 0.97832031928938423 -0.46017495063667579 0.98353832436962929 3.9791818576149001 4.9767988934686258 0.20500000000000004 0.021662444967403577 -1.1008513637848429 4.0217238821888719 0.012426962810402731 3.0378547062252426 -0.60371441354094812 14.500000000000002 3.0242857737003104 0.14419241178071365 1.0116261388418497 76.500000000000014 310.50000000000006 -2.535449313321108 0.095874528290207969 -0.79039603016483795 3.0010411422024923 4.9879704741661453 0.9339492431873897 1.438366478306347 11.500000000000002 479.50000000000006 1.5000000000000002
decision_type=2 2 2 2 2 2 2 2 2 2 2 2 2 2 2 2 2 2 2 2 2 2 2 2 2 2 2 2 2 2
left_child=1 3 -2 4 -1 7 17 8 -5 10 20 -12 -4 -8 15 19 -11 -7 -18 -6 21 -3 -22 -14 -25 26 -20 -10 -23 -15
right_child=2 9 12 5 14 6 13 -9 27 16 11 -13 23 29 -16 -17 18 -19 25 -21 22 28 -24 24 -26 -27 -28 -29 -30 -31
leaf_value=-1.1260990868708842 -1.1213455093760958 -1.8505677616728486 -1.8306937355734423 -1.7577078420023813 -1.7370537252726206 -1.1219668433587922 -1.090943172893124 -1.7914891813374338 -1.2145006483408065 -1.8902100527789667 -1.1873180037423166 -1.7398192052441792 -1.687990545324247 -1.5236464950731712 -1.8208827201532789 -1.090943172893124 -1.87910163563068 -1.7841006101546226 -1.8223147764399441 -1.4020023018036816 -1.8375980470115625 -1.1553231206263903 -1.6868703813984849 -1.1465440368445812 -1.6770689470480677 -1.8783937138882958 -1.6384792998055684 -1.6734284142893414 -1.634596064862927 -1.8067528139866977
leaf_weight=145.06805538386106 315.76520930975676 8.9517903998494166 125.44769286364317 61.191005609929562 15.941544547677042 45.12683379650116 2.9430543780326834 109.62877558171749 56.653796777129173 2738.6347260251641 13.488999232649805 11.40433571487665 13.734253764152529 6.0087360218167296 17.535699002444744 6.7444996163249007 819.88589881360531 2.4525453150272361 492.22584472596645 11.894844777882097 441.70341123640537 4.6598360985517493 31.88308909535408 5.3955996930599195 3.9240725040435791 189.09124378859997 17.167817205190659 2.5751725807785979 2.9430543780326843 33.109361752867699
leaf_count=1183 2575 73 1023 499 130 368 24 894 462 22333 110 93 112 49 143 55 6686 20 4014 97 3602 38 260 44 32 1542 140 21 24 270
internal_value=-1.78972 -1.82966 -1.33477 -1.45351 -1.25272 -1.57735 -1.41892 -1.63909 -1.50034 -1.8704 -1.80196 -1.44043 -1.78858 -1.71622 -1.60517 -1.49579 -1.87868 -1.1561 -1.85788 -1.59388 -1.82032 -1.61647 -1.82745 -1.55941 -1.36992 -1.83298 -1.81612 -1.23445 -1.34085 -1.76327
internal_weight=0 5288.91 464.267 516.874 197.185 319.689 89.6405 230.049 120.42 4772.04 515.035 24.8933 148.502 42.0612 52.1166 34.5809 4257.01 47.5794 1518.37 27.8364 490.141 16.5547 473.587 23.0539 9.31967 698.485 509.394 59.229 7.60289 39.1181
internal_count=46916 43130 3786 4215 1608 2607 731 1876 982 38915 4200 203 1211 343 425 282 34715 388 12382 227 3997 135 3862 188 76 5696 4154 483 62 319
is_linear=0
shrinkage=1


Tree=1
num_leaves=31
num_cat=0
split_feature=20 10 1 36 46 34 36 8 49 14 49 35 35 35 14 35 35 9 35 14 9 6 35 49 46 6 6 38 38 34
split_gain=6201.65 1596.67 1433.77 2022.58 914.148 724.549 602.615 439.331 248.062 131.783 129.576 195.43 223.161 286.258 122.3 114.709 112.062 94.4815 80.1604 65.8664 54.3597 49.1169 45.487 63.0009 44.2411 41.5406 42.3914 40.2173 37.0813 36.622
threshold=0.2165247071999544 1.5558804064814382 1.5311433537916541 3.5000000000000004 10.500000000000002 0.97832031928938423 3.5000000000000004 -0.46017495063667579 11.500000000000002 -1.1008513637848429 14.500000000000002 3.9791818576149001 1.9920083055123479 0.021662444967403577 -1.1008513637848429 4.9833386475289503 4.0217238821888719 1.20733357875903 4.9833386475289503 0.085520505031384281 0.14419241178071365 -0.48975686997770435 3.0242857737003104 14.500000000000002 1.5000000000000002 -1.1443219107003644 -0.79039603016483795 76.500000000000014 76.500000000000014 0.012426962810402731
decision_type=2 2 2 2 2 2 2 2 2 2 2 2 2 2 2 2 2 2 2 2 2 2 2 2 2 2 2 2 2 2
left_child=1 6 3 7 -4 -3 19 8 -2 18 11 12 13 -9 16 -13 -8 -6 25 -1 -16 -17 -10 -24 -21 -5 -27 -11 -22 -18
right_child=2 5 4 9 17 -7 14 10 22 27 -12 15 -14 -15 20 21 29 -19 -20 24 28 -23 23 -25 -26 26 -28 -29 -30 -31
leaf_value=0.29010895924477864 0.37997899303909338 0.38943611663702771 0.38290308985155913 0.22920750310999158 -0.015289699772320529 -0.078236916159724917 -0.04369500381494542 0.036009613212558363 -0.0039442747145780081 -0.081233479469050685 -0.026788273315012864 0.38662274005504477 0.013887072738017765 0.35093781616851238 -0.097688564198031444 0.45507846719748185 0.32546691496242042 0.19133944937805147 0.31198203724789919 0.22876740476568497 -0.088238824530489091 0.028780896944079204 0.39792618108502764 0.0048645006954885451 0.010105615236349893 -0.0085119292920724475 0.21409927166984485 -0.021913060122528957 -0.049420917234465678 0.051127611804515707
leaf_weight=39.005568221211433 208.71742853522301 108.80804288387299 373.75847700983286 10.231902837753294 72.304888375103474 47.627466917037964 381.917665399611 48.936358839273453 20.014006614685059 243.74056292325258 33.237816616892815 58.575151741504669 91.077331125736237 70.36177808791399 2543.7199051454663 3.2712027579546001 10.746303498744966 31.888719588518143 12.062413811683653 16.313294194638729 525.26638008654118 15.552962020039557 9.0311738550663012 7.4347734898328772 21.379399351775646 77.159908533096313 9.6209047585725767 215.19105000793934 463.00827550143003 8.8924285769462568
leaf_count=240 1150 587 2028 73 604 400 3192 390 153 2120 269 318 742 402 22313 21 60 224 74 103 4570 120 48 62 158 649 73 1795 3908 70
internal_value=0 -0.0663712 0.164608 0.103391 0.309883 0.247051 -0.0785974 0.23714 0.337929 -0.029936 0.160156 0.181748 0.131762 0.221754 -0.0840104 0.31761 -0.0317158 0.0479497 0.0688657 0.199012 -0.0899558 0.102862 0.0973402 0.220449 0.104742 0.038637 0.0161677 -0.0534184 -0.0700526 0.201246
internal_weight=0 4166.68 1612.17 1134.22 477.952 156.436 4010.25 566.21 245.197 568.007 321.013 287.775 210.375 119.298 3933.55 77.3993 401.556 104.194 109.075 76.6983 3531.99 18.8242 36.48 16.4659 37.6927 97.0127 86.7808 458.932 988.275 19.6387
internal_count=46916 35601 11315 8459 2856 987 34614 3675 1413 4784 2262 1993 1534 792 34113 459 3322 828 869 501 30791 141 263 110 261 795 722 3915 8478 130
is_linear=0
shrinkage=0.1


Tree=2
num_leaves=31
num_cat=0
split_feature=20 10 1 36 46 36 34 8 46 6 14 14 38 35 9 49 35 9 49 8 35 38 1 6 35 0 35 35 35 15
split_gain=4798.56 1186.43 909.655 1434.9 549.279 481.717 440.093 250.929 144.71 113.714 108.137 86.7971 118.835 81.1961 60.506 53.8837 53.2901 52.8411 44.2744 45.0247 50.4788 41.4411 37.0006 34.1826 66.9015 79.3165 33.3301 46.7144 47.816 36.6377
threshold=0.20229743365735717 1.5558804064814382 1.5767129858939295 3.5000000000000004 10.500000000000002 3.5000000000000004 0.97832031928938423 -0.46017495063667579 11.500000000000002 -0.76586299214389519 -1.1008513637848429 0.085520505031384281 167.50000000000003 4.0217238821888719 1.20733357875903 14.500000000000002 4.9833386475289503 0.14419241178071365 14.500000000000002 -0.6786290991684919 3.9870665012650273 76.500000000000014 0.65523970610283733 -0.12680684577949455 4.9907561561046512 -0.59318604656549323 3.983238646376297 1.9998374040016007 0.98315651167700135 -0.72977012248842554
decision_type=2 2 2 2 2 2 2 2 2 2 2 2 2 2 2 2 2 2 2 2 2 2 2 2 2 2 2 2 2 2
left_child=1 5 3 7 -4 18 -3 8 -2 13 16 15 -13 -7 -6 26 -5 -11 19 -1 -21 -12 -10 24 -19 -26 27 28 29 -9
right_child=2 6 4 10 14 9 -8 11 22 17 21 12 -14 -15 -16 -17 -18 23 -20 20 -22 -23 -24 -25 25 -27 -28 -29 -30 -31
leaf_value=0.27600432203642344 0.29006691223799047 0.29257001664290522 0.29180225282399069 0.032666055914013031 -0.015629372001670642 -0.041020852277856255 -0.076054688580145774 0.42283909254992474 0.036913018900965003 -0.094993976396599913 -0.078448828099541526 -0.0071472906028282619 0.16072116892499744 0.15785207569793774 0.14591946427102295 -0.019949490832962023 0.2379088777472862 -0.055230631805848245 -0.076130482611902903 0.046418987329344782 0.2688424565551063 -0.018318692289263496 0.22997255454400009 -0.082047490942559059 0.66866292676069738 0.055359113230234992 0.26473124216786459 0.078139788413020272 0.26147564542887664 0.047181455383549675
leaf_weight=31.046200826764107 241.95622318983078 123.90252254903316 437.0763193666935 104.57550858706236 70.744653381407261 367.79859169572592 43.849242478609085 2.9590431004762676 31.860318392515182 2362.9805941432714 237.97020378708839 79.737008966505527 89.508440963923931 21.743440017104149 34.485602378845215 12.418037757277487 14.391532704234121 329.29561260342598 7.2140150144696227 30.770302757620811 15.265530988574026 221.11444008350372 14.420373402535914 568.38127619028091 2.295888394117358 25.861678287386894 49.669373229146004 39.42719229310751 56.32038539648056 21.17467799782753
leaf_count=157 1122 565 2000 831 598 3175 390 23 216 22299 2196 588 570 131 216 102 75 2946 57 201 79 1871 90 5167 20 231 245 317 274 164
internal_value=0 -0.0639912 0.134695 0.0867116 0.242421 -0.0755921 0.196214 0.18993 0.259078 -0.0810086 -0.02747 0.13318 0.0816329 -0.0299202 0.0373127 0.181123 0.0574944 -0.0870598 0.160767 0.182938 0.120175 -0.0494876 0.0970675 -0.0668096 -0.04258 0.105366 0.19585 0.167311 0.21101 0.093241
internal_weight=0 3930.4 1759.81 1217.5 542.307 3762.65 167.752 639.451 288.237 3678.36 578.052 351.214 169.245 389.542 105.23 181.969 118.967 3288.82 84.296 77.082 46.0358 459.085 46.2807 925.834 357.453 28.1576 169.551 119.881 80.4541 24.1337
internal_count=46916 35418 11498 8684 2814 34463 955 3711 1428 33969 4973 2283 1158 3306 814 1125 906 30663 494 437 280 4067 306 8364 3197 251 1023 778 461 187
is_linear=0
shrinkage=0.1


Tree=3
num_leaves=31
num_cat=0
split_feature=20 10 10 36 46 36 34 49 8 14 35 35 35 14 35 35 9 35 34 9 38 38 38 46 35 35 35 25 4 0
split_gain=3840.38 964 638.394 1072.45 402.737 396.257 312.169 182.075 154.44 107.739 95.2652 138.221 142.41 77.7079 64.1846 61.0563 51.8611 46.1271 42.5739 39.7196 38.6485 34.433 33.7533 32.2532 31.713 28.5634 40.1507 28.4924 27.9847 27.8401
threshold=0.20229743365735717 1.5558804064814382 1.5558804064814382 3.5000000000000004 10.500000000000002 3.5000000000000004 0.99142187507088686 14.500000000000002 -0.46017495063667579 -1.1008513637848429 3.9791818576149001 1.9920083055123479 0.021662444967403577 -1.1008513637848429 4.0217238821888719 4.9833386475289503 0.14419241178071365 3.0195739599703946 0.98648807812311834 1.5107152646468711 76.500000000000014 76.500000000000014 80.500000000000014 1.5000000000000002 0.97105081045828856 1.0028377022293069 3.0242857737003104 -0.5139511253020993 0.51562021838130367 -0.59428276833821314
decision_type=2 2 2 2 2 2 2 2 2 2 2 2 2 2 2 2 2 2 2 2 2 2 2 2 2 2 2 2 2 2
left_child=1 5 3 7 -4 23 -3 8 18 14 11 12 -10 17 27 -12 -11 -5 -2 -6 -15 -18 -23 -1 -20 -26 -27 -7 -13 -17
right_child=2 6 4 13 19 9 -8 -9 10 16 15 28 -14 20 -16 29 21 -19 24 -21 -22 22 -24 -25 25 26 -28 -29 -30 -31
leaf_value=0.18184153020036836 0.2420180557781107 0.23874578547963388 0.24126972414833792 0.0072127821758209811 -0.0080022735238917155 -0.071126134916155312 -0.080743060884296877 -0.025293067280236954 0.02350954938420359 -0.092292966246212499 0.25469686694850696 -0.021061356265692662 0.22775430810122355 -0.075960139739811305 0.13315346655424068 0.30793834739488579 -0.082453744025554401 0.14822792318528955 -0.027534238773743187 0.13320105928231285 -0.01667776339946395 0.14106693765212955 -0.047227437324048264 0.058663759709044819 0.3379620082756743 0.018867226030880844 0.27220271482599878 -0.013947310528534734 0.13201441892357288 0.013423856026358925
leaf_weight=55.54141291975975 252.40217542648315 136.66520953178406 477.26680428534746 89.76271166652441 80.801472492516041 151.11549881100655 39.399667307734489 49.728263050317764 53.081462696194649 2196.9246894940734 74.784798562526703 82.400101155042648 95.658967390656471 223.7392348498106 23.299726620316505 3.8979321643710163 460.41791570931673 31.280079901218414 9.4147974699735624 26.439796984195709 216.27451829612255 9.7463294565677625 410.13935784995556 34.437456324696541 8.5537616014480573 14.674279630184175 10.905279755592344 205.87786343693733 13.967185921967028 18.177182510495186
leaf_count=274 1064 584 2010 701 670 1348 371 394 390 22303 323 636 429 2193 129 18 4508 195 51 151 1857 86 3768 220 42 97 47 1827 106 124
internal_value=0 -0.0611428 0.11567 0.0752955 0.201922 -0.0724781 0.167251 0.159006 0.173373 -0.0778697 0.127599 0.09442 0.154865 -0.0273025 -0.0276557 0.211561 -0.0840753 0.0436541 0.226264 0.0268107 -0.0468218 -0.0635668 -0.0428568 0.134698 0.134952 0.17977 0.126871 -0.0381511 0.00112499 0.065428
internal_weight=0 3723.57 1833.21 1248.7 584.508 3547.5 176.065 687.646 637.918 3457.52 341.968 245.108 148.74 561.057 380.293 96.8599 3077.23 121.043 295.95 107.241 440.014 880.304 419.886 89.9789 43.5481 34.1333 25.5796 356.993 96.3673 22.0751
internal_count=46916 35418 11498 8667 2831 34463 955 3721 3327 33969 2026 1561 819 4946 3304 465 30665 896 1301 821 4050 8362 3854 494 237 186 144 3175 742 142
is_linear=0
shrinkage=0.1


Tree=4
num_leaves=31
num_cat=0
split_feature=20 10 1 36 36 34 34 49 8 31 35 46 14 35 35 35 38 38 35 9 0 9 34 38 35 14 38 49 38 14
split_gain=3138.54 799.59 478.951 796.954 330.646 278.401 238.564 137.727 120.836 103.467 109.38 129.242 73.7874 73.6706 89.766 99.8097 60.6318 52.7914 44.6768 40.032 36.4838 35.6519 34.4546 33.1522 30.087 28.52 28.3828 27.9886 34.5657 38.0908
threshold=0.20229743365735717 1.5558804064814382 1.5311433537916541 3.5000000000000004 3.5000000000000004 0.98021637206564061 0.97832031928938423 14.500000000000002 -0.46017495063667579 -0.30895952233386209 4.991648342291179 2.5000000000000004 -1.1008513637848429 3.0167835666299005 1.9920083055123479 0.021662444967403577 26.500000000000004 251.50000000000003 4.9833386475289503 1.0855718869379301 -0.58844038671351928 -0.58684767136686711 0.97293110533848381 76.500000000000014 4.9833386475289503 0.085520505031384281 22.500000000000004 12.500000000000002 61.500000000000007 -0.14391558890390047
decision_type=2 2 2 2 2 2 2 2 2 2 2 2 2 2 2 2 2 2 2 2 2 2 2 2 2 2 2 2 2 2
left_child=1 4 3 7 25 -4 -3 8 22 10 21 16 24 14 15 -10 26 -11 -15 -7 -13 -6 -2 -14 -5 -1 -12 28 29 -23
right_child=2 6 5 12 9 19 -8 -9 13 17 11 20 23 18 -16 -17 -18 -19 -20 -21 -22 27 -24 -25 -26 -27 -28 -29 -30 -31
leaf_value=0.16584404419850818 0.20886538445314529 0.20862571097157884 0.20575727843831465 0.024424164204754871 -0.081909661526961816 -0.017271482456789441 -0.069856502784570049 -0.026053152549114292 0.018850822943399709 -0.097398896283256375 0.22046365111341584 0.31860401842763725 -0.072175072239615196 0.21623327954375615 0.0038293547329605868 0.18901328887285249 0.33316784867786647 -0.059555573251756748 0.055729707808818099 0.10461181588173814 -0.057553854267809956 -0.06346517687465808 0.11541761446552311 -0.016197896226663743 0.16888674797185416 0.055818390683597299 -0.068294287537176868 -0.09599257307523805 -0.010295908468261731 0.2195492347658764
leaf_weight=50.749054834246635 260.01118910312653 139.83857899904251 504.89645282924175 105.65126778185368 443.93059829622507 67.200946517288685 39.436994172632694 48.295055724680424 53.95498614013195 1562.8729241341352 6.0016070306301099 2.7168663814663878 210.47242699563503 78.188615053892136 96.503717601299286 95.451806664466858 18.532973438501358 482.40669751167297 22.285591140389442 44.987392745912075 50.612385258078575 317.27572171390057 46.513929381966591 212.74452772736549 16.694927677512169 43.972786732017994 7.8646183833479881 94.346384830772877 261.71240287274122 4.8279357030987731
leaf_count=238 1052 565 2054 809 4645 580 390 391 390 16755 35 20 2190 322 741 402 141 5067 141 258 485 3211 243 1850 75 256 73 939 2547 51
internal_value=0 -0.0583874 0.102041 0.066378 -0.0694055 0.174095 0.147365 0.1369 0.148953 -0.0747681 -0.0515606 0.0573122 -0.0242628 0.108484 0.0790056 0.127563 0.214839 -0.088473 0.180633 0.0316036 -0.0383904 -0.0598786 0.194685 -0.0440362 0.044137 0.114767 0.0566865 -0.0454568 -0.0372901 -0.0592231
internal_weight=0 3527.1 1863.85 1246.77 3347.82 617.085 179.276 701.205 652.91 3253.1 1207.82 85.7285 545.563 346.385 245.911 149.407 32.3992 2045.28 100.474 112.188 53.3293 1122.09 306.525 423.217 122.346 94.7218 13.8662 678.162 583.816 322.104
internal_count=46916 35418 11498 8606 34463 2892 955 3682 3291 33969 12147 754 4924 1996 1533 792 249 21822 463 838 505 11393 1295 4040 884 494 108 6748 5809 3262
is_linear=0
shrinkage=0.1


Tree=5
num_leaves=31
num_cat=0
split_feature=20 1 10 36 36 46 46 49 31 8 35 46 35 35 35 38 14 9 40 38 6 38 0 35 20 8 14 35 40 9
split_gain=2597.39 654.589 389.376 671.427 261.022 254.768 179.537 107.062 99.4735 93.06 90.3682 90.7115 58.0084 79.4679 80.1301 50.9192 49.4305 36.4608 36.4318 34.7239 33.3784 33.0155 32.8742 29.2346 28.8193 28.599 25.9048 25.4631 25.7559 24.972
threshold=0.18684069925012592 1.5311433537916541 1.5558804064814382 3.5000000000000004 3.5000000000000004 12.500000000000002 12.500000000000002 14.500000000000002 -0.30895952233386209 -0.46017495063667579 4.991648342291179 2.5000000000000004 3.9791818576149001 1.9920083055123479 0.021662444967403577 251.50000000000003 -1.1008513637848429 0.14419241178071365 0.51500000000000012 26.500000000000004 1.1857243389194776 76.500000000000014 -0.59668619562108483 3.0195739599703946 0.71349449474799076 -0.6786290991684919 0.085520505031384281 3.9882573290859553 0.44500000000000006 1.0002313641118341
decision_type=2 2 2 2 2 2 2 2 2 2 2 2 2 2 2 2 2 2 2 2 2 2 2 2 2 2 2 2 2 2
left_child=1 4 3 7 25 -4 -3 9 10 20 17 19 13 14 -11 -10 23 -6 -14 -12 -2 -18 -13 -5 -7 -1 -15 -26 -29 -23
right_child=2 6 5 16 8 24 -8 -9 15 12 11 22 18 26 -16 -17 21 -19 -20 -21 -22 29 -24 -25 27 -27 -28 28 -30 -31
leaf_value=0.16460500319512544 0.17817315221072449 0.18103084741402431 0.184995257963363 0.00064932126756847878 -0.068574701948576747 -0.045877328693756964 -0.070008813161283601 -0.021719523447228634 -0.095156459742090138 0.017658032854730377 0.046700782997553085 0.29817988164674936 0.19211892422316468 0.058567574822221635 0.16652276302245497 -0.056901826416768032 -0.069767087117610635 -0.027841917010913143 0.050103995608162345 0.2491829653002065 -0.0074980468155740644 -0.038451584157827491 -0.055625372786205732 0.10752172234818953 0.012065195673533952 0.051965126723219124 -0.045334168366065991 0.24809868776877911 0.030690663583492029 0.033031118985902462
leaf_weight=38.058042071759701 304.08447100222111 141.78625036776066 511.29858501255512 94.175829596817493 750.86639007180929 44.823907814919949 35.651732586324215 48.277982480823994 1441.0123475790024 54.973688930273056 13.745304137468336 2.7779181599616996 81.526519194245338 43.300003483891487 105.64789664745331 458.70709817111492 204.73431244492531 310.6813151165843 23.205684274435043 22.065536752343178 10.000687539577482 141.25545547157526 48.082056492567062 35.148469790816307 40.151141732931137 55.283435851335526 53.823049604892731 11.620440974831583 10.260504350066183 74.723489478230476
leaf_count=171 1257 610 2066 721 8224 395 373 396 16696 392 107 16 328 322 432 5048 2254 3066 142 141 49 1256 482 199 274 299 422 60 69 649
internal_value=0 -0.0562748 0.0905152 0.0589346 -0.0668301 0.155647 0.130591 0.122153 -0.0718746 0.132419 -0.0486374 0.0495439 0.0978958 0.0723951 0.115573 -0.0859195 -0.024374 -0.0566535 0.160652 0.171464 0.172261 -0.0409947 -0.0363009 0.0296957 0.0152163 0.0978917 0.000987953 0.059362 0.146151 -0.0137203
internal_weight=0 3318.72 1893.03 1274.88 3141.28 618.155 177.438 724.84 3047.94 676.562 1148.22 86.6708 362.477 257.745 160.622 1899.72 550.038 1061.55 104.732 35.8108 314.085 420.713 50.86 129.324 106.856 93.3415 97.1231 62.0321 21.8809 215.979
internal_count=46916 35233 11683 8819 34250 2864 983 3740 33780 3344 12036 746 2038 1568 824 21744 5079 11290 470 248 1306 4159 498 920 798 470 744 403 129 1905
is_linear=0
shrinkage=0.1


Tree=6
num_leaves=31
num_cat=0
split_feature=20 10 1 36 36 46 34 6 46 8 9 4 38 6 35 0 38 6 6 8 6 49 35 49 10 34 22 38 38 38
split_gain=2167.72 538.684 333.087 535.819 217.27 188.742 149.175 97.6961 91.7387 71.0573 53.6704 52.9585 34.3331 33.9745 41.8648 46.4242 33.5201 32.3283 31.2682 30.6653 29.7888 29.1083 31.3449 28.4215 27.8686 26.4124 28.9092 26.128 25.8331 50.7089
threshold=0.163146006118425 1.5558804064814382 1.6013436078017558 3.5000000000000004 3.5000000000000004 10.500000000000002 0.99142187507088686 -0.76586299214389519 12.500000000000002 -0.46017495063667579 0.14419241178071365 1.435933347109525 76.500000000000014 0.41087838248946501 4.9907561561046512 -0.61008210527390805 32.500000000000007 -0.4208555543791781 0.53885425412260934 2.0990456470371259 -0.78140398427176605 21.500000000000004 0.012503338636379964 14.500000000000002 1.6497800250165098 0.023351400585185606 -0.54470189973136984 156.50000000000003 32.500000000000007 34.500000000000007
decision_type=2 2 2 2 2 2 2 2 2 2 2 2 2 2 2 2 2 2 2 2 2 2 2 2 2 2 2 2 2 2
left_child=1 4 3 8 23 -4 -3 20 9 -2 25 28 -10 14 -12 -16 17 -11 -18 -17 -6 22 -14 -1 -7 26 -9 -28 -5 -30
right_child=2 6 5 11 7 24 -8 10 12 16 13 -13 21 -15 15 19 18 -19 -20 -21 -22 -23 -24 -25 -26 -27 27 -29 29 -31
leaf_value=0.10194789730119012 0.16098530878868569 0.16967004373721628 0.16842302699292516 -0.067221146150305389 -0.02606855571859884 0.24572558878952946 -0.075361813646750764 0.019137598367347693 -0.041782474734056732 0.11315800787427421 -0.048932683626033716 0.055732261842798204 -0.044603241485358942 -0.085746382423168427 0.39052141032464138 0.0040804340227321399 0.12093122249477627 -0.03675890903498865 0.0069147627517181232 0.4129080297615958 0.10111508707768656 -0.066247715336683985 0.12061394261448609 -0.10694943563179463 0.011144477179054049 -0.095566264277315821 -0.087116539247364885 -0.043890834859047392 0.23923029925986469 -0.022262806473151261
leaf_weight=85.822208940982819 295.0418429300189 130.85387766361237 493.02418062090874 141.1265872195363 316.03535375744104 5.3261602222919455 30.668947659432888 34.035286486148834 41.018598459661007 24.405931189656258 446.71608431637287 82.017568647861481 13.944167390465735 221.63707043230534 3.5965895354747763 50.140577703714371 219.81592763960361 35.028934992849827 27.008232288062572 1.9043924659490574 19.555306687951088 13.739904709160326 65.060381501913071 7.0478687435388556 103.05330300331116 1052.4134601429105 508.68376913666725 192.85173887759447 7.5733194276690474 356.75293832272291
leaf_count=403 1213 538 1990 1543 3068 30 339 411 292 123 4924 583 97 2576 21 513 1174 244 174 20 164 112 353 50 773 13154 6338 2306 75 3315
internal_value=0 -0.0546577 0.0804546 0.0523962 -0.0644246 0.142157 0.123145 -0.0693337 0.109299 0.125962 -0.0761038 -0.018803 0.0343977 -0.0531331 -0.0387444 0.043052 0.0922208 0.024802 0.108455 0.01904 -0.0186574 0.0680903 0.0914534 0.0860948 0.0226726 -0.0854051 -0.0708672 -0.0752338 -0.0308975 -0.0168271
internal_weight=0 3101.96 1923.94 1322.53 2940.44 601.404 161.523 2847.57 735.064 601.301 2511.98 587.47 133.763 723.995 502.358 55.6416 306.259 59.4349 246.824 52.045 335.591 92.7445 79.0045 92.8701 108.379 1787.98 735.571 701.536 505.453 364.326
internal_count=46916 34825 12091 9298 33948 2793 877 33495 3782 2928 30263 5516 854 8054 5478 554 1715 367 1348 533 3232 562 450 453 803 22209 9055 8644 4933 3390
is_linear=0
shrinkage=0.1


Tree=7
num_leaves=31
num_cat=0
split_feature=20 1 10 36 46 36 46 31 49 35 8 35 46 49 38 6 49 6 49 14 35 14 34 35 49 14 31 19 19 8
split_gain=1815.91 448.739 305.74 459.963 186.597 176.963 122.782 87.0869 83.2604 74.2857 68.7026 67.7898 71.8376 55.1077 48.4332 47.7064 41.3668 35.011 39.8334 31.4503 31.3683 68.4673 41.956 29.4833 39.3023 26.6342 37.4034 24.9817 29.2516 24.7769
threshold=0.11681936222440265 1.5767129858939295 1.5558804064814382 3.5000000000000004 10.500000000000002 3.5000000000000004 12.500000000000002 -0.30895952233386209 11.500000000000002 3.0167835666299005 -0.46017495063667579 4.9907561561046512 2.5000000000000004 14.500000000000002 251.50000000000003 -1.1443219107003644 10.500000000000002 -0.27559609960422832 2.5000000000000004 -1.1008513637848429 4.9767988934686258 -0.13387022158790915 0.99174417754296629 3.983238646376297 1.5000000000000002 -0.30332784637081578 -0.32725507733233067 -0.17725737307739534 -0.58438826583685721 -0.67497527543663749
decision_type=2 2 2 2 2 2 2 2 2 2 2 2 2 2 2 2 2 2 2 2 2 2 2 2 2 2 2 2 2 2
left_child=1 5 3 8 -4 29 -3 11 10 -10 -2 17 25 -11 -9 -5 23 19 27 -7 -17 22 -22 24 -12 -13 -27 28 -19 -1
right_child=2 6 4 15 -6 7 -8 14 9 13 16 12 -14 -15 -16 20 -18 18 -20 -21 21 -23 -24 -25 -26 26 -28 -29 -30 -31
leaf_value=0.14016606355748037 0.15016850047255725 0.15672618011565015 0.15535928287375483 0.14885715449501299 0.014187625664531064 -0.028863287078546691 -0.072579000319711873 -0.092091282364464927 -0.031701048062897294 0.17411576839184206 0.08737825310339925 0.20908796935444776 -0.041230091944134302 -0.0026613356088202953 -0.052051009807632213 -0.03195141364014141 0.17510603537412014 0.39555633343716606 -0.01831981297369242 -0.068562433116265517 0.23389640953660049 -0.05468581157533741 0.0034708610335362636 0.12073124426093507 -0.0049535586645622067 -0.057492166601849408 0.36181707207844782 0.57629612433778366 -0.074645949909020473 0.031937450437918791
leaf_weight=36.435263141989708 283.84123151004314 123.42239935696125 503.05141362547874 16.453175619244576 115.04008543491364 296.58299839496613 28.799841031432152 1215.0770087167621 83.480765126645565 45.591433480381966 102.06265568733215 23.813420720398426 45.928786769509315 28.757535189390182 402.06119001656771 535.1960550993681 40.8027303814888 2.5628704577684398 16.337256781756878 609.97476918250322 20.142521381378174 36.768488004803658 13.003008112311361 72.799001961946487 84.080555990338326 10.148481845855711 2.6915904358029357 1.8899898678064371 2.734963178634644 50.429281577467918
leaf_count=157 1173 529 2076 97 863 3009 334 16305 600 186 506 129 487 235 4925 5376 164 28 201 7553 132 400 99 339 595 91 19 21 31 256
internal_value=0 -0.0537355 0.0707472 0.0442922 0.129084 -0.0630973 0.113343 -0.0677359 0.097482 0.0330434 0.114909 -0.0447397 0.0420896 0.10574 -0.0821363 -0.019154 0.0815209 -0.0524493 0.0679914 -0.0555747 -0.0237223 0.0392722 0.1435 0.0667743 0.0456721 0.146494 0.0304052 0.264169 0.152818 0.0773339
internal_weight=0 2868.89 1981.07 1362.98 618.091 2716.67 152.222 2629.8 741.416 157.83 583.586 1012.67 82.5823 74.349 1617.14 621.563 299.745 930.083 23.5251 906.558 605.11 69.914 33.1455 258.942 186.143 36.6535 12.8401 7.18782 5.29783 86.8645
internal_count=46916 34075 12841 9902 2939 33212 863 32799 3798 1021 2777 11569 726 421 21230 6104 1604 10843 281 10562 6007 631 231 1440 1101 239 110 80 59 413
is_linear=0
shrinkage=0.1


Tree=8
num_leaves=31
num_cat=0
split_feature=20 10 10 36 46 36 34 31 14 38 35 46 38 14 6 34 8 38 11 9 46 38 35 6 6 20 34 9 32 35
split_gain=1529.69 384.961 258.497 376.939 163.247 156.319 97.5379 84.5253 71.7912 80.0211 57.6647 54.5811 47.9489 40.2169 38.6652 37.5581 36.2196 33.4839 30.7509 30.3541 30.194 26.1089 25.9268 26.6256 26.7386 24.223 23.3771 26.5819 22.9306 21.9782
threshold=0.11681936222440265 1.6497800250165098 1.5558804064814382 3.5000000000000004 10.500000000000002 3.5000000000000004 0.99142187507088686 -0.30895952233386209 0.078415301289438341 73.500000000000014 4.9907561561046512 2.5000000000000004 251.50000000000003 -1.1008513637848429 1.1857243389194776 1.0129495450899222 -0.46017495063667579 76.500000000000014 2.7813109625066192 -0.58684767136686711 10.500000000000002 78.500000000000014 4.991648342291179 -0.7942334489503754 -1.1443219107003644 1.3183409736206884 1.975684127186299 1.4973996768058531 0.054648234884955856 3.0242857737003104
decision_type=2 2 2 2 2 2 2 2 2 2 2 2 2 2 2 2 2 2 2 2 2 2 2 2 2 2 2 2 2 2
left_child=1 5 3 8 -4 -1 -3 10 15 -10 18 28 -9 20 29 16 -2 -15 19 -7 22 -19 23 24 -5 -6 27 -23 -12 -11
right_child=2 6 4 13 25 7 -8 12 9 14 11 -13 -14 17 -16 -17 -18 21 -20 -21 -22 26 -24 -25 -26 -27 -28 -29 -30 -31
leaf_value=0.070182737740206683 0.14935243687483987 0.14640983693124662 0.14462126804308378 0.13596837417824376 -0.037994975250825375 -0.073776134173676594 -0.067642455719202285 -0.090093428497506581 -0.023972828288653963 0.078099799891124977 0.067486676528578649 -0.037111578676491203 -0.049213394402666977 -0.060016392844257839 -0.017614370911783535 -0.03724039240040352 0.090667755937863762 0.2395979497678826 0.13558374019010161 -0.035989167023536543 -0.081330643236438543 -0.0078325537585015644 0.17252227682385934 0.16051500280375772 -0.01060820614165963 0.053859690551883679 -0.10913140461834619 0.17108031767542864 0.22874843729681366 0.15271572117378282
leaf_weight=88.818413250148296 211.81990456581116 118.07197812199593 487.16906289756298 14.69205668568611 52.070150554180145 355.53516567498446 25.970275245606899 1124.2817590981722 96.564714923501015 108.36104767024517 24.559580139815807 44.885072574019432 385.22666709125042 222.69476576149464 30.124157957732677 15.71506058424711 208.88335165381432 4.2437103837728491 8.9045974165201169 528.72579536587 21.482704825699329 206.63483504951 14.543718889355658 13.764821790158747 81.387220285832882 63.992382548749447 21.880440011620522 8.6520056799054128 13.756781034171579 62.097703158855438
leaf_count=417 903 512 2076 83 467 4608 319 16308 631 575 162 489 4927 2751 188 132 1076 40 102 6154 160 1977 59 94 661 396 209 70 77 293
internal_value=0 -0.0512729 0.064848 0.0404314 0.11923 -0.0601733 0.107817 -0.0648308 0.0887313 0.0508189 -0.0419029 0.0377221 -0.0796608 -0.0176548 0.0868252 0.114545 0.120215 -0.0320502 -0.0493202 -0.0511822 0.0281459 -0.0062522 0.0470533 0.0304408 0.0118057 0.0126501 -0.0106513 -0.000642355 0.125385 0.105282
internal_weight=0 2718.74 1946.77 1343.54 603.232 2574.69 144.042 2485.88 733.566 297.148 976.367 83.2014 1509.51 609.976 200.583 436.418 420.703 464.106 893.166 884.261 145.871 241.411 124.388 109.844 96.0793 116.063 237.167 215.287 38.3164 170.459
internal_count=46916 34075 12841 9902 2939 33244 831 32827 3798 1687 11592 728 21235 6104 1056 2111 1979 5047 10864 10762 1057 2296 897 838 744 863 2256 2047 239 868
is_linear=0
shrinkage=0.1


Tree=9
num_leaves=31
num_cat=0
split_feature=20 1 10 36 34 9 46 14 8 34 38 34 12 35 40 6 27 38 34 6 14 14 1 31 35 25 35 25 28 34
split_gain=1287.52 329.409 223.433 307.327 144.557 130.628 88.9994 77.5517 63.7987 61.8823 41.6293 39.1779 34.4798 41.685 33.3307 37.2445 35.2854 33.094 32.9805 31.6126 28.9549 124.4 26.7393 26.3629 24.1908 24.1372 29.2613 23.2545 22.9975 22.3259
threshold=0.11681936222440265 1.5767129858939295 1.5558804064814382 3.5000000000000004 0.97832031928938423 0.96375017631015947 12.500000000000002 -1.1008513637848429 -0.46017495063667579 0.97293110533848381 76.500000000000014 0.027252357979272852 -0.21661004517060475 4.9767988934686258 0.54500000000000015 -0.36301379309175846 0.24592402486112758 156.50000000000003 0.017182436605504794 -0.12680684577949455 -0.11366729394552033 -0.14391558890390047 1.5038974545936106 0.31295301844119944 0.0025934789927923728 -0.5139511253020993 3.0242857737003104 1.7660108053794292 -0.47414540690574375 1.0027913168030598
decision_type=2 2 2 2 2 2 2 2 2 2 2 2 2 2 2 2 2 2 2 2 2 2 2 2 2 2 2 2 2 2
left_child=1 5 3 8 -4 7 -3 25 9 -2 20 14 13 -5 -12 -16 -17 19 -15 -10 21 -9 -14 24 -7 -1 -27 -6 -18 -26
right_child=2 6 4 12 27 23 -8 10 17 -11 11 -13 22 18 15 16 28 -19 -20 -21 -22 -23 -24 -25 29 26 -28 -29 -30 -31
leaf_value=-0.049279603545471312 0.13807348933668268 0.13742981602145243 0.13576111008762368 -0.0089837314485765353 -0.0059065895079350146 -0.045734699254211093 -0.067437340708111776 -0.075307981370189181 0.059399362148973081 0.030873596339773657 -0.040445031867003989 -0.072257643159324578 -0.050484270365947263 0.16711436018662151 0.32825543209963254 -0.033259318796672946 -0.060909331623431262 0.083218389449262756 -0.019071817765046472 -0.019274149901170386 -0.096683532511607453 0.19549221655835303 0.19816312095124533 -0.033106007143614197 0.083610796048868036 -0.013016601557398581 0.088204366665763742 0.12792523140742185 0.34128487996288076 -0.11755382601468185
leaf_weight=123.62170020490885 244.19950667023659 115.16191977262497 468.11314508318901 319.91374776512384 101.47296623140574 21.14986352622509 25.991043366491795 318.7874265499413 123.32065510004759 69.082592129707336 337.48779211938381 574.08957448974252 233.52376642823219 25.743733413517475 4.5424507707357398 24.869190104305748 2.0136078856885433 205.66949497163296 15.091131277382372 87.181509107351303 688.29981030523777 17.917270395904779 4.4065659344196311 52.801353335380554 94.843017272651196 131.78369151055813 36.46143750846386 14.88834787160158 4.836509730666875 5.8577903881669036
leaf_count=1363 1071 529 2076 3101 774 200 334 4461 648 376 4522 8188 2669 172 26 332 25 1090 124 613 10901 190 38 492 737 1360 303 89 57 55
internal_value=0 -0.048821 0.0594433 0.0367696 0.110966 -0.0574155 0.0997068 -0.0638418 0.0803486 0.114435 -0.0709595 -0.0558535 -0.0163289 0.00316096 -0.0306563 0.0604475 0.0220953 0.0546897 0.0983065 0.026816 -0.0849282 -0.0608977 -0.0458792 0.0259142 0.0514893 -0.015731 0.00891962 0.0112171 0.223059 0.071909
internal_weight=0 2580.52 1912.61 1328.13 584.474 2439.36 141.153 2264.71 729.454 313.282 1972.84 947.839 598.679 360.749 373.75 36.2618 31.7193 416.172 40.8349 210.502 1025 336.705 237.93 174.652 121.851 291.867 168.245 116.361 6.85012 100.701
internal_count=46916 34075 12841 9902 2939 33212 863 31728 3798 1447 28702 13150 6104 3397 4962 440 414 2351 296 1261 15552 4651 2707 1484 992 3026 1663 863 82 792
is_linear=0
shrinkage=0.1


Tree=10
num_leaves=31
num_cat=0
split_feature=20 1 10 36 46 3 49 8 34 20 34 34 38 38 6 6 35 35 6 35 40 35 35 1 9 6 14 21 32 38
split_gain=1098.32 296.585 225.98 298.372 130.703 77.5631 74.7134 64.9196 63.1154 45.7777 45.0769 39.8885 57.9983 67.3372 49.086 41.2828 38.092 37.5782 38.9195 35.4436 56.5726 76.6876 55.4112 29.0567 28.2535 24.0136 33.8462 22.8971 22.8543 24.7359
threshold=1.0000000180025095e-35 1.5767129858939295 1.5558804064814382 3.5000000000000004 12.500000000000002 0.88835805594642714 11.500000000000002 -0.46017495063667579 0.97293110533848381 -0.11522583396455836 0.97293110533848381 1.975684127186299 156.50000000000003 157.50000000000003 -0.13297491215438997 -1.1443219107003644 4.0170974443649099 4.0217238821888719 -0.37693072778844022 3.9791818576149001 0.20500000000000004 0.021662444967403577 4.9879704741661453 1.1104001270739934 1.4973996768058531 -0.28858486366511377 -0.12376362067847634 0.89456642572706235 -0.8185978834558062 32.500000000000007
decision_type=2 2 2 2 2 2 2 2 2 2 2 2 2 2 2 2 2 2 2 2 2 2 2 2 2 2 2 2 2 2
left_child=1 5 3 7 -4 10 -3 8 -2 -7 17 12 14 -14 16 -15 25 23 -19 20 21 -9 -21 -1 -17 -5 27 -27 -20 -30
right_child=2 6 4 11 -6 9 -8 19 -10 -11 -12 -13 13 15 -16 24 -18 18 28 22 -22 -23 -24 -25 -26 26 -28 -29 29 -31
leaf_value=-0.062376416957129623 0.13235298111125535 0.12605282816854299 0.12768779877883704 -0.029096361906501528 0.0070408833360943272 -0.028511420563993702 -0.080725634041051902 -0.014232439620582436 0.026699472228524059 0.094540906014722037 -0.083134483924071023 -0.10661607081830654 0.37528903085089094 0.18807763988907056 -0.073415614169493798 0.0049303217379688142 0.10478232883596431 0.15393731518603951 -0.10057613468816494 0.1415203246254515 -0.02287923501964154 0.11816932965957749 0.007110326766699729 0.037378071227151859 0.19831442096554663 0.13599211662221791 -0.011667424941526203 0.50329752788671944 -0.10797322886719854 0.06734370386745174
leaf_weight=713.23554185777903 247.16620457172394 112.45659754797816 453.92941524088383 221.11125032603741 111.93860621750355 312.67528800293803 20.688465144485235 72.853344827890396 73.312357507646084 33.468612536787987 955.38366606086493 44.703646522015333 5.4899001866579047 14.000236339867113 168.9246566966176 228.06047158315778 28.320798732340336 15.837851427495478 23.180430740118027 83.500281818211079 121.19683549553156 109.49209716916084 48.478730730712414 30.44633211940527 7.8137954622507086 8.7378637529909629 20.206288158893585 2.1062736362218848 10.784121304750441 31.717839505523443
leaf_count=10383 1127 578 2121 2432 829 3728 274 457 394 259 15228 476 50 73 2325 2218 225 83 340 369 838 458 301 390 57 80 244 21 166 392
internal_value=0 -0.0508627 0.0499467 0.0296965 0.103822 -0.0599271 0.093923 0.0740226 0.108184 -0.0166135 -0.0683473 -0.0150156 -0.00920537 0.0288507 -0.0308298 0.0212392 -0.00518181 -0.0512272 0.0132266 0.0488851 0.0300743 0.0652702 0.0921486 -0.0582925 0.0113365 -0.0175321 0.0648174 0.207334 -0.0207026 0.0228601
internal_weight=0 2259.87 2071.34 1505.48 565.868 2126.73 133.145 756 320.479 346.144 1780.59 749.475 704.772 255.364 449.407 249.875 280.482 825.202 81.5202 435.521 303.542 182.345 131.979 743.682 235.874 252.162 31.0504 10.8441 65.6824 42.502
internal_count=46916 31821 15095 12145 2950 30969 852 3944 1521 3987 26982 8201 7725 2398 5327 2348 3002 11754 981 2423 1753 915 670 10773 2275 2777 345 101 898 558
is_linear=0
shrinkage=0.1


Tree=11
num_leaves=31
num_cat=0
split_feature=20 10 10 36 34 46 34 49 8 9 6 35 49 38 35 34 38 6 38 40 6 49 40 40 38 6 25 38 38 11
split_gain=929.76 254.339 195.52 249.952 119.115 73.8218 63.5886 57.5602 58.0102 55.0424 54.5601 52.8941 47.888 45.8259 35.9756 35.9342 47.5929 43.6213 39.2935 31.3393 30.9931 29.3749 32.9975 31.6866 24.334 22.6593 22.5872 21.5422 21.7295 21.0331
threshold=1.0000000180025095e-35 1.6497800250165098 1.5558804064814382 3.5000000000000004 0.97832031928938423 10.500000000000002 0.99142187507088686 11.500000000000002 -0.46017495063667579 1.3688461677819277 -0.76586299214389519 3.0167835666299005 14.500000000000002 76.500000000000014 0.021662444967403577 1.975684127186299 156.50000000000003 -0.13297491215438997 157.50000000000003 0.44500000000000006 -1.1443219107003644 3.5000000000000004 0.21500000000000002 0.51500000000000012 80.500000000000014 -0.78140398427176605 0.89393002745127459 137.50000000000003 26.500000000000004 2.0268574092267229
decision_type=2 2 2 2 2 2 2 2 2 2 2 2 2 2 2 2 2 2 2 2 2 2 2 2 2 2 2 2 2 2
left_child=1 5 3 7 -4 9 -3 8 -2 10 25 -9 -13 -12 -10 16 17 19 -18 -5 -20 22 -16 -23 -15 26 -1 28 -21 -28
right_child=2 6 4 15 -6 -7 -8 11 14 -11 13 12 -14 24 21 -17 18 -19 20 27 -22 23 -24 -25 -26 -27 29 -29 -30 -31
leaf_value=-0.019770928394853806 0.11815271194702387 0.12429668426777968 0.12191947311591969 -0.019211966753717793 0.0083956173972485979 -0.082532193024033723 -0.060637717025473672 -0.036985659593712465 -0.010290311417305287 0.065637115229948986 -0.076154941720614433 0.14540716005119134 -0.016034652074864954 0.10313462586376435 0.090764203980362057 -0.1047430446007681 0.25764621989622161 -0.070523668629700151 0.15896139497658157 0.010476463595258395 0.010079791634463211 0.13908540717699111 -0.0094872202340909317 0.018592237698162671 -0.037491424156481795 0.11692505636188642 0.0086868318135027416 -0.11723341077700916 0.16387494536367372 0.2462290754884871
leaf_weight=198.00787831097841 260.40428519248962 101.55433993786573 426.6770430803299 235.36299061030149 117.98209571093321 723.30734090134501 22.759654961526394 87.514965854585171 67.603607453405857 45.287229754030704 548.04488259553909 43.563104674220085 31.775596298277378 12.639970645308493 64.411278620362282 41.13606084510684 7.0831733271479598 158.79796187207103 14.856241807341574 15.882017809897659 237.72739780694246 86.664765760302544 66.96714822947979 29.17094224691391 464.34118089824915 14.883282534778116 9.1095363199710828 5.2073629423975936 22.06194818764925 6.3092201575636855
leaf_count=2191 1233 504 2084 2614 866 12340 317 614 417 251 9064 193 242 176 270 476 50 2325 73 134 2275 376 448 151 6708 127 81 50 204 62
internal_value=0 -0.0483935 0.0461203 0.0272265 0.0973283 -0.0569293 0.0904385 0.0683764 0.0832355 -0.042669 -0.0465824 0.015892 0.0773159 -0.0564293 0.0543534 -0.0139212 -0.00856084 -0.0286969 0.0253508 -0.00484885 0.0188366 0.0720309 0.0396633 0.108742 -0.0337648 -0.00237364 -0.0106929 0.0734928 0.0996677 0.105887
internal_weight=0 2146.24 2020.85 1476.19 544.659 2021.93 124.314 738.076 575.222 1298.62 1253.34 162.854 75.3387 1025.03 314.818 738.115 696.979 437.312 259.667 278.514 252.584 247.214 131.378 115.836 476.981 228.31 213.427 43.1513 37.944 15.4188
internal_count=46916 31821 15095 12145 2950 31000 821 3944 2895 18660 18409 1049 435 15948 1662 8201 7725 5327 2398 3002 2348 1245 718 527 6884 2461 2334 388 338 143
is_linear=0
shrinkage=0.1


Tree=12
num_leaves=31
num_cat=0
split_feature=20 1 1 36 46 46 46 14 38 38 18 8 35 12 4 34 38 38 40 20 46 6 38 6 15 36 38 19 38 35
split_gain=787.824 218.679 170.877 195.64 99.9346 70.9049 58.6801 57.9627 54.7346 49.3448 49.6285 35.9071 35.553 32.6338 30.1521 27.3438 31.5845 27.9427 26.3193 25.5045 25.3484 24.8359 24.4679 24.4109 24.0109 23.691 23.4557 22.611 21.9322 21.8958
threshold=1.0000000180025095e-35 1.5767129858939295 1.3857738064847374 3.5000000000000004 10.500000000000002 10.500000000000002 12.500000000000002 0.078415301289438341 73.500000000000014 21.500000000000004 0.96656412438340544 -0.46017495063667579 3.9946060344210337 -0.21661004517060475 1.9885945348491521 1.0157501127423871 28.500000000000004 40.500000000000007 0.33500000000000008 0.9003489323517696 21.500000000000004 -1.1443219107003644 156.50000000000003 1.1857243389194776 6.5710458113766927 4.5000000000000009 76.500000000000014 -0.65019057513811995 78.500000000000014 4.0005527689208735
decision_type=2 2 2 2 2 2 2 2 2 2 2 2 2 2 2 2 2 2 2 2 2 2 2 2 2 2 2 2 2 2
left_child=1 5 3 7 -4 9 -3 11 -9 -1 24 -2 14 15 18 16 -5 19 22 -18 25 -19 -12 -10 -11 -6 -15 -28 -29 -23
right_child=2 6 4 13 20 -7 -8 8 23 10 12 -13 -14 26 -16 -17 17 21 -20 -21 -22 29 -24 -25 -26 -27 27 28 -30 -31
leaf_value=-0.084989781540479148 0.11733980336065571 0.11789520921893847 0.1090072664501941 -0.037819568052669228 0.071740582758920368 -0.080387631167074022 -0.060421676465640062 -0.036772424573765075 0.072602534554577505 -0.050656532040037984 -0.036840972895266735 0.056956634104381711 0.040835191759073464 -0.07480681505413439 0.32481242629631146 -0.099582499162082241 0.094422853667123885 0.14535379208538565 -0.083296955848049553 0.41625714494211413 -0.073179139736476689 -0.0016036013278738358 0.028325413134859645 -0.023603224690591972 0.26919642341412242 -0.017872295059745896 0.30881218106196578 0.24809249508691048 -0.025883270470777042 0.082868691926184679
leaf_weight=204.70235203579068 186.21157987415791 98.291688174009323 467.99349432438612 104.8666284866631 70.455997467041016 671.5239622220397 22.720532067120075 92.912661150097847 160.08108273148537 614.76979770883918 144.85156155750155 209.0251338109374 120.84155805781484 122.70798252522945 2.469359725713729 24.727462813258171 14.68272675573826 14.53142763674259 63.509537287056446 2.9585262164473525 26.844062767922878 208.99694347754121 95.671356163918972 31.576764956116676 2.355965130031108 50.752371318638325 2.1223358660936347 2.9854059740900984 137.23939886316657 35.965981561690569
leaf_count=3574 954 521 2592 1200 411 12321 331 633 852 9722 1976 1112 1351 1957 19 294 136 69 901 28 215 2111 1078 197 27 485 22 22 1535 270
internal_value=0 -0.0459676 0.0427035 0.0228081 0.0863536 -0.0541823 0.0844155 0.0606286 0.0262162 -0.040095 -0.0312962 0.0854055 -0.00510134 -0.0154641 -0.0232123 0.00232824 0.00892504 0.026613 -0.026039 0.148396 0.0147452 0.0183337 -0.0109201 0.0567521 -0.0494354 0.0342179 -0.0427667 -0.0151471 -0.0200503 0.0107988
internal_weight=0 2041.71 1967.64 1351.59 616.046 1920.7 121.012 679.807 284.571 1249.17 1044.47 395.237 427.343 671.785 306.502 406.73 382.002 277.136 304.032 17.6413 148.052 259.494 240.523 191.658 617.126 121.208 265.055 142.347 140.225 244.963
internal_count=46916 31821 15095 11392 3703 30969 852 3748 1682 18648 15074 2066 5325 7644 3974 4108 3814 2614 3955 164 1111 2450 3054 1049 9749 896 3536 1579 1557 2381
is_linear=0
shrinkage=0.1


Tree=13
num_leaves=31
num_cat=0
split_feature=20 1 1 36 46 13 49 8 34 20 38 38 34 38 19 38 14 6 46 14 38 6 35 35 40 35 31 35 10 10
split_gain=663.747 190.422 152.078 169.785 88.6526 78.5834 56.9783 48.426 57.6205 37.7633 32.5003 41.5833 30.3097 38.0618 28.4279 27.1407 26.9573 44.8699 27.8656 25.5173 30.4378 35.5089 24.1948 21.9728 25.7878 22.1305 21.2202 20.2946 19.0092 27.8222
threshold=1.0000000180025095e-35 0.99218414483846762 1.6013436078017558 3.5000000000000004 10.500000000000002 0.22678498708680248 11.500000000000002 -0.46017495063667579 0.97293110533848381 -0.18400631605888315 256.50000000000006 264.50000000000006 1.975684127186299 60.500000000000007 -0.32458302677673684 32.500000000000007 -0.095308253652583302 -0.27559609960422832 2.5000000000000004 -0.33185246181014921 312.50000000000006 -0.39239838326859328 3.983238646376297 0.97105081045828856 0.20500000000000004 3.9913359125606456 -0.75211527092451336 4.0089046115353533 0.88572736960181564 1.6497800250165098
decision_type=2 2 2 2 2 2 2 2 2 2 2 2 2 2 2 2 2 2 2 2 2 2 2 2 2 2 2 2 2 2
left_child=1 5 3 7 -4 10 28 8 -2 -7 16 14 13 -5 -12 26 17 -1 -19 20 21 27 -11 -10 -25 -26 -9 -15 -3 -30
right_child=2 6 4 12 -6 9 -8 15 23 22 11 -13 -14 19 -16 -17 -18 18 -20 -21 -22 -23 -24 24 25 -27 -28 -29 29 -31
leaf_value=-0.064882191722888741 0.11557502432810102 0.34248931407663818 0.11158948632902524 -0.033602300182152711 0.010551741969465785 -0.035521977022163344 -0.061892690899570148 0.076901500333939748 -0.093202129332095263 -0.0024663677425884665 0.048218150830149215 -0.044679015136312471 -0.099280096856578237 0.044369973425890073 0.49610365311190829 0.048289804126181342 -0.090794095548900056 0.19694003000663074 -0.024119113442175683 -0.011505453516992607 -0.0072747677420172355 0.39212416111102544 0.097880134381025066 0.15836957843326274 -0.058676453209351748 0.081769294906017767 -0.045870494069021828 0.16174722326399746 0.012600034026270865 0.10977805205974552
leaf_weight=309.98487957939506 215.10036705434322 2.8008136749267569 368.99800775200129 291.86730278655887 113.56824275106192 469.4227061085403 32.783638313412666 18.411564737558365 15.28967237472534 75.807630475610495 3.6530949398875237 291.45977337285876 36.690536495298147 99.673790790140629 2.31530712917447 343.46352122724056 563.95168847963214 10.800775796175005 12.080034412443636 202.22678447142243 84.97289752215147 3.3456979244947425 35.17799336463213 14.27887826412916 25.030374109745026 20.333878397941589 59.817744068801403 17.284797526896 42.911858268082142 93.994400754570961
leaf_count=5238 1136 22 2018 3898 811 6839 552 90 75 841 55 4771 487 845 33 1913 11674 126 215 2240 706 30 293 64 144 119 422 97 606 556
internal_value=0 -0.0435544 0.039194 0.0229893 0.087811 -0.053304 0.0567532 0.0578148 0.0892675 -0.0231192 -0.067974 -0.0393283 -0.0106848 -0.00603694 0.221965 0.0361822 -0.0774742 -0.0549073 0.0802308 0.0137063 0.0385433 0.0709054 0.0293395 0.0137497 0.0411671 0.00427635 -0.0169756 0.0617166 0.0845946 0.0793186
internal_weight=0 1947.14 1930.35 1447.79 482.566 1774.65 172.491 711.726 290.033 580.408 1194.25 297.428 736.062 699.371 5.9684 421.693 896.817 332.866 22.8808 407.504 205.277 120.304 110.986 74.9328 59.6431 45.3643 78.2293 116.959 139.707 136.906
internal_count=46916 31821 15095 12266 2829 30085 1736 3963 1538 7973 22112 4859 8303 7816 88 2425 17253 5579 341 3918 1678 972 1134 402 327 263 512 942 1184 1162
is_linear=0
shrinkage=0.1


Tree=14
num_leaves=31
num_cat=0
split_feature=20 1 10 36 34 46 46 6 38 8 35 34 9 35 40 35 35 34 38 6 6 14 6 14 6 35 38 38 33 6
split_gain=560.232 162.235 133.954 146.675 93.3889 73.3523 49.0373 45.2871 45.2701 44.5762 42.2884 38.3261 37.181 27.2507 36.0532 48.9006 28.3341 26.8885 30.746 33.6918 26.6825 25.7363 24.7952 29.236 24.886 24.038 23.1808 23.0421 22.8864 25.9851
threshold=1.0000000180025095e-35 0.99218414483846762 1.5558804064814382 3.5000000000000004 0.97832031928938423 1.5000000000000002 12.500000000000002 1.1857243389194776 258.50000000000006 -0.46017495063667579 4.0217238821888719 0.98648807812311834 1.20733357875903 3.0167835666299005 0.21500000000000002 0.021662444967403577 4.9879704741661453 1.975684127186299 156.50000000000003 -0.13297491215438997 -0.76586299214389519 -0.30332784637081578 -0.28858486366511377 -0.12376362067847634 -0.4311263039650825 4.0170974443649099 312.50000000000006 157.50000000000003 -0.10699559195728518 -0.25459264783612495
decision_type=2 2 2 2 2 2 2 2 2 2 2 2 2 2 2 2 2 2 2 2 2 2 2 2 2 2 2 2 2 2
left_child=1 5 3 7 -4 10 -3 9 28 11 12 -2 20 14 15 -11 -15 18 19 22 -1 -12 24 -24 25 -5 -10 -20 -7 -30
right_child=2 6 4 17 -6 8 -8 -9 26 13 21 -13 -14 16 -16 -17 -18 -19 27 -21 -22 -23 23 -25 -26 -27 -28 -29 29 -31
leaf_value=-0.0039639137223356656 0.11326829457105192 0.081405436260043415 0.10698625386261298 -0.0093802868228460828 0.0050120889916381774 -0.086355787501472048 -0.049710099922031299 -0.049138702364437563 0.052964781483930495 -0.013770725432928031 0.15372622684342258 0.024107742704907273 0.075255726104830042 0.11808420094663706 -0.023212092679158781 0.094852763885906966 0.015332628578979633 -0.099963300339437705 0.18055630558346189 -0.064215653337851356 -0.05307003717076765 0.011164528059769457 0.17179918466693225 -0.002945438309016279 -0.075436940086135718 0.1218022706879109 -0.041930020086229647 0.014032528174767812 0.023050503272951745 -0.070128704489243299
leaf_weight=163.02041644603014 197.59400001913309 130.65452681109309 361.53083109855652 164.80931196734309 119.4907149747014 650.47236740589142 36.491323169320822 40.775011979043484 28.371381208300591 70.358315072953701 19.382405526936054 63.770887196063995 31.152989201247692 71.351759150624275 109.73203603178263 100.8503515124321 43.016329571604729 32.715253848582506 8.5873576477169973 139.42225710302591 344.44360154494643 36.527915500104427 16.358643859624863 23.086281277239323 54.407845344394445 15.261938221752642 277.77149666473269 256.71352906897664 42.823047086596489 99.394186869263649
leaf_count=1957 1110 1097 2084 1813 866 13955 639 268 430 429 93 340 192 354 739 455 249 476 50 2325 5996 456 123 276 700 90 4620 2348 520 1866
internal_value=0 -0.0412101 0.0360921 0.0205353 0.0816548 -0.0504876 0.0527803 0.053122 -0.0657968 0.0594717 -0.0221924 0.0915139 -0.0307851 0.0382865 0.0215346 0.0502139 0.0794371 -0.0114141 -0.00714543 -0.0241978 -0.0372949 0.0605863 -0.00382945 0.0695248 -0.0161694 0.00173809 -0.0331358 0.0194226 -0.0784107 -0.0420715
internal_weight=0 1860.51 1889.83 1408.81 481.022 1693.36 167.146 697.449 1098.83 656.674 594.527 261.365 538.617 395.309 280.941 171.209 114.368 711.362 678.647 413.346 507.464 55.9103 273.924 39.4449 234.479 180.071 306.143 265.301 792.69 142.217
internal_count=46916 31821 15095 12145 2950 30085 1736 3944 21391 3676 8694 1450 8145 2226 1623 884 603 8201 7725 5327 7953 549 3002 399 2603 1903 5050 2398 16341 2386
is_linear=0
shrinkage=0.1


Tree=15
num_leaves=31
num_cat=0
split_feature=20 10 10 9 46 34 49 40 38 49 49 8 34 35 9 14 0 22 9 31 34 6 36 38 7 14 12 2 38 38
split_gain=473.771 142.091 116.852 124.287 85.4555 64.0069 47.8739 55.5661 44.562 42.2075 41.7051 45.0264 41.0913 38.8113 34.3205 33.9198 31.8439 31.0654 29.7943 29.0605 27.0439 24.9969 24.0786 21.7072 20.6451 19.8223 19.579 21.9376 18.2424 26.6767
threshold=1.0000000180025095e-35 1.6497800250165098 1.5558804064814382 1.0855718869379301 10.500000000000002 0.014810987712384064 14.500000000000002 0.38500000000000006 26.500000000000004 11.500000000000002 10.500000000000002 -0.46017495063667579 0.99142187507088686 4.0089046115353533 0.14419241178071365 -1.0204062563718568 -0.7450886051508151 -0.55338544310085702 1.0002313641118341 -0.25098496926837116 0.020233483296025694 -0.87837211974784812 3.5000000000000004 27.500000000000004 -0.19912159419646627 -1.1453800006332731 0.70688208561535537 2.355210158466392 34.500000000000007 32.500000000000007
decision_type=2 2 2 2 2 2 2 2 2 2 2 2 2 2 2 2 2 2 2 2 2 2 2 2 2 2 2 2 2 2
left_child=1 5 3 25 -4 8 7 9 21 10 11 20 -3 15 -7 -10 -15 -13 28 -18 22 24 -5 -19 -1 -2 27 -16 29 -17
right_child=2 12 4 6 -6 14 -8 -9 13 -11 -12 17 -14 16 26 18 19 23 -20 -21 -22 -23 -24 -25 -26 -27 -28 -29 -30 -31
leaf_value=-0.019702962322156511 0.016828367649269264 0.10691264218241442 0.10266636994829528 0.10907032706388393 0.004491273900239197 -0.078256425563302465 -0.035640259860729488 0.097731751345549678 0.022761381802049816 -0.034642669571739976 0.12955521474355822 0.12706768327805296 -0.053273579156018061 0.27147344122022526 -0.017267941496572108 -0.039122268469255692 0.11635843307298628 -0.069022631832795653 0.05194872028812561 -0.01799796594726024 -0.051910979488036559 -0.081272944854647464 0.007479012671596794 0.01188495827554672 0.31907336797934249 -0.025930874526532366 -0.081439600193516926 0.30835175103668627 -0.051387337949702176 0.13997635260905958
leaf_weight=66.536206491291523 142.73124445229769 82.113390371203423 340.18023097515106 118.397212266922 119.91601107269526 600.58605211228132 67.360933270305395 197.26512062177062 130.29260164126754 73.80908926576376 53.804398026317358 19.816917721182108 19.893694814294577 6.2636773250997058 151.84755984693766 24.05989845842123 26.818723920732737 41.181384950876236 35.343851935118437 40.273735824972391 14.994038488715885 185.53857067972422 29.05559154227376 170.26375943422318 1.8488127216696728 450.95288720726967 56.993366621434689 2.0976164899766436 337.58300939202309 12.710000827908514
leaf_count=784 1144 504 2084 702 866 13449 568 1196 1548 553 275 120 317 43 2363 487 184 331 314 607 77 3752 296 1079 19 5804 1094 32 6170 154
internal_value=0 -0.0389204 0.0334374 0.0188834 0.0770788 -0.0458833 0.0449696 0.052526 -0.0269952 0.0354205 0.0469761 0.0356908 0.0756727 -0.0124103 -0.0660689 -0.0216818 0.0558394 0.00734759 -0.0358158 0.035708 0.0760407 -0.0622247 0.0890517 -0.00387273 -0.010544 -0.0156509 -0.0313684 -0.0128311 -0.0441019 0.0227855
internal_weight=0 1780.8 1839.73 1379.63 460.096 1678.79 785.948 718.588 867.269 521.322 447.513 393.709 102.007 613.345 811.525 539.989 73.3561 231.262 409.697 67.0925 162.447 253.924 147.453 211.445 68.385 593.684 210.939 153.945 374.353 36.7699
internal_count=46916 31821 15095 12145 2950 31000 5197 4629 14062 3433 2880 2605 821 9507 16938 8673 834 1530 7125 791 1075 4555 998 1410 803 6948 3489 2395 6811 641
is_linear=0
shrinkage=0.1


Tree=16
num_leaves=31
num_cat=0
split_feature=20 10 1 36 34 46 38 14 38 18 34 8 34 38 35 40 38 6 4 4 14 35 40 49 38 6 1 34 46 38
split_gain=400.433 121.545 102.512 101.731 69.113 59.6566 43.4097 41.2124 38.3198 37.9498 36.2084 25.4481 24.1688 26.8379 24.0781 27.4077 24.1681 20.5427 28.8255 22.0813 19.3211 25.2883 18.1317 17.7403 17.69 17.3711 18.3277 17.0267 16.7587 20.035
threshold=1.0000000180025095e-35 1.6497800250165098 1.6013436078017558 3.5000000000000004 0.021781756258076639 10.500000000000002 21.500000000000004 0.085520505031384281 66.500000000000014 0.96610063079769548 0.97832031928938423 -0.46017495063667579 1.975684127186299 60.500000000000007 3.983238646376297 0.33500000000000008 156.50000000000003 0.53885425412260934 -0.54357198681303742 -0.6187894173669336 -0.31147586609770567 4.991648342291179 0.43500000000000005 21.500000000000004 183.50000000000003 -1.1443219107003644 0.0075623848150442067 1.0107844801911792 21.500000000000004 47.500000000000007
decision_type=2 2 2 2 2 2 2 2 2 2 2 2 2 2 2 2 2 2 2 2 2 2 2 2 2 2 2 2 2 2
left_child=1 5 3 7 -4 6 -1 11 -9 20 -3 23 13 -5 15 16 -11 18 19 -15 21 -8 -16 -2 -7 26 -20 -26 29 -6
right_child=2 10 4 12 28 24 9 8 -10 14 -12 -13 -14 17 22 -17 -18 -19 25 -21 -22 -23 -24 -25 27 -27 -28 -29 -30 -31
leaf_value=-0.077906649169924388 0.10276661005718382 0.10537917897565346 0.098944858370161023 -0.028847393381229509 -0.047362292646169979 -0.084769713085556739 -0.028002038540201918 -0.041337717433620288 0.04026409802281386 -0.02760985094073445 -0.041379943747634325 0.044916718884116635 -0.095339240560304822 -0.071037943194943651 0.16794413551631693 -0.080521976705681522 0.038919515238565128 -0.045941244271902673 -0.068165415266712742 0.26694157115161693 -0.058163112167056052 0.099367989438367305 0.027205102468801229 -0.095426823187520618 -0.025333259065499797 0.010308677966771596 0.17462516285203464 -0.090099916119641271 -0.073288885956774533 0.054629932590886998
leaf_weight=160.83430267870426 158.74032301455736 74.665396615862846 305.91601776331663 274.19680666178465 26.77249401807785 336.13349784165621 246.32096385210752 80.737851664423943 200.34894824773073 129.43561325222254 21.696232572197914 217.78732261806726 30.722757395356894 2.5611181780695915 9.968039393424986 51.390729982405901 94.444839496165514 53.78636697307229 4.1265247166156795 7.8826276771724206 266.08641405776143 16.64087837189436 112.09047373756766 4.6485504806041709 125.41383996978402 325.90630738809705 12.611042410135267 60.01484065875411 20.680003874003887 68.636856332421303
leaf_count=3575 989 486 2009 3898 200 8605 4062 588 1159 1979 335 1189 487 33 42 860 1093 696 21 84 5571 117 1361 38 2593 3028 56 1142 164 456
internal_value=0 -0.0367542 0.0309059 0.017666 0.0740152 -0.0432884 -0.0299508 0.0458749 0.0168252 -0.0216249 0.0723357 0.0672967 -0.00857989 -0.00466622 0.00173023 -0.014662 0.000455821 0.0116297 0.0203996 0.184059 -0.0391653 -0.0199417 0.0386987 0.0971278 -0.0710911 0.0154113 0.114767 -0.0462953 0.00832123 0.0260102
internal_weight=0 1705.14 1796.06 1374.06 422.005 1608.77 1087.21 662.263 281.087 926.378 96.3616 381.176 711.794 681.071 397.33 275.271 223.88 406.874 353.088 10.4437 529.048 262.962 122.059 163.389 521.562 342.644 16.7376 185.429 116.089 95.4094
internal_count=46916 31821 15095 12266 2829 31000 18660 3963 1747 15085 821 2216 8303 7816 5335 3932 3072 3918 3222 117 9750 4179 1403 1027 12340 3105 77 3735 820 656
is_linear=0
shrinkage=0.1


Tree=17
num_leaves=31
num_cat=0
split_feature=20 1 1 36 3 34 14 49 38 35 35 35 35 38 6 6 20 0 10 12 1 49 38 35 8 35 3 20 34 35
split_gain=336.752 108.789 90.9774 79.6586 61.7159 61.5131 37.4197 32.6431 30 28.855 55.4461 39.0595 37.9642 28.8437 28.5452 45.1156 24.5834 22.0315 21.5485 21.2254 20.7633 19.9935 18.5075 17.6801 18.5306 17.1641 17.0889 16.8441 16.6752 17.2776
threshold=1.0000000180025095e-35 0.99218414483846762 1.3857738064847374 3.5000000000000004 0.1813776136611418 0.021781756258076639 -0.33185246181014921 11.500000000000002 256.50000000000006 0.01834517003329075 1.9902004296949678 3.0010411422024923 4.9767988934686258 264.50000000000006 -0.25459264783612495 -0.27559609960422832 -0.18400631605888315 -0.60371441354094812 1.4420939973346405 -0.21661004517060475 1.0458911868082845 14.500000000000002 76.500000000000014 3.9946060344210337 -0.46017495063667579 3.983238646376297 -0.46200116159502835 3.0378547062252426 1.0049791171386804 4.0108325590694198
decision_type=2 2 2 2 2 2 2 2 2 2 2 2 2 2 2 2 2 2 2 2 2 2 2 2 2 2 2 2 2 2
left_child=1 4 3 6 8 -4 21 -3 14 -8 -11 -12 -13 26 15 -1 -6 -14 -7 28 -9 23 -21 24 -2 -18 -10 -20 29 -5
right_child=2 7 5 19 16 18 9 20 13 10 11 12 17 -15 -16 -17 25 -19 27 22 -22 -23 -24 -25 -26 -27 -28 -29 -30 -31
leaf_value=-0.055040882432488496 0.097451567407148276 0.06889114647967369 0.086220294811352599 -0.00023344063071053945 -0.026809820200629938 0.12693677172834442 -0.038379709315249172 0.32302582107203959 0.43509398133980737 0.11234748977316791 -0.034234697512431987 0.10098434143336098 0.1924382033320983 -0.034479961291046357 -0.085244622541077605 0.10271894103429845 -0.0015219614023820808 -0.026113460632218734 -0.026218953963044463 -0.066890743869624458 -0.072115336915895376 -0.047037936735670201 -0.010511177433187854 0.12211366175493032 0.030470013733062736 0.081971719608235044 0.07839885560505587 0.049433710407028042 -0.081611145738881008 0.063670032920752226
leaf_weight=246.2637263648212 73.650486722588539 121.96580623835325 361.829460401088 324.57379660010338 433.08147264644504 14.278458062559364 70.012865357100964 1.4015121646225477 1.8266507126390932 68.0414809435606 108.38865511119366 64.879857920110226 5.018508478999137 245.63804297894239 423.01706451922655 19.567680306732655 75.328935492783785 57.010967276990414 92.721880987286568 101.97877790778875 25.996058143675327 13.811215899884699 135.70286471769214 62.748889684677124 94.039222106337547 36.576600436121225 5.0741646811366072 43.115767545998096 21.939060170203447 48.650819785892963
leaf_count=5086 485 1184 2581 3418 7156 109 427 32 21 336 767 360 26 4684 11598 281 888 364 803 1957 520 106 1579 384 493 306 65 210 341 349
internal_value=0 -0.0346195 0.0283843 0.0138467 -0.0427946 0.0638931 0.0393959 0.0467342 -0.0582986 0.0194867 0.0328427 0.00985217 0.0475052 -0.0288154 -0.0691074 -0.0434283 -0.0160137 -0.00843149 0.0100773 -0.0110872 -0.051902 0.0698284 -0.0347012 0.0768327 0.0598888 0.0257682 0.172816 -0.0022063 0.00311607 0.00809655
internal_weight=0 1635.74 1762.39 1250.45 1486.37 511.946 617.602 149.363 941.387 373.352 303.339 235.298 126.909 252.539 688.848 265.831 544.987 62.0295 150.116 632.845 27.3976 244.25 237.682 230.439 167.69 111.906 6.90082 135.838 395.164 373.225
internal_count=46916 31821 15095 11392 30085 3703 3748 1736 21735 2280 1853 1517 750 4770 16965 5367 8350 390 1122 7644 552 1468 3536 1362 978 1194 86 1013 4108 3767
is_linear=0
shrinkage=0.1


Tree=18
num_leaves=31
num_cat=0
split_feature=20 10 10 9 34 34 6 38 34 40 9 34 35 14 38 0 9 26 6 46 14 38 38 5 5 38 6 14 1 2
split_gain=283.118 92.3428 81.9493 79.7393 65.7913 54.1245 37.103 36.4624 34.9956 32.6447 32.4065 30.9078 29.2684 26.6671 25.9703 23.0524 22.2593 22.0786 20.5539 20.3475 20.0102 19.4867 18.9993 18.3228 18.8115 18.1609 17.9504 23.5851 21.4623 24.5895
threshold=1.0000000180025095e-35 1.5558804064814382 1.5558804064814382 1.0855718869379301 0.97832031928938423 0.014810987712384064 0.5153249930261613 26.500000000000004 1.0111145825725878 0.38500000000000006 0.13378223284067914 0.017822740851339839 4.0089046115353533 -1.0204062563718568 156.50000000000003 -0.7450886051508151 1.0002313641118341 2.9146569563652167 -0.88502031796047964 12.500000000000002 -0.0062126272200774347 191.50000000000003 59.500000000000007 -0.84869821740185236 -0.53026195054950342 1082.0000000000002 -0.9160905038238143 -1.3473550519082735 0.27966698978133203 -0.9307753346911628
decision_type=2 2 2 2 2 2 2 2 2 2 2 2 2 2 2 2 2 2 2 2 2 2 2 2 2 2 2 2 2 2
left_child=1 5 3 -2 -4 7 8 17 9 14 -7 -3 13 26 -5 -14 -15 18 -1 21 -17 -12 -8 -23 -25 -10 -9 28 29 -28
right_child=2 11 4 6 -6 10 22 12 25 -11 19 -13 15 16 -16 20 -18 -19 -20 -21 -22 23 -24 24 -26 -27 27 -29 -30 -31
leaf_value=-0.008554126716448774 -0.013807444483062641 0.09991667229978092 0.091711302732245328 0.012687955256281342 0.0032785764806654025 -0.072552700220786179 -0.10307225399946784 -0.014333790116290008 -0.094110077313294849 0.087852492887147735 -0.031840226503197663 -0.038061281697193895 0.23253320518237747 -0.037242920496495698 0.062271758338686027 0.09688246376580921 0.045601834723775055 0.3672421301721111 -0.076518792372268385 -0.076827300566293055 -0.014492481688985258 -0.057107431722177027 0.0026118914129533749 0.20636583061083688 0.040534287030019579 0.080999953247774314 0.027070185052755564 0.035085292893227725 -0.014751246762394622 0.4360367865935369
leaf_weight=61.917890679091215 576.36081617698073 67.339335039258003 284.66126865148544 224.12466606870294 119.42211191356182 493.21142590232193 20.753631744533777 63.258670225739479 25.879120498895645 170.67500795051455 95.601101903244853 21.392398923635483 6.4666409939527503 337.98467117920518 199.80002765357494 28.854678373783827 35.875028911978006 1.2312795110046852 158.15016995929182 54.801569731906056 36.584737699478865 12.994504034519194 94.3150416277349 9.0365864224731904 28.148101203143597 7.6803462505340567 2.1732981726527214 55.066662579774857 3.0890051051974297 4.5443490296602231
leaf_count=764 6948 488 2084 1678 866 13212 207 724 250 1147 1825 348 43 6809 1205 204 314 14 3777 1216 587 223 649 118 333 61 25 712 35 50
internal_value=0 -0.0324529 0.0261731 0.0141071 0.065576 -0.0383587 0.0357544 -0.0205502 0.0453172 0.0509247 -0.0587701 0.0666515 -0.00725302 -0.0158001 0.0360573 0.0524159 -0.0292933 -0.0550338 -0.0573964 -0.0248801 0.0346169 -0.00535215 -0.0164492 0.0451128 0.0808345 -0.0540348 0.0235699 0.0605303 0.20341 0.303728
internal_weight=0 1577.72 1723.67 1319.59 404.083 1488.99 743.228 795.197 628.159 594.6 693.793 88.7317 573.898 501.992 423.925 71.9061 373.86 221.299 220.068 200.582 65.4394 145.78 115.069 50.1792 37.1847 33.5595 128.132 64.8733 9.80665 6.71765
internal_count=46916 31821 15095 12145 2950 30985 5197 14058 4341 4030 16927 836 9503 8669 2883 834 7123 4555 4541 3715 791 2499 856 674 451 311 1546 822 110 75
is_linear=0
shrinkage=0.1


Tree=19
num_leaves=31
num_cat=0
split_feature=22 9 49 31 38 8 35 40 35 25 4 34 36 38 1 10 32 49 0 6 46 34 6 14 6 38 40 6 20 38
split_gain=243.284 197.668 79.1812 62.5254 55.2057 42.1579 41.0361 34.6593 32.2074 29.5214 28.6918 26.3929 26.0508 25.6733 24.9234 35.1935 27.3687 24.6 24.3704 23.1336 22.885 18.929 17.9598 17.7466 22.3344 17.6421 32.708 24.3406 31.5318 16.5121
threshold=-0.54470189973136984 1.0002313641118341 11.500000000000002 -0.30895952233386209 258.50000000000006 -0.44762302496442236 3.9856373390822757 0.44500000000000006 4.9907561561046512 -0.67277323194490901 2.7781155999695284 0.99920529058112695 3.5000000000000004 32.500000000000007 1.5767129858939295 1.0037867197324999 1.3989619003600571 12.500000000000002 -0.60119687713965275 0.5153249930261613 2.5000000000000004 1.0107844801911792 -0.27559609960422832 -1.1453800006332731 -0.78140398427176605 305.50000000000006 0.44500000000000006 0.21859926594000001 -0.4924932505828819 33.500000000000007
decision_type=2 2 2 2 2 2 2 2 2 2 2 2 2 2 2 2 2 2 2 2 2 2 2 2 2 2 2 2 2 2
left_child=2 3 14 8 -5 11 -4 -8 9 -2 17 12 -3 -7 15 -1 -17 22 -10 29 -20 25 23 24 -11 26 -6 28 -28 -15
right_child=1 5 6 4 21 13 7 -9 18 10 -12 -13 -14 19 -16 16 -18 -19 20 -21 -22 -23 -24 -25 -26 -27 27 -29 -30 -31
leaf_value=0.2852858914320015 -0.05824785549218045 0.095092675107911417 -0.063803768630322569 -0.070211486601691228 0.00064892936275006698 -0.039501846331856383 0.16090129714723558 -0.0039708694103827878 0.2342349472704971 0.0052500818911949904 0.15885762713002419 0.0047827955090690693 0.021029686913640145 0.14183212909061016 0.081892332912331126 0.010004726392382403 0.10749250472656094 -0.073325291714837579 0.075721494958301411 -0.029559163630746517 -0.036647885821631664 -0.094293077828022417 0.094717383499148683 -0.026265755455013803 0.15096261457310095 -0.015796655627012966 0.16449419383520164 0.092467458202849684 0.83065724033966137 0.024674373813853706
leaf_weight=5.5435932874679557 171.83711625263095 150.35337989032269 80.055706776678562 627.58690238930285 15.651480443775656 97.651936590671539 18.146530672907829 42.878389749675989 6.2464946731925002 172.30394420772791 9.8049865216016752 80.544998865574598 69.419204507023096 12.487910538911818 375.86046231538057 144.17684879899025 35.985008843243122 61.337209645658731 43.213244620710611 84.233188569545746 31.216549884527922 27.896451473236084 17.069420900195837 266.45900095999241 11.203072458505629 221.94826713204384 1.4672806486487391 3.4688756763935089 1.3776983506977547 327.97015514783561
leaf_count=38 3673 1036 905 17113 231 953 96 453 31 1858 65 602 734 77 2930 1477 250 1151 265 700 470 639 190 4485 85 4080 24 57 17 2231
internal_value=0 -0.0163043 0.0502583 -0.0358724 -0.0539068 0.0238968 -0.0167161 0.045056 -0.0153586 -0.0221618 -0.0106398 0.0537518 0.0716985 0.00673188 0.0670841 0.037113 0.0294767 -0.0137851 0.0445149 0.0173627 0.0285927 -0.0162607 -0.00596555 -0.00978494 0.0141458 -0.00733609 0.0781536 0.270281 0.487088 0.0289717
internal_weight=0 2512.75 702.647 1690.09 899.397 822.661 141.081 61.0249 790.691 710.015 538.178 300.318 219.773 522.343 561.566 185.705 180.162 528.373 80.6763 424.691 74.4298 271.81 467.035 449.966 183.507 243.914 21.9653 6.31385 2.84498 340.458
internal_count=46916 40767 6149 34434 22161 6333 1454 549 12273 11507 7834 2372 1770 3961 4695 1765 1727 7769 766 3008 735 5048 6618 6428 1943 4409 329 98 41 2308
is_linear=0
shrinkage=0.1


Tree=20
num_leaves=31
num_cat=0
split_feature=22 9 34 31 38 14 8 10 25 49 35 38 20 4 32 14 6 6 34 35 34 34 32 14 6 38 6 10 42 35
split_gain=203.563 166.424 71.3269 55.6669 50.8646 38.0961 37.5805 29.6855 27.431 26.3047 26.1463 25.9108 22.2239 22.1252 21.2485 20.576 27.3689 20.3932 19.8506 18.4214 17.3588 17.1472 16.8976 16.3495 17.8221 16.2571 16.1537 21.2256 15.3513 15.0369
threshold=-0.54470189973136984 1.0002313641118341 0.014810987712384064 -0.30895952233386209 258.50000000000006 1.4193562136708875 -0.44762302496442236 1.5558804064814382 -0.7759567511104889 12.500000000000002 4.0119737114750356 76.500000000000014 0.71349449474799076 2.7781155999695284 1.3989619003600571 -0.12376362067847634 -0.34912246443600831 -0.41826104648621409 1.0020377228933699 3.9791818576149001 1.975684127186299 1.0107844801911792 -0.31937225980883366 -0.30332784637081578 -0.27559609960422832 61.500000000000007 -0.26467188348560394 1.0037867197324999 0.84375000000000011 3.983238646376297
decision_type=2 2 2 2 2 2 2 2 2 2 2 2 2 2 2 2 2 2 2 2 2 2 2 2 2 2 2 2 2 2
left_child=2 3 7 8 -5 6 18 14 -2 10 13 15 -4 25 26 16 17 -8 28 22 -13 -6 -14 -12 -25 -10 -1 -28 -3 -11
right_child=1 5 12 4 21 -7 11 -9 9 29 23 20 19 -15 -16 -17 -18 -19 -20 -21 -22 -23 -24 24 -26 -27 27 -29 -30 -31
leaf_value=-0.0042652489236123135 -0.05168588183826972 0.074969822625145718 -0.033693287182350866 -0.06760193074015014 -0.0068370381806208275 -0.057711299095761739 0.010515745826342033 0.08677782445749356 -0.025066252603171465 -0.097120354204308978 0.12160780127124067 0.034256529898342103 0.21870789423061196 0.14461145751624599 0.1032339455157382 -0.056676673153596091 0.13939966972597126 -0.1280435239178859 -0.038381262013014783 0.089758360930211806 -0.069991084576326523 -0.092881297552244835 -0.0086179461574132921 -0.082328954505327248 0.13059239214057775 0.011829490551353516 0.39720254362053592 0.057405464806730012 0.0063532394368192337 -0.013695564057654003
leaf_weight=98.714845158159733 155.82669664546847 216.87532629817724 106.16662879288197 588.67209032736719 242.50493326410651 56.189474031329155 69.984686963260174 305.97235510498285 234.75153179094195 43.753966094926 28.837354216724634 288.69899080321193 3.4301512055099002 9.9170881509780866 34.795889735221863 81.083622071892023 14.286500699818133 12.522920258343218 20.176278676837683 35.488086502999067 16.90852102637291 25.606167826801538 69.970447491854429 10.491261426359417 6.286926455795764 243.08891417458653 1.9703562706708933 27.432373140007257 38.374461144208908 42.682064404711127
leaf_count=946 3421 1624 1421 17113 4409 521 512 2529 3812 923 153 1818 26 57 239 899 84 110 185 204 167 639 469 107 31 3118 14 301 413 651
internal_value=0 -0.0151621 0.0465472 -0.0335883 -0.0511585 0.0217403 0.0276229 0.0684177 -0.0141799 -0.00475052 0.00354262 0.0108273 -0.00113715 -0.00322824 0.033935 -0.0195165 0.0116122 -0.0105146 0.0571061 0.0306051 0.0284888 -0.0150548 0.00200543 0.075942 -0.00254556 -0.0062965 0.0151139 0.0801762 0.0646539 -0.0559252
internal_weight=0 2447.52 683.941 1632.42 856.783 815.101 758.911 468.886 775.636 619.809 533.373 483.485 215.055 487.758 162.913 177.878 96.7941 82.5076 275.426 108.889 305.608 268.111 73.4006 45.6155 16.7782 477.84 128.118 29.4027 255.25 86.436
internal_count=46916 40767 6149 34434 22161 6333 5812 4029 12273 8852 7278 3590 2120 6987 1500 1605 706 622 2222 699 1985 5048 495 291 138 6930 1261 315 2037 1574
is_linear=0
shrinkage=0.1


Tree=21
num_leaves=31
num_cat=0
split_feature=20 1 34 10 36 14 14 25 38 9 34 34 38 14 14 8 34 46 38 49 46 35 35 35 35 40 35 35 49 14
split_gain=173.225 63.2817 61.6833 64.5524 56.0571 34.805 38.5582 33.7511 33.6781 47.8477 31.3905 30.2025 28.5675 28.0634 31.8328 27.8082 26.3159 26.245 24.051 23.6218 22.1 20.7876 19.7053 17.9636 41.4101 21.5688 30.7303 16.3543 16.6915 22.2176
threshold=-0.11327314790569755 1.1104001270739934 1.0120985102739253 1.5558804064814382 3.5000000000000004 0.96749135764042815 0.90913175534267865 -0.69846906118399266 151.50000000000003 -0.57350669500209051 0.021781756258076639 2.9882546615802954 76.500000000000014 -0.11366729394552033 -0.2587650631624141 -0.46017495063667579 0.97293110533848381 12.500000000000002 80.500000000000014 12.500000000000002 13.500000000000002 3.9953524134609446 0.97105081045828856 3.9791818576149001 4.9767988934686258 0.21500000000000002 0.021662444967403577 2.9791389618868016 1.5000000000000002 -0.57112705139839626
decision_type=2 2 2 2 2 2 2 2 2 2 2 2 2 2 2 2 2 2 2 2 2 2 2 2 2 2 2 2 2 2
left_child=1 5 3 4 15 6 7 -1 9 -8 -5 -4 13 14 -9 16 -2 -3 -14 20 -20 27 -18 25 -25 26 -17 28 -6 -30
right_child=2 17 11 10 21 -7 8 12 -10 -11 -12 -13 18 -15 -16 23 22 -19 19 -21 -22 -23 -24 24 -26 -27 -28 -29 29 -31
leaf_value=-0.056304826283302259 0.088709730835147368 0.062714521922464336 -0.072880347037748899 0.082007987831650683 -0.023836298441638534 -0.073989408608890445 -0.10307657621429865 -0.024694950292423384 0.050025109205714229 0.87523712561098432 0.014483873878266343 0.25508615088205822 0.1440857787731612 -0.073735264864895553 0.13301599907474512 -0.017857367596286568 -0.10129936491187347 -0.051386772919865237 0.012965611996155094 -0.051541540684208409 0.42196995527107833 0.021957310194174861 0.03980715913116506 0.11263311602170377 -0.011249470574074718 -0.025524099983238891 0.0699367473323598 -0.048717278282766681 0.062693016112043046 -0.0083010668422265049
leaf_weight=329.10962322354317 146.33853174746037 96.166925050318241 86.79575258679688 235.70432722568512 241.51212836243212 208.68295452184975 0.76902235858142409 161.08289622329175 4.2134610880166292 1.4286777470260847 97.252401508390903 2.9017926268279544 11.97784488648176 128.30779467336833 13.902882946655152 71.942720040678978 12.622920244932173 25.505376126617193 220.15713226050138 69.123507745563984 1.3290770351886738 211.29479728266597 45.822695568203926 58.025314673781395 50.436599083244801 117.51769485324621 89.427921943366528 113.7087270449847 66.028170563280582 132.61949565261602
leaf_count=9170 1151 975 1101 2073 2995 5939 27 2946 81 38 674 33 178 4133 115 422 55 570 3521 1516 34 2513 251 350 297 788 453 1648 677 2192
internal_value=0 -0.0297851 0.0185397 0.0228281 0.0131489 -0.0370406 -0.0288501 -0.030526 0.215553 0.532904 0.0622851 -0.0622703 -0.0165231 -0.0382119 -0.0121646 0.0362507 0.0660551 0.0387962 0.00521637 -0.000507311 0.0154199 -0.00472873 0.00933137 0.0204937 0.0550256 0.00706396 0.0307961 -0.0149092 -0.00617533 0.0152965
internal_weight=0 1271.76 1779.95 1690.25 1357.3 1150.08 941.402 934.991 6.41116 2.1977 332.957 89.6975 605.881 303.294 174.986 592.134 204.784 121.672 302.588 290.61 221.486 765.163 58.4456 387.35 108.462 278.888 161.371 553.869 440.16 198.648
internal_count=46916 29243 17673 16539 13792 27698 21759 21613 146 65 2747 1134 12443 7194 3061 3767 1457 1545 5249 5071 3555 10025 306 2310 647 1663 875 7512 5864 2869
is_linear=0
shrinkage=0.1


Tree=22
num_leaves=31
num_cat=0
split_feature=22 9 34 14 14 38 38 38 31 38 38 34 34 36 35 10 34 41 9 9 7 1 38 38 9 32 6 22 49 38
split_gain=146.768 125.149 54.5261 48.5064 40.3284 79.2417 52.4098 59.5136 40.1012 39.7945 34.7777 34.7216 32.2528 28.1643 33.3488 27.2369 23.5491 31.4222 35.3603 22.7199 20.1906 27.2059 18.315 18.2153 17.8457 17.5893 17.0162 27.6317 17.518 16.7584
threshold=-0.54470189973136984 0.14419241178071365 0.014810987712384064 0.72447296468367273 0.65617312780051662 14.500000000000002 28.500000000000004 40.500000000000007 -0.78103956214287251 47.500000000000007 101.00000000000001 0.013622696393252779 1.9860642128888535 3.5000000000000004 3.9791818576149001 1.5558804064814382 0.99994030950434676 0.25000000000000006 1.1288832816558365 1.0002313641118341 2.8598162024368454 0.79167097957309374 34.500000000000007 26.500000000000004 1.4906560138589964 1.3989619003600571 -1.1443219107003644 -0.29840541808004606 3.5000000000000004 246.50000000000003
decision_type=2 2 2 2 2 2 2 2 2 2 2 2 2 2 2 2 2 2 2 2 2 2 2 2 2 2 2 2 2 2
left_child=2 11 15 4 6 13 8 16 -3 -9 -5 23 19 -6 -15 25 22 18 -18 26 29 -22 -8 -2 -4 -1 27 -11 -28 -13
right_child=1 3 24 10 5 -7 7 9 -10 12 -12 20 -14 14 -16 -17 17 -19 -20 -21 21 -23 -24 -25 -26 -27 28 -29 -30 -31
leaf_value=0.011834776933082642 -0.056781288295098369 0.026720445475155438 -0.017671900761979303 -0.08331897146325383 0.32386216961469355 0.06025813517934947 0.11907730363632141 -0.061797977107612173 -0.056183211254777682 0.19959757207155782 -0.0079130545906702637 -0.079601376180417252 -0.064918047256604355 0.39261841334179087 1.2877764399437932 0.080382632240307478 0.66209056739147432 -0.11270017940849297 0.19663758677011001 0.041493506860553725 -0.10348039689760556 0.76048024669866587 -0.013547433205886606 -0.012009718633177506 0.049575847319932635 0.093058730850700391 -0.023641516285350373 -0.08817719464422441 0.024223134755843929 -0.036101502975873348
leaf_weight=129.02304079383612 125.45971314422786 87.318925678730011 158.87085136957467 92.356394197791815 2.4792128726840046 21.599634638056159 45.626541102305055 62.875051654875278 175.84258864633739 10.533630751073359 181.09071838483214 279.04896929301322 41.400749459862709 0.80492234975099541 0.86173111572861671 271.09508606046438 2.4657652713358384 1.7984191905707119 4.8278951868414879 407.58861180394888 0.76802621223032363 0.693677868694067 13.491480052471159 329.62348406016827 52.503049865365028 33.605519518256187 149.91925484128296 4.8834325298666945 156.05771825090051 129.740597628057
leaf_count=1261 3330 806 1843 1988 18 205 318 985 3092 48 2201 10104 656 21 21 2529 39 31 29 2825 25 19 143 6781 277 239 1904 37 1856 3285
internal_value=0 -0.013223 0.0406774 0.00459917 0.0133239 0.13712 0.0105872 0.0220489 -0.0286752 0.0146975 -0.0333813 -0.0433716 0.0209407 0.537564 0.855453 0.0609733 0.111853 0.261681 0.353993 0.0258169 -0.0644689 0.306528 0.0888107 -0.0243526 -0.000968269 0.0286189 0.00593592 0.108443 0.000770936 -0.0657955
internal_weight=0 2329.16 645.098 1463.82 1190.38 25.7455 1164.63 901.469 263.162 833.258 273.447 865.334 770.383 4.14587 1.66665 433.724 68.2101 9.09208 7.29366 728.983 410.251 1.4617 59.118 455.083 211.374 162.629 321.394 15.4171 305.977 408.79
internal_count=46916 40767 6149 17223 13034 265 12769 8871 3898 8311 4189 23544 7326 60 42 4029 560 99 68 6670 13433 44 461 10111 2120 1500 3845 85 3760 13389
is_linear=0
shrinkage=0.1


Tree=23
num_leaves=31
num_cat=0
split_feature=22 9 49 14 35 49 34 38 38 49 40 35 2 38 40 32 1 10 14 31 38 6 38 25 38 38 14 6 38 35
split_gain=123.079 105.999 48.3007 39.8043 33.5045 40.9714 32.2218 32.1666 31.3907 30.2811 30.0298 29.4849 29.2052 25.7596 23.7061 22.3447 21.2762 22.651 21.2295 20.1705 18.8239 18.6732 17.4815 19.7894 16.3698 22.2564 17.7841 18.7569 20.6529 18.19
threshold=-0.54470189973136984 0.14419241178071365 11.500000000000002 0.72447296468367273 3.0167835666299005 12.500000000000002 0.023351400585185606 27.500000000000004 101.00000000000001 10.500000000000002 0.43500000000000005 3.9856373390822757 2.2422559820053221 34.500000000000007 0.44500000000000006 2.5713706097310451 1.6013436078017558 1.0037867197324999 0.61114542312415854 -0.4112013492776504 14.500000000000002 -0.37693072778844022 28.500000000000004 -0.31806338573071685 76.500000000000014 80.500000000000014 -0.11366729394552033 -0.26467188348560394 61.500000000000007 4.9926867981921381
decision_type=2 2 2 2 2 2 2 2 2 2 2 2 2 2 2 2 2 2 2 2 2 2 2 2 2 2 2 2 2 2
left_child=2 6 16 4 5 7 24 19 -5 13 -6 -4 18 -9 -13 -7 17 -1 21 -3 -20 -12 -23 -24 26 -26 27 28 29 -2
right_child=1 3 11 8 10 15 -8 9 -10 -11 12 14 -14 -15 -16 -17 -18 -19 20 -21 -22 22 23 -25 25 -27 -28 -29 -30 -31
leaf_value=0.22252373697179514 -0.048332178286262767 -0.00050865276194311468 -0.058103791530254967 -0.080460226925409994 0.0957393705085271 -0.074370300686201027 -0.062200456494988413 0.092124113507021821 -0.0071518375663320996 0.069261535122533108 0.041359274588699681 0.1316202824580763 0.33611796174535491 0.0027447208885171405 -0.0048232451161010033 0.29422159738664616 0.069066245335076742 0.020852848027013093 0.3801466846464116 -0.069910670778135606 0.077996404664294916 -0.07590532780647341 0.34534896798517356 0.0025400420860016443 0.21945635330164787 -0.0066890901890348034 -0.081226695613149005 0.096674375528410059 0.13349237290473509 0.092024391370486236
leaf_weight=5.7358317524194709 144.4306312520057 99.212644159793854 73.518313867971301 86.386213231831789 71.690510515123606 78.907091351225972 380.23887539282441 34.708924923092127 180.36881930194795 100.88864997215569 126.61439473181963 18.186104282736778 2.9465209357440463 454.26490383036435 42.472231514751911 1.6796928197145451 296.60309966653585 191.83150591701269 2.8144311606883985 72.462431732565165 7.7111209873110056 32.623061159625649 1.7134204003959883 97.902537167072296 4.448645554482936 200.13137857802212 73.547980716452003 12.261750284582375 7.2367129065096369 9.864129299297927
leaf_count=39 3301 1182 905 1988 520 1235 13271 286 2201 964 1070 96 24 4486 453 13 2837 1819 24 1485 75 605 22 1043 78 3877 2729 127 63 98
internal_value=0 -0.0122894 0.0376845 0.00401066 0.0118601 0.00111807 -0.0407481 0.00829335 -0.0308921 0.0193809 0.0381556 -0.0155235 0.0229965 0.00908916 0.0360842 -0.0666876 0.0521315 0.0267078 0.0195715 -0.0298026 0.158788 0.0139107 -0.0123705 0.00843644 -0.0226985 -0.0017715 -0.0400076 -0.022564 -0.0316153 -0.0393591
internal_weight=0 2285.06 628.347 1452.9 1186.14 842.124 832.16 761.538 266.755 589.862 344.016 134.177 272.325 488.974 60.6583 80.5868 494.17 197.567 269.379 171.675 10.5256 258.853 132.239 99.616 451.921 204.58 247.341 173.793 161.531 154.295
internal_count=46916 40767 6149 17223 13034 9651 23544 8403 4189 5736 3383 1454 2863 4772 549 1248 4695 1858 2839 2667 99 2740 1670 1065 10273 3955 6318 3589 3462 3399
is_linear=0
shrinkage=0.1


Tree=24
num_leaves=31
num_cat=0
split_feature=20 6 46 10 9 38 49 34 14 41 14 14 35 34 35 35 14 38 7 28 36 21 38 35 5 38 25 3 22 17
split_gain=104.178 43.3762 43.1835 40.8843 41.1669 32.821 28.8616 27.4361 26.45 43.7953 26.1757 28.0139 24.9599 24.5924 19.3965 19.2896 17.5347 19.0407 16.8852 16.3453 16.2657 15.0062 14.8208 14.532 13.8525 13.6871 12.9781 12.5843 16.6514 12.2524
threshold=-0.11327314790569755 -0.76586299214389519 17.000000000000004 1.5558804064814382 1.352687448232494 76.500000000000014 12.500000000000002 0.021781756258076639 -0.11366729394552033 0.15000000000000005 0.96749135764042815 0.90913175534267865 4.9767988934686258 2.9882546615802954 3.983238646376297 3.9953524134609446 -1.1453800006332731 73.500000000000014 -0.1431928417847956 -0.57673999069420623 2.5000000000000004 -0.13122147758396049 106.50000000000001 2.9847606600774683 -0.71792529099939728 55.500000000000007 2.404178510294988 0.63567685382986194 -0.46936259655153578 -0.013768186585262005
decision_type=2 2 2 2 2 2 2 2 2 2 2 2 2 2 2 2 2 2 2 2 2 2 2 2 2 2 2 2 2 2
left_child=1 18 3 4 15 8 10 -5 9 -3 11 26 22 20 -8 23 -6 24 21 -10 -4 -1 -13 29 -18 -9 -7 28 -17 -2
right_child=2 5 13 7 16 6 14 25 19 -11 -12 12 -14 -15 -16 27 17 -19 -20 -21 -22 -23 -24 -25 -26 -27 -28 -29 -30 -31
leaf_value=0.033101156838674525 0.1144495099539866 -0.043632057295420273 0.10411997614360174 0.072638641316738334 0.078448086671229933 0.0038936497207702199 -0.09769074736752692 -0.052103794676819429 0.16038517009297371 0.10736401015065378 -0.051864766995763902 0.45189357843438976 0.627813327566768 0.20452989867054883 -0.022218353963808477 0.045164078829278226 -0.082050728020827898 0.03992863164828974 0.077569663625265683 -0.078289420437911705 -0.08959467785535144 -0.024776840536250289 0.033294008932353285 -0.044107380681292926 0.0077364457268651781 0.030945384152589864 0.17494663344303213 0.077965956696318339 -0.012038613928288144 -0.0072573390786469395
leaf_weight=86.779876809567213 8.4194997549056989 153.81239335797727 4.6621816903352729 198.3168808221817 73.10883142799139 288.61587297916412 62.093305857852101 27.162729173898697 2.9033460803329936 21.949762728065252 85.078909706324339 1.074743391945957 1.2121662423014639 3.27980076894164 75.405075777322054 86.462740056216717 20.359499247744679 281.92949283123016 36.819758243858814 244.89056098461151 61.690095776692033 92.59427934885025 3.9707383941859007 119.41714821197093 110.13158809766173 73.655509684234858 4.5048005562275639 32.949303142726421 123.68242207355797 471.03093212470412
leaf_count=1135 98 3982 36 2073 532 5820 1987 214 55 209 2182 25 12 33 2093 955 209 1777 390 9944 943 1297 71 1722 806 481 41 234 1525 6035
internal_value=0 -0.0245243 0.0143465 0.0176477 0.0101219 -0.0337641 -0.0169807 0.0510454 -0.0544467 -0.0247752 -0.00291799 0.010992 0.220352 -0.0627708 -0.0563012 -0.00325078 0.0333117 0.0253105 0.0158858 -0.0754929 -0.0759835 0.0032241 0.12246 -0.0128943 -0.00627234 0.00857004 0.00652246 0.0205063 0.011497 -0.00512008
internal_weight=0 1161.71 1696.26 1626.63 1327.49 945.512 521.956 299.135 423.556 175.762 384.457 299.378 6.25765 69.6321 137.498 841.962 485.529 412.421 216.194 247.794 66.3523 179.374 5.04548 598.868 130.491 100.818 293.121 243.094 210.145 479.45
internal_count=46916 29243 17673 16661 13893 26421 12231 2768 14190 4191 8151 5969 108 1012 4080 10569 3324 2792 2822 9999 979 2432 96 7855 1015 695 5861 2714 2480 6133
is_linear=0
shrinkage=0.1


Tree=25
num_leaves=31
num_cat=0
split_feature=22 9 49 6 46 9 1 6 38 32 38 38 4 29 34 49 29 32 8 34 38 9 34 40 35 32 22 0 8 4
split_gain=89.0862 70.4989 37.9328 33.7911 32.6113 30.9482 29.9863 25.5876 25.2918 22.5416 22.3384 24.0348 24.3925 22.5262 21.6182 21.407 33.7785 32.3664 20.7105 20.6991 17.586 16.7398 16.3337 16.11 15.4273 21.9059 23.2737 19.6363 16.7217 15.3212
threshold=-0.48309686842777105 0.13378223284067914 11.500000000000002 0.87837208639158482 1.5000000000000002 1.3688461677819277 1.6013436078017558 0.8641637479467944 163.50000000000003 1.3742103870747011 32.500000000000007 40.500000000000007 1.9885945348491521 -0.81221289258878071 0.99994030950434676 1.5000000000000002 0.69119090659902982 -0.67954488276451919 -0.46017495063667579 0.99966306389761328 47.500000000000007 -0.010733064874535547 1.9860642128888535 0.045000000000000005 0.0044071214138112118 1.0177115535892474 -0.48548530479335483 0.25007314273723552 -0.42937376192705939 0.23052226517745811
decision_type=2 2 2 2 2 2 2 2 2 2 2 2 2 2 2 2 2 2 2 2 2 2 2 2 2 2 2 2 2 2
left_child=2 4 6 5 -2 7 24 10 -6 -4 -3 14 13 -13 29 16 21 -18 19 -7 -15 -10 -22 -8 27 26 -26 -1 -28 -12
right_child=1 3 9 -5 8 18 23 -9 15 -11 11 12 -14 20 -16 -17 17 -19 -20 -21 22 -23 -24 -25 25 -27 28 -29 -30 -31
leaf_value=-0.040174617776178145 -0.011118128257737281 -0.037133404880982109 -0.032487355645128821 -0.047137386574723404 -0.075757361667269096 0.093225666494734086 -0.0087170141969468134 0.3173611289274994 -0.038430342217495292 0.051075277546475999 0.098231788393262506 0.2162538056789477 0.13361314033586766 -0.068526683767782301 0.34577747635848316 -0.037327273523059583 0.73036329840814407 0.078007766437063364 0.013576919150023792 0.0040076846681997265 0.0020826668243949615 0.26993009614766811 -0.087628666739692496 0.070182652180808699 0.0076639424137627896 0.070476364387644791 0.50665363235344041 0.079812736357762704 0.10268816012017708 -0.047972935950088252
leaf_weight=72.661200707778335 257.10398496687412 176.99598458409309 148.22328840568662 132.07356287911534 258.92393296398222 81.191813040524721 28.933761417865753 2.4554687347263089 10.496278887614606 41.270523082464933 26.331100724637508 4.5525271464139214 12.953490100800989 42.916263792663813 2.8225390352308741 149.33776232972741 1.4322430938482287 1.6216927096247662 236.7713811378926 38.25755899399519 471.17222795821726 2.115271132439374 21.208551801741123 245.10060745850205 217.26969614252448 91.918470032513142 1.5110470689833162 16.791051199659705 3.1835471149533978 9.8483764231204969
leaf_count=920 5601 3579 2296 2247 10957 707 256 30 236 268 214 48 75 937 31 4298 28 30 1521 237 5543 36 510 2581 2677 723 17 193 41 79
internal_value=0 -0.0132963 0.0252622 0.000718945 -0.0392172 0.00632487 0.0363263 -0.00493475 -0.0562587 -0.014288 -0.00596413 0.00335792 -0.00199498 -0.00524885 0.0792284 -0.0256614 0.0855487 0.383951 0.0307032 0.0646507 -0.00713266 0.0132894 -0.00178151 0.0618521 0.0189835 0.0294241 0.0124238 -0.0176518 0.232712 0.0584336
internal_weight=0 1940.58 866.863 1259.55 681.031 1127.48 677.369 771.257 423.927 189.494 768.801 591.805 552.803 539.85 39.002 165.003 15.6655 3.05394 356.221 119.449 535.297 12.6116 492.381 274.034 403.335 313.883 221.964 89.4523 4.69459 36.1795
internal_count=46916 36944 9972 15758 21186 13511 7408 11046 15585 2564 11016 7437 7113 7038 324 4628 330 58 2465 944 6990 272 6053 2837 4571 3458 2735 1113 58 293
is_linear=0
shrinkage=0.1


Tree=26
num_leaves=31
num_cat=0
split_feature=36 4 38 14 14 38 49 8 34 34 10 6 14 14 38 38 19 38 35 35 35 35 35 35 0 5 49 8 20 27
split_gain=78.0304 67.1518 43.7119 38.9284 61.9859 37.6282 35.8357 34.3155 30.0895 28.9622 37.5206 24.4621 24.266 21.8388 20.1822 84.5028 21.5304 20.1115 19.2879 18.6211 17.9227 47.8019 23.0513 43.7939 19.8056 17.3596 16.6113 16.5799 16.3341 19.7533
threshold=3.5000000000000004 0.91999831925264186 76.500000000000014 -0.11366729394552033 -0.28462254584426411 80.500000000000014 12.500000000000002 -0.46017495063667579 0.97293110533848381 0.99457118248865239 1.6497800250165098 -0.40168080905929876 0.9339492431873897 0.90913175534267865 11.500000000000002 9.5000000000000018 0.96926397957482013 60.500000000000007 0.97105081045828856 3.983238646376297 3.9791818576149001 4.9879704741661453 1.9920083055123479 0.99644929878768218 -0.59428276833821314 -0.068294460466361687 4.5000000000000009 3.5893107819103243 -0.3024542675757686 0.28965387511476925
decision_type=2 2 2 2 2 2 2 2 2 2 2 2 2 2 2 2 2 2 2 2 2 2 2 2 2 2 2 2 2 2
left_child=7 2 3 4 11 -4 12 8 -1 10 25 17 13 -7 15 -5 -17 -2 -10 -8 22 -22 23 -9 -23 -3 -27 -21 29 -15
right_child=1 9 5 14 -6 6 19 20 18 -11 -12 -13 -14 28 -16 16 -18 -19 -20 27 21 24 -24 -25 -26 26 -28 -29 -30 -31
leaf_value=0.084171489894296569 -0.027376305984906531 0.29173251139313272 0.10195226209723954 -0.052053518767119146 0.10280207257518725 0.0079886897269163433 -0.083966447038904934 -0.024157426952344387 -0.086930498221677296 -0.026763276307773511 0.072725465053108493 -0.09389388658586742 -0.040937677400661267 0.14262153104516603 -0.076014132390941874 0.23215131415320556 0.69321364927009022 0.07138277666486699 0.033740443899685994 -0.025838526530404821 0.098374505170922458 0.15194213153128436 -0.031096555881062856 0.070555022347422766 -0.040362070595923505 -0.00084971926103560738 0.1007917763400273 0.32903539691107464 0.0019992045899915514 0.60591280724139063
leaf_weight=155.2621783092618 231.9966534525156 2.1523845903575411 30.914777191355824 65.830799479037523 38.797075917944312 514.90205093286932 82.03021140769124 100.7180869281292 16.615835249423981 101.14440346509218 149.18008726090193 51.950770914554596 112.36261622793972 2.3613927569240336 275.88531139306724 5.8112520929425946 1.2266042940318582 22.631651906296611 65.308158423751593 115.32676835358143 71.495518028736115 5.9262561798095694 142.85494924709201 94.745112560689449 55.620199535042048 223.2508847899735 17.327033242210746 1.3317446894943703 2.6801894679665557 1.5080319624394176
leaf_count=1477 4672 19 433 2388 320 8151 2525 628 89 1386 1703 1370 2734 41 10562 145 17 336 398 2563 496 32 1008 558 344 2349 106 15 37 14
internal_value=0 -0.0112187 -0.0214002 -0.0400842 -0.016287 -0.00637956 -0.0104024 0.0272755 0.0582992 0.0209447 0.0332572 -0.0313575 0.00121393 0.0102968 -0.0636509 -0.0168431 0.312508 -0.0185985 0.00926595 -0.0474585 0.0116645 0.0427597 -0.000563503 0.0217517 -0.0218453 0.00900029 0.00647076 -0.0217874 0.191749 0.32318
internal_weight=0 2050.6 1557.55 694.13 345.376 863.418 832.503 708.546 237.186 493.055 391.91 306.579 633.814 521.452 348.754 72.8687 7.03786 254.628 81.924 198.689 471.36 133.042 338.318 195.463 61.5465 242.73 240.578 116.659 6.54961 3.86942
internal_count=46916 41886 36323 19810 6698 16513 16080 5030 1964 5563 4177 6378 10977 8243 13112 2550 162 5008 487 5103 3066 872 2194 1186 376 2474 2455 2578 92 55
is_linear=0
shrinkage=0.1


Tree=27
num_leaves=31
num_cat=0
split_feature=22 9 46 46 10 14 38 38 38 14 38 1 6 38 38 34 38 40 4 25 35 0 0 35 40 19 15 25 3 1
split_gain=67.2546 54.2719 27.8729 27.5245 33.7226 27.373 23.9711 22.3918 20.7281 33.2525 20.409 19.0474 19.0439 18.534 25.5776 16.6319 17.8301 17.3421 17.1711 14.8694 16.1671 20.8911 14.7363 14.0668 20.0449 15.9463 14.0111 13.8309 13.7444 13.4525
threshold=-0.48309686842777105 0.13378223284067914 1.5000000000000002 12.500000000000002 1.6497800250165098 0.72447296468367273 246.50000000000003 73.500000000000014 28.500000000000004 0.65617312780051662 258.50000000000006 0.72669147920041455 -0.4208555543791781 40.500000000000007 47.500000000000007 1.9860642128888535 1082.0000000000002 0.22500000000000003 1.9885945348491521 0.52267057642665038 4.009985794519678 -0.59944417186536914 3.881549086050935 3.9870665012650273 0.34500000000000003 1.4290984143838419 -0.71928465959564025 -0.032184146804742908 2.150360859976312 -1.4134642502692507
decision_type=2 2 2 2 2 2 2 2 2 2 2 2 2 2 2 2 2 2 2 2 2 2 2 2 2 2 2 2 2 2
left_child=3 2 22 4 11 8 -4 -7 9 12 27 -1 -3 26 -15 18 -17 -18 19 20 -16 -22 -2 24 -13 -25 -10 -5 -20 -14
right_child=1 5 6 10 -6 7 -8 -9 13 -11 -12 23 29 14 15 16 17 -19 28 -21 21 -23 -24 25 -26 -27 -28 -29 -30 -31
leaf_value=0.13972150886472612 -0.012360027079863962 0.0029495047490143457 -0.069819738916574753 -0.072195628160004299 0.065122349645170122 -0.083360592614539888 -0.017427655598947538 -0.012068038184428302 0.22859878055273125 0.18772522044654211 0.030182298614537563 0.0088938808775249519 0.26291935051822052 -0.060754722026723162 -0.0095471357290953691 -0.10814722438703402 0.22278159009363685 -0.057374719493381035 0.1744099548932414 0.029717022670425877 0.20225659089502127 0.01326741108373602 0.19203177201664323 0.027522075980129873 -0.083369489768495064 0.14296216664232783 0.053121233747895624 -0.0075066459504103599 -0.053986073926732672 -0.062989874209376864
leaf_weight=11.976256120949982 248.60970756039023 99.097397491335869 258.40784210525453 49.663063416257501 218.82422054558992 59.630358843132854 131.90581789053977 168.67260627262294 4.9277185499668112 7.399451319128274 95.143912684172392 241.40060711279511 1.2828851006925095 47.035256814211607 243.17834527790546 20.893706813454632 3.7950131613761169 5.2887789066880941 11.872164897620676 358.5464198756963 8.4470915347337741 19.017628964036703 3.5782252848148337 78.640930632129312 26.092789601534605 14.113420033827422 59.392657656222582 98.812682857736945 3.3863261714577666 99.216872923076153
leaf_count=116 5554 1233 11916 1127 2592 1745 3669 2355 39 71 1066 2693 29 863 2895 450 51 81 71 2924 52 185 47 768 414 161 466 1035 22 2226
internal_value=0 -0.0118458 -0.0353718 0.0223105 0.0339691 0.00053296 -0.0521139 -0.0306889 0.00771286 -0.02044 -0.00597467 0.0156546 -0.0281571 0.0151291 0.0105435 0.0155159 -0.0572956 0.0596686 0.0189028 0.0163608 -0.00133335 0.0713932 -0.00945997 0.0115301 -0.000106 0.0450873 0.0665649 -0.0291442 0.123722 -0.0588296
internal_weight=0 1863.58 642.502 834.668 591.048 1221.08 390.314 228.303 992.778 206.997 243.62 372.224 199.597 785.781 721.461 674.425 29.9775 9.08379 644.448 629.189 270.643 27.4647 252.188 360.248 267.493 92.7544 64.3204 148.476 15.2585 100.5
internal_count=46916 36944 21186 9972 6744 15758 15585 4100 11658 3559 3228 4152 3488 8099 7594 6731 582 132 6149 6056 3132 237 5601 4036 3107 929 505 2162 93 2255
is_linear=0
shrinkage=0.1


Tree=28
num_leaves=31
num_cat=0
split_feature=36 10 34 6 8 38 38 38 34 38 38 34 41 46 14 38 38 38 6 38 38 2 38 7 26 1 49 0 5 10
split_gain=59.8411 47.777 34.4097 34.0615 29.6522 27.7838 31.6167 42.2203 30.2317 27.3065 31.674 26.6635 25.2505 22.8701 47.8098 22.3603 21.4658 36.7768 20.1541 19.7317 46.1589 47.1084 19.1571 24.8014 17.9951 17.6634 17.4145 16.8775 16.4202 16.0561
threshold=3.5000000000000004 1.5558804064814382 0.012145034970492106 0.65456739406222852 -0.46017495063667579 26.500000000000004 40.500000000000007 55.500000000000007 1.9860642128888535 62.500000000000007 73.500000000000014 0.99457118248865239 0.25000000000000006 3.5000000000000004 -0.13387022158790915 87.500000000000014 156.50000000000003 157.50000000000003 -0.7942334489503754 163.50000000000003 169.50000000000003 0.05731832837213309 785.50000000000011 2.1219467284194033 -0.70134834425017478 0.35285791081930978 1.0000000180025095e-35 2.7223951454010105 0.41114143698890554 0.34006144866849558
decision_type=2 2 2 2 2 2 2 2 2 2 2 2 2 2 2 2 2 2 2 2 2 2 2 2 2 2 2 2 2 2
left_child=4 3 -3 5 11 18 13 -8 9 -9 -11 -1 15 -7 -15 26 -17 24 27 -19 21 28 23 -14 -18 -5 -12 -2 -21 -27
right_child=1 2 -4 25 -6 6 7 8 -10 10 12 -13 22 14 -16 16 17 19 -20 20 -22 -23 -24 -25 -26 29 -28 -29 -30 -31
leaf_value=0.079093963181920302 -0.0091508573861315175 0.060550510472683096 -0.016260560835500718 -0.065327021283529671 0.0097322843221586183 0.025836973960544157 -0.054368637837216495 0.09490174266769294 -0.079876684951253871 -0.080554432847796176 -0.085310300545879958 0.0064650165870757436 0.058826767138586269 0.2582139895285212 -0.064084579477668782 -0.046817276498105839 0.37643884250439769 -0.096616583863413819 -0.055016580555259743 0.63844890239531626 -0.0052805045262675218 -0.063507852032001044 -0.0059820157329098936 0.40626024402247307 0.099630792948089908 0.37388461206227347 0.072372477389115827 0.24322951940257256 0.27133432805639329 0.0059728394371629271
leaf_weight=147.04536897316575 114.58554931543767 152.22605399787426 94.545132448896766 178.79847324825823 457.88235733285546 89.268128782510757 171.698726083152 31.718715545721352 45.404267612844706 45.718955602496862 8.0208810288459045 77.024728130549192 102.30293283611536 12.97502193041146 7.1327221663668743 125.37703023478389 2.871483724564313 22.503169847652316 211.06383268721402 2.1120968610048276 394.95731001906097 3.2287353686988354 57.731008298695087 2.0967405792325726 12.895493846386669 1.2483134325593734 55.241641128435731 2.712423112243413 2.8792564496397972 23.834267904050648
leaf_count=1500 1439 1923 1048 6582 3066 1297 4925 351 1552 1579 115 464 1992 162 242 2977 28 474 7589 30 5042 38 932 24 107 28 743 23 42 602
internal_value=0 -0.0100386 0.031122 -0.0159154 0.0243193 -0.0107816 -0.00370833 -0.00886611 -0.000328165 0.00382502 0.000377463 0.0541276 0.00504805 0.0475393 0.143887 -0.00400813 -0.0103016 6.93854e-05 -0.0365476 -0.00548556 -0.000399122 0.234141 0.040243 0.0658045 0.150043 -0.0543027 0.0523803 -0.00331476 0.426679 0.0242831
internal_weight=0 1975.15 246.771 1728.38 681.952 1524.5 1196.13 1086.76 915.06 869.655 837.937 224.07 792.218 109.376 20.1077 630.087 566.825 441.448 328.362 425.681 403.177 8.22009 162.131 104.4 15.767 203.881 63.2625 117.298 4.99135 25.0826
internal_count=46916 41886 2971 38915 5030 31703 22652 20951 16026 14474 14123 1964 12544 1701 404 9596 8738 5761 9051 5626 5152 110 2948 2016 135 7212 858 1462 72 630
is_linear=0
shrinkage=0.1


Tree=29
num_leaves=31
num_cat=0
split_feature=1 9 34 35 40 49 34 34 49 1 31 2 20 25 40 38 6 4 38 25 10 35 6 38 38 4 25 38 31 29
split_gain=49.8853 46.333 21.6469 21.968 48.4767 23.8079 21.5518 20.9565 18.7763 18.236 18.0651 17.6547 16.8771 26.1371 17.0674 16.3872 14.8494 14.7904 14.6884 14.5303 14.4926 14.0151 13.9728 13.4727 13.4523 13.2315 14.271 27.553 13.1266 12.9882
threshold=1.1478632172199799 0.14419241178071365 1.9860642128888535 3.0195739599703946 0.43500000000000005 12.500000000000002 0.014810987712384064 0.013622696393252779 10.500000000000002 2.1842027951631886 1.1788169460173441 -0.78888807744659928 -0.50271830486210123 -0.28348312610575105 0.14500000000000005 246.50000000000003 0.65456739406222852 2.910989438407539 1082.0000000000002 -0.55470880915995602 1.1044997623069388 3.9791818576149001 0.1599293255900239 110.00000000000001 305.50000000000006 1.0390185853440481 0.15473381767243871 848.50000000000011 0.84252697963530709 -0.80590916321637784
decision_type=2 2 2 2 2 2 2 2 2 2 2 2 2 2 2 2 2 2 2 2 2 2 2 2 2 2 2 2 2 2
left_child=1 7 3 5 -5 8 9 -1 17 -2 12 -6 13 -10 23 -9 28 -3 -4 -8 -21 24 -15 -14 -22 26 27 -26 29 -13
right_child=6 2 18 4 11 -7 19 15 10 -11 -12 16 14 22 -16 -17 -18 -19 -20 20 21 -23 -24 -25 25 -27 -28 -29 -30 -31
leaf_value=-0.014374059902695448 0.027835318896139345 -0.0078854324415172546 -0.10167151235659543 0.09976321424180612 0.045781375650086581 -0.064922663767854313 -0.067467002874271639 -0.066650932855335271 0.74822882512238265 0.081618984919138188 -0.074604505824632447 0.18478159158181126 0.0071862859930059003 -0.062691400340818035 0.0075802938770900387 -0.017612458128984706 -0.065813306310932615 0.12412170866293258 0.024841935531737747 0.17141648492002809 -0.0430642141578024 0.046653897143020651 0.34260538312617955 0.11419356926689046 0.43213442732969576 -0.024987065565621736 0.037704471578490002 -0.028070782725607743 0.2607561851533835 -0.0018711429770856712
leaf_weight=404.68735885620117 267.47947750426829 701.48312261234969 32.273579290136695 70.359057329595089 89.994147028774023 59.390353348106146 27.943665005266666 192.73773037176579 0.81648255325853814 82.481696091592312 14.278720054775475 3.8019911684095851 17.201731875538826 1.8989196773618453 78.858663610182703 105.41496542282403 35.600121074356139 8.5915561690926534 12.82337632589042 5.4045874886214724 68.151034947484732 54.650919307023287 1.5408413205295799 37.233645316213369 2.9135117828846004 23.428125228732824 16.620627988129854 2.3505621887743473 1.9766760673373927 191.6309190094471
leaf_count=10105 2909 8677 760 571 1076 1013 582 10131 13 1123 310 29 208 31 1119 3301 683 51 218 38 686 441 25 276 29 206 122 27 18 2138
internal_value=0 -0.00834867 0.00242681 0.00476368 0.0245466 -0.00368301 0.0255116 -0.0291955 0.000536772 0.0405115 0.0324559 0.00816242 0.0435695 0.239594 0.0373102 -0.0493129 -0.00636695 -0.00628821 -0.0656973 -0.000544585 0.0102326 0.00505087 0.118861 0.080379 -0.0149876 0.0272399 0.0831503 0.226639 0.00435338 0.00176004
internal_weight=0 2062.59 1359.75 1314.66 393.363 921.294 551.424 702.84 861.904 349.961 151.829 323.004 137.55 4.25624 133.294 298.153 233.01 710.075 45.097 201.463 173.519 168.115 3.43976 54.4354 113.464 45.3128 21.8847 5.26407 197.41 195.433
internal_count=46916 40753 17216 16238 4515 11723 6163 23537 10710 4032 1982 3944 1672 69 1603 13432 2868 8728 978 2131 1549 1511 56 484 1070 384 178 56 2185 2167
is_linear=0
shrinkage=0.1


Tree=30
num_leaves=31
num_cat=0
split_feature=14 38 6 6 34 38 38 14 14 38 38 38 38 38 14 6 46 6 6 22 38 14 31 38 9 9 6 36 40 28
split_gain=46.0562 53.3377 37.1249 74.1626 35.7896 33.6953 66.9619 29.4862 46.7798 26.7579 33.2582 40.601 30.8678 29.2205 23.9566 24.0095 20.4072 27.3901 20.2749 18.9518 18.6083 23.7219 37.3081 18.5673 18.4084 17.9976 32.3895 17.2038 16.5755 16.0003
threshold=-1.1008513637848429 76.500000000000014 0.38396609677856236 0.30457156894658421 1.9860642128888535 26.500000000000004 40.500000000000007 -0.87931062798050552 -0.79771709661676538 86.500000000000014 156.50000000000003 157.50000000000003 179.50000000000003 186.50000000000003 -1.507797691239684 -0.91093414180513965 3.5000000000000004 -0.15868309942537623 0.80057616342650995 -0.64044894890538939 146.50000000000003 0.9803841002711684 0.48929260376746003 5.5000000000000009 0.33832883109019352 1.0888482789707554 -0.39224279142266311 3.5000000000000004 0.23500000000000001 1.1064503012984301
decision_type=2 2 2 2 2 2 2 2 2 2 2 2 2 2 2 2 2 2 2 2 2 2 2 2 2 2 2 2 2 2
left_child=14 2 3 5 7 23 16 -3 -9 -10 20 -12 19 18 27 -16 -7 -18 25 -13 21 22 24 -2 -11 26 -14 -1 -24 -15
right_child=1 4 -4 -5 -6 6 -8 8 9 10 11 12 13 29 15 -17 17 -19 -20 -21 -22 -23 28 -25 -26 -27 -28 -29 -30 -31
leaf_value=0.065820624380062628 -0.02500434718968049 -0.033174218629343707 -0.079911129345858423 0.21656544921123225 -0.073352678576025718 0.024212255620603619 -0.036481459745451417 0.12883741690487524 0.077821229498701128 -0.056859896438993633 0.13031993247185836 0.3089507470396996 0.18150838795968788 0.018434576882732447 0.15605985038913145 0.034731321804451466 0.14541861141362208 -0.055337281123174799 -0.12046364548972857 -0.068250390612258308 -0.082017429407679338 -0.076436462890533588 0.013909606125201186 -0.078524858876846237 0.023767000068881793 0.10392150913574175 0.72687111052297293 -0.012917472023691617 0.3203806792915127 -0.046687266222657384
leaf_weight=32.513760674744844 128.37135585397482 149.8689115960151 120.29362074565142 13.048168942332266 56.234187783673406 90.192305196076632 243.52091313805431 34.460127044469118 55.515374787151814 43.632454988546669 30.197269566357136 1.3650994785130013 4.4111190997064114 576.2445999616757 17.178364714607596 322.71280402131379 35.712699333205819 8.393293393775819 2.7339152246713629 54.939377645030618 48.620189704932272 43.206719082780182 2.6402885876595965 130.93347291368991 80.67804747261107 12.57529755681753 1.4459993783384621 189.37637647986412 5.3219789229333401 40.372196489945054
leaf_count=319 3527 1960 5357 205 1591 1212 5924 399 675 1491 271 10 62 7761 163 3566 382 239 45 1068 1117 1284 46 4218 758 101 18 2153 76 918
internal_value=0 -0.00820071 -0.0288784 -0.0194364 0.00460115 -0.0242697 -0.00521787 0.0082904 0.0142751 0.0103426 0.0063926 0.0168091 0.0118707 0.0181365 0.0241783 0.0408634 0.0514719 0.107215 0.133666 -0.0591052 -0.0272733 -0.0121054 0.00890828 -0.052029 -0.0045327 0.171359 0.316147 -0.00137991 0.218755 0.0141708
internal_weight=0 2014.93 770.466 650.172 1244.46 637.124 377.819 1188.23 1038.36 1003.9 948.385 724.285 694.088 637.783 561.781 339.891 134.298 44.106 21.1663 56.3045 224.1 175.479 132.273 259.305 124.311 18.4324 5.85712 221.89 7.96227 616.617
internal_count=46916 40715 21064 15707 19651 15502 7757 18060 16100 15701 15026 10254 9983 8905 6201 3729 1833 621 226 1078 4772 3655 2371 7745 2249 181 80 2472 122 8679
is_linear=0
shrinkage=0.1


Tree=31
num_leaves=31
num_cat=0
split_feature=9 10 9 34 46 8 38 14 14 38 38 9 25 34 6 38 38 38 38 2 49 38 0 28 19 8 3 40 29 38
split_gain=41.5089 38.9677 26.0105 24.9731 23.931 20.6242 19.3137 28.9393 24.8295 21.8433 19.9317 18.4136 16.5267 16.3273 16.2875 15.7822 20.1602 20.9505 35.196 20.7044 14.6748 15.5385 14.7159 27.2401 14.2794 13.4362 13.3787 13.0449 11.9252 11.8173
threshold=1.3688461677819277 1.5558804064814382 -0.92242457797955535 1.9860642128888535 10.500000000000002 -0.46017495063667579 76.500000000000014 -0.11366729394552033 -0.28462254584426411 60.500000000000007 86.500000000000014 -0.70444861695077166 0.80540528952228951 0.99664901884043122 -0.40168080905929876 156.50000000000003 157.50000000000003 168.50000000000003 169.50000000000003 -0.099050443397026303 4.5000000000000009 43.500000000000007 0.75388099651667828 -0.42077248769913772 -0.34061742977325754 3.5893107819103243 3.8090661411113653 0.115 2.2990922241579148 38.500000000000007
decision_type=2 2 2 2 2 2 2 2 2 2 2 2 2 2 2 2 2 2 2 2 2 2 2 2 2 2 2 2 2 2
left_child=1 2 12 6 -3 13 7 8 9 14 11 24 -1 -2 20 -12 -17 -18 19 -19 22 29 -4 -24 -8 28 -25 -15 -20 -22
right_child=5 4 3 -5 -6 -7 10 -9 -10 -11 15 -13 -14 27 -16 16 17 18 25 -21 21 -23 23 26 -26 -27 -28 -29 -30 -31
leaf_value=-0.041102824135404913 0.075877554599426494 0.053814912185556368 -0.030383664628189241 -0.086637309272456234 -0.010607578256880787 0.010299991330233181 0.5780672253701622 -0.049289558017282895 0.071607755457540861 0.070036133871026668 -0.030590039095970984 0.046736824706803473 0.18947467933837639 -0.073306965155177331 -0.084452572008390486 0.11486812038683347 -0.078501014898178526 0.2975447684594818 0.00039952346416526275 -0.028689256834906973 0.036683576702633162 -0.062103035542871048 0.27246739578393708 -0.011290822149446841 0.10314787964482841 0.20643331844180382 0.27082814701226204 0.036326505603249119 0.066251864631579477 0.16907470559245874
leaf_weight=315.51622150558978 107.49399252422154 153.06708455458283 210.38967679254711 38.577294137328863 92.510912923142314 375.82832848094404 1.1682280357927086 204.07372048962861 40.213750522583723 30.119899703189731 135.68070113006979 64.570653578266501 3.1394468424841753 14.059963142499326 34.019453085958958 16.886298663914204 29.220534516498446 6.5686373673379421 519.62538803275675 2.7639517635107023 20.735758107155561 10.317913541570304 4.4101950675249091 27.55633359216154 1.3820992708206166 3.2947129383683196 1.7901260554790486 47.583876997232437 29.036144211888313 9.9906654916703719
leaf_count=12065 1195 2119 3430 1412 1032 2648 24 8381 270 269 2925 699 63 80 961 121 552 56 6788 27 284 224 48 447 30 33 25 318 318 72
internal_value=0 -0.00777076 -0.0129746 -0.00726239 0.0295465 0.0233506 -0.00508114 -0.0187843 -0.0028032 -0.0113691 0.0049589 0.0571461 -0.0388311 0.0523493 -0.0190504 0.000244908 0.00713285 0.00405204 0.00834973 0.200927 -0.0112487 0.0440757 -0.0205495 0.0407421 0.320694 0.00509359 0.00591836 0.0113209 0.00388455 0.0797304
internal_weight=0 2006.63 1761.05 1442.39 245.578 544.966 1403.81 593.617 389.544 349.33 810.197 67.121 318.656 169.138 319.21 743.076 607.396 590.509 561.289 9.33259 285.191 41.0443 244.146 33.7567 2.55033 551.956 29.3465 61.6438 548.662 30.7264
internal_count=46916 42675 39524 27396 3151 4241 25984 14411 6030 5760 11573 753 12128 1593 5491 10820 7895 7774 7222 83 4530 580 3950 520 54 7139 472 398 7106 356
is_linear=0
shrinkage=0.1


Tree=32
num_leaves=31
num_cat=0
split_feature=22 9 38 14 6 14 35 38 46 46 38 38 1 32 35 25 8 4 7 12 14 25 4 31 38 14 38 38 25 40
split_gain=36.4293 34.0034 26.167 32.1952 25.3587 28.4818 21.5021 21.0928 16.8643 16.2903 15.7663 25.4161 15.4294 17.5009 16.8406 15.0178 21.3489 14.9554 17.0953 14.8163 14.1945 14.1373 12.7891 17.7922 19.8297 28.2464 18.7886 20.2742 23.2142 29.0525
threshold=-0.48309686842777105 -1.1031834161225009 156.50000000000003 -0.11366729394552033 -0.27559609960422832 -0.34646754417740372 4.0170974443649099 157.50000000000003 21.500000000000004 32.500000000000007 168.50000000000003 169.50000000000003 2.2570281312897653 1.3989619003600571 0.98315651167700135 0.42155825470210312 -0.66482976275641337 1.8951581613352622 -1.2232082355497031 -0.54259009920461787 -0.28462254584426411 1.367437988017479 0.074248517613465667 1.1904103609635717 312.50000000000006 -0.38223839948264143 328.50000000000006 368.50000000000006 -0.34006245248132277 0.15500000000000003
decision_type=2 2 2 2 2 2 2 2 2 2 2 2 2 2 2 2 2 2 2 2 2 2 2 2 2 2 2 2 2 2
left_child=8 -2 3 4 5 6 15 -4 12 -10 -9 -12 13 -1 21 -3 19 22 -19 -17 -7 -15 23 24 25 -13 -26 28 29 -28
right_child=1 2 7 -5 -6 20 -8 10 9 -11 11 17 -14 14 -16 16 -18 18 -20 -21 -22 -23 -24 -25 26 -27 27 -29 -30 -31
leaf_value=0.0060841437076189627 -0.054850468879312025 -0.022872222515936166 0.1147196391701322 -0.039987831379836157 0.056554130648433502 -0.093333227630271048 0.085230907356128982 -0.061190958184681024 -0.070518358255411848 0.284683424304434 0.14949466677496223 -0.016021523059965029 0.055419443739593503 -0.049306030927078179 0.06762551407410132 0.043772459289382094 -0.015843972012578932 -0.094809481464072171 0.1516149142961658 0.18542406715793397 -0.0018001958981429056 0.17856694354222988 -0.021007285578999807 -0.033903806889645227 -0.10599403129091318 0.090665630517120815 0.80376362478457153 0.0046389766867240131 0.063192213670479239 0.1425854421313445
leaf_weight=519.31603993847966 148.76457706652582 191.93876694049686 18.416862420737743 350.76785319671035 67.368920991197228 53.117153442464769 28.900949370115995 32.984229405410588 29.832810973748568 1.3495643027126778 12.744201797991989 36.814055101014674 105.16431188583374 23.26870978623629 95.801674332469702 56.010119022801518 75.695325380191207 3.5663950257003334 13.365419343113897 8.5053785219788534 24.876530215144157 3.0833621844649306 150.79439469799399 71.587868208996952 14.048013564199207 76.147721090354025 0.99012775346637072 275.64077724236995 21.116004044190049 2.021248210221529
leaf_count=6996 6505 3865 152 12147 527 1563 249 653 589 14 114 489 1346 204 804 694 769 28 89 98 395 19 1785 1459 229 981 22 3863 218 50
internal_value=0 -0.00913539 -0.00485121 -0.0167014 -0.000572085 -0.00933779 0.00250014 0.00905906 0.0169064 -0.0551453 0.00632531 0.00960588 0.0199156 0.014095 0.0481519 -0.00469842 0.0201802 0.00692942 0.0997099 0.0624471 -0.0641382 -0.0226434 0.00450946 0.0122303 0.0199688 0.0558965 0.00703623 0.0123332 0.100235 0.359978
internal_weight=0 1736.18 1587.42 857.181 506.413 439.044 361.051 730.237 777.816 31.1824 711.82 678.836 746.634 641.47 122.154 332.15 140.211 666.092 16.9318 64.5155 77.9937 26.3521 649.16 498.366 426.778 112.962 313.816 299.768 24.1274 3.01138
internal_count=46916 36944 30439 20307 8160 7633 5675 10132 9972 603 9980 9327 9369 8023 1027 5426 1561 9213 117 792 1958 223 9096 7311 5852 1470 4382 4153 290 72
is_linear=0
shrinkage=0.1


Tree=33
num_leaves=31
num_cat=0
split_feature=14 38 6 6 34 38 38 14 14 9 28 14 31 19 46 6 38 38 38 38 38 38 14 31 6 14 38 9 27 15
split_gain=34.6359 36.0068 31.7785 58.5195 26.7991 26.0101 43.9498 25.6485 28.5533 20.4607 19.0955 18.4741 20.0789 17.2818 16.2688 18.8167 15.9133 19.8806 21.1975 19.5905 19.7577 16.5576 17.9443 33.3629 16.2092 16.0118 15.7873 15.3141 15.2578 14.8504
threshold=-1.1453800006332731 76.500000000000014 0.38396609677856236 0.30457156894658421 1.9860642128888535 26.500000000000004 40.500000000000007 -0.87931062798050552 -0.79771709661676538 1.9133455468516394 1.1064503012984301 -1.507797691239684 -0.9447105056843782 -0.60170584756720802 3.5000000000000004 -0.15868309942537623 86.500000000000014 156.50000000000003 157.50000000000003 179.50000000000003 186.50000000000003 146.50000000000003 0.9803841002711684 0.4291308461219191 0.80057616342650995 -0.50338567814530222 5.5000000000000009 0.33832883109019352 -0.3881077237067721 2.7231663648311137
decision_type=2 2 2 2 2 2 2 2 2 2 2 2 2 2 2 2 2 2 2 2 2 2 2 2 2 2 2 2 2 2
left_child=9 2 3 5 7 26 14 -3 -9 11 16 -1 13 -13 -7 -16 -10 21 -19 -20 24 22 23 27 28 -22 -2 -18 -21 -4
right_child=1 4 29 -5 -6 6 -8 8 10 -11 -12 12 -14 -15 15 -17 17 18 19 20 25 -23 -24 -25 -26 -27 -28 -29 -30 -31
leaf_value=-0.0051205579207982133 -0.021671629716247753 -0.032022730534950507 -0.081870252965125789 0.18541465971494123 -0.068487915705898933 0.016890503792121103 -0.030628985312298837 0.10010072397460611 0.064336296351871894 0.12767320825791592 -0.047856024089138957 0.31885623702820826 0.02722915225999244 0.082064368070024693 0.12116237472059573 -0.050125491226520207 -0.057174138284200572 0.10049336720052429 -0.048157986599636868 0.30058063364256937 -0.039418982781675327 -0.075190082183034829 -0.067719384966562698 0.17515083804847778 -0.11969993844551058 0.019946727814936425 -0.073396456700640683 0.022224334387635252 0.092699905292441931 0.1487450924141514
leaf_weight=209.78384096175432 121.19690502993762 152.27227949909866 102.78086381219327 14.060625396668909 50.00080163218081 90.97306074295193 233.23716265056282 35.485751293599606 55.110795421525836 17.525753665715456 56.106121213175356 4.0811746791005161 295.14028676040471 12.591201344504951 36.304428460076451 7.7894727811217299 35.590845143422484 29.183120429515839 47.921767622232437 4.7840118743479314 49.711402572691441 41.288130679167807 34.623822999186814 11.602369197644292 2.6002173069864503 527.85828624945134 114.99774733558297 76.521010130643845 13.477229230105875 2.8702814569696775
leaf_count=2420 3530 2017 5250 205 1593 1212 5956 399 632 165 1489 29 3370 123 382 239 1332 259 984 50 620 1047 1099 162 43 7141 4218 722 121 107
internal_value=0 -0.00724475 -0.024919 -0.0162618 0.00321151 -0.0209528 -0.0043414 0.00626484 0.0119702 0.0213947 0.00879966 0.0178238 0.0332604 0.140028 0.0410527 0.0909033 0.0122167 0.00893457 0.0171278 0.0133638 0.0182904 -0.0187913 -0.00408485 0.0137245 0.113898 0.0148371 -0.0468553 -0.00298137 0.14716 -0.075605
internal_weight=0 1948.35 724.211 618.559 1224.14 604.499 368.304 1174.14 1021.86 539.122 986.379 521.597 311.813 16.6724 135.067 44.0939 930.273 875.162 675.536 646.353 598.431 199.626 158.338 123.714 20.8615 577.57 236.195 112.112 18.2612 105.651
internal_count=46916 40809 21099 15742 19710 15537 7789 18117 16100 6107 15701 5942 3522 152 1833 621 14212 13580 9218 8959 7975 4362 3315 2216 214 7761 7748 2054 171 5357
is_linear=0
shrinkage=0.1


Tree=34
num_leaves=31
num_cat=0
split_feature=10 9 34 34 14 35 0 14 40 35 40 14 31 34 38 14 29 1 27 38 29 1 11 31 3 0 7 19 4 21
split_gain=30.6563 29.5016 23.8954 21.1971 19.5068 21.2754 46.6048 19.7654 19.6162 44.047 20.4102 22.5187 24.6183 19.0091 18.6919 14.9249 35.2581 23.4597 21.211 16.0222 19.951 14.5516 20.3217 14.1855 16.9389 13.246 26.4083 13.1909 13.8097 12.6769
threshold=1.5558804064814382 1.352687448232494 0.97293110533848381 1.9860642128888535 0.9339492431873897 4.9767988934686258 -0.73578022198836679 -0.30332784637081578 0.33500000000000008 3.0195739599703946 0.24500000000000002 -0.34616539251105555 0.72139417917274151 0.012426962810402731 101.00000000000001 -0.58677399847755696 1.9339483713306043 0.70225724433707948 1.4115165564439758 50.500000000000007 2.0625034182216297 0.35285791081930978 2.5206737719409742 -0.80284842579570437 0.46765414611059636 -0.91155978353095035 0.14308518160836151 -0.69264065438538969 -0.42173933915485118 2.1094181324519727
decision_type=2 2 2 2 2 2 2 2 2 2 2 2 2 2 2 2 2 2 2 2 2 2 2 2 2 2 2 2 2 2
left_child=1 3 -2 4 5 8 -7 13 10 -10 -1 15 -13 -8 -14 19 17 18 -17 20 -12 29 -23 24 -21 26 -25 28 -27 -6
right_child=2 -3 -4 -5 21 6 7 -9 9 -11 11 12 14 -15 -16 16 -18 -19 -20 23 -22 22 -24 25 -26 27 -28 -29 -30 -31
leaf_value=-0.0087292896688930116 0.053439981812741046 0.016682198329407021 -0.0035044776369965234 -0.079234436049664569 -0.053911152676102393 0.22262825753062582 0.10514611979331656 -0.013145209402186468 -0.065989972420907969 -0.00041241119366714618 -0.040075887102830221 -0.019718537058010053 -0.10198006383440963 -0.0090461469761224638 0.48845628103262462 -0.011480920971154647 0.75627885096203473 0.36838004952062681 0.38501134563900008 0.067514638749911385 0.24789015310352505 0.0119845997482661 0.52761952262356304 0.031892249190818102 0.27327431082316828 0.025888991287721371 0.52376865509741133 -0.029514051755607729 0.51304662983231608 0.4196004582706695
leaf_weight=705.97272704727948 171.15718198567629 481.20269426610321 129.40467479638755 44.827969395555556 154.85658742301166 11.387106125243006 35.940377537161112 103.40802207402885 176.03288749046624 244.94797472748905 24.521777173504237 71.136008988134563 0.78539719991385881 24.525387323461473 1.6897081863135097 8.893038401380176 0.92716789152473289 2.938563860952855 1.5905650407075871 8.8966065868735296 2.6676524188369504 26.706723547540609 0.78683918714523216 3.5746167246252289 7.2707711160182944 1.4633754696696999 1.5713158231228588 16.994723451323814 0.96602137945592659 0.56746557727455993
leaf_count=13609 2572 3752 1214 2030 6442 68 207 2192 4736 4965 472 2599 52 325 28 258 21 46 19 111 35 630 19 64 69 30 21 294 21 15
internal_value=0 -0.00515684 0.028923 -0.0113905 -0.00953721 -0.00567558 0.0270049 0.0134116 -0.0101404 -0.0278336 -0.00149798 0.0312507 -0.00893132 0.0588288 0.3011 0.0672009 0.159867 0.118669 0.0486746 0.0476254 -0.0118225 -0.0403196 0.0267416 0.0873028 0.160049 0.0394352 0.182087 0.00164312 0.219602 -0.0521823
internal_weight=0 2167.05 300.562 1685.85 1641.02 1458.1 175.261 163.874 1282.84 420.981 861.86 155.887 73.6111 60.4658 2.47511 82.2762 14.3493 13.4222 10.4836 67.9269 27.1894 182.918 27.4936 40.7374 16.1674 24.5701 5.14593 19.4241 2.4294 155.424
internal_count=46916 43130 3786 39378 37348 30242 2792 2724 27450 9701 17749 4140 2679 532 80 1461 344 323 277 1117 507 7106 649 610 180 430 85 345 51 6457
is_linear=0
shrinkage=0.1


Tree=35
num_leaves=31
num_cat=0
split_feature=14 38 6 14 38 38 34 14 14 9 14 23 38 38 38 38 38 46 40 35 38 27 46 19 38 9 3 3 1 6
split_gain=26.6602 31.7115 26.9958 44.8314 21.7344 36.72 21.3781 21.7727 22.0774 16.6807 15.5091 18.6897 14.7493 17.735 18.2969 16.5233 22.1794 19.6576 18.8221 31.7483 16.1322 15.5928 15.2545 16.5084 15.1212 21.8489 22.0458 42.2669 14.8567 14.5376
threshold=-1.1008513637848429 76.500000000000014 0.38396609677856236 0.65617312780051662 26.500000000000004 40.500000000000007 1.9860642128888535 -0.87931062798050552 -0.79771709661676538 1.9133455468516394 1.6260606795574926 1.8465180452666166 87.500000000000014 156.50000000000003 157.50000000000003 179.50000000000003 537.50000000000011 3.5000000000000004 0.22500000000000003 0.99393523148015006 146.50000000000003 0.256195041545978 12.500000000000002 -0.76839734777374824 492.50000000000006 0.93670467426360282 -0.14155243116486982 -0.35930300200473697 0.16838997047921944 -0.9160905038238143
decision_type=2 2 2 2 2 2 2 2 2 2 2 2 2 2 2 2 2 2 2 2 2 2 2 2 2 2 2 2 2 2
left_child=9 2 3 4 -2 -6 7 -3 -9 29 11 12 -10 20 -15 -16 17 -17 19 -18 21 -14 23 -21 -19 26 27 28 -26 -1
right_child=1 6 -4 -5 5 -7 -8 8 10 -11 -12 -13 13 14 15 16 18 24 -20 22 -22 -23 -24 -25 25 -27 -28 -29 -30 -31
leaf_value=-0.0052270730097799291 -0.044167963933106673 -0.030627822574930293 -0.072493875832573648 0.16114592703794181 0.036578411281273517 -0.029470608501346814 -0.064050047671772192 0.088066502514797307 0.058948667267197344 0.11590912927522685 -0.036976246392166616 0.077678690582454232 -0.036992637110342584 0.089066522040713192 -0.047200389050025576 0.0078897349824314719 -0.024201948309341081 0.052992996669460224 -0.026626552511171075 0.43022952323511376 -0.078274925289365693 0.028012567177579779 0.16343230639185721 0.039053677830401576 0.014784176886298484 0.023919997049013712 -0.028785936040736055 0.92537794190201661 0.412171171689028 0.028745915732067646
leaf_weight=207.80354057624936 226.0051796566695 142.84753847401589 97.08606344461441 14.007890583947299 135.11560946330428 223.24882826209068 45.393110120669007 35.927003100514412 54.560414213687181 17.033486288040876 70.366726997308433 41.062688860110939 78.700254329480231 30.37892197072506 47.297676691785455 121.39971191622317 66.834310503676534 113.193972771056 164.15749048441648 1.1032008007168759 39.72524864692241 69.474468745291233 14.746957594528793 48.871956419199705 1.6848630271852014 5.5227969363331795 1.603733854368327 1.1627014931291344 2.1303296219557524 319.80510359443724
leaf_count=2433 7747 1960 5357 182 1833 5945 1591 399 587 168 1829 400 2142 271 1045 1483 884 1609 2363 14 1110 1021 156 613 50 36 28 25 35 3600
internal_value=0 -0.00659577 -0.0235814 -0.0156454 -0.0198832 -0.00456788 0.00326352 0.00591419 0.0110829 0.0185098 0.00824325 0.0117646 0.00862669 0.00522864 0.0133841 0.00948534 0.0144283 0.0365676 -0.00404134 0.0241407 -0.0216853 -0.00651374 0.0740611 0.0476889 0.0643531 0.170586 0.293657 0.397539 0.236677 0.0153653
internal_weight=0 1893.61 695.464 598.378 584.37 358.364 1198.15 1152.75 1009.91 544.642 973.978 903.612 862.549 807.989 620.089 589.71 542.412 246.698 295.714 131.556 187.9 148.175 64.7221 49.9752 125.298 12.1044 6.58163 4.97789 3.81519 527.609
internal_count=46916 40715 21064 15707 15525 7778 19651 18060 16100 6201 15701 13872 13472 12885 8612 8341 7296 3266 4030 1667 4273 3163 783 627 1783 174 138 110 85 6033
is_linear=0
shrinkage=0.1


Tree=36
num_leaves=31
num_cat=0
split_feature=35 40 40 1 2 4 12 38 49 46 4 20 0 35 19 34 35 10 38 38 38 3 10 12 38 31 4 6 26 27
split_gain=27.2254 69.222 58.16 21.1127 20.5287 14.8309 14.7826 15.5248 13.0086 12.7005 12.412 11.8923 11.6626 44.4527 12.4037 11.5883 12.4814 13.9305 11.4443 12.4267 14.3147 15.4079 11.2455 11.1969 11.1212 10.8174 10.3955 10.3672 10.3588 10.9757
threshold=3.0242857737003104 0.33500000000000008 0.43500000000000005 1.3261781174378513 -0.77388129802179073 1.379583699338087 0.29141861666366481 73.500000000000014 4.5000000000000009 11.500000000000002 1.6911078560175115 0.52844229685315558 -0.59668619562108483 4.9907561561046512 0.96926397957482013 0.0086303650360859806 1.0283748395157792 2.3050544980868706 27.500000000000004 34.500000000000007 47.500000000000007 -0.8056915533891903 1.3345705448411895 -0.87454380433542978 40.500000000000007 0.91085343563942855 0.59460396109164548 0.14260257231195958 -0.22601172853660614 -0.058498875731252897
decision_type=2 2 2 2 2 2 2 2 2 2 2 2 2 2 2 2 2 2 2 2 2 2 2 2 2 2 2 2 2 2
left_child=1 3 -2 6 8 12 18 -8 28 25 -11 -3 13 14 -6 16 17 26 -1 23 24 -22 -17 -20 -21 -10 27 -5 -4 -30
right_child=2 11 4 15 5 -7 7 -9 9 10 -12 -13 -14 -15 -16 22 -18 -19 19 20 21 -23 -24 -25 -26 -27 -28 -29 29 -31
leaf_value=-0.021251277668402926 0.093015931155136303 -0.068717795849764854 -0.038497978730628192 0.18750925145195771 -0.021805800236200427 0.043226901904404105 -0.069278306700189585 -0.012074134475229663 0.089188825354427181 -0.025696824760075527 0.14749401129190151 -0.012789279417189901 -0.022111050018110798 0.19309139869126657 0.34743203811710849 0.12717813867660308 0.08433058122522584 0.093532012053593322 0.19358194390650549 0.022885201847631279 0.28005161424571245 0.0059962906124261797 -0.0079797658555505243 0.037667421592678552 -0.065960615239023038 -0.06091844415352321 -0.0092631055953193066 -0.0038035397253684566 0.020066108300105519 0.20689164990394471
leaf_weight=197.03781762439758 85.577836751006544 191.54640180431306 34.595978896133602 5.784744691103695 52.988428873941302 51.739433815702796 64.379607602953911 180.33803582005203 68.523153112269938 25.767872406169776 4.9296518154442301 47.433454495854676 307.43296165950596 12.610295590944586 0.92568172141909499 6.5676830559968939 50.572843659669161 22.558796335011721 5.111717350780963 19.641978188417852 2.0577717376872888 671.0360085144639 98.201309939846396 46.556492696516216 49.833950964733958 5.1625509271398178 71.329790368676186 5.5502392649650574 32.601101053878665 3.4802649337798348
leaf_count=5017 828 6519 566 55 1297 550 3495 3437 1028 632 38 644 6640 90 12 51 659 385 42 234 52 9795 990 503 1760 103 894 76 484 40
internal_value=0 -0.00763981 0.0158878 0.000340846 0.0049009 -0.00695339 -0.00511265 -0.0271232 0.0337271 0.0561579 0.00211553 -0.0576169 -0.0138962 0.0240678 -0.0154661 0.0262095 0.0435033 0.0238807 0.000321137 0.00567291 0.00237344 0.00683413 0.000492915 0.0530926 -0.0408425 0.078672 0.00487326 0.0938319 0.000599056 0.0380866
internal_weight=0 1735.54 686.335 1496.56 600.757 425.697 1235.99 244.718 175.061 104.383 30.6975 238.98 373.957 66.5244 53.9141 260.565 155.796 105.224 991.276 794.238 742.57 673.094 104.769 51.6682 69.4759 73.6857 82.6648 11.335 70.6773 36.0814
internal_count=46916 34608 12308 27445 11480 8589 24335 6932 2891 1801 670 7163 8039 1399 1309 3110 2069 1410 17403 12386 11841 9847 1041 545 1994 1131 1025 131 1090 524
is_linear=0
shrinkage=0.1


Tree=37
num_leaves=31
num_cat=0
split_feature=34 10 9 35 40 40 34 34 6 14 31 2 27 29 35 40 28 8 40 25 21 30 14 9 2 49 9 25 13 49
split_gain=22.548 25.4516 23.4528 22.5881 38.3822 31.2884 15.7483 13.5213 12.6984 12.0477 11.9695 11.9459 22.0908 30.8044 15.7706 15.5944 13.1933 12.6942 22.075 18.653 14.5777 20.3995 12.9473 11.4884 11.4522 15.4314 11.281 11.0739 16.7429 17.9443
threshold=1.0120985102739253 1.5558804064814382 -0.72406156679731126 3.9953524134609446 0.43500000000000005 0.33500000000000008 2.9882546615802954 0.0082546514321628611 0.87837208639158482 0.96749135764042815 -0.068750533018486479 0.67330913641426726 0.52344894434241185 -0.69398681296757181 0.98315651167700135 0.14500000000000005 -0.40263057468145297 -0.67062694403861811 0.15500000000000003 0.60434292714810545 -0.038075300334929334 -0.063078873951913153 -0.52358858328767977 -0.72157384289467841 -0.95412079253772319 4.5000000000000009 2.6694556369198881 -0.016604591997597559 -0.62747764090117708 4.5000000000000009
decision_type=2 2 2 2 2 2 2 2 2 2 2 2 2 2 2 2 2 2 2 2 2 2 2 2 2 2 2 2 2 2
left_child=1 2 -1 5 -5 8 26 -3 11 24 -8 17 13 23 -14 16 -16 18 19 -4 -19 -22 -20 -13 25 -6 -2 28 29 -26
right_child=6 7 3 4 9 -7 10 -9 -10 -11 -12 12 14 -15 15 -17 -18 20 22 -21 21 -23 -24 -25 27 -27 -28 -29 -30 -31
leaf_value=-0.028208118611455609 -0.060565387500803383 0.050051555764132998 -0.028797034235857916 0.096901091915653464 -0.0044036528741372869 -0.046748728611089876 0.34895261983676512 0.0045398225019836862 -0.039132653740902856 -0.03436386693633052 -0.011084109661816874 0.30822192456075836 -0.047671472926159419 0.15453714651585757 0.11686077553806695 -0.0089518209966183964 -0.032748317707501327 -0.032179193818516139 0.071447007524938586 0.028830672321521946 0.0026243962704981354 0.34042701612957693 0.0085447307288817782 0.021540435710255317 0.45243520483930522 0.085427301687401369 0.24438227217727962 -0.0045451082375068622 0.027203346529778585 0.071450234758148198
leaf_weight=306.7143495567143 91.105220000259578 149.64111450314522 149.26831881608814 57.555271986871958 31.703510407358408 158.71049900818616 1.699276057071984 115.79127689264715 74.285542019642889 53.81496269069612 2.0223109247162929 1.4246286125853647 49.916604872792959 25.211050136014819 23.45988881029189 55.57215556781739 7.8723223311826578 217.38954804930836 74.266545349732041 90.053644311614335 185.63449314981699 1.8050783295184363 58.49664692953229 74.355073248036206 1.9555372288450588 48.189786782488227 1.2294720709323872 212.72981138247997 66.864005953073502 3.3611094234511256
leaf_count=12598 2954 2448 2541 586 445 4087 29 1033 1884 1458 33 46 750 468 203 781 67 3075 857 1081 2471 19 995 1299 35 662 7 2550 1350 104
internal_value=0 0.00107687 -0.00272968 0.00180343 0.0203328 -0.00526801 -0.0483759 0.0301977 0.00077731 0.00980552 0.153309 0.00369902 0.0233103 0.0587854 -0.00287481 0.0228557 0.079271 -0.00230394 0.0110291 -0.0071125 -0.0145586 0.0058775 0.0437317 0.0269299 0.0163213 0.0497803 -0.0565049 0.00693885 0.0407842 0.211582
internal_weight=0 2296.04 2030.61 1723.9 476.174 1247.72 96.0563 265.432 1089.01 418.619 3.72159 1014.73 237.812 100.991 136.821 86.9044 31.3322 776.914 372.085 239.322 404.829 187.44 132.763 75.7797 364.804 79.8933 92.3347 284.91 72.1807 5.31665
internal_count=46916 43893 40412 27814 7190 20624 3023 3481 16537 6604 62 14653 3614 1813 1801 1051 270 11039 5474 3622 5565 2490 1852 1345 5146 1107 2961 4039 1489 139
is_linear=0
shrinkage=0.1


Tree=38
num_leaves=31
num_cat=0
split_feature=29 28 8 49 1 9 20 27 9 1 40 10 34 32 38 38 32 29 46 4 32 27 9 5 40 32 4 35 15 46
split_gain=20.1011 16.8954 15.3563 14.1853 14.4714 13.8129 13.3359 23.6452 12.8231 12.999 11.9454 11.7771 11.7325 11.6458 11.2533 19.7834 18.4206 19.0724 12.5861 10.9805 10.5662 29.4755 10.3308 10.2918 13.6107 19.8232 10.4585 18.6795 10.2501 16.9815
threshold=0.27002138586136798 1.1064503012984301 3.5893107819103243 21.500000000000004 1.1478632172199799 0.22308993566552213 -0.52088334968632111 -0.01094703165102975 1.3688461677819277 2.1842027951631886 0.22500000000000003 0.98234780980629643 0.99765830080696249 2.5713706097310451 246.50000000000003 264.50000000000006 -0.63321713851322725 -0.69470441944635108 1.5000000000000002 2.910989438407539 -1.3526487927362216 -0.84364043228365548 -1.2416564457117865 -0.28056746924973092 0.54500000000000015 -0.13731123963154598 -1.0337546292305622 1.0023854176098381 2.4988723568864883 11.500000000000002
decision_type=2 2 2 2 2 2 2 2 2 2 2 2 2 2 2 2 2 2 2 2 2 2 2 2 2 2 2 2 2 2
left_child=1 2 3 4 5 14 7 -7 9 23 -5 -6 -10 19 18 16 17 -16 -1 28 21 -17 -22 26 -25 -26 27 -2 -8 -30
right_child=8 -3 -4 10 11 6 13 -9 12 -11 -12 -13 -14 -15 15 20 -18 -19 -20 -21 22 -23 -24 24 25 -27 -28 -29 29 -31
leaf_value=-0.0084486943591876307 0.63101055315099441 -0.055490542477964935 0.11839719236000389 0.2167016273110316 0.1603293211689498 0.57273621791317764 -0.0070221987767153486 0.061543841040001351 0.071642830776237273 0.081122701347085324 -0.0818060067190782 0.011970630837109954 0.0035474136864018548 0.071724802704861673 0.015740621767154035 0.029521470202697936 0.028366675003569666 0.52376844558551428 -0.052305313863246376 0.13124461238062832 -0.10367945996013972 0.62198166936657751 -0.0071533373730304026 0.0074686596577927759 0.018834573993906558 0.20699072151025666 -0.025676063410880762 -0.022410799650216081 0.017620208797382964 0.28656234044282203
leaf_weight=106.42211919743568 0.67975973524153133 67.435042154043913 10.116431275382636 1.3986421534791578 5.4362537823617449 1.0208974378183482 816.28965313918889 7.9596758456900698 66.892913486808538 23.204785451292992 32.28835669439286 340.13853272702545 40.69464164879173 20.444112164899707 1.1627880912274124 6.6058320151641965 4.7837716676294795 2.0274811834096909 169.91293385718018 5.902284860610961 12.339645285159348 0.96202937699854274 109.2906523887068 358.30678335856646 16.111349756829444 8.5819144947454316 112.65758804883808 1.227589691057801 9.575307263992725 3.1104274829849592
leaf_count=2813 23 2597 124 16 40 29 10765 164 856 384 1144 4158 280 136 24 186 79 29 10048 38 396 26 2658 5789 262 85 3579 45 100 43
internal_value=0 -0.00641877 -0.00443389 -0.00518378 -0.00385096 -0.00876097 -0.00156951 0.119655 0.0144566 0.00796351 -0.0694123 0.0143045 0.045886 -0.00284233 -0.0237924 -0.000377983 0.152486 0.338603 -0.0354153 -0.00466829 -0.0098127 0.104835 -0.0169461 0.00455161 0.0124175 0.0842265 -0.0217447 0.210462 -0.00563599 0.0835624
internal_weight=0 1734.62 1667.19 1657.07 1623.38 1277.81 864.302 8.98057 628.357 520.77 33.687 345.575 107.588 855.322 413.507 137.172 7.97404 3.19027 276.335 834.878 129.198 7.56786 121.63 497.565 383 24.6933 114.565 1.90735 828.975 12.6857
internal_count=46916 35613 33016 32892 31732 27534 11275 193 11303 10167 1160 4198 1136 11082 16259 3398 132 53 12861 10946 3266 212 3054 9783 6136 347 3647 68 10908 143
is_linear=0
shrinkage=0.1


Tree=39
num_leaves=31
num_cat=0
split_feature=35 49 40 40 4 38 35 40 6 35 34 0 0 35 30 6 0 4 4 33 46 9 1 13 38 32 38 34 8 7
split_gain=19.3167 56.8456 46.1357 21.6853 14.5965 15.7879 15.0499 31.6555 13.7227 17.1983 22.5649 22.5174 14.642 27.8758 13.5353 13.4326 13.2867 11.7898 11.6413 11.561 11.4194 11.0733 10.9372 10.6762 10.6205 10.3879 19.0554 10.2027 12.9543 10.1104
threshold=3.0242857737003104 12.500000000000002 0.43500000000000005 0.34500000000000003 2.4925224303096489 32.500000000000007 0.01834517003329075 0.13500000000000004 -0.37693072778844022 4.9833386475289503 0.9947833606495311 -0.59668619562108483 -0.59668619562108483 4.9833386475289503 -0.058423089819903996 -0.34042574301062928 0.083659514451586703 -0.64741901439015936 0.88325118162844596 0.12731980513849797 32.500000000000007 2.834414454531307 0.34960321233740332 -0.76988404236028352 3.5000000000000004 -1.1781711865133804 411.50000000000006 0.0040079371914259138 -1.1927142675666818 2.657070493232887
decision_type=2 2 2 2 2 2 2 2 2 2 2 2 2 2 2 2 2 2 2 2 2 2 2 2 2 2 2 2 2 2
left_child=1 3 -2 4 5 14 16 15 9 23 -11 -12 13 22 18 -8 21 -18 -1 24 -3 27 -10 -4 -20 26 -13 -7 -29 -5
right_child=2 20 8 29 -6 6 7 -9 12 10 11 25 -14 -15 -16 -17 17 -19 19 -21 -22 -23 -24 -25 -26 -27 -28 28 -30 -31
leaf_value=-0.033903983907828707 0.086606776109406911 -0.066441304845097818 -0.26393367128350415 -0.053452523194084944 0.047614272121450432 -0.0045871819055439541 0.022126718865256703 0.0056776954867797831 -0.03944229199030809 0.094321710633059649 0.24941632359144036 -0.00015878873145443661 -0.017127955299828572 0.18548234933436128 0.37961389199966505 0.099434495861319028 -0.047397036625419352 0.041964601166401723 -0.10682766051669086 -0.046435703895040009 0.26362350000411577 -0.32993295107339815 0.077070472177210636 0.0036678321579465892 0.063102757836301496 -0.043378550288604024 0.61380945039535051 0.33626343272244896 -0.047043360351654982 0.19367664898118195
leaf_weight=210.47797766374424 76.564341438002884 154.18861069483683 1.5058432593941677 86.768746360205114 67.667417198419571 157.48556193802506 37.854771382175386 645.89363557193428 23.239988213405013 58.058275572024286 3.193529672920703 1.8705439884215587 294.79044015705585 10.633208210580049 0.83862569648772378 55.322669382207096 18.853264328092337 68.069521928206086 4.0852458383887997 20.09804030880332 1.0553763955831517 1.1653828024864186 12.33184470515698 149.92634366173297 36.887766238301992 32.317204668186605 0.69270885549485672 0.88871999923139711 111.62915260437876 1.6876605097204436
leaf_count=6982 828 5561 34 2459 908 2393 331 10860 829 503 21 64 7195 87 18 428 444 959 77 207 16 9 223 2139 490 370 15 15 2411 40
internal_value=0 -0.00654757 0.0135855 -0.000681438 0.00227627 3.61877e-05 0.0053859 0.0135383 0.00408634 0.022007 0.0550876 -0.00473974 -0.00892417 0.0434164 -0.0215122 0.068027 -0.01144 0.0225824 -0.022751 0.0156872 -0.0641975 -0.0223458 0.000949703 0.0010068 0.0461597 -0.0280094 0.165764 -0.0210182 -0.0440158 -0.0487375
internal_weight=0 1680.92 665.124 1525.67 1437.22 1369.55 1097.16 739.071 588.56 247.564 96.1323 38.074 340.995 46.205 272.388 93.1774 358.092 86.9228 271.549 61.0711 155.244 271.169 35.5718 151.432 40.973 34.8805 2.56325 270.003 112.518 88.4564
internal_count=46916 34608 12308 29031 26532 25624 17850 11619 11480 3146 973 470 8334 1139 7774 759 6231 1403 7756 774 5577 4828 1052 2173 567 449 79 4819 2426 2499
is_linear=0
shrinkage=0.1


Tree=40
num_leaves=31
num_cat=0
split_feature=29 28 8 49 38 14 14 27 4 27 9 1 22 28 34 40 35 40 35 1 3 32 21 20 25 1 25 38 10 25
split_gain=16.0714 13.996 12.1605 11.727 12.1591 16.5663 17.8973 11.5316 11.1116 10.7017 10.572 10.6318 9.78293 9.77724 9.55665 9.42873 9.31017 9.24014 10.7396 8.96445 12.44 9.96227 12.4489 10.3675 25.3249 11.1194 21.8674 9.81981 15.5714 10.2239
threshold=0.27002138586136798 1.1064503012984301 3.5893107819103243 21.500000000000004 50.500000000000007 0.71361506648565076 0.66997864242017147 2.763241615119576 2.3561138804021899 -0.34434247876017815 1.3688461677819277 2.1842027951631886 2.4152861009140447 0.032652484923676138 0.99765830080696249 0.22500000000000003 -0.013778669060136946 0.03500000000000001 1.9940484146921029 1.1478632172199799 0.056648794631612584 -0.11551326023070511 -1.3801130563356219 -0.50271830486210123 0.26049049218437464 -1.1269698003331494 -0.58476101382108592 2023.5000000000002 1.1970077823401932 1.5607985252439518
decision_type=2 2 2 2 2 2 2 2 2 2 2 2 2 2 2 2 2 2 2 2 2 2 2 2 2 2 2 2 2 2
left_child=1 2 3 4 5 6 7 8 12 13 11 16 -1 -8 -12 -5 -2 -16 -19 20 -6 22 -22 24 25 -23 -27 28 -21 -29
right_child=10 -3 -4 15 19 -7 9 -9 -10 -11 14 -13 -14 -15 17 -17 -18 18 -20 27 21 23 -24 -25 -26 26 -28 29 -30 -31
leaf_value=-0.021487723573776457 0.26030021051599639 -0.05192924991690543 0.10434929556133349 0.17291734997934227 -0.012780143100971964 -0.077061836754447319 0.15465470081226226 0.090491824531820003 0.048028047835459345 0.061758344074369913 0.066538512332441013 0.074996681109296359 0.18723981495268754 0.56854290724030909 -0.084891540229272019 -0.078772211522879346 0.0034004304048186476 0.13847133795577554 -0.0020711837640575124 0.16984095777241082 0.13595683317883286 0.011966198729612437 -0.046319315219982511 0.013537884965525005 0.43241576710543222 -0.02352809182051482 0.6112476959510782 -0.072032919948195204 0.021596515882352115 0.10437969479691665
leaf_weight=407.74138644523919 1.4147373940795649 63.358973790425807 10.28822350874543 1.5685138870030666 491.70668265316635 41.427756236400455 1.5832834150642159 10.337296018376945 25.236740408465266 6.9554317807778698 62.977801715955138 22.121870428323746 2.2579154390841714 0.89248716365545977 9.0457389019429666 29.14474263228476 492.60045620193705 7.047908270731571 23.791026166640222 7.3478950504213563 4.0920681953430167 12.199188066646457 44.418409826699644 312.39718950726092 1.9602213688194741 1.2318465448915961 0.97006413619965393 19.178544233553115 198.4107110472396 3.9641888067126265
leaf_count=10242 24 2597 124 16 10845 2860 28 78 422 78 856 384 29 32 51 1144 9759 52 177 63 40 258 973 3205 26 34 17 196 2280 26
internal_value=0 -0.00581405 -0.00402735 -0.00471349 -0.00353442 -0.0165215 -0.0110094 -0.0138948 -0.0163741 0.125311 0.0130074 0.00717324 -0.0203382 0.303857 0.0422817 -0.0659185 0.00413613 0.00398025 0.0300483 0.00233801 -0.00229971 0.0113598 -0.0309435 0.0176019 0.0951986 0.0492979 0.256126 0.0199442 0.0268905 -0.0418147
internal_weight=0 1698.67 1635.31 1625.02 1594.31 496.432 455.005 445.573 435.236 9.4312 619 516.137 409.999 2.47577 102.862 30.7133 494.015 39.8847 30.8389 1097.88 868.976 377.269 48.5105 328.759 16.3613 14.4011 2.20191 228.901 205.759 23.1427
internal_count=46916 35613 33016 32892 31732 13769 10909 10771 10693 138 11303 10167 10271 60 1136 1160 9783 280 229 17963 15398 4553 1013 3540 335 309 51 2565 2343 222
is_linear=0
shrinkage=0.1


Tree=41
num_leaves=31
num_cat=0
split_feature=35 40 40 49 22 4 3 35 40 0 6 38 38 9 14 29 40 8 3 31 23 4 3 34 19 4 29 21 5 1
split_gain=16.448 48.4945 38.9898 18.1358 11.7984 11.725 12.7217 11.1774 24.5521 16.6688 12.4142 11.0322 10.88 10.6144 10.4907 10.5988 13.7552 17.1018 16.8744 12.4611 12.3886 12.0566 14.2838 14.1698 10.9667 10.7547 10.7314 13.0805 22.0502 11.0757
threshold=3.0195739599703946 0.34500000000000003 0.43500000000000005 12.500000000000002 -0.64604002703930374 1.435933347109525 -0.76987649801817837 0.01834517003329075 0.13500000000000004 -0.75392650735976374 -0.35554569611810832 1377.0000000000002 11.500000000000002 2.834414454531307 -2.535449313321108 -0.61091546239156402 0.15500000000000003 -0.67308336387629286 -0.8056915533891903 -0.3193253212348231 -2.0919483553718643 1.435933347109525 -0.49198381223316784 0.013236299437874766 1.7325470294327585 1.5449598478190076 -0.71482527496289405 -1.2354193770794952 0.32676938877959499 1.7560762241205674
decision_type=2 2 2 2 2 2 2 2 2 2 2 2 2 2 2 2 2 2 2 2 2 2 2 2 2 2 2 2 2 2
left_child=1 3 -2 4 -1 -4 -7 9 10 -6 -9 12 -5 -11 -10 26 20 19 -19 21 -17 22 23 -18 -24 -20 29 28 -28 -16
right_child=2 -3 5 11 7 6 -8 8 14 13 -12 -13 -14 -15 15 16 17 18 25 -21 -22 -23 24 -25 -26 -27 27 -29 -30 -31
leaf_value=0.04826610594262818 0.08138200275022596 -0.063429962488606523 -0.0014861518013265993 0.13274957452336772 -0.035557764550851099 -0.18860276144667457 0.048324908555063634 0.015836330825302915 0.101149441852665 0.004960180889977104 0.085079625310563456 0.025597396002888184 -0.067625285690425849 -0.32122441772879651 0.0020910587993405254 0.089578568878160361 0.12381368824850841 0.17233556890066243 -0.030357350102564119 -0.012813747461597759 -0.034907824825321607 -0.013750389893809063 0.053930023004082964 0.47351541691174037 -0.085464413483837556 0.051888429128401782 0.051736348648199142 0.03259136375456468 0.54471900906846493 -0.14939304642059023
leaf_weight=52.802730714902282 73.335226765833795 135.29434589855373 504.76468178350478 2.8139429609291247 187.99782315082848 2.339385161176323 72.526908248662949 49.341605298221111 10.237439624965189 254.2690371600911 54.480107343755662 18.657902535051107 73.248103658668697 1.0015579685568798 97.236311464570463 8.3550271149724704 7.4281215928494913 4.538288138806819 172.57053521089256 65.227336889598519 185.12993317563087 31.884265339002013 91.758820092305541 1.3728380752727387 6.01385499164462 17.512571282684803 2.7500506853684774 111.26331128040329 1.354015005752444 5.0786637756973496
leaf_count=826 862 5743 10656 62 3956 40 784 429 72 5045 439 347 1899 9 2375 110 130 120 3651 1715 3199 384 1365 38 75 185 65 2257 18 60
internal_value=0 -0.006068 0.0126831 -0.000943111 0.0018837 0.00399131 0.0409215 9.18364e-05 0.0063569 -0.0129612 0.0521715 -0.0433096 -0.0602123 0.00368039 0.000554185 -0.000718046 -0.00765795 0.00296793 -0.0182301 0.0232227 -0.0295323 0.0401994 0.0563399 0.178363 0.0453561 -0.02278 0.0181488 0.0390583 0.214381 -0.00542824
internal_weight=0 1649.62 652.966 1514.32 1419.6 579.631 74.8663 1366.8 923.533 443.268 103.822 94.7199 76.062 255.271 819.711 809.474 591.792 398.307 194.621 203.685 193.485 138.458 106.574 8.80096 97.7727 190.083 217.682 115.367 4.10407 102.315
internal_count=46916 34574 12342 28831 26523 11480 824 25697 16687 9010 868 2308 1961 5054 15819 15747 10972 7663 3956 3707 3309 1992 1608 168 1440 3836 4775 2340 83 2435
is_linear=0
shrinkage=0.1


Tree=42
num_leaves=31
num_cat=0
split_feature=14 38 14 6 6 38 38 14 14 6 34 38 26 38 38 38 38 38 31 35 40 49 40 32 27 29 6 25 29 3
split_gain=14.0075 19.4538 20.697 19.4549 31.1482 16.4907 28.2508 16.3214 15.3196 14.3284 13.9887 13.9374 12.9907 11.4232 11.4523 13.1439 14.7606 15.9743 16.0503 18.6624 19.2431 17.9094 16.0603 14.4634 34.0865 15.2468 14.2707 15.97 14.1204 13.0685
threshold=-1.1453800006332731 76.500000000000014 -0.87931062798050552 0.38396609677856236 0.30457156894658421 26.500000000000004 40.500000000000007 -0.79771709661676538 -1.507797691239684 -0.91093414180513965 1.0010184035386771 5.5000000000000009 3.2987777926634698 86.500000000000014 94.500000000000014 106.50000000000001 156.50000000000003 157.50000000000003 -0.50400308350036627 1.9946930113071979 0.38500000000000006 10.500000000000002 0.43500000000000005 -1.2124935250718196 -1.0830639603358327 0.69187462710053038 1.0339274234617175 2.1723644713187356 -0.0036904978430061628 -0.85428206914774429
decision_type=2 2 2 2 2 2 2 2 2 2 2 2 2 2 2 2 2 2 2 2 2 2 2 2 2 2 2 2 2 2
left_child=8 3 -3 4 5 11 10 -4 -1 -10 -7 -2 -5 -9 -15 26 -17 -18 -19 21 -21 23 -22 24 -20 -26 27 -16 -24 -23
right_child=1 2 7 12 -6 6 -8 13 9 -11 -12 -13 -14 14 15 16 17 18 19 20 22 29 28 -25 25 -27 -28 -29 -30 -31
leaf_value=-0.007645235000431118 -0.014292472693372776 -0.032160917748793205 0.074485637163382024 -0.06869216874442656 0.12361148810002064 0.028973224969305818 -0.025867705238218644 0.048965299290316955 0.11646242617740069 0.022625506339055967 0.26993238815309972 -0.066800563400494117 0.41707381895181783 -0.05260567802925066 0.14599912900157794 -0.027802339480470145 0.081511896616270896 -0.048086041672664157 -0.01657509469289067 -0.028788851591892112 0.0914411719113849 0.40281162208450305 -0.012885968414578147 0.0080758329183140218 0.26128602837331111 0.74892793762553744 -0.062480403059916471 -0.16973425488645627 0.052889708126061599 0.066173248744201163
leaf_weight=200.30189526826143 107.57837419304997 146.46045806910843 35.715840350836515 78.63778667896986 16.362114429473877 128.27146772202104 207.21484246477485 57.186627252027392 17.232910295948386 291.94168999604881 2.455412899143993 95.361323337536305 0.55440922547131677 35.731483331881464 17.645831798203297 130.95838150940835 28.938428787514567 51.377437613438815 4.9130115723237395 173.23483896255493 25.392154932022095 1.1713975579477836 114.62281180731952 182.64357239194214 2.099249753169715 0.92313030175864685 5.7127416203729799 1.7619686871767033 45.630058662034571 74.183474840596318
leaf_count=2472 3530 2227 421 5347 205 1803 5956 675 163 3472 30 4218 10 970 261 3422 271 806 134 3371 277 27 1990 2533 48 12 233 17 695 1320
internal_value=0 -0.0049152 0.0029247 -0.0189127 -0.0123216 -0.0164337 -0.00290269 0.00811609 0.0138985 0.0278558 0.0334991 -0.038966 -0.0652914 0.00563167 0.00286883 0.00517046 0.00302907 0.00875516 0.00564145 0.0100594 -0.00481779 0.0301362 0.0175508 0.013818 0.145983 0.410227 0.0764424 0.117335 0.00584286 0.0714063
internal_weight=0 1772.74 1136.3 636.436 557.244 540.881 337.942 989.842 509.476 309.175 130.727 202.94 79.1922 954.127 896.94 861.208 836.088 705.13 676.191 624.814 358.88 265.934 185.645 190.579 7.93539 3.02238 25.1205 19.4078 160.253 75.3549
internal_count=46916 40809 19710 21099 15742 15537 7789 17483 6107 3635 1833 7748 5357 17062 16387 15417 14906 11484 11213 10407 6333 4074 2962 2727 194 60 511 278 2685 1347
is_linear=0
shrinkage=0.1


Tree=43
num_leaves=31
num_cat=0
split_feature=34 10 9 34 14 38 35 40 40 9 1 38 49 22 31 9 25 35 0 29 1 9 38 22 26 21 5 33 28 23
split_gain=13.45 14.778 14.6648 11.3721 10.8909 13.4854 10.7064 31.6745 22.4183 10.4036 12.7356 22.3828 9.62247 9.36428 8.85187 9.38121 8.7436 8.10648 21.1028 16.9684 10.3292 8.07429 8.03734 15.4368 7.8306 11.0062 8.41968 13.0251 8.20294 10.7395
threshold=1.0120985102739253 1.5558804064814382 -1.1513576197738484 0.0082546514321628611 1.6062027932067247 588.50000000000011 3.0195739599703946 0.34500000000000003 0.43500000000000005 1.7509256928305275 -0.1383899487807658 1082.0000000000002 30.500000000000004 -0.60423803542180676 -1.09884216797083 2.6694556369198881 0.65949621903296662 4.9948306192278826 -0.60119687713965275 -0.035464974211827489 -0.24507504731177424 0.87839231665758244 3337.5000000000005 0.0096398210083220252 1.4448013371999737 -1.2888479407863629 -0.08412471927220054 0.13278760851440505 -0.2455584892248571 1.0684744374525035
decision_type=2 2 2 2 2 2 2 2 2 2 2 2 2 2 2 2 2 2 2 2 2 2 2 2 2 2 2 2 2 2
left_child=1 2 17 -3 6 -6 7 13 21 10 -7 -12 14 -4 16 -16 -2 22 -19 -20 -21 -8 -1 -24 -15 28 27 -27 -26 -30
right_child=12 3 4 -5 5 9 8 -9 -10 -11 11 -13 -14 24 15 -17 -18 18 19 20 -22 -23 23 -25 25 26 -28 -29 29 -31
leaf_value=-0.047612072745688419 0.0070170407181543316 0.043341716240753274 0.1500462360311258 0.0005378465122505892 -0.071187949146682514 0.0025191180553460583 -0.11213956802370487 -0.063793169934515698 0.0071045616408959558 -0.16830023173436137 0.48428405784374084 0.031928241236852492 0.11794491947503603 -0.0022329120798592755 -0.06112305045446477 0.20959327420226612 0.31165602984413665 0.60506669272123192 -0.061175447550152875 -0.035689296631656535 0.29277237480583579 0.08710871806802864 -0.10355712671228044 0.58761589361207278 -0.060958938885164141 0.061189016278602321 0.052748384841781452 0.37089820942668988 0.013098223314043204 0.19182518849293506
leaf_weight=108.81636533187702 4.0848301732912651 135.1537966504693 4.1987681947648516 114.78286833781749 45.154523235745728 17.986042690463371 2.1261871629394582 80.708050221670419 438.83524293731898 2.6376393157988778 1.6503143459558476 3.243946298956871 3.6798427673056713 1055.7433828460053 72.975607925094664 1.3029128834605206 1.2245968170464037 0.61996266245842058 10.098220215179024 1.4728262796998022 2.7357944278046462 46.823264477774501 0.73208602052181848 0.57846345659345388 14.327142311260102 3.2414516252465573 21.040451874025166 2.3369068782776594 67.865902666002512 3.5372904045507303
leaf_count=5338 93 2448 33 1033 1863 458 36 3484 7757 20 36 46 54 18251 2859 7 10 6 484 78 54 608 24 19 163 104 297 23 1174 56
internal_value=0 0.000800025 -0.00215352 0.0236841 0.000132929 -0.0383497 0.00169525 -0.00319789 0.0142645 0.0197582 0.0414375 0.18446 -0.0401485 0.000973879 -0.0474581 -0.0563744 0.0772807 -0.0352738 0.0338824 0.00913114 0.177826 0.0784541 -0.0446473 0.20152 0.000438031 0.0255368 0.0817071 0.190934 0.00809628 0.0219523
internal_weight=0 2186.45 1936.51 249.937 1811.46 70.6725 1740.78 1253 487.785 25.5179 22.8803 4.89426 83.2678 1172.29 79.5879 74.2785 5.30943 125.054 14.9268 14.3068 4.20862 48.9495 110.127 1.31055 1168.09 112.349 26.6188 5.57836 85.7303 71.4032
internal_count=46916 43893 40412 3481 34409 2423 31986 23585 8401 560 540 82 3023 20101 2969 2866 103 6003 622 616 132 644 5381 43 20068 1817 424 127 1393 1230
is_linear=0
shrinkage=0.1


Tree=44
num_leaves=31
num_cat=0
split_feature=4 32 19 38 28 2 20 15 20 29 0 34 38 38 9 33 19 32 38 35 4 49 15 38 38 38 28 22 4 35
split_gain=12.063 14.5445 17.7783 20.3878 12.7799 12.1057 10.9253 10.7152 9.39127 12.6193 10.6476 10.2793 10.1176 13.3692 11.377 26.9074 9.83119 9.35221 9.18997 14.3507 17.438 9.17753 8.08134 7.96975 8.34636 10.1748 42.8161 8.97614 10.4285 7.85181
threshold=-0.60604405589894506 -0.76290492081153027 2.9456182737656893 726.50000000000011 1.8235555518463056 -0.75794341455015812 1.701728258713217 3.0702735583907592 1.5494495093338505 -0.16452395277076889 -0.89448837764976818 1.9999906946260133 8.5000000000000018 10.500000000000002 -0.10607611482737 -0.54725097813736934 -0.48034188899561869 0.51228621399241658 1942.0000000000002 1.9828998381078229 -0.96450241904994383 30.500000000000004 2.0082761313202968 2789.5000000000005 20.500000000000004 21.500000000000004 -0.23533216236208535 -0.61572320126132962 0.30404551819453507 0.98315651167700135
decision_type=2 2 2 2 2 2 2 2 2 2 2 2 2 2 2 2 2 2 2 2 2 2 2 2 2 2 2 2 2 2
left_child=1 2 18 -4 8 -6 7 -3 11 10 16 12 -2 14 15 -14 -10 -16 -1 20 -20 -13 -22 24 -15 26 -26 28 -27 -18
right_child=4 6 3 -5 5 -7 -8 -9 9 -11 -12 21 13 23 17 -17 29 -19 19 -21 22 -23 -24 -25 25 27 -28 -29 -30 -31
leaf_value=-0.069364488899204602 -0.030867763034651587 -0.0055197552949699151 -0.10371112111917349 0.753367178719348 0.25777472941394547 -0.10369113532846504 -0.14388769808047239 0.35485019873484264 0.19779448410545838 0.044541997867106289 -0.0072196180866832731 -0.069766068286197469 -0.0012503689926487184 -0.045697398174531174 -0.064713646588727081 0.7857577208434785 -0.063572136575653873 0.16048669559500817 0.53272307894775384 -0.080767229480217126 -0.10333673657723062 0.13639890811443525 0.31153411602644804 -0.043335029896417229 -0.047352882905218413 0.26995307265600926 1.1564009821887653 0.002119981943213002 0.03207689475175865 0.062648670568506537
leaf_weight=73.554695857223123 96.049058944918215 363.53011998534203 0.53183241747319587 0.5804648594930768 3.60986387450248 1.2464405214413989 5.7282085977494708 0.82696692645549674 4.219524919986724 115.5098537877202 166.50669561140239 31.220262337476015 0.97051771590486169 33.990985489450395 3.1099981879815441 0.78645882802084066 6.3675286956131485 4.530277956277132 1.0859411777928474 3.7761854846030474 1.372486284002661 2.3196443039923897 0.7136666178703307 37.86591349542141 1.1560546699911354 1.8920139744877804 0.39693816611543198 1193.9959674743004 71.105461958795786 21.806465100497007
leaf_count=4453 3150 9533 35 14 44 54 53 7 27 1447 1428 1561 29 1477 38 25 57 33 22 143 49 31 8 487 66 17 33 21241 1148 206
internal_value=0 -0.0152829 -0.0534939 0.343565 0.00299616 0.164999 -0.00685617 -0.00470184 0.00255758 0.0182528 0.00298558 -0.000778085 0.000491495 0.00272296 0.121583 0.351031 0.0554416 0.0688182 -0.05898 0.0509503 0.207752 -0.0555075 0.0385893 0.00188966 0.00320438 0.00451471 0.260321 0.00420116 0.0382424 0.0341218
internal_weight=0 451.701 81.6153 1.1123 1798.66 4.8563 370.085 364.357 1793.8 314.41 198.9 1479.39 1445.85 1349.8 9.39725 1.75698 32.3935 7.64028 80.503 6.94828 3.17209 33.5399 2.08615 1340.4 1302.54 1268.55 1.55299 1266.99 72.9975 28.174
internal_count=46916 14317 4724 49 32599 98 9593 9540 32501 3165 1718 29336 27744 24594 125 54 290 71 4675 222 79 1592 57 24469 23982 22505 99 22406 1165 263
is_linear=0
shrinkage=0.1


Tree=45
num_leaves=31
num_cat=0
split_feature=35 49 40 40 40 32 1 7 38 40 10 20 38 3 14 18 6 3 4 6 29 2 2 21 33 3 15 24 49 31
split_gain=11.4091 37.6907 29.1464 11.9419 10.9142 14.0436 11.7219 10.2814 9.93982 12.6177 9.80211 14.9546 9.56364 10.767 11.9324 10.2466 9.98262 9.68281 9.17561 9.76018 9.30738 14.4747 9.00486 8.91024 13.3069 10.6261 9.33497 9.12126 8.81323 8.75116
threshold=3.0242857737003104 12.500000000000002 0.43500000000000005 0.33500000000000008 0.045000000000000005 -0.34222561613762065 1.5767129858939295 2.657070493232887 1377.0000000000002 0.22500000000000003 -1.0000000180025095e-35 0.36134386491970444 32.500000000000007 0.85190724692898934 -1.507797691239684 -1.0282176849808955 -1.1443219107003644 0.75494433020078344 0.88325118162844596 -1.014765766989193 -0.36115490306850179 -1.054129947885069 -0.74362698210190259 0.60749372121877598 0.13278760851440505 0.20986833992535645 -0.56884388674672115 -0.25053462980918056 4.5000000000000009 1.0578257112590361
decision_type=2 2 2 2 2 2 2 2 2 2 2 2 2 2 2 2 2 2 2 2 2 2 2 2 2 2 2 2 2 2
left_child=1 3 -2 4 5 -1 12 -5 -3 10 11 -10 18 14 16 -15 -14 -16 -6 -20 -21 -22 28 27 25 26 -25 -7 -4 -30
right_child=2 8 22 7 6 23 -8 -9 9 -11 -12 -13 13 15 17 -17 -18 -19 19 20 21 -23 -24 24 -26 -27 -28 -29 29 -31
leaf_value=0.1014862933063353 0.074934744614993304 -0.068820919726360327 -0.0047684893762111628 -0.033390220866858229 -0.029047743322100916 -0.13741002743815653 0.035450875663910315 0.19124322458683629 0.027796490109788397 -0.052131632153846634 0.021018651290215115 0.47646414505051288 0.13845482330568978 0.33633700012212159 0.0077872535649073649 0.029774039369840383 -0.059802566878898879 -0.075096178762241617 -0.086792709096316423 -0.026604803664150901 -0.026949168999197373 0.13005332758283378 -0.0050632474447976517 -0.017250011432687441 -0.035877963699533007 0.12810579938108782 0.19990182848915949 -0.029190753759393243 0.048016554727920019 -0.060811766170734839
leaf_weight=9.5489389160647971 63.529391059651971 109.42805408732966 73.878229568712413 125.88143294071779 149.88823196059093 8.1992222317494434 123.2145886644721 2.0710584688931695 1.5183369414880874 14.803309033159165 5.3736441945657152 1.4545904267579315 2.7033769488334647 1.0984917487949122 583.7955389614217 145.86994350934401 41.952700043097138 14.443754246458409 7.0203708857297888 13.374557404778896 8.951837267726658 17.068760445341471 388.90305391419679 16.544094881974164 31.765835791360587 12.362651129253207 2.2487171292305019 155.42269310867414 100.48730268655345 7.9753699535503975
leaf_count=108 828 5001 1168 3243 6005 93 1813 49 70 394 102 10 17 23 12201 1729 532 175 67 167 110 195 8389 206 390 129 18 1761 1681 242
internal_value=0 -0.00515613 0.0106797 -0.000560813 0.00221544 -0.0173081 0.00637032 -0.0297543 -0.0562269 0.00330415 0.101624 0.24732 0.00273691 0.00764627 0.00206396 0.0320654 -0.0478005 0.00578613 -0.0170168 0.0218345 0.0411923 0.0760399 0.00353379 -0.0223153 0.00966558 0.0561014 0.00873402 -0.0346137 0.0218699 0.0400143
internal_weight=0 1606 634.773 1473.43 1345.47 236.092 1109.38 127.952 132.578 23.1499 8.34657 2.97293 986.168 789.864 642.895 146.968 44.6561 598.239 196.304 46.4155 39.3952 26.0206 571.244 226.543 62.9213 31.1555 18.7928 163.622 182.341 108.463
internal_count=46916 34608 12308 29031 25739 2705 23034 3292 5577 576 182 80 21221 14677 12925 1752 549 12376 6544 539 472 305 11480 2597 743 353 224 1854 3091 1923
is_linear=0
shrinkage=0.1


Tree=46
num_leaves=31
num_cat=0
split_feature=14 38 14 14 6 6 14 14 14 14 9 38 31 6 6 27 28 8 28 27 14 7 35 6 19 2 25 46 1 20
split_gain=10.8649 16.2313 17.6226 17.1736 16.3563 21.3164 12.4462 23.6448 13.02 18.7159 11.8776 11.0633 12.4457 10.8262 14.4686 11.2777 10.2116 9.78873 9.78688 9.52284 9.20847 10.5263 9.19444 9.13248 9.48658 9.12237 11.1969 11.9351 16.4252 20.1734
threshold=-1.1008513637848429 76.500000000000014 -0.85574162286542199 -0.79771709661676538 0.38396609677856236 0.30457156894658421 -0.11366729394552033 -0.28462254584426411 -0.30332784637081578 -0.70103044848805052 1.9133455468516394 38.500000000000007 -0.66704226870417405 -0.9160905038238143 -0.91093414180513965 -1.1215939045524264 1.1064503012984301 1.328393034960285 -0.65521774512120901 1.2358176170546129 -0.9125573152608103 0.21628668802194623 4.9991424286896304 -0.78140398427176605 -0.56857163147088441 1.3569240264124187 -0.21477625029271538 12.500000000000002 -0.099296510280980646 0.94372923650119167
decision_type=2 2 2 2 2 2 2 2 2 2 2 2 2 2 2 2 2 2 2 2 2 2 2 2 2 2 2 2 2 2
left_child=10 4 20 -4 5 6 7 8 9 -2 13 12 -11 -1 -15 -16 -5 -14 -10 -13 22 -22 -3 -17 -25 -8 -27 28 -28 -30
right_child=1 2 3 16 -6 -7 25 -9 18 11 -12 19 17 14 15 23 -18 -19 -20 -21 21 -23 -24 24 -26 26 27 -29 29 -31
leaf_value=-0.0090309927692419981 -0.041412798789449083 -0.021944667541752255 0.082916429961681984 0.0076509259017620568 -0.062041662210382868 0.096607461808754735 -0.041564261304156823 0.052276109635312762 0.22341037419601598 0.36656814046583364 0.10178137814587476 0.028970898599520289 -0.002309321177473323 0.11651915185127554 0.085256082733981109 0.0030434900005768366 -0.040194285568270885 -0.15935796423833504 -0.080537387822056605 0.12893578313608847 -0.092039762752252896 0.029170565664054245 0.090328525952110328 0.14238326241302424 0.027310096461832401 -0.10404020489553939 0.018539134424417476 -0.08635600475326731 0.47646043758628392 0.046459800120181499
leaf_weight=191.76691878959537 92.628245763480663 90.83912298688665 29.363495665136725 888.71695455769077 72.835556247737259 17.628307176753879 180.61363723222166 62.288128973916173 1.0918085947632779 0.88267413899302383 14.375451678410171 39.264087891206145 70.567766475956887 15.165452752262352 21.925760162062943 228.33365689124912 46.965780335012823 4.2052989024668923 35.652263324707747 12.583618369884787 35.638270664028823 8.9674657084979099 7.9309558086097232 9.5022258311510068 29.115147052332759 4.3685404965654042 5.3553929352201513 3.203805000986903 2.3806556002236894 2.0140740275382996
leaf_count=2433 2257 1432 332 15443 5357 205 7613 503 12 15 168 771 1879 141 261 2890 1619 109 1373 135 616 128 81 79 229 422 214 94 83 22
internal_value=0 -0.00444807 0.00275245 0.00761256 -0.0175845 -0.011529 -0.0152154 -0.0029978 -0.0164008 -0.00720274 0.0121734 0.0176501 -0.00673513 0.00957536 0.0213108 0.0163126 0.00524938 -0.0111419 -0.0715059 0.0532327 -0.0299604 -0.0676718 -0.0129295 0.01065 0.0556251 -0.0349158 0.0344047 0.0810934 0.136116 0.279394
internal_weight=0 1715.99 1108.42 965.046 607.564 534.728 517.1 319.164 256.876 220.132 510.185 127.503 75.6557 495.809 304.042 288.877 935.683 74.7731 36.7441 51.8477 143.376 44.6057 98.7701 266.951 38.6174 197.936 17.3225 12.9539 9.75012 4.39473
internal_count=46916 40715 19651 17394 21064 15707 15502 7054 6551 5166 6201 2909 2003 6033 3600 3459 17062 1988 1385 906 2257 744 1513 3198 308 8448 835 413 319 105
is_linear=0
shrinkage=0.1


Tree=47
num_leaves=31
num_cat=0
split_feature=49 29 28 35 40 31 19 20 25 34 27 6 10 21 2 9 18 38 29 27 6 1 6 9 10 38 2 18 28 7
split_gain=10.4711 10.2684 9.43617 12.2254 17.7404 11.1581 10.5486 12.8316 10.5184 10.372 10.1453 9.3531 9.27541 8.98074 8.83915 9.9261 9.78273 9.40414 20.0135 20.6715 20.0616 17.0761 15.7219 15.3467 15.1323 13.8716 18.1437 20.0664 12.4959 12.058
threshold=21.500000000000004 0.27002138586136798 -0.49710226381324574 0.9860124226915068 0.13500000000000004 0.93806085006829421 0.96926397957482013 0.056010782426720342 2.1723644713187356 0.0026729237377743592 1.7582065588802362 1.1128904578952745 1.8803181628976666 2.1086265864751685 0.63036117663104196 -1.4126874623282732 -1.040809659613587 256.50000000000006 -0.73205009133883558 0.51107937094534395 0.57123398748145326 -1.0613283242092406 -0.65152168857597659 -1.0804225587497218 -0.96278674410226228 848.50000000000011 0.96924140259759783 -1.0122813904707242 -0.38130206702222552 0.50326109157430832
decision_type=2 2 2 2 2 2 2 2 2 2 2 2 2 2 2 2 2 2 2 2 2 2 2 2 2 2 2 2 2 2
left_child=1 2 3 9 -5 11 8 -8 -6 10 -1 12 14 -7 16 -16 -4 28 -19 20 21 -20 -23 -24 -25 29 -27 -28 -17 -26
right_child=-2 -3 5 4 6 13 7 -9 -10 -11 -12 -13 -14 -15 15 17 -18 18 19 -21 -22 22 23 24 25 26 27 -29 -30 -31
leaf_value=-0.018175666138629906 -0.051956317578024214 0.011610594695462037 0.29773182595597941 0.07516150331924594 0.0061617429204694095 -0.05079785768035381 0.34847091497426796 0.056759073965175405 -0.16060436556401311 -0.049399747629714635 0.058171593482804734 0.13503294538168351 0.061711453646499465 0.1833932853430302 -0.07417694935291945 -0.044922826547498455 -0.016341573931382823 -0.0093131152662291883 -0.049551263518181059 -0.0016288473330453891 -0.076703311616903261 0.001735579604548776 -0.044040898700127007 0.5197941940281936 0.2221336152625927 -0.057029352654190547 0.61912103809443297 0.048957590991907329 0.013959514840226046 0.45877913469736786
leaf_weight=59.777812492568046 39.034937147051096 586.41817345982417 0.99338052701204915 43.111242901533842 391.74452130682766 77.608302980661392 1.6910360613837827 13.923382889479397 3.8189721778035155 63.733568483032286 24.554496018216014 4.6296091163530937 18.975919007323682 1.6727551361545909 14.804911926388739 53.100204430520535 600.44104445492849 53.814236901700497 3.4115077853202882 19.94808391854167 4.1341982418671241 3.751549375709156 1.9210111852735376 1.9054363081231844 7.4444787837564714 3.2817446477711192 1.1041893577203155 1.3997548334300518 112.1855733669363 3.0293486164882779
leaf_count=913 1681 10883 39 379 5648 3771 38 178 30 958 250 69 284 50 905 1352 14028 789 74 235 76 67 70 32 118 68 29 17 3857 28
internal_value=0 0.000298458 -0.00386863 0.00599945 0.0141327 -0.00987545 0.00773398 0.0883514 0.0045517 -0.0189547 0.00405387 -0.00674164 -0.00746638 -0.0458566 -0.00894688 0.00555138 -0.0158228 0.00991615 0.0332966 0.0779674 0.128561 0.159704 0.189651 0.224749 0.253175 0.22193 0.0976547 0.300388 -0.0049572 0.290579
internal_weight=0 2178.33 1591.91 602.355 454.289 989.557 411.178 15.6144 395.563 148.066 84.3323 910.276 905.647 79.2811 886.671 285.236 601.434 270.431 105.146 51.3313 31.3832 27.249 23.8375 20.086 18.165 16.2595 5.78569 2.50394 165.286 10.4738
internal_count=46916 45235 34352 8394 6273 25958 5894 216 5678 2121 1163 22137 22068 3821 21784 7717 14067 6812 1603 814 579 503 429 362 292 260 114 46 5209 146
is_linear=0
shrinkage=0.1


Tree=48
num_leaves=31
num_cat=0
split_feature=35 40 40 49 46 14 38 31 34 2 38 3 4 3 4 27 15 14 13 35 16 38 38 6 6 29 40 14 14 16
split_gain=9.45898 31.6017 24.7548 10.0132 8.06443 7.89587 13.7783 8.34596 7.83083 9.19785 8.38273 8.86634 7.76513 10.4012 10.088 7.98859 11.2173 8.06211 9.16043 7.74749 12.872 7.56272 7.89942 8.48523 8.69402 8.04173 7.54835 17.4901 20.839 10.1375
threshold=3.0195739599703946 0.34500000000000003 0.43500000000000005 12.500000000000002 20.500000000000004 1.5190315931901504 3259.0000000000005 1.6875262712723698 0.015302783922378448 2.7813200019262641 3337.5000000000005 -0.7511905880130586 1.435933347109525 -0.76987649801817837 1.9885945348491521 -0.9987856377165264 1.8896900361026328 -1.5772315109362756 0.71379512824405567 3.9856373390822757 -0.023356508512466633 1377.0000000000002 11.500000000000002 -1.0405264978412443 -1.0411788684614329 0.036045597730771595 0.23500000000000001 -0.52358858328767977 -0.58677399847755696 -0.022416367010650213
decision_type=2 2 2 2 2 2 2 2 2 2 2 2 2 2 2 2 2 2 2 2 2 2 2 2 2 2 2 2 2 2
left_child=1 3 4 5 -2 7 -7 26 10 -10 11 -3 19 14 -14 16 -15 18 -17 20 -4 22 -5 24 -24 -26 -1 28 -28 -30
right_child=2 8 12 21 -6 6 -8 -9 9 -11 -12 -13 13 15 -16 17 -18 -19 -20 -21 -22 -23 23 -25 25 -27 27 -29 29 -31
leaf_value=-0.0022078363997072512 0.078044719622591963 0.08316937803595302 0.40566480599584143 0.10713326635959784 -0.096805310490671689 -0.056405314322001014 0.18594866717993069 0.27002373720491163 -0.095002145263455975 0.37823427156720174 0.29790969698043107 -0.049073095691850699 0.044550049260622129 0.26114438604736362 -0.36855936292684915 -0.052194684916358508 0.0016369911496401765 0.056329405247753039 0.094693924992037229 -0.0021740772262383106 -0.047300128841448075 0.02171577465988217 -0.11156405802774219 -0.065944986789257337 0.47181728941812529 0.023453844393309973 0.025507088346836345 -0.007157164904407068 0.117996129570882 0.40631250904432509
leaf_weight=979.09168891096488 58.493826038669795 5.4806626094505182 1.2263109204359346 3.0320546575821927 2.7623731633648267 38.86669004894793 2.496496880427002 1.165842032060026 40.669571756385267 0.41489478852599759 0.7453193198889484 67.652725246269256 1.125078666955232 3.6936894729733458 1.2455107681453226 17.834571525454525 3.0337318163365126 41.003554152324796 5.5720626693218938 490.66639724280685 1.2844715998508034 18.683387332595885 1.012529450468719 59.387105521280318 0.85705503821372897 0.75016184709966183 161.35250795539469 181.66665870416909 16.605339013505731 1.3161962749436487
leaf_count=17471 838 150 35 62 24 1554 28 27 3261 20 21 2291 19 42 21 197 36 464 45 10584 37 347 27 1823 25 24 2171 4998 256 18
internal_value=0 -0.00473735 0.00976969 -0.0007789 0.0701598 0.00125465 -0.0417779 0.00258179 -0.055225 -0.0902231 -0.0357622 -0.0391628 0.00324179 0.0335623 -0.172498 0.0404291 0.144119 0.029599 -0.0172271 -0.00127749 0.173936 -0.0343602 -0.0504689 -0.0581754 0.117953 0.262546 0.00234912 0.0147104 0.0368697 0.139171
internal_weight=0 1581.25 627.942 1466.28 61.2562 1382.56 41.3632 1341.2 114.963 41.0845 73.8787 73.1334 566.685 73.5082 2.37059 71.1376 6.72742 64.4102 23.4066 493.177 2.51078 83.7223 65.0389 62.0069 2.61975 1.60722 1340.03 360.941 179.274 17.9215
internal_count=46916 34574 12342 28831 862 26523 1582 24941 5743 3281 2462 2441 11480 824 40 784 78 706 242 10656 72 2308 1961 1899 76 49 24914 7443 2445 274
is_linear=0
shrinkage=0.1


Tree=49
num_leaves=31
num_cat=0
split_feature=9 10 29 5 35 32 9 2 31 2 7 31 28 42 38 29 3 3 26 11 9 4 22 30 38 33 20 35 7 10
split_gain=8.77281 9.14568 9.00366 7.9166 8.12672 7.62262 10.1349 7.89239 9.85019 9.32847 12.3038 15.1901 11.8581 10.8282 9.10619 10.7848 8.84396 18.2199 14.5945 40.3922 12.3509 19.7017 10.2498 8.52656 9.36956 8.289 8.11486 8.11365 7.63237 9.16189
threshold=-1.1193744129373391 0.75480857170746329 0.27002138586136798 -0.96939999674185906 -0.0067264483701296495 2.5713706097310451 2.2409182408133739 0.69082721044602635 1.2345110359555389 1.0804913064336865 2.8392269998489414 0.72139417917274151 -0.36187777801180471 0.84375000000000011 193.50000000000003 -0.80590916321637784 -0.6069217551620355 -0.55003713573282509 1.0921320035797963 0.54018170169064039 -1.0804225587497218 -0.44061906301045789 -0.37899245067015735 -0.088739735519993576 1942.0000000000002 2.1625646744284261 3.2691905703001995 1.9940484146921029 -0.89889628434792257 -0.96278674410226228
decision_type=2 2 2 2 2 2 2 2 2 2 2 2 2 2 2 2 2 2 2 2 2 2 2 2 2 2 2 2 2 2
left_child=1 -1 5 -3 -5 7 -7 -2 9 25 12 -12 14 16 26 -16 -14 18 19 22 21 -19 -18 -17 -25 28 -11 -13 -9 -30
right_child=2 3 -4 4 -6 6 -8 8 -10 10 11 27 13 -15 15 23 17 20 -20 -21 -22 -23 -24 24 -26 -27 -28 -29 29 -31
leaf_value=-0.040997742781756843 -0.0091364021407969367 0.50738006229997745 0.011771313604893264 0.32641533199318085 0.0061728103932883818 0.127318637069845 -0.00035794410246533224 -0.014601726780234699 -0.053979344170933787 -0.058315234091143725 0.026983191726323543 0.0990626534219501 -0.091162206463576728 0.089340437305825901 0.18287232350899232 0.18318219315671105 0.60479041166918523 -0.10205885319956889 0.056539968252848585 1.1414543079899495 -0.0020495740615598924 0.72689128757061883 -0.10244650162708265 0.0033307023759979702 -0.10938373630836154 -0.01614419731821528 0.09422826103338508 0.40139821413927568 0.15988413114171771 0.038701112310077647
leaf_weight=98.843648152891546 983.9803431222681 0.32757736230268975 566.06008056132123 0.81100441701710124 34.586692170705646 10.366754310205581 15.5323867816478 26.051041985396296 25.590513110160828 72.5651003732346 10.408333121798931 1.6115182880312198 9.0958449826575798 16.975399062968791 3.122171839233487 2.2221980853937557 0.28060725145041954 0.55233917757868767 2.1097525432705879 0.5603436673991381 79.492004339583218 0.59618524089455494 0.75973415514454168 40.849682339467108 8.9997763773426396 38.758653667289764 3.6633908413350573 1.9760992815718053 6.5398617140017441 135.52778796292841
leaf_count=5918 19267 14 10070 9 825 90 116 566 1119 1462 118 16 460 256 30 36 12 40 51 19 2085 18 58 515 107 391 36 34 192 2986
internal_value=0 -0.0253249 0.00102696 0.0180384 0.01351 -0.00303258 0.0507477 -0.00397864 0.00641468 0.00975475 -0.00301313 0.0881465 -0.00828869 0.0158684 -0.0285857 0.00234908 0.00252162 0.0126239 0.229291 0.456981 0.00265457 0.328239 0.0883138 -0.00847494 -0.0170187 0.0255445 -0.0509843 0.265592 0.0351556 0.0442796
internal_weight=0 134.569 2064.25 35.7253 35.3977 1498.19 25.8991 1472.29 488.308 462.718 255.84 13.996 241.845 110.422 131.422 55.1938 93.4468 84.351 3.71044 1.60069 80.6405 1.14852 1.04034 52.0717 49.8495 206.877 76.2285 3.58762 168.119 142.068
internal_count=46916 6766 40150 848 834 30080 206 29874 10607 9488 5353 168 5185 2999 2186 688 2743 2283 140 89 2143 58 70 658 622 4135 1498 50 3744 3178
is_linear=0
shrinkage=0.1


Tree=50
num_leaves=31
num_cat=0
split_feature=9 34 8 19 46 20 38 38 38 14 6 15 14 38 38 38 34 9 32 19 20 42 14 35 24 38 38 6 6 25
split_gain=8.15781 9.05005 8.51821 9.57966 8.07275 8.03423 7.33986 33.7119 18.5907 14.3565 14.8087 15.5297 14.6164 14.1897 19.6172 19.3114 22.9431 16.7823 19.6803 13.4749 12.3107 13.6195 11.69 11.4934 11.3511 11.0466 10.2185 14.538 30.0925 10.1847
threshold=1.4973996768058531 1.9999906946260133 -0.46017495063667579 0.047028447673832123 32.500000000000007 3.2691905703001995 256.50000000000006 312.50000000000006 332.50000000000006 -0.33185246181014921 -0.39239838326859328 -0.69750066033306601 -0.28462254584426411 368.50000000000006 392.00000000000006 366.50000000000006 0.99714884207889065 1.1288832816558365 0.15121278894054616 -0.57892753698949673 0.32646912246318788 0.34375000000000006 1.3818894748176065 4.9893550837878982 -0.23707552253951006 310.50000000000006 418.50000000000006 -0.19298506449233413 -0.069257684408710926 2.2832234950211929
decision_type=2 2 2 2 2 2 2 2 2 2 2 2 2 2 2 2 2 2 2 2 2 2 2 2 2 2 2 2 2 2
left_child=1 6 3 -2 -3 -5 9 25 -9 10 11 -1 -11 15 -15 16 -10 18 -18 -12 21 -17 -14 24 -13 29 27 -16 -29 -8
right_child=2 4 -4 5 -6 -7 7 8 13 12 19 23 22 14 26 20 17 -19 -20 -21 -22 -23 -24 -25 -26 -27 -28 28 -30 -31
leaf_value=-0.030690986963386652 0.087627427333201446 -0.061611186287562104 0.003552454773530841 -0.00073511849176818498 0.16001317771547544 0.073435997669807115 0.048632452679178373 -0.09330111069929159 -0.037914576726559748 -0.071512339338814332 -0.085372869763939305 0.0075463959990489139 -0.0098194855006108698 -0.075723472309342843 0.025524711108188259 0.56693969229356544 0.0886166462237237 -0.12022713718260419 0.49458525623336258 0.20285301964000865 0.046693563642752046 0.16699734220520451 -0.074111824880694163 0.057877343067606037 -0.069878239381008442 0.21254257322165337 -0.00062225888567157188 0.60903714196107095 0.057002737424274863 0.22797327017878211
leaf_weight=122.77625948190689 27.728767993859947 36.337516413070261 268.62992517370731 55.294112833216786 1.7214234806597222 19.845664510503411 78.206625771708786 21.83167917933315 15.030851745046681 48.310763526707888 2.1489847786724567 458.01200041966513 453.68905333406292 34.409852173179388 14.997585107572379 1.6124094575643533 2.5448210919275871 1.3483205512166021 2.249800980091095 6.6149261351674777 2.0697334446012974 1.8042043186724184 30.161286532646045 43.78260499984026 19.752330013550818 4.7648797724395981 412.44811257068068 1.4327858928591011 3.1772030801512292 3.3002147991210213
leaf_count=2256 348 2136 2176 600 19 300 970 464 212 2124 26 7830 16665 624 195 16 66 11 24 66 20 29 2416 431 362 57 6371 16 57 29
internal_value=0 -0.00333452 0.0129229 0.0373928 -0.051587 0.0188547 -0.00230656 0.00669318 -0.00299898 -0.00687176 0.00306295 0.00130676 -0.019064 0.00099888 -0.00305648 0.0719545 0.0286316 0.19146 0.279111 0.132178 0.239154 0.355743 -0.0138272 0.00883929 0.00434541 0.0645458 0.00273087 0.0732644 0.228575 0.055894
internal_weight=0 1824.54 371.498 102.869 38.0589 75.1398 1786.48 601.229 514.957 1185.25 653.087 644.323 532.161 493.126 466.466 26.6601 21.1738 6.14294 4.79462 8.76391 5.48635 3.41661 483.85 521.547 477.764 86.2717 432.056 19.6076 4.60999 81.5068
internal_count=46916 43492 3424 1248 2155 900 41337 9161 8105 32176 10971 10879 21205 7641 7263 378 313 101 90 92 65 45 19081 8623 8192 1056 6639 268 73 999
is_linear=0
shrinkage=0.1


Tree=51
num_leaves=31
num_cat=0
split_feature=35 40 40 0 35 9 12 38 16 6 14 35 14 6 20 23 1 6 1 38 22 38 38 20 42 8 9 32 35 0
split_gain=7.67095 23.3557 21.8793 9.97854 42.5045 12.32 8.73755 8.93009 9.49773 8.8381 21.595 17.5602 12.5695 25.4445 23.0139 28.0219 18.0457 13.634 12.4297 11.5144 10.3071 8.36056 14.6959 12.9163 8.16332 8.08892 10.4813 12.1448 7.9921 10.0652
threshold=3.9964342956725853 0.43500000000000005 0.33500000000000008 -0.59428276833821314 4.9879704741661453 -0.91895132061274853 0.29141861666366481 183.50000000000003 -0.03970383050965335 -0.27559609960422832 -0.30332784637081578 1.9828998381078229 0.085520505031384281 -0.14396000621099139 -0.18400631605888315 -0.6522675287510199 -1.0613283242092406 -0.24880331261391217 1.2941730196624683 597.50000000000011 -0.58019818306078685 492.50000000000006 537.50000000000011 -0.0071177398359157686 0.84375000000000011 -0.67308336387629286 0.57211941555265311 -0.14560273635482565 -0.0023603796091656412 -0.91499239067203508
decision_type=2 2 2 2 2 2 2 2 2 2 2 2 2 2 2 2 2 2 2 2 2 2 2 2 2 2 2 2 2 2
left_child=2 -2 6 4 -3 -6 9 -8 -9 10 11 28 13 17 15 16 -15 19 -19 24 -20 -14 23 -23 -11 -13 27 -27 29 -1
right_child=1 3 -4 -5 5 -7 7 8 -10 12 -12 25 21 14 -16 -17 -18 18 20 -21 -22 22 -24 -25 -26 26 -28 -29 -30 -31
leaf_value=-0.061942237265893631 0.07399175057007 -0.0010704555085471327 -0.034995645768851329 -0.003433548876248175 0.40903454419734459 0.13614787657052882 -0.041325897475934521 0.15979989673298045 -0.0057035722083539908 0.06199867501598251 -0.051518725393821664 0.047791009909354309 -0.012009624803067595 0.32543103830904885 0.09591138845968776 0.068690463098826121 0.9482593675686295 -0.028975895514508351 0.042059020217155352 0.19861639462585934 0.29094384927130873 0.31459338362144673 0.014739428336196193 0.041893860653178107 -0.050327579215477536 -0.0028851461254539839 -0.014301969626468415 0.091508009946066449 -0.0094595191499231013 0.10021978987163027
leaf_weight=5.257516183890405 50.752548787742853 81.227733911015093 201.47333914483897 442.1957148052752 1.8163927085697675 18.553663540631533 93.191644498612732 3.5546588334254912 141.27049689274281 41.240163939073682 78.921878868248314 100.11952949082479 140.74032813543454 0.91443200409412384 16.99880573246628 1.5701998434960867 0.94692463567480467 52.696033156942576 9.4287475775927287 5.3715440030209711 2.0205117911100379 3.2464163415133953 55.382767303846776 3.7353078313171855 7.6739350073039523 27.855546362698078 75.033584560733289 26.690887487027794 482.95240615401417 14.072845716960726
leaf_count=92 750 1681 7707 9119 22 192 4704 46 2428 380 1954 1362 4664 19 167 58 25 1177 107 62 16 44 725 28 41 712 585 419 7384 246
internal_value=0 0.00911456 -0.00419692 0.00305954 0.0313202 0.160481 0.000264355 -0.0171792 -0.00164137 0.00386568 -0.00182018 0.00353829 0.0173486 0.0405351 0.143598 0.37982 0.642281 0.0227559 -0.00845729 0.0596383 0.0859811 0.00149607 0.0319749 0.168696 0.0443763 0.0264421 0.00994702 0.0433037 -0.0069359 0.0561146
internal_weight=0 594.546 1592.36 543.794 101.598 20.3701 1390.89 238.017 144.825 1152.87 810.904 731.982 341.966 138.861 20.4304 3.43156 1.86136 118.431 64.1453 54.2856 11.4493 203.105 62.3645 6.98172 48.9141 229.7 129.58 54.5464 502.283 19.3304
internal_count=46916 11764 35152 11014 1895 214 27445 7178 2474 20267 12754 10800 7513 2052 269 102 44 1783 1300 483 123 5461 797 72 421 3078 1716 1131 7722 338
is_linear=0
shrinkage=0.1


Tree=52
num_leaves=31
num_cat=0
split_feature=49 40 40 40 10 40 17 49 38 0 14 6 32 9 32 38 16 1 4 1 28 40 9 7 27 18 1 25 46 4
split_gain=7.92112 12.453 15.5433 13.2186 10.7823 9.83855 13.8729 11.2552 15.1986 10.7041 10.7137 10.4838 9.55655 10.1584 9.48148 9.42777 9.4125 9.18371 10.0209 10.2504 9.65015 9.14178 11.8314 9.27196 10.1091 9.65639 9.13013 8.09955 7.89339 7.60287
threshold=11.500000000000002 0.38500000000000006 0.34500000000000003 0.43500000000000005 1.5558804064814382 0.53500000000000014 0.015873692952814936 10.500000000000002 332.50000000000006 -0.61008210527390805 -0.30332784637081578 -0.016962353456961357 -0.071610068945359526 -1.5447118520129675 -0.8185978834558062 629.50000000000011 -0.038157029847786635 0.99218414483846762 -0.2857022683145285 0.24078052118321833 0.53146321944268826 0.045000000000000005 1.523319056737316 1.3913605676641401 0.56746074657426915 0.97975405149351225 -0.87052258330047172 -0.28362595705530436 20.500000000000004 0.61638591431144907
decision_type=2 2 2 2 2 2 2 2 2 2 2 2 2 2 2 2 2 2 2 2 2 2 2 2 2 2 2 2 2 2
left_child=4 2 -2 28 5 7 9 -1 11 -7 15 16 13 -10 -12 -11 -9 18 19 20 26 -6 23 -23 27 -26 -14 -25 -3 -16
right_child=1 3 -4 -5 21 6 -8 8 12 10 14 -13 17 -15 29 -17 -18 -19 -20 -21 -22 22 -24 24 25 -27 -28 -29 -30 -31
leaf_value=-0.0049798527207823772 -0.017289924116735408 0.086826768897419526 -0.088729867514803287 -0.0040734787173901761 -0.031847560359421122 0.16040949906335791 0.27708554702885507 0.34063369805902 0.27124596505595788 0.045211367962846478 -0.085422819145986678 -0.058598713561008625 -0.070285757929559198 -0.021360488046830155 0.0061387409838119765 0.22073592193954325 0.018203077660922794 0.20492707630343038 -0.024637762718362061 0.26878064202147234 0.25682139186940867 0.045296090157866321 0.12044070951690966 0.089506944665714655 -0.05055105706044806 -0.32083983306810776 0.1022652467018359 -0.011130177543653048 -0.095809519578442859 0.26645283572239586
leaf_weight=1289.0522006624378 210.21024992479943 24.964758772403005 35.614936725003645 212.44217613292858 23.885759701952338 5.4572951309382907 2.2153007062152019 0.92476576287299295 1.2976838648319233 28.120541607961062 12.383239374961702 22.760519563686103 4.5786500629037645 13.843655656091867 51.771416703704745 3.4337419494986525 43.196388768032193 6.6198728494346133 7.5193369761109379 3.4072881489992133 2.55363730713725 89.613369338214397 14.553469635546206 11.622113550081847 13.592130919918416 1.4641633071005333 9.2850205507129449 25.641629094257951 2.6142064332962027 1.146825574338435
leaf_count=24244 5876 257 3274 5875 273 40 27 22 25 174 362 1259 52 305 907 16 969 53 78 29 22 1581 312 158 206 21 110 359 23 7
internal_value=0 -0.0118203 -0.0276401 0.00438197 0.00266794 -9.31471e-05 0.0295051 -0.00229512 0.0275424 0.0241445 0.0164667 -0.00347515 0.0697886 0.00371726 -0.00665261 0.064312 0.0249611 0.0992437 0.0736581 0.110941 0.0781827 0.0257759 0.0345714 0.0257666 -0.00768338 -0.0768355 0.0452781 0.0202573 0.0695147 0.0117802
internal_weight=0 485.846 245.825 240.021 1689.94 1509.57 104.528 1405.04 115.987 102.313 96.8558 66.8817 49.1051 15.1413 65.3015 31.5543 44.1212 33.9638 27.3439 19.8246 16.4173 180.373 156.487 141.933 52.32 15.0563 13.8637 37.2637 27.579 52.9182
internal_count=46916 15305 9150 6155 31611 28701 1533 27168 2924 1506 1466 2250 674 330 1276 190 991 344 291 213 184 2910 2637 2325 744 227 162 517 280 914
is_linear=0
shrinkage=0.1


Tree=53
num_leaves=31
num_cat=0
split_feature=14 27 38 14 6 6 14 15 32 6 19 26 35 31 14 10 38 14 14 29 1 14 14 7 19 23 29 20 25 16
split_gain=7.04711 10.5779 10.1758 15.6154 12.4733 17.5646 10.2691 9.94306 13.5016 9.93697 11.5303 9.61259 9.94854 10.4329 9.49887 11.315 9.47637 9.44346 17.9486 9.28602 9.05265 8.98485 13.1482 10.1148 9.53614 8.71868 10.1029 10.1102 9.6787 8.54883
threshold=-1.1453800006332731 2.6616626129722021 76.500000000000014 -0.87931062798050552 0.38396609677856236 0.30457156894658421 -0.79771709661676538 2.7231663648311137 -0.90181727293039537 -0.79039603016483795 -0.51581496317235709 1.4585664117439745 1.9926338477161671 -0.79018386060589607 -0.9125573152608103 1.4315107332976544 86.500000000000014 -0.11366729394552033 -0.28462254584426411 2.0625034182216297 0.074863442002516392 -0.30332784637081578 -0.70103044848805052 1.4022413871408133 0.52000265480297247 1.8465180452666166 -0.71888871402262877 0.016648894790244503 0.08976740298669765 -0.0073642013191261855
decision_type=2 2 2 2 2 2 2 2 2 2 2 2 2 2 2 2 2 2 2 2 2 2 2 2 2 2 2 2 2 2
left_child=1 9 4 14 5 17 -5 -6 -9 11 -11 12 20 19 -4 -16 -8 18 21 -14 -1 22 29 -24 -25 -18 27 28 -27 -2
right_child=2 -3 3 6 7 -7 16 8 -10 10 -12 -13 13 -15 15 -17 25 -19 -20 -21 -22 -23 23 24 -26 26 -28 -29 -30 -31
leaf_value=-0.049275011834877529 -0.03805976684712243 0.12088451703029923 -0.014060472753312537 0.059266664176770005 -0.064754029481886494 0.088519008866429189 0.044373622822274826 -0.086265703278182781 0.33204121680986021 0.13113711489695815 0.020130616785642829 0.049450426231857032 0.0092735783295071449 -0.20871946931127119 -0.10468410772737767 0.032782369847712427 -0.0005013255397639222 -0.030447928710195138 0.046114806854492096 0.084131993637900304 -0.0025091419287279668 -0.063083366946871833 0.018924294278543034 -0.3356231697995869 0.0059696196072215012 0.12404017035342596 0.021110582235803376 0.087339000161656799 0.60072595977271837 0.28074981345106265
leaf_weight=62.268112340942025 92.371398688759655 8.4564639870077354 101.72862709406763 35.68584714550525 61.019264907808974 17.785928011871874 56.187968854792416 1.5709915626794102 1.5163907632231701 13.254652913659809 31.822171612642705 41.171569678466767 190.37765216128901 2.0905866231769314 27.266154726035893 7.6726735183037809 809.53653665189631 186.28956922329962 62.120916533283889 18.150889239273965 123.46287857368588 32.366353546269238 123.41703562950715 1.5823543276637786 1.6902018282562492 0.87114025047048727 40.03566929185763 7.5064375530928373 0.83346873056143522 0.84882198972627421
leaf_count=815 2273 99 1572 421 5250 205 675 94 13 101 260 466 2479 26 548 107 15751 8448 503 235 1626 1385 2850 27 32 31 512 74 19 19
internal_value=0 0.0100094 -0.0036182 0.00209576 -0.0142827 -0.00913752 0.00663954 -0.0558953 0.119189 0.00806651 0.0527716 0.00346065 -0.00131662 0.013561 -0.0295107 -0.074496 0.00458697 -0.0126066 -0.00203506 0.0157895 -0.0181879 -0.0138916 -0.00665151 0.0143232 -0.159198 0.00198383 0.0428358 0.137264 0.357116 -0.0351568
internal_weight=0 491.055 1669.9 1087.32 582.579 518.473 950.657 64.1066 3.08738 482.599 45.0768 437.522 396.35 210.619 136.667 34.9388 914.971 500.687 314.397 208.529 185.731 252.276 219.91 126.69 3.27256 858.783 49.2467 9.21105 1.70461 93.2202
internal_count=46916 6107 40809 19710 21099 15742 17483 5357 107 6008 361 5647 5181 2740 2227 655 17062 15537 7089 2714 2441 6586 5201 2909 59 16387 636 124 50 2292
is_linear=0
shrinkage=0.1


Tree=54
num_leaves=31
num_cat=0
split_feature=49 34 9 8 9 28 9 38 26 21 42 13 2 19 4 4 1 19 1 38 25 38 35 38 19 31 24 21 19 21
split_gain=7.05667 8.07799 6.70397 11.2349 10.5731 8.0775 7.55473 10.6927 12.4856 22.6482 8.57725 7.5662 11.6745 12.5089 7.0989 6.88604 12.2933 12.1985 10.836 8.24784 10.0634 12.8505 12.4727 9.82183 18.9359 17.9491 19.4016 9.82582 12.229 11.0497
threshold=21.500000000000004 2.9882546615802954 1.0002313641118341 -0.46017495063667579 0.9045600297268207 -0.076404748898523431 0.78268920649631857 34.500000000000007 1.1242771065488364 -0.86129612799399247 0.84375000000000011 -0.12372296445651085 -0.43344611017335455 0.29234693849749255 2.910989438407539 -0.61400613840650109 -1.0738955579322667 -0.74316720692976646 -1.1269698003331494 1359.5000000000002 -0.55470880915995602 1244.5000000000002 5.015370823197812 191.50000000000003 -0.74838382200354847 -0.098640458525288952 -0.24733150773327064 -0.34512122898230252 -0.50316710265744657 0.51462947696029671
decision_type=2 2 2 2 2 2 2 2 2 2 2 2 2 2 2 2 2 2 2 2 2 2 2 2 2 2 2 2 2 2
left_child=2 -2 4 -4 6 14 15 8 9 -8 -10 -11 13 -13 -6 -1 17 -17 -19 20 21 -18 23 -22 -25 -26 -27 -28 29 -29
right_child=1 -3 3 -5 5 -7 7 -9 10 11 -12 12 -14 -15 -16 16 19 18 -20 -21 22 -23 -24 24 25 26 27 28 -30 -31
leaf_value=-0.01895778882793283 -0.064067382465588935 0.078461307883479728 0.025969905177226332 -0.00054794530722450656 -0.049259879439148793 0.021455260033952733 0.47583461905536151 0.0071272221721315303 -0.17658209730396604 -0.0001857065753930907 0.081014058072326145 0.31407539455430605 -0.0017419097578315924 -0.017912649158136448 0.077844643591335361 -0.074971829579597082 -0.017019031788854218 0.10524539412234604 0.38676314158830244 -0.032021815134677008 8.9877234410273019e-05 0.25026122366023734 0.35642685092386811 0.31449678277948179 0.0050867849929353238 0.30341709686062274 -0.003043886463421591 0.41991383100986523 0.068676101260837591 0.07204170064517737
leaf_weight=224.99926455621608 30.106754545588046 4.5816153446212402 235.27850543148816 497.81832216773182 98.066534930840135 23.47548269899562 1.6950373193249166 67.067251486703753 2.5990743171423665 5.7322354242205664 2.5715325623750687 4.4680300909094539 3.4241308844648204 1.5214045355096457 4.6002168264240018 2.4520568950101733 241.69280354981311 4.7829455775208771 1.9146081488579492 76.79080799408257 429.69809228042141 1.8123049121350039 1.0314714401029039 2.2724781567230812 134.23064856277779 3.475047079846262 16.627196666318923 2.0296531170606644 25.597697454039007 1.6597813433036206
leaf_count=11042 1619 62 2899 4687 1613 459 33 854 39 136 39 60 68 30 53 37 8938 41 30 1316 10261 47 13 27 1787 47 262 23 366 28
internal_value=0 -0.0452423 0.000228583 0.00796264 -0.00386134 -0.0314643 -0.00109825 0.0269757 0.0874524 0.129184 -0.0484701 0.0903892 0.145543 0.229746 -0.0435647 -0.00323373 0.000505855 0.115857 0.185722 -0.000620625 0.00218282 -0.0150298 0.00898011 0.00839794 0.0276023 0.0240517 0.0755948 0.058352 0.0932083 0.263415
internal_weight=0 34.6884 2119.38 733.097 1386.29 126.142 1260.15 89.0787 22.0114 16.8408 5.17061 15.1458 9.41357 5.98943 102.667 1171.07 946.068 9.14961 6.69755 936.918 860.127 243.505 616.622 615.591 185.893 183.62 49.3894 45.9143 29.2871 3.68943
internal_count=46916 1681 45235 7586 37649 2125 35524 1259 405 327 78 294 158 90 1666 34265 23223 108 71 23115 21799 8985 12814 12801 2540 2513 726 679 417 51
is_linear=0
shrinkage=0.1


Tree=55
num_leaves=31
num_cat=0
split_feature=1 34 49 31 9 40 31 35 35 6 0 49 5 33 25 38 14 25 40 35 26 12 25 13 26 0 8 28 9 35
split_gain=6.4816 9.88669 6.4968 7.64802 6.46537 12.0639 7.59785 6.73815 15.0777 11.5663 10.1065 7.96641 9.07547 7.13792 6.68397 6.67258 6.61558 6.50268 6.34098 18.0272 8.87122 8.16119 7.78871 6.62143 11.1907 6.25836 6.17229 6.07061 8.06797 6.61252
threshold=2.2570281312897653 0.97293110533848381 21.500000000000004 -1.09884216797083 1.3688461677819277 0.53500000000000014 -0.82127670955571708 0.99014557267915981 1.0085334649735198 -0.31450415311102037 -0.92389524722956406 1.0000000180025095e-35 0.81813020560960303 2.1738062504894313 0.57708928121433767 168.50000000000003 -0.54386189272063656 0.45479898364075372 0.38500000000000006 4.9767988934686258 1.4448013371999737 -0.31754989214260126 1.5183231519906275 -0.45683607917068653 1.6967729443497521 0.7357349891458097 -0.68052437517731812 -0.6286971575350665 0.95070838402208468 5.0111947367510998
decision_type=2 2 2 2 2 2 2 2 2 2 2 2 2 2 2 2 2 2 2 2 2 2 2 2 2 2 2 2 2 2
left_child=2 -2 4 26 27 6 -6 11 9 13 -10 14 -13 15 17 -9 -15 -8 20 -20 -12 -21 -23 -22 -25 -3 -4 28 -1 -29
right_child=1 25 3 -5 5 -7 7 8 10 -11 18 12 -14 16 -16 -17 -18 -19 19 21 23 22 -24 24 -26 -27 -28 29 -30 -31
leaf_value=0.00039737174995438103 0.058503594901831137 -0.026859411254719509 -0.013361927722204582 -0.060885972423390458 0.047443583678044826 0.20788309815816319 -0.0070863551249602174 0.021665535138767865 0.11732206177270943 0.0919501968615212 -0.028253176924335946 -0.071474333705255286 0.10336036853580895 0.10222625377953827 0.022227026542532568 -0.12765204549549886 -0.026511258543254687 -0.20673915793074793 0.06990757167544788 0.035779245384388494 0.16593758794421024 -0.014341459550455547 -0.11519508686911316 0.14806800597988204 -0.06431010404088533 0.070880501792100106 0.36439900174314188 -0.0055433201265757508 0.073281364181356209 0.091970847897294539
leaf_weight=43.891759745776653 45.474072271026671 34.769040041137487 0.97317727375775576 27.857728306436911 45.068091435357928 3.0629870807752004 4.1987396515905848 6.038643257692458 6.9741824064403763 35.605323726311326 114.77550990413874 33.421914273872972 3.2584900744259349 9.6784003805369156 39.544866252690554 5.9333198852837086 6.7936100494116536 2.6678759604692459 35.999916664324701 15.691131332889197 3.9071726184338322 20.545569846406579 12.207021173089741 3.9238621518015844 6.7475747913122177 8.0720712505280954 0.77854991052299982 1539.5248798285611 23.224359093233943 6.9855057196691623
leaf_count=578 1045 326 24 1568 495 32 34 56 57 310 957 270 21 90 305 48 57 23 501 132 38 173 114 35 69 74 22 39122 233 107
internal_value=0 0.0260281 -0.00163766 -0.0481416 -0.000959246 0.0101559 0.00868942 0.00394216 0.0112517 0.0539682 -0.00114099 -0.0211134 -0.055943 0.00642349 0.00641343 -0.0523364 0.0491306 -0.0846572 -0.00500531 0.0163096 -0.0189199 -0.0235206 -0.05193 0.0545599 0.0137808 -0.00844337 0.154533 -0.00382509 0.0256176 -0.00510285
internal_weight=0 88.3152 2059.28 29.6095 2029.67 416.044 412.981 367.913 284.821 64.0493 220.772 83.0919 36.6804 28.444 46.4115 11.972 16.472 6.86662 213.798 84.4436 129.354 48.4437 32.7526 14.5786 10.6714 42.8411 1.75173 1613.63 67.1161 1546.51
internal_count=46916 1445 45471 1614 43857 3817 3785 3290 2637 561 2076 653 291 251 362 104 147 57 2019 920 1099 419 287 142 104 400 46 40040 811 39229
is_linear=0
shrinkage=0.1


Tree=56
num_leaves=31
num_cat=0
split_feature=25 49 40 40 40 10 29 27 18 35 21 15 19 22 21 28 25 9 0 20 13 9 9 2 49 28 33 40 17 14
split_gain=6.07634 5.88302 9.52747 14.1569 10.5371 7.86093 8.6827 10.5842 8.91358 7.87062 7.97371 7.57151 8.1731 18.5874 14.2179 20.1018 23.4569 23.7727 8.0625 7.98606 11.3807 9.73904 9.07806 8.00176 7.30189 16.7064 13.398 8.33667 9.14325 8.3704
threshold=-1.4851349743931894 11.500000000000002 0.38500000000000006 0.34500000000000003 0.43500000000000005 1.5558804064814382 -0.71880909327404952 2.0154124507440128 0.96886167499968112 2.0010764777830548 0.16540721900630712 -0.70328406265472065 -0.64212680854328708 0.6153385868947121 -0.64480303433160013 -0.37204661119471744 -0.039619390842207329 0.83868073777315222 -0.076038986744994014 -0.50271830486210123 -0.83711433802415569 -1.0579536977281108 -1.0447922027256238 -0.099050443397026303 10.500000000000002 5.6810965648371186 -0.084969590088808292 0.53500000000000014 0.015873692952814936 -0.30332784637081578
decision_type=2 2 2 2 2 2 2 2 2 2 2 2 2 2 2 2 2 2 2 2 2 2 2 2 2 2 2 2 2 2
left_child=-1 5 3 11 -4 24 7 8 9 10 -7 19 13 14 18 -16 -17 -18 -13 20 -3 -22 -23 -24 27 26 -26 -2 29 -29
right_child=1 2 4 -5 -6 6 -8 -9 -10 -11 -12 12 -14 -15 15 16 17 -19 -20 -21 21 22 23 -25 25 -27 -28 28 -30 -31
leaf_value=-0.070769002506064313 -0.00386405949970177 0.8587838498041136 0.065658083058518293 -0.086754759986096441 -0.0029999118324629437 -0.28915349235390242 0.030904933018140426 -0.25340359441136318 0.038814697767859285 0.057156806750896585 -0.015934384790170741 0.31025478178377319 -0.033299028522038331 -0.081331094145438709 -0.078516263401727127 -0.016589910788695383 0.71044828542578875 0.23325529299102224 -0.046326516962242915 0.0057727060056353783 -0.10220732201510119 0.48085442105124215 0.25878411873619506 -0.046389128105955087 -0.0099941676428469163 0.46567671798672888 0.059171508522997573 0.061866996427535986 0.21696155408346771 0.0005604905590381829
leaf_weight=12.219858992844818 1263.3908805185929 0.20769350440241385 25.04654292948544 31.313483787467703 207.86420301906765 2.7173248939216199 153.94324411731213 2.068290513008832 11.385903591290115 1.9926170594990251 1.7600179500877855 0.69730964489281433 139.91549954446964 10.219049175968392 2.4985734969377518 2.2981846150942147 1.4524057270027713 3.7124760858714581 6.9942753841169178 29.763724077725783 1.6317972217220811 0.83444593334570472 1.8013836019672451 1.6427123714238403 61.718484576791525 0.85275553492829104 51.272782147862017 33.523345937952399 2.4426978509873143 66.34750990010798
leaf_count=702 23896 7 280 3192 5776 38 2630 27 143 35 23 27 4022 421 42 139 37 34 226 534 122 20 47 98 2324 15 531 217 27 1284
internal_value=0 -5.01271e-05 -0.00994968 -0.0241563 0.00438337 0.00275131 0.0228655 -0.0392513 -0.0144455 -0.108173 -0.181753 -0.014532 -0.0234483 0.0260009 0.088133 0.166991 0.249185 0.367446 -0.0139993 0.0271618 0.131218 0.105651 0.184926 0.113227 0.000387619 0.0247195 0.0213916 -0.00164067 0.0258142 0.0211391
internal_weight=0 2121.31 467.894 234.983 232.911 1653.42 173.867 19.9242 17.8559 6.46996 4.47734 203.67 167.788 27.8723 17.6532 9.96164 7.46307 5.16488 7.69159 35.8818 6.11803 5.91034 4.27854 3.4441 1479.55 113.844 112.991 1365.7 102.314 99.8709
internal_count=46916 46214 15024 8968 6056 31190 2896 266 239 96 61 5776 4948 926 505 252 210 71 253 828 294 287 165 145 28294 2870 2855 25424 1528 1501
is_linear=0
shrinkage=0.1


Tree=57
num_leaves=31
num_cat=0
split_feature=29 28 8 2 20 22 17 32 2 49 19 28 38 23 25 29 2 29 18 32 32 38 38 22 8 6 9 9 6 28
split_gain=5.54416 7.69559 8.13561 7.3271 5.81199 6.34348 5.72548 5.5556 8.32358 6.32843 5.73803 5.44295 6.47481 8.46987 6.38723 6.28975 5.31037 10.8081 9.03625 12.5511 15.7482 16.0446 12.5629 8.91928 8.53163 8.09943 8.18206 11.1666 8.18365 7.97839
threshold=0.27002138586136798 1.1064503012984301 3.5893107819103243 -0.80335077545976064 3.9923105098923704 -0.64044894890538939 -0.011636408995068742 2.5713706097310451 0.84472665417672921 22.500000000000004 0.96926397957482013 -0.39074592776066963 359.50000000000006 1.4893858242177789 0.37550665741551004 1.0000000180025095e-35 0.69082721044602635 -0.71482527496289405 0.96610063079769548 0.37804335589317811 0.28604230340486342 72.500000000000014 8.5000000000000018 2.4152861009140447 1.5793983324050169 -0.069257684408710926 0.49300684599840056 0.3975947763128786 0.66817912647669486 0.39195031817252679
decision_type=2 2 2 2 2 2 2 2 2 2 2 2 2 2 2 2 2 2 2 2 2 2 2 2 2 2 2 2 2 2
left_child=1 2 7 -3 5 -2 -7 9 -9 10 16 12 13 -12 -15 -16 23 18 -18 20 -20 22 -22 24 -1 -21 27 -27 -29 -25
right_child=4 3 -4 -5 -6 6 -8 8 -10 -11 11 -13 -14 14 15 -17 17 -19 19 25 21 -23 -24 29 -26 26 -28 28 -30 -31
leaf_value=-0.0094407011036852975 0.064000594432164104 0.23103556899878719 0.087034322056060986 -0.047250849932629568 0.078895936273493325 0.07059612778839465 0.0029596315241475265 0.073556638583649858 -0.070329817272898637 -0.067313490250514182 0.18741937181013937 -0.073287786140002809 0.12444041170949048 -0.077667354592792615 -0.0067246076385702146 0.20136027070205287 -0.039403090873883384 0.020645892951709485 0.019460774934405151 -0.03675345045946523 0.7149541960142356 0.072793271218009381 0.23810929649399282 0.30602962265340072 0.22904094560736127 0.032496154007268359 -0.001670739694625732 0.16397619473399694 0.56448936941985972 0.040772406631854448
leaf_weight=926.44713321235031 18.541535133495927 0.9645146387629201 10.128410420846192 49.621496971230954 11.29969059396535 12.813631124561651 538.00813855580054 19.654584975913171 5.0542777292430392 15.469528295565395 2.5389133151620724 3.6550453696399918 9.1743496712297183 7.0800305372104031 4.6556059205904603 2.1114168763160706 72.23545837495476 224.24431531550363 38.12099765567109 69.648906182032079 0.74722449528053259 5.7506797220557928 2.1202226711902767 1.6116585033014406 1.5025400607846666 6.3121293783187848 55.588797766249627 1.6841785865835848 0.73186296736821521 3.8252546591684222
leaf_count=19720 384 16 124 2581 189 233 10497 166 40 848 40 102 106 150 59 33 3370 5230 885 821 19 77 60 21 29 189 810 39 26 52
internal_value=0 -0.00358677 -0.00228459 -0.0419448 0.00787904 0.00646963 0.00453304 -0.00289586 0.0441242 -0.00369421 -0.00301067 0.040855 0.057177 0.0195169 -0.0112687 0.0582011 -0.0039192 0.00466209 -0.00950835 0.00244184 0.0470602 0.169142 0.36237 -0.0083063 -0.00905455 -0.013125 0.0124623 0.102474 0.285299 0.119402
internal_weight=0 1540.68 1490.09 50.586 580.663 569.363 550.822 1479.97 24.7089 1455.26 1439.79 29.2154 25.5603 16.386 13.8471 6.76702 1410.57 477.185 252.94 180.705 46.7391 8.61813 2.86745 933.387 927.95 133.966 64.317 8.72817 2.41604 5.43691
internal_count=46916 35613 33016 2597 11303 11114 10730 32892 206 32686 31838 490 388 282 242 92 31348 11526 6296 2926 1041 156 79 19822 19749 1885 1064 254 65 73
is_linear=0
shrinkage=0.1


Tree=58
num_leaves=31
num_cat=0
split_feature=14 14 3 13 29 33 38 9 38 29 38 15 32 3 20 27 29 26 7 25 25 0 40 20 15 19 3 30 2 14
split_gain=5.66578 9.38464 7.5975 10.5755 16.5318 8.60033 10.5971 9.5517 6.30915 9.28486 9.01677 7.27547 10.3941 11.5848 9.21297 11.7987 8.73577 8.01927 6.20905 6.11179 9.63303 10.1241 6.07926 8.24359 9.15964 9.13792 9.12337 8.5464 7.82055 11.9623
threshold=0.9339492431873897 0.90913175534267865 -0.7723305257955202 -0.77929263358163303 -0.12270135982302162 -0.32050708146965934 3337.5000000000005 2.0040365602466852 29.500000000000004 -0.79828824678207322 59.500000000000007 -0.52536750816504985 0.53056836685405029 -0.58327320731112386 -0.52088334968632111 -0.3881077237067721 -0.23184153804996779 1.2594421200688679 -1.3663763277439955 3.1335463930338876 1.6530273591733275 0.08723737245433956 0.045000000000000005 1.3744265763840067 -0.69773850881686916 -0.30507755000863473 0.089340533965536303 -0.076436310029341162 0.036005737895330965 -1.1453800006332731
decision_type=2 2 2 2 2 2 2 2 2 2 2 2 2 2 2 2 2 2 2 2 2 2 2 2 2 2 2 2 2 2
left_child=1 22 3 -2 -5 6 18 8 9 -7 -10 12 13 -12 15 -13 -16 -18 -4 20 21 -19 -1 24 -24 26 28 -27 -25 -30
right_child=2 -3 5 4 -6 7 -8 -9 10 -11 11 14 -14 -15 16 -17 17 19 -20 -21 -22 -23 23 25 -26 27 -28 -29 29 -31
leaf_value=-0.015334090005893067 0.013159697361510576 0.087019963138400686 0.26785804097600269 -0.028094327098803697 0.5133309030971912 0.71593372785098808 0.18764504421218425 -0.096735299300747091 -0.091526709753071589 0.079539820501047978 0.026271686883345392 0.40009072577967103 0.029179843951434997 0.58752967886821783 -0.058080823703484656 -0.10345464570886398 -0.015645697590725424 0.012352005815320193 -0.073276828914644751 0.22743679804693273 -0.093011840070409219 0.39334002601033502 -0.018209727855878807 -0.1561133315832208 0.0033417628882833708 0.039382670115025976 0.036572464526901792 -0.048968736462002734 0.10105048626430975 -0.0451350676252322
leaf_weight=210.68481957819313 28.026130517013375 12.674071161076425 0.53984488127753039 1.1466264629270884 1.1097846534103144 0.24201724142767478 1.6628220579586912 11.674163371324537 11.213169005699454 4.3483760135713956 0.75119796674698591 1.1617822069674728 31.672780452761799 0.72047612676396855 33.314129030099132 0.77622382994740391 21.393664586823451 1.6921457294374689 45.739087298046798 2.5980962784960866 2.721818205434829 1.1865684380754826 235.39094261568971 4.8552630348131052 1215.7362997608725 152.70767485443503 27.513486458919942 11.794135116040705 6.6452996190637341 35.505690021440387
leaf_count=2481 1079 143 32 57 26 8 43 122 705 228 19 29 494 29 650 30 377 37 3954 24 61 24 5628 36 27879 1959 225 142 88 307
internal_value=0 0.00125542 -0.0162878 0.0299278 0.238198 -0.0243585 -0.0603856 -0.0105923 -0.00175471 0.113092 -0.00658239 0.00313805 0.041251 0.301042 -0.0163429 0.198407 -0.0229589 0.0165803 -0.0692975 0.100671 0.0418648 0.16939 0.00068357 0.00268025 -0.000154158 0.0198882 -0.00916235 0.0330482 -0.0359317 -0.0220882
internal_weight=0 1913.51 203.691 30.2825 2.25641 173.408 47.9418 125.467 113.792 4.59039 109.202 97.9889 33.1445 1.47167 64.8444 1.93801 62.9064 29.5923 46.2789 8.19863 5.60053 2.87871 1900.83 1690.15 1451.13 239.022 74.5197 164.502 47.0063 42.151
internal_count=46916 38888 8028 1162 83 6866 4029 2837 2715 236 2479 1774 542 48 1232 59 1173 523 3986 146 122 61 38745 36264 33507 2757 656 2101 431 395
is_linear=0
shrinkage=0.1


Tree=59
num_leaves=31
num_cat=0
split_feature=14 38 38 9 32 7 38 40 25 20 34 9 38 38 38 14 1 14 23 28 33 25 32 4 32 27 7 7 0 35
split_gain=5.19938 8.62556 8.78557 7.17521 7.09623 7.30938 8.42414 8.09885 8.19852 6.46866 6.37566 5.52068 8.89798 5.57428 7.83249 9.8114 7.60589 7.26562 23.4695 6.37053 6.06917 21.8922 6.62362 11.5258 9.39434 8.15841 5.96226 13.6043 15.6694 9.72508
threshold=1.5190315931901504 258.50000000000006 264.50000000000006 1.7509256928305275 1.929410418370874 2.3017724770583188 3259.0000000000005 0.15500000000000003 0.024827391421462282 -0.017268456025263158 0.98911449659830331 -1.5798035608020125 2310.0000000000005 20.500000000000004 14.500000000000002 0.65617312780051662 -1.4134642502692507 -2.3055110860920025 -1.8001129540670766 -0.64637535303410176 -0.54725097813736934 -1.0843268357966036 -0.8771442561875421 -0.55498172244429467 0.33793314067494934 -0.6044134403610838 -0.79119531469269044 -0.66547558130648266 2.3908504208210455 0.9933861425694529
decision_type=2 2 2 2 2 2 2 2 2 2 2 2 2 2 2 2 2 2 2 2 2 2 2 2 2 2 2 2 2 2
left_child=11 -2 -3 4 5 6 -4 -7 -9 -10 -8 12 -1 14 15 16 -13 18 -15 -20 -17 -22 23 -23 -24 -26 -18 28 29 -28
right_child=1 2 3 -5 -6 7 10 8 9 -11 -12 13 -14 17 -16 20 26 -19 19 -21 21 22 24 -25 25 -27 27 -29 -30 -31
leaf_value=-0.059025926607234318 -0.071998423444684947 0.19957177540007626 -0.054824428158097738 -0.13923497183732048 0.21567313082535408 -0.073676871736208488 0.21665200780681479 -0.10382566824771003 0.31286352027375852 0.095270544109747474 -0.047753104654268463 0.22473599668700192 0.22244581044576847 -0.10140661919592422 -0.074776048253615585 -0.10299176049081671 -0.063185021972683442 0.001931884434229448 -0.054527140390253338 0.11666232476019822 0.94422293370613863 -0.10178720912859318 -0.054417705765032555 0.61114048268383425 0.38778226486375234 0.074414011859002857 0.20171518463528934 -0.024694570907475826 0.43549863773740621 0.0095120841039855741
leaf_weight=24.122195866424594 26.64486856199801 2.0989439114928237 23.48239642940462 3.9028607401996842 1.5080089792609204 2.9243554370477778 2.1897333916276689 1.301362572237849 2.1301901298575103 3.8095502546057105 1.5628936733119188 1.2840283499099303 1.1779538164846588 7.706329655833545 19.827721318928525 2.1858194456435767 25.915051707066596 1796.6765480481554 2.418973550200465 21.448434474412352 0.2840693963225992 0.38427046267315745 6.1157865799032107 0.55325959157199278 0.89872993528843004 10.991446403553706 3.2420155662112 100.57357273856178 1.0965375052765001 14.002949569839982
leaf_count=1380 2026 13 864 40 12 59 19 48 50 44 37 36 32 82 1403 176 921 34866 38 202 5 41 238 11 13 195 120 3492 16 437
internal_value=0 -0.0269231 -0.00018025 -0.00997364 0.0029924 -0.00558301 -0.0325916 0.0667776 0.123501 0.173307 0.106533 0.000501403 -0.0459208 0.0010841 -0.0153436 -0.00830947 -0.0175739 0.00276758 0.0503219 0.0993122 0.0549064 0.0728565 0.0597898 0.318929 0.046297 0.0981002 -0.0197222 -0.0102503 0.068953 0.0456458
internal_weight=0 71.5552 44.9103 42.8114 38.9085 37.4005 27.235 10.1655 7.2411 5.93974 3.75263 2040.91 25.3001 2015.61 187.355 167.528 146.114 1828.25 31.5737 23.8674 21.4134 19.2276 18.9435 0.93753 18.006 11.8902 144.83 118.915 18.3415 17.245
internal_count=46916 3212 1186 1173 1133 1121 920 201 142 94 56 43704 1412 42292 7104 5701 5022 35188 322 240 679 503 498 52 446 208 4986 4065 573 557
is_linear=0
shrinkage=0.1


Tree=60
num_leaves=31
num_cat=0
split_feature=49 40 40 0 40 35 27 38 19 7 6 26 27 35 30 3 38 31 6 15 21 38 38 0 38 5 8 2 49 32
split_gain=5.07098 8.41131 12.7754 8.96513 23.1256 8.94231 8.88124 8.84498 7.13776 9.28797 7.16869 6.89557 7.08849 6.74556 6.61126 6.3803 6.36277 9.24087 20.2985 9.34643 7.53601 11.7143 7.9882 14.1594 7.09841 7.23458 8.05219 20.6015 6.98661 6.6451
threshold=11.500000000000002 0.38500000000000006 0.34500000000000003 -0.60119687713965275 0.55500000000000016 4.0000043141269073 0.877430768247906 11.500000000000002 0.12591839985373518 2.8405156580083957 0.57123398748145326 -0.31819000374365231 0.36819836250979027 3.9856373390822757 -0.094853796159372158 6.2761653205684027 237.00000000000003 0.72139417917274151 0.48939247156620991 -0.74340543309873963 -1.3704698187394999 737.50000000000011 537.50000000000011 -0.25738672738729768 14.500000000000002 -0.56835077443443782 1.0766992890863818 1.6881049403015977 12.500000000000002 2.5713706097310451
decision_type=2 2 2 2 2 2 2 2 2 2 2 2 2 2 2 2 2 2 2 2 2 2 2 2 2 2 2 2 2 2
left_child=-1 2 8 4 6 11 7 -3 9 10 16 12 -5 -13 -7 -16 17 19 -19 -2 21 -18 23 -22 25 -21 -27 -28 -26 -24
right_child=1 3 -4 5 -6 14 -8 -9 -10 -11 -12 13 -14 -15 15 -17 20 18 -20 24 22 -23 29 -25 28 26 27 -29 -30 -31
leaf_value=0.0021730686995585957 0.2054235524430873 0.20660758104134072 -0.085418782887144232 -0.10674553228104165 0.55656421805855349 0.1050840026778493 0.086140110906364975 -0.037142946377568341 -0.046159452192713286 0.27204302809839825 -0.062371416540323167 0.36048824234282295 0.013953670883066413 0.040276977833514138 -0.027356779157141776 0.25884363007573563 -0.011823069915511741 0.79145649199082824 -0.10504943652463111 -0.080664866052617384 0.1327846017516609 0.40540939692804207 -0.018083735224928853 -0.030478028597400609 -0.018137206972924789 0.037768532330565652 0.70341932641326377 0.027030481839594583 -0.094186813546100326 0.22955097265715893
leaf_weight=1647.0664145243354 1.7583066246006627 1.6442207689397061 28.860135876107961 6.8679110468365279 0.87755374703556199 4.0110592511482528 17.992098513059318 15.738499670289455 52.137716240482405 1.2160329055041064 19.260180264478549 0.66700579645112057 16.690083091147244 48.06877365661785 117.48994189756922 0.78413298726081748 1.3892589481547468 0.44224999472498783 0.58880208432674408 2.6111646485514939 13.07312021404505 1.3050388977862892 34.292649840004742 8.9482200325001013 40.862731744069606 3.9157356331124884 0.73447429062798608 1.1638622893951831 17.150246639503166 1.1189821809530247
leaf_count=31611 34 26 3274 373 10 73 239 559 1163 14 1046 23 365 1468 3012 7 28 5 46 89 226 21 703 204 1451 136 14 36 655 5
internal_value=0 -0.00968569 -0.0231838 0.00381227 0.0494696 -0.00469423 0.03689 -0.0140867 -0.0142908 -0.00320123 -0.0054534 0.0231871 -0.021234 0.0446594 -0.0211774 -0.0254593 0.00302136 -0.017648 0.27949 -0.0221404 0.0268191 0.190272 0.0191512 0.066444 -0.028163 0.0576085 0.119709 0.288728 -0.0406196 -0.0102587
internal_weight=0 461.66 230.829 230.831 36.2524 194.579 35.3748 17.3827 201.969 149.831 148.615 72.2938 23.558 48.7358 122.285 118.274 129.355 69.2276 1.03105 68.1965 60.1273 2.6943 57.433 22.0213 66.4382 8.42524 5.81407 1.89834 58.013 35.4116
internal_count=46916 15305 9150 6155 834 5321 824 585 5876 4713 4699 2229 738 1491 3092 3019 3653 2466 51 2415 1187 49 1138 430 2381 275 186 50 2106 708
is_linear=0
shrinkage=0.1


Tree=61
num_leaves=31
num_cat=0
split_feature=25 40 11 21 33 19 24 0 32 40 1 5 9 18 28 30 25 32 5 27 49 15 4 4 1 19 3 13 28 14
split_gain=4.73011 4.89054 10.3484 7.66136 11.1952 8.11134 7.94238 7.63404 7.28897 10.8869 9.11414 11.3891 9.7323 7.76727 7.2524 7.1572 6.89786 6.89033 7.14106 6.12318 6.11578 14.0394 8.6349 10.7023 8.0467 8.98595 7.29986 11.2849 10.1294 9.69444
threshold=-1.4851349743931894 0.045000000000000005 1.7896103759200186 0.60749372121877598 0.13278760851440505 -0.46529358830515816 -0.25053462980918056 -0.41657028160690363 1.3989619003600571 0.13500000000000004 0.65523970610283733 0.75712577365256684 0.81561766401507263 0.99087871286660045 -0.12475911468821606 -0.076436310029341162 0.62669419340960475 1.0547501778268096 0.013359503678848849 1.1200442215324427 11.500000000000002 -0.69773850881686916 -0.20614282439218792 -0.88183436802500292 1.1751241908469032 -0.47496688274577376 0.9318144143434165 0.98006559647552993 -0.28286457594250441 -1.507797691239684
decision_type=2 2 2 2 2 2 2 2 2 2 2 2 2 2 2 2 2 2 2 2 2 2 2 2 2 2 2 2 2 2
left_child=-1 2 3 6 5 -5 -2 -7 20 14 13 15 -13 -11 -10 16 -12 18 -6 -18 21 24 23 -22 -3 -26 28 -28 29 -23
right_child=1 8 -4 4 17 7 -8 -9 9 10 11 12 -14 -15 -16 -17 19 -19 -20 -21 22 26 -24 -25 25 -27 27 -29 -30 -31
leaf_value=-0.065616834556950845 -0.13140125044191869 -0.03742490984967578 0.072646761939425333 0.11528598928804455 -0.023845038154813907 -0.021700077272855847 -0.025744974609104007 0.13698841651713781 0.068553962772846963 -0.0098559728499827692 0.0577779802715244 0.3434349389044119 0.086324934688020979 0.12287439675287189 -0.10102375510021276 -0.089350098351979476 0.058727768959612237 -0.045303530057306557 0.33972446762431768 -0.037793260972998892 -0.055602191520513738 -0.027629350485056027 -0.028540686447682408 0.012315894564307235 -0.20824162391946968 0.025437730131389502 0.15870514919027068 0.021231837028994616 -0.010382373196736593 0.016052179970878624
leaf_weight=11.071848503779618 7.4729867419227949 124.00435735867359 13.056625839788465 12.529551182873549 1.2061267076060205 14.676024438347669 148.4216495542787 3.8207774395123115 45.944269202649593 160.08492628252134 35.042082502506673 1.6811142805963744 11.849003804847596 4.5337371220812193 2.6684757359325877 5.6945133768022052 9.6066663358360547 28.361687063705176 0.9785463511943816 20.809961725957692 27.156491490779445 56.655661233700812 174.22453182353638 159.28538150596432 1.7228738255798806 36.688156945630908 6.2279563136398783 144.83006332162768 342.00195976346731 492.20525210001506
leaf_count=702 100 3537 123 137 43 186 1878 40 468 1864 384 14 170 43 16 52 99 348 18 210 1961 725 4623 7367 23 542 99 2213 9899 9032
internal_value=0 -8.21785e-05 -0.0138222 -0.0190137 0.0108523 0.0531617 -0.0308097 0.0110793 0.00161806 0.0159547 0.00751323 0.0341717 0.118271 -0.00620047 0.0592454 0.0181799 0.0275343 -0.0321219 0.139003 -0.00730844 -0.00111108 0.00230988 -0.0125343 0.00242318 -0.0250368 0.0149564 0.0065727 0.0268997 0.00312598 0.0115432
internal_weight=0 2093.44 230.524 217.467 61.5727 31.0264 155.895 18.4968 1862.92 297.915 249.302 84.6833 13.5301 164.619 48.6127 71.1532 65.4587 30.5464 2.18467 30.4166 1565 1204.34 360.666 186.442 162.415 38.411 1041.92 151.058 890.863 548.861
internal_count=46916 46214 2873 2750 772 363 1978 226 43341 3320 2836 929 184 1907 484 745 693 409 61 309 40021 26070 13951 9328 4102 565 21968 2312 19656 9757
is_linear=0
shrinkage=0.1


Tree=62
num_leaves=31
num_cat=0
split_feature=38 38 38 46 38 21 34 14 20 21 20 38 38 8 14 34 4 29 26 9 20 2 15 27 27 2 30 6 23 26
split_gain=4.53959 11.2571 18.7782 13.5756 11.0136 10.9205 9.09635 22.7106 15.0892 18.3087 8.33279 7.06634 6.80274 8.57976 6.82062 10.9139 11.3275 17.1764 8.54609 8.52068 7.9519 9.82633 10.7353 8.52487 10.5501 7.52981 7.42534 6.95805 9.07531 14.6958
threshold=32.500000000000007 40.500000000000007 47.500000000000007 3.5000000000000004 29.500000000000004 -1.1668699473276893 0.97293110533848381 0.30447888327112538 0.15191509771255265 -0.038075300334929334 1.701728258713217 34.500000000000007 28.500000000000004 0.31378790442605092 0.65617312780051662 0.014810987712384064 -0.91710364572716985 -0.45546834498342309 -0.75994792722945859 -1.7321570503486465 0.17524011156104605 -0.74362698210190259 0.12001891368085911 -0.48166090375149057 -0.64947797181687472 -1.2466083765145866 -0.05656885163337283 -0.82228314450296469 0.77061259488340594 1.0921320035797963
decision_type=2 2 2 2 2 2 2 2 2 2 2 2 2 2 2 2 2 2 2 2 2 2 2 2 2 2 2 2 2 2
left_child=4 3 6 5 12 -2 7 10 9 -9 -3 -7 14 -14 15 16 17 -1 -16 -20 21 22 -21 24 -22 -19 27 -18 -29 -30
right_child=1 2 -4 -5 -6 11 -8 8 -10 -11 -12 -13 13 -15 18 -17 26 25 19 20 23 -23 -24 -25 -26 -27 -28 28 29 -31
leaf_value=0.54631430387579571 0.10644007531106917 -0.049883707494032474 0.0023776772264705397 0.096433824078799135 -0.10086218062609387 0.016580661601937281 -0.075557939344104402 0.79514830512077039 0.048905451273606723 0.15551184465707818 0.11511457175919743 -0.05554593356868081 -0.031757204878178215 0.22403573420860945 -0.072288488915029245 -0.056253858977951723 0.0096010533417559205 0.38737561682584537 0.60464638281061867 0.2431843768079055 0.10487815051580401 -0.054081804184423821 -0.060732626606933307 0.045048739524240093 0.41002847001848858 -0.10482318421183001 0.29453799839062961 -0.034199024335686404 0.046016712389015252 -0.10088448164968722
leaf_weight=0.93102826550602946 11.158365224488078 36.972874050028622 1479.7353578745387 25.473261391511187 12.879549129866062 62.053048243746161 46.195716668153182 0.76295565534383047 2.698136362247169 1.0823061424307514 3.3370324000716201 17.389839550480247 2.4367011040449134 2.839152742177248 6.1535375055391333 49.154091169824824 128.35941191203892 0.40818355791270744 0.28217698656954127 2.8621205459348884 3.2059938162565231 9.9927940445486438 1.956946240738034 7.8069338323548418 1.7522337082773445 1.3029980380088078 0.81287774629890819 131.5880138897337 35.880662732757628 8.4051669789478165
leaf_count=29 95 1040 28093 315 1481 537 2656 24 39 37 44 271 25 28 306 3065 1804 19 20 108 54 747 127 120 23 51 13 4784 773 188
internal_value=0 0.00188619 -0.00033448 0.0319375 -0.00985694 0.0138038 -0.0444126 -0.0123352 0.199614 0.419981 -0.0362244 0.000792339 -0.00689805 0.105895 -0.00842057 -0.0124989 -0.00550896 0.200654 0.0343674 0.0579255 0.0523313 0.00248073 0.119769 0.110175 0.212718 0.0125854 -0.00729468 -0.00810114 -0.0210209 0.0181358
internal_weight=0 1686.86 1570.78 116.075 409.011 90.6013 91.049 44.8533 4.5434 1.84526 40.3099 79.4429 396.131 5.27585 390.855 356.842 307.688 2.64221 34.0127 27.8592 27.577 14.8119 4.81907 12.7652 4.95823 1.71118 305.046 304.233 175.874 44.2858
internal_count=46916 33151 31933 1218 13765 903 3840 1184 100 61 1084 808 12284 53 12231 10726 7661 99 1505 1199 1179 982 235 197 77 70 7562 7549 5745 961
is_linear=0
shrinkage=0.1


Tree=63
num_leaves=31
num_cat=0
split_feature=8 29 28 21 32 28 38 46 0 38 11 32 15 13 28 31 28 28 3 25 15 28 28 35 21 38 38 33 7 29
split_gain=4.27783 4.61545 6.16778 6.02359 6.27759 9.47014 16.9414 13.9393 8.68468 14.5797 8.70377 5.85384 10.0261 9.64348 10.9319 8.76408 11.4791 8.47907 8.18262 5.66388 8.39047 7.46712 10.6664 10.776 10.1891 8.52876 9.46158 8.19659 15.2359 8.09919
threshold=3.5893107819103243 0.27002138586136798 1.004483588015556 -1.4850889186529146 -1.3896859423240053 -0.031508395894719564 246.50000000000003 12.500000000000002 0.073742758383996521 29.500000000000004 -0.93951595290519296 -0.77687256368605351 2.4065435462703078 -0.52494724380381452 0.099439371740852198 0.025214941670030678 0.96046064520819729 -0.51029066778395415 0.9634047613823663 2.1723644713187356 -0.0091723232846517375 0.29726382624895825 0.37745688498524421 5.0018084221473975 -1.2649414902644571 1874.5000000000002 2982.0000000000005 -0.32284581545400898 -0.9365405601140423 -0.61091546239156402
decision_type=2 2 2 2 2 2 2 2 2 2 2 2 2 2 2 2 2 2 2 2 2 2 2 2 2 2 2 2 2 2
left_child=1 2 3 -1 5 6 -5 -8 9 -7 -11 15 19 -14 -15 16 18 -17 -6 21 -21 -13 24 25 -23 -24 -27 28 -26 -30
right_child=-2 -3 -4 4 11 8 7 -9 -10 10 -12 12 13 14 -16 17 -18 -19 -20 20 -22 22 23 -25 27 26 -28 -29 29 -31
leaf_value=-0.065943797800116319 0.059266161939528023 0.0068678642104413965 -0.037233980783384239 0.031951417574820819 -0.015694211463875167 0.81284577019331439 0.12853772536698524 0.57966562675959354 -0.0226701319588445 0.38741191600573605 -0.10282400472748886 -0.0019449274227811471 0.30449674019561401 -0.044657126027305212 0.1784139034861115 0.22347070905939961 0.45059576765117415 -0.081469882812907291 0.19394920337004309 -0.1605639428355046 -0.02134557225466626 0.40791596231508231 -0.0052230879338954015 0.3829710483922269 -0.10386834148816237 0.26474244102336425 -0.064499047842243765 0.035784881644797893 0.16647645327858551 0.60731229313684432
leaf_weight=14.785998159321023 11.944670453667639 575.1225690881256 52.814002821221948 5.1941734189167645 86.869375774404034 0.32724515697918732 1.4693838665261867 1.2829398410394786 13.974551099119706 0.57463429449126113 0.97943607182241965 1180.061153239687 1.8306580781936634 5.0407891739159805 3.8939863773994148 0.94235837366432207 0.54155854461714525 28.154359815875068 1.9025623961351801 4.8539514988660803 40.032807564828545 1.138609861023723 41.528525544214062 0.7794786598533382 0.83641732763499055 2.5124468491412695 1.3374936198815701 7.0198979782871893 0.73198674875311565 0.96776645700447139
leaf_count=290 191 11303 2797 163 3251 27 26 24 771 7 68 23397 16 46 45 21 27 2362 44 44 397 23 1213 12 39 37 22 171 47 35
internal_value=0 -0.000750225 -0.00366649 -0.00244348 -0.00178908 0.0491386 0.138238 0.338822 0.0044845 0.206191 0.078446 -0.0026482 -0.000698677 0.0954038 0.0525625 -0.0239292 -0.00840099 -0.0715937 -0.0112011 -0.00150581 -0.0364003 -0.000239513 0.0351589 0.0143095 0.125145 0.00797685 0.150362 0.0914522 0.245535 0.417469
internal_weight=0 2077.5 1502.38 1449.56 1434.78 23.8024 7.9465 2.75232 15.8559 1.88132 1.55407 1410.98 1292.57 10.7654 8.93478 118.41 89.3135 29.0967 88.7719 1281.8 44.8868 1236.91 56.8526 46.1579 10.6947 45.3785 3.84994 9.55607 2.53617 1.69975
internal_count=46916 46725 35422 32625 32335 1086 213 50 873 102 75 31249 25544 107 91 5705 3322 2383 3295 25437 441 24996 1599 1284 315 1272 59 292 121 82
is_linear=0
shrinkage=0.1


Tree=64
num_leaves=31
num_cat=0
split_feature=9 9 34 49 35 33 31 28 42 4 0 4 28 38 34 15 25 26 29 28 46 25 23 3 23 5 38 15 28 27
split_gain=4.22764 6.85587 6.00682 10.287 15.2331 7.22021 5.53714 4.99104 4.76322 4.71188 7.34641 4.64973 6.93741 7.17436 6.82598 6.60364 6.33479 6.1098 8.90095 5.58414 5.55633 6.6088 6.43741 9.79316 8.3989 10.0604 7.32903 5.3749 7.98307 10.5371
threshold=1.4973996768058531 1.5107152646468711 1.0000000180025095e-35 10.500000000000002 1.0100807019773594 0.12397922116166833 -0.9447105056843782 -0.31025580762833321 0.84375000000000011 0.37921633331156784 0.073742758383996521 -0.61400613840650109 1.4299835548282054 2789.5000000000005 0.014456141525394133 -0.74764249808285899 4.0895932399525359 1.3309120110565613 0.57241036677210666 -0.22148256841093616 13.500000000000002 3.1335463930338876 0.77061259488340594 -0.45683607917068653 0.83026825088727263 -0.95794900828246543 1660.5000000000002 -0.62217179065591099 1.1064503012984301 -1.1347265234097363
decision_type=2 2 2 2 2 2 2 2 2 2 2 2 2 2 2 2 2 2 2 2 2 2 2 2 2 2 2 2 2 2
left_child=11 7 6 5 -5 -4 -3 -2 -8 -7 -11 15 13 -13 17 19 20 -14 -19 -1 22 -22 23 -17 25 -24 -26 -25 29 -29
right_child=1 2 3 4 -6 9 8 -9 -10 10 -12 12 14 -15 -16 16 -18 18 -20 -21 21 -23 24 27 26 -27 -28 28 -30 -31
leaf_value=0.24644381447145527 0.036487500079079936 0.099020830903920484 0.077839193952421115 0.077193593365400104 -0.010274684275011874 -0.077473656546439895 0.018700046527666634 0.17188014935725734 -0.09032202413612328 -0.052000242203314631 0.12534049118316079 0.00066447539749051054 0.28621024328153649 -0.042808232889997543 -0.066637009036528402 -0.077362685631307979 -0.19240264437588528 -0.10812930104157875 0.16062398359116159 -0.041679953733767587 -0.070373848230684266 0.32434565565942686 -0.10278490064572705 -0.036836770897622259 -0.016356594407772148 0.468103586796079 0.15047866045067684 0.24285814735785363 -0.035485299607759799 0.0074332886994277333
leaf_weight=1.7856212561018767 7.7306277430616319 8.4399942867457849 4.3200153559446326 25.78460416616872 87.401968342252076 32.129734644666314 159.41885875910521 4.2029950385913235 4.1108223386108866 8.5370734175667149 3.215841654688119 1371.2128800617065 1.8640199489891509 39.042956796940416 2.3331677883397788 21.978449034621008 1.9912971849553276 1.7788862646557388 4.0109328245744109 1.0792184085585166 21.159002802218314 0.43285245588049193 0.45336615410633385 51.323804306564853 9.4862648858688754 0.96726245176978298 3.644823756068944 1.9245178315322835 50.151073715183884 156.52389361849055
leaf_count=36 70 148 40 237 822 266 1661 34 38 75 33 29342 17 592 103 2160 24 47 35 32 1555 7 39 1796 271 22 41 59 2392 4922
internal_value=0 0.00969799 0.00703194 -0.0068246 0.00965113 -0.0455119 0.020036 0.0841725 0.0159594 -0.0576552 -0.00347613 -0.00241356 4.90802e-05 -0.000539067 0.0831008 -0.0132452 -0.0145982 0.128746 0.0780512 0.137904 -0.013485 -0.0624609 -0.00991786 -0.0132659 0.0549409 0.285916 0.0299522 -0.007846 -0.000713107 0.0102928
internal_weight=0 345.293 333.359 161.389 113.187 48.2027 171.97 11.9336 163.53 43.8826 11.7529 1743.14 1420.24 1410.26 9.98701 322.901 320.037 7.65384 5.78982 2.86484 318.045 21.5919 296.453 281.902 14.5517 1.42063 13.1311 259.923 208.599 158.448
internal_count=46916 3424 3320 1473 1059 414 1847 104 1699 374 108 43492 30136 29934 202 13356 13288 99 82 68 13264 1562 11702 11329 373 61 312 9169 7373 4981
is_linear=0
shrinkage=0.1


Tree=65
num_leaves=31
num_cat=0
split_feature=35 40 40 28 34 28 6 28 0 35 10 9 15 4 4 6 32 20 20 31 20 20 20 9 30 33 19 7 19 21
split_gain=4.29531 14.4062 14.2716 7.23044 8.62276 7.10351 7.31356 9.12909 6.31417 30.7672 7.80968 7.22063 7.21419 6.54984 7.65473 6.3217 6.65825 6.27144 6.58911 7.16584 6.19676 6.16104 6.70962 7.93973 6.18235 6.15003 8.2021 17.4303 9.0471 9.51115
threshold=3.9997245898215072 0.43500000000000005 0.33500000000000008 -0.54985456986918135 -0.0079200836601009319 5.6810965648371186 -0.72944516841539608 1.4299835548282054 -0.59668619562108483 4.9879704741661453 3.3984610716680907 -0.91895132061274853 -0.71567350987478962 0.71778803603836783 0.26734031584402079 -0.86908264508792132 -1.5498578729692725 2.5916498239349286 -0.4490926083834606 -0.13707123369165183 -0.43213190898874548 2.1514984575669209 1.701728258713217 1.0335224966706191 -0.095637270925986687 -0.096182160165668426 -0.63201180992618788 -0.86280066169839853 0.96926397957482013 0.3351637151395826
decision_type=2 2 2 2 2 2 2 2 2 2 2 2 2 2 2 2 2 2 2 2 2 2 2 2 2 2 2 2 2 2
left_child=2 -2 -1 4 -4 6 7 -5 9 25 12 -11 -10 14 -14 -16 -17 18 -8 -20 -21 22 24 -24 -6 26 27 -3 -28 -30
right_child=1 8 3 5 21 -7 17 -9 10 11 -12 -13 13 -15 15 16 -18 -19 19 20 -22 -23 23 -25 -26 -27 28 -29 29 -31
leaf_value=0.00050551308265790957 0.06399875432174354 0.033368016722437402 0.17436219787064913 -0.015401165721661295 -0.22388483530439396 0.36704029493557067 -0.092288275554606572 0.2558043111642832 -0.064300453782946257 0.32562122456550113 -0.21170585851684987 0.12092756563593735 0.00076550608391136104 0.024756457309203228 -0.14780352317369175 0.20847810488455876 -0.036722125913086677 -0.39688379009050934 -0.067013091155186472 0.29296564963057942 -0.0069977136941922263 0.15531077859585674 -0.32729328406840447 0.0085777573337194515 0.0020557472107368183 -0.045757452965759365 -0.014473047299717219 0.41864523249003194 0.29462146520632326 0.021694875172044173
leaf_weight=1335.6832632210571 41.23745546117425 5.2672031580004841 2.7922315197065464 40.947853561723605 1.2475075044203539 0.42613418982364137 31.899150933022611 1.2799643399193872 17.675395797006786 1.926562232896688 1.7795595554634918 16.335687371902168 264.53699965728447 89.913252046797425 5.1173998787999144 1.1379367620684195 41.315016605425626 0.54016418009996314 34.987567669595592 0.70603264635429042 28.049229676136747 2.2443831302225581 1.4465822596102946 1.3707343060523269 41.44983737624716 22.593865579459816 41.297792548080906 1.5111255701631296 2.0208465093746772 3.4682141002267599
leaf_count=27445 723 147 36 884 20 39 3156 17 419 19 28 187 6802 1064 49 24 650 5 1210 34 1459 48 24 22 923 251 1075 45 40 71
internal_value=0 0.00712257 -0.00313712 -0.0288273 0.00355382 -0.0406175 -0.0418726 -0.00718068 0.00257625 0.02595 -0.00266006 0.142522 -0.00177368 0.000975393 -0.00587556 -0.0428063 -0.0301496 -0.0571038 -0.0551848 -0.0366169 0.000367336 -0.00643249 -0.0144082 -0.163879 -0.00454566 -0.00200283 0.0164529 0.11926 0.00155861 0.122175
internal_weight=0 557.134 1525.07 189.387 50.5513 138.836 138.41 42.2278 515.897 94.4213 421.476 18.2622 419.696 402.021 312.107 47.5704 42.453 96.1821 95.642 63.7428 28.7553 47.759 45.5147 2.81732 42.6973 76.159 53.5652 6.77833 46.7869 5.48906
internal_count=46916 11594 35322 7877 1073 6804 6765 901 10871 1835 9036 206 9008 8589 7525 723 674 5864 5859 2703 1493 1037 989 46 943 1629 1378 192 1186 111
is_linear=0
shrinkage=0.1


Tree=66
num_leaves=31
num_cat=0
split_feature=34 38 19 19 49 34 38 9 21 4 17 34 29 34 38 38 25 31 38 27 4 12 19 31 38 32 26 20 0 49
split_gain=4.17539 6.34554 6.22866 11.3675 13.3519 5.30532 5.20866 4.99867 5.03954 15.4352 4.97445 6.40928 4.62693 7.88667 4.5527 16.2777 10.6453 7.95602 8.25616 7.79053 7.16483 14.6966 18.5126 13.7511 7.65799 8.24091 6.98623 8.75346 7.7729 6.77172
threshold=1.0120985102739253 328.50000000000006 -0.69859421200748451 -0.7369861143420261 22.500000000000004 1.0104761314418131 3737.0000000000005 2.5511030271076875 -1.3704698187394999 0.55226009915368512 -0.0098194865273750608 1.0107844801911792 -0.74349656911710305 1.975684127186299 55.500000000000007 58.500000000000007 0.56449124725365685 0.22735728362211685 23.500000000000004 2.763241615119576 -0.91710364572716985 0.14700462935914052 -0.74322749520763065 -0.47542432211002589 53.500000000000007 0.68301494729543411 -0.75994792722945859 -0.011336825894638173 -0.75314118559343013 12.500000000000002
decision_type=2 2 2 2 2 2 2 2 2 2 2 2 2 2 2 2 2 2 2 2 2 2 2 2 2 2 2 2 2 2
left_child=5 12 3 -3 -5 14 7 8 9 -4 -7 -12 13 -2 17 16 29 19 26 20 21 23 -23 -1 -22 -26 -19 28 -28 -16
right_child=1 2 6 4 -6 10 -8 -9 -10 -11 11 -13 -14 -15 15 -17 -18 18 -20 -21 24 22 -24 -25 25 -27 27 -29 -30 -31
leaf_value=0.41798238402928983 0.23119213582553166 -0.10731450052152343 -0.10934432522402933 0.51014172389394463 -0.024542587835444451 0.32378150449998339 0.23258742372760893 0.16702901254893199 -0.034519907515943381 0.54952167784536565 0.21710186901805636 -0.046555572427115208 -0.07842070872783867 -0.10513705397116596 0.23525744758037243 0.0031341104491254546 0.037336874511553111 -0.076873861949730754 -0.070269996305331511 0.079269546432384055 -0.004162574204744837 0.64907306074544402 -0.10265004376143838 -0.048578661827916252 -0.057422168775965059 -0.33250182765535247 0.05587161647606842 0.077057510778230837 -0.11287401175095974 0.71147502276239849
leaf_weight=0.74054584465920914 1.3530291707720636 1.1845533445011827 0.88850184017791878 1.1171580585651089 0.80253855511546124 0.86039259238168586 0.85195028409361739 1.4023672938346852 30.726882411167029 0.59278598846867681 1.526441365014761 2.3283764035440981 23.095880001666956 1.4384284446714444 0.5881251250393682 1324.3517463419121 1.0213135736994443 9.2595774893416074 37.630385022494011 11.364478431642054 583.05737098003738 0.92545249219983816 0.50712688593193866 4.2985532383900127 6.2176045426167539 1.3203477375209329 4.73443930223584 14.099281515926123 6.4466310910647753 0.60655399225652218
leaf_count=11 51 86 42 34 34 13 21 7 1168 12 27 81 1437 131 31 22878 23 562 3560 114 14544 32 25 151 277 24 344 352 824 20
internal_value=0 -0.0256284 0.000622592 0.136295 0.286614 0.000424791 -0.0115982 -0.0177878 -0.0258348 0.154323 0.106374 0.0578482 -0.063723 0.0578829 0.000175898 0.00358723 0.274388 -0.00647317 -0.0378658 -0.00274947 -0.0043106 0.100337 0.382966 0.0199871 -0.00545732 -0.105605 -0.00256226 0.0246563 -0.0414215 0.477039
internal_weight=0 63.4541 37.5667 3.10425 1.9197 2011.88 34.4625 33.6105 32.2082 1.48129 4.71521 3.85482 25.8873 2.79146 2007.17 1326.57 2.21599 680.602 72.1703 608.431 597.067 6.47168 1.43258 5.0391 590.595 7.53795 34.5399 25.2804 11.1811 1.19468
internal_count=46916 3023 1404 154 68 43893 1250 1229 1222 54 121 108 1619 182 43772 22952 74 20820 5642 15178 15064 219 57 162 14845 301 2082 1520 1168 51
is_linear=0
shrinkage=0.1


Tree=67
num_leaves=31
num_cat=0
split_feature=25 40 11 17 3 13 24 7 19 33 17 16 3 13 9 11 15 25 21 8 32 40 32 31 42 14 46 4 13 27
split_gain=3.94402 4.13959 7.19864 7.3868 6.87157 8.96459 12.0559 7.56314 6.84745 6.62707 5.70114 6.54023 5.45644 6.10532 5.17386 5.16816 5.94288 5.8535 5.21238 4.95194 4.87203 8.8744 8.40309 10.2079 8.28791 7.95419 11.7167 7.82621 6.72468 10.0067
threshold=-1.4851349743931894 0.045000000000000005 1.7896103759200186 -0.016432902133343839 2.4355923120656962 0.23365423518393216 -0.23886509393797714 -0.35978117596502418 -0.57475209805551197 2.1625646744284261 0.0021416467362878788 -0.022192089985725878 1.4702080681041882 0.7458296973678108 1.8458952097007559 -0.69438067333792042 -0.56563739814542136 0.56449124725365685 0.17488607955460261 0.82870488093290551 1.3989619003600571 0.13500000000000004 1.6816597724206304 -0.4112013492776504 0.84375000000000011 -0.58677399847755696 1.5000000000000002 0.51562021838130367 -0.59158305995437821 0.72381321896512374
decision_type=2 2 2 2 2 2 2 2 2 2 2 2 2 2 2 2 2 2 2 2 2 2 2 2 2 2 2 2 2 2
left_child=-1 2 3 -2 5 15 7 10 9 -8 11 12 13 -7 -14 16 19 -17 -19 -5 -3 -22 23 25 -24 -23 -27 -28 29 -25
right_child=1 20 -4 4 -6 6 8 -9 -10 -11 -12 -13 14 -15 -16 17 -18 18 -20 -21 21 22 24 28 -26 26 27 -29 -30 -31
leaf_value=-0.062202459010942207 0.19734115335722915 -0.00073628805758132164 0.058689512698698057 -0.0071866499904813738 -0.084407726281092027 0.011164744558670557 0.3669425030317745 0.1866244172086409 0.027771756621438843 0.10441648099034302 -0.12040188253861493 0.20633284778877231 0.032210478322225698 -0.061829182246404213 0.22588492735481044 -0.089680866685101501 0.1229657717101548 -0.0213219444826072 -0.17172573454107953 -0.15164845782752828 0.053563697500492197 0.043742610336380411 0.0010708500433307196 -0.079862993790216219 -0.064486607114537728 0.36598652131132603 -0.025461185387675944 0.19531374992637821 -0.018735646379750552 0.15665353901450949
leaf_weight=10.267819071304983 1.5921720606274892 1544.0691464338452 13.25778439408168 45.008516963804141 14.871816237457095 30.098074804060161 1.8182440702803435 2.119067531079053 3.0581351360306135 2.0408417107537389 4.0384179949760428 1.5317427739500988 7.955423395149408 18.502991950605065 1.6686513498425481 22.495344641152769 3.3519964618608347 48.61332848877646 2.4188393852673462 2.5049010310322037 46.195241394452751 35.937525884713978 129.89923173352145 2.6374473017640394 22.646072553470731 1.9592359196394662 3.1625477853231132 3.2615917874500155 40.652157459408045 5.5595105132088065
leaf_count=702 16 40021 123 632 174 380 21 15 38 19 51 17 106 223 9 371 29 588 28 33 484 402 1412 32 263 25 36 27 577 62
internal_value=0 -7.14137e-05 -0.0128126 -0.0172488 -0.0188596 -0.013917 0.0139457 0.000765677 0.139538 0.228108 -0.00540793 0.00236345 -0.00300242 -0.0166249 0.0657903 -0.0302304 -0.00572381 -0.0471838 -0.0284508 -0.0148027 0.00150353 0.0133511 0.00579101 0.0294537 -0.00866146 0.0642037 0.151916 0.0866282 -0.002075 0.0805521
internal_weight=0 2062.93 226.946 213.689 212.096 197.225 72.8316 65.9144 6.91722 3.85909 63.7953 59.7569 58.2251 48.6011 9.62407 124.393 50.8654 73.5275 51.0322 47.5134 1835.98 291.911 245.715 93.17 152.545 44.3209 8.38338 6.42414 48.8491 8.19696
internal_count=46916 46214 2873 2750 2734 2560 879 801 78 40 786 735 718 603 115 1681 694 987 616 665 43341 3320 2836 1161 1675 490 88 63 671 94
is_linear=0
shrinkage=0.1


Tree=68
num_leaves=31
num_cat=0
split_feature=1 49 10 15 19 2 22 31 2 34 38 5 5 27 9 9 3 20 33 17 16 10 1 16 30 19 32 9 22 38
split_gain=3.92443 7.83229 7.46126 8.35024 7.53919 6.52274 5.24154 9.20667 5.13263 4.36842 4.89755 4.58105 6.58218 7.43646 5.65136 20.5872 13.5443 5.72683 4.54171 5.85508 5.46538 5.69812 5.87219 5.61688 4.86656 4.83217 4.78285 9.87632 4.6921 4.53071
threshold=2.2570281312897653 3.5000000000000004 3.5070136697851084 -0.49310693292346724 2.1872016699759413 1.3962542706370129 -0.65576120006494765 -0.8384792993928506 0.60874702075149612 1.0120985102739253 328.50000000000006 -0.44265745931808437 -0.3008464045274129 1.0000000180025095e-35 -0.91581361590599675 -0.92243021257034508 1.4702080681041882 3.2691905703001995 2.3885570099238542 -0.013768186585262005 -0.034244508808886485 -0.44336230835810547 -0.49241492040632745 -0.039484646402623932 -0.054351670134310436 -0.30507755000863473 2.5713706097310451 2.2409182408133739 -0.64604002703930374 55.500000000000007
decision_type=2 2 2 2 2 2 2 2 2 2 2 2 2 2 2 2 2 2 2 2 2 2 2 2 2 2 2 2 2 2
left_child=9 5 3 4 -3 -2 -5 -8 -9 18 -11 -12 13 -13 15 16 -14 -16 20 -20 21 22 23 -1 26 -23 28 -28 -22 -30
right_child=1 2 -4 6 -6 -7 7 8 -10 10 11 12 14 -15 17 -17 -18 -19 19 -21 24 25 -24 -25 -26 -27 27 -29 29 -31
leaf_value=0.059369269972415352 0.07141494057116575 -0.065293356443501538 -0.13605521199557302 0.015099875584394748 0.12078410215559854 -0.13481725833798205 0.34428841887192535 0.12880347701127834 -0.052612235844036993 -0.065192242439922873 -0.059423773479665654 -0.10753749577373251 -0.10251460487745512 0.24477429442064433 -0.042621468818241977 0.60202149720424092 0.662771223856089 0.15065387582554929 0.24759366987624842 0.034330480884700032 -0.23145798089733041 -0.095159697370160931 0.2593916790980238 -0.045138148214030532 0.19548995601727484 -0.02564432272751864 0.12511000593635768 -0.0089866936761357503 -0.0074240263833829194 0.0031099398532821588
leaf_weight=9.3315117924939877 29.429174941033128 17.134467560797933 3.8986511500552288 18.805084640625864 2.4943707734346381 1.6179304476827372 1.4022255865857003 4.2747272877022642 2.4552438207902014 22.250463132862933 10.555494391825048 0.80537387100048663 2.0789018408395359 2.3393847919069231 15.383277206681671 0.69634624500759201 0.26021253038197745 1.7027610316872586 1.4287197683006532 13.011654444038864 0.87964745983481307 15.343035398516802 0.92413061391562124 11.457098782178946 1.2744334863964457 28.712281427579001 9.2594649735838193 13.500086637213824 616.3900739273522 1209.4613116896944
leaf_count=228 760 228 51 244 32 29 17 60 24 1574 488 51 194 41 521 22 11 10 12 153 14 347 14 303 24 560 93 129 19411 21271
internal_value=0 0.0211477 -0.00316597 0.0079599 -0.0416472 0.0606677 0.044108 0.111187 0.062619 -0.00123992 -0.0287551 -0.00478406 0.020005 0.154547 -0.00102236 0.124712 -0.0173811 -0.02336 -0.000440927 0.0554306 -0.000861899 -0.0291902 0.0127374 0.00177274 0.000144764 -0.0498543 1.01568e-05 0.045569 -0.000557469 -0.000446227
internal_weight=0 81.5119 50.4648 46.5661 19.6288 31.0471 26.9373 8.1322 6.72997 1987.05 56.0722 33.8218 23.2663 3.14476 20.1215 3.03546 2.33911 17.086 1930.97 14.4404 1916.53 65.7681 21.7127 20.7886 1850.77 44.0553 1849.49 22.7596 1826.73 1825.85
internal_count=46916 1445 656 605 260 789 345 101 84 45471 2912 1338 850 92 758 227 205 531 42559 165 42394 1452 545 531 40942 907 40918 222 40696 40682
is_linear=0
shrinkage=0.1


Tree=69
num_leaves=31
num_cat=0
split_feature=35 40 40 32 9 29 46 1 27 9 6 20 1 2 19 12 13 21 31 4 31 19 38 38 3 38 1 38 6 38
split_gain=3.83299 15.5705 11.1728 9.25533 6.18198 12.1484 5.7329 5.34382 10.7701 5.28782 5.23708 10.2945 5.72142 5.49332 15.1968 5.1468 7.01692 7.3335 8.66666 6.1158 11.6174 13.022 10.5802 15.0721 14.3041 11.6632 9.62207 9.07992 8.12521 10.2317
threshold=3.0195739599703946 0.34500000000000003 0.43500000000000005 1.291837645460044 0.87839231665758244 -0.47449005221913793 20.500000000000004 -1.4798081560031797 -1.3010255909659127 2.4074226138898154 1.1128904578952745 -0.1043905854730571 1.6867491489564648 -0.97715826117072713 0.96926397957482013 0.29141861666366481 -0.50014167961202505 1.9278131992102696 -0.068795240377829484 -0.1371588109397873 -1.0232304142117761 -0.64717691452286064 350.50000000000006 237.00000000000003 -0.20263843711328469 264.50000000000006 1.0458911868082845 858.50000000000011 -1.1961339953951045 169.50000000000003
decision_type=2 2 2 2 2 2 2 2 2 2 2 2 2 2 2 2 2 2 2 2 2 2 2 2 2 2 2 2 2 2
left_child=1 15 4 7 5 -2 9 8 -3 -6 12 13 -9 14 -12 16 17 -1 -19 20 21 -18 23 28 -25 -26 -27 -24 -21 -30
right_child=2 3 -4 -5 6 -7 -8 10 -10 -11 11 -13 -14 -15 -16 -17 19 18 -20 22 -22 -23 27 24 25 26 -28 -29 29 -31
leaf_value=0.016025233291013977 0.18697236439714091 0.81326624844826023 0.0024498288402587712 0.47262888238961881 0.075806306553499056 -0.30576809226334456 -0.094604955458815213 -0.064934936623902081 -0.10155853030263595 -0.1349588397195858 1.0017903267771133 0.31579885062537383 0.0012602058441761924 -0.10169960825398527 -0.10139317099235684 -0.014168251914950428 -0.014241590966816165 0.07297352505435277 0.40982665926741185 0.12170469443625997 0.0064579280459352842 0.31335444433000093 -0.059077706559246095 -0.034307940740219416 0.18853142933835929 0.02066635927889772 0.18310243168115428 -0.0068202092388858831 -0.0018757985190369889 -0.049435605532180127
leaf_weight=204.98993515293114 0.81926687457598779 0.21684015262871981 536.852928645676 0.34643327165394922 41.016129435971379 1.2854059452656645 2.2363103143870822 69.282118257600814 0.31655999412760039 1.2259417166933406 0.18081275676377151 1.1575182024389494 16.089555412065238 2.4187883484410122 0.40359077719040215 227.92207095946651 2.2587559465318918 3.6470683077350259 0.96611121250316401 4.8714021053165188 375.35410603578202 2.6218105871230355 65.670221462380141 12.824481794610618 8.8223864715546387 18.248280158266429 4.5574965216219416 67.348874476738274 337.58355488395318 52.233496038010344
leaf_count=4981 19 7 11480 10 754 34 23 4838 36 32 12 34 349 405 52 7528 32 80 22 36 8212 28 841 151 70 215 36 772 5138 689
internal_value=0 -0.00304407 0.00652618 -0.0432558 0.0535046 -0.113963 0.061429 -0.0452401 0.27034 0.0696895 -0.0471202 0.0624336 -0.0524595 -0.0352208 0.239929 -0.000428356 0.00226668 0.0188313 0.143519 -0.00137885 0.00845109 0.161741 -0.00791144 -0.000427268 0.0547758 0.0908972 0.0531275 -0.0326192 -0.00664464 -0.00824857
internal_weight=0 1480.33 583.436 90.4122 46.5831 2.10467 44.4784 90.0658 0.5334 42.2421 89.5324 4.16071 85.3717 3.00319 0.584404 1389.92 1162 209.603 4.61318 952.395 380.235 4.88057 572.16 439.141 44.4526 31.6282 22.8058 133.019 394.688 389.817
internal_count=46916 34574 12342 5743 862 53 809 5733 43 786 5690 503 5187 469 64 28831 21303 5083 102 16220 8272 60 7948 6335 472 321 251 1613 5863 5827
is_linear=0
shrinkage=0.1


Tree=70
num_leaves=31
num_cat=0
split_feature=46 49 31 28 38 28 35 20 28 38 38 38 6 6 38 38 0 14 6 3 3 38 31 4 1 0 8 38 33 2
split_gain=3.68459 5.63723 5.06213 11.9608 3.81469 11.4826 8.23579 5.83513 5.51442 5.15983 21.6218 20.5179 10.9875 14.9799 10.7086 9.69395 9.45946 9.44113 9.04326 8.46644 9.78905 8.42227 8.2824 8.24608 8.93779 10.9683 8.23792 8.01286 7.87942 7.67349
threshold=32.500000000000007 21.500000000000004 -0.97970701799474058 0.15253700869079609 2789.5000000000005 0.60066135485649352 3.0010411422024923 0.79995783073696392 0.80421212549838683 237.00000000000003 312.50000000000006 328.50000000000006 -0.27559609960422832 -0.24880331261391217 537.50000000000011 608.50000000000011 0.073644208263440009 -0.29923742810271631 1.1857243389194776 0.23707524528771495 0.12682394260639876 492.50000000000006 -0.073289119015706908 -0.88183436802500292 -0.28790859072722857 0.40960902119266024 0.57031200434983254 608.50000000000011 2.1581741661127691 -1.2552621514179259
decision_type=2 2 2 2 2 2 2 2 2 2 2 2 2 2 2 2 2 2 2 2 2 2 2 2 2 2 2 2 2 2
left_child=1 4 3 -3 9 7 8 -6 -7 18 16 -12 17 -14 19 -16 -11 27 -1 20 21 -15 -23 -18 25 -25 -22 -13 29 -26
right_child=-2 2 -4 -5 5 6 -8 -9 -10 10 11 12 13 14 15 -17 23 -19 -20 -21 26 22 -24 24 28 -27 -28 -29 -30 -31
leaf_value=-0.0015472926882879046 0.12483058601337922 -0.023005661925856118 -0.070022380926051078 0.40141002873821902 -0.06239228794751172 0.34656874797316078 -0.10578432675090013 0.0044475402065938868 0.10315222806020299 0.024575102253710509 -0.099438571698302253 -0.025856675662036421 0.17821932066111512 0.030664821380853986 -0.063717661823313607 0.0089077879580137711 -0.093289508198243276 -0.071906331905954593 -0.059652258696483974 -0.024330913147263537 0.081159034275243055 -0.018372076323406646 0.16236277528427723 0.24571483963527796 0.17452717705636867 0.072515504516634882 0.4012938019162624 0.01246105214821445 0.17585215146465605 0.012432705776311349
leaf_weight=1274.5506019592285 2.3493749545887104 4.4413324589841094 20.167874727048911 0.7807441004551946 36.444390801712871 1.2361105754971493 1.4721870953217147 20.356604770757258 3.7665503425523639 76.228257897309959 20.176880785729736 103.78351394552737 5.6377016664482644 43.285321533214301 20.490034346003085 178.39421785646118 2.5305226801428935 23.895764661952853 27.360427292063832 13.963028732221572 1.711510565131902 3.3182670697569856 10.749294911511239 7.0526690981350821 3.414869035594168 7.5925938123837113 1.5156105756759641 115.09840828413144 4.8499620873481026 20.173133787699047
leaf_count=31876 22 137 1502 20 604 10 45 178 66 990 427 1463 77 755 368 3107 73 390 2442 177 27 43 127 76 41 102 17 1468 50 236
internal_value=0 -0.000473821 -0.0473014 0.040448 0.000112143 -0.0240553 0.102117 -0.0384379 0.163298 0.000890065 0.00806475 -0.000491796 0.00333395 0.0168681 0.0135413 0.00142556 0.0461289 -0.0122231 -0.0027684 0.0458666 0.0620464 0.052511 0.119731 0.082149 0.0924535 0.155923 0.23151 -0.00570741 0.0597677 0.0358994
internal_weight=0 2054.44 25.39 5.22208 2029.05 63.2758 6.47485 56.801 5.00266 1965.77 663.862 542.02 521.843 279.065 273.427 198.884 121.842 242.778 1301.91 74.543 60.58 57.3529 14.0676 45.6138 43.0832 14.6453 3.22712 218.882 28.438 23.588
internal_count=46916 46894 1659 157 45235 903 121 782 76 44332 10014 8446 8019 4698 4621 3475 1568 3321 34318 1146 969 925 170 578 505 178 44 2931 327 277
is_linear=0
shrinkage=0.1


Tree=71
num_leaves=31
num_cat=0
split_feature=14 6 6 14 38 38 35 38 32 32 32 0 19 8 19 19 19 25 38 7 28 38 49 35 40 35 35 38 35 2
split_gain=3.60915 24.9235 18.1524 14.2556 15.5279 10.6651 9.9293 9.47636 10.0779 13.5414 9.93545 8.98899 8.95861 9.42542 8.89698 8.86404 15.6139 8.77262 8.66537 9.49546 8.66405 8.32804 7.9517 13.0353 8.27494 7.4567 9.85306 9.13819 11.0635 11.578
threshold=-0.33185246181014921 -0.27559609960422832 -0.39239838326859328 -0.11366729394552033 90.500000000000014 11.500000000000002 1.9920083055123479 106.50000000000001 -0.45059674618761247 -0.05784613637892224 -0.17112540441488197 -0.73901093811168816 -0.74322749520763065 2.0769298145148154 -0.080409753725978236 -0.23791535535444139 -0.40168415157648246 -0.13426764860278476 129.50000000000003 2.831884606985986 -0.65521774512120901 9.5000000000000018 12.500000000000002 4.0170974443649099 0.32500000000000007 1.9946930113071979 0.016880631274391069 1133.5000000000002 3.9953524134609446 -0.098452424454299983
decision_type=2 2 2 2 2 2 2 2 2 2 2 2 2 2 2 2 2 2 2 2 2 2 2 2 2 2 2 2 2 2
left_child=2 20 6 -3 5 12 -1 8 -6 10 14 -11 17 21 -10 16 -13 -5 19 -9 -2 -14 23 24 -8 26 -20 28 -27 -30
right_child=1 3 -4 4 7 -7 22 18 9 11 -12 15 13 -15 -16 -17 -18 -19 25 -21 -22 -23 -24 -25 -26 27 -28 -29 29 -31
leaf_value=-0.0087028013757200623 0.12340067144118119 0.039406309577043455 0.095349082162808116 0.53075944511106454 -0.092660714340316974 -0.033163340884177536 0.026767247560247665 -0.057509987699769373 -0.10512213084173648 0.14821263681513006 0.65823360531344299 -0.039348870841382923 -0.022447421177473895 0.19169547075475621 0.45262248702913949 -0.054070087131147061 0.2626182626188146 0.080301991131504075 -3.0227446128791469e-05 0.18326644115771079 -0.048496584820863081 0.062433591445433784 -0.015226235542634076 0.06851966680709215 -0.0021493073225132423 -0.017433690422550194 0.044329837132549607 -0.033570236788358222 0.060580195828792399 -0.0067483837716814394
leaf_weight=468.6259347400628 2.9990334538742891 89.387740000616759 21.239838565001264 0.62699039920698885 3.6146841027075451 207.76767943799496 183.00362241221592 31.68782094004564 0.57690284145064641 8.3654410969466024 0.66156142111868277 3.6755281263031065 46.947096421965398 2.6306028275284907 0.56719439383596171 7.8663042378611721 3.2059082342311793 1.3925784002058197 99.773774276487529 1.7271790462546039 131.43754952715244 15.334638487547634 93.7844746443443 43.942219239659607 215.49685713090003 90.854677378898486 100.5132057662122 72.588888744823635 56.996616986347362 46.278580402489752
leaf_count=7567 44 835 243 29 218 12151 2454 1157 29 122 20 76 2439 62 14 127 37 45 1763 30 3770 165 2289 471 3662 2131 1597 1447 989 933
internal_value=0 -0.00452025 0.00386427 0.00152259 -0.00269109 -0.0219798 0.00193053 0.00732601 0.0633794 0.0860143 0.349757 0.0654101 0.0127359 0.00628278 0.171384 0.0184415 0.101331 0.22015 0.0041299 -0.0450646 -0.0446619 -0.00154852 0.0112233 0.0168298 0.0111301 0.00764984 0.0222317 -0.0033001 0.00801849 0.0304096
internal_weight=0 1027.48 1026.09 893.042 803.654 274.7 1004.85 528.954 28.5335 24.9188 1.80566 23.1132 66.9319 64.9123 1.1441 14.7477 6.88144 2.01957 500.421 33.415 134.437 62.2817 536.227 442.443 398.5 467.006 200.287 266.719 194.13 103.275
internal_count=46916 30230 16686 26416 25581 14891 16443 10690 643 425 63 362 2740 2666 43 240 113 74 10047 1187 3814 2604 8876 6587 6116 8860 3360 5500 4053 1922
is_linear=0
shrinkage=0.1


Tree=72
num_leaves=31
num_cat=0
split_feature=4 20 32 38 19 19 32 38 38 7 7 7 19 34 35 28 27 38 10 3 31 34 25 10 4 6 35 16 33 27
split_gain=3.48882 7.69908 7.26766 8.91554 13.6427 11.3848 7.77999 9.22357 10.469 7.51579 7.68259 7.4037 6.68804 5.50405 7.81358 5.38734 6.58571 6.33579 5.21197 6.09632 4.99163 6.98269 5.93391 5.34643 7.76116 10.2081 4.85509 4.78981 8.28566 4.6307
threshold=-0.60604405589894506 1.770262747621058 -0.76290492081153027 1178.5000000000002 -0.78716629614943778 1.3386224430155516 -0.72818399468071771 439.50000000000006 319.50000000000006 -0.8453704506706774 -0.58078141020533336 1.239529000767831 -0.67150280378623373 -0.013295807714083681 0.99915369650057884 0.64852422445903735 -0.64216377079026188 2310.0000000000005 -1.2973765510699209 5.0885993632483846 0.20371677848794448 0.99994030950434676 0.46246403155844257 -0.86070789292376182 -0.52330870304835242 -0.91093414180513965 4.9998896849899142 -0.034244508808886485 2.3871339258209048 -1.353572255411102
decision_type=2 2 2 2 2 2 2 2 2 2 2 2 2 2 2 2 2 2 2 2 2 2 2 2 2 2 2 2 2 2
left_child=1 2 3 -1 -5 12 7 8 9 -4 -11 -12 -6 14 -8 18 17 20 -2 27 22 -22 23 24 -17 -26 -25 28 -20 -29
right_child=15 -3 6 4 5 -7 13 -9 -10 10 11 -13 -14 -15 -16 16 -18 -19 19 -21 21 -23 -24 26 25 -27 -28 29 -30 -31
leaf_value=-0.056240019642654938 0.16581105249483441 -0.15670800277478497 -0.10277172360356981 0.48524763204764848 0.093551217589533622 0.23701516896642147 0.39733194056164134 -0.10361247646505767 0.69436212174734679 0.47652323928751311 -0.10200962497298929 0.28510191021040027 -0.10377921127393491 -0.0050321911745528055 0.042367586890449185 -0.1073387885284916 0.25639132916205959 0.2507406040342634 -0.036464708342351097 -0.13280372776240823 -0.007611271910593919 0.52389592052782374 0.057226711086486665 -0.09568703026108237 -0.072420162337369587 0.25939537240886429 0.092875947040367404 -0.06111849478110043 0.14456163278159248 0.0023879206004448223
leaf_weight=50.958964406512678 1.9117709007114161 3.4896927885711184 0.95078697218559671 0.66134328488260408 2.5776774876285335 1.870668279007077 0.78578350786119644 1.433204735163599 0.37518928665667761 0.83693150233011726 0.87771206279285241 1.130283747334033 5.1472998696845016 316.35512935474981 2.9415335026569664 2.0563011618796736 1.3427715497091401 1.2658513756468881 53.266315069864504 3.418324992991983 0.5215558335185041 0.46984162891749293 17.622566953999922 9.2202833978226426 1.5014107460156085 2.4240665612742296 1.6028497859369952 11.567822499899192 2.6543833822943261 1544.6752688911511
leaf_count=4339 16 40 66 18 68 23 16 56 11 32 108 10 276 9196 58 75 16 21 1111 35 19 26 271 455 26 42 56 273 27 30130
internal_value=0 -0.00883938 -0.00750567 -0.0391185 0.0459447 0.0156674 -0.00156372 0.115243 0.190446 0.140636 0.221984 0.115892 -0.0379338 -0.00360881 0.1172 0.00166971 0.0388739 0.0309121 0.000795033 0.000599765 0.0230556 0.24428 0.0166851 -0.0258292 0.0500417 0.132483 -0.0677618 0.000882625 -0.0278719 0.00191587
internal_weight=0 390.392 386.903 61.216 10.257 9.59565 325.687 5.60411 4.1709 3.79571 2.84493 2.008 7.72498 320.082 3.72732 1655.52 38.0275 36.6847 1617.49 1615.58 35.4189 0.991397 34.4275 16.8049 5.98178 3.92548 10.8231 1612.16 55.9207 1556.24
internal_count=46916 14317 14277 4724 385 367 9553 283 227 216 150 118 344 9270 74 32599 1007 991 31592 31576 970 45 925 654 143 68 511 31541 1138 30403
is_linear=0
shrinkage=0.1


Tree=73
num_leaves=31
num_cat=0
split_feature=29 9 4 18 32 32 34 36 40 40 29 15 9 9 17 35 5 5 7 25 3 25 29 40 38 29 38 28 3 27
split_gain=3.42963 5.16479 5.1009 5.07433 8.04207 5.07251 4.92823 6.84568 8.42972 7.34587 5.51599 4.69068 4.62536 6.47263 5.18252 4.50123 4.69656 10.5293 20.0507 18.9954 14.2307 8.94445 8.45177 7.09305 6.72457 5.94973 6.38137 5.68068 11.337 5.85873
threshold=0.27002138586136798 1.3688461677819277 -1.0162902928548745 -1.0421863804581497 -0.61481820542112164 1.6816597724206304 0.99765830080696249 1.5000000000000002 0.03500000000000001 0.22500000000000003 1.9339483713306043 7.4933959127838348 1.7341261291532541 1.7471706349081091 -1.0000000180025095e-35 -0.013778669060136946 1.3777385426209408 1.7009182540924774 -1.1498034554910757 -1.0000000180025095e-35 -0.27543915615982223 -0.45958813088910094 0.274424857204211 0.14500000000000005 37.500000000000007 0.45346686958930893 193.50000000000003 5.6810965648371186 3.4949763289712243 -1.2225573066825957
decision_type=2 2 2 2 2 2 2 2 2 2 2 2 2 2 2 2 2 2 2 2 2 2 2 2 2 2 2 2 2 2
left_child=2 5 -1 4 -4 11 12 -8 -9 -10 -11 15 14 -14 -3 -2 27 18 19 -18 23 -19 -23 -20 -25 26 -22 29 -29 -17
right_child=1 6 3 -5 -6 -7 7 8 9 10 -12 -13 13 -15 -16 16 17 21 20 -21 25 22 -24 24 -26 -27 -28 28 -30 -31
leaf_value=-0.080579264910860801 0.16165483782523837 -0.03991865462062763 0.3983120838944032 -0.0026076299339658766 -0.084773833233620907 -0.055830463416065214 0.16071840236978596 -0.10872617581317733 0.10511809778979508 0.023984299359959396 -0.094508513266200439 -0.10705022243490658 -0.072178561580757264 0.047557999978695635 0.099961125370415016 -0.075384142371067026 0.53769538936420758 -0.087742536047623498 0.34335274972677898 0.078191018507249521 0.23344502209613538 0.19201538261509615 0.0091831268523123021 0.24624585039385552 0.022288896242903023 -0.027892978589779127 -0.045062657555547961 -0.10299238099876169 0.42755931465424024 -0.00016655341981902834
leaf_weight=8.3990120830712822 1.8281600438058365 3.0451075611636069 0.79066339577548206 1468.9179415825056 0.61082511814311036 14.536337360739706 2.443870320916175 7.0975434612482813 6.5982252564281252 10.768602430354806 6.1850448399782172 3.7628529407083979 5.8474573027342585 19.807833585888147 20.345947084017098 10.694044379983096 1.6920526670292022 9.452070734696461 1.6539327325299442 1.9210283635184193 1.9837251603603356 2.6093900650739661 81.437702149618417 2.1721328627318144 3.5026820462662727 16.021307012764737 1.4056532278191296 0.74200201779603847 0.88092054263688624 326.95829004806001
leaf_count=415 23 39 32 35144 22 187 13 47 58 91 71 50 65 400 352 495 27 162 23 20 28 27 945 34 66 208 22 40 10 7800
internal_value=0 0.00628701 -0.00287007 -0.00242617 0.187764 0.00234662 0.0294696 -0.000350009 -0.013193 0.0155967 -0.0192444 0.00415087 0.04959 0.0202672 0.0817512 0.00505081 0.00443263 0.0210999 0.0722746 0.293383 0.042398 0.00448718 0.0148595 0.161123 0.108012 -0.00242823 0.117941 -0.00165173 0.18499 -0.00254883
internal_weight=0 565.394 1478.72 1470.32 1.40149 483.254 82.1396 33.0933 30.6494 23.5519 16.9536 468.718 49.0463 25.6553 23.3911 464.955 463.127 123.852 30.3525 3.61308 26.7394 93.4992 84.0471 7.32875 5.67481 19.4107 3.38938 339.275 1.62292 337.652
internal_count=46916 11303 35613 35198 54 10167 1136 280 267 220 162 9980 856 465 391 9930 9907 1562 428 47 381 1134 972 123 100 258 50 8345 50 8295
is_linear=0
shrinkage=0.1


Tree=74
num_leaves=31
num_cat=0
split_feature=25 38 38 5 15 40 22 0 27 20 25 35 32 19 1 30 38 3 35 19 23 1 14 23 22 28 14 6 31 27
split_gain=3.24102 3.32869 6.40369 6.03597 6.99426 10.0563 12.832 5.95449 11.7646 5.47783 5.41718 13.2396 5.52648 6.73236 8.61363 5.35851 5.14556 7.51111 4.80555 6.21954 5.18702 4.94303 4.78209 17.4152 5.46655 6.1117 5.19074 12.9958 8.75662 6.40093
threshold=-1.4851349743931894 20.500000000000004 18.500000000000004 0.45189764732315835 -0.62217179065591099 0.54500000000000015 -0.56835095950012993 2.3908504208210455 -0.97060016048797038 4.5117486395859254 -1.0843268357966036 1.0043245819000413 0.60550638815675606 -0.38961642598237517 0.93818548117078804 -0.096573564820529464 4.5000000000000009 -0.79108615107012559 0.013472629160664076 2.1835117492307701 1.0530056282386038 -1.4134642502692507 -2.3055110860920025 -1.8001129540670766 -0.56043271764720337 -0.65521774512120901 -1.507797691239684 -0.89358350876965342 -1.0232304142117761 2.6616626129722021
decision_type=2 2 2 2 2 2 2 2 2 2 2 2 2 2 2 2 2 2 2 2 2 2 2 2 2 2 2 2 2 2
left_child=-1 2 3 4 5 15 -7 10 -9 -6 11 -5 -12 14 -14 -2 17 -17 19 -19 21 -20 23 -3 25 -25 29 -28 -29 -24
right_child=1 22 -4 7 9 6 -8 8 -10 -11 12 -13 13 -15 -16 16 -18 18 20 -21 -22 -23 26 24 -26 -27 27 28 -30 -31
leaf_value=-0.058444402377438004 -0.35506361338767028 -0.095635849319554114 -0.10299271577478648 0.42887547680319216 0.014103993444027666 -0.8892900066400915 -0.10234688391013069 -0.00058111759493535882 0.40755353973758252 0.21444235501257874 -0.082193003013048951 -0.077408531038621706 -0.0039635576688705062 -0.069032745369811604 0.24203075500910742 0.38614494733505506 -0.058800796739794617 -0.036630365495142335 0.33988830050354135 -0.44021899941157461 0.21837503540424585 -0.012054974109357762 -0.020325089950473569 -0.19912427101703034 0.1139564649044893 0.052759348565993784 0.064852042330775836 0.14959438290504284 0.00051009826732723604 0.17492264190177578
leaf_weight=9.550363428774288 0.49346590042114868 7.0902264881879118 7.5829961877316228 0.80108367372304146 88.489620487438515 0.30868978053331375 0.63029389758594234 4.6709336481289938 0.83208722248673339 1.3862155098468054 29.128659810405225 1.4540620800107715 5.2895625960081807 8.4915143968537432 1.9475071821361778 0.55868223356082936 16.300317773246206 2.9096880992874525 0.42929278314113517 0.43951722420752037 1.5352550279349086 5.6683007542742425 138.15237733046524 1.2007182734087107 16.468834953382611 4.8718049642629948 32.36588741838932 3.9492444675415745 1645.4696423726855 1.6997370859608043
leaf_count=702 14 83 715 28 3997 5 51 124 12 12 758 44 68 109 15 18 745 159 3 15 35 312 1987 18 145 75 336 28 36278 25
internal_value=0 -5.28645e-05 -0.0130608 -0.00909056 0.00336654 -0.0390865 -0.361054 -0.0373001 0.0611311 0.0171939 -0.0487975 0.102436 -0.0564006 -0.00863405 0.0622339 -0.0284168 -0.0226272 0.028465 0.010269 -0.0895934 0.0540875 0.0127231 0.00120733 0.0410573 0.0840531 0.00295447 0.000559109 0.00209844 0.000867054 -0.0179521
internal_weight=0 2030.62 179.348 171.765 119.149 29.2735 0.938984 52.6154 5.50302 89.8758 47.1124 2.25515 44.8572 15.7286 7.23707 28.3345 27.8411 11.5407 10.9821 3.34921 7.63285 6.09759 1851.27 29.6316 22.5414 6.07252 1821.64 1681.78 1649.42 139.852
internal_count=46916 46214 7239 6524 5366 1357 56 1158 136 4009 1022 72 950 192 83 1301 1287 542 524 174 350 315 38975 321 238 93 38654 36642 36306 2012
is_linear=0
shrinkage=0.1


Tree=75
num_leaves=31
num_cat=0
split_feature=28 4 1 38 8 9 14 0 32 17 19 27 2 2 38 5 12 3 6 6 15 15 3 6 20 18 21 26 42 3
split_gain=3.28848 6.64676 6.38733 4.40313 4.36611 4.16955 8.78784 4.11213 5.7621 3.92034 3.79605 8.14643 5.31108 7.43535 3.57201 3.47475 5.05531 4.87244 3.42402 4.13663 3.41759 4.89684 9.06224 8.60441 4.55809 3.58645 3.328 4.62446 7.12178 3.65134
threshold=1.1541873880417988 -0.58241634081999305 -0.81181514754369932 990.50000000000011 3.5893107819103243 1.438366478306347 0.095079438882349529 -0.91578917247610303 -0.33534140840406623 0.01620691911866105 -0.78097473362350078 -1.0452772822374576 -0.9773530641211744 -1.054129947885069 37.500000000000007 -1.32691050709638 2.5406276209956085 0.26274529074065867 -0.75540712581079394 -0.89358350876965342 7.4933959127838348 3.0702735583907592 0.50323057917120739 0.80042057158057978 -0.20525438056056297 0.9733038547574312 -1.4850889186529146 2.2073766814489928 0.84375000000000011 -0.34328026497192571
decision_type=2 2 2 2 2 2 2 2 2 2 2 2 2 2 2 2 2 2 2 2 2 2 2 2 2 2 2 2 2 2
left_child=4 3 18 5 15 7 -7 8 -2 -9 11 -5 13 -12 -4 17 20 -1 19 -3 21 26 23 24 25 -23 29 -28 -29 -17
right_child=1 2 14 10 -6 6 -8 9 -10 -11 12 -13 -14 -15 -16 16 -18 -19 -20 -21 -22 22 -24 -25 -26 -27 27 28 -30 -31
leaf_value=-0.076849070044013923 -0.10205125703268469 0.036840801159414786 0.088166402336134958 0.33624189761469886 0.065584865511386786 0.20486652930500751 -0.087438144190983155 -0.068368426315780814 0.46770940230359903 0.16888233021455828 -0.052975242706673892 -0.067415323433115862 -0.058226594831633782 0.27267346509140022 -0.0789695001651496 0.0003718837884295256 0.20451580902923927 0.20889415113776183 0.010316685162566959 0.218662536055554 -0.095569573095587571 0.00064240105533484447 0.22902916048639499 0.20210681991400509 -0.035715643546636242 0.26703194908792682 0.00016284927544892727 0.029629353285123762 0.27902744521897316 -0.079667157751015405
leaf_weight=9.3704705967102164 0.36052856221795082 2.0773276099935174 1.7406561569077883 1.0503085856325927 10.241515463683752 1.8805708698928345 2.2700355844572186 40.169300826964907 0.34963457891716743 0.70876869733910908 1.4284149967134001 0.95417259237728913 6.3792247748933724 1.3770715761929739 4.8183234247844666 11.907217131927611 1.212897263932972 0.63734214520081955 2.8643700832035375 3.1467041280120611 3.7116047982126465 1.0553582855500292 2.5131657104939213 2.282307320740073 10.441531688906252 0.96983102243393648 1893.9047088070074 5.4125646797474465 1.4521922725252805 10.932961795711888
leaf_count=401 41 30 53 18 125 16 31 2464 15 39 35 25 276 15 152 267 28 13 66 23 39 34 20 33 128 7 42228 83 14 197
internal_value=0 -0.0213589 0.0387178 -0.0368165 0.000462381 -0.0505719 0.0450003 -0.0601102 0.178459 -0.0642548 0.0194126 0.144093 -0.00779777 0.106869 -0.0346141 0.000121369 0.000423657 -0.0586517 0.0981835 0.146361 0.000296358 0.000479686 0.0535034 0.0235946 -0.00908597 0.128212 3.8591e-06 0.00045981 0.0823878 -0.0379406
internal_weight=0 71.5754 14.6474 56.928 1966.05 45.7388 4.15061 41.5882 0.710163 40.8781 11.1892 2.00448 9.18471 2.80549 6.55898 1955.8 1945.8 10.0078 8.0884 5.22403 1944.58 1940.87 17.2622 14.749 12.4667 2.02519 1923.61 1900.77 6.86476 22.8402
internal_count=46916 3299 324 2975 43617 2606 47 2559 56 2503 369 43 326 50 205 43492 43078 414 119 53 43050 43011 222 202 169 41 42789 42325 97 464
is_linear=0
shrinkage=0.1


Tree=76
num_leaves=31
num_cat=0
split_feature=22 1 28 35 32 9 9 28 31 49 38 19 4 29 21 4 7 6 32 19 29 4 21 18 28 20 21 4 25 32
split_gain=3.26846 9.69622 8.02137 7.62036 6.99817 6.35027 7.62414 10.7773 14.2841 7.50881 8.09419 7.60848 7.2807 6.04392 5.74328 5.48459 7.00038 5.26644 4.87607 8.23899 8.91007 4.81307 7.88158 7.8335 7.91489 7.47332 7.00883 6.00438 6.37204 6.27373
threshold=-0.48309686842777105 0.72669147920041455 -0.083114066454834462 0.9996510591716582 -1.3168154032724426 -1.1031834161225009 -1.050733161409878 0.1300110661810642 -0.87786989913768954 11.500000000000002 134.00000000000003 -0.65019057513811995 -0.51409738263843319 -0.32172114061802159 -0.16868985372311399 2.2068148403612775 -1.2232082355497031 -0.88502031796047964 -1.2124935250718196 -0.62767119228853241 -0.003694741111859324 -0.1096757336458727 -1.2516311837347798 -1.0421863804581497 0.7702856330518586 3.0378547062252426 -1.2888479407863629 -0.42760485065857018 -1.1159019371034191 -0.13731123963154598
decision_type=2 2 2 2 2 2 2 2 2 2 2 2 2 2 2 2 2 2 2 2 2 2 2 2 2 2 2 2 2 2
left_child=1 3 4 -1 17 18 7 9 -9 -7 -11 -12 -13 -5 -10 21 -17 -3 -2 20 -20 22 26 -24 25 -25 -8 28 -26 -30
right_child=5 2 -4 13 -6 6 15 8 14 10 11 12 -14 -15 -16 16 -18 -19 19 -21 -22 -23 23 24 27 -27 -28 -29 29 -31
leaf_value=-0.068196861256301922 -0.0042728058173843826 0.19059914504412001 -0.077206774567943226 0.041744456730438223 0.0039111461686326954 -0.052460166758013585 0.015688776141859994 0.37207957414551729 0.11003151633370825 -0.10183939996125901 0.61559336176501189 0.29604962947245883 -0.10212083820903628 0.18799102833962825 -0.10267300878325758 -0.078602547219469174 0.13641182316026251 0.039396130812569874 0.0077577959417948336 -0.07502852964134131 0.56578052649254762 -0.011007647207079465 0.34071430460951291 0.0017565075145081158 0.32145571365689846 -0.19426521736721095 0.086656763201577253 0.13310301346597792 -0.077811804892165326 -0.0074098264682856199
leaf_weight=2.5551973236724725 42.702326846600045 3.2750421823002398 11.99830568465404 5.0977243916131547 605.87174270814285 9.6194343836978096 61.892282119370066 1.9587085898965586 7.5733315363759166 1.1211296287365251 0.41094721015542779 1.185590124106966 0.74958508182316985 6.3406907534226766 1.5250469935126592 2.0425955587998033 5.8535430310294023 7.765515221632084 11.421429275302215 35.347858365741558 0.29349211137741704 458.01263490179554 0.66852300078607996 675.96077203203458 0.47051328816451032 1.9505479615181673 17.952810703311116 1.966248605865984 30.105724821100008 21.840336299501363
leaf_count=36 2934 46 278 57 9308 422 1600 21 404 150 12 32 63 60 119 22 57 187 838 2729 4 7597 25 17599 25 22 321 32 1408 508
internal_value=0 0.0056058 0.00377391 0.0879357 0.0053489 -0.00301445 -0.00124196 0.0544293 0.127115 -0.00698348 0.119186 0.224806 0.141819 0.122814 0.0743785 -0.0022931 0.0807913 0.0842486 -0.0287406 -0.0509413 0.0217379 -0.00280934 0.00181036 -0.00143973 -0.00175209 0.0011925 0.0316456 -0.0384579 -0.0448935 -0.0482118
internal_weight=0 642.904 628.911 13.9936 616.912 1392.63 1302.86 24.1438 11.0571 13.0867 3.46725 2.34612 1.93518 11.4384 9.09838 1278.72 7.89614 11.0406 89.7651 47.0628 11.7149 1270.82 812.808 732.963 732.294 677.911 79.8451 54.3828 52.4166 51.9461
internal_count=46916 9972 9819 153 9541 36944 30439 1223 544 679 257 107 95 117 523 29216 79 233 6505 3571 842 29137 21540 19619 19594 17621 1921 1973 1941 1916
is_linear=0
shrinkage=0.1


Tree=77
num_leaves=31
num_cat=0
split_feature=35 40 40 32 9 29 49 38 42 20 40 49 25 15 3 38 38 21 21 38 38 4 26 19 6 22 23 28 5 13
split_gain=3.18967 12.5898 9.92448 5.38292 5.15809 9.37881 4.51919 4.97984 6.07101 5.2469 4.53387 7.81927 6.99906 11.0741 10.2881 10.4792 10.0416 15.7272 9.9419 9.61809 9.02765 11.238 8.76299 8.24263 7.86147 10.2193 6.6406 10.5291 8.51689 6.61988
threshold=3.0195739599703946 0.34500000000000003 0.43500000000000005 1.291837645460044 0.87839231665758244 -0.47449005221913793 12.500000000000002 1377.0000000000002 0.21875000000000003 1.1053156171732998 0.24500000000000002 2.5000000000000004 0.15473381767243871 -0.49864036067792272 -0.55003713573282509 376.50000000000006 147.50000000000003 -0.71474989814402046 -0.17825917635691677 37.500000000000007 50.500000000000007 -0.17583450750887716 -0.45735815292374327 -0.69264065438538969 -0.85383666597478036 0.31792252417804506 0.41544198113788638 -0.47112307147026317 -0.37340063954421837 -0.57281791779070101
decision_type=2 2 2 2 2 2 2 2 2 2 2 2 2 2 2 2 2 2 2 2 2 2 2 2 2 2 2 2 2 2
left_child=1 6 4 -3 5 -2 10 -8 -9 -10 -1 12 13 14 15 26 17 20 19 -19 -14 -22 -20 24 -16 -26 -12 29 -29 -28
right_child=2 3 -4 -5 -6 -7 7 8 9 -11 11 -13 16 -15 23 -17 -18 18 22 -21 21 -23 -24 -25 25 -27 27 28 -30 -31
leaf_value=-0.0020961438200160928 0.16598005417378389 -0.041940183830794515 0.0022322755809814146 0.28322361590941381 0.059348330651571982 -0.26729177978045349 -0.040348562221690823 0.1078382793329658 0.032277551156237837 -0.10297267429832956 -0.10974312032369059 -0.0021397784681705325 -0.0015102992146245621 -0.025903121054437123 -0.016933870145417789 -0.062518003713026835 0.0014158477814354762 0.18186401012987718 0.37810015334915031 0.50441504353819422 -0.1035568278552766 0.27752945120039246 -0.067794132372784519 0.0043366737677256574 0.52365352184514069 0.11474184293553853 0.10891006347264609 0.16677889747706687 0.62311475590209608 0.39191226042647781
leaf_weight=1038.3682716735639 0.81130176945589516 85.052594163629692 528.8839817076223 0.51217825571074982 41.888800466898829 1.3003990700235579 53.180503178969957 5.5230025015771416 7.6442951106000674 4.5909355664625764 0.74620669335126777 152.59752226993442 8.4151318930089491 34.140423796372488 1.718654431402683 2.2758730519562951 11.583122199401258 1.7260310077108445 0.65526542905718121 1.9906868548132477 1.0400025602430103 3.0235036509111515 1.3462914228439355 31.610201713861901 0.93631893163546509 1.7599413385614751 6.0667983922176036 0.71747196651995182 0.95123182237148263 0.9569257106632002
leaf_count=19829 19 5733 11480 10 809 34 1961 39 261 47 26 4167 188 842 22 56 165 38 24 33 50 35 39 717 18 40 167 44 11 12
internal_value=0 -0.00277689 0.00602865 -0.0399938 0.0516609 -0.100832 -0.0004585 -0.025038 0.0208123 -0.0184714 0.00088006 0.0125747 0.0326839 0.017585 0.048685 0.130093 0.0741981 0.120527 0.257861 0.354623 0.0575946 0.179995 0.0781818 0.022213 0.150205 0.256743 0.176536 0.201112 0.42691 0.147467
internal_weight=0 1459.13 572.884 85.5648 44.0005 2.1117 1373.56 70.9387 17.7582 12.2352 1302.63 264.258 111.66 81.88 47.7396 11.7145 29.78 18.1969 5.71827 3.71672 12.4786 4.06351 2.00156 36.0251 4.41491 2.69626 9.43863 8.69243 1.6687 7.02372
internal_count=46916 34574 12342 5743 862 53 28831 2308 347 308 26523 6694 2527 1955 1113 316 572 407 134 71 273 85 63 797 80 58 260 234 55 179
is_linear=0
shrinkage=0.1


Tree=78
num_leaves=31
num_cat=0
split_feature=46 49 8 2 38 38 38 28 35 20 1 9 38 38 38 38 7 38 49 2 29 38 20 20 19 0 3 12 13 14
split_gain=3.05717 4.71324 4.98333 6.08413 7.10077 6.64566 3.37729 7.5481 6.4568 5.11016 5.41185 4.29144 6.55249 3.76058 10.5467 6.70753 14.7355 12.7975 8.64175 9.0401 23.0874 30.5043 8.30971 11.2134 7.48199 13.4109 7.24897 7.87623 6.69017 7.69763
threshold=32.500000000000007 21.500000000000004 -0.6786290991684919 -0.86451324724609435 328.50000000000006 537.50000000000011 2789.5000000000005 0.5083691285113946 3.0010411422024923 0.79995783073696392 -1.2112200274775933 -1.5798035608020125 2310.0000000000005 55.500000000000007 58.500000000000007 43.500000000000007 -1.330443702086902 42.500000000000007 12.500000000000002 1.3569240264124187 -0.76847526074687966 46.500000000000007 -0.22657443860658211 -0.50271830486210123 -0.75759269586460853 -0.58844038671351928 -0.87564083868475662 0.048941766669429197 2.3635909872540855 -2.3055110860920025
decision_type=2 2 2 2 2 2 2 2 2 2 2 2 2 2 2 2 2 2 2 2 2 2 2 2 2 2 2 2 2 2
left_child=1 6 3 -3 -5 -6 11 9 -9 10 -8 12 -1 15 -15 17 24 -13 19 26 -21 -22 23 -19 -17 -26 -18 -28 29 -16
right_child=-2 2 -4 4 5 -7 7 8 -10 -11 -12 13 -14 14 28 16 18 22 -20 20 21 -23 -24 -25 25 -27 27 -29 -30 -31
leaf_value=-0.05214141156582297 0.11178806525558803 -0.04444262709796843 -0.086213022666790914 -0.10445619139321115 0.37724720818446911 0.040528085105556361 0.11621492891504095 0.1198358923844397 -0.10705636315622223 0.0039772115825008145 -0.068627690893502499 -0.0015279638885236054 0.33257365071768108 0.2033751930499913 0.067842207811001171 -0.059532500278603531 0.32140478985383419 0.10391147877311352 -0.095456233572083465 -0.0076815291241522886 1.2460899678490209 0.1513121657886447 0.096180278786672235 0.78890117521014869 0.39820956685653691 0.053481851778993075 -0.01554094018090213 -0.086227768288116721 -0.02721981203076598 0.004763965259588933
leaf_weight=20.735270074917938 2.4306693891994646 7.5410646683303639 13.05056721169967 1.0085442146519219 1.2004485805518927 1.1454080734401939 1.665494218468665 5.8674997310154131 1.5952262547798453 20.143026611767709 32.350831076968461 533.25236343027791 0.45237743947654863 2.6616691125091156 19.670736096799374 1.7049027816392479 0.58479720470495422 0.51338923024013638 19.299941234639846 4.0602873167954385 0.37065320787951239 0.8122552155982703 4.1236989805474868 0.44711941480636586 1.8194792266003785 2.9715998810715964 68.418649428756908 20.481975410832092 64.670610183151439 1172.9672403454315
leaf_count=1453 22 383 1113 83 33 47 17 86 50 178 572 15375 14 73 211 57 16 26 1406 202 26 44 62 16 26 46 1745 1441 757 21336
internal_value=0 -0.000428521 -0.0445308 0.00539616 0.117439 0.212838 9.9083e-05 -0.0229485 0.0713356 -0.0359401 -0.0595775 0.000831159 -0.0439274 0.00132538 0.00452668 -0.0047966 -0.0261208 -2.24614e-05 -0.0344665 -0.0220405 0.105581 0.49435 0.157881 0.422776 0.120377 0.184397 -0.0295182 -0.0318266 0.00410572 0.00580434
internal_weight=0 2025.59 23.946 10.8955 3.3544 2.34586 2001.64 61.6221 7.46273 54.1594 34.0163 1940.02 21.1876 1918.83 1259.97 658.861 120.525 538.337 114.029 94.7286 5.2432 1.18291 5.08421 0.960509 6.49598 4.79108 89.4854 88.9006 1257.31 1192.64
internal_count=46916 46894 1659 546 163 80 45235 903 136 767 589 44332 1467 42865 22377 20488 5009 15479 4880 3474 272 70 104 42 129 72 3202 3186 22304 21547
is_linear=0
shrinkage=0.1


Tree=79
num_leaves=31
num_cat=0
split_feature=10 34 29 27 9 7 7 19 19 38 9 19 19 10 5 9 25 26 35 10 33 4 40 2 32 1 32 4 11 29
split_gain=2.94422 8.29801 7.64178 9.24729 5.63681 6.77915 10.748 7.43892 8.90971 6.78743 6.2922 5.9173 10.2234 15.994 7.85587 5.66909 5.2852 8.03709 11.193 5.23759 9.60443 9.02306 8.91746 8.0293 8.78074 5.44757 9.69748 6.07594 7.07026 6.0698
threshold=1.5558804064814382 0.99457118248865239 -0.71880909327404952 2.0154124507440128 1.523319056737316 1.4022413871408133 1.5227384489782632 0.38645221315906658 0.68204419045240294 251.50000000000003 1.438366478306347 1.5809229016355388 2.9456182737656893 1.8683724152793217 0.10622988441444291 0.22298415082616821 0.15473381767243871 -0.38867476365263659 2.0121605094930035 1.4420939973346405 2.1487442112708721 0.10095635355362188 0.22500000000000003 -0.60262368280173195 1.4499736445317513 1.3261781174378513 -0.84486961018116336 1.2144589538204951 -0.45843596099534217 1.5803536979568797
decision_type=2 2 2 2 2 2 2 2 2 2 2 2 2 2 2 2 2 2 2 2 2 2 2 2 2 2 2 2 2 2
left_child=19 2 3 16 5 10 -7 -8 9 15 -4 -10 13 -13 -15 -9 17 -2 -19 25 21 -21 -22 -24 -25 -1 -27 29 -29 -28
right_child=1 -3 4 -5 -6 6 7 8 11 -11 -12 12 -14 14 -16 -17 -18 18 -20 20 22 -23 23 24 -26 26 27 28 -30 -31
leaf_value=-0.0017371560546832355 0.044441661610254153 -0.010621239474842052 0.048601258566069519 -0.2772220366704975 0.10341160324372978 -0.26022614559897866 0.067795144749168715 -0.20111418832813355 0.085406546949792078 -0.36599132746501623 -0.21210920498248886 -0.41467393745772319 0.072613814073533775 0.10501510869185911 -0.25141841299632528 0.048762201818858569 0.068698285320812513 -0.32527314674859464 0.036402094416237804 0.15838723158252579 -0.064398173545138826 -0.061639150826031941 -0.040674096369769472 0.28688469490550839 0.051044268520738637 -0.096213300529411183 0.083120385260841284 0.071286525688015287 -0.044117323563716671 -0.065467791434656322
leaf_weight=1673.2845703072962 3.1697978256270281 104.11523462831974 71.145535896066576 1.5225430782884348 11.08750662487 1.6349171809852148 11.103706816211345 1.9810170903801947 5.5081698168069115 1.1406206544488666 0.93793696165084739 1.5214308965951184 3.7113021872937679 1.8837777869775894 0.92051555216312397 1.6761965770274398 4.5387745397165418 2.0597575893625613 1.4637655597180126 1.9449394438415755 5.1078461632132521 44.688010609475896 2.7910497169941655 3.0033680610358706 3.3280068328604102 5.6227305836509904 29.462086136452854 8.7670337632298487 13.458305873908101 3.0321368714794508
leaf_count=41701 57 1154 1504 22 333 21 187 29 102 21 24 21 76 52 17 30 86 27 23 18 51 563 23 24 23 96 352 91 135 53
internal_value=0 0.0103065 0.0274622 -0.0459523 0.0356579 0.0283762 -0.0106618 0.00319434 -0.0359109 -0.153013 0.0452089 0.00556791 -0.0491494 -0.153618 -0.011985 -0.0865893 -0.014603 -0.0710901 -0.175024 -0.00168491 -0.0305183 -0.0524624 0.0413932 0.100628 0.162918 -0.000672647 0.0288461 0.0416966 0.00140502 0.0692552
internal_weight=0 231.123 127.007 12.7546 114.253 103.165 31.0817 29.4467 18.343 4.79783 72.0835 13.5452 8.03703 4.32572 2.80429 3.65721 11.2321 6.69332 3.52352 1794.49 60.8632 46.633 14.2303 9.12242 6.33137 1733.63 60.3423 54.7196 22.2253 32.4942
internal_count=46916 3786 2632 215 2417 2084 556 535 348 80 1528 268 166 90 69 59 193 107 50 43130 702 581 121 70 47 42428 727 631 226 405
is_linear=0
shrinkage=0.1


Tree=80
num_leaves=31
num_cat=0
split_feature=42 2 27 29 3 4 20 38 30 15 27 35 12 1 10 16 1 15 7 17 34 25 28 4 20 3 9 30 6 4
split_gain=3.00469 9.41831 13.7692 13.3582 9.1681 8.02573 7.01661 6.61549 6.01463 6.10112 6.68569 6.00507 6.14045 7.28875 9.89895 6.00352 6.85723 5.84286 5.80117 5.74652 7.42897 5.52763 5.44656 5.2232 5.20663 6.41189 7.204 6.14239 5.54136 12.8838
threshold=0.84375000000000011 0.88674397041065955 -0.22370348595726991 -0.74349656911710305 0.43260527674256849 -0.077551064278488693 1.430240551954153 106.50000000000001 -0.072799659517414947 -0.75121708648701568 -0.45109094273229849 4.0010773865581379 0.18490309484019882 -0.42005527255047348 0.12169557320831886 -0.038573298227976831 -0.46935097891419147 0.22773187211621171 0.10794782654299927 -0.012195631691108291 0.0023579259402421427 0.050210219144680789 -0.63608700657776629 0.22119691857059723 1.1641828072850682 0.011331734414470567 1.293112571040208 -0.071943900887390985 -0.83318551555164955 1.3243968764464313
decision_type=2 2 2 2 2 2 2 2 2 2 2 2 2 2 2 2 2 2 2 2 2 2 2 2 2 2 2 2 2 2
left_child=8 15 3 5 6 7 11 17 -1 -10 -11 12 13 -4 -15 16 -2 -3 19 20 -12 -14 -23 -16 27 26 28 -17 -26 -30
right_child=1 2 4 -5 -6 -7 -8 -9 9 10 18 -13 21 14 23 24 -18 -19 -20 -21 -22 22 -24 -25 25 -27 -28 -29 29 -31
leaf_value=0.0025932112625093508 0.27063985531338491 0.39439902167037233 0.32583191708185277 0.23318176650491895 -0.085856912794189999 -0.077397252584307089 -0.088635889191717054 0.032427849069680201 -0.33745159419250492 -0.067462116859018165 0.24874390256701068 -0.090946587505694551 0.1860713929305054 -0.11292671660131229 0.28670878884234369 -0.030905194864604104 0.0030429800941330467 0.11283018082947337 -0.043206425935305298 0.0060455588175860608 -0.0071126881239145 0.30250385840475102 -0.071798545628606977 0.088406702884917102 0.074719530082698313 -0.13439653052481176 0.13193809356921535 0.069439071786280657 0.043711849387357442 -0.099559926257807088
leaf_weight=1653.6216729542357 1.5135784540325401 1.1186834021937104 1.5228489129804064 5.2472652816213659 10.677031237399204 3.8305059038102636 4.352797018364071 6.0327846680302173 0.62250584806315501 23.752777878195047 2.3893882599659255 2.5448899595066896 1.3035140617284913 1.8940157378092495 1.8932972121983764 182.16865264461376 2.6069840341806403 2.1599230461288244 22.309940982726403 27.938862001756206 2.161403501406312 0.42111253738403753 5.0595197770744518 4.4506292124278843 8.574514843523497 2.8170184204354873 5.1580632403492919 6.311674771597608 14.531360303983098 11.049037537537513
leaf_count=40501 18 24 17 53 180 43 43 73 14 852 28 46 21 41 22 2925 32 50 489 574 50 2 154 53 113 27 44 115 174 138
internal_value=0 -0.00973885 0.0285465 0.0982991 -0.00904737 0.0444435 0.0259358 0.0945661 0.00130405 -0.0256209 -0.0231497 0.0520601 0.0740569 0.124846 0.0876925 -0.0183032 0.101338 0.208903 -0.00394263 0.023019 0.127225 0.00098298 -0.0430385 0.147588 -0.020441 0.0113407 0.0217836 -0.0275449 0.00514816 -0.0181721
internal_weight=0 287.24 52.5088 18.3892 34.1197 13.1419 23.4426 9.31139 1732.8 79.1749 78.5524 19.0898 16.5449 9.76079 8.23794 234.731 4.12056 3.27861 54.7996 32.4897 4.55079 6.78415 5.48063 6.34393 230.61 42.13 39.313 188.48 34.1549 25.5804
internal_count=46916 4408 822 243 579 190 399 147 42508 2007 1993 356 310 133 116 3586 50 74 1141 652 78 177 156 75 3536 496 469 3040 425 312
is_linear=0
shrinkage=0.1


Tree=81
num_leaves=31
num_cat=0
split_feature=29 22 8 22 19 24 26 22 15 16 18 25 20 4 31 29 12 19 38 5 32 30 49 30 33 5 32 0 30 27
split_gain=3.19443 4.1862 4.10444 4.36788 4.24935 5.06205 8.83836 9.39114 7.76399 5.40514 5.39369 5.371 4.99216 4.81444 4.69891 4.62792 4.56531 4.64637 4.49363 5.95656 5.80161 4.72508 4.4212 4.41795 8.06848 9.14289 7.00039 11.5972 6.60134 5.66819
threshold=0.27002138586136798 3.2761745799476767 -0.91167676993147972 -0.59676418347312266 0.96926397957482013 -0.23665506774872505 -0.80765750265486547 0.91029389831057284 2.2397817904865036 -0.02317327662905622 0.99283330987725005 2.0116949176175538 1.3183409736206884 1.3243968764464313 1.1904103609635717 0.19511648960278563 1.6977103602443542 -0.6623960880988119 439.50000000000006 -1.2449411232675891 0.93306494846323218 -0.10683719861156017 14.500000000000002 -0.088059538271501772 -0.3242989378622127 0.87907975649947834 0.72448956871024983 0.41462315334582212 -0.088395720096126659 -0.68190055394084104
decision_type=2 2 2 2 2 2 2 2 2 2 2 2 2 2 2 2 2 2 2 2 2 2 2 2 2 2 2 2 2 2
left_child=1 2 3 -1 5 14 7 10 11 12 13 15 -10 -7 23 18 17 -9 19 20 -8 -21 -6 24 -4 28 27 -27 29 -26
right_child=-2 -3 4 -5 22 6 8 16 9 -11 -12 -13 -14 -15 -16 -17 -18 -19 -20 21 -22 -23 -24 -25 25 26 -28 -29 -30 -31
leaf_value=-0.26267466123584204 0.0061981314303714277 -0.072841797800755406 -0.043337918047901949 -0.044850555190756987 0.0513000772279417 -0.015672634314959123 0.0016717349210483318 0.12385493306127411 -0.060021657766322616 0.25651111892220602 0.22910459306058045 -0.124700361663235 0.2487039680416058 0.17098667673757001 -0.04238433579693443 0.21625808521652912 -0.0098510813604440403 0.39965526030042803 -0.074533524421785555 0.28173848673705076 0.43517214591581654 -0.030742991516997459 -0.081318603767559533 -0.0012017818147072061 -0.10785000503582519 0.40496880193564722 -0.0081797745092453567 0.098145529736634263 0.24250350102330068 0.032797496010490777
leaf_weight=1.0816710479557512 554.91886765789241 8.4625200014561397 11.886479423847048 6.1810835814103475 24.080308918375525 22.812570738373335 0.699960074154659 1.2945822216570382 2.1406542522599916 1.3857075003907082 1.0315447761677194 7.572668539825826 0.69344425201416005 1.4708977630361904 26.704361312731635 0.71769520500674744 0.8954085602890699 1.15653242310509 24.27182973024901 0.48847192246466775 0.55233594495803118 51.759865789499599 2.8068107443395993 1224.0242791227065 3.2008897406049099 1.9614980779588211 1.9817865965887902 3.3119526663795114 1.3691318356432045 27.335592561401427
leaf_count=14 11303 297 566 108 433 595 37 27 80 22 10 80 5 23 2025 21 24 21 437 6 12 1641 58 28471 73 23 26 32 20 426
internal_value=0 -0.00271228 -0.00230436 -0.077292 -0.00192814 -0.00267348 -0.0224207 0.0259594 -0.0377797 0.0946551 0.00514724 -0.0442732 0.015517 -0.00436631 -0.000869168 -0.0365136 0.183394 0.253988 -0.0388462 -0.0226558 0.192871 -0.0278216 0.0374557 3.02096e-07 0.0288241 0.0507275 0.152054 0.212271 0.0276861 0.0180546
internal_weight=0 1463.33 1454.87 7.26275 1447.61 1420.72 118.944 28.6615 90.2826 4.21981 25.315 86.0628 2.8341 24.2835 1301.78 78.4902 3.34652 2.45111 77.7725 53.5006 1.2523 52.2483 26.8871 1275.07 51.0473 39.1609 7.25524 5.27345 31.9056 30.5365
internal_count=46916 35613 35316 122 35194 34703 3041 700 2341 107 628 2234 85 618 31662 2154 72 48 2133 1696 49 1647 491 29637 1166 600 81 55 519 499
is_linear=0
shrinkage=0.1


Tree=82
num_leaves=31
num_cat=0
split_feature=32 9 6 40 27 34 38 2 49 20 30 27 19 38 38 5 8 5 46 3 25 35 42 0 28 13 19 19 19 3
split_gain=2.8886 5.62595 4.54559 3.13537 3.33562 3.13536 5.63995 4.8899 6.51414 5.60848 3.86948 3.43049 3.71112 3.219 5.38964 5.1747 8.8233 5.58643 5.1689 6.53352 10.6653 6.92539 5.358 4.67976 9.88161 15.1855 37.5343 6.32176 5.25975 4.46068
threshold=2.5713706097310451 2.2409182408133739 -0.75538647965663919 0.23500000000000001 1.9072793603732416 1.9916483536401013 328.50000000000006 -0.45206827044043457 23.500000000000004 1.0782049407445249 -0.078833050870708035 2.5243638147961547 -0.70946101800333039 9.5000000000000018 10.500000000000002 0.45189764732315835 2.0990456470371259 0.42565854651907487 1.0000000180025095e-35 0.68070379149617277 0.60434292714810545 0.99014557267915981 0.34375000000000006 0.23112969076038462 0.70728274976500616 0.27187352970826756 -0.46694515059762537 -0.75759269586460853 2.9456182737656893 -0.15021743217919711
decision_type=2 2 2 2 2 2 2 2 2 2 2 2 2 2 2 2 2 2 2 2 2 2 2 2 2 2 2 2 2 2
left_child=5 3 -3 -2 -5 13 -7 8 9 -8 -10 12 -9 15 -15 16 17 23 19 20 21 -17 -22 24 28 26 -26 -27 -1 -19
right_child=1 2 -4 4 -6 6 7 11 10 -11 -12 -13 -14 14 -16 18 -18 29 -20 -21 22 -23 -24 -25 25 27 -28 -29 -30 -31
leaf_value=-0.012994368442747359 0.046250108303762208 0.10284790493776977 -0.026471647419140848 0.23811218487137192 0.053779189637508829 -0.087051692003753012 -0.072189325501029994 0.0616259567140124 0.21823319771592989 0.097886891570039172 0.024834066208137641 0.064525798405858648 -0.085860058950285284 0.056295417378370044 0.00033732816617893554 0.19437554575843419 0.27748775002920001 0.011425470567044231 -0.082544858413285058 -0.068431760353727708 0.34636895224313857 -0.11347903478049615 0.071723368129966991 -0.064618108904763577 -0.10068934107918953 0.27817820211180511 2.1082873815490948 -0.1024680838189853 0.14010978031542323 0.28763509156739525
leaf_weight=57.578130373731256 6.2335820756852645 3.3431403571739819 14.53765484318137 2.3037768201902509 1.7106001242063937 11.638084285950752 5.2863847361877543 2.0219671590020853 2.6055094271432617 3.0619646576233208 1.715798662509769 2.5286531727761039 10.921155151329003 17.376573111861944 1818.6641403101967 0.96545899286866044 1.1095765114296217 1.2032545364927503 19.611476122867316 7.3977865660563111 1.4849707745015623 3.0054321950301528 1.3616717979311941 13.483464286895467 0.1774772226344794 0.93632713914848875 0.13576265121810083 0.81702782958745923 2.334826366743072 1.1373486416414369
leaf_count=2539 57 34 142 28 31 1197 361 112 30 43 47 25 650 184 39636 19 44 34 522 158 27 92 16 681 38 18 16 53 64 18
internal_value=0 0.031564 -0.002293 0.0906381 0.159564 -0.000707499 -0.0284999 -0.0042854 0.0417789 -0.00980965 0.141443 -0.0420069 -0.0628199 -0.000140186 0.000866924 -0.0165416 -0.00251478 -0.00650796 -0.0492642 -0.00335019 0.0672706 -0.0386291 0.214994 -0.0112271 0.00038793 0.21538 0.856713 0.100805 -0.00702785 0.145642
internal_weight=0 28.1288 17.8808 10.248 4.01438 1988.56 39.7795 28.1414 12.6697 8.34835 4.32131 15.4718 12.9431 1948.78 1836.04 112.74 78.9132 77.8036 33.8268 14.2153 6.81753 3.97089 2.84664 75.463 61.9796 2.06659 0.31324 1.75335 59.913 2.3406
internal_count=46916 292 176 116 59 46624 2465 1268 481 404 77 787 762 44159 39820 4339 3505 3461 834 312 154 111 43 3409 2728 125 54 71 2603 52
is_linear=0
shrinkage=0.1


Tree=83
num_leaves=31
num_cat=0
split_feature=35 40 35 8 20 23 40 14 28 33 33 25 6 38 4 3 25 25 22 1 21 21 21 38 3 2 5 5 7 14
split_gain=2.76296 9.53782 8.9316 7.64419 7.29401 8.46154 6.79461 6.89197 7.07047 6.58849 7.25196 6.35484 6.29153 7.89977 6.93548 9.12072 7.18114 6.26103 10.5201 9.98628 9.02407 10.3234 8.59597 8.42388 8.30573 9.74025 8.3177 7.28324 17.6644 8.45802
threshold=3.9964342956725853 0.43500000000000005 2.0199042999892827 0.34078120024344988 0.52844229685315558 -1.0008965556676603 0.24500000000000002 0.98308371958828267 -0.52286346791548477 0.11151449462488539 2.3793456127367998 0.14193131682187046 0.42012295667574778 101.00000000000001 -0.35969236146581368 -0.53060317518315359 -0.14099081312648673 0.096920249579830378 0.27452078089901816 -0.069674437494891786 -1.2702527262300845 -0.22474488132679041 -0.71474989814402046 87.500000000000014 -0.43070653936882103 -0.30423602636329072 1.0874454679248922 -0.3008464045274129 1.941337194827869 -0.54386189272063656
decision_type=2 2 2 2 2 2 2 2 2 2 2 2 2 2 2 2 2 2 2 2 2 2 2 2 2 2 2 2 2 2
left_child=2 11 6 4 -4 -6 -1 12 -9 -7 -11 -2 17 -14 15 -15 -17 -8 19 20 -19 22 24 27 -22 26 -26 28 -21 -29
right_child=1 -3 3 -5 5 9 7 8 -10 10 -12 -13 13 14 -16 16 -18 18 -20 23 21 -23 -24 -25 25 -27 -28 29 -30 -31
leaf_value=-0.0020623529980454175 -0.19024107844772567 0.0022590835396628234 -0.027791059006125149 -0.053470527275428351 0.16678504458280893 0.070554138528832785 0.0070924889366327419 0.13393449108681063 -0.092700015849586107 -0.033629662172731493 0.034402407070305167 0.062261753206549322 -0.093692754884124832 -0.10542378881975337 0.38037097100268957 0.27119675925462405 -0.021420270283693157 0.0042377059878509734 -0.063795137236689461 0.82649532287055616 0.57115801059316829 -0.041888115389758743 0.36995002105367281 -0.031761454998150494 0.4302795121576457 -0.10566012648474761 0.070598595951887194 0.12611030419907276 -0.044222011309000525 -0.039909948032870228
leaf_weight=1055.4462751739193 1.0255165323615063 507.95446113194339 107.64773511141539 53.357815636612941 3.3750142636708906 12.880999887362121 108.98444324720185 1.6225724520627398 9.0791962767252681 40.952827544417232 25.378213521675207 35.491695885080844 1.550139625556765 1.4458868838846672 1.1495938934385774 2.9080652468837793 1.1785728204995405 3.3138114510802543 6.6814797648694357 0.43045729817822476 0.43197866855189104 1.5110739478841413 3.1737320320680737 10.583278045989571 1.1120907871518273 1.3790097704622906 1.5240303851896895 8.6194958128035015 0.50790965557098389 4.7650632438017118
leaf_count=20875 9 11014 5088 2363 44 209 3444 34 870 544 314 741 243 49 12 52 39 75 189 26 17 40 40 182 38 61 25 109 16 154
internal_value=0 0.00580782 -0.00253057 -0.0200218 -0.01064 0.0117155 0.000940783 0.0193741 -0.0583383 0.00510844 -0.00760064 0.0551707 0.0245317 0.109692 0.156874 0.110435 0.186807 0.0199501 0.0517733 0.072446 0.145592 0.196887 0.244231 0.0358948 0.154511 0.109685 0.222336 0.0858864 0.355202 0.0670051
internal_weight=0 544.472 1470.99 243.593 190.235 82.5871 1227.4 171.952 10.7018 79.212 66.331 36.5172 161.25 8.23226 6.68212 5.53252 4.08664 153.018 44.0334 37.3519 12.4457 9.13192 7.62084 24.9062 4.44711 4.01513 2.63612 14.3229 0.938367 13.3846
internal_count=46916 11764 35152 8562 6199 1111 26590 5715 904 1067 858 750 4811 395 152 140 91 4416 972 783 296 221 181 487 141 124 63 305 42 263
is_linear=0
shrinkage=0.1


Tree=84
num_leaves=31
num_cat=0
split_feature=10 34 8 3 6 12 13 25 7 19 15 27 3 7 28 40 18 21 10 9 38 38 32 38 31 7 10 33 7 38
split_gain=2.63401 7.30773 6.67032 7.24908 9.10987 5.17137 6.60022 4.99966 5.00605 4.99515 6.58583 5.86759 6.20066 6.43157 5.60931 6.9846 5.33826 6.17855 9.92867 7.35166 5.64512 5.60068 6.13843 5.56796 4.77892 9.7274 4.54971 7.8916 6.37006 4.62474
threshold=1.5558804064814382 0.97832031928938423 0.57859735171805504 -0.45683607917068653 -0.79039603016483795 0.66613866025975244 -0.81096770098818582 1.7660108053794292 1.0425767172008447 -0.12413663393994366 -0.74134608869909235 0.92348843525380586 -0.71015124786833328 2.6609458054590749 -0.6507110132514039 0.115 0.97919972420062029 -0.026587858373065296 1.9776107148873956 0.57193530634297318 597.50000000000011 1244.5000000000002 0.18558191602422103 50.500000000000007 -0.033076795728776955 2.6609458054590749 1.4420939973346405 2.3805750289468537 2.6989575029413908 83.500000000000014
decision_type=2 2 2 2 2 2 2 2 2 2 2 2 2 2 2 2 2 2 2 2 2 2 2 2 2 2 2 2 2 2
left_child=26 2 9 24 -5 7 -7 -3 -9 14 -11 16 13 -13 15 -2 -12 20 19 23 -18 -22 -23 -19 -4 -26 -1 28 29 -28
right_child=1 5 3 4 -6 6 -8 8 -10 10 11 12 -14 -15 -16 -17 17 18 -20 -21 21 22 -24 -25 25 -27 27 -29 -30 -31
leaf_value=-0.00063815487078746941 -0.32119890506769405 -0.021947989054571841 0.038199781835223295 0.03065208183004306 -0.31390451718570195 -0.017928841937622848 0.21008871433614953 0.15233097124849707 0.0097173555479861465 -0.16191968558698519 0.047800750230355932 -0.18033907821231651 0.10598925014656252 0.10706088505599121 0.10856616196010929 0.049929479879529087 0.031363707110501418 -0.2403286375437238 0.042692793777352737 -0.37344462753409063 -0.26496717273972553 -0.21636476633859913 0.10585262639850856 0.040291432866349744 -0.29802077417267309 0.028279452602808858 -0.026914884782130413 0.05639840380357352 0.10246084627270156 -0.090338866086542624
leaf_weight=1724.9770209761336 0.6988579947501451 91.129927876987495 9.6581253008916974 1.3302522543817761 1.8133814260363568 2.6878856741823256 2.4056287780404082 3.1909740008413783 10.764572110027073 1.8110616421326984 28.809120346792042 1.6934746131300955 15.529417183250187 1.4414031738415358 15.049903701990841 1.8481069151312111 22.339041523635391 1.3811236135661595 3.1818452663719654 1.4520975910127161 1.3373115323483937 0.93325834535062346 1.6132600139826534 1.4487500358372924 1.4524663127958786 2.4626183742657304 27.984820572426543 9.1981156840920431 2.7916844906285396 19.513596472563222
leaf_count=42428 14 1076 172 33 16 32 14 18 71 34 587 26 444 31 331 57 520 18 86 26 31 23 39 24 18 45 369 77 24 232
internal_value=0 0.00985042 0.027223 -0.0312702 -0.168103 -0.00864254 0.0897621 -0.0134122 0.0423264 0.0369459 0.0266824 0.030891 0.0800925 -0.0481938 0.0853398 -0.0519039 0.016197 -0.0108308 -0.0911045 -0.190527 0.0120176 -0.0992577 -0.0122349 -0.0966656 0.000421024 -0.0927754 -0.00157585 -0.0287662 -0.0443428 -0.0529711
internal_weight=0 227.464 117.285 16.7168 3.14363 110.179 5.09351 105.085 13.9555 100.568 82.9712 81.1601 18.6643 3.13488 17.5969 2.54696 62.4958 33.6867 7.46382 4.28197 26.2229 3.88383 2.54652 2.82987 13.5732 3.91508 1784.47 59.4882 50.2901 47.4984
internal_count=46916 3786 2575 284 49 1211 46 1165 89 2291 1889 1855 501 57 402 71 1354 767 154 68 613 93 62 42 235 63 43130 702 625 601
is_linear=0
shrinkage=0.1


Tree=85
num_leaves=31
num_cat=0
split_feature=38 38 38 38 46 21 49 49 49 40 40 33 0 0 7 22 20 32 25 38 8 6 3 31 12 19 19 12 3 19
split_gain=2.73281 8.52181 7.97637 13.7882 10.5438 8.61835 6.2184 9.82922 6.19004 13.1664 7.11951 11.6531 6.8291 28.4921 6.46224 10.9521 10.0058 6.21052 10.9721 5.62873 5.69043 5.62853 5.97831 5.45555 5.15553 6.39216 6.10333 4.70491 4.92984 6.80421
threshold=32.500000000000007 29.500000000000004 40.500000000000007 47.500000000000007 3.5000000000000004 -1.1668699473276893 14.500000000000002 13.500000000000002 12.500000000000002 0.55500000000000016 0.23500000000000001 2.1551916381139731 0.75388099651667828 0.90127424380356025 -0.57547930012913928 -0.011995131558796583 -0.35569844564690928 0.78810663253348034 0.32837266715063301 28.500000000000004 0.31378790442605092 -0.83331991335105926 0.089340533965536303 -0.8384792993928506 -0.40190263709525337 -0.56857163147088441 0.74575006024338497 -0.87454380433542978 0.9318144143434165 -0.73506713940212542
decision_type=2 2 2 2 2 2 2 2 2 2 2 2 2 2 2 2 2 2 2 2 2 2 2 2 2 2 2 2 2 2
left_child=1 19 4 8 5 23 7 -6 9 10 12 14 -4 -14 -12 24 -17 -13 -19 -1 -21 22 -7 -2 -16 -26 -27 -23 -29 -30
right_child=2 -3 3 -5 6 21 -8 -9 -10 -11 11 17 13 -15 15 16 -18 18 -20 20 -22 27 -24 -25 25 26 -28 28 29 -31
leaf_value=-0.0068448131744520656 0.22560761895443285 -0.099609535261161342 -0.077439034030476417 0.001929610117053176 0.080176786042340797 0.031009525746439323 -0.074027244569405973 0.31449819801128687 -0.095576564435197464 0.48904463846785523 -0.10029516174130935 -0.014437441165349838 0.47927652953415223 -0.079339388548242309 -0.054037775253576795 -0.10072249145199019 0.61937497604037062 -0.018141191337942595 0.35434176442033094 -0.022756424548050255 0.18841901492472188 0.10704835039429128 -0.11979933677560202 0.05622092155571598 0.31933301087846616 -0.029771624638450168 0.25074034159341346 -0.010587236580512327 -0.049652655011067186 0.11397098188552984
leaf_weight=370.25699665100547 2.4427753221243611 9.8519448373699543 31.24542328924872 1425.8716737034265 20.614097287179909 4.1040153075009567 2.2437655109679318 1.9604217493906606 16.251144307549112 0.49144767737015982 7.3737245968077394 1.6679643662646402 1.1766349019017059 4.075941750779748 9.0688354792073387 0.29912085738033056 0.54368876339867256 1.2331963274627926 2.2045060470700264 2.2345726443454614 2.9746616631746292 4.6848687874153248 7.3117310367524624 8.5799837959930283 0.8523622278589772 4.099682446336371 0.95664101326838125 49.925274640321732 3.7382354112342 7.938624124042688
leaf_count=12231 24 1481 1343 28093 260 59 22 33 1220 7 362 40 32 150 270 53 12 43 29 25 28 44 75 71 29 215 35 526 34 70
internal_value=0 -0.00780149 0.00156775 -0.00035748 0.0271272 0.0110104 0.0847448 0.100526 -0.0403511 -0.026605 -0.0305158 0.00712756 -0.0597037 0.0457967 -0.0229795 0.0130567 0.363806 0.143898 0.220722 -0.00539252 0.0978324 -0.000728169 -0.0655828 0.093759 -0.00668055 0.0660048 0.0233004 0.0104409 0.00309387 0.0615884
internal_weight=0 385.318 1620.96 1507.41 113.544 88.7255 24.8183 22.5745 81.5403 65.2892 64.7977 28.2997 36.498 5.25258 23.1941 15.8203 0.84281 5.10567 3.4377 375.466 5.20923 77.7027 11.4157 11.0228 14.9775 5.90869 5.05632 66.287 61.6021 11.6769
internal_count=46916 13765 33151 31933 1218 903 315 293 3840 2620 2613 1088 1525 182 976 614 65 112 72 12284 53 808 134 95 549 279 250 674 630 104
is_linear=0
shrinkage=0.1


Tree=86
num_leaves=31
num_cat=0
split_feature=0 5 5 29 15 27 32 22 4 32 10 28 29 46 46 38 35 21 9 46 15 29 35 49 12 32 32 35 20 4
split_gain=2.59873 3.60612 5.57096 4.49559 3.51 4.21141 5.64627 9.06531 7.14954 7.0594 7.11819 6.4591 5.48294 6.23072 9.16822 8.85787 7.64694 6.05812 8.23231 6.81146 5.91466 5.00214 7.93102 6.65428 4.7579 4.29294 4.08126 4.05963 5.00753 4.9725
threshold=4.6186734221344894 1.0278206892795492 4.9575217464483581 0.87067902371419092 3.0702735583907592 -1.3652147656995599 -1.3337570442049538 2.1265518010712827 -0.98958408752678151 -1.1544065840407798 2.6324164579465021 0.70728274976500616 -0.78967587999881139 1.0000000180025095e-35 1.5000000000000002 190.50000000000003 2.0033318614229678 -0.64480303433160013 -1.4126874623282732 11.500000000000002 -0.55860114450964116 1.9430706021956976 0.99785025861298771 14.500000000000002 -1.0735965437430834 -1.9276958968098048 -1.4806473251116437 1.9863022976979159 0.590631703965667 0.54951974181279495
decision_type=2 2 2 2 2 2 2 2 2 2 2 2 2 2 2 2 2 2 2 2 2 2 2 2 2 2 2 2 2 2
left_child=4 3 -3 -2 5 -1 7 11 -9 10 21 12 -7 -14 16 -16 -15 24 20 -20 -19 -8 -23 -24 -17 -13 -27 29 -29 -6
right_child=1 2 -4 -5 27 6 9 8 -10 -11 -12 25 13 14 15 17 -18 18 19 -21 -22 22 23 -25 -26 26 -28 28 -30 -31
leaf_value=-0.063222252219136091 -0.076586596447123165 -0.12414929680751606 0.052821662494033965 0.25267613441144776 0.15408432585867582 -0.10377895396881394 -0.066237128866643791 0.057648747257535465 0.46366697260126699 -5.1114812729679826e-05 0.19296688125884334 0.26389246956569579 -0.053653522538856316 0.32060481328663459 -0.011960668014328935 0.16382054980637512 0.061010738419924021 0.22579064463878784 0.13761942436376229 0.41386835985139642 -0.081325737445219037 0.2367762977639829 -0.080768729905945705 0.23104776415643946 -0.022556187379751364 -0.091684393020086657 0.018875390304446432 -0.03500318207083309 0.10615456796642771 -0.013855287205000339
leaf_weight=10.613974819658322 0.84210128057747968 6.4141649701632542 2.4614000385627151 0.816955107729882 5.2318840320222106 2.2383848566096267 32.193991927430034 0.88147029594983906 0.8537624361924816 1871.0557579059387 1.242931488668545 0.47199589951196586 4.344708126038312 2.5347886551171568 11.752170935855249 2.0505940199363977 2.0544630512595177 1.0590836489573123 1.7570239696651682 1.8141426034271715 1.5373337026685474 1.4438140594866116 4.1571542609017342 0.81926328304689366 4.1252035758225247 7.5671668793656854 5.9754246954107648 8.7467473277356458 3.5263116536661974 2.6591664915904403
leaf_count=652 40 85 25 24 65 145 1882 37 23 41200 23 6 87 47 780 20 48 15 24 25 55 26 127 20 132 619 419 202 38 25
internal_value=0 -0.0497756 -0.0750711 0.0855495 2.28146e-05 -0.000401519 -6.16615e-05 0.0327705 0.257416 -0.000938216 -0.0425823 0.0248607 0.047682 0.0579464 0.0748497 0.0501769 0.204393 0.109338 0.179442 0.277953 0.0439476 -0.0501643 0.0304322 -0.0294347 0.0393278 -0.0325694 -0.0429019 0.0415331 0.00555445 0.0974912
internal_weight=0 10.5346 8.87557 1.65906 1992.71 1972.54 1961.93 51.0177 1.73523 1910.91 39.8572 49.2825 35.2679 33.0295 28.6848 24.0956 4.58925 12.3434 6.16758 3.57117 2.59642 38.6142 6.42023 4.97642 6.1758 14.0146 13.5426 20.1641 12.2731 7.89105
internal_count=46916 174 110 64 46742 46412 45760 2482 60 43278 2078 2422 1378 1233 1146 1051 95 271 119 49 70 2055 173 147 152 1044 1038 330 240 90
is_linear=0
shrinkage=0.1


Tree=87
num_leaves=31
num_cat=0
split_feature=8 14 6 6 14 38 38 35 34 0 8 29 8 38 38 19 46 38 28 6 31 38 31 38 3 0 27 0 20 28
split_gain=2.57022 2.82715 20.0294 14.003 10.2372 12.5557 8.71625 7.65989 9.78089 10.4793 7.54184 7.71697 7.6684 7.53293 13.2094 13.4036 9.59398 8.83694 8.58405 19.0635 10.4964 7.86911 12.9409 10.6406 9.59008 7.47987 7.32239 10.3715 8.22776 7.76524
threshold=3.5893107819103243 -0.33185246181014921 -0.27559609960422832 -0.39239838326859328 -0.11366729394552033 73.500000000000014 11.500000000000002 4.0073266355946027 0.012426962810402731 -0.60371441354094812 1.8381219144958352 -0.73909460287139905 0.57504547763821068 169.50000000000003 156.50000000000003 0.29276395388656096 3.5000000000000004 142.50000000000003 -0.61583177619186436 -0.47013240481795476 -0.56971017819709535 237.00000000000003 -0.97970701799474058 264.50000000000006 -0.18815610223039766 2.225517163954938 1.004564511474608 -0.41495299574006389 1.5494495093338505 1.0000000180025095e-35
decision_type=2 2 2 2 2 2 2 2 2 2 2 2 2 2 2 2 2 2 2 2 2 2 2 2 2 2 2 2 2 2
left_child=1 3 -3 7 10 6 -6 13 -9 -10 11 -4 -13 14 17 16 -16 -1 19 -17 -20 22 -15 24 -23 -24 29 -28 -29 -25
right_child=-2 2 4 -5 5 -7 -8 8 9 -11 -12 12 -14 21 15 18 -18 -19 20 -21 -22 23 25 26 -26 -27 27 28 -30 -31
leaf_value=0.0027126824550613216 0.046586559148236034 -0.041193005685868096 0.17076254283742653 0.083132604705649593 0.0079916196308107527 0.0056942785297083602 -0.034984274796696045 0.06259184449678766 0.15163032462961196 -0.020615339654566064 -0.082041975537642878 0.04438295030329472 -0.05922852541186685 0.042572473455265492 0.054905005295116029 0.077922637171785117 -0.055736463635030944 -0.10363487303821604 0.24337998299263172 0.77401936632794921 0.019592959014423345 -0.048094966537647985 -0.064002904973386177 -0.031067712664662895 0.11213630853122313 0.11063706751539636 0.0047880065149643611 0.20645159741138724 -0.031464421015628602 0.021678374087246741
leaf_weight=473.26635760330828 11.652601417619733 128.12951682211133 4.3434486370533696 21.466577121056616 66.994777240091935 548.91465119994245 159.66936175676528 44.46289583761245 3.8922909032553425 38.171039783162996 5.2993848165497175 69.971382688730955 7.9552596108987919 15.830622559646143 33.660003664437681 0.94492451287806034 10.215838718460871 7.9446899658069006 3.699453833512961 0.67408800125121959 4.8353571777697644 5.1397924004122642 66.973747909069061 142.11031085799914 13.66971878428012 2.5457063481444484 67.773512590443715 4.7637859834358087 2.0918451845645905 34.732492638519034
leaf_count=9079 191 3806 48 243 2733 11546 11172 511 34 518 44 655 80 218 288 41 328 202 40 6 69 79 1094 2300 110 30 768 48 22 613
internal_value=0 -0.000515652 -0.0042991 0.00323906 0.00117759 -0.00248182 -0.022282 0.00148436 0.0298903 -0.00467675 0.033588 0.0410363 0.0338056 -0.00127458 0.00622091 0.0531043 0.0291438 0.000956907 0.156641 0.367748 0.116594 -0.0125556 -0.0390265 -0.00419656 0.0683523 -0.0576078 -0.00962304 0.0166446 0.133857 -0.0207082
internal_weight=0 1990.14 991.278 998.865 863.148 775.579 226.664 977.398 86.5262 42.0633 87.5695 82.2701 77.9266 890.872 535.241 54.0297 43.8758 481.211 10.1538 1.61901 8.53481 355.632 85.3501 270.281 18.8095 69.5195 251.472 74.6291 6.85563 176.843
internal_count=46916 46725 30084 16641 26278 25451 13905 16398 1063 552 827 783 735 15335 10053 772 616 9281 156 47 109 5282 1342 3940 189 1124 3751 838 70 2913
is_linear=0
shrinkage=0.1


Tree=88
num_leaves=31
num_cat=0
split_feature=42 32 29 31 31 27 4 10 3 25 46 20 3 21 29 38 6 14 25 4 8 40 25 4 31 10 31 25 24 17
split_gain=2.60372 8.61473 9.48339 5.55848 12.9979 11.3654 12.1002 11.038 11.4971 10.4171 9.50604 8.15939 10.4025 6.80558 6.55837 5.30732 5.18055 5.94049 4.69417 4.57116 7.075 7.96317 7.04099 7.02839 6.8888 6.55734 16.3638 9.96524 8.39164 9.02936
threshold=0.84375000000000011 1.6816597724206304 -0.61944664927959037 -0.37397475307385669 -0.63827055208276018 0.49224928339533774 -0.043492134282440489 0.83170605275081566 -0.34681632487545927 0.4081839914145225 3.5000000000000004 0.056010782426720342 1.0058428458720641 -1.3704698187394999 2.7774320358215294 83.500000000000014 -0.27559609960422832 -0.13407557383985741 1.5183231519906275 0.91999831925264186 0.82870488093290551 0.42500000000000004 1.2146988376940711 0.86250469466442781 -0.33824669282085951 0.88157571531392531 -0.87786989913768954 -0.48579938954944063 -0.24274060479504986 -0.0019858445770233779
decision_type=2 2 2 2 2 2 2 2 2 2 2 2 2 2 2 2 2 2 2 2 2 2 2 2 2 2 2 2 2 2
left_child=19 2 -2 4 13 7 9 11 -9 15 -8 12 -6 -4 18 -7 -5 -18 -15 23 25 24 -23 -1 -22 26 27 -21 -29 -30
right_child=1 -3 3 16 5 6 10 8 -10 -11 -12 -13 -14 14 -16 -17 17 -19 -20 20 21 22 -24 -25 -26 -27 -28 28 29 -31
leaf_value=-0.00054291539612594123 0.029403014103983868 -0.063187365716562457 0.098822190284450065 -0.10222697776405024 0.2146796370088925 -0.035511372296922063 -0.032781531351959534 0.024092485645178276 0.30018490003402953 0.37513297188591904 0.18954967270558071 -0.084092259374578926 -0.032470002772124799 -0.03099410998551479 0.10850994958040461 0.21435142242530134 0.22498591786874322 -0.029039272552971826 -0.11460037238634674 -0.059727903346149629 -0.08131731711961368 -0.019554297394841151 0.18645783723053544 -0.053265280166014242 0.15800031140515117 0.0072988855909268029 0.12516130594239336 0.023333183846381167 0.29449386250636489 0.020737644334094481
leaf_weight=1301.0646769839805 65.230317108216695 26.708406969322823 4.0880050987470886 10.135109965223817 2.5088740205392304 1.4595885379239928 5.9652906721457803 4.6203365093097091 2.2392607065848997 2.5730608883313835 2.8379964926280081 12.14785547473002 5.3020037915557623 57.253635139437392 3.0815735771320751 2.0358218401670456 0.93374766409397025 65.354609527043067 7.6079056696034959 13.632490428630261 20.358850083779551 4.6411934713833025 2.5819213055074215 25.786317392485216 1.2783252596855152 276.01314380252734 17.536672793095931 45.137160355225205 2.4910707087256014 2.3334340020082882
leaf_count=36083 1055 366 39 187 34 44 97 64 18 28 40 182 76 615 25 15 4 1440 79 321 318 88 19 428 27 4382 270 519 26 27
internal_value=0 -0.0091496 -0.00349806 -0.014785 -0.000768836 0.0436697 0.113785 0.00478833 0.114221 0.222427 0.0388934 -0.0328223 0.0469151 -0.0264889 -0.0340287 0.110015 -0.0356416 -0.025461 -0.0408007 0.00121883 0.0107967 -0.0368287 0.0540853 -0.00156753 -0.0671784 0.0146452 0.039638 0.0160541 0.0367319 0.162088
internal_weight=0 282.083 255.375 190.145 113.721 41.6901 14.8718 26.8183 6.8596 6.06847 8.80329 19.9587 7.81088 72.0311 67.9431 3.49541 76.4235 66.2884 64.8615 1712.86 386.004 28.8603 7.22311 1326.85 21.6372 357.144 81.1308 63.5942 49.9617 4.8245
internal_count=46916 4408 4042 2987 1356 598 224 374 82 87 137 292 110 758 719 59 1631 1444 694 42508 5997 452 107 36511 345 5545 1163 893 572 53
is_linear=0
shrinkage=0.1


Tree=89
num_leaves=31
num_cat=0
split_feature=1 49 10 15 19 22 6 2 8 2 13 28 28 26 22 19 20 5 29 8 33 34 1 34 28 21 6 6 24 4
split_gain=2.54924 6.2778 6.10043 6.18731 6.09312 4.13941 6.15842 3.62037 3.80456 3.51318 3.49326 7.98644 8.58471 5.87337 3.83054 7.94412 5.68571 6.89093 5.11627 6.91558 4.06873 3.26912 4.37526 3.25588 3.22008 3.26898 3.20016 11.105 5.75094 5.94719
threshold=2.2570281312897653 3.5000000000000004 3.5070136697851084 -0.49310693292346724 2.1872016699759413 -0.65576120006494765 -0.8589923303242476 0.60874702075149612 -0.16882921559782055 1.3962542706370129 -0.87591206978674963 -0.1721938440979244 -0.23059158700939522 -1.1958894096351584 -0.63540438325477233 -0.42090632360227026 4.5117486395859254 -0.54133027136966361 -0.37310228588568467 -0.43096562710206254 0.1285149362730327 0.97293110533848381 2.5728116807725905 0.013622696393252779 -0.54260342111603388 -1.1668699473276893 -0.9160905038238143 -0.89358350876965342 -0.25002780770930944 -0.53309423658284871
decision_type=2 2 2 2 2 2 2 2 2 2 2 2 2 2 2 2 2 2 2 2 2 2 2 2 2 2 2 2 2 2
left_child=10 9 3 4 -3 21 -7 8 -8 -2 11 12 13 -1 15 -12 26 -18 20 23 -17 -5 -23 -20 -15 -26 -16 28 -28 -30
right_child=1 2 -4 5 -6 6 7 -9 -10 -11 14 -13 -14 24 16 18 17 -19 19 -21 -22 22 -24 -25 25 -27 27 -29 29 -31
leaf_value=0.32974924508466019 0.065911624865535479 -0.061229059756332832 -0.12932400223258697 0.10416446178922707 0.11015259600037822 0.28118796771531324 0.051339216801124389 -0.046520915706760986 0.26531527843879688 -0.071743223369231376 -0.2951774771899569 -0.1431552366979921 0.42173372663195441 0.14994275217756686 -0.014859733687401434 0.080851752848280348 -0.075131279037293677 0.10223010635547598 0.064330980322392831 -0.2221087824859739 -0.10987273685923148 -0.087046876265233983 0.029020687587431232 -0.096525211404994996 0.19457529249570238 -0.04776529303982701 -0.098241438239017806 -0.0011170237131433907 -0.089584102382620545 0.086477615257197812
leaf_weight=0.76041439594700833 25.47110494365916 15.754425819963219 3.5988206015899769 3.1133123384788659 2.3890748685225836 1.4877540357410906 2.9852968929335475 2.2586035206913948 1.1514535509049917 1.9995842333883036 1.2288190443068749 1.5913711927132661 0.76136349071748544 1.7385275445412842 159.5902176448144 4.8334964057430616 2.7782965041697016 10.355539655312894 2.4530613832175723 2.482643240131436 1.4552988978102801 4.8020346963312468 10.034009443828834 2.5836233794689178 0.65574788954108854 3.6821883422089758 2.1099955672398236 1691.1801283244276 2.0762933958321872 25.259393181651827
leaf_count=23 760 228 51 103 32 15 48 24 14 29 14 100 19 28 2198 86 25 144 70 41 19 44 97 25 7 140 22 42239 15 256
internal_value=0 0.0178295 -0.00414851 0.00609537 -0.0386621 0.0375309 0.0979344 0.055304 0.110899 0.0558918 -0.000958482 0.0605484 0.103212 0.067741 -0.00125466 -0.0515274 -0.000855397 0.0647116 -0.0298444 -0.0855121 0.0367159 0.0110025 -0.00854731 -0.018182 0.0349531 -0.0111317 -0.0013134 -5.69607e-05 0.0608266 0.0731048
internal_weight=0 75.0455 47.5748 43.976 18.1435 25.8325 7.88311 6.39535 4.13675 27.4707 1917.58 9.18961 7.59824 6.83688 1908.39 15.0369 1893.35 13.1338 13.8081 7.51933 6.2888 17.9494 14.836 5.03668 6.07646 4.33794 1880.22 1720.63 29.4457 27.3357
internal_count=46916 1445 656 605 260 345 101 86 62 789 45471 317 217 198 45154 255 44899 169 241 136 105 244 141 95 175 147 44730 42532 293 271
is_linear=0
shrinkage=0.1


Tree=90
num_leaves=31
num_cat=0
split_feature=28 28 18 14 2 21 17 35 40 46 0 40 11 5 32 1 7 9 27 18 29 8 3 19 13 38 27 31 32 27
split_gain=2.34828 4.85905 5.89136 7.10433 6.43446 4.27415 4.10578 4.3567 7.51825 7.31156 6.63706 7.40107 6.85959 6.55848 8.60887 7.01598 7.16549 6.28029 5.64562 5.91362 5.50376 4.92492 4.87295 4.96569 4.61221 4.82647 4.33654 6.27348 4.16683 4.89349
threshold=-0.60199526886124144 -0.59641437258280905 0.97919972420062029 -0.48461683670611327 0.12170303608997667 -1.0000000180025095e-35 -0.017050627977889431 0.9860124226915068 0.13500000000000004 2.5000000000000004 -0.58933193681668816 0.44500000000000006 -0.70984370372812367 -0.010295728715411382 0.55909645244325501 0.65523970610283733 0.40473089867841966 1.438366478306347 1.004564511474608 0.97029519990181179 0.33399014495786822 0.33655793176752835 -0.30628903155442971 -0.32458302677673684 -0.61734627836313793 91.500000000000014 0.36819836250979027 -0.42313066893735746 1.6466787102003668 2.3169844526498378
decision_type=2 2 2 2 2 2 2 2 2 2 2 2 2 2 2 2 2 2 2 2 2 2 2 2 2 2 2 2 2 2
left_child=6 2 4 5 -2 -4 -1 9 -9 -8 11 12 13 14 -10 -16 -17 18 19 -14 26 -13 23 -15 25 -18 27 -11 29 -22
right_child=1 -3 3 -5 -6 -7 7 8 10 20 -12 21 17 22 15 16 24 -19 -20 -21 28 -23 -24 -25 -26 -27 -28 -29 -30 -31
leaf_value=0.13256759969106965 -0.058044192468269099 -0.00093900380071739375 0.093618967873837999 -0.1326947958331971 0.16091384706300937 -0.052757214881947304 0.043776261736576449 0.077223388102330939 -0.16740656593974892 -0.055607356775536958 -0.0096465773896125869 0.13213109430566308 0.16661563008457234 0.16921591717689377 -0.043489928273365119 0.32350806541111288 -0.016560618304293753 -0.020853448170634156 0.12416671186576965 -0.0027980527591654563 0.030569968012742494 -0.026860861002732741 -0.085704373672447737 -0.032816100492482583 -0.0023852199628986983 0.19923335709523465 -0.056089091303794608 0.27680640739104512 -0.055330386029304568 0.23182727173597015
leaf_weight=2.6411185199394813 2.7940763339865979 1697.4853202871163 2.7708754292689264 9.5436849971301818 2.5827035950496793 7.1227367036044633 16.335086431354284 17.581348712090403 1.9369753585197056 1.3491777554154398 93.727240218315274 9.863619589712469 2.5495814331807205 1.6593824976589528 4.8811636259779325 1.2758397462312121 1.457860393449663 9.4429025016725046 12.077286221785469 10.739301829133183 4.493493633810429 2.427812570706009 13.649574776645752 4.5590075543150297 4.5025942258071145 3.5856459913775325 39.956768965348601 0.98022470250725646 3.2494344664737582 1.6524074329063294
leaf_count=32 56 42838 34 140 49 91 194 258 38 29 1337 151 42 22 75 12 36 132 111 168 86 36 168 98 67 41 511 14 36 14
internal_value=0 -0.0015812 -0.0455126 -0.0711399 0.047131 -0.0117621 0.0085047 0.00726324 0.0148334 -0.014542 0.00868259 0.0289872 0.0167939 -0.0128758 0.031502 0.0560374 0.100928 0.048764 0.0746801 0.0297054 -0.0329747 0.100727 -0.0522773 0.0210963 0.0711806 0.136857 -0.048357 0.0842741 0.036257 0.0846807
internal_weight=0 1722.3 24.8141 19.4373 5.37678 9.89361 266.575 263.934 195.917 68.0166 178.336 84.6085 72.3171 37.508 17.6401 15.7031 10.8219 34.8091 25.3662 13.2889 51.6815 12.2914 19.868 6.21839 9.5461 5.04351 42.2862 2.3294 9.39534 6.1459
internal_count=46916 43208 370 265 105 125 3708 3676 2792 884 2534 1197 1010 557 269 231 156 453 321 210 690 187 288 120 144 77 554 43 136 100
is_linear=0
shrinkage=0.1


Tree=91
num_leaves=31
num_cat=0
split_feature=32 9 38 34 38 6 46 27 28 1 25 9 12 26 38 30 5 38 38 27 8 3 38 19 32 32 32 28 4 27
split_gain=2.42343 4.54294 4.19448 2.70611 4.87616 3.97365 3.58373 3.21116 3.93728 3.69922 3.7327 3.83405 3.23438 3.98965 3.08645 2.86719 4.05374 2.96399 4.86437 6.34628 4.38434 7.04334 4.2848 4.20013 4.8903 4.53442 8.99655 7.69377 7.84287 6.68295
threshold=2.5713706097310451 2.2409182408133739 682.50000000000011 1.9916483536401013 328.50000000000006 1.0000000180025095e-35 31.500000000000004 1.703153952196639 -0.54742490022841872 1.8600575395595855 -0.97085971362502932 -1.1031834161225009 -0.093576140414040207 2.0112690274852323 14.500000000000002 -0.054351670134310436 -1.0000000180025095e-35 9.5000000000000018 5.5000000000000009 2.3675934792475686 1.8541908411931587 -0.49656367577133848 10.500000000000002 2.9456182737656893 0.50139988524342249 0.72013809127875106 0.44987546668663297 -0.57893993661148901 0.55226009915368512 -0.62744687784517972
decision_type=2 2 2 2 2 2 2 2 2 2 2 2 2 2 2 2 2 2 2 2 2 2 2 2 2 2 2 2 2 2
left_child=3 -2 -3 15 14 6 7 8 -6 10 11 -10 13 -12 -5 17 -17 18 20 -20 23 -22 -19 25 -25 26 27 28 -1 -29
right_child=1 2 -4 4 5 -7 -8 -9 9 -11 12 -13 -14 -15 -16 16 -18 22 19 -21 21 -23 -24 24 -26 -27 -28 29 -30 -31
leaf_value=0.34315862194109686 0.083225215910194383 -0.024698539173406499 0.10350892946497339 0.23069406466433909 -0.089174282859183204 -0.070684158098394373 0.14548226592344166 0.099439268890064464 -0.10108714073130164 0.21526981842926329 -0.077996560686596716 0.25006002105086544 0.1367920493560742 0.13525027707553872 -0.094283210285708019 -0.021875574207941686 0.28676229284504301 0.04979493286466645 -0.069692860638116749 0.30725919815009478 0.27902363979959954 -0.10482879091645199 0.00027303605293960246 0.022267521079940587 0.27003887972706347 0.015515824547553776 -0.12512978541487149 0.011264689730111088 0.034657651233526869 -0.070148373661330712
leaf_weight=1.0966527424752701 9.9537725867703575 14.159744061529638 3.1128066848032168 0.30085985490586509 4.8617773893056482 6.8741414539981625 1.9676341242156912 2.9399014955852172 0.4400710908230393 0.88368428032845336 6.2811080394312748 1.0596903174882779 1.0855157447513164 1.0197875177254898 10.211167357279917 0.86708587396424264 0.83571860007941612 17.643844733946025 19.348603136371825 0.45718218851834436 1.3012959044426682 0.7555845370516171 1790.9931746599032 2.8840041058138008 1.1005770992487667 31.892108506988734 8.7074197945184988 21.046207232167937 3.3153274497017264 19.355602916795767
leaf_count=34 116 146 30 29 179 470 18 45 82 17 336 51 41 29 1168 30 11 184 828 7 26 31 39599 73 27 858 320 886 64 1181
internal_value=0 0.0294158 -0.00159338 -0.000625424 -0.0270778 -0.00487347 0.0171523 0.00355593 -0.0144772 0.0192429 0.00172082 0.147024 -0.0242641 -0.0482103 -0.0849822 -0.000103352 0.129601 -0.00021839 -0.0160602 -0.0609916 -0.00632968 0.138017 0.000756138 -0.00965084 0.0907042 -0.0143325 -0.0321184 -0.0140461 0.111339 -0.0277385
internal_weight=0 27.2263 17.2726 1959.53 37.9253 27.4133 20.5392 18.5715 15.6316 10.7699 9.88617 1.49976 8.38641 7.3009 10.512 1921.6 1.7028 1919.9 111.261 19.8058 91.4548 2.05688 1808.64 89.3979 3.98458 85.4133 53.5212 44.8138 4.41198 40.4018
internal_count=46916 292 176 46624 2465 1268 798 780 735 556 539 133 406 365 1197 44159 41 44118 4335 835 3500 57 39783 3443 100 3343 2485 2165 98 2067
is_linear=0
shrinkage=0.1


Tree=92
num_leaves=31
num_cat=0
split_feature=29 21 21 26 29 8 4 35 32 32 2 9 28 16 33 22 16 28 12 26 30 38 26 46 16 26 42 32 2 27
split_gain=2.35212 2.89454 2.61581 5.11385 4.23647 4.7925 3.81131 3.77264 3.1189 5.2099 5.17239 2.87656 3.86062 2.86983 4.34856 3.81434 4.32763 4.17586 5.01888 6.69247 4.15473 3.48707 4.14039 4.72713 3.20788 7.69647 3.05724 7.02082 6.68673 7.16813
threshold=5.1658264084769021 -1.6302436979301058 -1.4850889186529146 2.2073766814489928 1.1696485354487691 2.8349347976928172 1.3243968764464313 0.99525288114569077 -0.21686938089546845 -0.78753102464228941 -0.91102561444139074 1.1810601824164462 1.8235555518463056 -0.033800422171438749 2.3871339258209048 0.047197500116602988 -0.036943780734393229 -0.56655770155293739 -0.70923797325674143 -0.24307304140546912 -0.080705993301792414 47.500000000000007 -0.86047566156388189 3.5000000000000004 -0.033490175425847979 -0.52528040769925666 0.84375000000000011 1.6816597724206304 0.88674397041065955 -0.22370348595726991
decision_type=2 2 2 2 2 2 2 2 2 2 2 2 2 2 2 2 2 2 2 2 2 2 2 2 2 2 2 2 2 2
left_child=1 -1 4 13 5 6 -3 -6 9 10 -5 12 -9 14 15 17 -17 18 20 -20 -4 -19 23 -23 25 -15 -26 28 -28 -30
right_child=-2 2 3 8 7 -7 -8 11 -10 -11 -12 -13 -14 24 -16 16 -18 21 19 -21 -22 22 -24 -25 26 -27 27 -29 29 -31
leaf_value=0.071901071437255853 -0.082518646251058411 -0.079822567110181389 0.018336895627808821 0.12593598061637776 0.15929759707472824 0.07250599281237706 0.043430478603765012 -0.073022672292155089 -0.060089647306833943 0.17781853124153135 -0.089710887915294468 0.12008053388999712 0.13461905841604346 -0.087128067565791459 0.086688340428514976 0.048642405410517675 -0.059208088294650497 -0.10897074120514252 -0.058105433120454734 0.1400194249657252 0.24084167772535806 -0.058134045646536306 -0.050435290409061688 0.2544832992892716 0.002059371377590311 0.20497283618876191 -0.012712474210580886 -0.060554264874921375 0.081790789732394314 0.00016321511999078725
leaf_weight=5.573061926639638 3.4658026047982267 19.663265449344188 2.0454200170934231 2.2803786300355555 1.8275963934138397 2.8985830096644341 2.8758000070229164 4.702990501653403 1.5249095587059844 4.0181080284528425 2.1713179317303006 1.5439109131693838 1.1059965472668407 1.4684163653291764 3.6473312857560805 11.971751879085788 5.3981677568517616 9.8308454946381953 10.585735769476742 2.0322534833103392 1.4230474340729413 0.94573272159322985 23.351873952429745 0.99006269662640989 1594.6303236237727 2.3386720331618553 188.77868028066587 24.5243575979257 16.810597076546401 29.879609495750628
leaf_count=85 51 550 28 34 19 63 48 92 22 38 73 22 32 30 38 329 183 412 173 24 25 20 486 26 39867 41 3030 353 218 504
internal_value=0 -6.54894e-05 -0.000268538 0.000217499 -0.0275151 -0.0485308 -0.0640965 0.0307161 0.0715632 0.0952661 0.0207541 -0.00124347 -0.0334889 -0.000151848 -0.0197094 -0.0253684 0.015125 -0.0391047 0.00308968 -0.0261954 0.109626 -0.0584324 -0.038785 0.101754 0.000608196 0.0923078 0.000419959 -0.00963513 -0.00433185 0.0295529
internal_weight=0 1980.84 1975.27 1940.65 34.6181 25.4376 22.5391 9.18049 9.99471 8.4698 4.4517 7.3529 5.80899 1930.65 72.2222 68.5749 17.3699 51.205 16.0865 12.618 3.46847 35.1185 25.2877 1.9358 1858.43 3.80709 1854.62 259.993 235.469 46.6902
internal_count=46916 46865 46780 45954 826 661 598 165 167 145 107 146 124 45787 1744 1706 512 1194 250 197 53 944 532 46 44043 71 43972 4105 3752 722
is_linear=0
shrinkage=0.1


Tree=93
num_leaves=31
num_cat=0
split_feature=29 9 20 34 36 40 40 3 13 36 9 2 15 28 20 20 49 7 27 35 11 21 38 38 0 40 19 23 27 38
split_gain=2.36866 4.07456 4.22288 3.95385 5.00377 6.44501 6.90109 4.12116 14.9655 5.16076 5.01837 3.95134 3.78815 5.10465 6.75052 8.63561 7.54464 11.2252 8.37868 6.62945 6.2808 17.5169 6.55952 5.90037 5.52911 7.52288 8.22727 27.6777 7.48415 7.56544
threshold=0.27002138586136798 1.3688461677819277 -0.17167958150279009 0.99457118248865239 1.5000000000000002 0.03500000000000001 0.13500000000000004 -0.56515788126054767 -0.50845646005506417 3.5000000000000004 1.6518235999283963 -0.77337801047657628 -0.72977898482725634 -0.61339889699906791 0.064930482252660918 1.0000000180025095e-35 10.500000000000002 0.76621551543243249 -0.28893259178660691 -0.013778669060136946 -0.20334449450164169 -0.49295257991296659 226.50000000000003 3337.5000000000005 -0.76051731967547886 0.14500000000000005 0.96926397957482013 -0.12983665742078845 0.13026744750871258 115.50000000000001
decision_type=2 2 2 2 2 2 2 2 2 2 2 2 2 2 2 2 2 2 2 2 2 2 2 2 2 2 2 2 2 2
left_child=-1 11 -3 7 -5 -6 -7 -4 -9 -10 -11 12 -2 -14 15 19 17 20 -19 -15 -17 22 -22 24 25 -21 28 -28 -27 -30
right_child=1 2 3 4 5 6 -8 8 9 10 -12 -13 13 14 -16 16 -18 18 -20 23 21 -23 -24 -25 -26 26 27 -29 29 -31
leaf_value=-0.0023349340450642582 -0.042131688279207782 0.13179330551624943 0.13000067004893923 0.13290485551459527 -0.10284618463314721 0.12667776091578645 -0.017899948113825864 -0.3320486362801236 0.059497646449015909 0.050015510950568304 -0.11924586201670238 0.17619291579215063 0.045512517371303185 0.22197205337303344 -0.014905096603214867 -0.010671598953242038 -0.083995506814729004 0.11935951104228307 0.55403317205293423 -0.029309531755137504 -0.014430956758706254 0.38857710332933504 0.19627473503403231 0.17844576409543519 -0.0018531190765272807 -0.050398998159761614 0.73015860295604162 0.080021508782555123 0.24433182915137111 -0.0076221598366278459
leaf_weight=1435.6646724028978 19.154012796934694 3.6439064610749474 4.6629513860680154 2.4015952534973648 6.7395530166104463 4.0586373787373331 17.698580421507359 1.1061039431951929 29.697326949099079 3.4507079403847447 3.5575119741261005 1.2971897751558561 26.903819843893871 1.4084474621340621 168.82126577862073 5.6319078374654081 2.5499507891945532 0.87979644630104303 0.89413761952891835 7.1366959648439687 4.8367522638291147 1.9566124975681294 2.1272944658994675 1.9309016377665091 211.25599396286998 4.2383325335104001 0.83600345021113787 3.0213394386228165 2.6672638329910114 2.1543657555012032
leaf_count=35613 461 35 90 13 48 42 170 19 672 26 21 27 410 15 2368 87 68 24 16 227 58 16 15 35 6001 118 34 102 52 33
internal_value=0 0.00539964 0.0267191 0.0215008 -0.0057161 -0.0173985 0.00906988 0.0412999 0.0303613 0.0412824 -0.0359049 0.0019039 0.00142122 0.00327812 0.000587759 0.0109044 0.075975 0.10096 0.338453 0.00566973 0.0720099 0.124209 0.0499329 0.00436356 0.00291038 0.0530908 0.0986162 0.220926 0.046542 0.131756
internal_weight=0 546.719 77.0169 73.373 30.8984 28.4968 21.7572 42.4746 37.8117 36.7055 7.00822 469.702 468.405 449.251 422.347 253.526 18.8765 16.3265 1.77393 234.649 14.5526 8.92066 6.96405 233.241 231.31 20.054 12.9173 3.85734 9.05996 4.82163
internal_count=46916 11303 1136 1101 273 260 212 828 738 719 47 10167 10140 9679 9269 6901 284 216 40 6617 176 89 73 6602 6567 566 339 136 203 85
is_linear=0
shrinkage=0.1


Tree=94
num_leaves=31
num_cat=0
split_feature=28 4 1 38 9 14 18 38 19 19 21 19 17 22 8 18 13 22 3 49 4 4 32 29 34 11 28 5 12 3
split_gain=2.33012 4.6019 4.85124 3.61062 3.34843 7.35875 6.37058 3.34747 4.48177 4.24242 3.87119 3.08253 2.99522 3.6407 2.97225 2.92883 3.66856 8.44595 6.96493 15.5321 3.01742 5.69842 9.27364 7.2794 2.92278 3.43656 3.30588 2.7534 3.7564 3.55214
threshold=1.1541873880417988 -0.58241634081999305 -0.81181514754369932 990.50000000000011 1.438366478306347 0.095079438882349529 -1.0452352136194552 1325.5000000000002 0.66779118986349562 -0.78097473362350078 -0.84081367636466808 -0.69266244804903676 0.00080422595747587776 -0.35055458299580206 3.5893107819103243 -1.0212386934962143 0.020610667827314407 0.23654581891867707 0.050572350638198212 13.500000000000002 -0.93699430586594423 -0.94801668893540014 -0.66110794085685354 2.8969306051582975 0.019102268688333989 0.79364847669875438 1.8235555518463056 -1.32691050709638 2.5406276209956085 0.26274529074065867
decision_type=2 2 2 2 2 2 2 2 2 2 2 2 2 2 2 2 2 2 2 2 2 2 2 2 2 2 2 2 2 2
left_child=14 3 24 4 6 -6 -2 10 9 -9 11 -5 13 -4 27 16 -8 -18 19 -19 21 23 -23 -20 25 -3 -27 29 -29 -1
right_child=1 2 12 7 5 -7 15 8 -10 -11 -12 -13 -14 -15 -16 -17 17 18 20 -21 -22 22 -24 -25 -26 26 -28 28 -30 -31
leaf_value=-0.072297979391659509 0.63308128515354167 0.23414446527394223 0.17435982185898746 0.41179837226780336 0.1965306874222936 -0.082909294669892594 -0.10134178714437603 0.098245704844267076 0.22054830223345237 -0.077079457780944674 -0.051483400065696287 0.11617987185735573 0.15199228475877813 -0.089039499962465171 0.054466700896469517 -0.08420115985261778 0.51410301362192767 -0.10161341105590521 -0.06708476450497225 1.1736479050217665 -0.060079579639945327 -0.10220139770829823 0.60599300377722121 0.40477695411443676 -0.049691798604846564 -0.028333764642835563 0.13555099800965448 0.00029552128400037712 0.17103757764889599 0.1559848067892545
leaf_weight=8.5623151264153385 0.13414793834090133 1.6648839516565184 0.58793285163119335 0.52758394600823533 1.7224130742251866 2.0809045750647783 4.9783907794626385 1.8241527284262691 0.75935560045763839 5.6701767797349012 0.8371039581252252 1.0642960240365937 0.75298317056149233 4.8832075176760554 10.126199259888379 19.450062711664948 0.31136777251958747 0.24421361874556069 2.8206664756871769 0.15684382838662714 8.4322322442894837 0.3305817695800215 0.4195942503865745 0.36980150826275338 1.3924075586255638 2.0797747699543834 3.0155238956212997 1892.3046621854301 1.2893960569053877 0.74057648237794715
leaf_count=401 4 18 5 17 16 31 856 37 14 243 30 28 18 182 125 767 2 33 267 20 540 49 14 7 38 38 25 43050 28 13
internal_value=0 -0.0186072 0.031483 -0.0324204 -0.0457802 0.043641 -0.0548139 0.019419 -0.0109484 -0.0344045 0.122607 0.214154 -0.0349991 -0.0607344 0.000432704 -0.0572738 -0.0282797 -0.000482768 -0.0130259 0.39711 -0.0263202 0.0459185 0.293911 -0.0123921 0.0822391 0.109413 0.0686573 0.000145164 0.000411784 -0.054125
internal_weight=0 66.5106 14.3767 52.1339 41.4512 3.80332 37.6479 10.6827 8.25369 7.49433 2.42898 1.59188 6.22412 5.47114 1913.02 37.5138 18.0637 13.0853 12.7739 0.401057 12.3729 3.94064 0.750176 3.19047 8.15259 6.76018 5.0953 1902.9 1893.59 9.30289
internal_count=46916 3299 324 2975 2606 47 2559 369 294 280 75 45 205 187 43617 2555 1788 932 930 53 877 337 63 274 119 81 63 43492 43078 414
is_linear=0
shrinkage=0.1


Tree=95
num_leaves=31
num_cat=0
split_feature=0 5 5 4 26 11 26 3 46 2 32 32 2 20 20 20 38 28 26 10 32 21 27 22 9 28 4 25 2 12
split_gain=2.24715 2.93541 4.40746 3.04145 2.49413 7.48375 7.25612 6.57824 6.44128 7.41907 6.49805 11.5015 13.8634 11.2854 6.33994 6.20376 6.00958 5.79759 7.76563 8.17772 5.69368 6.70006 20.7274 7.51561 12.4009 8.44473 7.77212 5.53216 5.35184 5.25526
threshold=4.6186734221344894 1.0278206892795492 4.9575217464483581 -0.66112578194420524 1.4448013371999737 1.2836286603783049 1.8219056985031414 0.50323057917120739 3.5000000000000004 2.4687022586098082 -0.091240526252002505 -0.73387531363205061 0.48947008950083076 -0.30568587016171644 -0.25730092619183015 0.10646309126478375 32.500000000000007 -0.024060653286065572 1.7386596108879415 -0.32960636677268573 -1.3896859423240053 -1.1769053242704426 -1.3010255909659127 1.2162671716207984 -1.3640142431643805 0.099439371740852198 -0.52330870304835242 0.2689323433705012 -0.86451324724609435 0.033142972631294794
decision_type=2 2 2 2 2 2 2 2 2 2 2 2 2 2 2 2 2 2 2 2 2 2 2 2 2 2 2 2 2 2
left_child=4 3 -3 -2 5 20 8 29 10 17 11 12 -6 -12 28 -7 -15 18 19 -10 21 22 -1 25 -25 26 -23 -28 -9 -8
right_child=1 2 -4 -5 6 15 7 14 9 -11 13 -13 -14 16 -16 -17 -18 -19 -20 -21 -22 23 -24 24 -26 -27 27 -29 -30 -31
leaf_value=-0.10261835493146065 -0.10445670474754361 -0.11807589475888741 0.040467988726916766 0.16983961757126084 0.059122378682177713 -0.07204864638708873 -0.031834003401106363 0.042553230554917137 0.25459891951307395 0.24463253728751508 0.35177360097568322 -0.03711145955483728 0.39311195740840965 -0.050841478803569498 0.07753325689721921 -0.0053037365151907762 0.10903219120043608 -0.053643115320110006 0.18922597149438647 -0.0092266109846593607 -0.00069572734409798951 0.38783974511546609 0.8304213431467361 0.074822445337436774 0.63567241773936134 -0.03515890454358394 0.041327017965339163 0.33682800499538512 -0.095593828360180266 0.035934916795226694
leaf_weight=0.54606642556609586 0.63279563561081875 5.9636827213689667 2.483686869032681 1.1192222682293493 12.479774181032555 26.65779951546574 67.986907648271881 6.1282350933179259 1.2479842491447986 1.2360404874198128 1.691459347493949 13.578220371855421 1.3802640293724824 2.8724474776536217 15.72776934946887 29.157134614884853 12.956880677025763 14.712864878471008 2.6019725094083688 20.060950225742999 1691.6554331097868 0.78629850572906335 0.42215688899159687 1.5306232727598401 0.53101088444236566 12.696549811807925 9.3490026302170044 0.67959705926477987 5.1701007566880453 13.758500453317536
leaf_count=44 40 85 25 24 265 918 1554 92 10 18 34 205 27 58 181 377 131 718 33 361 39643 30 16 66 26 956 303 9 166 501
internal_value=0 -0.0470292 -0.071461 0.070769 3.08205e-05 -0.00114531 0.0108086 -0.00628761 0.0327327 0.00346548 0.0586804 0.0283008 0.092383 0.106256 0.0364822 -0.0371818 0.0800209 -0.00425236 0.0261388 0.00622466 2.53227e-05 0.0459827 0.304198 0.0362064 0.219279 0.0201534 0.0850892 0.0613519 -0.0206626 -0.0204279
internal_weight=0 10.1994 8.44737 1.75202 1967.6 1774.01 193.59 108.772 84.8189 39.8598 44.959 27.4383 13.86 17.5208 27.0261 55.8149 15.8293 38.6238 23.9109 21.3089 1718.2 26.5413 0.968223 25.5731 2.06163 23.5114 10.8149 10.0286 11.2983 81.7454
internal_count=46916 174 110 64 46742 42388 4354 2494 1860 1140 720 497 292 223 439 1295 189 1122 404 371 41093 1450 60 1390 92 1298 342 312 258 2055
is_linear=0
shrinkage=0.1


Tree=96
num_leaves=31
num_cat=0
split_feature=10 34 8 18 19 28 27 19 7 12 9 24 1 28 25 31 23 9 7 38 35 21 7 7 19 19 19 19 4 32
split_gain=2.248 5.94886 4.87903 5.09295 4.58903 5.13499 5.03881 4.97959 4.34514 5.01088 4.27883 4.27876 4.50378 8.37356 6.90442 4.21317 4.53833 3.96458 6.78162 4.05676 5.01554 3.95699 3.84998 6.45535 6.62042 4.99307 4.98787 6.951 8.15418 4.35367
threshold=1.5558804064814382 0.97832031928938423 0.57859735171805504 0.9857857254070802 -0.12413663393994366 -0.6507110132514039 1.7582065588802362 -0.11663673764451814 0.50570643700272289 -0.72815599408926002 1.4906560138589964 -0.23998537875836901 1.6379114336481433 -0.60524838766768274 1.7660108053794292 -0.033076795728776955 1.7850153781309783 -1.4870030636879419 2.8598162024368454 1660.5000000000002 1.9934007713761501 -1.1769053242704426 1.4022413871408133 1.5227384489782632 0.38645221315906658 0.68204419045240294 1.5809229016355388 2.9456182737656893 0.74324332991613751 0.44987546668663297
decision_type=2 2 2 2 2 2 2 2 2 2 2 2 2 2 2 2 2 2 2 2 2 2 2 2 2 2 2 2 2 2
left_child=17 2 4 8 5 6 -2 -6 9 -4 22 12 13 -3 -15 21 -17 18 19 -1 -21 -10 -9 -24 -25 29 -27 28 -28 -26
right_child=1 11 3 -5 7 -7 -8 10 15 -11 -12 -13 -14 14 -16 16 -18 -19 -20 20 -22 -23 23 24 25 26 27 -29 -30 -31
leaf_value=-0.051945755651482454 -0.17220591448083283 0.16095653246482328 -0.0032398259567115086 -0.1807261122682029 -0.15612392441704551 0.10787119684570541 0.10460011793594877 0.038788397898655791 -0.080781197193820112 -0.26127369840365228 0.10454464341274881 -0.090950498415844849 -0.010946190261823151 -0.064963115734311086 0.13381827705534832 -0.19292720905355434 0.025199970743377133 -0.00074096556024273621 0.37734111035168039 0.13614150522746424 -0.10347842312625495 0.095632607212326831 -0.18314926763239525 0.082128395511065835 -0.01222922091404797 0.087500106639281899 -0.24672267332349387 0.073496377044210692 0.018216372979778423 -0.19381048214750984
leaf_weight=30.418163779308088 1.4256926169618993 4.5790740214288226 1.8063727049157026 1.8453775886446226 1.5016249436885107 13.440137998200951 1.2206825390458105 44.407935582101345 1.5674326345324505 1.2900830134749437 6.6352048560511312 5.8260662672109893 87.925125867826864 5.9867557585239393 2.4675181806087494 1.6018786169588559 2.3577977810055017 1721.5731592062511 0.39459219295531411 2.6139982766471799 1.311922173714265 6.7332445867359629 1.9728124756366039 7.6865492379292872 2.4497140720486668 4.6583909094333631 2.4379282211884856 3.0620915498584509 2.2190939350984991 2.864331261254847
leaf_count=2671 35 37 39 19 30 331 36 1078 26 11 287 81 970 104 19 16 43 40335 4 46 74 130 19 140 39 98 28 72 60 38
internal_value=0 0.00930774 0.0252811 -0.0237619 0.0340708 0.0828007 -0.0445247 0.0242593 -0.00489997 -0.110745 0.0277145 -0.00762298 -0.00281435 0.0520444 -0.00694551 0.0218321 -0.0630429 -0.00141587 -0.0348626 -0.0395986 0.0560679 0.0623201 0.0206104 -0.00890415 0.00464111 -0.0290252 0.0057842 -0.0435303 -0.120478 -0.110104
internal_weight=0 219.969 113.184 17.2022 95.9822 16.0865 2.64638 79.8957 15.3568 3.09646 78.3941 106.785 100.958 13.0333 8.45427 12.2604 3.95968 1756.31 34.7387 34.3441 3.92592 8.30068 71.7588 27.3509 25.3781 17.6915 12.3775 7.71911 4.65702 5.31405
internal_count=46916 3786 2575 284 2291 402 71 1889 265 50 1859 1211 1130 160 123 215 59 43130 2795 2791 120 156 1572 494 475 335 258 160 88 77
is_linear=0
shrinkage=0.1


Tree=97
num_leaves=31
num_cat=0
split_feature=14 9 20 21 25 40 4 38 32 9 23 38 42 14 26 6 9 11 11 10 3 31 2 40 14 6 28 22 0 38
split_gain=2.24424 5.8525 5.93878 6.2012 7.05865 6.52946 6.83562 6.37833 11.2324 8.06302 6.26672 5.80423 5.86876 4.66124 6.92729 8.83274 9.28012 11.2599 12.1218 9.65926 9.86769 8.68885 6.87829 6.85019 6.16218 13.4114 12.895 27.6769 7.56073 5.99669
threshold=0.85410492770878821 2.0040365602466852 3.2691905703001995 0.15848142794643819 -0.067230784284210351 0.54500000000000015 -0.87194062804240857 332.50000000000006 -0.23589735016970367 0.36182437688234553 -3.1624433735123536 76.500000000000014 0.84375000000000011 0.66997864242017147 -0.81167722496658568 0.38396609677856236 0.42439702204255153 0.55012583887181543 0.29237215334303623 -0.86125776617830518 -0.50845646005506417 0.72139417917274151 0.71466029979354662 0.15500000000000003 0.58432029375154493 0.21859926594000001 0.87910497534065579 1.0989166130825809 -0.91674012091490586 124.00000000000001
decision_type=2 2 2 2 2 2 2 2 2 2 2 2 2 2 2 2 2 2 2 2 2 2 2 2 2 2 2 2 2 2
left_child=13 2 3 4 10 -6 -7 9 -9 -8 -2 -5 -13 24 21 16 17 18 19 -16 23 -15 -23 -21 25 -1 28 -28 -27 -17
right_child=1 -3 -4 11 5 6 7 8 -10 -11 -12 12 -14 14 15 29 -18 -19 -20 20 -22 22 -24 -25 -26 26 27 -29 -30 -31
leaf_value=-0.00051902981542409235 0.58887504688019521 -0.077681073492203351 0.18115531565199011 -0.053253662560244934 -0.017057142555504532 -0.10292849162130427 -0.10757722525213453 0.42160523127480798 -0.01174065610215856 0.17995476085535633 -0.072476771311094562 0.03638598829631904 -0.060364610509965826 -0.069379064772429652 0.375230228148558 -0.052174675817548477 0.030128111410418254 -0.0078932002178623423 0.47546799412314356 0.32898573228534617 -0.11370945669517281 -0.076789319289669949 0.25008405763044278 0.065235497990805372 -0.039681819410846308 0.20113646707161681 0.74775532330527583 -0.10657193342334115 0.034179210327827746 0.032408053907316374
leaf_weight=1604.5375567985466 0.144103048369291 12.022483775857834 1.6841015722602595 10.743013037717899 87.944206194370054 1.6763894853647796 1.8473336611641555 1.500206900527701 0.99475738732144225 2.0659640959929675 24.983459827490151 58.616176053998061 7.0204964865697539 13.143852097797206 1.5675487318076182 11.65979984164005 15.204195351805536 3.3450784198939791 1.4183849538676438 1.7272277399897564 1.620439198566604 1.0353320816066109 1.702099051675759 2.2907173429848626 38.567430061521009 3.0101237212074983 0.81206450948957243 0.71138826222158968 27.423150600166991 29.816578468075022
leaf_count=33378 6 143 15 1399 2931 131 124 38 22 50 2533 1539 161 396 23 1136 123 62 25 15 27 29 26 36 1549 35 26 27 456 455
internal_value=0 -0.00992481 -0.00583588 -0.00743008 -0.021498 -0.009151 0.0768514 0.123881 0.248828 0.0442208 -0.068684 0.014885 0.0260375 0.000983641 0.023895 0.0376638 0.0819792 0.147843 0.208248 0.15565 0.0946034 -0.0356232 0.126456 0.178616 -0.000172573 0.000758546 0.0649052 0.34882 0.0506928 0.00863024
internal_weight=0 211.243 199.22 197.536 121.156 96.0289 8.08465 6.40826 2.49496 3.9133 25.1276 76.3797 65.6367 1759.59 84.5313 68.65 27.1736 11.9694 8.62432 7.20593 5.63838 15.8813 2.73743 4.01795 1675.06 1636.49 31.9567 1.52345 30.4333 41.4764
internal_count=46916 9092 8949 8934 5835 3296 365 234 60 174 2539 3099 1700 37824 2353 1902 311 188 126 101 78 451 55 51 35471 33922 544 53 491 1591
is_linear=0
shrinkage=0.1


Tree=98
num_leaves=31
num_cat=0
split_feature=35 40 35 8 32 40 29 29 29 27 32 9 15 9 14 29 11 0 19 25 35 20 8 32 3 1 25 3 38 9
split_gain=2.12272 8.08278 7.6206 5.99636 6.9208 5.57523 5.95134 6.88698 8.80453 6.56742 6.27789 7.6189 8.92078 6.03075 6.12155 5.49235 5.45922 5.31203 5.27523 5.1932 5.10321 5.06524 4.95262 8.62709 7.16185 8.53436 5.16898 6.87584 5.93393 5.49742
threshold=3.9997245898215072 0.43500000000000005 2.0199042999892827 0.059733600624749493 0.72013809127875106 0.24500000000000002 -0.77986799107611315 -0.51220377763076907 -0.32172114061802159 1.5197964399440094 0.77831773959753192 0.48229107073732758 -0.06725486991328318 -1.1661023771624843 0.9803841002711684 -0.50030903576646601 -0.94293121900989141 -0.58844038671351928 -0.56128666907951119 0.14193131682187046 2.9967870579839317 -0.056880294518815398 -0.17857324401221428 -1.2124935250718196 0.089340533965536303 1.0458911868082845 -0.7069638670200652 0.9318144143434165 1903.0000000000002 -0.23043227727500556
decision_type=2 2 2 2 2 2 2 2 2 2 2 2 2 2 2 2 2 2 2 2 2 2 2 2 2 2 2 2 2 2
left_child=2 19 5 4 15 -1 -7 10 9 -9 11 -8 -13 -10 22 18 -12 -17 -4 -2 -6 -5 26 -24 25 -25 27 28 -15 -28
right_child=1 -3 3 21 20 6 7 8 13 -11 16 12 -14 14 -16 17 -18 -19 -20 -21 -22 -23 23 24 -26 -27 29 -29 -30 -31
leaf_value=-0.0016977998783536737 -0.15956374790280634 0.002000201689775152 0.43375589086865801 -0.073049947148688094 -0.073427870708936124 -0.073174177169362864 0.050495308473376556 -0.069502646212253591 -0.069963757186370379 0.14723080629875618 0.098680667010317413 0.38791003075963465 -0.0031159432980190187 0.047079534630268038 -0.082978637371854014 -0.090013211729835188 -0.10808073794720958 -0.017673436477139873 0.014132306693975766 0.060118774762654974 0.027101785344643817 -0.02267933668632378 -0.10443142598223132 -0.1042401952661783 0.41462644243132818 0.2355403079423331 -0.042781959850511038 0.38097560802220776 0.36871065144997162 0.033530795335577138
leaf_weight=1032.4345743349986 1.1131296642124642 492.10787035070825 0.50221557694021612 28.856580244668294 5.5180974807590237 6.8928120424388899 53.768587171449326 18.771625621768184 6.7702652132720678 1.5106273007113475 1.8021741091506553 1.4584838999435308 0.97243533446453412 7.6278821756131912 4.6052875097375354 11.883021607180124 4.3821487593231714 69.641128700401168 0.74252030201023334 32.327973617240787 59.472978313453496 64.782439285772853 1.2605577635113148 1.1267195235704996 1.0897292511072008 2.149408470839262 12.15082759957294 0.78506033809389997 0.62026712298393238 42.310079957940623
leaf_count=20875 9 10871 9 2843 94 353 2028 765 399 29 37 28 27 265 338 770 101 2731 45 714 1063 1177 65 58 19 23 351 18 11 800
internal_value=0 0.00523304 -0.00218936 -0.0184038 -0.00585715 0.00106567 0.0178432 0.0216882 0.00552391 -0.0533603 0.0478009 0.0583242 0.231489 0.0203607 0.0286552 -0.0250347 -0.0478284 -0.0282177 0.183439 0.0528064 0.0185663 -0.038202 0.0360931 0.126015 0.192552 0.118684 0.0281248 0.0981827 0.0712664 0.0165046
internal_weight=0 525.549 1443.89 241.399 147.76 1202.49 170.055 163.162 100.778 20.2823 62.3838 56.1995 2.43092 80.4961 73.7258 82.7689 6.18432 81.5242 1.24474 33.4411 64.9911 93.639 69.1205 5.62642 4.36586 3.27613 63.4941 9.03321 8.24815 54.4609
internal_count=46916 11594 35322 8732 4712 26590 5715 5362 3141 794 2221 2083 55 2347 1948 3555 138 3501 54 723 1157 4020 1610 165 100 81 1445 294 276 1151
is_linear=0
shrinkage=0.1


Tree=99
num_leaves=31
num_cat=0
split_feature=10 1 34 25 28 28 22 27 19 9 21 3 20 6 31 8 29 19 1 22 20 28 32 0 25 25 36 19 19 40
split_gain=2.11815 2.91584 4.60424 3.68356 3.66376 3.63351 3.23655 4.14911 2.81676 2.80024 4.7005 4.45724 2.60968 2.5749 7.8481 6.02919 5.27786 7.30546 8.96563 9.86907 8.89429 6.92975 6.73729 5.82635 5.60749 6.82003 5.43599 5.39067 5.55033 4.39104
threshold=3.7238123994273287 2.2570281312897653 0.97293110533848381 -1.2134556729342167 -0.63938250738049829 -0.6286971575350665 -0.65576120006494765 -0.8265190902956322 0.41921998306619984 -0.23043227727500556 -0.22474488132679041 -0.67126592859802237 2.7956479613854031 -0.9160905038238143 -0.9447105056843782 0.32653430937330735 -0.24060852853737838 -0.3824938832061992 1.0000000180025095e-35 0.58422454454305839 -0.14932185671726214 -0.57673999069420623 1.3989619003600571 0.90127424380356025 1.0000000180025095e-35 0.45479898364075372 3.5000000000000004 -0.5435607528338996 -0.48047568103971244 0.31500000000000006
decision_type=2 2 2 2 2 2 2 2 2 2 2 2 2 2 2 2 2 2 2 2 2 2 2 2 2 2 2 2 2 2
left_child=1 13 3 -3 12 -6 9 -8 -9 -7 11 -11 -4 16 15 -15 21 18 19 26 -20 22 27 29 -24 -26 -18 -1 -29 -22
right_child=-2 2 4 -5 5 6 7 8 -10 10 -12 -13 -14 14 -16 -17 17 -19 20 -21 23 -23 24 -25 25 -27 -28 28 -30 -31
leaf_value=-0.15720814662109708 -0.077345299304776377 -0.11258030912100077 -0.086206778670399706 0.055565209596321136 0.14161329624769353 -0.10909777349760939 0.19482491201635843 -0.041300756684684754 0.10325450173005485 0.028951065977982561 0.11786277321726053 -0.11514796421262803 0.0061698064105874268 0.038802232865984831 -0.00036305488243580094 0.18944153151310927 0.14295214715470278 -0.019494665918292974 0.2789057115242452 0.078152914640949409 0.054183498033758784 -0.068563650656566291 0.21115079105526627 -0.037120556133304429 -0.079738883580059663 0.14207839268249275 -0.079298407301352181 0.12616879971868175 -0.07019674824683432 0.1957027541190868
leaf_weight=3.0077647599391648 3.5537812691181889 1.3617591774091149 7.3191413735039514 30.122029561083764 2.1984157478436819 2.8839283699635443 1.754217241425067 3.2622809442691532 2.2971586063504219 4.8967375713400543 2.6501066712662551 3.8219979889690876 5.2531059235334396 14.111102926544847 1718.4582285416545 3.2732541635632506 1.2081250548362756 72.850311789428815 2.1934547591954479 8.4554686825722438 6.1049249060451931 31.215015195310116 2.2736831028014413 4.1367888841778049 2.9423282463103533 2.6206847410649061 12.354421013034878 2.3644718616269538 3.6792401294223964 3.4211257379502058
leaf_count=38 84 32 78 956 20 72 19 33 21 39 23 33 36 125 43086 19 23 1050 26 91 48 544 17 34 31 27 202 26 54 29
internal_value=0 -7.25998e-05 0.0203008 0.0482925 -0.00395222 0.0191433 0.00665904 0.0607388 0.0184294 -0.0210914 0.00123314 -0.0342171 -0.0476087 -0.000801878 0.000313241 0.0671657 -0.0129891 -0.000973927 0.0346503 -0.00663831 0.0919835 -0.0406458 0.0109557 0.0619747 0.0788361 0.0247572 -0.0595008 -0.0478147 0.00662703 0.105008
internal_weight=0 1962.49 67.8209 31.4838 36.3371 23.7648 21.5664 7.31366 5.55944 14.2528 11.3688 8.71874 12.5722 1894.67 1735.84 17.3844 158.828 110.725 37.8743 22.018 15.8563 48.1032 16.8882 13.6628 7.8367 5.56301 13.5625 9.05148 6.04371 9.52605
internal_count=46916 46832 1362 988 374 260 240 73 54 167 95 72 114 45470 43230 144 2240 1503 453 316 137 737 193 111 75 58 225 118 80 77
is_linear=0
shrinkage=0.1


end of trees

feature_importances:
Column_38=376
Column_35=194
Column_14=155
Column_6=148
Column_9=134
Column_34=130
Column_40=112
Column_49=92
Column_20=91
Column_32=89
Column_19=88
Column_1=85
Column_4=83
Column_28=82
Column_25=79
Column_46=75
Column_10=74
Column_8=72
Column_3=67
Column_29=67
Column_31=63
Column_27=61
Column_0=60
Column_2=50
Column_21=47
Column_7=44
Column_22=44
Column_15=38
Column_36=38
Column_5=36
Column_26=30
Column_33=26
Column_12=24
Column_13=22
Column_18=19
Column_30=18
Column_23=17
Column_11=16
Column_16=14
Column_17=14
Column_42=14
Column_24=9
Column_41=3

parameters:
[boosting: gbdt]
[objective: binary]
[metric: auc]
[tree_learner: serial]
[device_type: cpu]
[data_sample_strategy: bagging]
[data: ]
[valid: ]
[num_iterations: 100]
[learning_rate: 0.1]
[num_leaves: 31]
[num_threads: 1]
[seed: 0]
[deterministic: 0]
[force_col_wise: 0]
[force_row_wise: 0]
[histogram_pool_size: -1]
[max_depth: -1]
[min_data_in_leaf: 20]
[min_sum_hessian_in_leaf: 0.001]
[bagging_fraction: 1]
[pos_bagging_fraction: 1]
[neg_bagging_fraction: 1]
[bagging_freq: 0]
[bagging_seed: 3]
[feature_fraction: 1]
[feature_fraction_bynode: 1]
[feature_fraction_seed: 2]
[extra_trees: 0]
[extra_seed: 6]
[early_stopping_round: 0]
[first_metric_only: 0]
[max_delta_step: 0]
[lambda_l1: 0]
[lambda_l2: 0]
[linear_lambda: 0]
[min_gain_to_split: 0]
[drop_rate: 0.1]
[max_drop: 50]
[skip_drop: 0.5]
[xgboost_dart_mode: 0]
[uniform_drop: 0]
[drop_seed: 4]
[top_rate: 0.2]
[other_rate: 0.1]
[min_data_per_group: 100]
[max_cat_threshold: 32]
[cat_l2: 10]
[cat_smooth: 10]
[max_cat_to_onehot: 4]
[top_k: 20]
[monotone_constraints: ]
[monotone_constraints_method: basic]
[monotone_penalty: 0]
[feature_contri: ]
[forcedsplits_filename: ]
[refit_decay_rate: 0.9]
[cegb_tradeoff: 1]
[cegb_penalty_split: 0]
[cegb_penalty_feature_lazy: ]
[cegb_penalty_feature_coupled: ]
[path_smooth: 0]
[interaction_constraints: ]
[verbosity: 1]
[saved_feature_importance_type: 0]
[use_quantized_grad: 0]
[num_grad_quant_bins: 4]
[quant_train_renew_leaf: 0]
[stochastic_rounding: 1]
[linear_tree: 0]
[max_bin: 255]
[max_bin_by_feature: ]
[min_data_in_bin: 3]
[bin_construct_sample_cnt: 200000]
[data_random_seed: 1]
[is_enable_sparse: 1]
[enable_bundle: 1]
[use_missing: 1]
[zero_as_missing: 0]
[feature_pre_filter: 1]
[pre_partition: 0]
[two_round: 0]
[header: 0]
[label_column: ]
[weight_column: ]
[group_column: ]
[ignore_column: ]
[categorical_feature: ]
[forcedbins_filename: ]
[precise_float_parser: 0]
[parser_config_file: ]
[objective_seed: 5]
[num_class: 1]
[is_unbalance: 0]
[scale_pos_weight: 1]
[sigmoid: 1]
[boost_from_average: 1]
[reg_sqrt: 0]
[alpha: 0.9]
[fair_c: 1]
[poisson_max_delta_step: 0.7]
[tweedie_variance_power: 1.5]
[lambdarank_truncation_level: 30]
[lambdarank_norm: 1]
[label_gain: ]
[lambdarank_position_bias_regularization: 0]
[eval_at: ]
[multi_error_top_k: 1]
[auc_mu_weights: ]
[num_machines: 1]
[local_listen_port: 12400]
[time_out: 120]
[machine_list_filename: ]
[machines: ]
[gpu_platform_id: -1]
[gpu_device_id: -1]
[gpu_use_dp: 0]
[num_gpu: 1]

end of parameters

pandas_categorical:null
