tree
version=v4
num_class=1
num_tree_per_iteration=1
label_index=0
max_feature_idx=49
objective=binary sigmoid:1
feature_names=Column_0 Column_1 Column_2 Column_3 Column_4 Column_5 Column_6 Column_7 Column_8 Column_9 Column_10 Column_11 Column_12 Column_13 Column_14 Column_15 Column_16 Column_17 Column_18 Column_19 Column_20 Column_21 Column_22 Column_23 Column_24 Column_25 Column_26 Column_27 Column_28 Column_29 Column_30 Column_31 Column_32 Column_33 Column_34 Column_35 Column_36 Column_37 Column_38 Column_39 Column_40 Column_41 Column_42 Column_43 Column_44 Column_45 Column_46 Column_47 Column_48 Column_49
feature_infos=[-1.2504883594784932:15.798026433845127] [-1.6942035155796722:31.698713898142451] [-1.2896648374313537:41.078922051193565] [-0.97804474198327029:9.7605787938453812] [-1.1152888280384345:12.961958469173164] [-1.8862102267685008:19.869853026967405] [-1.5540989689317364:47.607737950131309] [-1.5002415319004463:4.6653551563690892] [-1.2138337338365262:29.713077130013048] [-1.7560963937658212:4.0743700750396483] [-1.7340317224577881:4.7065332170985608] [-0.97869483213632102:6.0008285365236516] [-1.5579095479715643:59.004612215098327] [-0.96776256976426955:9.764175400841701] [-5.7175227242526372:7.6513710065328215] [-0.77399648462484738:9.7791031611688801] [-0.059509790911492735:40.221515814628638] [-0.038186151847367227:0.035340447584859179] [-1.0538865892455764:1.0171488228821155] [-0.8372301391356739:9.7723828108543724] [-0.68886770146199205:12.781567845435854] [-1.9547255726441837:11.035072096676103] [-0.86951015623001549:119.05123222314909] [-3.3263630773699115:2.3966212858456437] [-0.28229914078801199:4.1126100380045401] [-1.6642384446554661:9.4631116693494146] [-1.7369647438352842:4.9704035988239283] [-1.6279496045771977:4.4334029956433021] [-0.72481424855633592:34.139763059305217] [-1.0164738168665284:7.3084434598582915] [-0.121383293391677:12.362016191829406] [-1.7104296920285054:56.810156472352482] [-2.36423798798715:4.7794127332731167] [-0.80976315975979374:2.4091642995358473] [-0.032497488837272763:3.0145892820273552] [-0.030516122026900076:5.0323200925609015] [0:6] [0:1] [0:3897] [0:0.40000000000000002] [0:0.56000000000000005] [0:0.40000000000000002] [0:1] [0:4] [0:1] [0:1] [0:34] [0:4] [0:56] [0:35]
tree_sizes=3327 3377 3394 3401 3397 3390 3412 3411 3415 3428 3426 3432 3424 3435 3432 3426 3443 3439 3424 3445 3425 3444 3435 3428 3442 3419 3443 3427 3443 3447 3443 3428 3440 3434 3439 3446 3411 3456 3438 3419 3432 3437 3471 3430 3462 3422 3434 3418 3435 3420 3421 3452 3426 3441 3417 3452 3397 3430 3400 3415 3431 3451 3412 3414 3372 3416 3391 3418 3405 3431 3404 3431 3414 3460 3406 3407 3417 3448 3416 3370 3396 3405 3414 3413 3447 3392 3422 3397 3405 3396 3408 3389 3403 3411 3412 3406 3410 3403 3418 3407

Tree=0
num_leaves=31
num_cat=0
split_feature=10 36 46 8 34 35 35 35 35 14 35 20 34 34 49 35 0 20 38 6 14 10 6 49 6 33 38 9 35 35
split_gain=10221.9 8201.85 4422.44 1270.91 900.931 310.065 697.698 450.964 782.504 276.541 338.244 162.145 161.884 129.137 120.358 131.709 117.862 107.114 87.752 84.885 75.9549 101.773 63.2224 62.2141 57.7407 49.9641 49.0068 47.4009 41.2419 72.5178
threshold=1.5552819910174021 3.5000000000000004 10.500000000000002 -0.45128626237464337 0.97392298712563552 3.9829812312414954 4.9719404740209621 1.9937452855582312 0.021372449354867915 -1.0994183075655302 4.995472352605244 2.8226152211827329 0.01224054493628219 1.0123044448500846 14.500000000000002 3.9786411023398522 -0.59761956593285281 -0.044790908973797873 76.500000000000014 -0.12000415446219208 -2.535449313321108 0.012037036730029512 -0.78137799809396824 11.500000000000002 -0.63351987614264982 -0.096747904038029561 507.50000000000006 1.438366478306347 3.0011073808500774 4.9878135843335505
decision_type=2 2 2 2 2 2 2 2 2 2 2 2 2 2 2 2 2 2 2 2 2 2 2 2 2 2 2 2 2 2
left_child=1 3 -2 4 -1 7 13 8 -5 10 20 -4 -12 -7 15 19 -8 -11 -19 -6 21 -3 -22 -10 -18 -23 -21 -20 -13 -30
right_child=2 9 11 5 14 6 16 -9 23 17 12 28 -14 -15 -16 -17 24 18 27 26 22 25 -24 -25 -26 -27 -28 -29 29 -31
leaf_value=-1.1261681588055283 -1.1249840851157149 -1.8511252902986686 -1.8375848621471387 -1.7551970300302335 -1.3790743625552615 -1.1224242446107136 -1.0918489453530595 -1.7898050508090448 -1.2235330384521625 -1.8890099433122056 -1.2095854902422505 -1.6636070414711925 -1.7302652103125511 -1.8678063615133829 -1.830570014917454 -1.1066998049924914 -1.3146118399445399 -1.8788754831673331 -1.823819295462151 -1.8497020919013947 -1.837279933444627 -1.6799429870745677 -1.6763815960899455 -1.6551574144349639 -1.7942946062981942 -1.1696391625119889 -1.5079532201560133 -1.6522791959798009 -1.1628747958025167 -1.7044469054796305
leaf_weight=145.69098681211472 310.84824833273888 8.692487448453905 122.42940068244934 62.561423748731613 11.141075462102892 45.788595855236053 2.815876215696334 106.02386099100113 56.195094913244247 3330.5694161653519 13.589663475751879 14.691528081893923 10.651357859373091 2.4485880136489859 16.65039849281311 6.7336170375347129 2.6934468150138846 500.49138998985291 406.71046906709671 11.875651866197588 446.98974189162254 3.0607350170612335 25.832603543996811 3.55045261979103 36.728820204734802 5.1420348286628705 6.4887582361698142 16.77282789349556 5.6317524313926679 4.4074584245681763
leaf_count=1190 2539 71 1000 511 91 374 23 866 459 27204 111 120 87 20 136 55 22 4088 3322 97 3651 25 211 29 300 42 53 137 46 36
internal_value=-1.79198 -1.83125 -1.33879 -1.45309 -1.2545 -1.57678 -1.42012 -1.63886 -1.50801 -1.87228 -1.803 -1.79041 -1.43837 -1.16026 -1.60802 -1.50577 -1.71688 -1.88065 -1.85053 -1.59684 -1.82104 -1.61271 -1.82849 -1.24918 -1.76152 -1.36005 -1.72895 -1.81703 -1.55686 -1.40064
internal_weight=0 5285.89 458.008 517.387 198.58 318.806 90.4753 228.331 122.307 4768.5 513.959 147.16 24.241 48.2372 52.8895 36.2391 42.2381 4254.54 923.975 29.5055 489.718 16.8953 472.822 59.7455 39.4223 8.20277 18.3644 423.483 24.7307 10.0392
internal_count=46916 43175 3741 4226 1622 2604 739 1865 999 38949 4198 1202 198 394 432 296 345 34751 7547 241 4000 138 3862 488 322 67 150 3459 202 82
is_linear=0
shrinkage=1


Tree=1
num_leaves=31
num_cat=0
split_feature=20 10 1 36 46 34 36 8 34 14 49 35 35 35 6 35 40 9 14 35 6 6 38 9 49 40 38 6 46 46
split_gain=6268.36 1541.96 1394.35 2016.21 854.176 736.475 598.396 421.222 265.643 142.366 136.65 201.163 193.206 259.637 120.885 116.759 110.465 90.1421 88.7532 82.224 56.4703 55.6552 50.5855 50.2214 47.7216 44.3155 40.8272 38.685 38.4792 38.0964
threshold=0.21784478543548511 1.5552819910174021 1.5367684771616057 3.5000000000000004 10.500000000000002 0.97748053706822979 3.5000000000000004 -0.45128626237464337 0.99908447472413231 -1.0994183075655302 14.500000000000002 3.9829812312414954 1.9937452855582312 0.98427004005904917 -0.76514077609537645 4.995472352605244 0.51500000000000012 1.20733357875903 0.08493228518956035 4.9936386559525756 -0.48895835778212454 -1.1443219107003644 76.500000000000014 0.14409912162382785 14.500000000000002 0.38000000000000006 76.500000000000014 -0.12000415446219208 1.5000000000000002 11.500000000000002
decision_type=2 2 2 2 2 2 2 2 2 2 2 2 2 2 2 2 2 2 2 2 2 2 2 2 2 2 2 2 2 2
left_child=1 6 3 7 -4 -3 18 8 -2 19 11 12 13 -9 15 -8 -13 -6 -1 21 -18 -5 -11 -16 25 27 -25 -10 -20 -17
right_child=2 5 4 9 17 -7 14 10 24 22 -12 16 -14 -15 23 29 20 -19 28 -21 -22 -23 -24 26 -26 -27 -28 -29 -30 -31
leaf_value=0.30277889422275994 0.38787924495060477 0.38673064294410958 0.38358105993780328 0.26928029692648286 -0.011077214327724618 -0.077827397786978697 -0.044566544285490672 0.045776972103902053 0.25878926538983821 -0.08247974816059378 -0.021645464867631498 0.38915433471869321 0.023260620228458269 0.34502700876816483 -0.097262285283365391 0.26308352324451417 0.43702972677309637 0.19462535819960114 0.20664784822387441 0.34354805497458157 0.014931136553980377 0.022018866359320932 -0.015915837843899501 -0.089674288692622506 -0.029158796313877123 0.39053608283966079 -0.048822797666479317 0.018035401404274853 0.00054687807740058734 -0.090760338019723136
leaf_weight=39.435411751270294 200.51651947945356 108.05159282684326 363.8229551538825 10.17003024369478 68.531968630850315 49.878259420394897 382.64544073492289 50.258053600788116 12.237016439437864 243.5364051759243 35.41940912604332 59.815587587654591 88.55279453843832 68.524379849433899 2548.8526613712311 16.943318918347362 4.0742487758398083 30.912674278020859 15.654817350208758 10.422235257923601 14.273033589124678 86.778221346437931 214.92541645467281 525.54430717229843 13.813202172517775 8.4033467620611173 457.70947064459324 14.681598231196405 21.499417439103127 3.7087302207946768
leaf_count=239 1089 584 1975 70 575 421 3203 399 76 2116 282 324 721 392 22307 106 25 215 103 65 113 724 1780 4595 116 45 3951 115 161 29
internal_value=0 -0.0664813 0.166365 0.106755 0.31259 0.240011 -0.0785462 0.2394 0.336817 -0.0270003 0.163618 0.186602 0.135063 0.218411 -0.0839339 -0.0320664 0.323314 0.0528661 0.198291 0.0766494 0.108664 0.047957 -0.0512748 -0.0898562 0.128434 0.190063 -0.0706577 0.12748 0.0873869 0.19954
internal_weight=0 4169.92 1599.67 1136.4 463.268 157.93 4011.99 570.569 249.652 565.832 320.918 285.498 207.335 118.782 3935.4 403.297 78.1629 99.4446 76.5896 107.37 18.3473 96.9483 458.462 3532.11 49.1352 35.322 983.254 26.9186 37.1542 20.652
internal_count=46916 35699 11217 8452 2765 1005 34694 3697 1441 4755 2256 1974 1512 791 34191 3338 462 790 503 859 138 794 3896 30853 352 236 8546 191 264 135
is_linear=0
shrinkage=0.1


Tree=2
num_leaves=31
num_cat=0
split_feature=20 10 1 36 46 36 34 8 49 6 14 49 35 35 35 35 36 40 35 38 14 38 38 14 6 6 49 35 49 9
split_gain=4851.61 1101.14 897.475 1433.82 521.019 463.873 428.645 246.3 153.925 114.447 110.609 94.8738 123.397 127.991 164.272 85.327 66.8551 63.9316 55.0468 49.8315 48.8944 47.0911 69.1265 39.9695 36.1816 33.8949 33.7204 31.6025 40.0176 31.1705
threshold=0.19200588939123583 1.5552819910174021 1.5367684771616057 3.5000000000000004 10.500000000000002 3.5000000000000004 0.017825326496366093 -0.45128626237464337 11.500000000000002 -0.76514077609537645 -1.0994183075655302 14.500000000000002 3.9829812312414954 1.022266111254815 0.98427004005904917 4.9914530442260867 3.5000000000000004 0.51500000000000012 4.9821933372715934 76.500000000000014 0.43345033289284413 156.50000000000003 157.50000000000003 0.094421792039942734 -1.1443219107003644 -0.48895835778212454 11.500000000000002 3.9786411023398522 14.500000000000002 0.022327022876452912
decision_type=2 2 2 2 2 2 2 2 2 2 2 2 2 2 2 2 2 2 2 2 2 2 2 2 2 2 2 2 2 2
left_child=1 5 3 7 -4 20 -3 8 -2 15 18 12 13 14 -9 -7 -6 -14 24 -12 -1 -11 29 -15 -5 -19 -24 -10 -29 -23
right_child=2 6 4 10 16 9 -8 11 27 21 19 -13 17 23 -16 -17 -18 25 -20 -21 -22 22 26 -25 -26 -27 -28 28 -30 -31
leaf_value=0.21461185454615972 0.28735914762103693 0.29128859256511414 0.2891173792093808 0.19869688754645048 0.15477302827908823 -0.041565878942629857 -0.072591209713300534 0.038563475200525998 -0.0058963626401181855 -0.095039324519523349 -0.079448734198431625 -0.021258409121345218 0.29319184101378903 0.096778913527935412 0.26764361123809544 0.15548685734603818 -0.014018650760100291 0.31246598395740077 0.25435628399337346 -0.014049652701161822 0.049186334125091456 0.0444170272753944 -0.055672534205215223 -0.034707949564779177 0.014994810769650192 0.011997972440233654 -0.092961638455407114 0.29544492829177854 -0.0071196663930544572 0.38443429677690943
leaf_weight=54.700734473764896 251.06967004388571 117.06204630434513 440.75119642913342 12.136491581797598 35.126168668270111 365.34325408190489 44.747693836688995 52.30503685772419 21.652052074670792 2278.3191319927573 242.36720158904791 35.407449662685394 71.65429300069809 40.964052140712738 77.960907787084579 23.38095784932375 70.687980853021145 5.0585296154022243 13.04041253775358 224.36428347975016 26.533998720347881 6.9494541734456998 560.0033462792635 53.069184131920338 91.966952562332153 14.562389209866522 427.74532040208578 10.803592160344126 7.3420887887477866 4.405187115073204
leaf_count=295 1176 535 2025 72 218 3159 398 402 160 21358 2240 286 328 323 376 139 599 25 69 1883 183 65 5186 421 757 114 3974 49 62 39
internal_value=0 -0.0647509 0.134712 0.0871933 0.241278 -0.0757794 0.190659 0.190349 0.258396 -0.0810166 -0.0262052 0.133957 0.151372 0.111482 0.175662 -0.0297136 0.0420136 0.249397 0.0606726 -0.0480105 0.160578 -0.0871015 -0.0690004 0.0225722 0.036411 0.0894626 -0.0718206 0.0756808 0.173022 0.176331
internal_weight=0 3909.19 1772.29 1225.72 546.565 3747.38 161.81 641.849 290.867 3666.15 583.875 350.982 315.574 224.299 130.266 388.724 105.814 91.2752 117.144 466.731 81.2347 3277.42 999.103 94.0332 104.103 19.6209 987.749 39.7977 18.1457 11.3546
internal_count=46916 35331 11585 8743 2842 34398 933 3722 1447 33920 5021 2275 1989 1522 778 3298 817 467 898 4123 478 30622 9264 744 829 139 9160 271 111 104
is_linear=0
shrinkage=0.1


Tree=3
num_leaves=31
num_cat=0
split_feature=20 10 10 36 46 36 34 49 8 6 35 35 35 14 35 9 34 38 40 36 35 8 6 6 35 34 38 22 35 35
split_gain=3889.08 896.372 628.35 1088.14 399.013 381.365 303.812 171.61 144.758 108.328 85.2301 108.576 117.619 82.5838 66.3098 49.7386 49.5601 47.8967 43.5206 43.4126 39.328 39.0393 37.8558 83.3373 38.7627 29.9471 31.0769 37.0643 29.158 31.6905
threshold=0.19200588939123583 1.5552819910174021 1.5552819910174021 3.5000000000000004 12.500000000000002 3.5000000000000004 0.97748053706822979 14.500000000000002 -0.45128626237464337 -0.76514077609537645 3.0164114252672101 1.022266111254815 0.021372449354867915 -1.0994183075655302 4.995472352605244 0.14409912162382785 0.98615402669926089 76.500000000000014 0.51500000000000012 3.5000000000000004 4.9936386559525756 -0.66425008661974583 -0.23682724366297445 -0.26832710687394573 4.9719404740209621 0.013748572190012394 76.500000000000014 -0.54470189973136984 0.030199858773715799 1.0029449620188646
decision_type=2 2 2 2 2 2 2 2 2 2 2 2 2 2 2 2 2 2 2 2 2 2 2 2 2 2 2 2 2 2
left_child=1 5 3 7 -4 21 -3 8 16 14 11 12 -10 20 -7 25 -2 -15 -12 -6 -5 -1 23 -17 -25 26 -11 -28 -18 -30
right_child=2 6 4 13 19 9 -8 -9 10 15 18 -13 -14 17 -16 22 28 -19 -20 -21 -22 -23 -24 24 -26 -27 27 -29 29 -31
leaf_value=0.21653234959642936 0.24232472438389815 0.2393586449543233 0.24010051577150696 0.027206370553463678 0.11141630948081041 -0.038499170779589427 -0.070797265088061764 -0.020008256903449241 0.034716601861812892 -0.093180229164139233 0.24135419277119299 0.014830461833172874 0.22188762250058899 -0.07750700611853821 0.13108500386401126 -0.04752722559473968 -0.01822506583765748 -0.012321746042971978 0.07726648834576029 -0.026237032883016778 0.2062619519033464 0.079751249034902771 -0.078556679165576793 0.10609483876544659 0.48614829944982879 -0.10165884252256847 0.083459081114889408 -0.062660302483891997 0.33987584936600856 0.1189683239673747
leaf_weight=34.446888089179993 255.7254745811224 127.71226957440376 479.53466229140759 107.70994275808334 35.080907076597214 354.96179354190826 41.958435595035553 48.668642230331898 53.3862025141716 538.69026134163141 78.987850323319435 95.369224414229393 90.46733520925045 227.96401725709438 24.658997565507889 269.10421574115753 10.362724229693411 222.97741909325123 20.322500109672546 66.04228113591671 13.843210592865942 52.928262740373611 568.2119362950325 13.679870627820494 3.3385912254452697 1312.6683920696378 18.286904193460941 342.33934501558542 8.5718483030796033 26.788890585303307
leaf_count=170 1077 537 2039 837 202 3164 396 404 400 5459 334 742 398 2238 134 2613 58 1889 139 567 65 308 5573 133 33 13250 176 3385 44 152
internal_value=0 -0.0618613 0.115954 0.0763207 0.202034 -0.0726428 0.162659 0.161013 0.17478 -0.0778743 0.129901 0.0975716 0.152426 -0.0255558 -0.0274835 -0.0841128 0.22518 -0.0452748 0.207776 0.0215166 0.0475983 0.133676 -0.0636193 -0.0339552 0.180652 -0.092028 -0.0779705 -0.0552508 0.129289 0.172519
internal_weight=0 3702.99 1841.8 1261.15 580.658 3533.32 169.671 688.651 639.982 3445.94 338.533 239.223 143.854 572.495 379.621 3066.32 301.449 450.941 99.3104 101.123 121.553 87.3752 854.335 286.123 17.0185 2211.98 899.317 360.626 45.7235 35.3607
internal_count=46916 35331 11585 8777 2808 34398 933 3748 3344 33920 2013 1540 798 5029 3298 30622 1331 4127 473 769 902 478 8352 2779 166 22270 9020 3561 254 196
is_linear=0
shrinkage=0.1


Tree=4
num_leaves=31
num_cat=0
split_feature=20 10 10 36 36 34 34 49 6 8 35 49 14 38 35 9 6 38 38 49 14 38 35 8 35 35 6 6 34 9
split_gain=3178.76 745.017 469.609 836.527 318.273 303.661 231.066 130.118 102.261 100.649 81.6581 78.3291 68.3624 54.2233 52.466 49.2304 44.2863 43.4006 40.1236 35.4874 35.1144 30.8684 30.6219 36.3685 32.9983 34.3839 30.5494 30.8474 29.1416 29.0722
threshold=0.19200588939123583 1.5552819910174021 1.5552819910174021 3.5000000000000004 3.5000000000000004 0.99471371500343764 0.99147933693198653 11.500000000000002 -0.76514077609537645 -0.66627133502233671 3.0164114252672101 14.500000000000002 -1.0994183075655302 20.500000000000004 4.0120175645169622 0.12981588697813506 0.5153249930261613 76.500000000000014 76.500000000000014 14.500000000000002 0.96591211292666868 156.50000000000003 3.9855503962196184 -0.67860532566864673 1.9897939794422845 0.9939675765333581 -0.7904930731381431 -1.1443219107003644 0.01224054493628219 0.75968783710753718
decision_type=2 2 2 2 2 2 2 2 2 2 2 2 2 2 2 2 2 2 2 2 2 2 2 2 2 2 2 2 2 2
left_child=1 4 3 7 19 -4 -3 9 14 -2 -9 -12 26 -11 -6 -10 21 -14 -17 22 -20 -15 23 -1 25 -25 27 -5 -16 -7
right_child=2 6 5 12 8 29 -8 10 15 13 11 -13 17 16 28 18 -18 -19 20 -21 -22 -23 -24 24 -26 -27 -28 -29 -30 -31
leaf_value=0.19349041665054423 0.20374960060151853 0.20466593758988083 0.20729170853962764 0.15917392784690707 -0.036143688714912796 -0.03355084119484443 -0.075561111757814187 -0.016105826150802357 -0.089708657080288912 -0.017513569324210953 0.21062231915384705 -6.469639530291538e-05 -0.074329398759270471 0.11119509731464644 0.19495194886547676 -0.081833084350033308 0.032090913560836723 -0.01119490342121349 -0.018459119800793733 -0.097024802060002802 -0.081186671375283653 0.18710772424241345 0.21984296344027354 -0.016793294982066727 -0.095536450322537603 0.22906330184078039 0.19435613717157132 0.0051356836420592342 -0.010665062111150939 0.072809612732094728
leaf_weight=21.606249585747719 283.72591279447079 134.8879735916853 498.77115630358458 14.997713491320608 342.98681723326445 52.444557905197144 37.63483464717865 75.653836391866207 2014.5612961277366 26.312689855694771 46.748062267899513 28.345752775669098 214.63806745409966 102.80217538774014 15.937573879957201 446.59612971544266 36.854074612259865 220.98886634409428 279.10112597793341 7.3510250747203818 131.18938869982958 111.84068533778191 27.037231087684631 11.714485093951227 13.324892684817312 11.058091685175894 11.863917261362074 97.627064682543278 12.145578630268572 50.392524637281895
leaf_count=97 1169 558 2037 78 3147 454 375 582 21804 172 191 238 2238 583 74 4729 231 1889 2754 49 1335 582 125 72 85 50 81 743 77 317
internal_value=0 -0.059095 0.102231 0.0678095 -0.0695786 0.175032 0.143536 0.139711 -0.0747851 0.161857 0.0572207 0.131094 -0.0236262 0.119071 -0.0253841 -0.0811691 0.133362 -0.0423019 -0.0610922 0.11374 -0.0385161 0.15075 0.132024 0.0908757 0.0294554 0.102592 0.0417263 0.0256482 0.106025 0.0185682
internal_weight=0 3507.13 1874.01 1272.4 3334.61 601.608 172.523 712.283 3242.52 561.536 150.748 75.0938 560.116 277.81 371.07 2871.45 251.497 435.627 856.887 92.092 410.291 214.643 84.741 57.7037 36.0975 22.7726 124.489 112.625 28.0832 102.837
internal_count=46916 35331 11585 8777 34398 2808 933 3748 33920 2737 1011 429 5029 1568 3298 30622 1396 4127 8818 478 4089 1165 429 304 207 122 902 821 151 771
is_linear=0
shrinkage=0.1


Tree=5
num_leaves=31
num_cat=0
split_feature=20 1 10 36 36 46 46 8 31 35 46 34 38 38 14 14 18 38 38 34 5 6 35 38 6 46 38 20 38 15
split_gain=2624.18 628.441 370.963 654.635 259.523 243.579 188.972 104.112 103.047 111.481 118.005 71.6233 58.9634 57.7485 59.3937 56.749 49.7697 44.9797 37.853 36.0107 32.4735 47.34 29.6658 29.6066 29.4005 29.2964 27.6751 27.0996 25.3891 24.896
threshold=0.19200588939123583 1.5367684771616057 1.5552819910174021 3.5000000000000004 3.5000000000000004 10.500000000000002 12.500000000000002 -0.66627133502233671 -0.30892360269046731 4.995472352605244 2.5000000000000004 0.99908447472413231 26.500000000000004 73.500000000000014 -0.11376166628240419 -1.1453800006332731 0.96524487874718257 179.50000000000003 76.500000000000014 1.9835955679000736 0.81813020560960303 -0.36374397604239267 4.9821933372715934 66.500000000000014 0.54135195061153185 1.5000000000000002 78.500000000000014 2.8226152211827329 76.500000000000014 -0.73626061262595821
decision_type=2 2 2 2 2 2 2 2 2 2 2 2 2 2 2 2 2 2 2 2 2 2 2 2 2 2 2 2 2 2
left_child=1 4 3 7 25 -4 -3 11 9 16 12 -2 -11 14 29 22 -6 -10 -17 24 21 -14 -5 -23 -15 -1 -20 -7 -13 -9
right_child=2 6 5 15 8 27 -8 13 17 10 -12 28 20 19 -16 18 -18 -19 26 -21 -22 23 -24 -25 -26 -27 -28 -29 -30 -31
leaf_value=0.14192285468682733 0.18634842892905812 0.18125218276273045 0.18500847375304486 0.019311059756976952 -0.073345820126016412 -0.017208283708590063 -0.073914829725184178 0.31990126363672539 -0.095563637770152088 0.053880382064186938 -0.036556564101185574 -0.028646983245917215 0.6345915633944772 0.14418384957836386 -0.025059874944923722 -0.07040671552932963 -0.028754381018708131 -0.061060805869436685 0.24473232684216861 -0.041933740927075108 0.17624615187529355 0.44771345298818099 0.16840876507935273 -0.031485278374051483 0.057923722926991154 0.026264722089825294 -0.015512687473304211 0.087017932278056154 0.11049327340213731 0.08684747643080884
leaf_weight=57.568332016468048 269.76030685007572 138.60580448806286 500.03185479342937 109.45440866798162 676.11603410542011 70.057590007781982 36.710318580269814 4.9206128716468802 1374.5259561687708 14.666496142745016 48.745764970779419 19.382623441517353 5.6621883288025838 189.61428568512201 73.462642937898636 203.23331864178181 397.4315382167697 521.07586409896612 4.1647608429193488 13.452679485082625 8.7990722209215146 2.6652146950364148 15.197782650589941 2.49747484177351 49.913732886314392 35.348684906959534 216.73697795718908 38.741963818669319 40.55037984251976 66.946997635066509
leaf_count=265 1082 594 2002 818 7364 604 384 28 15904 114 496 134 51 991 499 2244 4070 5782 36 113 47 25 67 27 314 208 1864 202 222 365
internal_value=0 -0.0564433 0.0912724 0.0606439 -0.0667147 0.155504 0.127821 0.122813 -0.0717267 -0.0482034 0.0634284 0.164379 0.205563 0.0884076 0.0381705 -0.0218278 -0.0568379 -0.0860793 -0.0392609 0.117267 0.318927 0.434905 0.0374893 0.215899 0.126209 0.0979227 -0.0106062 0.0199052 0.0654946 0.102804
internal_weight=0 3320.42 1885.62 1276.79 3145.1 608.831 175.316 728.004 3052.19 1156.58 83.0362 329.693 34.2904 398.311 145.33 548.787 1073.55 1895.6 424.135 252.981 19.624 10.8249 124.652 5.16269 239.528 92.917 220.902 108.8 59.933 71.8676
internal_count=46916 35331 11585 8777 34353 2808 978 3748 33880 12194 760 1438 264 2310 892 5029 11434 21686 4144 1418 150 103 885 52 1305 473 1900 806 356 393
is_linear=0
shrinkage=0.1


Tree=6
num_leaves=31
num_cat=0
split_feature=20 10 1 36 36 34 34 31 8 35 46 34 12 38 35 9 38 34 14 6 6 14 6 35 35 35 35 20 1 14
split_gain=2181.86 533.267 305.91 499.857 227.669 179.834 151.38 98.4299 93.866 92.2027 82.4135 63.2086 56.9265 48.7049 47.9042 46.6134 45.5587 43.0765 39.0108 36.5907 34.6501 29.7394 29.7164 29.5545 47.1055 76.113 44.9358 27.0423 26.7867 25.2759
threshold=0.19200588939123583 1.5552819910174021 1.5862336113674254 3.5000000000000004 3.5000000000000004 0.99471371500343764 0.017825326496366093 -0.30892360269046731 -0.66627133502233671 4.995472352605244 3.5000000000000004 0.97392298712563552 -0.21665995395495838 32.500000000000007 4.9719404740209621 -0.11552590078943793 179.50000000000003 0.015545834764441331 -0.32435200253009405 -0.75538647965663919 -0.75142811381217944 -0.14624583652388831 -1.1443219107003644 0.021372449354867915 1.9917766687961107 3.9829812312414954 4.9878135843335505 -0.31004023605368941 1.3872676700482109 0.08493228518956035
decision_type=2 2 2 2 2 2 2 2 2 2 2 2 2 2 2 2 2 2 2 2 2 2 2 2 2 2 2 2 2 2
left_child=1 4 3 8 29 -4 -3 9 11 15 18 -2 14 19 22 -6 -9 -16 20 -10 -11 -20 -5 -15 -25 -26 -27 -18 -29 -1
right_child=2 6 5 12 7 -7 -8 16 13 10 -12 -13 -14 23 17 -17 27 -19 21 -21 -22 -23 -24 24 25 26 -28 28 -30 -31
leaf_value=0.13345267707108488 0.17022678588381265 0.16843696351385001 0.16712001888881456 0.13035441986528981 -0.073853281656921829 0.020672057225688857 -0.060731863833467493 -0.093429050331492527 0.13137517863570281 0.14475200801902929 -0.038049802358234651 0.062054842700374681 -0.056059428696604408 0.024431465040000436 0.21365631639426341 -0.03118650019791901 -0.073259327391459433 -0.012984992600729404 -0.071153262151282246 -0.032373494668425006 0.38482357590009109 0.2407597486099704 -0.011258989477186801 0.16684769842403815 0.0082437066415458875 0.1788540591014296 0.037175998662732378 -0.027459290252496618 0.34348643522641892 0.030544596470225963
leaf_weight=53.329103663563728 264.56708551943302 132.71337769925594 488.17973956465721 15.652422457933424 544.93385718017817 101.23947601765394 36.821448691189289 1271.6222061663866 17.697003945708275 16.968627408146858 45.99677798897028 67.878347732126713 223.00276141613722 52.487026400864124 20.42693468183279 483.01011963933706 343.45149213075638 14.226901568472384 9.9361574351787549 59.619006998836994 9.3109731450676936 4.4150382652878752 277.93878901749849 87.794885843992233 85.481746219098568 72.81969315558672 32.323677584528923 150.59303446114063 1.9721884205937374 43.203169330954552
leaf_count=232 1067 535 1983 76 6307 745 398 15909 85 72 479 386 2232 336 140 5153 4087 112 109 405 72 33 2534 364 596 304 220 1679 20 246
internal_value=0 -0.0538499 0.0822667 0.0550298 -0.0636685 0.141966 0.118664 -0.068728 0.108692 -0.0454555 0.0536218 0.14814 -0.0170717 0.0765661 0.00941571 -0.053805 -0.0834023 0.12061 0.1574 0.00510724 0.22981 0.0248044 -0.00370906 0.0932623 0.106238 0.0783236 0.135299 -0.0576972 -0.0226641 0.087396
internal_weight=0 3148.28 1881.34 1291.92 2978.74 589.419 169.535 2882.21 740.668 1114.57 86.6276 332.445 551.248 408.223 328.245 1027.94 1767.64 34.6538 40.6308 77.316 26.2796 14.3512 293.591 330.907 278.42 190.625 105.143 496.017 152.565 96.5323
internal_count=46916 35331 11585 8857 34398 2728 933 33920 3763 12225 765 1453 5094 2310 2862 11460 21695 252 286 490 144 142 2610 1820 1484 1120 524 5786 1699 478
is_linear=0
shrinkage=0.1


Tree=7
num_leaves=31
num_cat=0
split_feature=20 10 10 36 46 36 46 31 34 8 35 46 14 38 38 38 14 18 34 34 9 38 26 35 46 38 38 14 10 8
split_gain=1834.03 432.666 288.411 450.549 186.21 180.747 117.498 86.3114 85.1227 75.1785 69.1479 59.4142 49.8747 43.1003 41.254 40.6316 39.5816 36.4752 32.0466 27.1943 26.6393 25.8027 25.0835 24.7973 23.8455 23.6148 22.937 22.8843 44.1576 22.6096
threshold=0.12131051083623319 1.6483931574598853 1.5552819910174021 3.5000000000000004 12.500000000000002 3.5000000000000004 12.500000000000002 -0.30892360269046731 1.0108914630916253 -0.45128626237464337 4.995472352605244 2.5000000000000004 -1.1453800006332731 156.50000000000003 76.500000000000014 179.50000000000003 0.08493228518956035 0.9661559776053521 0.97392298712563552 1.0055417791661785 1.438366478306347 26.500000000000004 2.9146569563652167 4.0000043141269073 21.500000000000004 78.500000000000014 47.500000000000007 -2.535449313321108 -1.0000000180025095e-35 -0.67500700365959532
decision_type=2 2 2 2 2 2 2 2 2 2 2 2 2 2 2 2 2 2 2 2 2 2 2 2 2 2 2 2 2 2
left_child=1 5 3 8 -4 29 -3 10 9 18 17 21 19 16 -14 -9 -11 22 -2 23 25 -12 -7 -5 -6 -16 -20 28 -19 -1
right_child=2 6 4 12 24 7 -8 15 -10 13 11 -13 14 -15 20 -17 -18 27 26 -21 -22 -23 -24 -25 -26 -27 -28 -29 -30 -31
leaf_value=0.14290549203113845 0.15633299237504683 0.15546163503132684 0.15400959176407114 0.030830501599403922 0.032941795682827256 -0.068776834694814534 -0.071494569702896069 -0.092161044213210197 -0.053475476457889019 0.081227384064848585 0.027512834470363352 -0.036160913025499501 -0.063998058317155285 0.10990076414514827 0.20152018928993534 -0.057021336953028315 -0.0092644954591538081 -0.084075503989758701 -0.039068079956603413 -0.10694234061761942 0.1223347463432299 0.19576742446517525 0.28316405257356786 0.1581848607987564 -0.084341607725297002 -0.018058954496030982 0.10926947875648066 -0.030319929231241889 0.43680056679105261 0.038296346017657197
leaf_weight=33.727444857358932 262.20936876535416 120.23450119793415 502.92723938077688 110.6707993298769 86.701275341212749 598.44101755321026 28.152151726186275 1147.5769857317209 35.336996756494045 115.95243909955025 14.594452381134031 45.041593424975872 225.47328323125839 192.33461838960648 5.0042381510138503 461.33711114525795 82.890505224466324 3.4943160638213158 13.707918956875799 12.349273726344107 15.408416897058485 24.273814864456654 2.0319898799061766 17.739636451005936 21.667746938765049 230.29512918740511 43.512308165431023 336.78047412633896 3.0465731471776953 53.331519335508347
leaf_count=145 1081 510 2088 841 631 7304 327 15532 276 604 109 485 2721 988 39 5661 562 35 88 92 122 141 24 82 170 2117 206 3637 22 276
internal_value=0 -0.0538844 0.0713187 0.0457206 0.12839 -0.0629438 0.112403 -0.0676248 0.0980095 0.105543 -0.0449866 0.0420071 -0.0175021 0.0761503 -0.0329608 -0.0820851 0.0435046 -0.0527209 0.141537 0.0347935 -0.00504751 0.13259 -0.0675859 0.0484242 0.00949167 -0.013389 0.0737331 -0.0267219 0.158535 0.0788229
internal_weight=0 2872.06 1974.18 1362.88 611.296 2723.68 148.387 2636.62 745.944 710.607 1027.7 83.9099 616.941 391.178 476.181 1608.91 198.843 943.794 319.43 140.76 250.708 38.8683 600.473 128.41 108.369 235.299 57.2202 343.321 6.54089 87.059
internal_count=46916 34208 12708 9819 2889 33371 837 32950 3805 3529 11757 735 6014 2154 4999 21193 1166 11022 1375 1015 2278 250 7328 923 801 2156 294 3694 57 421
is_linear=0
shrinkage=0.1


Tree=8
num_leaves=31
num_cat=0
split_feature=20 10 10 36 46 36 34 31 8 35 34 46 14 38 35 35 35 35 38 9 0 34 9 6 14 7 34 35 6 9
split_gain=1540.75 369.371 245.253 365.586 163.852 154.504 100.303 82.4932 71.9791 58.503 55.3287 46.0435 41.1487 40.5816 40.1294 59.7716 79.0504 57.0058 36.4497 33.8345 28.3575 24.9364 25.4713 24.7423 23.5307 23.3171 21.5422 24.8382 21.7751 21.3468
threshold=0.12131051083623319 1.6483931574598853 1.5552819910174021 3.5000000000000004 10.500000000000002 3.5000000000000004 0.99147933693198653 -0.30892360269046731 -0.45128626237464337 4.995472352605244 0.98615402669926089 3.5000000000000004 -1.1453800006332731 179.50000000000003 3.9829812312414954 1.9917766687961107 0.021372449354867915 4.9878135843335505 76.500000000000014 -0.11552590078943793 -0.59495052060856568 1.9835955679000736 1.438366478306347 -0.7904930731381431 -0.30594559318266507 -0.22560274594968863 0.0185560842163781 4.9936386559525756 -1.1443219107003644 1.4906560138589964
decision_type=2 2 2 2 2 2 2 2 2 2 2 2 2 2 2 2 2 2 2 2 2 2 2 2 2 2 2 2 2 2
left_child=1 5 3 8 -4 -1 -3 9 10 19 -2 24 23 -9 15 16 -10 -16 -14 -7 -19 22 -20 26 -11 -22 27 28 -5 -6
right_child=2 6 4 12 29 7 -8 13 14 11 -12 -13 18 -15 17 -17 -18 20 21 -21 25 -23 -24 -25 -26 -27 -28 -29 -30 -31
leaf_value=0.07008256112508103 0.14535513536232866 0.1455842738341557 0.14409639601660762 0.12648765822494742 -0.015396372799157496 -0.067682070670235267 -0.066684870568740715 -0.090041888210462898 -0.0048014420946283325 0.16474477086024572 0.044355181918995817 -0.037002794941407853 -0.060881738563370959 -0.053927250288889811 0.15584579399207851 -0.015344076289104294 0.13211986093650804 0.25116805241939416 -0.0034945271584170081 -0.028887259352547115 0.11607553055122127 -0.10538528674136086 0.133002083156811 0.16070956082337495 0.0087127476651759714 -0.057432123914118373 -0.075064095948561962 0.18045714418736161 -0.0012476240445857744 0.080615676332129252
leaf_weight=88.071609482169151 255.18270266056061 115.86191159486771 481.81273609399796 15.956662081182001 83.12262961268425 485.09562344104052 27.554963387548923 1061.5740349218249 70.311696335673332 27.794484451413155 68.878569588065147 42.056420877575874 213.9240737631917 440.15249748528004 84.428413808345795 115.34614240378141 105.33619010448456 4.5886328071355811 212.69472862035036 418.97332799434662 10.542951717972754 22.365380920469761 14.610329225659369 13.302505016326903 14.817754492163656 29.187758274376392 21.054468885064125 10.655378744006155 81.557679556310177 32.099520549178123
leaf_count=421 1087 504 2049 82 681 6294 333 15532 447 134 384 466 2721 5661 360 798 436 20 1965 4728 63 207 106 82 135 210 161 43 647 159
internal_value=0 -0.0513981 0.0651096 0.0415062 0.118478 -0.0600858 0.104801 -0.064689 0.0884838 -0.0422593 0.123888 0.0372262 -0.0161425 -0.0794568 0.0611503 0.0405834 0.0773104 0.107635 -0.0305895 -0.0497034 0.015794 -0.00463429 0.00527897 0.030849 0.110487 -0.0113901 0.017481 0.0354943 0.0196542 0.0113514
internal_weight=0 2721.95 1946.96 1349.92 597.035 2578.54 143.417 2490.46 743.803 988.738 324.061 84.6687 606.121 1501.73 419.742 290.994 175.648 128.748 463.595 904.069 44.3193 249.67 227.305 142.527 42.6122 39.7307 129.224 108.17 97.5143 115.222
internal_count=46916 34208 12708 9819 2889 33371 837 32950 3805 11757 1471 735 6014 21193 2334 1681 883 653 4999 11022 293 2278 2071 1015 269 273 933 772 729 840
is_linear=0
shrinkage=0.1


Tree=9
num_leaves=31
num_cat=0
split_feature=20 1 49 1 36 9 35 40 46 34 8 38 38 6 38 38 35 36 31 49 35 49 6 38 40 6 35 38 6 40
split_gain=1300.63 316.159 212.844 197.66 243.955 128.811 103.018 92.8929 90.6488 77.4694 61.9518 54.6684 57.6445 53.8309 47.8427 86.3912 43.2387 43.8559 39.476 35.7754 35.7147 36.777 34.2764 33.7634 32.2271 31.9558 37.4055 29.7642 26.472 26.1671
threshold=0.12131051083623319 1.5367684771616057 11.500000000000002 1.5367684771616057 3.5000000000000004 0.63534875518359957 3.0164114252672101 0.43500000000000005 12.500000000000002 0.014570040978461653 -0.65934424735539465 156.50000000000003 157.50000000000003 0.41153669862126691 32.500000000000007 33.500000000000007 4.00741078497565 3.5000000000000004 -0.68749243301820762 10.500000000000002 0.98427004005904917 3.5000000000000004 -1.1443219107003644 156.50000000000003 0.21500000000000002 -0.10712599987421977 4.9719404740209621 183.50000000000003 -0.31450415311102037 0.51500000000000012
decision_type=2 2 2 2 2 2 2 2 2 2 2 2 2 2 2 2 2 2 2 2 2 2 2 2 2 2 2 2 2 2
left_child=1 5 3 4 10 9 -4 -8 -3 14 -2 25 -13 16 -1 -16 17 -7 -17 22 -12 24 -14 -20 -22 26 -6 28 -25 -23
right_child=2 8 6 -5 11 13 7 -9 -10 -11 20 12 19 -15 15 18 -18 -19 23 -21 21 29 -24 27 -26 -27 -28 -29 -30 -31
leaf_value=-0.075998308533542988 0.13032623579150501 0.13460195315031703 -0.053782512366367025 0.12778081018269782 -0.018885236627303209 0.083484077229706521 0.15082597970963274 -0.0039502115967913051 -0.068796596365592932 -0.08487906997397765 -0.00081614373886140616 0.39814442776965109 0.1670211734108106 -0.067009865410344094 0.21166885920467934 0.0070051698385749806 0.12803919448062703 -0.019623491146070243 -0.074887356308413089 0.20212563806502809 0.10058612316010694 0.15236652254323482 0.0040203803963552963 0.15357465724601277 -0.001427328024376266 -0.077567492058583293 0.14392414003584555 -0.034492853264624007 -0.06975852275479906 0.033839679637372957
leaf_weight=353.98829274624586 266.20577128231525 115.26759537309408 210.20487207919359 505.66031350195408 185.60356991738081 55.687322407960892 60.140242584049702 109.16209577769041 27.05388705432415 1102.6049190051854 66.246113866567612 4.4565722942352286 14.302029162645338 88.598151631653309 14.430360540747641 160.7392330467701 34.282075218856335 159.14043670892715 256.38853684812784 11.644755207002161 57.440881572663784 82.491844207048416 131.6715676560998 16.708868406713012 67.191952459514141 92.389167532324791 15.272809185087679 190.32420075684786 7.7779478356242171 24.058269813656807
leaf_count=4917 1181 537 1818 2349 1925 248 269 983 348 16295 409 36 65 1053 177 1799 294 1979 3812 104 235 343 1131 187 434 1172 113 2451 111 141
internal_value=0 -0.0489429 0.0599877 0.0766681 0.0513037 -0.0573912 -0.0070245 0.05103 0.0959379 -0.0665974 0.0952824 -0.0031345 0.0434748 -6.33303e-05 -0.046447 -0.0302631 0.0237468 0.00710389 -0.0357876 0.0334467 0.0639174 0.082467 0.0199907 -0.0503855 0.0455887 -0.0288934 -0.0065067 -0.0211411 0.0826355 0.125604
internal_weight=0 2582.99 1904.14 1524.64 1018.98 2440.67 379.507 169.302 142.321 2102.96 563.635 455.34 162.075 337.708 1000.36 646.369 249.11 214.828 631.939 157.618 297.429 231.183 145.974 471.2 124.633 293.266 200.876 214.811 24.4868 106.55
internal_count=46916 34208 12708 9638 7289 33323 3070 1252 885 29749 2743 4546 1336 3574 13454 8537 2521 2227 8360 1300 1562 1153 1196 6561 669 3210 2038 2749 298 484
is_linear=0
shrinkage=0.1


Tree=10
num_leaves=31
num_cat=0
split_feature=20 10 1 36 46 46 34 14 38 9 31 6 35 34 38 38 8 6 14 34 38 38 9 6 10 34 35 40 35 35
split_gain=1107.51 284.294 215.025 288.909 116.816 87.8098 73.0701 71.5127 64.3023 62.1866 54.5909 43.5935 51.1507 39.9642 37.9492 32.3568 30.5535 29.6562 25.4261 25.3088 30.7844 62.3545 29.9507 30.6849 23.358 20.7463 18.8364 23.5874 25.0046 18.7779
threshold=1.0000000180025095e-35 1.6483931574598853 1.5367684771616057 3.5000000000000004 10.500000000000002 10.500000000000002 0.99147933693198653 0.08493228518956035 73.500000000000014 0.92423500421745641 -0.76362799448833318 -0.1086399883730811 4.9719404740209621 1.0108914630916253 76.500000000000014 167.50000000000003 -0.65934424735539465 1.1870582170592345 0.67041837819855943 1.0168020631423376 28.500000000000004 33.500000000000007 1.4973996768058531 -1.1443219107003644 1.4440647565499096 1.0097813894692098 3.9786411023398522 0.22500000000000003 0.021372449354867915 4.0099398674095008
decision_type=2 2 2 2 2 2 2 2 2 2 2 2 2 2 2 2 2 2 2 2 2 2 2 2 2 2 2 2 2 2
left_child=1 5 3 7 -4 9 -3 13 -9 10 29 12 19 16 -12 -13 -2 26 -17 20 -5 -22 23 -23 -6 -14 27 28 -10 -1
right_child=2 6 4 11 24 -7 -8 8 17 -11 14 15 25 -15 -16 18 -18 -19 -20 -21 21 22 -24 -25 -26 -27 -28 -29 -30 -31
leaf_value=-0.015134355240860889 0.13347781886064475 0.12938859129570798 0.12579599524405424 -0.045808602005298273 0.23533812249249653 -0.086681787977382005 -0.061199348358206056 -0.030180717511107527 0.020678242037670713 0.026089938243979278 -0.078577914206745494 -0.07310436234769252 0.11821772302571121 -0.047914081799721057 -0.039719669642052161 0.055849604357397491 0.079732038922850954 -0.019270348206570993 -0.048739458221763808 -0.101348416688996 0.35166169572321992 0.14656033260436097 0.17694112203191631 -0.0039095768381471174 0.0062091541751123028 -0.10073022316812669 0.12921793170235535 -0.0025322582120411103 0.14361512929090001 0.089075373190827367
leaf_weight=205.82294092327356 210.21943686902523 104.64758265018463 451.27481955289841 111.41020235046744 4.6266407072544089 774.40022161975503 24.90351652354002 96.58702164888382 27.323129691183567 114.39353589713573 551.25222366675735 165.49800993129611 47.073179628700018 17.46745465695858 461.92554758489132 43.954586610198021 212.88654887676239 32.043019451200962 49.330409899353981 26.665494628250599 5.4240286760032168 14.258570216596125 10.317777842283247 273.76484411582351 115.96195597201586 4.7658776491880408 62.599647879600525 38.477422684431076 41.939861819148064 18.877335928380489
leaf_count=2368 963 494 2095 1247 24 12342 331 649 150 1051 8714 2337 350 137 6501 431 1078 203 510 284 71 69 76 2714 836 41 315 245 189 101
internal_value=0 -0.051069 0.050296 0.0303128 0.102433 -0.0598302 0.092752 0.0746998 0.0369509 -0.0444532 -0.0509721 -0.0133121 0.00411453 0.100316 -0.0608618 -0.0465568 0.106436 0.0689893 0.000541446 -0.00691098 -0.000845539 0.0156453 0.00953631 0.00353942 0.0150002 0.0980885 0.0855921 0.0602444 0.0951185 -0.00637957
internal_weight=0 2256.22 2063.87 1492.01 571.863 2126.67 129.551 739.544 298.97 1352.27 1237.88 752.463 493.68 440.573 1013.18 258.783 423.106 202.383 93.285 441.841 415.175 303.765 298.341 288.023 120.589 51.8391 170.34 107.74 69.263 224.7
internal_count=46916 31902 15014 12059 2955 31077 825 3929 1751 18735 17684 8130 4852 2178 15215 3278 2041 1102 941 4461 4177 2930 2859 2783 860 391 899 584 339 2469
is_linear=0
shrinkage=0.1


Tree=11
num_leaves=31
num_cat=0
split_feature=20 10 10 36 46 46 49 8 9 34 35 38 46 14 4 38 6 0 40 38 14 12 14 6 2 14 6 35 6 38
split_gain=935.335 243.816 189.128 247.45 123.986 84.3868 63.1777 61.4221 54.4651 52.3826 34.2734 34.1964 41.8427 32.1784 36.5155 30.8672 30.6432 29.7611 36.4505 26.9003 24.2303 23.9553 22.019 21.2558 20.9971 20.6613 46.9189 31.3894 23.3586 21.1079
threshold=1.0000000180025095e-35 1.6483931574598853 1.5552819910174021 3.5000000000000004 10.500000000000002 10.500000000000002 11.500000000000002 -0.66627133502233671 0.29595293557037805 0.97392298712563552 3.9829812312414954 60.500000000000007 17.000000000000004 0.73537839588511744 -0.55090728942111156 31.500000000000004 -0.76514077609537645 -0.74607355321243707 0.53500000000000014 156.50000000000003 0.72289468403678636 -1.1236717307452619 -1.2103757412366083 -0.78137799809396824 0.72904556318452873 -0.34616539251105555 -0.39239838326859328 4.0000043141269073 -0.27812286435221101 350.50000000000006
decision_type=2 2 2 2 2 2 2 2 2 2 2 2 2 2 2 2 2 2 2 2 2 2 2 2 2 2 2 2 2 2
left_child=1 5 3 7 -4 8 -3 9 16 -2 21 22 13 14 24 -9 23 18 -12 -18 -17 -10 -5 -1 -13 26 27 29 -27 -16
right_child=2 6 4 11 -6 -7 -8 15 10 -11 17 12 -14 -15 25 20 19 -19 -20 -21 -22 -23 -24 -25 -26 28 -28 -29 -30 -31
leaf_value=-0.024754576925004709 0.12633962263620743 0.11941147150748065 0.12194389300908415 0.0084704760775136285 0.005877113363267749 -0.084444836762374631 -0.074404541698707222 -0.01178082133043316 0.16756657180324563 0.029215348423258097 0.098238893788189383 0.13855475152381261 -0.096309719332644872 -0.048524446101161141 0.049799886237075458 0.071353451917171171 -0.074888717274932223 0.012341705915946188 0.5073693910780257 -0.034867302555115234 0.0083282803539030028 -0.033256746785508877 -0.054344321645271157 0.12714500024225628 0.53496982581552766 -0.07440755504048964 0.41064032463888217 0.14132683715100899 0.018267432064504097 -0.022439939729852906
leaf_weight=167.98758659511805 232.47356197237968 103.31242077052593 424.40869581699371 73.960511229932308 117.5211645513773 718.3306379802525 20.088660843670368 79.443428106606007 6.0960505604743949 72.957701422274113 20.168128900229934 3.9911285415291777 37.503861576318741 68.248475383967161 101.49469328671694 272.50397782772779 539.01738463714719 79.245782420039177 2.4411877505481234 243.95988646522164 78.593390367925167 231.75839498639107 227.33625926822424 9.7467062845826131 2.0086036548018456 37.918816976249218 3.4103341624140731 24.881214432418346 96.185941468924284 67.246568493545055
leaf_count=1916 1122 549 2058 618 844 12342 276 505 55 401 213 45 417 787 855 1433 9163 890 17 3500 496 2890 3291 91 22 371 29 155 987 578
internal_value=0 -0.0485947 0.0462311 0.0277258 0.096774 -0.0569358 0.0878599 0.0688407 -0.0417402 0.10314 -0.00732428 -0.0129353 0.00474536 0.0140944 0.0267706 0.0445085 -0.0539098 0.0412145 0.142414 -0.0624189 0.0572452 -0.0281098 -0.0389249 -0.0164246 0.271267 0.0223407 0.0429483 0.036472 -0.0079369 0.021011
internal_weight=0 2142.15 2022.09 1480.16 541.93 2018.75 123.401 735.972 1300.42 305.431 339.71 744.186 442.89 405.386 337.137 430.541 960.712 101.855 22.6093 782.977 351.097 237.854 301.297 177.734 5.99973 331.138 197.033 193.622 134.105 168.741
internal_count=46916 31902 15014 12112 2902 31077 825 3957 18735 1523 4065 8155 4246 3829 3042 2434 14670 1120 230 12663 1929 2945 3909 2007 67 2975 1617 1588 1358 1433
is_linear=0
shrinkage=0.1


Tree=12
num_leaves=31
num_cat=0
split_feature=20 10 10 36 46 46 8 34 9 34 31 38 40 0 46 35 35 35 35 6 14 38 38 34 38 25 1 31 14 9
split_gain=789.534 208.594 165.835 204.323 112.051 80.7779 56.9362 55.9071 50.0849 49.1261 45.4126 38.8324 33.4182 64.7487 35.0727 30.9678 47.8507 39.224 60.9206 30.1619 29.5758 36.6191 71.1729 29.6197 34.5279 27.4015 27.814 23.9665 23.7468 23.08
threshold=1.0000000180025095e-35 1.6483931574598853 1.5552819910174021 3.5000000000000004 10.500000000000002 10.500000000000002 -0.66627133502233671 0.99147933693198653 0.92423500421745641 0.97392298712563552 -0.76362799448833318 26.500000000000004 0.53500000000000014 -0.73136839643648244 2.5000000000000004 3.9829812312414954 4.9878135843335505 1.9917766687961107 0.021372449354867915 -0.32103006456469935 0.71223041543451904 28.500000000000004 34.500000000000007 1.0168020631423376 55.500000000000007 0.50470660637167286 0.79145971319763109 -0.81808768867686543 0.66992967412597781 1.4973996768058531
decision_type=2 2 2 2 2 2 2 2 2 2 2 2 2 2 2 2 2 2 2 2 2 2 2 2 2 2 2 2 2 2
left_child=1 5 3 6 -4 8 9 -3 10 -2 -1 -12 -13 -14 19 17 -17 18 -8 -15 21 27 25 24 -24 -23 -27 -5 -29 -26
right_child=2 7 4 20 -6 -7 15 -9 -10 -11 11 12 13 14 -16 16 -18 -19 -20 -21 -22 22 23 -25 29 26 -28 28 -30 -31
leaf_value=-0.0046365883343055343 0.12046991771928206 0.11707703109095283 0.11611772355096393 0.012025910997290765 0.0052702049973148606 -0.082171661711448588 -0.015610426855349906 -0.05661448361862418 0.023740751201597049 0.026069476642388213 -0.091293312648608405 -0.051212282765894283 0.53264213389891557 0.23069637967466949 -0.072025732849253968 0.12852296281196915 0.0035658245523885429 -0.021599422919309039 0.10151569042774289 0.020086053530274355 -0.061085447267268028 0.07415915801663546 -0.05137250441212099 -0.091808233432652486 0.018868311587926033 0.23663903442453138 0.65116852659309254 -0.074783098984206459 0.29933979529140908 0.15479092008853651
leaf_weight=219.92006358504295 220.06440111994743 94.674434334039688 402.28360818326473 52.984522916376591 117.92664048075676 667.0450538136065 77.228263236582279 23.041618764400482 115.17899508774281 73.552111528813839 225.30780174210668 617.62503150850534 2.3777687251567832 8.7141953483223897 34.027923669666052 80.04695738106966 49.655819952487946 121.81213187426329 104.49228972196579 30.95318241044879 105.05473125353456 6.5294345133006564 73.845275465399027 30.280041117221117 328.77714820951223 5.9897461347281915 2.2180508077144623 113.77648180350661 1.7222686447203148 12.986028768122194
leaf_count=2469 1122 494 2058 439 844 12342 471 331 1051 401 4112 10032 18 51 557 374 311 823 455 445 1421 64 1013 358 2961 58 20 1714 28 79
internal_value=0 -0.046138 0.0425045 0.0252409 0.0909897 -0.0540556 0.062825 0.0830788 -0.0391009 0.0968222 -0.0454561 -0.0552242 -0.0435093 0.01903 0.00245843 0.0397842 0.080684 0.0223072 0.051739 0.0663533 -0.011969 -0.00376701 0.0108243 0.00367808 0.0106349 0.227041 0.34866 -0.0436591 -0.0692043 0.024033
internal_weight=0 2038.87 1981.23 1461.02 520.21 1921.15 726.852 117.716 1254.1 293.617 1138.93 919.006 693.698 76.0731 73.6953 433.235 129.703 303.533 181.721 39.6674 734.164 629.109 460.626 445.888 415.608 14.7372 8.2078 168.483 115.499 341.763
internal_count=46916 31902 15014 12112 2902 31077 3957 825 18735 1523 17684 15215 11103 1071 1053 2434 685 1749 926 496 8155 6734 4553 4411 4053 142 78 2181 1742 3040
is_linear=0
shrinkage=0.1


Tree=13
num_leaves=31
num_cat=0
split_feature=20 10 10 36 46 46 49 35 46 38 18 8 34 35 40 38 40 35 46 38 14 14 38 15 34 4 6 25 6 9
split_gain=668.115 178.74 144.798 172.093 101.702 76.6768 52.5015 50.7329 48.9629 47.7192 55.477 46.8823 36.5667 35.5936 34.2736 30.9975 30.6859 45.0789 25.603 33.2146 31.7064 23.4185 24.128 22.9529 20.8863 19.524 18.7129 18.2566 18.2101 17.6821
threshold=1.0000000180025095e-35 1.6483931574598853 1.5552819910174021 3.5000000000000004 10.500000000000002 10.500000000000002 14.500000000000002 3.0225815593593368 12.500000000000002 21.500000000000004 0.96524487874718257 -0.45128626237464337 0.97392298712563552 3.9829812312414954 0.33500000000000008 156.50000000000003 0.21500000000000002 0.021372449354867915 17.000000000000004 73.500000000000014 -1.0994183075655302 1.0547638131196055 78.500000000000014 6.5710458113766927 0.015030798520744503 1.9342711051099197 -0.70358207512889315 0.35611183505772454 -1.1443219107003644 1.4973996768058531
decision_type=2 2 2 2 2 2 2 2 2 2 2 2 2 2 2 2 2 2 2 2 2 2 2 2 2 2 2 2 2 2
left_child=1 5 3 6 -4 9 7 11 -3 -1 23 12 -2 14 15 -12 17 -13 19 20 -5 22 27 24 -11 -17 -15 -21 -24 -30
right_child=2 8 4 18 -6 -7 -8 -9 -10 10 13 16 -14 26 -16 25 -18 -19 -20 21 -22 -23 28 -25 -26 -27 -28 -29 29 -31
leaf_value=-0.082583594156709253 0.11348539886103315 0.11130885389424644 0.11089869087335452 0.020892899254197343 0.0047277838791267022 -0.079855247432019272 -0.034779097399382668 0.11086623227454349 -0.056914428967455216 -0.038294889455090721 -0.031949443091364702 -0.0097830790244975846 0.010602135745653843 0.12316772423418065 -0.086705176128838379 0.033347131046876005 -0.01635228791387415 0.095090134477328947 -0.093446395756087264 0.37725170908461281 -0.050208898791763323 -0.066302190028580399 0.12028256450890157 0.29062842016507923 -0.082180977967164143 0.30304002098880639 0.025525139295294975 0.06877199097339956 0.0068328600699537395 0.12487127767086675
leaf_weight=190.31399276480079 139.08396553993225 90.253008991479874 380.24143961071968 86.401691734790802 118.29050702601671 620.19100768119097 55.895655520260334 182.96134349703789 21.405502513051033 451.83438256755471 142.51723919063807 71.229836098849773 45.961923748254776 24.559878632426262 59.667003896087408 96.411306753754616 115.86130949109793 96.534261256456375 35.874419342726469 3.2135533615946761 228.79157842695713 33.61194446310401 16.259045340120792 1.9986082352697838 142.69182542338967 2.7611668407917014 97.727887891232967 4.7606984078884125 303.42707572877407 13.244721487164496
leaf_count=3522 748 501 2058 685 844 12342 426 935 324 7151 2028 425 225 194 876 1103 772 426 470 24 3596 403 76 27 2589 17 1228 37 2788 76
internal_value=0 -0.0437715 0.039286 0.0231378 0.0857067 -0.0512633 0.0582302 0.0662084 0.0790596 -0.0366143 -0.0280386 0.0487747 0.0879311 -0.000367048 -0.0188315 -0.00207523 0.0232279 0.0505627 -0.0110814 -0.00679731 -0.0307183 0.0133345 0.0211864 -0.0476906 -0.048828 0.0408559 0.0451354 0.193087 0.0170691 0.0117698
internal_weight=0 1942.33 1931.64 1433.11 498.532 1830.67 707.528 651.633 111.659 1210.48 1020.17 468.671 185.046 423.644 301.357 241.69 283.625 167.764 725.585 689.71 315.193 374.517 340.905 596.525 594.526 99.1725 122.288 7.97425 332.931 316.672
internal_count=46916 31902 15014 12112 2902 31077 3957 3531 825 18735 15213 2596 973 5446 4024 3148 1623 851 8155 7685 4281 3404 3001 9767 9740 1120 1422 61 2940 2864
is_linear=0
shrinkage=0.1


Tree=14
num_leaves=31
num_cat=0
split_feature=20 10 10 36 46 46 14 38 38 18 49 49 8 35 40 38 6 40 38 9 32 6 1 31 38 40 34 46 0 35
split_gain=565.388 152.893 126.318 144.762 92.6428 72.5116 49.5748 46.1293 44.0721 47.8635 43.3233 28.9244 29.5451 28.5236 30.5936 24.995 23.0973 29.4107 23.9125 27.1579 23.7784 22.7209 22.3268 18.7199 18.3183 23.3048 16.8149 16.4746 16.4218 19.5795
threshold=1.0000000180025095e-35 1.6483931574598853 1.5552819910174021 3.5000000000000004 12.500000000000002 10.500000000000002 0.08493228518956035 66.500000000000014 21.500000000000004 0.96524487874718257 11.500000000000002 21.500000000000004 -0.65934424735539465 3.9829812312414954 0.33500000000000008 156.50000000000003 0.40164314958747854 0.44500000000000006 28.500000000000004 1.0005500805993564 1.540337756608402 1.3133051261033066 1.1107951755919623 0.95638904734777408 312.50000000000006 0.23500000000000001 0.014570040978461653 21.500000000000004 -0.59397513922665446 4.9906416081002396
decision_type=2 2 2 2 2 2 2 2 2 2 2 2 2 2 2 2 2 2 2 2 2 2 2 2 2 2 2 2 2 2
left_child=1 5 3 6 -4 8 11 -8 -1 22 -3 12 -2 14 15 -11 17 18 -5 -20 -19 -9 26 24 25 -17 -10 -6 29 -15
right_child=2 10 4 16 27 -7 7 21 9 13 -12 -13 -14 28 -16 23 -18 20 19 -21 -22 -23 -24 -25 -26 -27 -28 -29 -30 -31
leaf_value=-0.080141573084022338 0.11087770262022981 0.10376346092724292 0.10523858121940287 -0.048798965467682608 0.01928379832550986 -0.0774905664291205 -0.039404374471562149 0.061431634878493659 -0.039076327000970523 -0.029530061859618196 -0.068386749743952716 -0.10604240093292856 0.055758713051889397 0.068890380200679391 -0.084339487686558079 0.064038222956651888 -0.055766089744939434 0.040385859589983114 -0.016741300086340574 0.041312740244197385 0.37152753671514294 -0.037849054902720225 0.048821406020418061 -0.081798173388519635 0.014842537142272551 0.25928498297904939 -0.079911744713797389 -0.080472718845128424 0.020151843518040301 0.2903455400373145
leaf_weight=177.1852163374424 177.5186805576086 88.340808741748333 365.12778182327747 134.18610138818622 91.956279054284096 577.43114664778113 85.197680860757828 175.06461422890425 415.28223548457026 138.96695096418262 17.517408557236195 8.4749153777956945 215.06611644476652 23.148120362311605 55.426708832383156 27.690585225820541 96.281104259192944 92.582781583070755 277.32706610485911 113.58416492119431 2.2204812578856936 26.546813957393169 24.373309921473265 11.974331781268118 54.444188874214888 7.8453865200281134 133.17421058565378 20.189986683428288 97.362787161022425 4.824430998414754
leaf_count=3522 996 549 2097 1886 634 12342 597 989 6835 2028 276 69 1129 257 876 281 1421 921 2885 1025 17 177 335 148 612 79 2597 171 1140 25
internal_value=0 -0.0414243 0.036378 0.0212705 0.0808216 -0.0484871 0.0540344 0.0222886 -0.0341937 -0.0260075 0.0752761 0.0767366 0.0806824 -0.000438315 -0.0173522 -0.00194107 -0.0101981 -0.00312063 -0.0123758 0.00012703 0.0481419 0.048359 -0.04483 0.0356635 0.051295 0.107143 -0.0489918 0.00132437 0.0395537 0.107085
internal_weight=0 1854.99 1881.32 1404.05 477.274 1749.13 687.869 286.809 1171.7 994.513 105.858 401.06 392.585 421.683 296.348 240.921 716.182 619.901 525.097 390.911 94.8033 201.611 572.83 101.954 89.9802 35.536 548.456 112.146 125.335 27.9726
internal_count=46916 31902 15014 12112 2902 31077 3957 1763 18735 15213 825 2194 2125 5446 4024 3148 8155 6734 5796 3910 938 1166 9767 1120 972 360 9432 805 1422 282
is_linear=0
shrinkage=0.1


Tree=15
num_leaves=31
num_cat=0
split_feature=20 10 1 36 46 34 8 34 34 38 31 35 40 4 32 10 5 9 35 35 35 35 6 6 20 35 40 26 34 40
split_gain=477.967 139.743 126.748 126.335 73.9141 52.1645 47.4506 42.4215 38.9784 37.2007 35.2338 37.8451 30.398 27.1827 25.1092 24.8606 24.6331 24.5776 24.165 46.9831 28.5182 44.8191 22.4051 21.4194 19.1931 18.8983 19.8894 18.8228 18.5428 17.5982
threshold=-0.11069291201708877 1.6483931574598853 1.3872676700482109 3.5000000000000004 10.500000000000002 0.013748572190012394 -0.66627133502233671 0.97392298712563552 0.98348909657370076 26.500000000000004 -0.42371318883960069 4.9914530442260867 0.54500000000000015 -0.34438443663220542 0.47476987919333485 1.4440647565499096 -0.38943248662483437 0.12981588697813506 3.9829812312414954 4.9878135843335505 1.9917766687961107 0.99645135215558156 -0.42093785253414762 -1.1443219107003644 2.8226152211827329 0.030199858773715799 0.20500000000000004 2.7789603073707467 0.99261365615534147 0.03500000000000001
decision_type=2 2 2 2 2 2 2 2 2 2 2 2 2 2 2 2 2 2 2 2 2 2 2 2 2 2 2 2 2 2
left_child=1 5 3 6 -4 9 7 -2 -3 27 11 13 16 -5 22 -6 -11 -7 20 -20 21 -8 -14 -15 -17 -9 -27 -1 -13 -26
right_child=2 8 4 10 15 17 18 25 -10 12 -12 28 14 23 -16 24 -18 -19 19 -21 -22 -23 -24 -25 29 26 -28 -29 -30 -31
leaf_value=-0.069651159345036004 0.10691641299520981 0.10511499990448361 0.09388005415900752 0.15728075427448535 0.13604998035687965 -0.079708614076099291 -0.017160878594202778 -0.08200932329849342 -0.043522537972620019 -0.058811949622968707 -0.031510363170542281 0.16145438172010013 0.16706300474658003 0.087878650300382277 0.28894563824666231 -0.03046450735471572 -0.011010078059263186 -0.037000796192344747 0.11654723903171811 -0.0088593262643482818 -0.027043417674159305 0.08630503922112237 -0.0028914709086282978 -0.011685492833443376 -0.070082122284660514 0.14840054620103857 0.0096863698964029295 0.34590067251129786 0.01138067400904795 0.080983657007033319
leaf_weight=213.65472685918212 182.26820796728134 77.661512702703476 398.02605303376913 10.682059697806833 14.333356805145739 560.32832850143313 80.079170204699039 15.383881516754625 22.828987509012222 156.27474376559258 422.8468191511929 23.154149077832699 9.9445499330759031 23.22033779323101 4.2421963512897483 86.333038985729218 347.55749518796802 177.41303228214383 70.551483169198036 51.815400160849094 119.14438407868147 87.736895047128201 35.258951939642429 311.06183473393321 9.762531176209448 13.599097952246664 43.087001949548721 1.0956091359257687 12.776070833206175 36.70437952876091
leaf_count=4007 1090 477 2558 125 98 12811 479 77 347 2784 6177 118 45 136 37 753 5190 3108 363 317 814 408 545 3391 49 61 256 16 102 177
internal_value=0 -0.0428276 0.03032 0.0150239 0.0714928 -0.0504473 0.047314 0.0812356 0.0713482 -0.0322053 -0.0116388 0.0104215 -0.0184939 0.000248558 0.0563281 0.0109305 -0.0258369 -0.0694382 0.0262366 0.0634447 0.0103702 0.0369327 0.0344977 -0.00476944 -0.00257393 0.0162876 0.0429642 -0.0675311 0.108091 0.0492453
internal_weight=0 1606.26 2012.57 1467.41 545.159 1505.77 663.666 254.338 100.491 768.028 803.741 380.894 553.278 344.964 49.4457 147.133 503.832 737.741 409.327 122.367 286.96 167.816 45.2035 334.282 132.8 72.07 56.6861 214.75 35.9302 46.4669
internal_count=46916 29367 17549 13914 3635 28543 3865 1484 824 12624 10049 3872 8601 3652 627 1077 7974 15919 2381 680 1701 887 590 3527 979 394 317 4023 220 226
is_linear=0
shrinkage=0.1


Tree=16
num_leaves=31
num_cat=0
split_feature=20 1 10 36 46 34 14 13 8 34 38 38 46 38 14 38 6 14 14 14 49 6 31 38 6 6 25 15 1 35
split_gain=404.454 122.716 112.003 120.446 76.7584 49.5207 44.3795 41.9853 41.6107 29.9124 28.6757 28.4569 28.2102 34.0867 38.9308 31.4356 30.2121 50.0488 28.3243 72.6957 28.3484 25.7884 23.7726 23.6577 20.96 20.0373 19.695 18.2496 17.971 17.6717
threshold=-0.11069291201708877 1.1107951755919623 1.5552819910174021 3.5000000000000004 10.500000000000002 0.016464961408942887 1.5758119234999202 0.22781337740773122 -0.66627133502233671 0.97392298712563552 256.50000000000006 264.50000000000006 17.000000000000004 156.50000000000003 0.059793378546238625 157.50000000000003 -0.27812286435221101 -0.11376166628240419 -0.57060322496973404 -0.58705917482292713 1.5000000000000002 -1.1443219107003644 -0.76362799448833318 156.50000000000003 -0.13783590073202148 -0.11700175686636669 -0.52707888290766969 -0.74052465647433185 -0.032556764771492407 0.030199858773715799
decision_type=2 2 2 2 2 2 2 2 2 2 2 2 2 2 2 2 2 2 2 2 2 2 2 2 2 2 2 2 2 2
left_child=1 7 3 6 -4 -3 8 10 9 -2 25 26 13 14 16 -15 18 -18 19 20 -5 28 -9 27 -19 -1 -12 -10 -17 -11
right_child=2 5 4 12 -6 -7 -8 22 23 29 11 -13 -14 15 -16 21 17 24 -20 -21 -22 -23 -24 -25 -26 -27 -28 -29 -30 -31
leaf_value=-0.052094570005673003 0.10675414859403265 0.086366580994656189 0.098050028645155898 -0.044293163550847642 0.003637271420981063 -0.050643083020768989 -0.067283330681790085 0.014421813182701027 0.13803101070707766 -0.0711243400519362 0.43646484415413966 -0.036375203620494935 -0.093417225032272289 0.19671099561577052 -0.061379415497913759 -0.051255270255687158 0.18711810365318793 -0.039458665896585948 -0.063055009736881967 0.45673801509867523 0.033973878842779644 0.0065641591009358517 -0.037809158509768806 0.057089108621209673 0.30305601554254086 -0.086521752085593318 0.018969790466934252 0.0014744948697115864 0.17798215698493813 0.054664480124141351
leaf_weight=293.5653344206512 176.04735627770424 100.02152329310775 319.71093167364597 85.802952814847231 117.85603869706392 35.83097231388092 32.524211280047894 115.43132178112864 10.313932947814463 14.045226708054541 2.1460250020027161 230.5610741712153 38.55760345235467 9.7181567177176458 168.30378221720457 4.4317670911550548 20.96596048027277 26.581104550510648 84.926233727484941 3.5184773020446292 100.46063983812928 289.35648620501161 355.54841874539852 198.45178830623627 1.915366306900977 398.60687286034226 2.3864609338343135 191.38312989473343 14.976649828255175 54.52789369225502
leaf_count=5889 1125 870 2059 922 844 653 230 1341 56 72 33 4499 576 62 3168 25 170 351 1276 43 1031 2887 6048 1099 18 9991 43 1169 69 297
internal_value=0 -0.0405062 0.0280167 0.0152337 0.0726205 0.0502304 0.0466895 -0.0493221 0.0524387 0.0849298 -0.0616717 -0.0314971 -0.00984513 -0.00587163 -0.0223588 0.0196226 -0.00209991 0.0698453 -0.015054 0.00642619 -0.0020801 0.0140489 -0.025008 0.0325761 -0.0164368 -0.0719204 0.216644 0.00845742 0.125638 0.0289003
internal_weight=0 1534.1 1964.38 1526.81 437.567 135.852 677.294 1398.25 644.769 244.62 927.266 235.094 849.515 810.958 492.475 318.483 324.171 49.4624 274.708 189.782 186.264 308.765 470.98 400.149 28.4965 692.172 4.53249 201.697 19.4084 68.5731
internal_count=46916 29367 17549 14646 2903 1523 4048 27844 3818 1494 20455 4575 10598 10022 6979 3043 3811 539 3272 1996 1953 2981 7389 2324 369 15880 76 1225 94 369
is_linear=0
shrinkage=0.1


Tree=17
num_leaves=31
num_cat=0
split_feature=20 10 1 36 46 34 49 35 14 38 34 14 35 40 49 38 38 9 8 38 14 31 0 28 35 14 34 5 26 21
split_gain=340.498 105.063 98.5519 95.2642 59.9885 47.8959 43.998 46.958 35.7875 34.4987 30.2523 28.3392 30.8516 26.346 26.2697 24.9213 27.1735 24.6817 23.5738 23.4447 22.365 22.0317 26.6275 20.8257 19.6014 19.3701 19.1226 19.0634 18.7681 18.5154
threshold=-0.11069291201708877 1.6483931574598853 1.6379114336481433 3.5000000000000004 10.500000000000002 0.013748572190012394 14.500000000000002 3.0225815593593368 0.08493228518956035 26.500000000000004 0.99147933693198653 -0.32435200253009405 4.9821933372715934 0.53500000000000014 12.500000000000002 60.500000000000007 350.50000000000006 0.12981588697813506 -0.65934424735539465 66.500000000000014 -0.054304857820215234 -0.25098496926837116 -0.60318818021041543 -0.57788140585486636 4.9860846871693445 -0.31530159679366182 0.98457897755488766 -0.38943248662483437 2.9146569563652167 1.9218426676397151
decision_type=2 2 2 2 2 2 2 2 2 2 2 2 2 2 2 2 2 2 2 2 2 2 2 2 2 2 2 2 2 2
left_child=1 5 3 6 -4 9 7 8 18 28 -3 12 14 27 15 -5 -17 -7 -2 -10 23 -15 -23 -20 -9 -26 -14 -11 -1 -8
right_child=2 10 4 11 -6 17 29 24 19 13 -12 -13 26 21 -16 16 -18 -19 20 -21 -22 22 -24 -25 25 -27 -28 -29 -30 -31
leaf_value=-0.065304563341271271 0.093658187137211205 0.09651943134769958 0.096326137650413923 -0.019308682256560739 0.0076308764577930517 -0.075685338202999886 -0.05487938524117153 0.12156451480246418 -0.053473843541769699 -0.052619767852233983 -0.045008624101583197 -0.025954779376144061 0.15068779548737007 0.12423105758031439 -0.077048598241098165 0.061265468454840002 -0.01314183708640481 -0.031033397534389325 0.078823919294867081 0.023811318893161154 0.1446228675493689 0.41267382655120105 -0.023684690610642736 -0.004805887311110822 0.1262946990743806 0.008957326956036368 0.011092499146025345 -0.0085097764180600364 0.35828696509054159 0.16399646104645921
leaf_weight=194.79929360002279 106.33025224506855 70.998474843800068 272.38580415397882 162.51823326572776 105.9022067040205 493.64064174517989 55.132247120141983 106.87292741239071 57.026061169803143 139.00177081301808 19.184418626129627 421.05563468486071 23.892456658184528 23.735281020402908 38.20853953436017 128.95349201932549 79.241337783634663 165.22735557332635 42.439945295453072 125.92602194845676 16.064781859517097 1.4667606279253984 30.021362144500017 99.795842185616493 21.828510493040085 39.576756492257118 16.65262907743454 331.9770364202559 1.0516309775412072 4.1562532633543006
leaf_count=4012 686 493 1875 2002 741 12811 418 610 430 2751 331 6331 121 158 502 1040 705 3108 223 737 81 10 525 522 133 235 128 5157 11 29
internal_value=0 -0.0381622 0.0257468 0.0145501 0.0714958 -0.0449916 0.0427402 0.0506609 0.0337296 -0.0272014 0.0664125 -0.00731319 0.0101501 -0.0138661 0.00190034 0.0100374 0.0329452 -0.0644878 0.0572409 -0.000278423 0.0327795 0.0514801 -0.0033585 0.0201474 0.0956944 0.0506687 0.0933534 -0.0215281 -0.0630301 -0.0395357
internal_weight=0 1471.1 1923.96 1545.67 378.288 1380.92 675.15 615.861 447.583 722.053 90.1829 870.522 449.467 526.202 408.922 370.713 208.195 658.868 264.631 182.952 158.301 55.2234 31.4881 142.236 168.278 61.4053 40.5451 470.979 195.851 59.2885
internal_count=46916 29367 17549 14933 2616 28543 4104 3657 2679 12624 824 10829 4498 8601 4249 3747 1745 15919 1512 1167 826 693 535 745 978 368 249 7908 4023 447
is_linear=0
shrinkage=0.1


Tree=18
num_leaves=31
num_cat=0
split_feature=20 1 1 36 34 9 49 14 38 14 14 21 13 40 8 38 38 38 46 34 25 1 14 34 9 38 10 9 4 20
split_gain=287.258 91.7252 87.5137 69.1207 59.9976 39.2889 39.287 37.647 31.2809 30.3356 35.7435 31.8117 25.5495 27.6839 24.6718 24.2061 39.0813 22.5496 21.9813 21.3037 22.0774 24.5274 21.1055 22.2317 20.8272 19.8545 17.6917 19.1795 20.6875 22.3593
threshold=-0.11069291201708877 1.1107951755919623 1.1478581980228966 3.5000000000000004 0.014570040978461653 -0.25391186939190319 11.500000000000002 0.08493228518956035 73.500000000000014 0.96591211292666868 0.90948313323039676 -0.038084124975098173 -0.23080526382557573 0.44500000000000006 -0.65934424735539465 28.500000000000004 40.500000000000007 47.500000000000007 21.500000000000004 1.0235892608653105 2.5465057148004799 -1.0018453055408316 -0.1237133912087388 0.99977379019118462 0.43064021935960489 47.500000000000007 1.6483931574598853 1.1221888428356679 0.11094069731075583 0.18151413287005622
decision_type=2 2 2 2 2 2 2 2 2 2 2 2 2 2 2 2 2 2 2 2 2 2 2 2 2 2 2 2 2 2
left_child=1 5 3 7 26 -1 -3 14 -9 10 15 -12 -5 -14 -2 -7 22 -18 24 20 -19 -22 23 -17 -6 -26 27 28 29 -4
right_child=2 6 4 12 18 9 -8 8 -10 -11 11 -13 13 -15 -16 16 17 19 -20 -21 21 -23 -24 -25 25 -27 -28 -29 -30 -31
leaf_value=-0.0606222021528834 0.089828345100732163 0.072016521689145338 0.48530282029200844 -0.033955435722435943 -0.025240432504079004 -0.054318010081144022 -0.07179756366392058 -0.043568892709529773 0.030342792298389484 -0.071232808274797152 0.03601496917180317 0.62197702545647149 -0.0058105732769810738 0.071062457093616208 0.034095309803227516 0.13329035010480506 -0.080144383838390273 0.00072048503295514684 -0.078011758412821486 -0.10178922450403974 0.046470608165926436 0.47741942630934453 -0.10970913805346182 0.51501350452397821 -0.029027026899710491 0.073723083894299921 0.091819769264560036 0.098106633045750943 0.006957668277634165 0.015290032080086967
leaf_weight=672.578259319067 134.77236171066761 102.78735334426165 1.9269383177161206 301.98339269310236 58.680498082190752 128.8247843272984 23.301435500383377 85.383571155369282 173.84364616125822 117.68696229532361 2.1193072386085992 1.6461638212203968 348.44231729581952 54.123518511652946 193.42190366983414 16.631654702126987 42.609182480722666 271.62477034330368 25.194434225559235 20.094200931489468 3.7556279003620148 2.0370149016380301 3.2090931311249724 1.6798217073082913 24.670189261436462 79.113175492733717 272.92362114787102 47.01893012970686 79.287687674164772 2.1319681033492088
leaf_count=16352 939 1026 26 4865 575 2726 497 627 1050 2674 45 32 3920 466 1047 182 924 4353 254 405 32 26 68 25 182 481 1987 304 800 26
internal_value=0 -0.0359509 0.023732 0.00915153 0.0556087 -0.0439404 0.0454394 0.0344829 0.00599796 -0.0256049 -0.0147399 0.292182 -0.0119686 0.00452473 0.056982 -0.0170962 -0.003837 -0.0121061 0.00889799 -0.00236171 0.00484014 0.198016 0.126851 0.168308 0.0223757 0.0492985 0.0773442 0.0470391 0.0182299 0.238425
internal_weight=0 1410.59 1882.92 1291.97 590.947 1284.5 126.089 587.421 259.227 611.919 494.232 3.76547 704.549 402.566 328.194 490.466 361.641 340.121 187.658 297.512 277.417 5.79264 21.5206 18.3115 162.464 103.783 403.289 130.366 83.3466 4.05891
internal_count=46916 29367 17549 12914 4635 27844 1523 3663 1677 11492 8818 77 9251 4386 1986 8741 6015 5740 1492 4816 4411 58 275 207 1238 663 3143 1156 852 52
is_linear=0
shrinkage=0.1


Tree=19
num_leaves=31
num_cat=0
split_feature=20 10 34 10 36 6 34 38 38 34 2 8 6 6 38 14 14 14 46 19 6 38 49 28 6 6 35 35 40 35
split_gain=241.573 78.8067 76.5725 78.3359 73.0026 44.0386 38.6338 38.2397 38.4709 37.4907 36.5425 34.6228 29.842 90.0208 26.8726 27.5332 68.5365 25.255 24.3293 24.0953 23.4158 23.1357 23.0175 22.5429 20.9184 20.7136 20.108 37.9201 21.3633 32.9785
threshold=-0.11069291201708877 1.6483931574598853 1.0108914630916253 1.6483931574598853 3.5000000000000004 -0.76514077609537645 0.99471371500343764 168.50000000000003 171.50000000000003 2.9821287439571158 -0.22340452365960364 -0.66627133502233671 -0.25403704165648905 -0.27812286435221101 73.500000000000014 -0.1237133912087388 -0.28474905080955121 -1.0994183075655302 12.500000000000002 0.0045568042596653277 1.3133051261033066 80.500000000000014 12.500000000000002 -0.575474265202505 -1.1443219107003644 -0.78137799809396824 3.9829812312414954 4.9719404740209621 0.21500000000000002 0.021372449354867915
decision_type=2 2 2 2 2 2 2 2 2 2 2 2 2 2 2 2 2 2 2 2 2 2 2 2 2 2 2 2 2 2
left_child=1 5 3 4 11 25 -5 12 10 -4 -9 20 13 -7 15 16 17 -6 -3 -15 -2 -16 -10 -14 -23 -1 28 -28 29 -13
right_child=2 18 9 6 14 7 -8 8 22 -11 -12 26 23 19 21 -17 -18 -19 -20 -21 -22 24 -24 -25 -26 -27 27 -29 -30 -31
leaf_value=-0.0041694867315645156 0.081442585834469436 0.089707008057110307 -0.075206160150179835 0.087229164361466993 0.017725936135150683 -0.052765011020982466 0.011009227215972195 0.51944874264476171 -0.0079905422512237482 0.31191301432183671 -0.060868028245484034 -0.015157939210308361 0.32270717013068878 0.11287005365801038 0.13417800888986814 -0.060526684746369699 0.21116242230690233 -0.051909633093895791 -0.043760149864032989 0.43839384701102563 -0.078777688274795657 0.10969262410472645 -0.064836880680018624 -0.078523597705576653 0.0031658099995438269 0.12842831431595855 0.11454186067893929 -0.0027182575259019964 -0.021665640751215784 0.074785816644960548
leaf_weight=176.48175908997655 204.06936616450548 64.424727693200111 94.062232166528702 268.41866080462933 103.10425863415003 273.40155534446239 88.403582543134689 2.5454000979661942 248.71496744081378 2.570047825574874 1.8913852460682381 74.987313441932201 1.4048190861940373 22.314069045707587 15.081079680472611 133.39370061829686 13.994509890675543 105.24412930756807 17.332131527364254 2.531878199428319 9.5484772846102697 19.329078204929829 99.813329242169857 435.56657500565052 397.89432033523917 12.623743075877426 59.777481645345688 51.199262738227844 120.73786982893944 89.324397027492523
leaf_count=2358 1402 500 1100 2063 903 5960 602 35 4595 31 26 433 37 353 133 2864 112 1740 324 45 59 95 2484 12523 4129 127 353 306 782 442
internal_value=0 -0.0337678 0.0217526 0.0265257 0.0158493 -0.0398601 0.0683455 -0.0476007 -0.0205456 -0.0649103 0.272062 0.041833 -0.0605893 -0.0362031 -0.00425214 -0.024609 -0.00306036 -0.0174494 0.0614125 0.146042 0.0742809 0.0124992 -0.0242705 -0.0772337 0.00810097 0.00468208 0.0243305 0.0604438 0.0102708 0.033738
internal_weight=0 1359.05 1851.14 1754.51 1397.69 1277.29 356.822 1088.18 352.965 96.6323 4.43679 609.644 735.219 298.248 788.041 355.737 222.343 208.348 81.7569 24.8459 213.618 432.304 348.528 436.971 417.223 189.106 396.026 110.977 285.05 164.312
internal_count=46916 29367 17549 16418 13753 28543 2665 26058 7140 1131 61 3777 18918 6358 9976 5619 2755 2643 824 398 1461 4357 7079 12560 4224 2485 2316 659 1657 875
is_linear=0
shrinkage=0.1


Tree=20
num_leaves=31
num_cat=0
split_feature=22 9 34 31 38 35 6 34 35 38 38 40 31 25 0 25 49 10 10 34 8 20 49 46 40 4 38 2 12 10
split_gain=206.535 172.663 72.7624 54.0329 57.5063 39.7606 38.3731 35.1382 38.2795 37.6279 28.3938 42.0408 27.8829 26.172 24.2483 23.04 22.6074 21.2347 20.6282 19.5038 18.9413 18.7288 18.6897 17.9945 16.9795 15.4076 15.1614 14.5386 17.3252 14.3027
threshold=-0.54470189973136984 1.0005500805993564 0.017825326496366093 -0.30892360269046731 258.50000000000006 4.9914530442260867 0.5153249930261613 1.0108914630916253 3.0164114252672101 27.500000000000004 304.50000000000006 0.44500000000000006 0.28994121555989838 -0.52707888290766969 -0.60108798448926393 -0.12440216379101547 12.500000000000002 1.6501308791699374 0.99493422701961609 0.97748053706822979 -0.66425008661974583 2.4234920416097014 12.500000000000002 21.500000000000004 0.43500000000000005 3.3089934626293531 139.50000000000003 -0.96619064672105526 0.59017256734286494 1.1044997623069388
decision_type=2 2 2 2 2 2 2 2 2 2 2 2 2 2 2 2 2 2 2 2 2 2 2 2 2 2 2 2 2 2
left_child=2 3 17 5 -5 13 7 8 9 -3 11 -6 -13 -2 -7 -4 20 18 -1 -16 -11 -20 25 29 -10 -15 -8 -26 -29 -17
right_child=1 6 15 4 10 14 26 -9 24 16 -12 12 -14 22 19 23 -18 -19 21 -21 -22 -23 -24 -25 27 -27 -28 28 -30 -31
leaf_value=0.26938579673463758 -0.052031092560840854 -0.03636152811854667 -0.052322268994149282 -0.067590837257784281 0.021916533371266415 0.25160008730317723 -0.069158259140498182 -0.061922693959117904 0.11434229880241605 0.073860346556162873 -0.020399526706234301 0.56495934197105313 0.060897281196312596 -0.004974273440963837 0.079610969808905779 0.1951493708713333 -0.061484185685138942 0.087877789831391065 0.021985906331605944 -0.026908010274515816 0.025141459008991059 0.099193538039701878 -0.0645401709626265 -0.073293608637970478 0.12510516095427587 0.17063419696632243 0.00058314616523608565 0.025311284770917826 0.28458893679481617 0.026437783126682175
leaf_weight=3.9744257666170588 207.00357668660581 87.175281047821045 61.787390640005469 608.51226308569312 14.166906636208298 5.7111870422959319 50.927141983062029 37.107480518519878 73.044651124626398 126.22868347167969 235.41086142882705 2.8268659673631182 1.7937704734504221 442.065096616745 43.504765048623085 5.233618512749671 22.01129624247551 271.01870495826006 141.79797030240297 28.418234944343567 216.97292660176754 40.361955642700195 55.451283285394311 18.062323324382305 21.629012428224087 5.0533680096268645 80.355551209300756 83.059219665825367 2.6597199887037268 126.01079512760043
leaf_count=29 4443 879 937 17038 244 33 576 371 481 958 4724 51 39 6099 301 32 160 2253 1432 454 1428 276 1056 187 186 24 628 662 22 913
internal_value=0 -0.0151224 0.0475938 -0.0336173 -0.0509039 -0.0146726 0.0229657 0.0326541 0.0382003 0.0226689 -0.0109579 0.107347 0.369278 -0.0221064 0.0532718 -0.000966042 0.0367593 0.0700168 0.0440104 0.0375232 0.0430601 0.0390931 -0.00978075 0.0202866 0.0771498 -0.00298953 -0.0264709 0.0518423 0.0333563 0.0331655
internal_weight=0 2451.09 668.247 1649.92 862.711 787.208 801.171 669.888 632.781 452.388 254.198 18.7875 4.62064 709.573 77.6342 211.094 365.213 457.153 186.134 71.923 343.202 182.16 502.57 149.307 180.393 447.118 131.283 107.348 85.7189 131.244
internal_count=46916 40857 6059 34506 22096 12410 6351 5147 4776 3425 5058 334 90 11622 788 2069 2546 3990 1737 755 2386 1708 7179 1132 1351 6123 1204 870 684 945
is_linear=0
shrinkage=0.1


Tree=21
num_leaves=31
num_cat=0
split_feature=20 6 20 46 10 35 38 49 49 14 41 6 14 21 20 7 35 40 34 4 25 40 3 11 23 9 17 3 25 4
split_gain=174.387 59.8885 58.1032 40.6293 43.2608 34.2637 33.0935 37.9016 30.3474 30.3455 78.139 27.5905 32.2496 32.8103 36.2941 26.6791 25.8396 23.651 21.5956 21.4619 20.5923 20.3798 20.1373 19.6874 18.1801 21.9416 18.2697 17.5865 18.5985 16.549
threshold=-0.11069291201708877 -0.76514077609537645 1.3363271542886246 12.500000000000002 1.5552819910174021 3.9952590000525823 76.500000000000014 12.500000000000002 14.500000000000002 -0.11376166628240419 0.15000000000000005 0.65577659743267069 0.90948313323039676 -0.038084124975098173 -0.31004023605368941 -0.14368015698676723 0.021372449354867915 0.43500000000000005 0.020856364949953299 -0.026912595730931053 2.5465057148004799 0.54500000000000015 0.32513410367312695 2.0142706404819228 0.70555592333950501 -0.92242457797955535 0.0063417210639048422 -0.46912469035335291 -0.98666152504791704 0.59632903590915121
decision_type=2 2 2 2 2 2 2 2 2 2 2 2 2 2 2 2 2 2 2 2 2 2 2 2 2 2 2 2 2 2
left_child=1 15 3 4 5 22 9 11 16 10 -3 12 20 -14 -15 19 18 -7 -4 23 21 24 -2 -1 25 -8 -26 28 -12 -18
right_child=2 6 8 -5 -6 17 7 -9 -10 -11 27 -13 13 14 -16 -17 29 -19 -20 -21 -22 -23 -24 -25 26 -27 -28 -29 -30 -31
leaf_value=0.041639342154884539 -0.018476076859265538 -0.048481918672551381 0.044022261023945471 -0.032258953460666075 0.07262069608236181 0.11536374500453783 -0.058586641590422595 -0.066115805550606435 -0.029327116874032222 -0.078786224076776087 0.13354279356497509 -0.055869625836748052 0.0066894187402313015 0.87017311876862768 0.12237222661225321 0.092697871021336822 0.042572163451165018 0.026877130804879135 -0.051303974630474147 -0.01965716768211365 0.20538852301107144 0.10056630552721667 0.017434480715855377 0.30659514271615146 0.04698647647769208 0.0041229691818419718 0.42889298557487987 0.12608063709043696 0.63352932707440424 0.083732459356634356
leaf_weight=46.217787217348814 394.01971868798137 172.51603805460036 63.346294291317463 220.78742870502174 115.75151593238115 35.421404935419559 83.29426771402359 150.42502618953586 48.866293609142303 298.87722182273865 1.4400242585688832 90.898725153878331 2.6881045941263437 1.3292869403958323 1.2682633511722077 38.809827409684658 180.26505000889301 205.15144825540483 38.034135114401579 132.09128551185131 4.922603089362382 18.624973125755787 258.66937577724457 2.9855698384344569 32.164174588397145 169.00727837905288 1.3033695649355639 15.151954542845486 1.5391902178525949 213.22503960505128
leaf_count=538 4984 3995 473 3212 994 243 2068 4171 379 9926 24 2199 66 25 15 386 1212 2119 218 1871 39 211 2094 30 593 3002 19 169 20 1621
internal_value=0 -0.0299595 0.0186328 0.00659752 0.0150999 0.0076462 -0.039941 -0.0232455 0.0458537 -0.0589011 -0.0277272 -0.00734234 0.00667875 0.251604 0.505057 0.0174503 0.0532775 0.0399057 0.00825943 0.00134201 0.00249343 -0.000787754 -0.00424424 0.0577164 -0.00739349 -0.0165798 0.0618596 0.169752 0.391857 0.0648762
internal_weight=0 1265.55 1773.54 1229.8 1009.01 893.262 1045.45 555.926 543.737 489.524 190.647 405.501 314.602 5.28565 2.59755 220.104 494.871 240.573 101.38 181.295 309.317 304.394 652.689 49.2034 285.769 252.302 33.4675 18.1312 2.97921 393.49
internal_count=46916 29367 17549 13646 10434 9440 26542 12408 3903 14134 4208 8237 6038 106 40 2825 3524 2362 691 2439 5932 5893 7078 568 5682 5070 612 213 44 2833
is_linear=0
shrinkage=0.1


Tree=22
num_leaves=31
num_cat=0
split_feature=1 9 49 31 38 35 40 8 35 10 1 38 34 0 25 38 40 49 6 36 40 29 49 28 6 38 14 9 12 0
split_gain=151.335 132.767 54.9995 41.4524 52.0173 30.5355 31.4359 30.3863 26.6547 26.1449 30.4382 25.0812 23.9713 22.0534 20.9331 19.1036 21.4942 17.6567 16.695 16.5884 16.2545 14.8288 14.7512 14.3388 14.3359 16.1252 17.5145 14.0582 15.5101 13.7415
threshold=1.0264364574555687 1.0005500805993564 11.500000000000002 -0.30892360269046731 258.50000000000006 3.9855503962196184 0.44500000000000006 -0.67093908143533054 4.9914530442260867 0.98234780980629643 1.5862336113674254 32.500000000000007 0.99908447472413231 -0.60108798448926393 -0.61968405701505636 304.50000000000006 0.44500000000000006 12.500000000000002 0.5153249930261613 3.5000000000000004 0.22500000000000003 -0.83555316312877814 21.500000000000004 -0.24883879153167859 -0.27812286435221101 61.500000000000007 -1.2779198745747389 1.3691094763137175 -0.016980596039866711 -0.60318818021041543
decision_type=2 2 2 2 2 2 2 2 2 2 2 2 2 2 2 2 2 2 2 2 2 2 2 2 2 2 2 2 2 2
left_child=1 3 9 8 -5 -4 -7 12 14 19 20 -9 27 -10 -1 16 -6 24 22 -2 -11 -17 -13 -18 25 26 -16 28 -3 -8
right_child=2 7 5 4 15 6 29 11 13 10 -12 18 -14 -15 17 21 23 -19 -20 -21 -22 -23 -24 -25 -26 -27 -28 -29 -30 -31
leaf_value=-0.052115057078773466 0.12584397721493221 0.057515070811528228 -0.056451900432059256 -0.064589551380148949 0.015111866911186751 0.14625681757733985 0.1445693568541605 -0.042075821215803916 0.23582358159156686 -0.0025852719015641125 0.070925072727637609 0.029755552974563448 -7.3936967345509269e-05 0.027386917181998434 0.0066819852599079126 0.42553938677521175 0.44735639425822654 -0.065237383369120813 -0.025739454930782741 0.41463454802381733 0.050186498544023461 -0.018829152340288507 -0.094866559486151705 0.12912182729866103 0.088517364954317571 0.010675363328383083 -0.053255966193092336 0.090290603776435926 -0.046222976261146527 -0.027459053840803011
leaf_weight=158.98048315197229 5.88214213401079 70.100252609699965 81.206967003643513 538.20461199991405 14.119594730436804 18.383617531508207 5.2302147652953854 91.664227273315191 5.484045732766389 119.19570195674896 314.0626570917666 312.00230016559362 77.847055975347757 68.233183583244681 83.842622216790915 0.75351964496076007 2.1421555690467358 52.589960385113955 77.499097492545843 3.0052090212702751 114.3739796243608 221.2537194788456 9.7963657677173597 4.1759505309164515 16.152009751647711 229.0376160480082 116.48496558889747 105.37623609229922 18.142508458346128 41.384549476206303
leaf_count=3774 36 664 1038 16827 242 101 65 923 33 1266 2800 2122 584 730 976 18 26 1120 700 28 1131 4641 107 63 207 2739 2412 853 225 465
internal_value=0 -0.0140793 0.0390157 -0.0312411 -0.0472643 -0.0155658 0.0355159 0.0199426 -0.014125 0.053355 0.0505938 0.00509779 0.0467902 0.0428931 -0.0205218 -0.00880398 0.0837123 -0.0104382 0.0159271 0.223497 0.0232559 -0.0173209 0.0259617 0.237019 -0.00396952 -0.00744873 -0.0281703 0.0656325 0.0361868 -0.00815733
internal_weight=0 2273.88 702.725 1511.45 780.65 146.205 64.9984 762.428 730.805 556.52 547.632 490.962 271.466 73.7172 657.088 242.445 20.4377 498.107 399.298 8.88735 233.57 222.007 321.799 6.31811 445.517 429.365 200.328 193.619 88.2428 46.6148
internal_count=46916 39986 6930 33808 21817 1669 631 6178 11991 5261 5197 3852 2326 763 11228 4990 331 7454 2929 64 2397 4659 2229 89 6334 6127 3388 1742 889 530
is_linear=0
shrinkage=0.1


Tree=23
num_leaves=31
num_cat=0
split_feature=20 46 1 10 38 14 34 34 38 35 38 46 38 38 38 46 9 38 38 38 38 6 9 14 6 9 38 20 25 6
split_gain=128.374 54.8908 50.9694 49.0332 48.1795 45.9991 32.2146 30.2364 28.6131 30.5128 27.3405 26.6799 25.224 27.3565 31.5928 21.2093 21.0861 20.4133 29.3291 17.7009 16.1295 24.993 16.0426 15.4331 23.8644 21.9896 17.6307 19.6876 36.9398 15.177
threshold=-0.26751112511907865 17.000000000000004 0.99411975608816971 1.5552819910174021 156.50000000000003 0.059793378546238625 0.01196848674050408 2.9821287439571158 137.50000000000003 3.9952590000525823 157.50000000000003 10.500000000000002 163.50000000000003 312.50000000000006 256.50000000000006 12.500000000000002 2.494365889016652 32.500000000000007 33.500000000000007 328.50000000000006 26.500000000000004 -0.40139162247805116 1.523319056737316 0.046821925642691338 0.5153249930261613 1.0428275902876012 2006.5000000000002 -0.21311848521035601 1.0000000180025095e-35 1.245555876799578
decision_type=2 2 2 2 2 2 2 2 2 2 2 2 2 2 2 2 2 2 2 2 2 2 2 2 2 2 2 2 2 2
left_child=2 3 11 4 5 8 -5 16 9 22 -6 17 -12 14 29 -4 -3 -1 -19 -15 21 -11 -2 25 26 -21 27 28 -25 -14
right_child=1 7 15 6 10 -7 -8 -9 -10 20 12 -13 13 19 -16 -17 -18 18 -20 23 -22 -23 -24 24 -26 -27 -28 -29 -30 -31
leaf_value=-0.059715748593013575 -0.0079533082788954476 -0.089310298479410133 0.053216169575801546 0.076256072128546667 0.13646002528887752 -0.038196349910975896 0.0087440310553641327 0.24005069968274093 -0.063432448408548309 0.056437753929419548 -0.083532600168795754 -0.06644905760477729 0.038399928785812103 -0.094397537121887948 0.11042112533143295 -0.050282023647464681 0.22934303617232299 0.1218005099748827 -0.021981751482568281 -0.032005904066600525 0.08322226837821714 -0.1002430554709525 0.041937346270027494 0.69627712217198878 -0.0053461575795291077 0.034882965630320055 -0.0075700927522684832 0.076682742571020701 0.057472529436575062 -0.10368668598186398
leaf_weight=151.64692679233849 300.54545575752854 74.133020810782909 91.849020106717944 205.28124699741602 23.093659125268459 293.98544312641025 107.79219111427665 3.0630263276398173 47.92089968174696 36.135210989043117 20.460440751165152 256.37477668374777 144.3830283228308 14.573064632713793 74.630705744028091 25.240913473069668 2.1364736333489409 14.661109700798987 438.63172542862594 108.96015782095492 88.38965242728591 14.174512449651955 82.047149606049061 1.4946506246924394 77.755056615918875 89.534560918807983 25.586085803806782 89.197026055306196 2.2954738847911358 7.9305531773716202
leaf_count=4375 3895 1159 1066 1990 157 5605 735 34 557 337 194 9372 1212 154 601 627 14 152 9444 1105 838 195 517 28 854 589 228 737 33 112
internal_value=0 0.0134463 -0.0309985 0.0169279 0.00960697 -0.00607499 0.0530115 -0.0680121 0.010515 0.0173127 0.0295169 -0.0394139 0.0257567 0.0292707 0.0571189 0.0309052 -0.0803841 -0.0279563 -0.0173313 0.0138333 0.0574947 0.0122937 0.00274576 0.0178282 0.0377078 -0.00183449 0.0659407 0.0861677 0.309388 0.0310019
internal_weight=0 1935.5 978.404 1856.17 1543.09 863.198 313.073 79.3325 569.213 521.292 679.894 861.315 656.801 636.34 226.944 117.09 76.2695 604.94 453.293 409.396 138.699 50.3097 382.593 394.823 196.328 198.495 118.573 92.9872 3.79012 152.314
internal_count=46916 21880 25036 20673 17948 11944 2725 1207 6339 5782 6004 23343 5847 5653 1925 1693 1173 13971 9596 3728 1370 532 4412 3574 1880 1694 1026 798 61 1324
is_linear=0
shrinkage=0.1


Tree=24
num_leaves=31
num_cat=0
split_feature=1 9 46 14 34 35 49 49 6 40 40 38 10 25 11 10 38 38 31 38 38 32 40 38 9 35 40 46 14 38
split_gain=107.475 99.0902 40.5857 39.6717 33.9624 33.4884 37.2701 38.0471 29.5642 41.8041 28.8675 27.5185 27.3314 24.7061 25.1743 18.519 18.0659 22.2021 20.2134 18.1214 17.3105 15.4176 15.8126 15.349 14.9871 15.0786 20.2533 14.6116 14.6051 17.753
threshold=1.0264364574555687 0.14409912162382785 12.500000000000002 0.72289468403678636 0.014570040978461653 3.0182406599029989 12.500000000000002 10.500000000000002 0.30408258306340136 0.53500000000000014 0.43500000000000005 73.500000000000014 1.6483931574598853 -0.31796747867639891 -0.93906669014619426 1.0028697922091634 27.500000000000004 34.500000000000007 -0.78216492536161397 50.500000000000007 821.50000000000011 1.0400838467870386 0.45500000000000007 26.500000000000004 0.63534875518359957 0.030199858773715799 0.13500000000000004 3.5000000000000004 -0.31013954138374766 28.500000000000004
decision_type=2 2 2 2 2 2 2 2 2 2 2 2 2 2 2 2 2 2 2 2 2 2 2 2 2 2 2 2 2 2
left_child=1 4 12 5 23 6 7 16 10 -10 -7 -5 15 14 -9 27 18 -18 -3 -19 -8 22 -17 -1 -4 -26 -27 -2 -12 -30
right_child=2 3 24 11 -6 8 20 13 9 -11 28 -13 -14 -15 -16 21 17 19 -20 -21 -22 -23 -24 -25 25 26 -28 -29 29 -31
leaf_value=-0.053905333102459554 0.0039503838577500333 0.015215821652711162 -0.03443748551131922 -0.083064356120481853 -0.062823561901719782 0.096055960666110274 -0.088327014022707276 0.74642083416225502 0.097097221533447881 0.54854993041122502 0.04310742018156441 -0.010569839171079148 0.071553383719109395 0.056925244404396204 0.012256020138410678 -0.012958355203276054 0.085283750799115557 -0.052740310288835912 -0.059701714819010133 0.0099069188841236291 0.02582849731359407 0.058910210419018005 0.076762607013562287 -0.010682971907707294 -0.058836978676480703 0.15472342623618121 0.018472581661611448 0.26909938241639048 -0.074405321994564275 0.015117338922722484
leaf_weight=109.46442948840559 3.3934098817408067 58.359176233410835 91.811842676252127 73.995322959497571 362.5670420601964 59.308861194178462 62.129913041368127 1.0550266820937393 9.9268077779561263 2.5853308644145718 119.67994925379753 179.09744566865265 254.31394225358963 105.51773334108293 0.83806778304278751 129.37978164106607 34.932191632688046 52.399002090096474 94.058249471709132 388.60271165892482 16.896081730723381 64.727364588528872 23.159594848752022 329.38849193416536 19.157340478152037 12.904794350266455 70.571422252804041 5.363004133105278 28.97014788351953 94.117293134331703
leaf_count=3250 26 564 1429 1764 13196 469 1010 21 83 43 1051 2430 2558 1152 19 1460 308 699 1782 3592 223 506 214 6724 135 67 493 42 567 1039
internal_value=0 -0.0121986 0.0334616 0.00401964 -0.0401753 0.0120389 0.00133906 0.00834834 0.0397516 0.190379 0.0335125 -0.0317647 0.0490654 0.0633492 0.421408 0.0237627 -0.00105354 0.00854208 -0.0310165 0.00246329 -0.0639201 0.0180163 0.000663709 -0.0214641 -0.0050843 0.0211739 0.0395359 0.166345 0.0182329 -0.00595292
internal_weight=0 2183.89 674.782 1382.47 801.42 1129.38 814.788 735.762 314.588 12.5121 302.076 253.093 480.337 107.411 1.89309 226.023 628.351 475.934 152.417 441.002 79.026 217.267 152.539 438.853 194.445 102.634 83.4762 8.75641 242.767 123.087
internal_count=46916 39986 6930 16816 23170 12622 9370 8137 3252 126 3126 4194 4806 1192 40 2248 6945 4599 2346 4291 1233 2180 1674 9974 2124 695 560 68 2657 1606
is_linear=0
shrinkage=0.1


Tree=25
num_leaves=31
num_cat=0
split_feature=36 1 6 14 38 40 38 8 46 19 25 9 34 10 38 34 46 10 35 38 14 6 6 49 6 6 25 14 38 38
split_gain=93.9417 75.9025 40.6166 59.2172 66.7233 39.8612 37.1271 34.5565 34.1569 33.1163 30.1034 29.8467 28.1895 24.6913 24.2493 21.0256 19.6197 18.5592 17.2632 16.8177 24.0987 52.0946 33.9313 21.0335 33.07 25.9852 30.6733 19.4182 19.1742 17.5109
threshold=3.5000000000000004 1.0264364574555687 0.41153669862126691 0.66992967412597781 14.500000000000002 0.45500000000000007 21.500000000000004 -0.68045660522688289 12.500000000000002 -0.23796395395321865 -0.7759567511104889 0.72019494045800869 0.97392298712563552 1.6501308791699374 134.00000000000003 1.0160039808011869 32.500000000000007 1.0478047772815275 0.030199858773715799 156.50000000000003 -0.11376166628240419 -0.27812286435221101 -0.40139162247805116 4.5000000000000009 -0.52749521719074299 -0.47020727222082914 0.59396827375043759 -1.0204062563718568 157.50000000000003 168.50000000000003
decision_type=2 2 2 2 2 2 2 2 2 2 2 2 2 2 2 2 2 2 2 2 2 2 2 2 2 2 2 2 2 2
left_child=7 2 3 6 5 9 -2 12 13 -5 -8 -7 -1 17 -4 19 -17 -3 -14 20 21 22 23 27 -25 26 -26 -12 -21 -30
right_child=1 8 14 4 -6 11 10 -9 -10 -11 15 -13 18 -15 -16 16 -18 -19 -20 28 -22 -23 -24 24 25 -27 -28 -29 29 -31
leaf_value=0.087346131783553813 -0.063674115968679987 0.20025787415216528 -0.083890407159930083 -0.03245786263544926 0.062634415796460952 1.3310178119668032 -0.046002704267702088 0.014740786694468686 -0.022580398057864808 0.72762311144874647 0.013483890687502871 0.44877075096924984 -0.077510423147675228 0.066227475881028078 -0.027078035637351772 -0.088693751427680517 0.43343203383067075 0.0087075258341974045 0.037453771560373154 0.12524746204911483 -0.051063374125298835 0.10308607881288333 -0.073783373015595566 0.025414203647105661 0.64393306952435714 0.067511293147095627 0.073507870937104522 -0.049036124454118327 -0.070430052285526568 0.016072483246393609
leaf_weight=150.47406843304634 152.65262550115585 5.1973470896482459 151.26732214167714 1.4193430393934252 13.46314558945596 0.836935333907604 203.37753849476576 481.47881858423352 124.66214678809047 0.96156101115048231 137.48192929849029 0.70770297944545746 16.401168592274189 167.6546238437295 149.26596135087311 35.579313945025206 0.73454088717698951 188.9062967710197 64.14778608828783 15.11712573468685 123.59483238309622 43.243612365797162 73.043826039880514 33.631667515262961 2.521146347746253 3.858999826014041 1.5056505091488359 77.787083990871906 25.03548276424408 358.65073359757662
leaf_count=1425 5011 43 5924 59 297 36 6101 3129 1759 32 1548 6 91 1791 3676 955 9 2017 381 102 3512 393 1675 504 40 53 14 1518 471 4344
internal_value=0 -0.0120459 -0.0225292 -0.0148975 0.168409 0.531177 -0.0173726 0.0299957 0.022561 0.274511 -0.0111461 0.926801 0.0617888 0.0381168 -0.0556734 -0.00353808 -0.0781324 0.0138365 0.0140451 -0.000513077 -0.0127932 -0.000114767 -0.0136453 0.0034612 0.0686308 0.252942 0.430647 -0.00910761 0.0147806 0.0104282
internal_weight=0 2092.16 1605.74 1305.2 17.3887 3.92554 1287.82 712.502 486.42 2.3809 1135.16 1.54464 231.023 361.758 300.533 931.786 36.3139 194.104 80.549 895.472 496.669 373.074 329.83 256.786 41.5175 7.8858 4.0268 215.269 398.803 383.686
internal_count=46916 41890 36280 26680 430 133 26250 5026 5610 91 21239 42 1897 3851 9600 15138 964 2060 472 14174 9257 5745 5352 3677 611 107 54 3066 4917 4815
is_linear=0
shrinkage=0.1


Tree=26
num_leaves=31
num_cat=0
split_feature=20 46 34 35 40 49 1 10 38 38 38 49 35 6 38 34 31 34 6 49 26 9 14 14 1 14 20 31 29 6
split_gain=79.8555 40.9384 37.0681 34.4942 61.1719 48.8222 32.5045 31.6899 22.4849 22.3783 22.2087 27.6407 33.0697 20.9966 20.7009 20.6028 18.0346 18.4706 18.0297 17.1712 17.0217 16.646 15.9768 25.5414 15.8289 15.7644 16.7855 15.6418 15.4452 15.2023
threshold=-0.26751112511907865 17.000000000000004 0.013748572190012394 3.0225815593593368 0.43500000000000005 12.500000000000002 1.5367684771616057 1.6483931574598853 156.50000000000003 186.50000000000003 312.50000000000006 10.500000000000002 1.9770898979170923 -0.37236928794436103 236.50000000000003 2.9821287439571158 -0.72880613687130036 0.00028476583524439928 -0.017214338659536688 12.500000000000002 2.7789603073707467 2.494365889016652 -0.87920308913557599 -0.84530775192249719 -0.53658838840876955 0.9339492431873897 -0.31004023605368941 -0.47356644761972472 -0.8055964939069713 -0.041023315465531514
decision_type=2 2 2 2 2 2 2 2 2 2 2 2 2 2 2 2 2 2 2 2 2 2 2 2 2 2 2 2 2 2
left_child=2 3 7 5 -5 6 8 20 18 -4 14 -12 27 -6 22 21 -16 -18 29 25 -1 -3 -10 -24 -22 26 -11 -13 -15 -2
right_child=1 15 9 4 13 -7 -8 -9 10 19 11 12 -14 28 16 -17 17 -19 -20 -21 24 -23 23 -25 -26 -27 -28 -29 -30 -31
leaf_value=-0.017288128368562125 -0.0036925430152245768 -0.085773528005458455 -0.0683004244210869 0.10782167064251065 0.044207077274933518 -0.069199834653946579 0.047036003628409005 0.074341340238858883 -0.03157636737152017 0.031522740172928117 -0.015776920745912006 -0.019368934283942433 -0.026477498913658366 0.19532112773317079 0.16858750869628528 0.16141230734253703 -0.003613199658118359 0.14256049217565667 -0.046040502122214388 -0.051647219873660125 0.00093840139004520604 0.18560743548935096 0.20967453213521839 0.0285131346124818 0.43427734213068264 -0.054646860671733979 0.27404039328208341 0.15656534119670165 -0.0048679671729598478 0.17017260247828991
leaf_weight=458.30042155645788 429.24647932313383 65.511918278411031 237.11749340966344 95.113924320787191 180.99256689660251 83.548632452264428 196.64289709925652 42.765493251383305 37.300118081271648 48.579152366146445 212.84363394230604 6.1569422408938399 24.811559731140733 3.9215197153389445 21.352595183998346 3.8493143022060385 22.374360106885433 14.087371721863745 115.9532755445689 79.138180401176214 1.7640932444483044 2.3409905061125746 8.6590209901332837 76.872318409383297 1.6143034640699614 22.427096098661423 3.0320889111608258 28.194630105048418 223.84137339703739 5.0886512510478488
leaf_count=10238 5469 1159 9936 767 1648 1196 1922 469 294 1146 1899 59 242 49 150 34 191 113 2530 2445 26 14 69 670 18 713 45 235 3135 35
internal_value=0 0.0104463 -0.0259148 0.0134191 0.0355902 0.00471277 0.00986063 -0.00801119 0.0025718 -0.0490548 0.0190808 0.00102969 0.0614927 0.0187825 0.0462612 -0.0636432 0.0956033 0.0528625 -0.0110081 -0.0192626 -0.0156395 -0.0764106 0.0230368 0.0468536 0.208001 0.0153528 0.0457703 0.125032 -0.0014212 -0.00165555
internal_weight=0 1858.7 894.738 1787 503.869 1283.13 1199.58 504.444 1002.94 390.294 452.653 272.007 59.1631 408.755 180.646 71.7022 57.8143 36.4617 550.288 153.177 461.679 67.8529 122.831 85.5313 3.3784 74.0383 51.6112 34.3516 227.763 434.335
internal_count=46916 21880 25036 20673 5599 15074 13878 10751 11956 14285 3922 2435 536 4832 1487 1207 454 304 8034 4349 10282 1173 1033 739 44 1904 1191 294 3184 5504
is_linear=0
shrinkage=0.1


Tree=27
num_leaves=31
num_cat=0
split_feature=36 10 46 14 35 0 8 9 38 14 34 49 35 14 8 46 6 1 29 38 19 2 28 17 2 34 19 25 38 35
split_gain=69.72 54.9055 36.8683 35.2577 33.7756 74.1557 30.5451 29.0653 29.8813 29.5462 25.7673 23.2776 25.4744 22.4362 20.2699 19.5915 19.1712 19.1419 15.8409 15.754 21.0229 17.2349 15.5063 14.575 14.2993 27.5015 13.9756 13.755 23.9385 13.5733
threshold=3.5000000000000004 1.6483931574598853 10.500000000000002 0.96591211292666868 4.9719404740209621 -0.73136839643648244 -0.68045660522688289 -1.1554707171931369 76.500000000000014 -1.0994183075655302 0.97392298712563552 12.500000000000002 3.9829812312414954 0.37019675691002624 -0.67860532566864673 1.5000000000000002 -0.7904930731381431 1.3261781174378513 -0.81221289258878071 394.50000000000006 0.61102634844431447 2.6688704485296157 -0.57788140585486636 0.010138922590474168 -0.62675093912755664 1.0036726366050577 -0.54265945168825602 -1.1159019371034191 695.50000000000011 0.030199858773715799
decision_type=2 2 2 2 2 2 2 2 2 2 2 2 2 2 2 2 2 2 2 2 2 2 2 2 2 2 2 2 2 2
left_child=6 3 -3 4 7 15 10 -2 9 16 -1 13 -13 -10 23 -6 -9 27 -16 21 -21 -5 -8 -7 25 -14 -18 28 -15 -12
right_child=1 2 -4 19 5 14 22 8 11 -11 29 12 24 17 18 -17 26 -19 -20 20 -22 -23 -24 -25 -26 -27 -28 -29 -30 -31
leaf_value=0.083247213831821418 -0.06176839123942484 0.061048845029857607 -0.019431749705621327 -0.07760129540968165 0.16316361226181325 0.048010364622297907 0.039542797937984785 -0.0062246090127291214 0.0018923564209620714 -0.044479395962281745 -0.071038855206687845 -0.081805191758355725 0.065526530568195338 0.61431070082787653 0.2494041952204627 0.43959788861039267 0.2832380864588166 0.29696160362724344 -0.018380219319484841 -0.045670888767361043 0.089179780735679448 0.38225755493904884 5.6189624529438845e-05 0.28611236398724599 -0.012253406832952301 0.59428564565644482 0.059974215279834986 0.042515448295896485 -0.10365594486136297 0.032447625571527118
leaf_weight=138.12360749766231 131.92680475302041 163.78302673622966 87.240053191781044 138.56496125273407 5.6493442431092245 60.564912332221866 142.11969935894012 150.98380793072283 503.71429014578462 393.47735902294517 15.891705892980097 62.843281349167228 7.9696401841938478 1.1123648583888996 2.2552076596766701 4.6940744929015636 3.4578255787491825 3.2776533905416718 107.9710083398968 52.539988500997424 14.822155840694903 0.81982546858489413 331.24830416589975 2.6848438177257767 30.210303509607911 1.122150871902704 14.821375306695698 69.365545697510242 0.79722399450838555 62.598843477666378
leaf_count=1425 4592 1916 980 5365 31 861 971 1837 6665 11775 91 1783 160 35 35 33 29 24 2023 1435 334 22 2158 31 628 18 101 1153 24 381
internal_value=0 -0.0106821 0.0330788 -0.0169036 -0.0117574 0.0285014 0.0261443 -0.0171392 -0.012403 -0.0294508 0.0572477 0.00169657 -0.0423121 0.00947028 0.0129922 0.288616 0.00548539 0.0606704 -0.0129014 -0.0557065 -0.0159988 -0.0748965 0.0119113 0.0581174 0.0208366 0.130788 0.102208 0.0498043 0.314571 0.0114951
internal_weight=0 2016.67 251.023 1765.65 1558.9 183.819 689.982 1375.08 1243.15 562.74 216.614 680.412 102.145 578.267 173.476 10.3434 169.263 74.5528 110.226 206.747 67.3621 139.385 473.368 63.2498 39.3021 9.09179 18.2792 71.2751 1.90959 78.4905
internal_count=46916 41890 2896 38994 31838 3014 5026 28824 24232 13742 1897 10490 2589 7901 2950 64 1967 1236 2058 7156 1769 5387 3129 892 806 178 130 1212 59 472
is_linear=0
shrinkage=0.1


Tree=28
num_leaves=31
num_cat=0
split_feature=1 9 14 34 49 14 38 31 38 1 32 38 38 25 38 38 34 38 40 40 32 36 6 38 38 4 49 31 13 38
split_gain=61.5098 46.5663 28.1402 27.2252 24.3214 23.6863 24.9936 23.3537 22.8291 22.6769 21.9404 18.3385 15.4983 15.8695 14.8912 14.7629 15.2816 17.453 15.7809 14.5246 13.2907 13.1512 13.1166 12.7863 12.4716 12.1073 12.6136 14.0985 15.383 15.0705
threshold=0.65354177266697455 0.19112862607662964 0.72289468403678636 0.014570040978461653 11.500000000000002 0.65193238404405485 27.500000000000004 -0.78216492536161397 34.500000000000007 2.2562619842223239 1.0124979434266019 139.50000000000003 21.500000000000004 0.44269642139576515 26.500000000000004 47.500000000000007 1.0305391116123008 1399.5000000000002 0.22500000000000003 0.055000000000000007 -1.8398716243526609 3.5000000000000004 -0.095084410146835704 14.500000000000002 264.50000000000006 1.9342711051099197 4.5000000000000009 -0.058397245065816165 -0.46291081104173898 198.50000000000003
decision_type=2 2 2 2 2 2 2 2 2 2 2 2 2 2 2 2 2 2 2 2 2 2 2 2 2 2 2 2 2 2
left_child=1 3 5 14 9 6 7 -3 -8 12 -6 -4 -2 19 20 22 21 -18 -19 -14 -1 -17 -10 -7 -5 26 -23 -28 -29 -30
right_child=4 2 11 24 10 23 8 -9 15 -11 -12 -13 13 -15 -16 16 17 18 -20 -21 -22 25 -24 -25 -26 -27 27 28 29 -31
leaf_value=0.2591805333687785 -0.023475027476717161 0.020824548944118303 -0.068222801294678823 -0.070183969369864069 -0.034595943622306981 0.24815793960659574 0.081157820135163317 -0.053520214955190194 -0.050143263053916913 0.074236788902080172 0.037984934964647207 -0.007863996621362555 -0.031270018624409909 0.048553750840936688 -0.004090245945992917 0.035666514117678197 -0.10865415916865616 0.2262142302166375 -0.064727419068188644 0.024144408374879411 -0.056704757781223018 -0.013124116840121379 0.15305286665130002 0.06831983473855173 -0.025059707356927433 0.10689829666350037 0.0080571988164828013 -0.11249480533847163 -0.0039553619317468395 0.15674665995357989
leaf_weight=1.353394841775297 65.974982915446162 65.062412697821856 86.024417504668236 197.16057301871479 127.44334260374308 5.0985474158078459 46.874269811436534 120.52171972580254 56.028951656073332 97.723062489181757 61.866592302918434 121.33440129458904 59.542247237637639 216.24604750983417 284.53217760846019 229.66227127239108 19.841456254944209 3.4825532566756001 4.0121542420238256 230.04440512880683 84.065324567258358 216.96384879201651 3.3677519019693127 17.603622755035758 88.851992804557085 11.324083447456358 104.81451562233269 3.5262941047549274 8.2924047429114598 19.696803029626608
leaf_count=38 1118 621 2205 9507 2322 49 397 2548 897 1143 461 1588 676 1944 6184 1541 409 42 61 2995 2920 2440 53 172 2964 59 1158 47 138 219
internal_value=0 -0.0117563 0.000427317 -0.0329958 0.0207708 0.00781014 0.00530255 -0.0274563 0.0136548 0.0297191 -0.0108765 -0.0329043 0.0221109 0.0280566 -0.0150829 0.00900859 0.0135598 -0.0595457 0.070464 0.0127506 -0.0516998 0.0169226 -0.0386222 0.108709 -0.0561658 0.0051163 0.0018539 0.0256908 0.0843369 0.109135
internal_weight=0 1799.5 1143.53 655.963 858.841 936.174 913.471 185.584 727.887 669.531 189.31 207.359 571.808 505.833 369.951 681.013 621.616 27.3362 7.49471 289.587 85.4187 594.28 59.3967 22.7022 286.013 364.618 353.294 136.33 31.5155 27.9892
internal_count=46916 36257 14644 21613 10659 10851 10630 3169 7461 7876 2783 3793 6733 5615 9142 7064 6114 512 103 3671 2958 5602 950 221 12471 4061 4002 1562 404 357
is_linear=0
shrinkage=0.1


Tree=29
num_leaves=31
num_cat=0
split_feature=22 9 34 46 35 40 49 46 38 49 2 6 40 25 19 10 29 12 25 0 20 28 49 0 8 25 9 8 7 38
split_gain=50.9536 51.7668 26.8455 25.6494 24.1691 38.25 21.9143 21.9104 24.6473 21.5437 19.8689 18.6168 18.0541 22.9555 16.8359 16.6251 16.4504 16.0727 14.5814 23.2044 26.9432 19.0553 15.4543 21.7337 16.5312 12.7607 11.9897 11.9036 12.4278 11.8586
threshold=-0.54470189973136984 0.12981588697813506 0.0079960077875419009 17.000000000000004 3.0225815593593368 0.43500000000000005 12.500000000000002 1.5000000000000002 236.50000000000003 10.500000000000002 -1.2563282263365094 0.80057616342650995 0.14500000000000005 -0.30954206276127433 -0.41107844481265637 2.195988829225513 -0.79823706117353066 -1.0368870853059147 -0.13650612833349049 -0.91165829563600997 0.028925071274113142 -0.18255824142397239 4.5000000000000009 -0.7517712277730243 -0.67860532566864673 -0.12440216379101547 0.81561766401507263 -0.69791645910484268 2.8462770554672523 1399.5000000000002
decision_type=2 2 2 2 2 2 2 2 2 2 2 2 2 2 2 2 2 2 2 2 2 2 2 2 2 2 2 2 2 2
left_child=2 7 15 4 6 -6 9 -2 27 17 -10 16 -11 14 -14 -1 26 -3 19 -18 21 -21 -20 -24 -25 -4 -7 -9 -29 -5
right_child=1 3 25 29 5 11 -8 8 10 12 -12 -13 13 -15 -16 -17 18 -19 22 20 -22 -23 23 24 -26 -27 -28 28 -30 -31
leaf_value=0.031609765440480747 -0.0073047642285274886 0.044950509438198158 -0.041324523610258401 -0.095183055329175467 0.096686424584337252 0.4153371704459603 -0.061664497405453947 -0.01576165206929437 0.39870644215438888 0.075956131606856631 -0.013501840827346033 -0.053864473479707908 0.35082896892057397 -0.0058674581842335328 -0.014057494542343316 0.084949403512641491 0.014537415862341039 -0.010678302474871915 -0.025520681795477354 0.045163235897521831 0.56033704704920939 0.43098134046066827 0.13428683393931162 0.060713348986901353 -0.0072002380207372698 0.013389268449355944 0.089950026706824976 -0.070687092326874229 0.37411233560143869 0.019201636176750379
leaf_weight=257.6897649243474 255.64561329036951 56.290447372943163 58.926365841180086 37.723679902032018 64.723906677216291 1.7093528881669033 59.91449973732233 49.360590259544551 1.1790141817182291 62.938379947096109 142.45021890290082 37.418638983741403 3.2367191649973392 86.847464447841048 2.0752581767737857 75.56985092908144 14.616852862760426 671.778369884938 79.882195087149739 5.6989023480564347 1.8333471827208994 1.6509677376598109 17.198089834302664 54.396389041095972 105.07819078117609 154.10157930850983 3.3551963865756989 246.35697158612311 0.62976148817688127 11.929868683218954
leaf_count=2788 5801 452 1000 864 569 32 1058 1976 26 576 4115 755 50 1404 48 1022 183 8488 1016 102 18 29 146 607 1168 1249 28 11125 32 189
internal_value=0 -0.00834314 0.0259814 0.00286726 0.00550054 0.0265239 -0.0031391 -0.0305875 -0.0441158 0.000831299 -0.0101181 0.0124575 0.0346707 0.0064756 0.208277 0.043705 0.0211523 -0.00637738 0.0179256 0.0928023 0.217376 0.131828 0.0109794 0.0274829 0.0159649 -0.00174529 0.199773 -0.0605933 -0.069553 -0.0677007
internal_weight=0 2075.92 546.288 1380.3 1330.64 387.562 943.081 695.622 439.977 883.167 143.629 322.838 155.098 92.1594 5.31198 333.26 285.419 728.069 280.355 23.8001 9.18322 7.34987 256.555 176.673 159.475 213.028 5.06455 296.347 246.987 49.6535
internal_count=46916 40857 6059 17782 16729 4653 12076 23075 17274 11018 4141 4084 2078 1502 98 3810 3329 8940 3269 332 149 131 2937 1921 1775 2249 60 13133 11157 1053
is_linear=0
shrinkage=0.1


Tree=30
num_leaves=31
num_cat=0
split_feature=14 38 14 14 46 14 9 14 38 38 6 6 19 14 14 38 38 38 23 31 38 38 38 38 6 19 29 15 10 13
split_gain=45.246 59.1002 37.149 91.5532 36.5991 34.6924 28.5411 24.6774 24.2598 69.5732 24.1219 25.7457 21.3502 20.6166 34.702 29.3033 20.5174 33.8731 20.4392 19.8853 19.5628 30.9562 27.4019 20.7446 24.0655 17.3863 17.2461 16.3696 15.7653 16.8909
threshold=-1.0994183075655302 76.500000000000014 -0.11376166628240419 -0.28474905080955121 17.000000000000004 -1.507797691239684 -0.92242457797955535 1.6255763321017469 11.500000000000002 9.5000000000000018 -0.40139162247805116 -0.57391948617567878 1.8845124002246159 -0.87920308913557599 -0.84530775192249719 86.500000000000014 39.500000000000007 50.500000000000007 1.8377585326872719 -0.93746842748120562 156.50000000000003 157.50000000000003 179.50000000000003 418.50000000000006 -0.47020727222082914 -0.61869621055721435 -0.64503158278353845 -0.75121708648701568 1.5552819910174021 0.58367106391760726
decision_type=2 2 2 2 2 2 2 2 2 2 2 2 2 2 2 2 2 2 2 2 2 2 2 2 2 2 2 2 2 2
left_child=5 2 3 10 6 28 -3 13 9 -4 11 -2 26 -8 -15 -16 -13 -18 20 25 27 -22 -23 24 -24 -7 -11 -17 29 -1
right_child=1 4 8 -5 -6 19 7 -9 -10 12 -12 16 -14 14 15 18 17 -19 -20 -21 21 22 23 -25 -26 -27 -28 -29 -30 -31
leaf_value=-0.049110500932231967 -0.048621448124878397 -0.032448949504036532 -0.039443587525724785 0.10878051839504027 -0.073178728251657332 0.36483109332263181 -0.017958065192212068 -0.046449027150271251 -0.06276858974336251 0.36503956096410833 -0.083792342023103247 -0.015192253610667374 0.6133041539825026 0.14270149257775722 0.099393860590402866 0.27518290675964335 0.21518057187641584 0.021322219910627674 0.085466834870509822 0.038421072103496622 0.12010733240297414 -0.056262037100222845 -0.040198613426072775 0.0065854538814164101 0.062568878378614315 0.10238791559523829 0.092004421778177192 -0.020284221545737145 0.052187436226816521 0.011192500083049603
leaf_weight=90.970444655045867 115.84047030098736 144.53963818680495 75.59140105266124 58.018685029819608 56.494752965867519 2.9620202947407988 132.01642900891602 61.574882389046252 325.66262427531183 3.2932052584365001 62.128144944086671 81.971644716337323 1.224411942064761 24.139087652787566 45.151574937626719 1.896187463775276 11.671239783987401 39.578760096803308 40.775997003540397 312.42026120238006 30.226290576159954 47.692062688991427 26.373992446810007 298.6300484649837 167.5336823258549 17.080320676788688 7.7757869912311426 168.43083577044308 38.23565935343504 94.908000145107508
leaf_count=1080 2311 4888 2532 505 1609 27 1470 1350 11227 67 1539 1884 13 244 463 23 123 699 373 3514 242 655 276 3482 1822 164 106 2852 472 904
internal_value=0 -0.00807002 -0.0296023 -0.00654614 0.00546258 0.0241172 0.00919924 0.0149629 -0.0501865 -0.00356264 -0.0280478 -0.0141424 0.217067 0.0188103 0.0245152 0.0210643 0.0158382 0.0654699 0.0165391 0.0446155 0.012745 0.0216247 0.0161145 0.0231227 0.0485911 0.141174 0.173237 -0.0169949 -0.0062911 -0.0183203
internal_weight=0 2028.23 782.756 369.209 1245.48 556.577 1188.98 1044.44 413.547 87.8848 311.19 249.062 12.2934 982.866 850.85 826.711 133.222 51.25 781.559 332.463 740.783 570.456 540.23 492.538 193.908 20.0423 11.069 170.327 224.114 185.878
internal_count=46916 40755 21006 7061 19749 6161 18140 13252 13945 2718 6556 5017 186 11902 10432 10188 2706 822 9725 3705 9352 6477 6235 5580 2098 191 173 2875 2456 1984
is_linear=0
shrinkage=0.1


Tree=31
num_leaves=31
num_cat=0
split_feature=1 9 14 14 38 38 31 25 49 1 38 38 6 21 32 34 9 4 10 1 7 38 38 14 14 9 29 25 2 38
split_gain=41.8125 32.0258 26.704 28.0994 28.8975 27.4751 22.5704 20.0447 17.4207 17.6997 16.8519 26.3684 16.9132 18.263 16.3031 14.7988 14.0833 13.9023 13.3477 12.9422 13.4654 14.0359 12.3557 11.4894 29.7782 15.7272 14.2617 13.7181 15.0976 11.2522
threshold=0.65354177266697455 -1.1070198562567339 0.72289468403678636 0.66992967412597781 26.500000000000004 73.500000000000014 -0.47356644761972472 -0.9444408904638607 11.500000000000002 2.2562619842223239 40.500000000000007 47.500000000000007 -0.095084410146835704 -1.0183064671680391 1.0124979434266019 1.0305391116123008 1.0855718869379301 1.9342711051099197 0.55063056335952953 0.50877946714520739 1.0352968771213227 364.50000000000006 39.500000000000007 0.9339492431873897 0.90948313323039676 0.43064021935960489 -0.20254135897539818 -0.90933206085170404 0.31591550116421002 1399.5000000000002
decision_type=2 2 2 2 2 2 2 2 2 2 2 2 2 2 2 2 2 2 2 2 2 2 2 2 2 2 2 2 2 2
left_child=1 -1 3 4 6 -4 -3 -5 9 18 22 12 -12 -14 -10 16 17 19 -2 -13 -21 -22 -6 24 27 26 -26 28 -7 -17
right_child=8 2 5 7 10 23 -8 -9 14 -11 11 15 13 -15 -16 29 -18 -19 -20 20 21 -23 -24 -25 25 -27 -28 -29 -30 -31
leaf_value=-0.054519530086928447 0.17393532580117535 -0.00096391813641562383 -0.08225401159063174 0.51399121728100572 0.034143179271625627 -0.10449374396193876 -0.062095146957879245 0.083705926316115745 -0.031236048503527215 0.066778027544267593 -0.073553717967651019 0.00032828724458411731 0.58303770798041443 0.030627340675227394 0.031792432461480502 -0.093287989836559559 0.026012687362535619 0.10883474648806653 0.016915686707773225 -0.085127652689468578 -0.10607693995155031 0.35009372546375417 0.17303636117153007 -0.025224376358691531 0.18762941963609162 0.079728992109353525 0.59005848647407488 -0.026436830598877598 0.46069649374242466 0.035613788597681932
leaf_weight=147.76071025244892 5.4668467640876761 115.67791175097227 82.103793596848845 1.1306424811482454 100.84729485865682 0.76582214701921048 126.38203272037208 25.504707213491201 121.48923859838396 87.533611990511417 59.815367242321372 478.28088675998151 0.77126659080386195 2.6714301640167823 61.973876086995006 25.094066116958857 293.41008537635207 11.200220502912996 557.40754189155996 29.298671467229724 1.2155922586098307 1.5153340734541414 6.8391412235796443 167.91377541702241 2.0137420138344173 4.2916530519723892 1.5650359988212574 29.022063421085477 1.2345018284395335 9.2750551700592023
leaf_count=6368 35 1676 3677 34 1348 22 4446 327 2322 1143 1738 8378 16 58 461 846 2125 64 6698 462 32 19 60 3737 36 44 26 513 35 170
internal_value=0 -0.0100019 -0.00583295 0.000326235 -0.00181855 -0.0333112 -0.0328812 0.101971 0.0172696 0.0249461 0.00555134 0.00113638 -0.0611487 0.154384 -0.00994502 0.00577559 0.00848648 -0.00137404 0.0184407 -0.00379289 -0.0653322 0.147043 0.0429643 -0.0138806 0.0350945 0.208816 0.363616 -0.00897882 0.244314 -0.0585018
internal_weight=0 1725.6 1577.84 1288.93 1262.29 288.91 242.06 26.6353 833.871 650.408 1020.23 912.548 63.2581 3.4427 183.463 849.29 814.921 521.511 562.874 510.31 32.0296 2.73093 107.686 206.807 38.8928 7.87043 3.57878 31.0224 2.00032 34.3691
internal_count=46916 36257 29889 21799 21438 8090 6122 361 10659 7876 15316 13908 1812 74 2783 12096 11080 8955 6733 8891 513 51 1408 4413 676 106 62 570 57 1016
is_linear=0
shrinkage=0.1


Tree=32
num_leaves=31
num_cat=0
split_feature=36 12 8 38 10 49 34 12 35 0 40 35 40 6 31 19 19 21 38 31 20 28 4 27 31 14 28 27 35 38
split_gain=38.3706 29.2474 26.9655 25.5415 25.4748 24.7294 23.7593 18.1893 16.9843 20.9721 17.3442 27.8394 24.4293 23.7044 22.8735 18.6905 26.3798 18.4162 17.58 22.7821 19.1418 18.4633 39.3742 33.2931 16.6978 16.0138 24.0796 25.163 15.5241 14.5926
threshold=3.5000000000000004 -0.016980596039866711 -0.66627133502233671 76.500000000000014 1.6483931574598853 10.500000000000002 0.98270983078019891 -0.036450927399908496 4.9936386559525756 -0.60318818021041543 0.33500000000000008 3.0225815593593368 0.24500000000000002 -0.27812286435221101 -0.47356644761972472 -0.6926475156560995 -0.70413072811591404 0.75165210664774318 134.00000000000003 -0.30171466949334369 -0.45836792687283112 0.85686861860078911 -0.48195167534674122 -0.69982479118043617 -0.17316772013722956 -0.58705917482292713 -0.27224518697420069 -0.47823098102879147 -0.002132936127592596 11.500000000000002
decision_type=2 2 2 2 2 2 2 2 2 2 2 2 2 2 2 2 2 2 2 2 2 2 2 2 2 2 2 2 2 2
left_child=2 4 6 29 7 -6 -1 8 10 -10 12 -12 13 -2 15 16 17 -14 19 -15 21 22 23 -20 -23 -17 27 -27 -21 -3
right_child=1 3 -4 -5 5 -7 -8 -9 9 -11 11 -13 14 18 -16 25 -18 -19 20 28 -22 24 -24 -25 -26 26 -28 -29 -30 -31
leaf_value=0.077393515071101884 -0.020357617115370499 -0.0027875396780265723 0.0062277856287024091 -0.010773279392342424 0.055936166064882213 -0.025700619082042034 0.0067245989742615976 0.10171965440168938 0.20117525951128454 0.017389955629276196 -0.061288941060758606 -0.0043798838275040664 0.029815107704964157 0.10483745709425661 -0.016557354141901025 0.036262279155701342 0.54715721815750162 0.40344308670680606 1.294818197910482 0.39290402539769481 0.049134120528987905 0.33280197377667264 0.12723423270847908 0.40120950302268982 -0.10552652531463338 0.76684903355837952 0.019149720558257911 0.19946099871859735 -0.051221492082961617 -0.069117022116425175
leaf_weight=124.00031589716673 463.08501441311091 41.548376084305346 449.1870275400579 326.66515369527042 136.39642339944839 50.972438713535666 77.19008257612586 15.466421112418173 6.5396647937595835 122.78964133188128 155.96392491459846 191.514175478369 5.3783093709498644 14.746176555752752 46.460887948051095 57.345174151472747 1.8293961230665425 1.7479953803122041 0.64337244722992171 0.80417982768267293 27.00102473795414 1.3668968472629788 3.0073909731581789 1.1845588888972995 2.3862997554242611 1.1347120832651856 3.9269824409857383 2.5119769740849733 36.918403433635831 164.43902494572103
leaf_count=1465 7575 1637 3073 7839 1818 653 488 278 42 1809 3614 3419 115 153 1611 1016 39 30 22 32 349 34 88 29 60 15 99 44 1379 8091
internal_value=0 -0.00831693 0.0198551 -0.0281621 -0.000493372 0.0337274 0.0502802 -0.00600306 -0.00745399 0.0266832 -0.0117868 -0.0299232 -0.00240151 -0.0113141 0.0384187 0.072994 0.208419 0.121461 0.0362443 -0.000554588 0.0904959 0.220531 0.349708 0.715731 0.0541107 0.0543118 0.190977 0.376011 -0.0417535 -0.0557381
internal_weight=0 1883.77 650.377 532.653 1351.12 187.369 201.19 1163.75 1148.29 129.329 1018.96 347.478 671.479 551.143 120.335 73.8745 8.9557 7.1263 88.0583 52.4688 35.5895 8.58852 4.83532 1.82793 3.7532 64.9188 7.57367 3.64669 37.7226 205.987
internal_count=46916 41890 5026 17567 24323 2471 1953 21852 21574 1851 19723 7033 12690 9721 2969 1358 184 145 2146 1564 582 233 139 51 94 1174 158 59 1411 9728
is_linear=0
shrinkage=0.1


Tree=33
num_leaves=31
num_cat=0
split_feature=9 14 14 6 10 35 29 14 38 38 34 34 14 38 14 38 34 19 5 29 34 0 38 38 19 38 38 38 25 6
split_gain=32.9317 29.4292 30.2765 27.3435 25.179 24.5083 20.765 20.5654 52.9801 40.2452 17.387 17.1879 16.3397 21.9427 20.1498 19.5977 26.0711 17.8504 19.9506 28.2393 16.1619 14.923 14.5168 49.5625 14.2709 14.211 20.9549 20.6558 18.695 14.5827
threshold=1.352687448232494 -0.31013954138374766 -0.28474905080955121 -0.39239838326859328 1.6483931574598853 4.995472352605244 0.19471789939279396 -0.10329683000817076 89.500000000000014 76.500000000000014 0.99471371500343764 1.015366844137757 0.97902245748401107 835.00000000000011 0.90948313323039676 251.50000000000003 0.99673416287821792 -0.6623960880988119 -0.084294220412140533 -0.22611329539479699 0.98270983078019891 -0.60108798448926393 11.500000000000002 9.5000000000000018 0.16427295129603808 432.50000000000006 364.50000000000006 304.50000000000006 -0.50584305416047626 -0.16911490341866295
decision_type=2 2 2 2 2 2 2 2 2 2 2 2 2 2 2 2 2 2 2 2 2 2 2 2 2 2 2 2 2 2
left_child=1 3 -3 4 5 -1 -2 8 -4 22 -6 12 13 14 15 -11 25 -18 -19 -20 -7 -22 23 -9 -16 26 27 28 -17 -30
right_child=6 2 7 -5 10 20 -8 9 -10 11 -12 -13 -14 -15 24 16 17 18 19 -21 21 -23 -24 -25 -26 -27 -28 -29 29 -31
leaf_value=-0.0097318659329996317 0.01002898878439272 -0.082792176887739488 0.081522678918641442 0.11901408126180416 0.06085969307115751 0.095591162176070221 0.056426311656679377 -0.047644779203547941 -0.044020527809263688 -0.0053902974906246681 -0.01349694624436641 -0.087323700420507841 -0.028389131578375606 -0.028637534175290809 0.077061333111893102 0.29836127798075601 -0.03389605588469459 0.11945846384015096 0.61329296370832009 0.062854271692236577 0.30137673557542355 -0.024413828315494514 -0.062467371873972111 0.18403171394415219 0.34159486963124747 -0.041138262014495691 0.18676270912173354 -0.071548072039705105 0.27122856866426298 -0.013922734990433444
leaf_weight=742.34676165133715 437.3644904056564 70.470717084594071 70.071631738916039 20.568271498195827 109.79037000983953 38.562427498400211 123.75345291756094 55.977005097083747 64.60786425229162 108.65540091786534 44.070601565763354 22.874202677980065 128.70303503144532 87.086365619674325 5.1856348896399123 3.4647458791732797 6.5655184332281342 30.879127208143473 2.0532175414264207 1.7068623397499312 1.4902096614241624 24.876170547679067 224.12873023562133 11.058131891302763 3.3611710499972105 26.28001556918025 9.1132192444056255 14.680548930540679 2.1718937866389743 10.292253326624632
leaf_count=12038 3188 2258 739 313 1589 226 1235 2391 1194 2471 517 853 3786 1290 104 42 125 509 37 27 10 344 10606 164 46 379 117 201 18 99
internal_value=0 -0.00724363 -0.0196991 0.00492867 0.00248725 -0.00457886 0.0202618 -0.0146972 0.0212976 -0.0211246 0.0395616 -0.00280795 0.00158377 0.0139679 0.0305017 0.0245392 0.054873 0.117286 0.145941 0.363425 0.0543367 -0.00600037 -0.0502559 -0.00942737 0.181093 0.0159094 0.0536513 0.0140207 0.0928834 0.0357652
internal_weight=0 1941.09 959.387 981.705 961.137 807.276 561.118 888.917 134.679 754.237 153.861 463.073 440.199 311.496 224.41 215.863 107.207 41.2047 34.6392 3.76008 64.9288 26.3664 291.164 67.0351 8.54681 66.0027 39.7227 30.6094 15.9289 12.4641
internal_count=46916 42493 27456 15037 14724 12618 4423 25198 1933 23265 2106 10104 9251 5465 4175 4025 1554 698 573 64 580 354 13161 2555 150 856 477 360 159 117
is_linear=0
shrinkage=0.1


Tree=34
num_leaves=31
num_cat=0
split_feature=25 49 35 40 49 4 40 40 40 25 32 22 10 14 33 34 13 40 14 16 2 2 20 5 2 30 42 34 35 0
split_gain=31.1212 25 23.9602 44.3999 42.4913 18.1485 17.1711 17.1653 31.2636 22.4284 19.9085 17.5758 16.5128 15.6658 15.5435 15.0817 13.0917 11.2325 22.658 13.5179 13.3563 15.3238 12.2968 11.8495 11.6824 16.3434 17.0603 12.5987 10.8037 11.6578
threshold=-0.25674818549101203 12.500000000000002 3.0225815593593368 0.43500000000000005 12.500000000000002 2.4821516353915194 0.33500000000000008 0.045000000000000005 0.13500000000000004 -0.081167553336423934 -0.51248754142225483 -0.42066072217788458 1.6483931574598853 -0.57060322496973404 -0.53747979666664636 2.9821287439571158 -0.78372967948563532 0.23500000000000001 -0.52295634316135231 -0.017409693858874292 -0.32861526960995846 -0.37913027527371884 -0.26751112511907865 0.33885976435566773 0.384784992026386 -0.080447279492250778 0.84375000000000011 1.004062055407553 4.9906416081002396 -0.60108798448926393
decision_type=2 2 2 2 2 2 2 2 2 2 2 2 2 2 2 2 2 2 2 2 2 2 2 2 2 2 2 2 2 2
left_child=1 12 4 -4 5 6 7 10 9 -9 11 -2 28 14 -5 -6 -8 24 19 20 21 23 -22 -19 -10 -26 27 -27 -1 -30
right_child=2 -3 3 13 15 -7 16 8 17 -11 -12 -13 -14 -15 -16 -17 -18 18 -20 -21 22 -23 -24 -25 25 26 -28 -29 29 -31
leaf_value=-0.021322560036175858 0.44221485306210345 -0.062141818718059232 0.090128339035923377 0.16225421921092908 -0.063015589931516999 0.058618557977131149 0.29966377265519845 -0.041454535640222279 -0.021847191221658201 0.060341740281732205 -0.02186388986279654 0.044245439708150439 0.035565569336298744 -0.0023029055277237627 0.029143341447278072 0.15505112228873608 -0.042890867611054116 0.17785408293675886 -0.0084727723441573935 0.26134337010558462 0.12876163118868178 0.29280305587983779 -0.029842021569754892 0.046129326014675461 0.0054819653650557427 -0.02375413921478748 0.37545124734939866 0.26112974605429623 0.19673218226186165 0.015789732898295768
leaf_weight=442.64989798609167 1.6940931715071199 114.66054841317236 84.377866880036891 9.3670712709426862 120.81331285927445 58.357946516945958 1.1288719791918982 24.819980925880373 250.03867134451866 169.13831970654428 240.10248217452317 3.2171320766210547 67.422468336299062 295.55597800482064 138.19551653973758 3.2570632416754952 95.435386814177036 7.9940726999193421 133.46149350237101 3.0864570252597323 5.9425609651952973 3.1303401924669734 27.556455075740814 46.861534589901567 84.120831343345344 4.8993716035038215 2.3808639384806156 2.2723276698961854 4.1052631288766888 26.843165652826428
leaf_count=13663 16 5758 824 129 2740 686 22 569 3388 2088 2547 42 931 5055 1282 36 1672 106 2683 36 78 25 261 526 1123 70 23 23 24 490
internal_value=0 -0.0197264 0.00568812 0.0236429 -0.00165545 0.00426638 0.00140182 0.00525096 0.0126228 0.0473153 -0.0177871 0.181522 -0.0107372 0.0109828 0.037593 -0.057291 -0.0388863 0.000853715 0.0180619 0.0555083 0.048564 0.0776057 -0.00170651 0.0653255 -0.0105629 0.0195577 0.14351 0.0665103 -0.0173289 0.0397915
internal_weight=0 655.681 1817.21 527.496 1289.71 1165.64 1107.28 1010.72 765.703 193.958 245.014 4.91123 541.021 443.119 147.563 124.07 96.5643 571.745 228.033 94.5714 91.485 57.9859 33.499 54.8556 343.712 93.6734 9.55256 7.1717 473.598 30.9484
internal_count=46916 20866 26050 7290 18760 15984 15298 13604 10999 2657 2605 58 15108 6466 1411 2776 1694 8342 3715 1032 996 657 339 632 4627 1239 116 93 14177 514
is_linear=0
shrinkage=0.1


Tree=35
num_leaves=31
num_cat=0
split_feature=6 38 38 38 14 46 9 6 14 14 14 38 23 22 6 46 46 31 38 38 38 38 49 38 14 31 49 38 4 6
split_gain=28.3668 37.1702 45.41 41.4039 27.4573 25.0627 19.2268 17.2758 16.6286 16.5027 28.4538 17.9073 15.3966 14.9713 14.8109 14.2652 14.0037 13.9216 13.8575 24.2285 21.4444 15.5042 16.4108 14.5346 15.2264 43.0153 15.6879 14.036 13.4814 13.3343
threshold=-0.76514077609537645 32.500000000000007 40.500000000000007 76.500000000000014 -1.507797691239684 17.000000000000004 -0.92242457797955535 -0.91093414180513965 1.6255763321017469 -0.87920308913557599 -0.81032666580434165 86.500000000000014 1.8377585326872719 -0.50207329318429672 -0.69741298351917902 32.500000000000007 3.5000000000000004 -1.0235182417033022 156.50000000000003 157.50000000000003 179.50000000000003 183.50000000000003 3.5000000000000004 146.50000000000003 0.96591211292666868 0.72139417917274151 10.500000000000002 835.00000000000011 -0.427090070839516 -0.78137799809396824
decision_type=2 2 2 2 2 2 2 2 2 2 2 2 2 2 2 2 2 2 2 2 2 2 2 2 2 2 2 2 2 2
left_child=4 -2 16 13 -1 6 -5 -6 9 14 -11 -12 18 -4 -8 -7 -3 -9 23 -20 -21 -22 -23 24 25 -13 -27 -24 -14 -19
right_child=1 2 3 5 7 15 8 17 -10 10 11 12 28 -15 -16 -17 -18 29 19 20 21 22 27 -25 -26 26 -28 -29 -30 -31
leaf_value=-0.008615137072250395 -0.036448963009741729 0.045156147023124184 -0.0016548618366777779 -0.028747189090912173 0.13461146217608888 -0.079004850011007155 0.0043174114442705329 0.24952588443877494 -0.041036070786098666 0.11771755152226543 0.076311676857614752 0.0014854881756236195 0.30752755088815914 -0.052805766786921365 -0.069325899299093663 0.17826476985195563 0.13521212065267649 0.021787994250866118 0.10574908858108967 -0.055082064933082375 0.12090441226278395 -0.0073816556644851518 0.048701435613643151 -0.073009295213346467 -0.075124339967753029 0.16454288913606185 0.53827862792343839 0.0023427024389053902 0.058613271160364057 0.083069516309225766
leaf_weight=210.67565542832017 343.91973772458732 57.316401378251612 79.462649003602564 133.55001815687865 17.44737864844501 45.677554082125425 86.295402647927403 2.9214962236583224 56.663160500116646 28.66011843457818 46.870931640267372 101.2743555791676 2.308946017175912 204.43003164138645 39.953596191480756 2.2619985751807681 24.711707561276853 259.48809666186571 29.025256268680096 43.818209508433938 14.205090207979081 194.24325201660395 167.29288560524583 35.40838788356632 22.627372215501964 2.8801495824009171 1.8411070574074981 107.13486193865538 37.754925375804305 41.135591136291623
leaf_count=2456 11547 545 1280 4886 164 1589 976 26 1350 301 463 1504 31 7355 491 20 284 3171 242 639 123 2163 1945 659 655 28 27 1310 342 344
internal_value=0 -0.00668102 -0.000142096 -0.00414655 0.0194359 0.00397967 0.00692834 0.0378465 0.0116074 0.0147095 0.0198023 0.0163236 0.0126231 -0.0384884 -0.0189882 -0.0668657 0.0722863 0.0322846 0.00926456 0.0168031 0.0119014 0.0179798 0.0148602 -0.0162751 -0.000656864 0.0152401 0.310285 0.0306033 0.0729586 0.0301734
internal_weight=0 1909.59 1565.67 1483.64 531.668 1199.75 1151.81 320.993 1018.26 961.595 835.346 806.686 759.815 283.893 126.249 47.9396 82.0281 303.545 719.751 555.72 526.694 482.876 468.671 164.031 128.623 105.996 4.72126 274.428 40.0639 300.624
internal_count=46916 40755 29208 28379 6161 19744 18135 3705 13249 11899 10432 10131 9668 8635 1467 1609 829 3541 9295 6422 6180 5541 5418 2873 2214 1559 55 3255 373 3515
is_linear=0
shrinkage=0.1


Tree=36
num_leaves=31
num_cat=0
split_feature=34 10 9 35 40 40 34 14 3 38 38 38 38 49 35 20 7 20 19 21 32 9 29 7 38 6 7 14 6 19
split_gain=24.6481 24.5941 23.346 17.7352 36.482 35.0297 17.4051 17.3678 14.3148 12.6761 15.9387 13.973 33.5876 14.3418 24.9705 18.7967 18.7704 12.6912 14.281 26.8642 14.6092 12.67 12.1309 16.134 11.9709 11.6082 16.1045 12.4151 17.2134 12.5638
threshold=1.0117460750038794 1.5552819910174021 -0.26380766441499853 3.0225815593593368 0.34500000000000003 0.43500000000000005 0.0082734423660755455 1.4196903376414471 -0.8271032369468504 156.50000000000003 157.50000000000003 168.50000000000003 169.50000000000003 10.500000000000002 1.0029449620188646 -0.53159900879428013 0.50326109157430832 -0.21712270354876148 -0.71426770568625264 -0.044128163998820157 -0.17964605928684979 2.6694556369198881 -0.52559484133172829 1.0426072398098831 146.50000000000003 -1.1443219107003644 -1.2584993330081187 -1.507797691239684 -0.90429197992479882 -0.087115124622631837
decision_type=2 2 2 2 2 2 2 2 2 2 2 2 2 2 2 2 2 2 2 2 2 2 2 2 2 2 2 2 2 2
left_child=1 2 -1 4 7 -5 -3 9 -6 24 -11 -12 -13 25 15 -15 -17 18 -16 20 -20 -2 23 -18 -4 26 -14 -27 29 -29
right_child=21 6 3 5 8 -7 -8 -9 -10 10 11 12 13 14 17 16 22 -19 19 -21 -22 -23 -24 -25 -26 27 -28 28 -30 -31
leaf_value=-0.024227943214094966 -0.054258438309516183 0.050949234392508119 -0.0039640445094941187 0.091479204790961832 0.33013460587377486 0.008734308452685224 0.00037593197160433369 -0.057053747940440352 -0.078541645677081107 0.10832209474938614 -0.062321909367869834 0.19372390883020707 -0.078386539178009876 0.4630674745162433 -0.057414083543087427 0.034580883811865214 0.46151316271974613 -0.021760193740101245 0.15858073419363761 -0.046769503626670407 0.55244975488905224 0.27956823997098396 0.08023493366844843 0.16549244797871626 -0.076793646696058315 -0.057497171039435961 0.13027988020510958 0.061153865812677823 -0.001120257140681912 0.30583099549528653
leaf_weight=403.69357717037201 96.008236104622483 157.21485312283039 540.0161730190739 58.532919650897384 0.86773017607629199 406.33260618895292 119.98818713985384 50.011349796317518 69.884293958544731 17.619122508913279 24.351546121761203 10.325906258076428 4.98711630702019 1.3566538151353587 3.6603547241538763 28.593595039099455 2.4753523785620946 48.990552974864841 1.8145708870142701 2.7784265056252462 1.9577498156577346 1.1505534499883641 9.0552602615207416 7.1868226639926434 23.553374496288598 37.540720712393522 14.315815329551695 7.4267531894147396 268.3246533498168 2.9252194166183454
leaf_count=15747 3005 2404 9573 634 18 6074 1048 1249 2156 123 305 85 42 17 54 284 25 406 32 43 32 6 72 63 353 332 82 56 2569 27
internal_value=0 0.00110352 -0.00267919 0.00260938 -0.00390794 0.019153 0.0290584 0.000532704 -0.0735295 0.00325157 0.014916 0.0114735 0.0154342 0.0112821 0.0430011 0.0960665 0.0855427 -0.000622129 0.100794 0.189195 0.36299 -0.0503053 0.163394 0.24133 -0.00700783 0.00108446 0.0763687 -0.00351113 0.00376137 0.130294
internal_weight=0 2325.78 2048.58 1644.88 1180.02 464.866 277.203 1109.27 70.752 1059.26 495.686 478.067 453.716 443.39 107.869 48.6677 47.311 59.2017 10.2111 6.55075 3.77232 97.1588 18.7174 9.66218 563.57 335.52 19.3029 316.217 278.677 10.352
internal_count=46916 43905 40453 24706 17998 6708 3452 15824 2174 14575 4649 4526 4221 4136 1028 461 444 567 161 107 64 3011 160 88 9926 3108 124 2984 2652 83
is_linear=0
shrinkage=0.1


Tree=37
num_leaves=31
num_cat=0
split_feature=14 38 38 38 14 46 25 30 14 14 14 18 38 38 0 22 4 20 46 28 23 9 29 9 24 1 38 38 14 6
split_gain=23.0057 30.6136 36.5517 34.6506 20.9281 19.2931 13.7832 12.8456 12.7914 13.9365 20.4867 16.5403 14.5685 13.6022 13.4619 12.658 13.0137 18.2416 12.0133 11.8573 11.8077 12.9722 11.8055 15.2723 11.7492 11.6067 11.6723 26.2944 15.5737 31.5793
threshold=-1.0994183075655302 32.500000000000007 40.500000000000007 76.500000000000014 -1.507797691239684 17.000000000000004 -1.0433436782909564 -0.061691519341644151 1.6255763321017469 -0.87920308913557599 -0.79724185153239568 -1.0226215464087951 86.500000000000014 90.500000000000014 -0.41434726261755706 -0.50207329318429672 -0.087971636469420994 2.2946395823226617 32.500000000000007 0.16091026002421152 1.8377585326872719 2.0960603886239708 -0.2499960571433518 1.0428275902876012 -0.23675939572765695 3.3458854348311831 29.500000000000004 28.500000000000004 0.65193238404405485 0.38552475689601945
decision_type=2 2 2 2 2 2 2 2 2 2 2 2 2 2 2 2 2 2 2 2 2 2 2 2 2 2 2 2 2 2
left_child=4 25 -3 15 22 6 -5 -6 9 11 19 14 24 -14 -8 16 17 -4 -7 -11 -15 -22 -1 -24 -12 26 27 28 -2 -30
right_child=1 2 3 5 7 18 8 -9 -10 10 12 -13 13 20 -16 -17 -18 -19 -20 -21 21 -23 23 -25 -26 -27 -28 -29 29 -31
leaf_value=-0.042039572607649706 -0.040064328710482162 0.064488717318184272 0.51070188427274454 -0.038963378299244511 0.035505363928682178 -0.074965164786833571 0.51281877779866059 -0.16537613878346727 -0.036200063670336263 0.07116235393611367 0.055543991659353947 -0.024214729380880776 -0.071675096812252218 0.0089700728848193783 0.067845730442763139 -0.049748019621055177 -0.008458140438160457 -0.12225342160089617 0.15381058361362562 0.25319286541881575 0.083424273023297552 -0.11109042741037381 -0.0080298488361131345 0.072893348602793298 0.30069510963194684 -0.42739039567920872 -0.099503192855826428 0.21155226615514869 0.14111840509824952 -0.040873343481858011
leaf_weight=66.449403485283256 261.23175892792642 82.735134580172598 1.1351623227819789 64.176964125595987 317.97179216518998 40.719264484941959 0.99048036150634322 3.2154566794633856 59.792056242004037 27.880330182611946 47.463845355436206 130.18462518509477 20.008804736658931 738.59998266398907 2.1681733997538677 193.65581417921931 75.926939896307886 0.76026888191699971 2.4324248097836962 4.1054109064862123 35.994893629103899 3.7894764877855769 109.58904731087387 29.626356644555926 2.0389612372964612 0.74702670425176521 24.28974172193557 4.5336525402963153 15.107234333641825 25.847383416257799
leaf_count=821 8591 829 45 2533 3666 1589 20 39 1661 314 509 1634 417 10571 37 7352 1224 7 20 44 351 28 1319 316 21 11 1404 55 185 1303
internal_value=0 -0.0061171 -0.000162087 -0.00384634 0.0175458 0.00356268 0.00605314 0.0334943 0.00874556 0.0113979 0.0159635 -0.0187287 0.0129998 0.00973585 0.207379 -0.0360597 -0.00199707 0.25682 -0.0620693 0.0945262 0.0118286 0.0648967 -0.00736112 0.00919137 0.0656415 -0.0336623 -0.0327738 -0.0274893 -0.0310756 0.0262593
internal_weight=0 1866.32 1534.56 1451.82 526.852 1180.35 1137.19 321.187 1073.02 1013.22 879.882 133.343 847.896 798.393 3.15865 271.478 77.8224 1.89543 43.1517 31.9857 778.384 39.7844 205.665 139.215 49.5028 331.757 331.01 306.72 302.186 40.9546
internal_count=46916 40755 29206 28377 6161 19749 18140 3705 15607 13946 12255 1691 11897 11367 57 8628 1276 52 1609 358 10950 379 2456 1635 530 11549 11538 10134 10079 1488
is_linear=0
shrinkage=0.1


Tree=38
num_leaves=31
num_cat=0
split_feature=9 46 29 22 9 31 38 0 35 0 10 29 6 38 25 34 29 19 10 1 34 12 38 49 23 26 28 32 15 15
split_gain=21.2009 18.4117 17.7018 13.1408 13.1416 12.3768 12.5515 12.9683 12.2905 14.8597 12.9286 12.1653 11.7052 11.1367 11.1059 10.9458 11.3067 10.6645 10.5241 10.5489 10.4348 14.3466 9.2443 19.5456 8.02971 8.24349 10.0038 7.99167 7.91389 8.91453
threshold=1.4973996768058531 17.000000000000004 0.27176413327130683 -0.49051068363187544 -0.92242457797955535 -0.81808768867686543 59.500000000000007 -0.77772671722683129 4.0099398674095008 -0.60108798448926393 1.5552819910174021 -0.81702555127017507 -0.11361271675088158 53.500000000000007 0.62669419340960475 0.0088741466255125873 2.8977927426119892 -0.78113014600094 0.88219689123244638 0.9695638739257072 2.9821287439571158 -0.24646495553157935 3173.5000000000005 10.500000000000002 -2.5310854726807284 -0.75876316114218179 -0.6095564982538253 -0.48603670327184773 0.30287593377555938 0.18989806815862167
decision_type=2 2 2 2 2 2 2 2 2 2 2 2 2 2 2 2 2 2 2 2 2 2 2 2 2 2 2 2 2 2
left_child=1 2 3 18 22 -2 7 -7 10 -10 14 17 15 -9 24 -11 -17 -6 19 -1 -3 -22 -5 -24 -4 -26 -27 -14 29 -13
right_child=5 20 8 4 11 6 -8 13 9 12 -12 28 27 -15 -16 16 -18 -19 -20 -21 21 -23 23 -25 25 26 -28 -29 -30 -31
leaf_value=0.044942873493345165 0.066956262149263868 -0.074156890107436743 0.075034454779251511 -0.043729154572641663 -0.091233848201483281 0.069198406862807121 0.024657016334507023 -0.023806519854409236 0.1960042254064234 0.10663698675658295 0.051185961607220137 -0.0090826083370741245 -0.11261500239588595 -0.21553927668099418 0.023448584967741142 -0.04631030909201593 0.21059695711964901 0.1943055820232214 0.0019835271134214152 0.24344104015794255 0.25032533001538193 -0.11516251863514917 -0.040267457805804138 0.58829401285932525 -0.040984623355867965 0.18142814044549749 -0.00604682505227086 0.016643462513283521 -0.030844771398171385 0.047544932678683656
leaf_weight=17.568607025779787 48.453282276168466 51.85198463127017 10.214353550225495 168.31185867357999 1.7536905501037834 15.261192072182892 270.50232900865376 86.871797441504896 6.4174265451729289 26.558770536445081 55.602962415665388 602.70736468583345 6.5604903874918845 3.1389245875179759 132.37941183056682 10.840859783813356 2.0346106309443703 5.1467900127172461 373.07542481552809 3.158639693632721 2.4057449661195278 1.940134048461913 1.5629127789288753 0.72383099328726519 84.550499661825597 2.8943444229662409 171.4461017055437 17.656317473389208 168.79438196495175 29.144148509018123
leaf_count=301 482 2291 177 8507 34 122 2056 785 66 254 790 12595 264 29 1888 136 20 97 5249 25 24 33 45 33 1818 25 4067 366 3745 592
internal_value=0 -0.00527219 -0.00360293 -0.00958752 -0.0157974 0.0193891 0.0132557 -0.0160406 0.0119723 0.0509713 0.00599397 -0.0104698 0.0363488 -0.0304928 -0.00026482 0.0699541 -0.00571325 0.121738 0.00583676 0.0751921 -0.0616819 0.0871603 -0.0410158 0.158693 -0.01193 -0.0153611 -0.00293443 -0.0183735 -0.0116093 -0.00647066
internal_weight=0 1955.3 1899.1 1371.95 978.145 424.228 375.774 105.272 527.156 70.0685 457.088 807.546 63.651 90.0107 401.485 39.4342 12.8755 6.90048 393.803 20.7272 56.1979 4.34588 170.599 2.28674 269.105 258.891 174.34 24.2168 800.646 631.852
internal_count=46916 43442 41094 31223 25648 3474 2992 936 9871 1106 8765 17063 1040 814 7975 410 156 131 5575 326 2348 57 8585 78 6087 5910 4092 630 16932 13187
is_linear=0
shrinkage=0.1


Tree=39
num_leaves=31
num_cat=0
split_feature=6 14 38 38 14 6 38 20 49 35 46 26 25 49 12 40 14 15 32 38 38 38 1 32 38 12 10 38 0 35
split_gain=18.7364 32.1151 26.9441 23.4425 16.093 20.5014 17.5133 16.4705 16.1721 16.4212 15.8629 14.613 20.5701 12.7504 13.5169 12.4039 13.4867 11.5545 11.5372 10.7474 10.3555 10.6999 10.2808 10.1438 9.88698 9.87713 9.31152 11.0178 9.23188 28.9884
threshold=0.38552475689601945 0.66992967412597781 73.500000000000014 21.500000000000004 0.58432029375154493 0.21934890415531688 1354.0000000000002 2.6056853078162283 12.500000000000002 3.9829812312414954 30.500000000000004 -0.81165376232227993 -0.97394096836048649 14.500000000000002 0.66612791390229509 0.53500000000000014 -0.30594559318266507 -0.48824065234739705 2.8893115115248542 264.50000000000006 43.500000000000007 60.500000000000007 0.35285791081930978 -1.2627065247557456 14.500000000000002 -0.44633243139791184 1.5552819910174021 1007.5000000000001 -0.75316452202125406 4.999625008347782
decision_type=2 2 2 2 2 2 2 2 2 2 2 2 2 2 2 2 2 2 2 2 2 2 2 2 2 2 2 2 2 2
left_child=1 3 -2 24 5 7 13 8 15 10 18 -3 17 14 -7 26 -17 -13 -10 -15 -11 -22 -4 -24 -1 -18 -5 -28 29 -23
right_child=2 11 22 4 -6 6 -8 -9 9 20 -12 12 -14 19 -16 16 25 -19 -20 -21 21 28 23 -25 -26 -27 27 -29 -30 -31
leaf_value=-0.024730437851484002 -0.068783418615089617 -0.026386916447129535 -0.016651804167059709 0.0009753021061775258 -0.050770225527338092 0.080906038530896326 -0.046301529961850274 0.041751443735797471 -0.067799285526042516 0.12496335572936901 0.1699703381047343 0.17947274941058544 0.10828721330129792 0.59343183733956206 0.40669149991967218 0.087394616873823092 -0.067588597902854472 0.63493743722487428 0.37861750336955213 0.1625914816020286 -0.08966744568947059 0.0058451815492046554 0.32310679475233345 0.024891135644901335 -0.10199357653846364 0.035686523520502215 0.038888780988591415 -0.05667608161770088 -0.01034265848797886 0.30486332959578966
leaf_weight=170.94679403398186 91.654403084889054 7.075571831315755 196.84088038001209 1149.3641279665753 50.659251532517374 24.256771577522166 8.3592755151912552 112.77086467668414 83.416648453101516 6.2105603301897636 2.9827498877421013 1.0320759154856207 23.549133248627186 0.98194595426320974 1.3441113391891111 38.201636981219053 12.802398424595593 1.209980728104713 0.58296933770179649 1.4109068494290111 14.050590260885654 17.065875750035051 1.1632446944713581 58.638713425956666 18.339022945612669 33.473945900797844 117.74163558706641 13.441405303776262 97.556794146075845 4.0025014430284491
leaf_count=5175 5238 83 5022 17752 1543 378 103 1087 2954 96 27 19 269 26 26 270 150 22 3 20 562 346 33 724 923 424 1646 177 1796 22
internal_value=0 0.00287883 -0.0222414 0.0012514 0.00478913 0.0064067 0.0807149 0.0048211 0.00220328 -0.0225826 -0.0566539 0.100918 0.135843 0.118644 0.0980106 0.00630456 0.0434183 0.425275 -0.0647011 0.339394 -0.0012443 -0.00715208 -0.00561995 0.0306919 -0.0322161 0.00711535 0.00385616 0.0290969 0.00262147 0.0626517
internal_weight=0 2012.83 348.297 1979.96 1790.68 1740.02 36.353 1703.66 1590.89 225.869 86.9824 32.8668 25.7912 27.9937 25.6009 1365.03 84.478 2.24206 83.9996 2.39285 138.886 132.676 256.643 59.802 189.286 46.2763 1280.55 131.183 118.625 21.0684
internal_count=46916 35899 11017 35506 29408 27865 553 27312 26225 5806 2984 393 310 450 404 20419 844 41 2957 46 2822 2726 5779 757 6098 574 19575 1823 2164 368
is_linear=0
shrinkage=0.1


Tree=40
num_leaves=31
num_cat=0
split_feature=29 9 25 34 49 28 40 40 8 5 28 32 34 9 19 33 2 25 20 28 9 25 40 2 0 0 4 10 21 21
split_gain=17.47 15.7977 15.0247 16.7585 13.3778 13.9419 17.2158 20.4815 12.5748 11.3338 11.2222 10.5805 10.4998 10.4806 10.3824 19.5699 9.99504 9.5273 9.42395 9.10614 10.5725 12.6011 9.00763 8.72754 10.1265 9.35308 8.5916 10.7607 10.1474 16.7093
threshold=0.27176413327130683 1.3691094763137175 -0.17381710645886897 0.01196848674050408 21.500000000000004 -0.49772588386028199 0.045000000000000005 0.13500000000000004 2.3260460664698517 -0.29130230916393901 4.2216666320579108 0.3596863985572501 0.99767473177052912 1.0005500805993564 -0.47098903256020858 2.1556338061944795 -0.93164319015048835 2.1900440325832595 0.36279374285405114 1.1231445970476568 -1.050760738356004 -0.031963164845555454 0.22500000000000003 -0.40485090950774755 0.90813290138608849 0.9000657378386846 2.3449141299522052 -0.4240539323484524 -1.2516311837347798 -1.2888479407863629
decision_type=2 2 2 2 2 2 2 2 2 2 2 2 2 2 2 2 2 2 2 2 2 2 2 2 2 2 2 2 2 2
left_child=2 9 3 -1 5 6 14 -8 19 10 -2 13 -3 -10 15 -4 -5 23 -16 20 21 -7 -6 25 -25 -9 27 28 29 -22
right_child=1 12 4 16 22 8 7 17 11 -11 -12 -13 -14 -15 18 -17 -18 -19 -20 -21 26 -23 -24 24 -26 -27 -28 -29 -30 -31
leaf_value=-0.0050592406428353028 -0.023953093557769495 0.07373132772192216 0.11970950171479788 -0.60091323703651001 0.18682140772262537 0.61658283748062948 0.077749927055990417 0.041466278846836041 0.031848900730290911 0.014363016374261579 0.32390617833745911 -0.045669930684741761 0.007958031240026248 0.14543436786362232 0.16297147639062537 -0.090943500192462584 -0.040957344380864465 -0.12780083087565861 -0.049651238239858168 -0.062255091146833669 0.0111015823868929 0.060823395863455677 -0.091098936488817839 0.0097435740084031858 -0.17232719362043944 0.26716345968128824 0.080026743611213827 -0.023258720596363604 -0.0020007648924204743 0.20306219744033541
leaf_weight=297.9014635393396 114.81379882385954 65.028236908838153 11.765088143758478 0.31924824509769578 1.2332261390984083 0.57559638004750024 59.751646696589887 67.132490443065763 27.327153595164418 402.5832963809371 0.93495684675872226 10.949186913669108 38.723784807138145 11.559780377894638 2.1515298411250106 7.0545506533235303 212.59307166980579 4.6660074200481167 66.966938888654113 32.841785327531397 14.935497384984048 1.4009482404217111 21.454113657586277 249.50170824956149 3.092642579227685 1.8877571634948243 10.663369469344614 320.03087614057586 278.60967568773776 6.5115165961906305
leaf_count=7219 3582 854 96 8 11 22 594 784 695 6609 38 101 280 98 38 73 10722 33 643 895 289 49 642 2645 39 21 114 4953 4679 90
internal_value=0 0.0135637 -0.00598696 -0.0203719 7.54435e-05 0.00152643 0.0148279 0.0239243 -0.00728609 0.00643411 -0.0211433 0.0411645 0.0491825 0.065614 -0.0251032 0.0407461 -0.041797 0.0140672 -0.0430327 -0.010914 -0.00824908 0.222668 -0.0759919 0.0161254 0.00751439 0.0476393 -0.0089727 -0.0105032 0.00310147 0.0693826
internal_weight=0 622.084 1722.88 510.814 1212.06 1189.38 473.97 386.032 715.405 518.332 115.749 49.8361 103.752 38.8869 87.9381 18.8196 212.912 326.281 69.1185 665.569 632.727 1.97654 22.6873 321.615 252.594 69.0202 630.751 620.088 300.057 21.447
internal_count=46916 11363 35553 17949 17604 16951 4966 4116 11985 10229 3620 894 1134 793 850 169 10730 3522 681 11091 10196 71 653 3489 2684 805 10125 10011 5058 379
is_linear=0
shrinkage=0.1


Tree=41
num_leaves=31
num_cat=0
split_feature=40 40 40 49 31 5 22 38 0 35 25 14 38 38 34 35 46 28 7 0 28 35 14 24 5 7 22 10 49 10
split_gain=15.7229 60.8466 40.2232 15.1386 14.2374 22.4399 15.4367 13.7284 13.2255 49.914 15.3289 12.9953 11.8439 11.5268 9.97722 9.90658 9.88361 12.3071 16.5964 9.80469 9.7474 10.5574 11.0938 11.0595 9.69933 11.8275 9.56223 18.7563 13.398 9.92731
threshold=0.38000000000000006 0.34500000000000003 0.43500000000000005 12.500000000000002 1.0557799346198959 -1.0538388345747538 -0.038748488453946163 821.50000000000011 -0.59648908911945808 4.9821933372715934 -1.0433436782909564 -0.30594559318266507 3336.5000000000005 20.500000000000004 -0.014822557519208364 1.9999481521674403 1.5000000000000002 0.32459644143281791 -0.57547930012913928 -0.5674704759267768 1.0690728134475576 3.9883192444734608 -0.25981980367002372 -0.24716834115702555 -0.76636539044212937 1.784658235985892 -0.54470189973136984 1.1970077823401932 2.5000000000000004 1.750048927949613
decision_type=2 2 2 2 2 2 2 2 2 2 2 2 2 2 2 2 2 2 2 2 2 2 2 2 2 2 2 2 2 2
left_child=1 3 -2 4 5 6 -1 -5 9 -4 -11 -10 16 14 -7 -16 17 18 -6 24 21 23 -23 -21 -13 -26 27 -15 29 -29
right_child=2 -3 8 7 12 13 -8 -9 11 10 -12 19 -14 26 15 -17 -18 -19 -20 20 -22 22 -24 -25 25 -27 -28 28 -30 -31
leaf_value=0.57251911169240344 0.083345617504278921 -0.067741502359531344 0.0015667367622847841 -0.062296632253909245 0.051576584995143594 0.25705871311140005 -0.058169407856199451 0.023562552243477086 0.017293411025066419 0.42994362520312923 0.14285481738941866 0.0070982062633728402 0.19196569376268 0.15399905263516581 -0.046351163964743397 0.013134755813902613 -0.060421995942834587 -0.10995920526037406 0.54204086693575781 0.52175618652039046 -0.073359762556704636 -0.082162038162647041 0.00078630926576376083 0.018852736319216634 -0.082169700020896033 -0.35238203866142026 0.0026906594905024986 0.016031888527807469 -0.009030857541091163 0.068202142459807588
leaf_weight=1.1670173904858527 71.203937169164419 145.24239380797371 89.768073338549584 68.347108880523592 2.2177017973735933 1.249151937663554 0.58143239840865035 25.597459476441145 182.4599719690159 2.0509562995284822 19.960335994139314 12.413125544786451 2.1008298434317103 10.67446571215987 85.795169045217335 41.556255381554365 61.528611049987376 2.0362658509984612 1.0014793314039696 0.77824021223932505 21.985351581126451 17.458546251989901 210.88986384868622 0.99811703618615755 22.764159082435075 1.7439724076539267 971.76921935332939 87.582003800198436 103.33395896106958 62.504770264029503
leaf_count=22 810 5777 1820 1782 43 37 27 519 2293 23 179 365 35 91 2839 1267 2198 69 19 17 912 454 4847 36 581 31 16844 880 968 1131
internal_value=0 -0.0058877 0.012392 -1.22645e-05 0.00253355 0.0047701 0.362789 -0.0389022 0.00373015 0.0346564 0.169605 -0.00360172 -0.0418245 0.00431133 -0.0241816 -0.0269402 -0.0491789 0.0824512 0.204159 -0.0167924 -0.00974406 -0.00366643 -0.00555557 0.23918 -0.0649208 -0.101398 0.00727623 0.0241494 0.0186799 0.0377586
internal_weight=0 1674.29 654.475 1529.04 1435.1 1366.21 1.74845 93.9446 583.271 111.779 22.0113 471.491 68.8849 1364.46 128.601 127.351 66.7841 5.25545 3.21918 289.031 252.11 230.125 228.348 1.77636 36.9213 24.5081 1235.86 264.095 253.421 150.087
internal_count=46916 34548 12368 28771 26470 24106 49 2301 11558 2022 202 9536 2364 24057 4143 4106 2329 131 62 7243 6266 5354 5301 53 977 612 19914 3070 2979 2011
is_linear=0
shrinkage=0.1


Tree=42
num_leaves=31
num_cat=0
split_feature=49 9 29 10 40 6 14 38 38 14 5 26 14 38 3 7 31 25 40 35 40 36 22 6 25 12 5 4 4 14
split_gain=14.4656 14.3016 15.1345 14.2585 12.7025 11.3472 26.841 20.6983 14.7266 9.40011 16.6973 9.25306 8.70635 13.0397 10.3537 8.77838 8.70067 8.64749 9.80565 19.4612 16.4375 12.6177 17.0956 11.806 11.6967 12.305 11.2237 10.6575 10.9591 9.71276
threshold=21.500000000000004 1.352687448232494 0.19471789939279396 2.1951525950729138 0.14500000000000005 0.38552475689601945 0.66992967412597781 76.500000000000014 21.500000000000004 0.58432029375154493 -0.82994927057632839 -0.81165376232227993 0.9339492431873897 151.50000000000003 0.26476525062540585 0.14347803475274837 -0.82127670955571708 -0.91428434716109097 0.44500000000000006 2.985380044308219 0.24500000000000002 4.5000000000000009 -0.63148175863045009 -0.27812286435221101 -0.89829425673647567 -0.50487212011892979 -0.063578777751238921 0.91999831925264186 0.82795027256488163 -0.31530159679366182
decision_type=2 2 2 2 2 2 2 2 2 2 2 2 2 2 2 2 2 2 2 2 2 2 2 2 2 2 2 2 2 2
left_child=1 3 16 5 -2 6 8 -7 -1 10 -10 -8 13 15 -15 -9 -3 -12 19 20 23 22 -21 29 25 -20 -27 28 -24 -19
right_child=4 2 -4 -5 -6 7 11 12 9 -11 17 -13 -14 14 -16 -17 -18 18 24 21 -22 -23 27 -25 -26 26 -28 -29 -30 -31
leaf_value=-0.036147085718109297 0.21369361276031895 0.052710193860264459 0.049161632361461018 0.035138009151651446 -0.069702836978997929 -0.074857425061721702 -0.032606165799600358 0.020890565103492478 0.26186825285546128 -0.051596257697167004 -0.02438395334221229 0.12307049862377062 -0.021737602414367126 -0.016036856629952873 0.13832039030159213 0.23810400216915337 0.0016480716489708999 -0.0043882855160638336 -0.052951870678553538 -0.34353183946646337 0.041936521559090223 -0.065443953217673309 -0.017071364236638124 0.022800328865924625 0.018466346872086807 0.20130714432716831 0.75945737776072864 0.042425903679569728 -0.17945952520962991 -0.054475811457569315
leaf_weight=133.45377459004521 1.6456791963428248 36.768827199935913 104.31975998915732 88.974517756141722 40.628061115276068 64.044132238253951 4.6085795657709268 3.166898221243172 2.4340703329071394 36.034361948259175 133.14284864487126 22.257222388871014 122.15347921382636 31.617562107741833 5.0379448402672997 4.5104012535884976 360.98949877731502 364.9793536583893 0.91101635154336724 1.5418545193970192 107.12579127214849 65.168666285462677 105.46215521451086 153.88369791582227 231.76103921793401 0.95939936488866817 0.57692341133952019 31.609550405293703 4.3263941630721083 43.309437171090394
leaf_count=5430 13 315 1184 1381 1636 5012 67 95 41 1412 4868 256 3999 599 77 89 2748 4773 17 22 2139 1914 1288 2634 3526 39 13 279 38 1012
internal_value=0 0.000369778 0.0152597 -0.00387054 -0.0586705 -0.00594379 -0.00265371 -0.0265457 -0.00453151 -0.00124353 0.000211281 0.0963656 -0.00796112 0.0299983 0.00517805 0.148503 0.00636826 -0.000300378 0.00258421 -0.00226824 0.00603637 -0.0289767 -0.0123507 -0.000804649 0.0207628 0.238235 0.410905 -0.00873938 -0.0234705 -0.00970134
internal_weight=0 2265.13 502.078 1763.05 42.2737 1674.08 1443.55 230.53 1416.68 1283.23 1247.19 26.8658 166.486 44.3328 36.6555 7.6773 397.758 1244.76 1111.62 877.407 669.298 208.109 142.94 562.172 234.208 2.44734 1.53632 141.398 109.789 408.289
internal_count=46916 45267 4247 41020 1649 39639 29768 9871 29445 24015 22603 323 4859 860 676 184 3063 22562 17694 14099 10558 3541 1627 8419 3595 69 52 1605 1326 5785
is_linear=0
shrinkage=0.1


Tree=43
num_leaves=31
num_cat=0
split_feature=29 14 38 6 38 31 9 38 4 28 9 28 38 22 27 1 18 24 38 38 22 29 34 6 6 32 35 8 38 10
split_gain=13.4819 10.7614 14.5604 11.953 11.1871 22.6175 11.9245 10.9992 10.3759 10.3485 10.0598 9.49301 10.4364 10.8602 25.4956 9.74771 10.0482 13.0956 10.4501 15.5384 9.58702 9.42771 9.25171 8.88404 18.9096 15.4112 11.6045 11.2031 9.38541 13.0944
threshold=0.27176413327130683 0.72289468403678636 73.500000000000014 0.34721255152804231 26.500000000000004 -0.77460494331796281 1.4973996768058531 33.500000000000007 1.2704541787471404 -0.6149441381237869 1.3691094763137175 1.1231445970476568 80.500000000000014 1.3099372138534398 -0.18927830354100075 0.37393262751860484 -1.0203469869400605 -0.24464680119134005 1104.5000000000002 492.50000000000006 -0.5279776684911982 -0.01247538054656523 0.99751647111915787 0.035454363854177072 0.07169319517956145 0.16137352112119688 4.00741078497565 0.5714403859217746 50.500000000000007 1.9772140782508132
decision_type=2 2 2 2 2 2 2 2 2 2 2 2 2 2 2 2 2 2 2 2 2 2 2 2 2 2 2 2 2 2
left_child=1 3 -3 4 5 9 7 8 -6 -1 -2 12 -4 15 -15 -14 17 18 19 20 -17 -5 -12 28 25 26 -25 -27 29 -9
right_child=10 2 11 21 6 -7 -8 23 -10 -11 22 -13 13 14 -16 16 -18 -19 -20 -21 -22 -23 -24 24 -26 27 -28 -29 -30 -31
leaf_value=0.096734659492212785 0.0064302976011423639 -0.067036576213519924 0.33525244761901574 0.040884252337402123 0.043173498238446996 -0.047107216829536412 0.021724386168620463 -0.049302983033906261 -0.24485118140277679 0.0016518661504797347 0.066166447073427864 -0.085878577671009537 -0.026461863597364202 0.64074581128928254 0.048452493443765614 0.49302674987027395 0.011588724297966653 -0.089721728736138096 0.0069851073083324576 0.72893134988053621 -0.00098845161031381533 0.26013537088575311 0.0032933046632474846 0.19735692763726154 0.0038966646925783564 -0.03869103037299193 0.59593195927383025 0.21198993685945264 -0.0063316080093569179 0.064453601018482465
leaf_weight=13.166830895468591 511.86929498286918 60.888908694498241 0.90253516100346942 37.146257646381855 58.936046416405588 150.89405276067555 217.95267616584897 99.87988602463156 1.2778567075729359 87.606444207951427 59.410400005057454 15.400688535999505 117.48060660343617 0.80421606358140696 7.5459414860233647 0.66073172818869363 38.682623090222478 1.4637578651309011 1.0847628703340886 0.83928521256893862 0.96883573802188006 2.0705196969211093 38.616747322492301 4.4898852156475177 93.139251799322665 5.4325733194127661 0.8724083974957465 2.6535920202732086 649.86960033467039 11.259590238332747
leaf_count=181 10229 4165 36 460 939 5793 1574 2797 20 1154 852 670 3045 27 165 11 419 37 33 25 40 32 282 108 1950 77 22 28 11573 172
internal_value=0 -0.00530283 -0.0245965 -0.00198942 -0.00351746 -0.0226084 0.000675868 -0.00426865 0.0370611 0.0140752 0.0120506 -0.0106909 -0.00389683 -0.00570237 0.105497 -0.0114632 0.0288584 0.162003 0.26569 0.379359 0.199317 0.05246 0.0413982 -0.00713706 0.0199017 0.130747 0.262202 0.0435736 -0.0109241 -0.0377783
internal_weight=0 1683.37 246.723 1436.65 1397.43 251.667 1145.76 927.811 60.2139 100.773 609.896 185.834 170.433 169.531 8.35016 161.181 43.7 5.01737 3.55362 2.46885 1.62957 39.2168 98.0271 867.597 106.588 13.4485 5.36229 8.08617 761.009 111.139
internal_count=46916 35553 8673 26880 26388 7128 19260 17686 959 1335 11363 4508 3838 3802 192 3610 565 146 109 76 51 492 1134 16727 2185 235 130 105 14542 2969
is_linear=0
shrinkage=0.1


Tree=44
num_leaves=31
num_cat=0
split_feature=49 35 40 40 17 0 35 14 40 6 38 14 25 7 19 4 38 38 38 5 40 38 27 14 6 19 49 38 6 12
split_gain=12.5029 12.5892 39.6255 35.2453 12.7513 10.6885 39.8418 10.4861 10.4414 10.2194 12.6384 10.2001 9.86383 9.4619 9.313 8.98912 10.5513 15.5979 13.683 12.194 11.2393 15.8871 9.81166 9.68631 13.5701 13.0786 9.14534 9.09882 10.3966 21.5215
threshold=21.500000000000004 3.9952590000525823 0.43500000000000005 0.34500000000000003 0.0029664939749698563 -0.59648908911945808 4.9906416081002396 -0.30594559318266507 0.22500000000000003 1.1870582170592345 3336.5000000000005 -0.25981980367002372 -1.0850288587469692 2.8405567410746113 0.52000265480297247 2.4821516353915194 156.50000000000003 157.50000000000003 146.50000000000003 -0.45357046729783151 0.23500000000000001 129.50000000000003 3.2119321928317803 -1.507797691239684 -0.91093414180513965 -0.087115124622631837 12.500000000000002 26.500000000000004 -0.57391948617567878 -0.52360974500181079
decision_type=2 2 2 2 2 2 2 2 2 2 2 2 2 2 2 2 2 2 2 2 2 2 2 2 2 2 2 2 2 2
left_child=1 3 -3 9 -5 6 14 -7 -2 15 -11 -9 -8 -6 -4 16 18 -18 19 20 -1 -22 26 -19 25 -25 27 -21 29 -29
right_child=8 2 5 4 13 7 12 11 -10 10 -12 -13 -14 -15 -16 -17 17 23 -20 22 21 -23 -24 24 -26 -27 -28 28 -30 -31
leaf_value=-0.050954959533208978 0.14936407143679659 0.090805541985404595 -0.010639806172426537 -0.062477965788946987 0.013811216500655475 0.016822829048569153 0.38677810899301185 -0.08480699362820171 -0.068737781688722174 -0.050324569549785286 0.20704971641211314 -0.0093271010059129533 0.13951407761307932 0.40881380384092214 0.081809802967001813 0.03631233750471418 0.095683738234290869 -0.031245970298144132 -0.073267302405608845 -0.01581147450373737 -0.00046960746009887104 0.35078911505491073 0.16830726605581381 0.061546708537679365 0.0087536582338475482 0.32389793678440021 -0.076681534232416082 0.0085361829046357186 0.026642127436002996 -0.091924419669407301
leaf_weight=95.233145861886442 2.330637775361537 58.546904576942325 71.654678565450013 126.98165987571701 17.268844963982705 172.85100690834224 1.7750070560723568 19.260274881497025 37.724228831473738 54.647842400241643 1.9769427068531502 254.18408850999549 17.712576810270548 0.62849782779812713 12.850433603860436 72.3879170473665 20.392696436494589 60.360951118171215 30.782577310688794 180.87838170398027 42.79024375975132 1.327578424476086 3.5010670162737361 8.0955394692718965 536.33896770654246 2.4829953648149958 14.987675495445727 133.56171578913927 203.14044587314129 25.376200739294291
leaf_count=3714 21 730 1484 5022 557 2113 20 554 1628 2084 32 6307 170 7 210 1010 175 693 724 4195 1777 23 27 63 7004 23 337 1781 3851 580
internal_value=0 0.000319395 0.0125923 -0.00425593 -0.0513402 0.0042709 0.0331426 -0.00245659 -0.0560473 0.000327618 -0.0413389 -0.0146436 0.162036 0.0276825 0.00341872 0.00197563 0.000147001 0.00965893 -0.00801393 -0.00514766 -0.0316252 0.0101003 0.00142406 0.00677018 0.0109659 0.123126 0.000376877 0.00250398 0.0116536 -0.00750347
internal_weight=0 2241.98 608.835 1633.14 144.879 550.288 103.993 446.295 40.0549 1488.26 56.6248 273.444 19.4876 17.8973 84.5051 1431.64 1359.25 627.671 731.579 700.796 139.351 44.1178 561.445 607.278 546.918 10.5785 557.944 542.957 362.078 158.938
internal_count=46916 45267 11588 33679 5586 10858 1884 8974 1649 28093 2116 6861 190 564 1694 25977 24967 7958 17009 16285 5514 1800 10771 7783 7090 86 10744 10407 6212 2361
is_linear=0
shrinkage=0.1


Tree=45
num_leaves=31
num_cat=0
split_feature=14 14 38 38 38 46 7 9 46 14 7 2 6 46 8 38 38 31 6 6 19 19 34 6 23 29 29 9 28 38
split_gain=11.7304 16.4617 13.8356 25.1036 22.509 11.4931 11.174 13.3491 11.1151 10.9473 18.0807 12.3838 11.5663 13.2667 10.8885 10.6915 17.607 9.60912 10.289 10.9352 10.7576 9.72827 9.19882 16.7893 10.2153 9.80055 8.6885 10.5825 9.80539 11.2399
threshold=-1.1453800006332731 -1.507797691239684 32.500000000000007 40.500000000000007 47.500000000000007 17.000000000000004 2.83206285550638 2.0460584969963365 3.5000000000000004 1.1692453218286107 -1.3661346432105832 -1.2626607572363142 0.86193121467163236 12.500000000000002 3.5893107819103243 11.500000000000002 9.5000000000000018 -1.0235182417033022 -0.78137799809396824 -0.91093414180513965 -0.51076689542912368 -0.41980992158234859 0.97392298712563552 0.035454363854177072 0.71304243302103465 -0.68881417607324591 -0.2499960571433518 1.0428275902876012 -0.575474265202505 1297.5000000000002
decision_type=2 2 2 2 2 2 2 2 2 2 2 2 2 2 2 2 2 2 2 2 2 2 2 2 2 2 2 2 2 2
left_child=1 26 15 8 22 6 9 -8 -4 12 -11 -12 14 -14 -6 16 -2 -3 19 -19 -20 -22 23 24 -5 -25 28 -28 29 -1
right_child=2 17 3 4 5 -7 7 -9 -10 10 11 -13 13 -15 -16 -17 -18 18 20 -21 21 -23 -24 25 -26 -27 27 -29 -30 -31
leaf_value=-0.016156826640347295 -0.017410371763773302 0.19991435034959942 0.029398624101340937 -0.055867980175639209 0.0010734712189797869 -0.055482557972137428 0.057927294635315867 -0.11928561274106918 0.10982019453954357 0.48305130551406938 0.43928766238158989 -0.037097026688382183 0.056015290724863526 0.43335465673082063 0.14602084122737657 -0.041599502743642082 0.089900439472736224 0.094399722573077591 0.1633067607785974 0.013588098689674165 -0.10926799234683188 0.067982532537292625 -0.07606906919448346 0.32093353198920038 0.091111577700676544 0.044012224366014242 -0.0094342944947851948 0.061383477729598658 -0.069317398891097934 0.18751625233164804
leaf_weight=17.903536719270054 117.2388765453361 3.2028580475598565 58.678101319819689 37.625182653777301 1076.0010129222646 36.341549676377326 54.337398266419768 4.6114592254161826 24.303878406994045 0.67909903125837345 0.548550751991569 104.36118741426617 3.4100694563239804 1.2820416670292614 5.2076670061796895 160.77062253979966 17.582785611972213 17.970222005620599 10.229384254664181 245.55284422077239 3.6615835223346975 20.061332615092397 55.746483345516026 2.0621665380895138 5.4083830378949633 3.3609709199517956 105.26372443325818 26.391334095969796 40.762338272295892 3.1927317790687075
leaf_count=216 4248 28 545 968 18140 1777 740 38 284 28 15 3765 66 24 70 7119 186 162 79 3148 26 168 2635 30 95 76 1319 316 576 29
internal_value=0 0.0129875 -0.00443819 -0.00047843 -0.00366597 -4.5994e-05 0.00156516 0.0440643 0.0529526 -0.000537478 -0.0312768 -0.0346061 0.00245149 0.159117 0.00177161 -0.0241835 -0.00341542 0.0276293 0.0257743 0.0190988 0.0775869 0.0406243 -0.0483682 -0.0165 -0.0373958 0.149312 -0.00976268 0.00476171 -0.0406753 0.0146673
internal_weight=0 494.192 1769.56 1473.97 1390.98 1286.78 1250.44 58.9489 82.982 1191.49 105.589 104.91 1085.9 4.69211 1081.21 295.592 134.822 300.678 297.475 263.523 33.9523 23.7229 104.203 48.4567 43.0336 5.42314 193.514 131.655 61.8586 21.0963
internal_count=46916 6067 40849 29296 28467 24663 22886 778 829 22108 3808 3780 18300 90 18210 11553 4434 3611 3583 3310 273 194 3804 1169 1063 106 2456 1635 821 245
is_linear=0
shrinkage=0.1


Tree=46
num_leaves=31
num_cat=0
split_feature=10 34 9 40 40 40 6 1 28 32 34 29 25 26 35 27 49 38 9 7 26 40 33 5 8 19 26 38 10 25
split_gain=10.7654 15.7963 12.7603 8.28845 33.5407 20.7656 9.41798 8.7741 7.98559 7.95016 7.6109 7.51305 7.61443 8.41614 13.4765 7.71926 7.42971 10.1225 10.8271 8.98077 8.64738 8.56075 15.9367 12.2325 12.0357 11.1514 10.5759 13.0454 9.97099 18.55
threshold=1.5552819910174021 0.0082734423660755455 -1.1554707171931369 0.38000000000000006 0.34500000000000003 0.43500000000000005 1.1870582170592345 1.6854242360435583 4.2216666320579108 1.293556755401134 1.0123044448500846 -0.71880909327404952 0.50470660637167286 -0.38867476365263659 2.0125399435181479 1.2951453470823158 12.500000000000002 821.50000000000011 1.7375980598710392 2.838901237494821 -1.2446781017132282 0.24500000000000002 -0.096102844350655969 2.192822983224135 2.0942572409879259 0.065087693752959266 1.0921320035797963 1318.5000000000002 0.76897085092689987 -0.76019740012664216
decision_type=2 2 2 2 2 2 2 2 2 2 2 2 2 2 2 2 2 2 2 2 2 2 2 2 2 2 2 2 2 2
left_child=2 11 -1 4 6 10 7 16 9 -6 -5 12 13 15 -15 -2 21 19 20 -18 -19 24 23 26 -4 -25 28 -28 -23 -30
right_child=1 -3 3 5 8 -7 -8 -9 -10 -11 -12 -13 -14 14 -16 -17 17 18 -20 -21 -22 22 -24 25 -26 -27 27 -29 29 -31
leaf_value=-0.035036008022988285 0.080005850382889432 -0.0064946369721069763 -0.0041624523712536776 0.082262120515283796 -0.068551863876060659 0.003115066928903492 -0.043170879799720556 0.13559678318743734 0.36748384868851597 0.36557163456649366 -0.069853034861489624 0.049202012337702362 0.08168818635667939 -0.39910027726491082 -0.0069723068146365684 -0.21085978473412903 -0.063564728714014029 0.34065805746156136 0.16123565039464272 0.28407327220662493 -0.033467343843250799 0.026142691957452613 -0.014642824374234829 0.17541822525891271 0.071749771981473004 -0.062340173901989648 -0.057618894441696912 0.22431492395935379 0.29607905605699458 0.061105287485905081
leaf_weight=118.07739303540438 3.327918328344821 132.25953375454992 880.64495667489246 45.736415591090918 88.696983200032264 473.55651035159826 50.981444448698312 4.8032312132418147 0.42604620102792878 0.42385751195251842 3.5440826937556258 125.00269095040858 3.8653242215514174 1.7756660729646676 1.7306660339236257 1.2570585757493971 45.267948039807379 0.64927311893552619 4.6882678866386405 0.75552321597933669 12.746200136374682 84.371985008474439 87.010883118957281 10.700914364308117 21.392957149073482 2.4185252618044606 19.602421258576218 1.7911663521081198 3.9662811504676965 21.969934762455523
leaf_count=6390 49 1337 14404 624 4217 8954 1858 36 29 9 34 2211 66 29 27 22 1324 9 35 10 317 2482 934 98 304 23 620 35 97 332
internal_value=0 0.0181548 -0.00315555 -0.00113837 -0.00529612 0.00954403 -0.00107317 0.000711194 -0.0644224 -0.0664872 0.0713225 0.0419584 -0.0337716 -0.0889282 -0.205553 0.000259507 0.000170377 -0.0329496 0.0304425 -0.0578579 -0.0153336 0.00204293 0.0191825 0.0395053 -0.0023621 0.131588 0.0303325 -0.0340141 0.0428121 0.0970385
internal_weight=0 269.219 1984.22 1866.15 1343.31 522.837 1253.76 1202.78 89.5469 89.1208 49.2805 136.959 11.9566 8.09131 3.50633 4.58498 1197.98 64.1072 18.0837 46.0235 13.3955 1133.87 231.832 144.821 902.038 13.1194 131.702 21.3936 110.308 25.9362
internal_count=46916 3741 43175 36785 27173 9612 22918 21060 4255 4226 658 2404 193 127 56 71 21024 1695 361 1334 326 19329 4621 3687 14708 121 3566 655 2911 429
is_linear=0
shrinkage=0.1


Tree=47
num_leaves=31
num_cat=0
split_feature=29 15 9 25 21 12 34 5 38 15 5 38 8 32 1 7 49 25 31 32 21 19 2 12 19 15 38 38 40 40
split_gain=10.459 8.57839 8.66119 8.45864 11.5945 8.44101 8.23579 8.12708 9.40473 16.4283 19.6266 12.8187 10.0543 9.70789 16.8638 7.97011 10.4374 13.2153 12.5027 8.88724 9.07469 8.62999 9.52738 9.80008 9.19 7.95221 7.92642 8.24119 7.72073 11.2769
threshold=0.27176413327130683 7.4916442242751105 1.3691094763137175 -1.3101848932412763 2.1081828968896725 1.2970036594604641 0.99751647111915787 -0.29130230916393901 617.50000000000011 0.35662834785211034 -1.0130620177473089 656.50000000000011 -0.91732068226034824 -0.91769273150077946 -0.54026721816830958 1.0383673383598062 4.5000000000000009 -1.1216969083503696 -1.0000000180025095e-35 2.1462866803353764 2.102056854720423 -0.56432755360217801 -0.48078393911087453 1.2519854364030272 0.16631289610998071 2.5729771602239206 11.500000000000002 9.5000000000000018 0.03500000000000001 0.13500000000000004
decision_type=2 2 2 2 2 2 2 2 2 2 2 2 2 2 2 2 2 2 2 2 2 2 2 2 2 2 2 2 2 2
left_child=3 2 7 4 -1 15 -4 8 26 11 -11 -10 -12 14 -13 -5 17 18 -17 20 -19 -18 25 24 -24 -23 27 -2 -8 -30
right_child=1 -3 6 5 -6 -7 28 -9 9 10 12 13 -14 -15 -16 16 21 19 -20 -21 -22 22 23 -25 -26 -27 -28 -29 29 -31
leaf_value=-0.065483016497625321 -0.013468611884584564 -0.12286392037096235 0.064763250912840784 -0.0058396165027205689 0.35433759240075935 -0.040966095934677815 -0.075301934125511061 0.013354199876749252 0.40474270665618067 0.59520414589434256 0.0016740560413446696 -0.043690758567008714 0.36194739300582435 -0.037770287478131687 0.70510132024410288 0.077301650491294838 0.18148232714248747 0.017852071249651848 0.55006155587611283 0.12094919537055809 0.21776680811984656 0.035563995186915547 -0.0044112359825905804 0.18755893311619343 -0.062444561099219087 0.26836568413161349 -0.04481348268130278 0.17952895219590614 0.15791155913500371 -0.0013556903431916076
leaf_weight=30.388941796496514 6.7388538261875492 4.7676806803792706 54.630834946408868 1245.2670374712907 0.67240414442494412 58.592308725696057 9.2672126758843643 392.44707948621362 0.74028692580760136 1.0009116334840653 2.8635059706866741 0.76982279401272535 1.061868918128311 18.241172963753336 0.49363102763892175 1.3557985108345749 2.5120405280031255 103.76907332753763 0.95232410868629713 9.9761697947978956 2.3214047988876692 26.524058217182759 116.33794522751123 2.3547033974900833 35.648786581121385 1.553211674094199 74.107357439119369 3.2940139956772327 5.5320637375116375 22.637675152160227
leaf_count=1761 390 60 844 26415 22 2395 53 6559 9 35 52 31 25 349 18 21 41 1663 24 103 38 430 2119 28 472 21 2688 22 41 187
internal_value=0 0.010738 0.0118107 -0.00470766 -0.0563949 -0.00370871 0.0400044 0.0066374 -0.0174771 0.0361508 0.199924 -0.00370082 0.099133 -0.0192031 0.248862 -0.00229903 0.0122374 0.0354237 0.272361 0.0307119 0.0222265 -0.00260422 -0.00513923 -0.0148866 -0.0180231 0.0484424 -0.0335202 0.0498968 0.00387446 0.0299217
internal_weight=0 598.594 593.826 1638.23 31.0613 1607.16 92.0678 501.759 109.311 25.1712 4.92629 20.2449 3.92537 19.5046 1.26345 1548.57 303.306 118.375 2.30812 116.067 106.09 184.931 182.419 154.341 151.987 28.0773 84.1402 10.0329 37.437 28.1697
internal_count=46916 11363 11303 35553 1783 33770 1125 10178 3619 519 112 407 77 398 49 31375 4960 1849 45 1804 1701 3111 3070 2619 2591 451 3100 412 281 228
is_linear=0
shrinkage=0.1


Tree=48
num_leaves=31
num_cat=0
split_feature=1 34 49 35 40 40 28 13 1 0 35 12 3 15 26 31 21 18 18 2 25 1 38 31 13 13 10 38 38 12
split_gain=8.91667 10.9604 9.79467 9.65532 34.413 26.8137 8.65517 8.57637 12.6777 8.14559 33.7854 8.03597 8.2921 14.5936 14.2098 10.3672 7.69162 7.69882 9.45167 7.4393 7.17077 13.0212 18.6965 23.0045 6.94911 7.13895 7.96865 6.93143 12.9888 10.9841
threshold=2.2562619842223239 0.98401060658074491 21.500000000000004 3.0225815593593368 0.34500000000000003 0.43500000000000005 -0.59034403474265351 -0.74539297730663112 3.3458854348311831 -0.59648908911945808 4.9906416081002396 -0.13473610350614681 -0.7388098503243673 0.52871583461700833 1.3188666584678193 0.26618764583691057 -1.4854148601607391 0.97920319822518553 0.99172458709337852 1.1518576652926107 -0.84998259882616811 0.57324680345681511 258.50000000000006 2.0185521888816922 -0.22071776845228783 -0.67448476945398428 3.1836968352027037 156.50000000000003 157.50000000000003 0.21724510097856067
decision_type=2 2 2 2 2 2 2 2 2 2 2 2 2 2 2 2 2 2 2 2 2 2 2 2 2 2 2 2 2 2
left_child=2 7 3 4 27 -5 -6 8 19 10 -7 16 13 14 20 -15 -11 -18 -19 -2 -13 22 -22 -24 25 26 -3 29 -29 -1
right_child=1 24 -4 5 6 9 -8 -9 -10 11 -12 12 -14 15 -16 -17 17 18 -20 -21 21 -23 23 -25 -26 -27 -28 28 -30 -31
leaf_value=-0.0026923623597284183 0.065817862411965786 0.052038119627072381 -0.05654624592793113 0.07796496779208234 0.029124138606951618 0.0029377781249101042 -0.069676664710503308 0.084801654774980334 -0.28284499403758367 -0.090835475368402627 0.15626732023131359 -0.052412693019275952 -0.029608901710181434 -0.55554843152915412 0.46493105863744227 -0.074695811805256862 0.0055236428200008958 0.10426016553921705 -0.073990806937890716 -0.1894281516962982 -0.020281849198833989 0.036500052600227595 0.88041607799565191 0.1337354673901939 0.1523328378164347 -0.061816494892837609 -0.12755376723188247 0.085159884922175633 0.0037523629769784963 -0.036842897781693668
leaf_weight=623.61191339977086 7.7142184264957887 16.214040288701657 32.240141207352281 52.596743974834681 9.7769928616471571 86.795837220270187 95.215739900711924 37.876944461837411 1.5339804831892241 7.7476084800437084 17.222146841697395 4.4506660616025391 137.88945149583742 0.52853188198059742 0.89479840220883389 2.9562871479429305 251.4375845817849 15.828744114376606 3.6631231447681776 1.3402482494711874 1.1825867877341836 8.7284997710958105 0.81121170055121161 0.83973323926329613 2.5402518492192021 19.045848982408643 2.9147988343611351 20.204906972125173 653.8646183158271 110.93680707085878
leaf_count=12849 142 188 1582 736 195 1778 4817 841 28 131 170 249 4040 10 32 108 3935 163 42 22 89 160 24 26 18 157 33 168 8818 5365
internal_value=0 0.0304279 -0.00184475 -0.00100781 -0.00524679 0.0098016 -0.0604763 0.0625601 -0.0170021 0.00317438 0.0283244 -0.00281257 -0.0208068 0.0387113 0.0771173 -0.147625 0.00740773 0.0102171 0.0707613 0.0280362 0.055446 0.0969649 0.283223 0.500626 -0.00782094 -0.018478 0.0246724 -0.00113021 0.00619251 -0.00785002
internal_weight=0 89.1803 2139.42 2107.18 1513.61 593.574 104.993 48.4654 10.5884 540.977 104.018 436.959 158.282 20.3923 16.9075 3.48482 278.677 270.929 19.4919 9.05447 16.0127 11.562 2.83353 1.65094 40.7149 38.1747 19.1288 1408.62 674.07 734.549
internal_count=46916 1429 45487 43905 32212 11693 5012 1033 192 10957 1948 9009 4738 698 580 118 4271 4140 205 164 548 299 139 50 396 378 221 27200 8986 18214
is_linear=0
shrinkage=0.1


Tree=49
num_leaves=31
num_cat=0
split_feature=29 28 8 38 14 38 10 35 0 34 12 5 25 49 38 29 11 20 27 0 15 38 34 34 17 36 32 9 11 7
split_gain=8.33084 7.93972 10.098 9.03347 9.30051 8.38203 7.84397 7.3681 8.85369 9.87654 8.87902 8.54875 7.76651 12.4266 9.53267 10.1176 9.49355 8.53671 10.9456 8.25862 10.4969 12.735 9.43651 10.7253 10.5121 8.30566 7.18292 14.4418 6.86865 8.52482
threshold=0.27176413327130683 1.1231445970476568 3.5893107819103243 2312.0000000000005 0.11235914800613332 2421.5000000000005 1.5552819910174021 4.0099398674095008 -0.60108798448926393 0.99719601806668912 -0.21665995395495838 -0.063578777751238921 0.59396827375043759 23.500000000000004 256.50000000000006 0.2744202508609605 -0.44672969155858355 0.1355061435868315 2.567987022914838 4.624831357480633 3.1118211125126303 21.500000000000004 0.011743325430583486 0.0047506655815738926 -0.0030608683828299474 3.5000000000000004 0.96207677162739336 0.019054890917821605 0.29183972770406796 1.941337194827869
decision_type=2 2 2 2 2 2 2 2 2 2 2 2 2 2 2 2 2 2 2 2 2 2 2 2 2 2 2 2 2 2
left_child=1 2 -1 -3 -5 -6 7 12 -9 10 11 -10 13 17 15 -14 -16 18 -2 20 22 -22 23 25 -25 -17 27 -19 -12 -30
right_child=6 3 -4 4 5 -7 -8 8 9 -11 28 -13 14 -15 16 19 -18 26 -20 -21 21 -23 -24 24 -26 -27 -28 -29 29 -31
leaf_value=-0.0035610938668492196 -0.0011233840364262098 -0.053100798036640501 0.097343306017334513 0.30486427992089365 0.27858318959899087 -0.10423262181627757 0.041796351783198807 0.14572585620028872 0.27816497049988087 -0.03297380262672444 -0.058820272891121961 0.068353886712683845 0.16348215498860999 0.38653450528810906 0.13357457135257622 0.054996275682011722 0.03042603454003508 0.21521820740186659 0.32380390031681283 -0.13318746487501096 0.41772231316529623 0.058643482043228383 -0.060076317760192691 0.43150572628901118 0.031325148415274666 -0.018314219070126574 -0.018564836400289764 -0.10190857431104589 0.019014359457975871 0.32145285941179602
leaf_weight=1553.3073212318122 182.84599540708587 51.380431869067252 9.9815634284168464 1.437369979918002 0.77239512093365226 2.2041702792048454 67.152968023903668 6.5725616775453082 2.0932228835299638 20.831875557079911 10.240381150506439 26.87832114007324 3.6672834707424036 0.78743888204917212 10.692742129787801 21.555628573521972 53.90627802349627 1.5291577922180319 1.0426416322588909 4.8333991267718366 1.167504684999584 6.4129285379312932 26.056906713638455 1.1671883594244721 1.4999899184331287 54.595865439157933 58.040318773128092 23.572173319756985 5.1018689707852891 1.1402935758233068
leaf_count=32885 5403 2418 133 23 11 83 1088 83 34 475 211 286 56 13 103 336 588 23 8 81 23 94 456 15 26 822 711 299 113 16
internal_value=0 -0.00423977 -0.00291682 -0.0413072 0.0959762 -0.00489495 0.00961119 0.00550401 0.0350213 0.0240445 0.0501763 0.0835129 0.000760488 -0.0101339 0.0164846 -7.94668e-05 0.0474997 -0.0113036 0.000718941 -0.00519354 0.000307682 0.113947 -0.00790621 0.00934086 0.206449 0.00243723 -0.0378945 -0.0825894 -0.00841998 0.0742626
internal_weight=0 1619.08 1563.29 55.7944 4.41394 2.97657 593.385 526.232 72.8585 66.286 45.4541 28.9715 453.373 267.818 185.556 120.957 64.599 267.03 183.889 117.289 112.456 7.58043 104.876 78.8187 2.66718 76.1515 83.1416 25.1013 16.4825 6.24216
internal_count=46916 35553 33018 2535 117 94 11363 10275 1218 1135 660 320 9057 6457 2600 1909 691 6444 5411 1853 1772 117 1655 1199 41 1158 1033 322 340 129
is_linear=0
shrinkage=0.1


Tree=50
num_leaves=31
num_cat=0
split_feature=14 14 38 14 38 38 31 38 46 22 25 25 26 20 38 3 6 26 14 6 18 30 8 35 4 14 9 6 0 6
split_gain=8.06528 13.808 12.0892 14.2664 13.6754 9.50239 31.6342 19.2489 19.0736 10.4225 9.47717 11.2061 9.3293 13.2803 15.5075 13.1752 11.4425 9.04052 8.75781 26.5635 13.9668 18.5649 12.7723 12.4865 12.0308 11.1587 8.96758 8.03364 9.35843 10.4053
threshold=-1.1453800006332731 -1.507797691239684 26.500000000000004 0.65193238404405485 5.5000000000000009 40.500000000000007 -0.090763777324067693 47.500000000000007 3.5000000000000004 -0.63148175863045009 -0.81875291113029391 -1.0053585765738815 -0.80114795142830586 0.18151413287005622 17.500000000000004 -0.53998056666623151 0.38552475689601945 0.18573534217181489 -0.8526654865964417 -0.65165509276269695 -1.0233355873151153 -0.090998217378858173 -0.17720303267332599 4.0148582576342102 1.2144589538204951 -1.0436310265518276 -0.25391186939190319 -0.78137799809396824 2.0533781584466042 -0.91093414180513965
decision_type=2 2 2 2 2 2 2 2 2 2 2 2 2 2 2 2 2 2 2 2 2 2 2 2 2 2 2 2 2 2
left_child=1 -1 3 4 -2 6 8 -7 -4 -10 11 -11 -5 16 -15 -16 17 -14 20 22 21 -9 -20 -22 -23 -25 -21 28 29 -3
right_child=2 27 5 12 -6 7 -8 18 9 10 -12 -13 13 14 15 -17 -18 -19 19 26 23 24 -24 25 -26 -27 -28 -29 -30 -31
leaf_value=-0.010328224645482446 -0.010570504820881781 0.088195491012504651 0.021569329048670868 -0.069715306527198789 -0.064361870471784863 -0.046115753595340168 -0.071250521138416387 0.48358746007694897 -0.061599775848315497 0.14623054544181807 0.11448967867180093 0.5982148705600262 0.17737021943280218 0.09253149912549942 0.753479803501234 0.1716606088586842 -0.077829048809733445 -0.033018813532196427 0.17413721388113504 -0.018533472359403575 -0.035239139147119507 -0.074745877918069442 0.001685495435968935 -0.074478382085872138 0.27562716365461576 0.12455433926606022 0.0056151573542749019 0.070081120045240461 0.10187312440450727 0.0085285961921793569
leaf_weight=187.82066034711897 98.619312609080225 17.637325410731137 78.214596924372017 7.3218970079906276 90.756958750076592 96.16306817298755 27.617437662556767 1.1933189583942292 3.108426008373498 1.3763363342732193 27.244543969631195 0.91203258372843521 4.6365546062588745 10.880908383056518 0.69543246366083622 0.88388742227107353 9.0773173896595818 3.650493455119431 13.350965693593027 186.01246379548684 145.38889613049105 3.005252579227089 6.3313601855188599 4.0091390348970881 1.4542481768876312 9.4720171969383937 887.34363283077255 33.966389841400087 12.779788317158816 232.66738145984709
leaf_count=2456 3514 156 1026 307 4248 3804 1740 21 62 34 256 14 54 158 22 20 874 53 151 8616 2276 68 73 44 18 113 13283 273 134 3048
internal_value=0 0.0108943 -0.0037093 -0.0252349 -0.0363496 -0.000441623 0.0245092 -0.00299386 0.0483658 0.112575 0.130907 0.32637 0.0314289 0.0562597 0.135034 0.427857 -0.000266479 0.0846926 0.00030358 0.00354122 -0.0212063 0.133256 0.118663 -0.0267023 0.0395112 0.0653643 0.0014302 0.0243129 0.0184039 0.0141422
internal_weight=0 484.872 1718.72 226.523 189.376 1492.2 138.473 1353.72 110.856 32.6413 29.5329 2.28837 37.1465 29.8246 12.4602 1.57932 17.3644 8.28705 1257.56 1093.04 164.523 5.65282 19.6823 158.87 4.4595 13.4812 1073.36 297.051 263.084 250.305
internal_count=46916 6067 40849 9250 7762 31599 3132 28467 1392 366 304 48 1488 1181 200 42 981 107 24663 22123 2540 107 224 2433 86 157 21899 3611 3338 3204
is_linear=0
shrinkage=0.1


Tree=51
num_leaves=31
num_cat=0
split_feature=49 40 1 49 10 10 35 40 40 28 28 7 40 11 7 12 17 32 26 40 25 27 0 26 19 0 27 0 9 2
split_gain=7.85792 8.7581 7.55917 8.18502 10.8334 7.56762 7.29773 28.9974 23.7007 7.65071 7.08993 7.10302 7.05722 16.1702 10.7551 9.34035 7.95571 8.32449 9.93255 7.86194 31.8894 14.3972 12.1314 10.2351 10.2553 9.94486 9.5763 11.1926 9.82617 9.07617
threshold=21.500000000000004 0.22500000000000003 2.3057213534926766 3.5000000000000004 2.3050544980868706 3.5100679252061551 3.0225815593593368 0.34500000000000003 0.43500000000000005 -0.59034403474265351 5.7391064120716804 2.8405567410746113 0.045000000000000005 1.7893684506093519 1.2207778076993998 -0.79770986188412663 -0.016281252334110229 1.202454736548215 1.3310437777064628 0.13500000000000004 -0.13650612833349049 1.236152047767203 -0.749066041963243 -0.14400379288524515 -0.72295424290091281 -0.91865627776635161 0.60202334826874992 -0.7517712277730243 -1.3371961243079482 -0.96613804688473948
decision_type=2 2 2 2 2 2 2 2 2 2 2 2 2 2 2 2 2 2 2 2 2 2 2 2 2 2 2 2 2 2
left_child=2 -2 6 -4 -5 -6 7 12 -8 -9 11 -11 13 16 15 -15 -1 18 -18 20 21 25 26 -22 -25 -14 27 28 -21 -27
right_child=1 -3 3 4 5 -7 8 9 -10 10 -12 -13 19 14 -16 -17 17 -19 -20 22 23 -23 -24 24 -26 29 -28 -29 -30 -31
leaf_value=0.17038179802888614 0.13646471872639504 -0.061698181339408679 0.071013406769984952 0.17051092570404841 0.0031408874193848621 -0.14354275028164792 0.074611906907348896 0.026078256321799949 0.0024788557572610111 -0.071908314761925024 0.31961687377803294 0.15251115894165984 -0.045251928578651041 0.13658443997885378 0.29707129169315816 -0.052525506751434387 0.0095212613994854131 -0.040948296128494349 -0.10390774159367236 -0.077327744087427389 0.071082099939949892 -0.10549090130337642 -0.0096513141819997463 0.15185276355711783 0.011102317706952495 0.080090624226068496 0.0035660777805235086 0.42647892917237934 0.05616353606985041 -0.0024692766490117149
leaf_weight=2.1076706321910015 2.3972682645544401 32.023898106534034 30.821094401180744 3.5791576690971842 36.417316254228354 3.8931985571980467 49.773609602358192 9.9933023252524418 536.8604575372301 87.020845395047218 0.47374976985156436 1.433568239212035 44.177235289942473 5.8076253533363333 2.1469221990555516 4.7461928082630029 80.790446129627526 130.33808804163709 8.5355215487070364 6.0542194130830458 83.007662775926292 16.551996043883264 634.90361606189981 5.5648509347811332 74.204806747380644 16.365618231706321 151.94004860287532 0.77486488688737054 61.813896253705025 71.451293520629406
leaf_count=21 21 1628 696 30 453 45 739 199 10986 4762 26 33 1372 48 15 63 1082 1447 121 330 996 418 12803 79 1258 515 2040 23 1713 2954
internal_value=0 -0.0478971 0.000261262 0.0315154 0.00377829 -0.0110259 -0.000857665 -0.00455559 0.00859906 -0.0568821 -0.0662048 -0.0682712 -0.000861675 -0.0166927 0.0930437 0.0515392 -0.0229772 -0.0248325 -0.00131742 0.00231959 0.0159267 -0.0175763 -0.00263222 0.0465006 0.0209213 -0.00655185 0.0175708 0.04857 0.0442554 0.0129166
internal_weight=0 34.4212 2161.55 74.7108 43.8897 40.3105 2086.84 1500.2 586.634 98.9215 88.9282 88.4544 1401.28 234.472 12.7007 10.5538 221.772 219.664 89.326 1166.81 311.323 148.546 855.487 162.777 79.7697 131.994 220.583 68.643 67.8681 87.8169
internal_count=46916 1649 45267 1224 528 498 44043 32318 11725 5020 4821 4795 27298 2797 126 111 2671 2650 1203 24501 7592 5259 16909 2333 1337 4841 4106 2066 2043 3469
is_linear=0
shrinkage=0.1


Tree=52
num_leaves=31
num_cat=0
split_feature=14 38 11 20 31 38 9 25 38 38 38 38 38 38 38 20 34 20 49 34 27 20 14 14 14 2 7 2 49 32
split_gain=7.03636 10.2077 12.5945 16.7782 9.13553 11.1281 7.75715 7.32166 7.0558 24.3091 17.4118 15.28 14.2311 14.3751 14.4271 21.0989 13.6084 15.3835 24.6057 13.2423 12.001 11.5294 11.3334 28.9209 14.6185 11.7473 11.067 10.5771 12.8876 12.5017
threshold=0.96591211292666868 151.50000000000003 2.7619325492998206 0.77569826601405667 0.8424077306776877 151.50000000000003 2.2707550775421077 -1.280478853404335 236.50000000000003 312.50000000000006 210.50000000000003 310.50000000000006 328.50000000000006 368.50000000000006 364.50000000000006 -0.1950552994611067 0.98951049780804212 -0.1913962068725554 11.500000000000002 1.0305391116123008 -0.50260087548317312 0.54930942601880073 -0.34616539251105555 -0.28474905080955121 -0.25861671716856355 0.76862005098171393 -0.57547930012913928 -0.30423602636329072 1.5000000000000002 0.76019162667608586
decision_type=2 2 2 2 2 2 2 2 2 2 2 2 2 2 2 2 2 2 2 2 2 2 2 2 2 2 2 2 2 2
left_child=4 2 -2 -4 7 -6 -3 -1 10 11 19 -10 -11 14 16 -16 -14 18 -18 22 -20 -13 27 -24 25 -25 -22 28 -9 -30
right_child=1 6 3 -5 5 -7 -8 8 9 12 -12 21 13 -15 15 -17 17 -19 20 -21 26 -23 23 24 -26 -27 -28 -29 29 -31
leaf_value=-0.043571377926345391 -0.056575998902564373 0.0020851799249598287 -0.1025567842898135 0.42722019271142103 0.20335262670892634 -0.0017617625100852755 -0.15572926036369747 -0.0026410456912938618 0.041358236097264835 -0.091921991025422922 -0.069080511467754124 0.28396444423996248 -0.030542761595332098 -0.00068667984473881095 0.44933361040408126 0.088626859524084334 0.79324100811755716 0.04438203450165995 -0.10298254069851331 -0.092710986094556913 0.73174529340532757 0.044112162539573917 -0.073957312194308733 0.0679686091817963 -0.0041868417468786346 0.35714581229195136 0.073941180356650302 -0.0060402453127134494 0.017800175854942285 0.065415469620972458
leaf_weight=36.41808375576511 68.769491648534313 128.76360794575885 1.1346848215907805 1.2634393852204082 4.9525362094864231 5.6768710548058152 3.191852279007434 161.35906223673373 110.15059354249388 15.974977806676177 38.220114568248391 4.7481434578075987 15.94829898979515 475.03625622717664 2.1378826703876257 6.7153409104794246 0.77804390713572447 8.2698166160844249 1.0541004724800564 15.401137379929422 0.47433408070355654 3.467804316431284 62.818702714983374 6.8752889586612564 477.31137858936563 1.7655247291550038 0.55504590645432694 273.37491688970476 165.52821865677834 82.68566307425499
leaf_count=1951 4569 3175 94 11 45 85 24 2602 1330 251 557 52 184 6626 37 79 18 105 49 915 19 24 2125 88 13686 27 27 4468 2679 1014
internal_value=0 -0.0181952 -0.0487203 0.176553 0.00134924 0.0938067 -0.00173217 0.000849633 0.00168755 0.0102195 -0.00259593 0.0511708 0.00102063 0.00392639 0.0649117 0.175731 0.0286814 0.113534 0.313384 -0.000558395 0.134188 0.182727 0.00059386 -0.0101071 -0.00185321 0.127054 0.377055 0.00919242 0.0193597 0.0336619
internal_weight=0 203.123 71.1676 2.39812 1977.7 10.6294 131.955 1967.07 1930.65 645.311 1285.34 118.367 526.944 510.969 35.9329 8.85322 27.0796 11.1313 2.86152 1247.12 2.08348 8.21595 1231.72 548.771 485.952 8.64081 1.02938 682.948 409.573 248.214
internal_count=46916 7873 4674 105 39043 130 3199 38913 36962 8801 28161 1406 7395 7144 518 116 402 218 113 27604 95 76 26689 15926 13801 115 46 10763 6295 3693
is_linear=0
shrinkage=0.1


Tree=53
num_leaves=31
num_cat=0
split_feature=10 46 46 28 22 38 38 20 38 7 31 1 14 14 1 2 14 38 38 49 40 19 38 38 38 14 6 11 20 6
split_gain=6.8166 10.4792 9.49787 8.52871 9.94827 13.253 7.43183 7.47137 7.40106 6.7831 6.27038 17.1125 8.65112 12.8554 12.2521 10.6009 8.4061 9.55247 26.3688 15.1354 20.8994 13.1189 12.7192 19.0235 15.1662 13.1831 13.832 10.0265 10.026 9.66296
threshold=2.1951525950729138 10.500000000000002 17.000000000000004 -0.48377131634042908 -0.65521591963607984 159.50000000000003 1399.5000000000002 0.10160858925246243 3.5000000000000004 0.64755779121944346 -1.2821927326242124 -0.038335830237856278 -1.507797691239684 -1.0822102560923519 2.0397656342888082 1.8707046746331792 -1.0757296684093249 168.50000000000003 183.50000000000003 10.500000000000002 0.14500000000000005 0.16427295129603808 157.50000000000003 156.50000000000003 145.50000000000003 0.97902245748401107 0.59320756346963444 2.7619325492998206 0.77569826601405667 0.38552475689601945
decision_type=2 2 2 2 2 2 2 2 2 2 2 2 2 2 2 2 2 2 2 2 2 2 2 2 2 2 2 2 2 2
left_child=2 -2 8 -3 -5 -6 -4 -8 -1 -9 11 -10 -12 14 15 -14 -15 22 21 -20 -21 -19 23 24 25 26 29 -27 -29 -18
right_child=1 3 6 4 5 -7 7 9 10 -11 12 -13 13 16 -16 -17 17 18 19 20 -22 -23 -24 -25 -26 27 -28 28 -30 -31
leaf_value=-0.050458852795788302 0.054963496269403916 -0.022260983729988817 -0.072465898485560676 -0.043415362681300348 0.045090216768217624 0.45262525057474434 -0.084916684054834796 0.12102769360161961 -0.1112001357940352 -0.080663303091810357 -0.023642594162628056 0.12501982965280378 0.020224110246699359 -0.08743815955846776 -0.21942159004997472 0.17401032729309335 0.00033367173813805286 0.063507283609792103 -0.0078673323034443212 0.098205029587474096 0.01128926782820922 0.22221506568490837 -0.059924809180520122 0.074860401265925899 -0.059052745622279003 -0.055440492437693549 0.11033823828620618 -0.10233094401659758 0.30168742565692613 -0.055538516339217053
leaf_weight=29.489306665491313 54.239187217317522 46.034056534059346 32.625242432579398 2.4874175544828176 1.8345229234546416 1.4122611097991464 4.8034513914026311 6.5978728020563704 4.1644539609551439 2.2313918443396688 149.25511237606406 11.634820247068998 278.26425550226122 11.485490920022128 2.1055203340947619 4.5557391289621583 631.48896578652784 26.001105135306716 423.58926804549992 32.923994338139892 173.21233777562156 6.5130122099071732 45.505399873480201 28.362261535599828 55.19567097350955 63.006865503964946 11.063186241779475 1.0019323090091341 1.587279364466667 32.549638660624623
leaf_count=1111 1231 430 2024 37 27 22 282 78 40 43 1801 93 3098 186 31 42 16823 265 5767 267 3559 71 1023 250 1495 4475 185 92 11 2057
internal_value=0 0.024247 -0.00175248 -0.00793559 0.107068 0.222357 -0.0465558 0.0154511 -0.000727985 0.070055 7.68243e-06 0.0627558 -0.000493602 0.00139607 0.0209121 0.0227013 -0.00220656 -0.00156758 0.00748184 0.00294767 0.0251714 0.0952986 -0.00845784 -0.00561646 -0.00848431 -0.00471603 -0.000557481 -0.047515 0.145347 -0.00240505
internal_weight=0 106.007 2069.21 51.7683 5.7342 3.24678 46.258 13.6327 2022.96 8.82926 1993.47 15.7993 1977.67 1828.41 284.926 282.82 1543.49 1532 662.24 629.726 206.136 32.5141 869.761 824.256 795.894 740.698 675.102 65.5961 2.58921 664.039
internal_count=46916 1747 45169 516 86 49 2427 403 42742 121 41631 133 41498 39697 3171 3140 36526 36340 9929 9593 3826 336 26411 25388 25138 23643 19065 4578 103 18880
is_linear=0
shrinkage=0.1


Tree=54
num_leaves=31
num_cat=0
split_feature=1 10 9 18 30 4 31 2 21 11 21 31 33 38 32 19 20 4 22 19 3 8 15 10 49 27 35 46 12 5
split_gain=6.12504 9.89984 8.10349 7.13147 11.5482 7.43371 13.9608 13.3952 8.72523 13.4345 9.46511 9.18761 8.55599 14.6289 8.35113 8.21264 9.35083 8.39373 12.632 8.08924 7.89614 7.78693 7.75138 8.81421 9.55475 8.42213 27.1978 7.74041 11.4492 7.64677
threshold=0.65354177266697455 0.66278539266780589 -1.1070198562567339 -1.0379072808819376 -0.088943377694018153 -0.10969457906697887 -1.0235182417033022 -0.9773530641211744 -1.2647430182989086 1.0128718454451768 -1.2888479407863629 -0.11142186253166429 -0.54724337010851021 45.500000000000007 -1.3436938433173886 -0.7432475357023155 -0.21311848521035601 1.9342711051099197 -0.27412602902140143 -0.78716629614943778 0.73063604188441322 2.3260460664698517 0.52333552484286072 -0.752328709455373 3.5000000000000004 -1.1347265234097363 1.010902377064288 2.5000000000000004 -0.25661717099800413 2.4039470216930785
decision_type=2 2 2 2 2 2 2 2 2 2 2 2 2 2 2 2 2 2 2 2 2 2 2 2 2 2 2 2 2 2
left_child=2 -2 -1 4 -4 6 7 -5 10 14 11 12 13 -8 -10 16 -7 -17 -19 -16 27 -14 25 -24 -25 26 -21 28 -12 -11
right_child=1 -3 3 5 -6 15 8 -9 9 29 20 -13 21 -15 19 17 -18 18 -20 22 -22 -23 23 24 -26 -27 -28 -29 -30 -31
leaf_value=-0.031962580787323662 0.10145343074426078 0.0056376555711998341 0.45839121164673008 0.31160518737507231 0.012164138606925199 0.26128125586749407 0.63792178955806378 -0.00075072124095443835 0.29169764342962695 -0.049001349759759436 0.14502124262963043 -0.023774489955179067 0.027705870567888626 0.00049717705447563344 -0.072016246712386572 -0.016210208775722299 -0.0021405221040585705 0.10188012298261212 -0.12895403099468541 0.98909465814559339 -0.0018291026856645958 0.20969474508891275 0.15479491753691277 -0.12254940827945567 0.086872145709633614 0.0020924952284043711 -0.012320711052936853 0.064571385495816508 0.46996984092002114 0.092222513735027808
leaf_weight=98.065991644980386 10.951071508694438 704.11525682592764 0.87825114093720946 2.8639809507876635 1.7076111487112928 2.3279317803680897 0.65944527136161812 2.6371273379772893 1.0015369541943062 70.987880695145577 3.7089826175943017 29.474929812829942 30.206896611955017 0.79301065998151898 14.185666698962448 464.7928779378999 3.1998108020052305 12.617657376453279 2.9191327318549147 0.36560139060020347 4.6385963172651818 2.5495735639706245 7.2255323436111238 3.5109831681475026 5.740836450830102 668.89034152845852 1.0504561159759758 4.8338267414364964 1.5322287795133869 4.0529903359711161
leaf_count=6368 117 10542 31 30 78 35 17 35 40 1848 41 1006 552 35 276 7396 33 99 24 21 61 32 155 60 182 17523 64 146 32 37
internal_value=0 0.00710505 -0.0042075 -0.00219037 0.163719 -0.00250892 0.00307233 0.161868 0.00205113 -0.00115691 0.0338465 0.017145 0.0524018 0.289901 0.00314229 -0.0123986 0.108796 -0.0137933 0.0585098 0.00273 0.106135 0.0418708 0.0042739 0.0720338 0.00739853 0.00260824 0.246227 0.155842 0.240018 -0.0413738
internal_weight=0 715.066 1447.42 1349.35 2.58586 1346.77 860.91 5.50111 855.409 777.012 78.3975 63.6839 34.2089 1.45246 701.971 485.857 5.52774 480.33 15.5368 700.969 14.7136 32.7565 686.784 16.4774 9.25182 670.306 1.41606 10.075 5.24121 75.0409
internal_count=46916 10659 36257 29889 109 29780 22193 65 22128 20206 1922 1642 636 52 18321 7587 68 7519 123 18281 280 584 18005 397 242 17608 85 219 73 1885
is_linear=0
shrinkage=0.1


Tree=55
num_leaves=31
num_cat=0
split_feature=27 20 14 38 38 32 32 11 49 35 35 40 49 4 33 10 20 28 25 34 31 15 0 3 38 10 15 19 28 21
split_gain=6.10554 9.03851 7.26599 12.4186 27.5517 16.9059 15.2689 7.5033 7.40066 12.0304 14.7973 12.2415 11.9371 16.7644 16.0544 12.7596 9.46433 11.448 20.6376 18.571 9.31665 9.30129 9.49678 15.4586 11.7002 10.3755 9.29745 9.06192 14.2744 13.8409
threshold=2.3004293062349839 0.46493881844541035 1.6086895075859411 985.50000000000011 1077.5000000000002 -1.3436938433173886 -1.4606111164023903 -0.94515585483874609 11.500000000000002 3.0164114252672101 2.006576305420928 0.44500000000000006 10.500000000000002 -0.96450241904994383 1.0000000180025095e-35 2.195988829225513 0.15578483170996874 -0.28598087710630354 0.53166317242246863 0.00077702670134330277 1.6395851394453442 -0.62217179065591099 0.084115410386827891 1.6340856464050852 376.50000000000006 2.1951525950729138 -0.72409762647431897 -0.64717691452286064 -0.20687666995723833 0.15793460021518435
decision_type=2 2 2 2 2 2 2 2 2 2 2 2 2 2 2 2 2 2 2 2 2 2 2 2 2 2 2 2 2 2
left_child=2 -2 7 -4 -5 6 -6 -1 12 10 26 -11 15 -14 -15 16 17 18 -9 -20 -19 -18 -23 24 25 -24 -10 28 29 -28
right_child=1 -3 3 4 5 -7 -8 8 9 11 -12 -13 13 14 -16 -17 21 20 19 -21 -22 22 23 -25 -26 -27 27 -29 -30 -31
leaf_value=-0.017357023071231752 -0.02700845608030282 0.03593431542040456 -0.061857037146948068 0.52321430999559193 0.072312586535185616 -0.024943536167551645 0.8731934014045355 0.017289227602780899 0.31876766684827129 0.052135327741560468 -0.065248134293748081 -0.0072950279600373898 0.32737022681093259 -0.0060623248648087316 0.070682139266891694 0.056694196011597114 0.035848037793168738 -0.0030273211104693996 0.082849734970501132 0.35600983816092174 0.34272213093890036 -0.024087180671486855 0.014851790856750868 0.15226766331433661 -0.044433506168655955 -0.21144934915474189 0.083069230343653447 -0.022053189268424811 0.0037759545377831268 0.44479295477339109
leaf_weight=238.70757495705038 29.956205440219492 95.691230339929461 45.733815788989887 1.1049134768545616 0.57207982055842876 13.210580408573149 0.40770503599196573 240.2213241038844 0.86913997842930157 45.411748285870999 69.962291001109406 146.37942144623958 1.9456663369201113 56.095053743105382 53.024676682427526 41.535658748820424 42.411978985182941 383.56679705018178 14.445701208896937 3.0069200964644542 0.78094476973637839 307.0080382572487 153.87855442520231 6.7582918219268313 48.347936140373349 2.0530050694942465 3.188841107767078 96.433621662203223 14.564938960131256 1.5829059421084819
leaf_count=6272 331 909 2549 23 32 404 12 5321 26 566 3276 4189 51 1807 447 905 450 9666 217 48 27 3521 1744 68 407 37 37 2916 625 33
internal_value=0 0.0209278 -0.00178681 -0.0357698 0.0422328 0.00478179 0.405573 -0.000735213 0.00155369 -0.0108111 -0.0288881 0.00677672 0.00500644 0.036418 0.0312302 0.00220202 0.000319771 0.00860878 0.0249174 0.129913 -0.0023248 -0.00917554 -0.0128616 0.00346889 -0.0014539 0.0118723 -0.00707873 -0.009525 0.0529541 0.203062
internal_weight=0 125.647 2033.21 61.0291 15.2953 14.1904 0.979785 1972.18 1733.47 378.393 186.602 191.791 1355.08 111.065 109.12 1244.02 1202.48 642.022 257.674 17.4526 384.348 560.458 518.046 211.038 204.279 155.932 116.639 115.77 19.3367 4.77175
internal_count=46916 1240 45676 3020 471 448 44 42656 36384 11668 6913 4755 24716 2305 2254 22411 21506 15279 5586 265 9693 6227 5777 2256 2188 1781 3637 3611 695 70
is_linear=0
shrinkage=0.1


Tree=56
num_leaves=31
num_cat=0
split_feature=29 15 26 26 5 40 9 0 22 38 38 5 2 10 1 28 14 38 8 0 2 19 12 26 35 4 1 5 10 46
split_gain=5.8602 6.91711 6.72079 7.54339 8.6949 8.20301 8.94637 9.58929 7.58535 6.64062 8.39108 7.36517 6.35815 6.31378 6.28052 6.23708 7.27251 9.30932 6.79178 6.33699 6.29051 5.7833 5.77748 8.00638 7.01288 6.7042 18.2509 18.6462 8.99662 6.1223
threshold=0.27176413327130683 7.4916442242751105 1.5661667078294377 1.2015971505129215 -1.1961742215755644 0.53500000000000014 1.3066773283987783 -0.60108798448926393 0.44862956959225031 912.50000000000011 574.50000000000011 -0.52466997415615091 -0.83006135231474343 1.6501308791699374 1.7179307335517462 1.1231445970476568 0.19968550677265451 2616.5000000000005 3.5893107819103243 -0.90750493482639072 -0.80335077545976064 0.96799167860950608 1.2970036594604641 -1.2673081460668674 1.0062659012505974 -0.97008885909856224 -1.389463699133058 -0.95782963796782361 -1.407621252424319 1.5000000000000002
decision_type=2 2 2 2 2 2 2 2 2 2 2 2 2 2 2 2 2 2 2 2 2 2 2 2 2 2 2 2 2 2
left_child=15 2 3 5 -5 12 7 -7 9 10 11 -9 13 -2 -15 18 17 19 21 -17 -21 22 25 24 -24 26 -1 -28 -27 -25
right_child=1 -3 -4 4 -6 6 -8 8 -10 -11 -12 -13 -14 14 -16 16 -18 -19 -20 20 -22 -23 23 29 -26 28 27 -29 -30 -31
leaf_value=-0.04694343118287056 -0.0018468063395206257 -0.11794231335965344 0.036795464672414437 0.31569796079121021 -0.043666283440664574 0.21040143017425064 0.3381416448283634 -0.077754216109639424 -0.09525224158732723 -0.085758795351863149 0.25016955225014509 0.066066638394761609 0.086246707425452707 0.1527902621651267 0.02608329803493193 0.36716720917443518 -0.075934583393175686 0.24181158863638785 0.079884829103693378 0.28961415355017611 -0.030550037460457487 0.039518729940260372 0.38808654496116285 0.086287711333315392 0.0016730140356070616 0.20607971047602006 0.76106146849805034 0.13577527328342978 -0.003516263580287577 -0.058488885800114833
leaf_weight=3.1576930731534958 365.28761021932587 4.3173574600368729 76.042513072490692 0.6853233128786077 38.307576917810366 3.1567545793950549 1.0511030629277218 4.1587971895933178 4.351250938139855 3.4990974068641654 2.1495999237522474 24.760303359013054 9.223723261151461 4.3954722546041003 35.56293180398643 0.42532420344651356 25.404277785914019 1.491539979353546 9.9499991727061552 0.6300965808332063 23.550989448092871 31.319553083274513 0.79385578026994963 3.149745544884353 1.1501053986139593 2.050862494390457 0.68454286362975869 1.5722679337486614 1428.5860643982887 40.203601422952488
leaf_count=60 7469 60 1448 16 712 34 15 185 133 48 27 340 157 56 663 24 1656 20 133 9 826 502 23 82 45 34 26 40 30103 1970
internal_value=0 0.00815982 0.00911057 0.00487119 -0.0373502 0.00846898 0.0499756 0.0427769 0.0291807 0.0448438 0.0595529 0.0453841 0.00415008 0.0022815 0.0400212 -0.00362155 -0.0378474 -0.00077255 -0.00246387 -0.015477 -0.0222074 -0.00300554 -0.00390461 -0.0390679 0.159473 -0.00279546 0.108269 0.325439 -0.0032158 -0.0479704
internal_weight=0 576.949 572.632 496.59 38.9929 457.597 43.1269 42.0758 38.919 34.5678 31.0687 28.9191 414.47 405.246 39.9584 1574.12 51.5022 26.098 1522.62 24.6064 24.1811 1512.67 1481.35 45.2973 1.94396 1436.05 5.4145 2.25681 1430.64 43.3533
internal_count=46916 11363 11303 9855 728 9127 782 767 733 600 552 525 8345 8188 719 35553 2535 879 33018 859 835 32885 32383 2120 68 30263 126 66 30137 2052
is_linear=0
shrinkage=0.1


Tree=57
num_leaves=31
num_cat=0
split_feature=38 38 38 38 34 9 38 38 49 38 19 26 35 40 6 28 21 38 38 25 10 3 32 6 27 3 28 6 46 38
split_gain=5.43568 22.4531 19.2443 12.9991 12.2823 10.3286 9.28562 11.4853 15.1663 10.4472 10.624 12.722 11.4819 10.5353 12.5524 10.0557 9.8495 14.9011 9.16015 9.11255 9.07593 10.829 9.76794 13.4457 12.7316 11.4215 11.796 8.97227 8.78755 10.258
threshold=236.50000000000003 312.50000000000006 328.50000000000006 310.50000000000006 0.9961803356390283 0.019054890917821605 368.50000000000006 364.50000000000006 1.0000000180025095e-35 394.50000000000006 0.77260004500095736 -0.56984142025036177 0.012882740602974379 0.13500000000000004 -0.47013240481795476 -0.62106540291347578 -1.3450853348642637 441.50000000000006 210.50000000000003 0.86965919155287319 1.6483931574598853 -0.75464800679552035 -0.8132162733892393 0.07169319517956145 0.24592402486112758 -0.81644051522401451 -0.51065427201830071 -0.7034783472316064 17.000000000000004 198.50000000000003
decision_type=2 2 2 2 2 2 2 2 2 2 2 2 2 2 2 2 2 2 2 2 2 2 2 2 2 2 2 2 2 2
left_child=4 3 -3 -2 20 -6 7 -4 -9 15 12 -12 -11 14 27 -8 17 -15 28 -18 21 22 -1 -24 25 -25 -27 -14 29 -7
right_child=1 2 6 -5 5 18 9 8 -10 10 11 -13 13 16 -16 -17 19 -19 -20 -21 -22 -23 23 24 -26 26 -28 -29 -30 -31
leaf_value=-0.012709131485955628 0.035429188628295936 -0.095509999629663569 0.018572914473690454 0.16181720620818085 -0.045091193258222417 -0.005813835608092178 0.13052494544483362 0.34160441202975889 0.064022455540009487 -0.034484788670414906 0.089504959383905472 0.0027007732226059932 0.04134325754266429 0.3796994859543259 0.094894393210439992 -0.066478747183654777 0.0052279327247596241 0.04345837926164927 -0.11738640301244103 -0.033356373082189375 0.030158818218635797 -0.002929226365933092 0.45372812599407447 0.48749328554711663 -0.055150659574220953 0.61574021613067753 0.04691517865512021 -0.18706498891386786 -0.09680771106901051 0.11559380791572496
leaf_weight=6.3160987454466513 123.88810519687831 21.061323368456215 33.514649689663202 8.7098318133503181 110.21766814240254 259.2072724213358 2.7947931308299294 2.7354753874242288 7.0185840558260679 95.202516849152744 28.631369840353727 41.150539636146277 3.9823849629610777 1.4177234973758484 23.891960171982646 35.526407451368868 230.81687361933291 18.737384984735399 7.5931715923361471 83.299258705228567 101.09325685817748 870.04562685149722 1.2520037107169608 1.1024172287434333 3.1174702188000083 0.41566545888781536 2.9656299937050798 3.0270374706015017 10.273252496263011 7.1514012925326815
leaf_count=291 1620 457 547 83 8879 5243 34 26 95 1494 393 621 38 17 199 651 4490 297 149 878 1915 17613 36 27 84 14 89 31 539 66
internal_value=0 0.00631493 -0.00152522 0.0437311 -0.00419148 -0.0191055 0.0017105 0.0463675 0.141869 -0.00168849 0.0019562 0.0383163 -0.00355513 0.0045084 0.0603729 -0.0521111 -0.000655937 0.0671098 -0.00902874 -0.00500409 0.00177293 -0.00146879 0.0822954 0.150074 0.100059 0.207974 0.116841 -0.0572954 -0.00605447 -0.00255419
internal_weight=0 765.406 632.808 132.598 1380.75 394.443 611.747 43.2687 9.75406 568.478 530.157 69.7819 460.375 365.173 30.9014 38.3212 334.271 20.1551 284.225 314.116 986.308 885.215 15.1693 8.85319 7.60118 4.48371 3.3813 7.00942 276.632 266.359
internal_count=46916 11971 10268 1703 34945 14876 9811 668 121 9143 8458 1014 7444 5950 268 685 5682 314 5997 5368 20069 18154 541 250 214 130 103 69 5848 5309
is_linear=0
shrinkage=0.1


Tree=58
num_leaves=31
num_cat=0
split_feature=35 40 40 0 35 32 20 5 20 29 20 29 2 3 3 32 1 25 19 21 27 4 19 3 3 38 42 3 32 30
split_gain=5.36263 22.2323 21.0889 7.51967 31.2839 10.3097 7.43604 10.7005 10.1268 7.90098 6.94483 11.1163 9.76732 7.81151 7.57819 6.55322 6.48932 6.35076 6.23066 8.32019 7.37398 8.5302 6.70832 11.4496 10.1089 7.05887 6.99596 8.92424 6.18411 6.44511
threshold=3.9952590000525823 0.33500000000000008 0.43500000000000005 -0.74816710542204412 4.9719404740209621 -0.44141739654154405 -0.11577486890992986 3.0317191931426586 -0.52657280905485249 3.492646081376142 -0.09307624775279183 -0.33363073416436967 -0.75939951564633346 1.2891311664199214 1.6340856464050852 1.4499736445317513 3.3458854348311831 -1.0663865969864883 0.52000265480297247 0.33546215399944096 0.43278534804191665 0.27624825298706612 -0.62761796263204517 -0.063887243265105684 3.7614599779132045 268.50000000000006 0.34375000000000006 1.4746025444997459 1.7819366635658505 -0.059350064553833244
decision_type=2 2 2 2 2 2 2 2 2 2 2 2 2 2 2 2 2 2 2 2 2 2 2 2 2 2 2 2 2 2
left_child=1 -1 -2 4 18 -6 7 9 -9 -3 11 -8 -13 15 -15 -12 17 -5 22 20 21 -20 23 -4 -24 26 27 -25 29 -19
right_child=2 6 3 16 5 -7 10 8 -10 -11 13 12 -14 14 -16 -17 -18 28 19 -21 -22 -23 24 25 -26 -27 -28 -29 -30 -31
leaf_value=0.0010207950729354601 0.071357422420648658 -0.066142667602708538 0.33401041565584916 -0.072295089241661808 0.39153240935199607 0.12674440748032667 -0.10445101310575547 0.29038989826166767 -0.10680929409269034 0.36611919810237636 -0.038236845138190673 0.050165769554269227 0.59297724127646867 0.25082168663360022 -0.0025716427660810743 0.031968672211188182 -0.19226943793467988 0.0029303405014023468 0.47717689294498022 -0.018377516707339749 0.021062606169805473 0.14202421971597823 -0.032261446840393365 0.2385231545756637 0.24746552133441374 -0.11652611301539247 -0.041601546704681247 -0.048104557994443159 -0.071333530956992935 -0.10262811607572674
leaf_weight=1358.6054191906005 47.8372558709234 81.429937139153481 1.3220981014892466 12.743196194525806 1.6329057337716246 14.779688260518013 0.96502256253734264 1.6722703734412792 1.0417468808591355 0.42505785822868247 87.053523913258687 0.61831344477832317 0.7146274410188187 2.0113441860303274 2.8563551590777934 15.692457137629388 1.8140535559505213 405.13988345582038 1.0433027730323359 6.1739304172806442 2.8603928564116359 2.7907645851373672 53.759479893837124 3.3151957057416386 1.3237321991473425 2.7419608738273391 3.4151340699754655 1.6156478673219679 12.024109076708553 5.8679943487513802
leaf_count=27376 761 5248 40 748 16 162 59 27 21 21 1899 21 27 21 32 230 29 8197 38 96 30 36 1178 58 10 43 77 32 97 286
internal_value=0 -0.00350595 0.00774743 0.00205294 0.0272781 0.153088 -0.0351289 -0.0574209 0.137929 -0.063898 -0.0179768 0.15404 0.341182 -0.0216501 0.102131 -0.0275143 -0.00352569 -0.00273998 0.00158337 0.0653525 0.142572 0.233224 -0.010575 0.0558452 -0.0255392 0.0226774 0.0684109 0.144606 -0.00064474 0.00142327
internal_weight=0 1553.09 582.201 534.363 96.7742 16.4126 194.481 84.569 2.71402 81.855 109.912 2.29796 1.33294 107.614 4.8677 102.746 437.589 435.775 80.3616 12.8684 6.69446 3.83407 67.4932 12.41 55.0832 11.0879 8.34598 4.93084 423.032 411.008
internal_count=46916 34982 11934 11173 1816 178 7606 5317 48 5269 2289 107 48 2182 53 2129 9357 9328 1638 200 104 74 1438 250 1188 210 167 90 8580 8483
is_linear=0
shrinkage=0.1


Tree=59
num_leaves=31
num_cat=0
split_feature=25 19 26 5 35 26 26 40 11 40 25 0 35 32 28 38 25 4 46 27 28 38 34 19 15 35 18 15 20 7
split_gain=5.01519 5.44052 7.68938 6.95121 6.19969 7.33307 5.95453 5.02425 11.7287 7.91828 25.1632 15.2954 24.4566 15.2264 21.6107 16.7281 13.1026 12.8397 11.4618 14.35 10.7844 10.476 7.64626 10.576 9.47946 11.4587 12.21 8.76427 8.45291 8.2534
threshold=-1.280478853404335 1.5737016914713131 -0.56994115904924747 -0.10239382267479018 -1.0000000180025095e-35 -0.70131686485555245 -1.2608544910523742 0.045000000000000005 1.7893684506093519 0.13500000000000004 0.020066643866691502 -0.749066041963243 4.9719404740209621 -1.0736574873389062 0.66412857555369731 147.50000000000003 -0.74959973589158857 -0.1096757336458727 3.5000000000000004 -0.83190422431525912 0.060283988697956724 7.5000000000000009 0.01196848674050408 1.5737016914713131 -0.62217179065591099 -0.002132936127592596 -1.0175784008124527 -0.51070522995588785 -0.39257624730998114 1.941337194827869
decision_type=2 2 2 2 2 2 2 2 2 2 2 2 2 2 2 2 2 2 2 2 2 2 2 2 2 2 2 2 2 2
left_child=1 4 -3 -4 5 -1 -6 8 -2 10 13 12 -11 14 15 -9 20 -18 -12 21 -17 -20 24 -24 29 26 -26 -28 -27 -15
right_child=7 2 3 -5 6 -7 -8 9 -10 11 18 -13 -14 22 -16 16 17 -19 19 -21 -22 -23 23 -25 25 28 27 -29 -30 -31
leaf_value=0.40868450745890139 -0.019049214007007185 -0.074078272638959233 0.0054056234555909669 0.41365715535227321 0.18362607105118389 -0.1025053581244771 -0.064764432590136617 0.038192136876487599 0.077233574477081582 0.011683213382603591 0.018405998197825832 -0.0063537038697335114 0.14080083374798863 -0.033395156220074128 -0.10279169206002015 0.80865794147555103 0.46356200328320463 0.030401719017437857 -0.43162243589225241 0.094439722092070577 0.30328098021736616 -0.0023645907764523327 -0.065642748379316579 0.11107172065366289 0.41635839605501018 -0.035574884464879518 0.26798579655396815 -0.051131446112162873 0.045613646017473364 -0.27351255411291997
leaf_weight=0.62893939623609185 221.70758041553199 1.5540306454058739 0.74485772103071213 0.94772117678075918 0.99577385745942137 0.50670395023189374 31.341715563088659 4.5370115882251394 13.417517417110501 342.5242516270373 72.829668734688312 1195.2256510639563 15.326211455278097 35.886743734590709 4.0017838284838936 0.76083392091095425 1.05116604315117 1.9608225235715508 0.59670801367610593 61.01831529987976 0.94882329367101192 12.042369095841421 45.619943041354418 3.6582723725587121 1.4024126110598443 23.995813473127779 1.3827184750698505 2.2793077034875746 27.543628131970767 1.490954226348548
leaf_count=23 2769 71 32 15 23 35 2088 231 128 7087 916 27263 174 920 248 19 28 38 13 831 27 290 2098 112 37 740 37 39 550 34
internal_value=0 -0.037063 0.0865328 0.233997 -0.0490507 0.180601 -0.0571157 0.000216865 -0.0135548 0.00196143 0.0167487 -0.000923575 0.0172131 -0.01113 0.0913873 0.175315 0.307077 0.181572 0.0465367 0.0743513 0.528185 -0.0226304 -0.0206192 -0.052524 -0.00389023 0.0219177 0.16545 0.0693618 0.00781376 -0.0429732
internal_weight=0 36.7197 3.24661 1.69258 33.4731 1.13564 32.3375 2091.21 235.125 1856.08 303.007 1553.08 357.85 156.52 13.2604 9.25866 4.72165 3.01199 146.487 73.6574 1.70966 12.6391 143.26 49.2782 93.9816 56.6039 5.06444 3.66203 51.5394 37.3777
internal_count=46916 2287 118 47 2169 58 2111 44629 2897 41732 7208 34524 7261 5158 591 343 112 66 2050 1134 46 303 4567 2210 2357 1403 113 76 1290 954
is_linear=0
shrinkage=0.1


Tree=60
num_leaves=31
num_cat=0
split_feature=49 46 31 28 5 9 38 38 38 7 38 31 19 21 21 28 38 38 15 19 17 20 4 7 10 14 46 40 7 26
split_gain=4.47707 7.71015 6.9049 15.5972 6.63261 5.46488 4.73849 18.6594 12.0222 16.3519 9.99261 19.7872 12.4221 19.0309 17.9933 12.8149 10.6081 10.1826 9.83127 12.0866 8.61719 8.12901 8.07357 9.15531 8.02493 8.75427 9.18278 7.42366 9.29744 7.30881
threshold=21.500000000000004 30.500000000000004 -0.97993523922449011 -0.038799852644963488 -0.13078942047782288 2.494365889016652 55.500000000000007 58.500000000000007 43.500000000000007 -1.330443702086902 32.500000000000007 -0.54842148816746894 0.96799167860950608 -0.049432668757359993 -0.49217217972026445 -0.48377131634042908 29.500000000000004 28.500000000000004 -0.17774339790166879 0.076087907543567673 0.0047417767128697863 1.4443200809437995 1.9342711051099197 -0.56454778243822656 -1.407621252424319 0.65193238404405485 13.500000000000002 0.44500000000000006 2.8462770554672523 -0.80114795142830586
decision_type=2 2 2 2 2 2 2 2 2 2 2 2 2 2 2 2 2 2 2 2 2 2 2 2 2 2 2 2 2 2
left_child=6 2 3 5 -3 -2 8 18 10 -10 16 12 21 14 -14 -16 17 22 19 -8 -13 -12 24 -24 -1 26 -26 28 -11 -27
right_child=1 4 -4 -5 -6 -7 7 -9 9 27 11 20 13 -15 15 -17 -18 -19 -20 -21 -22 -23 23 -25 25 29 -28 -29 -30 -31
leaf_value=0.17518782302769587 -0.090154835181463278 -0.050581145971553047 -0.083864631497922892 0.50282029753416202 0.20454304391356171 0.20254597202571994 0.72600307881507797 0.0030221012682731096 0.11639467934492778 -0.031443058713068572 -0.039050173907001939 0.048168418463980636 0.049196068181921543 -0.074464171293151624 0.21992997840841905 0.69046005292107182 -0.094975120438088464 0.13337352498434341 0.030427296305843524 0.18276814297487851 0.19165718489165318 0.086241171331950889 -0.060142579042948667 0.059302359278262697 -0.014525519116169764 -0.06317791404389668 -0.093470559185766119 -0.087954781061908072 0.32674307059603835 0.055685875961415415
leaf_weight=2.2769483760930589 2.8789138887077574 1.8781223054975269 20.845356306759641 0.65883546229452505 2.2277114335447541 0.81942889094352711 0.7163193114101889 1376.950181827182 6.9461534670554093 102.67723320564255 63.649475735612214 75.862942561972886 2.7622609678655863 3.7420380376279336 1.3247277028858664 1.0279650017619131 13.653724281350149 5.2227439451962701 1.0993378544226278 0.95642268424853683 4.4297166969627133 5.6370149236172429 8.023464070633052 32.051665236242115 304.36229535401799 6.308353246189653 15.483694463036953 26.821685439441353 0.7298303758725514 28.744618725730106
leaf_count=79 104 30 1465 30 16 4 31 24094 138 3877 1305 770 50 87 23 24 1404 55 28 20 54 73 84 611 9194 301 617 1168 15 1165
internal_value=0 -0.0392319 -0.059934 0.0545536 0.0878422 -0.0253021 0.000125202 0.00354389 -0.00650201 -0.0331009 -0.000151612 0.0212209 -0.0146016 0.0969133 0.222291 0.425519 -0.00828899 -0.00534821 0.262728 0.415398 0.0560846 -0.0288567 -0.00717201 0.0353882 -0.0119473 -0.0131479 -0.0183472 -0.0410748 -0.028915 0.0342944
internal_weight=0 29.3084 25.2025 4.35718 4.10583 3.69834 2091.46 1379.72 711.739 137.175 574.564 158.436 78.1435 8.85699 5.11495 2.35269 416.128 402.474 2.77208 1.67274 80.2927 69.2865 397.251 40.0751 357.176 354.899 319.846 130.229 103.407 35.053
internal_count=46916 1649 1603 138 46 108 45267 24173 21094 5198 15896 2386 1562 184 97 47 13510 12106 79 51 824 1378 12051 695 11356 11277 9811 5060 3892 1466
is_linear=0
shrinkage=0.1


Tree=61
num_leaves=31
num_cat=0
split_feature=14 6 38 14 38 6 14 14 38 28 12 9 4 20 2 35 25 38 38 14 38 31 38 38 38 6 6 38 21 6
split_gain=4.53987 9.91614 7.48464 10.53 10.2817 7.62296 13.042 15.8712 11.4736 13.3075 12.6572 32.1451 10.9655 11.8551 9.64977 9.60393 9.69182 9.4783 16.2824 18.978 12.695 19.4201 11.2044 17.7631 10.9753 10.0012 11.0246 9.83379 9.73124 9.60084
threshold=-1.1453800006332731 -0.9160905038238143 26.500000000000004 0.65193238404405485 5.5000000000000009 -0.57391948617567878 -0.44674817002018735 -0.58705917482292713 912.50000000000011 -0.43819112882361094 -0.2707015229810556 -0.11552590078943793 -0.73476290427103341 0.91638820700047952 0.7144412598231078 4.9990099375111292 0.020066643866691502 179.50000000000003 145.50000000000003 -0.11376166628240419 129.50000000000003 0.8766630004689997 312.50000000000006 332.50000000000006 310.50000000000006 -0.39239838326859328 1.4456736544017705 537.50000000000011 -1.2330674201165222 -0.19302789616021859
decision_type=2 2 2 2 2 2 2 2 2 2 2 2 2 2 2 2 2 2 2 2 2 2 2 2 2 2 2 2 2 2
left_child=1 -1 3 4 -2 15 7 12 9 -9 -11 -12 -7 -14 -10 -4 -17 18 19 28 -21 -22 24 -24 25 -19 -27 29 -8 -25
right_child=2 -3 5 -5 -6 6 17 8 14 10 11 -13 13 -15 -16 16 -18 22 -20 20 21 -23 23 27 -26 26 -28 -29 -30 -31
leaf_value=-0.010065152794032233 -0.0084181886688094159 0.019712124080438313 -0.021107092083839957 0.028638535374754838 -0.057106909985253765 0.18115996949706975 0.10730919217979414 0.031246355751323469 -0.099583246960036231 0.10219610296808113 -0.10313231825398633 0.67185832662038147 -0.038797303071943047 0.058051538085166277 0.084978799846455219 0.13605414775030378 -0.0039968837541302805 -0.081733486866204227 -0.048940809863175047 -0.023455922515799782 0.13870898512797755 -0.10489752032730232 -0.08877816153911712 -0.045681332624896126 0.14147992449146221 0.044084594932632039 -0.060662579020799773 -0.0033996292498396454 0.019381980900462538 0.050347221481931076
leaf_weight=182.10588358622044 94.977557454723865 289.80959134083241 245.75522803911008 36.148300930159166 79.823977105086669 3.0186718059703699 14.10170998284593 35.716059607453644 7.579724721144883 34.20023774029687 0.91639702906832132 1.2866635648533691 48.866369567112997 17.048644515685737 4.5235866974107921 7.9899650095030692 12.94952073600143 8.0419550235383195 91.910034582484514 244.25066032237373 11.368783722631632 4.5951586007140568 21.321933164494112 12.261489303782581 8.8331949859857541 101.36189179867506 11.153575527947394 297.07740042591467 117.18177497992292 69.001150907482952
leaf_count=2472 3514 3595 4659 1488 4248 34 187 372 122 353 37 14 1069 168 76 122 126 165 2446 10533 208 257 508 222 83 1336 449 5141 1761 1151
internal_value=0 0.00822147 -0.00290634 -0.0204921 -0.0306521 -0.000316321 0.00317325 0.0303699 0.0594931 0.0746134 0.117162 0.349489 -0.00521256 -0.0137478 -0.0306036 -0.0155679 0.049443 -0.000940827 -0.0110629 -0.00217047 -0.0178091 0.0685878 0.00830794 2.75733e-05 0.0338843 0.0260009 0.0337011 0.00503236 0.0288266 0.0358577
internal_weight=0 471.915 1643.26 210.95 174.802 1432.31 1165.62 153.156 84.2227 72.1194 36.4033 2.20306 68.9337 65.915 12.1033 266.695 20.9395 1012.46 483.408 391.498 260.215 15.9639 529.053 399.662 129.391 120.557 112.515 378.34 131.283 81.2626
internal_count=46916 6067 40849 9250 7762 31599 26692 2245 974 776 404 51 1271 1237 198 4907 248 24447 15392 12946 10998 465 9055 7022 2033 1950 1785 6514 1948 1373
is_linear=0
shrinkage=0.1


Tree=62
num_leaves=31
num_cat=0
split_feature=35 40 40 20 5 26 28 28 38 33 20 22 12 12 28 32 26 40 14 32 29 2 8 46 32 32 42 24 28 28
split_gain=4.3682 18.1999 18.1701 6.55815 8.31929 6.4963 12.8123 9.5125 13.645 6.027 16.9912 5.77968 5.63901 5.92612 6.55278 5.71881 8.79586 5.61219 13.3555 10.7513 10.1424 13.3175 12.0888 12.3502 13.178 21.6041 10.7593 10.468 11.0372 19.3568
threshold=3.9952590000525823 0.33500000000000008 0.43500000000000005 -0.11577486890992986 3.0317191931426586 -0.31187791185230018 -0.43291347163162869 -0.3502843354206952 70.500000000000014 -0.083930059364563783 1.0873412765671604 -0.37371140747597215 -0.97329790749776601 1.1866418922004989 -0.55114864132045105 1.260173452642608 -0.640082540992298 0.23500000000000001 0.97902245748401107 1.540337756608402 -0.77982431144623054 0.67330913641426726 -0.6731728957297386 10.500000000000002 1.0803721913219271 1.1189073995400343 0.28125000000000006 4.0672233479429627 -0.4053403302574235 -0.30949257307209649
decision_type=2 2 2 2 2 2 2 2 2 2 2 2 2 2 2 2 2 2 2 2 2 2 2 2 2 2 2 2 2 2
left_child=1 17 -2 4 -3 6 12 8 -8 10 -7 -6 -5 14 15 -14 -17 -1 19 20 -19 22 23 24 -22 -26 -24 28 -23 -30
right_child=2 3 -4 5 11 9 7 -9 -10 -11 -12 -13 13 -15 -16 16 -18 18 -20 -21 21 27 26 -25 25 -27 -28 -29 29 -31
leaf_value=-0.0029943943851544388 0.067917996493765759 -0.060412292266683813 0.0018173321349741148 0.13280908661158694 0.27122111991836334 -0.033867448040534667 0.57579604995790257 -0.041415764054988494 0.11584462782411371 -0.074888595702864033 0.22226256344279532 -0.01361434905256613 -0.032139598776495824 0.16384653284808651 -0.094097776631736921 0.0068333747793502047 0.20466595209596675 -0.06688787956081875 -0.052126412291284389 -0.024941462529332863 0.043640810866265589 0.021778047178863651 -0.066214580006697651 -0.032858379804895498 0.53866164976926345 0.10813837630461889 0.011146706649174762 0.3482463588150751 0.2451477846882264 0.054799314806391081
leaf_weight=993.03931803652085 45.145153385587037 76.748799508670345 527.44689929415472 2.7791971629485479 1.2783664586022498 26.832411164650697 1.014852643478662 1.3324068933725346 1.7697243639267979 26.284763394854963 2.8667365955188862 1.6090484708547581 21.36927428538911 1.8007201221771527 9.6271085927728546 9.6722088432870787 2.9276828994043163 11.419007118558509 30.037288249703124 50.260735826566815 76.444403917528689 25.87754424335435 22.954645980615169 18.100255904020742 1.339669607579707 8.9694641642272455 82.917384265456349 1.362881464883684 7.8308673307765302 16.811668967129663
leaf_count=19448 761 5269 11173 40 19 702 24 35 35 458 35 29 475 59 257 135 34 300 1365 517 1385 531 268 498 18 120 2112 13 184 617
internal_value=0 -0.00320533 0.00702894 -0.0323598 -0.0541432 -0.0163385 0.00900546 0.178329 0.283476 -0.0400116 -0.00914427 0.112493 -0.0054644 -0.0139295 -0.0212724 -0.000633194 0.0528013 0.00086076 0.0116653 0.017574 0.025372 0.0293837 0.0182097 0.0422772 0.0579535 0.164085 -0.00562638 0.0747677 0.06739 0.115288
internal_weight=0 1535.28 572.592 187.913 79.6362 108.277 52.2932 4.11698 2.78458 55.9839 29.6991 2.88741 48.1762 45.397 43.5963 33.9692 12.5999 1347.37 354.326 324.289 274.028 262.609 210.726 104.854 86.7535 10.3091 105.872 51.883 50.5201 24.6425
internal_count=46916 34982 11934 7606 5317 2289 1094 94 59 1195 737 48 1000 960 901 644 169 27376 7928 6563 6046 5746 4401 2021 1523 138 2380 1345 1332 801
is_linear=0
shrinkage=0.1


Tree=63
num_leaves=31
num_cat=0
split_feature=10 34 12 6 9 35 31 40 40 32 14 2 12 14 29 49 29 38 32 15 3 20 38 5 28 20 4 19 40 0
split_gain=4.38368 8.92647 7.38864 6.20553 8.62932 12.6876 7.56021 8.54498 7.4294 6.54963 6.70688 7.08225 6.82431 6.74597 6.57254 6.26426 6.0302 6.25584 5.985 14.5545 16.2894 10.4997 9.65735 10.292 10.5808 9.32653 8.56176 7.95701 7.9 11.7609
threshold=1.6483931574598853 0.0082734423660755455 -1.1799235470014735 -0.97774545982955596 -1.2383351602316022 2.9950882848353904 -0.91404694923229013 0.41500000000000004 0.44500000000000006 2.0155152669219363 -0.7902580529558263 -0.69919893799828658 0.57248148728550219 0.046821925642691338 0.33405174509906382 10.500000000000002 -0.71880909327404952 1627.5000000000002 -0.8202322209213353 2.7231663648311137 -0.47699273483990784 2.1728109998214449 3336.5000000000005 -0.35909015378417769 -0.32489915487361992 -0.64536381809584109 -0.88971208941043789 -0.52709771427299568 0.53500000000000014 -0.73136839643648244
decision_type=2 2 2 2 2 2 2 2 2 2 2 2 2 2 2 2 2 2 2 2 2 2 2 2 2 2 2 2 2 2
left_child=18 16 -3 -4 5 15 -6 9 -9 10 -8 14 13 -13 -12 -5 17 -2 21 28 -21 22 23 -1 -25 -26 -24 -22 -20 -30
right_child=1 2 3 4 6 -7 7 8 -10 -11 11 12 -14 -15 -16 -17 -18 -19 19 20 27 -23 26 24 25 -27 -28 -29 29 -31
leaf_value=-0.060656834327167078 -0.012748867331436129 0.17137875182144885 -0.10926409672959786 0.13527848613959023 0.12730528118138315 -0.10503780413957753 -0.07840676621596071 0.10424456490314307 -0.0025266794147301933 -0.13646586232843408 0.15522895585277566 -0.0053695436956668211 0.094129032075906102 -0.096588384816365058 0.0061330641840106857 0.484043516201211 0.039740367546924192 -0.26664257341815373 -0.0028190988027391381 0.39327572906500219 0.1733860603728308 -0.47338760744062613 0.36939685702686109 -0.082167503981887269 0.018493491150244235 -0.030796200618363419 0.018182330618076805 -0.021656423561498373 0.13644322118760449 0.01467364599964943
leaf_weight=46.00795946130529 10.674791740253566 2.2853560755029312 5.997200831770896 1.0538816973567007 3.8867041133344165 1.1840694653801618 17.324172257445753 9.2537486962974089 22.035444510169327 5.6825916003435841 4.4727153973653904 19.434358359780163 4.0443158047273746 13.910004288889466 8.7228705016896111 1.007160225883126 104.76788598718122 1.0675200186669815 1483.9619778217748 1.7831531185656775 3.631720337085425 0.50325798988342185 1.204851081594825 17.266291077714413 103.02202135208063 61.190546818310395 1.637332435697316 4.9324909020215264 8.4379294887185079 132.19323272048496
leaf_count=4199 174 22 60 13 39 54 210 63 237 33 42 226 40 158 80 28 2188 18 29749 13 31 4 15 600 4404 1389 64 60 67 2636
internal_value=0 0.0123959 -0.00671159 -0.0101605 -0.0048544 0.155836 -0.00964867 -0.014724 0.0290508 -0.033336 -0.0247061 -0.00631457 -0.0285437 -0.0434226 0.0566699 0.305708 0.032124 -0.0358309 -0.00204755 8.05901e-05 0.118305 -0.0171208 -0.0161238 -0.0184126 -0.00770298 0.000126668 0.167068 0.0610529 -0.000672402 0.0219799
internal_weight=0 236.805 120.295 118.009 112.012 3.24511 108.767 104.88 31.2892 73.591 67.9084 50.5843 37.3887 33.3444 13.1956 2.06104 116.51 11.7423 1865.77 1634.94 10.3474 230.832 230.329 227.487 181.479 164.213 2.84218 8.56421 1624.59 140.631
internal_count=46916 3685 1305 1283 1223 95 1128 1089 300 789 756 546 424 384 122 41 2380 192 43231 32556 104 10675 10671 10592 6393 5793 79 91 32452 2703
is_linear=0
shrinkage=0.1


Tree=64
num_leaves=31
num_cat=0
split_feature=27 20 38 1 7 27 12 4 2 9 38 38 28 34 46 34 4 35 4 0 40 40 29 49 21 26 25 4 8 8
split_gain=4.46801 7.30415 6.1203 7.89883 6.11529 8.36832 7.35594 10.9783 9.6717 5.75736 5.46019 5.29262 6.4081 5.24115 5.15444 8.37974 5.49027 5.08519 4.74493 5.00011 4.72264 6.21147 4.70814 5.15397 4.68281 7.89801 7.32763 6.89483 10.4093 10.132
threshold=2.3004293062349839 0.46493881844541035 593.00000000000011 -0.86979841245407552 -0.16867862678409998 2.4167707468746928 -0.44633243139791184 0.5451141193477006 1.1610950196955856 1.7737027091684954 1576.5000000000002 295.50000000000006 -0.56066509550221821 0.99998157644385632 21.500000000000004 2.0123987145880746 0.55226009915368512 1.0025100602889536 -0.14629403569917745 -0.58880181967462397 0.03500000000000001 0.20500000000000004 -0.043499150235510493 1.5000000000000002 -1.2330674201165222 1.7890021045516051 -0.41803997983616764 1.0892079196528603 1.0771609432586173 0.087707722981552619
decision_type=2 2 2 2 2 2 2 2 2 2 2 2 2 2 2 2 2 2 2 2 2 2 2 2 2 2 2 2 2 2
left_child=14 2 9 -4 10 22 8 20 13 -2 11 18 17 -7 24 -16 -17 -13 19 -3 -8 -22 23 -6 25 27 -27 -1 29 -29
right_child=1 4 3 -5 5 6 7 -9 -10 -11 -12 12 -14 -15 15 16 -18 -19 -20 -21 21 -23 -24 -25 -26 26 -28 28 -30 -31
leaf_value=0.023448485975463333 -0.073497797603600409 0.20878429041256946 -0.032486672969006501 0.18648031442387658 0.15548421712544605 0.042395562864736301 -0.077307144633523353 0.13113530288131081 -0.28179323456855498 0.066908841277768957 0.18598163606108992 -0.077227060107557755 -0.17152405000857179 -0.12646174020968759 -0.077261708574885971 -0.018752479067250402 0.19334785357230691 0.12622459540753689 0.039179048802178706 0.055723889700167756 0.096317945897183704 -0.015247456173236135 0.2267181053053916 -0.0089596685541779922 -0.002695418101293643 -0.10924291300405747 0.0022765954624834966 0.082113649497011026 -0.12841357093263814 0.29524935541763253
leaf_weight=74.817070492310449 18.554346611723311 4.4513335321098566 4.0293966727331281 2.7868221141397944 3.3057425059378147 4.2145729409530741 7.6198928561061612 6.8062795996665946 1.9408641960471866 3.4659845866262904 3.4591656792908898 2.1569530945271254 2.0416924450546494 3.2600307017564774 19.312868724809963 3.0086774213705203 2.0533268051221967 2.854157087393105 12.792629580944777 4.1002419069409441 6.5849693464115289 20.608475117944181 2.1857884014025313 4.5009591053240001 1733.6784384329803 6.1994471801444879 118.80337351048365 9.8525079325772804 1.7705288343131531 2.8830752326175562
leaf_count=1697 244 37 36 20 28 75 60 86 15 31 26 21 17 18 1231 65 23 34 126 40 65 184 26 51 39839 363 2272 140 18 28
internal_value=0 0.0181981 -0.0257664 0.0570383 0.0318472 0.0133088 -0.00307665 0.0149808 -0.0828968 -0.0513979 0.0673617 0.052912 -0.0221911 -0.0312512 -0.00154336 -0.0472437 0.0672829 0.038652 0.0777285 0.135396 -0.00772831 0.0117684 0.096995 0.060674 -0.000971521 0.012973 -0.00325415 0.0356821 0.0987785 0.130363
internal_weight=0 121.72 28.8365 6.81622 92.8837 61.0276 51.0351 41.6196 9.41547 22.0203 31.8562 28.397 7.0528 7.4746 1972.38 24.3749 5.062 5.01111 21.3442 8.55158 34.8133 27.1934 9.99249 7.8067 1948 214.326 125.003 89.3232 14.5061 12.7356
internal_count=46916 1240 331 56 909 608 503 395 108 275 301 275 72 93 45676 1319 88 55 203 77 309 249 105 79 44357 4518 2635 1883 186 168
is_linear=0
shrinkage=0.1


Tree=65
num_leaves=31
num_cat=0
split_feature=38 4 31 38 38 25 14 46 1 22 28 5 38 38 38 25 6 6 40 35 29 6 38 38 29 9 9 28 19 27
split_gain=4.35238 7.22162 9.61233 6.02384 17.0111 9.96671 9.85198 9.23485 5.89645 7.00428 7.57095 8.60117 5.88067 15.0012 9.09956 7.60144 7.14881 12.4706 9.77776 13.4524 8.72314 9.61827 8.73553 8.60715 8.48751 7.99392 7.94583 11.0514 14.0275 7.59564
threshold=2982.0000000000005 -0.97008885909856224 1.9044054365779555 256.50000000000006 264.50000000000006 -0.52707888290766969 1.4196903376414471 17.000000000000004 -0.78646410626173957 -0.13008286746991241 -0.31713470487190237 -0.50351368821547726 312.50000000000006 328.50000000000006 310.50000000000006 2.2956149544050173 -0.27812286435221101 -0.24860366722003846 0.22500000000000003 0.013950063782697799 -0.53995071500585667 0.87837208639158482 2132.5000000000005 448.50000000000006 -0.46457054599186037 0.92092502303435109 0.14409912162382785 -0.43291347163162869 -0.54265945168825602 -0.96432110125994941
decision_type=2 2 2 2 2 2 2 2 2 2 2 2 2 2 2 2 2 2 2 2 2 2 2 2 2 2 2 2 2 2
left_child=3 2 -2 6 5 -5 7 -1 -7 10 11 -10 14 -14 15 -6 29 -18 19 23 21 22 -21 24 -19 26 27 -22 -29 -15
right_child=1 -3 -4 4 12 8 -8 -9 9 -11 -12 -13 13 16 -16 -17 17 18 -20 20 25 -23 -24 -25 -26 -27 -28 28 -30 -31
leaf_value=-0.0013446309547080796 0.26189533445553748 -0.038104567227632551 -0.082066265133828808 0.23191487225256779 0.010371965913587029 -0.033979778616869218 -0.05847870049302515 -0.088514096776545897 -0.074552200193445411 0.22993173830700267 -0.071874673268793141 0.13887092401654455 -0.087874070207925023 0.037943357881347346 0.1245751408929725 0.14711428714472533 0.1328063250349199 -0.02353967131676965 -0.0049535803844981199 0.10226851677925275 0.27313755664698042 -0.070249433186353752 0.27086436130126496 -0.019496056534828714 0.14977069633071649 0.079618761700228996 -0.081207774108128947 0.38819825967835841 -0.05785548664149396 -0.014852449682324005
leaf_weight=1315.3094935806002 1.893230659887194 49.877817895729095 1.4232574813067911 3.9610893437638905 71.95985533343628 5.1611012434586945 31.793871152563952 12.266838619951157 2.3439778145402732 2.8890561973676006 3.3845760095864525 9.7137317964807135 18.324937433470041 31.1064512738958 8.9699499923735839 4.3086892911232999 8.6696121022105199 4.9020591489970684 163.62120336084627 21.133380137849606 1.8037802688777445 2.7533072400838128 3.5961959967389694 49.128209827467799 6.6713663558475655 17.554407374933362 9.0323093780316395 0.79910785797983397 5.9884185055270809 219.79689784813672
leaf_count=31707 24 729 29 48 940 55 2537 1055 21 26 35 104 457 557 83 37 117 70 3248 260 22 108 50 822 99 160 116 13 155 3232
internal_value=0 -0.0286035 0.114286 0.00037181 0.00807442 0.0851799 -0.00346753 -0.00215008 0.0604387 0.0870218 0.0602852 0.0973822 0.00481838 0.00112388 0.0293021 0.018097 0.0041078 0.0146434 0.0110738 0.0323316 0.0648337 0.107046 0.126786 -0.00121947 0.0763631 0.031855 -0.0157212 0.0531269 -0.00534077 -0.00830694
internal_weight=0 53.1943 3.31649 2036.94 677.574 27.4535 1359.37 1327.58 23.4924 18.3313 15.4423 12.0577 650.12 564.882 85.2385 76.2685 546.557 295.653 286.984 123.363 62.6609 27.4829 24.7296 60.7016 11.5734 35.178 17.6236 8.59131 6.78753 250.903
internal_count=46916 782 53 46134 10835 289 35299 32762 241 186 160 125 10546 9486 1060 977 9029 5240 5123 1875 884 418 310 991 169 466 306 190 168 3789
is_linear=0
shrinkage=0.1


Tree=66
num_leaves=31
num_cat=0
split_feature=20 3 3 20 49 2 8 4 46 34 1 40 4 38 3 28 3 38 22 38 32 32 38 21 9 9 26 9 35 19
split_gain=4.01973 8.74691 7.36864 10.1366 6.68074 7.48316 6.30093 6.02984 4.63693 7.28312 4.61955 4.71755 4.5839 4.51983 6.24141 6.41747 5.95453 4.42247 7.12378 7.84112 7.66595 7.40485 6.93285 7.00676 4.99984 4.84086 4.82038 4.47481 5.88831 4.37828
threshold=3.2850745008845155 -0.072898315992357438 -0.12165695231388575 4.0027640783861056 4.5000000000000009 -0.68452864178624007 -0.92858576184442765 0.50514754284199359 21.500000000000004 2.9821287439571158 0.67246454278161483 0.12500000000000003 0.55226009915368512 3.5000000000000004 -0.64492867775945439 -0.33205501345955785 0.27915472368162314 2982.0000000000005 -0.0068596300999592347 3336.5000000000005 0.25883009553431807 1.5056132964570244 3743.5000000000005 -0.91968094469826289 -0.10660593169609332 -1.5798035608020125 -0.44615909311083118 1.3922488615653335 1.0086569942992274 0.18106670929793237
decision_type=2 2 2 2 2 2 2 2 2 2 2 2 2 2 2 2 2 2 2 2 2 2 2 2 2 2 2 2 2 2
left_child=8 2 4 -4 -2 6 7 -6 13 -10 -3 -12 -11 14 15 -1 -16 25 27 26 22 -22 23 -21 -25 -15 -20 -19 -29 -7
right_child=1 10 3 -5 5 29 -8 -9 9 12 11 -13 -14 17 16 -17 -18 18 19 20 21 -23 -24 24 -26 -27 -28 28 -30 -31
leaf_value=0.12308682517941912 0.060580379514011434 -0.044482596022061498 0.050692437817471486 -0.31984978636206374 0.12732159634521165 -0.0091080882817721389 0.17219011104411391 -0.067808313621091854 -0.077103364134870261 -0.022622878222198727 0.22298908877973661 0.076413236364309647 0.17047849371323653 -0.046932613465725942 -0.096178324292286718 -0.15913000733264981 0.006148966900619602 -0.08108588528151621 0.060691565679058306 0.45500245756257879 -0.079740284289917904 0.17621169409937165 -0.027529460154032168 0.011884492687156009 0.29040135720606791 0.0011909725743346452 -0.12733236142477819 0.10034450427247806 -0.069070595347040672 -0.094965692266886281
leaf_weight=3.8528082431294024 21.256395579315722 1.7428207546472538 1.3925978112965816 1.5712549705058334 2.5582066550850868 18.009191859513525 3.4886581227183324 4.1570548601448536 17.374522296246145 2.8887440962716928 3.5756262522190791 5.6900830557569861 2.1400103457272053 21.136417041765526 15.97027993691154 1.018812346272173 8.8315226961858553 22.917796490713958 2.0181321622803807 1.0503516336902987 3.9218717790208757 1.5879843570291994 1.3587945867329834 1.312979052308948 1.2660539560019932 1891.8306299437536 4.2034561531618264 3.6229896619915944 4.7300029844045639 8.862204520031808
leaf_count=82 441 19 29 16 23 120 24 34 1268 45 36 77 15 1462 743 59 274 371 35 19 58 14 30 29 14 41399 70 24 31 55
internal_value=0 0.02281 0.00807006 -0.145747 0.0158855 -0.00973937 0.0631664 0.00652723 -0.00118824 -0.0464289 0.104882 0.132977 0.0595523 -0.000679085 -0.0394152 0.0640662 -0.0597412 -9.29262e-05 -0.0300759 0.0226148 0.0753345 -0.00597289 0.165145 0.23728 0.148609 0.000659254 -0.066342 -0.0582482 0.00441075 -0.037424
internal_weight=0 72.3041 61.2956 2.96385 58.3317 37.0753 10.2039 6.71526 2013.03 22.4033 11.0085 9.26571 5.02875 1990.63 29.6734 4.87162 24.8018 1960.96 47.9904 16.7196 10.498 5.50986 4.98818 3.62938 2.57903 1912.97 6.22159 31.2708 8.35299 26.8714
internal_count=46916 874 742 45 697 256 81 57 46042 1328 132 113 60 44714 1158 141 1017 43556 695 269 164 72 92 62 43 42861 105 426 55 175
is_linear=0
shrinkage=0.1


Tree=67
num_leaves=31
num_cat=0
split_feature=29 29 9 38 34 36 40 40 29 2 28 14 25 8 21 46 20 21 25 8 19 22 24 40 21 3 35 7 25 7
split_gain=3.88277 4.1305 5.40895 5.93709 5.73759 6.27757 6.41142 9.68125 6.1083 5.36671 5.20253 6.20972 7.33665 5.51759 6.25618 8.80522 6.96975 6.48918 8.39111 5.83257 5.34529 5.76673 5.76462 8.57049 8.30622 7.94729 7.6826 7.98995 9.58765 7.5919
threshold=5.4590998955452337 0.27176413327130683 1.3691094763137175 3.5000000000000004 0.99767473177052912 1.5000000000000002 0.03500000000000001 0.13500000000000004 0.35399795879203749 -0.83006135231474343 1.1231445970476568 -0.63192212288053196 -0.53632037190837534 3.5893107819103243 -1.4779206027380669 12.500000000000002 0.60267982462899383 -1.4500674688682624 2.0162356126837131 -0.94329308342216345 0.96799167860950608 -0.70146396067380168 -0.23218170332536578 0.54500000000000015 -0.50484731912546243 0.23707524528771495 2.0027891817312464 -0.75588015282135734 0.93198671083030982 2.83206285550638
decision_type=2 2 2 2 2 2 2 2 2 2 2 2 2 2 2 2 2 2 2 2 2 2 2 2 2 2 2 2 2 2
left_child=1 10 3 -3 -4 -6 -7 -8 -9 -5 13 12 -12 14 15 -1 -17 18 -16 -19 22 -22 -21 25 -25 29 27 28 -27 -24
right_child=-2 2 4 9 5 6 7 8 -10 -11 11 -13 -14 -15 17 16 -18 19 -20 20 21 -23 23 24 -26 26 -28 -29 -30 -31
leaf_value=-0.1077417218014773 -0.14696723061019082 -0.083997158322791629 0.05347948683626283 0.0029212177963276673 0.1472725639027502 -0.094599688949161806 0.14898890065065407 0.13356117621687 -0.041565791538300326 0.074037398133862106 0.17712256638745782 -0.051809908545964956 -0.02142500782073033 0.072946652748889881 -0.046630528847657546 -0.10885186714665381 0.14598054187898282 -0.29485866221403939 0.20877679386635878 -0.001152700136703788 -0.20057134625878259 0.048342745124288822 -0.063924944262943748 -0.10374218616750447 0.15998150143335996 -0.06012262287802296 -0.062697660325943372 0.18511517985256401 0.25172677271870625 0.042502735913584382
leaf_weight=12.165333043783905 1.804231823189183 7.6949223550036541 47.265615894459188 462.74200264085084 2.616184137761592 7.4490946009755161 4.2168257422745254 2.280886014923456 15.706360204610972 10.860421196091918 2.7369246291927993 39.788617017213255 5.8158447095192951 9.7960994308814389 2.1255366546101859 1.679423797642811 2.9736115396954119 0.68000228237360616 3.2580146472901106 1320.4771937921178 0.96214231010526674 28.522230378119275 57.927740209503099 1.6451664916239677 4.3575687964912495 4.7105905665084729 6.0438501341268411 4.2101580034941444 1.2468234803527591 7.5795670012012115
leaf_count=206 33 367 848 9642 15 48 40 17 159 194 84 2318 133 133 59 75 25 12 30 29824 14 481 1625 71 114 82 117 50 9 91
internal_value=0 -0.000205447 0.00712851 0.00313631 0.0312869 -0.00121909 -0.0143199 0.0126126 -0.0193587 0.00455202 -0.00291376 -0.035193 0.0421111 -0.00185251 -0.00235419 -0.0629926 0.0540037 -0.00164781 0.107937 -0.00205796 -0.00191947 0.0402201 -0.00280178 -0.0276254 0.0877029 -0.036097 0.0265908 0.079666 0.00514414 -0.0516107
internal_weight=0 2079.53 560.832 481.297 79.535 32.2694 29.6532 22.2041 17.9872 473.602 1518.7 48.3414 8.55277 1470.36 1460.56 16.8184 4.65304 1443.75 5.38355 1438.36 1437.68 29.4844 1408.2 87.7215 6.00274 81.7187 16.2114 10.1676 5.95741 65.5073
internal_count=46916 46883 11330 10203 1127 279 264 216 176 9836 35553 2535 217 33018 32885 306 100 32579 89 32490 32478 495 31983 2159 185 1974 258 141 91 1716
is_linear=0
shrinkage=0.1


Tree=68
num_leaves=31
num_cat=0
split_feature=10 40 46 9 3 15 38 29 19 29 19 49 40 15 46 38 9 49 2 38 23 35 3 19 31 1 14 14 1 2
split_gain=3.80444 7.68183 6.92169 9.59498 7.36549 6.787 6.20893 6.33538 8.6439 7.90505 5.87579 5.30558 8.3147 5.39278 5.01478 5.66277 6.46549 6.34774 4.96591 4.71971 5.19085 6.11786 5.70725 4.26562 4.19633 12.0569 7.12606 8.24125 9.49634 7.05255
threshold=2.1951525950729138 0.025000000000000005 10.500000000000002 -1.1166319151705053 -0.7137324733361754 -0.55775130210924295 83.500000000000014 -0.38121716583582749 0.67151248300418231 -0.71880909327404952 1.4290984143838419 20.500000000000004 0.15500000000000003 -0.48541961363451175 17.000000000000004 328.50000000000006 1.7375980598710392 21.500000000000004 -0.68452864178624007 3.5000000000000004 1.3365822625510326 3.9999815960291953 0.27915472368162314 -0.27596945125938421 -1.2821927326242124 -0.038335830237856278 -1.507797691239684 -1.0822102560923519 2.0397656342888082 1.8707046746331792
decision_type=2 2 2 2 2 2 2 2 2 2 2 2 2 2 2 2 2 2 2 2 2 2 2 2 2 2 2 2 2 2
left_child=14 -2 4 23 6 18 7 9 -9 -3 -10 13 -13 -7 19 -16 -17 -18 -5 20 22 -22 -1 -4 25 -21 -26 28 29 -28
right_child=1 2 3 5 -6 11 -8 8 10 -11 -12 12 -14 -15 15 16 17 -19 -20 24 21 -23 -24 -25 26 -27 27 -29 -30 -31
leaf_value=-0.093778681042763101 -0.19552503620962478 -0.13685529582549333 0.39931868026149958 0.059330029956230337 0.07911986251278201 0.11905612481898349 0.086021239839288624 -0.35054767494795119 0.10708400809940753 0.10747076189550227 -0.1509316879799808 0.38295489076533218 0.02746606700144413 -0.015572771940982605 -0.094746064543216199 -0.032711128890443024 0.21943710379041415 -0.030681262860895571 -0.091166883993613584 -0.10198648126839345 -0.028497520207497393 0.30117421257392962 0.0083833702697007177 0.086217025001528738 -0.021815861169238376 0.10539962825974414 0.016595986597530404 -0.0016337343370642948 -0.19082619484029356 0.14096004144021754
leaf_weight=15.160133152268832 1.6391254272311915 2.0191257596015939 0.7821663673967123 2.6338896919041881 30.527934315614402 3.3952356167137649 5.1432575741782776 1.3092775214463479 1.4322599451988938 3.8477943753823638 2.2999451141804457 0.9643140304833645 2.0709928465075791 24.058253434486691 11.806031282758338 22.037727884482596 2.2036778535693875 1.8805884309113023 13.083972536027428 3.7515230998396882 1.4673694772645824 0.91324060037732113 8.5534619847312552 0.98067863890901097 143.55029035452753 11.091756118461486 274.65865267813206 1476.0498946263688 2.1808229535818091 4.6368905231356612
leaf_count=795 15 30 12 23 903 37 124 26 28 70 41 12 51 210 1199 1179 17 32 137 40 39 13 264 28 1801 93 3098 36526 31 42
internal_value=0 0.0191068 0.0228277 -0.00383433 0.0502852 -0.01257 -0.00455404 -0.0472598 -0.129471 0.0233849 -0.0519163 0.0149478 0.140405 0.00107709 -0.00125829 -0.0372702 -0.0112935 0.104271 -0.0659477 -0.000554969 -0.0427973 0.0979699 -0.056929 0.225139 2.03585e-05 0.0529844 -0.000393176 0.00135657 0.0170376 0.0186607
internal_weight=0 96.1882 94.5491 47.9695 46.5796 46.2067 16.0517 10.9084 5.04148 5.86692 3.73221 30.4888 3.03531 27.4535 1979.94 37.928 26.122 4.08427 15.7179 1942.01 26.0942 2.38061 23.7136 1.76285 1915.92 14.8433 1901.08 1757.53 281.476 279.296
internal_count=46916 1747 1732 510 1222 470 319 195 95 100 69 310 63 247 45169 2427 1228 49 160 42742 1111 52 1059 40 41631 133 41498 39697 3171 3140
is_linear=0
shrinkage=0.1


Tree=69
num_leaves=31
num_cat=0
split_feature=40 40 40 34 6 31 0 28 28 1 28 20 40 15 27 14 20 8 33 2 28 4 25 29 32 19 1 14 6 38
split_gain=3.60193 17.5867 14.2731 8.45144 15.1516 17.3251 12.4316 7.05894 5.80335 5.57561 7.75285 4.63393 7.22745 10.4768 10.2172 9.68556 11.1374 8.85616 8.8785 8.80517 8.72423 10.9159 12.8355 8.16499 8.81645 8.66711 18.6601 20.5015 11.4368 11.1046
threshold=0.41500000000000004 0.34500000000000003 0.43500000000000005 0.98887472045969338 1.3974503352586811 1.6899290386442634 0.40470953503504919 -0.59034403474265351 -0.58276502544711994 1.5367684771616057 4.2216666320579108 0.24805798529465675 0.23500000000000001 -0.62217179065591099 1.8281925192194415 0.97902245748401107 0.21784478543548511 0.57694526249573774 2.164481754041212 0.94198440229806868 -0.35802751924692883 -0.087971636469420994 0.93198671083030982 -0.77982431144623054 1.1826418925171558 -0.6926475156560995 -0.50012172796527976 -1.2103757412366083 0.42061546673690969 101.00000000000001
decision_type=2 2 2 2 2 2 2 2 2 2 2 2 2 2 2 2 2 2 2 2 2 2 2 2 2 2 2 2 2 2
left_child=1 11 -2 4 7 6 -6 -3 -9 10 -10 12 13 14 -1 23 -17 18 19 -16 21 -15 -23 -14 25 26 -25 -28 -27 -30
right_child=2 3 -4 -5 5 -7 -8 8 9 -11 -12 -13 15 20 17 16 -18 -19 -20 -21 -22 22 -24 24 -26 28 27 -29 29 -31
leaf_value=-0.041545894448785328 0.060468233172091837 0.045612066703934251 0.0018492274384509953 -0.090927759463677593 1.0424971051004011 -0.10269659526330205 0.26797557169999686 -0.24495428321820639 -0.059081026208073067 0.035435742125923812 0.37670144780648634 -0.0061250027948350104 -0.078650897299982092 0.082575344934795333 0.068926137291977455 -0.062526324318658316 0.33442600327280808 -0.12842089569863621 -0.046784869310934368 0.31757155641661017 -0.0034190734791460439 0.0081238212867058204 0.3414144473909731 0.06396448815647679 -0.031035380116425915 0.023569626333780569 0.025423434901425474 0.61402783456477905 -0.089587203974506466 0.2065126533405858
leaf_weight=96.376757942372933 45.025402715429664 9.7727735955268127 536.23644681158476 27.946079012937844 0.34896974405273684 0.64664705470204353 0.5102346739731729 1.4375843950547267 44.37843476026319 8.0260766362771374 0.41203621868044038 664.53097052313387 7.1028330577537409 28.92108054086566 13.511634113034239 18.558705262606967 0.73480453435331483 3.0516236703842869 6.2248862809501579 1.592031038366257 263.5170165131567 92.463573044864461 1.1701106131076802 17.824747605249289 20.856880898820236 149.38973562815227 1.0401535127311947 1.3726775965187688 1.5846718987449993 6.3094762868713588
leaf_count=3251 791 186 11558 3201 26 38 20 31 2168 114 12 7658 256 860 234 1321 16 50 82 23 8047 1796 11 482 351 4028 16 25 151 113
internal_value=0 -0.00289164 0.00638994 -0.0448833 -0.0252479 0.28829 0.582551 -0.032622 -0.0467143 -0.0413185 -0.0550722 -8.0071e-05 0.00541067 -0.00120841 -0.026916 0.0203356 -0.0474082 0.0309172 0.0537148 0.0951351 0.0068325 0.0288754 0.0122888 0.0266963 0.0304682 0.0376942 0.0992934 0.360285 0.0297683 0.147074
internal_weight=0 1489.61 581.262 93.4788 65.5328 1.50585 0.859204 64.0269 54.2541 52.8165 44.7905 1396.13 731.603 506.829 120.757 224.775 19.2935 24.3802 21.3286 15.1037 386.072 122.555 93.6337 205.481 198.378 177.521 20.2376 2.41283 157.284 7.89415
internal_count=46916 34567 12349 5796 2595 84 46 2511 2325 2294 2180 28771 21113 14354 3640 6759 1337 389 339 257 10714 2667 1807 5422 5166 4815 523 41 4292 264
is_linear=0
shrinkage=0.1


Tree=70
num_leaves=31
num_cat=0
split_feature=27 20 1 10 38 7 27 6 4 29 49 9 1 32 46 34 4 40 40 29 21 27 11 8 28 21 4 20 3 9
split_gain=3.54492 6.07972 6.02915 7.1076 5.24271 5.11759 5.88625 6.18169 7.07255 6.02895 4.97711 5.21837 4.81406 4.53838 4.75468 6.60957 4.89684 4.25798 5.3067 5.39145 4.20119 7.48016 7.09887 7.49526 8.40751 8.40555 9.59052 7.50233 6.87944 15.3136
threshold=2.3004293062349839 0.57439330840852376 -0.61200749913335462 -0.54027687942668934 593.00000000000011 -0.16867862678409998 2.4167707468746928 -0.57391948617567878 0.5451141193477006 -0.71882401023615838 11.500000000000002 1.4082469820567394 -0.86979841245407552 2.6415807239502875 21.500000000000004 2.9821287439571158 0.55226009915368512 0.03500000000000001 0.20500000000000004 -0.32141101699940078 -1.2330674201165222 -0.53541689649341906 1.0267809092209252 1.577489259868319 -0.28189363520303373 -0.78495918405840526 -0.3853969673526032 0.10160858925246243 0.27915472368162314 -1.2902592661298373
decision_type=2 2 2 2 2 2 2 2 2 2 2 2 2 2 2 2 2 2 2 2 2 2 2 2 2 2 2 2 2 2
left_child=13 4 -3 -4 -2 10 -7 9 17 -8 -5 -12 -6 14 20 -16 -17 -9 -19 -20 21 -1 -22 24 27 -25 -27 -24 -26 -30
right_child=1 2 3 5 12 6 7 8 -10 -11 11 -13 -14 -15 15 16 -18 18 19 -21 22 -23 23 25 28 26 -28 -29 29 -31
leaf_value=0.0076575915330825131 -0.044219687987878398 0.16629769707382114 -0.20793325571236349 0.041925717690747863 -0.030729326431868726 0.083077836187238699 -0.27508210425357787 -0.072027165989438369 0.1066005420638069 -0.043125541379350679 0.2459841766712717 0.056444446680434815 0.12300263585530935 0.050472109027755674 -0.079776495441173018 -0.043886579481281905 0.17402757521658152 0.095204739387443324 -0.04983865051900277 0.061739731083220173 -0.00093008879979586401 0.093321633237361756 0.19669977205984557 0.0086979815209664944 -0.070802190206327414 -0.043824819091126725 0.36425358462339891 -0.001999880840931792 0.369183924569634 -0.026126883575066064
leaf_weight=201.34993846551515 23.994752112776041 3.1390618295408776 1.2883398607373227 18.759251592680815 3.9481320101767778 9.8028762973844987 1.3372191861271856 7.3403016384690991 6.8787363758310667 6.9154231110587698 2.8039244115352622 3.0138994306325912 4.2080092597752792 16.764630975667387 15.812491732649507 2.1156594436615697 2.0117744356393814 6.1615736922249225 12.590772494673725 6.6009642416611358 1550.7513379082084 10.736825288273392 2.0209739292040458 18.568250207696114 55.49987645202782 0.93875481304712627 1.490000617224722 31.800459625199437 1.0062091150321055 37.532446881989017
leaf_count=4404 311 22 11 185 36 103 11 60 89 92 21 34 29 177 1258 41 13 62 107 67 36342 111 38 493 1742 33 18 371 16 619
internal_value=0 0.0164606 0.0302429 0.0251277 -0.0206765 0.0287803 0.0124861 -0.00198337 0.0144349 -0.0807107 0.0669866 0.147794 0.0485858 -0.00133349 -0.00178311 -0.0503618 0.0623281 -0.00495679 0.0144615 -0.0114615 -0.00127641 0.0119943 -0.00293241 -0.023792 -0.0328853 0.0315809 0.206524 0.00987327 -0.0482636 -0.0158057
internal_weight=0 118.783 86.6323 83.4933 32.1509 82.2049 57.6279 47.825 39.5723 8.25264 24.5771 5.81782 8.15614 1948.4 1931.63 19.9399 4.12743 32.6936 25.3533 19.1917 1911.7 212.087 1699.61 148.857 127.86 20.997 2.42876 33.8214 94.0385 38.5387
internal_count=46916 1240 864 842 376 831 591 488 385 103 240 55 65 45676 45499 1312 54 296 236 174 44187 4515 39672 3330 2786 544 51 409 2377 635
is_linear=0
shrinkage=0.1


Tree=71
num_leaves=31
num_cat=0
split_feature=38 38 7 38 38 29 40 4 7 25 25 2 40 25 19 33 29 19 27 19 28 22 40 7 12 4 1 22 21 15
split_gain=3.48144 11.7944 9.15692 11.6112 9.29255 7.51713 7.07378 6.80679 10.1814 6.79127 11.2379 15.4733 7.97442 6.74395 17.3398 10.9904 6.88342 6.64071 6.29157 9.67947 9.61572 12.2129 18.2856 10.7097 12.9039 9.4758 9.25424 7.37633 7.15461 20.8832
threshold=55.500000000000007 58.500000000000007 -1.2946317325892536 43.500000000000007 42.500000000000007 -0.68881417607324591 0.44500000000000006 2.2587486514141166 -0.30690542312203684 0.074601142315945529 0.13175636098994342 0.53617860191668032 0.25500000000000006 -1.1216969083503696 -0.7432475357023155 -0.096102844350655969 1.7046366633145693 -0.44002062297168987 0.53648578783333378 -0.19456256076500744 -0.35461915676316819 -0.19168393884587978 0.14500000000000005 -0.57859666140381194 -0.97335773120915658 1.9342711051099197 1.6330604916994051 -0.67244321440406363 -0.037994900062107921 -0.041344585584279052
decision_type=2 2 2 2 2 2 2 2 2 2 2 2 2 2 2 2 2 2 2 2 2 2 2 2 2 2 2 2 2 2
left_child=2 -2 13 4 7 -6 9 18 17 -5 11 12 -11 14 -1 16 -15 -9 19 27 21 23 -23 -21 -25 28 -27 -4 -26 -30
right_child=1 -3 3 6 5 -7 -8 8 -10 10 -12 -13 -14 15 -16 -17 -18 -19 -20 20 -22 22 -24 24 25 26 -28 -29 29 -31
leaf_value=-0.10345998922222088 0.19058989811751639 0.0021625943612470855 -0.32042268531533252 -0.057096045331933187 0.28295031978734531 0.033788962351793871 -0.083744120725442669 0.080834775828947131 0.079839453497793783 -0.085760012884602957 -0.012349064846617587 0.60189549440602697 0.34334522066165918 -0.083797940991433673 0.57821948480549201 0.10413559009945356 0.077690954982929966 -0.12002858097796404 -0.021154391910210842 -0.10712622465740662 -0.0080399681881307226 -0.11070154832834973 0.54683249407136791 0.2484410053433094 0.050788399053625088 0.38798224828987143 0.07168807423814548 -0.012006659947480222 0.0030933903764874832 -0.47118300586949557
leaf_weight=0.70363390631973743 3.3299805657006791 1369.3051708404673 0.7788149006664743 37.895653425250202 2.0099629098549485 3.0455913254991165 24.934201190480962 2.4245816804468632 21.048999213147908 1.3275221530348056 56.580371589399874 0.69886779994703818 0.64278018078766752 7.8864460121840274 0.79447916056961065 12.700368181336668 3.9672760628163815 5.1251997165381935 178.53646281699184 4.8062206273898473 64.155360399046913 0.67607626039534707 1.1295528747141359 3.0461677126586428 49.376811053021811 1.4691381342709058 2.4976959172636271 180.72274936421309 20.070254568476233 0.9734266409650435
leaf_count=33 79 25549 7 2460 30 74 1171 23 580 40 1334 25 23 235 25 171 58 56 3828 70 2444 29 36 33 1004 12 43 6761 664 19
internal_value=0 0.00261971 -0.00608758 -0.00836945 -0.0020928 0.132849 -0.0362306 -0.00336359 0.0441054 -0.0240353 -0.00288985 0.197624 0.0542288 0.0520685 0.258048 0.0395011 -0.0297499 -0.0555221 -0.00603469 0.00215275 0.0211146 0.0433695 0.300634 0.037721 0.0467116 0.0384507 0.188829 -0.0133301 0.0299798 -0.0188454
internal_weight=0 1372.64 690.025 663.972 541.893 5.05555 122.079 536.838 28.5988 97.1452 59.2495 2.66917 1.9703 26.0522 1.49811 24.5541 11.8537 7.54978 508.239 329.702 148.201 84.0453 1.80563 82.2397 77.4335 74.3873 3.96683 181.502 70.4205 21.0437
internal_count=46916 25628 21288 20766 15713 104 5053 15609 659 3882 1422 88 63 522 58 464 293 79 14950 11122 4354 1910 65 1845 1775 1742 55 6768 1687 683
is_linear=0
shrinkage=0.1


Tree=72
num_leaves=31
num_cat=0
split_feature=29 29 8 20 46 49 23 36 27 7 32 5 32 20 40 40 29 6 13 1 19 3 16 31 31 38 35 27 38 38
split_gain=3.40216 3.48667 4.75416 4.59122 4.98019 12.4822 9.45634 9.271 9.20643 7.5757 7.11039 13.5413 7.18132 7.40894 7.05675 8.07049 6.99763 7.29704 6.53609 6.00709 7.73184 6.66371 5.63962 5.58452 7.80909 12.3701 5.46805 10.7554 7.69969 7.21701
threshold=5.4590998955452337 0.27176413327130683 -0.94121229426797226 4.0027640783861056 10.500000000000002 4.5000000000000009 -3.1624433735123536 3.5000000000000004 0.52348237083604177 2.838901237494821 0.78810663253348034 0.60058524895150034 0.90439058942968542 0.1355061435868315 0.03500000000000001 0.14500000000000005 0.2744202508609605 -0.3816365957034244 -0.76144901578740487 1.5862336113674254 1.2777640496112841 -0.69898207687575842 -0.0082138433728842844 0.6292824869542043 0.54646937031462239 101.00000000000001 0.99235288540732036 0.37483913484805237 139.50000000000003 287.50000000000006
decision_type=2 2 2 2 2 2 2 2 2 2 2 2 2 2 2 2 2 2 2 2 2 2 2 2 2 2 2 2 2 2
left_child=1 2 -1 4 5 7 -7 9 10 -3 18 12 13 -12 -6 23 17 -8 -9 20 -10 -21 -17 24 25 -16 27 29 -29 -20
right_child=-2 3 -4 -5 14 6 16 8 19 -11 11 -13 -14 -15 15 22 -18 -19 26 21 -22 -23 -24 -25 -26 -27 -28 28 -30 -31
leaf_value=-0.26345098039382936 -0.14421986031470974 0.054662776335530322 -0.0025592755676939246 0.075657079707549313 -0.11739744824814513 0.26650416527295373 0.015941797264737264 0.087900443713265997 -0.020412680842446448 -0.20415060852878064 0.29739841908086517 0.16213647762196262 -0.080415386944810763 -0.00096810091878137797 -0.06263049584744361 -0.028118297218660545 0.036373021951144578 0.38509205305635913 0.038351342908281488 -0.15782979271137651 -0.091852726292919407 0.11143547141675746 0.19277570300895125 -0.085553965596494502 0.31672956028742266 0.095940822084546074 -0.0096525843049114664 -0.012849287885138623 0.28729457807814568 -0.061226749229301158
leaf_weight=0.69880356406792898 1.6410757079720486 39.914345881901681 1501.5710507606855 9.4622746650129539 6.2156107015907756 1.9258202537894238 0.97341114003211293 8.6034822752699238 67.620016169035807 1.1639460325241078 1.2297874735668322 8.2626028358936292 5.9532508575357497 2.5746153891086578 7.3360638294834741 72.582201119977981 68.932095842203125 1.1902207550592709 30.727571229450405 1.1143396906554697 19.523576318286359 5.2452956205233923 1.1745015620253969 3.1366974213160566 1.0993275409564365 14.934536116197703 160.39511383138597 1.2705581961199635 2.611352700740099 9.5373749621212465
leaf_count=15 33 726 35538 184 52 20 26 168 1034 17 34 76 110 38 206 2189 1293 28 697 15 378 138 23 173 9 219 3258 49 29 141
internal_value=0 -0.00017885 -0.00268063 0.0065965 0.00539801 0.0101061 0.047854 0.00256967 -0.00309348 0.0473293 0.00761621 0.0679336 -0.0118357 0.09548 -0.0140025 -0.0075927 0.0419312 0.219013 0.00251671 -0.0295708 -0.036418 0.0642546 -0.0246008 0.0397336 0.0565496 0.0437065 -0.00107472 0.0300905 0.189057 0.0147647
internal_weight=0 2056.98 1502.27 554.71 545.248 438.769 73.0215 365.747 324.669 41.0783 231.166 18.0203 9.75765 3.8044 106.479 100.263 71.0957 2.16363 213.145 93.5032 87.1436 6.35964 73.7567 26.5066 23.3699 22.2706 204.542 44.1469 3.88191 40.2649
internal_count=46916 46883 35553 11330 11146 8275 1367 6908 6165 743 4600 258 182 72 2871 2819 1347 54 4342 1565 1412 153 2212 607 434 425 4174 916 78 838
is_linear=0
shrinkage=0.1


Tree=73
num_leaves=31
num_cat=0
split_feature=25 35 21 19 34 26 38 38 38 31 31 38 38 9 6 31 14 14 14 14 14 38 38 8 35 35 8 2 1 28
split_gain=3.36462 4.2601 6.33542 4.74195 5.13693 3.84912 3.6233 4.96588 11.8517 8.46935 14.6463 7.19289 8.35111 8.74656 7.97831 8.39049 6.13818 21.6835 9.55666 8.14254 14.5565 10.6982 16.8844 12.5001 10.6969 9.39775 11.8846 8.88134 8.3514 10.5931
threshold=-1.280478853404335 -1.0000000180025095e-35 1.188956581169401 1.5737016914713131 0.00077702670134330277 -1.2608544910523742 2982.0000000000005 256.50000000000006 268.50000000000006 0.91085343563942855 0.8424077306776877 200.50000000000003 198.50000000000003 0.33341263062121068 -0.71645231901961937 -0.78216492536161397 -0.34616539251105555 -0.28474905080955121 -0.25861671716856355 -0.58705917482292713 -0.54230137471934248 169.50000000000003 168.50000000000003 -0.17827407450919605 3.9999815960291953 4.9821933372715934 0.82205670714075418 -0.86451324724609435 2.1147651077657987 -0.64605235394914329
decision_type=2 2 2 2 2 2 2 2 2 2 2 2 2 2 2 2 2 2 2 2 2 2 2 2 2 2 2 2 2 2
left_child=1 2 -1 5 -5 -3 7 9 -9 10 11 12 16 -14 15 -13 19 -18 -19 21 -21 22 25 -24 -23 28 -27 -26 29 -2
right_child=6 3 -4 4 -6 -7 -8 8 -10 -11 -12 14 13 -15 -16 -17 17 18 -20 20 -22 24 23 -25 27 26 -28 -29 -30 -31
leaf_value=-0.0037908565810119404 -0.099107523907353959 0.13417220832312385 0.48837142099048747 0.16309213484991444 -0.10436785205839638 -0.058857572494715273 -0.026412259494395574 0.065354995939661681 0.0048560733736056792 -0.043568332709371806 0.12390140811302763 -0.016450119391694194 -0.062244207066148444 0.12574646826395655 -0.062444949304348241 0.1480756275674045 -0.0679388948377493 0.098690207046060796 -0.0042124330617763729 0.071677337132364113 0.0037038760907086941 -0.066539550052192462 0.16043653461902918 -0.020013769625898875 -0.049062540092638975 0.076455567017566547 -0.13421244604139068 0.11172740237913836 0.056324740397422204 -0.0037795709066240617
leaf_weight=0.82261282089166232 12.038361509330569 1.0729606486856926 0.38348147599026561 2.1938206218183036 1.0675393601413814 27.757966550183486 49.761383592849597 34.149706178344786 625.03731869137846 48.705065638874657 9.308569092769174 15.95063617359847 3.2994395098648956 9.9040834791958314 38.936970790382475 3.8473600428551427 56.116554512293078 9.2021300268825126 469.1956112999469 47.504907911643386 93.540519469650462 42.454618979245424 11.683942149858924 5.71725851856172 6.5790072288364172 26.505860760342333 2.9787955665960899 7.189103424549101 22.181943641509861 367.84549329767469
leaf_count=44 153 23 15 56 61 2088 744 381 10001 3471 99 201 67 81 699 29 2275 116 15383 437 2319 682 131 65 57 298 43 77 566 6254
internal_value=0 -0.0318113 0.152694 -0.0387454 0.0755446 -0.0516739 0.000237222 0.000910421 0.00799027 -0.00265027 -0.00107107 -0.00199974 -0.000319034 0.0787693 -0.0361643 0.0155223 -0.00120344 -0.00913127 -0.00223307 0.00535399 0.0265977 -0.000577297 0.00457252 0.101149 -0.0416998 0.000678324 0.0551721 0.0348949 -0.00331786 -0.00680047
internal_weight=0 33.2984 1.20609 32.0923 3.26136 28.8309 2019.63 1969.87 659.187 1310.69 1261.98 1252.67 1193.94 13.2035 58.735 19.798 1180.73 534.514 478.398 646.22 141.045 505.174 448.952 17.4012 56.2227 431.55 29.4847 13.7681 402.066 379.884
internal_count=46916 2287 59 2228 117 2111 44629 43885 10382 33503 30032 29933 29004 148 929 230 28856 17774 15499 11082 2756 8326 7510 196 816 7314 341 134 6973 6407
is_linear=0
shrinkage=0.1


Tree=74
num_leaves=31
num_cat=0
split_feature=27 20 1 22 13 5 4 4 29 40 38 4 22 29 38 49 24 3 29 38 20 13 5 11 26 31 20 21 27 32
split_gain=3.17515 5.273 4.9537 4.32455 4.87852 6.22793 7.693 5.99523 4.39784 5.02769 4.24812 4.62478 4.24657 4.04521 6.02658 6.27536 4.01486 10.3104 6.07285 9.52461 10.4218 6.71276 5.57473 5.36214 6.04846 5.69252 9.15385 5.48757 6.17709 4.6676
threshold=2.3004293062349839 0.57439330840852376 -0.61200749913335462 -0.038748488453946163 0.20051206351236733 0.076907782320667514 0.5451141193477006 0.18453144049552031 -0.69398681296757181 0.13500000000000004 1435.5000000000002 -0.9806927600292622 -0.56835095950012993 -0.32141101699940078 1206.5000000000002 1.5000000000000002 -0.23423111985486642 -0.73250290339716451 2.3003056454987427 1500.5000000000002 0.31332396776695176 -0.45654857452903985 -1.2937461813054159 -0.69139250070379354 -1.1157978513966964 1.6395851394453442 -0.32415632002629641 -1.1208528150438291 -0.62371594300012678 2.6415807239502875
decision_type=2 2 2 2 2 2 2 2 2 2 2 2 2 2 2 2 2 2 2 2 2 2 2 2 2 2 2 2 2 2
left_child=16 10 -3 4 5 6 7 13 -7 -10 11 -2 -11 14 15 -4 22 -18 21 20 -20 -19 -1 24 -23 -26 -27 28 -25 -24
right_child=1 2 3 -5 -6 8 -8 -9 9 12 -12 -13 -14 -15 -16 -17 17 18 19 -21 -22 23 29 27 25 26 -28 -29 -30 -31
leaf_value=-0.086416463288413806 0.13218517779074074 0.15228672087534414 0.094799396592665508 -0.10627829756779456 0.073833292018847169 -0.13479410127383865 0.12781026899894932 -0.047480454211995433 0.079859279208037606 0.020541606683418551 0.091916388505150728 -0.041226398551606099 -0.13504122778411246 0.09238558453683908 0.1497811633124059 -0.045475964031295835 0.047508545486564156 -0.065471277476300882 -0.059080824512085586 0.39266385138176113 0.1957754179163767 -0.052819193209101827 -5.2168400464917689e-05 -0.014438023398272862 0.039729636342868975 0.48333821540294708 -0.0028347220068960532 -0.051544830118500688 0.15444413002979551 0.056211016322645628
leaf_weight=7.4240631228312841 1.6312886974774361 3.1194795351475468 4.2862197495996979 2.4749284796416751 17.962174406275153 3.7937481570988885 7.1671336991712442 11.020634993910788 3.9803338013589364 3.3561229640617958 3.1025870181620112 26.870960830012336 3.6757959313690671 9.5698199160397106 2.7651481106877318 12.46005237707868 21.052622641786002 42.873819787753746 5.1321303900331241 0.75787319801747788 2.3343885615468025 6.8624159069731858 1760.9320945355576 9.046489854808895 13.865544623229651 0.77966790180653334 0.76950805075466522 39.240379186812788 2.8474989910610011 14.869518649764357
leaf_count=519 24 22 30 23 181 30 98 97 62 53 24 328 34 98 21 115 534 1215 172 8 34 262 41169 253 281 29 13 994 32 161
internal_value=0 0.0157037 0.0285879 0.0239113 0.027937 0.0146564 0.0323837 0.0153288 -0.0419392 -0.00995048 -0.0192054 -0.0313014 -0.0607862 0.039131 0.0130111 -0.00957239 -0.00124608 -0.0172149 -0.0281586 0.0548849 0.0205993 -0.0340319 5.74265e-05 -0.0156706 0.0252756 0.0600423 0.241846 -0.0335092 0.0259935 0.000418946
internal_weight=0 117.236 85.6316 82.5121 80.0372 62.075 47.269 40.1019 14.806 11.0123 31.6048 28.5022 7.03192 29.0812 19.5114 16.7463 1928.79 145.562 124.51 8.22439 7.46652 116.285 1783.23 73.4115 22.2771 15.4147 1.54918 51.1344 11.894 1775.8
internal_count=46916 1240 864 842 819 638 459 361 179 149 376 352 87 264 166 145 45676 3827 3293 214 206 3079 41849 1864 585 323 42 1279 285 41330
is_linear=0
shrinkage=0.1


Tree=75
num_leaves=31
num_cat=0
split_feature=40 32 19 32 19 32 33 19 38 40 25 9 0 40 27 4 19 32 28 27 9 28 3 29 2 3 1 27 46 20
split_gain=3.07992 10.0798 7.47346 12.5569 9.87907 9.53684 8.5777 6.42735 6.13936 5.87122 18.4276 11.5041 10.7994 18.8812 8.76277 10.6316 7.12217 8.35915 13.3259 13.8626 8.73625 7.51468 15.4717 9.69682 13.4136 7.05099 6.97775 6.77622 9.5966 8.64142
threshold=0.045000000000000005 1.1189073995400343 -0.46694953318630367 0.94200500254914266 -0.63201180992618788 -0.40238972491348585 2.3677412801671376 -0.72295424290091281 214.50000000000003 0.13500000000000004 -0.13650612833349049 0.38771104551591284 -0.749066041963243 0.48000000000000004 1.236152047767203 1.5449598478190076 -0.49443012461064134 -1.0197128502109771 0.49854686353510053 -1.0684194077361224 0.36182437688234553 0.56545736304897065 -0.49606918947755185 2.0617986786938083 -0.58630398725558419 1.5401692147226675 1.9891759556622148 -0.83190422431525912 1.0000000180025095e-35 0.38303851241372744
decision_type=2 2 2 2 2 2 2 2 2 2 2 2 2 2 2 2 2 2 2 2 2 2 2 2 2 2 2 2 2 2
left_child=1 2 3 6 -5 8 -1 -8 -4 10 11 14 13 -11 16 -16 -2 21 20 -20 -19 22 26 24 -24 -21 -18 -12 29 -29
right_child=9 -3 5 4 -6 -7 7 -9 -10 12 27 -13 -14 -15 15 -17 17 18 19 25 -22 -23 23 -25 -26 -27 -28 28 -30 -31
leaf_value=-0.01983826065805807 -0.033397754239787872 -0.028785994915792347 0.20665702321731896 0.045354327871928758 0.31994637524947045 -0.01827258750038081 -0.062196654144298417 0.14055675871595172 -0.01712717676663382 0.0089847620796550936 -0.006441204381983999 -0.11546714702245181 -0.0061307186329989331 0.1250953798907096 -0.12290041881609647 0.17847872487264527 0.033059940032851377 -0.006032981580203131 0.95619353230175763 -0.10163134731979047 0.17046830022972037 -0.10342981978537971 -0.011102339167303018 0.68980603261346984 0.54482192667327067 0.50339458855280894 0.35164911153535239 0.035419948737596213 0.062453471477934411 -0.079513825391555673
leaf_weight=15.898249131394556 36.405273727839813 133.76668624789454 3.2763276477344325 2.4086964093148708 2.8729384867474428 55.469553912756965 1.9600693373940883 7.7274841028265637 1.9589007711037991 346.7409957703203 28.554496585507877 10.007170973578466 1156.5746699733427 14.594567934051154 10.104755712905897 1.3238498456776131 7.6333246281137672 68.471146567258984 0.28293864568695426 0.47849698131903895 2.9240907223429522 1.6509035399649281 0.99799925624392938 0.6219790563918649 0.76803929032757801 0.32240542303770781 0.75551243498921383 19.829472245182846 98.378665626281872 9.7622064687311632
leaf_count=245 1731 1642 40 36 42 780 25 65 22 8088 622 213 27932 178 333 23 321 2421 15 44 52 116 38 11 29 4 11 233 1513 91
internal_value=0 -0.0112869 0.0142754 0.0543381 0.194718 -0.00609584 0.0253596 0.0995339 0.122922 0.0011078 0.0139091 -0.012075 -0.00141612 0.0136745 -0.00428033 -0.0879897 0.00360579 0.0194717 0.00647898 0.35449 0.00119587 0.0952456 0.125681 0.350253 0.230666 0.141923 0.0617526 0.0376061 0.0474346 -0.00249636
internal_weight=0 225.339 91.5722 30.8674 5.28163 60.7048 25.5858 9.68755 5.23523 1817.18 299.273 142.748 1517.91 361.336 132.741 11.4286 121.312 84.9068 72.4791 1.08384 71.3952 12.4278 10.7769 2.38802 1.76604 0.800902 8.38884 156.525 127.97 29.5917
internal_count=46916 2897 1255 413 78 842 335 90 62 44019 7821 5362 36198 8266 5149 356 4793 3062 2536 63 2473 526 410 78 67 48 332 2459 1837 324
is_linear=0
shrinkage=0.1


Tree=76
num_leaves=31
num_cat=0
split_feature=25 19 26 29 28 7 26 0 27 38 13 9 27 39 23 5 31 28 3 26 21 38 38 38 38 14 24 8 6 31
split_gain=3.0564 3.43306 4.2861 4.12765 6.07618 4.43843 4.4149 3.89155 3.41023 3.15775 4.87976 5.15095 7.66438 5.51255 4.83467 7.48395 7.17903 8.11613 5.35436 4.29824 3.98147 3.94049 8.73607 12.9856 7.60213 6.76657 6.75173 7.67555 6.53419 14.6039
threshold=-1.3101848932412763 1.5737016914713131 -0.56994115904924747 -0.66206381502654621 -0.52874124170958703 -1.38485245233073 -1.2608544910523742 -1.0726944526199709 0.13036916858581429 2982.0000000000005 0.20798705093503927 0.63534875518359957 0.72382211984068212 1.0000000180025095e-35 0.35856713011896696 1.0276051925651595 -0.22821242400511463 0.079019600103842388 -0.29966455708072737 -1.2039412892347314 -0.71505101225377532 236.50000000000003 312.50000000000006 328.50000000000006 200.50000000000003 1.2245225099663684 4.0746155458385198 0.82609627526819018 -0.14358008823933666 -0.20398942647319185
decision_type=2 2 2 2 2 2 2 2 2 2 2 2 2 2 2 2 2 2 2 2 2 2 2 2 2 2 2 2 2 2
left_child=1 3 -3 4 -1 -5 -6 -8 -9 21 14 13 -13 -12 -11 16 18 19 20 -18 -16 24 -23 -24 25 -2 -26 -28 -25 -30
right_child=9 2 -4 5 6 -7 7 8 -10 10 11 12 -14 -15 15 -17 17 -19 -20 -21 -22 22 23 28 26 -27 27 -29 29 -31
leaf_value=0.27894530095977815 0.00018476287813014872 -0.081496567972855538 0.15349165333871007 0.39363369303891754 0.21046953165539961 -0.080306563129162734 0.40598250760981336 -0.060419176058190728 0.3292146040435604 -0.1149528505498445 -0.041586057446410502 -0.097398149559354205 0.068256085068721592 0.17985103748358544 0.19149329629496473 -0.21425931147317856 -0.25354808309629295 0.20080464832753053 0.23556611184013199 -0.049902332959824797 -0.022620733544077024 0.030265682991569315 -0.085031327286106392 -0.0063868043577767694 -0.054565470979650733 -0.053066749748783296 -0.00802839231332984 0.23995452679610133 0.1770578002811688 0.012247309051353079
leaf_weight=0.76170372217893501 1206.0594135896536 1.2540090426336976 2.0370957045815876 0.20001273672097042 0.78681735647842188 16.366875623469237 0.1927987993694823 7.5473745279014191 0.23152230703271914 7.9486030777916303 1.7056581866927469 5.8048413302749378 5.3830820228904486 3.2979340851306915 1.1291137496009467 1.9335018973797549 1.1193720698356671 1.2433682801201928 1.6407194212079108 13.987443145830181 3.7621787553653121 130.29670591978356 16.826966032618657 277.87393823266029 44.106567659182474 24.343501723604277 5.0743256388232103 1.6553091378882525 5.4959602337330571 247.3559609905351
leaf_count=20 30005 66 46 8 15 1160 7 758 23 191 42 62 48 38 15 23 15 34 9 200 70 1644 444 4147 943 2238 94 18 76 4457
internal_value=0 -0.032289 0.0639541 -0.0444309 0.00804205 -0.0745847 -0.0155177 -0.0378229 -0.0488226 0.000200704 -0.024885 0.0200261 -0.0176934 0.104366 -0.0470793 -0.025339 -0.00937559 -0.0447791 0.0792424 -0.0649919 0.0268057 0.000827573 0.00699347 0.00145557 -0.00243454 -0.000868817 -0.0403302 0.0529687 0.00419769 0.0158296
internal_weight=0 29.3782 3.2911 26.0871 9.52022 16.5669 8.75851 7.9717 7.7789 2008.04 48.9558 16.1915 11.1879 5.00359 32.7643 24.8157 22.8822 16.3502 6.53201 15.1068 4.89129 1959.09 677.85 547.553 1281.24 1230.4 50.8362 6.72963 530.726 252.852
internal_count=46916 2103 112 1991 823 1168 803 788 781 44813 747 190 110 80 557 366 343 249 94 215 85 44066 10768 9124 33298 32243 1055 112 8680 4533
is_linear=0
shrinkage=0.1


Tree=77
num_leaves=31
num_cat=0
split_feature=19 10 23 28 4 4 30 38 38 38 38 40 14 7 6 6 7 12 34 0 38 46 38 38 17 3 3 5 40 27
split_gain=3.02302 6.25062 3.3048 5.61828 6.62941 5.03708 4.30462 3.73886 9.53455 9.23405 7.57457 6.83256 6.36674 10.4023 6.76757 7.44855 5.4388 5.56505 5.75419 5.42746 6.29731 10.3902 14.2318 7.8109 6.18058 6.64964 7.4044 6.42664 5.68578 5.52739
threshold=-0.80076912926925792 -1.298111424067564 -2.4305091307379656 1.9590375242200488 -0.39642371508586322 0.50514754284199359 -0.081069501498207533 55.500000000000007 58.500000000000007 43.500000000000007 42.500000000000007 0.44500000000000006 -2.3055110860920025 -1.2584993330081187 -0.9160905038238143 -0.91093414180513965 2.8462770554672523 0.05516878772196205 1.0127333045026343 -0.92733809724511651 32.500000000000007 3.5000000000000004 34.500000000000007 29.500000000000004 0.0046639944036361266 0.93860056107903411 0.67883289786662793 1.1585669032039578 0.14500000000000005 -0.18927830354100075
decision_type=2 2 2 2 2 2 2 2 2 2 2 2 2 2 2 2 2 2 2 2 2 2 2 2 2 2 2 2 2 2
left_child=1 -1 5 7 -5 6 -2 9 -9 10 19 16 13 -10 -14 -16 17 18 -11 -4 23 22 24 -21 25 26 27 -22 -27 -24
right_child=2 -3 3 4 -6 -7 -8 8 12 11 -12 -13 14 -15 15 -17 -18 -19 -20 20 21 -23 29 -25 -26 28 -28 -29 -30 -31
leaf_value=-0.11060132446810766 0.12447831907417882 0.048536020300814775 -0.047845552543049147 -0.07003247878386229 0.10287811116083932 -0.13161571247676815 0.021870593446759866 0.16885759126928304 -0.11071339521931832 -0.010980528900215553 0.12023991440004492 -0.080420244828799739 -0.025835331281349672 0.075717537813929509 0.076926919316383402 0.0026547444349311294 0.22571985943453754 -0.064426807779350143 0.26955710571738584 -0.0039191260536759328 0.011930677170681509 0.074144278837012009 0.0042832803268953897 -0.090840774915209865 0.16893399462567868 0.0093490215248469757 -0.12126475084022688 0.11492287909736493 0.19594738341744777 -0.066366787669924196
leaf_weight=6.8494089583400637 4.4916172351222476 3.8586700629675743 24.443870094954036 19.744009752757851 2.4978567727375767 1.9782151263207186 45.567202367587015 3.4574451588559887 3.4441948216408518 69.569305391050875 5.1324569918215266 23.073958699358627 84.161481998860836 22.841272748541087 13.659500795882193 1176.0509490588447 0.89428020501509209 23.296157368342392 0.73890772159211238 352.48496989731211 42.745877706445754 27.111801395192742 18.728337071835995 10.650579382083377 3.2972216485068193 2.719078864902257 3.6374251982197157 7.0591898486018172 4.0880605289712548 27.093966546468437
leaf_count=187 64 60 595 1232 30 20 699 65 41 1973 102 1111 1231 240 124 22571 15 1777 32 11375 361 371 515 1311 27 21 32 74 36 624
internal_value=0 -0.053256 1.74315e-05 -0.000638761 -0.0506139 0.0248924 0.0310773 -6.88515e-05 0.00301511 -0.00628486 -0.000652774 -0.0316348 0.00257409 0.0512894 0.00156888 0.00350749 -0.0197227 -0.0220676 -0.0080322 -0.00183675 0.000414239 0.0187272 0.00498967 -0.00646849 0.0356215 0.0283259 0.0164693 0.0265284 0.121412 -0.0374909
internal_weight=0 10.7081 2024.66 1972.62 22.2419 52.037 50.0588 1950.38 1303.61 646.765 529.193 117.573 1300.16 26.2855 1273.87 1189.71 94.4987 93.6044 70.3082 524.06 499.617 136.481 109.369 363.136 63.5469 60.2496 53.4425 49.8051 6.80714 45.8223
internal_count=46916 247 46669 45886 1262 783 763 44624 24272 20352 15444 4908 24207 281 23926 22695 3797 3782 2005 15342 14747 2061 1690 12686 551 524 467 435 57 1139
is_linear=0
shrinkage=0.1


Tree=78
num_leaves=31
num_cat=0
split_feature=40 40 40 34 13 38 9 9 19 3 38 23 38 7 18 18 38 35 33 9 22 1 38 19 5 46 9 25 30 30
split_gain=3.05762 14.747 11.5903 7.78883 9.31634 5.43947 4.54693 8.23732 7.46254 10.1154 9.88366 15.7979 11.5045 13.6613 9.60351 8.74062 9.76184 8.71137 8.01078 7.34344 8.88449 12.6233 6.96878 6.88744 6.8372 6.71631 13.7304 5.93325 5.74378 9.11443
threshold=0.41500000000000004 0.34500000000000003 0.43500000000000005 0.98887472045969338 -0.78372967948563532 3336.5000000000005 0.50308169927017132 0.65759171132335259 -0.6926475156560995 3.7614599779132045 1178.5000000000002 -0.98902439967332667 11.500000000000002 -0.75588015282135734 -1.0346306068554081 0.97912935990340511 1435.5000000000002 1.9999481521674403 -0.32199740302095325 -0.088298683926983743 0.15960947021512437 -0.94814631895936985 2171.5000000000005 -0.73042616390992143 0.2315288227489988 11.500000000000002 -1.0880538159250419 2.0162356126837131 -0.072799659517414947 -0.074507665735424375
decision_type=2 2 2 2 2 2 2 2 2 2 2 2 2 2 2 2 2 2 2 2 2 2 2 2 2 2 2 2 2 2
left_child=1 6 -2 4 -3 -6 8 -8 9 10 12 22 13 17 -14 16 -13 -1 25 20 -20 -22 -12 24 -21 27 -27 -16 29 -10
right_child=2 3 -4 -5 5 -7 7 -9 28 -11 11 15 14 -15 18 -17 -18 -19 19 23 21 -23 -24 -25 -26 26 -28 -29 -30 -31
leaf_value=-0.022152523678411504 0.056276426488289059 0.11235166539119079 0.0019141179381469574 -0.089638557009913314 -0.037768338710171365 0.25610476240814195 -0.042795995262256192 -0.0022761177036643584 0.0037401773709637267 -0.095746761344081097 -0.10555141520590626 0.51661683687816751 0.44525639609641643 0.63276393762051908 -0.051795498044726385 0.59722291666653926 0.0034704352654475927 0.58617786157106155 -0.10800134163687776 0.010350319318918666 0.078345256999487467 0.57087388078626045 0.13323051058887411 -0.029286201239614319 0.18027679882722122 -0.10413309346544086 0.69812101123781245 0.32783803868525307 -0.048088510773753035 0.13966722644414495
leaf_weight=1.2481185086071493 42.376230937428772 4.664257093332707 526.45207403437234 24.992091653635725 57.420356341870502 0.63683515228330989 53.770976660074666 749.29639892792329 488.90979608206544 4.8998541042674324 1.7132701324298976 0.62981166690587842 0.53069717227481206 0.67301642266102035 17.663258802844211 0.97841042280197132 0.901178487110883 0.29011787916533638 0.65748067013919653 4.7419455174822396 1.0895489465910946 0.99610282713547316 4.264468431007117 8.3732483594212717 4.729509374126792 0.49516198481433094 0.37482000049203534 0.42150770127773185 21.163804585579783 4.9833559830440199
leaf_count=85 791 103 11558 3201 2475 17 960 9515 15637 95 50 11 10 24 891 13 31 17 16 136 38 16 62 192 59 50 35 2 679 147
internal_value=0 -0.00267744 0.00596397 -0.0424312 -0.0236209 -0.0345448 -0.000139261 -0.00498921 0.00668506 0.0414659 0.0547079 0.15319 0.0349411 0.256991 0.0226883 0.363763 0.214566 0.0925812 0.017017 0.0602046 0.212531 0.313576 0.0647936 0.0367886 0.095202 -0.0298914 0.241507 -0.0429473 0.00292567 0.00511167
internal_weight=0 1461.51 568.828 87.7135 62.7214 58.0572 1373.8 803.067 570.728 55.6715 50.7717 8.48714 42.2845 2.21125 40.0733 2.5094 1.53099 1.53824 39.5426 20.5878 2.74313 2.08565 5.97774 17.8447 9.47145 18.9547 0.869982 18.0848 515.057 493.893
internal_count=46916 34567 12349 5796 2595 2492 28771 10475 18296 1833 1738 167 1571 126 1445 55 42 102 1435 457 70 54 112 387 195 978 85 893 16463 15784
is_linear=0
shrinkage=0.1


Tree=79
num_leaves=31
num_cat=0
split_feature=29 10 34 9 25 28 28 7 0 1 1 40 22 35 7 29 40 35 12 19 1 10 25 9 15 32 38 4 1 19
split_gain=2.91814 2.84246 6.33437 4.57757 6.3491 7.38171 12.745 6.88428 7.13625 12.2945 6.84752 6.16155 6.87959 9.85017 5.66817 5.43335 9.2268 7.80875 9.72897 4.92072 10.7962 4.33801 4.32696 8.13127 5.25989 5.19308 4.48811 4.31959 4.28313 4.19309
threshold=5.4590998955452337 1.5552819910174021 0.0082734423660755455 1.6091520417447176 0.97070409426443482 -0.53113875765038931 -0.54833373179706457 1.4022413871408133 -0.92267510693830601 1.8602056074722111 3.3458854348311831 0.15500000000000003 -0.61570380643948142 0.99341443112966199 1.4921138297836027 -0.73408704624739995 0.25500000000000006 4.999625008347782 0.033142972631294794 -0.44002062297168987 1.9140656725354801 1.5409095856051431 1.76477695377279 1.7504403345556743 2.1851895101761243 -1.1292369238952471 159.50000000000003 2.5378924451006015 1.6330604916994051 0.21135473217642908
decision_type=2 2 2 2 2 2 2 2 2 2 2 2 2 2 2 2 2 2 2 2 2 2 2 2 2 2 2 2 2 2
left_child=1 21 3 4 7 6 29 8 9 -3 14 12 13 -7 -9 16 -16 28 -19 20 -10 -1 25 24 -24 26 -4 -28 -17 -6
right_child=-2 2 22 -5 5 11 -8 10 19 -11 -12 -13 -14 -15 15 17 -18 18 -20 -21 -22 -23 23 -25 -26 -27 27 -29 -30 -31
leaf_value=-0.001276130936527158 -0.13944354677085571 -0.28800995073168351 -0.037183332435089367 0.094298980615782527 0.10693936693624717 0.020202222440949991 -0.4069134157959779 -0.20201012768376919 0.081000021147276904 0.064553833894060678 -0.18825583787193012 0.087800753899317061 0.10726757943780192 -0.38822093548199532 -0.29075184355585709 -0.062618496949790464 0.052076951854688407 0.046206510875805733 -0.31291025661740468 0.069456273655020537 -0.19955533407216142 -0.10392476141140335 0.18574802610423755 -0.031962065177655645 0.017481563745400438 -0.01833048068097793 0.2580549360519499 0.027778277517892244 0.070126388134663639 -0.13856754209435496
leaf_weight=1791.7781747487606 1.5055936264106993 1.6531323175877322 1.927355596795677 9.3609333559870702 1.2135757058858874 1.1619638344272978 1.3501267135143269 1.2741817571222842 3.5289119649678389 2.4623272148892283 1.9810230871662486 4.4778929278254509 1.1926113702356795 1.2006869986653326 1.4854056574404304 2.8120413534343269 1.6650295630097387 1.6338203046470874 1.4015161944553254 50.084268463775523 2.243699299171567 4.1265175391454241 4.4974044198170287 7.1622469145804644 3.1651399927213788 97.776869816007093 1.8191108289174738 1.4751849183812735 17.922390685416758 1.6301529286429284
leaf_count=43086 33 24 59 308 28 30 24 21 58 65 32 95 21 26 18 29 24 29 19 1163 36 56 31 38 31 1131 29 18 315 39
internal_value=0 -0.000172653 0.0103054 0.0273632 0.0212428 -0.0463775 -0.153914 0.0304143 0.0500164 -0.0770669 -0.00854406 0.0097637 -0.0885248 -0.187356 0.00408304 0.0138378 -0.109564 0.0301934 -0.11961 0.0593797 -0.0280463 -0.00151199 -0.00587115 0.0446411 0.116243 -0.0131415 0.0840238 0.154937 0.0521233 -0.0337962
internal_weight=0 2025.46 229.559 111.736 102.375 12.227 4.19386 90.1477 59.9723 4.11546 30.1754 8.03316 3.55526 2.36265 28.1944 26.9202 3.15044 23.7698 3.03534 55.8569 5.77261 1795.9 117.823 14.8248 7.66254 102.999 5.22165 3.2943 20.7344 2.84373
internal_count=46916 46883 3741 2404 2096 263 91 1833 1346 89 487 172 77 56 455 434 42 392 48 1257 94 43142 1337 100 62 1237 106 47 344 67
is_linear=0
shrinkage=0.1


Tree=80
num_leaves=31
num_cat=0
split_feature=25 20 12 12 27 19 10 4 1 28 26 5 38 13 23 5 31 28 9 25 0 36 3 26 6 7 38 38 38 5
split_gain=2.64154 3.07425 3.52898 8.04979 11.5535 9.28797 5.93744 4.3463 3.62998 4.50517 3.10917 5.29775 2.90331 3.85638 4.43884 6.03746 5.63796 6.52147 4.27492 7.02027 6.45574 5.05906 4.16775 3.66497 3.56946 3.47285 3.06135 8.14497 11.0466 6.63534
threshold=-1.280478853404335 -0.63547660740887391 -0.2707015229810556 -0.35846121166974027 -0.7427090025281825 -0.59257217074150403 1.4315107332976544 1.7672220195014994 -0.8804229117557073 0.44114940368054495 -1.2039412892347314 -1.0408119830005436 2982.0000000000005 0.20798705093503927 0.35856713011896696 1.0011590540443525 -0.22821242400511463 0.11694577391931554 1.8559995276635974 0.66887608837522439 -0.41240180602871562 3.5000000000000004 -0.29966455708072737 -1.2260726982691608 -0.37615960635881091 1.941337194827869 256.50000000000006 312.50000000000006 328.50000000000006 -1.0889638845270233
decision_type=2 2 2 2 2 2 2 2 2 2 2 2 2 2 2 2 2 2 2 2 2 2 2 2 2 2 2 2 2 2
left_child=1 2 3 6 -5 -6 8 -8 9 -1 11 -4 26 14 -14 16 22 23 19 20 21 -15 24 -18 -16 -25 29 -28 -29 -2
right_child=12 -3 10 4 5 -7 7 -9 -10 -11 -12 -13 13 18 15 -17 17 -19 -20 -21 -22 -23 -24 25 -26 -27 27 28 -30 -31
leaf_value=0.23647702517783689 -0.063104706268354363 -0.34786951158258445 0.31491556373924018 0.70445272710158879 0.56801967888395466 -0.063692268773444055 0.24361640529753525 0.019896122661750115 -0.091906647236388625 -0.10357131529208885 -0.075845875298174409 -0.10301448714889408 -0.11272680348162976 0.1350319197047998 -0.045197299690505711 -0.19328261895802773 -0.24616557202083977 0.16911978690583493 0.14557356716933842 -0.10221165325652899 0.14316791493213907 -0.083615545142735434 0.20348038657162071 -0.080600837069317033 0.13352775872713749 0.027108011472699884 0.030949920265479117 -0.081021406749088212 0.0038016595443720554 -0.0011581122891819783
leaf_weight=0.81941858213394858 17.530252712545916 0.29970061639323731 0.56606273562647402 0.37101666931994248 0.2981323639396577 1.0612189166713566 1.1185989943332959 3.882023558486253 7.9732601769501361 0.742780358530581 13.314266641391434 0.65343003463931804 7.2938656900078085 1.4453676491975782 2.9973415080457921 1.9396562930196513 0.98785414453596665 1.3546979161910702 2.1883380748331538 4.849387547466903 3.9522047266364115 3.9509036373347044 1.706705242395407 9.5470014882739545 1.7817104030400517 4.3609222373925158 111.99573692423292 15.812309224973431 528.81549471663311 1268.659307355294
leaf_count=21 1512 22 10 25 22 68 14 74 409 42 1524 56 189 13 59 24 14 30 13 53 40 71 9 146 24 59 1306 441 8635 31991
internal_value=0 -0.0291393 -0.0260379 0.00595772 0.20985 0.0748545 -0.0183135 0.0699405 -0.064596 0.0747939 -0.0618479 0.0909798 0.000231423 -0.0239723 -0.0441902 -0.0239316 -0.0094841 -0.0409434 0.015473 -0.00457965 0.0460656 -0.0250518 0.0693392 -0.0600476 0.0214344 -0.046828 0.000833847 0.00638951 0.00133897 -0.00200242
internal_weight=0 31.0999 30.8002 16.2664 1.73037 1.35935 14.5361 5.00062 9.53546 1.5622 14.5338 1.21949 1991.17 48.356 31.9698 24.6759 22.7362 16.2505 16.3862 14.1979 9.34848 5.39627 6.48576 14.8958 4.77905 13.9079 1942.81 656.624 544.628 1286.19
internal_count=46916 2287 2265 675 115 90 560 88 472 63 1590 66 44629 744 554 365 341 249 190 177 124 84 92 219 83 205 43885 10382 9076 33503
is_linear=0
shrinkage=0.1


Tree=81
num_leaves=31
num_cat=0
split_feature=0 0 7 6 21 21 15 16 25 8 1 29 3 6 27 32 2 19 28 28 0 19 29 21 3 46 28 46 35 15
split_gain=2.62096 4.35026 5.40348 6.71492 5.19832 6.82409 8.63168 8.61698 7.65835 7.86614 7.45809 7.14993 6.14777 5.83056 5.11643 19.8805 16.0638 5.10102 5.04392 5.46791 5.64274 4.84554 4.84462 4.83243 4.87237 7.85714 4.8095 4.78055 4.74498 4.69328
threshold=4.624831357480633 3.0543379269892248 1.6808835824567805 0.014395495728304361 -1.4779206027380669 -1.2686268563803431 0.85165512796206533 -0.025012643949267371 1.299113731190966 0.33507517555142524 2.2562619842223239 0.10242711974274066 0.93860056107903411 -0.10462813387705365 -1.2638783313398942 -1.4880797250154565 0.083207612595147876 -0.76839734777374824 -0.22071279324762233 -0.17684578720342578 1.3978485245151451 0.61102634844431447 -0.76951840448589326 -1.2712641514704754 -0.036560645428827691 3.5000000000000004 -0.26856148169554062 12.500000000000002 1.9999481521674403 0.47493857386414023
decision_type=2 2 2 2 2 2 2 2 2 2 2 2 2 2 2 2 2 2 2 2 2 2 2 2 2 2 2 2 2 2
left_child=1 4 3 27 -1 7 14 13 11 18 22 21 23 -6 15 -7 -17 29 26 -20 -21 -9 -8 -13 25 -25 -10 -3 -14 -16
right_child=-2 2 -4 -5 5 6 10 8 9 -11 -12 12 28 -15 17 16 -18 -19 19 20 -22 -23 -24 24 -26 -27 -28 -29 -30 -31
leaf_value=-0.040624324580349605 -0.050978832405596454 0.057930083101584907 0.13691708772105812 -0.081454655222138683 0.14408969915725897 0.0043773140472923664 0.048474994468015314 -0.043500582748638716 0.0029989797422911003 0.12082464371398559 0.1336525274137047 -0.01393760156530649 -0.016856986668916971 -0.0026906728146592219 -0.049589471409551625 0.90607166074520196 0.089459617126334254 0.00065980187512336213 0.20455782119196134 0.11410198625435714 0.00057871701238229904 0.13183782990335779 -0.041162109673441555 0.33576370319107246 -0.010589104278875057 -0.010609483690829846 -0.15630029569548251 -0.11754468739609865 0.21084123159852505 0.10697209470745449
leaf_weight=31.852994307992049 10.122058755252509 20.038291361881431 4.6086830080021164 5.274267799453809 9.0564693328924459 4.0906401893589646 6.47131248936057 36.40261729422491 7.5434112166985869 10.6456266855821 2.6952384803444138 17.594872420420877 1.3200367358513165 3.8596395161002865 30.018185329856351 0.49555808678269286 0.46874430042225868 1689.9374198722653 2.0263128196820608 6.1094209095463219 15.453641933854668 1.6474429427180428 88.322430175612681 1.5464341007173064 2.245055708102881 1.1359791450668124 2.5312515413388592 1.682956923265009 2.9841299294494092 2.0451777847483745
leaf_count=750 185 245 65 195 141 257 152 1256 106 141 63 452 28 122 719 38 27 39263 26 65 260 36 2086 24 30 34 29 42 36 43
internal_value=0 3.47945e-05 0.0368429 0.0197582 -0.000553172 0.000102513 -0.00142915 0.0229898 0.0138529 0.0458992 -0.030379 -0.00803423 0.0315027 0.100228 0.000205011 0.100664 0.509119 -8.98868e-05 0.0222055 0.0475018 0.032743 -0.035909 -0.0350428 0.0105753 0.0981054 0.189078 -0.0370248 0.0443343 0.141009 -0.0396031
internal_weight=0 2010.1 31.6042 26.9955 1978.5 1946.65 1824.54 122.102 109.186 44.3097 97.489 64.8766 26.8265 12.9161 1727.06 5.05494 0.964302 1722 33.664 23.5894 21.5631 38.0501 94.7937 22.5223 4.92747 2.68241 10.0747 21.7212 4.30417 32.0634
internal_count=46916 46731 547 482 46184 45434 42648 2786 2523 627 2301 1896 604 263 40347 322 65 40025 486 351 325 1292 2238 540 88 58 135 287 64 762
is_linear=0
shrinkage=0.1


Tree=82
num_leaves=31
num_cat=0
split_feature=46 49 6 28 9 49 40 0 38 8 9 4 27 33 3 3 28 17 18 18 38 32 2 28 32 32 38 38 10 1
split_gain=2.57712 4.77591 4.83889 10.4025 2.83307 2.83399 2.79228 8.16453 7.70853 6.86172 7.48442 9.48286 6.76644 8.05578 6.81066 5.28516 5.14005 5.13097 5.47412 6.45826 5.44783 6.04602 4.93636 4.88705 6.7432 6.49643 7.51018 7.31047 5.76325 5.84297
threshold=32.500000000000007 21.500000000000004 -0.90429197992479882 0.16091026002421152 2.494365889016652 30.500000000000004 0.045000000000000005 -0.58980196766419579 400.50000000000006 0.072214907780360701 1.8925985954436777 -0.70533918424709674 2.1401399495537818 0.14926472534685151 -0.20222573269756805 0.77869318825884071 -0.65060564060270176 7.9065664074693228e-05 0.97183535597213122 0.99240724827052407 364.50000000000006 -0.51248754142225483 -0.84215779969197435 -0.6095564982538253 0.94200500254914266 0.88835617172889947 168.50000000000003 1007.5000000000001 0.88219689123244638 1.8602056074722111
decision_type=2 2 2 2 2 2 2 2 2 2 2 2 2 2 2 2 2 2 2 2 2 2 2 2 2 2 2 2 2 2
left_child=1 6 3 4 5 -3 7 12 17 -10 11 -11 -1 14 -14 -16 -15 20 -19 -20 21 22 -9 24 25 26 28 -28 -8 -30
right_child=-2 2 -4 -5 -6 -7 23 8 9 10 -12 -13 13 16 15 -17 -18 18 19 -21 -22 -23 -24 -25 -26 -27 27 -29 29 -31
leaf_value=-0.049419334936622802 0.098800117221998107 -0.09266416271531154 -0.076113183501697018 0.35074419990217665 0.16018598351342678 0.15625803076291245 0.11070792052341485 0.28030954541395792 -0.077321007483473078 0.16153745392224775 0.11751290906223893 -0.070603195267901625 -0.051528953684741155 0.096829163503904803 0.18446275174744278 0.017209931647060323 -0.0820370662968469 0.19446339065509111 -0.010219102306171016 0.22951766076154068 0.13340146110229864 0.0010108295192117346 0.04086043853079762 -0.00035578529096834172 0.029924608375487556 -0.14191108441074118 0.069145538961812303 -0.048646407091074741 -0.084443717479204844 0.0026972626400689069
leaf_weight=67.540108541259542 2.6246450562030068 3.4126199746970118 15.600935670314355 0.86765242414548982 0.69122679531574238 0.52815933525562275 2.5568545092828563 1.3977974057197573 18.230183754116297 2.1293312674388298 4.7524507492780677 10.136888320557773 3.1313841571100047 1.9808179875835765 5.0735633280128258 3.0103848511353135 8.5043859430588764 3.2318215311970544 5.6636235702317208 1.4018171010538933 3.5439451714046291 79.294578867033124 2.2416998192202291 1582.6758246624377 126.92143893102184 3.5223317714408031 19.527299277484421 7.2157861436717203 17.205067834584046 13.920181015040724
leaf_count=1020 20 152 1447 22 4 4 45 14 183 39 23 91 33 24 43 26 109 41 88 16 34 1078 32 39750 1561 46 262 101 315 293
internal_value=0 -0.000354925 -0.0476805 0.0329749 -0.0265487 -0.0593026 0.000145673 -0.0104467 0.00534628 -0.0346914 0.0109729 -0.0303052 -0.0338111 0.0147674 0.073679 0.122179 -0.0482465 0.0199294 0.0866576 0.0373458 0.0119838 0.00679535 0.132824 0.00146716 0.016583 -0.00989724 -0.00220183 0.0373631 -0.0336158 -0.0454716
internal_weight=0 2015.91 21.1006 5.49966 4.63201 3.94078 1994.81 221.265 132.024 35.2489 17.0187 12.2662 89.2406 21.7005 11.2153 8.08395 10.4852 96.7753 10.2973 7.06544 86.478 82.9341 3.6395 1773.54 190.869 63.9475 60.4252 26.7431 33.6821 31.1252
internal_count=46916 46896 1629 182 160 156 45267 2894 1639 336 153 130 1255 235 102 69 133 1303 145 104 1158 1124 46 42373 2623 1062 1016 363 653 608
is_linear=0
shrinkage=0.1


Tree=83
num_leaves=31
num_cat=0
split_feature=29 28 31 5 38 2 27 3 49 8 21 2 10 32 32 31 38 0 38 1 6 46 33 0 40 17 17 19 2 40
split_gain=2.44203 4.15138 5.02828 4.95627 4.575 4.49076 7.84183 6.78197 8.17964 8.77885 11.0707 6.85633 8.48393 8.7112 21.2175 11.7938 12.5187 12.711 15.4874 11.1429 9.13358 14.4631 8.88663 7.72769 7.82534 6.75435 8.70758 7.50982 6.67379 14.1016
threshold=0.27176413327130683 1.1231445970476568 0.15646441279793402 -0.56835077443443782 2312.0000000000005 0.69082721044602635 1.4115165564439758 -0.83700567443205454 11.500000000000002 0.072214907780360701 -0.02666164369465272 -0.32861526960995846 -0.73305296725621605 -0.83898035402440441 -0.56687524194831884 0.56783674866666456 364.50000000000006 1.2323030914354092 163.50000000000003 -0.71600191426104209 0.48939247156620991 1.5000000000000002 2.1556338061944795 0.087924414739987758 0.15500000000000003 0.004851876794388978 0.0080777530723762717 -0.57473858817675183 -0.48107351886602023 0.55500000000000016
decision_type=2 2 2 2 2 2 2 2 2 2 2 2 2 2 2 2 2 2 2 2 2 2 2 2 2 2 2 2 2 2
left_child=1 5 3 -3 -5 6 7 8 9 -1 -11 28 13 -13 15 16 17 18 -15 -16 -17 -22 23 24 -21 -7 27 -27 29 -9
right_child=-2 2 -4 4 -6 25 -8 11 -10 10 -12 12 -14 14 19 20 -18 -19 -20 22 21 -23 -24 -25 -26 26 -28 -29 -30 -31
leaf_value=0.042621052614229021 0.0055162740386980862 0.3087252766716167 -0.083176849034546557 -0.028467885142145877 0.096033038789866937 0.0033295411645203063 0.013951916579688792 -0.012667055023045885 -0.10446918956597494 0.12265403754514302 0.55012989091517894 -0.10950117291939931 -0.025879438933609562 -0.041793189568571143 -0.01116139545211747 0.87407686953068287 -0.10512086540895425 0.63813690185812588 0.50266406882632142 0.28979433685036549 0.77232258182658553 -0.1014493361304705 -0.097353207131205696 0.36874495619407099 -0.0050431835836680285 0.19880488869817001 0.010507697350643561 0.042281172031482184 0.020895849720240722 0.14825245144217553
leaf_weight=5.5732663827948254 542.34480303537566 0.47945538256317632 13.540317184175363 27.81884924299084 3.3018411593511692 437.95623706968036 172.97091858705971 252.20114441844635 2.1323308779392383 1.8813753479626032 0.89358082879334677 5.3928981795907012 343.812132663792 1.5508902011206371 51.177798708318733 0.40555548714473821 1.4701256207190452 0.66141438996419299 0.78787072072736908 1.4464671695604914 0.34128453070297837 0.42576664569787681 1.4265235234051941 1.5868354723788796 2.3836328950710595 5.8614857819629833 20.521011736476794 6.425494932336731 103.24639495590236 5.5658518365817136
leaf_count=117 11363 22 1323 1149 41 11251 2241 5468 157 48 18 418 8255 114 1429 9 49 12 14 24 13 58 12 19 48 117 518 132 2321 156
internal_value=0 -0.0023325 -0.0321902 -0.0103429 -0.0152586 -0.00138874 -0.00532107 -0.00957123 0.0703321 0.11498 0.260308 -0.0106533 -0.019455 0.0125302 0.0228673 0.207982 0.133939 0.251082 0.141621 0.00486377 0.490254 0.287319 0.124706 0.183184 0.106305 0.00660796 0.0503718 0.116951 -0.000587439 -0.00919239
internal_weight=0 1473.24 45.1405 31.6001 31.1207 1428.1 957.334 784.363 10.4806 8.34822 2.77496 773.883 412.869 69.0571 63.6642 5.64291 4.4703 3.00018 2.33876 58.0213 1.17261 0.767051 6.84346 5.41694 3.8301 470.764 32.808 12.287 361.013 257.767
internal_count=46916 35553 2535 1212 1190 33018 21000 18759 340 183 66 18419 10474 2219 1801 269 189 140 128 1532 80 71 103 91 72 12018 767 249 7945 5624
is_linear=0
shrinkage=0.1


Tree=84
num_leaves=31
num_cat=0
split_feature=29 30 30 33 18 16 32 16 38 4 40 40 40 34 13 20 40 29 32 15 6 25 5 28 4 27 9 9 20 28
split_gain=2.44561 2.44699 9.32551 5.90064 7.36712 4.73705 4.24852 3.12966 3.57778 3.12573 2.90781 13.013 10.1344 6.65958 7.8692 5.43354 6.04936 8.02609 8.15105 7.40376 9.41229 8.09469 10.1922 12.4568 7.41821 7.20008 7.75821 11.049 9.37094 7.08617
threshold=5.4590998955452337 -0.065967831314544131 -0.066338797816397899 -0.076790220183925936 0.96971339597426343 -0.032497173608777422 0.30710995857273049 -0.026161146615393188 328.50000000000006 0.066144253794515856 0.41500000000000004 0.34500000000000003 0.43500000000000005 0.98887472045969338 -0.78372967948563532 0.24805798529465675 0.23500000000000001 -0.77982431144623054 1.5894567063679215 -0.62217179065591099 0.93014509595946959 -0.10364883886816567 -1.2650165190308713 -0.44939377205559744 -0.61376198319705233 1.8281925192194415 0.83868073777315222 0.75968783710753718 0.12131051083623319 -0.35802751924692883
decision_type=2 2 2 2 2 2 2 2 2 2 2 2 2 2 2 2 2 2 2 2 2 2 2 2 2 2 2 2 2 2
left_child=1 2 10 -3 -5 -6 -7 -8 -9 -10 11 15 -12 14 -13 16 19 -18 -19 20 25 24 -23 -24 -22 -1 27 28 -27 -21
right_child=-2 3 -4 4 5 6 7 8 9 -11 12 13 -14 -15 -16 -17 17 18 -20 29 21 22 23 -25 -26 26 -28 -29 -30 -31
leaf_value=-0.041622336223372268 -0.13347667175844588 -0.070467068465119367 0.22351058197967039 0.18022255704082252 -0.18345464885459378 0.17025149007633858 0.064579365580343592 -0.11217846218707171 -0.073360344866282762 0.13326309021898453 0.054724760947420396 0.10229324456335359 0.0024565473126610567 -0.087764416824233804 -0.034075541605830394 -0.0066830145980113012 -0.079052222537021447 0.027818716149570783 -0.065826509730398941 0.026545848321546807 -0.054394997542240066 0.012950916142173181 0.11433543233677622 0.82671068549399418 0.42122739022713596 -0.028869369163882219 -0.024607308366134509 0.3111216647248618 0.24364027907641472 -0.002822078517983306
leaf_weight=86.051060419064015 1.3767155362293113 15.988798189209776 1.8698237955104549 2.3234759229235342 1.448730788193642 1.4220579639077175 3.4162649847567055 4.1156988216098407 1.4303643214516344 1.4998282408341763 39.983873100951314 4.582934415433555 513.54142308072187 22.195814224425703 55.191934175789356 633.18924169940874 7.9133357945829621 202.42083472688682 9.7421949682757241 121.04008725914173 2.3539270251058042 0.76439170632511377 0.45431318180635571 0.53396597737446316 0.38100243243388865 5.2243513313587773 13.963112722616641 1.868655760772526 1.6637431215494869 255.78600367205217
leaf_count=2945 33 674 36 25 25 34 29 75 31 14 784 102 11109 3159 2450 7527 384 6127 154 2617 215 20 25 18 29 94 194 35 29 7923
internal_value=0 -0.000148976 0.000291788 -0.027737 0.0159003 -0.0127355 0.00807581 -0.0139678 -0.052052 0.0324005 8.08676e-05 -0.00230799 0.00623214 -0.040989 -0.0236202 5.23113e-05 0.00605762 0.0198305 0.0235187 -0.000127204 -0.0225467 0.119379 0.28715 0.499231 0.0118639 -0.0284022 0.021669 0.095459 0.0369523 0.00661118
internal_weight=0 2012.36 1980.72 31.6452 15.6564 13.3329 11.8842 10.4622 7.04589 2.93019 1978.85 1425.32 553.525 81.9707 59.7749 1343.35 710.161 220.076 212.163 490.085 113.259 4.4876 1.75267 0.988279 2.73493 108.771 22.7199 8.75675 6.88809 376.826
internal_count=46916 46883 45976 907 233 208 183 149 120 45 45940 34047 11893 5711 2552 28336 20809 6665 6281 14144 3604 307 63 43 244 3297 352 158 123 10540
is_linear=0
shrinkage=0.1


Tree=85
num_leaves=31
num_cat=0
split_feature=10 34 9 7 25 5 6 21 0 10 21 25 9 27 19 3 1 15 5 27 6 19 1 28 1 0 38 40 18 30
split_gain=2.54121 5.79002 4.07783 5.18741 5.62552 7.61756 7.18788 6.75827 5.63392 9.88143 4.67016 4.44395 6.9746 8.88256 8.28081 6.9923 7.99883 6.19233 12.4494 4.61942 5.76851 4.26377 7.56683 3.81951 7.31196 5.62356 6.08259 5.61347 4.39908 6.31614
threshold=1.5552819910174021 0.0082734423660755455 1.6091520417447176 1.4022413871408133 0.97070409426443482 1.9474024666096172 -0.74251661396456192 -1.1942650249880813 -0.92267510693830601 1.6501308791699374 -0.28070381469651889 1.7122885081728285 0.57211941555265311 0.7642459953988463 0.44478128884438378 -0.75464800679552035 3.3458854348311831 0.52326782431539687 -0.28052595499924465 -0.83190422431525912 -0.23682724366297445 -0.44002062297168987 1.9140656725354801 -0.18255824142397239 1.4813839302122827 1.0758203664860921 73.500000000000014 0.03500000000000001 0.98013214435125895 -0.086771502173316931
decision_type=2 2 2 2 2 2 2 2 2 2 2 2 2 2 2 2 2 2 2 2 2 2 2 2 2 2 2 2 2 2
left_child=-1 2 3 4 8 6 -6 -8 9 -2 -11 12 13 15 -15 16 17 -5 -19 -17 -21 22 -10 24 -3 27 -27 -26 -29 -30
right_child=1 23 -4 11 5 -7 7 -9 21 10 -12 -13 -14 14 -16 19 -18 18 -20 20 -22 -23 -24 -25 25 26 -28 28 29 -31
leaf_value=-0.0015114654256622203 -0.34501874661847542 0.19620190471769036 0.092800273881231674 0.10926876035206451 -0.31294729464451643 0.07487700426210217 -0.24081606399830116 0.062692744174291284 0.078373611009627808 -0.13829119547949639 0.10577850038767052 -0.18970257162138038 0.063843657262365586 -0.025378388318363254 -0.30126249517843062 -0.25316686398312643 -0.20538989596361162 -0.31712904349900484 0.1072526471395666 0.10598373963320606 -0.1204772597126243 0.067052168628568651 -0.14900576833727985 -0.13978978751362775 -0.099033765075911939 -0.049103870657573198 0.10356778017045123 -0.00052938875029053911 -0.22387167687618836 -0.027835187714243145
leaf_weight=1786.0526851118193 0.95697242300957341 1.8074523035902519 8.4971288796514255 8.3606692748144251 1.4054288407787678 3.2853860259056091 1.1211381768807767 2.1227645277976985 3.2852364173158994 1.2197971474379303 2.1942498064599931 1.3288477770984162 10.623669019900261 2.1848408076912156 2.167138515971601 1.3534517120569942 1.2055717892944819 1.1430758051574232 1.7487843427807082 1.684680545702576 3.3845527730882217 47.431240589823574 2.6394176054745913 2.0887615671381345 7.2672484489157787 3.7490921122953287 8.5858328114263696 83.532062374753878 2.1395935378968716 7.0887874932959658
leaf_count=43175 7 16 308 141 23 89 20 41 58 27 55 27 199 32 28 16 11 13 33 40 37 1163 36 37 48 42 80 1021 20 73
internal_value=0 0.00975215 0.0262711 0.0206655 0.0372678 -0.0416816 -0.124046 -0.0422041 0.0481196 -0.0610284 0.0185754 -0.0103172 -0.00327638 -0.0339684 -0.162759 -0.0042824 0.0394127 0.0656403 -0.0604942 -0.0890378 -0.0452165 0.0570613 -0.0229233 -0.00578431 -0.00333266 -0.00654235 0.0571646 -0.0143984 -0.00776768 -0.0732861
internal_weight=0 225.603 109.344 100.847 65.6616 7.93472 4.64933 3.2439 57.7269 4.37102 3.41405 35.1853 33.8564 23.2328 4.35198 18.8808 12.4581 11.2525 2.89186 6.42269 5.06923 53.3559 5.92465 116.259 114.17 112.363 12.3349 100.028 92.7604 9.22838
internal_count=46916 3741 2404 2096 1519 173 84 61 1346 89 82 577 550 351 60 291 198 187 46 93 77 1257 94 1337 1300 1284 122 1162 1114 93
is_linear=0
shrinkage=0.1


Tree=86
num_leaves=31
num_cat=0
split_feature=19 10 7 4 25 28 31 15 7 8 28 4 35 25 6 46 32 34 23 25 2 6 21 38 42 35 32 35 25 25
split_gain=2.39779 5.12471 2.86409 6.76937 6.74545 9.49208 4.63757 5.13659 5.46671 4.57531 4.55385 5.46571 4.50701 5.26732 4.05386 7.27278 10.8345 8.84685 8.9278 7.14203 6.25816 6.18775 5.93961 5.157 7.88297 5.09462 9.11022 9.14902 11.4559 10.0983
threshold=-0.80076912926925792 -1.298111424067564 -1.2946317325892536 0.36832874996608306 -1.1843253330150911 0.49854686353510053 -1.2821927326242124 -0.72977898482725634 -0.75588015282135734 -1.1902478852860305 1.9590375242200488 -0.39642371508586322 0.99468939005194079 0.32337702240387856 -0.9160905038238143 20.500000000000004 -1.104470098765268 0.98270983078019891 0.1686538606204781 0.65933226454078808 0.53617860191668032 -0.91093414180513965 -1.3100188764419098 1919.5000000000002 0.28125000000000006 0.0078440694577433905 -0.25168237957281842 2.0125399435181479 0.37439239401008939 0.74599650624304414
decision_type=2 2 2 2 2 2 2 2 2 2 2 2 2 2 2 2 2 2 2 2 2 2 2 2 2 2 2 2 2 2
left_child=1 -1 3 4 5 -2 7 -4 -9 -6 14 -12 13 -11 15 17 -17 18 20 -18 23 -16 -19 25 -25 -8 -27 -28 -29 -30
right_child=2 -3 6 -5 9 -7 10 8 -10 12 11 -13 -14 -15 21 16 19 22 -20 -21 -22 -23 -24 24 -26 26 27 28 29 -31
leaf_value=-0.10737482133307388 0.45492101523013267 0.039817009736052768 -0.09428548875621455 -0.11446709447399087 0.19871323745707486 0.00017723417168224857 0.031344612114934285 0.12531069208088949 -0.060871143471261963 -0.096094639731463316 -0.070510642395783446 0.08870567026717785 0.032670065558401427 0.040373184932513038 0.067679126900423325 0.4720140748227446 -0.066458591851299875 0.11079383796986855 0.09384229941421722 0.18263764789640025 -0.10127412583887806 0.00023331521787305239 -0.099419932509225581 0.26198515052264376 -0.0038838033964662872 -0.080413419669871034 -0.041867334096486186 -0.020014484412318456 0.26805000820782993 0.053637552452029683
leaf_weight=5.9938739483477548 0.8786831535398949 3.9073682647431252 1.7951143663376559 3.4876574119552961 1.4429915705695737 0.96107029914855957 17.951003767549992 8.1498494008555991 1.9554730718955387 6.5732650614809227 16.524031472508799 2.479668863117694 45.067692582844757 4.9643916431814432 13.709211651701478 0.67469390388578165 2.6119729974307111 1.4522180641070033 7.595282200491055 2.0578958662226796 8.3889322448521835 1749.6635973646189 18.056088941870257 1.7091643903404463 3.2090813685208559 23.000448564998798 29.501509298570461 12.98055678792298 3.2229444365948421 6.8976906957104802
leaf_count=187 17 60 18 37 14 49 258 75 36 148 1193 29 699 55 126 14 108 18 235 28 116 42048 288 14 44 375 345 165 35 82
internal_value=0 -0.0492879 4.48002e-05 0.0209632 0.0288502 0.217367 -0.000640827 0.0615925 0.0892828 0.0228754 -0.00102622 -0.0497355 0.0183929 -0.0373756 -0.000539719 -0.016962 0.097431 -0.0215257 -0.0109164 0.043312 -0.0183622 0.000757668 -0.0837714 -0.0112989 0.0885097 -0.0165459 -0.0279169 -0.00496292 0.0421661 0.121918
internal_weight=0 9.90124 1996.96 63.3758 59.8881 1.83975 1933.59 11.9004 10.1053 58.0483 1921.69 19.0037 56.6053 11.5377 1902.68 139.309 5.34456 133.965 114.457 4.66987 106.861 1763.37 19.5083 98.4724 4.91825 93.5542 75.6031 52.6027 23.1012 10.1206
internal_count=46916 247 46669 1019 982 66 45650 129 111 916 45521 1222 902 203 44299 2125 150 1975 1669 136 1434 42174 306 1318 58 1260 1002 627 282 117
is_linear=0
shrinkage=0.1


Tree=87
num_leaves=31
num_cat=0
split_feature=25 1 1 33 3 19 32 19 21 38 35 22 31 2 1 34 10 3 38 27 38 10 29 21 31 26 49 20 24 4
split_gain=2.34166 2.55855 4.73339 4.49015 3.60808 3.87792 2.92087 2.71277 4.26357 3.79386 3.63966 3.27539 3.02055 2.9596 2.4375 4.38245 9.28752 5.28171 6.05533 4.39356 3.79677 3.23991 4.32871 5.37425 6.08743 4.95207 3.52931 6.08966 2.58811 4.41846
threshold=-1.280478853404335 2.6624020919727651 1.4263676474437457 -0.78839583373274102 -0.89336780596517451 -0.62761796263204517 -1.0505745456342797 -0.65750228490932627 1.5492256482796067 49.500000000000007 3.9999815960291953 -0.32109461920300314 -0.35850842446546011 -0.62702720706509718 2.3057213534926766 0.97392298712563552 2.3050544980868706 -0.7137324733361754 32.500000000000007 0.82968914844677588 4.5000000000000009 3.5100679252061551 -0.48835152866366333 -0.056888117189265668 -0.86599270002615514 0.18573534217181489 13.500000000000002 0.53439715265493637 -0.25075267729304812 -0.028777448039724748
decision_type=2 2 2 2 2 2 2 2 2 2 2 2 2 2 2 2 2 2 2 2 2 2 2 2 2 2 2 2 2 2
left_child=1 2 3 -1 -5 7 -4 8 -6 10 13 -11 -10 -9 28 17 -17 18 20 -20 -16 22 26 24 -24 -26 -18 -28 29 -2
right_child=14 -3 6 4 5 -7 -8 9 12 11 -12 -13 -14 -15 15 16 21 -19 19 -21 -22 -23 23 -25 25 -27 27 -29 -30 -31
leaf_value=0.45881007358003639 0.0058992920334413829 -0.17467321504886257 -0.051875539386638053 0.36261585093949689 -0.080699691201122789 -0.075303777757542961 0.11219720674473049 0.42696257458699993 0.35401769772923375 0.33758775147707709 0.56982366793223227 -0.10227454145627282 0.027368221133946758 -0.10111440192349569 0.043208094538088826 0.17870504634884987 -0.085654550769635268 0.08120430083649062 0.10486131933747045 -0.15658352507377635 -0.14942093196575723 -0.12464820018109253 -0.077830157827717808 -0.058984171543719613 0.21957618557481637 0.046886785329962988 0.18011848121051333 -0.051364950128104429 0.00049441836143767519 -0.034546983428886499
leaf_weight=0.17793386802077904 51.24645705264993 1.1454188534989942 1.5387874185107646 0.21463286667131853 3.460094262030907 16.314276912831687 3.6794832251034668 0.17935703694820404 0.41556590585969388 0.2176546473056078 0.29238337371498346 0.76183958060573786 0.88801745942328103 0.25994850904682099 1.4774139560759083 2.5446166526526204 9.092906206846239 18.063143964856863 4.3484855685383081 0.75426195468753565 3.3284155558794737 2.7044826303608707 1.9632957344874729 4.3451906000264016 2.945634188130497 3.8063366152346134 1.5999593632295717 3.9229252869263291 1804.4550901987241 57.107888579252176
leaf_count=18 1451 22 32 15 322 1627 65 1 11 6 13 69 41 45 24 20 82 694 123 17 42 39 25 50 29 38 26 39 41029 901
internal_value=0 -0.0281423 -0.0222325 -0.041602 -0.0454727 -0.0493161 0.0638147 0.0161632 -0.0226311 0.124161 0.296439 -0.00453219 0.1315 0.114486 0.00022008 0.0199157 -0.00481038 0.0490206 -0.0096498 0.0662159 -0.0902027 -0.0201812 -0.00997283 0.0318639 0.0771582 0.122225 -0.0473575 0.0156949 -0.000406957 -0.0154178
internal_weight=0 29.5454 28.4 23.1817 23.0038 22.7891 5.21827 6.47486 4.76368 1.71118 0.731689 0.979494 1.30358 0.439306 1973.71 60.8971 32.9253 27.9717 9.90858 5.10275 4.80583 30.3807 27.6762 13.0605 8.71527 6.75197 14.6158 5.52288 1912.81 108.354
internal_count=46916 2287 2265 2168 2150 2135 97 508 374 134 59 75 52 46 44629 1248 348 900 206 140 66 328 289 142 92 67 147 65 43381 2352
is_linear=0
shrinkage=0.1


Tree=88
num_leaves=31
num_cat=0
split_feature=34 2 38 14 36 21 18 11 18 38 5 7 23 29 4 28 1 1 12 24 38 17 38 38 0 27 29 28 28 38
split_gain=2.32672 5.63192 5.00952 6.23727 4.66095 5.03398 3.95861 5.19026 5.2156 5.51136 3.61067 3.37318 8.31193 3.03761 2.93397 4.18102 3.79218 5.47809 3.34262 2.77033 2.69922 3.61637 2.98553 7.79591 13.203 8.41229 7.8397 8.50872 7.84188 7.18155
threshold=1.0117460750038794 2.2312736304902612 328.50000000000006 0.32333658753158062 2.5000000000000004 -1.3450853348642637 0.97356572474102687 -0.95519922089441345 0.97284915098484881 5.5000000000000009 -0.37923567017004883 1.0426796138943928 1.0625239615227531 -0.79083050443225167 -0.41302506895529661 -0.21163262550006798 2.0397656342888082 2.3057213534926766 -0.83274969160305135 -0.23473952662839845 2914.5000000000005 -0.008419575069298019 55.500000000000007 62.500000000000007 0.40969493546684443 -1.0616368004288208 1.5810675531542235 -0.65060564060270176 -0.11079045627917418 40.500000000000007
decision_type=2 2 2 2 2 2 2 2 2 2 2 2 2 2 2 2 2 2 2 2 2 2 2 2 2 2 2 2 2 2
left_child=20 2 6 4 -4 -6 7 -2 9 -9 -3 13 -13 -11 15 -7 -16 -18 -17 -5 22 -22 29 24 25 -24 27 -27 -29 -1
right_child=1 10 3 19 5 14 -8 8 -10 11 -12 12 -14 -15 16 18 17 -19 -20 -21 21 -23 23 -25 -26 26 -28 28 -30 -31
leaf_value=0.0014273048849162784 0.57989717457503931 0.36362121577751283 0.1653888746342492 -0.093796960012766023 0.18424039378531337 0.19041340057538955 -0.10373028486695553 0.55416422966190737 0.32200093127913665 0.24254889721222869 0.051359166165483652 0.39568129196895008 -0.078518695478632772 -0.09906926986807775 -0.041501749177711225 0.29889967867991185 0.27664302199833463 -0.020379555287787534 -0.10534636187773878 0.088503263841507099 0.1333477441073965 -0.027900217335286012 0.45355023610041112 0.0022910393506335291 -0.050265453197901204 -0.14331053195661289 -0.072881202093017738 0.11315500581483201 -0.057762143200539566 -0.023006200330157735
leaf_weight=496.97861514840042 0.14418403431773086 0.57824890187475819 2.1625930927693906 7.6892803956288827 1.5562277710996628 1.7269084898289295 11.506975420052184 0.15235552843660194 0.41317377029918212 0.27141832234337471 1.0296779214404512 0.54291661432944227 1.1581688466249032 6.3457478487398502 13.523133797454639 0.24505491065792728 0.9824226838536555 1.6875701197423039 1.2374606986995882 0.93495815992355336 1.433810741174965 46.435827621957287 0.57475266058463503 1196.5693948871922 11.260534733417442 1.5656491955742229 3.5544431025627992 26.593684015562758 2.9858007541624891 158.7111616175971
leaf_count=14479 7 15 12 479 40 32 707 15 9 14 32 8 59 784 589 7 15 53 109 25 18 704 32 21523 236 16 63 380 174 6280
internal_value=0 -0.0206829 -0.0263524 -0.00145624 0.025615 0.0111927 -0.0648402 -0.0152712 -0.0249308 -0.0418532 0.163656 -0.0527698 0.0728265 -0.085057 -0.00268696 0.0846605 -0.0199989 0.0889098 -0.0385258 -0.0740337 0.000381675 -0.0230705 0.000972916 0.00385275 0.0440096 0.0741047 0.0678197 0.0838773 0.0959024 -0.00448688
internal_weight=0 53.8885 52.2806 31.7456 23.1214 20.9588 20.5349 9.02796 8.88378 8.47061 1.60793 8.31825 1.70109 6.61717 19.4026 3.20942 16.1931 2.66999 1.48252 8.62424 1946.66 47.8696 1898.79 1243.1 46.5349 35.2743 34.6996 31.1451 29.5795 655.69
internal_count=46916 3011 2964 1361 857 845 1603 896 889 880 47 865 67 798 805 148 657 68 116 504 43905 722 43183 22424 901 665 633 570 554 20759
is_linear=0
shrinkage=0.1


Tree=89
num_leaves=31
num_cat=0
split_feature=7 28 49 19 38 38 12 4 10 15 21 13 38 40 23 27 17 27 40 35 10 40 5 4 4 40 35 33 32 15
split_gain=2.27003 7.06219 6.10785 6.18761 5.6853 6.66372 7.41825 4.97357 11.3623 6.69272 6.74955 5.68385 5.92978 5.40766 4.60747 8.78985 7.93671 6.32137 6.31079 7.7271 8.34027 17.8317 25.269 18.4457 11.4374 10.1471 5.92304 5.82572 5.27973 5.23912
threshold=0.6832352379135217 0.97625182445618131 11.500000000000002 -0.60842373572690478 1206.5000000000002 1050.5000000000002 1.7588112795508668 -0.43104285046988011 0.092381556047153271 2.4650708247801858 0.4754609334683898 -0.77707362008095249 501.50000000000006 0.14500000000000005 0.42454223852093781 -0.45168096841600358 -0.013932016826494699 -1.0014136292669704 0.23500000000000001 4.0006305979581089 0.3469737547088278 0.43500000000000005 -0.35909015378417769 -0.66445794656014046 0.42662366258760959 0.25500000000000006 3.9975934780516051 -0.32004490049155304 0.60550638815675606 -0.067860762241446312
decision_type=2 2 2 2 2 2 2 2 2 2 2 2 2 2 2 2 2 2 2 2 2 2 2 2 2 2 2 2 2 2
left_child=14 2 3 -2 5 -4 -7 9 -9 10 -5 12 -12 -13 -1 16 27 -18 -19 20 21 28 23 -23 -22 -26 -27 -16 29 -20
right_child=1 -3 4 7 -6 6 -8 8 -10 -11 11 13 -14 -15 15 -17 17 18 19 -21 24 22 -24 -25 25 26 -28 -29 -30 -31
leaf_value=0.00015762258248974906 0.24779249739136291 0.20925788650245264 -0.0070274860496133858 -0.05462148678483663 -0.057939082561628358 -0.026475808569115605 0.31502024055541455 0.33885083989122322 0.016037025255740276 0.26938592829335656 -0.021215819406343466 0.066204799055873551 0.26897146155486085 -0.076458032002980125 0.021849095492608703 -0.030294306900415503 -0.041370302191647113 -0.0159237053293045 0.2800036492111066 -0.022578291808924469 -0.11377459801352026 0.8320841354624211 0.8482671550576133 -0.024226758585795372 0.24127881084865554 -0.061456026471849973 0.11984396942109143 0.38671184612626014 0.37036370638857574 -0.070290268316930041
leaf_weight=1359.90192832303 1.1197454221546639 1.7065187447005872 101.92634733673185 26.880195738165639 23.006432182854041 1.1877974374219769 1.3695484166964886 1.0949466796591867 259.37756112660281 0.78413851745426555 1.1617452746722841 5.5417421546298993 1.7878709724172948 5.104149233084172 0.7950555665884167 138.7809391382616 18.624302317213733 19.720289482153021 0.52453792316373649 8.3343522951472533 3.2314781351014963 0.32074770214967441 0.83377315383404482 1.1660777106881142 3.4760659039020521 3.4464219919173047 3.7765792496502399 0.9733793707564462 0.43180142645724107 2.295317668118519
leaf_count=32202 12 73 2940 862 428 25 21 8 4369 24 83 137 31 124 35 3188 866 550 95 235 111 25 20 53 40 103 64 11 11 170
internal_value=0 0.00623041 0.00542531 0.013155 -0.0129365 -0.00302725 0.156407 0.0122842 0.017394 -0.019974 -0.0255798 0.0318396 0.154677 -0.00219458 -0.00195682 -0.0158659 0.0136026 0.00801593 0.0273564 0.0580167 0.0924583 0.195856 0.407611 0.160502 0.0510991 0.100896 0.0333375 0.222676 0.0447334 -0.00513004
internal_weight=0 432.049 430.342 302.852 127.49 104.484 2.55735 301.732 260.473 41.2598 40.4757 13.5955 2.94962 10.6459 1566.63 206.731 67.9502 66.1817 47.5574 27.8372 19.5028 5.57226 2.3206 1.48683 13.9305 10.6991 7.223 1.76843 3.25166 2.81986
internal_count=46916 9137 9064 5650 3414 2986 46 5638 4377 1261 1237 375 114 261 37779 5577 2389 2343 1477 927 692 374 98 78 318 207 167 46 276 265
is_linear=0
shrinkage=0.1


Tree=90
num_leaves=31
num_cat=0
split_feature=6 14 38 9 28 12 3 20 49 9 21 2 6 14 27 20 23 38 46 14 6 38 28 28 46 3 3 0 38 33
split_gain=2.25359 14.4451 8.48062 7.97527 6.94399 8.08621 6.02993 5.57297 5.77036 8.19475 6.03647 10.5408 5.46536 9.82393 8.32963 5.20832 5.15803 4.91869 10.5052 4.68026 10.3295 8.46346 7.25037 5.58798 5.89246 7.90245 7.06592 5.59424 6.06072 7.58584
threshold=0.38552475689601945 0.66992967412597781 73.500000000000014 2.0960603886239708 0.086828261075997185 0.36149924823230062 -0.62604172626828791 -0.16777096374592476 4.5000000000000009 -0.14224850184043947 -0.99428909842475188 -0.25835042730820906 0.76033898323413263 1.1914742872086881 -0.61192635805962936 3.2850745008845155 -3.1624433735123536 86.500000000000014 2.5000000000000004 0.58432029375154493 0.21934890415531688 1354.0000000000002 0.89047623262368736 -0.031420743994060064 1.5000000000000002 -0.21583172418775287 -0.38523682315429825 -0.9167363444786244 749.50000000000011 -0.77036094387764076
decision_type=2 2 2 2 2 2 2 2 2 2 2 2 2 2 2 2 2 2 2 2 2 2 2 2 2 2 2 2 2 2
left_child=1 19 7 15 6 -6 -3 16 9 -9 11 -11 -10 14 -14 17 -2 18 -4 20 -1 22 23 24 -22 26 27 -26 29 -29
right_child=2 4 3 -5 5 -7 -8 8 12 10 -12 -13 13 -15 -16 -17 -18 -19 -20 -21 21 -23 -24 -25 25 -27 -28 28 -30 -31
leaf_value=-0.00057105924736388194 0.44154427451200928 0.1048080132755588 0.47933962229275384 -0.088955290162167439 0.075384806161616691 0.29265147229825023 0.005042896324472382 0.34881244943017387 -0.093128876103866456 -0.024156223659051814 -0.031516058129226789 0.41087073498732202 0.37741775576253467 -0.060684844037184674 0.042970213090630795 0.14301446805247028 -0.09070515777360072 0.00091266625556309187 0.0035761674600454847 -0.034596617629600666 -0.11246986368557942 -0.042696194035774071 0.25994277410999522 -0.037902915542628438 0.27770057012269578 0.21249891453453104 -0.065757969463751301 0.36675169860288581 0.18359499622945719 0.0009386921163623504
leaf_weight=1625.5154792285757 0.18374580459203826 9.5389140923507529 0.67617002315819208 9.5793995298445207 4.9827333264984182 2.610448345541954 16.603738537989557 0.81844144314527589 11.953848975012081 1.3344614808447661 6.4626983297057423 0.95599498390220006 1.0460760171990844 7.5869384446414188 2.5846081636846048 2.6761736497282973 20.038290393189527 195.62375732231885 1.4798492346890268 38.627222536597401 1.4346165182069004 7.3797682361910111 2.0195051794871679 4.5265837935730842 1.5224083061330134 4.6316861417144457 3.3180927750654527 0.61157354945317699 3.551095997914671 7.7556597045622668
leaf_count=33397 20 109 25 93 77 28 179 17 516 57 229 22 25 417 80 21 3855 5555 85 1556 24 103 39 103 14 48 44 13 28 137
internal_value=0 0.00109978 -0.00883397 0.000183492 0.0658961 0.150079 0.0414451 -0.0445931 -0.0191012 0.0462158 0.0179222 0.157416 -0.0460822 0.00405225 0.139332 0.00444326 -0.0858689 0.00256824 0.152785 -0.000185397 0.00061424 0.0530406 0.0770953 0.0635948 0.0837235 0.0968817 0.0649283 0.0971906 0.0741328 0.0276765
internal_weight=0 1734.63 263 210.035 33.7358 7.59318 26.1427 52.9651 32.7431 9.5716 8.75315 2.29046 23.1715 11.2176 3.63068 200.456 20.222 197.78 2.15602 1700.89 1662.27 36.751 29.3712 27.3517 22.8251 21.3905 16.7588 13.4407 11.9183 8.36723
internal_count=46916 35899 11017 5779 393 105 288 5238 1363 325 308 79 1038 522 105 5686 3875 5665 110 35506 33950 553 450 411 308 284 236 192 178 150
is_linear=0
shrinkage=0.1


Tree=91
num_leaves=31
num_cat=0
split_feature=25 33 26 0 28 22 42 38 10 22 38 40 17 19 29 25 5 6 21 19 17 40 7 23 40 5 28 7 1 10
split_gain=2.13741 2.34431 2.33667 4.93584 8.26342 9.62247 5.02311 5.3015 5.9003 7.47818 5.34276 4.85369 4.79634 4.34798 5.78718 5.49345 4.70053 7.52243 4.31878 8.44929 4.61508 4.14572 11.3316 11.0528 5.48272 5.03163 5.42028 4.25824 3.85817 4.59309
threshold=-1.280478853404335 -0.78839583373274102 -1.1751697446606011 -0.41695300173610145 -0.48146709025081641 -0.32530431707236096 0.84375000000000011 231.00000000000003 -0.3080818149745978 -0.094817152606447991 760.50000000000011 0.44500000000000006 -0.0027351531657158934 2.1871523420477392 1.8239250394976925 0.38100360593434907 1.1950135498982044 -1.014765766989193 1.5523354732984778 -0.68292071538672816 -0.012066050826494612 0.13500000000000004 -1.1147457591339596 -1.453332859580182 0.03500000000000001 -0.23836884367853592 -0.57283773697825113 -0.21587505440957588 0.50877946714520739 0.56428744852549273
decision_type=2 2 2 2 2 2 2 2 2 2 2 2 2 2 2 2 2 2 2 2 2 2 2 2 2 2 2 2 2 2
left_child=1 -1 3 12 5 11 7 8 9 -7 -9 28 -2 14 16 -15 21 -18 -4 -20 -21 22 23 -14 -24 -26 27 -27 -5 -30
right_child=2 -3 18 4 -6 6 -8 10 -10 -11 -12 -13 13 15 -16 -17 17 -19 19 20 -22 -23 24 -25 25 26 -28 -29 29 -31
leaf_value=0.26010680467571556 -0.10059244072726858 -0.030138916981186467 0.00096300665114081225 -0.040259064052944722 -0.059292921642862623 0.2972098566405007 -0.022320340116941201 0.33879046609346469 -0.071411784626984595 -0.009559196470386333 0.10445325903681067 -0.068055268695349377 0.017882032144562052 -0.035706077129645318 -0.13067158732166095 0.21422333062631577 -0.041675552434784588 0.15654146057310339 0.4048234070872429 0.27249910300802893 -0.002580418869647735 -0.03222434090476211 -0.11494054859241896 0.43251805194987264 0.086090622735021244 0.21281434664610363 -0.15150934061881205 -0.022343275814541444 0.21414868529871345 0.037784983295827218
leaf_weight=0.2810315929818924 7.2975750360637894 28.436424288200215 1794.8987184502766 5.4020270141772952 11.163018417544661 1.778026517480612 2.0774277159944168 2.2298368411138658 1.673962027416567 1.436773340217768 1.726051398552954 6.6421987656503907 1.354536193655804 1.7149758541490876 4.5645154437515876 1.8051268206909297 3.741644945461303 3.9209197931922963 0.73918780125677574 0.72353354189544905 3.8836313147330648 76.160073798848316 3.8685188312083509 1.2236773995682622 6.2038594309706276 0.98888173513114441 2.6177425503265059 3.4795535621233284 1.6853991667740036 11.924164125230162
leaf_count=19 195 2268 40663 108 442 24 29 29 58 22 20 97 37 72 98 27 55 56 13 9 108 1835 32 17 188 13 82 68 21 211
internal_value=0 -0.0272985 0.000181549 -0.0111458 0.0160167 0.0390013 0.11761 0.150476 0.0808327 0.160107 0.236543 0.00553381 -0.0220478 -0.0169138 -0.0204746 0.092459 -0.0156175 0.0597517 0.00123032 0.0909744 0.0406195 -0.0216398 0.0192038 0.214677 -0.0101678 0.0203299 -0.0372428 0.029698 0.0312441 0.0596257
internal_weight=0 28.7175 1966.93 166.68 47.7389 36.5759 10.9221 8.84465 4.88876 3.2148 3.95589 25.6538 118.942 111.644 108.124 3.5201 103.559 7.66256 1800.25 5.34635 4.60716 95.8968 19.7368 2.57821 17.1586 13.29 7.08618 4.46844 19.0116 13.6096
internal_count=46916 2287 44629 3836 1061 619 182 153 104 46 49 437 2775 2580 2481 99 2383 111 40793 130 117 2272 437 54 383 351 163 81 340 232
is_linear=0
shrinkage=0.1


Tree=92
num_leaves=31
num_cat=0
split_feature=0 13 19 29 25 6 35 6 7 20 49 4 12 10 31 3 40 13 40 27 49 38 32 35 25 33 9 29 3 1
split_gain=2.12404 3.89686 2.71467 2.48531 4.68287 6.72886 4.40253 4.82818 4.402 4.47348 3.90606 7.68837 8.361 9.21362 6.2228 6.14274 5.82022 5.24209 4.97105 7.04766 7.04201 7.92554 10.2256 6.91884 6.82204 5.44041 8.11918 18.072 12.3285 7.13357
threshold=5.3704838507651482 -0.49597820296899725 -0.27569392091841544 0.27176413327130683 2.4138006517316031 -1.0405264978412443 1.9909174402552061 0.92644732636451677 0.50104342933175217 -0.13680470027931116 1.5000000000000002 1.9342711051099197 -0.8951158520109721 1.4315107332976544 0.6292824869542043 -0.74858379392873509 0.03500000000000001 -0.61734627836313793 0.33500000000000008 -1.2038507758144683 4.5000000000000009 5.5000000000000009 0.065332886799175191 3.9786411023398522 -0.86926243371857703 -0.54666244747948578 -0.22988640775985633 1.5855065784618116 0.14554181824209914 -0.86979841245407552
decision_type=2 2 2 2 2 2 2 2 2 2 2 2 2 2 2 2 2 2 2 2 2 2 2 2 2 2 2 2 2 2
left_child=3 -2 -3 -1 10 -6 -7 8 9 -8 11 14 -13 -14 -5 -16 -12 -18 19 -19 24 22 -22 -23 -20 26 28 -28 -26 -30
right_child=1 2 -4 4 5 6 7 -9 -10 -11 16 12 13 -15 15 -17 17 18 20 -21 21 23 -24 -25 25 -27 27 -29 29 -31
leaf_value=-0.0021873073173757753 0.090763230032738562 0.0016926173102819202 -0.17897943645478664 -0.022476851168233287 0.26958546030020031 0.080441170618428592 0.078488989315570995 -0.15305877985900293 0.092077422000420905 -0.043279801908327094 -0.077940689661756657 0.0054496479404457102 0.39622082492037902 0.086353036457146037 0.2606924638060632 0.028769457468498891 -0.019820802012724379 -0.077824196962047759 -0.11693586552317554 0.038089217902625844 -0.030332818619970892 -0.088154112309277416 0.33895761431121324 0.030191516724315071 -0.058346643133111768 -0.017201860415632115 0.50163033428978421 -0.10254110150348134 0.017657193902877445 0.29009850122047992
leaf_weight=1454.9905823767185 1.1963104305323211 1.2665842899587008 2.4217872885055831 137.16312669683248 1.2379091382026661 12.346446320414541 4.1831035721115777 1.7551482031121839 5.9884143951348952 10.82261157757603 7.4387641586363307 12.779288667254152 1.202338472008704 4.7524218750186265 1.3190902792848636 8.507581129902972 45.828948989976197 5.5082210099790236 5.9565848498605183 109.92875551327597 1.2855717614293092 5.3392327160108826 1.7992051758337764 66.069945542607456 7.148136862087993 69.849565487587824 1.1340689486823969 0.87870276905596245 1.7968841777183118 2.066225619520992
leaf_count=35537 23 24 30 2657 22 165 42 37 81 162 59 203 12 129 23 227 1373 188 254 2238 44 467 26 1241 216 1303 25 25 48 35
internal_value=0 -0.0660688 -0.116937 -4.57003e-05 0.0057886 0.0404465 0.0323642 0.00627202 0.0195924 -0.00933464 0.00325873 -0.00928013 0.0510525 0.148919 -0.0169696 0.0599018 0.00951719 0.0115215 0.0166742 0.0325583 0.00544746 0.0281222 0.185057 0.0213429 -0.0135678 -0.00613821 0.0531977 0.237871 0.0194408 0.163375
internal_weight=0 4.88468 3.68837 1989.08 534.086 36.3336 35.0957 22.7493 20.9941 15.0057 497.753 165.724 18.734 5.95476 146.99 9.82667 332.029 324.59 278.761 115.437 163.324 74.494 3.08478 71.4092 88.8302 82.8736 13.024 2.01277 11.0112 3.86311
internal_count=46916 77 54 46839 11302 509 487 322 285 204 10793 3251 344 141 2907 250 7542 7483 6110 2426 3684 1778 70 1708 1906 1652 349 50 299 83
is_linear=0
shrinkage=0.1


Tree=93
num_leaves=31
num_cat=0
split_feature=42 16 31 19 21 32 32 6 20 46 27 15 4 19 21 19 3 49 32 38 1 35 28 21 31 6 28 30 34 17
split_gain=2.13508 8.19384 8.15679 8.12008 7.75151 6.97991 7.89734 10.6589 13.7493 10.1898 8.22598 7.16047 7.10545 7.15386 6.99076 6.57349 13.5759 7.1906 6.52152 6.38678 8.41631 10.2088 7.6787 12.5036 6.20179 6.22408 5.64694 5.56726 7.01104 6.7218
threshold=0.84375000000000011 -0.038296138183672022 -0.63827055208276018 -0.54108079147463328 -1.3704698187394999 1.6832485436710933 0.76019162667608586 -0.44415860401468987 -0.22919015990003686 2.5000000000000004 -0.016004141580877696 -0.46563457022367288 -0.81556225280200878 -0.35896464183803994 -0.16872851233077477 -0.086364769853306642 0.36087830925535308 10.500000000000002 0.93203513439591412 515.50000000000011 -0.59279678372020328 3.9904505456625414 -0.49020605334294615 -1.0183064671680391 -0.4908818151684971 -0.63351987614264982 -0.57788140585486636 -0.072799659517414947 0.01196848674050408 -0.012066050826494612
decision_type=2 2 2 2 2 2 2 2 2 2 2 2 2 2 2 2 2 2 2 2 2 2 2 2 2 2 2 2 2 2
left_child=27 3 4 -2 -3 6 9 8 -8 -4 -9 24 -11 19 -12 16 17 -16 -13 20 -14 22 -22 -24 25 -10 -26 -1 29 -29
right_child=1 2 5 -5 -6 -7 7 10 11 12 14 18 13 -15 15 -17 -18 -19 -20 -21 21 -23 23 -25 26 -27 -28 28 -30 -31
leaf_value=0.0023354053069585758 0.25534685791811407 0.098646379098822318 -0.055407582090460927 0.014902696904930623 -0.039376954940100684 -0.067556690330378366 0.35371243631036947 0.10977520968870154 0.15442664771307338 -0.10800096636149177 -0.11272062137505706 0.027367665344985276 0.2374414765571741 -0.0021701421733562802 0.032003854798584287 -0.038595195811814115 -0.060258662408620739 0.15054740554191248 0.27412843306300999 -0.035747625243135697 0.39445091783011466 -0.08309818831271204 0.2325357195521961 -0.11217635725886635 0.1914112904445153 -0.077599214088757446 -0.00024631600961218014 0.098814056471335746 -0.060673898963302934 -0.015421416584031589
leaf_weight=1632.032588435919 2.2969029541127384 4.2490984690375617 34.751614338718355 3.6151706711389116 95.966280550695956 13.346000641933641 1.843070797156545 7.2193540005246168 1.4400375699624453 4.3024779444094738 5.3185871632304034 1.772260069847104 3.8541253157891324 30.327781209722165 12.182221983559435 18.879214175743982 9.8975784985814226 8.8227861666819063 2.7067985534667969 3.6443955898284903 0.99432987347245028 3.1603441808838397 2.4777471455745381 1.8290075757540742 3.3763743853196502 5.8638577004894605 2.8223720523528764 6.0804003824014208 32.300430461065844 33.695109404157847
leaf_count=40447 28 44 616 59 981 226 25 96 15 185 122 20 69 528 250 382 236 172 35 48 21 58 38 46 42 93 44 99 1207 684
internal_value=0 -0.00818953 -0.0106404 0.108318 -0.0335248 0.00204197 0.00758787 0.029721 0.093588 -0.013716 0.00940401 0.066926 0.0149229 0.0263488 -0.00374681 0.00789573 0.0362983 0.081796 0.176491 0.0805416 0.114954 0.0591613 0.143972 0.0861422 0.0305815 -0.0318529 0.104147 0.00113424 -0.026064 0.00204153
internal_weight=0 286.96 281.048 5.91207 100.215 180.832 167.486 82.1445 19.8248 85.3418 62.3197 17.9817 50.5902 46.2877 55.1004 49.7818 30.9026 21.005 4.47906 15.9599 12.3156 8.46143 5.30108 4.30675 13.5026 7.3039 6.19875 1704.11 72.0759 39.7755
internal_count=46916 4479 4392 87 1025 3367 3141 1532 274 1609 1258 249 993 808 1162 1040 658 422 55 280 232 163 105 84 194 108 86 42437 1990 783
is_linear=0
shrinkage=0.1


Tree=94
num_leaves=31
num_cat=0
split_feature=14 6 19 19 19 10 25 3 21 3 15 26 35 25 16 9 31 29 32 31 25 32 42 9 22 8 42 3 28 25
split_gain=2.13995 7.37258 6.8559 6.84669 6.12187 7.69458 10.7793 10.2196 7.18361 7.64798 7.02347 6.55918 6.27347 5.74169 5.64141 5.61137 5.34947 10.7295 8.01709 6.23355 12.4731 8.35599 7.70849 6.84868 11.0774 8.02411 7.00272 6.70462 6.40412 7.41962
threshold=-1.1453800006332731 -0.78137799809396824 -0.51076689542912368 -0.41980992158234859 -0.58438826583685721 -0.64940058292905756 0.65933226454078808 2.2868771491355422 -0.96315687983499731 2.0100700767988844 -0.57378852093147492 1.4591788582814174 0.99998982328949448 -0.56694106245108788 -0.033798658459738659 1.0888482789707554 -0.81808768867686543 -0.44116656340364974 -0.48603670327184773 -0.88873354540345784 1.2656373453320817 -0.12800941436080418 0.84375000000000011 0.26264209426803736 0.047197500116602988 0.30963512233746532 0.28125000000000006 0.011331734414470567 -0.45479394304030002 -0.51780936920952192
decision_type=2 2 2 2 2 2 2 2 2 2 2 2 2 2 2 2 2 2 2 2 2 2 2 2 2 2 2 2 2 2
left_child=1 4 -3 -4 5 7 14 8 -1 10 -10 12 -9 -12 -7 -14 19 -18 -19 21 23 -6 28 -21 25 26 -25 -24 -23 -30
right_child=-2 2 3 -5 16 6 -8 11 9 -11 13 -13 15 -15 -16 -17 17 18 -20 20 -22 22 27 24 -26 -27 -28 -29 29 -31
leaf_value=-0.10839965811765205 -0.0019791361750132871 0.11784694024287617 -0.10248585750988003 0.044189520735683767 -0.027995477029139473 0.14585221087511718 0.02194727495891002 -0.11527312406024307 -0.0040157327778640858 0.3367370032358844 0.056050833535320456 0.12177725148344115 -0.046677907590014271 0.30041922334290161 -0.080212432784368459 0.073455249646902462 0.12699984217063129 0.11083909535127526 -0.094419676137418584 0.050856588312140107 0.1231460566264041 0.015674020039941457 0.071057821750401276 0.023000717989577941 0.17554462891294073 0.12849819987882455 -0.070742057611213924 -0.049027435849998052 -0.091146517476292238 0.092270551729632069
leaf_weight=1.4730628104880441 1545.8041910389438 10.485558895394204 3.7888006828725365 19.887055726256222 62.008885639719665 1.1376362922601391 17.110891782678664 7.0334870945662322 3.9541076729074107 1.4919453458860514 1.8135451148264112 2.962650252506136 10.63259457005188 2.0465188301168378 37.203182134544477 6.1296565495431414 3.272381920367482 2.1620471621863606 15.875017303042108 35.429270467022434 13.426737168803809 87.67359169293195 5.659423301927748 12.323980088345705 3.0092235077172509 3.1725470991805187 22.549296427052468 26.051028824178502 2.4535763908643302 21.810777396894991
leaf_count=26 40849 79 26 168 1121 18 164 83 63 17 39 23 129 18 629 58 40 49 193 606 155 1238 89 138 34 32 273 230 54 275
internal_value=0 0.00589726 0.0505305 0.0207173 0.00217719 -0.0203834 -0.0440508 0.014579 0.0967884 0.129268 0.0896558 -0.0185378 -0.0360074 0.185609 -0.0735047 -0.00274735 0.00879769 -0.039592 -0.0698159 0.0122864 0.03425 0.00268416 0.0159277 0.0186445 -0.00915365 -0.0237623 -0.037614 -0.0275956 0.0282572 0.0737237
internal_weight=0 444.028 34.1614 23.6759 409.867 92.9893 55.4517 37.5376 10.7792 9.30612 7.81417 26.7584 23.7957 3.86006 38.3408 16.7623 316.878 21.3094 18.0371 295.568 89.9111 205.657 143.648 76.4843 41.055 38.0458 34.8733 31.7105 111.938 24.2644
internal_count=46916 6067 273 194 5794 1267 811 456 163 137 120 293 270 57 647 187 4527 282 242 4245 1238 3007 1886 1083 477 443 411 319 1567 329
is_linear=0
shrinkage=0.1


Tree=95
num_leaves=31
num_cat=0
split_feature=38 0 38 15 19 1 49 38 27 4 20 16 19 46 25 21 21 23 21 15 19 1 28 49 9 15 40 35 25 29
split_gain=2.06814 7.55546 6.82579 6.68056 7.95767 9.67629 25.9852 6.15382 6.8103 19.1 9.03649 10.3688 6.03302 5.92879 6.67447 4.57494 4.33494 4.32323 4.126 4.02704 3.80661 3.71202 3.6277 3.6135 6.12755 5.16531 8.77274 5.60199 5.15051 9.2043
threshold=9.5000000000000018 0.39716362373820158 10.500000000000002 -0.51811148679412922 -0.62761796263204517 -0.63909170473054633 1.5000000000000002 5.5000000000000009 -0.97651380671936405 -0.44065196540559931 -0.017215820868852209 -0.021360619562962025 -0.7531671440126082 3.5000000000000004 -1.1216969083503696 -0.02666164369465272 0.15793460021518435 1.3365822625510326 -1.2354193770794952 -0.041344585584279052 0.24715729182825982 1.3512401056532033 -0.52114238509425204 11.500000000000002 3.1131946533534962 -0.72714605683551181 0.23500000000000001 1.9944101986276059 -0.25674818549101203 2.8977927426119892
decision_type=2 2 2 2 2 2 2 2 2 2 2 2 2 2 2 2 2 2 2 2 2 2 2 2 2 2 2 2 2 2
left_child=1 3 -2 -1 5 12 -7 8 9 -6 13 18 -5 22 -15 17 -8 -3 -12 21 -19 -17 -10 24 -4 26 -25 -28 29 -27
right_child=2 15 23 4 7 6 16 -9 10 -11 11 -13 -14 14 -16 19 -18 20 -20 -21 -22 -23 -24 25 -26 28 27 -29 -30 -31
leaf_value=-0.026873558383180847 0.062305798629573056 -0.058443574713476512 0.0025356517429079989 0.19120561565137772 0.78544478259876205 0.8851491788775866 -0.10239789716454102 -0.07417799240928781 -0.37508765989475418 0.054677031759188671 -0.12224182400399219 0.34497976372808198 -0.10386978408067282 0.50107318153711522 -0.011012494350818018 -0.15044252941439656 0.29567021098044866 0.19736542616269162 0.055466407554967984 -0.29047223965051844 -0.025236062863268745 0.12168256822556876 -0.076098635596905384 -0.094374231010844828 -0.16806653320030696 -0.037265110295617965 0.44678783085256141 0.050049133988482042 -0.0056713577833716741 0.48386651735507491
leaf_weight=40.740625563426875 17.732873888686299 20.475948569714099 1454.0898791135987 1.3585536298342047 0.44846563576720688 0.58302023122087021 0.65928820148110368 6.3943181200884274 0.42899163998663681 1.7664929903112376 1.4235117160715205 1.1986767249181856 1.4141480126418176 0.36784802516922355 0.82619965309277155 2.0389558572787796 0.46759850904345512 1.3132704744348296 15.896322391927242 1.4420646128710348 1.8509512066375462 0.66468125581741322 7.5090676571708164 4.6157754479208988 2.1083698300644746 75.102712886873633 0.36121553974226372 24.203775171132293 298.76313239964657 0.34045555593911458
leaf_count=1711 186 871 27623 35 28 17 44 254 4 71 40 24 99 7 43 85 5 21 397 32 36 8 532 121 26 6544 11 877 7136 28
internal_value=0 -0.0135949 0.000557373 0.00176047 0.0303932 0.156088 0.34318 0.0148542 0.0339163 0.202637 0.020401 0.0605458 0.0407097 -0.0610066 0.146745 -0.0586251 0.0627794 -0.0416327 0.0408606 -0.155521 0.0671519 -0.0835414 -0.0922567 -3.14559e-05 0.00228864 -0.00840685 0.0321155 0.055883 -0.0115668 -0.0349134
internal_weight=0 109.269 1877.32 81.4831 40.7425 4.48261 1.70991 36.2599 29.8656 2.21496 27.6506 18.5185 2.7727 9.13211 1.19405 27.7859 1.12689 23.6402 17.3198 4.1457 3.16422 2.70364 7.93806 1859.59 1456.2 403.387 29.1808 24.565 374.206 75.4432
internal_count=46916 4364 42552 3311 1600 200 66 1400 1146 99 1047 461 134 586 50 1053 49 928 437 125 57 93 536 42366 27649 14717 1009 888 13708 6572
is_linear=0
shrinkage=0.1


Tree=96
num_leaves=31
num_cat=0
split_feature=8 19 10 38 47 32 5 20 0 2 38 7 24 12 28 29 12 7 6 29 38 49 1 4 31 27 31 40 5 0
split_gain=2.05381 2.05458 4.30239 2.53026 2.77175 2.07376 7.42012 9.85167 7.13462 6.27238 6.80196 6.20034 5.63101 4.88177 5.65169 6.97254 8.78455 5.36402 5.00618 4.8792 4.83012 5.54141 4.33737 4.49623 5.60265 5.57034 4.32626 4.26477 10.0278 9.86382
threshold=-1.2015943882579365 -0.80076912926925792 -1.298111424067564 441.50000000000006 3.5000000000000004 -0.8202322209213353 -0.35909015378417769 -0.64536381809584109 3.2197716499224249 -0.99708603931981055 441.50000000000006 -1.1167700578655066 -0.21899178511692494 -0.79770986188412663 0.75442031481837224 -0.20720285178810985 -1.1006318856065322 -1.1148895968002794 -0.49603811207511778 0.87067902371419092 821.50000000000011 1.5000000000000002 -1.4798081560031797 -0.7426602611988351 0.20554416389444716 -1.2246459029291314 0.22735728362211685 0.54500000000000015 -0.76636539044212937 -0.73136839643648244
decision_type=2 2 2 2 2 2 2 2 2 2 2 2 2 2 2 2 2 2 2 2 2 2 2 2 2 2 2 2 2 2
left_child=-1 2 -2 4 -4 6 9 22 27 10 11 -3 13 14 15 16 -9 -16 -19 -14 -12 -22 -8 -24 -25 26 -26 -7 -29 -30
right_child=1 5 3 -5 -6 8 7 12 -10 -11 20 -13 19 -15 17 -17 -18 18 -20 -21 21 -23 23 24 25 -27 -28 28 29 -31
leaf_value=-0.10420552093705218 -0.10279518901719831 0.59138733418774603 -0.12117392368266984 0.14406006145394343 0.086920959167166287 -0.00017231541964033472 0.32760879020810496 0.18127760658739542 0.11462591341081273 -0.065727996691515203 0.33057760146726489 -0.076400432251599829 -0.011015631506884987 -0.076203654241083316 -0.029799803478816014 -0.066903476031727194 -0.040530241692201381 0.20921809326439905 0.025864164412253678 0.30332390467224324 0.21078756387134995 -0.08103432481374867 -0.064231308129377856 0.015913651906369605 0.38194755962821336 0.45828383629434954 0.014470302091891919 0.1023474788034493 0.18513196482455765 -0.00059155085593144187
leaf_weight=1.8978578089736391 5.5947756483219564 0.14409354701638211 1.379196317400782 1.3593251509591935 1.1943750120699406 1652.0832357500913 0.44412337313406069 2.8739323019981384 5.5364153301343313 33.703863310627639 0.93882857891730997 3.964265603106468 1.0723197762854386 21.324240523506887 5.4076674012467265 23.283554991940036 4.7146632178919416 2.680618662154302 3.3501416647341085 0.91528483317233611 1.3114540334790947 1.2915224614553151 6.8538537802523924 118.21143352601212 0.40383913554251227 0.52151335589587589 1.5500005883513948 13.404648191528393 2.9924155189655712 64.448067734600045
leaf_count=39 187 10 35 15 10 33545 8 25 52 3735 30 414 36 859 69 358 86 39 57 17 11 52 462 4715 8 15 99 551 43 1334
internal_value=0 -0.000128214 -0.0464539 0.0336948 -0.0245987 9.54455e-05 -0.00872221 -0.000509146 0.00128719 -0.0471733 0.0345718 -0.0529789 -0.0320118 -0.0371889 -0.0175257 -0.0397723 0.0434722 0.0425177 0.107363 0.133737 0.136127 0.0659939 0.0156434 0.0145571 0.0190315 0.167926 0.0904242 0.000925093 0.0233508 0.00764923
internal_weight=0 1982.95 9.52767 3.9329 2.57357 1973.43 234.961 193.607 1738.46 41.354 7.65016 4.10836 65.6224 63.6348 42.3106 30.8722 7.5886 11.4384 6.03076 1.9876 3.54181 2.60298 127.985 127.541 120.687 2.47535 1.95384 1732.93 80.8451 67.4405
internal_count=46916 46877 247 60 45 46630 11105 6853 35525 4252 517 424 1546 1493 634 469 111 165 96 53 93 63 5307 5299 4837 122 107 35473 1928 1377
is_linear=0
shrinkage=0.1


Tree=97
num_leaves=31
num_cat=0
split_feature=24 21 11 5 3 27 7 33 38 18 0 27 8 29 21 25 16 1 27 22 15 13 3 8 18 29 29 28 27 12
split_gain=2.09259 7.17208 5.00077 4.66044 4.57463 4.70757 6.25498 4.55126 4.53876 4.04045 3.77237 3.63148 4.41185 3.52215 5.0742 5.50164 3.47932 3.46603 3.42605 3.32507 3.74189 4.00617 5.55306 3.54606 3.31555 3.30503 4.21972 4.86394 3.83516 3.22518
threshold=-0.23658223698588335 0.61860854556627776 2.0142706404819228 -1.2937461813054159 -0.73250290339716451 1.1571090707884208 0.32352534509373426 -0.76763580943918563 1627.5000000000002 0.98784734805895946 2.0601768346837428 0.24592402486112758 -0.93713820573153328 -0.22611329539479699 -0.060024846520177269 -0.1570332011199739 -0.019254132668827896 0.038309921028170685 -0.90218935095672814 0.42596295313368193 -0.54571411150985438 -0.77707362008095249 -0.81644051522401451 -1.1891217176832671 -1.022409533367451 -0.64929211301856959 -0.44068983151529234 -0.19297536269851465 2.6473175047361805 2.1321449987799439
decision_type=2 2 2 2 2 2 2 2 2 2 2 2 2 2 2 2 2 2 2 2 2 2 2 2 2 2 2 2 2 2
left_child=3 2 4 -1 7 18 -7 -2 9 10 -4 12 -9 14 -14 -16 19 -12 -6 20 21 22 -3 -23 -18 28 -27 -28 -21 -5
right_child=1 16 8 29 5 6 -8 11 -10 -11 17 -13 13 -15 15 -17 24 -19 -20 25 -22 23 -24 -25 -26 26 27 -29 -30 -31
leaf_value=-0.080568604256451598 -0.12242692259030837 -0.077287615937558105 -0.06675819525957824 0.00090523847889575286 -0.10568340141401683 0.092607803848279366 -0.096834680906353721 -0.099119261662836397 0.17993474605008292 0.17627022455095401 -0.02473795636880799 -0.084318538779779892 -0.018265892419654223 0.15528638319137678 0.0092504895488514059 0.32510282522721168 -0.099718876378473043 0.14569995265538679 -0.037543346975157835 -0.11129582141734976 0.20616878268790947 0.17873409729456163 0.17764332610322639 -0.031217098286984702 0.11131195373196118 0.27176118604567773 0.23143306060436092 -0.032750593416301842 0.15649882175317528 0.095322325519379705
leaf_weight=7.0154547243146217 1.9943907725391934 1.3240633824025283 5.3857878411654365 1798.6365021272213 8.0875785893877019 5.7602635864168388 2.4990310976281762 1.5578475475776929 1.8726363177411247 1.3256515082903195 2.5433946690754965 2.0699613904580465 4.9164219454396507 4.0271264601033172 1.1236928208963948 1.0829509543254969 0.84033647959586222 2.2475355926435441 84.204378025548067 1.5731428201543169 0.83035589288920419 0.83298528427258745 2.4091046559624401 23.499279695563015 6.5279313060455015 1.3682586792856453 1.0766228111460805 1.9759885404491788 0.81021685898303974 3.6251594030763945
leaf_count=528 115 43 150 41750 443 58 40 38 25 16 94 37 96 66 31 15 46 31 2123 54 8 10 39 616 120 28 17 88 5 186
internal_value=0 -0.0107102 -0.0223725 0.000778503 -0.0289769 -0.0370417 0.0352878 0.0193714 0.0355609 0.0120562 -0.00933484 0.038508 0.0585147 0.0805385 0.0382788 0.164261 0.024681 0.0552184 -0.0435145 0.0117683 -0.00304111 -0.00923089 0.0872256 -0.0240297 0.0872443 0.0746601 0.125833 0.0604241 -0.0202597 0.00109515
internal_weight=0 173.767 130.699 1809.28 117.324 100.551 8.25929 16.7724 13.375 11.5024 10.1767 14.778 12.708 11.1502 7.12307 2.20664 43.0683 4.79093 92.292 35.7 28.8958 28.0654 3.73317 24.3323 7.36827 6.80423 4.42087 3.05261 2.38336 1802.26
internal_count=46916 4452 3378 42464 3062 2664 98 398 316 291 275 283 246 208 142 46 1074 125 2566 908 716 708 82 626 166 192 133 105 59 41936
is_linear=0
shrinkage=0.1


Tree=98
num_leaves=31
num_cat=0
split_feature=46 49 25 3 40 9 9 30 35 40 35 40 14 27 31 31 6 38 46 5 12 21 28 20 29 2 14 31 28 21
split_gain=1.9809 3.57093 4.03638 7.57669 3.63286 3.66194 3.38507 2.51532 2.1287 11.3792 8.00649 6.74888 8.76644 6.55054 6.3876 6.0256 5.81471 7.21944 6.21002 6.13773 16.5211 17.0623 6.63849 7.29884 5.79924 9.21557 8.18039 22.3788 8.25994 7.09323
threshold=32.500000000000007 21.500000000000004 -1.0053585765738815 1.4746025444997459 0.22500000000000003 2.494365889016652 -0.92243021257034508 -0.054408578544551556 3.9952590000525823 0.43500000000000005 2.979303657115064 0.24500000000000002 0.98308371958828267 1.7868640311414781 -1.0026666406863505 -1.0065938218922881 0.42061546673690969 101.00000000000001 2.5000000000000004 -0.63570902430862153 0.24021251126975299 1.5463762391418991 1.1231445970476568 0.017433864631724614 -0.7549421935374393 0.63036117663104196 -0.10329683000817076 -0.19363637522344399 -0.58026272913194488 -0.26673348876863728
decision_type=2 2 2 2 2 2 2 2 2 2 2 2 2 2 2 2 2 2 2 2 2 2 2 2 2 2 2 2 2 2
left_child=1 7 3 6 -4 -6 -3 8 10 -10 11 -1 13 16 15 -12 19 -18 -19 -13 24 22 23 -22 -21 26 27 -26 -28 -27
right_child=-2 2 4 -5 5 -7 -8 -9 9 -11 14 12 -14 -15 -16 -17 17 18 -20 20 21 -23 -24 -25 25 29 28 -29 -30 -31
leaf_value=-0.0018768520098668834 0.086594507632276121 -0.10078445469702164 0.099656732366049244 0.58207721928316969 -0.080099497420029586 0.13581528557472358 0.34888007133698751 0.13661605300467658 0.061614387666500847 0.0015835224465042454 0.024187544553365945 -0.069836402809267492 -0.072984986914013561 0.24900000653753551 -0.023273720051206599 0.23725763110659215 -0.089951002530067561 -0.053161689557787689 0.1870275552582813 -0.065824248100641664 -0.10171879524956365 0.73537803302374294 0.54510014043041932 0.41744256009062097 0.015879355633930024 0.15737914063626987 0.35462300273876624 0.38718668753665098 -0.061190754993669078 0.044131809254203354
leaf_weight=1019.6371297030128 2.6248829206451765 0.76958019885933027 1.3834893968887652 0.28565490990877151 15.461248023610096 0.82754408568143922 0.21395786036737507 1.3484090473502863 33.713490906171501 498.14021276240237 11.770353199448435 7.5038444552337742 9.738438311731441 1.2909520994871844 216.10669660853455 1.4959461651742447 1.6134270647307838 1.3126286775805054 5.9820475871674716 7.7014079436194143 1.0477616668213152 0.62162727396935213 0.30760113662108768 0.36518409103155125 91.404941593762473 7.5326816309243467 0.4906872538849737 1.6525343437679243 18.086601839633659 20.811330073513091
leaf_count=20635 20 221 16 7 1364 5 16 36 729 10852 206 415 870 22 7331 23 243 43 105 287 99 18 14 8 1727 179 18 27 878 502
internal_value=0 -0.00033431 -0.0435454 0.128709 -0.0559164 -0.0691301 -0.0029649 8.33516e-05 -1.06582e-05 0.0053888 -0.00202382 0.00125558 0.0192533 0.0246089 -0.0191391 0.0482139 0.0228684 0.101469 0.143807 0.0184235 0.0228381 0.286345 0.124112 0.0324615 0.0186589 0.0233071 0.0103782 0.0224731 -0.0502077 0.0742283
internal_weight=0 1978.62 18.9415 1.26919 17.6723 16.2888 0.983538 1959.68 1958.33 531.854 1426.47 1197.1 177.464 167.725 229.373 13.2663 166.434 8.9081 7.29468 157.526 150.022 2.34217 1.72055 1.41295 147.68 139.979 111.635 93.0575 18.5773 28.344
internal_count=46916 46896 1629 244 1385 1369 237 45267 45231 11581 33650 26090 5455 4585 7560 229 4563 391 148 4172 3757 139 121 107 3618 3331 2650 1754 896 681
is_linear=0
shrinkage=0.1


Tree=99
num_leaves=31
num_cat=0
split_feature=27 20 19 20 19 8 33 40 4 40 34 1 22 8 32 8 6 4 24 42 26 29 38 8 3 19 7 22 13 33
split_gain=1.93894 3.97132 4.38753 3.99791 3.68689 3.70432 4.63189 6.15115 5.5149 4.30793 4.10071 4.94917 8.53841 3.69925 4.46963 5.05568 4.32587 3.51637 5.23161 3.4708 3.11306 4.57938 8.63031 5.44644 6.10273 3.52494 4.04686 7.40929 15.4858 7.01602
threshold=2.3004293062349839 0.46493881844541035 0.6693598713113128 0.24805798529465675 -0.61869621055721435 0.069675372800061877 0.1285149362730327 0.22500000000000003 -0.31648275614585286 0.03500000000000001 0.99872140856600689 -0.38249599444499499 -0.24745149194785807 -0.42688532754566116 2.8893115115248542 -0.42973091963410276 -0.11091508031062654 -0.35313376227072674 -0.24451903525104138 0.78125000000000011 -1.1751697446606011 -0.74839860052844787 310.50000000000006 0.81955087438219609 -0.87588103701268982 0.57080501141575068 1.0000000180025095e-35 -0.19168393884587978 -0.38222831191211581 0.13879902433003091
decision_type=2 2 2 2 2 2 2 2 2 2 2 2 2 2 2 2 2 2 2 2 2 2 2 2 2 2 2 2 2 2
left_child=20 2 3 17 -3 10 7 -7 -9 -8 13 -12 -13 14 15 -6 -15 18 -2 -17 21 22 -1 24 -23 26 29 -28 -29 -26
right_child=1 4 -4 -5 5 6 9 8 -10 -11 11 12 -14 16 -16 19 -18 -19 -20 -21 -22 23 -24 -25 25 -27 27 28 -30 -31
leaf_value=-0.023976299204490622 -0.054619255507645827 0.11803046882674262 0.12994620692236289 -0.094214970792664221 0.085935598890512083 0.084407069223659245 -0.15023268410378493 0.10900474516622267 -0.078677566133622104 -0.019744456943797603 -0.14231091960556413 -0.014104377547640238 0.17884457485799321 0.16593966614155042 -0.11593434870428082 0.054879524756864043 0.0048015588182595062 0.12062058433077545 0.084576386804673748 -0.10791407498618794 3.362477771161607e-05 0.2925132802252296 0.19652392704134275 -0.069104234119443886 -0.038899205827809313 -0.055592483084058952 0.014848514151381496 0.04494109275522018 0.70426976569734079 0.061458980567445878
leaf_weight=4.7963973595760754 11.60895862942562 3.901691146194934 1.783876625355332 7.3426159652881315 13.044914759229874 9.5238950513303298 3.0956161310896304 2.0731297405436635 6.3956753825768811 13.847591846017165 2.1511474810540703 13.282124962657694 2.7721380218863461 5.6560418517328799 1.7219811987597484 2.5035958504304281 2.3616371843963879 1.9442811133340026 3.5184932865668079 2.7462084321305156 1755.6508208981832 0.65558886667713423 2.8178731617517769 20.346039515337907 37.229331615613773 16.216149159648921 18.764056437648836 1.2774612803477792 0.49397834111004968 8.5694766873493773
leaf_count=181 153 34 21 88 278 71 22 24 53 144 21 108 17 48 21 25 22 26 43 21 42270 17 56 765 1120 502 529 97 19 120
internal_value=0 0.012594 -0.0214498 -0.0325118 0.0230773 0.0185134 -0.00606273 0.0292713 -0.0327337 -0.0435854 0.0370815 0.000127103 0.0192127 0.0610796 0.0380896 0.052587 0.118476 -0.00597308 -0.0222437 -0.0302789 -0.000993943 -0.0172223 0.057626 -0.022726 -0.0113853 -0.0137988 -0.00358182 0.0333044 0.2288 -0.0201211
internal_weight=0 111.276 26.1982 24.4143 85.0774 81.1757 34.9359 17.9927 8.46881 16.9432 46.2398 18.2054 16.0543 28.0344 20.0167 18.2947 8.01768 17.0717 15.1275 5.2498 1866.82 111.166 7.61427 103.552 83.206 82.5505 66.3343 20.5355 1.77144 45.7988
internal_count=46916 1240 331 310 909 875 314 148 77 166 561 146 125 415 345 324 70 222 196 46 45676 3406 237 3169 2404 2387 1885 645 116 1240
is_linear=0
shrinkage=0.1


end of trees

feature_importances:
Column_38=390
Column_35=159
Column_14=158
Column_6=150
Column_40=144
Column_34=117
Column_9=109
Column_46=97
Column_10=95
Column_49=94
Column_25=90
Column_20=89
Column_28=89
Column_1=85
Column_19=84
Column_29=72
Column_31=72
Column_4=65
Column_32=65
Column_8=64
Column_0=60
Column_3=54
Column_21=54
Column_27=54
Column_7=52
Column_2=46
Column_5=46
Column_36=42
Column_12=39
Column_15=38
Column_26=38
Column_22=33
Column_33=22
Column_18=21
Column_13=20
Column_23=18
Column_17=15
Column_11=14
Column_30=13
Column_24=12
Column_16=9
Column_42=9
Column_39=1
Column_41=1
Column_47=1

parameters:
[boosting: gbdt]
[objective: binary]
[metric: logloss]
[tree_learner: serial]
[device_type: cpu]
[data_sample_strategy: bagging]
[data: ]
[valid: ]
[num_iterations: 100]
[learning_rate: 0.1]
[num_leaves: 31]
[num_threads: 1]
[seed: 0]
[deterministic: 0]
[force_col_wise: 0]
[force_row_wise: 0]
[histogram_pool_size: -1]
[max_depth: -1]
[min_data_in_leaf: 20]
[min_sum_hessian_in_leaf: 0.001]
[bagging_fraction: 1]
[pos_bagging_fraction: 1]
[neg_bagging_fraction: 1]
[bagging_freq: 0]
[bagging_seed: 3]
[feature_fraction: 1]
[feature_fraction_bynode: 1]
[feature_fraction_seed: 2]
[extra_trees: 0]
[extra_seed: 6]
[early_stopping_round: 0]
[first_metric_only: 0]
[max_delta_step: 0]
[lambda_l1: 0]
[lambda_l2: 0]
[linear_lambda: 0]
[min_gain_to_split: 0]
[drop_rate: 0.1]
[max_drop: 50]
[skip_drop: 0.5]
[xgboost_dart_mode: 0]
[uniform_drop: 0]
[drop_seed: 4]
[top_rate: 0.2]
[other_rate: 0.1]
[min_data_per_group: 100]
[max_cat_threshold: 32]
[cat_l2: 10]
[cat_smooth: 10]
[max_cat_to_onehot: 4]
[top_k: 20]
[monotone_constraints: ]
[monotone_constraints_method: basic]
[monotone_penalty: 0]
[feature_contri: ]
[forcedsplits_filename: ]
[refit_decay_rate: 0.9]
[cegb_tradeoff: 1]
[cegb_penalty_split: 0]
[cegb_penalty_feature_lazy: ]
[cegb_penalty_feature_coupled: ]
[path_smooth: 0]
[interaction_constraints: ]
[verbosity: 1]
[saved_feature_importance_type: 0]
[use_quantized_grad: 0]
[num_grad_quant_bins: 4]
[quant_train_renew_leaf: 0]
[stochastic_rounding: 1]
[linear_tree: 0]
[max_bin: 255]
[max_bin_by_feature: ]
[min_data_in_bin: 3]
[bin_construct_sample_cnt: 200000]
[data_random_seed: 1]
[is_enable_sparse: 1]
[enable_bundle: 1]
[use_missing: 1]
[zero_as_missing: 0]
[feature_pre_filter: 1]
[pre_partition: 0]
[two_round: 0]
[header: 0]
[label_column: ]
[weight_column: ]
[group_column: ]
[ignore_column: ]
[categorical_feature: ]
[forcedbins_filename: ]
[precise_float_parser: 0]
[parser_config_file: ]
[objective_seed: 5]
[num_class: 1]
[is_unbalance: 0]
[scale_pos_weight: 1]
[sigmoid: 1]
[boost_from_average: 1]
[reg_sqrt: 0]
[alpha: 0.9]
[fair_c: 1]
[poisson_max_delta_step: 0.7]
[tweedie_variance_power: 1.5]
[lambdarank_truncation_level: 30]
[lambdarank_norm: 1]
[label_gain: ]
[lambdarank_position_bias_regularization: 0]
[eval_at: ]
[multi_error_top_k: 1]
[auc_mu_weights: ]
[num_machines: 1]
[local_listen_port: 12400]
[time_out: 120]
[machine_list_filename: ]
[machines: ]
[gpu_platform_id: -1]
[gpu_device_id: -1]
[gpu_use_dp: 0]
[num_gpu: 1]

end of parameters

pandas_categorical:null
