tree
version=v4
num_class=1
num_tree_per_iteration=1
label_index=0
max_feature_idx=49
objective=binary sigmoid:1
average_output
feature_names=Column_0 Column_1 Column_2 Column_3 Column_4 Column_5 Column_6 Column_7 Column_8 Column_9 Column_10 Column_11 Column_12 Column_13 Column_14 Column_15 Column_16 Column_17 Column_18 Column_19 Column_20 Column_21 Column_22 Column_23 Column_24 Column_25 Column_26 Column_27 Column_28 Column_29 Column_30 Column_31 Column_32 Column_33 Column_34 Column_35 Column_36 Column_37 Column_38 Column_39 Column_40 Column_41 Column_42 Column_43 Column_44 Column_45 Column_46 Column_47 Column_48 Column_49
feature_infos=[-1.2504883594784932:9.3690707548755157] [-1.6942035155796722:31.698713898142451] [-1.2896648374313537:41.078922051193565] [-0.97804474198327029:14.807636610531953] [-1.1152888280384345:21.78669170307009] [-1.8862102267685008:19.869853026967405] [-1.5540989689317364:47.607737950131309] [-1.5642778150448371:4.6653551563690892] [-1.2138337338365262:29.713077130013048] [-1.7554590716987977:4.0743700750396483] [-1.7340317224577881:7.3264240399689395] [-0.97869483213632102:6.0167510186081881] [-1.5579095479715643:59.004612215098327] [-0.96776256976426955:14.807636610531953] [-5.7175227242526372:7.6513710065328215] [-0.7754756656371774:9.3488523850022833] [-0.062261689845420132:40.221515814628638] [-0.03559161891691151:0.035340447584859179] [-1.0538865892455764:1.0171488228821155] [-0.8372301391356739:9.7723828108543724] [-0.68886770146199205:12.781567845435854] [-2.0509462961206304:5.6572563188144311] [-0.86951015623001549:119.05123222314909] [-4.2402729805030015:2.3966212858456437] [-0.28229914078801199:4.1126100380045401] [-1.6655193555195715:8.6341059919300704] [-1.5889786802226482:6.1077158488199075] [-1.6279496045771977:4.4334029956433021] [-0.72481424855633592:34.139763059305217] [-1.0164738168665284:7.3084434598582915] [-0.122048067242397:12.361590672397787] [-1.7104296920285054:56.810156472352482] [-2.3423039462639768:4.7794127332731167] [-0.80530100596294663:2.4098767141362201] [-0.038396423882105631:3.0145892820273552] [-0.030888523285414818:5.0323200925609015] [0:6] [0:1] [0:3898] [0:0.40000000000000002] [0:0.56000000000000005] [0:0.40000000000000002] [0:1] [0:4] [0:1] [0:1] [0:34] [0:4] [0:56] [0:35]
tree_sizes=3311 3305 3304 3315 3307 3307 3317 3313 3316 3313 3325 3305 3325 3312 3311 3315 3310 3318 3317 3311 3315 3312 3322 3320 3316 3301 3327 3318 3323 3308 3321 3313 3317 3307 3305 3315 3311 3316 3312 3313 3312 3299 3304 3319 3310 3329 3315 3307 3312 3303 3330 3322 3300 3308 3320 3313 3308 3311 3305 3307 3302 3304 3322 3319 3312 3317 3320 3306 3299 3315 3313 3309 3318 3296 3311 3332 3342 3306 3302 3314 3338 3310 3322 3323 3321 3310 3309 3320 3309 3332 3307 3339 3316 3316 3309 3324 3309 3320 3310 3305

Tree=0
num_leaves=31
num_cat=0
split_feature=10 36 34 8 34 35 40 35 35 6 35 34 0 49 35 9 14 10 20 6 12 14 34 49 35 6 3 4 42 35
split_gain=8383.99 6319.2 3474.24 1062.63 660.429 245.205 516.352 380.289 617.909 244.249 253.392 126.361 112.572 110.504 110.731 107.313 77.6935 86.4361 72.9347 66.7704 61.3889 59.2368 55.7973 53.6143 45.2849 35.5693 31.248 30.5368 28.689 27.7958
threshold=1.5538125748340554 3.5000000000000004 0.97142733839817097 -0.45783048286480144 0.97142733839817097 3.9838069065390429 0.48000000000000004 1.994017580626221 0.022064128461923609 -0.76514077609537645 4.0234354356309208 0.012402216627463996 -0.6050447430664162 14.500000000000002 3.0240388752901493 1.4914074852884396 -2.535449313321108 -1.0000000180025095e-35 1.0000000180025095e-35 -0.12004686838402953 -0.3139292388618537 -1.165088963646183 1.0057725073374835 11.500000000000002 3.0011073808500774 1.1851951845064732 1.0058428458720641 0.41440699299388378 0.28125000000000006 4.98678569477888
decision_type=2 2 2 2 2 2 2 2 2 2 2 2 2 2 2 2 2 2 2 2 2 2 2 2 2 2 2 2 2 2
left_child=1 3 -2 4 25 7 22 8 -5 10 16 -12 -8 14 19 28 17 -3 -11 -6 -14 -18 -7 -10 -17 -1 -19 -9 -4 -26
right_child=2 9 15 5 13 6 12 27 23 18 11 -13 20 -15 -16 24 21 26 -20 -21 -22 -23 -24 -25 29 -27 -28 -29 -30 -31
leaf_value=4.8902428257887287 4.8216807944018267 -2.2647582224200864 -0.75685314723528641 -1.4801309343260884 2.3633468939751023 4.8299081913746225 5.1850930182001527 -2.0588080552152741 3.7854173613424895 -2.7501130249095578 4.0359656372940229 -1.1202714251521364 0.99193881262097205 -2.2078021731798705 5.1850930182001527 -0.78398532150668099 -2.2344137846718977 0.17607622963497804 -2.3824145668857164 -1.1213042448807773 -2.181292296483508 -0.69765567609769796 -0.10568096472181354 -0.45005086893566926 4.3973847329015978 1.567469782014193 4.2806872091536619 -0.39638283191532819 -2.3896258895787357 0.14626065351256523
leaf_weight=111.92124455422163 255.90774139016867 7.2484669908881187 12.285537272691725 49.510715208947659 9.2141529545187968 33.785227499902248 2.8256735727190962 77.030318699777126 46.439330890774727 2748.8889647647738 10.442706681787969 8.7227314636111242 8.1084545999765378 13.39123562723398 5.7742025181651107 9.2141529545187932 348.54069242626429 3.1942396908998472 671.15890120714903 13.636946372687818 24.571074545383453 27.028181999921799 2.4571074545383444 3.194239690899848 3.8085165545344344 3.3170950636267653 4.4227934181690216 12.899814136326311 86.73589314520359 2.5799628272652626
leaf_count=911 2083 59 100 403 75 275 23 627 378 22375 85 71 66 109 47 75 2837 26 5463 111 200 220 20 26 31 27 36 105 706 21
internal_value=-1.78712 -2.18756 2.77234 1.50395 3.55716 0.266029 1.84003 -0.331254 1.01945 -2.59056 -1.86081 1.68922 -0.870358 0.163261 1.27247 -1.80297 -2.03507 0.207124 -2.67795 0.283797 -1.39395 -2.12382 4.49529 3.51284 0.634579 4.7946 2.5594 -1.82035 -2.18705 2.68058
internal_weight=0 4247.72 370.532 418.077 157.255 260.822 71.7475 189.074 99.1443 3829.65 409.6 19.1654 35.5052 42.0165 28.6253 114.624 390.434 14.8655 3420.05 22.8511 32.6795 375.569 36.2423 49.6336 15.6026 115.238 7.61703 89.9301 99.0214 6.38848
internal_count=37591 34575 3016 3403 1280 2123 584 1539 807 31172 3334 156 289 342 233 933 3178 121 27838 186 266 3057 295 404 127 938 62 732 806 52
is_linear=0
shrinkage=1


Tree=1
num_leaves=31
num_cat=0
split_feature=10 36 46 8 34 6 35 35 40 35 35 34 9 0 46 9 6 14 14 7 38 34 12 3 38 6 34 6 9 38
split_gain=8376.81 6417.19 3485.06 1020.59 678.52 216.412 229.387 211.84 513.517 429.221 622.579 153.308 105.946 97.3239 72.6521 69.2651 68.9282 68.552 71.3357 71.2967 59.7331 53.9052 52.5446 37.9432 36.6598 35.7687 35.7564 33.6622 30.657 27.1439
threshold=1.5538125748340554 3.5000000000000004 10.500000000000002 -0.45783048286480144 0.98244696431701617 -0.76514077609537645 4.0234354356309208 3.9800141622745224 0.48000000000000004 1.994017580626221 0.022064128461923609 0.012402216627463996 1.0855718869379301 -0.6050447430664162 17.000000000000004 0.15066954889719533 -0.12004686838402953 -1.165088963646183 -2.535449313321108 -1.2600411677594499 76.500000000000014 1.0052515880745134 -0.31762050551988869 0.75494433020078344 183.50000000000003 1.1851951845064732 1.0131387715358569 0.44509317018036765 0.96380213688554772 28.500000000000004
decision_type=2 2 2 2 2 2 2 2 2 2 2 2 2 2 2 2 2 2 2 2 2 2 2 2 2 2 2 2 2 2
left_child=1 3 -2 4 25 6 17 9 21 10 -5 -8 -4 -10 16 -7 -6 18 19 -3 -17 -9 -15 -21 -18 -1 29 28 -22 -12
right_child=2 5 12 7 14 15 11 8 13 -11 26 -13 -14 22 -16 20 24 -19 -20 23 27 -23 -24 -25 -26 -27 -28 -29 -30 -31
leaf_value=4.8994911837644182 4.839393500456513 -2.7695671659132932 -2.2916503324218311 -1.4666658354320961 2.6618008109604454 -2.781971165332942 4.1063439206627717 4.7443176238995175 5.1850930182001527 -1.83029789838146 1.7935712342758152 -1.428374460452305 0.17967466123595832 0.68686412583734757 -2.4045827577170131 -2.6890519253832545 -1.5827077551140307 -0.53868073220366042 -2.2788465521175274 -0.62894432567013969 -2.2258403934291087 -0.10568096472181354 -2.0998957736693238 3.7241297882019757 1.115266877490948 1.567469782014193 -0.10568096472181354 -2.6041578594310142 -1.540517480022942 4.0826040924748934
leaf_weight=112.04409992694855 254.55633229017258 5.4056363999843589 92.018674172461033 45.702198654413223 12.285537272691725 2213.3623950481415 10.196995936334135 34.030938245356083 2.4571074545383444 88.947289854288101 5.8970578908920279 9.8284298181533796 21.376834854483604 9.3370083272457105 9.091297581791876 647.81638038903475 10.934128172695639 26.905326627194881 353.70061808079481 3.4399504363536817 290.92152261734009 2.4571074545383444 24.571074545383453 4.7913595363497734 9.3370083272457105 3.3170950636267653 2.4571074545383444 174.08606315404177 84.155930317938328 42.630814336240292
leaf_count=912 2072 44 749 372 100 18016 83 277 20 724 48 80 174 76 74 5273 89 219 2879 28 2368 20 200 39 76 27 20 1417 685 347
internal_value=-1.78712 -2.18878 2.78532 1.54367 3.55461 -2.59426 -1.91176 0.322192 1.76726 -0.244933 1.21352 1.38992 -1.82577 -0.892147 0.094809 -2.67717 0.792752 -2.07946 -2.19232 0.051979 -2.48337 4.41772 -1.33253 1.90493 -0.340004 4.80368 3.616 -2.24075 -2.07207 3.80444
internal_weight=0 4240.11 367.952 415.497 157.009 3824.61 414.268 258.488 72.8532 185.634 96.6872 20.0254 113.396 36.3652 41.648 3410.34 32.5567 394.243 367.338 13.6369 1196.98 36.488 33.9081 8.23131 20.2711 115.361 50.985 549.164 375.077 48.5279
internal_count=37508 34513 2995 3382 1278 31131 3372 2104 593 1511 787 163 923 296 339 27759 265 3209 2990 111 9743 297 276 67 165 939 415 4470 3053 395
is_linear=0
shrinkage=1


Tree=2
num_leaves=31
num_cat=0
split_feature=1 36 46 2 46 6 35 14 38 35 35 35 49 46 9 49 35 20 6 14 1 6 35 35 35 35 38 25 2 35
split_gain=8495.09 6543.91 3301.18 869.59 671.034 236.938 273.191 217.518 145.007 132.964 217.056 230.823 138.853 122.726 121.383 103.604 123.506 83.1212 82.7587 71.0779 86.9638 68.6786 60.5113 182.758 128.746 167.802 57.8253 43.1885 88.7132 37.797
threshold=1.5741039265518844 3.5000000000000004 10.500000000000002 -0.56666727637951553 7.0000000000000009 -0.76514077609537645 4.0234354356309208 0.085202101374815639 139.50000000000003 3.9858432078346193 1.9997339394412064 0.98263560584412879 14.500000000000002 7.0000000000000009 1.0855718869379301 14.500000000000002 3.0240388752901493 -0.042836313289873598 -0.12004686838402953 -2.535449313321108 -0.039288856269127939 -0.78137799809396824 3.9838069065390429 4.9787236971600306 1.9921412179644828 0.022064128461923609 76.500000000000014 3.1407348152685901 -0.77409733053292873 4.98678569477888
decision_type=2 2 2 2 2 2 2 2 2 2 2 2 2 2 2 2 2 2 2 2 2 2 2 2 2 2 2 2 2 2
left_child=1 3 -2 4 27 6 19 9 -9 10 11 -5 29 -8 -4 16 18 -7 -6 20 -3 -21 24 -24 25 -10 -19 -1 -29 -11
right_child=2 5 14 7 15 17 13 8 22 12 -12 -13 -14 -15 -16 -17 -18 26 -20 21 -22 -23 23 -25 -26 -27 -28 28 -30 -31
leaf_value=4.7171954358626511 4.8131512352589549 -2.6289731719615204 -2.1559105850683324 -0.51753762207502052 2.2430500249163887 -2.7598217805250167 3.8142042129086291 -1.6996235795734487 -1.1923665012616942 4.963605881290805 -1.1426503649573094 3.8284843046304178 -1.2227183522781697 -1.1850696368229505 0.36774779042191019 -2.2945874566167643 5.1850930182001527 -2.6401412980831207 -1.4622896782915484 -2.2434337278792831 2.4281140196552076 -0.38414275329665393 4.5789486993711215 -1.1254239190792887 -2.0025531484324781 4.2011790061605652 -2.0791074530944784 4.5865891739782114 -1.1740103266579798 2.092025151261157
leaf_weight=113.27265365421772 255.416319899261 6.1427686363458633 91.404397308826447 20.516847245395184 10.196995936334135 2670.2615262195468 11.671260409057142 57.373459063470364 11.916971154510977 18.059739790856845 35.873768836259842 30.222421690821648 5.7742025181651107 8.4770207181572896 24.079653054475784 13.636946372687815 5.7742025181651107 397.55998614430428 14.742644727230074 365.61758923530579 7.6170331090688688 21.008268736302853 11.548405036330223 10.934128172695637 21.008268736302853 11.17983891814947 341.53793618083 8.3541653454303724 3.9313719272613517 6.1427686363458625
leaf_count=922 2079 50 744 167 83 21735 95 467 97 147 292 246 47 69 196 111 47 3236 120 2976 62 171 94 89 171 91 2780 68 32 50
internal_value=-1.78712 -2.18363 2.8071 1.61105 3.34293 -2.59032 -1.88211 0.38777 -0.534445 1.36829 0.740035 2.07113 3.18354 1.71085 -1.6297 -0.000835028 1.01759 -2.67767 0.0527014 -2.06292 0.170486 -2.1424 0.469501 1.80469 -0.211111 1.41834 -2.38089 4.52404 2.7432 4.23478
internal_weight=0 4240.35 370.9 410.46 169.909 3829.89 420.534 240.551 123.961 116.59 86.613 50.7393 29.9767 20.1483 115.484 44.3508 30.7138 3409.36 24.9396 400.386 13.7598 386.626 66.5876 22.4825 44.1051 23.0968 739.098 125.558 12.2855 24.2025
internal_count=37534 34515 3019 3341 1383 31174 3423 1958 1009 949 705 413 244 164 940 361 250 27751 203 3259 112 3147 542 183 359 188 6016 1022 100 197
is_linear=0
shrinkage=1


Tree=3
num_leaves=31
num_cat=0
split_feature=10 36 46 2 34 6 40 40 40 40 40 34 49 40 0 9 34 9 6 6 1 6 12 9 2 0 40 49 32 9
split_gain=8197.64 6391.95 3577.06 860.26 610.093 245.704 258.177 220.308 453.973 417.034 606.398 138.647 126.382 130.186 102.702 86.0448 84.6377 69.342 65.8263 67.2091 84.6034 49.9436 48.3942 44.8413 42.7199 136.346 38.7206 63.0208 36.573 28.0586
threshold=1.5538125748340554 3.5000000000000004 10.500000000000002 -0.51375135402742844 0.97818403295510314 -0.76514077609537645 0.53500000000000014 0.38000000000000006 0.48000000000000004 0.20500000000000004 0.080000000000000016 0.012402216627463996 14.500000000000002 0.38000000000000006 -0.6050447430664162 1.0855718869379301 1.007738013587369 0.14409912162382785 -0.79167579095138085 -1.1961339953951045 -0.039288856269127939 -0.12004686838402953 -0.31762050551988869 1.438366478306347 -0.78866886814977144 0.4047039951461962 0.41500000000000004 14.500000000000002 0.99620252043966862 1.0000000180025095e-35
decision_type=2 2 2 2 2 2 2 2 2 2 2 2 2 2 2 2 2 2 2 2 2 2 2 2 2 2 2 2 2 2
left_child=1 3 -2 4 24 6 18 9 16 10 -5 -8 13 21 -10 -4 -9 -7 19 20 -3 -6 -16 -19 -1 -26 -17 -28 -20 -21
right_child=2 5 15 7 12 17 11 8 14 -11 -12 -13 -14 -15 22 26 -18 23 28 29 -22 -23 -24 -25 25 -27 27 -29 -30 -31
leaf_value=4.8042905722858418 4.8231558457059549 -2.6530906602027602 -2.26048038650816 -1.417069387839224 2.0699174537066871 -2.7846215233659923 4.0093654664397143 4.758294771234393 5.1850930182001527 -1.8414444213148846 3.7601141042117843 -1.2820279725158441 -2.1668509779197009 5.1850930182001527 0.90106550166414623 -1.0553070642206281 -1.3266288069345751 -2.5178754164065809 -1.1666587620974505 -2.5264609911322853 2.2134739313331147 -0.76778700850883363 -2.1094587531256352 -1.2940701978089013 4.7958053003931855 0.88489936009231362 4.445124628980297 -1.17401032665798 1.6036460143760523 -1.9627296115001525
leaf_weight=84.033074945211411 254.18776617199183 6.6341901272535324 95.090058490633965 44.227934181690216 9.9512851908802968 2189.0370312482119 11.056983545422556 32.80238451808691 2.5799628272652617 86.244471654295921 46.31647551804781 8.9684422090649587 15.234066218137739 6.8799008727073661 7.0027562454342869 14.742644727230074 2.4571074545383444 1188.5028757601976 21.253979481756691 172.85750942677259 7.739888481795786 16.462619945406917 22.48253320902586 30.713843181729317 28.256735727190971 13.022669509053229 4.0542272999882689 3.9313719272613525 6.1427686363458625 180.47454253584146
leaf_count=684 2069 54 774 360 81 17818 90 267 21 702 377 73 124 56 57 120 20 9674 173 1407 63 134 183 250 230 106 33 32 50 1469
internal_value=-1.78712 -2.18381 2.71202 1.52919 3.22928 -2.5897 -1.86333 0.318507 1.85794 -0.267739 1.23123 1.6396 0.218875 1.3105 -0.86507 -1.84268 4.33426 -2.67817 -2.04087 -2.15229 -0.0326328 0.301302 -1.39446 -2.48705 4.39507 3.56201 -0.0946814 1.67878 -0.545514 -2.23852
internal_weight=0 4241.34 372.006 417.954 173.84 3823.38 415.128 244.114 67.3247 176.789 90.5444 20.0254 48.5279 33.2938 32.0653 117.818 35.2595 3408.25 395.103 367.706 14.3741 26.4139 29.4853 1219.22 125.312 41.2794 22.7282 7.9856 27.3967 353.332
internal_count=37551 34523 3028 3402 1415 31121 3379 1987 548 1439 737 163 395 271 261 959 287 27742 3216 2993 117 215 240 9924 1020 336 185 65 223 2876
is_linear=0
shrinkage=1


Tree=4
num_leaves=31
num_cat=0
split_feature=10 36 46 8 34 6 35 35 35 40 35 34 0 9 49 35 9 6 34 38 6 10 9 6 12 35 34 35 6 38
split_gain=8547.81 6369.92 3445.58 940.095 690.546 221.778 265.401 189.757 504.753 396.181 633.756 134.429 122.904 107.903 100.162 107.66 76.9811 75.7241 69.2393 68.4186 68.1354 74.7353 66.1685 63.5262 51.979 45.6782 44.7031 44.68 36.5675 36.3282
threshold=1.5538125748340554 3.5000000000000004 10.500000000000002 -0.45783048286480144 0.97142733839817097 -0.76514077609537645 4.0234354356309208 3.9800141622745224 4.0234354356309208 0.20500000000000004 0.022064128461923609 0.020517744963466793 -0.6050447430664162 1.3528464379280607 14.500000000000002 3.0240388752901493 0.14409912162382785 -0.12004686838402953 1.007738013587369 76.500000000000014 -1.1961339953951045 -1.0000000180025095e-35 1.438366478306347 -0.78137799809396824 -0.3139292388618537 3.0011073808500774 1.0146969684308738 4.98678569477888 1.1851951845064732 480.50000000000006
decision_type=2 2 2 2 2 2 2 2 2 2 2 2 2 2 2 2 2 2 2 2 2 2 2 2 2 2 2 2 2 2
left_child=1 3 -2 4 28 6 20 9 18 10 -5 -8 -10 -4 15 17 -7 -6 -9 -18 21 -3 -21 -22 -14 -15 -12 -27 -1 -23
right_child=2 5 13 7 14 16 11 8 12 -11 26 -13 24 25 -16 -17 19 -19 -20 22 23 29 -24 -25 -26 27 -28 -29 -30 -31
leaf_value=4.8602288473231425 4.8648187921558588 -2.1125262685887662 -2.1541081448667656 -1.3694690820999351 2.2631665582037992 -2.7839993213105427 4.0093654664397143 4.7443176238995175 5.1850930182001527 -1.6944457301116411 4.0380417481899702 -1.3512944199085701 0.66306397296770303 -0.80783778240461079 -2.2762549064333895 5.1850930182001527 -2.6887064918020154 -1.4331289302428534 -0.62894432567013991 -2.2787237120995765 -2.2497054113462092 4.642449532772261 -0.41091792527500393 -0.45005086893566926 -2.1565541375890009 4.4874085369357175 -0.24134183607878712 -0.4500508689356697 1.4283304267762715 -0.12337586098576714
leaf_weight=110.81554619967937 256.03059676289558 7.1256116181612015 96.19575684517622 46.685041636228561 9.5827190726995486 2181.0514320209622 11.056983545422556 34.030938245356083 3.0713843181729308 88.08730224519968 45.333632536232471 8.1084545999765378 8.8455868363380414 11.179838918149473 13.268380254507063 5.1599256545305243 658.25908707082272 13.145524881780149 2.5799628272652617 540.07221850752831 354.68346106261015 3.6856611818075162 19.656859636306763 20.762557990849018 25.062496036291122 4.2999380454421035 2.5799628272652617 3.1942396908998489 3.194239690899848 2.8256735727190971
leaf_count=902 2084 58 783 380 78 17753 90 277 25 717 369 66 72 91 108 42 5358 107 21 4396 2887 30 160 169 204 35 21 26 26 23
internal_value=-1.78712 -2.18395 2.82327 1.55397 3.49658 -2.58789 -1.89148 0.377782 1.73355 -0.168357 1.25269 1.74139 -0.872323 -1.72708 -0.0145655 1.06148 -2.67154 0.125309 4.36566 -2.47015 -2.07043 0.125309 -2.21313 -2.15018 -1.421 0.472663 3.80761 2.38292 4.76408 2.57426
internal_weight=0 4218.73 370.9 411.443 155.166 3807.29 408.248 256.276 73.5904 182.686 94.5986 19.1654 36.9795 114.87 41.1565 27.8882 3399.04 22.7282 36.6109 1217.99 389.083 13.6369 559.729 375.446 33.9081 18.674 47.9136 7.49418 114.01 6.51133
internal_count=37358 34339 3019 3349 1263 30990 3323 2086 599 1487 770 156 301 935 335 227 27667 185 298 9914 3167 111 4556 3056 276 152 390 61 928 53
is_linear=0
shrinkage=1


Tree=5
num_leaves=31
num_cat=0
split_feature=1 36 34 2 34 14 35 14 9 35 35 35 38 34 49 35 49 9 38 35 35 35 35 14 14 7 38 48 14 25
split_gain=8570.16 6313.15 3296.58 889.595 679.869 228.046 272.906 198.722 157.21 136.428 185.984 270.182 133.035 131.967 115.347 138.726 107.819 80.1568 75.7688 64.4611 170.289 135.213 175.593 60.2723 66.4748 86.8568 56.5305 53.2737 51.7292 43.9786
threshold=1.5741039265518844 3.5000000000000004 0.97818403295510314 -0.56666727637951553 0.026578307438921856 -1.0981005470923344 4.0234354356309208 0.085202101374815639 1.20733357875903 3.9858432078346193 1.994017580626221 0.97226404297204638 139.50000000000003 0.98933940956652189 14.500000000000002 3.0240388752901493 14.500000000000002 0.14409912162382785 76.500000000000014 0.022064128461923609 1.9894811012037128 3.9838069065390429 4.0152876403238844 -1.165088963646183 -2.535449313321108 -1.2600411677594499 159.50000000000003 51.500000000000007 0.27359108317832564 2.0809740309278992
decision_type=2 2 2 2 2 2 2 2 2 2 2 2 2 2 2 2 2 2 2 2 2 2 2 2 2 2 2 2 2 2
left_child=1 3 -2 4 29 6 23 9 -4 10 11 -5 -9 -8 15 26 27 -7 -19 -14 -21 -22 -23 24 25 -3 -6 -11 -28 -1
right_child=2 5 8 7 14 17 13 12 -10 16 -12 -13 19 -15 -16 -17 -18 18 -20 20 21 22 -24 -25 -26 -27 28 -29 -30 -31
leaf_value=4.839393500456513 4.8054233734695462 -2.7949582380924056 -2.2136146624031245 -0.94476857644827927 -1.4746224847785463 -2.7765441050885973 4.0222855494260923 -1.6114357257277441 0.86710674695989898 4.9044153533236532 -1.0824392384920227 3.8399809886437208 -1.6958501475349976 -1.2537363984442609 -2.1731526442020894 5.1850930182001527 -0.83117171154388925 -2.6894339361933968 -2.1913574579067672 4.3098615900906463 -1.8318486037122694 4.4772971676420283 -1.0245386191705927 -0.62894432567013991 -2.2487432611931641 2.2134739313331147 3.3606881965029234 1.5142694403055756 -0.48359339207338281 3.4045440816398753
leaf_weight=95.458624608814716 258.11913809925318 6.2656240090727806 93.124372527003288 19.902570381760597 12.162681899964811 2202.0597007572651 11.179838918149473 61.796252481639385 20.148281127214432 17.814029045403011 36.85661181807518 28.993867963552475 11.916971154510973 8.2313099727034551 15.356921590864657 6.7570454999804488 5.6513471454381934 656.29340110719204 571.27748318016529 11.425549663603304 21.376834854483604 11.30269429087639 11.916971154510973 27.519603490829468 351.36636599898338 7.739888481795786 7.1256116181611997 6.2656240090727797 6.8799008727073669 27.519603490829468
leaf_count=777 2101 51 758 162 99 17924 91 503 164 145 300 236 97 67 125 55 46 5342 4650 93 174 92 97 224 2860 63 58 51 56 224
internal_value=-1.78712 -2.17704 2.83178 1.52105 3.26988 -2.57793 -1.87525 0.29967 -1.66563 1.25381 0.613827 1.89242 -0.549662 1.78499 0.0900435 1.14564 3.09973 -2.6624 -2.45764 0.41611 0.865365 -0.017109 1.6536 -2.05609 -2.16358 -0.0271405 0.102587 4.02229 1.47227 4.51831
internal_weight=0 4258.41 371.392 416.48 171.26 3841.93 412.303 245.219 113.273 115.484 85.7531 48.8964 129.735 19.4111 48.2822 32.9252 29.731 3429.63 1227.57 67.939 56.022 44.5965 23.2197 392.891 365.372 14.0055 26.1682 24.0797 14.0055 122.978
internal_count=37685 34662 3023 3390 1394 31272 3356 1996 922 940 698 398 1056 158 393 268 242 27916 9992 553 456 363 189 3198 2974 114 213 196 114 1001
is_linear=0
shrinkage=1


Tree=6
num_leaves=31
num_cat=0
split_feature=10 36 34 8 34 14 35 35 40 35 35 34 49 35 9 14 1 6 20 34 6 6 49 35 49 38 6 38 38 25
split_gain=8614.74 6401.05 3520.88 975.659 683.804 238.302 235.451 232.98 512.637 426.58 644.416 137.471 103.969 104.087 99.9803 81.6693 108.742 78.3898 71.1554 65.0459 62.9041 62.4315 60.0487 52.482 48.8435 47.9607 41.7117 31.6494 37.096 29.8277
threshold=1.5538125748340554 3.5000000000000004 0.97818403295510314 -0.45783048286480144 0.98758984920427906 -1.0981005470923344 4.0234354356309208 3.9838069065390429 0.48000000000000004 1.9946667160271057 0.022064128461923609 0.012402216627463996 14.500000000000002 3.0240388752901493 1.0855718869379301 -2.535449313321108 0.075505458134157627 -0.78137799809396824 -0.042836313289873598 1.007738013587369 -0.6337139437409065 -0.12004686838402953 11.500000000000002 3.9886602266409681 14.500000000000002 76.500000000000014 1.1851951845064732 156.50000000000003 157.50000000000003 0.64169804028513366
decision_type=2 2 2 2 2 2 2 2 2 2 2 2 2 2 2 2 2 2 2 2 2 2 2 2 2 2 2 2 2 2
left_child=1 3 -2 4 26 6 15 9 19 10 -5 -8 13 21 -4 16 -3 -17 27 -9 -10 -6 -12 -16 -25 -20 -1 -7 -29 -22
right_child=2 5 14 7 12 18 11 8 20 -11 22 -13 -14 -15 23 17 -18 -19 25 -21 29 -23 -24 24 -26 -27 -28 28 -30 -31
leaf_value=4.8641428734782881 4.8615100595446172 -2.7980274885755954 -2.215564516615796 -1.4387566699949306 2.0699174537066858 -2.8230833492326823 3.8901483370654035 4.8111867296544304 3.1501799478455506 -1.8256199731463554 3.9107030145437354 -1.348048944517255 -2.395955675277778 5.1850930182001527 -1.0761779675063163 -2.2427583949872232 2.7185317208006343 -0.28732857213199847 -2.6371078640648271 -0.51266357879273405 1.005271576390697 -1.2370179561299688 -0.83117171154388925 4.3051306093981641 -0.39638283191532842 -2.1299256987529134 1.266001178998696 -0.33331530818520982 -2.605860889888084 -1.7699150344672208
leaf_weight=112.16695529967546 259.59340257197618 6.388479381799697 93.370083272457123 48.159306108951569 9.9512851908803004 1855.8532604128122 10.811272799968721 34.768070481717587 3.4399504363536826 88.578723736107349 48.650727599859238 9.3370083272457105 12.531248018145559 5.0370702818036071 14.374078609049322 358.24626687169075 8.1084545999765378 21.745400972664356 403.21133328974247 2.4571074545383444 4.5456487908959415 13.391235627233984 2.8256735727190962 4.5456487908959371 4.2999380454421043 346.82071720808744 3.3170950636267653 7.2484669908881179 794.38284005224705 26.168194390833378
leaf_count=913 2113 52 760 392 81 15106 88 283 28 721 396 76 102 41 117 2916 66 177 3282 20 37 109 23 37 35 2823 27 59 6466 213
internal_value=-1.78712 -2.18205 2.81125 1.54316 3.51624 -2.58749 -1.87168 0.354462 1.89281 -0.228945 1.19054 1.46269 0.00309217 1.06241 -1.75377 -2.04199 0.287506 -2.13086 -2.67459 4.45978 -0.905007 0.172781 3.65041 0.103194 2.01967 -2.40258 4.76079 -2.75136 -2.58531 -1.35919
internal_weight=0 4238.14 376.183 415.988 156.395 3822.15 414.637 259.593 71.379 188.214 99.6357 20.1483 40.9108 28.3796 116.59 394.489 14.4969 379.992 3407.52 37.2252 34.1538 23.3425 51.4764 23.2197 8.84559 750.032 115.484 2657.48 801.631 30.7138
internal_count=37559 34497 3062 3386 1273 31111 3375 2113 581 1532 811 164 333 231 949 3211 118 3093 27736 303 278 190 419 189 72 6105 940 21631 6525 250
is_linear=0
shrinkage=1


Tree=7
num_leaves=31
num_cat=0
split_feature=10 36 49 2 49 6 35 14 49 38 35 35 35 49 49 35 9 14 1 20 6 35 49 49 35 35 35 35 38 25
split_gain=8439.23 6166.81 3500.89 901.747 657.695 227.744 247.954 211.981 113.389 107.344 106.378 200.298 224.716 130.946 106.1 131.868 88.5135 78.4892 90.7868 75.5286 68.4806 63.4124 57.7417 92.4785 58.2209 145.156 81.6847 84.6543 55.1457 52.4155
threshold=1.5538125748340554 3.5000000000000004 7.5000000000000009 -0.56666727637951553 7.5000000000000009 -0.76514077609537645 4.0234354356309208 0.085202101374815639 14.500000000000002 183.50000000000003 3.9858432078346193 1.9997339394412064 0.99147098788170507 14.500000000000002 14.500000000000002 3.0240388752901493 1.4914074852884396 -2.535449313321108 -0.039288856269127939 1.0000000180025095e-35 -0.79167579095138085 4.98678569477888 14.500000000000002 13.500000000000002 1.9830997455856656 0.022064128461923609 3.9838069065390429 4.9951840320108358 76.500000000000014 3.1407348152685901
decision_type=2 2 2 2 2 2 2 2 2 2 2 2 2 2 2 2 2 2 2 2 2 2 2 2 2 2 2 2 2 2
left_child=1 3 -2 4 29 6 17 10 -8 -9 11 12 -5 21 15 -6 -4 18 -3 -7 -19 -12 23 24 25 -11 -26 -28 -21 -1
right_child=2 5 16 7 14 19 8 9 -10 22 13 -13 -14 -15 -16 -17 -18 20 -20 28 -22 -23 -24 -25 26 -27 27 -29 -30 -31
leaf_value=4.6972559225324559 4.8228979645293819 -2.7813751721242479 -2.1465790735186352 -0.56054388633048946 0.012604622618995531 -2.7531658047089356 3.6644986359571514 -1.5235806957855309 -1.1850696368229505 -1.0393469617080431 4.9004897915771295 -1.1812778733378178 3.7267386511126879 -1.2934057363981732 -2.3004800620328489 5.1850930182001527 0.43153608585180159 -2.2635631409218222 2.3908840260714457 -2.6447933592023336 -0.52910732077539757 1.1950673900538735 -1.8758101656808774 4.3711277900583116 -1.9510404887968091 4.3502568867726232 4.9525315244453427 -1.1231374998991148 -2.0705133005839511 2.3783163694351841
leaf_weight=110.69269082695246 256.76772899925709 5.7742025181651124 100.24998414516449 20.885413363575935 24.939640663564209 2740.9033655375242 11.179838918149473 64.990492172539234 8.4770207181572896 10.442706681787969 17.568318299949176 34.399504363536835 29.485289454460144 6.0199132636189452 13.759801745414732 6.1427686363458625 15.356921590864657 354.56060568988323 8.2313099727034533 361.56336193531752 24.325363799929619 6.2656240090727797 10.196995936334131 6.1427686363458625 17.936884418129925 9.582719072699545 4.2999380454421026 4.9142149090766907 311.06980374455452 10.6884174272418
leaf_count=901 2090 47 816 170 203 22310 91 529 69 85 143 280 240 49 112 50 125 2886 67 2943 198 51 83 50 146 78 35 40 2532 87
internal_value=-1.78712 -2.19997 2.76549 1.48903 3.28404 -2.59466 -1.89287 0.261817 1.57312 -0.620051 1.25049 0.678793 1.94908 2.87383 0.0113962 1.03484 -1.80411 -2.06627 0.258461 -2.67948 -2.15221 3.92638 0.30445 0.721413 0.246189 1.53973 -0.707868 1.71217 -2.37921 4.49306
internal_weight=0 4235.44 372.375 409.354 166.223 3826.08 412.548 243.131 19.6569 128.507 114.624 84.7702 50.3707 29.8539 44.8422 31.0824 115.607 392.891 14.0055 3413.54 378.886 23.8339 63.5162 53.3192 47.1765 20.0254 27.151 9.21415 672.633 121.381
internal_count=37506 34475 3031 3332 1353 31143 3358 1979 160 1046 933 690 410 243 365 253 941 3198 114 27785 3084 194 517 434 384 163 221 75 5475 988
is_linear=0
shrinkage=1


Tree=8
num_leaves=31
num_cat=0
split_feature=10 36 46 8 46 35 40 35 35 6 35 0 46 20 49 35 6 20 6 49 14 22 38 12 35 35 13 38 38 38
split_gain=8451.42 6525.42 3461.85 1010 695.565 231.874 507.794 427.421 595.938 225.633 240.456 121.263 114.162 111.393 107.019 113.374 78.6115 77.2036 70.9323 68.0725 67.1411 80.5026 62.4776 50.0854 43.104 59.0904 42.4645 33.4644 29.5172 49.8925
threshold=1.5538125748340554 3.5000000000000004 10.500000000000002 -0.45783048286480144 7.0000000000000009 3.9838069065390429 0.48000000000000004 1.994017580626221 0.022064128461923609 -0.76514077609537645 4.0234354356309208 -0.6050447430664162 7.0000000000000009 3.0452912483573158 14.500000000000002 3.0240388752901493 -0.12004686838402953 0.047110220341655712 -0.79167579095138085 11.500000000000002 -2.535449313321108 -0.27428381908833949 76.500000000000014 -0.31762050551988869 3.0022294741910618 4.98678569477888 1.2084835752304428 78.500000000000014 156.50000000000003 157.50000000000003
decision_type=2 2 2 2 2 2 2 2 2 2 2 2 2 2 2 2 2 2 2 2 2 2 2 2 2 2 2 2 2 2
left_child=1 3 -2 4 -1 7 -7 8 -5 10 18 -8 -12 -4 15 16 -6 28 20 -10 21 26 -19 -13 -15 -26 -3 -24 -11 -30
right_child=2 9 13 5 14 6 11 -9 19 17 12 23 -14 24 -16 -17 -18 22 -20 -21 -22 -23 27 -25 25 -27 -28 -29 29 -31
leaf_value=4.7865892085890422 4.8203993506818819 -0.01524038381716486 -2.1774065328315748 -1.3730206075022446 2.2708965223836839 4.4772971676420301 5.1850930182001527 -1.842026594349353 3.8388400963370573 -2.8092806435188113 3.6476031428211182 0.70238596466537651 -1.2103480600571692 -0.84782573155702179 -2.3402458834885658 5.1850930182001527 -1.4472162481407738 -2.646472500106281 -0.47062781583705204 -0.84427904210978033 -2.2595386241245641 -2.7884439105362486 0.40747102693282544 -2.1239824998082151 4.5424888907197527 -0.91964619286365479 4.6237376884471573 -2.0509664032136063 -0.11801377120881118 -2.6104304220308738
leaf_weight=117.94115781784058 257.75057198107243 4.4227934181690216 97.792876690626144 47.422173872590065 9.9512851908803004 36.733756445348263 3.0713843181729308 88.08730224519968 48.282161481678486 1975.5143934488297 11.056983545422556 8.4770207181572896 8.5998760908842069 10.442706681787969 13.022669509053229 5.5284917727112761 13.268380254507067 324.58389474451542 26.168194390833378 3.3170950636267653 353.94632882624865 6.0199132636189443 5.6513471454381934 24.079653054475784 4.6685041636228544 3.4399504363536835 3.5628058090806007 273.35320431739092 8.1084545999765378 845.61353047937155
leaf_count=960 2098 36 796 386 81 299 25 717 393 16080 90 69 70 85 106 45 108 2642 213 27 2881 49 46 196 38 28 29 2225 66 6883
internal_value=-1.78712 -2.18049 2.77661 1.56614 3.54464 0.34832 1.86843 -0.23956 1.18596 -2.58878 -1.89118 -0.821409 1.52225 -1.75123 0.03796 1.11527 0.146261 -2.67287 -2.06143 3.53778 -2.17457 -0.0271405 -2.34819 -1.38806 0.49536 2.22522 2.05446 -2.00117 -2.74213 -2.58676
internal_weight=0 4265.78 374.095 419.183 159.712 259.471 72.3618 187.109 99.0214 3846.6 413.777 35.6281 19.6569 116.344 41.7708 28.7482 23.2197 3432.82 394.12 51.5993 367.952 14.0055 603.588 32.5567 18.5512 8.10845 7.9856 279.005 2829.24 853.722
internal_count=37767 34722 3045 3412 1300 2112 589 1523 806 31310 3368 290 160 947 340 234 189 27942 3208 420 2995 114 4913 265 151 66 65 2271 23029 6949
is_linear=0
shrinkage=1


Tree=9
num_leaves=31
num_cat=0
split_feature=10 36 46 8 46 6 35 35 40 35 35 46 9 0 46 9 14 1 6 38 6 9 38 35 35 38 12 6 32 25
split_gain=8330.77 6485.22 3487.28 954.846 698.049 228.735 247.197 226.938 525.77 469.463 602.236 140.431 104.509 97.8876 76.0484 70.986 70.7781 84.7637 74.1988 68.6001 59.9915 54.4588 44.8593 44.0831 42.5906 42.0292 39.9649 34.8473 31.5961 30.5952
threshold=1.5538125748340554 3.5000000000000004 10.500000000000002 -0.45783048286480144 7.0000000000000009 -0.76514077609537645 4.0234354356309208 3.9838069065390429 0.48000000000000004 1.994017580626221 0.022064128461923609 7.0000000000000009 1.3528464379280607 -0.6050447430664162 17.000000000000004 0.14409912162382785 -2.535449313321108 -0.039288856269127939 -0.79167579095138085 76.500000000000014 -0.12004686838402953 1.438366478306347 183.50000000000003 3.0011073808500774 4.98678569477888 80.500000000000014 -0.31762050551988869 1.1895501834228888 0.94628420566735461 -0.46929964055508439
decision_type=2 2 2 2 2 2 2 2 2 2 2 2 2 2 2 2 2 2 2 2 2 2 2 2 2 2 2 2 2 2
left_child=1 3 -2 4 27 6 16 9 -9 10 -5 -8 -4 -10 20 -7 17 -3 29 -17 -6 25 -22 -14 -25 -21 -15 -1 -20 -18
right_child=2 5 12 7 14 15 11 8 13 -11 -12 -13 23 26 -16 19 18 -19 28 21 22 -23 -24 24 -26 -27 -28 -29 -30 -31
leaf_value=4.9228153335766702 4.8138654777610022 -2.6530906602027602 -2.1860951968980098 -1.2668098400370118 2.4990077653320779 -2.7836852030556574 3.9189248855350649 4.5157137187414023 5.1850930182001527 -1.8654508593664978 3.6980411590948665 -1.348048944517255 -0.84782573155702179 0.51676303326900586 -2.5145780588172619 -2.7017562260233761 -2.6469779327683449 2.0897322914635752 -1.106908131853342 -0.52027073045761107 -1.7241467090503577 -0.60754296121417561 1.2738315323237739 4.6599541613344488 -0.24134183607878756 -2.3303124262048791 -2.0267232518648632 1.115266877490948 1.5482271052259695 -2.0383879939862073
leaf_weight=110.56983545422554 255.90774139016867 6.6341901272535333 98.8985750451684 46.807897008955479 12.285537272691725 2182.894262611866 11.056983545422556 37.348033308982849 2.4571074545383444 87.227314636111259 51.107835054397583 9.3370083272457105 10.442706681787969 8.3541653454303724 9.091297581791876 660.59333915263414 133.29807940870523 8.7227314636111224 20.025425754487518 13.145524881780146 10.565562054514887 20.025425754487514 9.4598636999726278 3.8085165545344344 3.3170950636267662 531.84090853482485 23.711086936295033 2.4571074545383444 5.7742025181651107 217.20829898118973
leaf_count=900 2083 54 805 381 100 17768 90 304 20 710 416 76 85 68 74 5377 1085 71 163 107 86 163 77 31 27 4329 193 20 47 1768
internal_value=-1.78712 -2.18424 2.74937 1.58799 3.55328 -2.59048 -1.88675 0.407133 1.91532 -0.178327 1.32463 1.50754 -1.78685 -0.897921 0.0404463 -2.67555 -2.06349 0.0408328 -2.14936 -2.48296 0.759351 -2.22714 -0.307924 0.460679 2.37832 -2.28665 -1.36405 4.84004 -0.512664 -2.26984
internal_weight=0 4232 372.375 411.443 154.429 3820.56 412.057 257.013 71.8704 185.143 97.9157 20.394 116.467 34.5224 41.4023 3408.5 391.663 15.3569 376.306 1225.61 32.311 565.012 20.0254 17.5683 7.12561 544.986 32.0653 113.027 25.7996 350.506
internal_count=37478 34447 3031 3349 1257 31098 3354 2092 585 1507 797 166 948 281 337 27744 3188 125 3063 9976 263 4599 163 143 58 4436 261 920 210 2853
is_linear=0
shrinkage=1


Tree=10
num_leaves=31
num_cat=0
split_feature=10 36 46 8 46 6 40 14 40 40 40 40 38 46 20 49 40 6 1 20 6 40 40 40 40 38 40 38 6 40
split_gain=8594.36 6296.81 3545.2 1060.92 698.114 238.628 238.45 225.906 131.092 241.13 244.442 132.071 130.889 122.652 113.234 105.366 117.221 81.7907 84.5701 76.1252 69.3623 68.6769 189.41 104.336 159.402 60.063 52.152 50.7538 40.5161 38.1
threshold=1.5538125748340554 3.5000000000000004 10.500000000000002 -0.45783048286480144 7.0000000000000009 -0.76514077609537645 0.53500000000000014 0.085202101374815639 0.38000000000000006 0.21500000000000002 0.080000000000000016 0.48000000000000004 167.50000000000003 7.0000000000000009 3.0452912483573158 14.500000000000002 0.38000000000000006 -1.1961339953951045 -0.039288856269127939 0.047110220341655712 -0.78137799809396824 0.41500000000000004 0.48000000000000004 0.21500000000000002 0.10500000000000002 377.50000000000006 0.38000000000000006 76.500000000000014 -0.6337139437409065 0.51500000000000012
decision_type=2 2 2 2 2 2 2 2 2 2 2 2 2 2 2 2 2 2 2 2 2 2 2 2 2 2 2 2 2 2
left_child=1 3 -2 4 -1 6 17 8 9 10 -5 -10 -9 -8 -4 16 25 18 -3 -7 -19 23 -23 24 -14 -6 -16 -21 -13 -28
right_child=2 5 14 7 15 19 13 12 11 -11 -12 28 21 -15 26 -17 -18 20 -20 27 -22 22 -24 -25 -26 -27 29 -29 -30 -31
leaf_value=4.8139317794928438 4.8257095919656159 -2.7695671659132928 -2.2565815139919621 -0.57668331583759791 -1.1850696368229507 -2.7504289395172981 3.7380437237257671 -1.6228882098244362 4.5398766788194251 -1.2695993960456562 3.7559937626839432 3.3067117224882119 -1.4666658354320961 -1.428374460452305 -0.89625638745728009 -2.4066980519689407 5.1850930182001527 -2.2335709113415918 2.2780743462650075 -2.6257470902646167 -0.35372362300172377 4.3870878925708947 -1.3083374534931853 -1.9428510700476072 3.8901483370654044 2.3362147197037095 4.6763647506115014 -2.0399915911487727 -0.88927435599269067 -0.024284441907630017
leaf_weight=115.85261648148298 261.55908853560686 5.4056363999843606 97.424310572445393 21.868256345391273 14.128367863595491 2816.8279858827591 11.056983545422556 66.833322763442993 20.148281127214432 38.576587036252022 32.188107654452324 3.194239690899848 11.425549663603306 7.8627438545227042 10.688417427241804 12.776958763599394 5.5284917727112761 359.22910985350609 8.5998760908842051 322.37249803543091 20.762557990849018 12.531248018145563 10.934128172695635 21.745400972664356 10.811272799968719 7.3713223636150351 3.9313719272613517 273.35320431739092 8.2313099727034587 3.0713843181729317
leaf_count=943 2129 44 793 178 115 22928 90 544 164 314 262 26 93 64 87 104 45 2924 70 2624 169 102 89 177 88 60 32 2225 67 25
internal_value=-1.78712 -2.19388 2.79045 1.51006 3.57258 -2.59486 -1.87686 0.268031 1.24006 0.640274 2.00323 2.99974 -0.631072 1.59096 -1.83395 -0.0403628 1.07827 -2.04339 0.329862 -2.68174 -2.13086 0.351711 1.7332 -0.385339 1.13775 0.0222279 0.493488 -2.35697 0.283797 2.61468
internal_weight=0 4239.62 376.675 414.145 155.658 3825.47 412.917 258.488 124.207 92.633 54.0564 31.5738 134.281 18.9197 115.115 39.8051 27.0282 393.997 14.0055 3412.55 379.992 67.4476 23.4654 43.9822 22.2368 21.4997 17.6912 595.726 11.4255 7.00276
internal_count=37575 34509 3066 3371 1267 31138 3361 2104 1011 754 440 257 1093 154 937 324 220 3207 114 27777 3093 549 191 358 181 175 144 4849 93 57
is_linear=0
shrinkage=1


Tree=11
num_leaves=31
num_cat=0
split_feature=10 36 46 8 34 35 35 35 35 14 35 0 34 20 20 34 34 14 1 6 6 38 38 38 6 34 35 35 6 38
split_gain=8583.77 6305.26 3378.24 908.287 721.374 249.794 527.33 397.513 584.931 225.671 265.651 129.279 126.054 119.898 78.5959 73.7477 72.9592 72.1154 82.4443 70.3799 65.6928 59.0906 44.3989 38.028 35.6032 34.8996 33.5902 41.5084 32.4971 32.2865
threshold=1.5538125748340554 3.5000000000000004 10.500000000000002 -0.45783048286480144 0.97142733839817097 3.9800141622745224 4.9787236971600306 1.994017580626221 0.022064128461923609 -1.0981005470923344 4.0234354356309208 -0.6050447430664162 0.023426599946243142 3.0452912483573158 0.047110220341655712 1.9803274004695035 1.007738013587369 -2.535449313321108 -0.039288856269127939 -0.12004686838402953 -0.79167579095138085 76.500000000000014 78.500000000000014 47.500000000000007 1.1851951845064732 1.0087816834276795 3.0011073808500774 4.98678569477888 -0.49603811207511778 31.500000000000004
decision_type=2 2 2 2 2 2 2 2 2 2 2 2 2 2 2 2 2 2 2 2 2 2 2 2 2 2 2 2 2 2
left_child=1 3 -2 4 24 7 16 8 -5 10 17 -8 -12 -4 -11 19 -7 18 -3 -6 -19 -16 -23 -21 -1 29 -15 -28 -13 -10
right_child=2 9 13 5 15 6 11 -9 25 14 12 28 -14 26 21 -17 -18 20 -20 23 -22 22 -24 -25 -26 -27 27 -29 -30 -31
leaf_value=4.8880931630058662 4.8418781639764727 -2.7813751721242479 -2.1047590879255171 -1.3642930077226294 2.5516761036236084 4.8774085676998009 5.1850930182001527 -1.7628422164912523 1.5305552591959688 -2.7460956741475648 3.9189248855350649 1.2465515917073708 -1.145747645125277 -0.46478327125497909 -2.6386081177827228 -2.3731555288312278 -0.62894432567013991 -2.2674094824258999 2.1179776657816225 -2.2762549064333895 -0.588847516402069 1.0109123610625068 -2.0600107381940722 0.59142786928085211 1.2922158401304786 0.0053142936611647595 4.2806872091536636 -0.4500508689356697 -1.8692722923624689 4.0054332672699484
leaf_weight=107.74416188150644 256.39916288107634 5.7742025181651124 97.670021317899227 47.790739990770817 12.531248018145559 35.750913463532925 3.194239690899848 88.947289854288101 6.0199132636189452 2820.6365024372935 11.056983545422556 3.8085165545344379 8.8455868363380414 10.442706681787969 319.66967983543873 10.319851309061049 2.5799628272652617 358.00055612623692 8.4770207181572879 7.3713223636150387 24.939640663564205 4.7913595363497725 270.52753074467182 12.408392645418642 2.8256735727190962 2.702818199992179 4.4227934181690207 3.1942396908998489 27.642458863556385 42.385103590786457
leaf_count=877 2087 47 795 389 102 291 26 724 49 22959 90 31 72 85 2602 84 21 2914 69 60 203 39 2202 101 23 22 36 26 225 345
internal_value=-1.78712 -2.19115 2.81763 1.51621 3.44881 0.38105 1.95116 -0.22892 1.15066 -2.59163 -1.89724 -0.87635 1.66796 -1.66708 -2.67643 -0.0458651 4.50679 -2.07589 0.132895 0.697452 -2.15809 -2.34614 -2.00657 -0.477274 4.7962 3.50238 0.699978 2.29683 -1.49197 3.69764
internal_weight=0 4246.74 372.129 414.023 153.201 260.822 72.9761 187.846 98.8986 3832.72 417.094 34.6452 19.9026 115.73 3415.63 42.6308 38.3309 397.191 14.2512 32.311 382.94 594.989 275.319 19.7797 110.57 51.1078 18.0597 7.61703 31.451 48.405
internal_count=37596 34567 3029 3370 1247 2123 594 1529 805 31197 3395 282 162 942 27802 347 312 3233 116 263 3117 4843 2241 161 900 416 147 62 256 394
is_linear=0
shrinkage=1


Tree=12
num_leaves=31
num_cat=0
split_feature=22 36 34 29 34 14 35 35 35 35 35 34 22 9 0 49 35 20 38 20 14 7 14 14 25 29 35 35 34 9
split_gain=8245.63 6320.24 3243.62 777.737 685.975 210.773 272.516 209.007 480.988 333.024 578.29 144.283 141.068 137.111 110.93 108.311 131.565 83.3254 62.7911 60.8439 57.6977 83.7244 59.1051 54.1159 51.5532 125.709 50.7692 59.8918 38.1008 36.9257
threshold=-0.58730260117096944 3.5000000000000004 0.97969095649895754 -0.16483271718455964 0.026578307438921856 -1.0981005470923344 4.9842535810722159 3.9800141622745224 4.9787236971600306 1.994017580626221 0.99147098788170507 0.012402216627463996 -0.59203641594196876 1.0855718869379301 -0.59820894770523181 14.500000000000002 3.9974762024626025 1.0000000180025095e-35 76.500000000000014 0.31406865669271267 -2.535449313321108 -1.2073140931994106 -1.165088963646183 0.078469862298029172 2.0809740309278992 0.21521390359435094 3.9886602266409681 4.98678569477888 1.0025088197887342 1.438366478306347
decision_type=2 2 2 2 2 2 2 2 2 2 2 2 2 2 2 2 2 2 2 2 2 2 2 2 2 2 2 2 2 2
left_child=2 3 12 7 24 6 20 9 28 10 -2 -8 -1 -4 -10 16 23 -7 -19 -14 21 -3 -22 -6 -5 -26 -15 -28 -9 -20
right_child=1 5 13 4 15 17 11 8 14 -11 -12 -13 19 26 -16 -17 -18 18 29 -21 22 -23 -24 -25 25 -27 27 -29 -30 -31
leaf_value=4.7250935118747837 -1.3397220813818969 -2.7849831740220399 -2.2060854902142655 4.7399557840600828 1.7716904485730764 -2.7451626030021403 4.3129874166196061 4.7717513007843735 5.1850930182001438 -1.687308009823774 3.8006360319178429 -1.1705258864690165 -0.91964619286365434 -0.61132603068871494 -1.5120892386630957 -2.1854582602495882 5.1850930182001527 -2.6355766712341735 -2.0911602067450064 3.76065386895193 -2.2678748667272579 2.3290746738428161 -0.6957083908629087 -1.0359269397410604 0.12530916758870814 4.5251212115986608 4.9589915659385309 -0.32114234864171287 0.93831791485141736 -0.34670950315216453
leaf_weight=256.52201825380325 45.825054027140141 5.8970578908920288 96.19575684517622 94.352926254272461 11.425549663603308 2722.1064935103059 10.319851309061052 31.45097541809082 2.7028181999921825 82.067388981580734 41.893682099878788 8.9684422090649587 6.3884793817996961 16.216909199953083 29.116723336279392 15.602632336318491 6.1427686363458625 357.38627926260233 295.34431603550911 4.9142149090766907 348.04927093535662 7.0027562454342824 25.676772899925709 17.199752181768417 9.0912975817918795 22.728243954479694 4.4227934181690198 4.1770826727151871 2.8256735727190962 12.654103390872477
leaf_count=2088 373 48 783 768 93 22157 84 256 22 668 341 73 52 132 237 127 50 2909 2404 40 2833 57 209 140 74 185 36 34 23 103
internal_value=-1.78712 -2.18182 2.63133 1.53595 3.12327 -2.58602 -1.90508 0.347935 1.85661 -0.239379 1.11527 1.76333 4.57275 -1.66544 -0.943217 0.00350949 0.985838 -2.66762 -2.3504 1.11527 -2.08809 -0.00878034 -2.15986 0.08471 4.36875 3.26803 0.430247 2.39436 4.45573 -2.01949
internal_weight=0 4205.83 388.837 412.425 176.543 3793.41 405.914 235.882 66.0962 169.786 87.7187 19.2883 267.825 121.013 31.8195 50.3707 34.7681 3387.49 665.385 11.3027 386.626 12.8998 373.726 28.6253 126.172 31.8195 24.8168 8.59988 34.2766 307.998
internal_count=37399 34234 3165 3357 1437 30877 3304 1920 538 1382 714 157 2180 985 259 410 283 27573 5416 92 3147 105 3042 233 1027 259 202 70 279 2507
is_linear=0
shrinkage=1


Tree=13
num_leaves=31
num_cat=0
split_feature=10 36 46 8 34 35 35 40 35 6 35 34 36 14 10 6 9 34 38 38 25 12 9 34 6 32 34 35 35 38
split_gain=8440.72 6422.5 3408.37 997.955 707.678 253.168 527.67 418.382 636.988 239.645 262.641 135.083 118.161 73.1927 88.438 80.2498 69.2334 68.9194 72.9805 63.0722 54.4136 49.9236 49.3818 45.3699 41.8197 39.7752 38.97 37.6979 66.3837 35.4167
threshold=1.5538125748340554 3.5000000000000004 10.500000000000002 -0.45783048286480144 0.98758984920427906 3.9800141622745224 4.9787236971600306 0.20500000000000004 0.97226404297204638 -0.76514077609537645 4.0234354356309208 0.012402216627463996 3.5000000000000004 -2.535449313321108 -1.0000000180025095e-35 -0.79167579095138085 0.19112862607662964 1.0043246788096603 47.500000000000007 76.500000000000014 0.64169804028513366 -0.31762050551988869 1.438366478306347 1.0047484772329272 0.87837208639158482 0.99620252043966862 1.0146969684308738 3.0011073808500774 4.98678569477888 78.500000000000014
decision_type=2 2 2 2 2 2 2 2 2 2 2 2 2 2 2 2 2 2 2 2 2 2 2 2 2 2 2 2 2 2
left_child=1 3 -2 4 -1 7 23 8 -5 10 13 -12 27 14 -3 -15 -11 18 -6 -18 -8 -22 29 -7 -20 -17 -10 -4 -29 -21
right_child=2 9 12 5 17 6 20 -9 26 16 11 -13 -14 15 -16 25 19 -19 24 22 21 -23 -24 -25 -26 -27 -28 28 -30 -31
leaf_value=4.8198522107006081 4.8535067952907696 -2.3085551138993354 -0.62894432567014014 -1.3844740515740968 -1.7396857883796883 4.7421187443814645 2.0842731014693299 -1.8430757103073292 3.9841607143843221 -2.7838537246471988 4.0751404343703683 -1.2787484993968197 -2.1594261354704432 -2.2632151512347987 2.4718755910606833 -1.0872272692457985 -2.700494733821805 -2.0793278351087503 2.3633468939751032 -0.28010208503792233 0.63646380211339348 -2.248809065407412 -0.65875990179255162 0.30130164934910697 -1.3266288069345751 1.929232105632789 -0.10568096472181354 4.9456914805113765 -0.73465409555869088 -2.3262081754270181
leaf_weight=114.99262887239456 253.3277785629034 7.7398884817957878 12.039826527237894 48.405016854405403 8.2313099727034587 36.119479581713676 5.1599256545305243 89.070145227015018 44.96506641805172 2231.913556329906 10.811272799968721 8.3541653454303724 95.581479981541634 351.4892213717103 7.739888481795786 20.885413363575939 625.82526867091656 11.425549663603304 18.428305909037594 8.5998760908842069 8.3541653454303759 21.253979481756687 19.165438145399094 2.4571074545383444 3.6856611818075171 5.5284917727112761 2.4571074545383444 4.1770826727151853 4.0542272999882698 518.81823902577162
leaf_count=936 2062 63 98 394 67 294 42 725 366 18167 88 68 778 2861 63 170 5094 93 150 70 68 173 156 20 30 45 20 34 33 4223
internal_value=-1.78712 -2.18705 2.79873 1.549 3.5393 0.340799 1.91287 -0.282806 1.16744 -2.59327 -1.87347 1.74139 -1.69434 -2.04959 0.0816602 -2.13689 -2.6805 0.0140198 0.802203 -2.48373 -0.912456 -1.43471 -2.23555 4.45926 1.74835 -0.455875 3.77225 0.498627 2.14791 -2.29285
internal_weight=0 4231.88 369.18 415.005 156.763 258.242 73.3447 184.897 95.8272 3816.87 412.548 19.1654 115.853 393.383 15.4798 377.903 3404.32 41.7708 30.3453 1172.41 34.7681 29.6081 546.584 38.5766 22.114 26.4139 47.4222 20.2711 8.23131 527.418
internal_count=37451 34446 3005 3378 1276 2102 597 1505 780 31068 3358 156 943 3202 126 3076 27710 340 247 9543 283 241 4449 314 180 215 386 165 67 4293
is_linear=0
shrinkage=1


Tree=14
num_leaves=31
num_cat=0
split_feature=10 36 34 8 34 35 48 48 35 6 35 34 49 35 34 9 36 6 6 10 38 6 6 38 35 35 9 6 38 3
split_gain=8538.37 6268.24 3489.11 995.024 722.705 270.728 544.44 374.746 630.542 242.978 243.469 118.452 88.4802 104.528 83.1548 75.8323 75.6523 63.9178 65.7513 95.7002 63.1599 60.6629 56.8701 37.0272 36.908 65.2405 31.3188 30.4367 28.974 28.4753
threshold=1.5538125748340554 3.5000000000000004 0.97818403295510314 -0.45783048286480144 0.98244696431701617 3.9800141622745224 48.000000000000007 20.500000000000004 0.022064128461923609 -0.76514077609537645 4.0234354356309208 0.020517744963466793 14.500000000000002 3.0240388752901493 1.007738013587369 0.22308993566552213 3.5000000000000004 -0.78137799809396824 -1.1961339953951045 -1.0000000180025095e-35 76.500000000000014 -0.48844301783526928 -0.12004686838402953 80.500000000000014 3.9886602266409681 4.98678569477888 1.438366478306347 1.1851951845064732 183.50000000000003 -0.41232843666478336
decision_type=2 2 2 2 2 2 2 2 2 2 2 2 2 2 2 2 2 2 2 2 2 2 2 2 2 2 2 2 2 2
left_child=1 3 -2 4 27 7 14 8 -5 10 17 -12 13 22 -7 -11 24 18 19 -3 -17 -8 -6 -22 -4 -26 -25 -1 -24 -18
right_child=2 9 16 5 12 6 21 -9 -10 15 11 -13 -14 -15 -16 20 29 -19 -20 -21 23 -23 28 26 25 -27 -28 -29 -30 -31
leaf_value=4.87202946891483 4.8512779985520922 -2.5475766491473362 -1.1457476451252773 -1.4973325120691809 1.9501030089184757 4.8573217853913579 2.4004751324517497 -1.810788205938453 3.673751745788246 -2.7810361125593479 3.7380437237257671 -1.2103480600571692 -2.2008877556795152 5.1850930182001527 -1.0165468152614927 -2.6808364431351599 -2.3529327902438526 -0.33654244755736484 -2.2140809026757138 2.6146765082785506 -0.64832445014970763 -1.471626661340409 -2.5542484952796465 -2.3020132997290172 4.4451246289802988 -1.2279663550385944 -0.93407820045482193 1.7413939760615946 0.30130164934910653 -0.4674432883404096
leaf_weight=111.79838918149471 257.62771660834551 7.371322363615036 12.162681899964811 48.036450736224651 9.5827190726995486 36.610901072621346 4.6685041636228553 90.052988208830357 46.31647551804781 2259.0645937025547 11.056983545422556 8.5998760908842069 13.268380254507063 4.7913595363497725 2.5799628272652617 624.7195703163743 84.770207181572914 21.008268736302853 356.52629165351391 7.0027562454342824 14.74264472723007 30.345277063548565 7.4941777363419551 494.98429671674967 4.054227299988268 4.0542272999882698 17.322607554495335 3.194239690899848 6.7570454999804497 8.8455868363380414
leaf_count=910 2097 60 99 391 78 298 38 733 377 18388 90 70 108 39 21 5085 690 171 2902 57 120 247 61 4029 33 33 141 26 55 72
internal_value=-1.78712 -2.18602 2.81372 1.50275 3.4896 0.297435 1.91037 -0.351606 1.04108 -2.58699 -1.86117 1.57312 -0.0662956 0.923129 4.47064 -2.67457 -1.79551 -2.03343 -2.12954 -0.0326328 -2.46575 -0.955346 0.0663426 -2.2108 -0.0440169 1.60858 -2.25576 4.78507 -1.20032 -2.17478
internal_weight=0 4237.9 371.515 415.497 156.886 258.611 74.2046 184.406 94.3529 3822.4 411.565 19.6569 41.8937 28.6253 39.1909 3410.83 113.887 391.909 370.9 14.3741 1151.77 35.0138 23.8339 527.05 20.2711 8.10845 512.307 114.993 14.2512 93.6158
internal_count=37519 34495 3024 3382 1277 2105 604 1501 768 31113 3350 160 341 233 319 27763 927 3190 3019 117 9375 285 194 4290 165 66 4170 936 116 762
is_linear=0
shrinkage=1


Tree=15
num_leaves=31
num_cat=0
split_feature=1 36 46 8 34 35 40 35 35 6 35 34 36 49 35 34 20 6 6 1 38 38 12 49 9 6 49 40 35 35
split_gain=8583.59 6327.7 3386.74 959.226 714.091 230.131 541.893 379.851 596.56 228.926 277.902 162.662 123.045 100.61 124.386 86.2838 84.2504 68.3201 70.5628 89.2468 63.4521 63.4239 57.9829 54.1276 38.897 33.8875 33.2465 63.1087 38.1456 62.7296
threshold=1.5741039265518844 3.5000000000000004 10.500000000000002 -0.44363805174491361 0.97142733839817097 3.9800141622745224 0.48000000000000004 1.994017580626221 0.022064128461923609 -0.76514077609537645 4.0234354356309208 0.023426599946243142 3.5000000000000004 14.500000000000002 3.0240388752901493 1.0087816834276795 -0.042836313289873598 -0.79167579095138085 -1.1961339953951045 -0.039288856269127939 76.500000000000014 310.50000000000006 -0.31762050551988869 11.500000000000002 1.438366478306347 0.034142608074776502 14.500000000000002 0.41500000000000004 1.9997339394412064 0.97934793357793493
decision_type=2 2 2 2 2 2 2 2 2 2 2 2 2 2 2 2 2 2 2 2 2 2 2 2 2 2 2 2 2 2
left_child=1 3 -2 4 -1 7 15 8 -5 10 17 -12 26 14 21 -7 -11 18 19 -3 -18 -6 -8 -10 -22 -23 27 28 29 -4
right_child=2 9 12 5 13 6 22 -9 23 16 11 -13 -14 -15 -16 -17 20 -19 -20 -21 24 25 -24 -25 -26 -27 -28 -29 -30 -31
leaf_value=4.7842107859247278 4.8007846007583019 -2.6530906602027602 -1.5979505496485222 -1.4447850497293584 -1.4816698027711164 4.7974905286087992 1.115266877490948 -1.7687259039734249 3.8729632788458193 -2.7539997846864734 4.4366192451961588 -1.5555565273494678 -2.2184701316089903 -2.2824778821837093 5.1850930182001527 -1.3266288069345751 -2.6465861781489552 -0.51641457062748897 -2.2603935941014188 2.3829176426298813 -2.1269521597444299 3.4532521072600662 -1.8665859384742121 -0.73465409555869066 -0.41091792527500393 -0.16994137746985394 -1.3892415167916397 4.9137712754862051 -2.2363546501519265 4.8595069269434141
leaf_weight=114.74691812694073 260.20767943561077 6.6341901272535324 2.9485289454460162 45.702198654413223 12.899814136326318 36.119479581713676 8.8455868363380414 86.858748517930508 44.96506641805172 2677.5099932104349 10.688417427241804 7.8627438545227042 93.738649390637875 13.39123562723398 5.7742025181651107 2.4571074545383444 392.89148198068142 26.659615881741047 357.26342388987541 7.4941777363419515 329.86667577177286 5.7742025181651098 24.816785290837288 2.702818199992179 13.759801745414732 4.6685041636228561 6.388479381799697 3.6856611818075171 4.1770826727151871 3.0713843181729317
leaf_count=934 2118 54 24 372 105 294 72 707 366 21794 87 64 763 109 47 20 3198 217 2908 61 2685 47 202 22 112 38 52 30 34 25
internal_value=-1.78712 -2.1867 2.80947 1.54849 3.48721 0.340911 1.84894 -0.263536 1.13669 -2.58621 -1.88639 1.89689 -1.73537 -0.0139334 1.02941 4.40742 -2.67161 -2.06271 -2.17371 0.0181833 -2.37209 0.00141972 -1.08303 3.61171 -2.05824 1.83347 0.498627 1.36738 0.0855518 1.69667
internal_weight=0 4240.35 374.217 409.723 157.255 252.468 72.239 180.229 93.3701 3830.63 416.603 18.5512 114.01 42.508 29.1167 38.5766 3414.03 398.051 371.392 14.1284 736.518 23.3425 33.6624 47.6679 343.626 10.4427 20.2711 13.8827 10.197 6.01991
internal_count=37561 34515 3046 3335 1280 2055 588 1467 760 31180 3391 151 928 346 237 314 27789 3240 3023 115 5995 190 274 388 2797 85 165 113 83 49
is_linear=0
shrinkage=1


Tree=16
num_leaves=31
num_cat=0
split_feature=10 9 34 8 34 6 48 20 20 38 6 9 34 34 20 48 48 4 20 20 48 48 48 48 9 48 48 34 38 7
split_gain=8293.16 5072.13 3523.48 824.691 626.997 268.822 262.333 176.939 174.106 162.115 171.101 124.865 122.415 120.186 110.996 104.877 129.039 102.482 96.033 88.8066 83.4782 267.615 190.612 216.983 68.1648 67.6476 173.407 67.4136 66.9339 66.5803
threshold=1.5538125748340554 1.20733357875903 0.97818403295510314 -0.45783048286480144 0.99107419286814069 -0.76514077609537645 52.500000000000007 0.43955239061280355 1.496308439195347 156.50000000000003 -0.12477134196998574 1.3528464379280607 0.012402216627463996 1.0255890845838003 0.40021871703437389 41.500000000000007 43.500000000000007 -0.82992518327144771 3.0452912483573158 0.047110220341655712 13.500000000000002 8.0000000000000018 41.500000000000007 43.500000000000007 1.293112571040208 13.500000000000002 8.0000000000000018 1.0006934368712497 163.50000000000003 -0.8264099161211298
decision_type=2 2 2 2 2 2 2 2 2 2 2 2 2 2 2 2 2 2 2 2 2 2 2 2 2 2 2 2 2 2
left_child=1 5 -2 4 7 6 14 11 19 10 15 24 -8 17 -1 25 -17 -11 -4 -7 21 -19 -22 -24 -3 26 -5 28 -6 -16
right_child=2 3 18 9 27 8 12 -9 -10 13 -12 -13 -14 -15 29 16 -18 20 -20 -21 22 -23 23 -25 -26 -27 -28 -29 -30 -31
leaf_value=-2.2118236025353504 4.8492335794037622 2.905990379402994 -2.2136553893091224 -1.4799845745555016 -0.94752171437536137 -2.7464553435299104 3.9961550445098211 4.485917758129597 1.6507703170579484 -1.597950549648522 -1.8150079438196796 3.2010527746044155 -1.0671036617299301 -2.1331264641760321 1.4770292011095441 4.7005899062109595 -0.37871993365546897 -0.54705647575647376 0.29030211923908222 -2.3116754994769857 -0.92668741456038328 4.5746190970937715 4.9986887674806475 -0.38414275329665415 -2.68768541792585 -1.5160862307262104 3.3593766186296672 -2.2084244707549026 1.9029751627895037 -1.2346327369234578
leaf_weight=328.51526667177677 253.08206781744957 3.0713843181729334 97.178599826991558 16.954041436314583 17.936884418129921 2796.6797047555447 10.934128172695639 95.827190726995468 9.3370083272457105 13.268380254507063 79.855992272496223 19.656859636306763 8.4770207181572896 13.39123562723398 11.056983545422552 10.319851309061052 9.7055744454264623 17.445462927222252 18.182595163583755 564.64329305291176 35.50520271807909 24.571074545383453 16.094053827226162 14.00551249086857 7.4941777363419533 28.502446472644806 13.145524881780149 14.74264472723007 15.234066218137739 50.002136699855328
leaf_count=2674 2060 25 791 138 146 22764 89 780 76 108 650 160 69 109 90 84 79 142 148 4596 289 200 131 114 61 232 107 120 124 407
internal_value=-1.78712 -2.18449 2.76138 0.925649 2.65007 -2.56854 -1.80293 3.82055 -2.66144 -0.0990203 -0.783985 1.71085 1.78499 0.709401 -1.9817 0.263147 2.23884 1.02427 -1.819 -2.67342 1.34756 2.44808 0.64274 2.49402 -1.06162 -0.411984 0.633532 -0.42918 0.361595 -0.743587
internal_weight=0 4246.37 368.443 466.728 173.963 3779.65 408.986 126.05 3370.66 292.764 158.483 30.2224 19.4111 134.281 389.574 78.6274 20.0254 120.89 115.361 3361.32 107.621 42.0165 65.6048 30.0996 10.5656 58.602 30.0996 47.9136 33.171 61.0591
internal_count=37563 34564 2999 3799 1416 30765 3329 1026 27436 2383 1290 246 158 1093 3171 640 163 984 939 27360 876 342 534 245 86 477 245 390 270 497
is_linear=0
shrinkage=1


Tree=17
num_leaves=31
num_cat=0
split_feature=10 36 34 8 34 40 40 40 40 6 40 34 0 20 49 40 20 14 1 6 6 38 6 34 9 34 38 38 3 6
split_gain=8483.35 6533.99 3399.24 1013.71 697.816 285.422 522.656 386.467 599.372 235.507 283.78 131.407 122.405 101.49 97.5826 108.011 82.3825 81.7073 92.7976 69.8348 59.2526 55.7344 49.5267 47.6268 41.3297 39.7774 31.8911 30.2853 29.3038 28.916
threshold=1.5538125748340554 3.5000000000000004 0.97818403295510314 -0.45783048286480144 0.97142733839817097 0.38000000000000006 0.48000000000000004 0.20500000000000004 0.080000000000000016 -0.76514077609537645 0.53500000000000014 0.012402216627463996 -0.6050447430664162 3.0452912483573158 14.500000000000002 0.41500000000000004 -0.042836313289873598 -2.535449313321108 -0.039288856269127939 -0.78137799809396824 -0.11351946301772431 76.500000000000014 -0.6337139437409065 1.0047484772329272 1.438366478306347 1.0255890845838003 78.500000000000014 183.50000000000003 0.75494433020078344 1.1851951845064732
decision_type=2 2 2 2 2 2 2 2 2 2 2 2 2 2 2 2 2 2 2 2 2 2 2 2 2 2 2 2 2 2
left_child=1 3 -2 4 29 7 23 8 -5 10 17 -12 -8 -4 15 20 -11 18 -3 -19 -6 -18 -14 -7 26 -10 -23 -22 -20 -1
right_child=2 9 13 5 14 6 12 -9 25 16 11 -13 22 -15 -16 -17 21 19 28 -21 27 24 -24 -25 -26 -27 -28 -29 -30 -31
leaf_value=4.8636766527652746 4.8269638886494626 -2.7813751721242479 -2.1447469188934662 -1.4270666757027199 2.1195096914321789 4.8517284196437682 5.1850930182001527 -1.8043910060613078 3.7953962872262781 -2.7560038496864765 4.2386218226863814 -1.0056284352730041 2.7078075412467233 0.50040105767157161 -2.1479270551497658 5.1850930182001527 -2.6353071342012186 -2.2527698268705731 -0.024284441907628018 -0.42222299788808515 -2.5406786387393545 0.077860214172915221 -1.6693510082574554 0.30130164934910697 -0.44483314311424738 -0.24134183607878712 -2.2001372593487605 0.38851220950716092 3.8600333444808759 1.8689383850296895
leaf_weight=115.11548424512148 256.890584371984 5.7742025181651124 96.318612217903137 47.790739990770817 9.4598636999726313 35.996624208986759 3.194239690899848 90.421554327011108 45.333632536232471 2679.3528238013387 10.565562054514887 8.7227314636111242 2.8256735727190962 17.0768968090415 13.636946372687815 5.2827810272574416 391.54007288068533 361.93192805349827 3.0713843181729281 22.113967090845108 7.2484669908881205 6.2656240090727797 30.345277063548565 2.4571074545383444 14.74264472723007 2.5799628272652617 320.77537818998098 6.8799008727073669 5.2827810272574425 3.3170950636267653
leaf_count=937 2091 47 784 389 77 293 26 736 369 21809 86 71 23 139 111 43 3187 2946 25 180 59 51 247 20 120 21 2611 56 43 27
internal_value=-1.78712 -2.17658 2.81395 1.55852 3.53231 0.341157 1.99071 -0.321932 1.0787 -2.58799 -1.87901 1.86702 -0.727154 -1.7464 0.0566416 1.09795 -2.67472 -2.06048 0.301302 -2.14736 0.182598 -2.37773 -1.29648 4.56097 -2.08266 3.57803 -2.15649 -1.11429 2.43198 4.7798
internal_weight=0 4252.02 370.286 421.885 160.941 260.945 74.8189 186.126 95.7043 3830.14 417.463 19.2883 36.3652 113.396 42.508 28.871 3412.68 398.174 14.1284 384.046 23.5882 733.324 33.171 38.4537 341.784 47.9136 327.041 14.1284 8.35417 118.433
internal_count=37624 34610 3014 3434 1310 2124 609 1515 779 31176 3398 157 296 923 346 235 27778 3241 115 3126 192 5969 270 313 2782 390 2662 115 68 964
is_linear=0
shrinkage=1


Tree=18
num_leaves=31
num_cat=0
split_feature=10 36 34 8 34 6 35 35 40 35 35 34 9 46 6 14 1 6 9 38 6 34 35 35 6 9 32 38 34 6
split_gain=8523.05 6395 3471.66 965.78 737.593 227.892 295.644 203.174 534.071 387.277 620.121 113.408 96.7524 74.2834 70.1595 69.4807 89.0631 67.4587 66.6341 70.9393 63.5783 45.3669 42.2744 52.6387 40.0479 39.4462 39.1164 38.1549 31.1617 31.1015
threshold=1.5538125748340554 3.5000000000000004 0.97818403295510314 -0.45783048286480144 0.97142733839817097 -0.76514077609537645 4.0234354356309208 3.9838069065390429 0.48000000000000004 1.994017580626221 0.022064128461923609 0.012402216627463996 1.0855718869379301 17.000000000000004 0.25600470267098496 -2.535449313321108 -0.039288856269127939 -0.79167579095138085 0.19112862607662964 76.500000000000014 -0.6337139437409065 1.0049682615661399 3.9886602266409681 4.98678569477888 0.44509317018036765 1.4973996768058531 1.0220580685906018 47.500000000000007 0.017604727457931579 1.1851951845064732
decision_type=2 2 2 2 2 2 2 2 2 2 2 2 2 2 2 2 2 2 2 2 2 2 2 2 2 2 2 2 2 2
left_child=1 3 -2 4 29 6 15 9 21 10 28 -8 -4 14 27 16 -3 -17 -7 -20 -10 -9 -14 -24 25 -21 -19 -6 -5 -1
right_child=2 5 12 7 13 18 11 8 20 -11 -12 -13 22 -15 -16 17 -18 26 19 24 -22 -23 23 -25 -26 -27 -28 -29 -30 -31
leaf_value=4.9062761997206277 4.8499996260498488 -2.7949582380924056 -2.209683921815246 -0.65676268616712696 -0.9813102252986432 -2.7780560158498586 3.8862123349950859 4.7490402174098811 3.0145190764885768 -1.7313250018253217 3.6375541893872696 -0.89098544539387137 -0.93703861226839491 -2.6245733599175107 -1.2621563136164093 -2.2795227182004192 2.1925737970904442 -1.2486441144179916 -2.7121952935085827 -2.0881691559757551 -1.3626715476641031 0.30130164934910697 4.1140861390661527 -0.98981560908277899 -2.6139880380543068 -0.03263280322190476 1.7483509438234908 2.4511640076474044 -2.2762549064333895 1.7413939760615946
leaf_weight=111.18411231786013 256.64487362653017 6.2656240090727815 92.632951036095619 25.676772899925709 4.0542272999882725 2243.5848167389631 11.548405036330225 34.399504363536835 3.6856611818075171 87.473025381565094 49.756425954401493 8.7227314636111242 14.374078609049322 9.091297581791876 12.408392645418642 357.01771314442158 8.3541653454303706 20.516847245395187 635.4079877436161 362.42334954440594 33.293806008994579 2.4571074545383444 4.6685041636228544 3.5628058090806007 176.17460449039936 9.582719072699545 5.5284917727112761 16.094053827226162 22.113967090845108 3.194239690899848
leaf_count=905 2089 51 754 209 33 18262 94 280 30 712 405 71 117 74 101 2906 68 167 5172 2950 271 20 38 29 1434 78 45 131 180 26
internal_value=-1.78712 -2.1893 2.80262 1.54069 3.50589 -2.59176 -1.89463 0.356158 1.75858 -0.203508 1.16652 1.83057 -1.75704 -0.0972772 0.608458 -2.08452 0.0550601 -2.16618 -2.67678 -2.4848 -0.926407 4.45252 0.0978103 1.90493 -2.22122 -2.03522 -0.61249 1.76048 -1.40614 4.81789
internal_weight=0 4260.01 371.883 414.883 156.026 3845.13 417.954 258.856 73.8361 185.02 97.5472 20.2711 115.238 41.648 32.5567 397.683 14.6198 383.063 3427.17 1183.59 36.9795 36.8566 22.6054 8.23131 548.181 372.006 26.0453 20.1483 47.7907 114.378
internal_count=37702 34675 3027 3377 1270 31298 3402 2107 601 1506 794 165 938 339 265 3237 119 3118 27896 9634 301 300 184 67 4462 3028 212 164 389 931
is_linear=0
shrinkage=1


Tree=19
num_leaves=31
num_cat=0
split_feature=10 36 34 8 34 35 40 40 35 6 35 34 49 35 6 34 20 9 6 38 14 10 6 9 35 49 34 38 25 6
split_gain=8587.73 6383.15 3581.9 1004.81 684.885 228.238 551.14 410.703 621.028 210.134 252.728 154.713 107.709 111.87 103.13 99.0249 97.601 77.1475 67.2528 63.2715 62.1522 103.306 59.2226 45.731 43.1939 54.2082 36.5856 33.3979 31.6783 30.4138
threshold=1.5538125748340554 3.5000000000000004 0.97818403295510314 -0.45783048286480144 0.97142733839817097 3.9800141622745224 0.48000000000000004 0.20500000000000004 0.022064128461923609 -0.76514077609537645 4.0234354356309208 0.98933940956652189 14.500000000000002 3.0240388752901493 -0.6337139437409065 1.0118295959782724 3.0452912483573158 0.14409912162382785 -0.79167579095138085 76.500000000000014 -2.535449313321108 0.10209376195630715 -0.12004686838402953 1.4914074852884396 3.0011073808500774 14.500000000000002 1.0131387715358569 80.500000000000014 0.64169804028513366 1.1851951845064732
decision_type=2 2 2 2 2 2 2 2 2 2 2 2 2 2 2 2 2 2 2 2 2 2 2 2 2 2 2 2 2 2
left_child=1 3 -2 4 29 7 15 8 -5 10 18 -12 13 22 -8 -7 -4 -11 20 -19 21 -3 -6 27 -18 -26 -10 -21 -16 -1
right_child=2 9 16 5 12 6 14 -9 26 17 11 -13 -14 -15 28 -17 24 19 -20 23 -22 -23 -24 -25 25 -27 -28 -29 -30 -31
leaf_value=4.8709939775721001 4.8368521354502345 -2.8117583460003903 -2.2369576766952233 -1.4377211740300493 2.0940858227248058 4.8263964769851047 4.2806872091536636 -1.7996086016656447 3.8535404022425239 -2.7938243529843847 3.9597690188468415 -1.8870638820486294 -2.3343952798720924 5.1850930182001527 0.80220332820562446 -1.7336114210054956 -0.98673123913908123 -2.6925367508453864 -0.50865389786592696 -0.73465409555869066 -2.2863578116435557 2.6692004948526438 -1.1142900517671384 -0.69055001938002381 4.6763647506115014 -0.70913794420628218 -0.10568096472181354 -2.3265519030903405 -1.9821229287125177 1.7413939760615946
leaf_weight=111.42982306331396 261.31337779015303 7.0027562454342824 97.54716594517231 46.807897008955479 9.7055744454264659 36.242334954440594 3.3170950636267653 90.912975817918777 46.562186263501644 2196.1626428663731 11.425549663603308 7.4941777363419524 12.899814136326311 5.5284917727112761 4.7913595363497725 2.4571074545383444 11.179838918149473 648.79922337085009 24.939640663564205 13.514090999960898 354.68346106261015 6.7570454999804497 14.128367863595487 18.551161281764507 3.9313719272613517 3.5628058090806007 2.4571074545383444 531.84090853482485 27.765314236283302 3.194239690899848
leaf_count=907 2127 57 794 381 79 295 27 740 379 17876 93 61 105 45 39 20 91 5281 203 110 2887 55 115 151 32 29 20 4329 226 26
internal_value=-1.78712 -2.19454 2.78266 1.5146 3.51509 0.313547 1.79245 -0.277042 1.16744 -2.60048 -1.92619 1.64382 0.0741486 1.1323 -1.03115 4.40989 -1.836 -2.68203 -2.09789 -2.47959 -2.20546 -0.120216 0.192214 -2.23458 0.258461 2.11604 3.65508 -2.2871 -1.57235 4.78378
internal_weight=0 4239.37 377.535 418.2 156.886 261.313 74.5732 186.74 95.8272 3821.17 412.303 18.9197 42.2622 29.3624 35.8738 38.6994 116.221 3408.87 393.383 1212.71 368.443 13.7598 23.8339 563.906 18.674 7.49418 49.0193 545.355 32.5567 114.624
internal_count=37580 34507 3073 3404 1277 2127 607 1520 780 31103 3356 154 344 239 292 315 946 27747 3202 9871 2999 112 194 4590 152 61 399 4439 265 933
is_linear=0
shrinkage=1


Tree=20
num_leaves=31
num_cat=0
split_feature=10 36 34 8 34 14 48 48 48 48 48 34 9 34 0 20 34 38 20 14 38 31 14 34 48 14 48 9 38 38
split_gain=8352.41 6193.15 3524.1 964.562 722.26 231.111 248.904 217.843 528.302 398.365 600.87 134.762 100.353 83.8963 75.8633 73.3108 69.2748 83.3906 59.7991 72.2002 56.0818 52.987 51.7067 50.1106 46.1142 44.8309 38.5963 35.0618 27.8173 32.4252
threshold=1.5538125748340554 3.5000000000000004 0.97818403295510314 -0.45783048286480144 0.97142733839817097 -1.0981005470923344 53.500000000000007 38.000000000000007 48.000000000000007 20.500000000000004 8.0000000000000018 0.012402216627463996 1.0855718869379301 1.0099266656654025 -0.59413502330859924 -0.025566418131657779 1.0043246788096603 55.500000000000007 0.40021871703437389 -2.535449313321108 76.500000000000014 -0.54709355523053482 -1.165088963646183 1.0255890845838003 38.000000000000007 1.1692453218286107 51.500000000000007 1.438366478306347 156.50000000000003 157.50000000000003
decision_type=2 2 2 2 2 2 2 2 2 2 2 2 2 2 2 2 2 2 2 2 2 2 2 2 2 2 2 2 2 2
left_child=1 3 -2 4 -1 6 18 9 13 10 -5 -8 -4 -9 -10 28 17 -6 -3 -20 -17 -16 -21 -12 -14 -19 -26 -22 -7 -30
right_child=2 5 12 7 16 15 11 8 14 -11 23 -13 24 -15 21 20 -18 25 19 22 27 -23 -24 -25 26 -27 -28 -29 29 -31
leaf_value=4.7847822502615429 4.8503709843730771 -2.2294232025128307 -2.3099425053609601 -1.3601943833527952 -1.7023050660769632 -2.8154562107277723 4.0359656372940229 4.7128265035786061 4.0751404343703701 -1.7790781435583776 3.9022130390635552 -1.1231374998991148 -1.0066082898873556 -1.3266288069345751 2.2780743462650066 -2.6491605448693312 -2.1154198527627508 2.4909827560405371 3.5571625619164711 -1.7064792467341008 -2.1577794813519633 -1.8692722923624689 1.4691648027700093 -0.62894432567013991 4.0222855494260941 -1.6522148981913114 -0.42846027932978537 -0.54805337132064014 -0.39207613758653537 -2.6119813052461014
leaf_weight=112.4126660451293 253.94205542653799 330.97237412631512 91.527252681553364 47.6678846180439 9.5827190726995486 1883.4957192763686 10.442706681787969 35.996624208986759 2.702818199992179 90.175843581557274 45.210777163505554 9.8284298181533796 14.374078609049322 2.4571074545383444 3.4399504363536826 386.3801472261548 11.916971154510973 17.445462927222255 3.0713843181729308 55.28491772711277 320.03824595361948 29.485289454460144 5.6513471454381934 2.5799628272652617 4.2999380454421035 3.0713843181729308 3.5628058090806007 14.128367863595484 6.6341901272535315 802.73700539767742
leaf_count=915 2067 2694 745 388 78 15331 85 293 22 734 368 80 117 20 28 3145 97 142 25 450 2605 240 46 21 35 25 29 115 54 6534
internal_value=-1.78712 -2.18997 2.77828 1.48349 3.46262 -2.58733 -1.88292 0.306692 1.75645 -0.271868 1.15193 1.53458 -1.847 4.32692 -1.01788 -2.67302 -0.0747408 0.733202 -2.05831 -1.17352 -2.38971 -1.43597 -1.41196 3.6576 0.0584612 1.87074 2.00554 -2.08972 -2.74883 -2.59379
internal_weight=0 4242.81 367.706 414.145 154.429 3828.66 415.251 259.716 74.0818 185.634 95.4586 20.2711 113.764 38.4537 35.6281 3413.41 42.0165 30.0996 394.98 64.0076 720.547 32.9252 60.9363 47.7907 22.2368 20.5168 7.86274 334.167 2692.87 809.371
internal_count=37528 34535 2993 3371 1257 31164 3380 2114 603 1511 777 165 926 313 290 27784 342 245 3215 521 5865 268 496 389 181 167 64 2720 21919 6588
is_linear=0
shrinkage=1


Tree=21
num_leaves=31
num_cat=0
split_feature=10 36 34 8 34 35 40 35 35 6 35 34 9 0 34 9 38 6 10 6 38 6 6 35 35 9 34 35 38 32
split_gain=8612.36 6449.21 3443.53 996.46 734.127 268.404 530.364 388.996 626.769 227.157 254.126 116.304 106.977 106.051 85.3793 72.7141 71.1882 67.1269 82.0748 65.2074 62.5367 58.7527 47.0991 46.6087 51.0141 45.8493 38.7991 38.4615 38.04 34.2207
threshold=1.5538125748340554 3.5000000000000004 0.97818403295510314 -0.45783048286480144 0.97142733839817097 3.9800141622745224 0.48000000000000004 1.994017580626221 0.022064128461923609 -0.76514077609537645 4.0234354356309208 0.012402216627463996 1.0855718869379301 -0.6050447430664162 1.007738013587369 0.14409912162382785 47.500000000000007 -1.1961339953951045 -1.0000000180025095e-35 -0.79167579095138085 76.500000000000014 -0.6337139437409065 0.87837208639158482 3.0011073808500774 4.98678569477888 1.438366478306347 1.0049682615661399 0.97226404297204638 78.500000000000014 0.99620252043966862
decision_type=2 2 2 2 2 2 2 2 2 2 2 2 2 2 2 2 2 2 2 2 2 2 2 2 2 2 2 2 2 2
left_child=1 3 -2 4 -1 7 26 8 -5 10 17 -12 -4 -8 16 -11 -6 18 -3 -19 -17 -15 27 -14 -25 28 -7 -18 -22 -21
right_child=2 9 12 5 14 6 13 -9 -10 15 11 -13 23 21 -16 20 22 19 -20 29 25 -23 -24 24 -26 -27 -28 -29 -30 -31
leaf_value=4.7930259973150768 4.8343788337261593 -2.3516220571872637 -2.2028763348550795 -1.410832106397524 -1.6165342306563266 4.817678158275017 5.1850930182001527 -1.8389146148560134 3.6668159087127807 -2.7920141677355401 3.860033344480875 -1.0010427156778388 -0.93831512011461438 3.2470805702433885 -2.4920790199558471 -2.6970820304413237 -1.1046382901686203 -2.2640061395135946 2.6226098925684318 -1.2237136631465262 -0.16035027108954925 -1.7253056533713951 -1.428374460452305 4.1676364830228518 -0.66528205906932958 -0.66876649925829268 0.70828426342002748 2.9766602286680262 -2.3265631285324737 1.567469782014193
leaf_weight=117.32688095420599 259.47054719924927 6.6341901272535324 93.124372527003288 49.87928132712841 8.9684422090649623 35.382347345352173 2.702818199992179 87.841591499745846 47.422173872590065 2177.8571923300624 10.565562054514887 9.2141529545187932 13.391235627233984 2.5799628272652617 10.811272799968718 652.4848845526576 2.7028181999921861 360.58051895350218 6.6341901272535306 21.376834854483608 8.2313099727034551 30.09956631809473 3.9313719272613517 4.9142149090766889 3.9313719272613525 17.936884418129921 2.4571074545383444 15.848343081772326 535.0351482257247 5.5284917727112761
leaf_count=955 2112 54 758 406 73 288 22 715 386 17727 86 75 109 21 88 5311 22 2935 54 174 67 245 32 40 32 146 20 129 4355 45
internal_value=-1.78712 -2.1879 2.81336 1.54115 3.50578 0.327621 1.94835 -0.313358 1.06388 -2.59675 -1.90351 1.59556 -1.73231 -0.834858 -0.0678221 -2.68271 0.765516 -2.07622 0.135494 -2.15195 -2.48656 -1.33275 1.71573 0.238343 2.01967 -2.24181 4.55083 2.38203 -2.29374 -0.650183
internal_weight=0 4230.03 374.832 417.954 159.589 258.365 73.2218 185.143 97.3015 3812.08 420.534 19.7797 115.361 35.3823 42.2622 3391.55 31.451 400.754 13.2684 387.486 1213.69 32.6795 22.4825 22.2368 8.84559 561.203 37.8395 18.5512 543.266 26.9053
internal_count=37482 34431 3051 3402 1299 2103 596 1507 792 31029 3423 161 939 288 344 27606 256 3262 108 3154 9879 266 183 181 72 4568 308 151 4422 219
is_linear=0
shrinkage=1


Tree=22
num_leaves=31
num_cat=0
split_feature=10 9 34 8 34 42 42 14 35 35 40 40 35 20 34 9 20 20 14 34 34 38 31 20 10 35 35 38 20 14
split_gain=8597.79 4886.08 3549.77 795.104 590.856 320.46 316.6 248.506 256.168 187.423 622.708 354.118 741.625 139.341 123.089 97.7654 80.3841 76.0414 87.0488 74.3117 69.6801 68.8417 66.1914 59.0013 71.0171 56.2866 56.7815 52.6892 45.218 44.2713
threshold=1.5538125748340554 1.20733357875903 0.97818403295510314 -0.6673112334816852 0.017604727457931579 0.84375000000000011 0.21875000000000003 -1.0981005470923344 4.9842535810722159 3.0240388752901493 0.43500000000000005 0.13500000000000004 0.99147098788170507 1.496308439195347 0.99143253016069355 1.0855718869379301 1.0000000180025095e-35 0.40021871703437389 -2.535449313321108 1.007738013587369 1.0186899407806365 400.50000000000006 -0.54358833865663458 0.43955239061280355 -0.75157106143942332 3.9910175512119213 4.98678569477888 76.500000000000014 1.0000000180025095e-35 -0.093922768596306924
decision_type=2 2 2 2 2 2 2 2 2 2 2 2 2 2 2 2 2 2 2 2 2 2 2 2 2 2 2 2 2 2
left_child=1 6 -2 4 5 23 29 8 17 11 19 12 -5 16 -10 -4 -9 -8 -19 -11 21 -6 -12 24 28 -17 -27 -18 -3 -1
right_child=2 3 15 9 20 -7 7 13 14 10 22 -13 -14 -15 -16 25 27 18 -20 -21 -22 -23 -24 -25 -26 26 -28 -29 -30 -31
leaf_value=3.7409611618194663 4.844024725805502 1.4722691705356117 -2.2556459233342454 -1.5477057824792726 -0.5901840767110047 -2.2256351783151156 -2.200944486692503 -2.7503162539043524 3.9189248855350649 4.7842768073727306 1.5981276060496672 -1.8380582865635193 3.8901483370654053 2.2409634696020047 -1.410832106397524 -1.176147840387344 -2.6218520706468338 4.2083347444299442 -1.2566102926858145 -0.91964619286365457 -2.5887321943904631 2.4403265512102235 -1.6850722101530005 4.6174743095935682 -1.4472162481407738 4.350256886772625 -0.73465409555869088 -2.0444725131601684 4.5984514123321585 0.27323388286145756
leaf_weight=7.6170331090688705 260.94481167197227 7.0027562454342904 93.001517154276371 59.707711145281792 25.799628272652626 8.2313099727034551 326.42672533541918 2727.1435637921095 11.056983545422556 32.433818399906158 7.2484669908881179 111.06125694513321 43.245091199874878 5.7742025181651107 7.1256116181612006 14.619789354503157 342.64363453537226 3.0713843181729308 57.127748318016529 2.4571074545383444 10.934128172695635 10.565562054514883 40.173706881701946 88.08730224519968 3.3170950636267653 4.7913595363497716 4.0542272999882698 293.37863007187843 13.636946372687815 7.1256116181611997
leaf_count=62 2124 57 757 486 210 67 2657 22198 90 264 59 904 352 47 58 119 2789 25 465 20 89 86 327 717 27 39 33 2388 111 58
internal_value=-1.78712 -2.18511 2.79513 0.878148 2.61907 3.79661 -2.56021 -2.57828 -1.83798 -0.106356 1.17601 -0.599574 0.736453 -2.66723 1.83024 -1.79543 -2.67566 -2.01049 -0.977787 4.38259 -0.375241 0.290302 -1.18324 4.23904 2.84755 0.0285594 2.01967 -2.35552 3.53778 2.06489
internal_weight=0 4252.39 377.412 463.902 167.575 120.275 3788.49 3773.75 404.808 296.327 82.3131 214.014 102.953 3368.94 18.1826 116.467 3363.17 386.626 60.1991 34.8909 47.2993 36.3652 47.4222 112.044 23.9568 23.4654 8.84559 636.022 20.6397 14.7426
internal_count=37685 34613 3072 3776 1364 979 30837 30717 3295 2412 670 1742 838 27422 148 948 27375 3147 490 284 385 296 386 912 195 191 72 5177 168 120
is_linear=0
shrinkage=1


Tree=23
num_leaves=31
num_cat=0
split_feature=1 36 46 8 46 6 48 48 48 48 48 46 9 0 49 48 20 6 6 14 1 38 12 38 14 9 32 46 6 38
split_gain=8383.52 6012.79 3386.83 1040.57 711.666 227.883 230.222 213.439 510.638 332.443 568.82 119.992 118.753 107.749 105.062 124.464 73.9964 69.282 67.238 70.6466 91.7099 56.8435 52.6061 34.7618 30.2835 29.9742 29.7982 29.2659 34.2874 27.575
threshold=1.5741039265518844 3.5000000000000004 10.500000000000002 -0.45783048286480144 7.0000000000000009 -0.76514077609537645 53.500000000000007 38.000000000000007 48.000000000000007 20.500000000000004 8.0000000000000018 7.0000000000000009 1.20733357875903 -0.59820894770523181 14.500000000000002 41.500000000000007 -0.042836313289873598 -0.12004686838402953 -0.79167579095138085 -2.535449313321108 -0.039288856269127939 76.500000000000014 -0.31762050551988869 78.500000000000014 0.085202101374815639 1.438366478306347 0.90695678346255371 13.500000000000002 0.25600470267098496 156.50000000000003
decision_type=2 2 2 2 2 2 2 2 2 2 2 2 2 2 2 2 2 2 2 2 2 2 2 2 2 2 2 2 2 2
left_child=1 3 -2 4 -1 6 18 9 27 10 -5 -8 -4 -10 15 17 29 -6 19 20 -3 -18 -15 -23 -11 -25 -20 -9 -29 -7
right_child=2 5 12 7 14 16 11 8 13 24 -12 -13 -14 22 -16 -17 21 -19 26 -21 -22 23 -24 25 -26 -27 -28 28 -30 -31
leaf_value=4.8183614318944876 4.7792810156749788 -2.6530906602027602 -2.1778748852203171 -1.3718490973868995 2.161793599387599 -2.8184608049547935 3.6476031428211182 4.7797991286689463 5.1850930182001527 -1.0761779675063163 3.6126601911079601 -1.5104274068375714 0.47782422894613275 0.72500957632705143 -2.3571535911875481 5.1850930182001527 -2.6530906602027602 -1.4955649863602403 -1.0881421795809147 -2.245658249118319 2.4718755910606833 0.33593846756790846 -2.0797368217573999 -2.1980974342689072 -2.2415970195903672 -0.65088408923191454 1.4408529687476843 -0.51266357879273405 4.3430600235706613 -2.5970996936774666
leaf_weight=111.79838918149471 256.27630750834942 6.6341901272535324 96.564322963356972 48.650727599859238 8.5998760908842105 1866.2959670946002 11.056983545422556 29.608144827187061 2.702818199992179 39.927996136248112 43.245091199874878 7.6170331090688697 20.393991872668266 8.9684422090649587 13.39123562723398 5.7742025181651107 394.73431257158518 13.022669509053232 19.288293518126014 354.06918419897556 7.3713223636150342 5.7742025181651107 26.291049763560295 325.19817160815001 50.493558190762997 13.022669509053229 6.1427686363458625 2.4571074545383444 3.5628058090806007 805.68553434312344
leaf_count=910 2086 54 786 396 70 15191 90 241 22 325 352 62 166 73 109 47 3213 106 157 2882 60 47 214 2647 411 106 50 20 29 6558
internal_value=-1.78712 -2.19972 2.74427 1.44697 3.51391 -2.58939 -1.88706 0.214552 1.65202 -0.365667 0.973802 1.54367 -1.7148 -0.89989 -0.0615503 1.06052 -2.67427 -0.0409337 -2.04987 -2.15853 0.04426 -2.39414 -1.36633 -2.09699 -1.72698 -2.13852 -0.477274 4.37113 2.36113 -2.75171
internal_weight=0 4231.38 373.235 408.494 152.586 3822.89 412.18 255.908 73.5904 182.317 91.8958 18.674 116.958 37.9623 40.788 27.3967 3410.71 21.6225 393.506 368.075 14.0055 738.729 35.2595 343.995 90.4216 338.221 25.4311 35.6281 6.01991 2671.98
internal_count=37480 34442 3038 3325 1242 31117 3355 2083 599 1484 748 152 952 309 332 223 27762 176 3203 2996 114 6013 287 2800 736 2753 207 290 49 21749
is_linear=0
shrinkage=1


Tree=24
num_leaves=31
num_cat=0
split_feature=10 36 46 8 46 35 40 35 35 6 35 46 0 20 49 35 9 38 14 7 6 6 49 9 35 35 12 38 25 38
split_gain=8767.38 6404.61 3469.91 928.064 741.786 234.164 526.095 382.195 594.593 223.637 230.761 148.049 120.383 111.604 110.178 110.734 86.7542 66.0648 65.7476 78.9625 68.5324 62.3894 59.1012 55.9909 46.8487 49.254 46.8279 42.6679 31.3695 30.4846
threshold=1.5538125748340554 3.5000000000000004 11.500000000000002 -0.45783048286480144 7.0000000000000009 3.9800141622745224 0.48000000000000004 1.994017580626221 0.022064128461923609 -0.76514077609537645 4.9842535810722159 7.0000000000000009 -0.6050447430664162 3.0452912483573158 14.500000000000002 3.0240388752901493 0.14409912162382785 76.500000000000014 -2.535449313321108 -1.2600411677594499 -0.78137799809396824 -0.12004686838402953 11.500000000000002 1.438366478306347 3.0011073808500774 4.98678569477888 -0.31762050551988869 80.500000000000014 -0.36609582375636257 183.50000000000003
decision_type=2 2 2 2 2 2 2 2 2 2 2 2 2 2 2 2 2 2 2 2 2 2 2 2 2 2 2 2 2 2
left_child=1 3 -2 4 -1 7 -7 8 -5 10 18 -12 -8 -4 15 21 -11 -18 19 -3 -20 -6 -10 27 -15 -26 -14 -19 -21 -23
right_child=2 9 13 5 14 6 12 -9 22 16 11 -13 26 24 -16 -17 17 23 20 28 -22 29 -24 -25 25 -27 -28 -29 -30 -31
leaf_value=4.7970705909169347 4.8642432802183855 -2.7884439105362486 -2.1581765114149309 -1.3306884838829134 2.0699174537066858 4.4569452102777394 5.1850930182001527 -1.7274194310265465 3.8535404022425239 -2.7884253832829939 3.8433920926916216 -1.6754710475667927 0.61350749028022422 -0.87001416675744503 -2.3783006946222631 5.1850930182001527 -2.6727726179160958 -0.54805337132064014 -2.2430808119808519 -0.67545662442110221 -0.38414275329665393 -2.5607051205689788 -0.67545662442110221 -0.47966498846265937 4.5251212115986608 -0.54281043909428406 -2.0457631347103762 -2.3087036889106782 3.2800680161660565 0.32986183279267989
leaf_weight=113.39550902694464 261.8047992810607 6.0199132636189452 96.687178336083889 49.265004463493824 9.9512851908803004 38.453731663525105 3.0713843181729308 88.824434481561184 46.562186263501644 2203.0425437390804 11.179838918149473 8.5998760908842069 8.9684422090649587 10.074140563607218 13.882657118141649 5.2827810272574416 652.97630604356527 14.128367863595484 354.19203957170248 3.0713843181729308 21.008268736302853 7.6170331090688723 3.0713843181729308 18.182595163583755 4.545648790895938 3.3170950636267662 25.308206781744957 534.17516061663628 5.7742025181651107 7.0027562454342842
leaf_count=923 2131 49 787 401 81 313 25 723 379 17932 91 70 73 82 113 43 5315 115 2883 25 171 62 25 148 37 27 206 4348 47 57
internal_value=-1.78712 -2.17981 2.8553 1.52415 3.4477 0.377196 1.86063 -0.22181 1.13043 -2.58638 -1.8883 1.44389 -0.812546 -1.73318 -0.0508069 1.03153 -2.66997 -2.45598 -2.05727 0.00531429 -2.13899 0.138509 3.57328 -2.20609 0.557756 2.38709 -1.34997 -2.26334 1.90662 -1.17615
internal_weight=0 4253.01 376.429 420.657 157.132 263.525 75.8018 187.723 98.8986 3832.35 409.846 19.7797 37.348 114.624 43.7365 29.8539 3422.5 1219.46 390.066 14.8655 375.2 24.5711 49.6336 566.486 17.9369 7.86274 34.2766 548.304 8.84559 14.6198
internal_count=37682 34618 3064 3424 1279 2145 617 1528 805 31194 3336 161 304 933 356 243 27858 9926 3175 121 3054 200 404 4611 146 64 279 4463 72 119
is_linear=0
shrinkage=1


Tree=25
num_leaves=31
num_cat=0
split_feature=10 36 46 8 34 35 40 40 35 6 35 34 20 6 20 6 14 1 34 34 38 38 35 35 34 6 38 3 38 6
split_gain=8760.19 6267.32 3427.67 939.908 700.626 248.148 557.524 443.215 572.085 235.265 238.574 134.43 115.778 81.222 79.93 78.6391 82.8062 98.8914 67.2353 65.233 64.7426 62.5319 44.4298 48.9881 44.1351 40.8572 34.755 33.7672 32.58 31.8754
threshold=1.5538125748340554 3.5000000000000004 10.500000000000002 -0.66463462878230972 0.97142733839817097 3.9800141622745224 0.48000000000000004 0.20500000000000004 0.022064128461923609 -0.76514077609537645 4.0234354356309208 0.020517744963466793 3.0452912483573158 -0.49603811207511778 1.0000000180025095e-35 -0.79167579095138085 -2.535449313321108 -0.039288856269127939 1.0016737881769999 1.007738013587369 55.500000000000007 76.500000000000014 3.0011073808500774 4.98678569477888 1.0255890845838003 0.87837208639158482 78.500000000000014 0.75494433020078344 24.500000000000004 1.1851951845064732
decision_type=2 2 2 2 2 2 2 2 2 2 2 2 2 2 2 2 2 2 2 2 2 2 2 2 2 2 2 2 2 2
left_child=1 3 -2 4 29 7 19 8 -5 10 15 -12 -4 -8 -11 16 17 -3 20 -7 -6 -16 -14 -24 28 -22 -23 -19 -10 -1
right_child=2 9 12 5 18 6 13 -9 24 14 11 -13 22 -15 21 -17 -18 27 -20 -21 25 26 23 -25 -26 -27 -28 -29 -30 -31
leaf_value=4.8706064527817148 4.8308638828833939 -2.8038249617105082 -2.1212864953327268 -1.2668098400370118 -1.4848998235177109 4.8077581442271136 2.8892936567744472 -1.84510598329483 1.329468253317748 -2.7539366044008595 3.9546804640322519 -1.3495574049104015 -0.71615488582819475 -1.5293283190010256 -2.6529872404418633 -0.38015761142080651 -2.2665002664375358 -0.34987053316436456 -2.0409248234672108 -0.51266357879273405 2.3926575639909164 0.53386314310391869 4.7199700306905292 -0.4500508689356697 -0.51266357879273405 -1.4472162481407738 -2.0832725401368499 3.7695013170839071 4.1140861390661509 1.6036460143760523
leaf_weight=108.11272799968719 262.5419315174222 6.6341901272535333 98.407153554260731 46.807897008955479 8.845586836338045 37.102322563529015 4.7913595363497725 91.035831190645695 4.6685041636228553 2736.4805721193552 10.565562054514887 8.7227314636111242 9.8284298181533831 31.573830790817738 358.12341149896383 26.413905136287212 350.26066764444113 3.0713843181729281 12.03982652723789 2.4571074545383444 16.831186063587669 5.1599256545305243 4.2999380454421035 3.1942396908998489 2.4571074545383444 3.3170950636267653 305.29560122638941 5.6513471454381943 42.016537472605705 3.0713843181729308
leaf_count=880 2137 54 801 381 72 302 39 741 38 22274 86 71 80 257 2915 215 2851 25 98 20 137 42 35 26 20 27 2485 46 342 25
internal_value=-1.78712 -2.19053 2.83229 1.49949 3.47701 0.354552 1.87918 -0.264516 1.23512 -2.59191 -1.87754 1.55595 -1.70164 -0.947145 -2.67821 -2.04647 -2.16685 0.10595 -0.0545035 4.4773 0.770366 -2.36824 0.682307 2.51635 3.61821 1.76048 -2.03977 2.31902 3.83562 4.78036
internal_weight=0 4231.51 378.272 415.128 152.218 262.91 75.9246 186.986 95.95 3816.38 411.32 19.2883 115.73 36.3652 3405.06 392.031 365.618 15.3569 41.0337 39.5594 28.9939 668.579 17.3226 7.49418 49.1421 20.1483 310.456 8.72273 46.685 111.184
internal_count=37522 34443 3079 3379 1239 2140 618 1522 781 31064 3348 157 942 296 27716 3191 2976 125 334 322 236 5442 141 61 400 164 2527 71 380 905
is_linear=0
shrinkage=1


Tree=26
num_leaves=31
num_cat=0
split_feature=10 9 34 8 34 20 14 35 9 9 49 35 40 40 35 34 20 38 6 20 20 14 22 49 49 6 20 10 20 10
split_gain=8385.12 4889.57 3531.01 804.012 643.01 305.746 219.149 230.027 181.724 183.763 157.267 299.2 480.807 299.673 657.757 142.295 112.944 80.4956 79.1968 77.1806 76.6975 75.7803 77.9654 73.3312 100.19 80.4394 55.976 44.6522 40.3334 44.6442
threshold=1.5538125748340554 1.20733357875903 0.97142733839817097 -0.45783048286480144 0.017604727457931579 1.496308439195347 -1.0981005470923344 4.0234354356309208 1.3528464379280607 1.293112571040208 14.500000000000002 3.0240388752901493 0.43500000000000005 0.13500000000000004 0.97226404297204638 0.012402216627463996 1.0000000180025095e-35 76.500000000000014 -0.79167579095138085 0.82675468184497791 3.0452912483573158 -2.535449313321108 -0.26852385069993451 14.500000000000002 13.500000000000002 -0.11351946301772431 0.21906077057699733 -0.75546479669352329 0.38303851241372744 -0.84508634904227897
decision_type=2 2 2 2 2 2 2 2 2 2 2 2 2 2 2 2 2 2 2 2 2 2 2 2 2 2 2 2 2 2
left_child=1 5 -2 4 8 6 7 18 9 -3 11 13 -13 14 -5 -9 -8 -18 21 -11 -4 22 -1 24 25 -6 -20 -19 29 -10
right_child=2 3 20 10 23 -7 16 15 28 19 -12 12 -14 -15 -16 -17 17 27 26 -21 -22 -23 -24 -25 -26 -27 -28 -29 -30 -31
leaf_value=2.3362147197037086 4.8482257919239338 4.1676364830228501 -2.180828057760233 -1.4780641982167779 1.6072238835107409 2.4176112425178933 -2.7520986646844232 4.0222855494260923 3.6987217320280936 -2.6414957139329336 -2.0501534541717668 4.7733596343151756 -0.96568495011149624 -1.6439372857017334 3.8907140621336169 -1.4642003947895339 -2.6182099953910498 2.3362147197037095 -1.3596273972646498 2.74319733377463 0.076759517447909431 -2.2634839895916139 -2.6006613379391958 -2.1648915045731876 3.8531499176044126 -1.8901431956481571 1.7834472886521606 -1.9442119598938181 4.7266955533409725 -0.91964619286365457
leaf_weight=7.371322363615036 255.29346452653408 12.776958763599398 96.932889081537724 52.827810272574425 11.179838918149473 12.285537272691725 2716.5780017375946 10.319851309061052 14.128367863595487 9.582719072699545 37.593744054436684 31.573830790817738 27.151037372648716 101.47853787243366 40.173706881701946 8.7227314636111242 341.90650229901075 2.4571074545383444 18.182595163583759 3.6856611818075171 17.814029045403004 345.83787422627211 5.6513471454381925 16.462619945406914 6.7570454999804488 15.971198454499243 8.2313099727034551 298.90712184458971 80.715979881584644 2.4571074545383444
leaf_count=60 2078 104 789 430 91 100 22112 84 115 78 306 257 221 826 327 71 2783 20 148 30 145 2815 46 134 55 130 67 2433 657 20
internal_value=-1.78712 -2.18634 2.77725 0.875232 2.57741 -2.56292 -2.57918 -1.88362 3.80687 1.46082 -0.141616 0.141747 2.11995 -0.455588 0.841078 1.50912 -2.66288 -2.2861 -2.05131 -1.14575 -1.83035 -2.17431 0.193797 -0.433252 0.407471 -0.450051 -0.380158 -1.90931 4.43485 3.01452
internal_weight=0 4240.97 370.04 464.516 173.717 3776.45 3764.17 404.317 123.347 26.0453 290.799 253.205 58.7249 194.48 93.0015 19.0426 3359.85 643.271 385.274 13.2684 114.747 358.861 13.0227 50.3707 33.9081 27.151 26.4139 301.364 97.3015 16.5855
internal_count=37532 34520 3012 3781 1414 30739 30639 3291 1004 212 2367 2061 478 1583 757 155 27348 5236 3136 108 934 2921 106 410 276 221 215 2453 792 135
is_linear=0
shrinkage=1


Tree=27
num_leaves=31
num_cat=0
split_feature=10 36 46 8 46 40 40 40 40 6 40 46 0 9 49 40 20 6 6 23 6 38 12 38 46 3 40 40 3 38
split_gain=8379.51 6437.9 3526.36 937.479 767.902 250.529 485.036 400.866 629.278 246.815 262.844 132.763 114.201 112.038 95.78 127.182 74.1111 61.6054 62.7051 70.5642 54.8784 54.1361 48.8469 41.7886 35.0211 40.0758 34.2442 64.4154 33.1393 31.8115
threshold=1.5538125748340554 3.5000000000000004 10.500000000000002 -0.45783048286480144 7.0000000000000009 0.38000000000000006 0.48000000000000004 0.18000000000000002 0.080000000000000016 -0.76514077609537645 0.53500000000000014 7.0000000000000009 -0.6050447430664162 1.0855718869379301 14.500000000000002 0.38000000000000006 0.047110220341655712 -0.78137799809396824 -1.1961339953951045 -1.464355655064798 -0.12004686838402953 76.500000000000014 -0.31762050551988869 78.500000000000014 13.500000000000002 -0.41232843666478336 0.38000000000000006 0.51500000000000012 1.1003408357053439 156.50000000000003
decision_type=2 2 2 2 2 2 2 2 2 2 2 2 2 2 2 2 2 2 2 2 2 2 2 2 2 2 2 2 2 2
left_child=1 3 -2 4 -1 7 24 8 -5 10 17 -12 -8 -4 15 20 29 18 19 -3 -6 -18 -14 -23 -7 -26 -15 -28 -21 -11
right_child=2 9 13 5 14 6 12 -9 -10 16 11 -13 22 26 -16 -17 21 -19 -20 28 -22 23 -24 -25 25 -27 27 -29 -30 -31
leaf_value=4.8357517185684618 4.8339095544764437 -2.2647582224200864 -2.3234097547660273 -1.407177449302778 1.7413939760615933 4.8108561316981575 5.1850930182001527 -1.7901209284290875 3.7511646370176348 -2.8185332784189381 3.828484304630416 -1.4518542266487044 0.75616457095778156 -0.81617603674392925 -2.2467634126601341 5.1850930182001527 -2.6429631993202083 -0.36902265617946806 -2.2168944767320502 0.39706226442461823 -1.3698481995792746 0.817474720853689 -2.0596236720675418 -2.0894220917423065 4.1984684992403434 -0.91964619286365457 4.3051306093981641 -1.0940673131797634 4.8311950929210887 -2.5864580767239822
leaf_weight=114.50120738148689 256.27630750834942 7.2484669908881187 91.895818799734116 47.17646312713623 9.5827190726995486 32.065252281725407 2.9485289454460135 87.595880754292011 47.422173872590065 1962.8602900579572 11.794115781784059 7.9855992272496215 8.3541653454303759 14.496933981776239 14.128367863595484 5.6513471454381934 314.5097541809082 20.885413363575935 355.17488255351782 4.1770826727151853 13.882657118141653 5.0370702818036071 23.465376190841198 271.63322909921408 4.0542272999882698 2.4571074545383444 4.5456487908959371 4.2999380454421043 2.8256735727190971 844.87639824301004
leaf_count=932 2086 59 748 384 78 261 24 713 386 15977 96 65 68 118 115 46 2560 170 2891 34 113 41 191 2211 33 20 37 35 23 6877
internal_value=-1.78712 -2.18578 2.76796 1.5629 3.47982 0.379568 1.94014 -0.24866 1.17869 -2.59252 -1.85968 1.69667 -0.768646 -1.82646 -0.110306 0.926372 -2.68094 -2.03991 -2.13437 -0.0776132 -0.0992886 -2.35914 -1.32034 -2.0365 4.3815 2.2671 0.129941 1.68052 2.18627 -2.7487
internal_weight=0 4222.29 371.515 413.285 157.746 255.539 73.3447 182.195 94.5986 3809.01 410.091 19.7797 34.7681 115.238 43.2451 29.1167 3398.92 390.312 369.426 14.2512 23.4654 591.18 31.8195 276.67 38.5766 6.51133 23.3425 8.84559 7.00276 2807.74
internal_count=37392 34368 3024 3364 1284 2080 597 1483 770 31004 3338 161 283 938 352 237 27666 3177 3007 116 191 4812 259 2252 314 53 190 72 57 22854
is_linear=0
shrinkage=1


Tree=28
num_leaves=31
num_cat=0
split_feature=10 36 46 8 34 35 40 40 35 14 35 34 9 20 14 10 6 34 38 6 34 38 35 35 32 35 6 4 38 34
split_gain=8548.11 6282.73 3567.72 1011.85 750.844 241.644 520.903 372.905 605.627 226.72 233.459 124.452 121.586 74.4219 70.9785 88.6223 77.6617 70.1244 77.7416 66.3839 65.567 53.8288 46.8232 51.8848 34.8749 33.1099 32.3794 31.4686 28.2233 28.0205
threshold=1.5538125748340554 3.5000000000000004 10.500000000000002 -0.45783048286480144 0.97142733839817097 3.9800141622745224 0.48000000000000004 0.20500000000000004 0.022064128461923609 -1.0981005470923344 4.0234354356309208 0.012402216627463996 1.0855718869379301 -0.042836313289873598 -2.535449313321108 0.10209376195630715 -0.79167579095138085 1.0255890845838003 55.500000000000007 -0.6337139437409065 1.007738013587369 76.500000000000014 3.9910175512119213 4.999983026820618 0.90695678346255371 3.0240388752901493 -0.049452591061174077 0.51562021838130367 76.500000000000014 0.0069761435659893732
decision_type=2 2 2 2 2 2 2 2 2 2 2 2 2 2 2 2 2 2 2 2 2 2 2 2 2 2 2 2 2 2
left_child=1 3 -2 4 -1 7 20 8 -5 10 14 -12 -4 28 15 -3 -16 18 -6 -8 -7 -15 -14 -24 -18 26 -20 -9 -11 -30
right_child=2 9 12 5 17 6 19 27 -10 13 11 -13 22 21 16 -17 24 -19 25 -21 -22 -23 23 -25 -26 -27 -28 -29 29 -31
leaf_value=4.8281670892823403 4.8528623128361357 -2.2762549064333895 -2.3384102857403692 -1.4479912316960835 -1.6796739661286264 4.8350004469563501 3.3762814001071724 -1.9954684517643049 3.5994464698718907 -2.8499046238361219 3.91020772111052 -1.234914415031269 -0.80569106092379705 -2.6513123604643889 -2.2637505130735294 2.7141271470552781 -1.118174297288494 -2.4458309956296063 2.1925737970904442 -1.3204624036910761 -0.51266357879273405 -2.1132146861270056 4.3282875148929509 -0.84427904210978055 1.6036460143760523 3.5270157016149208 -0.70913794420628262 -0.21185034230553201 -2.4381251944915103 -2.7549287352612115
leaf_weight=114.86977349966764 258.85627033561468 7.3713223636150342 92.510095663368702 47.790739990770817 10.196995936334131 34.276648990809917 3.3170950636267653 79.241715408861637 47.299318499863148 1452.3962163776159 10.196995936334135 8.7227314636111242 15.35692159086466 395.71715555340052 353.20919658988714 6.8799008727073669 20.148281127214435 9.8284298181533796 8.3541653454303706 32.433818399906158 2.4571074545383444 350.62923376262188 4.6685041636228553 3.3170950636267662 6.1427686363458625 6.6341901272535315 7.1256116181612059 11.302694290876387 429.87094917148352 796.47138138860464
leaf_count=935 2107 60 753 389 83 279 27 645 385 11822 83 71 125 3221 2875 56 164 80 68 264 20 2854 38 27 50 54 58 92 3499 6483
internal_value=-1.78712 -2.19366 2.78857 1.50189 3.50366 0.284255 1.83266 -0.32035 1.06269 -2.59341 -1.89318 1.53811 -1.82381 -2.67778 -2.05805 0.132895 -2.14033 -0.106868 0.604604 -0.884682 4.4773 -2.39852 0.215621 2.17968 -0.482235 1.65791 0.856865 -1.77282 -2.75559 -2.64388
internal_weight=0 4252.88 374.709 415.128 157.009 258.119 72.4847 185.634 95.0901 3837.76 412.671 18.9197 115.853 3425.08 393.751 14.2512 379.5 42.1394 32.311 35.7509 36.7338 746.346 23.3425 7.9856 26.291 22.114 15.4798 90.5444 2678.74 1226.34
internal_count=37667 34617 3050 3379 1278 2101 590 1511 774 31238 3359 154 943 27879 3205 116 3089 343 263 291 299 6075 190 65 214 180 126 737 21804 9982
is_linear=0
shrinkage=1


Tree=29
num_leaves=31
num_cat=0
split_feature=10 36 46 8 46 35 35 35 35 6 35 20 49 35 46 20 6 6 6 7 6 38 49 9 35 35 4 3 38 38
split_gain=8449.8 6166.47 3452.07 999.019 745.608 260.118 533.75 379.036 531.958 228.455 256.927 117.695 113.146 111.079 109.104 69.8219 66.8884 64.5035 68.981 77.2696 60.8986 57.4769 54.3302 37.0624 35.3579 49.0072 30.8059 28.6349 28.2562 27.1864
threshold=1.5538125748340554 3.5000000000000004 7.0000000000000009 -0.45783048286480144 7.0000000000000009 3.9800141622745224 4.9787236971600306 1.994017580626221 0.97226404297204638 -0.76514077609537645 4.0234354356309208 3.0452912483573158 14.500000000000002 3.0240388752901493 7.0000000000000009 -0.042836313289873598 -0.6337139437409065 -0.78137799809396824 -1.1961339953951045 -1.2600411677594499 -0.12004686838402953 76.500000000000014 11.500000000000002 1.438366478306347 3.0011073808500774 4.98678569477888 0.54837713199306115 1.1003408357053439 501.50000000000006 156.50000000000003
decision_type=2 2 2 2 2 2 2 2 2 2 2 2 2 2 2 2 2 2 2 2 2 2 2 2 2 2 2 2 2 2
left_child=1 3 -2 4 -1 7 -7 8 -5 10 17 -4 13 20 -12 29 -8 18 19 -3 -6 -17 -10 -23 -13 -26 -9 -21 -22 -11
right_child=2 9 11 5 12 6 16 26 22 15 14 24 -14 -15 -16 21 -18 -19 -20 27 28 23 -24 -25 25 -27 -28 -29 -30 -31
leaf_value=4.8071178042681968 4.8117501519716921 -2.777610300578726 -2.2220937220513277 -1.4041493048528455 2.0137999215436282 4.5135045461359269 3.2203493640646745 -2.0801574383581434 3.6283289206611129 -2.8175785253768746 3.7976522884129218 -0.60092486859124739 -2.398001842266571 5.1850930182001527 -1.0761779675063163 -2.6640378441111441 -1.3451983558655676 -0.33824245847662526 -2.2400096354601522 0.30130164934910741 -2.3731555288312274 -2.1740030556344765 -0.42846027932978492 -0.54025562042466091 4.6763647506115014 -0.54281043909428406 -0.24134183607878712 4.099806047344364 0.76642463685873041 -2.5976878601068787
leaf_weight=113.76407514512539 257.13629511743784 5.6513471454381943 96.932889081537724 46.439330890774727 9.4598636999726313 37.225177936255932 3.5628058090805999 77.76745093613863 44.96506641805172 1868.8759299218655 10.811272799968721 10.196995936334135 14.374078609049318 5.2827810272574416 7.9855992272496215 395.84001092612743 32.310963027179241 20.639702618122101 354.06918419897556 4.2999380454421026 8.5998760908842105 329.25239890813828 3.5628058090805999 14.496933981776236 3.9313719272613517 3.3170950636267662 10.319851309061049 3.685661181807518 4.2999380454421035 804.21126987040043
leaf_count=926 2093 46 789 378 77 303 29 633 366 15212 88 83 117 43 65 3222 263 168 2882 35 70 2680 29 118 32 27 84 30 35 6546
internal_value=-1.78712 -2.1953 2.77873 1.48062 3.47756 0.266166 1.86083 -0.370629 1.01523 -2.59171 -1.88368 -1.79175 -0.122341 1.061 1.72707 -2.67619 -0.891771 -2.05845 -2.15501 0.051979 0.0866295 -2.40425 3.33049 -2.1051 0.599373 2.28793 -1.86473 2.05446 -1.32663 -2.75142
internal_weight=0 4231.75 371.515 411.934 155.781 256.153 73.0989 183.055 94.9672 3819.82 407.143 114.378 42.0165 27.6425 18.7969 3412.68 35.8738 388.346 367.706 13.6369 22.3597 739.589 48.5279 343.749 17.4455 7.24847 88.0873 7.9856 12.8998 2673.09
internal_count=37469 34445 3024 3353 1268 2085 595 1490 773 31092 3314 931 342 225 153 27778 292 3161 2993 111 182 6020 395 2798 142 59 717 65 105 21758
is_linear=0
shrinkage=1


Tree=30
num_leaves=31
num_cat=0
split_feature=10 46 20 42 8 42 46 37 42 20 10 35 40 40 35 8 49 6 8 35 34 20 34 6 4 4 49 35 35 35
split_gain=8353.49 3482.72 3397.74 1048.35 535.003 407.243 385.56 291.008 654.699 171.636 410.172 170.411 540.208 264.513 628.381 162.561 150.874 136.094 127.685 117.377 115.55 94.4217 87.4508 85.5926 63.1992 52.2665 49.8198 81.0786 47.7462 60.8042
threshold=1.5538125748340554 10.500000000000002 0.85870098367495362 0.21875000000000003 -0.45783048286480144 0.84375000000000011 11.500000000000002 1.0000000180025095e-35 0.84375000000000011 1.496308439195347 0.55591239318738128 3.9800141622745224 0.43500000000000005 0.13500000000000004 0.022064128461923609 -0.45783048286480144 11.500000000000002 -0.76514077609537645 -0.67967961824730783 4.0234354356309208 0.98244696431701617 2.7993136115235902 0.012402216627463996 -0.75540712581079394 -0.82992518327144771 -0.44059189217844624 14.500000000000002 3.9941869586429366 3.9858432078346193 1.9973767926116486
decision_type=2 2 2 2 2 2 2 2 2 2 2 2 2 2 2 2 2 2 2 2 2 2 2 2 2 2 2 2 2 2
left_child=2 -2 3 18 5 6 9 17 15 10 -4 13 -13 14 -6 16 -9 19 20 -5 -1 -3 -21 -14 -20 -17 27 -8 29 -26
right_child=1 21 4 7 11 -7 26 8 -10 -11 -12 12 23 -15 -16 25 -18 -19 24 22 -22 -23 -24 -25 28 -27 -28 -29 -30 -31
leaf_value=4.6728072102787124 4.8318776347249077 -2.2032067449334809 4.5512676356306869 -2.1629070135421893 -1.693486374547799 -1.7457000135026515 -0.56434391073824841 4.4498986185881666 -2.3300259427166989 4.7974905286087992 -1.3266288069345751 4.8113334746656342 2.4176112425178933 -1.8904304099135565 3.8635258581174585 -0.63682776613640479 -1.2934057363981732 -2.715597604227614 -1.5131625050504136 3.4957312239435026 -0.29351909429300771 0.22825348784919797 -1.7917517944441983 -1.597950549648522 1.828535376378126 2.0897322914635743 -2.3589749499437391 4.8836244151846557 3.2083203212842535 -1.721278614518498
leaf_weight=17.568318299949173 254.80204303562641 95.827190726995468 29.976710945367813 327.16385757178068 52.336388781666756 24.816785290837288 15.479776963591581 19.04258277267218 337.85227499902248 54.179219372570515 19.656859636306763 24.079653054475784 6.1427686363458625 107.12988501787186 33.293806008994579 36.242334954440594 6.0199132636189452 3008.8509334549308 11.794115781784056 6.5113347545266134 6.388479381799697 19.165438145399094 6.0199132636189461 39.068008527159691 11.91697115451098 8.7227314636111242 10.074140563607214 3.3170950636267653 8.5998760908842069 8.1084545999765378
leaf_count=143 2074 780 244 2663 426 202 126 155 2750 441 160 196 50 872 271 295 49 24491 96 53 52 156 49 318 97 71 82 27 70 66
internal_value=-1.78712 2.77024 -2.18552 -2.48215 0.515817 1.97241 2.66783 -2.55072 -1.75323 3.5668 2.22339 -0.35964 0.985379 -0.843126 0.467131 1.02959 3.07038 -2.64786 1.51914 -2.04786 3.34845 -1.79796 0.955666 -1.05236 0.434901 -0.107905 -0.564619 0.397062 1.23754 0.391187
internal_weight=0 369.795 4240.35 3820.8 419.551 157.501 132.684 3756.43 407.88 103.813 49.6336 262.051 69.2904 192.76 85.6302 70.0276 25.0625 3348.55 64.3762 339.695 23.9568 114.993 12.5312 45.2108 40.4194 44.9651 28.871 18.7969 28.6253 20.0254
internal_count=37525 3010 34515 31100 3415 1282 1080 30576 3320 845 404 2133 564 1569 697 570 204 27256 524 2765 195 936 102 368 329 366 235 153 233 163
is_linear=0
shrinkage=1


Tree=31
num_leaves=31
num_cat=0
split_feature=10 36 46 8 34 35 35 35 35 6 35 34 0 20 49 35 6 14 10 20 38 6 49 34 12 9 35 49 6 38
split_gain=8697.75 6506.17 3495.64 969.731 734.035 252.822 509.065 382.366 629.213 239.447 260.999 141.907 123.616 102.015 96.8686 111.75 78.3692 85.5752 83.59 74.2683 63.6256 58.8229 56.6314 56.2131 46.5687 37.7905 35.9601 40.5338 29.3946 27.1266
threshold=1.5538125748340554 3.5000000000000004 10.500000000000002 -0.45783048286480144 0.97142733839817097 3.9800141622745224 4.9787236971600306 1.994017580626221 0.97226404297204638 -0.76514077609537645 4.0234354356309208 0.012402216627463996 -0.6050447430664162 3.0452912483573158 14.500000000000002 3.0240388752901493 -0.79167579095138085 -2.535449313321108 -1.0000000180025095e-35 -0.022538390292435213 76.500000000000014 -0.12004686838402953 11.500000000000002 1.0054918159952393 -0.31762050551988869 1.438366478306347 3.0011073808500774 14.500000000000002 1.1851951845064732 501.50000000000006
decision_type=2 2 2 2 2 2 2 2 2 2 2 2 2 2 2 2 2 2 2 2 2 2 2 2 2 2 2 2 2 2
left_child=1 3 -2 4 28 7 23 8 -5 10 16 -12 -8 -4 15 21 17 18 -3 -11 -21 -6 -10 -7 -14 -22 -15 -28 -1 -23
right_child=2 9 13 5 14 6 12 -9 22 19 11 -13 24 26 -16 -17 -18 -19 -20 20 25 29 -24 -25 -26 -27 27 -29 -30 -31
leaf_value=4.9114170738140679 4.8353274834544759 -2.2278045952344705 -2.1827843945629084 -1.5142990740128548 1.8552352667108023 4.8423708168772723 5.1850930182001527 -1.7769074437789976 3.9430752313897144 -2.750201093912275 4.1559415803196629 -1.2587983712560882 0.74528268288102018 -0.77075011454502551 -2.2145908739984015 5.1850930182001527 -0.38015761142080651 -2.2629926456359604 2.6589940343116809 -2.6622729357033927 -2.1312676851688246 -2.2855467469372917 -0.58049401447122073 -0.10568096472181354 -2.0184992508551396 -0.4155851570877438 4.3973847329015978 -0.33824245847662571 1.6461137654095399 0.68686412583734757
leaf_weight=113.27265365421772 263.03335300832987 6.8799008727073669 97.178599826991558 45.825054027140141 10.811272799968721 35.013781227171421 3.194239690899848 86.613037772476673 45.087921790778637 2710.9266545921564 10.688417427241804 8.8455868363380414 8.1084545999765378 10.074140563607218 13.514090999960898 5.2827810272574416 26.413905136287212 345.59216348081827 7.1256116181611997 383.18590753525496 310.9469483718276 8.9684422090649623 2.9485289454460135 2.4571074545383444 24.571074545383453 13.39123562723398 3.8085165545344344 3.4399504363536835 2.8256735727190962 4.6685041636228553
leaf_count=922 2141 56 791 373 88 285 26 705 367 22066 87 72 66 82 110 43 215 2813 58 3119 2531 73 24 20 200 109 31 28 23 38
internal_value=-1.78712 -2.1814 2.82769 1.58845 3.52202 0.374582 1.94014 -0.261659 1.13657 -2.58871 -1.8622 1.70398 -0.752393 -1.78427 0.00531429 1.01436 -2.04267 -2.16479 0.258461 -2.6749 -2.38638 0.113149 3.66541 4.51791 -1.33275 -2.06043 0.451395 2.14997 4.83194 -1.26796
internal_weight=0 4237.16 377.535 413.163 159.343 253.819 73.3447 180.475 93.8615 3824 405.546 19.534 35.8738 114.501 43.2451 29.731 386.012 359.598 14.0055 3418.45 707.524 24.4482 48.0365 37.4709 32.6795 324.338 17.3226 7.24847 116.098 13.6369
internal_count=37562 34489 3073 3363 1297 2066 597 1469 764 31126 3301 159 292 932 352 242 3142 2927 114 27825 5759 199 391 305 266 2640 141 59 945 111
is_linear=0
shrinkage=1


Tree=32
num_leaves=31
num_cat=0
split_feature=1 36 46 8 46 35 40 40 35 6 35 9 46 1 0 49 35 9 6 14 1 6 12 35 49 35 35 14 35 0
split_gain=8402.28 6193.45 3299.14 962.815 732.2 246.018 510.106 381.004 573.112 231.025 255.36 149.471 140.372 133.715 103.395 95.8044 122.426 76.9582 71.2747 70.8911 97.293 60.5472 46.2229 44.5121 43.7809 52.0819 42.9559 36.7092 49.4459 89.4843
threshold=1.5341489247600759 3.5000000000000004 10.500000000000002 -0.45783048286480144 7.0000000000000009 3.9800141622745224 0.48000000000000004 0.20500000000000004 0.022064128461923609 -0.76514077609537645 4.0234354356309208 1.0855718869379301 7.0000000000000009 1.5741039265518844 -0.6050447430664162 14.500000000000002 3.0240388752901493 0.19112862607662964 -0.79167579095138085 -2.535449313321108 -1.0000000180025095e-35 -0.11351946301772431 -0.3139292388618537 3.0022294741910618 11.500000000000002 0.97934793357793493 4.999983026820618 0.72345038793429362 4.0088359507986304 -0.74424909225767888
decision_type=2 2 2 2 2 2 2 2 2 2 2 2 2 2 2 2 2 2 2 2 2 2 2 2 2 2 2 2 2 2
left_child=1 3 13 4 -1 7 -7 8 -5 10 18 -4 -12 -2 -8 16 21 -11 19 20 -3 -6 -16 24 25 -13 -25 28 -19 -30
right_child=2 9 11 5 15 6 14 -9 -10 17 12 23 -14 -15 22 -17 -18 27 -20 -21 -22 -23 -24 26 -26 -27 -28 -29 29 -31
leaf_value=4.8195664644891405 0.69006116129744877 -2.6530906602027602 -2.1734815190417427 -1.3308462433498178 1.8274864521150573 4.3973847329015978 5.1850930182001527 -1.7966170976608262 3.6315572333057786 -2.779391928770826 3.9464502797234364 -1.0267468807770557 -1.5555565273494678 4.7845272346425336 0.55001324683689168 -2.2824778821837093 5.1850930182001527 -2.4375884767120972 -0.50546034668528406 -2.2549906979959631 2.714127147055279 -1.4472162481407738 -2.1362873407476233 4.2160867942217717 -1.9371027280409558 3.9132723492285248 -0.4500508689356697 -2.7473348696815845 3.0845375907373369 -1.866249208878191
leaf_weight=112.16695529967546 8.2313099727034551 6.6341901272535324 97.301455199718475 47.422173872590065 9.8284298181533831 38.085165545344353 2.5799628272652617 88.08730224519968 45.702198654413223 2220.7337174117565 11.30269429087639 4.6685041636228615 7.8627438545227042 257.13629511743784 8.8455868363380414 13.39123562723398 5.5284917727112761 758.26336047053337 27.765314236283302 348.78640317171812 6.8799008727073652 13.268380254507067 23.219665445387363 5.1599256545305234 8.8455868363380414 3.9313719272613525 3.1942396908998489 328.14670055359602 3.8085165545344344 88.210157617926598
leaf_count=913 67 54 792 386 80 310 21 717 372 18076 92 38 64 2093 72 109 45 6172 226 2839 56 108 189 42 72 32 26 2671 31 718
internal_value=-1.78712 -2.18758 2.67266 1.51465 3.48582 0.317841 1.87148 -0.305723 1.10453 -2.58432 -1.87449 -1.60607 1.68922 4.65752 -0.905214 -0.0747408 0.958063 -2.66978 -2.04958 -2.16792 0.0793111 -0.0537257 -1.39524 0.533863 -0.375092 1.23155 2.43198 -2.46323 -2.35358 -1.66134
internal_weight=0 4216.52 388.469 408.126 154.183 253.942 72.7304 181.212 93.1244 3808.39 409.231 123.101 19.1654 265.368 34.6452 42.0165 28.6253 3399.16 390.066 362.3 13.5141 23.0968 32.0653 25.7996 17.4455 8.59988 8.35417 1178.43 850.282 92.0187
internal_count=37483 34321 3162 3322 1255 2067 592 1475 758 30999 3331 1002 156 2160 282 342 233 27668 3175 2949 110 188 261 210 142 70 68 9592 6921 749
is_linear=0
shrinkage=1


Tree=33
num_leaves=31
num_cat=0
split_feature=10 36 46 8 34 6 35 35 48 35 35 34 49 0 35 20 6 20 34 49 14 1 6 12 35 35 49 6 20 34
split_gain=8584.82 6332.96 3530.17 1014.43 690.841 228.841 261.982 228.088 525.08 393.655 617.592 137.735 125.156 109.933 103.152 99.8739 78.1267 76.3843 74.1455 60.9889 57.1713 66.2521 63.0832 47.0005 37.5992 52.9185 34.5655 29.1078 27.5688 26.6267
threshold=1.5538125748340554 3.5000000000000004 10.500000000000002 -0.45783048286480144 0.97142733839817097 -0.76514077609537645 4.0234354356309208 3.9800141622745224 48.000000000000007 1.994017580626221 0.022064128461923609 0.020517744963466793 14.500000000000002 -0.6050447430664162 3.0240388752901493 3.0452912483573158 -0.12004686838402953 -0.022538390292435213 1.007738013587369 11.500000000000002 -2.535449313321108 -0.039288856269127939 -0.79167579095138085 -0.31762050551988869 3.0011073808500774 4.98678569477888 3.5000000000000004 1.1851951845064732 0.21906077057699733 0.009217658101594731
decision_type=2 2 2 2 2 2 2 2 2 2 2 2 2 2 2 2 2 2 2 2 2 2 2 2 2 2 2 2 2 2
left_child=1 3 -2 4 27 6 20 9 18 10 29 -8 14 -10 16 -4 -6 -7 -9 -12 21 -3 -22 -15 -17 -26 -23 -1 -24 -5
right_child=2 5 15 7 12 17 11 8 13 -11 19 -13 -14 23 -16 24 -18 -19 -20 -21 22 26 28 -25 25 -27 -28 -29 -30 -31
leaf_value=4.8963248663094774 4.8602802905806062 -2.6154070848258231 -2.19595187175105 -0.6957083908629087 2.6979770433223034 -2.7532524667488794 4.0093654664397143 4.7611527952096111 5.1850930182001527 -1.8259520141140237 3.8975876975468382 -1.3266288069345751 -2.3230345172461391 0.58441998957235608 5.1850930182001527 -0.84427904210978066 -1.0981473393859882 -2.3840758076684101 -0.91964619286365457 -0.54281043909428361 -2.2532091892326425 3.2921506271726169 -1.2861833297598251 -2.1446436133258779 4.4668884051338225 -1.0010427156778388 -1.1046382901686185 1.6461137654095399 0.97960600613397419 -2.1614649383621041
leaf_weight=110.81554619967937 258.61055959016085 5.8970578908920288 97.54716594517231 25.676772899925709 8.845586836338045 2712.2780636921525 11.056983545422556 35.382347345352173 2.702818199992179 87.718736127018929 45.825054027140141 8.5998760908842069 14.251223236322401 8.4770207181572896 5.5284917727112761 9.9512851908803004 14.00551249086857 706.41839317977428 2.4571074545383444 3.3170950636267653 350.7520891353488 5.2827810272574407 19.779715009033684 24.693929918110371 4.1770826727151862 3.0713843181729317 2.7028181999921799 2.8256735727190962 7.3713223636150351 23.956797681748867
leaf_count=902 2105 48 794 209 72 22077 90 288 22 714 373 70 116 69 45 81 114 5750 20 27 2855 43 161 201 34 25 22 23 60 195
internal_value=-1.78712 -2.18948 2.81203 1.51385 3.52773 -2.59217 -1.88758 0.304376 1.79357 -0.284239 1.0849 1.67487 0.0948782 -0.947522 1.30907 -1.8042 0.37132 -2.67697 4.39227 3.59786 -2.06632 -0.0732664 -2.13954 -1.44722 0.417582 2.14997 1.80401 4.81551 -0.671037 -1.40319
internal_weight=0 4246.62 373.357 416.48 156.272 3830.14 411.443 260.208 73.7132 186.494 98.7757 19.6569 42.6308 35.8738 28.3796 114.747 22.8511 3418.7 37.8395 49.1421 391.786 13.8827 377.903 33.171 17.1998 7.24847 7.9856 113.641 27.151 49.6336
internal_count=37605 34566 3039 3390 1272 31176 3349 2118 600 1518 804 160 347 292 231 934 186 27827 308 400 3189 113 3076 270 140 59 65 925 221 404
is_linear=0
shrinkage=1


Tree=34
num_leaves=31
num_cat=0
split_feature=10 9 46 8 46 6 35 38 6 9 20 46 9 49 9 20 13 35 35 35 40 20 35 40 40 35 20 49 35 38
split_gain=8436.33 4939.48 3491.68 815.195 642.079 251.462 275.205 171.65 165.652 164.71 156.837 136.024 132.136 122.324 112.638 104.742 102.148 94.719 240.437 249.433 229.284 93.7612 76.4222 142.972 78.0045 167.384 74.2146 74.1197 101.543 70.5728
threshold=1.5538125748340554 1.20733357875903 10.500000000000002 -0.45783048286480144 7.0000000000000009 -0.76514077609537645 4.0234354356309208 156.50000000000003 -0.12477134196998574 1.3528464379280607 1.496308439195347 7.0000000000000009 1.293112571040208 14.500000000000002 1.4914074852884396 0.40021871703437389 0.80196947353884795 3.0240388752901493 1.9979698275328654 0.97934793357793493 0.43500000000000005 -0.042836313289873598 3.9858432078346193 0.43500000000000005 0.13500000000000004 0.97226404297204638 0.93782568788689069 14.500000000000002 3.0240388752901493 163.50000000000003
decision_type=2 2 2 2 2 2 2 2 2 2 2 2 2 2 2 2 2 2 2 2 2 2 2 2 2 2 2 2 2 2
left_child=1 5 -2 4 9 6 15 8 22 12 21 -8 -3 17 -4 -1 -17 18 19 -9 -19 -7 24 -24 25 -5 -14 28 29 -6
right_child=2 3 14 7 27 10 11 13 -10 -11 -12 -13 26 -15 -16 16 -18 20 -20 -21 -22 -23 23 -25 -26 -27 -28 -29 -30 -31
leaf_value=-2.2455624016014948 4.82679253499896 3.8416552630145886 -2.1553934028608133 -1.4129584523435583 -1.9805837765528063 -2.7577598889292152 3.8695936595870744 -0.7437895077712815 -1.835664463204548 4.3944418625953752 1.7319072018408272 -1.3266288069345751 -2.4757561878407035 -1.6151228118456071 0.78167457087543912 -1.384769180373278 2.1327234126682493 4.9541808967414731 -1.4230567433694969 3.8341133864294625 -0.87442590241133 -2.3484899158572325 4.582155812169157 -0.62894432567013991 -1.5803322546670968 3.3762814001071724 2.5452057917941819 -2.2145908739984015 3.8531499176044126 1.329468253317748
leaf_weight=325.81244847178459 256.76772899925709 12.65410339087248 101.35568249970675 16.216909199953083 14.374078609049322 2652.4474971741438 12.162681899964811 19.902570381760597 81.330256745219231 98.652864299714565 8.1084545999765378 8.5998760908842069 8.3541653454303724 19.411148890852928 14.988355472683905 51.599256545305252 9.8284298181533796 17.322607554495338 35.259491972625256 29.608144827187061 11.056983545422552 709.48977749794722 9.9512851908803004 11.17983891814947 28.379591099917889 13.268380254507063 4.545648790895938 16.216909199953079 6.7570454999804488 11.671260409057139
leaf_count=2652 2090 103 825 132 117 21590 99 162 662 803 66 70 68 158 122 420 80 141 287 241 90 5775 81 91 231 108 37 132 55 95
internal_value=-1.78712 -2.1921 2.76759 0.879273 2.59888 -2.57103 -1.82957 -0.137775 -0.833884 3.80836 -2.66079 1.71731 1.54573 0.704135 -1.77702 -2.01974 -0.82197 1.10201 0.572623 1.99386 2.6833 -2.67139 0.197499 1.82512 -0.396877 0.742199 -0.706465 -0.465743 0.398856 -0.497306
internal_weight=0 4244.16 373.112 466.113 173.226 3778.05 408.003 292.887 160.326 124.207 3370.05 20.7626 25.5539 132.561 116.344 387.24 61.4277 113.15 84.7702 49.5107 28.3796 3361.94 78.996 21.1311 57.8649 29.4853 12.8998 49.0193 32.8024 26.0453
internal_count=37583 34546 3037 3794 1410 30752 3321 2384 1305 1011 27431 169 208 1079 947 3152 500 921 690 403 231 27365 643 172 471 240 105 399 267 212
is_linear=0
shrinkage=1


Tree=35
num_leaves=31
num_cat=0
split_feature=10 9 46 8 46 6 40 9 20 38 6 9 49 46 40 40 40 40 20 20 20 40 40 20 49 40 6 40 40 38
split_gain=8464.16 4872.74 3471.61 819.116 573.022 274.871 254.862 208.016 178.317 176.308 180.092 161.081 156.534 135.605 110.139 250.279 324.349 219.087 108.689 107.328 102.94 101.12 147.363 78.0201 77.7539 87.171 74.7169 73.6149 162.136 73.1888
threshold=1.5538125748340554 1.20733357875903 10.500000000000002 -0.6673112334816852 7.0000000000000009 -0.76514077609537645 0.52500000000000013 1.3528464379280607 1.496308439195347 156.50000000000003 -0.12477134196998574 1.293112571040208 14.500000000000002 7.0000000000000009 0.41500000000000004 0.13500000000000004 0.080000000000000016 0.43500000000000005 -0.042836313289873598 3.0452912483573158 0.36279374285405114 0.38000000000000006 0.43500000000000005 0.82675468184497791 14.500000000000002 0.41500000000000004 -1.1961339953951045 0.13500000000000004 0.080000000000000016 76.500000000000014
decision_type=2 2 2 2 2 2 2 2 2 2 2 2 2 2 2 2 2 2 2 2 2 2 2 2 2 2 2 2 2 2
left_child=1 5 -2 4 7 6 20 11 18 10 21 -3 14 -8 15 16 -11 -16 -7 -4 -1 27 -23 -13 25 -6 -22 28 -5 -20
right_child=2 3 19 9 24 8 13 -9 -10 12 -12 23 -14 -15 17 -17 -18 -19 29 -21 26 22 -24 -25 -26 -27 -28 -29 -30 -31
leaf_value=-2.1944480671840991 4.820573097069456 3.9855653135700693 -2.1648915045731876 -1.4804490075283088 -0.28066382777646059 -2.759753216116446 3.8424699614713416 4.4718245193129729 1.8604463117053092 -0.80728902946984216 -1.8717056712208899 -2.7375018690470991 -1.8054318823121285 -1.5333501347166298 5.0166864192742526 -1.212126053128689 4.5619617430676431 -0.75206511648151086 -2.6219484311890637 0.51760010158260306 3.5571625619164711 4.6424495327722575 -0.54966199825372675 2.3252151895936843 -2.1668509779197009 3.7315836822325799 -1.0786874949554972 -1.6346156500152715 3.3496812292528637 -1.9786392029967044
leaf_weight=324.95246086269617 257.87342735379934 11.671260409057142 98.775719672441483 15.602632336318493 25.431062154471874 2653.9217616468668 11.916971154510977 95.335769236087799 8.7227314636111242 20.025425754487514 82.190244354307652 9.2141529545187932 20.885413363575935 7.7398884817957869 17.814029045403007 40.173706881701946 25.676772899925709 10.442706681787966 375.81458517163992 17.568318299949169 3.6856611818075171 11.056983545422556 10.811272799968718 4.545648790895938 15.234066218137739 6.8799008727073661 61.304830990731716 27.273892745375633 12.531248018145561 334.04375844448805
leaf_count=2645 2099 95 804 127 207 21602 97 776 71 163 669 75 170 63 145 327 209 85 3059 143 30 90 88 37 124 56 499 222 102 2719
internal_value=-1.78712 -2.18634 2.77473 0.876501 2.63625 -2.56113 -1.78757 3.79398 -2.65508 -0.129282 -0.84126 1.25289 0.711617 1.72574 1.17222 0.608722 2.20931 2.88476 -2.66679 -1.75983 -1.96467 0.254715 2.07556 -1.065 -0.30444 0.573655 -0.815785 -0.463934 0.670963 -2.31922
internal_weight=0 4244.9 374.217 462.796 168.312 3782.1 409.6 120.767 3372.5 294.484 159.466 25.4311 135.018 19.6569 114.133 85.8759 45.7022 28.2567 3363.78 116.344 389.943 77.276 21.8683 13.7598 47.545 32.311 64.9905 55.4078 28.1339 709.858
internal_count=37598 34552 3046 3767 1370 30785 3334 983 27451 2397 1298 207 1099 160 929 699 372 230 27380 947 3174 629 178 112 387 263 529 451 229 5778
is_linear=0
shrinkage=1


Tree=36
num_leaves=31
num_cat=0
split_feature=1 36 46 8 46 35 40 35 35 6 35 46 9 0 49 35 6 6 1 6 9 38 49 6 4 40 35 49 35 14
split_gain=8384.38 6407 3342.37 1010.94 750.169 268.478 539.485 322.181 576.755 247.67 224.325 133.664 113.56 112.032 96.7653 136.207 83.6452 89.7454 94.4686 71.1379 68.5471 59.6675 55.4748 49.8848 36.7174 36.6051 47.9164 42.8622 39.1982 35.2531
threshold=1.5741039265518844 3.5000000000000004 11.500000000000002 -0.45783048286480144 7.0000000000000009 3.9800141622745224 0.48000000000000004 1.994017580626221 0.97226404297204638 -0.76514077609537645 4.0234354356309208 7.0000000000000009 1.20733357875903 -0.6050447430664162 14.500000000000002 3.0240388752901493 -0.78137799809396824 -1.1961339953951045 -0.039288856269127939 -0.12004686838402953 0.14409912162382785 76.500000000000014 11.500000000000002 -0.6337139437409065 0.54837713199306115 0.41500000000000004 4.98678569477888 11.500000000000002 0.98263560584412879 0.9339492431873897
decision_type=2 2 2 2 2 2 2 2 2 2 2 2 2 2 2 2 2 2 2 2 2 2 2 2 2 2 2 2 2 2
left_child=1 3 -2 4 -1 7 -7 8 -5 10 16 -12 -4 -8 15 19 17 18 -3 -6 -11 -22 -10 -15 -9 27 -27 28 -14 -23
right_child=2 9 12 5 14 6 13 24 22 20 11 -13 25 23 -16 -17 -18 -19 -20 -21 21 29 -24 -25 -26 26 -28 -29 -30 -31
leaf_value=4.8412851076861756 4.8106295960525749 -2.6223285578542401 -2.1437530204378978 -1.5417180641119526 1.9952292862929366 4.4520187444078108 5.1850930182001527 -2.0127813133020771 3.6989205510872405 -2.7869808728176872 3.7976522884129218 -1.4642003947895339 -1.1046382901686189 2.8594780806520359 -2.2885877129203873 5.1850930182001527 -0.10100300364053871 -2.2327198441966796 2.6414516802569001 -1.6226161626225173 -2.6956047441256898 -2.0999322961892823 -0.54281043909428361 -1.7145341109709211 -0.020498557125574468 5.1850930182001527 -0.24134183607878756 -1.9527559055052219 4.1676364830228501 -2.6615317810871941
leaf_weight=116.34403797239065 253.69634468108416 6.0199132636189461 94.967203117907047 47.422173872590065 9.0912975817918795 39.55943001806736 2.8256735727190962 74.327500499784946 43.736512690782547 2190.0198742300272 10.811272799968721 8.7227314636111242 2.7028181999921816 2.5799628272652617 13.514090999960898 6.0199132636189452 21.376834854483604 356.03487016260624 7.8627438545227033 13.514090999960901 660.34762840718031 410.70551102608442 3.3170950636267653 31.45097541809082 10.565562054514883 3.194239690899848 3.3170950636267662 7.9855992272496223 2.9485289454460144 153.56921590864658
leaf_count=947 2065 49 773 386 74 322 23 605 356 17826 88 71 22 21 110 49 174 2898 64 110 5375 3343 27 256 86 26 27 65 24 1250
internal_value=-1.78712 -2.18824 2.78278 1.54735 3.53192 0.317722 1.88736 -0.350986 0.919449 -2.59277 -1.85921 1.44802 -1.68627 -0.865382 -0.0831367 0.958063 -2.02431 -2.13546 0.358928 -0.167613 -2.68103 -2.49156 3.3999 -1.36777 -1.76483 0.470051 2.42068 -0.461332 1.64611 -2.25277
internal_weight=0 4239.74 368.812 414.268 158.483 255.785 76.416 179.369 94.4758 3825.47 410.828 19.534 115.115 36.8566 42.1394 28.6253 391.294 369.918 13.8827 22.6054 3414.64 1224.62 47.0536 34.0309 84.8931 20.1483 6.51133 13.6369 5.65135 564.275
internal_count=37512 34510 3002 3372 1290 2082 622 1460 769 31138 3344 159 937 300 343 233 3185 3011 113 184 27794 9968 383 277 691 164 53 111 46 4593
is_linear=0
shrinkage=1


Tree=37
num_leaves=31
num_cat=0
split_feature=22 9 34 8 34 42 42 20 14 35 35 40 40 35 22 9 34 20 34 14 9 9 20 14 14 7 20 38 34 8
split_gain=8471.65 4986.04 3239.79 833.871 648.909 335.852 307.722 244.37 226.705 263.775 178.366 628.062 308.253 704.795 144.481 120.552 115.713 76.4009 73.3619 67.8836 66.1068 73.4458 66.1508 61.9969 55.2972 70.4379 55.035 48.49 39.6225 38.4744
threshold=-0.58730260117096944 1.20733357875903 0.97818403295510314 -0.45783048286480144 0.017604727457931579 0.84375000000000011 0.21875000000000003 1.496308439195347 -1.0981005470923344 4.0234354356309208 3.0240388752901493 0.43500000000000005 0.13500000000000004 0.99228046627227806 -0.59203641594196876 1.4914074852884396 0.012402216627463996 -0.042836313289873598 1.0006934368712497 0.090640764790258649 1.3528464379280607 1.293112571040208 1.2636923611449431 -1.165088963646183 -2.535449313321108 -1.2073140931994106 0.29813109241773461 76.500000000000014 1.0025088197887342 -0.68052323741609566
decision_type=2 2 2 2 2 2 2 2 2 2 2 2 2 2 2 2 2 2 2 2 2 2 2 2 2 2 2 2 2 2
left_child=2 6 14 4 5 20 29 8 9 23 12 28 13 -5 -1 -4 -11 -10 19 -6 21 -3 -23 24 25 -8 -16 -19 -12 -2
right_child=1 3 15 10 18 -7 7 -9 17 16 11 -13 -14 -15 26 -17 -18 27 -20 -21 -22 22 -24 -25 -26 -27 -28 -29 -30 -31
leaf_value=4.781024360793225 4.904415353323655 4.2083347444299424 -2.0888505242409932 -1.6464008608474412 2.0544575253469182 -2.1405940350764161 -2.6081910810302391 2.74319733377463 -2.7558745400280356 3.8901483370654035 4.7364507664684297 -1.2209190370460243 -1.753034564629302 3.8244347263809559 -1.2509111112934734 0.83986510857077601 -1.0056284352730041 -2.6305930032613052 -2.3175429977159467 -0.75591755501903135 4.6882570997239643 -1.7917517944441983 4.4098880390174457 -0.53684076378704604 -2.2468910814643475 2.2109892999895804 3.2386544291653148 -2.1011589293980828 0.74528268288102018 1.115266877490948
leaf_weight=257.38200586289167 3.5628058090805999 12.285537272691728 100.49569489061832 55.039206981658936 14.374078609049318 8.5998760908842069 5.7742025181651115 8.5998760908842069 2647.4104268923402 10.811272799968721 31.205264672636986 47.299318499863148 110.69269082695246 41.156549863517284 5.2827810272574407 16.339764572679996 8.7227314636111242 370.40894877165556 14.128367863595484 21.376834854483604 94.598636999726295 5.1599256545305243 2.5799628272652626 24.816785290837288 340.55509319901466 6.3884793817996961 5.6513471454381943 324.58389474451542 2.702818199992179 10.811272799968718
leaf_count=2095 29 100 818 448 117 70 47 70 21549 88 254 385 901 335 43 133 71 3015 115 174 770 42 21 202 2772 52 46 2642 22 88
internal_value=-1.78712 -2.18319 2.71594 0.920123 2.65481 3.88664 -2.56359 -2.5813 -2.59355 -1.87918 -0.122169 1.13374 -0.615134 0.69425 4.62978 -1.67926 1.70398 -2.67841 -0.388363 0.374027 4.33885 2.68827 0.275461 -2.06457 -2.17206 -0.0769044 1.06954 -2.38333 4.41831 2.05446
internal_weight=0 4223.64 385.152 461.199 173.103 123.224 3762.45 3748.07 3739.47 397.069 288.096 81.2074 206.888 96.1958 268.316 116.835 19.534 3342.4 49.8793 35.7509 114.624 20.0254 7.73989 377.535 352.718 12.1627 10.9341 694.993 33.9081 14.3741
internal_count=37514 34379 3135 3754 1409 1003 30625 30508 30438 3232 2345 661 1684 783 2184 951 159 27206 406 291 933 163 63 3073 2871 99 89 5657 276 117
is_linear=0
shrinkage=1


Tree=38
num_leaves=31
num_cat=0
split_feature=10 36 34 8 34 6 35 35 40 35 35 0 34 9 49 35 9 6 6 10 34 38 6 35 9 12 34 38 49 4
split_gain=8421.51 6243.61 3469.76 969.841 706.148 253.725 223.469 508.017 434.747 635.359 212.824 139.773 127.597 99.6217 88.0165 110.551 74.034 68.6134 74.3202 78.3423 63.0081 62.413 54.6822 40.1814 39.487 36.1495 30.8923 29.8307 29.1034 28.0553
threshold=1.5538125748340554 3.5000000000000004 0.97818403295510314 -0.45783048286480144 0.97142733839817097 -0.76514077609537645 3.9800141622745224 4.0234354356309208 0.20500000000000004 0.022064128461923609 4.0234354356309208 -0.6050447430664162 0.023426599946243142 1.4914074852884396 14.500000000000002 3.0240388752901493 0.14409912162382785 -0.78137799809396824 -1.1961339953951045 -1.0000000180025095e-35 1.007738013587369 76.500000000000014 -0.12004686838402953 3.9886602266409681 1.438366478306347 -0.31762050551988869 1.0146969684308738 501.50000000000006 14.500000000000002 0.50501056618910456
decision_type=2 2 2 2 2 2 2 2 2 2 2 2 2 2 2 2 2 2 2 2 2 2 2 2 2 2 2 2 2 2
left_child=1 3 -2 4 -1 10 8 20 9 -5 17 -9 -12 -4 15 22 -7 18 19 -3 -8 -18 -6 -15 -23 -13 -11 -24 -25 -10
right_child=2 5 13 6 14 16 7 11 29 26 12 25 -14 23 -16 -17 21 -19 -20 -21 -22 24 27 28 -26 -27 -28 -29 -30 -31
leaf_value=4.775438745831174 4.839726865468803 -2.1668509779197009 -2.1187025497229679 -1.3472355215710774 1.951532522842153 -2.7957479423494243 4.7265210586836233 5.1850930182001527 -2.0158436738589258 3.939447022626887 3.6303279756820275 0.35217447610797192 -1.5389675621020118 -0.68782065320300356 -2.193844096730555 5.1850930182001527 -2.6979517227269278 -0.31588077638481638 -2.2088157559284807 2.425888855007472 -0.51266357879273405 -2.2938911264266655 -2.3731555288312274 4.8459408398077191 -0.84237101297677086 -2.108357788417333 0.30130164934910697 0.58441998957235608 0.48913977892030047 -0.37977129664712739
leaf_weight=112.28981067240238 254.80204303562641 7.6170331090688705 100.49569489061832 48.52787222713232 8.9684422090649623 2184.9828039482236 34.890925854444504 3.4399504363536826 80.961690627038479 46.562186263501644 10.934128172695639 7.8627438545227042 8.4770207181572896 9.7055744454264623 13.145524881780146 5.0370702818036071 654.69628126174212 22.359677836298943 362.05478342622519 7.248466990888117 2.4571074545383444 543.38931357115507 8.5998760908842105 2.9485289454460135 19.411148890852928 24.816785290837288 2.4571074545383444 5.6513471454381934 3.1942396908998489 12.03982652723789
leaf_count=914 2074 62 818 395 73 17785 284 28 659 379 89 64 69 79 107 41 5329 182 2947 59 20 4423 70 24 158 202 20 46 26 98
internal_value=-1.78712 -2.19398 2.77364 1.47676 3.47388 -2.59525 0.31418 1.79584 -0.257086 1.21778 -1.86067 -0.878117 1.37285 -1.75123 -0.0561668 0.938318 -2.68564 -2.01787 -2.11884 0.0725841 4.38184 -2.48803 0.0170598 0.578933 -2.24383 -1.51635 3.75708 -1.20032 2.5804 -1.80404
internal_weight=0 4238.88 371.146 417.708 153.692 3821.17 264.016 73.4675 190.549 97.5472 418.691 36.1195 19.4111 116.344 41.4023 28.2567 3402.48 399.28 376.92 14.8655 37.348 1217.5 23.2197 15.8483 562.8 32.6795 49.0193 14.2512 6.14277 93.0015
internal_count=37524 34503 3021 3400 1251 31103 2149 598 1551 794 3408 294 158 947 337 230 27695 3250 3068 121 304 9910 189 129 4581 266 399 116 50 757
is_linear=0
shrinkage=1


Tree=39
num_leaves=31
num_cat=0
split_feature=10 36 34 8 34 40 40 40 40 14 40 34 0 9 49 40 34 9 14 6 7 38 6 3 9 40 49 32 4 28
split_gain=8812.96 6336.5 3446.95 956.614 734.095 259.794 550.441 400.93 574.052 222.075 275.896 132.928 121.871 107.483 105.249 119.109 100.346 74.8868 70.3003 74.5935 73.2848 63.8633 51.0072 45.6027 42.2842 36.9998 43.9722 31.8432 31.265 29.1513
threshold=1.5538125748340554 3.5000000000000004 0.97818403295510314 -0.45783048286480144 0.97142733839817097 0.38000000000000006 0.48000000000000004 0.20500000000000004 0.080000000000000016 -1.0981005470923344 0.53500000000000014 0.012402216627463996 -0.6050447430664162 1.20733357875903 14.500000000000002 0.38000000000000006 1.0118295959782724 0.14409912162382785 -2.535449313321108 -0.79167579095138085 -1.2600411677594499 76.500000000000014 -0.12004686838402953 0.73080841734787205 1.438366478306347 0.38000000000000006 14.500000000000002 0.90695678346255371 0.50501056618910456 -0.4404963700709163
decision_type=2 2 2 2 2 2 2 2 2 2 2 2 2 2 2 2 2 2 2 2 2 2 2 2 2 2 2 2 2 2
left_child=1 3 -2 4 -1 7 16 8 -5 10 18 -12 -8 -4 15 22 -7 -11 20 -20 -3 -19 -6 -22 -23 -15 -27 -21 -9 -10
right_child=2 9 13 5 14 6 12 28 29 17 11 -13 -14 25 -16 -17 -18 21 19 27 23 24 -24 -25 -26 26 -28 -29 -30 -31
leaf_value=4.813500196657138 4.8397744365642197 -2.7695671659132932 -2.1971342147507511 -1.3015193397425389 1.8457484924900345 4.8637909544599527 5.1850930182001527 -2.0374153441851965 4.2649584124745932 -2.7871780570054172 3.8998847632393496 -1.3030356119159709 -1.5308938451754932 -0.6980219970824606 -2.2528651010270146 5.1850930182001527 -1.7336114210054956 -2.691150007827106 -2.2893957094003383 -1.214004687317465 -1.2587983712560882 -2.2835681609539811 -1.1537512363557769 3.592552354444376 -0.77707266564135757 4.4220006168171775 -0.42846027932978537 1.2556057099291964 -0.24134183607878712 2.6515588643811774
leaf_weight=113.02694290876389 263.52477449923754 5.4056363999843589 93.738649390637875 47.790739990770817 9.5827190726995486 37.348033308982849 2.9485289454460135 78.504583172500134 28.256735727190971 2192.5998370572925 11.671260409057142 8.4770207181572896 32.310963027179241 12.408392645418646 14.251223236322401 5.6513471454381934 2.4571074545383444 652.97630604356527 348.78640317171812 19.534004263579849 2.9485289454460126 546.95211938023567 13.882657118141653 5.6513471454381943 19.288293518126011 3.9313719272613517 3.5628058090806007 7.1256116181612006 11.056983545422552 18.551161281764507
leaf_count=920 2145 44 763 389 78 304 24 639 230 17847 95 69 263 101 116 46 20 5315 2839 159 24 4452 113 46 157 32 29 58 90 151
internal_value=-1.78712 -2.18987 2.85455 1.51828 3.47148 0.339878 1.90792 -0.299262 1.13641 -2.59317 -1.89743 1.71085 -0.969278 -1.74901 -0.0261291 1.06375 4.45654 -2.6767 -2.0841 -2.16616 0.11566 -2.47802 0.0711754 1.92923 -2.23225 0.361595 2.11604 -0.553924 -1.81568 3.62553
internal_weight=0 4237.04 377.166 415.62 156.395 259.225 75.0646 184.16 94.5986 3821.42 409.6 20.1483 35.2595 113.641 43.3679 29.1167 39.8051 3411.82 389.452 375.446 14.0055 1219.22 23.4654 8.59988 566.24 19.9026 7.49418 26.6596 89.5616 46.8079
internal_count=37558 34488 3070 3383 1273 2110 611 1499 770 31105 3334 164 287 925 353 237 324 27771 3170 3056 114 9924 191 70 4609 162 61 217 729 381
is_linear=0
shrinkage=1


Tree=40
num_leaves=31
num_cat=0
split_feature=1 36 34 8 34 35 40 35 35 14 35 9 34 0 34 20 34 38 9 6 1 38 38 6 6 9 14 34 38 35
split_gain=8295.28 6246.15 3294.72 1060.27 718.567 268.339 528.991 371.262 566.88 246.646 267.498 125.276 124.106 102.175 85.6782 85.2046 84.0594 66.6849 64.9034 59.334 57.8598 58.5816 56.4429 49.5147 44.5993 39.8402 37.552 33.1881 30.0048 29.9412
threshold=1.5741039265518844 3.5000000000000004 0.97818403295510314 -0.45783048286480144 0.97142733839817097 3.9800141622745224 0.48000000000000004 1.994017580626221 0.022064128461923609 -1.0981005470923344 4.0234354356309208 1.20733357875903 0.012402216627463996 -0.6050447430664162 1.0087816834276795 -0.042836313289873598 1.0087816834276795 47.500000000000007 0.13238758477521315 -1.1443219107003644 -0.039288856269127939 198.50000000000003 76.500000000000014 -0.79167579095138085 0.87837208639158482 1.438366478306347 -0.34616539251105555 1.0146969684308738 168.50000000000003 3.9941869586429366
decision_type=2 2 2 2 2 2 2 2 2 2 2 2 2 2 2 2 2 2 2 2 2 2 2 2 2 2 2 2 2 2
left_child=1 3 -2 4 -1 7 14 8 -5 10 18 -4 -12 -8 -7 28 17 -6 -3 20 -20 -22 -17 -21 29 -24 -15 -10 -11 -19
right_child=2 9 11 5 16 6 13 -9 27 15 12 -13 -14 26 -16 22 -18 24 19 23 21 -23 25 -25 -26 -27 -28 -29 -30 -31
leaf_value=4.8455781102051603 4.785430947017236 -2.4068354408875856 -2.1458454236450732 -1.3915836381079887 -1.4848998235177109 4.7739994686335656 5.1850930182001527 -1.8625173942036155 3.670213288047282 -2.8199137792247324 4.1317262523695337 0.61281920579845339 -1.0393469617080429 1.2315476243683512 -1.3266288069345751 -2.6291749606762753 -2.3932039334652631 1.5592479110228594 -2.276254906433389 -1.9412692167189953 -2.2467634126601346 3.0845375907373369 -2.1433183515707546 -0.013340371613285384 -1.3791426926211454 -0.36812769716007065 -1.9510404887968091 -0.10568096472181354 -2.5815609407499998 4.3003482050024999
leaf_weight=114.86977349966764 252.71350169926882 209.95983199030161 95.212913863360882 49.265004463493824 8.845586836338045 36.488045699894428 2.4571074545383444 88.824434481561184 44.227934181690216 1953.2775709852576 10.442706681787969 19.902570381760597 8.3541653454303724 4.299938045442107 2.4571074545383444 396.45428778976202 10.6884174272418 13.514090999960905 5.8970578908920315 150.00641009956598 2.8256735727190954 7.6170331090688705 330.35809726268053 14.619789354503153 3.8085165545344344 13.145524881780146 26.905326627194881 2.4571074545383444 723.86385610699654 5.6513471454381934
leaf_count=935 2057 1709 775 401 72 297 20 723 360 15899 85 162 68 35 20 3227 87 110 48 1221 23 62 2689 119 31 107 219 20 5892 46
internal_value=-1.78712 -2.18504 2.76549 1.50103 3.54573 0.250793 1.87965 -0.38927 0.974569 -2.58454 -1.85137 -1.66889 1.83347 -1.02362 4.3891 -2.67245 0.0331166 0.848135 -2.02855 -1.58966 0.227861 1.64195 -2.37209 -1.77006 1.74642 -2.07538 -1.51249 3.47148 -2.75547 2.36752
internal_weight=0 4241.58 367.829 414.76 157.378 257.382 72.6075 184.774 95.95 3826.82 409.723 115.115 18.7969 33.6624 38.9452 3417.1 42.508 31.8195 390.926 180.966 16.3398 10.4427 739.958 164.626 22.974 343.504 31.2053 46.685 2677.14 19.1654
internal_count=37519 34525 2994 3376 1281 2095 591 1504 781 31149 3335 937 153 274 317 27814 346 259 3182 1473 133 85 6023 1340 187 2796 254 380 21791 156
is_linear=0
shrinkage=1


Tree=41
num_leaves=31
num_cat=0
split_feature=10 36 34 8 34 35 40 35 35 14 35 34 0 20 20 34 38 6 14 7 38 34 35 35 6 25 6 9 6 34
split_gain=8444.78 6307.56 3436.48 958.015 728.9 265.106 555.713 402.492 598.883 217.548 257.396 149.775 110.506 102.105 80.3556 79.8005 66.012 64.3632 60.8467 80.5611 57.2823 54.6334 52.5986 59.9113 42.7578 35.7687 35.2905 34.5818 34.202 32.5054
threshold=1.5538125748340554 3.5000000000000004 0.97142733839817097 -0.45783048286480144 0.97142733839817097 3.9838069065390429 0.48000000000000004 1.994017580626221 0.022064128461923609 -1.0981005470923344 4.0234354356309208 0.012402216627463996 -0.6050447430664162 3.0452912483573158 1.0000000180025095e-35 1.0113798419257558 55.500000000000007 -0.79167579095138085 -2.535449313321108 -1.2600411677594499 76.500000000000014 1.0057725073374835 3.9886602266409681 4.98678569477888 0.87837208639158482 -0.36609582375636257 -0.6337139437409065 1.438366478306347 1.1851951845064732 1.0146969684308738
decision_type=2 2 2 2 2 2 2 2 2 2 2 2 2 2 2 2 2 2 2 2 2 2 2 2 2 2 2 2 2 2
left_child=1 3 -2 4 28 7 21 8 -5 10 17 -12 -8 -4 -11 16 -6 18 19 -3 -16 -7 -15 -24 -18 -21 -14 -22 -1 -10
right_child=2 9 13 5 15 6 12 -9 29 14 11 -13 26 22 20 -17 24 -19 -20 25 27 -23 23 -25 -26 -27 -28 -29 -30 -31
leaf_value=4.8873008615628937 4.8115716897985426 -2.9545592632182567 -2.1314483583557209 -1.4337294948479751 -1.597950549648522 4.7608766126539166 5.1850930182001527 -1.8639147403201626 3.7953962872262781 -2.7494283664215442 4.0222855494260923 -1.4848998235177107 2.0842731014693299 -1.0121422415161367 -2.634648117502906 -2.4757561878407035 2.2252194613207306 -0.58049401447122073 -2.2760202802290364 -1.0010427156778388 -2.1203293405998558 -0.10568096472181354 4.7451118137991575 -0.84427904210978055 -1.5511709388357726 3.2386544291653157 -1.7682131817159785 -0.50546034668528406 1.115266877490948 0.1462606535125659
leaf_weight=110.81554619967937 257.01343974471092 6.2656240090727797 98.407153554260731 46.685041636228561 8.845586836338045 37.716599427163601 2.702818199992179 87.104459263384342 45.333632536232471 2744.5890267193317 11.179838918149473 8.8455868363380414 2.5799628272652617 10.811272799968721 359.47482059895992 10.442706681787966 18.919727399945263 26.53676050901413 355.17488255351782 3.0713843181729308 296.08144827187061 2.4571074545383444 4.545648790895938 3.3170950636267662 3.5628058090805999 5.6513471454381934 30.345277063548565 13.882657118141649 2.4571074545383444 2.5799628272652617
leaf_count=902 2092 51 801 380 72 307 22 709 369 22340 91 72 21 88 2926 85 154 216 2891 25 2410 20 37 27 29 46 247 113 20 21
internal_value=-1.78712 -2.1903 2.76592 1.52492 3.48879 0.342466 1.9134 -0.312887 1.11527 -2.5904 -1.90831 1.58966 -0.961748 -1.72464 -2.67366 -0.0817408 0.716264 -2.08488 -2.19273 -0.219102 -2.36302 4.46323 0.419112 2.38709 1.62678 1.7458 -1.46634 -2.048 4.80548 3.5989
internal_weight=0 4243.3 374.095 412.548 155.043 257.505 75.8018 181.703 94.5986 3830.75 416.725 20.0254 35.6281 117.081 3414.03 41.7708 31.3281 396.7 370.163 14.9884 669.439 40.1737 18.674 7.86274 22.4825 8.72273 32.9252 309.964 113.273 47.9136
internal_count=37584 34539 3045 3358 1262 2096 617 1479 770 31181 3392 163 290 953 27789 340 255 3229 3013 122 5449 327 152 64 183 71 268 2523 922 390
is_linear=0
shrinkage=1


Tree=42
num_leaves=31
num_cat=0
split_feature=1 36 46 8 46 35 35 35 35 6 35 9 46 0 20 6 7 46 6 38 38 12 9 20 38 6 35 35 35 35
split_gain=8325.22 6252.17 3490 1026.98 727.548 236.06 526.27 387.213 600.076 233.164 255.697 133.213 124.126 121.223 87.8327 79.7999 88.0028 75.2746 74.8148 72.4349 68.8022 49.5513 48.7217 37.496 27.4251 27.0148 27.5243 34.5279 28.7122 26.6303
threshold=1.5741039265518844 3.5000000000000004 10.500000000000002 -0.45783048286480144 7.0000000000000009 3.9800141622745224 4.9787236971600306 1.994017580626221 0.022064128461923609 -0.76514077609537645 4.0234354356309208 1.20733357875903 7.0000000000000009 -0.6050447430664162 -0.042836313289873598 -1.1961339953951045 -1.2600411677594499 17.000000000000004 -0.78137799809396824 76.500000000000014 47.500000000000007 -0.31762050551988869 1.438366478306347 1.2636923611449431 78.500000000000014 0.87837208639158482 3.9910175512119213 2.0018416248359712 0.97226404297204638 0.98263560584412879
decision_type=2 2 2 2 2 2 2 2 2 2 2 2 2 2 2 2 2 2 2 2 2 2 2 2 2 2 2 2 2 2
left_child=1 3 -2 4 -1 7 -7 8 -5 10 15 -4 -12 -8 -11 16 -3 20 23 -16 -6 -15 24 -17 -21 26 27 28 -22 -13
right_child=2 9 11 5 17 6 13 -9 -10 14 12 29 -14 21 19 18 -18 -19 -20 22 25 -23 -24 -25 -26 -27 -28 -29 -30 -31
leaf_value=4.8598585317935861 4.813687174427459 -2.9545592632182567 -2.2557002289550603 -1.3683706135059515 -1.6346156500152715 4.4136880634252051 5.1850930182001527 -1.8224796691405922 3.7071615741485719 -2.75464982325899 4.0359656372940229 -1.721278614518498 -1.2014033872204455 0.72141273484167012 -2.6561812050612601 -2.2750801500136029 2.559398733871634 -2.5261565115646563 -0.31842187662252197 -0.09060753457103865 -0.47727378626483086 -2.1927198871249081 -0.13991314721376003 0.26738643150986352 -2.144628174598278 -0.73465409555869066 4.0493275835836311 -1.4472162481407738 3.2470805702433876 1.1463342526108655
leaf_weight=113.76407514512539 255.78488601744175 4.6685041636228561 97.301455199718475 47.913595363497734 9.091297581791876 37.593744054436684 2.9485289454460135 88.333012990653515 45.333632536232471 2666.2072989195585 10.442706681787969 4.0542272999882725 7.9855992272496215 7.6170331090688697 395.47144480794668 354.68346106261015 7.6170331090688688 9.3370083272457105 21.622545599937439 6.6341901272535315 2.8256735727191025 24.939640663564205 13.145524881780146 5.8970578908920279 322.24964266270399 4.0542272999882689 5.2827810272574416 3.3170950636267653 7.7398884817957878 16.094053827226162
leaf_count=926 2082 38 792 390 74 306 24 719 369 21702 85 33 65 62 3219 2887 62 76 176 54 23 203 107 48 2623 33 43 27 63 131
internal_value=-1.78712 -2.1854 2.74159 1.52493 3.55073 0.288737 1.80611 -0.322114 1.09918 -2.58407 -1.87444 -1.77107 1.76644 -0.954852 -2.67016 -2.04452 0.464095 -0.0252449 -2.12516 -2.36473 0.697452 -1.51092 -2.02774 -2.2335 -2.10319 1.61054 2.10663 1.36738 2.25103 0.569315
internal_weight=0 4226.72 373.235 410.091 155.412 254.679 73.0989 181.58 93.2472 3816.63 412.917 117.45 18.4283 35.5052 3403.71 394.489 12.2855 41.648 382.203 737.501 32.311 32.5567 342.029 360.581 328.884 23.2197 19.1654 13.8827 10.5656 20.1483
internal_count=37442 34404 3038 3338 1265 2073 595 1478 759 31066 3361 956 150 289 27705 3211 100 339 3111 6003 263 265 2784 2935 2677 189 156 113 86 164
is_linear=0
shrinkage=1


Tree=43
num_leaves=31
num_cat=0
split_feature=10 36 34 8 34 35 40 35 35 6 35 0 34 9 6 6 7 34 20 6 12 38 35 35 38 6 34 13 9 34
split_gain=8436.55 6388.67 3470.33 1003.77 675.202 264.885 530.274 404.272 618.151 222.49 259.44 112.798 109.705 106.546 74.5804 77.1433 79.7212 73.4752 71.1957 61.0843 54.2246 45.863 45.0966 48.0789 41.411 40.0374 38.7991 38.7975 38.0393 28.6158
threshold=1.5538125748340554 3.5000000000000004 0.97818403295510314 -0.45783048286480144 0.97142733839817097 3.9800141622745224 0.48000000000000004 1.994017580626221 0.022064128461923609 -0.76514077609537645 4.0234354356309208 -0.6050447430664162 0.012402216627463996 1.0855718869379301 -0.79167579095138085 -1.1961339953951045 -1.2600411677594499 1.9803274004695035 1.0000000180025095e-35 -0.12004686838402953 -0.31762050551988869 76.500000000000014 3.9886602266409681 4.98678569477888 49.500000000000007 1.1851951845064732 1.0049682615661399 1.1219939768305058 1.438366478306347 1.0107459457528536
decision_type=2 2 2 2 2 2 2 2 2 2 2 2 2 2 2 2 2 2 2 2 2 2 2 2 2 2 2 2 2 2
left_child=1 3 -2 4 25 7 26 8 -5 10 14 -8 -12 -4 15 16 -3 19 -11 -6 -13 -20 -15 -24 -21 -1 -7 -18 -23 -10
right_child=2 9 13 5 17 6 11 -9 29 18 12 20 -14 22 -16 -17 27 -19 21 24 -22 28 23 -25 -26 -27 -28 -29 -30 -31
leaf_value=4.9062761997206277 4.8508560887699286 -2.7849831740220399 -2.2030439030352826 -1.4402053503962273 2.4990077653320761 4.817678158275017 5.1850930182001527 -1.8353570745232255 3.8032952834235529 -2.7536345132084694 3.7380437237257671 0.71401641291398299 -1.1046382901686185 -0.88264777340266198 -0.45587530706190793 -2.2892855524771085 -0.16382133816051625 -2.5023563586950122 -2.6308230929345702 -2.1668509779197009 -2.2145908739984015 -2.1843194398939527 4.1415478539157426 -0.70913794420628218 0.84984343353165182 0.92146563269527126 0.70828426342002748 4.0545857568920383 -0.48359339207338259 0.30130164934910697
leaf_weight=111.18411231786013 254.31062154471874 5.8970578908920279 94.475781626999378 47.545029245316982 12.285537272691728 35.382347345352173 2.8256735727190962 88.455868363380432 46.31647551804781 2727.3892745375633 11.056983545422556 8.7227314636111277 8.1084545999765378 13.514090999960901 26.413905136287212 351.73493211716413 4.2999380454421026 8.8455868363380414 367.58327519893646 7.6170331090688732 22.973954699933529 297.31000199913979 4.7913595363497716 3.5628058090806007 11.302694290876387 2.5799628272652617 2.4571074545383444 4.4227934181690216 13.759801745414732 2.4571074545383444
leaf_count=905 2070 48 769 387 100 288 23 720 377 22200 90 71 66 110 215 2863 35 72 2992 62 187 2420 39 29 92 21 20 36 112 20
internal_value=-1.78712 -2.19432 2.78124 1.55206 3.57277 0.343303 1.96516 -0.291854 1.12565 -2.59756 -1.90342 -0.868954 1.68922 -1.74264 -2.07873 -2.19573 0.0550601 0.0416318 -2.68152 0.762762 -1.40866 -2.39168 0.246428 2.07287 -0.36467 4.81591 4.55083 1.97509 -2.10909 3.62687
internal_weight=0 4228.93 370.655 410.951 153.815 257.136 72.3618 184.774 96.3186 3817.98 411.934 34.5224 19.1654 116.344 392.769 366.355 14.6198 40.0509 3406.04 31.2053 31.6967 678.653 21.8683 8.35417 18.9197 113.764 37.8395 8.72273 311.07 48.7736
internal_count=37439 34422 3017 3345 1252 2093 589 1504 784 31077 3353 281 156 947 3197 2982 119 326 27724 254 258 5524 178 68 154 926 308 71 2532 397
is_linear=0
shrinkage=1


Tree=44
num_leaves=31
num_cat=0
split_feature=10 36 34 2 34 35 35 35 35 41 35 34 20 34 38 34 49 20 38 41 9 35 4 35 38 15 2 35 35 35
split_gain=8525.3 6303.1 3462.76 880.034 665.804 208.575 509.162 395.11 591.591 163.829 262.097 254.102 118.23 85.9848 85.5616 71.9323 63.0589 62.9394 57.701 56.0533 53.7385 53.2602 50.0903 41.995 40.9569 39.5547 113.786 39.0052 34.5 48.7484
threshold=1.5538125748340554 3.5000000000000004 0.97818403295510314 -0.59810951572557214 0.97142733839817097 3.9800141622745224 4.9787236971600306 1.994017580626221 0.97226404297204638 1.0000000180025095e-35 4.9910412470886953 0.020517744963466793 3.0452912483573158 1.0087816834276795 76.500000000000014 1.0021643176079233 11.500000000000002 1.0000000180025095e-35 76.500000000000014 1.0000000180025095e-35 1.0000000180025095e-35 3.9886602266409681 3.3026576084114181 4.999983026820618 86.500000000000014 0.79801957273990409 -0.77409733053292873 0.99472776582119626 1.9997339394412064 3.9941869586429366
decision_type=2 2 2 2 2 2 2 2 2 2 2 2 2 2 2 2 2 2 2 2 2 2 2 2 2 2 2 2 2 2
left_child=1 3 -2 4 25 7 13 8 -5 10 20 -12 -4 -7 -6 27 -10 -11 -19 -8 -3 -14 -22 -23 -20 -1 -27 -16 -29 -30
right_child=2 9 12 5 14 6 19 -9 16 17 11 -13 21 -15 15 -17 -18 18 24 -21 22 23 -24 -25 -26 26 -28 28 29 -31
leaf_value=4.764076520885407 4.8349167728236431 -2.5727147464980815 -2.2117773059785542 -1.3435864158541966 -1.9969531124631499 4.8003094558058272 2.74319733377463 -1.858836840719625 4.0156027478814149 -2.7599812599264055 3.9902816741387332 -1.9371027280409558 -0.77767551353658959 -1.3266288069345751 -1.2103480600571703 -1.597950549648522 -0.67545662442110221 -2.6673449978188777 -0.11514567667695119 -1.3771072706953094 -2.0384079241841504 4.930728884405827 1.2196213939193892 -0.12337586098576714 -2.125632925567599 4.6342894803598078 -0.5299819879021348 4.7676749524863826 -0.10568096472181332 3.6493095688759234
leaf_weight=99.758562654256821 257.01343974471092 314.26404343545437 96.932889081537724 47.17646312713623 14.619789354503153 33.785227499902248 3.6856611818075171 83.050231963396072 42.753669708967209 2574.8029016107321 13.391235627233984 15.725487709045408 10.565562054514887 2.4571074545383444 3.4399504363536897 8.1084545999765378 3.0713843181729308 348.17212630808353 10.565562054514883 31.696686163544655 312.17550209909678 3.9313719272613517 4.7913595363497725 2.8256735727190971 247.30786529928446 16.33976457268 5.7742025181651107 4.7913595363497761 7.3713223636150342 6.5113347545266151
leaf_count=812 2092 2558 789 384 119 275 30 676 348 20958 109 128 86 20 28 66 25 2834 86 258 2541 32 39 23 2013 133 47 39 60 53
internal_value=-1.78712 -2.19791 2.79868 1.50741 3.28364 0.311799 1.75052 -0.273529 1.14215 -2.59764 -2.14438 0.788994 -1.78175 4.38492 -0.0109042 0.949827 3.70119 -2.69174 -2.4018 -0.947909 -2.27969 0.624579 -1.98916 2.81719 -2.04326 4.49585 3.28584 1.88401 2.45403 1.65551
internal_weight=0 4255.59 371.269 414.391 166.715 247.676 71.6247 176.052 93.0015 3841.2 660.348 29.1167 114.255 36.2423 44.8422 30.2224 45.8251 3180.85 606.046 35.3823 631.231 17.3226 316.967 6.75705 257.873 121.873 22.114 22.114 18.674 13.8827
internal_count=37661 34639 3022 3373 1357 2016 583 1433 757 31266 5375 237 930 295 365 246 373 25891 4933 288 5138 141 2580 55 2099 992 180 180 152 113
is_linear=0
shrinkage=1


Tree=45
num_leaves=31
num_cat=0
split_feature=10 36 34 8 34 35 35 35 35 6 35 34 0 20 49 35 20 34 6 7 49 6 6 12 35 35 3 25 9 32
split_gain=8449.22 6268.97 3512.69 893.201 726.666 250.645 502.404 397.769 600.633 236.528 258.519 124.146 121.211 108.423 84.2695 111.961 77.4324 64.7317 60.2446 79.6989 59.4614 58.3693 54.7578 51.1272 50.4275 55.4725 30.3887 29.2523 26.8075 26.3293
threshold=1.5538125748340554 3.5000000000000004 0.97818403295510314 -0.44363805174491361 0.97142733839817097 3.9800141622745224 4.9842535810722159 1.994017580626221 0.022064128461923609 -0.76514077609537645 4.0234354356309208 0.012402216627463996 -0.6050447430664162 3.0452912483573158 14.500000000000002 3.0240388752901493 1.0000000180025095e-35 1.0054918159952393 -1.1961339953951045 -1.2600411677594499 11.500000000000002 -0.79167579095138085 -0.11351946301772431 -0.31762050551988869 3.0011073808500774 4.999983026820618 -0.38253053807396148 -0.36609582375636257 1.0000000180025095e-35 1.0414634227844248
decision_type=2 2 2 2 2 2 2 2 2 2 2 2 2 2 2 2 2 2 2 2 2 2 2 2 2 2 2 2 2 2
left_child=1 3 -2 4 -1 7 17 8 -5 10 18 -12 -8 26 15 22 -11 -7 19 -3 -10 28 -6 -14 -15 -26 -4 -21 -20 -23
right_child=2 9 13 5 14 6 12 -9 20 16 11 -13 23 24 -16 -17 -18 -19 21 27 -22 29 -24 -25 25 -27 -28 -29 -30 -31
leaf_value=4.8035468175086642 4.8485497027184294 -2.7917662175898887 -2.3042541541834973 -1.4447850497293584 1.8274864521150573 4.7934946266542493 5.1850930182001527 -1.7967139884787962 3.8680670522412055 -2.7562010702341415 3.8433920926916216 -1.2103480600571692 0.70238596466537517 -0.94251038466539194 -2.1331264641760321 5.1850930182001527 -2.3788349430238651 -0.51266357879273405 -2.5240129667029159 -0.58049401447122073 -0.67545662442110221 -1.1666587620974505 -1.2300566612228314 -2.1710633216913511 4.3909806005007965 -1.0010427156778388 -0.24134183607878712 3.335172045150514 -1.9745342393685488 1.4283304267762715
leaf_weight=110.07841396331787 255.53917527198792 6.1427686363458625 92.264384917914867 45.702198654413223 9.8284298181533831 35.750913463532925 3.0713843181729308 86.367327027022839 46.31647551804781 2727.3892745375633 11.179838918149473 8.5998760908842069 8.4770207181572932 10.934128172695639 13.39123562723398 5.0370702818036071 679.14450043439865 2.4571074545383444 171.87466644495726 2.9485289454460135 3.0713843181729308 21.253979481756691 14.496933981776239 22.973954699933529 5.0370702818036062 3.0713843181729317 7.7398884817957869 5.4056363999843589 183.66878222674131 4.7913595363497725
leaf_count=896 2080 50 751 372 80 291 25 703 377 22200 91 70 69 89 109 41 5528 20 1399 24 25 173 118 187 41 25 63 44 1495 39
internal_value=-1.78712 -2.19677 2.75841 1.53417 3.44462 0.385491 1.95398 -0.243179 1.16785 -2.59405 -1.8821 1.64611 -0.811021 -1.72815 -0.0542234 0.893896 -2.68097 4.45226 -2.05829 -0.0573949 3.58551 -2.1343 0.00531429 -1.39658 0.458843 2.34855 -2.14459 1.95317 -2.24016 -0.689279
internal_weight=0 4229.42 374.586 407.02 152.832 254.188 72.7304 181.457 95.0901 3822.4 415.865 19.7797 34.5224 119.047 42.7537 29.3624 3406.53 38.208 396.086 14.4969 49.3879 381.589 24.3254 31.451 19.0426 8.10845 100.004 8.35417 355.543 26.0453
internal_count=37475 34426 3049 3313 1244 2069 592 1477 774 31113 3385 161 281 969 348 239 27728 311 3224 118 402 3106 198 256 155 66 814 68 2894 212
is_linear=0
shrinkage=1


Tree=46
num_leaves=31
num_cat=0
split_feature=10 36 34 8 34 6 35 35 40 40 35 34 36 49 35 6 9 6 6 1 25 6 35 34 9 6 14 35 6 49
split_gain=8553.02 6241.02 3395.4 976.09 742.313 242.191 253.897 217.114 555.463 402.842 628.212 143.33 118.966 108.038 110.822 77.1608 75.3471 59.6397 56.0491 70.7626 54.6064 46.8686 44.478 38.4993 37.5866 36.4453 31.9313 45.7786 33.8826 30.5186
threshold=1.5538125748340554 3.5000000000000004 0.97969095649895754 -0.66463462878230972 0.97142733839817097 -0.76514077609537645 4.0234354356309208 3.9800141622745224 0.48000000000000004 0.20500000000000004 0.022064128461923609 0.012402216627463996 3.5000000000000004 14.500000000000002 3.0240388752901493 -0.79167579095138085 0.14409912162382785 -0.12004686838402953 -1.1961339953951045 0.057817130631503982 0.64169804028513366 -0.62578615216381828 0.99070325277622573 1.0025088197887342 1.438366478306347 1.1851951845064732 0.71332271620440968 4.0088359507986304 0.34392937879299945 14.500000000000002
decision_type=2 2 2 2 2 2 2 2 2 2 2 2 2 2 2 2 2 2 2 2 2 2 2 2 2 2 2 2 2 2
left_child=1 3 -2 4 25 6 15 9 23 10 -5 -8 22 14 17 18 -7 -6 19 -3 -10 -22 -4 -9 26 -1 27 -18 -29 -24
right_child=2 5 12 7 13 16 11 8 20 -11 -12 -13 -14 -15 -16 -17 24 -19 -20 -21 21 -23 29 -25 -26 -27 -28 28 -30 -31
leaf_value=4.9295882380659428 4.8384762464076942 -2.6474025733534114 -2.1405940350764157 -1.3764634127391775 1.9093792951903037 -2.7864567502400863 3.9464502797234364 4.778110404129233 1.7935712342758152 -1.8014418566839823 3.7611851778475853 -1.348048944517255 -2.163789935360251 -2.3230345172461391 5.1850930182001527 -0.38212198560017474 -2.4817817831745934 -1.3585490119597454 -2.2403089769960634 1.8258714417417612 2.3539096159676576 -1.9192526133887224 2.403186542272342 0.93831791485141736 -1.3791426926211454 1.2922158401304786 -2.7660305522883455 -1.8349372162556146 1.929232105632789 -0.46282897298813164
leaf_weight=109.5869924724102 256.76772899925709 6.5113347545266134 4.9142149090766933 48.159306108951569 10.074140563607218 2177.2429154664278 11.30269429087639 34.399504363536835 5.8970578908920279 88.455868363380432 47.053607754409313 9.3370083272457105 94.84434774518013 14.251223236322401 5.2827810272574416 26.045339018106461 761.45760016143322 12.531248018145563 357.01771314442158 7.7398884817957878 2.8256735727190998 28.011024981737137 9.7055744454264623 2.8256735727190962 30.468132436275482 2.8256735727190962 334.16661381721497 89.315855972468853 2.4571074545383444 6.0199132636189452
leaf_count=892 2090 53 40 392 82 17722 92 280 48 720 383 76 772 116 43 212 6198 102 2906 63 23 228 79 23 248 23 2720 727 20 49
internal_value=-1.78712 -2.18703 2.81304 1.50951 3.49634 -2.58661 -1.86832 0.317604 1.76428 -0.264935 1.16253 1.55132 -1.69032 -0.0831367 1.06148 -2.04596 -2.67504 0.0978103 -2.16268 -0.217952 -0.994509 -1.52769 0.485413 4.48664 -2.47585 4.83816 -2.50399 -2.40137 -1.73416 1.30604
internal_weight=0 4225.24 372.252 412.18 154.552 3813.06 417.954 257.628 73.9589 183.669 95.2129 20.6397 115.484 42.1394 27.8882 397.314 3395.11 22.6054 371.269 14.2512 36.7338 30.8367 20.6397 37.2252 1217.87 112.413 1187.4 853.231 91.773 15.7255
internal_count=37422 34392 3030 3355 1258 31037 3402 2097 602 1495 775 168 940 343 227 3234 27635 184 3022 116 299 251 168 303 9913 915 9665 6945 747 128
is_linear=0
shrinkage=1


Tree=47
num_leaves=31
num_cat=0
split_feature=10 36 46 8 46 35 35 40 35 14 35 46 9 0 49 35 6 6 7 9 12 6 49 35 9 3 32 35 46 3
split_gain=8224.49 6555.65 3525.81 1003.63 710.569 256.15 487.807 403.771 607.424 230.903 258.877 129.532 110.555 106.126 81.2839 101.23 80.7309 81.5647 79.9902 75.8161 55.5752 48.7999 42.1327 40.8324 37.8909 31.9074 30.3734 28.3424 25.2467 31.0304
threshold=1.5538125748340554 3.5000000000000004 10.500000000000002 -0.45783048286480144 7.0000000000000009 3.9800141622745224 4.9787236971600306 0.20500000000000004 0.022064128461923609 -1.0981005470923344 4.0234354356309208 7.0000000000000009 1.4914074852884396 -0.6050447430664162 14.500000000000002 3.0240388752901493 -1.1961339953951045 -0.79167579095138085 -1.2600411677594499 0.15066954889719533 -0.31762050551988869 -0.12004686838402953 11.500000000000002 3.0011073808500774 1.438366478306347 0.75494433020078344 0.90695678346255371 4.999983026820618 13.500000000000002 -0.41699528620196336
decision_type=2 2 2 2 2 2 2 2 2 2 2 2 2 2 2 2 2 2 2 2 2 2 2 2 2 2 2 2 2 2
left_child=1 3 -2 4 -1 7 28 8 -5 10 16 -12 -4 -8 15 21 18 -18 -3 -11 -15 -6 -10 -14 -21 -20 -19 -25 -7 -30
right_child=2 9 12 5 14 6 13 -9 22 19 11 -13 23 20 -16 -17 17 26 25 24 -22 -23 -24 27 -26 -27 -28 -29 29 -31
leaf_value=4.842731197740914 4.8335990574790273 -2.7736781014089589 -2.2164045220111954 -1.3519334254260311 1.882045715595579 4.8608040826854744 5.1850930182001527 -1.7771964853774855 3.9125867316172207 -2.7836419795993006 3.7996202894480811 -1.3266288069345751 -0.74522507254754577 0.8952762752904504 -2.2219905578906003 5.1850930182001527 -2.2771917909040869 -1.0999549459330498 -0.24134183607878668 -2.5009801508839957 -2.0170076915365551 -1.1786351290906041 -0.24134183607878712 4.1984684992403452 -1.4011905072223771 3.5571625619164702 1.329468253317748 -0.10568096472181421 4.3051306093981605 -0.10568096472181354
leaf_weight=116.83545946329832 253.20492319017649 5.5284917727112761 100.24998414516449 47.422173872590065 8.4770207181572932 30.836698554456234 2.8256735727190962 88.333012990653515 45.579343281686306 2205.7453619390726 11.548405036330225 8.5998760908842069 8.5998760908842069 9.091297581791876 12.285537272691725 4.545648790895938 355.7891594171524 19.411148890852932 3.6856611818075162 1170.6888467147946 23.465376190841198 13.514090999960901 2.5799628272652617 4.0542272999882689 32.188107654452324 5.528491772711277 7.0027562454342833 2.4571074545383453 4.5456487908959389 2.4571074545383444
leaf_count=951 2061 45 816 386 69 251 23 719 371 17954 94 70 70 74 100 37 2896 158 30 9529 191 110 21 33 262 45 57 20 37 20
internal_value=-1.78712 -2.17905 2.74591 1.60704 3.61113 0.39386 1.97567 -0.235905 1.1885 -2.58757 -1.88526 1.61159 -1.83633 -0.693545 -0.0953776 0.889165 -2.06275 -2.15132 0.233471 -2.67351 -1.20377 0.00118039 3.69005 0.685123 -2.47155 2.03776 -0.455875 2.57426 4.47155 2.75748
internal_weight=0 4238.51 368.566 412.794 155.658 257.136 73.2218 183.914 95.5815 3825.72 417.094 20.1483 115.361 35.3823 38.8223 26.5368 396.946 382.203 14.7426 3408.62 32.5567 21.9911 48.1593 15.1112 1202.88 9.21415 26.4139 6.51133 37.8395 7.00276
internal_count=37500 34500 3000 3360 1267 2093 596 1497 778 31140 3395 164 939 288 316 216 3231 3111 120 27745 265 179 392 123 9791 75 215 53 308 57
is_linear=0
shrinkage=1


Tree=48
num_leaves=31
num_cat=0
split_feature=10 36 34 8 34 35 35 35 35 6 35 34 20 0 49 35 20 6 49 34 14 10 6 12 38 35 35 38 3 38
split_gain=8354.82 6216.52 3386.32 991.594 737.695 237.22 554.86 430.946 618.759 231.293 237.63 141.774 113.82 109.005 108.539 113.31 72.8521 66.9692 66.0066 65.9295 60.0658 72.8645 56.9964 53.3034 50.6061 41.7869 63.5119 37.1429 31.4368 30.7347
threshold=1.5538125748340554 3.5000000000000004 0.97818403295510314 -0.45783048286480144 0.97142733839817097 3.9800141622745224 4.9787236971600306 1.994017580626221 0.022064128461923609 -0.76514077609537645 4.0234354356309208 0.012402216627463996 2.7993136115235902 -0.6050447430664162 14.500000000000002 3.0240388752901493 1.0000000180025095e-35 -0.78137799809396824 11.500000000000002 1.0052515880745134 -2.535449313321108 -1.0000000180025095e-35 -0.10712599987421977 -0.31762050551988869 76.500000000000014 3.0011073808500774 4.999983026820618 78.500000000000014 1.0058428458720641 28.500000000000004
decision_type=2 2 2 2 2 2 2 2 2 2 2 2 2 2 2 2 2 2 2 2 2 2 2 2 2 2 2 2 2 2
left_child=1 3 -2 4 -1 7 19 8 -5 10 17 -12 -4 -8 15 22 -11 20 29 -7 21 -3 -6 -15 -18 -14 -27 -26 -23 -10
right_child=2 9 12 5 14 6 13 -9 18 16 11 -13 25 23 -16 -17 24 -19 -20 -21 -22 28 -24 -25 27 26 -28 -29 -30 -31
leaf_value=4.8130958519111715 4.8033008173792702 -2.2647582224200864 -2.1888445511776076 -1.4441083243983459 1.9952292862929366 4.8447591249004276 5.1850930182001527 -1.9214932135542746 1.6702431694058393 -2.751623570064412 3.968823137068664 -1.4642003947895339 -0.67545662442110266 0.6752856730899528 -2.4365813907643581 5.1850930182001527 -2.6381868254133818 -0.33490105770428591 -0.62894432567013991 -0.51266357879273405 -2.2327619940610992 -0.12337586098576603 -1.2257835574302762 -2.1405940350764161 0.48218281115840478 4.7328901136769073 -1.2587983712560884 -2.1333382672404677 4.3430600235706613 4.2073570084201641
leaf_weight=112.90408753603697 254.06491079926491 7.2484669908881187 95.335769236087799 47.6678846180439 9.0912975817918795 35.259491972625256 2.702818199992179 88.08730224519968 5.4056363999843589 2744.7118820920587 10.688417427241804 8.7227314636111242 12.285537272691728 9.091297581791876 13.514090999960898 5.2827810272574416 360.33480820804834 21.376834854483604 3.4399504363536826 2.4571074545383444 360.21195283532143 2.8256735727190954 13.882657118141653 25.799628272652626 5.5284917727112761 4.4227934181690207 2.9485289454460144 303.20705989003181 3.5628058090806007 40.91083911806345
leaf_count=919 2068 59 776 388 74 287 22 717 44 22341 87 71 100 74 110 43 2933 174 28 20 2932 23 113 210 45 36 24 2468 29 333
internal_value=-1.78712 -2.19512 2.76542 1.47869 3.48475 0.289033 1.78583 -0.318606 1.13066 -2.59384 -1.88857 1.5274 -1.73709 -0.932946 -0.105681 1.0091 -2.6795 -2.05634 3.59736 4.49574 -2.15477 -0.0946814 0.0488418 -1.40688 -2.38362 0.45392 2.33621 -2.0865 2.36752 3.91125
internal_weight=0 4243.92 369.058 415.497 154.675 260.822 75.3103 185.512 97.4243 3828.42 414.637 19.4111 114.993 37.5937 41.7708 28.2567 3413.78 395.226 49.7564 37.7166 373.849 13.6369 22.974 34.8909 669.07 19.6569 7.37132 308.736 6.38848 46.3165
internal_count=37548 34544 3004 3382 1259 2123 613 1510 793 31162 3375 158 936 306 340 230 27787 3217 405 307 3043 111 187 284 5446 160 60 2513 52 377
is_linear=0
shrinkage=1


Tree=49
num_leaves=31
num_cat=0
split_feature=10 36 34 8 34 6 35 35 40 35 35 34 0 49 35 20 20 49 6 6 1 38 34 6 35 35 38 6 38 46
split_gain=8499.59 6286.76 3517.61 921.485 724.315 219.237 233.505 209.98 538.69 416.856 663.521 126.107 124.348 111.153 117.472 90.4899 78.411 63.2622 60.0631 59.8214 80.2035 54.6376 54.2832 53.2424 44.342 34.9729 32.5925 28.2537 28.2461 27.7811
threshold=1.5538125748340554 3.5000000000000004 0.97818403295510314 -0.45783048286480144 0.9897238237279713 -0.76514077609537645 4.0234354356309208 3.9800141622745224 0.48000000000000004 1.994017580626221 0.022064128461923609 0.012402216627463996 -0.6050447430664162 14.500000000000002 3.0240388752901493 3.0452912483573158 -0.042836313289873598 11.500000000000002 -0.79167579095138085 -1.1961339953951045 -0.039288856269127939 76.500000000000014 1.0052515880745134 -0.12004686838402953 3.0011073808500774 4.98678569477888 78.500000000000014 1.1851951845064732 28.500000000000004 1.5000000000000002
decision_type=2 2 2 2 2 2 2 2 2 2 2 2 2 2 2 2 2 2 2 2 2 2 2 2 2 2 2 2 2 2
left_child=1 3 -2 4 27 6 18 9 22 10 -5 -8 -10 14 23 -4 -7 28 19 20 -3 -18 -9 -6 -17 -26 -23 -1 -12 -14
right_child=2 5 15 7 13 16 11 8 12 -11 17 -13 29 -15 -16 24 21 -19 -20 -21 -22 26 -24 -25 25 -27 -28 -29 -30 -31
leaf_value=4.8485934266778266 4.8428620574907306 -2.7884439105362482 -2.20799242976332 -1.5219804616886168 1.8207034085472085 -2.7609191613644839 3.8444444071430008 4.7566902665465527 5.1850930182001527 -1.7933941778746703 1.8552352667108032 -1.3266288069345751 0.40747102693282411 -2.5065050091952252 5.1850930182001527 -1.06161687219072 -2.6467888265092299 -0.67545662442110221 -0.56530809603573862 -2.2528170891103407 2.1499684386882039 0.20163243773990192 -0.10568096472181354 -1.3266288069345751 4.1676364830228518 -0.24134183607878756 -2.1455590185275861 1.6461137654095399 4.2833239607835356 -2.0374153441851965
leaf_weight=109.95555859059095 257.13629511743784 6.0199132636189461 96.441467590630054 46.070764772593975 9.2141529545187968 2659.573108792305 10.442706681787969 35.013781227171421 2.9485289454460135 86.981603890657425 5.4056363999843589 8.5998760908842069 5.6513471454381969 13.39123562723398 5.4056363999843589 10.565562054514887 399.64852748066187 3.0713843181729308 24.693929918110371 359.10625448077917 7.248466990888117 6.0199132636189452 2.4571074545383444 12.899814136326315 3.9313719272613517 3.3170950636267662 342.39792378991842 2.8256735727190962 42.139392845332623 26.168194390833378
leaf_count=895 2093 49 785 375 75 21648 85 285 24 708 44 70 46 109 44 86 3253 25 201 2923 59 49 20 105 32 27 2787 23 343 213
internal_value=-1.78712 -2.19795 2.79139 1.52542 3.46087 -2.5968 -1.91157 0.363043 1.80741 -0.205045 1.22386 1.50912 -1.0275 -0.143568 1.00625 -1.82551 -2.68047 3.72312 -2.07562 -2.17577 -0.0906075 -2.39445 4.43785 -0.0152404 0.245166 2.14997 -2.105 4.76836 4.00726 -1.60319
internal_weight=0 4233.35 371.392 409.6 153.692 3823.75 416.111 255.908 72.239 183.669 96.6872 19.0426 34.7681 40.9108 27.5196 114.255 3407.64 50.6164 397.069 372.375 13.2684 748.066 37.4709 22.114 17.814 7.24847 348.418 112.781 47.545 31.8195
internal_count=37481 34458 3023 3334 1251 31124 3387 2083 588 1495 787 155 283 333 224 930 27737 412 3232 3031 108 6089 305 180 145 59 2836 918 387 259
is_linear=0
shrinkage=1


Tree=50
num_leaves=31
num_cat=0
split_feature=10 36 34 8 34 14 49 49 49 49 34 49 49 49 49 49 49 9 20 6 14 9 38 6 6 38 6 9 20 4
split_gain=8459.25 6394.64 3573.23 1018.23 690.826 214.882 172.642 315.476 230.835 287.59 128.563 169.413 259.907 223.905 262.271 99.6764 109.227 90.6016 88.1998 80.457 76.0556 68.0763 65.768 62.2103 51.5437 38.7755 38.5568 35.7002 33.322 32.1677
threshold=1.5538125748340554 3.5000000000000004 0.97818403295510314 -0.45783048286480144 0.98244696431701617 -1.0981005470923344 14.500000000000002 13.500000000000002 11.500000000000002 10.500000000000002 0.016342721523906683 3.5000000000000004 4.5000000000000009 1.5000000000000002 1.0000000180025095e-35 14.500000000000002 13.500000000000002 1.4914074852884396 0.2055897676849886 -0.48844301783526928 -2.3055110860920025 0.14409912162382785 76.500000000000014 -0.12004686838402953 -0.79167579095138085 78.500000000000014 -0.78137799809396824 1.4914074852884396 0.50555870692172056 0.48313065292045648
decision_type=2 2 2 2 2 2 2 2 2 2 2 2 2 2 2 2 2 2 2 2 2 2 2 2 2 2 2 2 2 2
left_child=1 3 -2 4 -1 18 7 8 9 10 11 13 -13 14 -5 16 23 -4 26 -14 28 -7 -23 -6 -22 -24 -3 -27 -20 -15
right_child=2 5 17 6 15 21 -8 -9 -10 -11 -12 12 19 29 -16 -17 -18 -19 20 -21 24 22 25 -25 -26 27 -28 -29 -30 -31
leaf_value=4.7954288132386331 4.8618436692251628 -2.2283809272471458 -2.2081723130014512 -0.90026606838408685 2.158812041775358 -2.7808527173242998 -1.9329834708135172 4.8744192670009774 -1.9842695872875855 4.4843282522502239 -2.1143370922331308 4.9354104328805697 4.5067886614152783 -1.9687007570837292 3.5425622887659443 -2.1479270551497658 5.1850930182001527 0.42041851200401048 -0.83117171154388925 -1.1963943704318805 -1.5766425593830289 -2.7024529413764027 -0.24134183607878712 -1.1537512363557769 1.1819853388140498 -2.3165209684107628 -0.6633978803004823 -0.87754454313218 3.4408818150390643 0.20411177136202152
leaf_weight=115.48405036330223 256.76772899925709 309.84125001728535 99.144285790622234 25.799628272652626 9.5827190726995486 2199.1111718118191 30.345277063548565 16.094053827226162 37.102322563529015 18.551161281764507 19.042582772672176 20.025425754487514 2.9485289454460171 39.55943001806736 27.396748118102551 13.636946372687815 5.4056363999843589 15.111210845410822 2.8256735727190962 15.356921590864657 70.396128572523594 650.51919858902693 9.582719072699545 13.882657118141653 7.4941777363419524 536.01799120754004 16.585475318133831 17.814029045403004 5.1599256545305252 8.2313099727034551
leaf_count=940 2090 2522 807 210 78 17900 247 131 302 151 155 163 24 322 223 111 44 123 23 125 573 5295 78 113 61 4363 135 145 42 67
internal_value=-1.78712 -2.18756 2.79171 1.52392 3.52678 -2.59355 0.308981 0.604637 0.283546 0.759157 0.322772 0.655886 2.44579 -0.0234923 1.38784 0.0801666 1.13259 -1.86052 -1.91164 -0.277761 -1.00989 -2.67592 -2.48584 0.199023 -1.31122 -2.23573 -2.14887 -2.27024 1.92923 -1.59446
internal_weight=0 4243.79 371.023 418.445 157.992 3825.35 260.453 230.108 214.014 176.912 158.361 139.318 38.3309 100.987 53.1964 42.508 28.871 114.255 412.303 18.3055 85.8759 3413.05 1213.93 23.4654 77.8903 563.415 326.427 553.832 7.9856 47.7907
internal_count=37563 34543 3020 3406 1286 31137 2120 1873 1742 1440 1289 1134 312 822 433 346 235 930 3356 149 699 27781 9881 191 634 4586 2657 4508 65 389
is_linear=0
shrinkage=1


Tree=51
num_leaves=31
num_cat=0
split_feature=10 9 34 8 34 42 42 6 35 35 40 40 35 20 34 9 20 49 49 14 10 6 20 10 38 6 38 35 6 9
split_gain=8515.82 4941.06 3528.39 828.337 655.765 313.43 307.078 261.522 230.234 164.472 665.672 335.089 721.009 144.062 124.031 118.996 82.8368 80.5187 98.6748 72.0687 84.8793 64.2409 63.858 97.499 60.9431 48.1099 47.61 44.1676 42.3455 38.0987
threshold=1.5538125748340554 1.20733357875903 0.97142733839817097 -0.45783048286480144 0.017604727457931579 0.84375000000000011 0.21875000000000003 -0.76514077609537645 4.9842535810722159 3.0240388752901493 0.43500000000000005 0.13500000000000004 0.97226404297204638 1.496308439195347 0.020517744963466793 1.4914074852884396 -0.042836313289873598 14.500000000000002 13.500000000000002 -2.535449313321108 -1.0000000180025095e-35 -0.79167579095138085 0.43955239061280355 -0.64272771125071471 377.50000000000006 -0.63827934009972387 76.500000000000014 3.0011073808500774 -0.11351946301772431 0.65759171132335259
decision_type=2 2 2 2 2 2 2 2 2 2 2 2 2 2 2 2 2 2 2 2 2 2 2 2 2 2 2 2 2 2
left_child=1 6 -2 4 5 22 -1 8 19 11 -11 12 -5 16 -10 -4 -9 18 24 20 -8 29 23 -3 28 -12 -18 -17 -6 -21
right_child=2 3 15 9 17 -7 7 13 14 10 25 -13 -14 -15 -16 27 26 -19 -20 21 -22 -23 -24 -25 -26 -27 -28 -29 -30 -31
leaf_value=1.9970625413112755 4.855787714097076 3.705156239760441 -2.2008877556795152 -1.595007797558349 0.40466231324013346 -2.2981356921361273 -2.2008877556795152 -2.7559024414562274 3.860033344480875 4.5018375347234247 1.2717986521336098 -1.7763333528692937 3.8362363544222444 2.74319733377463 -1.234914415031269 -0.77634245551473891 -2.6149578766425221 -2.4027184305797205 3.7570838460214842 -2.3549123011492337 2.8814178442138112 -0.53992557207978131 4.7011136933590585 -2.0824536616377132 1.8552352667108032 -1.6730979710999068 -2.0926423176840183 2.5638490631671051 -2.6118370618953763 -1.5516273252827262
leaf_weight=14.74264472723007 258.11913809925318 18.919727399945263 99.512851908802986 56.63632682710886 7.7398884817957905 7.6170331090688697 6.6341901272535324 2652.8160632923245 10.565562054514887 33.662372127175331 6.388479381799697 111.18411231786013 42.999380454421043 4.9142149090766898 8.7227314636111242 8.7227314636111242 371.02322563529015 14.496933981776236 7.0027562454342833 270.15896462649107 6.5113347545266134 25.676772899925709 90.912975817918777 3.4399504363536826 8.1084545999765378 42.139392845332623 329.49810965359211 7.2484669908881179 11.671260409057142 75.556054227054119
leaf_count=120 2101 154 810 461 63 62 54 21593 86 274 52 905 350 40 71 71 3020 118 57 2199 53 209 740 28 66 343 2682 59 95 615
internal_value=-1.78712 -2.17998 2.80021 0.903567 2.66021 3.9112 -2.55793 -2.57578 -1.81545 -0.115066 1.08485 -0.582866 0.748932 -2.66721 1.55595 -1.79423 -2.67514 -0.424943 0.405582 -1.98456 0.316516 -2.06601 4.32875 2.81475 -0.447256 -1.28542 -2.36928 0.739591 -1.40906 -2.17935
internal_weight=0 4239.74 373.603 462.919 169.909 120.89 3776.82 3762.08 403.826 293.01 82.1902 210.82 99.6357 3358.25 19.2883 115.484 3353.34 49.0193 34.5224 384.537 13.1455 371.392 113.273 22.3597 27.5196 48.5279 700.521 15.9712 19.4111 345.715
internal_count=37551 34510 3041 3768 1383 984 30742 30622 3287 2385 669 1716 811 27335 157 940 27295 399 281 3130 107 3023 922 182 224 395 5702 130 158 2814
is_linear=0
shrinkage=1


Tree=52
num_leaves=31
num_cat=0
split_feature=1 9 46 8 34 6 35 9 9 49 35 40 40 35 34 9 9 9 49 49 9 9 9 38 38 4 6 6 40 1
split_gain=8338.51 4877.99 3433.15 789.387 560.732 270.831 270.04 181.411 176.905 173.952 312.16 419.192 337.934 660.02 147.218 117.483 113.598 91.0966 77.14 89.3662 60.0207 55.5373 62.6695 55.5096 53.7887 52.2665 57.0382 44.1628 77.7969 39.1343
threshold=1.5741039265518844 1.20733357875903 10.500000000000002 -0.68045660522688289 0.017604727457931579 -0.76514077609537645 4.0234354356309208 1.3528464379280607 1.293112571040208 14.500000000000002 3.0240388752901493 0.43500000000000005 0.13500000000000004 0.97226404297204638 0.020517744963466793 1.0855718869379301 1.20733357875903 0.60814085480596858 14.500000000000002 13.500000000000002 0.15066954889719533 1.1285606522792044 1.1219186791610138 163.50000000000003 76.500000000000014 2.9013731256076283 -0.79167579095138085 -0.39224279142266311 0.44500000000000006 1.3510698025677781
decision_type=2 2 2 2 2 2 2 2 2 2 2 2 2 2 2 2 2 2 2 2 2 2 2 2 2 2 2 2 2 2
left_child=1 5 -2 4 7 6 17 8 -3 10 12 -12 13 -5 -8 20 -4 -1 19 23 -7 22 -17 -6 -22 26 -19 28 -13 -14
right_child=2 3 16 9 18 15 14 -9 -10 -11 11 27 29 -15 -16 21 -18 25 -20 -21 24 -23 -24 -25 -26 -27 -28 -29 -30 -31
leaf_value=-2.256874781953822 4.8019585688346371 4.252424527620958 -2.2136421965763247 -1.4356767800827641 -1.6464008608474412 -2.7778944221620576 4.2011790061605634 4.4688036174353325 -1.0703804943714028 -2.0417010634330146 4.6841913393436361 -2.3284321646476096 -1.7572556519836577 3.879017007428144 -1.2587983712560882 -1.343156019688724 0.41184013712145573 -1.5648625322443821 -2.1892928094096886 3.7570838460214842 -2.6969753302619779 -2.0970373673497624 1.8334714905572782 1.2780599231193159 -2.2416121915822727 2.3122745659348314 0.96453257598319952 -1.4935960332200808 4.2274868674450445 1.5091210201402259
leaf_weight=292.3957870900631 255.78488601744175 11.794115781784059 95.827190726995468 51.353545799851418 13.759801745414736 2218.8908868208528 11.179838918149473 92.14152954518795 13.268380254507063 39.436574645340443 31.942396908998489 3.1942396908998516 99.389996536076069 42.876525081694126 8.8455868363380414 24.202508427202702 19.902570381760597 85.630194790661335 14.374078609049318 7.0027562454342833 562.92331783473492 73.467512890696526 8.3541653454303724 12.285537272691725 481.10163959860802 4.1770826727151862 9.9512851908802968 19.165438145399094 4.1770826727151871 3.8085165545344344
leaf_count=2380 2082 96 780 418 112 18061 91 750 108 321 260 26 809 349 72 197 162 697 117 57 4582 598 68 100 3916 34 81 156 34 31
internal_value=-1.78712 -2.18353 2.75719 0.891339 2.64601 -2.55759 -1.79244 3.81995 1.43447 -0.08672 0.214552 2.24387 -0.386542 0.982613 1.78941 -2.6512 -1.76213 -1.97535 -0.2554 0.585736 -2.68486 -1.61524 -0.528021 -0.266938 -2.48714 -1.1502 -1.30152 -0.693545 1.38659 -1.63671
internal_weight=0 4241.09 371.515 459.971 164.626 3781.12 412.18 117.204 25.0625 295.344 255.908 58.4792 197.429 94.2301 20.0254 3368.94 115.73 392.154 47.4222 33.0481 3262.92 106.024 32.5567 26.0453 1044.02 99.7586 95.5815 26.5368 7.37132 103.199
internal_count=37545 34521 3024 3744 1340 30777 3355 954 204 2404 2083 476 1607 767 163 27422 942 3192 386 269 26559 863 265 212 8498 812 778 216 60 840
is_linear=0
shrinkage=1


Tree=53
num_leaves=31
num_cat=0
split_feature=10 36 46 8 46 35 35 40 35 6 35 46 9 49 35 6 10 9 38 6 6 38 35 35 25 6 9 4 46 3
split_gain=8515.66 6288.64 3467.03 1047.44 676.772 239.09 522.028 398.327 632.369 237.909 271.436 129.705 103.788 96.5419 93.1438 86.6172 100.251 80.9665 76.1791 73.3506 71.8986 52.5942 50.8283 56.0425 46.0162 41.1993 36.3269 30.6656 28.2313 37.5164
threshold=1.5538125748340554 3.5000000000000004 10.500000000000002 -0.45783048286480144 7.0000000000000009 3.9800141622745224 4.0234354356309208 0.20500000000000004 0.022064128461923609 -0.76514077609537645 4.9842535810722159 7.0000000000000009 1.0855718869379301 14.500000000000002 3.0240388752901493 -1.1961339953951045 0.10209376195630715 0.14409912162382785 76.500000000000014 -0.62578615216381828 -0.78137799809396824 76.500000000000014 3.0011073808500774 4.98678569477888 0.64169804028513366 0.65778529418789111 1.438366478306347 0.41440699299388378 13.500000000000002 -0.41232843666478336
decision_type=2 2 2 2 2 2 2 2 2 2 2 2 2 2 2 2 2 2 2 2 2 2 2 2 2 2 2 2 2 2
left_child=1 3 -2 4 -1 7 28 8 -5 10 15 -12 -4 14 21 16 -3 -11 -19 -8 -17 -6 -14 -24 -21 26 -20 -9 -7 -30
right_child=2 9 12 5 13 6 19 27 -10 17 11 -13 22 -15 -16 20 -18 18 25 24 -22 -23 23 -25 -26 -27 -28 -29 29 -31
leaf_value=4.779834906731228 4.840126802463848 -2.1267980142604528 -2.2534317450341677 -1.3784991401004767 -1.9888378061008183 4.7733596343151756 3.1501799478455506 -2.0735306640986551 3.7224992488827824 -2.7854033896068922 3.7199556075448377 -1.2820279725158441 -1.0231163489833803 -2.2634567110223545 5.1850930182001527 -2.2528651010270146 3.306711722488211 -2.6949455882011595 -2.0859910634537964 1.3090681222866243 -0.4053275047520517 1.329468253317748 4.1924524960759566 -0.98981560908277899 -1.9510404887968091 -2.6379439394677839 -0.50604597531190598 -0.49214344699083878 4.4451246289802953 -0.36466990094876306
leaf_weight=115.9754718542099 257.99628272652626 7.248466990888117 91.281541936099529 50.124992072582245 7.248466990888125 31.573830790817738 3.9313719272613517 76.047475717961788 47.17646312713623 2181.419998139143 12.285537272691728 8.9684422090649587 14.496933981776239 13.022669509053229 4.545648790895938 363.40619252622128 6.3884793817996979 654.81913663446903 393.75146958976984 5.1599256545305243 22.359677836298943 14.005512490868567 5.0370702818036062 3.5628058090806007 26.905326627194881 151.60352994501591 15.111210845410822 14.619789354503153 4.0542272999882698 2.702818199992179
leaf_count=944 2100 59 743 408 59 257 32 619 384 17756 100 73 118 106 37 2958 52 5330 3205 42 182 114 41 29 219 1234 123 119 33 22
internal_value=-1.78712 -2.17949 2.80845 1.50726 3.57008 0.289864 1.80815 -0.310502 1.09471 -2.58231 -1.87292 1.60929 -1.77427 -0.0438608 1.07651 -2.05822 0.41863 -2.67017 -2.46332 -0.926591 -2.14578 0.197792 0.119458 2.04551 -1.42643 -2.19269 -2.0276 -1.81854 4.37635 2.52121
internal_weight=0 4234.46 372.375 417.094 154.798 262.296 74.3275 187.969 97.3015 3817.36 420.657 21.254 114.378 38.8223 25.7996 399.403 13.6369 3396.71 1215.29 35.9966 385.766 21.254 23.0968 8.59988 32.0653 560.466 408.863 90.6673 38.3309 6.75705
internal_count=37498 34467 3031 3395 1260 2135 605 1530 792 31072 3424 173 931 316 210 3251 111 27648 9892 293 3140 173 188 70 261 4562 3328 738 312 55
is_linear=0
shrinkage=1


Tree=54
num_leaves=31
num_cat=0
split_feature=10 36 46 8 34 49 35 35 35 35 6 35 34 20 49 35 6 20 0 35 6 10 6 31 4 35 35 25 6 35
split_gain=8299.87 6555.58 3457.5 970.666 714.845 231.995 451.448 440.032 601.687 270.274 229.727 264.21 121.075 119.288 84.9345 114.036 79.7795 78.4986 66.2569 61.0886 58.0162 80.8276 52.4913 41.8971 39.3634 30.9827 27.2105 25.4389 24.2632 23.6868
threshold=1.5538125748340554 3.5000000000000004 10.500000000000002 -0.45783048286480144 0.98244696431701617 14.500000000000002 3.0165198968604896 1.5025796241620899 0.022064128461923609 4.9842535810722159 -0.76514077609537645 4.9842535810722159 0.012402216627463996 3.0452912483573158 14.500000000000002 3.9974762024626025 -0.78137799809396824 -0.042836313289873598 -0.58888596849479313 3.0011073808500774 -1.1961339953951045 -1.0000000180025095e-35 -0.12004686838402953 -0.3193253212348231 0.50501056618910456 4.98678569477888 1.9913751543904918 -0.24834099484605202 -0.34032697883063645 3.0240388752901493
decision_type=2 2 2 2 2 2 2 2 2 2 2 2 2 2 2 2 2 2 2 2 2 2 2 2 2 2 2 2 2 2
left_child=1 3 -2 4 -1 6 7 8 -5 -8 11 16 -13 -4 15 22 20 -12 -11 -15 21 -3 28 -20 -9 -21 -24 -22 -6 -29
right_child=2 10 13 5 14 -7 9 24 -10 18 17 12 -14 19 -16 -17 -18 -19 23 25 27 -23 26 -25 -26 -27 -28 29 -30 -31
leaf_value=4.7999359701835083 4.8163569630419207 -2.3833555943467895 -2.2080836142942069 -1.179054374636904 0.64567155356296224 -2.1374513121878373 4.7808056532290397 -1.9387956673673739 4.0007520777821295 4.7781104041292224 -2.7541233812133594 3.968823137068664 -1.0326969189944659 -0.87442590241133034 -2.1719003900049483 5.1850930182001527 -0.17860848516226757 -2.38642607387678 2.3675210746322368 4.5067886614152854 -2.5106791115389981 2.6414516802569001 0.61894661642884818 -1.729235263864948 0.1462606535125659 0.14626065351256523 -2.2855467469372917 -2.132175938047105 3.9792186061381618 -1.1213042448807773
leaf_weight=116.83545946329832 254.92489840835333 7.0027562454342842 97.792876690626144 43.367946572601795 6.3884793817996979 31.819541536271572 37.102322563529015 73.836079008877277 46.439330890774727 2.457107454538348 2659.2045426741242 10.688417427241804 8.8455868363380414 11.056983545422556 12.776958763599394 5.1599256545305243 21.253979481756687 742.7835835069418 3.1942396908998516 4.4227934181690207 180.22883179038763 5.897057890892027 5.0370702818036106 11.4255496636033 10.319851309061049 2.5799628272652626 8.9684422090649587 154.429203517735 3.317095063626768 27.273892745375633
leaf_count=951 2075 57 796 353 52 259 302 601 378 20 21645 87 72 90 104 42 173 6046 26 36 1467 48 41 93 84 21 73 1257 27 222
internal_value=-1.78712 -2.17624 2.75776 1.58128 3.53192 0.392084 0.744884 -0.0401499 1.49942 3.26554 -2.5881 -1.88628 1.70398 -1.77202 -0.0252449 0.924764 -2.06334 -2.67384 -0.0266268 0.589235 -2.17021 -0.0863008 -0.00235377 -0.834146 -1.68311 2.90028 -1.24095 -2.24448 1.78499 -1.98044
internal_weight=0 4236.05 370.778 418.445 158.483 259.962 228.142 173.963 89.8073 54.1792 3817.61 415.62 19.534 115.853 41.648 28.871 396.086 3401.99 17.0769 18.0597 374.832 12.8998 23.7111 14.6198 84.1559 7.00276 14.0055 361.932 9.70557 181.703
internal_count=37498 34480 3018 3406 1290 2116 1857 1416 731 441 31074 3383 159 943 339 235 3224 27691 139 147 3051 105 193 119 685 57 114 2946 79 1479
is_linear=0
shrinkage=1


Tree=55
num_leaves=31
num_cat=0
split_feature=10 36 34 8 34 35 48 35 35 14 35 34 49 0 35 9 9 14 7 38 14 14 34 49 12 38 9 25 35 38
split_gain=8638.1 6369.32 3584.72 948.397 723.63 251.104 530.401 413.946 624.423 234.148 265.473 139.454 107.635 106.955 102.101 101.5 79.3311 75.117 80.0366 58.9081 56.1639 55.6708 54.3774 51.4637 49.2106 42.7944 38.6278 35.6594 34.2177 33.1978
threshold=1.5538125748340554 3.5000000000000004 0.97142733839817097 -0.45783048286480144 0.98244696431701617 3.0165198968604896 48.000000000000007 1.994017580626221 0.022064128461923609 -1.0981005470923344 4.0234354356309208 0.012402216627463996 14.500000000000002 -0.6050447430664162 3.0240388752901493 1.4914074852884396 0.15066954889719533 -2.535449313321108 -1.2600411677594499 76.500000000000014 0.085202101374815639 -1.165088963646183 1.0052515880745134 11.500000000000002 -0.31762050551988869 80.500000000000014 1.438366478306347 -0.31806338573071685 0.99070325277622573 28.500000000000004
decision_type=2 2 2 2 2 2 2 2 2 2 2 2 2 2 2 2 2 2 2 2 2 2 2 2 2 2 2 2 2 2
left_child=1 3 -2 4 -1 7 22 8 -5 10 17 -12 14 -8 20 -4 -11 18 -3 -18 -6 -19 -7 29 -15 -21 -27 -20 -17 -10
right_child=2 9 15 5 12 6 13 -9 23 16 11 -13 -14 24 -16 28 19 21 27 25 -22 -23 -24 -25 -26 26 -28 -29 -30 -31
leaf_value=4.813500196657138 4.8883348621067739 -2.7736781014089589 -2.164301760167926 -1.3589450442801567 2.0377608027183647 4.7524204716795726 5.1850930182001527 -1.8446066793884739 1.6461137654095399 -2.7837309603824254 4.2274868674450445 -1.2103480600571692 -2.3731555288312278 0.66306397296770303 5.1850930182001527 -2.5669567736269041 -2.6696094877652534 -2.2373473310269318 -0.83117171154388925 -0.48359339207338259 -1.1884082964953944 -0.70232537952481344 -0.10568096472181354 -0.47727378626482797 -2.0912628091284255 -2.3188583558009643 -0.82140901015688061 3.4893321262379842 1.4691648027700093 4.2318004086646628
leaf_weight=113.02694290876389 259.47054719924927 5.5284917727112761 101.23282712697983 49.510715208947659 9.2141529545188003 36.979467190802097 2.702818199992179 86.490182399749756 5.6513471454381934 2212.7481181845069 10.442706681787969 8.5998760908842069 13.759801745414732 8.8455868363380414 4.9142149090766898 2.5799628272652617 645.72783905267715 355.54344867169857 2.8256735727190962 13.759801745414732 13.022669509053229 25.308206781744957 2.4571074545383444 2.8256735727190962 24.325363799929619 522.2581894621253 17.814029045403004 5.8970578908920279 11.302694290876387 40.91083911806345
leaf_count=920 2112 45 824 403 75 301 22 704 46 18011 85 70 112 72 40 21 5256 2894 23 112 106 206 20 23 198 4251 145 48 92 333
internal_value=-1.78712 -2.18188 2.82782 1.54094 3.50909 0.378786 1.91861 -0.246736 1.15066 -2.58529 -1.87523 1.77169 -0.0946814 -0.863895 1.06002 -1.81657 -2.67147 -2.051 0.203064 -2.46438 0.148402 -2.13534 4.44974 3.6665 -1.35678 -2.2251 -2.26947 2.08973 0.719089 3.91797
internal_weight=0 4241.09 374.586 414.637 153.938 260.699 75.3103 185.389 98.8986 3826.45 414.145 19.0426 40.9108 35.8738 27.151 115.115 3412.31 395.103 14.2512 1199.56 22.2368 380.852 39.4366 49.3879 33.171 553.832 540.072 8.72273 13.8827 46.5622
internal_count=37570 34521 3049 3375 1253 2122 613 1509 805 31146 3371 155 333 292 221 937 27775 3216 116 9764 181 3100 321 402 270 4508 4396 71 113 379
is_linear=0
shrinkage=1


Tree=56
num_leaves=31
num_cat=0
split_feature=10 9 34 8 34 20 20 9 49 35 40 40 35 9 14 35 9 6 49 35 35 20 38 6 35 6 6 34 35 31
split_gain=8386.66 4896.28 3432.44 812.463 640.258 284.614 217.998 187.334 160.346 300.596 460.909 351.061 687.358 154.287 136.543 163.667 114.071 99.3274 82.4514 103.854 69.3342 66.23 61.9953 57.5008 49.6065 47.5951 51.2408 47.4545 45.3231 43.2903
threshold=1.5538125748340554 1.20733357875903 0.97818403295510314 -0.45783048286480144 0.98865579621508437 0.047110220341655712 1.496308439195347 1.3528464379280607 14.500000000000002 3.0240388752901493 0.43500000000000005 0.13500000000000004 0.97226404297204638 1.293112571040208 -1.0981005470923344 4.9910412470886953 1.20733357875903 -0.76514077609537645 14.500000000000002 3.9941869586429366 4.9968948428218676 0.82675468184497791 76.500000000000014 -0.12004686838402953 3.9886602266409681 -0.79167579095138085 -1.1961339953951045 0.012402216627463996 4.98678569477888 -0.3193253212348231
decision_type=2 2 2 2 2 2 2 2 2 2 2 2 2 2 2 2 2 2 2 2 2 2 2 2 2 2 2 2 2 2
left_child=1 5 -2 4 7 17 14 13 9 11 -11 12 -5 -3 15 25 -4 20 19 23 -1 -15 -16 -6 -18 26 -7 -22 -26 -12
right_child=2 3 16 8 18 6 -8 -9 -10 10 29 -13 -14 21 22 -17 24 -19 -20 -21 27 -23 -24 -25 28 -27 -28 -29 -30 -31
leaf_value=-2.2191788090954248 4.831707246213826 3.8796770862745569 -2.1748990830057657 -1.4318991366711642 1.5552480818919405 1.5222494915618685 2.1526735408089803 4.4544794758730895 -1.9969531124631499 4.7974905286087992 0.94330239267224814 -1.71059315041424 3.9748240200883775 -2.508550919030947 -2.5650706301252431 3.2412954584584432 -0.83824967004947071 -2.7462441938562319 -2.296205034574121 4.1884009021081017 2.9240784955839287 2.3122745659348314 -1.9037973273966089 -1.6086325080230868 4.5067886614152872 0.57262339206305413 -1.7949684126150811 -1.5648625322443821 -0.24134183607878734 -1.7757130707369699
leaf_weight=277.40743161737919 254.67918766289949 13.022669509053232 96.19575684517622 53.196376390755177 9.0912975817918831 4.9142149090766898 12.531248018145559 97.178599826991558 39.682285390794277 30.959553927183151 8.7227314636111277 102.09281473606825 42.139392845332623 8.9684422090649587 302.96134914457798 8.2313099727034551 12.285537272691728 2798.6453907191753 16.708330690860748 6.0199132636189452 4.4227934181690198 4.1770826727151862 266.47330344468355 15.602632336318491 4.4227934181690198 11.056983545422552 88.824434481561184 5.0370702818036079 3.685661181807518 17.814029045403004
leaf_count=2258 2073 106 783 433 74 40 102 791 323 252 71 831 343 73 2466 67 100 22780 136 49 36 34 2169 127 36 90 723 41 30 145
internal_value=-1.78712 -2.18181 2.77444 0.878899 2.61437 -2.55858 -1.98045 3.81497 -0.127065 0.164006 2.1762 -0.421998 0.957928 1.44009 -2.05634 -1.05236 -1.71946 -2.6888 -0.508446 0.464095 -2.12839 -0.9767 -2.25562 -0.443821 0.42879 -1.38961 -1.62106 0.533863 2.34855 -0.881963
internal_weight=0 4245.88 371.269 465.376 170.769 3780.51 694.993 123.347 294.607 254.925 57.4963 197.429 95.3358 26.1682 682.462 113.027 116.59 3085.51 47.4222 30.7138 286.867 13.1455 569.435 24.6939 20.394 104.796 93.7386 9.45986 8.10845 26.5368
internal_count=37582 34560 3022 3788 1390 30772 5657 1004 2398 2075 468 1607 776 213 5555 920 949 25115 386 250 2335 107 4635 201 166 853 763 77 66 216
is_linear=0
shrinkage=1


Tree=57
num_leaves=31
num_cat=0
split_feature=10 36 34 8 34 35 35 35 35 6 35 34 0 20 49 35 14 1 6 20 49 38 38 35 49 34 5 3 38 6
split_gain=8365.59 6492.71 3510.78 998.455 657.022 265.531 535.647 386.423 570.517 211.478 246.231 127.288 115.885 100.475 98.3438 99.2777 79.9154 93.4274 87.4607 78.3531 61.0237 58.4778 48.763 46.7389 61.6477 46.6559 36.5518 35.8719 32.2086 31.5465
threshold=1.5538125748340554 3.5000000000000004 0.97818403295510314 -0.45783048286480144 0.98758984920427906 3.9800141622745224 4.0234354356309208 1.994017580626221 0.022064128461923609 -0.76514077609537645 4.0234354356309208 0.012402216627463996 -0.6050447430664162 3.0452912483573158 14.500000000000002 3.9941869586429366 -2.535449313321108 -0.039288856269127939 -0.79167579095138085 1.0000000180025095e-35 11.500000000000002 76.500000000000014 310.50000000000006 3.9886602266409681 14.500000000000002 1.0047484772329272 -0.039236985185482888 0.73080841734787205 78.500000000000014 1.1851951845064732
decision_type=2 2 2 2 2 2 2 2 2 2 2 2 2 2 2 2 2 2 2 2 2 2 2 2 2 2 2 2 2 2
left_child=1 3 -2 4 29 7 25 8 -5 10 16 -12 -8 -4 15 22 17 -3 -18 -11 -10 -21 -6 -15 -25 -7 -14 -19 -23 -1
right_child=2 9 13 5 14 6 12 -9 20 19 11 -13 26 23 -16 -17 18 27 -20 21 -22 28 -24 24 -26 -27 -28 -29 -30 -31
leaf_value=4.851428739134457 4.8334037693630627 -2.6414957139329336 -2.1924195364936869 -1.4216274012004662 -1.1272903837161654 4.8026932465898913 5.1850930182001527 -1.8234041467460711 3.7563242666745809 -2.7486268680763914 3.9402050222185117 -1.234914415031269 -1.9778009894480477 -0.94358634663253249 -2.2501662773262794 5.1850930182001527 -2.3036134966235995 -0.1369873196503455 -0.39638283191532819 -2.6377876854303999 -0.7631144182209928 0.37529848827109236 1.929232105632789 4.9384368884602008 -1.0010427156778388 0.30130164934910697 0.41758239622651283 4.1676364830228501 -2.0875745876063001 1.6036460143760523
leaf_weight=113.88693051785231 255.90774139016867 6.388479381799697 98.407153554260731 46.31647551804781 12.039826527237897 36.610901072621346 2.9485289454460135 85.753050163388252 46.193620145320892 2724.1950348466635 10.442706681787969 8.7227314636111242 24.571074545383453 10.442706681787969 12.776958763599394 4.9142149090766898 353.33205196261406 3.1942396908998472 25.799628272652626 363.03762640804052 3.194239690899848 5.4056363999843589 9.2141529545187932 4.0542272999882689 3.0713843181729317 2.4571074545383444 8.5998760908842069 4.9142149090766907 299.88996482640505 3.0713843181729308
leaf_count=927 2083 52 801 377 98 298 24 698 376 22174 85 71 200 85 104 40 2876 26 210 2955 26 44 75 33 25 20 70 40 2441 25
internal_value=-1.78712 -2.18261 2.76498 1.58551 3.58154 0.372996 1.95317 -0.281755 1.09959 -2.59112 -1.9153 1.58486 -0.822746 -1.79914 0.0239886 1.13437 -2.08572 0.218526 -2.17383 -2.67335 3.46402 -2.36653 0.197792 0.403759 2.37832 4.51959 -1.35678 2.47188 -2.04397 4.76614
internal_weight=0 4217.87 371.883 412.548 155.903 256.645 75.1875 181.457 95.7043 3805.32 412.794 19.1654 36.1195 115.975 38.9452 26.1682 393.629 14.4969 379.132 3392.53 49.3879 668.333 21.254 17.5683 7.12561 39.068 33.171 8.10845 305.296 116.958
internal_count=37359 34332 3027 3358 1269 2089 612 1477 779 30974 3360 156 294 944 317 213 3204 118 3086 27614 402 5440 173 143 58 318 270 66 2485 952
is_linear=0
shrinkage=1


Tree=58
num_leaves=31
num_cat=0
split_feature=10 36 46 8 34 35 35 35 35 14 35 34 20 49 35 6 14 22 6 9 34 38 14 35 35 38 49 15 3 14
split_gain=8507.69 6431.79 3434.77 999.965 706.035 256.838 531.89 413.838 618.807 233.23 274.544 127.117 109.084 92.7829 118.13 73.2873 70.3254 77.9945 69.8049 67.9789 64.9638 62.6773 55.6223 54.5283 54.1829 49.5091 48.0231 33.2065 31.9356 29.8806
threshold=1.5538125748340554 3.5000000000000004 10.500000000000002 -0.66463462878230972 0.97142733839817097 3.9800141622745224 4.9787236971600306 1.994017580626221 0.022064128461923609 -1.0981005470923344 4.0234354356309208 0.020517744963466793 3.0452912483573158 14.500000000000002 3.0240388752901493 -0.6337139437409065 -2.535449313321108 -0.27428381908833949 -0.12004686838402953 0.14409912162382785 1.0057725073374835 76.500000000000014 -1.165088963646183 3.0011073808500774 4.98678569477888 78.500000000000014 11.500000000000002 -0.61040581183304732 0.75494433020078344 0.9339492431873897
decision_type=2 2 2 2 2 2 2 2 2 2 2 2 2 2 2 2 2 2 2 2 2 2 2 2 2 2 2 2 2 2
left_child=1 3 -2 4 -1 7 20 8 -5 10 16 -12 -4 14 18 -8 17 28 -6 -11 -7 -21 -18 -14 -25 -23 -10 -17 -3 -27
right_child=2 9 12 5 13 6 15 -9 26 19 11 -13 23 -15 -16 27 22 -19 -20 21 -22 25 -24 24 -26 29 -28 -29 -30 -31
leaf_value=4.8270181860776695 4.8415489410947234 -0.34987053316436634 -2.1591871494248336 -1.4179922509096796 2.0940858227248058 4.8001094643492817 3.6197752717735354 -1.8481987589477935 3.871551247918346 -2.7882294237506602 4.0093654664397143 -1.1590477305524312 -0.91964619286365479 -2.1866675385561427 5.1850930182001527 1.0109123610625046 -2.2489722069233187 -2.6154070848258231 -1.4146250478147742 -2.7045567529730712 -0.51266357879273405 0.097810342313646714 -0.68206750952276174 4.7451118137991575 -0.83117171154388947 -2.1433313073202438 -0.13698731965034594 -1.8515222718110893 3.76065386895193 -2.6617660156852208
leaf_weight=114.50120738148689 256.1534521356225 3.0713843181729317 96.810033708810806 48.159306108951569 9.7055744454264659 36.365190327167511 3.194239690899848 88.578723736107349 46.439330890774727 2188.4227543845773 11.056983545422556 8.3541653454303724 10.811272799968721 13.022669509053229 5.5284917727112761 4.7913595363497761 354.3148949444294 5.897057890892027 13.636946372687818 651.99346306174994 2.4571074545383444 8.8455868363380414 24.202508427202702 4.545648790895938 2.8256735727190971 401.85992418974638 3.194239690899848 26.291049763560295 4.9142149090766907 153.6920712813735
leaf_count=932 2085 25 788 392 79 296 26 721 378 17813 90 68 88 106 45 39 2884 48 111 5307 20 72 197 37 23 3271 26 214 40 1251
internal_value=-1.78712 -2.19 2.80328 1.54449 3.54182 0.340612 1.92923 -0.282478 1.13572 -2.59691 -1.88611 1.78499 -1.73709 0.0291842 1.02867 -0.941527 -2.06771 0.142831 0.04426 -2.68289 4.46386 -2.49336 -2.14878 0.510293 2.60754 -2.24938 3.61358 -1.41028 2.17968 -2.28675
internal_weight=0 4232.49 371.146 415.865 156.395 259.471 73.0989 186.372 97.7929 3816.63 411.811 19.4111 114.993 41.8937 28.871 34.2766 392.4 13.8827 23.3425 3404.81 38.8223 1216.39 378.517 18.1826 7.37132 564.398 49.6336 31.0824 7.9856 555.552
internal_count=37472 34451 3021 3385 1273 2112 595 1517 796 31066 3352 158 936 341 235 279 3194 113 190 27714 316 9901 3081 148 60 4594 404 253 65 4522
is_linear=0
shrinkage=1


Tree=59
num_leaves=31
num_cat=0
split_feature=10 36 46 2 46 35 35 48 35 6 35 0 46 9 49 35 6 1 6 20 6 38 35 49 35 6 31 25 2 25
split_gain=8405.25 6231.48 3486.78 830.472 748.441 252.423 508.047 366.935 628.271 244.2 271.715 117.78 116.894 105.169 102.691 130.837 87.0802 89.2237 84.9282 74.6887 58.1985 55.7359 44.595 40.907 40.6908 40.3567 37.8077 37.2433 60.856 28.5797
threshold=1.5538125748340554 3.5000000000000004 11.500000000000002 -0.56666727637951553 7.0000000000000009 3.9838069065390429 4.9787236971600306 20.500000000000004 0.99228046627227806 -0.76514077609537645 4.0234354356309208 -0.59820894770523181 7.0000000000000009 1.20733357875903 14.500000000000002 3.9969172391108883 -1.1961339953951045 -0.039288856269127939 -0.78137799809396824 -0.042836313289873598 -0.12004686838402953 76.500000000000014 3.0011073808500774 3.5000000000000004 4.98678569477888 1.1851951845064732 -0.2966508931047705 3.1407348152685901 -0.78866886814977144 -0.48949598018306439
decision_type=2 2 2 2 2 2 2 2 2 2 2 2 2 2 2 2 2 2 2 2 2 2 2 2 2 2 2 2 2 2
left_child=1 3 -2 4 25 7 -7 8 -5 10 16 -8 -12 -4 15 20 17 -3 29 -11 -6 -21 -15 -19 -24 27 -13 -1 -29 -18
right_child=2 9 13 5 14 6 11 -9 -10 19 12 26 -14 22 -16 -17 18 23 -20 21 -22 -23 24 -25 -26 -27 -28 28 -30 -31
leaf_value=4.7952807082576516 4.839726865468803 -2.7849831740220399 -2.220312279069689 -1.3804789238090989 1.6579103629188419 4.5461442043004148 5.1850930182001527 -1.8171406038060773 3.9036317260818021 -2.7576472869488331 3.7996202894480811 0.7896807862342099 -1.1322490509604042 -0.91964619286365479 -2.398001842266571 5.1850930182001527 -2.6298792557034223 3.6197752717735381 -0.24134183607878712 -2.6538331937077246 -1.3266288069345751 -2.1049268733160149 4.0851400071976656 -0.76311441822099302 -0.42846027932978537 0.95247383186257961 -1.982660483347402 4.5707796384704604 -0.62894432567013969 -2.0462718841758591
leaf_weight=107.74416188150644 254.80204303562641 5.8970578908920297 95.335769236087799 48.282161481678486 11.056983545422552 35.996624208986759 2.9485289454460135 84.401641063392162 42.139392845332623 2671.2443692013621 11.548405036330225 6.142768636345866 8.2313099727034551 12.285537272691728 14.374078609049318 5.6513471454381934 132.43809179961681 6.3884793817996943 22.113967090845108 399.03425061702728 15.971198454499246 344.85503124445677 4.5456487908959371 3.1942396908998489 3.5628058090806007 3.0713843181729308 24.693929918110371 6.5113347545266151 3.4399504363536817 229.00241476297379
leaf_count=877 2074 48 776 393 90 293 24 687 343 21743 94 50 67 100 117 46 1078 52 180 3248 130 2807 37 26 29 25 201 53 28 1864
internal_value=-1.78712 -2.19391 2.77234 1.49958 3.21275 0.324196 1.9321 -0.317609 1.08209 -2.59123 -1.87055 -0.853049 1.74723 -1.77941 -0.170501 0.809265 -2.04988 0.275461 -2.14372 -2.67961 -0.105681 -2.39937 0.281688 2.15881 2.10189 4.53094 -1.4304 4.62432 2.77334 -2.26012
internal_weight=0 4246.37 370.532 412.425 167.82 244.605 69.7819 174.823 90.4216 3833.95 418.814 33.7852 19.7797 115.73 47.0536 32.6795 399.034 15.4798 383.554 3415.13 27.0282 743.889 20.394 9.58272 8.10845 120.767 30.8367 117.695 9.95129 361.441
internal_count=37580 34564 3016 3357 1366 1991 568 1423 736 31207 3409 275 161 942 383 266 3248 126 3122 27798 220 6055 166 78 66 983 251 958 81 2942
is_linear=0
shrinkage=1


Tree=60
num_leaves=31
num_cat=0
split_feature=10 36 34 8 34 6 35 49 35 35 35 35 34 20 49 35 20 14 7 6 6 6 35 35 25 4 35 32 6 9
split_gain=8643.39 6214.19 3460.09 986.435 675.169 225.272 258.575 197.548 402.818 425.927 606.96 297.971 148.025 107.766 103.152 113.034 73.8249 72.3017 94.5406 68.2181 64.6626 60.5662 43.808 56.8164 34.4222 28.4169 25.2042 24.451 24.349 24.1722
threshold=1.5538125748340554 3.5000000000000004 0.97818403295510314 -0.45783048286480144 0.97142733839817097 -0.76514077609537645 4.0234354356309208 14.500000000000002 3.9800141622745224 1.994017580626221 0.022064128461923609 4.9842535810722159 0.012402216627463996 3.0452912483573158 14.500000000000002 3.0240388752901493 1.0000000180025095e-35 -2.535449313321108 -1.2600411677594499 -0.12004686838402953 -0.79167579095138085 -0.48844301783526928 3.0011073808500774 4.98678569477888 -0.20166807095292891 0.51562021838130367 1.9913751543904918 1.0220580685906018 1.1851951845064732 1.438366478306347
decision_type=2 2 2 2 2 2 2 2 2 2 2 2 2 2 2 2 2 2 2 2 2 2 2 2 2 2 2 2 2 2
left_child=1 3 -2 4 28 6 17 8 9 10 -5 -10 -8 -4 15 19 -7 18 -3 -6 -19 -13 -15 -24 -20 -11 -21 -22 -1 -18
right_child=2 5 13 7 14 16 12 -9 11 25 -12 21 -14 22 -16 -17 29 20 24 26 27 -23 23 -25 -26 -27 -28 -29 -30 -31
leaf_value=4.8554783026421511 4.8383969910692226 -2.7980274885755954 -2.209823036438995 -1.2689636954040904 2.2457741387990588 -2.7494375482351066 4.0876118117167692 -2.0360770991671524 4.7795587408341103 -1.9969531124631499 3.8459214346248873 4.0751404343703612 -1.3935300585626715 -0.84782573155702179 -2.2212572558832653 5.1850930182001527 -2.4140900791057582 -2.2718245926558329 -0.34987053316436589 0.63646380211339215 -1.1508863144948593 -1.0710033633858975 4.5251212115986608 -1.1850696368229507 3.8600333444808768 -0.17265278729044597 -2.3647293877531546 1.2057074583955969 2.0544575253469182 -1.3620185994624812
leaf_weight=109.21842635422945 259.59340257197618 6.388479381799697 95.335769236087799 45.087921790778637 8.845586836338045 2744.7118820920587 10.934128172695639 31.573830790817738 34.522359736263752 71.01040543615818 47.790739990770817 2.7028181999921825 8.9684422090649587 10.442706681787969 13.636946372687815 5.5284917727112761 643.8850084617734 357.38627926260233 3.0713843181729308 4.1770826727151897 21.622545599937443 14.865500099956988 4.545648790895938 2.8256735727190971 5.2827810272574416 9.7055744454264623 8.4770207181572896 5.5284917727112761 3.194239690899848 22.605388581752777
leaf_count=889 2113 52 776 367 72 22341 89 257 281 578 389 22 73 85 111 45 5241 2909 25 34 176 121 37 23 43 79 69 45 26 184
internal_value=-1.78712 -2.19573 2.8269 1.50275 3.51274 -2.59193 -1.90013 0.306744 0.634509 -0.0973282 1.3629 3.07339 1.61771 -1.78796 0.0209632 1.15227 -2.67694 -2.07548 0.0978103 0.115252 -2.1588 -0.279289 0.469708 2.33621 2.31227 -1.77759 -1.37404 -0.671037 4.77589 -2.37841
internal_weight=0 4240.72 372.743 410.337 153.078 3830.38 419.183 257.259 225.685 173.595 92.8787 52.0907 19.9026 113.15 40.6651 27.0282 3411.2 399.28 14.7426 21.4997 384.537 17.5683 17.814 7.37132 8.35417 80.716 12.6541 27.151 112.413 666.49
internal_count=37552 34518 3034 3340 1246 31178 3412 2094 1837 1413 756 424 162 921 331 220 27766 3250 120 175 3130 143 145 60 68 657 103 221 915 5425
is_linear=0
shrinkage=1


Tree=61
num_leaves=31
num_cat=0
split_feature=1 36 46 8 34 35 35 35 35 6 35 1 34 9 0 49 35 20 34 6 14 7 38 38 9 35 35 35 4 9
split_gain=8276.01 6305.56 3362.16 1023.42 686.954 243.199 537.995 354.337 564.995 217.889 214.86 144.64 142.112 129.652 112.11 95.6388 113.495 70.8059 69.5203 57.4743 59.507 80.6813 57.0914 50.2169 45.3259 42.1789 41.1094 35.7641 33.5762 31.0959
threshold=1.5341489247600759 3.5000000000000004 10.500000000000002 -0.44363805174491361 0.97142733839817097 3.9800141622745224 4.0234354356309208 1.994017580626221 0.022064128461923609 -0.76514077609537645 4.0234354356309208 1.5741039265518844 0.012402216627463996 1.0855718869379301 -0.6050447430664162 14.500000000000002 3.0240388752901493 -0.042836313289873598 1.007738013587369 -0.78137799809396824 -2.535449313321108 -1.2600411677594499 76.500000000000014 76.500000000000014 0.60814085480596858 3.0022294741910618 4.999983026820618 2.0006868938579996 0.34534767383614312 1.0000000180025095e-35
decision_type=2 2 2 2 2 2 2 2 2 2 2 2 2 2 2 2 2 2 2 2 2 2 2 2 2 2 2 2 2 2
left_child=1 3 11 4 -1 7 18 8 -5 10 19 24 -12 -4 -8 16 23 -11 -7 20 21 -3 -19 -6 -2 28 -27 -25 -15 -22
right_child=2 9 13 5 15 6 14 -9 -10 17 12 -13 -14 25 -16 -17 -18 22 -20 -21 29 -23 -24 27 -26 26 -28 -29 -30 -31
leaf_value=4.8103552793339954 -1.0081206741834197 -2.9545592632182567 -2.2268764283532652 -1.4082400962997199 -2.1125262685887658 4.743620352089323 5.1850930182001527 -1.7884530498519315 3.5616104593380107 -2.7538289310123938 3.8444444071430008 4.8205126823235727 -1.5436862011057326 2.471875591060678 -1.5163500255240265 -2.2433275104729589 5.1850930182001527 -2.6624182778703189 -0.62894432567013991 -0.47523989014253454 -2.5378729963574269 2.1499684386882039 -2.1052803769175195 2.0544575253469182 3.828484304630416 4.2806872091536636 -0.24134183607878734 -1.240948256603855 -1.2651974689616059 -1.9474217598378858
leaf_weight=114.74691812694073 5.6513471454381925 5.4056363999843597 96.19575684517622 46.562186263501644 7.1256116181612077 36.242334954440594 2.702818199992179 86.613037772476673 44.96506641805172 2680.2128114104271 10.442706681787969 252.34493558108807 9.2141529545187932 2.9485289454460171 32.679529145359993 12.654103390872477 5.4056363999843589 397.06856465339661 2.5799628272652617 21.376834854483604 175.19176150858402 7.248466990888117 342.64363453537226 11.17983891814947 2.9485289454460144 4.4227934181690198 3.685661181807518 4.6685041636228553 13.022669509053229 181.70309626311064
leaf_count=934 46 44 783 379 58 295 22 705 366 21816 85 2054 75 24 266 103 44 3232 21 174 1426 59 2789 91 24 36 30 38 106 1479
internal_value=-1.78712 -2.19748 2.66686 1.53916 3.55459 0.294961 1.81603 -0.338643 1.03332 -2.5956 -1.90727 4.68307 1.31876 -1.70742 -1.00443 0.0429774 1.06241 -2.67824 4.38658 -2.06948 -2.1617 -0.0306065 -2.40435 0.0923694 0.650144 0.367748 2.22522 1.08372 -0.575276 -2.23726
internal_weight=0 4238.63 381.22 408.126 155.781 252.345 74.2046 178.14 91.5273 3830.51 410.583 260.945 19.6569 120.275 35.3823 41.0337 28.3796 3419.93 38.8223 390.926 369.549 12.6541 739.712 22.974 8.59988 24.0797 8.10845 15.8483 15.9712 356.895
internal_count=37604 34501 3103 3322 1268 2054 604 1450 745 31179 3342 2124 160 979 288 334 231 27837 316 3182 3008 103 6021 187 70 196 66 129 130 2905
is_linear=0
shrinkage=1


Tree=62
num_leaves=31
num_cat=0
split_feature=10 36 46 8 34 35 40 35 35 14 35 34 9 49 35 20 6 14 10 38 34 38 6 49 35 9 6 49 15 34
split_gain=8456.49 6390.75 3514.18 986.626 748.532 237.812 523.622 412.906 595.833 223.941 261.233 114.423 105.706 91.5198 124.149 78.1893 67.5647 72.1695 89.3887 66.348 64.0511 60.2578 59.3578 50.0136 46.1373 46.0048 39.4578 37.4917 34.0689 28.998
threshold=1.5538125748340554 3.5000000000000004 10.500000000000002 -0.44363805174491361 0.97142733839817097 3.9838069065390429 0.48000000000000004 1.994017580626221 0.99319493646658463 -1.0981005470923344 4.0234354356309208 0.012402216627463996 1.3528464379280607 14.500000000000002 3.0240388752901493 -0.022538390292435213 -0.78137799809396824 -2.535449313321108 -1.0000000180025095e-35 159.50000000000003 1.007738013587369 76.500000000000014 -0.49603811207511778 11.500000000000002 3.0011073808500774 1.438366478306347 -0.0089098157997942514 14.500000000000002 -0.61040581183304732 0.017604727457931579
decision_type=2 2 2 2 2 2 2 2 2 2 2 2 2 2 2 2 2 2 2 2 2 2 2 2 2 2 2 2 2 2
left_child=1 3 -2 4 -1 7 20 8 29 10 16 -12 -4 14 19 -11 17 18 -3 -6 -7 -17 -8 -10 -14 -23 -21 -26 -24 -5
right_child=2 9 12 5 13 6 22 -9 23 15 11 -13 24 -15 -16 21 -18 -19 -20 26 -22 25 28 -25 27 -27 -28 -29 -30 -31
leaf_value=4.7983091188719289 4.8389730693008506 -2.3085551138993354 -2.1943177674444327 -0.62894432567013991 -1.9969531124631499 4.7655233129723999 2.2252194613207315 -1.8252943175819116 3.9607442070675787 -2.7552813143034398 3.8752639154431656 -1.0056284352730041 -0.87001416675744503 -2.2885877129203873 5.1850930182001527 -2.6545526805859585 -0.37700270743576048 -2.2641920382552727 2.6692004948526447 3.1501799478455488 -0.51266357879273405 -2.1490892268660682 0.93027478018598231 -0.13698731965034594 4.445124628980297 -0.28936338346178658 -0.47727378626482753 -0.24134183607878756 -1.8240520019101445 -2.197382306807242
leaf_weight=116.34403797239065 257.13629511743784 7.7398884817957878 98.652864299714565 26.659615881741047 10.442706681787973 35.750913463532925 5.4056363999843589 89.43871134519577 44.105078808963299 2699.7468156740069 10.688417427241804 8.7227314636111242 10.074140563607218 13.514090999960898 5.4056363999843589 379.99166784435511 22.113967090845108 359.22910985350609 6.7570454999804479 6.3884793817996988 2.4571074545383444 317.82684924453497 5.4056363999843624 3.194239690899848 4.0542272999882689 13.882657118141649 5.6513471454381916 2.9485289454460144 26.53676050901413 21.13112410902977
leaf_count=947 2093 63 803 217 85 291 44 728 359 21975 87 71 82 110 44 3093 180 2924 55 52 20 2587 44 26 33 113 46 24 216 172
internal_value=-1.78712 -2.18769 2.7794 1.52572 3.49884 0.328985 1.82335 -0.282889 1.16785 -2.59315 -1.89978 1.68195 -1.79669 -0.15278 0.882193 -2.67755 -2.07542 -2.17591 0.0115852 -0.152384 4.42609 -2.38269 -0.839321 3.68401 0.500401 -2.07126 1.4475 2.47188 -1.35794 -1.32244
internal_weight=0 4244.53 372.866 417.831 157.746 260.085 75.5561 184.529 95.0901 3826.7 415.251 19.4111 115.73 41.4023 27.8882 3411.45 395.84 373.726 14.4969 22.4825 38.208 711.701 37.348 47.2993 17.0769 331.71 12.0398 7.00276 31.9424 47.7907
internal_count=37584 34549 3035 3401 1284 2117 615 1502 774 31148 3380 158 942 337 227 27768 3222 3042 118 183 311 5793 304 385 139 2700 98 57 260 389
is_linear=0
shrinkage=1


Tree=63
num_leaves=31
num_cat=0
split_feature=10 36 46 8 34 6 35 35 40 35 35 34 0 20 49 35 6 14 1 20 34 6 34 35 49 12 40 9 9 9
split_gain=8469.8 6329.45 3488.65 975.345 729.414 226.332 277.714 225.108 563.69 381.695 575.757 123.315 106.308 100.962 97.1311 92.4325 71.8503 76.0708 86.8454 71.3847 66.5872 53.3191 44.6245 38.1834 36.6563 36.5116 33.3625 30.825 28.6612 28.4441
threshold=1.5538125748340554 3.5000000000000004 10.500000000000002 -0.45783048286480144 0.97142733839817097 -0.76514077609537645 4.0234354356309208 3.9800141622745224 0.48000000000000004 1.5025796241620899 0.98263560584412879 0.020517744963466793 -0.6050447430664162 3.0452912483573158 14.500000000000002 3.0240388752901493 -0.78137799809396824 -2.535449313321108 -0.039288856269127939 -0.042836313289873598 1.0052515880745134 -0.12004686838402953 1.0131387715358569 0.99070325277622573 14.500000000000002 -0.31762050551988869 0.41500000000000004 -1.0000000180025095e-35 1.0000000180025095e-35 1.9809233720595547
decision_type=2 2 2 2 2 2 2 2 2 2 2 2 2 2 2 2 2 2 2 2 2 2 2 2 2 2 2 2 2 2
left_child=1 3 -2 4 -1 6 16 9 20 10 29 -8 -10 -4 15 21 17 18 -3 -7 -9 -6 -12 -15 26 -14 -25 -20 -19 -5
right_child=2 5 13 7 14 19 11 8 12 -11 22 -13 25 23 -16 -17 -18 28 27 -21 -22 -23 -24 24 -26 -27 -28 -29 -30 -31
leaf_value=4.8099536311680069 4.8418781639764727 -2.7884439105362486 -2.19595187175105 -1.7797640885805484 2.037760802718366 -2.7535246294130653 3.8722458760358918 4.87202946891483 5.1850930182001527 -1.7592257114015675 3.8663784027748238 -1.0267468807770546 0.37529848827109236 -2.3932039334652626 -2.2405546771289226 5.1850930182001527 -0.33178241698343602 -2.566140768385659 -0.62894432567013991 -2.4017746013565362 -0.51266357879273405 -1.0876665381222916 -0.51266357879273405 0.76642463685873086 -0.86746893464943409 -2.0588080552152741 4.904415353323655 3.5571625619164711 -2.0004807975463068 0.1226263553667517
leaf_weight=114.62406275421381 256.39916288107634 6.0199132636189452 97.54716594517231 35.750913463532925 9.2141529545187968 2666.2072989195585 11.425549663603308 35.136636599898338 2.5799628272652617 87.841591499745846 43.982223436236382 9.3370083272457105 8.1084545999765378 3.5628058090806034 14.005512490868567 4.4227934181690207 22.113967090845108 175.06890613585711 2.5799628272652617 736.27224875241518 2.4571074545383444 13.391235627233984 2.4571074545383444 4.2999380454421026 4.7913595363497734 25.676772899925709 3.5628058090806007 5.5284917727112761 183.42307148128748 10.074140563607214
leaf_count=933 2087 49 794 291 75 21702 93 286 21 715 358 76 66 29 114 36 180 1425 21 5993 20 109 20 35 39 209 29 45 1493 82
internal_value=-1.78712 -2.1915 2.79696 1.54361 3.51476 -2.59233 -1.89559 0.335938 1.80484 -0.267253 1.1532 1.66915 -1.00214 -1.81184 -0.103244 1.00427 -2.08309 -2.18702 0.0889629 -2.67741 4.52009 0.186285 3.63468 0.498627 1.31283 -1.47462 2.64145 2.22522 -2.27672 -1.36154
internal_weight=0 4227.7 370.163 409.723 155.658 3817.98 415.497 254.065 73.9589 180.106 92.2644 20.7626 36.3652 113.764 41.0337 27.0282 394.734 372.62 14.1284 3402.48 37.5937 22.6054 46.4393 16.2169 12.6541 33.7852 7.86274 8.10845 358.492 45.8251
internal_count=37425 34412 3013 3335 1267 31077 3382 2068 602 1466 751 169 296 926 334 220 3213 3033 115 27695 306 184 378 132 103 275 64 66 2918 373
is_linear=0
shrinkage=1


Tree=64
num_leaves=31
num_cat=0
split_feature=10 36 46 8 46 35 40 35 35 6 35 20 0 46 46 20 14 10 6 35 6 12 35 25 28 6 46 3 4 1
split_gain=8543.67 6313.28 3471.22 924.304 758.049 235.401 542.84 410.334 589.729 220.496 191.704 129.252 116.185 114.269 71.5716 70.4582 68.5362 77.4628 72.7787 56.5574 55.0015 51.9533 45.7878 29.8221 29.0248 28.0179 27.2216 33.3202 25.4125 24.6021
threshold=1.5538125748340554 3.5000000000000004 7.0000000000000009 -0.45783048286480144 7.0000000000000009 3.9800141622745224 0.48000000000000004 1.994017580626221 0.022064128461923609 -0.76514077609537645 4.9842535810722159 3.0452912483573158 -0.6050447430664162 7.0000000000000009 17.000000000000004 -0.042836313289873598 -2.535449313321108 -1.0000000180025095e-35 -0.78137799809396824 3.0011073808500774 -0.12004686838402953 -0.31762050551988869 4.98678569477888 -0.46929964055508439 -0.4404963700709163 1.1851951845064732 13.500000000000002 -0.41232843666478336 0.41440699299388378 0.27673353784850102
decision_type=2 2 2 2 2 2 2 2 2 2 2 2 2 2 2 2 2 2 2 2 2 2 2 2 2 2 2 2 2 2
left_child=1 3 -2 4 25 7 26 8 -5 10 16 -4 -8 -12 20 -11 17 -3 23 -13 -6 -14 -21 -18 -10 -1 -7 -28 -9 -22
right_child=2 9 11 5 14 6 12 28 24 15 13 19 21 -15 -16 -17 18 -19 -20 22 29 -23 -24 -25 -26 -27 27 -29 -30 -31
leaf_value=4.9177658198296719 4.8223014987817887 -2.1539377273410363 -2.2427265541968753 -1.3791426926211454 2.1821145066088947 4.7872904630932371 5.1850930182001527 -2.0189670469632675 4.2083347444299442 -2.7526227549017457 3.3867977467239911 -0.893887799568027 0.51835904352026452 -1.4848998235177107 -2.6245733599175107 -2.4045645856864333 -2.6163465645443615 2.4718755910606833 -0.32114234864171265 4.5746190970937715 -1.2257835574302762 -2.279769436779425 -0.47727378626482841 -2.0176208711125407 2.6175516945312585 1.7935712342758152 4.2806872091536619 -0.24134183607878712 -0.53466263901278377 1.115266877490948
leaf_weight=108.48129411786795 259.10198108106852 7.4941777363419533 96.932889081537724 45.702198654413223 12.654103390872477 32.679529145359993 2.8256735727190962 74.818921990692616 30.713843181729317 2669.1558278650045 10.565562054514887 9.7055744454264659 9.2141529545187932 8.8455868363380414 9.091297581791876 743.64357111603022 133.0523686632514 7.0027562454342824 20.885413363575935 4.9142149090766898 13.882657118141653 23.711086936295033 2.8256735727190971 221.9996585175395 18.305450536310673 2.9485289454460135 4.4227934181690216 2.5799628272652617 13.636946372687815 6.6341901272535315
leaf_count=883 2109 61 789 372 103 266 23 609 250 21726 86 79 75 72 74 6053 1083 57 170 40 113 193 23 1807 149 24 36 21 111 54
internal_value=-1.78712 -2.19257 2.79675 1.52516 3.46737 0.370904 1.85765 -0.241342 1.205 -2.59355 -1.9005 -1.79175 -0.968596 1.16678 -0.138807 -2.67678 -2.053 0.0805653 -2.13527 0.714016 0.542477 -1.49671 2.73028 -2.24199 3.61428 4.8351 4.40389 2.61468 -1.79014 -0.468797
internal_weight=0 4234.95 373.48 412.303 153.692 258.611 75.4332 183.177 94.7215 3822.64 409.846 114.378 35.7509 19.4111 42.2622 3412.8 390.434 14.4969 375.937 17.4455 33.171 32.9252 7.73989 355.052 49.0193 111.43 39.6823 7.00276 88.4559 20.5168
internal_count=37511 34471 3040 3356 1251 2105 614 1491 771 31115 3336 931 291 158 344 27779 3178 118 3060 142 270 268 63 2890 399 907 323 57 720 167
is_linear=0
shrinkage=1


Tree=65
num_leaves=31
num_cat=0
split_feature=22 36 34 8 34 14 35 35 35 40 35 9 34 0 22 20 49 35 38 14 22 12 6 34 6 9 9 49 40 9
split_gain=8189.77 6058.48 3328.99 1005.86 775.942 239.82 256.748 236.676 518.91 351.515 598.338 150.868 149.806 98.5033 97.0969 85.8135 78.5582 108.806 65.8122 64.3407 83.6289 58.0763 57.0328 53.9535 53.1369 46.8801 42.6686 37.3186 64.6836 32.3397
threshold=-0.58730260117096944 3.5000000000000004 0.97818403295510314 -0.45783048286480144 0.98244696431701617 -1.0981005470923344 4.0234354356309208 3.9800141622745224 4.0234354356309208 0.20500000000000004 0.98263560584412879 1.0855718869379301 0.020517744963466793 -0.59820894770523181 -0.59203641594196876 -0.042836313289873598 14.500000000000002 3.0240388752901493 76.500000000000014 -2.535449313321108 -0.27428381908833949 -0.31762050551988869 -0.79167579095138085 1.0052515880745134 -0.12004686838402953 0.93771645626483302 1.438366478306347 14.500000000000002 0.41500000000000004 1.0855026834406998
decision_type=2 2 2 2 2 2 2 2 2 2 2 2 2 2 2 2 2 2 2 2 2 2 2 2 2 2 2 2 2 2
left_child=2 3 14 4 -2 6 19 9 23 10 -5 -4 -8 -10 -1 -7 17 24 -17 20 -3 -15 -21 -9 -6 -16 -20 28 -13 -24
right_child=1 5 11 7 16 15 12 8 13 -11 -12 27 -14 21 25 18 -18 -19 26 22 -22 -23 29 -25 -26 -27 -28 -29 -30 -31
leaf_value=4.7254697957455409 4.8319627673793981 2.2968293054387812 -2.260084539082182 -1.482270736863506 1.7458033218261755 -2.7593817668455936 4.034924761043202 4.7459031469005986 5.1850930182001527 -1.8031518676674736 3.6060894335534122 0.2016324377399008 -1.597950549648522 0.93303585626516261 -0.036570709502222964 -2.6505784218442976 -2.2212572558832653 5.1850930182001527 -2.1259169761166832 -2.2280073162018299 -2.6353572129665546 -2.1247888850154095 -1.0635289352119597 -0.10568096472181354 -1.4146250478147742 4.582155812169157 -0.35829086311066072 -1.2749484749890612 4.7199700306905292 2.74319733377463
leaf_weight=254.55633229017258 113.27265365421772 7.6170331090688705 97.915732063353062 47.545029245316982 8.7227314636111277 2664.2416129559278 11.30269429087639 34.153793618083 2.4571074545383444 87.718736127018929 44.96506641805172 12.039826527237897 8.1084545999765378 8.2313099727034551 6.5113347545266134 398.05140763521194 13.636946372687815 4.545648790895938 327.04100219905376 352.34920898079872 6.2656240090727788 25.308206781744957 24.325363799929622 2.4571074545383444 13.636946372687818 3.3170950636267662 14.251223236322401 7.7398884817957869 4.2999380454421035 2.4571074545383444
leaf_count=2072 922 62 797 387 71 21686 92 278 20 714 366 98 66 67 53 3240 111 37 2662 2868 51 206 198 20 111 27 116 63 35 20
internal_value=-1.78712 -2.19745 2.6125 1.47184 3.48825 -2.58847 -1.8683 0.245139 1.76947 -0.368957 0.990956 -1.70861 1.68195 -0.926591 4.60639 -2.67574 -0.266007 0.72501 -2.37431 -2.04365 0.0707982 -1.37433 -2.12108 4.42029 -0.181711 1.52225 -2.05211 0.533863 1.39067 -0.714288
internal_weight=0 4222.66 386.38 406.651 153.815 3816.01 412.425 252.836 72.6075 180.229 92.5101 121.995 19.4111 35.9966 264.385 3403.59 40.5423 26.9053 739.344 393.014 13.8827 33.5395 379.132 36.6109 22.3597 9.82843 341.292 24.0797 16.3398 26.7825
internal_count=37516 34371 3145 3310 1252 31061 3357 2058 591 1467 753 993 158 293 2152 27704 330 219 6018 3199 113 273 3086 298 182 80 2778 196 133 218
is_linear=0
shrinkage=1


Tree=66
num_leaves=31
num_cat=0
split_feature=10 36 34 8 34 14 35 35 40 40 35 34 9 49 35 6 9 6 6 7 6 38 34 35 49 9 49 14 35 4
split_gain=8242.1 6478.57 3428.85 987.024 681.673 236.209 250.366 233.157 502.773 390.118 580.796 151.637 129.285 109.401 98.0896 69.718 67.8975 67.1038 66.8033 76.786 63.9066 63.8409 55.8826 54.3629 54.118 42.3659 40.0505 30.5139 29.7721 28.2126
threshold=1.5538125748340554 3.5000000000000004 0.97142733839817097 -0.45783048286480144 0.97142733839817097 -1.0981005470923344 4.0234354356309208 3.9838069065390429 0.48000000000000004 0.20500000000000004 0.022064128461923609 0.012402216627463996 1.0855718869379301 14.500000000000002 3.0240388752901493 -0.79167579095138085 0.14409912162382785 -0.12004686838402953 -1.1961339953951045 -1.2600411677594499 -0.6337139437409065 76.500000000000014 1.0047484772329272 3.9886602266409681 14.500000000000002 1.438366478306347 3.5000000000000004 0.9339492431873897 4.9961930437016164 -0.47611429254936199
decision_type=2 2 2 2 2 2 2 2 2 2 2 2 2 2 2 2 2 2 2 2 2 2 2 2 2 2 2 2 2 2
left_child=1 3 -2 4 -1 6 15 9 22 10 -5 -8 -4 14 17 18 -7 -6 19 -3 -10 -18 -9 -14 -25 27 -21 28 -23 -22
right_child=2 5 12 7 13 16 11 8 20 -11 -12 -13 23 -15 -16 -17 21 -19 -20 26 29 25 -24 24 -26 -27 -28 -29 -30 -31
leaf_value=4.8353764862380295 4.8268687124164575 -2.7884439105362486 -2.2012752474571702 -1.2596702277558118 2.2780743462650048 -2.7837686630877787 4.2274868674450445 4.8324727027596435 3.0845375907373369 -1.7653618377060638 3.7230107049158812 -1.4429095538119809 -0.78398532150668121 -2.2145908739984015 5.1850930182001527 -0.47062781583705204 -2.7019652014477025 -1.1288428636477728 -2.2482613932962363 3.3197560370417682 -2.2705548698217517 -2.2399129861770275 -0.10568096472181354 4.5746190970937732 -0.32114234864171287 -0.79085422638551517 -1.4041493048528457 -2.6796616161522318 -1.3215255766640932 -0.37797868492753728
leaf_weight=114.37835200875998 251.23923722654581 6.0199132636189452 95.581479981541634 47.790739990770817 10.319851309061052 2195.6712213754654 10.442706681787969 34.030938245356083 3.8085165545344344 86.613037772476673 45.825054027140141 8.5998760908842069 14.742644727230074 13.514090999960898 5.1599256545305243 26.168194390833378 653.22201678901911 13.145524881780149 348.29498168081045 5.897057890892027 14.619789354503157 355.42059329897165 2.4571074545383444 4.9142149090766889 4.1770826727151871 19.411148890852928 2.5799628272652626 149.14642249047756 39.190863899886608 17.0768968090415
leaf_count=931 2045 49 778 389 84 17872 85 277 31 705 373 70 120 110 42 213 5317 107 2835 48 119 2893 20 40 34 158 21 1214 319 139
internal_value=-1.78712 -2.18791 2.72998 1.59601 3.56866 -2.59279 -1.87368 0.371874 1.89312 -0.235793 1.17936 1.66666 -1.68169 0.13044 1.23754 -2.04701 -2.67877 0.369487 -2.16072 -0.0573949 -0.785863 -2.48925 4.49994 0.401998 2.32522 -2.24252 1.88205 -2.29434 -2.1487 -1.25091
internal_weight=0 4228.8 370.655 408.74 156.518 3820.06 408.003 252.222 71.9932 180.229 93.6158 19.0426 119.415 42.1394 28.6253 388.96 3412.06 23.4654 362.792 14.4969 35.5052 1216.39 36.488 23.8339 9.0913 563.169 8.47702 543.758 394.611 31.6967
internal_count=37438 34421 3017 3327 1274 31094 3321 2053 586 1467 762 155 972 343 233 3166 27773 191 2953 118 289 9901 297 194 74 4584 69 4426 3212 258
is_linear=0
shrinkage=1


Tree=67
num_leaves=31
num_cat=0
split_feature=10 9 46 8 46 42 42 6 35 35 40 35 40 46 20 20 20 20 49 35 9 9 6 6 20 38 35 35 6 12
split_gain=8259.03 4723.15 3514.05 792.374 619.929 341.9 268.349 226.417 250.001 178.663 682.073 370.271 645.172 123.804 112.971 91.0273 75.1915 71.8113 69.7152 100.48 64.5905 91.1647 63.1039 58.9137 57.9983 57.9404 49.7953 49.254 49.234 46.7084
threshold=1.5538125748340554 1.20733357875903 10.500000000000002 -0.45783048286480144 7.0000000000000009 0.84375000000000011 0.21875000000000003 -0.76514077609537645 4.9842535810722159 0.022064128461923609 0.13500000000000004 3.0165198968604896 0.43500000000000005 7.0000000000000009 3.0452912483573158 1.496308439195347 1.0000000180025095e-35 0.12137523752973078 14.500000000000002 3.0240388752901493 1.3528464379280607 1.293112571040208 -0.23683160362885972 -0.12004686838402953 1.0243144202718513 76.500000000000014 3.0022294741910618 4.98678569477888 -1.1443219107003644 -0.30123618616714604
decision_type=2 2 2 2 2 2 2 2 2 2 2 2 2 2 2 2 2 2 2 2 2 2 2 2 2 2 2 2 2 2
left_child=1 6 -2 4 5 20 22 8 17 -5 -11 -12 -13 -10 -4 16 -9 -8 19 23 21 -3 -1 -6 -23 -18 -16 -28 -19 -14
right_child=2 3 14 9 18 -7 7 15 13 10 11 12 29 -15 26 -17 25 28 -20 -21 -22 24 -24 -25 -26 -27 27 -29 -30 -31
leaf_value=3.634683059834741 4.8318852887773165 4.2083347444299424 -2.1999561468939297 -1.7474074418214589 1.4852510721008758 -2.1740446608904644 -2.2912542656743327 -2.754029903604613 3.828484304630416 3.717286869091915 -1.7994866556555558 4.3329272558855898 0.089538337962611791 -1.4622896782915484 -0.89728451077184601 2.1327234126682493 -2.6521022385535291 0.8576829445346692 -2.2439546989674435 4.0222855494260941 4.5951047991443215 -2.5023563586950122 -0.47127551634484366 -1.6378508059299848 3.5571625619164693 -2.0428906856291285 4.5251212115986608 -0.54281043909428406 -1.5285426619775122 -2.0365533668176843
leaf_weight=7.7398884817957878 251.97636946290731 12.285537272691728 99.389996536076069 57.98773592710495 9.4598636999726278 8.9684422090649587 300.01282019913197 2717.8065554648638 11.056983545422556 44.96506641805172 110.81554619967937 34.030938245356083 15.111210845410822 7.3713223636150351 11.179838918149473 3.9313719272613517 337.2379981353879 9.7055744454264623 15.479776963591574 6.0199132636189452 91.527252681553364 4.4227934181690207 7.248466990888117 16.708330690860752 2.4571074545383453 290.67581187188625 4.545648790895938 3.3170950636267662 79.241715408861637 32.679529145359993
leaf_count=63 2051 100 809 472 77 73 2442 22122 90 366 902 277 123 60 91 32 2745 79 126 49 745 36 59 136 20 2366 37 27 645 266
internal_value=-1.78712 -2.2039 2.72025 0.810678 2.54957 3.76441 -2.57386 -2.59071 -1.88678 -0.173681 0.210393 -0.60818 1.00527 1.71217 -1.77245 -2.67632 -2.68197 -2.0573 -0.500076 0.338582 4.24555 2.57623 1.64901 -0.508842 -0.338242 -2.37008 0.458843 2.38709 -1.26817 -1.36429
internal_weight=0 4234.95 370.409 462.919 167.329 119.661 3772.03 3757.04 407.388 295.59 237.602 192.637 81.8217 18.4283 118.433 3349.65 3345.72 388.96 47.6679 32.1881 110.693 19.1654 14.9884 26.1682 6.8799 627.914 19.0426 7.86274 88.9473 47.7907
internal_count=37486 34471 3015 3768 1362 974 30703 30581 3316 2406 1934 1568 666 150 964 27265 27233 3166 388 262 901 156 122 213 56 5111 155 64 724 389
is_linear=0
shrinkage=1


Tree=68
num_leaves=31
num_cat=0
split_feature=10 36 34 8 34 6 35 35 35 35 35 34 20 0 34 20 34 14 7 6 38 38 38 12 35 35 6 38 6 34
split_gain=8518.38 6380.58 3364.64 931.624 740.81 230.362 256.675 221.173 535.845 429.094 651.139 141.853 124.451 117.201 81.3321 75.704 74.4702 73.4797 84.5066 68.9199 66.738 50.4034 85.0805 40.5908 38.0645 44.68 28.6374 26.9943 26.8879 25.4987
threshold=1.5538125748340554 3.5000000000000004 0.97818403295510314 -0.45783048286480144 0.98577349015941584 -0.76514077609537645 4.0234354356309208 3.9800141622745224 4.0234354356309208 1.994017580626221 0.022064128461923609 0.98933940956652189 3.0452912483573158 -0.6050447430664162 1.0016737881769999 -0.042836313289873598 1.007738013587369 -2.535449313321108 -1.2600411677594499 -0.79167579095138085 55.500000000000007 156.50000000000003 157.50000000000003 -0.31762050551988869 3.0011073808500774 4.98678569477888 0.87837208639158482 906.50000000000011 1.1851951845064732 0.01902320408709034
decision_type=2 2 2 2 2 2 2 2 2 2 2 2 2 2 2 2 2 2 2 2 2 2 2 2 2 2 2 2 2 2
left_child=1 3 -2 4 28 6 17 9 16 10 29 -8 -4 -10 20 -7 -9 18 -3 -19 -6 -17 -23 -15 -14 -26 -22 -20 -1 -5
right_child=2 5 12 7 14 15 11 8 13 -11 -12 -13 24 23 -16 21 -18 19 27 -21 26 22 -24 -25 25 -27 -28 -29 -30 -31
leaf_value=4.8530454609647826 4.8328965252541636 -2.9545592632182567 -2.1991144109558949 -0.77861261373016721 -1.4848998235177109 -2.7568440125125973 3.9464502797234364 4.769804636495131 5.1850930182001527 -1.8310579624027581 3.6374126548318633 -1.4429095538119809 -0.54966199825372719 0.34848803938631523 -2.193844096730555 -2.5708327985228179 -0.91964619286365457 -2.26553355200581 3.5201641424554793 -0.61851555913404965 2.3157191923763958 1.8230627280490705 -2.1052042425485098 -2.1993337938083015 4.4874085369357175 -0.4500508689356697 -1.0010427156778388 -0.24134183607878756 1.7935712342758152 -2.2467634126601341
leaf_weight=111.42982306331396 255.53917527198792 5.1599256545305243 93.984360136091709 24.816785290837288 8.845586836338045 2670.5072369650006 11.30269429087639 36.119479581713676 2.8256735727190962 87.227314636111259 52.336388781666756 8.5998760908842069 10.811272799968721 8.4770207181572896 13.145524881780146 515.99256545305252 2.4571074545383444 349.76924615353346 5.405636399984358 27.396748118102551 17.076896809041504 5.6513471454381934 226.05388581752777 23.83394230902195 4.2999380454421035 3.1942396908998489 3.0713843181729308 2.9485289454460144 2.9485289454460135 22.605388581752777
leaf_count=907 2080 42 765 202 72 21737 92 294 23 710 426 70 88 69 107 4200 20 2847 44 223 139 46 1840 194 35 26 25 24 24 184
internal_value=-1.78712 -2.18843 2.82802 1.52513 3.45366 -2.59309 -1.88535 0.367278 1.83427 -0.211037 1.20548 1.61771 -1.7345 -0.990797 -0.130598 -2.6781 4.40742 -2.0638 0.227305 -2.1459 0.804856 -2.39685 -2.00939 -1.53089 0.650924 2.38292 1.81012 2.19257 4.77418 -1.47846
internal_weight=0 4246 367.829 417.217 156.518 3828.79 410.583 260.699 73.7132 186.986 99.7586 19.9026 112.29 35.1366 42.1394 3418.21 38.5766 390.68 13.5141 377.166 28.9939 747.698 231.705 32.311 18.3055 7.49418 20.1483 8.35417 114.378 47.4222
internal_count=37555 34561 2994 3396 1274 31165 3342 2122 600 1522 812 162 914 286 343 27823 314 3180 110 3070 236 6086 1886 263 149 61 164 68 931 386
is_linear=0
shrinkage=1


Tree=69
num_leaves=31
num_cat=0
split_feature=10 36 34 2 34 14 35 35 35 40 35 34 49 35 20 0 20 14 7 14 14 14 34 38 35 12 35 13 9 25
split_gain=8433.16 6262.4 3525.36 837.725 667.769 241.411 258.706 221.844 474.842 445.685 582.334 143.991 130.659 130.892 125.994 119.772 78.5123 77.3058 82.4388 61.1738 57.5106 55.4154 55.2605 53.9819 47.1143 44.4066 39.7971 39.036 32.1626 30.1515
threshold=1.5538125748340554 3.5000000000000004 0.97818403295510314 -0.56666727637951553 0.026578307438921856 -1.0981005470923344 4.9842535810722159 3.9800141622745224 4.9787236971600306 0.20500000000000004 0.022064128461923609 0.020517744963466793 14.500000000000002 3.0240388752901493 3.0452912483573158 -0.6050447430664162 1.0000000180025095e-35 -2.535449313321108 -1.2600411677594499 0.078469862298029172 -1.165088963646183 1.4176356776775199 1.0049682615661399 76.500000000000014 3.0011073808500774 -0.31762050551988869 4.0152876403238844 0.74323327499463032 1.4914074852884396 2.4097494137142781
decision_type=2 2 2 2 2 2 2 2 2 2 2 2 2 2 2 2 2 2 2 2 2 2 2 2 2 2 2 2 2 2
left_child=1 3 -2 4 21 6 17 9 22 10 -5 -8 13 19 -4 -10 -7 18 -3 -6 -19 29 -9 -18 -16 -17 -26 -20 -25 -1
right_child=2 5 14 7 12 16 11 8 15 -11 -12 -13 -14 -15 24 25 23 20 27 -21 -22 -23 -24 28 26 -27 -28 -29 -30 -31
leaf_value=4.8416038554292999 4.8140547375656961 -2.7813751721242483 -2.2402016464312271 -1.3127543996367028 1.947731315363284 -2.7493610134467077 3.9597690188468415 4.813702039580301 5.1850930182001527 -1.8692722923624689 3.8066035189276799 -1.3935300585626715 -2.5261565115646563 5.1850930182001527 -0.6563045014060005 0.67697790849149397 -2.6322786145123502 -2.2410000022345917 -0.62894432567013969 -1.1678063233947036 -0.72451754228170628 0.30130164934910697 -0.10568096472181354 -2.1320051162729712 4.5067886614152854 -2.054913484745696 -0.5126635787927345 3.6264361983540732 -0.50476100376223076 3.5190823173250396
leaf_weight=96.072901472449303 258.73341496288776 5.7742025181651107 99.389996536076069 43.245091199874878 10.811272799968721 2738.8148242011666 11.425549663603308 32.310963027179241 3.0713843181729308 86.613037772476673 45.702198654413223 8.9684422090649587 14.005512490868567 6.388479381799697 10.442706681787969 7.985599227249625 363.03762640804052 354.56060568988323 3.4399504363536817 15.111210845410822 26.905326627194881 3.0713843181729308 2.4571074545383444 302.71563839912415 4.4227934181690207 23.342520818114281 2.4571074545383453 5.7742025181651115 12.654103390872477 21.008268736302853
leaf_count=782 2106 47 809 352 88 22293 93 263 25 705 372 73 114 52 85 65 2955 2886 28 123 219 25 20 2464 36 190 20 47 103 171
internal_value=-1.78712 -2.18853 2.75598 1.52018 3.2508 -2.58628 -1.86783 0.342981 1.85984 -0.254633 1.31763 1.60561 0.0249421 1.13074 -1.80644 -0.774295 -2.67392 -2.04651 0.181208 0.131565 -2.13404 4.4943 4.46604 -2.36937 0.682307 -1.35855 2.71413 2.03776 -2.06671 4.6043
internal_weight=0 4245.27 375.446 411.197 166.469 3834.07 416.848 244.728 69.1676 175.56 88.9473 20.394 46.3165 32.311 116.713 34.3995 3417.22 396.454 14.9884 25.9225 381.466 120.153 34.7681 678.407 17.3226 31.3281 6.8799 9.21415 315.37 117.081
internal_count=37611 34555 3056 3347 1355 31208 3393 1992 563 1429 724 166 377 263 950 280 27815 3227 122 211 3105 978 283 5522 141 255 56 75 2567 953
is_linear=0
shrinkage=1


Tree=70
num_leaves=31
num_cat=0
split_feature=10 36 46 8 34 14 35 35 35 40 35 0 34 20 34 6 14 7 34 6 9 38 12 35 38 14 35 9 25 34
split_gain=8322.83 6245.68 3561.89 1021.63 701.365 245.379 261.223 191.25 535.054 395.811 611.107 124.371 121.075 113.089 87.1296 76.8444 80.9027 88.0491 74.1098 69.91 64.3681 65.1458 48.2114 48.0092 39.8725 38.1436 37.4917 36.7105 36.4741 29.3068
threshold=1.5538125748340554 3.5000000000000004 10.500000000000002 -0.45783048286480144 0.97142733839817097 -1.0981005470923344 4.0234354356309208 3.9800141622745224 4.9787236971600306 0.20500000000000004 0.022064128461923609 -0.6050447430664162 0.012402216627463996 3.0452912483573158 1.0021643176079233 -0.78137799809396824 -2.535449313321108 -1.2600411677594499 1.0052515880745134 -0.12004686838402953 0.14409912162382785 76.500000000000014 -0.31762050551988869 3.0011073808500774 167.50000000000003 0.9339492431873897 4.98678569477888 1.438366478306347 -0.36609582375636257 1.0146969684308738
decision_type=2 2 2 2 2 2 2 2 2 2 2 2 2 2 2 2 2 2 2 2 2 2 2 2 2 2 2 2 2 2
left_child=1 3 -2 4 -1 6 15 9 18 10 -5 -10 -8 -4 19 16 17 -3 -9 -6 -7 -22 -13 -15 -21 27 -25 -23 -19 -12
right_child=2 5 13 7 14 20 12 8 11 -11 29 22 -14 23 -16 -17 -18 28 -20 24 21 25 -24 26 -26 -27 -28 -29 -30 -31
leaf_value=4.7999911898319692 4.8358022500968563 -2.9545592632182567 -2.3029733753791719 -1.3852175637159929 2.8110277694531152 -2.7835428764383439 3.968823137068664 4.7691983760838834 5.1850930182001527 -1.7837102490169918 3.8467674409318966 0.64823764822923602 -1.0326969189944659 -0.87442590241133034 -2.2292437133888936 -0.22618419682102475 -2.243599263396979 -0.83117171154388925 -0.91964619286365457 -1.8928654873810731 -2.7105212711682825 -2.1463846939837041 -2.2284869939837511 4.445124628980297 1.1742498650374582 -2.6768457004078807 -0.24134183607878756 -0.51962054655463019 3.523939491380069 0.30130164934910697
leaf_weight=114.25549663603306 254.80204303562641 5.5284917727112761 96.687178336083889 47.790739990770817 11.794115781784059 2198.6197503209114 10.688417427241804 33.662372127175331 2.9485289454460135 88.824434481561184 45.579343281686306 7.4941777363419524 8.8455868363380414 11.056983545422556 12.408392645418642 21.991111718118191 357.26342388987541 2.8256735727190962 2.4571074545383444 8.4770207181572932 659.73335154354572 397.19142002612352 26.168194390833378 4.0542272999882689 8.4770207181572896 151.23496382683516 2.9485289454460144 14.374078609049318 6.0199132636189452 2.4571074545383444
leaf_count=930 2074 45 787 389 96 17896 87 274 24 723 371 61 72 90 101 179 2908 23 20 69 5370 3233 213 33 69 1231 24 117 49 20
internal_value=-1.78712 -2.19545 2.7524 1.50045 3.52499 -2.59335 -1.8654 0.27799 1.65149 -0.263004 1.14657 -1.04256 1.70398 -1.87392 -0.0145655 -2.04253 -2.15001 0.176076 4.3822 0.941343 -2.68126 -2.49731 -1.58805 0.42312 -0.359308 -2.24738 2.47188 -2.08957 2.13272 3.66541
internal_weight=0 4247.11 369.549 412.794 155.412 3834.32 413.163 257.382 72.7304 184.652 95.8272 36.6109 19.534 114.747 41.1565 393.629 371.638 14.3741 36.1195 28.7482 3421.15 1222.53 33.6624 18.0597 16.954 562.8 7.00276 411.565 8.84559 48.0365
internal_count=37578 34570 3008 3360 1265 31210 3363 2095 592 1503 780 298 159 934 335 3204 3025 117 294 234 27847 9951 274 147 138 4581 57 3350 72 391
is_linear=0
shrinkage=1


Tree=71
num_leaves=31
num_cat=0
split_feature=1 36 46 8 46 35 40 35 35 14 35 46 49 35 9 14 14 14 7 20 14 49 20 1 15 35 40 35 49 9
split_gain=8296.07 6440.11 3338.61 920.492 741.91 270.007 515.394 375.215 594.727 209.806 224.267 127.334 106.561 131.913 106.499 87.0802 84.9638 82.676 114.305 80.4438 56.9164 40.2673 31.9225 30.6473 30.5605 26.5852 40.7588 40.8906 32.5133 26.0864
threshold=1.5741039265518844 3.5000000000000004 10.500000000000002 -0.45783048286480144 7.0000000000000009 3.0165198968604896 0.48000000000000004 1.994017580626221 0.99587844072866949 -1.0981005470923344 4.0234354356309208 7.0000000000000009 14.500000000000002 3.0240388752901493 1.3528464379280607 0.078469862298029172 -0.53253111656290664 -2.535449313321108 -1.2600411677594499 -0.042836313289873598 -1.165088963646183 11.500000000000002 0.21906077057699733 1.3510698025677781 -0.61040581183304732 0.97934793357793493 0.13500000000000004 3.0022294741910618 14.500000000000002 1.438366478306347
decision_type=2 2 2 2 2 2 2 2 2 2 2 2 2 2 2 2 2 2 2 2 2 2 2 2 2 2 2 2 2 2
left_child=1 3 -2 4 -1 7 -7 8 -5 10 17 -12 13 15 -4 -6 -8 18 -3 -11 -19 -10 -22 -9 -18 -16 -27 -28 -29 -21
right_child=2 9 14 5 12 6 16 23 21 19 11 -13 -14 -15 25 -17 24 20 -20 29 22 -23 -24 -25 -26 26 27 28 -30 -31
leaf_value=4.8167035830497511 4.7726106390742196 -2.7949582380924056 -2.1281986255108043 -1.3144800721861893 2.2344690661859761 4.5549263899613077 3.2051775983956747 -1.9186035183104593 3.9168752406420437 -2.7530308948358719 3.8946603394386954 -1.4518542266487044 -2.2588624870286491 5.1850930182001527 -1.904281549486849 -1.6850722101530005 0.90106550166414578 -2.266781381897288 3.0145190764885776 -2.4146843670017297 -1.4217675998342707 0.097810342313646714 1.046286773411131 0.98398216327452204 -1.8910871058470073 4.4772971676420301 -1.7159165247415424 4.2459023703441812 -0.14778261445328855 -1.3266288069345751
leaf_weight=114.00978589057922 254.55633229017258 6.2656240090727806 96.810033708810806 49.387859836220741 9.8284298181533867 38.085165545344353 4.545648790895938 81.084545999765396 43.367946572601795 2674.5614642649889 10.074140563607218 7.9855992272496215 14.374078609049318 6.1427686363458625 3.8085165545344379 13.39123562723398 4.6685041636228588 351.85778748989105 7.3713223636150342 722.38959163427353 18.919727399945263 2.9485289454460135 7.2484669908881179 3.8085165545344344 24.448219172656536 2.8256735727190962 5.6513471454381925 3.1942396908998489 3.5628058090806007 22.728243954479694
leaf_count=928 2072 51 788 402 80 310 37 660 353 21770 82 65 117 50 31 109 38 2864 60 5880 154 24 59 31 199 23 46 26 29 185
internal_value=-1.78712 -2.18772 2.74725 1.57858 3.47348 0.394032 2.03516 -0.257953 1.09959 -2.59106 -1.91483 1.53056 -0.0279427 1.06418 -1.70297 -0.0260071 -0.815673 -2.0737 0.3453 -2.67208 -2.16096 3.67375 -0.738128 -1.78839 -1.4434 0.458843 1.04962 0.269065 1.92923 -2.3815
internal_weight=0 4239.49 370.409 410.091 157.746 252.345 71.7475 180.597 95.7043 3829.4 409.723 18.0597 43.7365 29.3624 115.853 23.2197 33.6624 391.663 13.6369 3419.68 378.026 46.3165 26.1682 84.8931 29.1167 19.0426 15.2341 12.4084 6.75705 745.118
internal_count=37523 34508 3015 3338 1284 2054 584 1470 779 31170 3335 147 356 239 943 189 274 3188 111 27835 3077 377 213 691 237 155 124 101 55 6065
is_linear=0
shrinkage=1


Tree=72
num_leaves=31
num_cat=0
split_feature=10 36 34 8 34 6 35 35 40 35 35 34 20 49 35 20 6 6 14 10 34 6 38 49 35 35 9 38 38 20
split_gain=8477.73 6322.65 3515.55 1040.34 643.936 245.204 260.859 209.345 540.75 420.237 583.458 134.883 116.587 104.865 92.9556 75.437 73.9011 73.0773 73.2129 75.0868 66.0594 58.0167 57.0731 55.3629 39.7422 37.9889 37.3003 29.7876 28.9651 28.7225
threshold=1.5538125748340554 3.5000000000000004 0.97818403295510314 -0.45783048286480144 0.98381378262524721 -0.76514077609537645 4.0234354356309208 3.9800141622745224 0.48000000000000004 1.994017580626221 0.97934793357793493 0.023426599946243142 3.0452912483573158 14.500000000000002 3.9941869586429366 1.0000000180025095e-35 -0.6337139437409065 -0.79167579095138085 -2.535449313321108 -1.0000000180025095e-35 1.0047484772329272 -0.12004686838402953 76.500000000000014 11.500000000000002 3.0011073808500774 4.999983026820618 1.438366478306347 28.500000000000004 168.50000000000003 0.21906077057699733
decision_type=2 2 2 2 2 2 2 2 2 2 2 2 2 2 2 2 2 2 2 2 2 2 2 2 2 2 2 2 2 2
left_child=1 3 -2 4 -1 6 17 9 20 10 -5 -8 -4 14 21 28 -10 18 19 -3 -9 -6 -17 27 -14 -26 -24 -12 -7 -19
right_child=2 5 12 7 13 15 11 8 16 -11 23 -13 24 -15 -16 22 -18 29 -20 -21 -22 -23 26 -25 25 -27 -28 -29 -30 -31
leaf_value=4.7937635815934989 4.8606015967987464 -2.2647582224200864 -2.2080836142942069 -1.3395488899209536 2.2457741387990588 -2.8130434231250323 3.9464502797234364 4.8583186565373691 3.2858408192025235 -1.8493165206211319 1.7935712342758152 -1.3752237459281178 -0.66814008304454675 -2.3161551627148524 5.1850930182001527 -2.6458423463476635 -1.435967419670046 -1.080297224733755 -2.244312596003077 2.2494807199836777 -0.51266357879273405 -1.1272903837161652 -2.133498447782527 -0.58049401447122073 4.2548470431809058 -0.34987053316436634 -0.39638283191532819 4.2022867055830684 -2.5811807181990636 1.2509277488479214
leaf_weight=114.99262887239456 255.78488601744175 7.2484669908881187 97.792876690626144 46.439330890774727 8.845586836338045 2006.8425134941936 11.30269429087639 33.662372127175331 3.6856611818075171 86.858748517930508 5.8970578908920279 8.2313099727034551 10.934128172695639 12.531248018145559 4.7913595363497725 362.79191566258669 32.925239890813828 18.674016654491428 354.80631643533707 7.4941777363419515 2.4571074545383444 12.039826527237894 295.9585928991437 2.9485289454460135 4.2999380454421035 3.0713843181729317 12.899814136326311 39.682285390794277 736.51795949786901 7.3713223636150351
leaf_count=936 2082 59 796 378 72 16335 92 274 30 707 48 67 89 102 39 2953 268 152 2888 61 20 98 2409 24 35 25 105 323 5995 60
internal_value=-1.78712 -2.1905 2.78918 1.55303 3.61199 -2.58904 -1.86333 0.313873 1.74774 -0.259674 1.19424 1.70398 -1.77453 0.05528 1.21263 -2.67725 -0.960618 -2.03948 -2.15358 0.0299799 4.49295 0.301302 -2.37688 3.61898 0.541667 2.33621 -2.06095 3.89065 -2.75079 -0.420517
internal_weight=0 4237.9 371.883 407.757 153.201 3830.14 415.128 254.556 72.7304 181.826 94.9672 19.534 116.098 38.208 25.6768 3415.01 36.6109 395.594 369.549 14.7426 36.1195 20.8854 671.65 48.5279 18.3055 7.37132 308.858 45.5793 2743.36 26.0453
internal_count=37522 34495 3027 3319 1247 31176 3379 2072 592 1480 773 159 945 311 209 27797 298 3220 3008 120 294 170 5467 395 149 60 2514 371 22330 212
is_linear=0
shrinkage=1


Tree=73
num_leaves=31
num_cat=0
split_feature=10 36 49 2 49 35 35 35 35 6 35 49 35 20 49 0 6 20 38 35 14 7 35 38 32 35 6 2 18 13
split_gain=8583.37 6347.98 3493.08 842.712 593.449 222.167 497.812 405.905 578.899 220.729 202.28 132.254 120.452 118.524 107.619 106.98 73.7267 71.6998 71.5218 62.6315 59.4749 71.1035 48.4425 48.176 42.759 40.7968 36.76 33.4434 30.2168 30.0707
threshold=1.5538125748340554 3.5000000000000004 7.5000000000000009 -0.51375135402742844 7.5000000000000009 3.0165198968604896 4.9842535810722159 1.5025796241620899 0.022064128461923609 -0.76514077609537645 4.9842535810722159 14.500000000000002 3.0240388752901493 3.0452912483573158 14.500000000000002 -0.6050447430664162 -0.78137799809396824 -0.022538390292435213 107.50000000000001 3.0011073808500774 -2.535449313321108 -1.2600411677594499 4.98678569477888 76.500000000000014 -0.21644621054960053 2.0018416248359712 1.1851951845064732 -0.78866886814977144 0.96502416529115764 0.74323327499463032
decision_type=2 2 2 2 2 2 2 2 2 2 2 2 2 2 2 2 2 2 2 2 2 2 2 2 2 2 2 2 2 2
left_child=1 3 -2 4 24 7 -7 8 -5 10 16 12 18 -4 -12 -8 20 -11 -6 -15 21 -3 -21 -19 27 -20 -26 -1 -22 -23
right_child=2 9 13 5 11 6 15 -9 -10 17 14 -13 -14 19 -16 -17 -18 23 25 22 28 29 -24 -25 26 -27 -28 -29 -30 -31
leaf_value=3.8284843046304169 4.8619982600185523 -2.7980274885755954 -2.1857004205150066 -1.335748865513195 -1.8546062522157691 4.4502632983498795 5.1850930182001527 -1.847852154779789 3.8093771396505622 -2.7590087183464709 3.7051562397604401 -2.2145908739984015 5.1850930182001527 -1.0121422415161367 -1.3011923935551426 -1.5301201139700353 -0.25684593566244107 -2.6434064776452435 2.3327362358227606 4.7566902665465527 -2.5374302681871197 -0.84427904210978011 -0.24134183607878756 -2.1214383348997496 4.6690082795562713 -1.5010499272506839 1.5091210201402259 -0.24134183607878668 -1.9588665041944808 2.9336998339780389
leaf_weight=5.1599256545305252 256.890584371984 6.388479381799697 97.54716594517231 43.859368063509464 9.0912975817918795 35.382347345352173 2.5799628272652617 84.033074945211411 43.61365731805563 2694.9554561376572 9.4598636999726313 14.865500099956988 6.6341901272535315 10.811272799968721 7.8627438545227042 29.485289454460144 21.499690227210522 382.44877529889345 14.374078609049322 4.6685041636228553 177.40315821766853 3.3170950636267644 3.3170950636267662 328.88383278995752 110.44698008149862 3.4399504363536826 3.8085165545344344 3.3170950636267644 183.79163759946823 5.7742025181651115
leaf_count=42 2091 52 794 357 74 288 21 684 355 21936 77 121 54 88 64 240 175 3113 117 38 1444 27 27 2677 899 28 31 27 1496 47
internal_value=-1.78712 -2.19934 2.80321 1.53956 3.23345 0.326411 1.864 -0.27827 1.22959 -2.60054 -1.91243 0.268247 1.3687 -1.74264 1.43277 -0.989816 -2.05797 -2.68447 0.427671 0.556663 -2.16077 -0.241342 2.68058 -2.40208 4.4029 1.59242 4.56368 2.23594 -2.24303 1.55525
internal_weight=0 4231.88 373.235 410.091 171.138 238.954 67.4476 171.506 87.473 3821.78 415.497 48.405 33.5395 116.344 17.3226 32.0653 398.174 3406.29 26.9053 18.7969 376.675 15.4798 7.9856 711.333 122.733 17.814 114.255 8.47702 361.195 9.0913
internal_count=37484 34446 3038 3338 1393 1945 549 1396 712 31108 3382 394 273 947 141 261 3241 27726 219 153 3066 126 65 5790 999 145 930 69 2940 74
is_linear=0
shrinkage=1


Tree=74
num_leaves=31
num_cat=0
split_feature=10 36 46 2 34 14 35 35 35 40 35 34 0 20 34 6 14 7 9 38 34 38 38 12 6 25 2 9 6 25
split_gain=8459.88 6514.49 3435.54 875.547 700.894 229.654 243.872 228.008 500.726 428.797 586.701 124.182 118.544 96.4185 87.8182 87.026 75.4915 76.969 72.0347 67.5464 66.9199 58.8892 47.2144 41.5297 39.9099 37.8981 65.9216 36.7994 35.5436 33.3382
threshold=1.5538125748340554 3.5000000000000004 10.500000000000002 -0.55569679791480553 0.026578307438921856 -1.0981005470923344 4.0234354356309208 3.9800141622745224 4.9787236971600306 0.20500000000000004 0.022064128461923609 0.023426599946243142 -0.6050447430664162 3.0452912483573158 1.0099266656654025 -0.78137799809396824 -2.535449313321108 -1.2600411677594499 0.14409912162382785 76.500000000000014 1.000003548035634 76.500000000000014 78.500000000000014 -0.3139292388618537 0.87837208639158482 3.1407348152685901 -0.77337801047657628 1.438366478306347 1.1851951845064732 -0.20166807095292891
decision_type=2 2 2 2 2 2 2 2 2 2 2 2 2 2 2 2 2 2 2 2 2 2 2 2 2 2 2 2 2 2
left_child=1 3 -2 4 25 6 15 9 14 10 -5 -8 -10 -4 -9 16 17 -3 -7 -6 24 -20 -23 -14 -21 28 -27 -24 -1 -19
right_child=2 5 13 7 19 18 11 8 12 -11 -12 -13 23 -15 -16 -17 -18 29 21 20 -22 22 27 -25 -26 26 -28 -29 -30 -31
leaf_value=4.8122150924591978 4.8413840926892018 -2.7695671659132932 -2.1773537550570152 -1.3222170712806895 -1.6827385942466304 -2.7846387405301045 3.8132415100959247 4.8630204459138131 5.1850930182001527 -1.8692722923624689 3.7186804661952695 -1.3512944199085701 0.49862655314106741 0.35743718232440624 -1.3266288069345751 -0.08450845878748825 -2.2551689519262803 -0.58049401447122073 -2.6855808926719482 2.3820339544004336 -1.5389675621020118 0.015313866488460004 -2.3295734307192815 -2.1319348305217156 -1.0393469617080429 4.517908404969134 -0.59143440732258923 -0.89251401859225987 1.4283304267762715 3.634683059834741
leaf_weight=109.95555859059095 256.03059676289558 5.4056363999843589 95.212913863360882 45.333632536232471 15.725487709045408 2177.4886262118816 10.934128172695639 34.153793618083 2.9485289454460135 84.770207181572914 47.053607754409313 8.1084545999765378 8.1084545999765414 17.814029045403004 2.4571074545383444 21.253979481756687 351.73493211716413 2.9485289454460135 654.32771514356136 18.551161281764514 8.4770207181572896 9.091297581791876 539.21223089843988 23.096810072660446 4.1770826727151862 7.4941777363419533 3.8085165545344335 18.42830590903759 3.194239690899848 5.1599256545305243
leaf_count=895 2084 44 775 369 128 17724 89 278 24 690 383 66 66 145 20 173 2863 24 5326 151 69 74 4389 188 34 61 31 150 26 42
internal_value=-1.78712 -2.17841 2.81419 1.56244 3.30043 -2.59074 -1.87946 0.360998 1.87836 -0.245105 1.24515 1.61415 -0.875727 -1.77785 4.44761 -2.05159 -2.16606 0.153308 -2.67562 0.00725138 0.8589 -2.4812 -2.24523 -1.4484 1.75324 4.54228 2.79628 -2.28208 4.71669 2.10189
internal_weight=0 4223.4 369.058 419.305 171.383 3804.09 405.546 247.922 70.7647 177.157 92.3872 19.0426 34.1538 113.027 36.6109 386.503 365.249 13.5141 3398.55 46.9308 31.2053 1221.06 566.732 31.2053 22.7282 124.452 11.3027 557.641 113.15 8.10845
internal_count=37381 34377 3004 3413 1395 30964 3301 2018 576 1442 752 155 278 920 298 3146 2973 110 27663 382 254 9939 4613 254 185 1013 92 4539 921 66
is_linear=0
shrinkage=1


Tree=75
num_leaves=31
num_cat=0
split_feature=10 47 34 20 8 34 6 35 40 40 35 6 35 25 32 34 20 10 38 20 29 20 20 34 6 38 34 10 20 6
split_gain=8487.82 3775.85 3561.63 840.597 602.871 429.506 229.41 193.092 438.91 249.706 523.13 184.32 223.107 109.339 116.553 103.814 102.886 380.606 92.9698 79.0083 74.5292 62.1826 59.5523 58.5127 57.6278 56.6538 68.4519 63.7395 140.056 51.9538
threshold=1.5538125748340554 3.5000000000000004 0.97818403295510314 0.85870098367495362 -0.45783048286480144 0.98758984920427906 -0.12477134196998574 3.9800141622745224 0.43500000000000005 0.13500000000000004 0.022064128461923609 -0.76514077609537645 4.9842535810722159 0.44274310670737488 1.5943893819952557 0.023426599946243142 1.496308439195347 0.35340089312599549 167.50000000000003 3.0452912483573158 -0.27374546320570869 0.0078164517161660434 1.06230806482151 1.0074179708912594 -1.1961339953951045 28.500000000000004 1.0123176846834674 -0.4240539323484524 0.26866978526822521 1.2446557133717711
decision_type=2 2 2 2 2 2 2 2 2 2 2 2 2 2 2 2 2 2 2 2 2 2 2 2 2 2 2 2 2 2
left_child=1 11 -2 6 5 16 13 9 -9 10 -6 12 22 -3 25 -14 17 -5 -8 -4 -16 -13 24 -7 -1 -15 27 28 -27 -20
right_child=2 3 19 4 7 23 18 8 -10 -11 -12 21 15 14 20 -17 -18 -19 29 -21 -22 -23 -24 -25 -26 26 -28 -29 -30 -31
leaf_value=0.063514054611041093 4.8478788522556755 -1.4501488221000685 -2.181292296483508 4.8943911510066389 -1.6512312544110794 0.3807128911190425 -2.3986805708287071 4.6689199466955706 -0.88153920652742601 -1.8254306693019837 3.7505182866091684 -2.7637538846496374 3.7426229936449897 -1.7403569891945163 0.38851220950716092 -1.4187758138940287 4.7445941888528029 -1.2881737567861415 -0.55955869481736675 0.14904916063192797 3.726098741342136 -2.3682646456818102 0.24316127591040404 -2.7079031334783052 -2.2699439243270918 -0.10199230054594421 -2.9545592632182567 -1.0417409770849306 3.383185261244932 -2.505474999415862
leaf_weight=10.934128172695635 257.99628272652626 63.147661581635475 98.284298181533813 27.519603490829468 40.665128372609615 25.18535140901804 125.9267570450902 25.18535140901804 32.80238451808691 80.593124508857727 32.065252281725407 2662.3987823650241 9.7055744454264659 22.236822463572025 13.759801745414736 6.5113347545266143 52.213533408939838 15.602632336318491 59.707711145281792 17.0768968090415 13.022669509053229 467.34183785319328 10.319851309061049 8.1084545999765378 330.1123865172267 40.665128372609615 7.0027562454342833 24.571074545383453 16.094053827226162 17.814029045403004
leaf_count=89 2100 514 800 224 331 205 1025 205 267 656 261 21671 79 181 112 53 425 127 486 139 106 3804 84 66 2687 331 57 200 131 145
internal_value=-1.78712 -2.19086 2.78257 -0.145001 1.01378 2.72065 -1.12017 -0.0252309 1.52915 -0.613105 0.730283 -2.62602 -1.95615 -0.361043 0.139673 1.67024 3.80051 2.65739 -1.86829 -1.83633 2.01138 -2.7047 -2.12352 -0.371496 -2.19513 -0.313694 0.0454517 0.303761 0.886229 -1.00672
internal_weight=0 4241.21 373.357 743.889 339.941 128.63 403.948 211.311 57.9877 153.324 72.7304 3497.32 367.583 200.5 137.352 16.2169 95.3358 43.1222 203.448 115.361 26.7825 3129.74 351.366 33.2938 341.047 110.57 88.333 81.3303 56.7592 77.5217
internal_count=37561 34522 3039 6055 2767 1047 3288 1720 472 1248 592 28467 2992 1632 1118 132 776 351 1656 939 218 25475 2860 271 2776 900 719 662 462 631
is_linear=0
shrinkage=1


Tree=76
num_leaves=31
num_cat=0
split_feature=1 47 34 42 2 34 42 42 6 35 35 40 40 35 34 47 34 38 46 42 14 7 14 6 38 18 31 32 4 12
split_gain=8519.25 3736.88 3447.78 818.867 673.237 464.736 363.14 1019.23 199.188 237.554 169.141 746.509 362.242 783.236 107.854 100.016 73.4483 72.9822 67.7609 60.7241 55.3084 68.4303 58.8519 49.0113 44.0846 43.9031 37.6195 36.8822 35.2851 33.8563
threshold=1.5741039265518844 3.5000000000000004 0.97142733839817097 0.84375000000000011 -0.56666727637951553 0.026578307438921856 0.65625000000000011 0.21875000000000003 -0.76514077609537645 4.9842535810722159 3.9800141622745224 0.43500000000000005 0.13500000000000004 0.022064128461923609 0.012402216627463996 3.5000000000000004 1.0087816834276795 76.500000000000014 17.000000000000004 0.21875000000000003 -2.535449313321108 -1.2600411677594499 -1.165088963646183 0.82710457315760044 76.500000000000014 0.96609126551163393 0.99989022906284342 1.2810536924290215 0.51562021838130367 -1.0559327095080766
decision_type=2 2 2 2 2 2 2 2 2 2 2 2 2 2 2 2 2 2 2 2 2 2 2 2 2 2 2 2 2 2
left_child=1 8 -2 4 5 6 7 26 9 20 12 16 13 -6 -11 -4 -12 -7 23 -10 21 -1 -22 -19 -21 -26 -3 -13 -5 -9
right_child=2 3 15 28 10 17 -8 29 19 14 11 27 -14 -15 -16 -17 -18 18 -20 24 22 -23 -24 -25 25 -27 -28 -29 -30 -31
leaf_value=-2.7403578873914567 4.8096549434033928 4.5690184189184837 -2.2472515477294848 -2.2768371419327758 -1.7282463017992875 -2.0657466577760166 4.5527295939465304 0.98398216327452204 1.567469782014193 4.0069854511527492 4.7518035431436587 -2.1405940350764161 -2.0217340479725241 3.7930945121025119 -1.0864423461714088 -0.087986068457860389 -0.91964619286365457 1.5028693670823006 -2.2667013239434617 -2.8229604479673105 -2.2923610044341203 2.3611320226060113 -0.67047316384064204 -1.5010499272506839 -2.7210491841728071 -2.362485182765933 0.74528268288102018 -0.56945185052356018 -0.97129373272037034 -2.1226058532390271
leaf_weight=4.6685041636228561 258.36484884470701 53.564942508935928 89.070145227015018 143.12650922685862 65.236202917993069 21.376834854483604 61.673397108912468 3.8085165545344344 3.3170950636267653 9.3370083272457141 32.310963027179241 34.399504363536835 132.92951329052448 42.385103590786457 7.4941777363419524 28.256735727190971 2.4571074545383444 25.799628272652626 8.7227314636111242 1694.5441560223699 315.61545253545046 6.0199132636189443 24.079653054475784 6.8799008727073661 903.6012664064765 548.91780534386635 2.702818199992179 26.413905136287212 24.202508427202702 44.473644927144051
leaf_count=38 2103 436 725 1165 531 174 502 31 27 76 263 280 1082 345 61 230 20 210 71 13793 2569 49 196 56 7355 4468 22 215 197 362
internal_value=-1.78712 -2.19975 2.76822 -0.144864 0.430474 1.75281 2.62829 1.49308 -2.62763 -1.93064 -0.470418 0.654927 -0.917568 0.446254 1.73911 -1.72722 4.35099 -0.565229 0.209519 -2.70887 -2.10692 0.132895 -2.17739 0.870465 -2.71338 -2.58555 4.38535 -1.45818 -2.088 -1.87756
internal_weight=0 4250.06 375.692 732.464 565.135 229.002 166.223 104.55 3517.6 367.215 336.132 95.5815 240.551 107.621 16.8312 117.327 34.7681 62.7791 41.4023 3150.38 350.384 10.6884 339.695 32.6795 3147.06 1452.52 56.2678 60.8134 167.329 48.2822
internal_count=37652 34594 3058 5962 4600 1864 1353 851 28632 2989 2736 778 1958 876 137 955 283 511 337 25643 2852 87 2765 266 25616 11823 458 495 1362 393
is_linear=0
shrinkage=1


Tree=77
num_leaves=31
num_cat=0
split_feature=10 36 49 8 49 35 35 35 35 14 35 49 0 9 49 35 9 6 6 10 6 49 9 6 18 27 35 6 35 26
split_gain=8486.51 6366.06 3566 940.433 762.391 263.151 474.842 409.171 620.216 205.202 227.945 141.962 117.496 99.816 94.5414 101.673 77.1654 71.5089 65.2447 66.2224 55.6578 50.1424 48.4806 43.6697 32.2127 31.0665 30.9148 30.6332 28.6005 26.4889
threshold=1.5538125748340554 3.5000000000000004 7.5000000000000009 -0.45783048286480144 7.5000000000000009 3.9838069065390429 4.9787236971600306 1.994017580626221 0.97226404297204638 -1.0981005470923344 4.0234354356309208 14.500000000000002 -0.6050447430664162 1.5303348782786643 14.500000000000002 3.9979300634071619 0.19112862607662964 -0.78137799809396824 -1.1961339953951045 -1.0000000180025095e-35 -0.11351946301772431 11.500000000000002 1.438366478306347 -0.49603811207511778 0.95807611235832224 -1.1554956296196714 3.0022294741910618 1.1851951845064732 4.98678569477888 -1.2003348554281688
decision_type=2 2 2 2 2 2 2 2 2 2 2 2 2 2 2 2 2 2 2 2 2 2 2 2 2 2 2 2 2 2
left_child=1 3 -2 4 27 7 -7 8 -5 10 17 -12 -8 -4 15 20 -11 18 19 -3 -6 -10 -18 -14 -20 -26 -15 -1 -28 -25
right_child=2 9 13 5 14 6 12 -9 21 16 11 -13 23 26 -16 -17 22 -19 24 -21 -22 -23 -24 29 25 -27 28 -29 -30 -31
leaf_value=4.8819734370739472 4.8273483763419716 -2.1267980142604523 -2.1807535710015848 -1.4402053503962273 1.9080901516550774 4.45977746837079 5.1850930182001527 -1.8425222613906713 3.8605301797541123 -2.7800063927606025 4.0082758208866451 -1.597950549648522 1.9292321056327855 -0.66528205906932913 -2.3625845518423727 5.1850930182001527 -2.4973818397537788 -0.28894214181807598 -2.5731909395434083 2.2671044644841198 -1.2153173227442378 -0.47727378626482797 -1.2220228338400412 1.3090681222866198 0.50479295638456723 -2.0434041570893307 4.099806047344364 1.7413939760615946 -0.24134183607878756 -2.0591975122622319
leaf_weight=112.16695529967546 259.96196869015694 7.2484669908881187 102.09281473606825 47.545029245316982 9.4598636999726313 37.225177936255932 3.0713843181729308 87.227314636111259 46.807897008955479 2222.8222587481141 10.196995936334135 8.1084545999765378 3.6856611818075207 7.8627438545227033 13.514090999960898 4.545648790895938 1161.4746937602758 21.008268736302853 175.68318299949169 6.5113347545266134 14.374078609049322 2.8256735727190962 30.590987809002399 2.5799628272652653 4.9142149090766898 181.08881939947605 3.685661181807518 3.194239690899848 2.5799628272652626 24.571074545383453
leaf_count=913 2116 59 831 387 77 303 25 710 381 18093 83 66 30 64 110 37 9454 171 1430 53 117 23 249 21 40 1474 30 26 21 200
internal_value=-1.78712 -2.18708 2.76872 1.54405 3.46814 0.360001 1.9939 -0.270264 1.14099 -2.58925 -1.92505 1.52498 -0.713206 -1.836 -0.185645 0.850992 -2.66992 -2.08435 -2.18481 -0.0475406 0.0243856 3.61358 -2.46465 -1.30069 -2.26612 -1.97608 0.6552 4.79501 2.31227 -1.73914
internal_weight=0 4242.44 376.183 412.794 157.255 255.539 71.1333 184.406 97.1786 3829.65 414.76 18.3055 33.9081 116.221 41.8937 28.3796 3414.89 396.454 375.446 13.7598 23.8339 49.6336 1192.07 30.8367 361.686 186.003 14.1284 115.361 6.26562 27.151
internal_count=37594 34532 3062 3360 1280 2080 579 1501 791 31172 3376 149 276 946 341 231 27796 3227 3056 112 194 404 9703 251 2944 1514 115 939 51 221
is_linear=0
shrinkage=1


Tree=78
num_leaves=31
num_cat=0
split_feature=1 36 46 8 46 35 48 35 35 6 35 46 36 49 35 0 14 7 20 6 6 49 38 12 38 35 35 35 35 4
split_gain=8281.6 6391.42 3361.37 1056.21 667.541 269.839 507.786 339.377 572.275 243.901 248.486 129.644 111.311 108.867 105.357 97.9463 87.6158 106.027 79.6286 73.452 57.3423 56.5605 56.1176 53.5413 39.5852 30.0762 46.8054 33.97 68.3748 27.2881
threshold=1.5741039265518844 3.5000000000000004 10.500000000000002 -0.45783048286480144 7.0000000000000009 3.9838069065390429 48.000000000000007 1.994017580626221 0.022064128461923609 -0.76514077609537645 4.0234354356309208 7.0000000000000009 3.5000000000000004 14.500000000000002 3.0240388752901493 -0.6050447430664162 -2.535449313321108 -1.2600411677594499 -0.042836313289873598 -0.79167579095138085 -0.12004686838402953 11.500000000000002 76.500000000000014 -0.31762050551988869 501.50000000000006 3.0022294741910618 4.98678569477888 1.9997339394412064 0.98263560584412879 0.54837713199306115
decision_type=2 2 2 2 2 2 2 2 2 2 2 2 2 2 2 2 2 2 2 2 2 2 2 2 2 2 2 2 2 2
left_child=1 3 -2 4 -1 7 -7 8 -5 10 16 -12 25 14 20 -8 17 -3 -11 -18 -6 -10 -20 -17 -22 27 -27 28 -4 -9
right_child=2 9 12 5 13 6 15 29 21 18 11 -13 -14 -15 -16 23 19 -19 22 -21 24 -23 -24 -25 -26 26 -28 -29 -30 -31
leaf_value=4.7926150255950724 4.8050314330755572 -2.7849831740220399 -2.0824536616377127 -1.468915787689447 2.0940858227248058 4.4498986185881666 5.1850930182001527 -1.9908244330983171 3.7664679062958011 -2.7565160207598947 3.7847227332249411 -1.398449268241208 -2.1354095431774232 -2.2699156133793252 5.1850930182001527 0.80220332820562446 -2.2445584411630684 2.8058100436316953 -2.6413029408114523 -0.48918381259633481 -2.4612470037383529 -0.67545662442110221 -2.0899395466298207 -1.982660483347402 1.2252621785911968 4.4220006168171775 -0.62894432567014014 -2.261822898842222 4.2806872091536619 -0.30231301421675272
leaf_weight=117.20402558147907 252.5906463265419 5.8970578908920288 3.4399504363536852 47.790739990770817 9.7055744454264659 38.085165545344353 2.5799628272652617 76.784607954323292 42.999380454421043 2666.0844435468316 11.425549663603308 8.3541653454303724 96.441467590630054 13.145524881780146 5.4056363999843589 9.582719072699545 354.92917180806398 7.9855992272496206 399.03425061702728 25.553917527198792 8.1084545999765414 3.0713843181729308 343.50362214446068 24.693929918110371 4.545648790895938 3.9313719272613517 3.4399504363536835 5.7742025181651115 3.3170950636267662 10.934128172695635
leaf_count=954 2056 48 28 389 79 310 21 625 350 21701 93 68 785 107 44 78 2889 65 3248 208 66 25 2796 201 37 32 28 47 27 89
internal_value=-1.78712 -2.18333 2.75648 1.54576 3.57867 0.292725 1.8892 -0.366172 0.955457 -2.58781 -1.86316 1.59556 -1.69107 0.100866 1.22332 -0.756853 -2.03663 0.43096 -2.67585 -2.12666 0.265523 3.47034 -2.38624 -1.2041 -1.13697 0.462085 2.06489 -0.480743 1.04127 -1.78035
internal_weight=0 4237.4 368.935 414.637 158.115 256.522 74.9418 181.58 93.8615 3822.77 414.145 19.7797 116.344 40.9108 27.7653 36.8566 394.366 13.8827 3408.62 380.483 22.3597 46.0708 742.538 34.2766 12.6541 19.9026 7.37132 12.5312 6.75705 87.7187
internal_count=37494 34491 3003 3375 1287 2088 610 1478 764 31116 3371 161 947 333 226 300 3210 113 27745 3097 182 375 6044 279 103 162 60 102 55 714
is_linear=0
shrinkage=1


Tree=79
num_leaves=31
num_cat=0
split_feature=10 36 46 2 46 35 35 40 35 6 35 46 9 0 49 35 9 6 1 38 6 6 38 35 35 0 2 3 9 31
split_gain=8446.06 6549.55 3568.64 781.718 674.322 224.018 462.119 417.166 580.903 207.625 269.652 125.016 106.473 101.404 93.1554 127.758 75.0536 73.1348 79.4201 66.8953 65.7313 61.1597 54.9265 49.726 53.8292 38.431 112.827 36.7542 35.8464 35.6919
threshold=1.5538125748340554 3.5000000000000004 11.500000000000002 -0.55569679791480553 7.0000000000000009 3.9800141622745224 4.98678569477888 0.20500000000000004 0.99147098788170507 -0.76514077609537645 4.0234354356309208 7.0000000000000009 1.0855718869379301 -0.59413502330859924 14.500000000000002 3.0240388752901493 0.14409912162382785 -1.1961339953951045 -0.039288856269127939 76.500000000000014 -0.79167579095138085 -0.12004686838402953 80.500000000000014 3.0011073808500774 4.999983026820618 0.89752783866328045 -0.78866886814977144 1.1003408357053439 1.4973996768058531 -0.2966508931047705
decision_type=2 2 2 2 2 2 2 2 2 2 2 2 2 2 2 2 2 2 2 2 2 2 2 2 2 2 2 2 2 2
left_child=1 3 -2 4 25 7 -7 8 -5 10 17 -12 -4 -8 15 21 -11 18 -3 -18 -19 -6 -21 -14 -25 -1 -27 -20 -24 -15
right_child=2 9 12 5 14 6 13 -9 -10 16 11 -13 23 29 -16 -17 19 20 27 22 -22 -23 28 24 -26 26 -28 -29 -30 -31
leaf_value=4.7717513007843735 4.848039354000532 -2.6353572129665546 -2.2948750260314057 -1.2057215051416224 2.0086433474027245 4.3550626868713014 5.1850930182001438 -1.7729968352704233 3.7927840753259514 -2.7818819287916776 3.7996202894480811 -1.2787484993968197 -1.0306414512466331 0.78968078623420856 -2.0653535518028003 5.1850930182001527 -2.6890038662666869 -2.2983608803251778 -0.081740810952934728 -0.19014905443464603 -0.63456175305552187 -1.0940673131797634 -2.3062028002013149 4.3282875148929527 -0.78398532150668121 4.6237376884471573 0.11448995764442205 4.0545857568920383 -0.57021667573205614 -1.9209526243079826
leaf_weight=94.352926254272461 258.11913809925318 6.2656240090727815 93.984360136091709 46.31647551804781 10.074140563607214 37.348033308982849 2.5799628272652653 83.787364199757576 46.685041636228561 2183.2628287300467 11.548405036330225 8.3541653454303724 13.514090999960901 6.1427686363458696 14.619789354503153 5.8970578908920279 658.99621930718422 358.12341149896383 4.1770826727151835 13.022669509053229 25.431062154471874 17.199752181768421 539.82650776207447 4.6685041636228544 3.685661181807518 21.376834854483608 7.4941777363419524 4.4227934181690216 12.162681899964808 23.21966544538736
leaf_count=768 2101 51 765 377 82 304 21 682 380 17771 94 68 110 50 119 48 5364 2915 34 106 207 140 4394 38 30 174 61 36 99 189
internal_value=-1.78712 -2.17887 2.77849 1.58399 3.2262 0.442719 1.96676 -0.154609 1.30344 -2.58913 -1.92425 1.66796 -1.83244 -0.825727 0.0376522 0.964533 -2.67075 -2.1037 0.0725841 -2.47254 -2.18804 0.051979 -2.22006 0.154971 2.07287 4.46283 3.45325 2.04551 -2.26795 -1.35387
internal_weight=0 4242.69 373.972 417.094 171.015 246.079 69.2904 176.789 93.0015 3825.59 418.323 19.9026 115.853 31.9424 47.7907 33.171 3407.27 398.42 14.8655 1224.01 383.554 27.2739 565.012 21.8683 8.35417 123.224 28.871 8.59988 551.989 29.3624
internal_count=37578 34534 3044 3395 1392 2003 564 1439 757 31139 3405 162 943 260 389 270 27734 3243 121 9963 3122 222 4599 178 68 1003 235 70 4493 239
is_linear=0
shrinkage=1


Tree=80
num_leaves=31
num_cat=0
split_feature=36 20 36 20 34 34 8 46 6 7 20 34 20 9 38 46 35 35 35 35 6 35 35 35 35 35 35 34 3 6
split_gain=7395.86 2020.27 1167.6 1530.84 1122.88 1059.9 913.644 494.082 357.589 668.584 348.987 275.112 266.618 341.162 174.899 171.828 146.243 260.756 219.283 239.86 131.613 127.017 261.609 204.403 246.246 115.137 96.6576 85.1221 250.585 357.918
threshold=3.5000000000000004 0.19433698214755657 4.5000000000000009 1.496308439195347 0.01902320408709034 0.023426599946243142 -0.45783048286480144 11.500000000000002 -0.76514077609537645 -0.1303081462162192 3.0452912483573158 0.015758903336841591 0.28367183272256269 0.088135501915918277 76.500000000000014 17.000000000000004 3.9838069065390429 4.9842535810722159 1.994017580626221 0.97226404297204638 -0.76514077609537645 0.97226404297204638 1.5025796241620899 3.0240388752901493 4.0234354356309208 4.0234354356309208 4.9842535810722159 0.023426599946243142 -0.72396249777073007 -0.39224279142266311
decision_type=2 2 2 2 2 2 2 2 2 2 2 2 2 2 2 2 2 2 2 2 2 2 2 2 2 2 2 2 2 2
left_child=5 8 3 20 12 6 -1 -5 9 25 16 -11 13 -4 -7 21 18 -18 19 -8 26 -16 -23 -24 -25 -2 -3 28 29 -10
right_child=1 2 4 7 -6 14 10 -9 27 11 -12 -13 -14 -15 15 -17 17 -19 -20 -21 -22 22 23 24 -26 -27 -28 -29 -30 -31
leaf_value=4.8421498008403052 -2.2284558621467165 -1.2647106913231512 5.0548585816974576 4.5589659196295056 -2.0656464873031846 -1.4761673039627212 -0.88865766894962506 -1.5884637754277546 3.6987217320280954 3.5695895119644381 4.0079740728873361 -2.0977537599110558 4.4559710711675589 -0.87232263308796609 -1.5418923383439875 -1.9665089862830742 4.8267435466911657 -0.51266357879273405 -1.6585811066795717 3.4596367742128398 -2.3229664576765763 4.7062899428225986 -1.1254239190792885 4.7622539386459497 -0.72832957941151233 0.90972010270765491 2.6146765082785497 -2.8003527183819124 -2.5901814449354879 -1.7090285785448358
leaf_weight=142.88079848140478 301.60994004458189 77.521740190684795 15.356921590864657 51.107835054397583 57.373459063470364 58.847723536193371 24.202508427202702 17.568318299949169 14.128367863595484 32.188107654452324 39.927996136248112 11.671260409057139 75.433198854327202 26.413905136287212 14.865500099956988 21.253979481756687 19.534004263579845 17.199752181768417 43.982223436236382 26.659615881741047 379.99166784435511 20.885413363575935 32.80238451808691 18.919727399945259 14.374078609049318 12.162681899964808 7.0027562454342833 1711.9896189495921 1240.4706984236836 91.527252681553364
leaf_count=1163 2455 631 125 416 467 479 197 143 115 262 325 95 614 215 121 173 159 140 358 217 3093 170 267 154 117 99 57 13935 10097 745
internal_value=-1.78712 -2.22314 -0.68546 -1.4204 1.5592 1.86274 2.97444 2.98637 -2.54177 -1.59562 1.41846 2.06147 3.33362 1.30679 -0.0581401 0.619739 0.632664 2.32669 -0.023441 1.39052 -2.07192 1.15945 1.62112 0.646253 2.39178 -2.10681 -0.943308 -2.65241 -2.46426 -0.985899
internal_weight=0 4123.52 707.77 533.192 174.577 496.336 314.387 68.6762 3415.75 357.632 171.506 43.8594 117.204 41.7708 181.949 123.101 131.578 36.7338 94.8443 50.8621 464.516 101.847 86.9816 66.0962 33.2938 313.773 84.5245 3058.12 1346.13 105.656
internal_count=37604 33564 5761 4340 1421 4040 2559 559 27803 2911 1396 357 954 340 1481 1002 1071 299 772 414 3781 829 708 538 271 2554 688 24892 10957 860
is_linear=0
shrinkage=1


Tree=81
num_leaves=31
num_cat=0
split_feature=1 36 34 8 34 6 35 6 9 35 35 35 34 38 35 20 34 35 35 35 35 38 38 6 7 6 10 9 10 6
split_gain=8532.94 6262.76 3370.59 997.851 702.681 240.274 245.076 216.812 151.567 136.101 209.479 260.226 135.455 133.704 123.734 82.1296 76.0276 67.5486 211.497 123.481 189.13 67.2421 64.7927 64.1218 100.509 57.4098 49.4317 38.8593 33.2988 32.7176
threshold=1.5741039265518844 3.5000000000000004 0.97818403295510314 -0.45783048286480144 0.97142733839817097 -0.76514077609537645 4.0234354356309208 -0.12004686838402953 1.0855718869379301 3.9874776848372853 1.994017580626221 0.97226404297204638 0.012402216627463996 123.50000000000001 4.98678569477888 1.0000000180025095e-35 1.000003548035634 3.9800141622745224 4.9787236971600306 1.9921412179644828 0.99397912725176296 49.500000000000007 76.500000000000014 -1.1961339953951045 -1.2600411677594499 -0.78137799809396824 1.5538125748340554 1.438366478306347 1.5538125748340554 0.93039162688089838
decision_type=2 2 2 2 2 2 2 2 2 2 2 2 2 2 2 2 2 2 2 2 2 2 2 2 2 2 2 2 2 2
left_child=1 3 26 4 -1 6 23 9 -4 10 11 -5 -8 -9 -11 -7 21 19 -19 20 -15 -6 -17 24 -3 -25 -2 28 -24 -23
right_child=2 5 8 7 16 15 12 13 -10 14 -12 -13 -14 17 -16 22 -18 18 -20 -21 -22 29 27 25 -26 -27 -28 -29 -30 -31
leaf_value=4.7983276830139641 1.4641091181231656 -2.9545592632182567 -2.2411236050859662 -0.80998021901220885 -1.4967110934119747 -2.7534182452514306 3.9046982773028733 -1.6599823596129433 0.57539198127442059 4.578410860578904 -1.1199074791525203 3.7750745127575933 -1.2632029450014446 -1.2978158785047755 0.47266275001054714 -2.6502475746909941 -1.9656295467842446 4.6867469601541263 -1.1544438548276472 -2.0355662637032754 4.2118737236827339 2.397540867029464 -2.1402547415257107 -2.2171017948983671 2.6589940343116809 -0.5786607594528832 4.8834774290300906 -0.29506891384392508 0.74528268288102018 -1.0761779675063163
leaf_weight=113.76407514512539 4.2999380454421035 5.7742025181651115 92.510095663368702 20.516847245395184 8.2313099727034587 2744.3433159738779 10.934128172695639 61.796252481639385 24.079653054475784 19.779715009033684 38.699442408978939 31.205264672636986 9.4598636999726278 13.882657118141653 11.671260409057139 364.75760162621737 13.145524881780146 12.039826527237892 12.776958763599396 22.851099327206612 11.302694290876387 17.936884418129925 294.73003917187452 362.05478342622519 7.1256116181611997 22.728243954479694 251.97636946290731 12.408392645418642 4.0542272999882689 3.194239690899848
leaf_count=926 35 47 753 167 67 22338 89 503 196 161 315 254 77 113 95 2969 107 98 104 186 92 146 2399 2947 58 185 2051 101 33 26
internal_value=-1.78712 -2.191 2.79818 1.51014 3.50213 -2.58904 -1.87342 0.296624 -1.65942 1.26296 0.639717 1.9563 1.50754 -0.578018 3.05479 -2.67651 0.0331166 0.339735 1.6794 -0.352369 1.17483 0.927953 -2.36428 -2.0468 0.146261 -2.12032 4.82611 -2.02909 -2.1011 1.87244
internal_weight=0 4251.16 372.866 412.794 156.272 3838.37 418.077 256.522 116.59 121.873 90.4216 51.7221 20.394 134.649 31.451 3420.29 42.508 72.8532 24.8168 48.0365 25.1854 29.3624 675.95 397.683 12.8998 384.783 256.276 311.193 298.784 21.1311
internal_count=37638 34603 3035 3360 1272 31243 3403 2088 949 992 736 421 166 1096 256 27840 346 593 202 391 205 239 5502 3237 105 3132 2086 2533 2432 172
is_linear=0
shrinkage=1


Tree=82
num_leaves=31
num_cat=0
split_feature=10 9 34 8 34 42 42 6 40 40 40 40 40 20 34 20 20 49 6 49 34 38 14 1 9 9 20 34 6 14
split_gain=8476.14 5039.19 3535.42 824.979 557.834 358.038 271.635 243.575 264.479 169.792 645.072 364.09 700.215 159.975 146.669 101.602 79.7667 76.5517 75.421 75.4016 74.546 61.828 59.9569 73.8217 56.5055 80.349 67.1952 54.4359 49.0458 44.9763
threshold=1.5538125748340554 1.20733357875903 0.97818403295510314 -0.68045660522688289 0.017604727457931579 0.84375000000000011 0.21875000000000003 -0.76514077609537645 0.52500000000000013 0.38000000000000006 0.43500000000000005 0.13500000000000004 0.080000000000000016 1.496308439195347 0.020517744963466793 3.0452912483573158 1.0000000180025095e-35 14.500000000000002 -0.78137799809396824 13.500000000000002 1.0052515880745134 76.500000000000014 -2.535449313321108 -0.039288856269127939 1.3528464379280607 1.293112571040208 0.93782568788689069 1.0123176846834674 -0.10712599987421977 -0.81197150790454853
decision_type=2 2 2 2 2 2 2 2 2 2 2 2 2 2 2 2 2 2 2 2 2 2 2 2 2 2 2 2 2 2
left_child=1 6 -2 4 5 24 -1 8 18 11 20 12 -5 16 -10 -4 -9 19 22 28 -11 -18 23 -8 25 -3 -27 -14 -6 -12
right_child=2 3 15 9 17 -7 7 13 14 10 29 -13 27 -15 -16 -17 21 -19 -20 -21 -22 -23 -24 -25 -26 26 -28 -29 -30 -31
leaf_value=1.829271463580282 4.8337133419150131 4.4220006168171757 -2.179833397125281 -1.4542419994822364 1.4669802476756928 -2.3731555288312278 -2.6289731719615204 -2.7555439511203152 4.1117322777933278 4.7902591388776177 1.3644399065139603 -1.7715729229687267 4.1046082020826642 2.5873316517900222 -1.4746224847785461 0.41357271529970552 -2.6496155178048872 -2.1892928094096886 -0.1596184195986825 3.5571625619164711 -0.91964619286365457 -2.021854921457416 -2.2151079728028877 2.0648929769897628 4.6518805024387859 -2.2762549064333895 3.6777500031226684 -0.62894432567013991 -1.4418805206537737 -1.5519638135953107
leaf_weight=14.005512490868567 258.9791257083416 11.794115781784059 99.389996536076069 57.98773592710495 9.9512851908803004 8.5998760908842069 6.1427686363458633 2703.3096214830875 11.179838918149473 32.925239890813828 6.0199132636189452 113.27265365421772 41.647971354424953 5.7742025181651107 8.1084545999765378 17.814029045403004 341.04651468992233 14.374078609049318 20.393991872668266 6.7570454999804488 2.4571074545383444 290.55295649915934 351.61207674443722 7.3713223636150342 91.895818799734116 4.4227934181690207 3.3170950636267662 2.5799628272652617 13.882657118141653 43.490801945328712
leaf_count=114 2108 96 809 472 81 70 50 22004 91 268 49 922 339 47 66 145 2776 117 166 55 20 2365 2862 60 748 36 27 21 113 354
internal_value=-1.78712 -2.18223 2.77138 0.921875 2.71835 3.84376 -2.56648 -2.58291 -1.85033 -0.0648995 1.13294 -0.536795 0.831553 -2.67168 1.76333 -1.78566 -2.68079 -0.285821 -2.03113 0.608582 4.39374 -2.36083 -2.13566 -0.0686825 4.32356 2.77903 0.275461 3.82848 -0.227356 -1.19736
internal_weight=0 4224.87 376.183 465.376 164.995 120.03 3759.5 3745.49 404.808 300.381 84.8931 215.488 102.216 3340.68 19.2883 117.204 3334.91 44.9651 385.52 30.591 35.3823 631.599 365.126 13.5141 111.43 19.534 7.73989 44.2279 23.8339 49.5107
internal_count=37451 34389 3062 3788 1343 977 30601 30487 3295 2445 691 1754 832 27192 157 954 27145 366 3138 249 288 5141 2972 110 907 159 63 360 194 403
is_linear=0
shrinkage=1


Tree=83
num_leaves=31
num_cat=0
split_feature=10 9 34 8 34 42 42 14 35 35 40 35 40 20 34 20 49 49 20 14 7 14 34 9 9 38 14 38 20 38
split_gain=8514.12 4818.84 3481.78 797.025 601.842 327.674 314.242 260.941 229.004 184.474 672.639 383.948 649.184 130.008 115.769 114.762 86.1203 93.465 81.3084 70.224 86.7508 71.2792 63.2852 57.8387 73.623 57.6144 53.4903 50.7965 47.3812 46.6283
threshold=1.5538125748340554 1.20733357875903 0.97818403295510314 -0.6673112334816852 0.020517744963466793 0.84375000000000011 0.21875000000000003 -1.0981005470923344 4.0234354356309208 0.022064128461923609 0.13500000000000004 3.0240388752901493 0.43500000000000005 1.496308439195347 0.012402216627463996 3.0452912483573158 14.500000000000002 13.500000000000002 1.0000000180025095e-35 -2.535449313321108 -1.2600411677594499 -1.165088963646183 1.0052515880745134 1.3528464379280607 1.293112571040208 163.50000000000003 0.078469862298029172 76.500000000000014 0.71372462591796737 78.500000000000014
decision_type=2 2 2 2 2 2 2 2 2 2 2 2 2 2 2 2 2 2 2 2 2 2 2 2 2 2 2 2 2 2
left_child=1 6 -2 4 5 23 26 8 19 -5 -11 -12 22 18 -10 -4 17 25 -9 20 -8 -21 -13 24 -3 -6 -1 -20 -26 -29
right_child=2 3 15 9 16 -7 7 13 14 10 11 12 -14 -15 -16 -17 -18 -19 27 21 -22 -23 -24 -25 28 -27 -28 29 -30 -31
leaf_value=3.5351635016964207 4.836084583075019 4.1884009021081017 -2.2117773059785542 -1.7565152044813481 -1.7486848511562703 -2.2363546501519265 -2.7884439105362486 -2.7580365840193073 3.828484304630416 3.6873969984191652 -1.7431977352555599 4.7518035431436587 -1.2579568025752137 2.2252194613207315 -1.1202714251521364 0.53386314310391869 -2.3186489287324434 4.0455416988015749 -2.6272917978274024 -2.197382306807242 2.1327234126682493 -0.47390332983359884 -0.51266357879273405 4.5919199774490131 -2.1914668618352811 1.2338055029484973 -0.35679789680812624 0.92146563269527126 2.9936481732028875 -2.1111075103838304
leaf_weight=9.091297581791876 257.87342735379934 12.039826527237894 96.932889081537724 56.759182199835777 13.268380254507067 8.3541653454303724 6.0199132636189452 2712.1552083194256 10.319851309061052 46.070764772593975 114.74691812694073 32.310963027179241 49.510715208947659 5.4056363999843589 8.7227314636111242 18.059739790856838 15.725487709045408 6.1427686363458625 333.06091546267271 343.38076677173376 8.8455868363380414 25.799628272652626 2.4571074545383444 91.035831190645695 3.9313719272613517 12.654103390872477 5.7742025181651107 5.1599256545305243 3.1942396908998489 291.65865485370159
leaf_count=74 2099 98 789 462 108 68 49 22076 84 375 934 263 403 44 71 147 128 50 2711 2795 72 210 20 741 32 103 47 42 26 2374
internal_value=-1.78712 -2.18902 2.79549 0.836541 2.59411 3.80177 -2.56522 -2.58341 -1.82329 -0.132018 0.244181 -0.552859 1.06781 -2.67494 1.56163 -1.78057 -0.401763 0.538318 -2.68287 -1.99113 0.139854 -2.07694 4.37976 4.25951 2.68058 -0.292777 2.02341 -2.35921 0.132895 -2.05839
internal_weight=0 4233.6 372.866 468.202 166.346 118.555 3765.39 3750.53 403.088 301.856 245.096 199.026 84.2788 3347.44 19.0426 114.993 47.7907 32.0653 3342.03 384.046 14.8655 369.18 34.7681 110.201 19.1654 25.9225 14.8655 629.879 7.12561 296.819
internal_count=37495 34460 3035 3811 1354 965 30649 30528 3281 2457 1995 1620 686 27247 155 936 389 261 27203 3126 121 3005 283 897 156 211 121 5127 58 2416
is_linear=0
shrinkage=1


Tree=84
num_leaves=31
num_cat=0
split_feature=10 36 46 8 34 6 35 35 40 35 35 34 0 20 49 35 6 20 6 10 49 6 34 12 35 49 6 3 9 9
split_gain=8359 6308.64 3537.43 992.448 759.322 236.884 284.277 236.297 536.327 389.885 624.727 138.57 114.179 113.011 102.945 115.607 74.075 71.9343 66.7273 72.2861 63.8174 55.5496 54.9668 51.3199 36.0332 51.7019 35.7238 32.3095 26.6596 26.4172
threshold=1.5538125748340554 3.5000000000000004 11.500000000000002 -0.45783048286480144 0.97142733839817097 -0.76514077609537645 4.0234354356309208 3.9800141622745224 0.48000000000000004 1.994017580626221 0.97226404297204638 0.023426599946243142 -0.6050447430664162 3.0452912483573158 14.500000000000002 3.0240388752901493 -0.78137799809396824 -0.042836313289873598 -1.1961339953951045 -1.0000000180025095e-35 11.500000000000002 -0.12004686838402953 1.0052515880745134 -0.31762050551988869 3.0011073808500774 14.500000000000002 1.1851951845064732 1.0058428458720641 1.438366478306347 1.0000000180025095e-35
decision_type=2 2 2 2 2 2 2 2 2 2 2 2 2 2 2 2 2 2 2 2 2 2 2 2 2 2 2 2 2 2
left_child=1 3 -2 4 26 6 16 9 22 10 -5 -8 -10 -4 15 21 18 -7 19 -3 -12 -6 -9 -14 -15 -26 -1 -21 -19 -20
right_child=2 5 13 7 14 17 11 8 12 -11 20 -13 23 24 -16 -17 -18 28 29 27 -22 -23 -24 -25 25 -27 -28 -29 -30 -31
leaf_value=4.8921720527837866 4.8438160309792355 -2.2278045952344705 -2.1812427249105397 -1.4562153109173557 2.0544575253469164 -2.7565433949640679 4.1902466282490121 4.7866485009279227 5.1850930182001527 -1.8275304857910926 3.8570444880739916 -1.3011923935551426 0.61350749028022422 -0.64329997343278289 -2.4412478580837629 5.1850930182001527 -0.17393270745420386 -2.4383522552855679 -2.5177974334836106 -0.12337586098576603 -0.7631144182209928 -1.2300566612228314 -0.10568096472181354 -2.181292296483508 4.9137712754862051 -0.42846027932978537 1.2922158401304786 4.3711277900583099 -1.3440398278573951 -1.9769367927891048
leaf_weight=112.65837679058313 254.92489840835333 6.8799008727073669 100.86426100879908 49.387859836220741 7.985599227249625 2666.4530096650124 11.056983545422556 35.136636599898338 2.8256735727190962 87.841591499745846 46.685041636228561 7.8627438545227042 8.9684422090649587 9.9512851908803004 13.636946372687815 5.1599256545305243 19.77971500903368 718.70393045246601 176.29745986312628 2.8256735727190954 3.194239690899848 14.496933981776239 2.4571074545383444 24.571074545383453 3.6856611818075171 3.5628058090806007 2.8256735727190962 3.685661181807518 22.973954699933529 185.14304669946432
leaf_count=917 2075 56 821 402 65 21704 90 286 23 715 380 64 73 81 111 42 161 5850 1435 23 26 118 20 200 30 29 23 30 187 1507
internal_value=-1.78712 -2.18985 2.74802 1.49939 3.48827 -2.5932 -1.87846 0.305132 1.81836 -0.293005 1.0649 1.90809 -0.919646 -1.77723 -0.192892 0.916298 -2.06001 -2.67992 -2.15954 0.0324691 3.56117 -0.0634259 4.46689 -1.43396 0.592004 2.28793 4.80409 2.42068 -2.40446 -2.24075
internal_weight=0 4239.49 372.989 417.831 156.763 3821.66 413.531 261.068 73.9589 187.109 99.2671 18.9197 36.3652 118.064 41.2794 27.6425 394.611 3408.13 374.832 13.3912 49.8793 22.4825 37.5937 33.5395 17.1998 7.24847 115.484 6.51133 741.678 361.441
internal_count=37544 34508 3036 3401 1276 31107 3366 2125 602 1523 808 154 296 961 336 225 3212 27741 3051 109 406 183 306 273 140 59 940 53 6037 2942
is_linear=0
shrinkage=1


Tree=85
num_leaves=31
num_cat=0
split_feature=10 36 46 2 46 35 35 40 35 6 35 46 0 9 46 38 6 20 14 10 38 25 2 35 35 31 12 9 6 14
split_gain=8719.2 6498.06 3354.35 852.959 656.165 235.876 469.746 381.128 590.292 216.575 256.039 129.501 114.087 108.853 82.0486 92.5794 79.2046 72.9029 69.8404 70.4576 56.3634 54.4649 84.7658 48.3844 50.7167 38.9232 37.8497 35.8585 35.4934 29.6054
threshold=1.5538125748340554 3.5000000000000004 10.500000000000002 -0.51375135402742844 7.0000000000000009 3.9800141622745224 4.9787236971600306 0.20500000000000004 0.022064128461923609 -0.76514077609537645 4.0234354356309208 7.0000000000000009 -0.6050447430664162 1.0855718869379301 17.000000000000004 47.500000000000007 -0.78137799809396824 -0.042836313289873598 -2.535449313321108 0.10209376195630715 76.500000000000014 3.1407348152685901 -0.78866886814977144 3.0011073808500774 4.98678569477888 -0.54709355523053482 1.3357573381881933 1.438366478306347 1.3123373737613575 0.085202101374815639
decision_type=2 2 2 2 2 2 2 2 2 2 2 2 2 2 2 2 2 2 2 2 2 2 2 2 2 2 2 2 2 2
left_child=1 3 -2 4 21 7 -7 8 -5 10 16 -12 -8 -4 15 -6 18 -11 19 -3 -19 28 -23 -15 -25 -14 -17 -22 -1 -9
right_child=2 9 13 5 14 6 12 29 -10 17 11 -13 25 23 -16 26 -18 20 -20 -21 27 22 -24 24 -26 -27 -28 -29 -30 -31
leaf_value=4.7235205878470907 4.8591965493540386 -2.1539377273410363 -2.2023431213492453 -1.4917811720648035 -1.8054318823121285 4.4018962351083477 5.1850930182001438 -1.1306238021646333 3.7235532439123165 -2.7578044656794813 3.9046982773028733 -1.3030356119159709 2.3362147197036971 -0.93831512011461438 -2.5317201836640537 2.0603923793618053 -0.17635459231496742 -2.6589363117847782 -2.2804162828553824 2.2780743462650057 -2.1747123380524211 4.517908404969134 -0.86746893464943375 4.0493275835836311 -0.78398532150668121 -1.8240520019101445 -1.6522148981913114 -0.58049401447122073 1.2780599231193159 -2.3252047053766272
leaf_weight=112.65837679058313 257.75057198107243 7.4941777363419515 89.070145227015018 42.385103590786457 10.442706681787966 35.750913463532925 2.8256735727190998 36.733756445348263 44.473644927144051 2668.2958402559161 10.934128172695639 8.4770207181572896 2.4571074545383516 13.391235627233984 9.4598636999726278 25.922483645379547 20.516847245395184 399.1571059897542 360.45766358077526 6.8799008727073669 328.26955592632294 7.4941777363419533 4.7913595363497716 5.2827810272574407 3.685661181807518 26.536760509014126 3.0713843181729308 14.74264472723007 3.0713843181729308 47.6678846180439
leaf_count=917 2098 61 725 345 85 291 23 299 362 21719 89 69 20 109 77 211 167 3249 2934 56 2672 61 39 43 30 216 25 120 25 388
internal_value=-1.78712 -2.18964 2.87728 1.56506 3.22932 0.332286 1.91443 -0.291947 1.17859 -2.59772 -1.9154 1.63043 -0.880362 -1.70714 0.113149 0.747588 -2.0895 -2.6807 -2.19422 -0.0326328 -2.40347 4.41956 2.41761 0.265523 2.06303 -1.47149 1.66711 -2.10619 4.63208 -1.80529
internal_weight=0 4240.97 369.18 415.743 176.912 238.831 67.5705 171.26 86.8587 3825.22 414.76 19.4111 31.8195 111.43 48.8964 39.4366 395.349 3410.47 374.832 14.3741 742.169 128.015 12.2855 22.3597 8.96844 28.9939 28.9939 343.012 115.73 84.4016
internal_count=37525 34520 3005 3384 1440 1944 550 1394 707 31136 3376 158 259 907 398 321 3218 27760 3051 117 6041 1042 100 182 73 236 236 2792 942 687
is_linear=0
shrinkage=1


Tree=86
num_leaves=31
num_cat=0
split_feature=10 36 46 8 46 35 40 35 35 6 35 46 20 0 46 20 6 6 12 6 7 35 35 40 35 9 46 6 13 28
split_gain=8358.11 6365.66 3524.32 1024.46 672.685 254.212 514.179 395.492 632.444 220.811 284.248 125.333 115.045 111.999 82.2616 76.3188 66.4051 60.6977 57.6925 49.666 62.9342 43.2113 41.4748 82.8765 41.0649 30.2147 29.1453 35.5396 27.7354 24.0708
threshold=1.5538125748340554 3.5000000000000004 10.500000000000002 -0.45783048286480144 7.0000000000000009 3.9800141622745224 0.48000000000000004 1.994017580626221 0.97934793357793493 -0.76514077609537645 4.0234354356309208 7.0000000000000009 3.0452912483573158 -0.6050447430664162 17.000000000000004 -0.042836313289873598 -0.78137799809396824 -0.12004686838402953 -0.31762050551988869 -1.1961339953951045 -1.2600411677594499 3.0011073808500774 3.0240388752901493 0.51500000000000012 4.98678569477888 1.438366478306347 13.500000000000002 0.21859926594000001 1.1219939768305058 -0.47888450025514301
decision_type=2 2 2 2 2 2 2 2 2 2 2 2 2 2 2 2 2 2 2 2 2 2 2 2 2 2 2 2 2 2
left_child=1 3 -2 4 -1 7 26 8 -5 10 16 -12 -4 -8 17 -11 19 -6 -15 20 -3 -14 -19 -24 -23 -17 -7 -28 -22 -10
right_child=2 9 12 5 14 6 13 -9 29 15 11 -13 21 18 -16 25 -18 22 -20 -21 28 24 23 -25 -26 -27 27 -29 -30 -31
leaf_value=4.8323453570335904 4.8323878158276656 -2.777610300578726 -2.2182586231395161 -1.5690865344661873 2.6314766161865326 4.807966271570729 5.1850930182001527 -1.8555344826048008 4.2187416057943139 -2.7591235823749467 3.8424699614713416 -1.3011923935551426 -0.75206511648151109 0.98808481059378517 -2.3589749499437391 -2.4337758234118656 -0.29253461772292799 -1.2327097421489781 -2.1166538813075384 -2.255500113875299 -0.15655379148067827 4.4668884051338225 5.1850930182001527 -2.2145908739984015 -0.34987053316436634 -1.2749484749890612 -0.51266357879273405 4.254847043180904 3.7315836822325781 2.8147547164684181
leaf_weight=113.39550902694464 255.17060915380716 5.6513471454381943 99.144285790622234 46.193620145320892 12.531248018145563 31.819541536271572 2.8256735727190962 87.350170008838177 26.905326627194881 2665.8387328013778 11.916971154510977 7.8627438545227042 10.442706681787969 7.8627438545227042 10.074140563607214 725.82954207062721 19.534004263579845 12.776958763599398 25.062496036291122 353.33205196261406 3.9313719272613508 4.1770826727151862 3.4399504363536826 2.7028181999921799 3.0713843181729317 23.219665445387363 2.4571074545383444 4.2999380454421043 3.4399504363536835 22.359677836298943
leaf_count=923 2077 46 807 376 102 259 23 711 219 21699 97 64 85 64 82 5908 159 104 204 2876 32 34 28 22 25 189 20 35 28 182
internal_value=-1.78712 -2.19427 2.74965 1.53997 3.57136 0.31608 1.87542 -0.317925 1.08908 -2.59702 -1.89951 1.79778 -1.79909 -0.856711 0.127913 -2.67988 -2.08902 0.924494 -1.37522 -2.18481 -0.266938 0.550013 -0.206105 1.92923 2.42589 -2.39785 4.40742 2.52121 1.65791 3.58152
internal_weight=0 4232.61 372.006 412.057 154.921 257.136 74.3275 182.809 95.4586 3820.56 405.668 19.7797 116.835 35.7509 41.5251 3414.89 385.889 31.451 32.9252 366.355 13.0227 17.6912 18.9197 6.14277 7.24847 749.049 38.5766 6.75705 7.37132 49.265
internal_count=37480 34452 3028 3354 1261 2093 605 1488 777 31098 3302 161 951 291 338 27796 3141 256 268 2982 106 144 154 50 59 6097 314 55 60 401
is_linear=0
shrinkage=1


Tree=87
num_leaves=31
num_cat=0
split_feature=10 9 34 8 34 20 14 40 9 40 40 40 40 9 34 20 20 20 14 34 49 40 14 7 38 38 14 40 20 32
split_gain=8608.51 4808.03 3522.93 836.075 611.269 281.132 234.729 244.331 188.155 165.823 633.775 311.581 710.096 158.209 112.287 107.327 96.9281 85.7915 77.185 73.066 72.6252 94.9702 68.0798 75.3344 60.3293 57.4877 57.3608 46.217 43.8907 39.9987
threshold=1.5538125748340554 1.20733357875903 0.97818403295510314 -0.45783048286480144 0.98865579621508437 1.496308439195347 -1.0981005470923344 0.52500000000000013 1.3528464379280607 0.38000000000000006 0.43500000000000005 0.13500000000000004 0.080000000000000016 1.293112571040208 0.012402216627463996 3.0452912483573158 1.0000000180025095e-35 0.82675468184497791 -1.165088963646183 1.0052515880745134 14.500000000000002 0.38000000000000006 -2.535449313321108 -1.2600411677594499 76.500000000000014 236.50000000000003 -0.79724185153239568 0.38000000000000006 0.29813109241773461 0.76147465340772003
decision_type=2 2 2 2 2 2 2 2 2 2 2 2 2 2 2 2 2 2 2 2 2 2 2 2 2 2 2 2 2 2
left_child=1 5 -2 4 8 6 7 18 13 11 19 12 -5 -3 -9 -4 -8 -15 22 -11 21 25 23 -1 -18 -6 -12 -17 -10 -20
right_child=2 3 15 9 20 -7 16 14 28 10 26 -13 -14 17 -16 27 24 -19 29 -21 -22 -23 -24 -25 -26 -27 -28 -29 -30 -31
leaf_value=-2.7776103005787265 4.8323619725616727 3.9762337684845455 -2.2248682127375661 -1.709052125328802 -1.7073544781622103 2.3843524482497318 -2.7525554388892197 3.7817046938176664 2.7574774254964169 4.7416878355547922 1.6036460143760523 -1.7993684372527621 3.6390138139083876 -2.6374299535526045 -1.1322490509604042 -0.78398532150668143 -2.6052179635865658 2.6979770433223051 -1.1165732641882937 -0.91964619286365457 -2.2439546989674435 3.8028879138083469 -2.242879931002205 1.9785633315807791 -1.9894097804298385 1.3604371269312616 -1.6585811066795717 2.5742611543489651 4.6703797121692823 1.6966706118779773
leaf_weight=5.6513471454381934 260.82195629924536 12.408392645418646 97.301455199718475 57.004892945289612 15.234066218137746 11.425549663603304 2722.7207703739405 10.688417427241804 14.005512490868567 31.573830790817738 6.1427686363458625 112.53552141785622 43.982223436236382 9.4598636999726278 8.2313099727034551 11.056983545422556 343.50362214446068 4.4227934181690207 19.04258277267218 2.4571074545383444 15.479776963591574 6.5113347545266143 347.06642795354128 8.1084545999765378 296.32715901732445 10.196995936334131 43.982223436236382 6.5113347545266143 83.541653454303741 6.8799008727073661
leaf_count=46 2123 101 792 464 124 93 22162 87 114 257 50 916 358 77 67 90 2796 36 155 20 126 53 2825 66 2412 83 358 53 680 56
internal_value=-1.78712 -2.19384 2.80016 0.826317 2.58671 -2.56854 -2.58356 -1.865 3.75581 -0.186473 1.00238 -0.655037 0.620154 1.38152 1.64382 -1.81414 -2.67025 -0.937654 -2.03665 4.33293 -0.466272 0.395221 -2.15639 0.0251349 -2.32002 -0.477274 -1.2588 0.460679 4.39573 -0.36993
internal_weight=0 4248.58 375.692 468.939 171.26 3779.65 3768.22 405.668 123.838 297.679 84.1559 213.523 100.987 26.291 18.9197 114.87 3362.55 13.8827 386.749 34.0309 47.4222 31.9424 360.826 13.7598 639.831 25.4311 50.125 17.5683 97.5472 25.9225
internal_count=37640 34582 3058 3817 1394 30765 30672 3302 1008 2423 685 1738 822 214 154 935 27370 113 3148 277 386 260 2937 112 5208 207 408 143 794 211
is_linear=0
shrinkage=1


Tree=88
num_leaves=31
num_cat=0
split_feature=1 36 34 8 34 35 48 35 35 14 35 9 34 0 34 20 14 1 12 34 6 6 35 35 48 35 35 35 35 4
split_gain=8259.2 6244.44 3346.45 994.667 675.306 237.305 488.419 360.781 576.423 218.928 232.593 122.314 120.072 113.155 87.9706 78.1332 74.8885 96.4798 73.5276 63.4384 55.4256 49.0508 42.0408 36.7499 39.3741 53.724 43.1145 35.5078 69.8499 33.1606
threshold=1.5741039265518844 3.5000000000000004 0.97818403295510314 -0.45783048286480144 0.97142733839817097 3.9800141622745224 48.000000000000007 1.994017580626221 0.022064128461923609 -1.0981005470923344 4.0234354356309208 1.20733357875903 0.020517744963466793 -0.6050447430664162 1.0043246788096603 -0.042836313289873598 -2.535449313321108 -0.039288856269127939 -0.31762050551988869 1.0049682615661399 0.87837208639158482 -0.79167579095138085 3.9910175512119213 0.97934793357793493 13.500000000000002 3.9886602266409681 4.999983026820618 1.9986174335083089 0.97226404297204638 0.54837713199306115
decision_type=2 2 2 2 2 2 2 2 2 2 2 2 2 2 2 2 2 2 2 2 2 2 2 2 2 2 2 2 2 2
left_child=1 3 -2 4 -1 7 19 8 -5 10 16 -4 -12 -8 20 -11 17 -3 -15 -7 22 -18 27 -13 -25 -26 -27 28 -6 -9
right_child=2 9 11 5 14 6 13 29 -10 15 12 23 -14 18 -16 -17 21 -19 -20 -21 -22 -23 -24 24 25 26 -28 -29 -30 -31
leaf_value=4.7941053540272165 4.7988179343950712 -2.6223285578542401 -2.2097544792976183 -1.4111966228454156 -0.91964619286365668 4.7474773041454004 5.1850930182001527 -2.0053665850336819 3.5485491732588854 -2.7594537415838154 3.8946603394386954 -2.0501534541717668 -1.2537363984442609 1.115266877490948 -2.261822898842222 -2.3920849527415031 -2.2440449230106445 2.8594780806520359 -2.181292296483508 -0.51266357879273405 -1.7675266388447388 -0.77576345051534923 3.6675307284441776 4.5067886614152854 -1.7675266388447388 4.4451246289802953 -0.58049401447122118 -0.68024465517487775 4.7676749524863862 -0.075901749058087553
leaf_weight=112.53552141785622 251.11638185381889 6.0199132636189461 93.984360136091709 47.299318499863148 3.9313719272613614 34.276648990809917 2.9485289454460135 76.907463327050209 46.439330890774727 2665.2244559377432 10.074140563607218 4.4227934181690243 8.2313099727034551 9.3370083272457105 11.548405036330221 739.58934381604195 351.85778748989105 6.8799008727073652 24.571074545383453 2.4571074545383444 5.8970578908920279 24.325363799929619 7.2484669908881179 2.9485289454460135 5.897057890892027 4.0542272999882698 2.9485289454460144 8.3541653454303724 4.7913595363497734 10.074140563607214
leaf_count=916 2044 49 765 385 32 279 24 626 378 21694 82 36 67 76 94 6020 2864 56 200 20 48 198 59 24 48 33 24 68 39 82
internal_value=-1.78712 -2.19854 2.75743 1.51662 3.51957 0.301302 1.81509 -0.315121 1.04593 -2.59676 -1.90396 -1.72924 1.57961 -0.756853 0.0858403 -2.67965 -2.06786 0.301302 -1.27354 4.39563 0.982915 -2.1491 1.64969 0.498627 1.20991 0.456343 2.32907 0.793194 2.20438 -1.7819
internal_weight=0 4220.82 365.372 408.617 154.306 254.311 73.5904 180.72 93.7386 3812.2 407.388 114.255 18.3055 36.8566 41.7708 3404.81 389.083 12.8998 33.9081 36.7338 30.2224 376.183 24.3254 20.2711 15.8483 12.8998 7.00276 17.0769 8.72273 86.9816
internal_count=37330 34356 2974 3326 1256 2070 599 1471 763 31030 3316 930 149 300 340 27714 3167 105 276 299 246 3062 198 165 129 105 57 139 71 708
is_linear=0
shrinkage=1


Tree=89
num_leaves=31
num_cat=0
split_feature=10 36 46 8 34 40 40 40 40 14 40 9 34 0 49 40 20 34 6 10 6 38 6 38 12 40 49 34 9 9
split_gain=8855.89 6402.04 3399.02 947.456 710.482 270.166 514.213 395.094 636.202 211.588 240.016 138.461 137.842 114.971 103.472 115.153 74.0647 65.1443 65.125 77.5792 69.2073 62.7232 54.6083 43.8465 42.5756 42.0458 46.2672 41.7044 36.6405 30.3094
threshold=1.5538125748340554 3.5000000000000004 11.500000000000002 -0.45783048286480144 0.97142733839817097 0.38000000000000006 0.48000000000000004 0.18000000000000002 0.080000000000000016 -1.0981005470923344 0.53500000000000014 1.20733357875903 0.020517744963466793 -0.6050447430664162 14.500000000000002 0.38000000000000006 1.0000000180025095e-35 1.0057725073374835 -1.1961339953951045 0.12168885424346663 -0.78137799809396824 76.500000000000014 -0.12004686838402953 78.500000000000014 -0.31762050551988869 0.38000000000000006 14.500000000000002 1.0146969684308738 0.37788823067859451 1.4914074852884396
decision_type=2 2 2 2 2 2 2 2 2 2 2 2 2 2 2 2 2 2 2 2 2 2 2 2 2 2 2 2 2 2
left_child=1 3 -2 4 -1 7 17 8 -5 10 18 -4 -12 -8 15 22 -11 -7 19 -3 -20 -18 -6 -23 -15 -13 -27 -10 -21 -25
right_child=2 9 11 5 14 6 13 -9 27 16 12 25 -14 24 -16 -17 21 -19 20 28 -22 23 -24 29 -26 26 -28 -29 -30 -31
leaf_value=4.8042387765233396 4.8323494663959075 -2.2647582224200868 -2.1614649383621041 -1.5142990740128548 1.951532522842153 4.8052425784006267 5.1850930182001527 -1.7556104812255453 3.8896576418470903 -2.750904304876987 3.8901483370654035 -0.45625014713933942 -1.5181500370855965 0.58441998957235608 -2.3516220571872637 5.1850930182001527 -2.6649513818403867 -0.51266357879273405 -2.2691438360714242 -0.24134183607878756 -0.38669276967554445 0.91177557045548774 -1.2370179561299688 -2.1644340208378923 -2.0267232518648632 4.719970030690531 -0.066295550456886065 -0.24134183607878712 4.4220006168171757 -0.58378675406726388
leaf_weight=112.90408753603697 263.64762987196445 7.248466990888117 95.827190726995468 45.825054027140141 8.9684422090649623 36.85661181807518 2.9485289454460135 90.912975817918777 46.31647551804781 2749.7489523738623 10.811272799968721 12.408392645418646 8.3541653454303724 8.4770207181572896 13.268380254507063 5.4056363999843589 359.10625448077917 2.4571074545383444 363.28333715349436 2.9485289454460144 20.639702618122101 4.9142149090766898 13.391235627233984 293.62434081733227 23.711086936295033 4.2999380454421026 3.8085165545344353 2.5799628272652617 3.9313719272613525 12.654103390872477
leaf_count=919 2146 59 780 373 73 300 24 740 377 22382 88 101 68 69 108 44 2923 20 2957 24 168 40 109 2390 193 35 31 21 32 103
internal_value=-1.78712 -2.19314 2.84557 1.54278 3.50909 0.378969 1.98833 -0.266481 1.16277 -2.59623 -1.92392 -1.65668 1.53268 -0.791575 -0.0545035 1.04323 -2.67825 4.47287 -2.09035 0.0181833 -2.16794 -2.38019 0.0419061 -2.05158 -1.33906 0.700973 2.47188 3.67169 2.42343 -2.09913
internal_weight=0 4251.29 379.992 414.023 153.938 260.085 74.4504 185.634 94.7215 3837.26 417.217 116.344 19.1654 35.1366 41.0337 27.7653 3420.05 39.3137 398.051 14.1284 383.923 670.299 22.3597 311.193 32.1881 20.5168 8.10845 48.8964 6.8799 306.278
internal_count=37697 34604 3093 3370 1253 2117 606 1511 771 31234 3396 947 156 286 334 226 27838 320 3240 115 3125 5456 182 2533 262 167 66 398 56 2493
is_linear=0
shrinkage=1


Tree=90
num_leaves=31
num_cat=0
split_feature=10 9 46 8 34 42 42 14 35 35 35 35 35 42 9 42 34 20 0 20 49 49 6 14 10 6 9 9 34 9
split_gain=8590.35 4827.4 3399.46 774.586 614.679 357.807 295.555 227.092 247.886 160.676 507.241 356.876 329.133 141.75 114.778 114.523 114.239 104.553 99.5874 85.9101 75.54 99.9602 65.7573 68.2047 83.0461 62.1604 58.4789 68.2292 54.2725 65.6725
threshold=1.5538125748340554 1.20733357875903 10.500000000000002 -0.45783048286480144 0.017604727457931579 0.84375000000000011 0.21875000000000003 -1.0981005470923344 4.0234354356309208 0.022064128461923609 1.0195020329406945 3.9838069065390429 4.0234354356309208 0.84375000000000011 1.20733357875903 0.84375000000000011 0.012402216627463996 1.496308439195347 -0.59820894770523181 0.047110220341655712 14.500000000000002 13.500000000000002 -0.78137799809396824 -2.535449313321108 -1.0000000180025095e-35 -0.12004686838402953 1.3528464379280607 1.293112571040208 1.007738013587369 1.3528464379280607
decision_type=2 2 2 2 2 2 2 2 2 2 2 2 2 2 2 2 2 2 2 2 2 2 2 2 2 2 2 2 2 2
left_child=1 6 -2 4 5 26 -1 8 22 -5 15 -12 13 28 -4 -11 -10 19 -14 -9 21 25 23 24 -8 -6 27 -3 29 -13
right_child=2 3 14 9 20 -7 7 17 16 10 11 12 18 -15 -16 -17 -18 -19 -20 -21 -22 -23 -24 -25 -26 -27 -28 -29 -30 -31
leaf_value=2.0600479458698704 4.8318701485725537 4.2118737236827322 -2.219504342718321 -1.6331871396113722 1.4427241531801944 -2.2855467469372917 -2.2647582224200864 -2.7461247752612126 3.860033344480875 3.4483548707509803 -1.8002085760352824 1.4283304267762715 4.8151088235902257 -2.2945874566167643 0.38851220950716137 -1.5648625322443821 -1.1740103266579798 1.7777967143505857 -1.4721722583241756 -2.3184828224195613 -2.2032067449334809 3.9564662587407704 -0.29067306202677745 -2.2279590595634788 2.6805846239175657 -1.6827385942466304 4.6091229635737498 0.30130164934910697 -0.91964619286365457 4.6974640796819997
leaf_weight=13.759801745414732 257.62771660834551 11.30269429087639 92.510095663368702 56.759182199835777 10.6884174272418 8.9684422090649587 7.2484669908881187 2801.8396304100752 10.565562054514887 47.790739990770817 101.35568249970675 7.9855992272496215 2.702818199992179 4.545648790895938 20.639702618122101 5.0370702818036071 7.8627438545227042 5.2827810272574416 37.102322563529015 564.39758230745792 15.971198454499243 6.5113347545266143 20.271136499941349 346.82071720808744 6.3884793817996961 15.725487709045412 92.018674172461033 7.3713223636150351 2.4571074545383444 26.659615881741047
leaf_count=112 2097 92 753 462 87 73 59 22806 86 389 825 65 22 37 168 41 64 43 302 4594 130 53 165 2823 52 128 749 60 20 217
internal_value=-1.78712 -2.19397 2.82519 0.861445 2.56878 3.78949 -2.56613 -2.58301 -1.86977 -0.122781 0.241039 -0.547673 1.01091 2.9761 -1.74377 2.97035 1.71217 -2.66745 -1.04526 -2.67442 -0.418587 0.447086 -2.04315 -2.1417 0.051979 -0.418016 4.28169 2.66823 3.62185 3.94394
internal_weight=0 4245.39 370.778 460.953 168.558 119.661 3784.44 3770.68 399.157 292.396 235.637 182.809 81.4531 41.648 113.15 52.8278 18.4283 3371.52 39.8051 3366.24 48.8964 32.9252 380.729 360.458 13.6369 26.4139 110.693 18.674 37.1023 34.6452
internal_count=37574 34556 3018 3752 1372 974 30804 30692 3249 2380 1918 1488 663 339 921 430 150 27443 324 27400 398 268 3099 2934 111 215 901 152 302 282
is_linear=0
shrinkage=1


Tree=91
num_leaves=31
num_cat=0
split_feature=10 47 46 42 8 34 20 42 42 38 6 35 6 49 35 40 35 40 20 34 35 40 40 35 20 42 49 35 6 38
split_gain=8287.6 3822.85 3458.44 805.103 702.629 488.475 381.327 262.829 492.159 192.751 183.92 191.874 164.654 147.022 121.996 281.739 331.526 252.191 109.783 88.9881 87.2381 174.685 106.414 210.061 75.9023 66.8271 64.9047 95.5182 52.3451 51.6736
threshold=1.5538125748340554 3.5000000000000004 10.500000000000002 0.84375000000000011 -0.45783048286480144 0.026578307438921856 0.85870098367495362 0.21875000000000003 0.28125000000000006 156.50000000000003 -0.76514077609537645 4.0234354356309208 -0.12477134196998574 14.500000000000002 3.9838069065390429 0.13500000000000004 0.022064128461923609 0.43500000000000005 3.0452912483573158 0.012402216627463996 3.9858432078346193 0.43500000000000005 0.13500000000000004 0.99319493646658463 0.82675468184497791 0.21875000000000003 14.500000000000002 3.9941869586429366 -0.78137799809396824 310.50000000000006
decision_type=2 2 2 2 2 2 2 2 2 2 2 2 2 2 2 2 2 2 2 2 2 2 2 2 2 2 2 2 2 2
left_child=1 10 -2 4 5 6 7 -3 -9 12 11 24 20 14 15 16 -11 -16 -4 -13 22 -22 23 -6 28 -12 27 29 -1 -7
right_child=2 3 18 -5 9 26 -8 8 -10 13 25 19 -14 -15 17 -17 -18 -19 -20 -21 21 -23 -24 -25 -26 -27 -28 -29 -30 -31
leaf_value=-2.3151051559706031 4.8497664896865942 4.6723590162210407 -2.20799242976332 -2.0869122792327057 -1.428374460452305 -1.6693510082574554 4.2274868674450463 -2.0716139309965991 4.4721307745722623 -0.84094789732507869 1.6966706118779773 3.5800911598922975 -1.9951325684503076 -1.737414996837934 4.8700097040807311 -1.3791426926211454 4.3937379352844737 -0.8245567970526918 0.47849135887658267 -1.1610765571430142 4.6036892838131216 -0.68302839398521242 -1.8692722923624689 3.5428824701946842 -0.11125606902415486 -2.7133276537960014 -2.1459845332760308 3.4714820115857505 -0.5299819879021348 0.95566585236509694
leaf_weight=317.45828312635422 250.50210499018431 15.602632336318491 96.441467590630054 160.20340603590012 21.622545599937439 18.674016654491428 85.630194790661335 36.242334954440594 16.831186063587666 22.236822463572025 3.4399504363536826 8.7227314636111242 96.932889081537724 26.291049763560295 19.042582772672176 49.510715208947659 26.53676050901413 13.145524881780146 18.059739790856838 7.2484669908881179 10.319851309061052 15.848343081772326 38.699442408978939 14.005512490868567 17.936884418129921 3133.9177028909326 18.551161281764507 7.0027562454342833 17.322607554495335 12.531248018145559
leaf_count=2584 2039 127 785 1304 176 152 697 295 137 181 28 71 789 214 155 403 216 107 147 59 84 129 315 114 146 25509 151 57 141 102
internal_value=-1.78712 -2.19762 2.76868 -0.108093 0.452737 1.89701 2.81967 1.0643 0.0036014 -0.407918 -2.62998 -1.96185 -1.06527 0.419952 0.854675 0.301302 2.00714 2.54437 -1.78427 1.42833 -0.16837 1.40187 -0.7212 0.525844 -2.11536 -2.70849 -0.611326 0.133798 -2.22274 -0.61521
internal_weight=0 4231.51 365.003 725.461 565.258 211.066 154.306 68.6762 53.0735 354.192 3506.05 368.689 197.429 156.763 130.472 98.2843 48.7736 32.1881 114.501 15.9712 100.496 26.1682 74.3275 35.6281 352.718 3137.36 56.7592 38.208 334.781 31.2053
internal_count=37414 34443 2971 5905 4601 1718 1256 559 432 2883 28538 3001 1607 1276 1062 800 397 262 932 130 818 213 605 290 2871 25537 462 311 2725 254
is_linear=0
shrinkage=1


Tree=92
num_leaves=31
num_cat=0
split_feature=10 36 34 8 34 35 35 35 35 14 35 34 0 36 49 35 34 14 14 10 14 33 38 12 35 48 0 38 3 14
split_gain=8414.13 6271.68 3535.73 969.897 734.813 263.481 503.102 410.153 612.83 225.101 281.734 116.318 100.997 84.2739 81.9424 124.311 74.0441 69.8208 67.1604 66.7691 64.5495 64.4862 54.6415 45.7591 33.3382 68.0806 31.5064 31.0401 29.076 29.0153
threshold=1.5538125748340554 3.5000000000000004 0.97142733839817097 -0.45783048286480144 0.99107419286814069 3.9800141622745224 4.9842535810722159 1.9921412179644828 0.022064128461923609 -1.0981005470923344 4.0234354356309208 0.012402216627463996 -0.6050447430664162 4.5000000000000009 14.500000000000002 3.0240388752901493 1.0054918159952393 0.085202101374815639 -2.535449313321108 0.10209376195630715 -1.165088963646183 -0.10605273535162286 76.500000000000014 -0.31762050551988869 3.9886602266409681 43.500000000000007 0.73310166320362069 78.500000000000014 1.0058428458720641 1.3818894748176065
decision_type=2 2 2 2 2 2 2 2 2 2 2 2 2 2 2 2 2 2 2 2 2 2 2 2 2 2 2 2 2 2
left_child=1 3 -2 4 29 7 16 8 -5 10 18 -12 -8 24 15 17 -7 -6 19 -3 -20 -11 -23 -14 26 -26 -4 -24 -21 -1
right_child=2 9 13 5 14 6 12 -9 -10 21 11 -13 23 -15 -16 -17 -18 -19 20 28 -22 22 27 -25 25 -27 -28 -29 -30 -31
leaf_value=4.8702998360458487 4.8521428526945876 -2.0665971961544303 -1.6768231492746695 -1.3804789238090989 2.0728730282460517 4.843569146252527 5.1850930182001527 -1.8558183216493807 3.6840142857827316 -2.7677929816244036 3.9961550445098211 -1.0468282597608172 0.65014388998132366 -2.3776347563688782 -2.2008877556795152 5.1850930182001527 -0.47727378626482797 -1.5859451628027721 -2.2656674294804517 0.097810342313646048 -0.6451695461646616 -2.6826901329937911 -0.14778261445328811 -2.0501534541717668 4.6036892838131251 -0.78398532150668121 1.2252621785911968 -2.2507627847460738 4.3430600235706613 1.8689383850296895
leaf_weight=111.18411231786013 255.29346452653408 6.7570454999804479 21.131124109029773 48.282161481678486 8.3541653454303795 35.136636599898338 2.5799628272652617 89.193000599741936 47.299318499863148 2382.6570986658335 10.934128172695639 7.8627438545227042 8.5998760908842105 79.733136899769306 13.268380254507063 5.2827810272574416 2.8256735727190962 13.882657118141649 354.19203957170248 2.9485289454460144 26.413905136287212 548.05781773477793 7.1256116181612006 23.219665445387363 3.4399504363536817 7.371322363615036 4.545648790895938 467.4646932259202 3.5628058090806007 3.3170950636267653
leaf_count=905 2078 55 172 393 68 286 21 726 385 19394 89 64 70 649 108 43 23 113 2883 24 215 4461 58 189 28 60 37 3805 29 27
internal_value=-1.78712 -2.19293 2.77065 1.5117 3.48504 0.319969 1.93752 -0.313502 1.12573 -2.59311 -1.8956 1.88667 -0.832436 -1.80159 -0.159618 0.824565 4.44752 -0.211362 -2.07611 0.135494 -2.15321 -2.67764 -2.46759 -1.32034 -0.54281 0.930275 -1.16306 -2.21919 2.42068 4.78335
internal_weight=0 4230.4 371.515 412.425 155.289 257.136 72.3618 184.774 95.5815 3817.98 412.671 18.7969 34.3995 116.221 40.788 27.5196 37.9623 22.2368 393.874 13.2684 380.606 3405.31 1022.65 31.8195 36.488 10.8113 25.6768 474.59 6.51133 114.501
internal_count=37458 34434 3024 3357 1264 2093 589 1504 778 31077 3359 153 280 946 332 224 309 181 3206 108 3098 27718 8324 259 297 88 209 3863 53 932
is_linear=0
shrinkage=1


Tree=93
num_leaves=31
num_cat=0
split_feature=10 36 34 2 34 6 35 35 35 40 35 34 0 9 38 34 9 38 6 14 1 34 12 34 38 35 6 25 2 32
split_gain=8600.69 6231.86 3468.67 821.694 672.334 215.5 240.654 214.197 485.181 376.662 646.053 109.848 107.707 89.3222 77.0169 76.3741 74.3819 72.8603 70.8646 74.8373 89.1532 52.5013 48.6133 48.3686 42.4002 39.8154 39.4942 38.1307 76.9614 36.2598
threshold=1.5538125748340554 3.5000000000000004 0.97969095649895754 -0.56666727637951553 0.026578307438921856 -0.76514077609537645 4.9842535810722159 3.9800141622745224 4.9787236971600306 0.20500000000000004 0.97226404297204638 0.012402216627463996 -0.6050447430664162 1.4914074852884396 76.500000000000014 1.000003548035634 0.14409912162382785 76.500000000000014 -0.79167579095138085 -2.535449313321108 0.057817130631503982 1.0049682615661399 -0.3139292388618537 1.0255890845838003 80.500000000000014 3.0011073808500774 1.1851951845064732 3.1407348152685901 -0.78866886814977144 1.0220580685906018
decision_type=2 2 2 2 2 2 2 2 2 2 2 2 2 2 2 2 2 2 2 2 2 2 2 2 2 2 2 2 2 2
left_child=1 3 -2 4 26 6 18 9 21 10 -5 -8 -10 -4 -6 -16 -7 -18 19 20 -3 -9 -14 -12 -19 -15 27 -1 -29 -20
right_child=2 5 13 7 14 16 11 8 12 -11 23 -13 22 25 15 -17 17 24 29 -21 -22 -23 -24 -25 -26 -27 -28 28 -30 -31
leaf_value=4.7339344621862001 4.8268404568315244 -2.7884439105362486 -2.1125262685887662 -1.5142990740128548 -1.8187938286017347 -2.7871253873344126 3.8787290717996652 4.6819145135306517 5.1850930182001527 -1.8072788971429619 4.0487882837571263 -1.0393469617080429 0.79226480283148604 -0.91964619286365457 1.9386421082702663 -1.5246203489150227 -2.7074845993215066 -0.48359339207338259 -1.1134474376593311 -2.2795776009732736 2.3426747611968977 -0.10568096472181354 -2.0868805936254313 -0.51266357879273405 -2.2606340797935252 2.3211412895529349 1.115266877490948 4.7490402174098794 -0.85400383575544137 1.7214111963199783
leaf_weight=106.39275278151035 259.59340257197618 6.0199132636189443 99.758562654256821 45.825054027140141 15.848343081772326 2197.8826180845499 9.9512851908803004 33.785227499902248 2.702818199992179 82.804521217942238 43.122235827147961 8.3541653454303724 7.7398884817957905 8.8455868363380414 21.253979481756691 9.091297581791876 651.62489694356918 13.759801745414732 20.639702618122104 351.12065525352955 7.7398884817957878 2.4571074545383444 24.202508427202702 2.4571074545383444 554.81486323475838 6.6341901272535315 3.4399504363536826 6.8799008727073669 3.8085165545344335 5.7742025181651107
leaf_count=866 2113 49 812 373 129 17890 81 275 22 674 351 68 63 72 173 74 5304 112 168 2858 63 20 197 20 4516 54 28 56 31 47
internal_value=-1.78712 -2.19739 2.80002 1.49894 3.21166 -2.59507 -1.90964 0.333942 1.79945 -0.262389 1.13715 1.63424 -0.87635 -1.76572 -0.0320777 0.901066 -2.67721 -2.47923 -2.07543 -2.18993 0.0978103 4.35733 -1.38924 3.80289 -2.21763 0.469263 4.45493 4.55305 2.75255 -0.493734
internal_weight=0 4239.49 374.832 411.811 166.715 3827.68 409.6 245.096 70.8876 174.209 91.4044 18.3055 34.6452 115.238 46.1936 30.3453 3418.08 1220.2 391.294 364.88 13.7598 36.2423 31.9424 45.5793 568.575 15.4798 120.521 117.081 10.6884 26.4139
internal_count=37559 34508 3051 3352 1357 31156 3334 1995 577 1418 744 149 282 938 376 247 27822 9932 3185 2970 112 295 260 371 4628 126 981 953 87 215
is_linear=0
shrinkage=1


Tree=94
num_leaves=31
num_cat=0
split_feature=10 36 46 8 34 14 35 35 35 40 35 20 49 34 0 35 34 20 14 14 1 38 35 38 12 49 9 34 38 35
split_gain=8420.69 6157.34 3448.49 974.904 699.39 234.861 251.93 224.592 525.396 390.459 622.985 132.322 128.711 121.179 105.705 80.9526 79.0252 66.4429 60.9339 55.058 64.0808 54.504 49.541 48.0935 47.1064 39.9994 35.6543 33.1821 32.2437 30.8141
threshold=1.5538125748340554 3.5000000000000004 11.500000000000002 -0.45783048286480144 0.98244696431701617 -1.0981005470923344 4.0234354356309208 3.9800141622745224 4.9842535810722159 0.20500000000000004 0.022064128461923609 3.0452912483573158 14.500000000000002 0.012402216627463996 -0.6050447430664162 3.9974762024626025 1.0054918159952393 -0.042836313289873598 -1.165088963646183 -2.535449313321108 0.057817130631503982 76.500000000000014 3.0011073808500774 159.50000000000003 -0.31762050551988869 14.500000000000002 1.438366478306347 1.0146969684308738 31.500000000000004 0.97226404297204638
decision_type=2 2 2 2 2 2 2 2 2 2 2 2 2 2 2 2 2 2 2 2 2 2 2 2 2 2 2 2 2 2
left_child=1 3 -2 4 -1 6 18 9 16 10 -5 -4 15 -8 -10 23 -9 -7 19 20 -3 -19 -13 -6 -16 -24 -23 28 -12 -25
right_child=2 5 11 7 12 17 13 8 14 -11 27 22 -14 -15 24 -17 -18 21 -20 -21 -22 26 25 29 -26 -27 -28 -29 -30 -31
leaf_value=4.7966301457240252 4.8276082896243437 -2.6289731719615208 -2.2183093081150842 -1.4707684827513594 -1.180532483934758 -2.7565890018248753 3.8132415100959247 4.7128265035786061 5.1850930182001527 -1.7917517944441983 1.567469782014193 -0.62894432567014036 -2.4119157777903628 -1.1095714127634175 0.50200540423339657 5.1850930182001527 -1.0165468152614927 -2.6703880390643051 -0.64417761128726725 -2.2473759047426527 1.6966706118779769 -2.1975209331266141 4.7199700306905292 -1.3266288069345751 -2.1774065328315748 -0.12337586098576714 -0.5891902241735909 0.1462606535125659 4.1428204699697471 2.6480585408749344
leaf_weight=110.69269082695246 254.55633229017258 6.1427686363458616 97.792876690626144 47.17646312713623 9.5827190726995521 2667.0672865286469 10.934128172695639 35.996624208986759 2.5799628272652617 89.43871134519577 5.5284917727112761 10.319851309061052 14.74264472723007 9.2141529545187932 8.9684422090649587 4.4227934181690207 2.5799628272652617 404.68559776246548 28.133880354464054 354.92917180806398 7.7398884817957878 335.51802291721106 4.2999380454421035 2.4571074545383444 24.448219172656536 2.8256735727190971 14.374078609049318 2.5799628272652617 40.296562254428864 9.4598636999726278
leaf_count=901 2072 50 796 384 78 21709 89 293 21 728 45 84 120 75 73 36 21 3294 229 2889 63 2731 35 20 199 23 117 21 328 77
internal_value=-1.78712 -2.20227 2.77294 1.47662 3.49374 -2.59611 -1.88765 0.300531 1.76563 -0.289985 1.11527 -1.76572 -0.0528101 1.56196 -0.982152 1.28886 4.32965 -2.68247 -2.06275 -2.17096 -0.217331 -2.42049 0.771338 0.487351 -1.4583 2.79933 -2.13145 3.63567 3.83212 1.82854
internal_weight=0 4249.69 369.795 410.951 151.358 3838.74 417.094 259.593 74.5732 185.02 95.5815 115.238 40.6651 20.1483 35.9966 25.9225 38.5766 3421.64 396.946 368.812 13.8827 754.578 17.4455 21.4997 33.4167 7.12561 349.892 48.405 45.8251 11.917
internal_count=37601 34591 3010 3345 1232 31246 3395 2113 607 1506 778 938 331 164 293 211 314 27851 3231 3002 113 6142 142 175 272 58 2848 394 373 97
is_linear=0
shrinkage=1


Tree=95
num_leaves=31
num_cat=0
split_feature=10 36 46 8 46 40 40 40 40 6 40 46 49 40 20 6 20 14 1 6 6 40 49 25 32 14 6 40 12 31
split_gain=8426.69 6295.99 3551.32 955.864 713.351 270.988 496.61 395.971 627.635 255.666 270.35 116.709 102.298 105.942 94.7695 86.6061 86.0425 74.9376 99.2705 82.3289 51.7311 40.2013 53.5862 36.5618 30.8101 27.5187 26.989 26.4954 25.4499 25.3465
threshold=1.5538125748340554 3.5000000000000004 10.500000000000002 -0.45783048286480144 7.0000000000000009 0.38000000000000006 0.48000000000000004 0.20500000000000004 0.080000000000000016 -0.76514077609537645 0.53500000000000014 7.0000000000000009 14.500000000000002 0.38000000000000006 3.0452912483573158 -0.49603811207511778 1.0000000180025095e-35 -2.535449313321108 -0.039288856269127939 -0.79167579095138085 -0.12004686838402953 0.41500000000000004 14.500000000000002 -0.20166807095292891 0.76147465340772003 1.2262590819208263 1.1851951845064732 0.18000000000000002 0.66612791390229509 -0.41137610686716297
decision_type=2 2 2 2 2 2 2 2 2 2 2 2 2 2 2 2 2 2 2 2 2 2 2 2 2 2 2 2 2 2
left_child=1 3 -2 4 26 7 -7 8 -5 10 17 -12 13 20 -4 -8 -11 18 -3 -19 -6 -16 -23 -20 -21 28 -1 -22 -17 -9
right_child=2 9 14 5 12 6 15 29 -10 16 11 -13 -14 -15 21 25 -18 19 23 24 27 22 -24 -25 -26 -27 -28 -29 -30 -31
leaf_value=4.8591447622145427 4.8681161745487636 -2.7917662175898883 -2.1905118025093948 -1.4402053503962273 1.9501030089184757 4.3965642034377446 3.0532793254477117 -0.9299757008349977 3.7148416898811205 -2.7541511578045461 3.638559084730653 -1.1850696368229505 -2.3459871300280954 5.1850930182001527 -0.89625638745728009 -1.2545053057068172 -2.3556204598072004 -2.2419221277725958 -0.24134183607878756 -1.0799726771946232 0.81747472085368722 4.904415353323655 -0.62894432567014014 4.1924524960759566 1.3222071897303991 -2.9545592632182567 1.7935712342758152 -2.0153686153622865 1.6966706118779773 -2.125520604925641
leaf_weight=110.44698008149862 255.53917527198792 6.1427686363458633 98.161442808806896 47.545029245316982 9.5827190726995486 39.313719272613525 5.1599256545305243 24.202508427202702 46.930752381682396 2724.4407455921173 12.285537272691728 8.4770207181572896 13.145524881780146 5.0370702818036071 10.688417427241804 19.411148890852935 676.19597148895264 359.22910985350609 2.9485289454460144 20.271136499941353 5.0370702818036106 3.5628058090805999 3.4399504363536835 5.0370702818036062 7.2484669908881179 8.1084545999765378 2.9485289454460135 9.582719072699545 3.4399504363536826 66.341901272535324
leaf_count=899 2080 50 799 387 78 320 42 197 382 22176 100 69 107 41 87 158 5504 2924 24 165 41 29 28 41 59 66 24 78 28 540
internal_value=-1.78712 -2.18165 2.78601 1.51168 3.47114 0.339696 1.93719 -0.311604 1.12056 -2.58384 -1.84935 1.66915 -0.0290031 1.01267 -1.80655 -0.739688 -2.67491 -2.03158 0.230522 -2.11422 0.144293 0.323912 2.18627 2.55536 -0.447256 -1.37185 4.77943 -1.03935 -0.810242 -1.80595
internal_weight=0 4238.51 371.392 416.234 155.781 260.453 75.4332 185.02 94.4758 3822.28 421.64 20.7626 42.3851 29.2396 115.853 36.1195 3400.64 400.877 14.1284 386.749 24.2025 17.6912 7.00276 7.9856 27.5196 30.9596 113.396 14.6198 22.8511 90.5444
internal_count=37523 34500 3023 3388 1268 2120 614 1506 769 31112 3432 169 345 238 943 294 27680 3263 115 3148 197 144 57 65 224 252 923 119 186 737
is_linear=0
shrinkage=1


Tree=96
num_leaves=31
num_cat=0
split_feature=10 36 34 8 34 35 40 40 35 6 35 49 34 0 9 35 14 7 9 34 6 6 12 35 6 35 0 18 12 34
split_gain=8524.02 6385.47 3419.35 1038.33 683.079 218.555 541.2 419.386 601.882 216.701 252.687 132.723 132.55 124.809 107.701 99.7107 86.114 81.2199 80.2927 71.0796 61.7856 45.707 41.7381 40.6466 35.0077 54.5092 71.8273 32.3555 30.1917 26.3448
threshold=1.5538125748340554 3.5000000000000004 0.97142733839817097 -0.45783048286480144 0.98758984920427906 3.9800141622745224 0.48000000000000004 0.20500000000000004 0.97226404297204638 -0.76514077609537645 4.0234354356309208 14.500000000000002 0.023426599946243142 -0.6050447430664162 1.4914074852884396 3.9941869586429366 -2.535449313321108 -1.2600411677594499 0.14409912162382785 1.007738013587369 -0.78137799809396824 -0.12004686838402953 -0.31762050551988869 3.0011073808500774 -0.12477134196998574 4.0017974345488092 -0.74840663617093517 0.97883304126708681 -1.0559327095080766 1.0107459457528536
decision_type=2 2 2 2 2 2 2 2 2 2 2 2 2 2 2 2 2 2 2 2 2 2 2 2 2 2 2 2 2 2
left_child=1 3 -2 4 -1 7 19 8 -5 10 16 15 -12 -8 28 21 17 -3 -11 -7 -18 -6 -15 -16 25 -20 -27 -19 -4 -10
right_child=2 9 14 5 11 6 13 -9 29 18 12 -13 -14 22 23 -17 20 27 24 -21 -22 -23 -24 -25 -26 26 -28 -29 -30 -31
leaf_value=4.7958429090993793 4.8418781639764727 -2.7776103005787265 0.82456501029743334 -1.3307397424302407 2.0086433474027232 4.8111867296544304 5.1850930182001527 -1.8360492218260673 3.8176314349218603 -2.7905084950338077 3.9046982773028733 -2.3389553091614026 -1.2820279725158441 0.46645401447933565 -0.66169946563560633 5.1850930182001527 -2.280718980828579 -0.54281043909428339 -2.3753168810036702 -0.62894432567013991 -0.55788386924505851 -0.87811735469315266 -2.0838057633455898 2.6226098925684309 -2.6146366884744161 3.1501799478455506 -1.5941716952931746 3.306711722488211 -2.1901756733388633 0.53386314310391869
leaf_weight=115.60690573602915 256.39916288107634 5.6513471454381934 3.4399504363536826 48.650727599859238 10.074140563607218 34.768070481717587 3.0713843181729308 90.298698954284191 46.070764772593975 2194.4426676481962 10.934128172695639 14.619789354503153 8.9684422090649587 8.4770207181572896 8.7227314636111242 5.5284917727112761 354.68346106261015 3.3170950636267644 462.67333368957043 2.5799628272652617 22.113967090845108 12.039826527237894 26.413905136287212 6.6341901272535315 703.10129811614752 3.4399504363536826 44.105078808963299 6.3884793817996979 96.810033708810806 2.5799628272652617
leaf_count=941 2087 46 28 396 82 283 25 735 375 17862 89 119 73 69 71 45 2887 27 3766 21 180 98 215 54 5723 28 359 52 788 21
internal_value=-1.78712 -2.18627 2.8061 1.51096 3.53816 0.293694 1.73271 -0.283986 1.15638 -2.59355 -1.90859 0.0978103 1.56747 -0.926232 -1.70896 1.38659 -2.085 0.236184 -2.67637 4.43539 -2.17961 0.436963 -1.4642 0.757122 -2.46994 -2.27054 -1.25091 1.99105 -2.08673 3.64349
internal_weight=0 4240.6 372.006 420.78 157.869 262.91 75.3103 187.6 97.3015 3819.82 412.057 42.2622 19.9026 37.9623 115.607 27.6425 392.154 15.3569 3407.76 37.348 376.797 22.114 34.8909 15.3569 1213.32 510.218 47.545 9.70557 100.25 48.6507
internal_count=37545 34517 3028 3425 1285 2140 613 1527 792 31092 3354 344 162 309 941 225 3192 125 27738 304 3067 180 284 125 9876 4153 387 79 816 396
is_linear=0
shrinkage=1


Tree=97
num_leaves=31
num_cat=0
split_feature=10 36 34 2 34 6 40 40 40 40 40 34 0 20 14 1 20 6 34 34 40 6 25 2 40 6 12 34 3 40
split_gain=8535.03 6231.97 3580.1 799.532 659.173 235.905 263.293 204.906 444.731 397.317 628.755 150.432 95.2828 85.7848 82.6575 95.2264 74.3625 72.1048 71.5421 68.9447 51.0663 50.0881 45.7405 134.012 42.1639 41.118 37.9607 36.674 36.5676 33.1889
threshold=1.5538125748340554 3.5000000000000004 0.97142733839817097 -0.56666727637951553 0.026578307438921856 -0.76514077609537645 0.53500000000000014 0.38000000000000006 0.48000000000000004 0.21500000000000002 0.080000000000000016 0.023426599946243142 -0.6050447430664162 3.0452912483573158 -2.535449313321108 -0.039288856269127939 1.0000000180025095e-35 -0.79167579095138085 1.0087816834276795 1.9803274004695035 0.38000000000000006 -0.11351946301772431 2.4097494137142781 -0.78866886814977144 0.51500000000000012 1.3123373737613575 -0.31762050551988869 1.0146969684308738 0.57524484336768134 0.41500000000000004
decision_type=2 2 2 2 2 2 2 2 2 2 2 2 2 2 2 2 2 2 2 2 2 2 2 2 2 2 2 2 2 2
left_child=1 3 -2 4 22 6 14 9 18 10 -5 -8 -10 -4 15 -3 -7 -16 -9 21 -15 -6 25 -24 -22 -1 -14 -12 -17 -23
right_child=2 5 13 7 19 16 11 8 12 -11 27 -13 26 20 17 28 -18 -19 -20 -21 24 29 23 -25 -26 -27 -28 -29 -30 -31
leaf_value=4.8511585656291416 4.8599713864173921 -2.6530906602027602 -2.255384003147701 -1.4581329385006663 2.1233889490427691 -2.751830027133658 4.0472921616577917 4.6725963930738086 5.1850930182001527 -1.7729968352704233 4.0255336149813292 -1.6625509645804142 0.60653860990229624 -1.2308681918590645 -2.2670214439850089 -0.91964619286365357 -2.3809894465924515 -0.56493657509542117 -0.91964619286365457 -2.508550919030947 4.4220006168171775 -1.0905167560232014 4.7142040432420611 -0.91964619286365457 -0.58049401447122118 0.70828426342002748 -1.9426024930959682 0.1462606535125659 3.6197752717735345 1.567469782014193
leaf_weight=95.827190726995468 258.36484884470701 6.6341901272535333 95.827190726995468 44.105078808963299 13.39123562723398 2722.8436257466674 11.425549663603308 33.170950636267662 2.4571074545383444 83.787364199757576 43.982223436236382 7.7398884817957869 7.8627438545227077 10.442706681787969 351.98064286261797 2.4571074545383418 674.72170701622963 26.782471254467964 2.4571074545383444 8.9684422090649587 3.9313719272613517 16.094053827226166 14.865500099956991 5.8970578908920279 2.9485289454460144 2.4571074545383444 22.728243954479694 2.5799628272652617 6.3884793817996979 6.6341901272535315
leaf_count=780 2103 54 780 359 109 22163 93 270 20 682 358 63 64 85 2865 20 5492 218 20 73 32 131 121 48 24 20 185 21 52 54
internal_value=-1.78712 -2.19405 2.80564 1.52409 3.22938 -2.5914 -1.87814 0.372868 1.83604 -0.203128 1.24762 1.74139 -0.806175 -1.88518 -2.0541 0.210861 -2.67818 -2.14667 4.28692 -0.0269459 0.162754 0.589235 4.46269 3.11406 2.27807 4.74759 -1.2874 3.81059 2.35882 -0.314672
internal_weight=0 4218.24 371.515 407.266 164.135 3810.97 413.408 243.131 68.6762 174.455 90.6673 19.1654 33.0481 113.15 394.243 15.4798 3397.57 378.763 35.6281 45.0879 17.3226 36.1195 119.047 20.7626 6.8799 98.2843 30.591 46.5622 8.84559 22.7282
internal_count=37359 34335 3024 3315 1336 31020 3365 1979 559 1420 738 156 269 921 3209 126 27655 3083 290 367 141 294 969 169 56 800 249 379 72 185
is_linear=0
shrinkage=1


Tree=98
num_leaves=31
num_cat=0
split_feature=10 36 46 8 34 35 40 35 35 6 35 34 49 35 36 34 6 33 6 14 7 6 49 38 35 35 38 38 25 18
split_gain=8528.49 6388.39 3550.71 970.683 668.55 226.281 491.499 411.178 630.967 209.86 230.603 121.079 103.933 124.909 85.4373 84.4236 64.2 63.4775 61.3884 66.7067 69.942 60.0896 59.2915 56.6955 51.392 53.9855 43.3445 42.3371 37.851 33.8294
threshold=1.5538125748340554 3.5000000000000004 10.500000000000002 -0.45783048286480144 0.98244696431701617 3.9800141622745224 0.48000000000000004 1.994017580626221 0.97226404297204638 -0.76514077609537645 4.0234354356309208 0.012402216627463996 14.500000000000002 3.0240388752901493 3.5000000000000004 1.0099266656654025 -0.6337139437409065 -0.1041525263241619 -0.78137799809396824 -2.535449313321108 -1.2600411677594499 -0.12004686838402953 11.500000000000002 76.500000000000014 3.0022294741910618 4.999983026820618 78.500000000000014 480.50000000000006 0.64169804028513366 0.96609126551163393
decision_type=2 2 2 2 2 2 2 2 2 2 2 2 2 2 2 2 2 2 2 2 2 2 2 2 2 2 2 2 2 2
left_child=1 3 -2 4 -1 7 15 8 -5 10 18 -12 13 21 24 -7 -8 -11 19 20 -3 -6 -10 -19 -4 -26 -25 -22 -18 -21
right_child=2 9 14 5 12 6 16 -9 22 17 11 -13 -14 -15 -16 -17 28 23 -20 29 27 -23 -24 26 25 -27 -28 -29 -30 -31
leaf_value=4.7865246257476741 4.8514371096196083 -2.7776103005787265 -1.2621563136164096 -1.4979899075960152 2.037760802718366 4.7344548296095148 3.3762814001071724 -1.8366671043968446 3.856170196744086 -2.7713275532098613 4.1815742437787033 -1.0326969189944659 -2.3161551627148524 5.1850930182001527 -2.2593195808369209 -1.3266288069345751 1.2099139970423249 -2.6927575816521676 -0.49066451857268434 -2.5824935822814097 3.7241297882019775 -1.2679646463477758 -0.67545662442110221 0.037959957891452456 4.4668884051338225 -0.78398532150668121 -2.2602630951078653 -0.78398532150668121 -1.7135360454235218 -1.9666041650015922
leaf_weight=112.90408753603697 257.75057198107243 5.6513471454381934 12.408392645418646 46.685041636228561 9.2141529545187968 35.50520271807909 3.3170950636267653 85.87590553611517 48.159306108951569 2401.3311153203249 8.9684422090649623 8.8455868363380414 12.531248018145559 6.0199132636189452 93.49293864518404 2.4571074545383444 5.2827810272574416 546.21498714387417 22.728243954479694 174.70034001767635 4.7913595363497716 13.636946372687818 3.0713843181729308 8.3541653454303724 4.1770826727151862 3.685661181807518 463.77903204411268 3.685661181807518 27.396748118102551 182.19451775401831
leaf_count=919 2098 46 101 380 75 289 27 699 392 19546 73 72 102 49 761 20 43 4446 185 1422 39 111 25 68 34 30 3775 30 223 1483
internal_value=-1.78712 -2.19902 2.79757 1.54239 3.52606 0.354842 1.83188 -0.239528 1.16122 -2.60141 -1.92678 1.59242 0.0887529 1.13259 -1.85579 4.34215 -0.81547 -2.6826 -2.08599 -2.18372 -0.0525963 0.0649892 3.58449 -2.47339 0.00531429 2.00554 -2.2196 1.76408 -1.24095 -2.26808
internal_weight=0 4243.3 371.515 412.057 154.306 257.751 73.9589 183.792 97.9157 3831.24 411.565 17.814 41.4023 28.871 113.764 37.9623 35.9966 3419.68 393.751 371.023 14.1284 22.8511 51.2307 1018.35 20.2711 7.86274 472.133 8.47702 32.6795 356.895
internal_count=37563 34539 3024 3354 1256 2098 602 1496 797 31185 3350 145 337 235 926 309 293 27835 3205 3020 115 186 417 8289 165 64 3843 69 266 2905
is_linear=0
shrinkage=1


Tree=99
num_leaves=31
num_cat=0
split_feature=10 9 34 8 34 20 6 35 9 9 35 48 35 48 20 34 20 6 20 49 49 6 10 6 35 35 34 9 0 35
split_gain=8554.52 4847.65 3529.23 832.039 624.932 295.783 238.604 235.635 218.419 162.217 149.939 697.913 355.163 629.713 108.662 108.512 99.2049 96.198 79.2924 74.7937 94.2515 69.7523 67.1122 57.1594 48.4863 60.0711 44.1964 40.0809 39.8198 81.938
threshold=1.5538125748340554 1.20733357875903 0.97818403295510314 -0.45783048286480144 0.017604727457931579 1.496308439195347 -0.76514077609537645 4.0234354356309208 1.3528464379280607 1.293112571040208 0.022064128461923609 13.500000000000002 3.0240388752901493 43.500000000000007 3.0452912483573158 0.012402216627463996 0.047110220341655712 -0.79167579095138085 0.82675468184497791 14.500000000000002 13.500000000000002 -1.1961339953951045 -1.0000000180025095e-35 -0.12004686838402953 3.0011073808500774 4.98678569477888 1.0045066836204939 0.96380213688554772 -0.59413502330859924 4.0234354356309208
decision_type=2 2 2 2 2 2 2 2 2 2 2 2 2 2 2 2 2 2 2 2 2 2 2 2 2 2 2 2 2 2
left_child=1 5 -2 4 8 6 7 17 9 -3 -5 -12 -13 26 -4 -9 -8 21 -11 20 23 22 -1 -6 -16 -26 -14 -19 29 -15
right_child=2 3 14 10 19 -7 16 15 -10 18 11 12 13 28 24 -17 -18 27 -20 -21 -22 -23 -24 -25 25 -27 -28 -29 -30 -31
leaf_value=-2.1565541375890009 4.8280233662322694 3.8416552630145886 -2.1971474504311841 -1.651500893605222 1.3750430141319612 2.2611402569139281 -2.7462357087861764 3.74868379206749 4.476850890308766 -2.6493223026650665 3.7566860718788164 -1.8044879112982406 4.7142040432420629 -2.9545592632182567 -0.82715014421117294 -1.0671036617299301 -2.287287833511868 -0.68613157823279858 2.5516761036236084 -2.197382306807242 4.0222855494260941 -2.244115797259044 2.4718755910606833 -1.5181500370855965 4.9456914805113765 -1.1046382901686185 0.30130164934910697 2.821968162304485 -1.6644126480078463 4.3129874166196078
leaf_weight=6.2656240090727806 260.45339018106461 12.65410339087248 99.021430417895317 56.022049963474274 11.548405036330221 12.654103390872477 2793.7311758100986 10.442706681787969 97.424310572445393 9.8284298181533796 44.105078808963299 112.16695529967546 29.731000199913979 2.8256735727190962 10.811272799968721 8.4770207181572896 566.48612364381552 22.482533209025863 4.1770826727151862 15.848343081772326 6.0199132636189452 344.85503124445677 6.2656240090727788 16.708330690860752 4.1770826727151862 2.7028181999921799 2.4571074545383444 3.8085165545344344 42.630814336240292 3.4399504363536835
leaf_count=51 2120 103 806 456 94 103 22740 85 793 80 359 913 242 23 88 69 4611 183 34 129 49 2807 51 136 34 22 20 31 347 28
internal_value=-1.78712 -2.18931 2.78032 0.847937 2.57903 -2.56547 -2.5817 -1.8542 3.78282 1.24655 -0.179988 0.167326 -0.65186 0.942608 -1.7893 1.59096 -2.66886 -2.02409 -1.09815 -0.400943 0.429669 -2.1599 0.157661 -0.335715 0.493488 2.56878 4.37734 -0.177949 -1.31845 1.03547
internal_weight=0 4243.06 377.166 467.588 174.209 3775.47 3762.81 402.597 124.084 26.6596 293.379 237.357 193.252 81.0845 116.713 18.9197 3360.22 383.677 14.0055 50.125 34.2766 357.386 12.5312 28.2567 17.6912 6.8799 32.1881 26.291 48.8964 6.26562
internal_count=37607 34537 3070 3806 1418 30731 30628 3277 1010 217 2388 1932 1573 660 950 154 27351 3123 114 408 279 2909 102 230 144 56 262 214 398 51
is_linear=0
shrinkage=1


end of trees

feature_importances:
Column_35=564
Column_6=323
Column_34=302
Column_9=184
Column_38=182
Column_40=170
Column_20=165
Column_49=156
Column_14=137
Column_46=115
Column_10=113
Column_36=89
Column_8=88
Column_0=61
Column_1=48
Column_12=43
Column_48=34
Column_7=32
Column_25=29
Column_42=28
Column_2=24
Column_3=22
Column_4=21
Column_32=17
Column_22=10
Column_31=9
Column_13=6
Column_18=5
Column_15=4
Column_47=4
Column_28=3
Column_29=3
Column_33=2
Column_41=2
Column_5=1
Column_23=1
Column_26=1
Column_27=1
Column_37=1

parameters:
[boosting: rf]
[objective: binary]
[metric: logloss]
[tree_learner: serial]
[device_type: cpu]
[data_sample_strategy: bagging]
[data: ]
[valid: ]
[num_iterations: 100]
[learning_rate: 0.1]
[num_leaves: 31]
[num_threads: 1]
[seed: 0]
[deterministic: 0]
[force_col_wise: 0]
[force_row_wise: 0]
[histogram_pool_size: -1]
[max_depth: -1]
[min_data_in_leaf: 20]
[min_sum_hessian_in_leaf: 0.001]
[bagging_fraction: 0.8]
[pos_bagging_fraction: 1]
[neg_bagging_fraction: 1]
[bagging_freq: 1]
[bagging_seed: 3]
[feature_fraction: 0.8]
[feature_fraction_bynode: 1]
[feature_fraction_seed: 2]
[extra_trees: 0]
[extra_seed: 6]
[early_stopping_round: 0]
[first_metric_only: 0]
[max_delta_step: 0]
[lambda_l1: 0]
[lambda_l2: 0]
[linear_lambda: 0]
[min_gain_to_split: 0]
[drop_rate: 0.1]
[max_drop: 50]
[skip_drop: 0.5]
[xgboost_dart_mode: 0]
[uniform_drop: 0]
[drop_seed: 4]
[top_rate: 0.2]
[other_rate: 0.1]
[min_data_per_group: 100]
[max_cat_threshold: 32]
[cat_l2: 10]
[cat_smooth: 10]
[max_cat_to_onehot: 4]
[top_k: 20]
[monotone_constraints: ]
[monotone_constraints_method: basic]
[monotone_penalty: 0]
[feature_contri: ]
[forcedsplits_filename: ]
[refit_decay_rate: 0.9]
[cegb_tradeoff: 1]
[cegb_penalty_split: 0]
[cegb_penalty_feature_lazy: ]
[cegb_penalty_feature_coupled: ]
[path_smooth: 0]
[interaction_constraints: ]
[verbosity: 1]
[saved_feature_importance_type: 0]
[use_quantized_grad: 0]
[num_grad_quant_bins: 4]
[quant_train_renew_leaf: 0]
[stochastic_rounding: 1]
[linear_tree: 0]
[max_bin: 255]
[max_bin_by_feature: ]
[min_data_in_bin: 3]
[bin_construct_sample_cnt: 200000]
[data_random_seed: 1]
[is_enable_sparse: 1]
[enable_bundle: 1]
[use_missing: 1]
[zero_as_missing: 0]
[feature_pre_filter: 1]
[pre_partition: 0]
[two_round: 0]
[header: 0]
[label_column: ]
[weight_column: ]
[group_column: ]
[ignore_column: ]
[categorical_feature: ]
[forcedbins_filename: ]
[precise_float_parser: 0]
[parser_config_file: ]
[objective_seed: 5]
[num_class: 1]
[is_unbalance: 0]
[scale_pos_weight: 1]
[sigmoid: 1]
[boost_from_average: 1]
[reg_sqrt: 0]
[alpha: 0.9]
[fair_c: 1]
[poisson_max_delta_step: 0.7]
[tweedie_variance_power: 1.5]
[lambdarank_truncation_level: 30]
[lambdarank_norm: 1]
[label_gain: ]
[lambdarank_position_bias_regularization: 0]
[eval_at: ]
[multi_error_top_k: 1]
[auc_mu_weights: ]
[num_machines: 1]
[local_listen_port: 12400]
[time_out: 120]
[machine_list_filename: ]
[machines: ]
[gpu_platform_id: -1]
[gpu_device_id: -1]
[gpu_use_dp: 0]
[num_gpu: 1]

end of parameters

pandas_categorical:null
