tree
version=v4
num_class=1
num_tree_per_iteration=1
label_index=0
max_feature_idx=49
objective=binary sigmoid:1
feature_names=Column_0 Column_1 Column_2 Column_3 Column_4 Column_5 Column_6 Column_7 Column_8 Column_9 Column_10 Column_11 Column_12 Column_13 Column_14 Column_15 Column_16 Column_17 Column_18 Column_19 Column_20 Column_21 Column_22 Column_23 Column_24 Column_25 Column_26 Column_27 Column_28 Column_29 Column_30 Column_31 Column_32 Column_33 Column_34 Column_35 Column_36 Column_37 Column_38 Column_39 Column_40 Column_41 Column_42 Column_43 Column_44 Column_45 Column_46 Column_47 Column_48 Column_49
feature_infos=[-1.2504883594784932:15.798026433845127] [-1.6942035155796722:12.548603324937305] [-1.2896648374313537:41.078922051193565] [-0.96376721161209833:14.807636610531953] [-1.1122094359838803:21.78669170307009] [-1.8862102267685008:19.869853026967405] [-1.5540989689317364:47.607737950131309] [-1.5642778150448371:4.6653551563690892] [-1.2138337338365262:29.702922545606071] [-1.7560963937658212:4.0743700750396483] [-1.7340317224577881:7.3264240399689395] [-0.97869483213632102:6.0008285365236516] [-1.5579095479715643:59.004612215098327] [-0.96376721161209833:14.807636610531953] [-5.7175227242526372:7.6513710065328215] [-0.7754756656371774:9.7791031611688801] [-0.062261689845420132:40.221515814628638] [-0.038186151847367227:0.035340447584859179] [-1.0538865892455764:1.0171488228821155] [-0.8372301391356739:9.7653932265708985] [-0.68886770146199205:12.781567845435854] [-2.0509462961206304:11.035072096676103] [-0.82878993278688273:119.05123222314909] [-4.2402729805030015:2.3966212858456437] [-0.28229914078801199:4.1126100380045401] [-1.6642384446554661:9.4631116693494146] [-1.7369647438352842:6.1077158488199075] [-1.6279496045771977:4.4334029956433021] [-0.71675979745537344:34.139763059305217] [-1.0164738168665284:7.3084434598582915] [-0.122048067242397:12.361590672397787] [-1.7104296920285054:56.810156472352482] [-2.36423798798715:4.7794127332731167] [-0.80976315975979374:2.4098767141362201] [-0.038396423882105631:3.0145892820273552] [-0.030516122026900076:5.030794246187309] [0:6] [0:1] [0:3898] [0:0.40000000000000002] [0:0.56000000000000005] [0:0.40000000000000002] [0:1] [0:4] [0:1] [0:1] [0:34] [0:4] [0:56] [0:35]
tree_sizes=3325 3373 3390 3407 3405 3403 3403 3408 3430 3432 3426 3436 3431 3429 3433 3435 3429 3440 3456 3426 3429 3434 3435 3435 3417 3428 3454 3422 3437 3425 3443 3412 3429 3455 3457 3421 3432 3442 3443 3463 3453 3413 3434 3414 3415 3428 3440 3447 3415 3440 3430 3440 3428 3419 3412 3433 3395 3417 3427 3425 3429 3416 3420 3377 3467 3430 3408 3421 3424 3448 3427 3413 3404 3402 3390 3381 3421 3411 3436 3415 3400 3403 3397 3412 3419 3431 3391 3405 3407 3380 3417 3405 3414 3429 3391 3414 3399 3397 3410 3405

Tree=0
num_leaves=31
num_cat=0
split_feature=10 36 46 8 34 35 40 35 35 14 35 34 20 0 49 35 34 20 6 14 1 38 49 38 35 35 6 38 6 9
split_gain=10450.6 8177.22 4383.39 1207.76 850.743 308.961 639.03 486.426 754.154 304.306 347.815 179.009 145.273 142.604 133.344 137.285 126.676 95.2639 84.2364 88.6488 114.899 76.8375 66.7348 62.1259 58.3302 51.7732 50.1792 45.8065 42.4274 37.7192
threshold=1.5567621339366637 3.5000000000000004 10.500000000000002 -0.65580943308990325 0.98250612249085345 3.9838366311905671 0.48000000000000004 1.9918600874976942 0.022569304056737946 -1.0959449678051614 4.0192542007366283 0.012247426097250042 3.0370677020790411 -0.60431314043427709 14.500000000000002 3.9915476583191869 1.0126000703864766 -0.041026303203123761 -0.78137799809396824 -2.535449313321108 -0.039547896768107473 310.50000000000006 11.500000000000002 76.500000000000014 3.001148002981227 4.9872545186960853 -0.63379680683099093 911.50000000000011 -0.11511984611331834 1.438366478306347
decision_type=2 2 2 2 2 2 2 2 2 2 2 2 2 2 2 2 2 2 2 2 2 2 2 2 2 2 2 2 2 2
left_child=1 3 -2 4 -1 7 16 8 -5 10 18 -12 -4 -8 15 21 -7 -11 19 20 -3 28 -10 -19 -14 -26 -15 -22 -6 -25
right_child=2 9 12 5 14 6 13 -9 22 17 11 -13 24 26 -16 -17 -18 23 -20 -21 27 -23 -24 29 25 -27 -28 -29 -30 -31
leaf_value=-1.12732807102333 -1.1188732602053997 -1.887456356760141 -1.8211885459284711 -1.739575664944466 -1.4941148639225337 -1.1232904171387796 -1.0882863395662719 -1.7854789326911316 -1.2150527332914383 -1.8802211036337568 -1.1992821752876428 -1.7272503991910242 -1.6729545526219032 -1.3692445487359914 -1.8159788659981893 -1.1015921928238541 -1.8593605358431691 -1.8682994457290396 -1.6369063817515885 -1.8287850330479449 -1.2506177493087764 -1.3895198834183424 -1.6680413743609315 -1.8224951966077529 -1.1604336327851628 -1.659452410882492 -1.782393057085947 -1.7234962037760728 -1.8361051934362371 -1.6705620484252559
leaf_weight=145.99762324243784 317.1290145367384 8.008308447897436 124.4367928057909 61.109553694725037 5.4210087954998043 45.708960525691509 3.5729376152157775 105.70967151224613 56.797387607395649 3351.5386878177524 14.414955206215383 11.581246063113211 14.538159951567652 3.2033233791589728 17.864688076078892 7.5154894664883605 2.4640949070453635 496.14550953358412 26.612224996089935 442.67465005069971 7.3922847211360914 11.950860299170015 3.4497328698635092 419.63536266982555 5.5442135408520681 3.3265281245112419 35.729376152157784 2.833709143102169 10.965222336351873 17.002254858613014
leaf_count=1185 2574 65 1010 496 44 371 29 858 461 27203 117 94 118 26 145 61 20 4027 216 3593 60 97 28 3406 45 27 290 23 89 138
internal_value=-1.78313 -1.8229 -1.32851 -1.44522 -1.25252 -1.56634 -1.4103 -1.62866 -1.49205 -1.86364 -1.79089 -1.43449 -1.77819 -1.69291 -1.59278 -1.48156 -1.16094 -1.87235 -1.8099 -1.81988 -1.6038 -1.58234 -1.24099 -1.84409 -1.54965 -1.34757 -1.7484 -1.38166 -1.72297 -1.81658
internal_weight=0 5315.3 464.975 517.46 199.715 317.745 90.6787 227.066 121.357 4797.84 513.517 25.9962 147.846 42.5056 53.7173 35.8526 48.1731 4284.32 487.521 460.909 18.2343 28.3371 60.2471 932.783 23.4089 8.87074 38.9327 10.226 16.3862 436.638
internal_count=46916 43142 3774 4200 1621 2579 736 1843 985 38942 4168 211 1200 345 436 291 391 34774 3957 3741 148 230 489 7571 190 72 316 83 133 3544
is_linear=0
shrinkage=1


Tree=1
num_leaves=31
num_cat=0
split_feature=20 10 1 36 46 34 36 8 34 14 6 35 35 35 35 35 9 35 14 49 6 9 0 6 35 49 40 40 14 34
split_gain=6319.49 1623.2 1410.95 2087.7 857.192 736.444 516.744 397.369 236.946 168.559 129.012 119.968 234.292 261.728 205.35 115.956 85.6368 74.831 70.5213 60.173 50.7359 50.3203 50.0509 47.0457 40.7798 48.6117 43.2197 40.4866 40.4285 39.5404
threshold=0.21784478543548511 1.5567621339366637 1.5373033721667195 3.5000000000000004 10.500000000000002 0.97876046947238315 3.5000000000000004 -0.65580943308990325 0.99922117639238162 -1.0959449678051614 -0.76476546117687028 3.9838366311905671 1.9918600874976942 0.022569304056737946 4.9872545186960853 4.0192542007366283 1.20733357875903 4.9911352451072073 0.085064421622438102 14.500000000000002 -1.1443219107003644 0.14410075192778152 -0.60431314043427709 -0.79167579095138085 0.99069191928338418 11.500000000000002 0.41500000000000004 0.38000000000000006 0.078441340761672543 0.012247426097250042
decision_type=2 2 2 2 2 2 2 2 2 2 2 2 2 2 2 2 2 2 2 2 2 2 2 2 2 2 2 2 2 2
left_child=1 6 3 7 -4 -3 18 8 -2 17 15 12 13 -9 -13 -8 -6 20 -1 27 -5 -12 -16 -22 -18 -26 -27 28 -10 -17
right_child=2 5 4 9 16 -7 10 11 19 -11 21 14 -14 -15 22 29 24 -19 -20 -21 23 -23 -24 -25 25 26 -28 -29 -30 -31
leaf_value=0.27584016000984696 0.38418939568865734 0.39066783957089141 0.38258382643185934 0.27176675450292404 -0.0073683257919820722 -0.075395889473861277 -0.04288223878949976 0.046231255197423646 0.29667094599803362 -0.055003727357713764 -0.097426710732411284 0.36792093445047391 0.0064836240779251337 0.33760031574509175 0.39691816563713256 0.31608515713638707 -0.029031708370905619 0.32002336975026857 0.08373973894135231 -0.03317016803080771 0.0038809096944717996 -0.070884626016836635 0.027839023816046832 0.23137397243234248 0.51699140556205192 0.014095500744754297 0.30971574928200635 0.38999470753938192 0.037436156256238244 0.038810835169678204
leaf_weight=37.719446644186974 201.17504369467497 109.87276387214661 369.60540281236172 9.6502899602055532 69.728403270244598 49.034700974822044 380.72201333940029 53.115571618080139 10.225941076874735 462.92613101005554 2564.7134981974959 63.248062938451767 93.28253099322319 73.476160615682602 4.1462693214416495 12.101485252380373 6.7068990468978873 11.853391468524931 38.734583631157875 14.440834522247313 78.264434039592743 990.01038798689842 32.277848839759827 10.285025119781492 5.3185366839170483 8.9851332157850283 11.000188693404196 9.1738059073686582 14.612300366163252 8.9443529695272428
leaf_count=236 1092 592 1998 69 579 409 3158 418 66 3917 22303 351 758 422 22 68 51 73 273 120 654 8553 255 78 37 67 69 49 109 70
internal_value=0 -0.0666357 0.166264 0.106191 0.311831 0.246853 -0.0789879 0.24184 0.336376 -0.0285582 -0.0839638 0.16799 0.126736 0.215347 0.258995 -0.0302512 0.0547943 0.082682 0.178515 0.137856 0.0540333 -0.0900346 0.0698524 0.0303042 0.190202 0.248311 0.176809 0.21047 0.144164 0.198245
internal_weight=0 4191.85 1613.5 1142.15 471.345 158.907 4032.95 569.174 249.628 572.979 3956.49 319.546 219.874 126.592 99.6722 401.768 101.739 110.053 76.454 48.4529 98.1997 3554.72 36.4241 88.5495 32.0108 25.3039 19.9853 34.012 24.8382 21.0458
internal_count=46916 35662 11254 8453 2801 1001 34661 3662 1436 4791 34152 2226 1598 840 628 3296 803 874 509 344 801 30856 277 732 224 173 136 224 175 138
is_linear=0
shrinkage=0.1


Tree=2
num_leaves=31
num_cat=0
split_feature=20 10 1 36 34 34 36 49 8 14 35 35 35 6 35 9 35 34 9 46 35 38 38 6 38 6 14 6 6 8
split_gain=4880.84 1261.17 859.262 1428.81 495.207 458.037 418.417 232.172 205.046 136.073 126.13 153.955 145.246 121.918 87.461 54.1678 52.1304 51.2089 49.9867 49.5635 46.723 41.4772 50.0821 36.5469 35.1712 34.7362 33.3116 32.3893 31.401 31.1783
threshold=0.21784478543548511 1.5567621339366637 1.5373033721667195 3.5000000000000004 0.99472259501583882 0.97876046947238315 3.5000000000000004 14.500000000000002 -0.65580943308990325 -1.0959449678051614 3.0166786185219605 1.9918600874976942 0.022569304056737946 -0.76476546117687028 4.0192542007366283 1.0856242460117911 4.9815225985080049 0.98315077617897428 0.14410075192778152 1.5000000000000002 4.9911352451072073 76.500000000000014 80.500000000000014 -0.78137799809396824 76.500000000000014 -0.48840840662311319 0.085064421622438102 -1.1443219107003644 -0.79167579095138085 -0.66568726596814198
decision_type=2 2 2 2 2 2 2 2 2 2 2 2 2 2 2 2 2 2 2 2 2 2 2 2 2 2 2 2 2 2
left_child=1 6 3 7 -4 -3 19 8 17 20 11 12 -10 14 23 -6 -12 -2 -15 29 27 -20 -23 -8 -11 -18 -13 -5 -29 -1
right_child=2 5 4 9 15 -7 13 -9 10 24 16 26 -14 18 -16 -17 25 -19 21 -21 -22 22 -24 -25 -26 -27 -28 28 -30 -31
leaf_value=0.30363532647563707 0.29099051759738231 0.29405826550368741 0.28756559661595393 0.20556935573105894 -0.014723845634773561 -0.071911811143112722 -0.047550280352644358 -0.015761674080471039 0.048123889744678731 -0.078513128015002986 0.29356092670293354 0.079348038083132955 0.26212016891863349 -0.094662039146406654 0.16004534918948676 0.1365739524175601 0.35859664922661233 0.17081817368126828 -0.087186913811019159 0.05852359248892125 0.24129378718805794 0.17659908962950283 -0.05020640773623436 0.089173643360083585 -0.022205592972305233 0.034109571180767753 -0.044624433242787476 0.003482525312056034 0.17739695706262382 0.13976884764519806
leaf_weight=20.924299344420433 233.72248962521553 129.99176263809204 440.4068978279829 11.368973493576048 63.097261033952236 46.407777674496174 348.38173009455204 49.439524546265602 51.045644223690033 232.5245343670249 71.098400726914406 39.226654395461082 83.761883094906807 2384.972707554698 23.261184215545654 37.863109081983566 4.2535050511360195 41.801841422915459 498.53686067461967 37.466224297881126 14.004935488104818 9.9609699547290784 430.87092248350382 20.713036566972733 212.1356372833252 14.701908722519873 48.438661217689514 78.483621776103973 11.964423313736914 26.086911886930466
leaf_count=102 1070 592 2028 69 528 409 3000 383 389 2089 329 317 405 22303 138 245 24 244 4563 246 73 90 3900 158 1828 109 392 654 78 161
internal_value=0 -0.063612 0.137217 0.0899681 0.241773 0.197778 -0.0757422 0.19237 0.209868 -0.0265033 0.154424 0.114006 0.181089 -0.0807441 -0.0280249 0.0420173 0.254276 0.272758 -0.0869663 0.144324 0.0700402 -0.0674275 -0.0450815 -0.0398775 -0.0516503 0.106923 0.0108482 0.0464842 0.0264878 0.212704
internal_weight=0 3977.57 1739.34 1197.97 541.367 176.4 3801.17 637.491 588.051 560.482 312.527 222.473 134.808 3716.7 392.356 100.96 90.0538 275.524 3324.34 84.4774 115.822 939.369 440.832 369.095 444.66 18.9554 87.6653 101.817 90.448 47.0112
internal_count=46916 35662 11254 8453 2801 1001 34661 3662 3279 4791 1965 1503 794 34152 3296 773 462 1314 30856 509 874 8553 3990 3158 3917 133 709 801 732 263
is_linear=0
shrinkage=0.1


Tree=3
num_leaves=31
num_cat=0
split_feature=20 10 10 36 46 36 34 49 8 6 14 35 35 35 35 9 35 6 35 0 36 38 6 35 34 25 34 22 40 38
split_gain=3913.29 934.534 644.993 1131.73 393.906 333.549 305.608 168.568 135.75 115.48 96.2927 87.1449 124.208 106.957 65.5635 46.9202 42.644 42.0439 61.0146 97.6734 38.6726 38.1779 37.995 37.0015 36.2785 31.7167 31.4448 34.1088 26.751 26.4439
threshold=0.19289703688033524 1.5567621339366637 1.5567621339366637 3.5000000000000004 10.500000000000002 3.5000000000000004 0.99143253016069355 14.500000000000002 -0.65580943308990325 -0.76476546117687028 -1.0959449678051614 3.0166786185219605 1.9831010132128057 0.022569304056737946 4.0192542007366283 0.14410075192778152 3.0087696096762064 -0.12546839527887141 4.9900385387871369 -0.59991561817798944 3.5000000000000004 76.500000000000014 0.15214342137541423 4.9815225985080049 0.98315077617897428 -0.4952932941993059 0.02310485855546621 -0.54470189973136984 0.12500000000000003 47.500000000000007
decision_type=2 2 2 2 2 2 2 2 2 2 2 2 2 2 2 2 2 2 2 2 2 2 2 2 2 2 2 2 2 2
left_child=1 5 3 7 -4 22 -3 8 24 14 16 12 13 -10 25 26 -5 18 -17 -20 -6 -12 28 -13 -2 -7 27 -11 -1 -26
right_child=2 6 4 10 20 9 -8 -9 11 15 21 23 -14 -15 -16 17 -18 -19 19 -21 -22 -23 -24 -25 29 -27 -28 -29 -30 -31
leaf_value=0.0074640240783756936 0.23931194662149005 0.23911070803572529 0.24082680627635941 0.015804389262166471 0.11499528115500882 -0.070896045359101781 -0.07839454884619329 -0.015689473396159403 0.042846113578663948 0.0073213626413870872 -0.077310742539633104 0.24216312096152173 0.0083872859288524563 0.22027226550274076 0.13091071744099431 -0.049112227727609148 0.14956699558501485 -0.081955794764006967 0.74753899408615876 0.051454008097229553 -0.012622259068234228 -0.019305521589363543 0.028302479977147965 0.090985395949322007 -0.00037841214686702165 -0.010555359597191045 -0.1018363203590263 -0.082032695923023702 0.19788926276443128 0.18294368492049851
leaf_weight=8.7048158347606641 255.64573603868484 131.96177305281162 481.80491092801094 92.152096167206764 35.350432142615318 153.99593821167946 39.356666386127472 49.520142078399658 53.035738945007324 44.953363180160522 231.95000108331442 78.880916804075241 91.842654064297676 94.542569071054459 24.961868315935135 310.45537839829922 32.148075744509697 534.49956631660461 2.2038075700402286 23.631739839911461 72.333432212471962 222.1382529437542 29.013688012957573 20.370934963226318 10.0607882887125 200.55806464701891 1308.9237547144294 860.14416536688805 48.369930505752563 36.111191794276237
leaf_count=52 1076 563 2029 709 211 1362 366 387 391 447 2213 335 728 415 137 2963 199 5139 20 225 605 1949 187 135 64 1763 13165 8651 245 185
internal_value=0 -0.0619487 0.115753 0.075585 0.202181 -0.0729562 0.166171 0.162067 0.17581 -0.0777879 -0.027587 0.13235 0.0996896 0.15651 -0.0257351 -0.0841918 0.0503998 -0.0645266 -0.0368246 0.110831 0.029272 -0.0489348 0.12148 0.211135 0.224578 -0.0367636 -0.0919263 -0.0775948 0.168846 0.142998
internal_weight=0 3721.73 1857.89 1268.4 589.489 3550.42 171.318 690.011 640.491 3464.33 578.388 338.673 239.421 147.578 379.516 3084.81 124.3 870.79 336.291 25.8355 107.684 454.088 86.0884 99.2519 301.818 354.554 2214.02 905.098 57.0747 46.172
internal_count=46916 35285 11631 8786 2845 34356 929 3716 3329 33872 5070 2004 1534 806 3262 30610 908 8347 3208 245 816 4162 484 470 1325 3125 22263 9098 297 249
is_linear=0
shrinkage=0.1


Tree=4
num_leaves=31
num_cat=0
split_feature=20 10 10 36 46 36 34 49 6 35 8 49 14 38 35 38 9 46 31 24 6 35 0 38 8 35 14 6 33 9
split_gain=3199.32 775.967 483.124 870.045 298.693 279.99 232.905 127.296 108.753 94.327 92.7175 81.0299 79.7652 54.2932 51.5697 49.0934 53.0457 43.1801 39.4144 38.5515 37.0306 53.6683 40.609 34.852 32.9156 32.4215 31.5332 132.101 40.5034 31.1576
threshold=0.19289703688033524 1.5567621339366637 1.5567621339366637 3.5000000000000004 12.500000000000002 3.5000000000000004 0.97876046947238315 11.500000000000002 -0.76476546117687028 3.0166786185219605 -0.66568726596814198 14.500000000000002 -1.0959449678051614 31.500000000000004 4.0192542007366283 76.500000000000014 -0.33911487932681655 10.500000000000002 -0.75211527092451336 1.0000000180025095e-35 0.6551983324215761 4.9911352451072073 -0.59991561817798944 76.500000000000014 -0.67868812686870783 0.98333340230330457 -0.12367882357049467 -0.2775291036325474 -0.099193297677990039 1.4906560138589964
decision_type=2 2 2 2 2 2 2 2 2 2 2 2 2 2 2 2 2 2 2 2 2 2 2 2 2 2 2 2 2 2
left_child=1 5 3 7 -4 24 -3 10 14 -9 -2 -11 -5 18 -7 26 -17 20 -12 25 21 -18 -23 -14 -1 -15 27 -10 -29 -6
right_child=2 6 4 12 29 8 -8 9 15 11 13 -13 23 19 -16 16 17 -19 -20 -21 -22 22 -24 -25 -26 -27 -28 28 -30 -31
leaf_value=0.18097647585613957 0.20265339264605325 0.20893943755874328 0.20711160472996726 0.043980831171130039 -0.012066326683256393 -0.034081758987342899 -0.067480989248225723 -0.021931746390813696 -0.08314159008648829 0.21634437033787118 0.17008631795260137 0.0060097807987285687 -0.074084560363258847 0.073181953399563654 0.11078058257711709 -0.08816700267657808 -0.025002763546987314 -0.078696481822561545 -0.024663682266835303 0.025105998654505551 -0.083004483817499808 0.47869602542908435 0.078404246720597204 -0.017638432668145333 0.056572409158135266 0.17610842515477831 -0.10293061082090532 0.08463686608882813 0.39196604929367662 0.11001311933129934
leaf_weight=34.29712101817131 283.75314059853554 134.96245935559273 505.68463390320539 127.75758970528841 75.877338454127312 345.06166415661573 39.374477192759514 73.710091777145863 451.73597668856382 47.968856826424599 14.367747977375982 29.628717534244061 218.54945803433657 37.580821752548218 26.458781406283379 639.63793805986643 299.45163106918335 282.89351576566696 37.555209010839462 24.885163694620132 95.726014569401741 2.8006799817085293 26.652018800377846 218.99270291626453 55.986845552921295 164.85129405558109 1069.5694297850132 14.259866401553156 6.1324617639183989 28.857489958405495
leaf_count=163 1170 545 2064 908 622 3125 384 552 4759 197 72 232 2213 267 137 6935 3046 2919 253 164 986 18 265 1949 321 809 11470 152 60 159
internal_value=0 -0.0591807 0.102075 0.0671554 0.175277 -0.0698829 0.146509 0.140511 -0.0746932 0.05908 0.162396 0.136033 -0.025535 0.121488 -0.023765 -0.0812428 -0.0672972 -0.0484298 0.0292261 0.142562 -0.0282658 -0.0123343 0.116468 -0.0458329 0.103831 0.157 -0.0934287 -0.071903 0.177058 0.0215701
internal_weight=0 3525 1890.02 1279.6 610.419 3350.66 174.337 714.301 3260.38 151.308 562.993 77.5976 565.3 279.24 371.52 2888.86 1347.16 707.524 51.923 227.317 424.63 328.904 29.4527 437.542 90.284 202.432 1541.7 472.128 20.3923 104.735
internal_count=46916 35285 11631 8786 2845 34356 929 3716 33872 981 2735 429 5070 1565 3262 30610 14169 7234 325 1240 4315 3329 283 4162 484 1076 16441 4971 212 781
is_linear=0
shrinkage=0.1


Tree=5
num_leaves=31
num_cat=0
split_feature=20 10 10 36 34 36 34 31 49 35 46 8 14 38 6 9 38 6 6 32 49 35 38 35 8 6 4 3 34 20
split_gain=2643.58 652.663 381.178 682.722 240.743 237.077 184.536 106.097 99.0267 88.5422 98.86 85.6246 66.2818 59.5489 53.4214 50.7263 45.8812 38.9133 55.4172 34.7681 31.6841 31.3761 30.0824 29.9824 31.9279 29.0559 28.6193 27.7928 27.6554 25.4687
threshold=0.19289703688033524 1.5567621339366637 1.5567621339366637 3.5000000000000004 0.99472259501583882 3.5000000000000004 0.99143253016069355 -0.30900800573217341 14.500000000000002 4.9920922028181511 2.5000000000000004 -0.65580943308990325 -1.1453800006332731 156.50000000000003 -0.12546839527887141 0.14076843991754903 180.00000000000003 -0.37617802303283537 -0.75129502479359034 0.3596863985572501 14.500000000000002 3.0087696096762064 76.500000000000014 3.9896329398474806 -0.67868812686870783 -0.26271367248147953 1.6482489818258848 0.40894658480273377 0.98315077617897428 1.3177233084366031
decision_type=2 2 2 2 2 2 2 2 2 2 2 2 2 2 2 2 2 2 2 2 2 2 2 2 2 2 2 2 2 2
left_child=1 5 3 8 -4 20 -3 9 11 15 17 28 21 14 -13 -7 -9 18 -11 -12 23 -5 -14 24 -1 -19 -17 -28 -2 -6
right_child=2 6 4 12 29 7 -8 16 -10 10 19 13 22 -15 -16 26 -18 25 -20 -21 -22 -23 -24 -25 -26 -27 27 -29 -30 -31
leaf_value=0.16257705897075692 0.18406408546388683 0.18422893910772134 0.18427559963392073 0.009174936578199391 -0.035524050841839891 -0.069957323657647966 -0.072270020138016047 -0.095598118066162877 -0.013836289676636748 0.16234432572768281 -0.068309017544724265 0.10515025296966506 -0.06980187247503393 0.14245029606176837 -0.0037129716610491952 -0.029775279446031807 -0.060743893785840358 -0.055232322330264254 0.51430713896309366 0.1758247812077218 -0.083429178267233284 0.12028721662990281 -0.016609853301581563 0.20018231274719842 0.011368320303507278 0.31594612493857527 -0.00031726538980688084 0.25758588198553162 0.10356396684216884 0.062868961980453941
leaf_weight=22.846244931221008 268.96522498130798 138.43946273624897 511.08202800154686 93.078135073184967 47.489139713346958 749.08719730377197 35.175096049904823 1392.1116219311953 48.812434293329716 16.140684455633163 45.197281368076801 111.33745104074478 207.52308201044798 173.16607159376144 75.742305554449558 309.37014075368643 518.29298931360245 8.7854670584201795 6.1888268664479282 6.6979201436042777 9.4818190485239011 34.95948688685894 218.02066344767809 25.39763343334198 35.918661192059517 2.7751321196556082 10.55573356151581 6.9163169562816611 50.72481943666935 58.980955436825752
leaf_count=101 1076 563 2056 692 409 8087 366 15986 387 71 454 602 2221 902 500 3104 5789 92 60 51 60 197 1960 117 206 24 98 56 249 380
internal_value=0 -0.0565197 0.0912328 0.0601488 0.155778 -0.0668727 0.132261 -0.0716505 0.123744 -0.0478193 0.0499519 0.133621 -0.0235695 0.100191 0.0610752 -0.0556147 -0.0861422 0.182792 0.259894 -0.0367996 0.0898688 0.0395131 -0.0425498 0.109393 0.0701543 0.0338694 -0.022743 0.101774 0.171291 0.0189825
internal_weight=0 3339.38 1899.88 1282.33 617.552 3165.76 173.615 3072.12 728.748 1161.71 85.7853 679.936 553.581 360.246 187.08 1075.93 1910.4 33.8901 22.3295 51.8952 93.6444 128.038 425.544 84.1625 58.7649 11.5606 326.842 17.4721 319.69 106.47
internal_count=46916 35285 11631 8786 2845 34356 929 33872 3716 12097 752 3329 5070 2004 1102 11345 21775 247 131 505 484 889 4181 424 307 116 3258 154 1325 789
is_linear=0
shrinkage=0.1


Tree=6
num_leaves=31
num_cat=0
split_feature=20 10 10 36 36 46 34 31 14 38 35 46 14 34 9 38 8 0 6 46 35 38 6 1 46 5 46 14 9 7
split_gain=2198.85 552.706 312.498 541.145 201.768 201.678 150.51 101.671 84.6754 93.6476 73.5711 73.0522 55.1449 49.3782 45.9287 45.804 37.0459 31.4777 29.6797 29.3288 37.644 28.7893 27.4089 26.2619 26.2619 24.4718 22.8755 22.7929 30.907 22.7995
threshold=0.19289703688033524 1.5567621339366637 1.5567621339366637 3.5000000000000004 3.5000000000000004 10.500000000000002 0.97876046947238315 -0.30900800573217341 0.085064421622438102 66.500000000000014 4.9911352451072073 3.5000000000000004 -1.0959449678051614 1.0088514095784094 0.10922740420987301 180.00000000000003 -0.65580943308990325 -0.58904699894096824 -0.38208546983008906 10.500000000000002 4.9911352451072073 76.500000000000014 1.1851951845064732 1.1104001270739934 1.5000000000000002 1.0010816109160248 20.500000000000004 0.9339492431873897 0.92423500421745641 1.9371566294769595
decision_type=2 2 2 2 2 2 2 2 2 2 2 2 2 2 2 2 2 2 2 2 2 2 2 2 2 2 2 2 2 2
left_child=1 4 3 8 24 -4 -3 10 13 -10 14 18 19 16 23 -9 -2 -13 25 20 -5 -14 26 -6 -1 -12 -11 28 29 -17
right_child=2 6 5 12 7 -7 -8 15 9 22 11 17 21 -15 -16 27 -18 -19 -20 -21 -22 -23 -24 -25 -26 -27 -28 -29 -30 -31
leaf_value=0.12360503270737769 0.1720125782915686 0.169426244906282 0.16788338479037213 0.032122371739443281 -0.073352475519027655 0.01951028626076232 -0.061437652365835094 -0.093393848517343392 -0.022348548106817707 0.1246259407299508 0.31214365878707573 0.28099957173107998 -0.067773139882446404 -0.029154252734215153 -0.021435381290885958 -0.050693036048304087 0.11313079585827737 -0.058600142718391861 0.02201095506877478 -0.081807484363429037 0.21028030064578818 -0.014625137555573521 0.011825390467428294 -0.0091968923064650234 0.017201894883544934 0.11761487029250556 -0.061220803009173312 -0.081768122044610633 0.10098927899251492 0.16252646155002418
leaf_weight=55.559591054916382 224.04867555201054 134.92153696715832 502.76975260674953 101.38625832647085 632.57786709815264 112.02320659905672 35.714394494891167 1287.8586706444621 82.370491743087769 175.4987081810832 11.854482278227808 2.9000571295619002 195.03231950849295 17.141787715256214 325.15478767454624 255.83535987883806 204.26828973740339 46.384991280734539 13.201546132564543 18.790016673505306 13.431195288896559 213.47778382897377 28.291416794061661 70.963063828647137 39.821841269731522 14.229510121047495 6.8828287795186034 217.56577424705029 15.023342728614805 5.1152870059013358
leaf_count=257 912 545 2029 722 7276 816 384 15986 536 865 69 21 2213 132 3305 2991 1045 472 131 130 56 1949 172 757 227 66 54 2583 158 57
internal_value=0 -0.0539496 0.0822452 0.0541115 -0.0639264 0.140848 0.121106 -0.0686354 0.109807 0.0680582 -0.0449869 0.0424659 -0.0217594 0.137271 -0.0525166 -0.0834673 0.143931 -0.0386172 0.144187 0.0340095 0.0529631 -0.0399992 0.103406 -0.0668814 0.0791816 0.206023 0.117612 -0.0575647 -0.0384837 -0.0465134
internal_weight=0 3164.68 1895.41 1280.62 2994.05 614.793 170.636 2898.66 738.502 293.043 1117.27 88.5706 542.118 445.459 1028.7 1781.4 428.317 49.285 39.2855 133.607 114.817 408.51 210.673 703.541 95.3814 26.084 182.382 493.54 275.974 260.951
internal_count=46916 35285 11631 8786 34356 2845 929 33872 3716 1627 12097 759 5070 2089 11338 21775 1957 493 266 908 778 4162 1091 8033 484 135 919 5789 3206 3048
is_linear=0
shrinkage=0.1


Tree=7
num_leaves=31
num_cat=0
split_feature=20 10 10 36 46 36 46 31 8 35 14 34 46 35 40 35 35 38 9 49 35 38 38 32 0 6 6 5 11 0
split_gain=1846.25 459.147 290.354 454.055 180.751 156.577 118.966 89.582 80.4254 58.8531 56.7574 55.433 54.3173 45.3373 80.6409 77.0109 52.4861 41.5701 35.3005 30.0494 30.8957 28.6207 23.9699 23.6766 23.5683 23.506 31.0953 23.683 23.1793 22.9468
threshold=0.12152110051028357 1.5567621339366637 1.5567621339366637 3.5000000000000004 10.500000000000002 3.5000000000000004 12.500000000000002 -0.30900800573217341 -0.65580943308990325 4.9911352451072073 -1.0959449678051614 0.98315077617897428 2.5000000000000004 3.9838366311905671 0.20500000000000004 0.98333340230330457 4.9872545186960853 251.50000000000003 -0.5867909495609186 11.500000000000002 4.9911352451072073 76.500000000000014 76.500000000000014 1.814973616266071 -0.60431314043427709 -1.1443219107003644 -0.83331991335105926 1.8354912577235154 4.5052195004146522 -0.59218138249092889
decision_type=2 2 2 2 2 2 2 2 2 2 2 2 2 2 2 2 2 2 2 2 2 2 2 2 2 2 2 2 2 2
left_child=1 5 3 8 -4 -1 -3 9 11 18 19 -2 -11 14 15 -10 -15 -9 28 20 25 -12 -13 -19 -18 -5 -27 -28 -7 -14
right_child=2 6 4 10 -6 7 -8 17 13 12 21 22 29 16 -16 -17 24 23 -20 -21 -22 -23 -24 -25 -26 26 27 -29 -30 -31
leaf_value=0.069946533085787382 0.15505169271689956 0.15602934319574951 0.15426616384776548 0.15264901747372397 0.015861254131189863 -0.077356557281745869 -0.06942605805528107 -0.091595441915428136 0.0064056498382149942 0.12567315946409888 -0.060845005945793833 -0.033181411159096647 0.23519742948293204 0.16205839252530629 -0.019179611682778316 0.14209125374129605 0.21965521615519612 -0.056248112970831154 -0.035993058694412869 -0.075976486887324945 0.19300122990096719 -0.011431940219212634 0.093992299446166355 0.28978791953843852 0.00016055099865709287 -0.015823442056220095 0.072908191413876389 0.34684532271958979 0.24526221057702144 -0.053464087708665786
leaf_weight=85.271371930837631 265.32499495148659 125.38643805682659 500.57069297134876 15.137544147670267 116.27620408684015 376.33361432701349 28.775872811675072 1217.1717195212841 68.78189592063427 37.207855962216854 223.27068591862917 21.459336519241333 2.935068115592002 87.470884546637535 113.70639112591743 106.74915330857038 5.6066396236419669 401.04893991351128 565.5442023947835 20.745069943368435 14.171248793601988 246.77879866212606 47.908737614750862 1.9871155470609654 38.375407144427299 71.995333231985569 24.328136123716835 3.6264224573969832 2.2402611374855033 44.60827212780714
leaf_count=423 1090 535 2065 84 849 4604 325 16294 434 236 2686 141 19 363 787 436 23 4945 6275 148 57 2328 242 20 261 554 166 26 25 475
internal_value=0 -0.0539641 0.0711708 0.0456051 0.128177 -0.0634308 0.113946 -0.0677241 0.0976604 -0.0446477 -0.0178115 0.134243 0.0351784 0.0685562 0.0464251 0.0889228 0.117252 -0.0823782 -0.0518135 0.0357456 0.0536762 -0.0349029 0.0546505 -0.054542 0.0281408 0.0365205 0.0189326 0.108445 -0.0754474 -0.0356437
internal_weight=0 2888.51 1992.28 1375.44 616.847 2734.35 154.162 2649.08 755.383 1028.87 620.053 334.693 84.7512 420.69 289.237 175.531 131.453 1620.21 944.118 150.004 129.259 470.049 69.3681 403.036 43.982 115.087 99.9499 27.9546 378.574 47.5433
internal_count=46916 34176 12740 9826 2914 33316 860 32893 3777 11634 6049 1473 730 2304 1657 870 647 21259 10904 1035 887 5014 383 4965 284 830 746 192 4629 494
is_linear=0
shrinkage=0.1


Tree=8
num_leaves=31
num_cat=0
split_feature=20 10 10 36 46 9 34 6 8 34 14 38 38 38 6 38 6 49 34 38 14 6 31 34 35 35 35 35 46 34
split_gain=1555.04 392.097 245.118 373.198 158.496 140.961 101.789 81.6014 69.5727 50.3608 46.6627 41.091 36.3806 38.8562 35.9333 34.5823 40.7286 30.0305 26.1106 25.4795 25.2396 88.4151 25.0455 24.8851 27.2791 56.2596 41.5674 32.7733 24.8718 24.2786
threshold=0.12152110051028357 1.5567621339366637 1.5567621339366637 3.5000000000000004 10.500000000000002 0.92423500421745641 0.99143253016069355 -0.76476546117687028 -0.65580943308990325 0.98315077617897428 -1.0959449678051614 31.500000000000004 156.50000000000003 157.50000000000003 -0.78137799809396824 32.500000000000007 0.4114798547166873 12.500000000000002 1.0059275987405019 76.500000000000014 -0.11344358914004483 -0.2775291036325474 -0.75211527092451336 1.0189742968414259 3.9838366311905671 1.9918600874976942 0.98333340230330457 4.9944146722638818 10.500000000000002 0.0011125180449194463
decision_type=2 2 2 2 2 2 2 2 2 2 2 2 2 2 2 2 2 2 2 2 2 2 2 2 2 2 2 2 2 2
left_child=1 5 3 8 -4 7 -3 14 9 -2 28 22 20 -14 -1 -7 18 -15 -17 -12 21 -9 -10 24 25 26 -13 -26 -5 -23
right_child=2 6 4 10 -6 15 -8 12 11 -11 19 23 13 17 -16 16 -18 -19 -20 -21 -22 29 -24 -25 27 -27 -28 -29 -30 -31
leaf_value=-0.027553928794637986 0.14407927852644847 0.14595463593958585 0.14362095062940713 0.047234255803028882 0.014128510853419422 -0.057252217908990689 -0.066672694579328048 -0.077170762240025809 0.10464307133908109 0.048519637640303773 -0.057723760648726689 0.025965380223340502 0.17405100083995628 -0.042015720101177108 0.11239423636115334 0.091141883641132709 -0.036543991586220397 -0.087180818853431055 -0.10446587170872682 -0.01038316247908597 -0.093115304895952364 0.16827889249360276 -0.036541401000755501 -0.049464975686382855 0.16080084625962443 -0.004901958250673048 0.13857304539042756 0.038699011930413196 -0.074112922291738936 0.0084571009098043156
leaf_weight=280.66975160688162 257.38048188388348 121.10781291127205 484.7120154350996 131.89363794773817 117.41870836913586 43.314037919044495 27.655716583132744 479.71949619054794 16.071790404617786 70.189530208706856 212.38632640987635 50.060597509145737 7.3375630006194106 433.56964237987995 19.630070462822914 99.04861818253994 44.197824724018574 222.90144621580839 7.3290318623185149 244.65195959806442 913.55274273455143 17.315554648637772 57.582368522882462 14.988808386027811 73.660304382443428 79.654458321630955 94.966571792960167 31.333161473274231 19.371457129716873 21.072030439972878
leaf_count=2858 1090 526 2065 885 849 451 334 6233 76 383 2686 300 85 5568 153 739 414 2947 66 2328 13354 176 389 110 308 539 384 198 150 272
internal_value=0 -0.051451 0.0652854 0.0416822 0.118369 -0.0605203 0.106426 -0.0671574 0.0890903 0.123603 -0.0164487 0.0620643 -0.074144 -0.0547934 -0.0184058 0.0214909 0.0441418 -0.0573513 0.0776652 -0.0323824 -0.0831161 -0.0654851 -0.00573408 0.0765527 0.0822822 0.0626183 0.099703 0.124362 0.0316942 0.0805482
internal_weight=0 2738.42 1956.32 1354.19 602.131 2589.66 148.764 2395.77 745.888 327.57 608.303 418.318 2095.47 663.809 300.3 193.89 150.575 656.471 106.378 457.038 1431.66 518.107 73.6542 344.664 329.675 224.682 145.027 104.993 151.265 38.3876
internal_count=46916 34176 12740 9826 2914 33316 860 31646 3777 1473 6049 2304 28635 8600 3011 1670 1219 8515 805 5014 20035 6681 465 1839 1729 1223 684 506 1035 448
is_linear=0
shrinkage=0.1


Tree=9
num_leaves=31
num_cat=0
split_feature=20 10 1 36 46 33 34 34 14 38 38 35 12 35 14 38 31 14 46 34 8 32 6 32 38 6 1 38 9 35
split_gain=1311.81 335.331 210.111 299.06 125.953 125.472 85.9371 77.2199 68.0002 63.6169 45.011 50.9673 43.383 43.5149 42.8077 38.3535 42.2379 35.6286 35.1473 33.658 28.9605 26.5 24.674 23.5055 22.8036 22.2406 45.9621 21.7941 21.7455 21.0671
threshold=0.12152110051028357 1.5567621339366637 1.5862336113674254 3.5000000000000004 10.500000000000002 -0.085426064950867422 0.99143253016069355 0.014570040978461653 0.085064421622438102 66.500000000000014 32.500000000000007 4.9900385387871369 -0.21661004517060475 4.9815225985080049 0.078441340761672543 33.500000000000007 -0.68785098261724575 -0.23324638491166502 17.000000000000004 0.99922117639238162 -0.65580943308990325 -0.81032458384029893 -1.1443219107003644 1.814973616266071 76.500000000000014 -1.1443219107003644 -1.0000000180025095e-35 52.500000000000007 1.20733357875903 4.0047911576184445
decision_type=2 2 2 2 2 2 2 2 2 2 2 2 2 2 2 2 2 2 2 2 2 2 2 2 2 2 2 2 2 2
left_child=1 5 3 8 -4 7 -3 10 18 -10 -1 15 13 22 29 -12 25 -13 20 -15 -2 -19 -5 -16 -18 26 -17 -23 -6 -7
right_child=2 6 4 12 28 14 -8 -9 9 -11 11 17 -14 19 23 16 24 21 -20 -21 -22 27 -24 -25 -26 -27 -28 -29 -30 -31
leaf_value=-0.074324063909205915 0.13804717624201976 0.13694135819733391 0.13485084381146484 0.1115488630380489 -0.015539030829769566 0.027723764724736567 -0.06357774945223986 -0.083801562915221672 -0.029585600390749346 0.073500950142893248 0.11424526675922118 0.19224062540908118 -0.045929268929325896 0.17337078701255448 -0.050712207472570971 -0.088784158020492401 -0.088711106131192929 -0.090503323119445062 -0.044256734518501546 -0.019765169929262385 0.085743829066760216 0.30453310829324309 -0.0098422904161573621 0.076316452459832915 -0.041813551486967582 -0.0090846341631117197 0.35753346641139017 0.03797178508209919 0.074786721106191403 0.13676781659621798
leaf_weight=367.70936132967472 212.15135546773672 116.41306732594967 452.53582070022821 17.685494713485241 72.719250045716763 123.76938384026289 26.179719269275665 1131.8970339596272 83.108035765588284 214.04614064842463 15.829563967883585 14.721424415707586 241.65878159552813 26.260991841554642 118.05848155543208 4.3066420704126358 166.65570240467787 15.966142512857912 14.911973878741263 13.74648807197809 211.30485218018293 3.4800439402461079 314.60837183892727 16.617235653102398 274.38557370007038 154.36803758889437 4.9701831266283971 25.85602194070816 42.073936447501183 20.677343964576721
leaf_count=5032 935 526 2012 91 597 1094 334 16710 552 1115 160 76 2712 183 1391 46 2474 221 119 120 1067 27 3024 112 3714 1740 32 355 213 132
internal_value=0 -0.0489636 0.0600573 0.0385904 0.11112 -0.0576081 0.100126 -0.0656902 0.0816003 0.0446697 -0.0461336 -0.0309018 -0.0129352 0.00848108 0.00551912 -0.0394132 -0.0434357 0.0570884 0.106634 0.10701 0.111948 0.0131693 -0.00338156 -0.0350385 -0.0595347 -4.72483e-05 0.150336 0.0695931 0.0175671 0.0433333
internal_weight=0 2601.86 1916.81 1349.48 567.329 2459.27 142.593 2180.15 735.522 297.154 1048.25 680.539 613.96 372.301 279.122 620.516 604.686 60.0236 438.368 40.0075 423.456 45.3022 332.294 134.676 441.041 163.645 9.27683 29.3361 114.793 144.447
internal_count=46916 34176 12740 9918 2822 33316 860 30587 3788 1667 13877 8845 6130 3418 2729 8166 8006 679 2121 303 2002 603 3115 1503 6188 1818 78 382 810 1226
is_linear=0
shrinkage=0.1


Tree=10
num_leaves=31
num_cat=0
split_feature=20 10 1 36 46 46 46 8 34 9 14 46 38 38 38 35 40 35 35 6 9 6 38 9 35 25 14 23 35 27
split_gain=1108.81 298.603 221.144 292.346 114.34 77.5348 74.0552 66.5011 52.9721 52.6786 51.5492 50.4474 50.8497 48.0415 47.3256 40.614 50.0864 60.9884 46.0711 35.6309 28.2171 28.3449 25.8781 26.2691 31.3565 25.3423 24.4393 31.9294 23.6212 22.4833
threshold=1.0000000180025095e-35 1.5567621339366637 1.5373033721667195 3.5000000000000004 10.500000000000002 10.500000000000002 12.500000000000002 -0.65580943308990325 0.9901273583958824 1.3688461677819277 -1.0959449678051614 13.500000000000002 28.500000000000004 34.500000000000007 76.500000000000014 3.9838366311905671 0.20500000000000004 0.022569304056737946 4.9872545186960853 -1.1443219107003644 -0.72433280891960394 0.6551983324215761 55.500000000000007 1.4973996768058531 2.0194887587307746 0.89357327352352578 -0.13387022158790915 0.13919736768407021 4.9911352451072073 0.088383337937368925
decision_type=2 2 2 2 2 2 2 2 2 2 2 2 2 2 2 2 2 2 2 2 2 2 2 2 2 2 2 2 2 2
left_child=1 5 3 7 -4 9 -3 8 -2 10 25 12 -5 26 -12 16 17 -9 -17 -15 -16 28 29 -24 -25 -1 27 -14 -22 -21
right_child=2 6 4 11 -6 -7 -8 15 -10 -11 14 -13 13 19 20 18 -18 -19 -20 22 21 -23 23 24 -26 -27 -28 -29 -30 -31
leaf_value=-0.01613974448223927 0.13024990817905366 0.12959249544943041 0.12597501470485778 -0.046562574763402989 0.017039011593621509 -0.085513696299628017 -0.061720418239157082 -0.0077115458925321873 0.033684986888219803 0.061805313496102326 -0.077955610909640025 -0.067821981576624488 0.095766278575968825 0.15320818044045059 -0.069370441512360687 0.13748692627878764 -0.022676109041955203 0.11136669428567979 0.015582673484355894 0.017047308604913377 -0.014416048839519705 -0.075586365271924721 0.011435338852529347 0.039453867074088093 0.38751198670306852 0.11018477856295146 -0.0758600581048543 0.40180463963838409 0.083261518031035153 -0.090501353213815333
leaf_weight=217.82079781591892 249.96574155986309 108.73001980781555 452.02862664312124 178.65273075550795 122.45111502707005 769.24857829138637 24.859335526823997 74.203535616397858 73.515174113214016 44.014596499502659 583.7315458394587 140.89395262300968 7.2457695528864878 16.720917887985706 169.10390445962548 86.454294189810753 118.78863178938627 102.31989148259163 48.334691368043423 32.867908399552107 235.46843526139855 70.395387060940266 317.07623799517751 7.0186802595853788 4.1005625128746033 17.1296401694417 2.9893822595477095 6.4382766075432301 27.666789539158344 47.571343425661325
leaf_count=2304 1139 524 2108 2086 868 12304 323 451 394 251 9061 1680 60 79 2568 379 805 429 299 413 3047 1034 3080 60 34 156 41 64 280 595
internal_value=0 -0.0510459 0.0499236 0.0298923 0.102755 -0.0601228 0.0939915 0.0740504 0.108304 -0.0458172 -0.0494022 -0.0138024 -0.00154 0.0166566 -0.0585878 0.0482879 0.0275273 0.0613109 0.0937726 0.0101295 -0.0360952 -0.0192243 0.00427483 0.0167333 0.167811 -0.00692974 0.183169 0.239756 -0.00414595 -0.0465564
internal_weight=0 2268.17 2089.64 1515.16 574.48 2134.58 133.589 753.582 323.481 1365.33 1321.32 761.576 620.682 442.029 1086.37 430.101 295.312 176.523 134.789 425.356 502.635 333.531 408.635 328.195 11.1192 234.95 16.6734 13.684 263.135 80.4393
internal_count=46916 31852 15064 12088 2976 31005 847 3896 1533 18701 18450 8192 6512 4426 15990 2363 1685 880 678 4261 6929 4361 4182 3174 94 2460 165 124 3327 1008
is_linear=0
shrinkage=0.1


Tree=11
num_leaves=31
num_cat=0
split_feature=20 10 10 36 34 46 34 8 34 33 31 35 38 35 14 38 49 38 14 14 38 38 6 6 1 38 34 27 38 34
split_gain=938.238 256.234 191.788 253.671 118.688 74.5124 63.6616 57.7781 48.5318 48.2879 40.132 41.4486 34.8777 31.142 30.4689 28.3089 27.3603 28.8154 28.3989 50.3372 26.8365 34.2594 26.5452 25.5756 23.0906 22.7573 21.6776 20.8264 19.3986 18.9527
threshold=1.0000000180025095e-35 1.5567621339366637 1.5567621339366637 3.5000000000000004 0.99472259501583882 10.500000000000002 0.97876046947238315 -0.65580943308990325 0.98315077617897428 -0.098092849660665185 -0.2966508931047705 4.0091915125619701 156.50000000000003 3.9896329398474806 -1.0959449678051614 156.50000000000003 12.500000000000002 28.500000000000004 -0.58509715551281261 -0.54232792872379976 76.500000000000014 78.500000000000014 -0.12546839527887141 -1.1443219107003644 1.1478581980228966 53.500000000000007 1.0049328374949404 2.0440763251927252 157.50000000000003 1.0258478284502994
decision_type=2 2 2 2 2 2 2 2 2 2 2 2 2 2 2 2 2 2 2 2 2 2 2 2 2 2 2 2 2 2
left_child=1 5 3 7 -4 9 -3 8 -2 14 11 16 22 -11 -1 -16 17 -5 23 -20 -12 -22 -9 -19 -23 -21 -13 -27 -17 -14
right_child=2 6 4 10 -6 -7 -8 12 -10 13 20 26 29 -15 15 28 -18 18 19 25 21 24 -24 -25 -26 27 -28 -29 -30 -31
leaf_value=-0.017580820105825481 0.12373477035092928 0.12532285548233926 0.12085235420633858 -0.041402305861047456 0.006488887898092573 -0.083217444206143798 -0.049271245665452011 0.046183293082240763 0.031920819276223006 -0.030202643545160519 -0.069700138503991524 0.11915032243598972 0.081568298532115238 0.03637633577650258 -0.075403437368624981 0.14822124917142818 -0.078346393423289779 0.12915694796423066 0.31853806214391556 0.26000792348076573 0.37510202562513739 -0.031923981816258072 -0.024885195731905965 -0.0049780953109884174 0.077782142793075867 0.002491714333490192 -0.099876147862446224 0.2890930861315244 -0.038795091996965549 -0.04178070015066896
leaf_weight=183.19814794510603 238.13144126534462 100.76648104190826 430.82044564187527 94.013275168836117 114.96188672631979 714.28073767572641 26.344162866473198 127.5117602199316 75.928511932492256 236.03373074531555 156.29264307394624 41.836088411509991 199.55783101916313 100.0263861939311 549.49650026112795 5.6789790019392958 43.948755383491516 15.477134078741072 8.0980516672134382 4.4987943843007079 2.2522852122783652 146.06014996394515 89.409540884196758 174.28401946648955 22.086641058325768 36.328201554715633 5.065916344523429 2.7256974056363097 237.58624546974897 13.28594499081373
leaf_count=2007 1138 498 2104 1012 823 12304 349 664 402 2834 2313 290 1020 1058 9260 62 472 71 79 40 22 1575 607 1662 241 364 44 25 3480 96
internal_value=0 -0.0485883 0.0460182 0.0275148 0.0967632 -0.0572279 0.0891376 0.0689346 0.101537 -0.0430789 -0.013402 0.00680865 0.0451094 -0.0103858 -0.0543364 -0.0628302 -0.00415542 0.00556538 0.0238561 0.0895972 -0.0397735 -0.0123242 0.0168906 0.00596211 -0.0175137 0.0470286 0.0954931 0.0224945 -0.0344292 0.0738687
internal_weight=0 2153.41 2042.58 1496.79 545.782 2026.3 127.111 743.825 314.06 1312.02 752.968 426.276 429.765 336.06 975.96 792.762 379.374 335.425 241.412 51.6507 326.692 170.399 216.921 189.761 168.147 43.5527 46.902 39.0539 243.265 212.844
internal_count=46916 31852 15064 12137 2927 31005 847 3927 1540 18701 8210 4059 2387 3892 14809 12802 3725 3253 2241 508 4151 1838 1271 1733 1816 429 334 389 3542 1116
is_linear=0
shrinkage=0.1


Tree=12
num_leaves=31
num_cat=0
split_feature=20 1 10 36 46 13 49 8 34 20 14 35 35 40 35 35 34 2 34 40 0 6 49 38 38 32 6 0 5 38
split_gain=791.845 220.01 167.747 209.705 108.714 74.0074 72.5141 53.0769 45.487 38.9827 34.0862 36.3329 33.0427 46.5137 52.2463 40.5212 31.2095 24.9258 24.7257 26.0201 31.1538 26.0045 19.5101 27.8039 24.6001 26.0589 28.4984 18.9255 18.6587 17.5264
threshold=1.0000000180025095e-35 1.1104001270739934 1.5567621339366637 3.5000000000000004 12.500000000000002 0.22694982576689407 11.500000000000002 -0.65580943308990325 0.98315077617897428 -0.21962539826531144 -0.31088105238690883 4.9815225985080049 3.9838366311905671 0.21500000000000002 0.022569304056737946 4.9872545186960853 0.98448657836710451 1.9180410830363546 0.014570040978461653 0.52500000000000013 -0.59510479209158318 -0.38208546983008906 12.500000000000002 60.500000000000007 312.50000000000006 1.9447213668505556 -0.39239838326859328 -0.60431314043427709 -0.17565133927985535 76.500000000000014
decision_type=2 2 2 2 2 2 2 2 2 2 2 2 2 2 2 2 2 2 2 2 2 2 2 2 2 2 2 2 2 2
left_child=1 5 3 7 -4 18 -3 8 -2 -7 11 22 13 14 -9 -14 -13 -11 19 -1 -21 -22 23 -5 25 26 -25 -17 -29 -12
right_child=2 6 4 10 -6 9 -8 12 -10 17 29 16 15 -15 -16 27 -18 -19 -20 20 21 -23 -24 24 -26 -27 -28 28 -30 -31
leaf_value=-0.061341535006532881 0.11762795063481318 0.095054889007130355 0.11507044196261614 -0.02700094892345415 0.0050574790897791834 -0.041386637724914577 -0.07143907558986605 -0.0093880076942232781 0.028463126674803191 0.011949894166002136 -0.05790704428859076 0.18184071295101478 0.12500450115600803 -0.026431450395570412 0.099840950769542344 0.18136024502788073 -0.0076371354629619515 0.29890165822049392 -0.082218358370069966 0.35481203152896634 0.1708962410762771 -0.032870071413042781 -0.070564015626434051 0.048541242240857131 -0.0099968065020989011 0.35237874324265189 0.40347742322663555 -0.062326275157530892 0.072316973260399708 -0.013851704530137485
leaf_weight=502.3000500947237 226.07210250198841 136.61649209260941 409.1400902941823 135.77454005554318 115.09366825222969 470.96953150257468 32.354456007480621 75.313233375549316 76.599275685846806 140.49934016913176 168.73959717527032 21.215876720845699 82.541411355137825 119.14533098787069 104.62297364324331 5.7423927187919608 14.727401189506052 3.0937845781445494 706.10078185424209 2.5041099898517123 7.2179886847734442 47.338500425219536 36.520149607211351 91.598142482340336 73.474391542375088 3.091470554471015 2.3194277659058562 27.372190080583096 16.494375042617321 194.26171215996146
leaf_count=8130 1138 1056 2113 1512 814 6754 487 451 402 1381 2558 103 380 799 457 24 114 29 13224 17 37 737 416 761 610 21 22 183 93 2093
internal_value=0 -0.0461269 0.0423268 0.0250644 0.0909175 -0.0559506 0.0631747 0.0629625 0.0950624 -0.02748 -0.0124342 0.00855343 0.0404324 0.0220322 0.0541226 0.0820755 0.104204 0.0181324 -0.0697772 -0.0540722 0.0099192 -0.00591117 -0.00147637 0.00676208 0.0336513 0.0667102 0.0573069 0.0106484 -0.0116987 -0.0343306
internal_weight=0 2049 1999.86 1475.63 524.234 1880.02 168.971 733.903 302.671 614.563 741.723 378.721 431.232 299.082 179.936 132.15 35.9433 143.593 1265.46 559.361 57.0606 54.5565 342.778 306.258 170.483 97.009 93.9176 49.609 43.8666 363.001
internal_count=46916 31852 15064 12137 2927 30309 1543 3927 1540 8164 8210 3559 2387 1707 908 680 217 1410 22145 8921 791 774 3342 2926 1414 804 783 300 276 4651
is_linear=0
shrinkage=0.1


Tree=13
num_leaves=31
num_cat=0
split_feature=20 10 10 36 46 34 34 14 38 35 38 9 9 46 38 38 31 0 14 8 31 6 9 4 31 14 35 49 49 14
split_gain=670.052 193.019 145.708 176.022 99.2093 68.8327 50.2599 48.8428 44.2521 45.4031 43.4586 35.9623 32.9578 31.1265 31.8801 33.2167 29.8502 31.3361 27.7546 27.6491 25.2663 22.7687 21.4547 24.245 20.4671 20.2004 20.1381 24.4144 21.3373 19.0918
threshold=1.0000000180025095e-35 1.5567621339366637 1.5567621339366637 3.5000000000000004 10.500000000000002 0.014570040978461653 0.99143253016069355 0.085064421622438102 26.500000000000004 4.0192542007366283 73.500000000000014 0.14410075192778152 1.20733357875903 13.500000000000002 28.500000000000004 34.500000000000007 -0.3193253212348231 -0.73627023843128392 -1.0204062563718568 -0.65580943308990325 -0.79684282358475655 1.4486670353288802 1.0002313641118341 0.51562021838130367 -0.82123040673936165 -0.62177546783308235 3.9838366311905671 11.500000000000002 10.500000000000002 0.72298132108012236
decision_type=2 2 2 2 2 2 2 2 2 2 2 2 2 2 2 2 2 2 2 2 2 2 2 2 2 2 2 2 2 2
left_child=1 5 3 7 -4 8 -3 19 20 12 -9 -7 18 14 24 -16 -11 -18 -10 -2 -1 26 -17 -24 -5 -25 27 28 -12 -13
right_child=2 6 4 13 -6 11 -8 10 9 16 21 29 -14 -15 15 22 17 -19 -20 -21 -22 -23 23 25 -26 -27 -28 -29 -30 -31
leaf_value=-0.019457969521886567 0.10832275824458425 0.11403568796089994 0.11063445374558732 0.012121866749864998 0.0068634631515339124 -0.082836544345044796 -0.053659670467261202 -0.029204771380385221 0.007561505171835653 0.14571209608493976 0.036178846751292508 -0.014760971785857547 0.083196293551578968 -0.056686843496905982 0.1425189221811434 -0.0078383395036511622 0.34844485279671389 -0.012080285557782483 -0.044781009920961082 0.056576252654017417 -0.08534660903848551 -0.036836485451021937 0.013977837045866645 0.084377248455918263 -0.064449403672504707 0.3146687206642424 0.10920884802867326 -0.04735614630944078 0.14870136046263446 -0.074426844627062227
leaf_weight=82.644794434309006 192.36958187818527 93.15169495344162 381.31519983708858 51.148736521601677 121.48102005571127 674.88534272834659 22.115339331328869 92.991143979132175 132.59566332399845 24.97536551579833 67.167535692453384 143.86571566015482 25.7835085503757 125.92847570776939 18.624676037579775 307.05841106921434 2.5595723614096633 41.497768506407738 429.26329689472914 222.90325865894556 196.76394614949822 24.735428705811501 84.56780131906271 28.720484420657158 109.9384681135416 4.39133047312498 66.5346894338727 24.991726867854595 22.496866419911385 85.499753385782242
leaf_count=950 1033 515 2076 414 851 13426 332 624 1525 141 361 2030 158 1685 164 3167 16 607 7073 1158 3584 148 856 208 1678 38 345 159 99 1495
internal_value=0 -0.0436709 0.0391972 0.0230594 0.0855623 -0.0515335 0.0818614 0.05836 -0.0325255 -0.0183429 0.0275363 -0.0712106 -0.0273553 -0.0114587 -0.00203601 0.011807 0.0583749 0.00886492 -0.0324285 0.0805471 -0.0658578 0.0531591 0.00607531 0.0423799 -0.0401363 0.114919 0.0654449 0.0400489 0.0644108 -0.0370024
internal_weight=0 1955.6 1947.36 1444.57 502.796 1840.33 115.267 714.19 936.084 656.675 298.917 904.251 587.642 730.378 604.45 443.363 69.0327 44.0573 561.859 415.273 279.409 205.926 424.738 117.68 161.087 33.1118 181.191 114.656 89.6644 229.365
internal_count=46916 31852 15064 12137 2927 31005 847 3927 14054 9520 1736 16951 8756 8210 6525 4433 764 623 8598 2191 4534 1112 4269 1102 2092 246 964 619 460 3525
is_linear=0
shrinkage=0.1


Tree=14
num_leaves=31
num_cat=0
split_feature=20 1 1 36 46 3 46 49 35 49 8 49 46 20 38 6 35 38 38 38 38 6 6 49 19 38 21 38 34 29
split_gain=565.617 167.626 128.435 139.704 79.3297 68.8546 51.7859 47.1999 55.2224 41.0026 47.6285 36.4407 33.1796 30.4634 28.1025 27.3853 27.5771 27.1629 26.1609 37.5364 26.1237 24.7301 32.1828 22.7547 22.0557 21.5049 20.8557 20.5852 24.6938 19.2958
threshold=1.0000000180025095e-35 0.99280433602610418 1.5373033721667195 3.5000000000000004 10.500000000000002 0.21174687707885256 12.500000000000002 14.500000000000002 3.0237255918335433 11.500000000000002 -0.65580943308990325 10.500000000000002 13.500000000000002 -0.21962539826531144 156.50000000000003 -0.1086399883730811 4.9900385387871369 312.50000000000006 256.50000000000006 265.50000000000006 256.50000000000006 -0.24099726132155128 -0.2775291036325474 1.5000000000000002 -0.16184810171115246 157.50000000000003 1.9213068336690886 263.50000000000006 0.0042288973478591422 -0.83588201175618415
decision_type=2 2 2 2 2 2 2 2 2 2 2 2 2 2 2 2 2 2 2 2 2 2 2 2 2 2 2 2 2 2
left_child=1 5 3 7 -4 18 -3 8 9 10 -2 23 14 -7 15 16 -5 20 21 24 25 22 -1 -12 -20 -16 -9 -22 -29 -21
right_child=2 6 4 12 -6 13 -8 26 -10 -11 11 -13 -14 -15 17 -17 -18 -19 19 29 27 -23 -24 -25 -26 -27 -28 28 -30 -31
leaf_value=-0.060875420697090593 0.096681000690776286 0.083302583718937659 0.10387698130960975 -0.011372921554784069 0.01163255486382896 -0.036074869747462601 -0.052045523731791603 -0.049735392712494983 0.1068320960986896 -0.032137492188709336 0.041915169940330919 0.11630910976608136 -0.058171155730445102 0.016868655886249046 0.20763550464167269 -0.06174960494879933 0.095154019541289839 -0.0015079496284553743 0.082633175218689792 0.39474322364071179 0.34581628078192245 -0.087384745647890921 0.062489179851554721 -0.026010520260508048 0.50376491641267229 0.018420870696053644 0.19354996095200599 0.039847378510745581 0.28133723718119769 -0.045690714268095886
leaf_weight=288.64124740660191 156.98023608326912 131.19834350422025 363.90387681126595 246.06103826314211 125.3418614603579 440.78765031695366 36.03254834190011 53.967139147222042 183.78252940624952 64.258389547467232 99.941926836967468 37.190961465239525 119.48118963092566 144.24590108916163 6.6557333320379248 101.22205587103963 26.964379820972681 134.32733257114887 4.0389904528856277 0.99843069165944953 4.6736677959561375 526.61126874387264 22.818471509963274 97.363012798130512 1.7968749441206444 61.586818225681782 3.7697963044047347 14.01606807112694 6.0674060583114615 267.64263256639242
leaf_count=5114 843 1100 2108 2749 868 6789 618 387 949 422 500 168 1680 1426 46 1579 209 1220 65 19 31 11595 343 601 27 513 26 116 49 4756
internal_value=0 -0.0413838 0.0360645 0.0208246 0.0802445 -0.0507939 0.0541397 0.0527406 0.0605583 0.0418976 0.05405 0.0255112 -0.0100378 -0.0230211 -0.000477869 -0.017323 -0.000852169 0.0272542 -0.0653983 -0.0386033 0.0687978 -0.074174 -0.0518374 0.00839624 0.212301 0.0368751 -0.0338507 0.156792 0.112804 -0.0440538
internal_weight=0 1864.81 1907.56 1418.31 489.246 1697.58 167.231 697.254 639.517 455.735 391.476 234.496 721.056 585.034 601.575 374.247 273.025 227.327 1112.55 274.477 92.9997 838.071 311.46 197.305 5.83587 68.2426 57.7369 24.7571 20.0835 268.641
internal_count=46916 31852 15064 12088 2976 30134 1718 3896 3483 2534 2112 1269 8192 8215 6512 4537 2958 1975 21919 4867 755 17052 5457 1101 92 559 413 196 165 4775
is_linear=0
shrinkage=0.1


Tree=15
num_leaves=31
num_cat=0
split_feature=20 10 1 36 46 46 14 49 38 14 6 38 38 38 20 5 8 35 9 14 34 14 14 38 38 6 6 34 38 38
split_gain=477.019 146.27 112.312 112.668 81.4288 64.8074 43.0204 39.8733 39.7926 52.6577 50.0061 41.4104 38.3989 34.6636 33.605 28.755 26.7262 25.1264 24.6216 19.575 19.4723 18.9907 18.9156 23.8447 18.8865 17.2125 16.4771 16.2275 15.9207 22.2442
threshold=1.0000000180025095e-35 1.5567621339366637 1.3916332720262619 3.5000000000000004 12.500000000000002 10.500000000000002 0.085064421622438102 11.500000000000002 76.500000000000014 -0.12367882357049467 -0.2775291036325474 61.500000000000007 80.500000000000014 73.500000000000014 -0.58648794398201642 -0.17073783038799958 -0.65580943308990325 4.9944146722638818 1.4906560138589964 -0.30305610078500778 1.004754812102717 0.96483485130546598 0.90912708445312618 823.50000000000011 28.500000000000004 -0.79486377540171638 1.4486670353288802 2.0111614633890973 76.500000000000014 78.500000000000014
decision_type=2 2 2 2 2 2 2 2 2 2 2 2 2 2 2 2 2 2 2 2 2 2 2 2 2 2 2 2 2 2
left_child=1 5 3 6 -4 8 16 -3 9 10 11 17 -10 -8 -14 28 -2 25 -6 -19 24 22 -16 -24 -17 -1 -15 -22 -5 -30
right_child=2 7 4 15 18 -7 13 -9 12 -11 -12 -13 14 26 21 20 -18 19 -20 -21 27 -23 23 -25 -26 -27 -28 -29 29 -31
leaf_value=-0.018872771782151215 0.0991627826888416 0.10354592297531878 0.094180533927995802 -0.067524888600799707 -0.021213264411125473 -0.074380991392227452 -0.034571727309159028 -0.062384526780979582 0.13542009325679738 -0.085627000756309246 0.12536492261538995 0.13915435944082474 -0.049707241041022504 0.052397865323384654 0.010109641629438353 -0.02793102050802497 0.045327554121653124 0.12837979360809881 0.070514737306876726 -0.091786537196471341 -0.098734866440348026 -0.05132067902551754 0.49421566363231872 -0.019867790403520959 0.02300234384451591 -0.068746723404145935 -0.035711376276336665 0.20243918718408566 0.25629257289652546 -0.02217169134513609
leaf_weight=112.52623856067657 165.32310412079096 86.933829568326473 405.39606923982501 107.4336347989738 99.110241062939167 547.71382072940469 88.253905333578587 17.376802336424589 16.902516525238752 247.45227128639817 20.732761010527611 13.130800940096377 202.08247941732407 166.91004279255867 265.33599992841482 97.145638313144445 208.53293929249048 14.346193451434376 41.521987222135067 5.6203821972012511 25.220215912908319 54.931463796645403 1.8287203907966607 1.7808993272483347 290.52990093827248 179.71600208058953 24.316577531397343 1.9256172850728024 2.9300232380628577 136.96601492539048
leaf_count=1375 973 570 2612 1924 833 12304 609 277 214 5388 190 112 3546 923 3343 1158 1094 91 202 87 321 914 30 19 2651 3392 149 26 22 1567
internal_value=0 -0.0390073 0.0333101 0.0174851 0.0714356 -0.0461247 0.0469474 0.0759041 -0.0325058 -0.0504021 -0.0252153 -0.0348112 -0.0129394 0.0172687 -0.0177071 -0.0115851 0.0691341 -0.0421278 0.00586964 0.0664053 0.00450603 0.00225929 0.0132029 0.240579 0.0102392 -0.049543 0.0411938 -0.0773708 -0.0385731 -0.0163395
internal_weight=0 1788.41 1861.52 1315.49 546.028 1684.1 653.337 104.311 1136.39 593.525 346.072 325.34 542.862 279.481 525.96 662.151 373.856 312.209 140.632 19.9666 414.821 323.877 268.946 3.60962 387.676 292.242 191.227 27.1458 247.33 139.896
internal_count=46916 31852 15064 11417 3647 31005 3748 847 18701 10635 5247 5057 8066 1681 7852 7669 2067 4945 1035 178 4156 4306 3392 49 3809 4767 1072 347 3513 1589
is_linear=0
shrinkage=0.1


Tree=16
num_leaves=31
num_cat=0
split_feature=20 1 10 9 46 9 34 40 34 49 49 8 46 40 6 14 6 34 27 38 38 38 29 4 38 49 27 38 14 36
split_gain=401.387 126.456 100.565 105.266 78.4655 60.6228 46.7575 45.9185 43.2801 41.6167 43.3167 46.0976 38.1062 35.7235 33.7571 30.714 35.6386 26.6925 25.4996 25.0786 23.2396 32.847 27.1688 22.749 22.3945 22.7487 19.8212 19.5126 18.9446 18.0254
threshold=1.0000000180025095e-35 0.99280433602610418 1.5567621339366637 1.0856242460117911 10.500000000000002 0.12707741935642466 1.0258478284502994 0.38000000000000006 0.014570040978461653 11.500000000000002 10.500000000000002 -0.65580943308990325 12.500000000000002 0.48000000000000004 0.66965681419592571 0.72298132108012236 0.30776492341708156 0.98631153803449922 0.79429935597554913 26.500000000000004 32.500000000000007 40.500000000000007 0.47402924976699123 1.7931554700223586 27.500000000000004 1.5000000000000002 -1.4807476142922045 1108.5000000000002 -1.0959449678051614 3.5000000000000004
decision_type=2 2 2 2 2 2 2 2 2 2 2 2 2 2 2 2 2 2 2 2 2 2 2 2 2 2 2 2 2 2
left_child=1 5 3 28 -4 8 7 9 19 10 11 17 -3 -9 -15 16 20 29 -18 26 -7 22 -22 -23 -13 -26 -1 -8 -2 -5
right_child=2 12 4 6 -6 15 27 13 -10 -11 -12 24 -14 14 -16 -17 18 -19 -20 -21 21 23 -24 -25 25 -27 -28 -29 -30 -31
leaf_value=0.45246994241952737 0.015977370217811045 0.074234591920129669 0.09805642630272976 0.10240574126462083 0.003995228008563648 -0.048182363509986753 -0.10910366459022494 0.12039562038440542 -0.079406644527053497 -0.040318884070383303 0.12511198442853536 -0.061193629526232585 -0.046577245901415348 0.071500501142115633 -0.065994226761637839 -0.060600400081431742 0.28866053272733239 -0.056833236353868923 -0.059760777444223583 -0.024328754485200315 0.081626551738069 -0.007194492701416583 0.40908635725434472 0.19630570912094492 0.050614320121572048 -0.018485290133007537 -0.075697224469759725 0.057543999980100694 -0.024770149227332401 0.016183252267685518
leaf_weight=0.71396951004862685 153.4080987200141 123.79241410642862 320.29920806735754 115.73778848350048 122.6454701051116 106.99392999708652 28.202528361231089 124.22022009268403 529.30403941869736 71.693496905267239 54.710100922733545 45.257308956235647 33.086142737418413 79.64356267079711 23.016855023801327 125.42366556078196 6.9336415529251081 14.741105314344166 3.0133900418877602 360.66886122524738 16.312836743891243 251.16448382288218 2.9995868727564803 5.6161111891269675 98.091554712504148 92.638854682445526 147.77451065182686 9.3573560416698438 445.28603556379676 30.671743653714657
leaf_count=13 1140 1100 2076 711 851 1807 247 760 12812 533 284 357 618 508 171 2431 97 79 35 6382 147 3286 30 34 550 608 3060 70 5829 290
internal_value=0 -0.0368187 0.0305305 0.0172801 0.0720121 -0.0454413 0.0412961 0.0467459 -0.059384 0.0304618 0.0416923 0.0302004 0.048755 0.0843225 0.0406737 -0.0175143 -0.00376484 0.0714288 0.183109 -0.038569 -0.00861709 0.00671558 0.132487 -0.00274369 0.00204639 0.0170522 -0.0731577 -0.0675865 -0.0143291 0.0843428
internal_weight=0 1713.8 1829.62 1386.68 442.945 1556.92 787.982 750.423 1038.46 523.542 451.848 397.138 156.879 226.881 102.66 518.458 393.034 161.151 9.94703 509.157 383.087 276.093 19.3124 256.781 235.988 190.73 148.488 37.5599 598.694 146.41
internal_count=46916 31852 15064 12137 2927 30134 5168 4851 22267 3412 2879 2595 1718 1439 679 7867 5436 1080 132 9455 5304 3497 177 3320 1515 1158 3073 317 6969 1001
is_linear=0
shrinkage=0.1


Tree=17
num_leaves=31
num_cat=0
split_feature=20 10 10 36 34 46 34 8 38 14 6 34 9 38 35 49 14 46 38 38 3 29 38 9 14 3 32 6 4 9
split_gain=338.377 110.667 87.6199 88.2531 71.8974 57.0082 34.8483 36.6527 34.6319 49.1638 34.7567 32.8659 32.4672 31.8971 25.351 28.1402 23.5791 23.0584 22.5853 22.4952 22.0037 28.6934 21.7875 20.6648 19.2253 20.8705 18.875 18.7529 17.7725 25.0545
threshold=1.0000000180025095e-35 1.5567621339366637 1.5567621339366637 3.5000000000000004 0.99472259501583882 10.500000000000002 1.0108520069250346 -0.66568726596814198 76.500000000000014 -0.12367882357049467 -0.2775291036325474 0.99143253016069355 -0.72433280891960394 61.500000000000007 3.0237255918335433 12.500000000000002 1.602766957404737 27.000000000000004 80.500000000000014 156.50000000000003 3.7761091826922644 1.6945287493349956 156.50000000000003 0.91763364758471433 0.96483485130546598 -0.69457756028618001 2.5046605083777438 -0.1086399883730811 0.51562021838130367 1.438366478306347
decision_type=2 2 2 2 2 2 2 2 2 2 2 2 2 2 2 2 2 2 2 2 2 2 2 2 2 2 2 2 2 2
left_child=1 5 3 6 -4 8 7 16 9 10 13 -3 -10 20 15 22 -2 -17 -14 26 -1 -22 27 -24 25 -20 -9 -5 29 -16
right_child=2 11 4 14 -6 -7 -8 19 12 -11 -12 -13 18 -15 28 17 -18 -19 24 -21 21 -23 23 -25 -26 -27 -28 -29 -30 -31
leaf_value=-0.043884627810129584 0.085578472984850856 0.10019237592633004 0.093399844306863641 -0.0130739849072605 0.001367644803811066 -0.069553080638698347 -0.055669624010498645 -0.0049497682709447712 -0.048445949146065502 -0.082355855340893319 0.097950276225679117 -0.045586769739258765 0.12871595406501127 0.11660030375569697 -0.010078398345730044 -0.096450331368955977 -0.068806858214411945 0.31117299570990264 0.39964062714316101 0.053728073895511978 0.023499518683217716 0.41342269554528666 -0.013249205733708162 0.055373456715415194 -0.051380533566731036 0.0096534541681505895 0.094924043684718643 -0.070552392041074108 0.063581636126491814 0.21662490686602301
leaf_weight=275.0256421379745 224.70490232855082 75.382463946938515 306.65387193113565 197.91087454557419 117.37694661319256 481.96370189636946 34.471971489489079 180.09081318974495 153.85385427996516 219.70273290574551 22.771904215216637 19.456853833049536 14.456295572221277 14.131471320986746 114.75411501526833 55.812254302203655 10.348276957869528 1.4231327921152104 1.3786004222929467 186.86519610881805 13.868695572018625 2.1844890639185897 106.49657990410924 74.638387676328421 58.171360440552235 297.66218877956271 21.144439458847046 79.589027222245932 67.917123522609472 5.0912409983575335
leaf_count=4772 1376 515 2104 2244 823 12304 257 1100 2930 5388 190 332 148 112 1496 809 59 17 21 1016 151 22 1030 609 1078 3889 119 1422 537 46
internal_value=0 -0.0345874 0.0282308 0.0158663 0.0679242 -0.0409828 0.042204 0.0476182 -0.0281523 -0.0457488 -0.0212271 0.0702849 -0.00981367 -0.030119 -0.00874935 -0.0202007 0.0787816 -0.086315 0.00617834 0.0287441 -0.0372421 0.0765596 -0.01195 0.0150274 0.00121927 0.0114513 0.0055443 -0.0295592 0.0227129 -0.000447644
internal_weight=0 1650.01 1785.29 1361.26 424.031 1555.17 657.626 623.154 1073.21 547.685 327.982 94.8393 525.522 305.21 703.633 515.87 235.053 57.2354 371.668 388.1 291.079 16.0532 458.635 181.135 357.212 299.041 201.235 277.5 187.762 119.845
internal_count=46916 31852 15064 12137 2927 31005 3927 3670 18701 10635 5247 847 8066 5057 8210 6131 1435 826 5136 2235 4945 173 5305 1639 4988 3910 1219 3666 2079 1542
is_linear=0
shrinkage=0.1


Tree=18
num_leaves=31
num_cat=0
split_feature=20 10 1 36 46 34 14 40 6 34 9 38 14 46 38 6 6 14 31 35 38 38 38 8 35 6 0 14 25 2
split_gain=284.933 97.0674 80.1347 78.8051 58.7509 49.1009 34.4916 33.6717 34.1101 29.0804 27.9253 27.6788 24.0808 23.7735 27.573 27.556 27.2058 29.22 23.4573 24.7898 22.8848 24.3777 21.6408 21.109 19.6215 18.6702 18.3878 17.5327 17.406 17.3902
threshold=-0.048219806596542743 1.5567621339366637 1.5862336113674254 3.5000000000000004 10.500000000000002 0.011960726152432974 0.085064421622438102 0.53500000000000014 -0.38208546983008906 0.97876046947238315 0.14410075192778152 66.500000000000014 -1.0959449678051614 17.000000000000004 156.50000000000003 -0.1086399883730811 -0.28858486366511377 -0.11344358914004483 -0.45094016278198196 1.0124708000955527 312.50000000000006 256.50000000000006 76.500000000000014 -0.65580943308990325 2.0028003482347061 -0.14475374200957139 -0.59310624632044118 0.9339492431873897 0.89357327352352578 2.347550888626138
decision_type=2 2 2 2 2 2 2 2 2 2 2 2 2 2 2 2 2 2 2 2 2 2 2 2 2 2 2 2 2 2
left_child=1 5 3 6 -4 7 23 12 -9 -3 -7 -8 28 14 15 16 18 -18 19 -5 21 -16 -14 -2 -24 -25 -10 29 -1 -12
right_child=2 9 4 13 -6 10 11 8 26 -11 27 -13 22 -15 20 -17 17 -19 -20 -21 -22 -23 24 25 -26 -27 -28 -29 -30 -31
leaf_value=-0.0070086751869948829 0.087571965522323311 0.099085913130409264 0.090248416548215429 -0.038841590040716148 0.0061850055326525518 -0.072213971562569493 -0.037004589061475017 0.14807146083082129 0.3114026248271744 -0.034589649930762655 -0.011369715639649097 0.032446795100125048 -0.060213970156220646 -0.08705113919828493 0.025983186190002061 -0.057463376825726414 0.1599518768084574 2.3187450015049998e-05 -0.075669989556457443 0.031353061357732692 -0.0032787549411035389 0.12819949460334967 0.0029993511569799871 0.032544789034183508 -0.054696791229154176 0.16635305516971174 -0.012514018471307438 -0.077635040094059984 0.10580940864528221 0.31727385043018536
leaf_weight=155.48891613632441 154.15517255663872 68.217041745781898 274.5974293500185 92.384178385138512 119.23962859809399 490.11765833571553 79.685150399804115 21.277512714266777 1.8138561211526383 21.37283043935895 130.35155948996544 205.03177130222321 266.96303102374077 36.221246346831322 85.821942929178476 135.19713432341814 19.611024256795645 27.366238333284855 52.395349763333797 110.47349370270967 174.26509480923414 32.043520219624043 153.02329180762172 207.81090591847897 95.87453343346715 10.978423997759817 51.828089434653521 48.470881499350071 14.994186364114283 1.6302380710840214
leaf_count=1908 1046 498 2022 1019 812 13355 581 99 17 349 2125 1186 6123 539 753 2579 154 387 742 1125 1725 253 2562 1110 1588 56 915 1134 130 24
internal_value=0 -0.0337825 0.0248752 0.0138296 0.0647971 -0.0401007 0.0392193 -0.0227206 0.0409354 0.0671959 -0.0598315 0.0130091 -0.0296691 -0.00797545 -0.00404948 -0.0199367 -0.00314981 0.0667867 -0.0160211 -0.00061455 0.0197395 0.0537722 -0.0404372 0.059229 -0.019225 0.039259 -0.00156106 -0.0262 0.00291381 -0.00731031
internal_weight=0 1521.42 1817.28 1423.44 393.837 1431.83 657.661 761.263 74.9195 89.5899 670.57 284.717 686.344 765.779 729.558 437.427 302.23 46.9773 255.253 202.858 292.131 117.865 515.861 372.945 248.898 218.789 53.6419 180.453 170.483 131.982
internal_count=46916 30827 16089 13255 2834 29980 3979 13342 1031 847 16638 1767 12311 9276 8737 6006 3427 541 2886 2144 2731 1006 10273 2212 4150 1166 932 3283 2038 2149
is_linear=0
shrinkage=0.1


Tree=19
num_leaves=31
num_cat=0
split_feature=20 1 46 1 9 46 9 38 6 34 4 46 14 38 38 49 40 6 8 6 33 3 38 23 49 20 10 49 40 38
split_gain=239.597 87.7584 77.2737 81.9824 63.6044 41.8946 37.4002 36.5752 35.1509 34.6217 33.3159 30.5701 29.6488 27.5125 24.1529 22.6482 28.6032 21.9471 20.9433 20.4668 20.3821 19.8557 19.006 18.899 23.2878 18.546 24.3044 18.2746 22.3459 18.1592
threshold=-0.11069291201708877 1.1104001270739934 17.000000000000004 1.2018241487224093 1.0002313641118341 27.000000000000004 -0.33911487932681655 156.50000000000003 -0.11511984611331834 0.014570040978461653 2.9304020944050824 12.500000000000002 0.96483485130546598 76.500000000000014 146.50000000000003 12.500000000000002 0.54500000000000015 -0.25414340365605897 -0.44845291703204254 1.4590908533433593 -0.086412645742392255 -0.83702033600345571 312.50000000000006 0.2716765508179676 3.5000000000000004 -0.098241549590783392 -0.85341953124623005 13.500000000000002 0.51500000000000012 145.50000000000003
decision_type=2 2 2 2 2 2 2 2 2 2 2 2 2 2 2 2 2 2 2 2 2 2 2 2 2 2 2 2 2 2
left_child=1 6 3 4 10 -4 -1 8 14 -5 21 -3 13 17 18 16 -15 -8 -6 22 -11 -2 -9 24 -23 26 -26 -22 -29 -18
right_child=2 11 5 9 7 -7 12 19 -10 20 -12 -13 -14 15 -16 -17 29 -19 -20 -21 27 23 -24 -25 25 -27 -28 28 -30 -31
leaf_value=-0.059376158770695166 0.45201264760873283 0.069195362842514679 -0.084462399964429224 0.07539465353672474 0.077033686253004982 0.24207912330512441 -0.013099756872819855 0.089156745715385621 -0.030170911193824881 -0.020035337999433231 0.16975539300584264 -0.050678348130726719 -0.071909625935548019 0.014496042037548867 -0.10733135253208047 -0.044116084423085629 0.42396123306584133 -0.072737014420384632 0.015224213699945961 -0.038345195355439357 0.019974921397124687 -0.025183169248572848 0.040607368685011462 -0.038826971302039 0.58319399827110296 0.027612836056445014 0.010073311988353695 0.19589668026438675 0.0040570731736966808 0.11308747735843001
leaf_weight=610.00097631849349 0.89787339791655441 103.50718714296818 85.089518740773201 375.49823591113091 91.485073648393154 4.1191999800503245 145.0399877242744 135.83101738616824 140.47405922412872 71.561010360717773 9.6442320011556131 26.777595549821854 109.77796602249146 193.43667593970895 11.697835445404051 64.748107446357608 2.344855658710002 107.40348495170474 136.78131340444088 22.427782867103815 52.528954986482859 158.49098333716393 198.43262980133295 244.28255731239915 1.402930483222008 109.6606275588274 1.5657299235463131 15.939190015196802 9.8081456162035447 9.4579285979270917
leaf_count=15687 22 978 962 3030 744 37 2352 837 1327 704 50 551 2810 2780 81 1141 18 2927 905 160 326 1777 1230 4098 19 1113 23 81 58 88
internal_value=0 -0.0335224 0.0214483 0.0259791 0.0121712 -0.0693844 -0.0417115 0.0311263 0.00955752 0.059178 -0.0143951 0.0445576 -0.0246674 -0.0147404 0.0328144 0.00744973 0.0237175 -0.0384728 0.0399963 0.054131 0.0185384 -0.017835 0.0603358 -0.0186535 -0.000476953 0.0342894 0.280919 0.0538029 0.122818 0.174849
internal_weight=0 1372.49 1877.62 1788.41 1263.07 89.2087 1242.21 737.13 380.438 525.336 525.945 130.285 632.209 522.431 239.964 269.988 205.239 252.443 228.266 356.691 149.837 516.301 334.264 515.403 271.12 112.629 2.96866 78.2763 25.7473 11.8028
internal_count=46916 29332 17584 16585 12386 999 27803 5284 3057 4199 7102 1529 12116 9306 1730 4027 2886 5279 1649 2227 1169 7052 2067 7030 2932 1155 42 465 139 106
is_linear=0
shrinkage=0.1


Tree=20
num_leaves=31
num_cat=0
split_feature=20 10 10 9 34 14 40 49 49 49 9 14 8 34 49 38 49 49 40 14 35 36 19 49 35 11 14 5 38 32
split_gain=200.377 76.2461 68.1957 65.7624 55.4394 39.4607 37.2083 44.9734 42.7105 35.5637 33.2749 31.9458 30.5173 25.319 23.554 21.9529 24.2769 21.496 18.6912 22.4975 18.4777 18.3024 18.0453 17.9318 17.9306 16.913 16.5699 15.1406 15.0333 14.834
threshold=-0.11069291201708877 1.5567621339366637 1.5567621339366637 1.0856242460117911 0.021371247226048065 0.96483485130546598 0.38000000000000006 14.500000000000002 11.500000000000002 10.500000000000002 -0.91581361590599675 0.90912708445312618 -0.65580943308990325 0.025492134796252647 11.500000000000002 26.500000000000004 12.500000000000002 1.5000000000000002 0.43500000000000005 -0.31621382269291654 3.9940247876605377 3.5000000000000004 -0.080253024574970619 12.500000000000002 3.9838366311905671 4.5052195004146522 -2.535449313321108 1.3674286231048896 21.500000000000004 1.4702809718934693
decision_type=2 2 2 2 2 2 2 2 2 2 2 2 2 2 2 2 2 2 2 2 2 2 2 2 2 2 2 2 2 2
left_child=1 5 3 20 -4 10 8 18 9 12 25 15 13 21 -3 -12 27 28 -8 -20 23 -5 -13 26 -18 -1 -2 -17 -14 -7
right_child=2 14 4 6 -6 29 7 -9 -10 -11 11 22 17 -15 -16 16 24 -19 19 -21 -22 -23 -24 -25 -26 -27 -28 -29 -30 -31
leaf_value=-0.053803896476382777 0.11014723295992748 0.088099345452644473 0.084620211587211391 0.090653281011156772 0.0030051739153888583 -0.081887722116601461 0.11620972867024014 -0.025092008292696224 -0.044274606882079501 0.10577918081282567 -0.051250149064376055 0.1173698551346239 -0.083658001430357509 -0.067447232694336751 -0.052486559242310243 -0.0033204995874329146 -0.094242628642894302 -0.033004673520208694 0.11634340467351093 0.012706887365337392 0.014240603520547599 0.0049821407155819977 0.52345644361973986 -0.077607955629392433 -0.0085297210995212442 0.20962367956644729 -0.01874851057478796 0.058086379299881211 0.036988264374774538 0.1022141925053274
leaf_weight=399.08608553558588 10.200344696640967 66.193223126232624 251.28596635907888 97.678446151316166 124.44895324110985 198.5471182949841 96.044086091220379 45.756921481341124 97.453652009367943 52.900512624531984 148.89652663469315 4.741824759170413 11.358472526073454 15.2266848385334 14.534132480621336 341.09408484958112 49.402942532673478 121.4210504963994 34.009727016091347 54.532511726021767 190.9850058965385 33.485253069549799 1.4225607682019461 52.445510879158974 48.23616055585444 2.4522204454988232 448.23447686620057 45.50933463871479 113.86962032318115 4.4752999953925601
leaf_count=10392 47 569 2063 723 865 5880 592 341 804 300 3465 74 98 85 277 5950 1120 846 229 416 2286 309 27 942 979 36 5994 512 644 51
internal_value=0 -0.0313885 0.0195534 0.00986861 0.0575881 -0.0375006 0.029975 0.0636566 0.0156975 0.0288035 -0.0296342 -0.015464 0.0184431 0.0546122 0.0627883 -0.0176697 -0.00734432 -0.00302393 0.0856564 0.0525144 -0.0122967 0.068782 0.211083 -0.0222173 -0.0518983 -0.0521951 -0.0158805 0.00390806 0.0260454 -0.0778295
internal_weight=0 1324.59 1851.34 1475.6 375.735 1243.86 773.737 230.343 543.394 445.94 1040.84 639.303 393.04 146.39 80.7274 633.139 484.243 246.649 184.586 88.5422 701.865 131.164 6.16439 510.88 97.6391 401.538 458.435 386.603 125.228 203.022
internal_count=46916 29332 17584 14656 2928 28486 5387 1578 3809 3005 22555 12127 2705 1117 846 12026 8561 1588 1237 645 9269 1032 101 6983 2099 10428 6041 6462 742 5931
is_linear=0
shrinkage=0.1


Tree=21
num_leaves=31
num_cat=0
split_feature=1 9 34 31 38 35 8 0 10 6 25 38 40 4 34 4 36 38 20 35 35 49 14 34 2 19 3 6 35 35
split_gain=173.763 151.648 61.8873 55.377 53.0639 37.5139 32.8098 30.1903 27.234 25.9953 24.0431 24.0014 30.9054 23.4945 23.1454 21.3924 20.3599 19.9254 19.4057 22.32 24.7638 18.8289 18.0998 18.0686 17.7582 18.0966 28.0865 16.2982 16.0307 29.5869
threshold=1.1478581980228966 1.0002313641118341 0.014570040978461653 -0.30900800573217341 251.50000000000003 4.9920922028181511 -0.66568726596814198 -0.60171523811825878 1.5567621339366637 -0.26793102146525877 -0.67519590537287255 305.50000000000006 0.44500000000000006 -0.88178642218541181 0.99111997744457903 2.9304020944050824 3.5000000000000004 76.500000000000014 0.82388081665368362 3.9858569701334869 4.9872545186960853 12.500000000000002 -0.15391088714397466 0.97700246384310141 -0.95410464040394649 -0.58716151400904604 0.26069829878451389 0.54032679090296487 1.0104640802214717 0.98941887976869403
decision_type=2 2 2 2 2 2 2 2 2 2 2 2 2 2 2 2 2 2 2 2 2 2 2 2 2 2 2 2 2 2
left_child=1 3 8 5 -5 10 14 -7 9 -2 -1 12 -6 -14 16 21 -3 -8 -4 28 -21 22 -12 -9 -24 26 -26 -19 29 -20
right_child=2 6 18 4 11 7 17 23 -10 -11 15 -13 13 -15 -16 -17 -18 27 19 20 -22 -23 24 -25 25 -27 -28 -29 -30 -31
leaf_value=-0.054634586797728729 0.0080530170558350753 0.089163997951413609 -0.030542799388435817 -0.065793673319854321 0.01769036381768475 0.24914734044103418 -0.020290556856777997 0.076344461124376498 0.083260358038536125 0.10154400637945792 -0.0096471072256533608 -0.020275727866982694 -0.10627505166504994 0.38893916997389355 0.0044959536769088974 0.13223490137742658 0.023784364459363879 0.032197934125758325 -0.048311400935987597 0.17234975926815996 -0.00013423273889406968 -0.066093530175682119 0.28366855421380771 -0.028941458901636297 0.50140800679159481 -0.060273137070319907 -0.0056998026944236032 -0.021596530799781681 -0.055180174652048192 0.11680831998767063
leaf_weight=153.62679630704224 118.03151059895754 134.19902024418116 106.60514315031469 591.50592483021319 16.00131302699447 7.2182556875050059 184.5518853534013 40.552955258637667 289.18193881213665 39.759349264204502 462.62737618014216 224.07439589127898 1.2079547643661497 4.6304963435977688 86.845585821196437 10.393035080283878 73.83872327208519 262.35427854210138 20.656046807765961 19.034006550908089 14.792819552123545 58.648202089592814 3.9255592562258235 27.254526179283857 1.8004976697266091 7.2356015909463158 2.7763088308274746 71.715791396796703 31.554824598133564 22.863056004047394
leaf_count=3607 1060 1024 1395 17056 292 38 1689 272 2527 389 6526 4732 26 90 631 59 727 1671 141 104 92 1183 37 449 29 86 33 579 230 142
internal_value=0 -0.0139791 0.043804 -0.0317285 -0.0495629 -0.0124839 0.0212244 0.0547228 0.0650268 0.0316104 -0.0196765 -0.0105224 0.0895465 0.286481 0.0478575 -0.00986571 0.0659588 0.0060811 -0.000213576 0.0294763 0.0969207 -0.0126158 -0.00605941 0.0340259 0.0994032 0.0381672 0.193794 0.0206497 -0.000912809 0.0384354
internal_weight=0 2426.98 662.479 1613.48 837.42 776.059 813.505 75.0257 446.973 157.791 701.033 245.914 21.8398 5.83845 294.883 547.407 208.038 518.622 215.506 108.901 33.8268 537.014 478.365 67.8075 15.738 11.8124 4.57681 334.07 75.0739 43.5191
internal_count=46916 40836 6080 34515 22196 12319 6321 759 3976 1449 11560 5140 408 116 2382 7953 1751 3939 2104 709 196 7894 6711 721 185 148 62 2250 513 283
is_linear=0
shrinkage=0.1


Tree=22
num_leaves=31
num_cat=0
split_feature=1 9 46 14 38 35 10 40 40 49 6 38 49 10 6 29 35 40 46 0 46 19 35 34 14 6 34 25 38 40
split_gain=146.018 135.603 55.3835 45.1845 40.7062 39.1038 32.8549 32.0487 43.3844 35.2625 29.887 24.8101 23.184 21.2904 21.1077 20.7556 20.5607 25.7826 21.2862 19.7869 21.5047 19.3475 18.7122 17.9378 17.9189 67.9841 17.5773 16.8273 16.4274 24.6419
threshold=1.0264364574555687 1.0002313641118341 12.500000000000002 -0.31088105238690883 258.50000000000006 4.9911352451072073 1.5567621339366637 0.38000000000000006 0.43500000000000005 12.500000000000002 -0.39239838326859328 32.500000000000007 12.500000000000002 0.98558091608789711 0.92717047998703073 -0.83588201175618415 0.018943009010952715 0.13500000000000004 1.5000000000000002 -0.60171523811825878 10.500000000000002 -0.48034188899561869 3.9965305327499832 0.011502676890397688 -0.11344358914004483 -0.26793102146525877 1.0126000703864766 -0.67519590537287255 305.50000000000006 0.44500000000000006
decision_type=2 2 2 2 2 2 2 2 2 2 2 2 2 2 2 2 2 2 2 2 2 2 2 2 2 2 2 2 2 2
left_child=1 3 6 5 24 10 13 9 26 11 12 -3 27 -2 -10 -6 18 -18 -13 -7 -21 -12 -15 -23 25 -5 -9 -1 29 -17
right_child=2 7 -4 4 15 19 -8 8 14 -11 21 16 -14 22 -16 28 17 -19 -20 20 -22 23 -24 -25 -26 -27 -28 -29 -30 -31
leaf_value=-0.049916549803835086 0.20796581451946175 -0.031122939037517908 -0.0066579285313554245 -0.072254877093333975 0.36431099153031044 0.22892074475041357 0.077892471938332097 0.11904485681724662 0.033994495451245298 -0.062801138265219755 0.0094576690767947773 0.05075691006064105 -0.080461495978622524 0.0052280281392623612 -0.073809364495583341 -0.0053019203393300709 0.086562682655825868 0.020991330788171735 -0.0374974259933799 0.088929384482972273 -0.075266779466944628 0.11505128309473577 0.071952941595541525 0.46032309000635685 -0.068366845836083184 0.080863713790399167 -0.086203035165635405 -0.0052381202104793897 -0.021621953502180765 0.22756899030685662
leaf_weight=106.5335313025862 6.3295904025435439 90.699344106018543 200.70175712555647 100.1680912990123 1.4594682902097691 7.0771618708968154 285.81954468786716 80.064750954508781 125.16747998818755 64.135660046711564 6.0319891180843115 41.465554259717464 59.623959884047508 167.35821050778031 21.245146341621876 13.72503409907222 88.128890540450811 187.63984228856862 80.163022618740797 32.362856790423393 10.585371987894176 3.5499231256544572 56.123296998441219 2.6116884537041187 492.10387816466391 40.810916943475604 4.4018961563706389 403.89093992672861 227.9252144061029 6.7931016441434613
leaf_count=2511 45 935 2129 2412 21 38 2629 521 997 650 126 286 1445 1667 218 247 502 1449 563 225 185 56 478 43 15538 464 29 5535 4869 103
internal_value=0 -0.0137976 0.0379104 -0.0312596 -0.0458722 -0.0108526 0.055258 0.01999 0.0512768 0.00690944 -0.0181422 0.0160694 -0.0214558 0.0271072 0.0183517 -0.011698 0.0268402 0.0419463 -0.0074098 0.0739903 0.0484603 0.136768 0.0219848 0.2614 -0.0593621 -0.0279298 0.108349 -0.0145632 -0.0139068 0.0717965
internal_weight=0 2298.36 716.332 1515.25 882.986 632.267 515.631 783.112 230.879 552.232 582.242 488.097 570.048 229.811 146.413 249.903 397.397 275.769 121.629 50.0254 42.9482 12.1936 223.482 6.16161 633.083 140.979 84.4666 510.424 248.443 20.5181
internal_count=46916 39968 6948 33818 23654 10164 4819 6150 1765 4385 9716 3735 9491 2190 1215 5240 2800 1951 849 448 410 225 2145 99 18414 2876 550 8046 5219 350
is_linear=0
shrinkage=0.1


Tree=23
num_leaves=31
num_cat=0
split_feature=20 46 1 1 9 14 14 46 38 38 6 6 2 26 35 14 14 35 49 28 34 25 2 34 46 6 23 30 38 19
split_gain=123.51 50.8612 48.5705 48.2036 41.3323 33.4358 42.0233 32.6605 27.4843 37.7327 29.6639 33.0164 27.6367 25.8877 24.2646 22.5386 45.443 28.8604 25.9614 55.8838 21.9125 19.6562 18.9844 18.8465 17.4912 16.5797 16.0622 33.709 15.0579 22.1602
threshold=-0.11069291201708877 17.000000000000004 1.5862336113674254 0.99280433602610418 1.352687448232494 0.9339492431873897 0.90912708445312618 27.000000000000004 168.50000000000003 169.50000000000003 -0.24099726132155128 -0.2775291036325474 -0.222748399427287 -0.25728237174949881 3.9947426817808203 -0.53299264536099689 -0.62177546783308235 4.0192542007366283 11.500000000000002 -0.22466672192929985 0.011960726152432974 -0.062440342845921003 -0.77388129802179073 1.0163157677118348 12.500000000000002 0.51600413293223324 0.70112779668255276 -0.081027507139190866 332.50000000000006 0.65742147657835404
decision_type=2 2 2 2 2 2 2 2 2 2 2 2 2 2 2 2 2 2 2 2 2 2 2 2 2 2 2 2 2 2
left_child=3 2 4 5 14 6 8 -3 10 12 11 15 -10 -8 -2 16 17 -1 21 -20 -4 -18 -6 26 -5 -24 -11 -28 -7 -30
right_child=1 7 20 24 22 28 13 -9 9 23 -12 -13 -14 -15 -16 -17 18 -19 19 -21 -22 -23 25 -25 -26 -27 27 -29 29 -31
leaf_value=-0.032206487060534243 -0.012718143861868321 -0.078659591823935976 0.075020305748075305 0.052300559271759528 0.068187660500641165 -0.093068989648437905 0.51148261241891591 0.19382649686628206 0.54932864678949878 -0.0028749248731832007 -0.065841448170138914 0.072576875870718857 -0.036964230407339628 0.070982434872204792 0.024308791014138808 -0.065113562471473999 -0.0059969815403432417 0.12086152021656558 1.0800076704531976 -0.0026745282485680696 0.017903017043547225 0.29339827466063245 0.032615277200264664 -0.081336636004860019 -0.040191286902782598 -0.022545472662149839 0.5971543179640979 0.057967451816269805 -0.057923485280133004 0.11068598726000947
leaf_weight=178.04548586718738 612.22539135813713 74.735393589362502 198.70079232007265 97.918227713555098 123.21608397364616 118.77708382718265 2.2441293708980083 4.6738977544009677 2.132677018642426 247.75524982437491 245.05708325654268 34.339349446818233 1.290517222136258 3.2901379261165848 248.95514152385294 119.01511401496828 5.3345932103693476 13.233332661911843 0.92647886648774147 0.98211146891116985 101.46558678150177 3.7234075777232638 312.42468970268965 29.557067712768912 25.842333842068911 66.001334698870778 1.2811442837119091 12.210734149441121 48.533186957240105 9.2863602563738805
leaf_count=3402 7825 962 1966 1084 915 4382 34 37 37 4322 8676 444 22 57 2761 3209 102 117 20 28 703 41 1949 839 608 466 30 279 1346 253
internal_value=0 0.0155644 0.0192979 -0.0261182 0.0112774 -0.0329101 -0.025107 -0.0626215 -0.0268059 -0.00176614 -0.0390715 -0.0206233 0.328301 0.249604 -0.00201418 -0.0305854 -0.0102667 -0.0216167 0.1877 0.522887 0.0557129 0.117073 0.0340952 -0.00565151 0.0329874 0.0229947 0.00291137 0.109167 -0.0726956 -0.0308432
internal_weight=0 1742.4 1662.99 1200.78 1362.82 1077.02 900.419 79.4093 894.884 294.227 600.657 355.6 3.42319 5.53427 861.181 321.261 202.245 191.279 10.9666 1.90859 300.166 9.058 501.642 290.804 123.761 378.426 261.247 13.4919 176.597 57.8195
internal_count=46916 17584 16585 29332 13916 27640 21659 999 21568 5529 16039 7363 59 91 10586 6919 3710 3519 191 48 2669 143 3330 5470 1692 2415 4631 309 5981 1599
is_linear=0
shrinkage=0.1


Tree=24
num_leaves=31
num_cat=0
split_feature=1 9 49 14 35 40 34 38 38 38 38 35 40 14 40 34 40 1 49 49 38 9 38 26 2 10 0 9 14 2
split_gain=105.868 96.3341 43.5648 41.8332 39.0494 35.0075 33.4586 31.7453 31.5592 43.466 30.5672 28.8126 28.1466 30.6757 27.9625 21.5505 19.0062 17.7927 17.5377 24.132 23.7609 17.6333 17.3158 17.4524 17.3058 17.1493 16.229 15.8179 15.7745 15.5577
threshold=1.2018241487224093 0.14076843991754903 11.500000000000002 0.72298132108012236 3.0237255918335433 0.33500000000000008 0.014570040978461653 27.500000000000004 40.500000000000007 47.500000000000007 140.00000000000003 3.9858569701334869 0.43500000000000005 0.61222682219233626 0.44500000000000006 0.98880706726808487 0.53500000000000014 1.5862336113674254 12.500000000000002 10.500000000000002 1133.5000000000002 1.7341261291532541 26.500000000000004 2.9146569563652167 2.4687022586098082 1.1044997623069388 -0.89682233646855691 1.0428275902876012 -1.9069748571572471 -0.73874611513333366
decision_type=2 2 2 2 2 2 2 2 2 2 2 2 2 2 2 2 2 2 2 2 2 2 2 2 2 2 2 2 2 2
left_child=1 6 17 4 5 7 22 -3 15 -10 -5 -4 -6 29 -13 -9 -15 25 19 28 -20 -22 23 -1 -12 -2 -16 -17 -11 -14
right_child=2 3 11 10 12 -7 -8 8 9 18 24 14 13 16 26 27 -18 -19 20 -21 21 -23 -24 -25 -26 -27 -28 -29 -30 -31
leaf_value=-0.057280293903003168 0.17630231535819282 -0.031354079495790811 -0.055657558135246969 -0.070466231631115497 0.095967266317995154 -0.052511658498413022 -0.061578139260188208 0.068870517528293637 -0.089455067946893688 0.099465568587220915 -0.0056753269110976154 0.14629718754296062 0.052205671104154722 0.10299042919519837 0.18469909205988966 0.43767808995612056 0.38761032064422546 0.066224844230718047 -0.085822509942835024 0.072205940874860916 0.028347083555230149 0.37193661861888416 -0.0089259142267119305 0.43364814768308685 0.31839872881142867 0.018602623584864468 -0.026705568091398974 0.13316318745118633 0.0095695268191274274 0.0015498727169065763
leaf_weight=113.3548202700913 7.202940557152032 162.63648672401905 73.774019220843911 116.62677793577313 71.141260508447886 109.5565140414983 361.5915586668998 39.206432666629553 39.38788609392941 20.595817632973194 146.54599200747907 17.012543931603432 91.972623040899634 7.9169286098331195 4.0239789523184291 2.9061158318072549 3.3343282956629992 287.28453886508942 31.336932882666588 87.917574848979712 8.1181661039590818 1.8304499760270108 328.65204130671918 0.72879079356789489 1.6665337961167086 161.72102246619761 37.2118039727211 4.1300139203667641 373.61327786743641 177.91343257017434
leaf_count=3234 50 2483 852 2529 513 1701 13202 334 636 127 1809 90 933 74 38 40 37 2853 398 773 102 15 6758 9 21 1525 400 28 3412 1940
internal_value=0 -0.0110931 0.0364414 0.00389282 0.0116352 0.000385698 -0.0390098 0.00789562 0.0183767 0.0118517 -0.0321679 -0.0141471 0.0397761 0.025557 0.0384277 0.0977903 0.187338 0.0510813 0.0194752 0.0248317 -0.0430775 0.0915643 -0.0205777 -0.0541441 -0.00203137 0.025327 -0.00607572 0.258936 0.0142662 0.0188125
internal_weight=0 2302.68 588.231 1498.35 1233.51 881.236 804.327 771.679 609.043 562.8 264.839 132.022 352.279 281.137 58.2483 46.2426 11.2513 456.209 523.412 482.127 41.2855 9.94862 442.736 114.084 148.213 168.924 41.2358 7.03613 394.209 269.886
internal_count=46916 41108 5808 17905 13546 10049 23203 8348 5865 5463 4359 1380 3497 2984 528 402 111 4428 4827 4312 515 117 10001 3243 1830 1575 438 68 3539 2873
is_linear=0
shrinkage=0.1


Tree=25
num_leaves=31
num_cat=0
split_feature=36 1 6 14 38 35 46 25 8 2 34 29 38 38 38 6 34 38 10 4 35 0 46 31 35 40 35 40 0 27
split_gain=93.7362 77.7913 40.1561 74.9926 68.4189 42.4642 36.6125 34.4695 32.4743 32.4569 30.0699 27.0452 26.4972 33.5298 32.0443 27.0952 26.3928 26.2673 23.296 24.6463 18.8763 18.8026 18.732 30.9288 17.4388 32.341 35.5488 45.9339 19.7682 16.3188
threshold=3.5000000000000004 1.0264364574555687 0.40200956183264153 0.66978226052678924 14.500000000000002 3.9795058211259509 12.500000000000002 -0.66677158210957621 -0.66568726596814198 0.53597832511534882 0.98014938199676938 -0.043462258058596513 28.500000000000004 40.500000000000007 55.500000000000007 -0.40052869545894837 1.989063561089101 134.00000000000003 1.7514072667462643 0.083921135117346363 0.022569304056737946 2.7230801461401644 3.5000000000000004 -0.080502123967860273 0.022569304056737946 0.20500000000000004 3.0166786185219605 0.48000000000000004 -0.60431314043427709 -0.98000715645280867
decision_type=2 2 2 2 2 2 2 2 2 2 2 2 2 2 2 2 2 2 2 2 2 2 2 2 2 2 2 2 2 2
left_child=8 2 3 7 5 11 18 -2 10 -7 -1 -5 15 22 -15 21 -16 -4 19 -3 -12 -9 -14 -24 29 -26 -27 -28 -29 -10
right_child=1 6 17 4 -6 9 -8 12 24 -11 20 -13 13 14 16 -17 -18 -19 -20 -21 -22 -23 23 -25 25 26 27 28 -30 -31
leaf_value=0.084394283810939719 -0.049981338981845237 0.18130312744010932 -0.085175490709344742 0.075932697643947472 0.083407995699981308 0.57289757426367816 -0.023241693569324554 -0.013731476527320317 0.21491428585732086 1.4523563191031008 -0.080398006376586992 0.92248348949204884 0.048631537860764629 -0.053685148601661514 0.0081096126925820598 -0.073574703123128457 -0.08097572075408313 -0.025618752588357059 0.066216139502930316 0.0083856364499219072 0.035182573546526923 0.22033922281496873 0.321851958674996 -0.10439982022656441 0.072503529534901898 -0.028503218832669347 0.098246949281724352 0.1514624451211817 -0.035632752433338688 -0.030390532708766672
leaf_weight=161.91057777404785 266.29736472852528 8.6090760864317399 150.88327131420374 1.6774630770087244 12.692275693640111 1.0338487159460781 129.51657489314675 132.47387215867639 2.7919794768095008 0.70634630136191834 17.825854852795601 0.48693134263158144 49.776036705821753 119.87183922156692 569.66329625435174 115.23039838857949 35.318030113354325 145.43585915863514 166.84543807059526 193.73533024266362 68.156040892004967 3.5230858176946631 6.3612315412610769 2.3242490980774146 101.19421727210283 142.19594809040427 71.543668404221535 6.2443519458174697 59.063343346118927 94.574662163853645
leaf_count=1470 8510 93 6004 67 221 33 1752 2102 15 21 96 16 454 2620 7820 3682 895 3670 1803 1958 397 39 73 70 593 997 486 33 354 572
internal_value=0 -0.0120153 -0.0226831 -0.0152018 0.196022 0.562086 0.0225045 -0.0178968 0.0296471 0.92987 0.0590138 0.266384 -0.009638 -0.000574588 -0.00645026 -0.0378973 0.00290893 -0.0559446 0.0385528 0.0157427 0.0112203 -0.00766773 0.0722768 0.207786 0.0144049 0.0240743 0.0065118 0.0428943 -0.0177438 -0.0233564
internal_weight=0 2112.46 1613.76 1317.44 16.5969 3.90459 498.706 1300.84 725.501 1.7402 247.892 2.16439 1034.54 783.315 724.853 251.227 604.981 296.319 369.19 202.344 85.9819 135.997 58.4615 8.68548 477.608 380.242 279.047 136.851 65.3077 97.3666
internal_count=46916 41903 36297 26623 358 137 5606 26265 5013 54 1963 83 17755 11932 11335 5823 8715 9674 3854 2051 493 2141 597 143 3050 2463 1870 873 387 587
is_linear=0
shrinkage=0.1


Tree=26
num_leaves=31
num_cat=0
split_feature=36 4 38 14 41 49 14 35 10 34 6 35 38 38 34 35 40 35 35 14 14 0 5 38 19 31 19 9 35 35
split_gain=78.7938 68.0826 38.3756 43.4179 51.1447 32.0729 29.5497 27.8442 27.3106 27.6556 22.8851 21.3633 21.2059 71.3419 20.4666 22.6349 48.8857 21.1632 41.687 20.2382 25.1286 17.6744 16.9683 16.5906 16.3418 16.2443 16.2267 15.9577 15.7675 18.508
threshold=3.5000000000000004 0.91999831925264186 76.500000000000014 -0.12367882357049467 0.15000000000000005 12.500000000000002 -1.0827722494596868 3.9838366311905671 1.5567621339366637 0.014570040978461653 -0.40052869545894837 4.9944146722638818 11.500000000000002 9.5000000000000018 1.0108520069250346 3.0237255918335433 0.48000000000000004 1.993847866735732 0.018943009010952715 0.9339492431873897 0.90912708445312618 -0.60431314043427709 -0.066294761290828771 61.500000000000007 -0.54780689933256788 -0.55485968211072312 -0.66737289241651221 1.4906560138589964 4.9900385387871369 2.0010499518307614
decision_type=2 2 2 2 2 2 2 2 2 2 2 2 2 2 2 2 2 2 2 2 2 2 2 2 2 2 2 2 2 2
left_child=6 2 3 4 10 19 -1 -7 22 -10 11 23 13 -5 15 17 -17 18 -8 20 27 -18 -3 -2 -25 -20 -11 28 29 -4
right_child=1 8 5 12 -6 7 14 -9 9 26 -12 -13 -14 -15 -16 16 21 -19 25 -21 -22 -23 -24 24 -26 -27 -28 -29 -30 -31
leaf_value=0.073659003638439052 -0.031117400223171221 0.27427985163287588 0.012466801742633125 -0.050526547143128042 0.095959519708903707 -0.083697394538411601 -0.012640538827896683 -0.010173715838931263 0.072548544953417435 0.41334860350556807 -0.088971124312964681 0.082060059499884985 -0.076029519620646246 0.25898436977505596 -0.060437336206326103 0.10908419807433239 0.14114803680101237 -0.016247658570120647 -0.014678507611193057 -0.037345378484332233 0.19947858745197244 -0.01571222428301685 -0.0012067398630452868 0.1983312209363797 0.00075727563220176312 0.090643771504767795 -0.011797062455053549 0.10743157254178425 0.066488703832564999 -0.031763753101162223
leaf_weight=115.9655150026083 224.51406668499112 2.2535578273236743 362.81261709518731 67.691556932404637 37.915079344063997 88.969360530376434 111.85276544839144 122.33350406400859 145.93400875478983 0.91048938781022926 50.078989133238792 20.789062766358256 279.52713064104319 8.3677889518439752 31.158280272036791 81.32143147289753 7.9583600610494605 173.53228348866105 17.388106897473335 101.61639816686511 6.9995616376399985 73.750877358019352 284.10608105547726 6.2773336544632938 12.568256122991441 92.792585067451 64.148969382047653 15.923914927989243 39.654470015317202 127.97519473917782
leaf_count=948 4578 22 6180 2397 302 2622 702 2745 1678 6 1389 168 10490 161 254 606 55 1242 123 2751 94 488 3108 77 132 595 677 103 354 1869
internal_value=0 -0.0111765 -0.0213675 -0.0386426 -0.0137532 -0.00725429 0.0275132 -0.041131 0.0210759 0.0483753 -0.0269913 -0.0152408 -0.063291 -0.0164752 0.0184394 0.0228391 0.0541947 0.00991609 0.0303646 0.00367461 0.0112073 -0.000434265 0.000961251 -0.0235527 0.0665678 0.0740224 -0.00584726 0.00879528 0.00583422 0.00093348
internal_weight=0 2071.37 1574.01 707.729 352.143 866.285 705.72 211.303 497.353 210.993 314.228 264.149 355.586 76.0593 589.755 558.596 163.031 395.566 222.033 654.982 553.366 81.7092 286.36 243.36 18.8456 110.181 65.0595 546.366 530.442 490.788
internal_count=46916 41903 36412 19694 6646 16718 5013 5367 5491 2361 6344 4955 13048 2558 4065 3811 1149 2662 1420 11351 8600 543 3130 4787 209 718 683 8506 8403 8049
is_linear=0
shrinkage=0.1


Tree=27
num_leaves=31
num_cat=0
split_feature=1 33 49 1 14 35 34 32 38 49 38 40 25 10 31 38 38 9 35 40 40 0 28 35 38 19 38 9 38 35
split_gain=69.6844 55.3003 30.1549 26.8822 26.6052 23.7569 22.8922 22.7773 20.4907 19.1666 18.8814 18.6282 17.129 16.7478 14.9597 14.2224 13.5902 13.6543 13.4443 16.3505 13.4416 31.2093 13.2438 13.092 12.4125 12.0461 11.4218 11.4142 17.4455 16.0973
threshold=0.65485831979133691 -0.32156868997134019 11.500000000000002 1.5862336113674254 0.72298132108012236 3.0237255918335433 0.01369958760787421 1.1062624110888168 140.00000000000003 12.500000000000002 27.500000000000004 0.43500000000000005 0.52617126631830891 0.46410416001286869 -0.82123040673936165 26.500000000000004 1394.0000000000002 1.7373990539461595 3.987558560034262 0.34500000000000003 0.44500000000000006 -0.59991561817798944 -0.31808333904180003 4.9996410031813241 236.50000000000003 1.3386830648858556 21.500000000000004 0.38771104551591284 479.50000000000006 0.99692363276040075
decision_type=2 2 2 2 2 2 2 2 2 2 2 2 2 2 2 2 2 2 2 2 2 2 2 2 2 2 2 2 2 2
left_child=1 6 3 13 5 9 15 -4 -6 10 14 -7 -12 -2 -3 -1 -11 -18 19 -15 -13 22 -22 -24 -8 -20 -5 28 29 -14
right_child=2 4 7 26 8 11 24 -9 -10 16 12 20 27 18 -16 -17 17 -19 25 -21 21 -23 23 -25 -26 -27 -28 -29 -30 -31
leaf_value=-0.052624550915796653 0.20750456519742069 0.018717420187163901 -0.0346022281683976 -0.0039883136362549188 -0.069133437073883572 0.087764432547472751 -0.067706814593807021 0.040586528193001473 -0.004695361399457294 -0.077666328145003544 -0.0087750333058720983 -0.01597668386222301 0.4554192732928134 0.01153370665099232 -0.05448982140116209 -0.0075450802618548382 0.00028892808346542607 0.32765792408609357 0.032304507950415014 -0.068755209381977753 0.09880759166887329 0.018327921539465591 0.46272319337454182 0.16101369986213818 -0.024684555807069013 0.13085065973261961 0.064628214349300814 0.025795340947318258 -0.12307358639029681 0.10819887153979064
leaf_weight=91.57105709426105 4.5392494536936274 41.340757563710213 139.03432478569448 27.137105196714401 84.55831703543663 51.303649764508009 217.76899033412337 56.729005824774504 118.5116406287998 48.699644900858402 210.53313151188195 68.237394113093615 2.1056122425943604 302.29561686888337 85.942236395552754 296.91380751878023 7.5198989845812303 1.5339648872613905 82.015709755942225 27.687174078077078 16.041026532649997 125.46460907533765 2.2604755517095318 3.9539334774017334 96.902482016012073 14.614404093474148 228.75330140814185 262.40507203526795 1.7787675261497495 3.6491599474102259
leaf_count=3034 32 416 2338 309 2025 426 9702 419 1501 839 2454 789 29 3649 1730 6369 105 10 788 411 186 1289 32 22 3150 161 2544 2077 22 58
internal_value=0 -0.0123702 0.0218099 0.0316754 0.00127376 0.00841478 -0.0344099 -0.0128138 -0.0315274 -0.00169866 0.00353277 0.0335983 0.0126048 0.0164365 -0.0307125 -0.0181709 -0.0567504 0.0557539 0.0144035 0.00479707 0.0207304 0.0376868 0.146822 0.27076 -0.0544582 0.0472087 0.0573515 0.0292795 0.15064 0.235243
internal_weight=0 1839 882.806 687.043 1135.84 932.769 703.156 195.763 203.07 665.508 607.755 267.261 480.472 431.152 127.283 388.485 57.7535 9.05386 426.613 329.983 215.957 147.72 22.2554 6.21441 314.671 96.6301 255.89 269.939 7.53354 5.75477
internal_count=46916 36265 10651 7894 14010 10484 22255 2757 3526 7740 6786 2744 4640 5041 2146 9403 954 115 5009 4060 2318 1529 240 54 12852 949 2853 2186 109 87
is_linear=0
shrinkage=0.1


Tree=28
num_leaves=31
num_cat=0
split_feature=6 38 46 14 6 38 38 9 14 6 38 46 14 4 38 14 14 14 38 38 29 38 34 31 38 38 49 40 38 6
split_gain=63.3425 66.8943 43.53 37.1732 64.9045 39.3668 83.4454 35.7036 29.6728 28.2995 28.1299 24.4104 28.7202 24.2665 21.1641 20.6832 24.016 50.4686 25.554 27.1454 29.5157 25.3704 39.923 31.1226 24.9715 24.4468 21.516 30.077 22.3379 18.3983
threshold=-0.76476546117687028 76.500000000000014 17.000000000000004 0.69757063284619469 0.30776492341708156 26.500000000000004 40.500000000000007 -0.92242457797955535 -1.507797691239684 -0.91093414180513965 80.500000000000014 3.5000000000000004 0.02235317824770856 2.7945501362027314 5.5000000000000009 1.6231518421314441 -0.87931062798050552 -0.79743811077240079 156.50000000000003 157.50000000000003 -0.8058169619201212 105.50000000000001 0.0072295395667203071 0.8424077306776877 180.00000000000003 183.50000000000003 10.500000000000002 0.15500000000000003 312.50000000000006 -0.69664361939547648
decision_type=2 2 2 2 2 2 2 2 2 2 2 2 2 2 2 2 2 2 2 2 2 2 2 2 2 2 2 2 2 2
left_child=8 3 7 4 5 14 11 -3 13 -10 -9 -7 -13 -1 -2 16 29 -18 21 -20 -21 22 -19 -24 -22 -26 -27 -28 -29 -12
right_child=1 2 -4 -5 -6 6 -8 10 9 -11 15 12 -14 -15 -16 -17 17 18 19 20 24 -23 23 -25 25 26 27 28 -30 -31
leaf_value=-0.020542505988061788 -0.027856168419942196 -0.036383594142510398 -0.074077730517458515 -0.080388800398659851 0.18549133117320615 0.027526906570782123 -0.039276623948844153 0.098502551058876731 0.17018731361151651 0.039911716688037349 0.0027873603438095876 0.15771689811707523 -0.04291512769032213 0.04982384142292183 -0.082310765017221232 -0.043314952153736173 0.14487049480523559 0.14352682347549892 0.12672387704521096 0.20367226892918244 -0.049367394219976081 -0.037293913576440615 -0.039749330465410126 0.37794434806945693 0.15175663333956491 0.0085435738710862279 0.12469325141010318 0.10710130121199227 0.0032673753720619432 -0.076790059973999847
leaf_weight=164.32580304704607 142.82740425877273 149.05287782661617 65.831584099680185 130.57811799179763 14.721185585483907 90.565383465960622 262.60609390027821 39.677546599879861 17.560666853561997 330.43125182203948 88.567812332883477 35.857382211834192 8.9072285043075663 69.837695373222232 142.66260015033185 61.955878624692559 32.459059253334999 23.239166269078851 26.682245709002018 8.9464808609336597 46.731764245778322 137.54236442968249 38.98889303393662 1.8693840913474549 15.24232033267617 329.8197581935674 43.044338935986161 26.853528525680304 90.691674651578069 43.236652038991451
leaf_count=1774 3543 4876 1643 5261 205 1198 5942 394 163 3533 959 378 226 689 4189 1334 328 239 224 89 639 2214 614 22 135 3642 433 300 1238 492
internal_value=0 -0.00931423 0.00510365 -0.0314168 -0.0222573 -0.0267323 -0.00640363 0.00943091 0.0279661 0.0464858 0.0159003 0.057386 0.117795 0.000443786 -0.0550677 0.0126741 0.0163105 0.0226638 0.0176404 0.0281747 0.0234903 -0.0130793 0.0388812 -0.0206386 0.020572 0.0270358 0.0231593 0.0531772 0.0269885 -0.0233169
internal_weight=0 2099.16 1270.43 828.725 698.147 683.426 397.936 1204.6 582.155 347.992 1055.55 135.33 44.7646 234.163 285.49 1015.87 953.915 822.111 789.652 588.012 561.33 201.64 64.0974 40.8583 552.383 505.652 490.409 160.59 117.545 131.804
internal_count=46916 40757 19815 20942 15681 15476 7744 18172 6159 3696 13296 1802 604 2463 7732 12902 11568 10117 9789 6700 6476 3089 875 636 6387 5748 5613 1971 1538 1451
is_linear=0
shrinkage=0.1


Tree=29
num_leaves=31
num_cat=0
split_feature=9 10 34 14 46 35 0 9 1 38 38 14 2 8 34 14 32 6 1 4 34 20 3 31 1 31 20 3 17 13
split_gain=55.7214 48.0983 31.8404 31.6407 28.6024 31.3246 58.5563 24.924 23.8649 22.3219 54.6121 24.7288 23.6165 22.2525 22.6909 21.1178 20.7419 20.5412 36.5821 17.6958 17.1923 15.9856 15.9151 15.6716 15.6747 15.3911 14.7652 14.7423 14.2013 13.9058
threshold=1.352687448232494 1.5567621339366637 0.011960726152432974 0.9339492431873897 17.000000000000004 4.9900385387871369 -0.60431314043427709 -1.1202407190244417 0.35285791081930978 168.50000000000003 169.50000000000003 -1.0959449678051614 -0.222748399427287 -0.66568726596814198 0.99614585968535629 -0.15391088714397466 -0.41600352010993458 -1.1443219107003644 0.0075623848150442067 -0.50361620157526532 0.010978458743958896 0.75508999516113184 0.48524977295745764 -0.30900800573217341 1.0814656828039928 1.2467843602161321 3.271792583378804 -0.21515035413016395 -0.011288274669421281 -0.17155641579781908
decision_type=2 2 2 2 2 2 2 2 2 2 2 2 2 2 2 2 2 2 2 2 2 2 2 2 2 2 2 2 2 2
left_child=1 3 -3 4 5 7 27 -1 -5 11 12 29 22 14 -2 17 19 18 -12 25 23 -21 -11 -17 -25 -10 -16 -7 -19 -9
right_child=13 2 -4 8 -6 6 -8 9 16 10 15 -13 -14 -15 26 20 -18 28 -20 21 -22 -23 -24 24 -26 -27 -28 -29 -30 -31
leaf_value=-0.056225495274885823 0.079559054480659114 0.058846662397281972 -0.012584806507245545 -0.066328866581722809 -0.080527190051841641 0.43996259901738366 0.015795343883100211 0.07741929152493153 0.87497439396007781 0.50916846982266817 -0.10036646577121122 -0.028550068247928787 0.0091053545909950909 0.012538895039370671 -0.014884743115280827 0.30219122755403788 -0.019036451097497638 0.11072027053216738 0.15109945619475529 0.041394716921919379 0.073185966581305203 0.50447151523372891 0.18330976784724318 -0.014213697656241066 0.14401922560509159 0.18594981398589483 0.10836993022431157 0.18057032902475634 -0.023298246456044627 0.0015545512165572829
leaf_weight=120.01919384486973 123.48982433229685 160.56008112430573 102.07316399365664 171.51391319837421 55.568339245393872 2.7983107641339311 169.27027596440166 28.645258728414774 0.61044342443346955 3.3955004699528217 8.4256716929376143 601.70322748925537 2.6823295019566995 394.04402858018875 54.570074256509542 1.7381319180130947 21.082291045226157 8.1493138354271633 18.459388948976994 5.4859353471547392 65.661283055320382 0.86268498376011837 2.6832497268915176 76.173523541539907 6.8210617750883094 0.69134167488664389 11.825391456484793 10.096465814858671 265.6424632910639 154.33951466530561
leaf_count=4356 1238 2045 1064 6644 1828 22 2686 303 19 33 70 15253 31 2762 357 20 430 94 86 189 1148 12 24 1069 52 27 58 58 3254 1684
internal_value=0 -0.0088964 0.0310846 -0.0147218 -0.010038 -0.00750552 0.0314438 -0.0127052 -0.0521991 -0.00850822 0.00898676 -0.0187604 0.256266 0.0260903 0.0542116 0.00418389 0.0321457 -0.0111188 0.072291 0.173189 0.0347779 0.10432 0.36533 0.00501465 -0.00120904 0.509053 0.00706758 0.236861 -0.0193092 0.0134308
internal_weight=0 2065.15 262.633 1802.52 1602.27 1546.7 182.165 1364.54 200.247 1244.52 459.832 784.688 8.76108 583.929 189.885 451.071 28.7327 300.677 26.8851 7.65041 150.394 6.34862 6.07875 84.7327 82.9946 1.30179 66.3955 12.8948 273.792 182.985
internal_count=46916 42501 3109 39392 32071 30243 2766 27477 7321 23121 5881 17240 88 4415 1653 5793 677 3504 156 247 2289 201 57 1141 1121 46 415 80 3348 1987
is_linear=0
shrinkage=0.1


Tree=30
num_leaves=31
num_cat=0
split_feature=6 38 46 6 14 38 38 9 14 6 38 46 14 38 10 3 1 34 2 4 31 14 14 38 38 38 6 31 38 2
split_gain=46.8257 53.4506 34.4345 32.9103 49.2216 34.9355 67.9077 26.4418 23.2279 23.1552 22.4602 19.9967 23.1624 19.2431 18.5484 20.1018 19.8142 16.4837 15.5022 19.2013 20.5972 15.4305 36.2784 18.4473 24.9884 21.8889 23.9015 30.5423 20.1403 16.6654
threshold=-0.76476546117687028 76.500000000000014 17.000000000000004 0.38552475689601945 0.65617312780051662 26.500000000000004 40.500000000000007 -0.92242457797955535 -1.507797691239684 -0.91093414180513965 80.500000000000014 3.5000000000000004 -0.13387022158790915 5.5000000000000009 1.5567621339366637 0.57645830177368695 -0.039547896768107473 1.0115853302772086 -0.96613804688473948 -0.12569881666464167 -1.0065938218922881 -0.87931062798050552 -0.79743811077240079 156.50000000000003 157.50000000000003 146.50000000000003 0.6551983324215761 0.42911878705892037 163.50000000000003 2.347550888626138
decision_type=2 2 2 2 2 2 2 2 2 2 2 2 2 2 2 2 2 2 2 2 2 2 2 2 2 2 2 2 2 2
left_child=8 3 7 4 5 13 11 -3 14 -10 -9 -7 -13 -2 15 -1 18 -11 19 20 -17 -12 -23 25 -25 26 27 -24 -26 -30
right_child=1 2 -4 -5 -6 6 -8 10 9 17 21 12 -14 -15 -16 16 -18 -19 -20 -21 -22 22 23 24 28 -27 -28 -29 29 -31
leaf_value=-0.047906641176913754 -0.025614164332089701 -0.032346682975805105 -0.069690317345180275 -0.077187845828659077 0.15993983700063785 0.025809805512829659 -0.035407189613802334 0.086991163712268602 0.1522559368217371 0.039136376042799327 -0.021508726166100191 0.15227531905281488 -0.012110220146625595 -0.079119892848863477 0.060280442309065631 0.34819754856337043 0.070258001038356957 -0.070067393398349762 -0.064999427600556672 -0.012329251434527053 -0.039809327488063491 0.11727378383395795 0.0082758677048663156 0.1157359453577249 -0.067317801443136829 -0.079254046027927252 -0.068784898041007653 0.19089960001711181 0.017748845472960278 0.15449392257333971
leaf_weight=90.681913001462817 137.39296113699675 140.53934171702713 59.339381976984441 118.61459073703736 14.858100356534122 90.225732276216149 252.21900212857872 40.36923542805016 17.542778354138136 315.67639896459877 128.03920470736921 31.98790037445724 11.709019393660126 131.59737136214972 40.812486182898283 3.5749490596354008 41.101040706038475 14.4552512075752 32.917436420917511 16.267276998609304 2.2163338959217098 33.778645539656281 117.55348096881062 26.149713829159737 27.753871081396937 41.567848574370146 37.007288485765457 9.9313991982489807 572.02533707022667 9.0533970817923528
leaf_count=1059 3543 4876 1643 5261 182 1198 5963 394 163 3308 1451 341 263 4191 496 33 283 225 381 188 23 328 1598 224 365 695 1042 107 7002 90
internal_value=0 -0.00827216 0.00464658 -0.0286365 -0.020041 -0.0241229 -0.00484923 0.00837291 0.0240464 0.0403037 0.0138585 0.0527011 0.108227 -0.0517906 -0.000791023 -0.014137 0.0177364 0.0343547 -0.0215298 0.0433389 0.199707 0.0109146 0.0156601 0.011579 0.0200157 -0.0144191 0.00196492 0.0225027 0.0159045 0.0198794
internal_weight=0 2031.71 1243.11 788.605 669.99 655.132 386.142 1183.77 575.246 347.674 1043.23 133.923 43.6969 268.99 227.571 186.759 96.077 330.132 54.976 22.0586 5.79128 1002.86 874.821 841.042 634.982 206.06 164.492 127.485 608.833 581.079
internal_count=46916 40757 19815 20942 15681 15499 7765 18172 6159 3696 13296 1802 604 7734 2463 1967 908 3533 625 244 56 12902 11451 11123 7681 3442 2747 1705 7457 7092
is_linear=0
shrinkage=0.1


Tree=31
num_leaves=31
num_cat=0
split_feature=1 9 34 35 40 49 46 1 32 2 46 35 38 49 35 25 16 27 5 11 46 32 25 46 38 28 33 42 34 46
split_gain=44.6474 34.4845 23.2108 21.2476 31.287 21.2331 20.5078 18.7794 17.6991 16.1462 16.0761 15.4327 15.4147 14.045 16.2628 23.653 16.554 14.4461 15.0173 13.4947 11.353 11.2843 11.2532 11.0832 11.0539 13.7762 11.6942 10.7187 10.4796 10.0815
threshold=0.65485831979133691 0.19112862607662964 0.014570040978461653 3.9977012123164815 0.43500000000000005 12.500000000000002 21.500000000000004 2.2562619842223239 1.4702809718934693 -0.81646623089232806 31.500000000000004 0.99069191928338418 26.500000000000004 10.500000000000002 1.994600120183083 -0.31815164077290448 -0.037238126640992179 2.5559269089266938 1.3674286231048896 2.28977534983721 13.500000000000002 -1.8305200027453521 -0.093500922793219268 3.5000000000000004 400.50000000000006 0.52735236834965626 -0.093042441944846108 0.78125000000000011 1.999681585647987 27.000000000000004
decision_type=2 2 2 2 2 2 2 2 2 2 2 2 2 2 2 2 2 2 2 2 2 2 2 2 2 2 2 2 2 2
left_child=1 2 12 5 28 13 7 8 -2 -6 -8 -10 21 17 16 -16 -15 18 -3 24 -9 -1 -13 27 26 -26 -18 -19 -5 -7
right_child=6 3 -4 4 9 29 10 20 11 -11 -12 22 -14 14 15 -17 19 23 -20 -21 -22 -23 -24 -25 25 -27 -28 -29 -30 -31
leaf_value=0.22380063612338846 0.0078521920876278642 -0.02019516581095375 -0.051919968567706559 0.10295645005710839 0.04770440528805607 -0.062209159733085773 -0.075098148599406694 0.078770214054603771 -0.021360967654183795 -0.0073429769810963337 0.1703153495820586 0.24167960823282231 -0.001397083848426616 0.37248002935015068 0.39961279948383227 -0.022317123541718359 -0.072700429883489348 0.12485857049218159 0.026423307076654315 0.2738340282749348 0.0068839541288134402 -0.057218071469077647 0.062041744493821563 -0.066134550297137149 0.074672032961429824 0.34422603729080881 0.046054904452059162 0.010822258960388152 -0.088236426132493148 0.19407039978607557
leaf_weight=1.4562843050807703 577.36393639910966 483.20288798026741 261.31727153155953 50.124212637543678 73.824771073646843 78.934459806419909 33.53829881735146 81.053438037633896 23.695826791226864 191.50570090580732 2.9000266306102267 3.6297682709991923 273.41248008050025 1.6595594426617015 1.3614888433367003 55.061997166834772 11.567488400265569 17.987130487337708 80.629873346537352 2.6493020039051762 30.138382269069552 75.996247322298586 88.80223311111331 6.9662808794528237 20.525249365717176 2.0889620259404174 29.284873758442703 15.214211463928221 3.0407447814941397 1.5653975103050459
leaf_count=28 7725 6549 12518 434 887 1608 599 1085 199 2469 26 30 6163 28 24 785 328 120 692 36 249 2894 738 45 195 22 297 103 22 18
internal_value=0 -0.0102511 -0.0293573 0.000125522 0.022003 -0.00849063 0.0178112 0.021134 0.0150169 0.00797324 -0.0555664 0.0506383 -0.012553 -0.00310315 0.0275232 -0.012136 0.0605398 -0.00940077 -0.0135286 0.0527098 0.0592855 -0.0519343 0.0690961 0.0485413 0.0434794 0.0995718 0.0124289 0.0726025 0.0920213 -0.0572256
internal_weight=0 1739.38 612.182 1127.19 318.495 808.699 841.122 804.684 693.492 265.33 36.4383 116.128 350.865 728.199 124.199 56.4235 67.7754 604 563.833 66.1159 111.192 77.4525 92.432 40.1676 63.4666 22.6142 40.8524 33.2013 53.165 80.4999
internal_count=46916 36265 21603 14662 3812 10850 10651 10026 8692 3356 625 967 9085 9224 1715 809 906 7509 7241 878 1334 2922 768 268 842 217 625 223 456 1626
is_linear=0
shrinkage=0.1


Tree=32
num_leaves=31
num_cat=0
split_feature=9 14 14 14 38 35 10 14 0 34 6 29 38 38 28 34 34 1 1 10 14 38 31 38 38 38 38 34 3 6
split_gain=39.2226 33.2719 29.4998 54.9622 46.5158 24.9738 27.0477 24.2096 22.5564 28.3489 19.3397 18.9446 17.2001 38.0621 16.6488 16.0023 15.1719 15.1081 13.9141 16.6686 13.8966 13.1516 18.9372 21.6185 31.9677 18.0433 16.9783 35.592 26.8948 18.8054
threshold=1.352687448232494 -0.31088105238690883 -0.15391088714397466 -0.11344358914004483 90.500000000000014 4.9911352451072073 1.5567621339366637 0.9339492431873897 -0.60171523811825878 0.98129353481353732 -0.39239838326859328 0.19511648960278563 11.500000000000002 9.5000000000000018 -0.57849567634841426 0.011960726152432974 1.0156382225617644 -1.4134642502692507 0.35285791081930978 0.35236902138200082 -1.0819586647199941 661.50000000000011 0.56783674866666456 140.00000000000003 129.50000000000003 606.50000000000011 246.50000000000003 0.99724509272548179 -0.79698168859178498 0.12632717052676698
decision_type=2 2 2 2 2 2 2 2 2 2 2 2 2 2 2 2 2 2 2 2 2 2 2 2 2 2 2 2 2 2
left_child=1 5 -3 -4 12 6 10 16 -7 -10 -1 14 13 17 20 -8 21 -5 -9 -20 -2 22 26 24 -24 -25 -6 29 -29 -28
right_child=11 2 3 4 7 8 15 18 9 -11 -12 -13 -14 -15 -16 -17 -18 -19 19 -21 -22 -23 23 25 -26 -27 27 28 -30 -31
leaf_value=-0.0096544284832430043 0.11002442522128937 -0.063402623412579059 0.070447603288950514 0.5158388731438629 -0.0036380820195551348 0.19873884825311661 0.061531564618719531 -0.050129419270904169 0.092089764541431141 -0.033412685033218481 0.096031628878635825 0.055397778899695271 -0.061346258081658223 0.14824211426666789 -0.0011757456267154967 -0.0075902316914581817 -0.079231787766215034 -0.044202726193410327 0.39361336991928053 0.014783387651848754 0.02625652371909374 -0.0065386295029850787 0.15164935115162703 0.034672488446191634 0.8418627030946676 0.43801518698513492 0.047327536639173495 0.533441711271187 0.12488470264034533 -0.088360700564058911
leaf_weight=754.29859518259764 24.066622998565435 139.36967454478145 71.014669043943286 0.48551430646330018 80.617376076057553 9.9561244249343854 102.32506113499403 109.43748439941555 42.033418193459511 31.476107000373304 17.72144178673625 131.91833084635437 262.57259328570217 13.042263528332112 296.55635281093419 49.789989164099097 15.749985863454638 61.169677058234811 1.2246558712795401 22.513325986452401 111.813511274755 104.09772345423698 1.9296477278694504 8.9457273967564088 1.0287984348833559 1.2660553865134705 38.622801881283522 1.7095734477043176 28.015274498611689 13.886367943137882
leaf_count=11880 214 3459 711 25 1762 81 1489 3622 268 414 270 1219 11398 165 2151 527 601 2412 28 385 831 1581 49 143 16 18 504 32 470 191
internal_value=0 -0.00765199 -0.0208042 -0.0137139 -0.0215132 0.00509688 0.000365532 0.000330937 0.0574825 0.0383508 -0.00722844 0.0222255 -0.0493013 -0.0069615 0.012106 0.0389068 0.0162679 -0.0397926 -0.0350753 0.0343274 0.0410932 0.0216374 0.0383005 0.153639 0.391671 0.0846789 0.0289728 0.0609425 0.148382 0.011444
internal_weight=0 1984.3 976.699 837.33 766.315 1007.6 924.135 429.045 83.4656 73.5095 772.02 564.355 337.27 74.6975 432.436 152.115 295.869 61.6552 133.175 23.738 135.88 280.119 176.022 13.1702 2.95845 10.2118 162.851 82.234 29.7248 52.5092
internal_count=46916 42501 27572 24113 23402 14929 14166 9402 763 682 12150 4415 14000 2602 3196 2016 5367 2437 4035 413 1045 4766 3185 226 65 161 2959 1197 502 695
is_linear=0
shrinkage=0.1


Tree=33
num_leaves=31
num_cat=0
split_feature=10 9 35 40 40 34 14 24 3 49 38 35 40 0 25 2 29 27 34 0 49 31 38 10 0 38 12 14 32 29
split_gain=33.5784 31.4257 26.6235 54.4385 32.1604 26.1423 17.0457 16.68 16.3969 16.0329 18.624 16.9559 23.4459 23.0011 17.7206 14.0559 13.6475 15.0363 13.4338 13.2071 14.0494 20.0397 17.2053 13.6977 15.4352 18.6275 14.309 18.6246 12.5952 12.8088
threshold=1.5567621339366637 -0.72433280891960394 3.0237255918335433 0.33500000000000008 0.43500000000000005 0.011960726152432974 -1.1453800006332731 -0.26900390894852083 -0.82774308012695974 12.500000000000002 1394.0000000000002 0.018943009010952715 0.13500000000000004 -0.75392650735976374 -0.92526602570077909 2.4687022586098082 -0.70887247345329951 2.0154124507440128 1.0126000703864766 -0.74839647435448442 1.5000000000000002 -0.46146324695911667 3273.0000000000005 -1.1974701554032186 -0.90535538846044694 82.500000000000014 1.0266401621536236 0.77957180277502613 -0.87909931522677331 0.27022563507454217
decision_type=2 2 2 2 2 2 2 2 2 2 2 2 2 2 2 2 2 2 2 2 2 2 2 2 2 2 2 2 2 2
left_child=1 7 3 9 18 16 -6 -1 -5 11 -11 13 -13 -3 -14 19 17 -2 -4 23 22 -22 -21 24 -16 -26 27 -25 -8 -30
right_child=5 2 4 8 6 -7 28 -9 -10 10 -12 12 14 -15 15 -17 -18 -19 -20 20 21 -23 -24 26 25 -27 -28 -29 29 -31
leaf_value=0.59224898208722165 -4.9795802642394213e-05 -0.043233992410232125 0.092884381592953244 0.31026774854048661 0.049166779463470846 -0.0024701271026895243 -0.088090999335854347 -0.034375791208592028 -0.061366275924226103 -0.077095805619071076 0.053550920119901237 0.056316709631893939 0.38852158598928932 0.0072266139906291167 0.027198357014249819 0.21450161279270594 0.064618097939501309 -0.32123711237413266 -0.087141232364615032 -0.034174544903262487 0.040141348505646456 -0.013262544646899322 0.22361634889158544 0.022969595173821099 0.61737663167400125 0.1499118117958313 -0.11607614508069919 0.32229353939129196 -0.0071876210937404069 0.036426734928740136
leaf_weight=0.42533752135932346 13.744016133248804 158.55832231696695 65.964353907853365 1.1951298695057619 86.057497214525938 139.3534278832376 15.615835580974815 334.14537954702973 179.33739281259477 49.941544752568007 13.961685377173124 101.94114430155605 1.1998265832662571 209.93355168122798 4.7482576509937644 3.1513296626508227 156.71180884540081 1.6304590888321389 4.4230029601603738 156.32514480315149 112.83895890787244 186.2390649644658 2.6325753182172766 142.43043531756848 1.2315856395289282 2.7688311915844679 7.308824833482503 2.1095517110079518 271.2116268845275 89.576521306298673
leaf_count=15 190 2549 642 26 671 1268 379 13422 4296 955 211 731 28 3298 64 40 2292 24 32 2478 1207 3682 34 1978 29 32 205 37 4658 1443
internal_value=0 -0.00535184 -0.000303444 -0.00783229 0.0185996 0.0297257 0.00901517 -0.0335792 -0.058906 0.000134796 -0.0485519 0.00298022 0.0118586 -0.0144861 0.0045838 0.00384293 0.0557974 -0.0341116 0.0815719 0.00276983 -0.00588196 0.00688618 -0.0299051 0.0274454 0.149117 0.293828 0.0204354 0.0273382 -0.000164719 0.00364096
internal_weight=0 2205.27 1870.7 1337.85 532.849 311.44 462.461 334.571 180.533 1157.32 63.9032 1093.42 724.926 368.492 622.984 621.785 172.086 15.3745 70.3874 618.633 458.036 299.078 158.958 160.597 8.74867 4.00042 151.849 144.54 376.404 360.788
internal_count=46916 43142 29705 21880 7825 3774 7151 13437 4322 17558 1166 16392 10545 5847 9814 9786 2506 214 674 9746 7401 4889 2512 2345 125 61 2220 2015 6480 6101
is_linear=0
shrinkage=0.1


Tree=34
num_leaves=31
num_cat=0
split_feature=6 38 14 6 38 38 34 14 31 14 14 38 38 38 38 22 38 46 14 38 6 31 9 38 14 7 23 46 31 38
split_gain=30.2659 40.5178 26.498 32.0201 27.5154 51.5017 24.1973 19.3862 19.2098 19.1596 31.6273 22.7544 27.5568 25.0369 18.8746 21.0609 20.7731 17.7244 18.3453 16.5156 16.9507 26.8637 16.7147 16.0823 14.7072 21.9245 14.6901 14.1584 15.8828 19.4547
threshold=-0.76476546117687028 76.500000000000014 0.69757063284619469 0.30776492341708156 26.500000000000004 40.500000000000007 1.989063561089101 -1.507797691239684 -0.94349668664416353 -0.87931062798050552 -0.79743811077240079 86.500000000000014 156.50000000000003 157.50000000000003 180.00000000000003 -0.64004026857949914 183.50000000000003 3.5000000000000004 0.02235317824770856 146.50000000000003 0.66965681419592571 0.42911878705892037 0.33832883109019352 5.5000000000000009 -2.535449313321108 -1.2584993330081187 0.16867681273885674 3.5000000000000004 1.1887861214362541 549.50000000000011
decision_type=2 2 2 2 2 2 2 2 2 2 2 2 2 2 2 2 2 2 2 2 2 2 2 2 2 2 2 2 2 2
left_child=7 2 3 4 23 17 9 24 -9 -3 -11 -12 19 -14 15 -15 -16 -6 -19 20 21 22 -13 -2 25 -1 -26 -18 29 -29
right_child=1 6 -4 -5 5 -7 -8 8 -10 10 11 12 13 14 16 -17 27 18 -20 -21 -22 -23 -24 -25 26 -27 -28 28 -30 -31
leaf_value=-0.089778687211196362 -0.02326385915708664 -0.026948428594096321 -0.072591012327242674 0.11375526608995307 0.020697393452966499 -0.032486570319453685 -0.063769769309400426 0.13730497275063019 0.029133565548226888 0.10415649128901781 0.069450211191601427 -0.060755500607814178 0.10841392650637222 0.35933902725328781 0.12953174734038578 -0.057095219211216887 -0.0067304721922919301 0.13159568458773613 -0.0367608144125856 -0.079630156735579258 -0.072951735246220409 0.13647646269247662 0.017497191059240545 -0.074632993295046995 -0.024627985313886082 0.1060850498504981 0.064860646873943342 0.061994407772296457 -0.024791111710399372 0.011853921124558169
leaf_weight=7.5030286163091686 128.70815980806947 142.07175305020064 102.42087061982602 17.988862950354815 90.398368142545223 233.61461943946779 49.813979695551097 17.308569619432092 318.78456425480545 36.124605066142976 58.250147188082337 42.74927385430783 27.342538449913263 1.2442779727280129 15.61471023596823 50.681202716194093 230.94529106467962 33.853426462039351 8.0023787682875973 45.837568338029087 35.787454870529473 13.835963080637155 75.510897705331445 115.76033635437489 163.03735131397843 23.982878893613815 20.669365348294377 135.96099273767322 54.967318197712302 179.60869771707803
leaf_count=74 3543 1941 5261 205 1198 5942 1602 156 3540 399 709 1508 255 10 161 1063 3031 378 226 1134 1281 187 752 4189 1905 181 303 1849 1352 2581
internal_value=0 -0.0068727 -0.0254258 -0.0177376 -0.0216132 -0.00425709 0.00445983 0.0196991 0.0347043 0.00742423 0.0122859 0.00885862 0.00498045 0.0146205 0.0107872 -0.0471163 0.0156595 0.0456076 0.0994077 -0.0264295 -0.0119041 0.00463495 -0.01079 -0.0475881 -0.00373637 0.0594111 -0.0145594 0.0127033 0.0248158 0.0334566
internal_weight=0 1927.09 730.747 628.326 610.337 365.869 1196.35 551.286 336.093 1146.53 1004.46 968.336 910.086 696.365 669.022 51.9255 617.097 132.254 41.8558 213.721 167.884 132.096 118.26 244.468 215.193 31.4859 183.707 601.482 370.537 315.57
internal_count=46916 40757 20942 15681 15476 7744 19815 6159 3696 18213 16272 15873 15164 10302 10047 1073 8974 1802 604 4862 3728 2447 2260 7732 2463 255 2208 8813 5782 4430
is_linear=0
shrinkage=0.1


Tree=35
num_leaves=31
num_cat=0
split_feature=1 9 38 14 6 6 38 9 3 38 46 46 1 32 35 25 35 21 4 7 4 40 14 13 4 3 32 10 27 14
split_gain=27.5475 26.661 19.6536 27.3082 25.8783 28.4412 24.2284 14.7725 23.9638 14.6479 14.5056 13.4728 12.8837 12.5311 20.0581 11.9311 12.3525 11.7907 11.709 18.0354 12.187 12.6482 11.773 11.1699 14.0461 12.9114 18.6712 26.9193 15.3634 11.7608
threshold=0.65485831979133691 -1.104322946260998 168.50000000000003 -0.11344358914004483 -0.26793102146525877 -0.42135202072452688 169.50000000000003 -1.05080444734391 -0.50014798218527423 60.500000000000007 21.500000000000004 31.500000000000004 2.2562619842223239 1.0162709575547793 0.99011426682197545 0.1990767998630833 -0.0043107229758040959 2.1147015419454438 1.8993584984592189 -1.2584993330081187 0.069630724840634442 0.54500000000000015 0.58432029375154493 0.6790881637417775 -0.42202610372288524 -0.10307292950163965 0.4357846247069323 -0.76186847956643688 0.53648578783333378 0.085064421622438102
decision_type=2 2 2 2 2 2 2 2 2 2 2 2 2 2 2 2 2 2 2 2 2 2 2 2 2 2 2 2 2 2
left_child=1 -1 3 4 5 9 -4 8 -8 15 12 -12 13 -2 -15 -3 -17 18 20 -20 22 -22 23 24 25 26 27 -9 -28 -27
right_child=10 2 6 -5 -6 -7 7 17 -10 -11 11 -13 -14 14 -16 16 -18 -19 19 -21 21 -23 -24 -25 -26 29 28 -29 -30 -31
leaf_value=-0.051735709162070681 0.0031245384000650549 -0.031005817933273606 0.14043126287915772 -0.036041747334833618 0.061109347234837533 -0.052184856885427837 0.63707866485733355 0.61407048769815065 0.062391210241908461 0.037277024201753786 -0.070631170153294731 0.14919203005158854 0.050523930002830689 -0.023794652090415005 0.050624559669639517 0.29679078782867996 0.010040217052381995 0.27856667423213682 -0.10904972767484977 0.13991706657486394 -0.030829857689821938 0.12170094489635563 -0.012144235331014377 -0.0015622737099924482 0.013286932065088342 0.10899592846612245 0.5101401026264778 0.023868406076904918 0.1764449800693807 0.013430958819805681
leaf_weight=130.28259456716478 470.02677049394697 114.14373114984483 13.629482965916393 350.00177906267345 61.314117416739464 110.78373956400901 0.94403141457587469 0.83421951718628484 3.135788337327539 104.65652798861265 30.234639596194029 3.0713487882167092 100.02701571583748 47.462499015033245 152.86715442314744 1.5202851817011822 126.77011783048511 1.5655669476836909 3.722543781623247 13.324727267026899 132.82371473591775 5.6684370245784512 168.86332651879638 130.60327726509422 104.71483845170587 19.78639111481607 2.0073952712118617 10.494762132875621 4.4124783603474498 36.881766271777451
leaf_count=6350 6851 2409 117 12346 487 2656 33 21 99 1241 599 26 1334 442 1399 15 1476 23 31 81 1606 53 3238 1413 1468 309 24 252 53 464
internal_value=0 -0.00831798 -0.00460291 -0.0144535 9.97757e-05 -0.00807004 0.00850071 0.00569016 0.195368 0.00601045 0.0142525 -0.0503599 0.0170459 0.0120504 0.032993 -0.00748704 0.0134383 0.00447284 0.00379616 0.0855512 0.00153765 -0.0245868 0.0090973 0.0206779 0.036893 0.0701099 0.144538 0.0673285 0.280786 0.0467987
internal_weight=0 1652.89 1522.6 869.19 519.189 457.874 653.413 639.783 4.07982 347.091 803.689 33.306 770.383 670.356 200.33 242.434 128.29 635.703 634.138 17.0473 617.091 138.492 478.598 309.735 179.132 74.417 17.7489 11.329 6.41987 56.6682
internal_count=46916 36265 29915 20630 8284 7797 9285 9168 132 5141 10651 625 10026 8692 1841 3900 1491 9036 9013 112 8901 1659 7242 4004 2591 1123 350 273 77 773
is_linear=0
shrinkage=0.1


Tree=36
num_leaves=31
num_cat=0
split_feature=9 4 10 34 8 34 6 38 38 12 28 46 46 40 0 17 6 6 29 29 1 20 19 1 29 23 15 25 11 9
split_gain=25.6719 24.1529 16.6277 17.4628 15.9733 17.3683 15.758 14.8621 16.7952 13.6209 18.1365 13.0878 12.483 11.9682 18.9889 11.7628 11.0323 19.5826 14.4064 10.9556 24.4196 10.7986 9.98506 12.176 9.68614 9.49318 9.27294 15.342 11.4566 9.36162
threshold=1.352687448232494 -0.61319608885753196 2.1918874436669324 1.989063561089101 -0.66568726596814198 0.012247426097250042 0.6551983324215761 8.5000000000000018 10.500000000000002 -1.0510466881173446 1.7534944332920599 27.000000000000004 10.500000000000002 0.53500000000000014 -0.59218138249092889 -0.013100217170837454 -0.9160905038238143 -0.91093414180513965 -0.65807466480399734 0.27022563507454217 -0.83604383459826337 3.271792583378804 -0.27596945125938421 2.3947343989335139 -0.81221289258878071 0.72146275252109626 -0.041344585584279052 0.70174403488205528 0.28132585324646903 0.097920675653465919
decision_type=2 2 2 2 2 2 2 2 2 2 2 2 2 2 2 2 2 2 2 2 2 2 2 2 2 2 2 2 2 2
left_child=1 6 3 7 5 -2 13 25 -9 10 -10 -5 -4 -1 -15 -16 19 18 -18 -11 -21 -7 23 -14 -17 -3 27 29 -28 -27
right_child=4 2 12 11 -6 21 -8 8 9 16 -12 -13 22 14 15 24 17 -19 -20 20 -22 -23 -24 -25 -26 26 28 -29 -30 -31
leaf_value=-0.024578847808669195 0.070617120152195054 -0.055733972136567445 0.066910127223880497 -0.082897400205160565 0.0068170886373532793 -0.014402513281777708 -0.059317965569017028 0.1344762432159807 0.029295664963572877 -0.066053000953930074 0.29549168839121964 0.12520379853566485 0.27269395207368469 0.24927033032838608 0.39692920021881262 0.23384320980382045 0.41226466190464717 -0.0012371932657076878 0.086652223138432807 0.2921837487125391 -0.018074247149645218 0.086751251473019611 -0.029772941709652657 0.015006645850278656 -0.0076176003897397834 0.13126135428702537 -0.4703133592080545 0.4626623787752478 -0.032961336499769421 -0.034056705282976232
leaf_weight=211.46626828797162 99.346720529720187 76.852427525445819 60.893389645963907 39.148687723092735 375.51555010676384 54.945384884253144 118.84079994447529 9.3866259502246958 92.135015766136348 52.088140025734901 2.6326097995042792 3.2749718390405169 2.5814036689698678 3.753985356539487 0.78031489811837573 1.7482580170035351 1.6402053348720071 1079.2789314184338 7.9197760485112649 2.7511796336621037 32.562183486297727 13.062728516757486 32.660141183063388 6.3303306587040424 33.414471360854805 6.1226749289780855 0.64955943077802469 0.90973058715462762 7.6878104163333774 7.7754492573440075
leaf_count=6473 1190 2494 1016 1526 2762 393 5920 122 908 636 34 41 31 20 17 16 14 21037 72 32 386 70 346 61 761 150 17 15 188 168
internal_value=0 -0.00639626 -0.000836247 -0.00363816 0.0182684 0.0439631 -0.0293165 -0.00169601 0.00120375 0.000219506 0.0366905 -0.0668326 0.0380707 -0.015121 0.0352613 0.0129096 -0.0027189 2.497e-05 0.142518 -0.0369017 0.00609721 0.0050267 -0.00417249 0.0896492 0.00438761 -0.0388252 0.0173196 0.0648144 -0.0670352 0.0387725
internal_weight=0 1895.29 1525.28 1422.82 542.87 167.355 370.004 1380.39 1280.39 1271.01 94.7676 42.4237 102.465 251.163 39.697 35.943 1176.24 1088.84 9.55998 87.4015 35.3134 68.0081 41.5719 8.91173 35.1627 99.9977 23.1452 14.8079 8.33737 13.8981
internal_count=46916 42501 29294 27840 4415 1653 13207 26273 23241 23119 942 1567 1454 7287 814 794 22177 21123 86 1054 418 463 438 92 777 3032 538 333 205 318
is_linear=0
shrinkage=0.1


Tree=37
num_leaves=31
num_cat=0
split_feature=35 40 40 0 35 25 5 22 38 6 14 2 38 34 32 27 20 9 0 27 30 8 33 18 10 8 49 3 46 35
split_gain=24.5437 70.41 42.336 18.0391 59.4748 21.9541 18.008 15.3093 15.2691 18.4281 22.5682 16.6073 14.1915 12.9833 12.1354 26.5639 11.8463 10.5362 15.2208 10.4267 10.4243 10.1661 13.3806 23.6588 10.0757 10.0744 10.0399 9.6963 10.5839 9.67569
threshold=3.0237255918335433 0.33500000000000008 0.43500000000000005 -0.59800622911466672 4.0280457769682547 -1.043374087013363 -0.23836884367853592 -0.46936259655153578 156.50000000000003 -0.013136259568622037 0.19611540721822759 -0.86425648418845868 146.50000000000003 0.99445074099437525 -1.2327959014119252 -1.0616369574878262 -0.1180935811934667 1.065836652946264 0.73547655698690162 2.7793424806104712 -0.075823280685782812 0.57860990682151414 -0.3055302708556869 -1.0200161857944263 0.46410416001286869 2.8350084938038163 12.500000000000002 -0.82774308012695974 1.0000000180025095e-35 1.9986246719170804
decision_type=2 2 2 2 2 2 2 2 2 2 2 2 2 2 2 2 2 2 2 2 2 2 2 2 2 2 2 2 2 2
left_child=1 7 -2 4 21 -6 -5 24 9 10 12 14 19 17 15 -10 -3 -8 -19 26 -15 -4 23 -23 -1 -26 29 -18 -29 -9
right_child=2 16 3 6 5 -7 13 8 11 -11 -12 -13 -14 20 -16 -17 27 18 -20 -21 -22 22 -24 -25 25 -27 -28 28 -30 -31
leaf_value=0.15102007352153701 0.084083430499516276 -0.078150715482615221 -0.0018230641231100225 -0.026696720771274041 0.47372751190874846 0.14969013586329324 0.015467938984975725 -0.015664518096388164 0.088947515367773511 -0.051387643130979703 0.21790064507527931 -0.003534292160728945 -0.086257606423452107 -0.0052925944291793122 0.033322856371723948 0.68862284538098995 0.19383220303502086 0.11164827654248749 -0.016129714251108099 0.09795178914086633 -0.10701244818951049 0.019975161805021166 -0.057570978149479014 0.76890322440640968 0.012589950804532775 0.16621316867644309 -0.10678318697303246 0.034716180999685993 -0.049947275618104858 0.020576045640887459
leaf_weight=5.4220735300332299 78.915330709889531 125.20291091222316 87.045957071706653 185.60707482509315 2.3090910753235248 22.123593254946172 163.00446168147027 252.92256783228368 4.519289392977953 124.34091256372631 4.3991784369572988 350.37188680563122 22.908221769146621 86.724863456562161 106.20979519654065 0.8830142579972734 1.8330981899052847 29.376292517408729 13.655930757522581 9.5524781681597215 11.399006931111215 0.90099108684808016 1.2824193192645896 0.79310318455100082 483.59140997566283 4.3068259684368959 9.9836315913125855 17.216517187654972 103.72292286343873 103.94763428997248
leaf_count=44 829 4987 1748 4963 25 191 2269 5395 103 5727 62 5367 590 1673 1350 28 28 254 121 74 234 29 14 13 6354 51 279 181 1934 1999
internal_value=0 -0.00718454 0.0151994 0.0062027 0.0419453 0.180314 -0.00215009 0.00106079 -0.00611042 -0.0177264 -0.00735894 0.00716679 -0.00984059 0.0128289 0.0407595 0.186965 -0.0565071 0.0270869 0.071099 -0.00518982 -0.0171093 0.00439109 0.186119 0.370592 0.0154526 0.013946 -0.00787552 -0.034435 -0.0378949 -0.00510852
internal_weight=0 1731.33 683.138 604.223 114.455 24.4327 489.768 1483.36 990.039 528.055 403.714 461.984 399.315 304.161 111.612 5.4023 247.975 206.037 43.0322 376.406 98.1239 90.0225 2.97651 1.69409 493.32 487.898 366.854 122.773 120.939 356.87
internal_count=46916 34553 12363 11534 2020 216 9514 27423 20974 14126 8399 6848 8337 4551 1481 131 7130 2644 375 7747 1907 1804 56 42 6449 6405 7673 2143 2115 7394
is_linear=0
shrinkage=0.1


Tree=38
num_leaves=31
num_cat=0
split_feature=34 10 9 35 40 40 34 46 7 2 49 6 38 24 38 6 6 30 49 29 29 13 14 0 2 13 10 49 28 38
split_gain=21.8014 20.9618 19.2714 19.9005 37.3825 28.313 15.5495 15.3247 13.8691 12.422 13.384 12.2014 11.5835 11.4034 10.8829 11.8889 17.0375 10.9181 10.5464 10.0263 9.9293 9.80501 9.79994 11.1554 12.6224 11.3327 15.1946 12.227 10.0493 9.80163
threshold=1.012062357354049 1.5567621339366637 -0.88185336575971218 3.0237255918335433 0.34500000000000003 0.43500000000000005 0.0083076362914573133 27.000000000000004 2.6560355652131658 -0.81646623089232806 4.5000000000000009 1.1851951845064732 3273.0000000000005 -0.26900390894852083 76.500000000000014 -0.013136259568622037 -0.044604971277517988 -0.059382672455081248 14.500000000000002 -0.26171378769043802 -0.70887247345329951 -0.80583300808127123 0.72298132108012236 0.40941872087429443 1.15071709508007 -0.63680437549080737 1.3793458902605169 4.5000000000000009 -0.32646261606748778 9.5000000000000018
decision_type=2 2 2 2 2 2 2 2 2 2 2 2 2 2 2 2 2 2 2 2 2 2 2 2 2 2 2 2 2 2
left_child=1 2 13 4 11 -5 20 -2 -6 10 -7 14 -13 -1 15 16 17 -4 -12 -9 -3 -16 23 25 -25 26 27 -11 -26 -27
right_child=7 6 3 5 8 9 -8 19 -10 22 18 12 -14 -15 21 -17 -18 -19 -20 -21 -22 -23 -24 24 28 29 -28 -29 -30 -31
leaf_value=0.43309998479217388 -0.056343369344864197 -0.030007726122595831 -0.0063288702139933269 0.085148476963016473 -0.077796298929435029 -0.0020181508895479594 0.00040814260000673344 -0.0057612982161906901 0.13265715891333571 0.48012195782142952 0.085624845995502241 -0.058510720207300297 0.17595123754906711 -0.027005399265894577 0.23245592745379695 -0.046231075676390163 0.18772633749225459 0.29184598677035017 -0.00021047480297905756 0.25387156419852525 0.057360811741597233 0.009229484517040901 -0.038669480668109678 -0.053631455281849483 -0.13294211495105079 -0.07437482465633545 -0.048266569678610288 0.13666090455246319 0.14796341896902285 0.01935865695455824
leaf_weight=0.53966865316033263 94.275348934344947 14.395923515781758 358.41195015702397 56.700026327744126 80.446843238547444 53.438996645621955 118.36850736290216 3.3966260245069861 3.2582159927114835 1.5283911805599917 55.544160763733089 48.55798429902643 2.2027273885905734 289.662203932181 1.973557106219231 76.442285196855664 4.6312353014945975 1.2322423551231612 19.283983502537012 2.646087482571601 134.91569681093097 661.84895449038595 55.990997541695833 44.830023365095258 1.6283905226737259 11.886692750267683 2.7474057599902153 3.2204583613201976 5.8442804934456936 181.48446590080857
leaf_count=11 2950 207 5894 642 2635 714 1036 38 80 29 796 1405 30 12443 26 3013 28 22 321 34 2242 7295 1533 610 20 341 34 74 70 2343
internal_value=0 0.00117937 -0.00229979 0.00169373 -0.00507331 0.0186618 0.0274776 -0.0464482 -0.0696044 0.0100437 0.0362061 -0.000397838 -0.0483364 -0.0261498 0.00180525 -0.010377 -0.0028531 -0.00530724 0.0635042 0.107931 0.0489371 0.00989314 -0.000810717 0.00756211 -0.0335746 0.0182735 0.138912 0.247202 0.0867505 0.0135968
internal_weight=0 2291.02 2023.34 1733.13 1239.01 494.128 267.68 100.318 83.7051 437.428 128.267 1155.3 50.7607 290.202 1104.54 440.718 364.275 359.644 74.8281 6.04271 149.312 663.823 309.161 253.17 52.3027 200.867 7.49626 4.74885 7.47267 193.371
internal_count=46916 43894 40409 27955 20428 7527 3485 3022 2715 6885 1831 17713 1435 12454 16278 8957 5944 5916 1117 72 2449 7321 5054 3521 700 2821 137 103 90 2684
is_linear=0
shrinkage=0.1


Tree=39
num_leaves=31
num_cat=0
split_feature=14 38 6 6 6 38 38 14 14 38 38 38 35 40 31 46 38 35 38 8 14 6 6 14 6 10 27 35 26 13
split_gain=20.4522 26.9495 19.6771 19.3255 24.5257 21.2276 39.6885 17.1298 21.0856 18.3073 15.4694 19.4304 14.8697 23.7958 19.9817 14.6466 14.5491 14.5298 20.305 19.9743 14.2252 23.6168 16.2056 13.6559 13.6463 13.1209 12.5956 12.7003 13.5405 12.6414
threshold=-1.1453800006332731 76.500000000000014 -0.78137799809396824 0.38552475689601945 0.30776492341708156 26.500000000000004 40.500000000000007 -0.87931062798050552 -0.79743811077240079 86.500000000000014 156.50000000000003 157.50000000000003 1.994600120183083 0.41500000000000004 -0.50533676882117262 3.5000000000000004 5.5000000000000009 0.99467985954073668 400.50000000000006 -1.1850867872748656 -0.06636319097911865 -0.12546839527887141 -0.13733148384043417 -0.13387022158790915 -0.69664361939547648 1.5567621339366637 2.6770165026469819 1.9962414412628025 1.9212205615625135 1.0989930231185741
decision_type=2 2 2 2 2 2 2 2 2 2 2 2 2 2 2 2 2 2 2 2 2 2 2 2 2 2 2 2 2 2
left_child=2 3 25 4 5 16 15 24 -9 -10 20 -12 14 -14 -13 -7 -2 19 -19 -16 -11 22 -22 -17 -3 26 27 28 -1 -29
right_child=1 7 -4 -5 -6 6 -8 8 9 10 11 12 13 -15 17 23 -18 18 -20 -21 21 -23 -24 -25 -26 -27 -28 29 -30 -31
leaf_value=-0.022904155459731693 -0.019205010357407043 -0.0078370405984804683 0.083976825676300201 -0.065785415524871757 0.098068588906959325 0.017751724009616904 -0.029179150344558848 0.081745153257004932 0.059680830811029775 -0.050089397962268994 0.091930987559176003 -0.06192261483046875 -0.031674226867165124 0.017271939945501583 0.3075407568081423 0.12422557876197382 -0.070596144496287053 0.0028452621537882593 0.086804767822629858 0.0043797875035723249 0.031915916263680705 -0.027279761154965332 0.19553380360454403 -0.0087200587608655938 -0.073094623786359295 0.047934150531196214 0.1352292055387101 0.0026729028779984157 0.12050772969849806 0.057161204161681869
leaf_weight=179.51401388365775 118.77295086160302 103.44336701184511 40.119023405015469 86.301431635860354 18.539947841316462 89.011789334006608 222.14124257862568 37.50890108756721 58.297698297537863 97.32504874188453 27.028122242540121 25.533686621114612 197.85818452294916 199.45194523967803 2.2072434639558187 30.216229120269418 102.74090157821774 45.672931337729096 77.992048101499677 141.44980235490948 21.385013613849878 73.455958294682205 8.4436073228716868 10.380639844574032 46.426276951096952 80.511308627203107 7.1515340916812411 148.53162116277963 6.8342410139739505 59.689037011004984
leaf_count=2098 3551 1487 292 5261 205 1198 5966 425 709 2342 255 384 3726 3117 26 341 4189 726 1097 2211 395 2163 90 263 726 1240 68 1661 65 639
internal_value=0 -0.00573211 0.0166866 -0.0215778 -0.0151311 -0.0187921 -0.00352145 0.00350315 0.00816886 0.00534153 0.00188996 0.0087562 0.00549893 -0.00710297 0.0225956 0.0404543 -0.0430409 0.0306685 0.0557962 0.00903776 -0.0226573 0.00319188 0.0782313 0.0902313 -0.0280524 0.0110885 0.00370398 0.0013201 -0.0176446 0.0182927
internal_weight=0 1841.58 522.351 678.105 591.804 573.264 351.75 1163.48 1013.61 976.101 917.804 717.194 690.166 397.31 292.856 129.609 221.514 267.322 123.665 143.657 200.61 103.285 29.8286 40.5969 149.87 482.232 401.72 394.569 186.348 208.221
internal_count=46916 40853 6063 20974 15713 15508 7768 19879 17666 17241 16532 11542 11287 6843 4444 1802 7740 4060 1823 2237 4990 2648 485 604 2213 5771 4531 4463 2163 2300
is_linear=0
shrinkage=0.1


Tree=40
num_leaves=31
num_cat=0
split_feature=46 6 38 14 6 14 38 38 38 6 14 38 38 38 38 38 10 38 6 31 18 21 31 38 38 6 34 12 0 19
split_gain=18.7782 16.1178 25.3748 18.1601 18.852 17.0072 16.1613 32.2918 15.442 14.6375 21.5137 13.252 14.9848 14.0882 13.875 15.2753 15.0112 13.686 12.6895 23.2611 13.4903 12.4527 12.0592 11.8794 11.7486 31.1546 25.6728 34.1534 18.5878 14.8312
threshold=17.000000000000004 -0.76476546117687028 73.500000000000014 0.69757063284619469 0.30776492341708156 -1.507797691239684 26.500000000000004 40.500000000000007 1394.0000000000002 -0.65707811744309386 -0.84522716306237211 86.500000000000014 156.50000000000003 157.50000000000003 180.00000000000003 183.50000000000003 2.6316347125661097 146.50000000000003 0.66965681419592571 0.42911878705892037 0.9712653399200385 -1.2649414902644571 -0.94349668664416353 5.5000000000000009 47.500000000000007 -0.093616748039016651 0.01894769564416722 0.33240317616356591 -0.93010697122136643 -0.57475209805551197
decision_type=2 2 2 2 2 2 2 2 2 2 2 2 2 2 2 2 2 2 2 2 2 2 2 2 2 2 2 2 2 2
left_child=1 5 3 4 6 -1 23 -8 -2 -4 -11 21 17 -14 16 -16 -15 18 19 20 -13 -12 -7 -3 25 -9 -26 28 -28 -27
right_child=8 2 9 -5 -6 22 7 24 -10 10 11 12 13 14 15 -17 -18 -19 -20 -21 -22 -23 -24 -25 26 29 27 -29 -30 -31
leaf_value=-0.0072406120331340341 -0.07490377212656954 -0.017046541025057284 -0.024448899235306465 -0.063538365441761516 0.083636886664231025 0.11187771565481484 0.036035754974087751 -0.063464868157047757 0.025546590464551433 0.10487146386625751 0.20922312004227975 -0.064902430311338452 0.081765555189899738 -0.050048126929572778 0.11087570094040883 0.010126509651073201 0.31775329931688895 -0.072696404934118025 -0.065395798095722046 0.12906739834997988 0.013296836927987336 0.039488106239513085 0.026107081259580858 -0.064993909743257597 -0.025810336143406394 0.53836823458348981 0.48540165446400652 0.58994880515952297 0.039135548909840119 0.10607091219944456
leaf_weight=186.7869326621294 58.473344120662659 116.8622151426971 141.54233202338219 81.117668851278722 19.509237576276064 17.340908633545041 130.84568375349045 99.712687856517732 20.729105228558183 23.315833693370223 4.6729685030877581 30.297574747353792 27.332595279440284 49.497740560211241 15.438215892761944 596.84411521069705 1.135100632905959 39.343645255081356 29.730996681377292 13.937100810930131 81.143683343194425 57.6087312172167 299.67518837749958 92.632789998315275 87.166970047168434 0.97164441365748633 0.99420692771673636 1.3498725509271015 15.244974261149764 4.3313693255186072
leaf_count=2173 2137 3529 1999 5220 205 147 1802 3057 446 242 59 1280 255 1083 161 8853 8 1134 1281 186 981 738 3333 3943 2242 23 15 30 262 92
internal_value=0 0.000921928 -0.00358668 -0.0192702 -0.0129662 0.0166955 -0.0163921 -0.00295005 -0.0486136 0.0055926 0.00997491 0.00763844 0.00449973 0.0114074 0.00850649 0.0126668 -0.0418027 -0.0200204 -0.0066591 0.00726914 -0.00796323 0.0522232 0.0307988 -0.0382475 -0.0272675 -0.050904 -0.00357252 0.106633 0.0664572 0.185279
internal_weight=0 2266.38 1762.58 650.739 569.622 503.803 550.112 340.617 79.2024 1111.84 970.298 946.982 884.701 690.248 662.915 612.282 50.6328 194.453 155.109 125.378 111.441 62.2817 317.016 209.495 209.772 105.016 104.756 17.5891 16.2392 5.30301
internal_count=46916 44333 38680 20420 15200 5653 14995 7523 2583 18260 16261 16019 15222 10360 10105 9014 1091 4862 3728 2447 2261 797 3480 7472 5721 3172 2549 307 277 115
is_linear=0
shrinkage=0.1


Tree=41
num_leaves=31
num_cat=0
split_feature=29 1 32 34 4 19 9 34 10 32 7 5 14 19 14 3 38 34 2 2 14 35 10 14 49 38 38 0 12 27
split_gain=16.36 15.9118 15.15 13.5491 14.3006 12.487 12.019 10.2717 10.4565 10.215 26.2979 14.1525 12.4741 11.6617 13.9167 11.2825 17.9953 9.71793 9.62359 18.6547 12.03 11.6942 11.6371 9.5359 15.3202 14.4384 15.6973 13.8928 21.6847 19.5245
threshold=0.27022563507454217 1.1478581980228966 2.5853594771023571 1.989063561089101 2.9304020944050824 -0.66737289241651221 1.352687448232494 0.014570040978461653 1.1044997623069388 -0.77150088090669044 2.8601504896602075 -0.35909015378417769 -1.507797691239684 -0.64717691452286064 -1.4620574590608693 -0.80552815524015253 251.50000000000003 0.0049321820496358278 1.0578056203252764 0.38779425069788115 -0.087643560554820241 3.0087696096762064 2.195988829225513 -0.33115654222669139 1.5000000000000002 617.50000000000011 641.50000000000011 0.073640021032865696 0.8790427239957993 -0.77951590259058678
decision_type=2 2 2 2 2 2 2 2 2 2 2 2 2 2 2 2 2 2 2 2 2 2 2 2 2 2 2 2 2 2
left_child=1 2 3 4 9 -3 23 18 -9 10 11 -1 -11 14 -14 16 -13 -8 19 22 21 -20 -7 24 -2 -25 -27 -28 -29 -30
right_child=6 5 -4 -5 -6 7 17 8 -10 12 -12 15 13 -15 -16 -17 -18 -19 20 -21 -22 -23 -24 25 -26 26 27 28 29 -31
leaf_value=-0.079107999404316384 -0.0095211836393564678 0.21750779457445413 0.073716643798203418 -0.073287437364768546 0.13981938872764757 0.0028165335378687118 0.069658845766693497 0.15537078185196693 -0.012658777730273688 -0.053551081267105373 0.6843579751085076 -0.10646325241031439 0.23463700382987482 -0.010682813480295332 0.012205172438059518 -0.019946651231040849 0.63834385935348315 0.0098755852819644493 -0.12702351685401725 0.095513393637945976 0.053441020105315665 0.071527720544059661 0.078362394310782929 -0.023834816363457835 0.034897009499528717 0.41345976708451665 -0.025013921826304405 0.05598980301706348 0.67730496505935434 0.082367855968075221
leaf_weight=52.933428072370589 129.11027543619275 2.9623517505824557 20.893585029989481 35.234048020094633 6.3032983820885411 107.92216428369284 61.088734481483698 3.7995049990713587 146.59021909814328 56.404292011633515 0.50783610250800748 0.63090768456458934 2.8492739610373965 840.81852346425876 219.91804609959945 113.26760845119134 0.66771082207560539 49.000011172145605 12.959935002028947 39.287192678079009 10.865043338388203 3.8468778785318127 25.140247141942382 158.668283383362 194.82001759205014 1.1261446112766851 18.686338910833001 14.48445963393897 1.1513157524168494 1.059005569666623
leaf_count=3565 1861 24 143 1614 42 1295 811 40 1662 651 23 34 19 16974 3855 4290 10 365 165 510 117 51 491 4883 2747 17 352 239 40 26
internal_value=0 -0.00583162 -0.0107751 -0.0121029 -0.0104373 0.01306 0.0130373 0.0113316 -0.00841361 -0.0111726 -0.0341661 -0.0363446 -0.0077234 -0.00529306 0.0150502 -0.0165865 0.276494 0.0430496 0.0261774 0.0349665 -0.028564 -0.0815775 0.0170898 0.00667248 0.0171931 -0.0107884 0.0459141 0.0342155 0.100511 0.39226
internal_weight=0 1703.8 1350.43 1329.53 1294.3 353.374 629.195 350.411 150.39 1288 168.007 167.5 1119.99 1063.59 222.767 114.566 1.29862 110.089 200.021 172.35 27.6719 16.8068 133.062 519.106 323.93 195.176 36.5073 35.3811 16.6948 2.21032
internal_count=46916 35575 31220 31077 29463 4355 11341 4331 1702 29421 7922 7899 21499 20848 3874 4334 44 1176 2629 2296 333 216 1786 10165 4608 5557 674 657 305 66
is_linear=0
shrinkage=0.1


Tree=42
num_leaves=31
num_cat=0
split_feature=35 40 40 0 35 9 14 35 40 0 25 22 6 10 29 49 38 40 31 6 31 19 3 0 2 3 33 27 32 2
split_gain=15.5544 50.4318 32.7274 12.63 54.1862 15.0666 12.5897 12.446 30.1142 21.8597 10.5731 10.5148 10.4165 13.6906 10.3505 10.1774 11.7534 10.7594 19.1942 14.0287 10.6912 11.3175 10.5271 10.0561 14.3222 11.7902 9.99661 9.91527 13.4388 9.8958
threshold=3.9947426817808203 0.33500000000000008 0.43500000000000005 -0.74839647435448442 4.0280457769682547 -0.91591370884862178 -0.30305610078500778 0.99392250205472854 0.13500000000000004 -0.75392650735976374 -0.65396327866742621 1.1501054863488462 -0.40052869545894837 -0.63272558457158379 -0.45550234001918355 12.500000000000002 1394.0000000000002 0.24500000000000002 -0.46146324695911667 -0.52692974729951059 -0.057159005371382202 -0.67883630747139467 -0.83702033600345571 -0.091845108853720589 -1.1127973305102652 0.31038033008252575 -0.5395256492101338 -1.0957731194644478 -1.3960253169183672 0.33637216497075051
decision_type=2 2 2 2 2 2 2 2 2 2 2 2 2 2 2 2 2 2 2 2 2 2 2 2 2 2 2 2 2 2
left_child=1 7 -2 4 -4 -6 10 9 -9 -1 -5 -11 26 -14 -8 17 -17 22 19 -19 21 -18 29 25 -25 -21 -12 -16 -29 -10
right_child=2 -3 3 6 5 -7 14 8 15 11 12 -13 13 -15 27 16 20 18 -20 23 -22 -23 -24 24 -26 -27 -28 28 -30 -31
leaf_value=-0.036155199139542994 0.0797808380937918 -0.0476861263913766 0.00015133219863550099 -0.049649516379156489 0.43803253499125461 0.15233877082486921 -0.03718340860440552 0.059599016208983016 0.25020911024380493 0.010544547981820753 0.085099834509927808 -0.071986086233120111 0.32098354185633943 0.04240696153220886 -0.068080543103000879 -0.063189720487883919 0.42426238820135753 0.040096934016258051 -0.0033312480699589746 0.32128409896876453 -0.067692694893554298 0.073848765665072688 -0.0042858848614175347 0.36445411570770647 0.0023222294019724123 0.00063819953958869327 0.011153668352456653 0.30671628732181333 0.0069137438930656665 -0.059683995865410538
leaf_weight=207.42120275413617 65.118528421968222 244.97557587362826 82.71522816689685 20.165717274881899 2.0459267757833031 18.882758820429444 122.00141434976831 101.81944708712399 3.0942997243255368 283.93497617030516 21.235811226069927 16.324845130555332 2.7209936529397964 5.0167220346629611 18.29676557239145 43.601235284470022 1.1006668182089923 95.143952837213874 130.15059621306136 4.6803217902779579 4.5271315826103073 5.6684376318007708 529.08675767853856 1.3397209001705048 5.9096390306949598 1.518915833905339 131.42993314843625 1.5108698070980597 143.86204237770289 1.5449398411437867
leaf_count=4390 770 7572 1640 505 20 175 3248 869 55 5553 364 396 27 55 703 932 26 1453 4274 62 74 74 9067 21 115 15 1295 63 3056 47
internal_value=0 -0.00574826 0.0126211 0.00494704 0.0365219 0.180267 -0.00207198 0.00140184 0.00828124 -0.0111892 0.0185968 0.00605743 0.0271766 0.140369 -0.0151365 0.00196584 -0.039638 0.00492252 0.0225686 0.0536101 0.0512671 0.130827 -0.0029708 0.149211 0.0692462 0.242721 0.0214396 0.00129761 0.0100296 0.14701
internal_weight=0 1681.84 635.003 569.884 103.644 20.9287 466.24 1436.87 929.186 507.681 180.569 300.26 160.403 7.73772 285.671 827.367 54.8975 772.469 238.743 108.593 11.2962 6.7691 533.726 13.4486 7.24936 6.19924 152.666 163.67 145.373 4.63924
internal_count=46916 34995 11921 11151 1835 195 9316 27423 17084 10339 2246 5949 1741 82 7070 16215 1106 15109 5940 1666 174 100 9169 213 136 77 1659 3822 3119 102
is_linear=0
shrinkage=0.1


Tree=43
num_leaves=31
num_cat=0
split_feature=46 14 35 40 40 46 36 38 29 15 22 7 38 4 25 12 32 12 40 0 15 9 7 1 19 19 38 38 29 9
split_gain=14.4267 13.9397 13.0424 48.6251 29.0681 12.9562 13.9345 12.5933 13.3652 22.1322 12.1686 11.8868 10.3055 9.99701 8.26156 7.95012 7.93483 12.3156 10.7656 29.5505 13.4054 9.19907 8.64953 8.98485 8.53638 11.4435 9.4509 11.4098 9.15573 11.9394
threshold=17.000000000000004 1.6119832097171134 3.0237255918335433 0.34500000000000003 0.43500000000000005 27.000000000000004 2.5000000000000004 986.50000000000011 0.6210610212106823 0.35662834785211034 -0.645976719402653 2.8405156580083957 3.5000000000000004 -0.62969304823181849 -1.4851349743931894 -0.24641649918488909 -0.66721958572991069 -1.0510466881173446 0.53500000000000014 -0.73627023843128392 -0.71560409934775004 1.438366478306347 -0.39255771306640536 -0.78646410626173957 -0.092168585514176629 -0.080253024574970619 876.00000000000011 410.50000000000006 -0.45550234001918355 0.91763364758471433
decision_type=2 2 2 2 2 2 2 2 2 2 2 2 2 2 2 2 2 2 2 2 2 2 2 2 2 2 2 2 2 2
left_child=1 2 3 10 -4 6 -2 -3 13 -10 -1 -5 -12 -9 -14 -7 17 22 -18 -20 -21 24 23 -6 -22 28 27 -27 -26 -30
right_child=5 7 4 11 16 15 -8 8 9 -11 12 -13 14 -15 -16 -17 18 -19 19 20 21 -23 -24 -25 25 26 -28 -29 29 -31
leaf_value=0.048426690649223336 0.13248097544456372 -0.065444313987973957 0.080735061817100981 -0.0658217230611539 0.20748370181430623 0.18959440140518286 -0.068146009421535175 -0.03768357884024464 -0.079208366079614859 0.43980536135550319 -0.063534703769858272 0.19569823365173661 -0.10150168367863018 0.25977110790593189 0.0025272738037757625 -0.039280180774296382 0.0022415800702698784 -0.030474436788164461 0.19001701244754898 -0.10699298454098226 0.0045456453347857764 0.23317579045871659 0.23902730765995051 -0.029542057972745853 -0.035422034520321111 0.036412225767124135 -0.10012827139304642 0.20180885615155467 0.38241072410429994 0.049787248063877194
leaf_weight=55.731605052947998 3.6620547473430625 55.513094822410494 59.95901355240494 124.36324313422665 2.1566311940550795 3.6171938218176365 63.332192489877343 12.516336691565812 1.4630866721272462 1.8739510122686622 24.486939965747297 1.7626625876873721 7.6781022977083913 1.2419860027730472 1329.7842864706181 2.6147528504952779 300.52661421475932 88.775938357692212 11.385441944003103 7.5738282436504951 73.746740293689072 2.188860146328806 2.6522008515894404 6.1880245078355065 1.4090198343619702 36.711205233354121 4.3261456806212655 4.7054419685155144 2.8410175628960124 1.7401116946712134
leaf_count=841 35 2477 783 4741 15 29 2476 330 35 27 743 25 348 17 23684 43 4693 3275 91 149 1157 19 33 68 31 594 59 44 34 20
internal_value=0 0.000761294 0.00221619 -0.00266636 0.0146365 -0.0443501 -0.0571793 -0.0423334 0.0327139 0.21225 0.00262719 -0.0621669 0.000753052 -0.0108319 0.00193006 0.0935649 0.00739018 -0.018109 0.0130798 0.0352936 0.0222681 0.0299365 0.0817149 0.031716 0.0263912 0.0575325 0.0405128 0.0552033 0.187501 0.256066
internal_weight=0 2223.3 2150.69 1543.81 606.886 73.2262 66.9942 72.6085 17.0954 3.33704 1417.68 126.126 1361.95 13.7583 1337.46 6.23195 546.927 99.7728 447.154 146.628 135.242 127.669 10.9969 8.34466 125.48 51.7329 45.7428 41.4166 5.99015 4.58113
internal_count=46916 44333 41447 30382 11065 2583 2511 2886 409 62 25616 4766 24775 347 24032 72 10282 3391 6891 2198 2107 1958 116 83 1939 782 697 638 85 54
is_linear=0
shrinkage=0.1


Tree=44
num_leaves=31
num_cat=0
split_feature=1 9 38 14 14 6 4 19 38 6 7 26 20 49 24 35 40 10 38 3 4 7 3 13 35 6 27 32 6 14
split_gain=12.4058 15.4339 10.1159 14.7497 15.7034 16.9509 11.7155 9.85774 9.74456 10.7634 15.0797 13.1721 33.3918 10.4686 11.5776 9.52607 9.50867 8.99615 8.13758 9.63435 8.57559 14.9525 8.69027 15.088 20.3178 14.1635 18.203 12.7684 10.9295 17.6586
threshold=0.65485831979133691 -1.104322946260998 76.500000000000014 -0.12367882357049467 -0.2899504667555311 -0.40052869545894837 -0.90631711747996735 2.9456182737656893 29.500000000000004 0.28188885661929863 -1.3661346432105832 1.6963912280076567 0.64872876773234123 13.500000000000002 -0.24682731395036614 4.0192542007366283 0.03500000000000001 0.56449484654953552 80.500000000000014 -0.54991632213306108 1.8993584984592189 -1.2584993330081187 -0.76987746437582383 -0.78397820288124509 3.9996592012382659 1.67882683308784 0.23086252668908791 -1.3610528677737908 0.87837208639158482 1.150186044289143
decision_type=2 2 2 2 2 2 2 2 2 2 2 2 2 2 2 2 2 2 2 2 2 2 2 2 2 2 2 2 2 2
left_child=1 7 3 4 5 6 -3 -1 9 10 -5 13 -13 16 -15 -8 -11 -12 19 -4 22 -22 23 25 27 26 -20 -25 29 -24
right_child=-2 2 18 8 -6 -7 15 -9 -10 11 17 12 -14 14 -16 -17 -18 -19 20 -21 21 -23 28 24 -26 -27 -28 -29 -30 -31
leaf_value=-0.044635156794075384 0.0098313779327560899 0.35481317585195116 0.23479616408918369 0.28838566895559936 0.053945493203510012 -0.086751481206576234 -0.0091065286595603031 0.33696932956045428 -0.056682573412734555 0.26262130430975195 -0.045834791917771511 0.032817705217841435 0.94018835792306676 0.44696975040820225 0.070609034847269977 0.059197463533021522 -0.050947770539636311 0.28165008684659493 0.063780741524972304 0.035620067556367714 -0.10984940652834739 0.12412693115330942 0.0018041220101075587 0.53155587795719272 0.6990783966971118 -0.082615050610902158 0.66343464377195249 -0.10312398313667959 -0.034533361067974382 0.20190784936979897
leaf_weight=107.5613732370548 755.58259526407346 0.91478477232158084 2.6185874361544839 1.4205399528145779 44.440243965946138 26.097083378117532 255.24380464619026 0.68122748145833512 104.60468590585515 1.041693739593035 59.663672558963299 1.4267048342153419 0.56666154786944378 0.91866319626569737 7.4118399885483068 22.193807002156973 13.497591027058659 0.85079197119921346 2.2681106226518755 33.464811511337757 3.4812700729817179 12.67845421656966 723.79952516453341 0.45609538815915596 0.86632697843015183 4.717738438397646 0.65166781935840834 1.03918933495879 86.712732969317585 4.4371190569363526
leaf_count=6311 10651 20 44 34 331 1057 4424 39 5240 14 3177 78 8 26 167 194 768 25 78 317 31 82 11042 6 20 220 23 52 2345 92
internal_value=0 -0.00583703 -0.0030577 -0.0138218 -0.00158388 -0.00968946 -0.00246447 -0.0422335 -0.036129 -0.011359 -0.0336705 0.0442199 0.290759 0.0227311 0.112113 -0.00364251 -0.0284815 -0.0412306 0.00357226 0.0500744 0.00157733 0.0737217 0.000164107 0.0928231 0.313729 0.0245164 0.197618 0.0904676 -0.000972785 0.00302335
internal_weight=0 1525.73 1417.48 540.293 348.89 304.449 278.352 108.243 191.403 86.7982 61.935 24.8632 1.99337 22.8698 8.3305 277.438 14.5393 60.5145 877.192 36.0834 841.108 16.1597 824.949 9.99913 2.36161 7.63752 2.91978 1.49528 814.949 728.237
internal_count=46916 36265 29915 15563 6026 5695 4638 6350 9537 4297 3236 1061 86 975 193 4618 782 3202 14352 361 13991 113 13878 399 78 321 101 58 13479 11134
is_linear=0
shrinkage=0.1


Tree=45
num_leaves=31
num_cat=0
split_feature=34 10 9 34 38 19 9 25 4 27 42 14 23 15 40 0 24 6 8 35 38 13 19 1 28 27 19 28 19 22
split_gain=12.3815 12.3509 12.5646 12.473 10.6671 9.72989 9.68257 16.1498 12.4091 9.45103 11.8419 9.51356 11.1298 12.5156 11.8114 23.7667 12.3587 11.675 10.8357 11.7391 9.77579 9.11596 9.0043 10.2141 9.40188 13.0394 14.1069 9.70685 16.0696 8.8959
threshold=1.012062357354049 1.5567621339366637 -1.4126874623282732 0.0083076362914573133 328.50000000000006 3.0967288450664463 -1.363466524218935 -0.90933206085170404 0.61401978777345756 2.2881137183496691 0.84375000000000011 1.6119832097171134 1.4635284704349092 2.7231663648311137 0.53500000000000014 -0.61232816915428334 -0.23665752191825204 1.3878316539155395 -1.1890564216068376 0.010184094191208528 594.50000000000011 -0.56520042245169122 -0.21100101344936104 1.431035047654446 -0.50177497301194152 0.21526773883429787 -0.040903612369057499 0.6650138657645831 0.11123267235775465 -0.60150559506197721
decision_type=2 2 2 2 2 2 2 2 2 2 2 2 2 2 2 2 2 2 2 2 2 2 2 2 2 2 2 2 2 2
left_child=1 2 5 -3 -2 -1 7 8 -4 11 -11 12 14 17 16 -16 -8 29 19 -18 -13 -17 -23 24 -24 27 -27 -26 -29 -14
right_child=4 3 6 -5 -6 -7 9 -9 -10 10 -12 20 13 -15 15 21 18 -19 -20 -21 -22 22 23 -25 25 26 -28 28 -30 -31
leaf_value=-0.055455609698879853 -0.076812793096033852 0.04235293211547253 -0.10293701577204072 -0.0023022956370821711 -0.0061562698097364539 0.48094047351474228 -0.0034138434434325335 0.34037124335218372 0.24256216080473958 0.039554145082414637 -0.054451989068735177 -0.071609033035943584 0.19635180891054327 0.30761896042153936 0.18345306313739235 -0.049564067572254816 0.39710605816552907 0.26472220636495669 -0.045473666629016959 -0.0038898001003762742 0.011048394704987759 0.003498126424257419 -0.063288347565756492 0.30044115635275448 0.023114567339137027 0.39884986638045689 0.098532653612693061 0.50379934717134933 -0.036460879547195534 0.015988198787045473
leaf_weight=48.916170469950885 38.667847761884332 135.02121528889984 3.1135340281762183 116.5363691393286 47.755676834844053 0.34052526485174794 1372.6255350648426 2.2122584288008502 1.5606206767261026 98.965020230971277 15.498624428175388 39.151257471647114 2.8540602922439566 1.6701524071395386 8.7163285911083204 19.829276686999947 1.1526481304317706 2.0679396316409102 98.103011601604521 1.9912430206313727 22.549154249951243 82.186928126495332 6.3213929506018749 1.685242511332034 28.009241313207898 2.202174543403089 5.3983944626525036 1.1321784812025719 1.0716958767734466 65.32732678996399
leaf_count=2845 1637 2449 187 1036 1385 16 27185 71 31 814 167 1989 24 26 64 660 12 28 2413 43 576 1472 72 10 435 17 85 28 22 1117
internal_value=0 0.000821715 -0.00188861 0.021666 -0.0377696 -0.0517474 -0.000586031 0.117774 0.0124193 -0.00101992 0.0268255 -0.00282673 -0.00142864 0.0370702 -0.00312685 0.0229888 -0.00590082 0.030638 -0.0396173 0.143128 -0.0414009 0.0135279 0.0233013 0.0588219 0.049596 0.0684671 0.185546 0.0390141 0.241083 0.0235382
internal_weight=0 2186.21 1934.65 251.558 86.4235 49.2567 1885.4 6.88641 4.67415 1878.51 114.464 1764.05 1702.34 71.9195 1630.43 156.553 1473.87 70.2493 101.247 3.14389 61.7004 147.837 128.007 45.8203 44.1351 37.8137 7.60057 30.2131 2.20387 68.1814
internal_count=46916 43894 40409 3485 3022 2861 37548 289 218 37259 981 36278 33713 1195 32518 2865 29653 1169 2468 55 2565 2801 2141 669 659 587 102 485 50 1141
is_linear=0
shrinkage=0.1


Tree=46
num_leaves=31
num_cat=0
split_feature=29 28 2 8 49 40 27 38 23 24 40 3 4 6 4 9 14 14 14 14 6 20 35 38 40 6 1 19 5 35
split_gain=11.3594 10.2112 19.9183 13.553 10.3038 10.0748 9.89449 9.93016 10.7282 10.4087 12.8091 11.2879 10.3773 9.61845 19.2554 9.58149 9.16149 10.4811 20.4435 14.8388 27.1641 13.8797 23.9179 13.2774 11.7961 10.022 9.94168 9.87871 9.84953 9.66526
threshold=0.27022563507454217 1.5614427907590782 -0.80335077545976064 3.5893107819103243 21.500000000000004 0.22500000000000003 1.6651929681955353 55.500000000000007 1.8464820438051948 -0.23288938441752768 0.54500000000000015 -0.51588732280943195 2.1123100530852588 1.67882683308784 -0.427523749908367 1.3688461677819277 1.5041042400622382 -0.06636319097911865 -0.30631959918927526 0.085064421622438102 -0.14475374200957139 -0.19619054250697224 1.9969808204901287 376.50000000000006 0.24500000000000002 -0.39239838326859328 1.7179307335517462 -0.44016339388922016 -0.083288474549586253 1.9892296882262011
decision_type=2 2 2 2 2 2 2 2 2 2 2 2 2 2 2 2 2 2 2 2 2 2 2 2 2 2 2 2 2 2
left_child=1 3 -3 4 6 -6 7 12 9 16 -11 -12 -1 14 -10 -2 17 18 23 20 29 22 -22 25 26 -9 -25 -24 -23 -19
right_child=15 2 -4 -5 5 -7 -8 8 13 10 11 -13 -14 -15 -16 -17 -18 19 -20 -21 21 28 27 24 -26 -27 -28 -29 -30 -31
leaf_value=-0.022645360316338362 0.0054677911895646275 0.50907392062277113 -0.063315730173318846 0.10768607743271551 0.19237426935951876 -0.076051266277004925 0.016132276706632139 0.01454395781827263 0.3316144464650162 -0.052677370318644882 -0.022180546260712738 0.28572479410860024 0.037491071298910418 -0.058706094751018012 0.050171850287400913 0.039278002327230666 -0.070015559666188595 0.070234606035991007 -0.042963502358736153 0.0065818976143965759 0.58329306517214141 0.061580705414290698 -0.081589598947109543 -0.05749579216488563 0.014762011440821676 0.10334006843394893 0.044483249206428439 0.36016833745850207 0.24759404165741034 -0.036522946083663868
leaf_weight=425.37491947878152 515.72249404434115 0.61737318243831296 39.838162159081548 10.847818496171383 1.4710137909278298 28.271643925923854 223.20458179712296 216.35217319102958 2.6447326270863405 62.382887838874012 2.6395573187619448 2.1690242895856491 30.771027309820056 6.6857706736773244 30.070204959250987 100.08417283371091 18.009449393488467 16.190300359390676 117.29225317295641 216.94294402049854 1.9417023491114402 9.2552953455597162 1.2550885826349256 70.970692875329405 59.380531798116863 13.504019611980764 11.047646036371587 0.84838914126157794 4.1110057421028587 17.808285553008318
leaf_count=13382 10215 11 1728 152 16 1169 2473 2995 40 1429 95 51 500 186 308 1126 1023 263 2676 4451 40 91 32 909 878 170 130 18 29 330
internal_value=0 -0.00496351 -0.0545808 -0.00371009 -0.00446981 -0.0627755 -0.00335877 -0.00661111 -0.00041317 -0.00279945 -0.0405553 0.116707 -0.0185886 0.0505883 0.0729242 0.0109628 0.000474308 0.00215152 -0.00656982 0.0180291 0.0663345 0.167909 0.330206 0.0049282 -0.0191834 0.0197607 -0.0437595 0.0965833 0.118792 0.0143155
internal_weight=0 1641.9 40.4555 1601.44 1590.6 29.7427 1560.85 1337.65 881.502 842.101 67.1915 4.80858 456.146 39.4007 32.7149 615.807 774.91 756.9 488.547 268.353 51.4101 17.4115 4.04518 371.255 141.399 229.856 82.0183 2.10348 13.3663 33.9986
internal_count=46916 35575 1739 33836 33684 1185 32499 30026 16144 15610 1575 146 13882 534 348 11341 14035 13012 7758 5254 803 210 90 5082 1917 3165 1039 50 120 593
is_linear=0
shrinkage=0.1


Tree=47
num_leaves=31
num_cat=0
split_feature=14 38 38 38 6 22 46 4 38 19 38 38 14 1 15 6 8 26 46 27 21 40 19 32 1 20 34 23 26 7
split_gain=10.9823 14.6549 20.7521 25.7014 14.1702 10.9533 10.5837 10.2244 9.90816 9.82074 9.41963 11.5491 11.7625 10.9461 9.99804 9.97148 9.83433 9.73765 9.36848 9.31373 9.31184 10.0055 11.7951 12.8141 11.4233 9.5865 9.05093 14.3054 15.2565 9.74508
threshold=-1.1453800006332731 32.500000000000007 40.500000000000007 47.500000000000007 -0.78137799809396824 -0.70084960303363164 20.500000000000004 1.6482489818258848 49.500000000000007 -0.54331570009415897 29.500000000000004 28.500000000000004 0.65617312780051662 -1.4134642502692507 3.0674598230574008 0.38552475689601945 3.5893107819103243 -0.75994102765813976 31.500000000000004 2.6770165026469819 -1.1938145275763603 0.055000000000000007 -0.61686910776775483 -0.010590076850028924 2.1908213146947157 -0.092456118637525772 0.99614585968535629 0.72146275252109626 -1.2452159393171638 0.14223164704402858
decision_type=2 2 2 2 2 2 2 2 2 2 2 2 2 2 2 2 2 2 2 2 2 2 2 2 2 2 2 2 2 2
left_child=4 5 -3 7 19 -2 8 -4 -5 -6 11 12 13 -7 15 17 -17 -14 -8 20 -1 22 -22 25 -23 -24 27 29 -29 -15
right_child=1 2 3 6 9 10 18 -9 -10 -11 -12 -13 14 26 -16 16 -18 -19 -20 -21 21 24 23 -25 -26 -27 -28 28 -30 -31
leaf_value=0.047385335327474562 -0.39619131322826945 0.047493256914689905 -0.060142859693941821 0.23395737749092507 0.14985489379079633 0.16938542324224592 -0.07789728181008998 0.051345654384343575 0.0018309606165357196 0.038998617619801938 -0.095308630912003478 0.13649589481964755 -0.059339038651099157 -0.023422273632199949 0.36448097860841577 -0.039953943437701894 0.47778667851879653 0.11606793649910803 0.090128381117769718 0.11827949037438804 -0.12246716378680651 0.0023564200693182167 -0.048499474890461886 -0.029241871733654737 0.070739459775254074 0.25607458836477764 -0.072922367350792106 0.4559319846198272 0.015598471617092317 -0.083798382429637025
leaf_weight=47.845792436040938 0.79186554625630279 85.665764125064015 96.558705093804747 1.8416018597781647 11.002728618681429 2.7135489056818178 26.964481902774427 8.9918213319033367 1225.9956198772416 29.198953384533525 17.313947351649404 4.6794872917234889 4.1148054823279407 98.204916116781533 0.87444434501230617 18.002280964981768 0.37450931873172422 13.709778590127824 3.7839848650619379 7.4610263537615529 12.463291956111787 316.3466415880248 1.6092699281871317 49.312236052006483 26.4726482341066 2.8879507035017005 44.899076056201011 0.79953835066407819 49.588780317921191 36.732964599505067
leaf_count=550 12 818 3742 13 74 66 1241 120 23381 218 1440 50 40 3500 22 1239 7 138 37 86 135 3919 22 539 481 39 2660 14 1024 1289
internal_value=0 -0.00437012 -0.000248923 -0.00324706 0.012383 -0.0247763 0.000727953 -0.0506452 0.00217912 0.0693387 -0.0237691 -0.0192599 -0.0219593 -0.0302861 0.0303564 0.0222856 -0.0294027 0.0755752 -0.0572196 0.00745251 0.00564289 0.000760861 -0.0348083 -0.0145049 0.00763699 0.147087 -0.0326395 -0.0228802 0.0225855 -0.0398579
internal_weight=0 1742.6 1449.8 1364.14 504.601 292.8 1258.59 105.551 1227.84 40.2017 292.008 274.694 270.015 232.939 37.0758 36.2014 18.3768 17.8246 30.7485 464.399 456.938 409.092 66.2727 53.8095 342.819 4.49722 230.225 185.326 50.3883 134.938
internal_count=46916 40853 29352 28534 6063 11501 24672 3862 23394 292 11489 10049 9999 8553 1446 1424 1246 178 1278 5771 5685 5135 735 600 4400 61 8487 5827 1038 4789
is_linear=0
shrinkage=0.1


Tree=48
num_leaves=31
num_cat=0
split_feature=49 46 9 4 15 3 10 32 38 29 19 38 32 7 25 15 4 16 20 25 28 19 4 49 30 0 10 22 38 29
split_gain=9.46717 11.4566 9.66192 9.85076 10.7908 10.9867 9.40182 11.8251 10.3201 9.3283 9.31303 11.7531 11.0413 8.5287 8.4784 14.054 9.53888 9.45585 8.6841 16.7126 14.6103 9.53316 8.2801 8.50463 7.75763 7.47201 7.27083 10.9233 11.1162 8.82688
threshold=21.500000000000004 27.000000000000004 1.352687448232494 -0.61319608885753196 -0.74339775500302008 -0.45125082338736833 -1.0864279304944071 0.97688109693838709 268.50000000000006 0.19511648960278563 1.3386830648858556 629.50000000000011 0.30705356463635952 0.68246217028516332 1.8165172603460531 2.4993905249224224 0.61401978777345756 -0.027672586717213166 1.0600983672049427 0.52617126631830891 -0.54891213779933101 1.0380680645572562 -0.81149879989172302 1.5000000000000002 -0.081027507139190866 -0.90535538846044694 2.1918874436669324 -0.63514728446225244 448.50000000000006 -0.66207877637753287
decision_type=2 2 2 2 2 2 2 2 2 2 2 2 2 2 2 2 2 2 2 2 2 2 2 2 2 2 2 2 2 2
left_child=2 -2 3 4 -1 10 7 8 -5 14 -6 -12 22 -7 16 -16 18 -18 19 -4 -21 25 23 -13 -19 -20 27 28 -8 -29
right_child=1 -3 9 6 5 13 26 -9 -10 -11 11 12 -14 -15 15 -17 17 24 21 20 -22 -23 -24 -25 -26 -27 -28 29 -30 -31
leaf_value=0.16390761098528162 -0.069751501614225081 0.073745647081934651 -0.051083317577480018 0.06750494544864015 -0.084351478134321867 -0.013482149543880596 -0.041608201747981285 -0.079582012595489304 0.31948592084791583 0.039721745957519539 -0.09096361735012673 0.28714224848853676 -0.10769669306917565 0.32750822961883186 -0.039789041387679476 0.091493638723278328 -0.088645497097304515 0.19935930608755814 0.034211651570110121 0.17345624639065696 0.030938980460549534 0.11839113066638128 0.33039341970489516 -0.10476195427078105 0.049714678722841438 -0.032181707547993078 0.027883583697428816 0.016478382450023532 -0.3815059709985904 -0.0053461228542706803
leaf_weight=3.1862638648599377 35.75052104704082 6.5892636021599165 23.658563195727766 3.9706645552068931 41.775709513574839 256.82529058447108 2.6845995299518099 2.6262515857815742 2.7517887558788061 102.01000800915062 5.3789204340428096 0.95097818411886681 1.6774291098117826 0.73559840954840083 67.689691517502069 9.2711302572861296 4.6654488649219266 3.7044674754142752 20.596883220598102 7.8721241559833279 83.40858634095639 5.1665992364287368 2.2191942706704144 1.3255642671138046 53.41823516599834 95.753070330247283 86.100670802406967 223.72391649894416 1.4996917359530924 1079.5352552612312
leaf_count=82 1605 72 185 44 3040 9212 39 26 19 1167 348 10 34 9 542 73 42 31 155 61 658 46 37 40 514 766 1399 5528 17 21115
internal_value=0 -0.0474193 0.000321104 -0.00317731 -0.0191858 -0.0210623 0.000406608 0.100356 0.170652 0.012908 -0.0623761 0.0170934 0.111248 -0.0125083 0.00561796 -0.023974 0.0132541 0.0482393 0.00411207 0.0238168 0.0432298 -0.0145261 0.192939 0.0589479 0.0594193 -0.0204284 -0.000263908 -0.00211754 -0.163431 -0.00159962
internal_weight=0 42.3398 2194.18 1716.97 314.075 310.889 1402.89 9.3487 6.72245 477.215 53.3278 11.5521 6.17317 257.561 375.205 76.9608 298.244 61.7882 236.456 114.939 91.2807 121.517 4.49574 2.27654 57.1227 116.35 1393.54 1307.44 4.18429 1303.26
internal_count=46916 1677 45239 40999 12812 12730 28187 89 63 4240 3509 469 121 9221 3073 615 2458 587 1871 904 719 967 87 50 545 921 28098 26699 56 26643
is_linear=0
shrinkage=0.1


Tree=49
num_leaves=31
num_cat=0
split_feature=35 40 40 49 0 35 5 38 9 9 25 14 6 5 34 35 8 1 22 14 5 33 10 35 40 0 18 0 38 35
split_gain=9.56616 40.7493 25.1575 11.3677 8.64367 37.2703 9.96609 8.60243 8.47001 8.27836 8.04209 7.97072 9.2722 7.95779 8.88838 8.14159 10.6769 9.67934 10.3261 9.26084 8.5556 7.96727 13.866 7.74214 18.6443 18.0754 10.4376 9.65766 8.46067 8.84206
threshold=3.0237255918335433 0.34500000000000003 0.43500000000000005 12.500000000000002 -0.59510479209158318 4.9989024562030417 -0.23836884367853592 1394.0000000000002 1.7373990539461595 -0.91591370884862178 -1.0663138931084009 0.23422062520993184 0.013429192208125416 -0.21962598054807067 0.013334748231140302 4.9920922028181511 0.19874523075234587 -0.73900574983453227 -0.047424699238169929 -0.30305610078500778 0.041031090668656754 -0.086412645742392255 0.77662011423783306 0.99392250205472854 0.13500000000000004 -0.75392650735976374 -1.0380194806444758 -0.58904699894096824 2687.5000000000005 0.0075778144420150422
decision_type=2 2 2 2 2 2 2 2 2 2 2 2 2 2 2 2 2 2 2 2 2 2 2 2 2 2 2 2 2 2
left_child=1 3 -2 23 5 -4 11 -5 -9 -7 -8 -6 -13 -12 15 16 -15 -18 21 -17 -21 22 -19 25 -25 -1 -27 -26 29 -28
right_child=2 -3 4 7 6 9 10 8 -10 -11 13 12 -14 14 -16 19 17 18 -20 20 -22 -23 -24 24 27 26 28 -29 -30 -31
leaf_value=-0.031719007188510291 0.07083313319765859 -0.05868283198313267 0.0022025090493339315 -0.05157539211317469 -0.067778468394530444 0.33951166738894267 -0.095957634711272832 -0.0086537477591020744 0.1567231978330984 0.13335880045865708 0.127203938022042 0.15786361173764096 -0.015624887971631233 -0.011994994623961849 -0.015215467322525248 0.07778265080845595 -0.10948700507354781 -0.11441037267938253 0.35516045396676815 0.059453081057848592 -0.037111350999829033 0.19956199967118982 0.13139480702245185 0.050657246912324864 0.020458630202425252 0.3253017327695249 0.016844117843482786 -0.0038623221283899355 -0.079288242100579609 -0.039229263885796284
leaf_weight=192.13667834410444 61.154120319988579 128.4223147672601 90.353119044564664 68.409992769826204 30.990976548753679 2.2126838946715024 7.1768267853185526 16.236773082055155 3.8268744833767405 16.27744447439909 5.7957039196044198 3.1524102296680203 135.3207535399124 81.897476445883512 99.022524484433234 42.552452375181019 2.4442397407256093 3.9615887533873302 1.4880234273150534 17.650913622230291 19.10765390470624 3.7978438548743734 5.4549326673150063 90.98634522408247 226.41848122421652 1.0328178950585414 240.64464481407776 585.42375111533329 10.967915182001887 31.842733094468713
leaf_count=4169 829 5716 1834 1983 718 23 269 317 24 179 67 44 4191 1223 1878 346 49 92 26 235 254 32 74 833 4135 33 4842 11772 122 607
internal_value=0 -0.0046661 0.00988775 5.95802e-05 0.00333361 0.028674 -0.00266476 -0.0346885 0.0228897 0.158029 0.00858256 -0.0219353 -0.0116753 0.0112321 0.00880886 0.0221471 0.00302818 0.0747834 0.105418 0.046023 0.00925744 0.0772953 0.027983 0.00228821 0.00773152 -0.00802257 0.00798146 0.00292066 0.00682525 0.0102914
internal_weight=0 1596.35 629.812 1467.93 568.658 108.843 459.814 88.4736 20.0636 18.4901 290.35 169.464 138.473 283.173 277.378 178.355 99.0441 17.1466 14.7024 79.311 36.7586 13.2144 9.41652 1379.45 902.829 476.625 284.488 811.842 283.455 272.487
internal_count=46916 34553 12363 28837 11534 2036 9498 2324 341 202 4545 4953 4235 4276 4209 2331 1496 273 224 835 489 198 166 26513 16740 9773 5604 15907 5571 5449
is_linear=0
shrinkage=0.1


Tree=50
num_leaves=31
num_cat=0
split_feature=29 32 9 38 1 23 35 7 29 1 34 4 25 17 10 27 34 38 22 5 40 0 28 1 0 14 5 19 14 1
split_gain=8.84563 8.41626 9.0175 8.10476 8.06481 8.21653 15.7121 13.8997 8.0112 7.96575 8.36124 8.08369 7.82039 11.3345 9.00863 9.22485 7.49486 10.1842 8.95186 8.91567 7.44922 7.44335 12.0431 50.8271 7.30239 7.29346 9.35712 9.08774 11.4867 9.66193
threshold=0.27022563507454217 2.5853594771023571 2.2409182408133739 9.5000000000000018 -1.4134642502692507 1.3365822625510326 4.0103557538289829 1.4022413871408133 5.569712950201585 1.1478581980228966 1.989063561089101 2.9304020944050824 0.59985081994389178 -0.018054446478761203 1.6499944347207605 2.6414537064984236 0.014570040978461653 2033.0000000000002 -0.54750619032353498 3.20070190457169 0.15500000000000003 0.25001603086478535 0.69575950568345823 -0.97303106620285396 -0.58904699894096824 -1.507797691239684 2.1942987563766638 -0.64717691452286064 -1.4620574590608693 -0.84754994595452759
decision_type=2 2 2 2 2 2 2 2 2 2 2 2 2 2 2 2 2 2 2 2 2 2 2 2 2 2 2 2 2 2
left_child=1 3 -3 4 -1 7 20 21 12 10 11 25 14 -14 15 -2 17 -11 19 -18 -7 22 -6 -24 -22 26 -5 28 -27 -30
right_child=8 2 -4 9 5 6 -8 -9 -10 16 -12 -13 13 -15 -16 -17 18 -19 -20 -21 24 -23 23 -25 -26 27 -28 -29 29 -31
leaf_value=0.20200356624771854 -0.0062199512773079765 0.12133045600309733 0.0024405653654239481 -0.067847829287758954 -0.036150043464540191 -0.023815413383559362 -0.29484116293132118 -0.54447072379055317 -0.19832583498708156 0.030778965010749806 -0.062996032235352536 0.12858666927334403 0.26868349923772383 0.022110360716830063 0.048402164482362647 0.16558079054868757 -0.013601234029870807 -0.081440787198232903 0.17324823858286942 0.15815719759996161 0.37053493105366753 -0.10390863337186794 -0.013791025489848835 1.6037508337641928 0.099778673635019771 0.1910602990732127 0.021357065507297962 -0.0096742950841147094 -0.0061077843086752874 0.035128605779014381
leaf_weight=1.4149625245481718 314.46628982108086 10.893754027783872 15.3957806173712 39.942684773355722 57.612628379371017 3.3558666766621155 1.1849623303860415 0.56374847982078691 1.8441225429996837 158.4925884809345 26.389357686042786 4.4411757308989754 1.8784061213955272 247.86822144594043 35.800655741244555 3.1568025741726151 135.47106424439698 8.5218232311308366 2.7251156680285922 3.0911215823143712 1.3182024275884021 17.231521300040185 1.1290236408822236 0.23463134886696835 4.0767328091897079 3.538924738764762 16.664867922663689 847.43802932580002 149.34694382175803 91.71319069294259
leaf_count=23 7191 92 116 570 2154 55 17 11 27 2204 1599 29 29 3444 618 32 1583 111 39 24 23 632 87 25 77 23 186 20440 3645 1810
internal_value=0 -0.00440886 0.0517057 -0.00534498 -0.0348117 -0.0386762 0.0468926 -0.0497506 0.00978321 -0.00359964 -0.00734064 -0.00606692 0.0104195 0.0239649 0.000847623 -0.00451245 0.0107124 0.025053 -0.00623955 -0.00976955 0.0931674 -0.0460909 -0.0291978 0.264524 0.165935 -0.00658755 -0.0415865 -0.00477332 0.0122066 0.00958092
internal_weight=0 1602.19 26.2895 1575.9 88.1223 86.7073 9.93576 76.7716 605.014 1487.78 1179.48 1153.09 603.17 249.747 353.424 317.623 308.302 167.014 141.287 138.562 8.7508 76.2078 58.9763 1.36365 5.39494 1148.64 56.6076 1092.04 244.599 241.06
internal_count=46916 35575 208 35367 3104 3081 172 2909 11341 32263 28302 26703 11314 3473 7841 7223 3961 2315 1646 1607 155 2898 2266 112 100 26674 756 25918 5478 5455
is_linear=0
shrinkage=0.1


Tree=51
num_leaves=31
num_cat=0
split_feature=14 38 14 14 14 6 6 38 38 38 38 15 20 38 1 19 35 46 3 7 27 27 38 38 31 38 38 32 20 38
split_gain=8.14277 12.4908 14.2557 18.906 11.6019 12.7309 11.0387 10.5687 20.0119 10.9024 10.5531 10.1724 16.6396 10.1612 11.143 18.734 10.4574 10.1385 9.50244 9.78981 9.22097 9.08397 8.936 12.1343 11.2566 10.5954 10.7637 10.081 11.4181 9.7171
threshold=-1.1453800006332731 76.500000000000014 -0.8513863083027563 -0.84522716306237211 0.69757063284619469 0.30776492341708156 -0.78137799809396824 26.500000000000004 40.500000000000007 5.5000000000000009 86.500000000000014 2.7231663648311137 0.75508999516113184 107.50000000000001 -0.55150253432075691 -0.66222384191180528 4.016339770954473 3.5000000000000004 -0.17871411107522076 0.13538477366969498 2.2881137183496691 2.6414537064984236 156.50000000000003 146.50000000000003 -0.13707123369165183 157.50000000000003 180.00000000000003 -0.81032458384029893 1.4312132079182509 186.50000000000003
decision_type=2 2 2 2 2 2 2 2 2 2 2 2 2 2 2 2 2 2 2 2 2 2 2 2 2 2 2 2 2 2
left_child=6 4 13 -4 5 7 -1 9 17 -2 21 -6 -13 14 15 -3 -16 -9 -15 -20 -10 -5 23 27 -25 -24 -27 28 -12 -28
right_child=1 2 3 10 11 -7 -8 8 20 -11 22 12 -14 18 16 -17 -18 -19 19 -21 -22 -23 25 24 -26 26 29 -29 -30 -31
leaf_value=0.0063438347233136213 -0.011261136414933197 -0.015615083589949631 0.10068346664778947 0.055112185153465942 -0.061756579587037952 0.06807395436155006 0.061006088884723392 0.0092622128733418994 -0.027974002721373958 -0.059761985708361401 -0.088147741170980065 -0.10306417918689879 0.43237366422040302 -0.00763464363267483 -0.021376621097129157 0.32869767919998344 0.18765253687272682 0.069913183273555543 -0.058402901595801741 -0.22462219338329803 0.063867538950905245 -0.12852810728132266 0.06928092373657746 -0.093938466269935184 0.059986460940769037 -0.040142956549986182 0.074853611029809433 0.0047765439145100921 0.52665469957022404 0.0060976547609371753
leaf_weight=454.3847584342584 106.8319907290861 3.5853127483278513 21.078375639859587 55.301781167276204 65.203613837016746 19.886740358546376 40.2133086360991 88.60228468850255 185.71857998939231 81.861391912214458 16.736047857441012 1.2232101042754941 1.1044379072263835 43.782089065760374 34.167107921093702 2.8256859630346289 2.5736498087644568 40.005801104940474 57.14926095912233 3.7775416411459437 11.61569869937375 2.8315607458353034 26.566961149685085 30.183989220764488 5.638555357232689 49.174335988704115 21.290956010110676 129.09375090617687 0.30763359367847343 594.60055833263323
leaf_count=5771 3551 41 226 685 5148 205 292 1198 5853 4189 1078 101 12 816 487 42 20 604 872 26 113 24 255 1061 119 1195 244 2734 2 9952
internal_value=0 -0.00378772 0.00254681 0.00703004 -0.0153684 -0.0104342 0.0107882 -0.013468 -0.00256438 -0.0323024 0.00491133 -0.0544236 0.150994 -0.0263429 0.0144927 0.136143 -0.00673436 0.0281288 -0.0431717 -0.0687087 -0.0225679 0.0461674 0.00216594 -0.0175522 -0.0697103 0.00735355 0.00487977 -0.00476679 -0.0770507 0.0084745
internal_weight=0 1702.72 1100.67 952.805 602.054 534.522 494.598 514.636 325.942 188.693 931.726 67.5313 2.32765 147.861 43.1518 6.411 36.7408 128.608 104.709 60.9268 197.334 58.1333 873.593 181.96 35.8225 691.633 665.066 146.137 17.0437 615.892
internal_count=46916 40853 19879 17575 20974 15713 6063 15508 7768 7740 17349 5261 113 2304 590 83 507 1802 1714 898 5966 709 16640 4994 1180 11646 11391 3814 1080 10196
is_linear=0
shrinkage=0.1


Tree=52
num_leaves=31
num_cat=0
split_feature=35 40 40 34 7 29 4 31 38 38 35 40 0 46 38 31 27 27 20 1 28 32 32 38 9 19 26 22 20 32
split_gain=7.93142 35.322 21.2586 8.82675 8.92607 10.2634 8.00563 7.83552 8.24811 7.28438 7.51691 19.83 14.9294 9.60218 8.86654 11.1969 11.0707 10.7867 13.236 15.1682 9.43004 8.5217 10.1393 9.35791 8.40996 8.28868 16.9525 8.19097 8.27291 12.2899
threshold=3.0237255918335433 0.33500000000000008 0.43500000000000005 1.0000000180025095e-35 2.6560355652131658 -0.38113014444953647 -0.88178642218541181 -1.0026666406863505 3343.0000000000005 3.5000000000000004 0.99392250205472854 0.13500000000000004 -0.75392650735976374 3.5000000000000004 5.5000000000000009 -0.62438861243810195 0.067749433466066863 0.50109950837496076 -1.0000000180025095e-35 1.2665079249434739 0.13934182769962658 1.2768766587196383 1.0547501778268096 296.50000000000006 1.7504403345556743 -0.60170584756720802 1.0925472530776112 1.1501054863488462 0.070853837670178818 -0.33514867842153123
decision_type=2 2 2 2 2 2 2 2 2 2 2 2 2 2 2 2 2 2 2 2 2 2 2 2 2 2 2 2 2 2
left_child=1 9 -2 4 7 -6 -4 -3 -9 -1 12 13 -11 21 15 -13 25 18 19 -18 -19 22 23 -12 -16 26 -17 28 -14 -30
right_child=2 3 6 -5 5 -7 -8 8 -10 10 11 14 27 -15 24 16 17 20 -20 -21 -22 -23 -24 -25 -26 -27 -28 -29 29 -31
leaf_value=-0.055515362255690294 0.066773676625191847 0.051127349107669445 -0.045402797586169191 -0.07010443492251188 -0.036890322843310029 0.3701306510471099 0.0060900491389820751 -0.041578861804832154 0.27092187190283629 -0.029732048346216067 0.057443279175778794 0.46352214332795855 0.03057908545671377 0.083003587563408671 0.0041446864847655479 -0.022361809991844245 -0.10240580116850194 0.031326896911190075 0.46963663983127024 0.56569559822813953 0.39622141719429138 0.052258345244767572 -0.18966909431977552 -0.13631636060746075 -0.031726035884327507 -0.049607696113638945 0.66196895672393941 -0.066625348595221123 0.083853251428170225 -0.013518296110187154
leaf_weight=22.132997248787433 57.941070199012756 10.610216176137326 32.030121278483421 77.922523070825264 1.2744275070726874 1.2055723341181863 526.32187200291082 104.16053811693564 0.85150751192122598 187.88395472289994 8.7863789144903404 0.66889538243413227 116.56006046943367 47.736087407916784 690.59789654216729 1.1798686189577008 1.2820631898939612 9.0227932082489097 1.652097763493656 0.46237632632255543 0.76856551039964038 26.461220232769847 3.5385795645415774 3.4797713011503211 72.192785868421197 10.951129562221466 0.52221444156020869 14.53474101424217 14.265087773092089 141.9361086008139
leaf_count=750 829 138 1309 4197 23 20 10225 2732 20 4255 95 6 3712 443 14291 53 70 261 37 5 12 252 37 28 608 414 18 386 169 1521
internal_value=0 -0.00426487 0.00911905 -0.0439803 -0.0267438 0.16097 0.00313614 -0.0307701 -0.0390449 0.00139045 0.00232032 0.00779669 -0.0078135 0.0522688 0.00272564 0.0595787 0.0491226 0.113235 0.266789 0.0746793 0.059969 0.0175562 -0.0405442 0.00247581 0.000749774 -0.0176994 0.187597 0.00652065 0.0104184 -0.00462583
internal_weight=0 1572.64 616.293 196.025 118.102 2.48 558.352 115.622 105.012 1376.62 1354.48 879.303 475.18 90.002 789.301 26.51 25.8411 13.1879 3.39654 1.74444 9.79136 42.266 15.8047 12.2662 762.791 12.6532 1.70208 287.296 272.761 156.201
internal_count=46916 34553 12363 7130 2933 43 11534 2890 2752 27423 26673 16630 10043 855 15775 876 870 385 112 75 273 412 160 123 14899 485 71 5788 5402 1690
is_linear=0
shrinkage=0.1


Tree=53
num_leaves=31
num_cat=0
split_feature=9 38 29 28 2 8 32 29 25 25 29 49 2 38 38 26 38 38 38 32 4 13 4 15 10 38 2 22 1 28
split_gain=7.70071 8.31445 7.09366 7.08626 12.8394 9.09067 6.90129 8.06816 6.82712 15.7401 6.82096 6.63441 7.06623 6.64582 7.04684 7.52918 6.49124 11.3868 21.9381 14.2442 7.96107 7.60176 7.77621 10.9681 9.56376 12.6131 15.0696 24.9178 14.1313 10.9785
threshold=-1.5587091906830324 2278.5000000000005 0.27022563507454217 1.5614427907590782 -0.80335077545976064 3.5893107819103243 2.5853594771023571 -0.67908041845044587 1.3319407439160511 1.437511665737808 5.569712950201585 21.500000000000004 -0.45195399531419694 328.50000000000006 537.50000000000011 1.2244545674213467 50.500000000000007 44.500000000000007 42.500000000000007 0.33479579754884342 2.2068148403612775 -0.69356963956484863 -0.62442823586129637 2.7231663648311137 0.78588701610089695 183.50000000000003 -0.40816907762327365 -0.46574170577200907 0.76395784354252216 -0.41837632004884423
decision_type=2 2 2 2 2 2 2 2 2 2 2 2 2 2 2 2 2 2 2 2 2 2 2 2 2 2 2 2 2 2
left_child=1 -1 3 5 -5 6 11 -8 -6 -10 -4 16 13 -13 -15 -16 17 18 20 -20 -2 22 23 -18 25 -24 27 -27 29 -28
right_child=2 -3 10 4 8 -7 7 -9 9 -11 -12 12 -14 14 15 -17 21 -19 19 -21 -22 -23 24 -25 -26 26 28 -29 -30 -31
leaf_value=-0.068695259154534935 -0.012891755576022172 0.24997447317171009 0.0099794325687170594 0.35064008897934595 -0.08672300035128172 0.087584300558257083 -0.072044065159077714 0.074091905203041805 0.39605528016792479 -0.029676127072134292 -0.20001306000721228 -0.10523783936766076 -0.087693422920234992 0.37729876828241932 -0.068279219618222378 0.27954658488271711 -0.081890783808615031 -0.054769461327516339 0.46860416074253364 0.0834513122373442 0.051702384071844111 -0.0016743630405291457 -0.030923765222055751 0.51258592577385886 0.016900266253497959 -0.0012757367974065975 0.1189712317207275 0.50531804057066376 0.2701563920277521 -0.085911712989419867
leaf_weight=22.784936196636412 363.92917333473451 0.84926887042820354 594.07085925387219 0.78715150430798431 23.706354690715671 11.14747549081221 4.5934225022792843 21.281622251495719 0.9664200209081163 8.5652534114196879 1.5508509012870479 2.0161393047310439 17.7863350356929 0.82893013581633601 1.8991466918960216 0.9256685273721813 8.9438846947159583 57.32267136243172 1.4914117129519571 2.6960235228762031 20.13600212149322 910.97604880691506 6.4126784121617701 0.32151305535808283 74.930703721940517 1.6199783412739632 5.863990219309926 2.4233942842111018 3.1067022345960131 4.7208834281191212
leaf_count=1458 10290 39 11041 11 1265 151 33 175 13 187 24 120 916 38 60 9 599 2710 37 42 378 15388 411 9 1127 24 123 50 31 157
internal_value=0 -0.0572442 0.000149356 -0.00339646 -0.0485319 -0.00238966 -0.00305203 0.0481494 -0.0579852 0.0134889 0.00943266 -0.00394217 -0.0567043 0.0405079 0.120931 0.0457004 -0.00309733 -0.0131656 -0.0070231 0.220629 -0.00950517 0.00130381 0.0263449 -0.0612622 0.0345376 0.0892666 0.132726 0.302351 0.082632 0.0275929
internal_weight=0 23.6342 2155.02 1559.4 34.0252 1525.37 1514.23 25.875 33.238 9.53167 595.622 1488.35 23.4562 5.66988 3.65375 2.82482 1464.9 445.575 388.253 4.18744 384.065 1019.32 108.344 9.2654 99.0783 24.1476 17.7349 4.04337 13.6916 10.5849
internal_count=46916 1497 45419 34354 1476 32878 32727 208 1465 200 11065 32519 1143 227 107 69 31376 13457 10747 79 10668 17919 2531 608 1923 796 385 74 311 280
is_linear=0
shrinkage=0.1


Tree=54
num_leaves=31
num_cat=0
split_feature=14 38 25 49 27 35 40 40 30 7 49 38 31 4 19 19 25 34 13 6 38 38 6 22 34 2 10 38 38 38
split_gain=6.77176 8.88274 10.8984 10.4567 8.38139 6.52767 32.7385 15.8958 7.4651 7.40933 7.05907 7.30426 7.84071 17.2169 17.96 10.8179 14.1 7.47967 7.16871 6.60389 6.54273 6.3779 7.0826 6.48807 7.58895 10.1246 8.49351 7.17112 15.2729 11.903
threshold=1.6119832097171134 1905.5000000000002 0.91523182192852437 4.5000000000000009 0.28285917193968119 3.0237255918335433 0.34500000000000003 0.43500000000000005 -0.054155693459700942 2.8405156580083957 12.500000000000002 296.50000000000006 0.021561916846145324 -0.37446474036367455 -0.72306833346519983 -0.6926475156560995 0.57231813635513951 2.0111614633890973 -0.62747764090117708 1.11175985528681 16.500000000000004 2988.5000000000005 0.024950411293221727 -0.645976719402653 0.97080071687031355 1.3564354867222386 2.3050544980868706 47.500000000000007 40.500000000000007 32.500000000000007
decision_type=2 2 2 2 2 2 2 2 2 2 2 2 2 2 2 2 2 2 2 2 2 2 2 2 2 2 2 2 2 2
left_child=5 -2 3 4 -3 6 8 -7 10 -8 21 18 13 14 -13 -16 -17 -15 20 -14 -12 23 -23 24 25 -1 -26 28 29 -25
right_child=1 2 -4 -5 -6 7 9 -9 -10 -11 11 12 19 17 15 16 -18 -19 -20 -21 -22 22 -24 27 26 -27 -28 -29 -30 -31
leaf_value=0.08655022821550859 -0.048926737736387393 0.45915265146112855 -0.079342266286202501 0.021808285793018991 0.10877687458017433 0.061738993248597829 -0.058058186557333538 0.0042727646449390996 0.25807254979230548 0.13425436247233974 0.36842313848768832 -0.10699744110459766 -0.086231653523221541 -0.029832001031996402 0.69734178864370377 -0.10350183901267324 0.3727993811320004 0.12839443666536079 -0.074181543184286158 0.13340751305309567 0.012663309262420298 -0.0068992772661951463 -0.10940303419266623 -0.011500596909378803 0.14830171202581108 -0.19860693347360328 -0.035850553499968615 0.007472520246428041 -0.058310549693258662 0.032911976938057308
leaf_weight=26.779241008684043 53.459925582399592 1.3443403784185632 3.8699605874717236 3.6045029959641397 1.387246051803231 52.867229344788939 111.5781804616563 537.70700462418608 1.1304601896554221 2.0400100285187355 0.62087128125131075 1.3977361191064117 12.087053115013985 19.523267532698814 0.61382027249783266 0.86872996343300091 2.1841045459732413 3.5274040140211573 34.063840808114037 1.5437665334902693 3.0883410675451159 18.98398003727198 10.452194306068121 253.30739132361487 2.9519845433533218 1.3058324009180058 16.524816278368235 861.50520621845499 53.884856598917395 79.217157870531082
leaf_count=653 2778 19 65 137 23 813 5315 10590 23 29 9 52 282 455 11 50 26 35 1097 29 98 212 139 7546 18 23 120 13325 2220 724
internal_value=0 -0.0326062 0.0528818 0.133642 0.281213 0.0004957 -0.00297243 0.00941705 0.00120129 -0.0546052 0.000994527 -0.0279444 0.000885127 0.0310612 0.198011 0.314281 0.237261 -0.00561889 -0.059806 -0.0613563 0.0722126 0.00273139 -0.0432963 0.00377724 0.0400271 0.0732917 -0.00793967 0.00239565 -0.0089233 -0.000920212
internal_weight=0 63.666 10.2061 6.33609 2.73159 2109.75 1519.18 590.574 1405.56 113.618 1404.43 79.5189 41.7459 28.1151 5.06439 3.66665 3.05283 23.0507 37.7731 13.6308 3.70921 1324.91 29.4362 1295.48 47.5619 28.0851 19.4768 1247.91 386.409 332.525
internal_count=46916 3022 244 179 42 43894 32491 11403 27147 5344 27124 2144 940 629 139 87 76 490 1204 311 107 24980 351 24629 814 676 138 23815 10490 8270
is_linear=0
shrinkage=0.1


Tree=55
num_leaves=31
num_cat=0
split_feature=6 14 14 6 38 14 14 38 16 16 34 31 6 14 19 12 8 17 3 19 2 49 0 19 19 27 0 0 26 6
split_gain=6.55668 11.4786 9.80174 10.8487 8.71147 11.0251 17.6332 11.1969 11.1316 10.7763 11.4575 8.89818 10.8972 13.2714 11.6531 17.1397 9.26502 8.99586 9.61324 8.6872 10.39 7.91037 12.7239 9.33888 10.7156 7.67324 7.56653 8.27076 11.1613 9.0994
threshold=-0.76476546117687028 -1.0757296684093249 -1.507797691239684 -0.91093414180513965 76.500000000000014 -0.13387022158790915 -0.2899504667555311 11.500000000000002 -0.02711207462821429 -0.0081856782777898294 0.009059817345230611 -0.34663255863758802 -0.57391948617567878 -0.53299264536099689 -0.67098544306963814 -0.44633243139791184 1.337238062407534 0.0013647275464131203 0.34105526256977764 0.065072010856380771 -0.39102975691856373 1.0000000180025095e-35 -0.59991561817798944 -0.74322749520763065 -0.23791535535444139 -1.1349114459452718 4.7140010369211707 1.8946887848071297 1.3686477754439677 -0.78137799809396824
decision_type=2 2 2 2 2 2 2 2 2 2 2 2 2 2 2 2 2 2 2 2 2 2 2 2 2 2 2 2 2 2
left_child=2 -2 -1 19 5 6 9 21 -8 11 -11 12 -3 14 15 -14 17 -15 -19 20 -4 25 23 -23 -25 -7 27 29 -29 -5
right_child=1 4 3 26 -6 7 8 -9 -10 10 -12 -13 13 16 -16 -17 -18 18 -20 -21 -22 22 -24 24 -26 -27 -28 28 -30 -31
leaf_value=-0.0085282482819118554 -0.060080295813170072 -0.038792199381392327 -0.045614443639386694 0.0054495786908473369 0.0030357186856940473 0.27203211510551217 0.25563325669234843 -0.039487308418109213 0.041296680785707501 -0.043597859809192722 0.3845771198285608 -0.083925032050310794 0.061548028447338227 -0.014903528313127832 0.035078091094995607 0.45152096725493857 -0.13728392718598512 0.030243320180249431 0.28981981558242453 0.25367292976567812 0.13130755884181253 0.38190118173317444 -0.006795510871523117 -0.020244233296393573 0.14712239693829718 -0.088776579576168857 -0.1801793889875965 -0.015866903140704158 0.1556884520179535 0.055263804615155482
leaf_weight=187.30328550795093 35.074935172684491 73.945378626231104 5.2979391999542722 235.17420765990391 1067.5262583468575 0.62236282788216968 2.5344596193172029 195.50294686877169 55.130053486675024 1.125795065890997 1.4047814947552977 16.59094251319766 3.2393539464101195 77.992104716831818 41.110965326894075 1.7283554868772615 5.6552789255511007 5.1056212743278584 1.9800196439027784 2.9562850762158623 8.8880533175542951 1.0603187736123825 47.609090321697295 6.7072584656998524 8.9033422470092738 11.135356218554078 1.9548442931845773 6.2933688117191187 9.5426506716757995 43.443534502759576
leaf_count=2463 796 1838 44 3044 19500 29 31 11201 453 30 25 775 55 2255 714 26 154 115 37 45 74 13 1702 276 251 481 13 62 72 342
internal_value=0 -0.00348081 0.0095717 0.0203839 -0.00226034 -0.0123728 0.00127365 -0.0268234 0.0507172 -0.0111291 0.194092 -0.0134134 -0.00786271 0.00885438 0.0525592 0.197227 -0.0133411 -0.00510236 0.10278 0.0977312 0.0652338 0.00573729 0.0195318 0.0947179 0.0752116 -0.0696782 0.0159107 0.0172125 0.0875109 0.0132169
internal_weight=0 1661.68 500.854 313.551 1626.61 559.084 287.543 271.541 57.6645 229.879 2.53058 227.348 210.757 136.812 46.0787 4.96771 90.733 85.0777 7.08564 17.1423 14.186 76.0377 64.28 16.6709 15.6106 11.7577 296.409 294.454 15.836 278.618
internal_count=46916 40757 6159 3696 39961 20461 6508 13953 484 6024 55 5969 5194 3356 795 81 2561 2407 152 163 118 2752 2242 540 527 510 3533 3520 134 3386
is_linear=0
shrinkage=0.1


Tree=56
num_leaves=31
num_cat=0
split_feature=25 14 9 27 31 9 17 15 31 38 19 15 38 2 31 30 10 38 28 28 38 4 0 20 0 20 32 40 32 46
split_gain=6.54408 6.0575 8.96565 10.014 8.18691 9.71941 14.2907 10.0729 13.4212 9.47499 7.83382 9.73484 10.6164 8.42176 7.03711 6.53269 6.28327 8.51119 6.02063 14.3088 5.93266 13.1821 5.901 7.54748 6.52631 5.87081 5.78254 9.14111 12.0715 8.30929
threshold=-1.280478853404335 0.9339492431873897 2.02159271668791 2.4781791928454955 0.40851657786965262 -0.99481276128133789 0.0073920476134288256 -0.48298213445468979 0.42911878705892037 140.00000000000003 0.65742147657835404 2.7231663648311137 140.00000000000003 2.6688704485296157 0.3824491106102556 -0.073012040362277916 -0.85341953124623005 14.500000000000002 0.59166694673678932 0.72466074294525717 134.00000000000003 -0.75205805782041224 4.624831357480633 -0.34442654619328156 3.2197716499224249 2.5857673043362488 -0.83653411027958813 0.54500000000000015 0.62567773473234201 1.5000000000000002
decision_type=2 2 2 2 2 2 2 2 2 2 2 2 2 2 2 2 2 2 2 2 2 2 2 2 2 2 2 2 2 2
left_child=-1 4 3 10 14 6 7 20 -9 16 13 12 -12 26 22 -7 -10 -18 -16 -20 -6 -22 24 -24 -2 -26 -3 -28 29 -29
right_child=1 2 -4 -5 5 15 -8 8 9 -11 11 -13 -14 -15 18 -17 17 -19 19 -21 21 -23 23 -25 25 -27 27 28 -30 -31
leaf_value=-0.041583786976779835 0.0008063339288867234 -0.088584398614185489 -0.11140696279822204 0.080974136269117536 -0.097009323899164265 0.025767653580118233 0.63250347649315763 0.73318371427780371 0.55857492437428313 -0.10403431060755793 -0.063785391662564861 0.23249710140280386 0.036428284853954149 0.1683891685682414 -0.074687407415531745 -0.1155856667766692 0.56858542032808046 -0.10144375481145279 0.64394731199082678 -0.10224811396700549 0.42898800942750825 -0.066731019258882807 0.091188140139788765 -0.1281398061434621 0.039957625064797102 0.22880335938763519 -0.033809661133553548 0.41464788206212255 0.61217042485233242 0.013725166695328384
leaf_weight=37.987769450992346 1777.9136523094494 17.387820545118302 9.4956203699111921 10.949915565550326 2.4642195822671056 89.090962816262618 0.53897118405438948 0.47633157484233235 0.59554267115891024 0.89771799044683565 15.160598475718869 1.9739810079336155 34.920049303676933 2.064069172833114 17.667230702238161 3.3940480081364504 0.29177155718207337 0.54131506546400487 0.39997363369911798 0.71880194661207497 0.88220402412116561 1.3686395343393085 2.0176582199055701 7.0552827678620798 20.78992518410087 1.7877653436735261 93.31613832921721 0.57553694397210975 0.41684059612452973 5.077659270260483
leaf_count=2271 33546 1684 95 107 208 1810 18 16 28 38 820 38 635 37 573 84 3 56 17 65 20 46 51 79 321 15 3857 19 17 342
internal_value=0 0.000291585 -0.0166794 -0.0117329 0.00197504 0.029757 0.135099 0.0994389 0.249577 0.150556 -0.0176731 0.0146768 0.00609123 -0.0318433 0.000447302 0.0205802 0.310535 0.13322 -0.0604415 0.164524 0.0101954 0.127563 0.00107942 -0.0793652 0.00148479 0.054911 -0.0353826 -0.0260748 0.0928354 0.054542
internal_weight=0 2120.23 191.338 181.843 1928.89 100.542 8.05671 7.51774 2.80268 2.32635 170.893 52.0546 50.0806 118.838 1828.35 92.485 1.42863 0.833087 18.786 1.11878 4.71506 2.25084 1809.56 9.07294 1800.49 22.5777 116.774 99.3862 6.07004 5.6532
internal_count=46916 44645 7651 7556 36994 2327 433 415 141 125 7449 1493 1455 5956 34667 1894 87 59 655 82 274 66 34012 130 33882 336 5919 4235 378 361
is_linear=0
shrinkage=0.1


Tree=57
num_leaves=31
num_cat=0
split_feature=10 34 29 0 5 49 32 15 7 28 40 0 34 10 12 6 33 32 19 40 8 28 25 20 19 8 1 38 38 20
split_gain=6.24024 10.0907 10.2741 12.3192 11 8.66614 7.74611 9.83172 11.8691 8.97994 8.00985 17.3628 9.48032 7.73459 7.71513 10.5637 12.3555 7.55512 7.75622 12.8858 12.4615 7.50152 7.3272 10.9794 6.78727 6.81284 6.40294 6.64541 12.8627 6.30228
threshold=1.5567621339366637 0.97876046947238315 -0.70887247345329951 -0.57989861418637212 0.39099418386757062 2.5000000000000004 -0.83653411027958813 2.4993905249224224 1.2194789456360711 0.0972310143667965 0.53500000000000014 -0.73627023843128392 0.99902167045682833 3.4000999982371676 -0.13549640755288314 0.28188885661929863 -0.55808847090198077 -1.2627065247557456 -0.63201180992618788 0.055000000000000007 -0.68052323741609566 0.82439470224916278 0.50751248020314943 0.50086872542317018 0.065192518432893296 -0.18349273395107718 -1.0620248220926818 1295.5000000000002 1804.5000000000002 -0.30625467901601189
decision_type=2 2 2 2 2 2 2 2 2 2 2 2 2 2 2 2 2 2 2 2 2 2 2 2 2 2 2 2 2 2
left_child=6 2 3 4 5 -2 17 10 9 -9 -8 -12 14 -3 21 -16 -17 -1 19 -19 -21 -13 23 -5 25 -18 -22 -28 -29 -14
right_child=1 13 -4 22 -6 -7 7 8 -10 -11 11 12 29 -15 15 16 24 18 -20 20 26 -23 -24 -25 -26 -27 27 28 -30 -31
leaf_value=0.0041401414097382806 0.1091579416980924 -0.0015162213540392011 0.043741373593925062 0.019619578493177789 -0.39838478157214924 -0.24219020886512255 -0.0030368590045452854 -0.052836783962366719 0.25215456030614231 0.10041950161042967 0.14994914910944809 0.04712052668273238 -0.079671138137784162 -0.13696817914861578 -0.06389692979583407 0.460918029812939 0.2293608935094337 0.35569872200599489 -0.044523782550758978 0.51006252761060555 -0.081301883114849122 0.22798422255654416 0.10924950794070509 -0.29465438507816483 -0.036874563210134374 0.034381041114832499 0.0026590715616286523 0.51871309906421015 0.0079965124340526713 -0.00049468726656896867
leaf_weight=84.235334630124271 1.3974936064332717 116.98887021560222 115.48586022621021 4.4233867153525335 1.5620614178478716 1.4106530733406542 1509.3717840292957 6.5332995634526041 3.0574076371267429 9.2171808839775604 9.8034370578825456 52.395716530270875 13.921984941000117 4.3732591830193988 16.175248968880624 0.69852307578549044 2.5560795529745555 1.0674781985580946 117.98053867858835 0.47204711101949826 8.1529885150957906 2.3981865076348177 4.5717100072652102 1.484762445092201 7.6755431275814763 5.9952804101631028 14.683818696532393 0.76882001990452353 1.3753009671345351 36.17731277551502
leaf_count=4051 21 1160 2355 64 21 19 29774 66 29 121 75 473 607 40 348 17 56 23 5105 6 487 32 73 21 164 149 720 18 43 778
internal_value=0 0.0143524 0.0336734 -0.0446227 -0.185666 -0.0673394 -0.0024013 -4.53775e-05 0.0718489 0.0368488 -0.000861335 0.0213561 0.0122205 -0.0063972 0.0320092 -0.00610956 0.0491165 -0.0196634 -0.0335394 0.0153263 0.00105136 0.0550365 0.0141939 -0.0593598 0.0313896 0.0926623 -0.00856707 0.0266723 0.191125 -0.0224969
internal_weight=0 251.698 130.336 14.8501 4.37021 2.80815 1904.71 1675.98 18.8079 15.7505 1657.17 147.797 137.994 121.362 87.8946 33.1007 16.9254 228.736 144.501 26.5205 25.453 54.7939 10.4799 5.90815 16.2269 8.55136 24.9809 16.8279 2.14412 50.0993
internal_count=46916 3774 2574 219 61 40 43142 32689 216 187 32473 2699 2624 1200 1239 734 386 10453 6402 1297 1274 505 158 85 369 205 1268 781 61 1385
is_linear=0
shrinkage=0.1


Tree=58
num_leaves=31
num_cat=0
split_feature=49 46 9 38 14 32 28 27 6 14 4 38 38 38 38 38 27 0 6 35 35 32 4 29 9 38 10 38 32 16
split_gain=6.147 9.09781 5.7192 6.09679 5.60559 9.91997 12.5667 9.57254 7.93883 14.4308 14.3056 15.6169 13.7702 17.2236 30.3162 14.2952 13.0881 11.7041 11.3651 14.0806 15.4466 12.7886 12.2433 11.7673 13.9054 10.698 10.6889 10.561 9.62941 9.59466
threshold=21.500000000000004 27.000000000000004 -1.5587091906830324 2278.5000000000005 -1.1453800006332731 -1.2855334081318632 -0.25868683893814953 2.7793424806104712 -0.57391948617567878 -0.44674817002018735 -0.73476290427103341 38.500000000000007 180.00000000000003 312.50000000000006 328.50000000000006 256.50000000000006 0.4795824985091881 -0.43255009142035927 -0.2775291036325474 1.994600120183083 0.013982733812336239 -1.1478132189933528 -0.72738520366003978 -0.65247120678198922 1.3921722512112509 146.50000000000003 0.34003406184955604 200.50000000000003 1.9447213668505556 -0.0055517550273004495
decision_type=2 2 2 2 2 2 2 2 2 2 2 2 2 2 2 2 2 2 2 2 2 2 2 2 2 2 2 2 2 2
left_child=2 -2 3 -1 5 6 -4 -7 -6 10 11 -10 25 15 -15 27 -17 -13 28 20 21 22 -20 -22 -25 -11 -18 -14 -16 -21
right_child=1 -3 4 -5 8 7 -8 -9 9 12 -12 17 13 14 18 16 26 -19 19 29 23 -23 -24 24 -26 -27 -28 -29 -30 -31
leaf_value=-0.063478610231233648 -0.064314687775636148 0.065912947804913871 0.31425501375437437 0.18523068494122263 -0.017107475627658172 0.0060891919167533034 0.053116191624577182 0.14654559378437956 -0.1056023448521955 -0.0080988462720803147 0.02112773096830782 0.43117566104180505 0.05060165425601465 -0.11626631360775447 -0.044868162115379029 0.11570630415195796 0.060462691699504668 0.13866962458218743 -0.10327350949535859 -0.0083307932541931105 0.12116879075793066 -0.0067491569347058675 0.34744433918378015 0.0018973170543683992 0.12231176948840548 -0.048521779560561938 -0.10621831988545871 -0.026621920208317402 0.20035011680097892 0.24473483725196293
leaf_weight=20.200030757347125 30.042201110860333 6.5306731429882339 2.1018776316195753 1.0361970234662283 285.57218229677528 448.05590728018433 14.950746560469268 4.9053844790905705 1.7800616202875952 555.02639040048234 178.39690954284742 1.9818089865148065 35.299458391033113 21.61744491988793 51.471029188018292 35.556980715598911 13.366823662538083 4.4163471609354019 0.86737542506307397 174.21835843706504 26.711610586382449 65.76535714417696 1.9749598177149881 32.262222531717271 13.646757947281001 74.226473208982497 5.4022467061877242 35.539341101888567 1.6528014503419388 1.5111731942743052
leaf_count=1407 1605 72 31 38 5037 5352 201 57 66 19700 3072 25 440 431 728 462 138 48 41 3005 387 994 35 521 119 2048 55 767 17 17
internal_value=0 -0.0410605 0.000290409 -0.0513431 0.000815483 0.0104291 0.0853037 0.00761028 -0.00197672 0.00126553 0.0270565 0.156384 -0.00293295 0.00916135 -0.00115767 0.0414544 0.0800453 0.229272 0.00556613 0.0127405 0.0362515 0.00222644 0.209902 0.0683964 0.0376913 -0.0128671 0.0124874 0.0118591 -0.0372389 -0.00615457
internal_weight=0 36.5729 2109.51 21.2362 2088.28 470.014 17.0526 452.961 1618.26 1332.69 186.575 8.17822 1146.12 516.864 391.699 125.165 54.3261 6.39816 370.082 316.958 141.228 68.6077 2.84234 72.6206 45.909 629.253 18.7691 70.8388 53.1238 175.73
internal_count=46916 1677 45239 1445 43794 5641 232 5409 38153 33116 3211 139 29905 8157 6295 1862 655 73 5864 5119 2097 1070 76 1027 640 21748 193 1207 745 3022
is_linear=0
shrinkage=0.1


Tree=59
num_leaves=31
num_cat=0
split_feature=35 40 40 14 32 4 21 8 14 28 38 28 6 28 29 6 23 14 46 15 7 19 2 11 20 40 31 29 32 29
split_gain=5.31614 21.9684 16.6234 7.68438 8.02946 6.85741 6.55745 6.50971 13.7988 8.16916 6.21677 7.13903 11.3094 7.71233 7.10857 6.1867 6.15521 5.86417 7.10256 9.45899 9.29221 8.29196 8.55824 9.3274 7.192 6.86073 12.9722 11.3089 11.8407 10.3327
threshold=3.9947426817808203 0.33500000000000008 0.43500000000000005 -1.277869359727285 1.7242617965858782 -0.88178642218541181 1.9373836571535872 -0.68292603141190378 -1.4190591570905802 0.48379451899257092 2635.5000000000005 -0.48872202275052751 -0.57391948617567878 -0.55632354820801178 -0.52024619952201456 -0.4967560401527632 0.41129229105795745 0.9339492431873897 1.5000000000000002 -0.55890014748369621 -0.57621670379852918 -0.22057575733103427 1.5222110593422959 2.0172405678486363 -0.048219806596542743 0.24500000000000002 0.69832953045837742 -0.26171378769043802 0.79087069712429825 -0.54003338614705954
decision_type=2 2 2 2 2 2 2 2 2 2 2 2 2 2 2 2 2 2 2 2 2 2 2 2 2 2 2 2 2 2
left_child=1 6 -2 7 -5 15 17 8 -3 -9 11 12 -8 -14 -15 -4 -6 25 19 20 -19 -20 23 -23 -21 -1 27 28 29 -27
right_child=2 3 5 4 16 -7 10 9 -10 -11 -12 -13 13 14 -16 -17 -18 18 21 24 -22 22 -24 -25 -26 26 -28 -29 -30 -31
leaf_value=-0.0015951577389315939 0.063162088083106277 0.010664876527683029 0.30640916996906842 -0.049714389960652694 -0.020344682707263292 0.0053236462089955722 -0.013833428011208758 -0.040625084839339833 0.25102988490573946 0.23130202996591251 -0.13659142668153193 -0.027348864371547366 0.098112118722961356 0.055686653756969753 0.36623032834795799 -0.050181327746411521 0.17524117897857039 0.021016512220439411 -0.068051772320764523 -0.082575200988782321 0.3933773723196845 -0.026678387926339586 0.21948633845039525 0.10128125731996968 0.18419974824996796 0.04276093834816868 0.19208281641780584 0.040312425544077483 -0.046403146986229785 -0.029745503517390311
leaf_weight=984.66377721191384 49.49192770011723 14.976429936476054 0.49481999501586216 148.664950030623 3.7666574048344037 506.45311882602982 7.0763225615955951 25.725272822659466 2.8414914021268478 1.1543450383469451 1.7240673974156369 7.1130951330997041 10.185089379083371 1.0638846424408259 2.399898504838343 29.079714727355167 2.8089941944926977 1.2466314956545832 35.72848276887089 3.7287785308435559 1.4493262935429809 56.821959777502343 1.6120028984732915 6.3313210245687506 1.3862487822771061 55.231999014969915 4.1812515784986308 96.409515313338488 44.955486359074712 30.512295240303501
leaf_count=17401 770 247 4 6713 76 9880 114 446 35 18 22 244 137 25 41 1267 37 47 2087 168 24 1693 18 139 7 1742 98 2050 459 907
internal_value=0 -0.00347038 0.00771033 -0.0344118 -0.0449313 0.00259042 0.00109918 0.00212388 0.0489968 -0.0289472 0.0476796 0.0590918 0.0887591 0.141949 0.270848 -0.0442151 0.0632059 5.93331e-05 -0.0222379 0.0696166 0.221195 -0.0293774 -0.0080423 -0.01385 -0.0102752 0.00204535 0.0175439 0.0143305 -0.0048348 0.0169594
internal_weight=0 1553.76 585.52 199.938 155.241 536.028 1353.82 44.6975 17.8179 26.8796 29.5624 27.8383 20.7252 13.6489 3.46378 29.5745 6.57565 1324.26 108.305 7.81099 2.69596 100.494 64.7653 63.1533 5.11503 1215.95 231.291 227.109 130.7 85.7443
internal_count=46916 34995 11921 7572 6826 11151 27423 746 282 464 583 561 317 203 66 1271 113 26840 4183 246 71 3937 1850 1832 175 22657 5256 5158 3108 2649
is_linear=0
shrinkage=0.1


Tree=60
num_leaves=31
num_cat=0
split_feature=49 46 1 20 40 38 10 34 2 25 38 1 4 3 32 9 9 9 25 4 4 38 29 2 17 21 13 33 15 49
split_gain=5.29056 7.65084 5.3363 9.10181 7.47845 6.67958 7.75234 6.27425 7.34617 11.5317 6.76421 7.87539 6.6345 6.06836 5.96263 8.03994 5.15891 5.81917 9.54652 9.89102 9.31528 5.3194 4.8573 9.58935 9.74907 8.75232 9.20886 9.47646 9.39234 13.1781
threshold=21.500000000000004 27.000000000000004 1.8602056074722111 4.5132246739857207 0.025000000000000005 2033.0000000000002 2.1918874436669324 0.99472259501583882 1.0415389042519145 0.39258262795982951 27.500000000000004 2.1094855935001386 0.42530983471187139 -0.78398015372297603 2.5853594771023571 2.2409182408133739 -1.4126874623282732 -1.3479730243925074 -0.90933206085170404 0.61401978777345756 -0.4619127146954497 3.5000000000000004 0.27022563507454217 0.69082721044602635 0.0048888032053804919 0.24312754147235036 -0.83701040605225574 -0.096751870336811166 -0.69798158233880592 2.5000000000000004
decision_type=2 2 2 2 2 2 2 2 2 2 2 2 2 2 2 2 2 2 2 2 2 2 2 2 2 2 2 2 2 2
left_child=2 -2 3 14 -4 7 -7 8 -6 10 -10 -12 13 -9 16 -16 -1 18 19 -18 -20 -19 23 25 -25 -23 -27 28 -28 -30
right_child=1 -3 4 -5 5 6 -8 12 9 -11 11 -13 -14 -15 15 -17 17 21 20 -21 -22 22 -24 24 -26 26 27 -29 29 -31
leaf_value=-0.036629766112132589 -0.06151747862729099 0.057197629628338111 -0.12992042085682187 0.092395216734556557 0.059774298034747167 -0.19051607568684739 0.0037947703439150243 -0.0082016190347709485 -0.23703892462317425 0.10381592626371235 -0.1990485382091581 0.10763614187715272 -0.0066790677936542356 0.18928168608825657 0.11292083929066683 -0.0046032587939364841 -0.10697454422756053 -0.046359017418331164 0.4969186682593012 0.15604365358649624 0.11696925858632992 -0.017745790064975276 0.0069733156032882569 0.0037919945985204866 0.064395486338785723 0.21066741251535626 -0.054271603298669702 0.014415747992589364 0.052393413352180319 -0.041125182383117312
leaf_weight=42.699288082541898 28.452661001123488 6.7087315344251683 3.3187947161495677 10.346772254444657 63.622832205612212 3.0585353113710863 6.2467752220109105 2.8005739822983742 2.6797548756003362 3.8018268086016178 1.4733877927064898 1.9395322836935518 56.251018603332341 3.5013746507465831 10.604499415494503 12.90459639020264 3.621309916023165 26.505348140373826 0.82509144325740669 2.3625878496095538 2.9608370885252935 573.67299413331784 517.36441814550199 401.661759929033 28.422420718707144 2.1210683621466151 49.619274028809741 202.74139569792897 29.402162620332092 30.907350294291973
leaf_count=2990 1605 72 28 108 1462 36 88 31 30 63 19 34 521 22 96 103 244 1067 35 48 51 12174 9234 9829 665 55 1644 2500 716 1346
internal_value=0 -0.0388668 0.000246759 -0.00114654 0.018507 0.0218954 -0.0600727 0.0275009 0.0473083 -0.0328494 -0.118128 -0.0247623 0.00422158 0.10152 -0.00164585 0.0484096 -0.00226038 -0.00147651 0.0754987 -0.00312859 0.199774 -0.00188031 -0.00123816 -0.00446014 0.00779702 -0.0103935 0.00300517 0.00159644 -0.0220462 0.00446711
internal_weight=0 35.1614 2097.44 1948.74 148.694 145.376 9.30531 136.07 73.5173 9.8945 6.09267 3.41292 62.553 6.30195 1938.4 23.5091 1914.89 1872.19 9.76983 5.9839 3.78593 1862.42 1835.91 1318.55 430.084 888.464 314.791 312.67 109.929 60.3095
internal_count=46916 1677 45239 42905 2334 2306 124 2182 1608 146 83 53 574 53 42797 199 42598 39608 378 292 86 39230 38163 28929 10494 18435 6261 6206 3706 2062
is_linear=0
shrinkage=0.1


Tree=61
num_leaves=31
num_cat=0
split_feature=25 29 49 46 36 40 15 17 46 14 46 42 7 10 31 34 12 42 32 18 15 11 11 10 33 5 19 34 1 31
split_gain=4.88257 4.82537 4.51799 6.4371 5.09033 4.98979 10.3758 8.4078 7.80213 12.9986 6.97375 6.84331 7.08263 6.23524 7.28816 6.22167 7.67678 6.70603 6.94957 6.20401 5.71736 5.62883 6.11008 5.45866 9.19103 8.57668 9.54228 6.75589 6.28549 6.88087
threshold=-1.4851349743931894 5.569712950201585 21.500000000000004 27.000000000000004 2.5000000000000004 0.045000000000000005 1.5404740437474131 -0.016342364245303737 1.5000000000000002 0.67041837819855943 13.500000000000002 0.84375000000000011 -1.1148655357320545 1.5567621339366637 -0.04269961992423376 0.014570040978461653 0.01615939172465294 0.28125000000000006 -1.1478132189933528 0.97979133261080731 1.8842389018683805 1.7794568578967656 0.78793542423159668 1.4435391667224884 2.3738726041702765 -0.52007523270655565 0.075465442023610371 0.0042288973478591422 1.3272457956517818 -0.55485968211072312
decision_type=2 2 2 2 2 2 2 2 2 2 2 2 2 2 2 2 2 2 2 2 2 2 2 2 2 2 2 2 2 2
left_child=-1 2 5 4 -4 6 7 -2 9 11 20 12 -9 23 15 -15 17 -17 21 -16 -8 22 -19 28 25 26 -25 -27 -7 -30
right_child=1 -3 3 -5 -6 13 10 8 -10 -11 -12 -13 -14 14 19 16 -18 18 -20 -21 -22 -23 -24 24 -26 27 -28 -29 29 -31
leaf_value=-0.074492433816828504 0.20151730400016349 -0.1795986276789725 0.081976428483318056 0.050251982597785433 -0.071708158931196878 0.00018471418335454381 0.12496767209998219 -0.066507220466120023 -0.03398831262308518 0.19260444961416973 0.21230493632569961 -0.049577844900564216 0.036940058228285139 0.045441595568648407 -0.0083889920136114276 0.06030923294540879 0.19561376489163992 0.033899974866321562 -0.026362871828436663 -0.17050777488339738 -0.0069807529219075293 -0.071058812166048008 0.28032727780589467 0.22973720604719461 0.078577492587667969 -0.03742586046561322 -0.066474157757854452 -0.1294158066299515 -0.00024484632818022996 0.071021175188568375
leaf_weight=8.8502367145847511 1.7151224585250009 1.4959409909788508 2.3623690884560373 6.8635803563520303 24.574458623770624 1527.1102359101642 4.7945053875446346 8.039239917881785 145.81152945756912 3.5632721912115803 2.5829927800223222 21.713304688222706 37.449062191881239 92.591180843301117 41.35522014182061 15.058543823659418 2.0859669186174861 2.0734105510637155 51.013276947662234 2.5034011211246243 10.422529211267827 1.5444424878805874 1.954747639596462 2.2415898856706908 6.625920681282877 30.451646657660604 2.1124366344884038 10.820525093469767 27.522486221976578 26.68290738388896
leaf_count=653 17 27 24 72 1559 37139 47 74 1931 49 31 295 357 2051 515 97 18 30 527 27 99 22 29 29 59 328 30 171 275 334
internal_value=0 -6.15155e-05 6.55529e-05 -0.0362014 -0.05823 0.000654944 -0.013033 -0.0190193 -0.0207658 0.00647929 0.060381 -0.00338974 0.0186576 0.00240768 0.0186201 0.0281825 0.00650842 0.00100251 -0.0147801 -0.0176426 0.0345929 0.0912521 0.153484 0.00032173 -0.0314786 -0.0474612 0.0860248 -0.0615433 0.00137252 0.0348363
internal_weight=0 2115.14 2113.64 33.8004 26.9368 2079.84 236.092 218.292 216.576 70.7649 17.8 67.2016 45.4883 1843.75 210.18 166.322 73.7304 71.6444 56.5859 43.8586 15.217 5.5726 4.02816 1633.57 52.2521 45.6262 4.35403 41.2722 1581.32 54.2054
internal_count=46916 46263 46236 1655 1583 44581 2900 2723 2706 775 177 726 431 41681 3316 2774 723 705 608 542 146 81 59 38365 617 558 59 499 37748 609
is_linear=0
shrinkage=0.1


Tree=62
num_leaves=31
num_cat=0
split_feature=35 40 40 32 28 6 4 24 1 49 32 38 31 4 19 19 21 21 9 25 6 0 35 22 22 32 32 27 30 29
split_gain=4.59316 21.2197 13.8453 8.11519 7.07249 6.80084 12.9765 7.20224 6.96375 5.91226 5.77727 6.1685 6.73596 9.84582 10.5519 7.05382 5.76687 6.8126 7.52694 11.6458 8.54324 7.21352 28.3577 7.72089 10.0484 10.9146 7.24577 6.98798 6.56 7.35775
threshold=3.0237255918335433 0.34500000000000003 0.43500000000000005 1.2920898426542933 5.5126647840463852 1.11175985528681 -0.61319608885753196 4.0740708342314784 1.0264364574555687 12.500000000000002 2.8472650478631416 296.50000000000006 0.021561916846145324 -0.37446474036367455 -0.72306833346519983 -0.63201180992618788 -1.4850889186529146 -1.2330674201165222 0.83868073777315222 2.0127285941414006 -0.80712106936506889 -0.59510479209158318 4.9989024562030417 0.14191390536156426 0.047197500116602988 -0.42803123141029847 1.814973616266071 0.4795824985091881 -0.075502746146557678 2.3006219979533911
decision_type=2 2 2 2 2 2 2 2 2 2 2 2 2 2 2 2 2 2 2 2 2 2 2 2 2 2 2 2 2 2
left_child=1 9 -2 4 5 8 -7 -8 -3 -1 11 -11 13 14 -13 -16 -4 18 19 20 -18 22 -19 24 26 -26 28 -27 29 -23
right_child=2 3 16 -5 -6 6 7 -9 -10 10 -12 12 -14 -15 15 -17 17 21 -20 -21 -22 23 -24 -25 25 27 -28 -29 -30 -31
leaf_value=0.0015330332649087627 0.057215762483425227 -0.075366142652424126 -0.070677517648019356 0.41024281587695532 0.35247963723038112 -0.072438700846618007 0.077777932234253541 0.4216405448094408 -0.019922081135582505 -0.060763996466138184 0.20999796637726292 -0.10713110386612386 -0.058147489339636441 -0.0045433893587012606 0.3244503700637642 0.057404393768058483 0.19418906268267858 0.00080570827554268419 -0.011509008400184125 0.29716323572293768 0.031094864165852394 -0.00037297041318543961 0.14147522035569124 -0.034124604024003892 -0.06820538566295957 0.19334402376431248 -0.098399038620537199 0.0290161716520515 -0.057875441527106233 0.070776107022967077
leaf_weight=1334.2111350032501 50.422108095604926 64.54669724800624 10.57464257115498 0.38775145402178068 0.43897545570507546 3.3743940079584718 1.3837102507241064 1.0880960449576376 34.90295833372511 35.172880846541375 1.0176563765853632 1.2676880224607883 14.908131935633717 21.887581975199282 2.5828021350316699 1.603038161061707 3.7388791851699414 88.353502804646268 17.215867036953568 2.129242497496306 22.782007952453569 251.47317675454542 17.10529206180945 77.415375480661169 3.6384016228839764 6.8797895996831322 7.7252065967768422 4.1480551594868302 18.47576967976056 15.426333468407391
leaf_count=26513 829 4433 234 10 33 457 37 18 728 1287 7 52 404 488 33 53 38 1832 208 27 708 4915 202 2296 151 97 61 52 477 236
internal_value=0 -0.00327532 0.00707433 -0.0464011 -0.0480757 -0.0497456 0.0550735 0.229147 -0.0559074 -3.55782e-05 -0.0267167 -0.0298281 -0.00407369 0.0254108 0.145631 0.222181 0.00245301 0.00389443 0.0407502 0.0721527 0.0540877 0.000449084 0.0236221 -0.00589545 0.00120528 0.081982 -0.00283665 0.131533 -0.00024974 0.00373932
internal_weight=0 1518.77 597.504 106.123 105.735 105.296 5.8462 2.47181 99.4497 1412.65 78.4398 77.4221 42.2492 27.3411 5.45353 4.18584 547.082 536.507 45.866 28.6501 26.5209 490.641 105.459 385.182 307.767 14.6662 293.1 11.0278 285.375 266.9
internal_count=46916 34553 12363 5716 5706 5673 512 55 5161 28837 2324 2317 1030 626 138 86 11534 11300 981 773 746 10319 2034 8285 5989 300 5689 149 5628 5151
is_linear=0
shrinkage=0.1


Tree=63
num_leaves=31
num_cat=0
split_feature=14 9 46 40 15 38 9 3 49 28 9 31 13 29 38 38 28 20 32 9 35 40 46 38 14 2 29 49 31 20
split_gain=4.37352 8.07859 9.37083 7.68874 6.84692 6.44057 7.42254 7.40301 7.54271 17.5464 7.35024 6.9622 8.39875 6.55498 4.73727 7.45588 8.59803 4.72941 4.48848 5.25718 5.2102 7.77755 4.65787 10.3116 7.90687 6.13222 7.37746 6.10541 6.21521 6.27688
threshold=1.6119832097171134 1.8937445984283707 10.500000000000002 0.12500000000000003 7.0031374912065942 2033.0000000000002 1.3921722512112509 -0.77765463862332518 13.500000000000002 1.128648669283878 0.57169688812527919 1.4025645294138951 -0.78397820288124509 -0.34063117388076103 661.50000000000011 1133.5000000000002 -0.10323091102275024 -0.15694655518338299 2.5853594771023571 2.2409182408133739 0.0057700243007481984 0.22500000000000003 17.000000000000004 328.50000000000006 0.32428168051972112 -0.45195399531419694 2.0594503521356287 20.500000000000004 -1.0993793045546145 1.6317370035345906
decision_type=2 2 2 2 2 2 2 2 2 2 2 2 2 2 2 2 2 2 2 2 2 2 2 2 2 2 2 2 2 2
left_child=18 2 3 -2 14 6 7 11 -9 -10 -7 -5 -13 -8 -4 16 17 -16 22 -20 -21 -22 -1 -24 25 26 27 -25 -29 -30
right_child=1 -3 4 5 -6 10 13 8 9 -11 -12 12 -14 -15 15 -17 -18 -19 19 20 21 -23 23 24 -26 -27 -28 28 29 -31
leaf_value=0.00062012770394277597 -0.081532067473925079 -0.1597035280152731 -0.09505010678320723 0.45292733412775282 0.34516272171078161 0.29956140106848939 0.00090768799667821426 -0.083066913710712814 1.2086777655934107 -0.10124471515694392 0.043764511769433169 -0.10414217351595725 0.34357550939418235 0.22591669375570428 0.40640627480747321 -0.066343720594169223 -0.10300405872452965 0.095141110498764073 0.093463001032920809 -0.076354497340133928 0.14611825041368326 -0.017067394094687525 -0.098118322325423016 -0.058903099196849842 -0.096534792666315442 -0.021917621269509087 -0.10649268970122867 -0.036491146673734286 0.13334163289263259 0.3690757184026861
leaf_weight=1970.7123353173956 5.3696139366365996 4.2703799828886977 17.438772804802291 0.53490613680333554 0.41581328632309933 2.0289138918742529 2.3900727145373821 8.680322445230555 0.15270564635284323 0.30953434878028929 2.51681097317487 1.263795018196106 0.62679799180477824 2.8250348204746834 0.9554325807839632 6.8403154285624623 1.0917648407630602 0.99806463439017556 11.116430279798807 5.3848114013671902 4.5324642481282345 8.2129073841497284 15.473952213302253 1.9070452889427567 6.7385604979936025 13.890649595763533 1.9485183344222594 1.6865508239716263 6.3202868360094735 1.3753244969993828
leaf_count=41186 178 54 1665 17 7 33 20 461 19 38 32 57 9 21 24 291 79 17 112 35 45 84 1233 69 369 482 63 24 181 11
internal_value=0 -0.0272585 -0.016869 0.0254218 -0.0575718 0.0523478 0.0237493 -0.0209026 -0.0621067 0.331501 0.157935 0.13441 0.044292 0.122796 -0.0637005 -0.00839783 0.121761 0.247377 0.000423443 0.0393182 0.00611953 0.0409641 -0.000139681 -0.030487 0.000414053 0.0244957 0.0731982 0.104213 0.137368 0.175471
internal_weight=0 58.7091 54.4387 26.6985 27.7402 21.3289 16.7832 11.5681 9.14256 0.46224 4.54572 2.4255 1.89059 5.21511 27.3244 9.88558 3.04526 1.9535 2049.3 29.2466 18.1302 12.7454 2020.05 49.3409 33.8669 27.1284 13.2377 11.2892 9.38216 7.69561
internal_count=46916 3022 2968 885 2083 707 642 601 518 57 65 83 66 41 2076 411 120 41 43894 276 164 129 43618 2432 1199 830 348 285 216 192
is_linear=0
shrinkage=0.1


Tree=64
num_leaves=31
num_cat=0
split_feature=25 14 14 14 14 38 38 14 14 33 9 38 6 6 2 12 16 20 17 38 14 14 6 15 10 25 35 33 9 21
split_gain=4.20551 4.19698 9.97319 7.80934 8.84489 12.5243 7.11569 8.32105 14.7023 8.92688 11.2806 8.77546 8.48802 8.59681 9.14055 10.9916 8.58709 8.41547 8.10532 8.07209 10.3978 13.2579 8.36518 17.4429 10.9413 7.74612 7.77596 12.1753 11.6668 8.06304
threshold=-1.4851349743931894 -1.0827722494596868 -1.0757296684093249 -1.507797691239684 -1.4620574590608693 256.50000000000006 76.500000000000014 -0.13387022158790915 -0.2899504667555311 -0.76248215836169431 0.29595293557037805 11.500000000000002 -0.37255489161507066 -0.57391948617567878 -0.38786411123719072 -0.68787480518471156 -0.0072433494448920074 1.3744265763840067 0.0046339614561242961 86.500000000000014 -0.87931062798050552 -0.79743811077240079 -0.69664361939547648 2.3253286023396749 1.4315107332976544 -1.0663138931084009 0.0057700243007481984 -0.31883521063759512 0.22298415082616821 -1.2649414902644571
decision_type=2 2 2 2 2 2 2 2 2 2 2 2 2 2 2 2 2 2 2 2 2 2 2 2 2 2 2 2 2 2
left_child=-1 3 -3 -2 5 -5 7 8 12 -10 -11 -9 13 16 18 17 -4 -16 -15 25 22 -22 23 -21 -24 -8 -27 28 -28 -29
right_child=1 2 6 4 -6 -7 19 11 9 10 -12 -13 -14 14 15 -17 -18 -19 -20 20 21 -23 24 -25 -26 26 27 29 -30 -31
leaf_value=-0.071556950313285017 -0.0084651827274658687 -0.061544091415327934 -0.034680288315627271 -0.11124341680511839 0.012581308606483958 0.10054776358775222 -0.1029198715603194 0.0053777118841187395 0.17103548437091898 -0.033975817118572893 0.065625688014490091 -0.035576255742522211 -0.057418745300859921 0.030250116770773022 -0.085520211662927795 0.00098494508139597751 0.23392659339129127 -0.38804367159841596 0.16563633322545557 -0.013491737667368307 0.06262482853140218 0.00089047921775282945 -0.093081114313023905 0.35831254844497223 0.039833768758696105 -0.026014914822262758 0.078614634479958201 0.15126183316219238 0.27523160869938029 0.0090684565508773116
leaf_weight=8.2605883651413006 181.87692535342649 28.150031993631274 69.361970707308501 3.1915536755695966 286.03260872722603 22.310788746923208 4.1740435669198623 73.2678798425477 5.2068835524842134 16.728335126303136 35.506174937821925 183.01088738674298 32.952363914810121 56.553628163645044 5.4158609262667587 50.928051470778883 1.2109563266858447 1.1075620558112858 4.7971215816214672 30.1277319919318 36.304565371014178 832.40598168130964 31.674832267919555 1.3169579454697657 7.6985901738516977 16.567258488386869 23.471124557778243 4.3535646405071011 3.4632345847785464 47.474029814824462
leaf_count=653 2438 689 1811 35 3484 220 129 2727 62 138 280 11011 1422 1250 147 1198 22 10 78 490 422 16305 609 23 112 197 428 40 34 452
internal_value=0 -6.48933e-05 -0.00254696 0.00800002 0.0176126 0.0740426 -0.00149256 -0.0108503 0.00107433 0.0461744 0.0337279 -0.0238679 -0.0105779 -0.00242732 0.0139942 -0.0146695 -0.0300713 -0.136883 0.0408362 0.00333519 0.000466776 0.00347044 -0.0363785 0.00208007 -0.0670926 0.0304193 0.0362577 0.0493564 0.103896 0.0210128
internal_weight=0 2096.64 1603.23 493.412 311.535 25.5023 1575.08 536.048 279.769 57.4414 52.2345 256.279 222.328 189.375 118.802 57.4515 70.5729 6.52342 61.3507 1039.03 939.529 868.711 70.8181 31.4447 39.3734 99.5033 95.3292 78.762 26.9344 51.8276
internal_count=46916 46263 40086 6177 3739 255 39397 20156 6418 480 418 13738 5938 4516 2683 1355 1833 157 1328 19241 17961 16727 1234 513 721 1280 1151 954 462 492
is_linear=0
shrinkage=0.1


Tree=65
num_leaves=31
num_cat=0
split_feature=29 10 10 46 21 21 38 10 29 35 49 46 38 14 36 8 13 1 38 9 21 9 38 12 7 38 32 14 14 32
split_gain=4.1292 3.89874 6.67127 7.44036 9.03221 6.84561 6.05196 7.98397 5.56177 8.89666 5.30021 4.70804 6.80147 5.51532 5.82056 5.96955 4.60693 11.1827 8.67294 17.7103 11.8525 8.58409 7.82297 7.39319 6.88148 8.80621 9.51566 8.45098 10.9183 7.78279
threshold=5.569712950201585 3.4000999982371676 2.1918874436669324 10.500000000000002 -0.056618383202618562 -0.1367434239394357 76.500000000000014 2.195988829225513 -0.74344822013769485 2.0044450319562643 3.5000000000000004 17.000000000000004 328.50000000000006 0.32428168051972112 2.5000000000000004 -1.0000000180025095e-35 1.1863247499329368 0.0075623848150442067 2158.5000000000005 0.36182437688234553 -0.26493100582350876 1.0855026834406998 140.00000000000003 -0.56651531175079251 -0.76681946533415457 60.500000000000007 1.2379146519880204 -1.507797691239684 -1.4930354908055861 1.7750380310008242
decision_type=2 2 2 2 2 2 2 2 2 2 2 2 2 2 2 2 2 2 2 2 2 2 2 2 2 2 2 2 2 2
left_child=1 2 11 8 5 6 -5 -8 9 -4 -3 16 -13 14 -14 -16 24 18 22 20 -20 -21 -18 -23 25 -1 -27 29 -29 -26
right_child=-2 10 3 4 -6 -7 7 -9 -10 -11 -12 12 13 -15 15 -17 17 -19 19 21 -22 23 -24 -25 27 26 -28 28 -30 -31
leaf_value=-0.046377743831084027 -0.17209792719824776 0.023364459961740146 -0.22186489204874343 -0.063430276692816132 -0.048084356771207176 0.20375697319060004 0.20683727137116459 0.023630918143217949 0.065551323185577562 0.10880901192783828 -0.14031221602824742 -0.095659514169306015 0.20145862867861736 -0.082826656870380308 0.038326507595811139 -0.073050483433145075 0.020046810655835513 0.11401510534507382 0.47313835329768472 -0.08841802268558735 0.099278266929067605 0.22218921812943906 -0.017388973872917574 0.003131925506764663 -0.039160905384194977 0.0071467806081922484 -0.07509731548828015 0.10512688783192557 0.0010436734878331289 0.10102428029284605
leaf_weight=76.530465999851003 1.3988165801856656 3.4821727108210307 1.7693826425820582 6.1360983378253939 22.157278776168823 2.2812640788033596 2.7966698668897179 15.915561378467826 41.409748273901641 1.5062725106254218 4.5813555475324392 12.592957140295765 1.5687998458743155 7.5583446372766039 14.780891614034777 7.1353779635392085 123.12375435419381 10.345818300731478 1.6677612569183113 4.2989244479686004 1.7251638192683447 2.6466560773551464 102.11912249401212 3.6870085727423429 75.072392934933305 109.94991965265945 16.131971156224608 10.150884938426314 1411.4774165827548 4.1808805810287586
leaf_count=2646 27 89 24 76 221 22 23 138 1094 30 64 1218 10 471 410 351 2140 86 20 54 27 18 1238 29 927 2434 144 101 32729 55
internal_value=0 -0.000229002 3.86643e-05 0.0260773 -0.000715293 0.037972 0.0227516 0.0510124 0.0556288 -0.0698083 -0.0696297 -0.00118678 -0.0336729 -0.00852764 0.0153845 0.002065 -0.000460979 0.0122266 0.00782531 0.0841222 0.283046 0.0206444 0.00307442 0.0946697 -0.0023201 -0.0196187 -0.00337622 1.51378e-05 0.00178686 -0.0317657
internal_weight=0 2098.78 2090.72 93.9723 49.2869 27.1296 24.8483 18.7122 44.6854 3.27566 8.06353 1996.74 43.6364 31.0434 23.4851 21.9163 1953.11 249.614 239.268 14.0255 3.39293 10.6326 225.243 6.33366 1703.49 202.612 126.082 1500.88 1421.63 79.2533
internal_count=46916 46889 46736 1628 480 259 237 161 1148 54 153 45108 2460 1242 771 761 42648 3612 3526 148 47 101 3378 47 39036 5224 2578 33812 32830 982
is_linear=0
shrinkage=0.1


Tree=66
num_leaves=31
num_cat=0
split_feature=28 31 29 4 4 8 0 13 1 19 31 3 20 38 13 31 38 19 12 27 26 29 38 5 3 27 42 13 12 20
split_gain=3.9745 9.68054 6.82101 5.81453 7.32213 5.27968 6.16507 4.82497 8.21329 6.94786 6.77792 6.50472 6.1547 8.43945 7.86592 8.86751 7.48295 7.06106 6.25102 5.84019 6.94981 8.03707 9.92968 7.07641 7.03815 5.58201 5.40786 10.1721 6.94975 6.67692
threshold=1.8633067985349518 -0.48393744662205757 -0.75054410663921789 -0.87223551044389824 -0.56360006530367157 3.5893107819103243 6.3515522293553976 1.1863247499329368 0.0075623848150442067 -0.79366930622262566 -1.1332121284310366 1.175173527055718 -0.52637528055770011 2340.0000000000005 1.2375315856261324 -1.0065938218922881 4.5000000000000009 -0.7489783040200827 -0.49554656940082137 2.2881137183496691 -1.1664757245028399 -0.75493156245736126 230.50000000000003 0.5939722460664798 -0.34398131323314135 2.7793424806104712 0.84375000000000011 -0.17868254307023873 -0.21661004517060475 1.0600983672049427
decision_type=2 2 2 2 2 2 2 2 2 2 2 2 2 2 2 2 2 2 2 2 2 2 2 2 2 2 2 2 2 2
left_child=5 2 -2 -4 -5 6 7 11 9 -9 -11 19 13 14 18 -16 17 -17 -12 20 21 22 23 -1 -24 -14 29 28 -28 -21
right_child=1 -3 3 4 -6 -7 -8 8 -10 10 12 -13 25 -15 15 16 -18 -19 -20 26 -22 -23 24 -25 -26 -27 27 -29 -30 -31
leaf_value=-0.1056386364485751 0.36643881694291014 -0.063743759407797848 0.23231291278937674 -0.062553375987339413 0.10834773907002491 0.068552278992812479 -0.22942964405753072 -0.071208238272210567 0.098804973502502391 -0.071395163254460589 0.62569684217412647 -0.10342229178672624 0.0074232013592555176 0.28268563905692828 0.23995757204338106 0.59247877933075888 0.001491044690903853 0.058733532511729684 0.098199110987298097 0.070508969427535248 -0.001034420274916283 -0.032737490902142147 0.081435508447230881 0.23896630605561708 0.43322790110615444 0.10542657074998998 0.25171582367338013 -0.091560906620593741 -0.030891489353831153 0.011872363570185576
leaf_weight=2.4437122384551908 0.61576560465619046 28.207092442316934 1.2161435950547446 6.6828102555591586 4.0120061221532515 11.26769219432026 1.1714517767541099 10.184310120064763 10.792060120031236 9.0321303745731694 0.41055835783481598 6.2643631990067652 171.95612407894805 1.6533217048272479 1.9451728370040715 0.4226377084851265 18.485550768207759 0.59934598626568802 0.49612384755164995 28.582524354802445 1586.7115332536632 107.50547132454813 1.1798205026425423 0.78806302975863207 1.0979368225671349 6.0150730442255727 1.7120406497269871 9.5612382818944717 1.7695746300742037 60.576168090105057
leaf_count=122 12 1586 27 143 52 156 16 156 94 98 11 114 2227 20 32 12 504 32 29 277 37230 3086 32 12 21 53 18 108 28 608
internal_value=0 -0.0312566 0.0418965 0.0251185 0.00155771 0.000288424 -8.83723e-05 4.3313e-05 0.0136201 0.00946408 0.0133576 -0.0016986 0.0171475 0.06467 0.0485492 0.0363557 0.0160537 0.279462 0.337057 -0.00134496 -0.00274096 -0.0267005 0.0910978 -0.0216073 0.251008 0.0107355 0.021872 -0.0382702 0.108077 0.0306701
internal_weight=0 40.7338 12.5267 11.911 10.6948 2052.62 2041.36 2040.18 231.992 221.2 211.016 1808.19 201.984 24.0127 22.3594 21.4527 19.5075 1.02198 0.906682 1801.93 1699.73 113.015 5.50953 3.23178 2.27776 177.971 102.202 13.0429 3.48162 89.1587
internal_count=46916 1820 234 222 195 45096 44940 44924 3268 3174 3018 41656 2920 640 620 580 548 44 40 41542 40503 3273 187 134 53 2280 1039 154 46 885
is_linear=0
shrinkage=0.1


Tree=67
num_leaves=31
num_cat=0
split_feature=1 10 40 9 4 21 19 10 25 9 22 31 20 6 26 19 21 9 10 1 27 32 13 10 7 13 34 27 1 19
split_gain=3.85718 6.47358 7.21592 5.94035 5.72973 9.91627 9.42519 8.57344 11.5657 7.75636 7.71506 8.71555 7.48165 7.03426 7.00841 6.4896 6.14711 7.62028 7.69742 6.59366 24.7026 19.7783 9.59666 9.57155 7.92855 8.09905 10.3895 10.3015 16.1798 10.0385
threshold=0.65485831979133691 0.46410416001286869 0.15500000000000003 -1.104322946260998 -0.11365225463311047 -1.2649414902644571 -0.74322749520763065 -0.4240539323484524 1.7131102431582348 2.2707550775421077 0.67855278803209018 -0.47559651171478107 0.11423349607541837 -0.54271247262266853 1.8363925361641054 -0.79366930622262566 -0.57479483841354584 -1.05080444734391 -0.42409978365819623 0.093208376946560936 -0.55287016203847084 -0.74041117110442978 -0.35864192951606494 0.092381556047153271 0.14859063214307591 -0.29411925243746301 1.0019516060155673 1.5572724673749252 -0.23291619245811321 -0.51942218052568412
decision_type=2 2 2 2 2 2 2 2 2 2 2 2 2 2 2 2 2 2 2 2 2 2 2 2 2 2 2 2 2 2
left_child=3 2 -2 -1 5 7 12 10 -9 15 -5 13 -6 -12 -10 -7 17 18 -17 22 21 -21 -18 -22 25 26 27 -24 -29 -28
right_child=1 -3 -4 4 6 9 -8 8 14 -11 11 -13 -14 -15 -16 16 19 -19 -20 20 23 -23 24 -25 -26 -27 29 28 -30 -31
leaf_value=-0.028760722496226434 0.19437704014573673 0.0048816011100927996 -0.035355820206424582 0.079846209463879159 0.25691586080855672 -0.069674393828271147 -0.011966324770223262 -0.08260216550706341 0.22169988390626313 -0.081846826466008507 0.02185871519117576 -0.050887157985931665 0.00067590802903352723 0.26029292029997497 0.018945129643659853 0.0701210875947922 -0.032957180459241869 -0.014577994546209484 0.54580637288225686 0.047280552918284056 0.19759289427135907 0.79275000235111304 0.032360695806989824 0.018822007990223988 -0.075288800462790573 0.0091716418217635976 0.73376309240437587 0.63854913014883474 -0.10361155713279663 0.084890227302784851
leaf_weight=86.298247407772578 3.7304542288184157 687.5712830806151 2.1582655012607574 41.559415379073471 2.3464611019007853 12.781672339187933 462.73633387673181 12.032413457171062 2.1712763179093582 11.481282031163571 3.6652615726925433 11.27521644067019 2.2152065520640463 1.8678725305944706 7.9355478468351066 1.3049904170911757 61.07469751604367 198.88806325255428 0.46011871541850169 0.65764699107967317 3.1918914825655511 0.7756770213600237 10.39105470781214 48.538120688637719 10.762345498893408 400.18122864107136 0.47489123127888888 0.72883009840734303 0.49207848822698064 0.47881819796748537
leaf_count=6350 34 10598 19 935 38 265 7563 462 26 115 55 338 22 25 122 58 3325 5704 14 47 31 21 480 1132 153 8879 23 28 25 29
internal_value=0 0.00577576 0.110178 -0.0033477 -0.00167417 0.00324841 -0.0105562 0.0366269 -0.0163597 -0.000275031 0.056725 -0.00044334 0.132482 0.102349 0.0625035 0.000971736 0.00219462 -0.0127421 0.19412 0.00776806 0.0411993 0.450709 0.00410034 0.0298527 0.00944445 0.0116539 0.0907055 0.0646463 0.339427 0.407991
internal_weight=0 693.46 5.88872 1396.77 1310.47 843.17 467.298 80.507 22.1392 762.663 58.3678 16.8084 4.56167 5.53313 10.1068 751.182 738.4 200.653 1.76511 537.747 53.1633 1.43332 484.584 51.73 423.509 412.747 12.5657 11.612 1.22091 0.953709
internal_count=46916 10651 53 36265 29915 22292 7623 1963 610 20329 1353 418 60 80 148 20214 19949 5776 72 14173 1231 68 12942 1163 9617 9464 585 533 53 52
is_linear=0
shrinkage=0.1


Tree=68
num_leaves=31
num_cat=0
split_feature=35 40 40 40 6 9 31 14 19 19 6 19 4 28 31 1 22 4 4 14 15 22 42 33 6 14 27 42 19 3
split_gain=3.9027 16.0661 12.6602 8.59415 11.7448 9.36451 8.10336 8.41011 10.3732 13.4239 11.7947 8.37522 9.9388 10.124 8.45791 7.63136 7.1146 8.35003 9.36405 6.67699 6.60041 10.1 6.72188 6.53967 6.42225 6.45719 6.36448 9.49306 6.71774 11.8282
threshold=3.9996592012382659 0.32500000000000007 0.43500000000000005 0.24500000000000002 0.6551983324215761 -1.4126874623282732 0.63732582501697543 -0.4373663134019446 -0.6926475156560995 -0.70113813179691697 -0.52692974729951059 -0.44016339388922016 0.50501056618910456 -0.45606380944415559 -0.86599270002615514 1.9831521783769503 -0.67244321440406363 0.88325118162844596 1.0390185853440481 -2.3055110860920025 -0.75121708648701568 -0.58416871451358243 0.28125000000000006 2.3765056220277843 0.23007272834929329 0.67041837819855943 2.2881137183496691 0.78125000000000011 -0.71775515917639165 3.7761091826922644
decision_type=2 2 2 2 2 2 2 2 2 2 2 2 2 2 2 2 2 2 2 2 2 2 2 2 2 2 2 2 2 2
left_child=1 3 -2 15 5 -5 7 8 9 -7 11 -10 13 -13 -15 20 -9 -18 -19 -3 21 -1 -23 -21 -25 -26 28 -28 29 -22
right_child=2 19 -4 4 -6 6 -8 16 10 -11 -12 12 -14 14 -16 -17 17 18 -20 23 26 22 -24 24 25 -27 27 -29 -30 -31
leaf_value=-0.42980864990487633 0.059516932540513448 0.076942677580538299 0.0025216301630250557 -0.081658841636182158 -0.067184507092059489 0.073301035592400671 0.16703351912115952 -0.245717306784487 -0.023344209759329927 0.34800802905642236 0.12482126362917415 0.33674612090960748 0.02504743100736502 0.24112248415739235 0.0047972851820288105 0.033429554152718095 0.0018487287469927329 0.40245816003872509 0.026914652192519508 -0.035403485687350154 0.051435171259511303 0.05098491816736278 -0.10478726307793074 -0.013799944145702106 0.19187255720568944 0.021926607165782836 0.062435077070657846 -0.014479767025056822 -0.0072267094491804146 -0.050114518500021459
leaf_weight=0.75262921396642823 42.16037153173238 6.226905536837875 515.46178116451483 7.4736180553445584 13.987929773982613 6.0220305905677378 4.3751200712285927 1.118596926331519 25.501454189885408 2.5245825883466733 13.384457650361581 2.0727573856711388 35.897604719735682 2.2812270438298583 4.5052462187595648 58.246694003231823 72.413725693477318 1.1171428849920624 1.6367421839386223 210.48133515252266 47.187248877715319 4.1677575018256894 8.2611879629548621 36.935134400380775 3.2565270084887725 7.1325101910624653 35.29114481061697 29.427028813399374 873.52251335640904 15.153390813386066
leaf_count=10 733 68 10916 484 1069 116 103 18 442 38 228 37 550 34 110 975 2660 20 37 7811 1018 38 176 427 41 127 301 282 17866 181
internal_value=0 -0.00294101 0.0068309 0.00173759 0.0210875 0.0279348 0.0326734 0.0291842 0.0495085 0.154447 0.0387859 0.0223958 0.0484575 0.143315 0.0842364 -0.00176977 0.00462299 0.0083484 0.179258 -0.02538 -0.00379217 -0.0740929 -0.0525527 -0.0278514 0.0057376 0.0751975 -0.00286604 0.0274623 -0.00496335 0.0267511
internal_weight=0 1530.35 557.622 1266.32 194.312 180.324 172.851 168.476 92.1894 8.54661 83.6427 70.2583 44.7568 8.85923 6.78647 1072.01 76.2862 75.1676 2.75389 264.032 1013.76 13.1816 12.4289 257.806 47.3242 10.389 1000.58 64.7182 935.863 62.3406
internal_count=46916 35267 11649 26793 5946 4877 4393 4290 1555 154 1401 1173 731 181 144 20847 2735 2717 57 8474 19872 224 214 8406 595 168 19648 583 19065 1199
is_linear=0
shrinkage=0.1


Tree=69
num_leaves=31
num_cat=0
split_feature=38 0 38 26 14 23 25 32 29 15 40 30 13 32 9 21 15 30 14 4 4 38 14 20 4 2 25 13 3 17
split_gain=3.58719 7.59446 7.10289 7.50408 6.19152 14.8523 5.92378 7.03745 6.40211 5.80791 7.2183 6.52493 9.48017 6.00136 5.47123 5.11008 8.37639 5.08629 4.76204 4.94253 13.6086 7.21761 10.8187 8.11129 19.0661 10.2558 16.7173 27.9444 11.4381 7.76565
threshold=9.5000000000000018 0.39722927595540775 10.500000000000002 -0.75994102765813976 -2.3055110860920025 -1.8001129540670766 -1.0848576906011547 0.4625261814187594 -0.012684593996268341 -0.6328733999763656 0.54500000000000015 -0.096869053567141358 -0.70436808466681244 0.35085042969563501 2.0450018642761543 -0.024640446526269677 -0.019201812662002649 -0.060959967013106617 -1.9998109129981743 0.48608870508080476 0.17630505455622922 73.500000000000014 -0.12367882357049467 -0.26170714069226814 0.13851798866668366 2.0104154672300383 1.011867020189555 -0.62253206614949197 -0.82774308012695974 0.002034326909247962
decision_type=2 2 2 2 2 2 2 2 2 2 2 2 2 2 2 2 2 2 2 2 2 2 2 2 2 2 2 2 2 2
left_child=1 9 3 -2 5 -4 -5 8 -8 10 11 -1 13 -13 17 -3 -17 -11 -6 20 21 22 29 24 -24 28 27 -27 -25 -20
right_child=2 15 4 6 18 -7 7 -9 -10 14 -12 12 -14 -15 -16 16 -18 -19 19 -21 -22 -23 23 25 -26 26 -28 -29 -30 -31
leaf_value=-0.36301297039298475 -0.068279116082741856 -0.045185751873677016 -0.077459507928659466 0.2835396744583864 -0.075652206833006816 0.080569206474965072 -0.056864233763047237 0.16216788307387994 0.12879898689453848 0.0041365786001689685 -0.2892695717938551 0.22641823466078301 -0.050538931512850153 -0.082239917104310334 0.17179733572399236 -0.092692817999379548 -0.45320678860338898 0.29526004932158689 -0.0023662835816312079 0.0071497128364594502 -0.027950843658533515 0.005810235665131328 -0.070304278827295924 0.33384817955692747 0.60164467683096057 -0.075446010257328111 0.013854958755026323 1.157716727785395 -0.024109418887590443 0.070685250147970169
leaf_weight=0.58397354744375363 3.5191531442105797 25.023708488093693 7.7932616956531993 1.4867382086813474 8.4198217941448075 25.108931258320808 4.9205540101975203 5.2979251146316528 2.9832961112260765 66.067481057252735 1.1549585382454086 2.2053865897469325 19.20958707109093 0.88180633541196574 2.0716669503599396 3.0641253644134854 0.81614685733802517 0.6056331607978781 166.33682936476544 608.58220130426344 197.36119614809286 773.63967116526328 50.65355913026724 0.90214359061792393 0.42581972340121765 0.34315291931852698 1.6745385336689649 0.39561740402132217 85.009478320600465 15.946987614501266
leaf_count=10 40 926 89 18 93 240 65 39 22 2354 37 54 802 18 20 109 17 16 3307 8681 3566 15667 6966 23 29 22 54 18 3323 291
internal_value=0 -0.0169841 0.000710246 0.0628779 0.000127557 0.0431383 0.0943012 0.0729898 0.0132141 -0.00304026 -0.0453532 -0.033041 -0.0243987 0.138255 0.0117539 -0.0617431 -0.168521 0.00678103 -0.000613477 -0.000281167 -0.00377953 0.000575763 -0.0120128 -0.0329832 -0.0647026 -0.0146394 0.188672 0.584922 -0.0203506 0.00402458
internal_weight=0 121.684 1960.8 18.2077 1942.59 32.9022 14.6885 13.2018 7.90385 92.7805 24.0357 22.8808 22.2968 3.08719 68.7448 28.904 3.88027 66.6731 1909.69 1901.27 1292.69 1095.33 321.688 139.404 51.0794 88.3249 2.41331 0.73877 85.9116 182.284
internal_count=46916 4363 42553 184 42369 329 144 126 87 3311 921 884 874 72 2390 1052 126 2370 42040 41947 33266 29700 14033 10435 6995 3440 94 40 3346 3598
is_linear=0
shrinkage=0.1


Tree=70
num_leaves=31
num_cat=0
split_feature=10 10 8 49 38 38 19 29 28 2 2 21 29 4 22 10 27 42 3 3 11 21 26 26 32 21 29 19 46 42
split_gain=3.44939 5.19374 5.12631 4.49617 4.69615 3.78069 4.64859 3.60098 5.12244 8.59988 5.74298 7.79415 10.9634 9.28861 10.3734 19.5338 12.1722 14.6801 8.58659 8.47414 8.14358 7.44596 7.10993 7.05002 6.92103 6.74537 6.6967 15.8679 9.17397 8.93066
threshold=3.4000999982371676 2.6326938790625092 1.818185164357452 3.5000000000000004 24.500000000000004 328.50000000000006 -0.34581135533500912 0.27022563507454217 1.5614427907590782 -0.80335077545976064 0.69082721044602635 -0.26493100582350876 -0.74344822013769485 -0.94801668893540014 -0.14224130673634464 -0.3188337862306993 -0.30606969943856527 0.84375000000000011 0.81431193547745673 0.32500033185239469 1.5400961374576516 -0.17023761033041024 -0.15784185619922228 2.3055026345960585 -0.19878836899978189 -1.2888479407863629 -0.72242929820968949 -0.6017312517285397 3.5000000000000004 0.78125000000000011
decision_type=2 2 2 2 2 2 2 2 2 2 2 2 2 2 2 2 2 2 2 2 2 2 2 2 2 2 2 2 2 2
left_child=1 7 5 4 -2 -3 -7 8 10 -10 23 12 19 -14 15 -15 17 18 -16 20 -12 -13 -23 -1 25 -22 27 -17 29 -28
right_child=3 2 -4 -5 -6 6 -8 -9 9 -11 11 21 13 14 16 26 -18 -19 -20 -21 24 22 -24 -25 -26 -27 28 -29 -30 -31
leaf_value=-0.0058395364439354606 -0.14338168723274891 0.079252987357493365 -0.083974139290493466 -0.13397142540365489 0.10571307680986038 0.16024168193948907 -0.049042160050833339 0.006066763255099551 0.25601877332235717 -0.052127196185482144 -0.027795099113786137 -0.078147062403861822 0.31463816402887385 0.48356575631886267 -0.040852458527502522 0.46477450667668463 -0.1038142151987362 0.27100250684389232 0.19241048302648672 0.053179698601335867 -0.053500949738227249 -0.00051878031069412585 0.25518715767809674 -0.077497474287631679 0.22683181893532908 0.14346877612014372 0.14742462085003163 0.074099654873957796 0.012523917590715014 -0.05619129337586614
leaf_weight=946.16634195041843 1.153855869546532 18.987688187509782 2.893091704696416 4.3639880754053593 2.1997546721249819 1.3204093631356952 5.409062858670949 570.90447964775376 0.93316314369440334 30.763155521242879 62.964499475318007 12.569553882698527 1.3470796385081474 1.1479296851903189 8.8389051833655703 1.3615219616331158 8.1927029953803849 2.4726692247204474 1.9210647200234223 24.562267104163766 4.3865101551637053 300.59417510707863 1.0913331620395172 13.931893125642089 2.205152837559579 2.8802346445154399 12.436072228476403 4.3977697014342985 23.969092531129718 2.6053478382527819
leaf_count=20838 29 424 33 64 60 17 96 11121 11 1728 2046 337 35 11 400 29 176 33 38 319 120 7612 29 308 21 55 232 88 574 32
internal_value=0 -8.19647e-05 0.0422296 -0.0670608 0.0200086 0.0564271 -0.00797797 -0.000674601 -0.00328965 -0.0430552 -0.00241439 0.00651751 0.0240678 0.0546354 0.0494345 0.0762439 -0.00802216 0.0512854 0.000793867 0.00242116 -0.0147904 -0.00273575 0.000406224 -0.00687936 0.0716583 0.0245696 0.0657998 0.166457 0.0509394 0.112156
internal_weight=0 2071.25 28.6103 7.7176 3.35361 25.7172 6.72947 2042.64 1471.74 31.6963 1440.04 479.944 165.689 68.6902 67.3431 45.9177 21.4253 13.2326 10.76 96.9987 72.4364 314.255 301.686 960.098 9.4719 7.26674 44.7698 5.75929 39.0105 15.0414
internal_count=46916 46763 570 153 89 537 113 46193 35072 1739 33333 12187 4209 1648 1613 966 647 471 438 2561 2242 7978 7641 21146 196 175 955 117 838 264
is_linear=0
shrinkage=0.1


Tree=71
num_leaves=31
num_cat=0
split_feature=40 40 40 34 31 6 22 1 32 9 46 8 19 29 38 0 35 24 7 7 6 19 8 27 38 11 38 0 1 22
split_gain=3.42802 16.3747 10.2678 7.00436 9.05455 6.46365 6.3644 6.0378 5.63336 5.09871 5.84666 4.95252 6.09726 5.18151 4.75368 4.55016 23.6158 6.35367 6.80576 8.80444 8.29074 8.75867 8.49094 7.1248 7.37769 5.78391 6.90091 5.96607 6.34836 6.66099
threshold=0.41500000000000004 0.34500000000000003 0.43500000000000005 0.01673733583854168 1.123315280871956 1.67882683308784 -0.59203641594196876 -1.4798081560031797 1.2920898426542933 2.4074226138898154 20.500000000000004 -0.42279317595070626 0.52000265480297247 2.1772894556755626 3343.0000000000005 -0.59510479209158318 4.9989024562030417 -0.22953341160003635 0.95275804517588891 -0.56852916620591631 0.30776492341708156 0.57080501141575068 0.57503022070919119 0.060407725629607799 268.50000000000006 -0.68403826906238507 78.500000000000014 -0.25284627586503955 -0.68450382390167819 0.059880101772916618
decision_type=2 2 2 2 2 2 2 2 2 2 2 2 2 2 2 2 2 2 2 2 2 2 2 2 2 2 2 2 2 2
left_child=1 -1 9 4 6 -6 11 -8 14 10 -2 12 -3 -14 -9 16 17 18 19 20 21 23 -22 -4 -25 26 -17 28 -28 -30
right_child=2 3 15 -5 5 -7 7 8 -10 -11 -12 -13 13 -15 -16 25 -18 -19 -20 -21 22 -23 -24 24 -26 -27 27 -29 29 -31
leaf_value=-6.7605475332614931e-05 0.065112539067539388 -0.17434907803967609 -0.10584063383893094 -0.07934710189671447 0.26865772166998536 -0.10251743775549343 0.30592633920615081 -0.058857969477781116 0.23492605617513865 -0.15801692543190674 -0.11781523167870521 0.083691611578084302 0.08365500428844487 -0.16104556348749965 0.22135014919612908 -0.056373263934430699 0.13134201841886592 -0.11766330696850456 0.08444934784561596 -0.040599029547878723 0.032081772599890104 0.19650430413655581 0.4106805230891446 0.053820659602069311 -0.060108298894613194 0.0043279401736593254 -0.068707834515737962 0.16680955371413164 0.0011060077497545273 0.19757165648415034
leaf_weight=1393.3264817540767 41.986187998205423 2.1252693682909012 5.0583835369907311 33.467253035749309 1.7363109751604491 0.64286349364556361 0.47814453020691772 47.050743441097438 0.67854174925014277 1.1259459275752295 1.8230908513069142 7.5709493923932296 3.8199342722073197 1.1187784820795057 0.61332803219556709 38.405830855714157 16.381664263783023 4.3247427393216631 9.905995490960775 34.500201424350962 1.2622892665676766 2.5298435511067501 1.1161881112493572 20.920234886929396 7.8044135458767405 330.7119880913524 13.69362052506767 2.0052709253504863 48.314287886722013 1.7896229778416444
leaf_count=28840 757 37 212 3284 63 41 13 2096 16 21 19 93 65 21 16 1163 202 114 175 771 48 37 18 366 93 7206 323 32 757 17
internal_value=0 -0.00286378 0.006175 -0.0420974 -0.0231614 0.168365 -0.0303424 -0.0476819 -0.0511794 0.0520999 0.0575001 0.0275005 -0.0327232 0.0282224 -0.0552523 0.00234439 0.0211561 0.000508832 0.006659 -0.00386941 0.0288816 0.0170345 0.209753 0.00359495 0.0228665 -0.00214546 -0.0226892 -0.00302944 -0.00836779 0.00812341
internal_weight=0 1492.63 583.66 99.3021 65.8349 2.37917 63.4557 48.8208 48.3426 44.9352 43.8093 14.6349 7.06398 4.93871 47.6641 538.725 103.804 87.4223 83.0975 73.1916 38.6914 36.3129 2.37848 33.783 28.7246 434.921 104.209 65.8028 63.7975 50.1039
internal_count=46916 34585 12331 5745 2461 104 2357 2141 2128 797 776 216 123 86 2112 11534 2036 1834 1720 1545 774 708 66 671 459 9498 2292 1129 1097 774
is_linear=0
shrinkage=0.1


Tree=72
num_leaves=31
num_cat=0
split_feature=14 9 46 4 15 25 25 19 19 29 38 28 20 11 40 6 9 9 49 20 6 6 14 32 28 0 15 24 27 23
split_gain=3.49074 7.34317 7.37802 6.02622 5.63569 5.58364 7.36494 5.18073 8.55267 7.25993 5.03032 6.0366 6.81255 10.0119 4.49752 4.16385 7.39229 14.1882 11.0844 6.15984 5.29231 8.7502 9.3589 5.36542 4.29782 3.98866 7.26732 3.95629 9.69587 11.0931
threshold=1.6119832097171134 1.8937445984283707 10.500000000000002 -0.41324328574630059 3.3277308851321581 -0.011288491187830853 0.45731249696106985 1.0380680645572562 0.52000265480297247 -0.73205009133883558 661.50000000000011 -0.10323091102275024 -0.42902259689409072 0.78793542423159668 0.12500000000000003 1.2422564941091927 0.33832883109019352 0.27916377937006676 1.5000000000000002 0.82388081665368362 1.1851951845064732 1.11175985528681 1.2246263966022182 -0.23875006534281909 -0.52040986978071868 0.40941872087429443 0.26429021743382736 -0.23665752191825204 1.1200442215324427 1.8464820438051948
decision_type=2 2 2 2 2 2 2 2 2 2 2 2 2 2 2 2 2 2 2 2 2 2 2 2 2 2 2 2 2 2
left_child=15 2 3 5 10 -2 7 8 9 -7 -4 12 -12 -14 -8 20 17 18 -17 -18 21 22 27 -23 -20 -26 -27 -1 29 -29
right_child=1 -3 4 -5 -6 6 14 -9 -10 -11 11 -13 13 -15 -16 16 19 -19 24 -21 -22 23 -24 -25 25 26 -28 28 -30 -31
leaf_value=0.0017160592497512612 -0.068540410721250666 -0.15913756482484009 -0.099040101730605942 0.34344140569492554 0.18447600721320223 0.42151464329471616 -0.1138136184792586 -0.0028519407119733504 0.45497535251733479 0.0091580959050551591 0.30923188936610996 -0.09562772042501326 -0.063490177319864671 0.31499249231937315 0.031111065516430076 0.38768454324723894 -0.083298695585752702 0.55046038210274006 0.28234595059095419 0.10244700724607524 -0.082765646872432097 -0.10344844801812636 -0.07147206371324423 0.12256341263755173 -0.10558584211547724 0.37398748913085894 -0.04902402762440889 -0.038998187950751301 0.033011111823857943 0.10817742269071812
leaf_weight=1831.6613250516821 6.1159426644444528 3.8044233117252579 14.959688919596379 0.57055519334971805 0.95692822732962568 0.56482421373948488 2.6052313912659875 1.5774855727795509 1.0407133728731421 1.7492281836457579 0.93925068760290731 4.1939360606484097 3.4886115775443614 0.87401388818398107 12.026243197731672 0.97322105290368011 4.6530958646908402 0.72574676387011994 0.53856154717504967 2.8969357907772064 7.6971709692152208 1.1974032525904483 18.229512107325718 8.553791517624628 2.3008611924014986 0.61007068143226195 1.2149428848642854 95.862919462029822 30.708403322380036 5.4103560997173181
leaf_count=39123 413 54 1642 6 35 19 53 50 20 79 29 277 92 8 245 22 119 9 8 25 465 76 533 104 192 17 55 2618 471 57
internal_value=0 -0.0250563 -0.0151826 0.0219999 -0.0535909 0.0148581 0.0409298 0.146607 0.216886 0.109808 -0.0629063 -0.00598106 0.064932 0.0123355 0.00530626 0.000373533 0.0548896 0.134286 0.0807113 -0.0120283 -5.84883e-06 0.000313999 -0.00015094 0.0948102 0.0166622 -0.0180182 0.0923815 0.00051117 -0.0162105 -0.0311356
internal_weight=0 55.4671 51.6627 26.2502 25.4124 25.6797 19.5637 4.93225 3.35477 2.31405 24.4555 9.49581 5.30188 4.36263 14.6315 2013.23 13.9134 6.3634 5.63766 7.55003 1999.32 1991.62 1981.87 9.75119 4.66444 4.12587 1.82501 1963.64 131.982 101.273
internal_count=46916 3022 2968 885 2083 879 466 168 118 98 2048 406 129 100 298 43894 447 303 294 144 43447 42982 42802 180 272 264 72 42269 3146 2675
is_linear=0
shrinkage=0.1


Tree=73
num_leaves=31
num_cat=0
split_feature=25 14 14 6 15 32 32 29 31 35 0 27 15 23 19 15 9 19 25 13 4 20 35 3 24 34 26 25 19 33
split_gain=3.36287 3.39331 8.06232 6.86364 9.5919 11.2818 12.6834 7.21563 6.57213 6.51885 8.39132 7.54892 7.48423 9.13704 7.55047 10.2173 9.63058 6.43114 8.47862 7.80202 7.5551 8.71709 10.1143 8.89367 8.19231 7.82473 7.74429 11.7753 6.99237 6.67746
threshold=-1.4851349743931894 -1.0827722494596868 -1.0757296684093249 -0.78137799809396824 1.809725438464014 -0.64417480218262479 0.84449850124848969 -0.29173093275985768 -0.7901619386068407 1.9962414412628025 0.89292183004993497 2.6770165026469819 -0.067860762241446312 0.15064925742148597 -0.13823500831595356 1.6098330451571041 1.0229724572321632 -0.57986579765363766 -0.51037579458247762 1.3883219379107585 1.0750387062224465 -0.64827215640104952 2.9999940916023538 -0.39569639849499677 -0.24961171026195242 0.015683708207309747 -0.63928961330934808 -0.081167553336423934 -0.53695291006742685 2.3738726041702765
decision_type=2 2 2 2 2 2 2 2 2 2 2 2 2 2 2 2 2 2 2 2 2 2 2 2 2 2 2 2 2 2
left_child=-1 3 -3 8 5 -5 7 -7 9 10 11 -2 -12 14 15 -14 -17 -11 28 20 25 22 -22 -24 -23 26 27 -20 -19 -28
right_child=1 2 -4 4 -6 6 -8 -9 -10 17 12 -13 13 -15 -16 16 -18 18 19 -21 21 24 23 -25 -26 -27 29 -29 -30 -31
leaf_value=-0.067605997986693256 -0.019972447647432862 -0.056740682802080646 -0.0013791306929616482 0.17056232282305295 -0.11187198739798446 0.04293743697924296 0.096906807132833173 -0.07186274777596488 -0.092566352667750137 -0.015850417263706871 0.22303976555217556 0.14693021496995187 -0.053194149031000386 0.1466865651140826 -0.079353836544659842 0.048079463812842588 0.27634745859968851 0.10939294053736795 0.2782521933849062 0.092121510899369236 -0.068583581142921402 -0.081382163202405031 0.11271281424540334 0.42346193719518582 0.04081113447102018 -0.13733554833630643 -0.047462404500645879 0.01038650444121786 -0.04344529183239635 0.13141765621937287
leaf_weight=7.3984941863454869 166.35079983435571 26.760458308970556 1546.6331892906455 7.1040353684220454 3.741768952459096 10.480673064710572 17.609531866852194 11.463602251373231 7.0505150742828837 48.494541351916268 2.0516327749937764 2.7548103788867584 7.1917540021240773 5.1858698530122629 8.0026059523224848 7.7497825231403095 2.4270993676036596 3.4036552626639631 2.3092901688069105 20.445355921518058 1.3325812807306636 5.8681205534376195 2.0477895047515631 1.6738037532195451 84.413958208635449 4.5296859564259639 18.861719113774601 5.6718803402036455 24.832485742401332 2.3464369121938935
leaf_count=653 2264 689 39397 74 25 93 162 98 91 633 17 37 84 75 97 75 14 57 33 222 28 66 32 21 1032 67 204 54 496 26
internal_value=0 -6.57851e-05 -0.00232073 0.00724353 0.0421783 0.0545326 0.0336931 -0.0170337 0.0031959 0.00477361 -0.0082971 -0.0172535 0.03815 0.0257364 0.0010142 0.0380438 0.102519 0.0164278 0.0252348 0.0347267 0.0256341 0.0400234 0.167824 0.252474 0.0328689 -0.01505 0.00392667 0.0878914 -0.0250218 -0.0276714
internal_weight=0 2058.79 1573.39 485.396 50.3996 46.6578 39.5538 21.9443 434.996 427.946 201.714 169.106 32.6087 30.5571 25.3712 17.3686 10.1769 226.231 177.737 149.501 129.055 95.3363 5.05417 3.72159 90.2821 33.719 29.1893 7.98117 28.2361 21.2082
internal_count=46916 46263 40086 6177 452 427 353 191 5725 5634 2663 2301 362 345 270 173 89 2971 2338 1785 1563 1179 81 53 1098 384 317 87 553 230
is_linear=0
shrinkage=0.1


Tree=74
num_leaves=31
num_cat=0
split_feature=29 49 2 38 49 19 4 40 32 23 19 21 30 28 20 19 28 33 34 28 38 38 25 3 25 46 2 14 19 29
split_gain=3.40172 3.1008 5.17865 5.20005 5.87137 8.02312 4.53189 3.58917 7.88904 6.77081 8.8173 8.26338 7.79493 7.66322 7.40305 6.88053 5.7722 8.12995 8.55419 6.51862 5.75476 8.59511 9.0862 5.64157 4.96467 4.88707 4.89711 4.96455 4.83977 5.47818
threshold=5.569712950201585 21.500000000000004 -0.45195399531419694 278.50000000000006 23.500000000000004 -0.6623960880988119 1.6482489818258848 0.045000000000000005 -0.51216279135663212 0.42174181559405283 -0.47106330026589555 0.5107043801204082 -0.071210592881337562 -0.4214804973811867 2.787661477271802 -0.66737289241651221 -0.27833507037039723 2.3587341172240817 0.0014191796326966861 -0.32646261606748778 1371.0000000000002 156.50000000000003 0.64657834628948863 -0.13137886703217577 0.44915574322993629 10.500000000000002 -0.222748399427287 -0.44674817002018735 -0.38217383858324799 -0.71882401023615838
decision_type=2 2 2 2 2 2 2 2 2 2 2 2 2 2 2 2 2 2 2 2 2 2 2 2 2 2 2 2 2 2
left_child=1 7 3 -3 5 -5 -6 8 23 11 -11 13 15 14 -10 -13 17 18 24 -20 21 22 -17 -1 -15 26 27 -23 -12 -30
right_child=-2 2 -4 4 6 -7 -8 -9 9 10 28 12 -14 16 -16 20 -18 -19 19 -21 -22 25 -24 -25 -26 -27 -28 -29 29 -31
leaf_value=0.18428302516073672 -0.1627861624710942 -0.085254447160098723 -0.077694582582199856 0.40365803754031016 0.042663479498065898 -0.085322926540311886 0.21360247730256204 0.0017765373917400581 -0.058154650495400598 0.097731353906169494 -0.13176921294649321 -0.07126531685859204 0.2397795796876932 -0.077424929781055057 0.090979147212697675 -0.032364525493668694 -0.015146774506396754 -0.046210945142073544 0.10615152031074267 0.32269617008398449 -0.086405743702626298 -0.042913409369170534 0.11554821120604475 0.00049569773645394537 0.085332609157255046 0.010803598628304002 0.2317662899436507 0.1777144355145068 0.095784838040441148 -0.046902887241370428
leaf_weight=3.4582213910762221 1.2875673703383643 4.4931514768395635 13.603886114666237 0.36448549060151059 4.7137212278321385 4.2270070004742566 2.3114929459989071 1801.5840260824189 44.551225166302174 4.3621692243032149 6.3902204940095535 6.1469190143980077 1.7825332488864649 3.04046971909702 3.5973472893238059 12.867045108228927 41.50498472340405 6.1281560801435253 4.0911151424515992 2.1056330525316298 3.0857520736753932 1.795543941669165 6.1324619473889461 3.2303519104607394 4.8858163431286812 2.8582657659426323 4.6522410586476317 2.360990721732378 2.8215214335359624 58.025319181382656
leaf_count=33 27 321 1011 9 79 237 20 42312 485 44 76 76 17 69 37 263 579 67 50 24 24 21 55 34 53 30 27 21 29 786
internal_value=0 -0.000194001 -0.0322645 0.00609876 0.0414327 -0.0465063 0.0989072 0.000275087 -0.0114922 -0.0146992 -0.0400425 -0.00272871 0.0351839 -0.0171072 -0.0470123 0.0260434 0.00620852 0.0499764 0.0917132 0.179733 0.0437651 0.0568633 0.0153772 0.09552 0.0228999 0.124422 0.161289 0.0824074 -0.0489809 -0.0402863
internal_weight=0 2061.17 29.7137 16.1099 11.6167 4.59149 7.02521 2031.46 229.874 223.186 71.5992 151.587 41.6818 109.905 48.1486 39.8992 61.7562 20.2512 14.123 6.19675 33.7523 30.6665 18.9995 6.68857 7.92629 11.667 8.80878 4.15653 67.2371 60.8468
internal_count=46916 46889 1677 666 345 246 99 45212 2900 2833 935 1898 534 1364 522 517 842 263 196 74 441 417 318 67 122 99 69 42 891 815
is_linear=0
shrinkage=0.1


Tree=75
num_leaves=31
num_cat=0
split_feature=14 9 46 40 15 38 32 38 31 38 9 26 5 5 29 49 24 19 18 40 31 33 27 3 2 19 27 3 9 13
split_gain=2.98626 6.64715 6.19185 5.12595 4.44916 4.66468 5.97896 4.73143 4.6036 4.31837 5.56985 4.81217 14.1737 4.01994 3.48849 3.31759 3.22301 9.01525 8.00283 6.81398 9.48565 7.26936 5.77717 8.15672 5.76337 12.5279 9.16665 5.18603 5.81716 5.59851
threshold=1.6119832097171134 1.8937445984283707 10.500000000000002 0.12500000000000003 3.3277308851321581 661.50000000000011 1.9447213668505556 1133.5000000000002 2.1676204824366434 2033.0000000000002 1.3921722512112509 0.56341580009022951 -1.0307645693153318 -1.20211851633513 -0.29174175285201326 4.5000000000000009 -0.23665752191825204 0.65742147657835404 0.99809431606272503 0.54500000000000015 1.0548401354529171 -0.096751870336811166 1.1571090707884208 -0.1144254062425681 0.94156127238990062 -0.29856710550505561 0.44900165262601971 -0.80552815524015253 1.20733357875903 -0.82924409198326188
decision_type=2 2 2 2 2 2 2 2 2 2 2 2 2 2 2 2 2 2 2 2 2 2 2 2 2 2 2 2 2 2
left_child=16 2 3 -2 5 -4 7 8 13 10 11 12 -5 -7 -12 -11 -1 18 19 22 21 -21 24 -24 -18 -26 -27 29 -29 -19
right_child=1 -3 4 9 -6 6 -8 -9 -10 15 14 -13 -14 -15 -16 -17 17 27 -20 20 -22 -23 23 -25 25 26 -28 28 -30 -31
leaf_value=0.0014837322239482557 -0.073862737440508724 -0.15714167166463835 -0.097368927300381214 -0.030966812851671268 0.14908263255364068 0.28427853081033061 0.34467415839843879 -0.077756426945973067 -0.10316869058161525 0.17909853304368303 0.020818495331386716 -0.1228690892507469 0.37316261166168985 0.0081102161306298281 0.18403002291990375 0.0055674119360221179 -0.067005194841226121 0.016923833064040234 0.13104760659468365 -0.040756456399511309 0.37914108198458329 0.19393671408854712 -0.068539378600371889 0.05115858368921905 -0.045865371551246953 0.31672452260756956 0.013593136209372907 -0.018153031921943018 0.070978810200160114 0.22391672774956306
leaf_weight=1856.0129024254857 4.85355011885986 3.480663930065929 13.695936348871333 7.0630965450545826 1.0623607689049084 1.15500286128372 0.46296096593141634 5.7448873948305845 0.98638276383280743 3.3263960294425479 2.6688892915844917 3.4219607005361459 0.98941470170393575 0.96949481824412598 2.5712940935045472 1.6473007481545208 60.1993565664161 2.5868740032892674 3.0914686606265596 5.0784091707319021 0.82491480442695309 1.7831628546118725 9.3611252268310654 14.5287014239002 14.989288111217322 1.8471241882070888 2.1690018945373595 20.306166199734438 11.45164672564715 2.6403028208296737
leaf_count=40225 178 54 1642 358 35 15 3 287 57 39 21 210 33 44 20 26 1760 49 33 176 29 26 169 199 443 23 27 579 125 31
internal_value=0 -0.0234679 -0.0142762 0.0190349 -0.0509975 -0.0602333 -0.00565418 -0.0239686 0.0753618 0.0398241 0.0154831 -0.0235272 0.0186887 0.158252 0.100904 0.121625 0.000341212 -0.0137153 -0.0276472 -0.0320757 0.0587527 0.0202348 -0.0388477 0.00425545 -0.0518485 -0.00383976 0.153011 0.0291792 0.0139873 0.121478
internal_weight=0 54.0996 50.6189 26.5419 24.077 23.0147 9.31873 8.85577 3.11088 21.6884 16.7147 11.4745 8.05251 2.1245 5.24018 4.9737 2006.87 150.858 113.873 110.781 7.68649 6.86157 103.095 23.8898 79.2048 19.0054 4.01613 36.985 31.7578 5.22718
internal_count=46916 3022 2968 885 2083 2048 406 403 116 707 642 601 391 59 41 65 43894 3669 2885 2852 231 202 2621 368 2253 493 50 784 704 80
is_linear=0
shrinkage=0.1


Tree=76
num_leaves=31
num_cat=0
split_feature=10 10 13 25 29 49 38 25 38 38 29 29 25 17 49 25 30 8 9 41 6 1 20 31 38 17 25 3 26 28
split_gain=2.92249 4.18815 4.76367 4.41684 6.34204 3.84495 3.82278 3.1041 2.93748 4.86794 2.90724 2.91699 4.95483 6.73366 5.47427 8.79048 9.75163 10.8667 9.34264 14.0602 15.0187 10.0464 14.9251 6.81184 7.34038 10.1596 11.0602 6.93496 7.23339 8.77027
threshold=3.4000999982371676 2.6326938790625092 -0.73265615275957374 0.22109483060813923 -0.71882401023615838 3.5000000000000004 24.500000000000004 -1.4851349743931894 328.50000000000006 758.50000000000011 5.1658264084769021 0.27022563507454217 0.59985081994389178 -0.017462487404144481 1.5000000000000002 -0.25674818549101203 -0.070222551771347244 -0.94060006345302627 -0.5867909495609186 0.25000000000000006 -1.0018310525287433 0.15795902133988274 -0.063756249922463912 -0.3193253212348231 169.50000000000003 0.0040553962075054522 0.044877891963490575 3.4517621220175876 -0.81223096066647593 0.031246326159761376
decision_type=2 2 2 2 2 2 2 2 2 2 2 2 2 2 2 2 2 2 2 2 2 2 2 2 2 2 2 2 2 2
left_child=1 7 3 4 -3 6 -2 -1 -4 -10 11 -9 14 -14 15 16 17 -13 -19 20 -20 -22 -23 24 25 27 -27 28 -16 -30
right_child=5 2 8 -5 -6 -7 -8 10 9 -11 -12 12 13 -15 23 -17 -18 18 19 -21 21 22 -24 -25 -26 26 -28 -29 29 -31
leaf_value=-0.06757454144529472 -0.11642426535639892 -0.30789697023712126 0.092922994166403552 0.092347027910454113 -0.024431280125353057 -0.12702748162307417 0.10526653422610766 -0.0025800515856633055 -0.10172871785356184 0.088226542961305443 -0.099943656225870037 -0.034440107351795812 0.18612770062769829 0.015361504209044131 -0.036031130302130066 -0.041668913556313227 0.22340914698517214 -0.017908064242238855 0.36720506475949288 0.4731654301358531 -0.10765409674386937 0.37414817290385771 -0.011979151960427176 -0.016113083772472652 -0.0073074366246789271 0.054252973640179253 0.31983381822614554 0.18881472409530958 0.056709087375572932 -0.057424405753525753
leaf_weight=6.8926935420604414 1.2810822185128921 0.91798837948590506 13.203765574842693 2.4878734219819307 5.629125711508097 4.1367505649104714 1.9800436310470102 1449.7635404187022 2.3808387829922131 3.1131605468690395 2.9268719353713086 28.271498282905668 2.3324871044605962 230.52558588911779 15.729217006824909 70.490529266418889 2.120785536710172 7.6756633152253952 1.5898970048874606 1.0590148544870306 3.1352465394884339 1.5655931010842321 2.7761256257072091 76.80530440446455 54.133643497945741 3.9511482105590394 2.5999191054143012 2.6432817485183469 48.089268551906571 7.8287106878124169
leaf_count=649 29 13 326 41 101 64 60 34521 42 47 53 733 31 3340 300 1187 40 217 18 35 75 25 38 2981 787 67 30 32 770 264
internal_value=0 -5.19246e-05 0.0385455 -0.0210764 -0.0641768 -0.0630178 0.0181788 -0.00058107 0.0673555 0.00590894 -0.000352022 -0.000207223 0.00589947 0.017072 -0.00197314 -0.0191659 0.013748 0.00409706 0.0652998 0.128373 0.0881015 0.0287531 0.127256 0.00766191 0.0211907 0.0402737 0.159654 0.0297466 0.0238781 0.04073
internal_weight=0 2050.64 27.7328 9.03499 6.54711 7.39788 3.26113 2022.91 18.6978 5.494 2016.01 2013.09 563.323 232.858 330.465 118.684 48.1938 46.073 17.8015 10.1259 9.06686 7.47697 4.34172 211.78 134.975 80.8415 6.55107 74.2905 71.6472 55.918
internal_count=46916 46763 570 155 114 153 89 46193 415 89 45544 45491 10970 3371 7599 2368 1181 1141 408 191 156 138 63 5231 2250 1463 97 1366 1334 1034
is_linear=0
shrinkage=0.1


Tree=77
num_leaves=31
num_cat=0
split_feature=34 4 28 4 28 11 15 15 33 36 9 6 1 6 32 33 29 29 33 0 8 29 20 8 24 32 49 15 40 40
split_gain=2.99079 5.12913 4.75784 4.68326 4.28576 3.74803 5.78138 6.55579 8.45838 8.04614 7.01365 6.68848 5.65676 5.34187 4.95312 9.68908 6.10736 4.78836 4.63681 4.32331 4.18708 5.48082 4.01281 3.58375 3.48439 4.9843 3.30963 9.20164 8.97415 11.9677
threshold=-1.0000000180025095e-35 1.9916592372161854 -0.56356609863099949 1.874106253700081 -0.59602895563458735 -0.95348937734767392 -0.48584623386099718 -0.57735429754436929 -0.098092849660665185 4.5000000000000009 -0.91883263303618767 -0.59975044994483973 -0.12073366141408699 -0.48045590799883969 0.50119351086060315 -0.31998285340883675 -0.29173093275985768 -0.69882943047018398 -0.76095259273136817 -0.58081056475289006 2.0915874411419462 0.35399795879203749 3.0370677020790411 -0.6762809562401132 -0.24416149596731976 1.532748209531295 11.500000000000002 -0.72687517292199322 0.41500000000000004 0.44500000000000006
decision_type=2 2 2 2 2 2 2 2 2 2 2 2 2 2 2 2 2 2 2 2 2 2 2 2 2 2 2 2 2 2
left_child=1 3 4 5 -3 -1 7 8 17 11 18 -10 -11 -13 -12 -16 -17 19 -9 -7 21 22 -8 -23 -15 -26 -2 -28 -29 -30
right_child=26 2 -4 -5 -6 6 20 10 9 12 14 13 -14 24 15 16 -18 -19 -20 -21 -22 23 -24 -25 25 -27 27 28 29 -31
leaf_value=-0.10543382957842357 0.002971388829428984 0.073199461632082616 -0.024798988399954505 -0.19964284572978397 0.2996124779974928 0.24600348650401088 -0.057597640097968042 0.11067890751220899 -0.084423606650315841 0.033914659119535361 -0.085389454157859423 0.19056267387538006 0.32133716211429475 -0.055825919738106466 0.31327832237333331 -0.029562062924705271 0.13520229923962121 -0.094665591660344134 0.46876609575765182 -0.072459022952039528 0.10165459892824712 -0.0096047094666677629 -0.2339467067724412 0.16772490024968226 -0.081686897920434709 0.12100739429423001 0.042418125301140731 -0.026197151388831438 0.048536327891977225 -0.0092007328086939569
leaf_weight=4.7977641562465569 1483.4635675493628 4.5848376215435565 4.3589584468863887 1.4524463582783926 1.0224841386079786 0.83782272762618959 35.982103798771284 0.79256665287539363 5.9274035859853074 1.2914052554406228 2.4515433020424 2.0909177120775029 1.4576042657718051 4.1185563523322291 1.4430466461926688 5.736647741403428 3.7011919785290965 12.478482428705322 0.66503633605316348 0.86784287798217963 2.1211883202195159 18.379115114919845 1.3383266869932402 1.2149997940286983 1.6914311288855968 4.2905046679079533 34.937506233225577 200.29563672351651 45.880166708957404 165.04808498255443
leaf_count=116 29231 100 74 16 19 22 728 31 55 25 69 18 16 42 19 74 44 365 14 18 32 340 17 20 36 36 1063 8355 661 5260
internal_value=0 -0.0152555 0.0535665 -0.0212132 0.114485 -0.0189334 -0.0151217 0.00995708 -0.0136012 0.0268984 0.0657895 0.0027116 0.186314 0.0450763 0.0430201 0.0719517 0.0350528 -0.0731844 0.274057 0.0839697 -0.0362949 -0.0414362 -0.0639216 0.00139122 0.014959 0.0636943 0.00070016 -0.00685156 -0.0110375 0.00335797
internal_weight=0 125.094 9.96628 115.128 5.60732 113.676 108.878 49.842 35.052 20.8678 14.79 18.1188 2.74901 12.1914 13.3324 10.8809 9.43784 14.1841 1.4576 1.70567 59.0357 56.9145 37.3204 19.5941 10.1005 5.98194 1929.62 446.161 411.224 210.928
internal_count=46916 2346 193 2153 119 2137 2021 884 633 228 251 187 41 132 206 137 118 405 45 40 1137 1105 745 360 114 72 44570 15339 14276 5921
is_linear=0
shrinkage=0.1


Tree=78
num_leaves=31
num_cat=0
split_feature=28 4 8 0 29 2 3 27 49 27 32 43 2 42 15 27 35 20 6 38 32 25 3 38 9 32 19 1 1 34
split_gain=2.80089 6.71998 3.40997 5.10141 3.26848 6.72774 8.74202 8.12227 7.85666 7.69869 11.1409 7.99904 7.68422 11.2577 21.509 10.1311 8.91689 9.35658 8.43653 9.53395 7.83815 13.1905 20.617 16.8354 14.9973 7.27258 6.99268 7.30462 9.49409 10.3333
threshold=1.8633067985349518 -0.39642371508586322 3.8419694596385296 6.3515522293553976 -0.36121097523565632 0.67196302157565546 -0.83702033600345571 1.4788929024169162 11.500000000000002 -1.2640391242899776 -1.3960253169183672 1.5000000000000002 1.0782866616088493 0.84375000000000011 0.71834837640616833 0.5562891337157585 0.0094480059561027948 0.047110220341655712 -0.57391948617567878 579.50000000000011 -0.14346115844383642 -0.41038046120224719 0.50084495311774735 310.50000000000006 -0.2376959588114422 -0.19878836899978189 0.44478128884438378 0.71754873748419912 -0.68450382390167819 -0.011891176467726259
decision_type=2 2 2 2 2 2 2 2 2 2 2 2 2 2 2 2 2 2 2 2 2 2 2 2 2 2 2 2 2 2
left_child=2 -2 3 4 5 6 8 9 -1 10 -8 -12 15 20 18 -7 -17 -18 -15 -20 -14 22 23 -22 -25 -16 27 28 29 -11
right_child=1 -3 -4 -5 -6 12 7 -9 -10 26 11 -13 13 14 25 16 17 -19 19 -21 21 -23 -24 24 -26 -27 -28 -29 -30 -31
leaf_value=0.15878881408441156 -0.040371978738961617 0.10908073181218661 0.064286596904691615 -0.21626319763384516 0.0039223486610751764 0.042088881712976922 -0.045210404004851858 0.011758652606683751 -0.10550542356910693 0.33130630097247693 0.47616386280247075 0.097180665500931504 -0.043413277972430921 -0.085714451765401239 0.1110816980420562 -0.044315338333483847 -0.031164163926481078 0.038107637529497557 0.082137666325238889 -0.059987769550558817 -0.073179443582825174 -0.009520346712919861 0.66721450250373859 -0.019401742876228409 0.42565745508571429 0.38023257331427135 -0.12713764619915544 -0.00056407184378717606 -0.04421790010487623 -0.0046279820337548966
leaf_weight=5.1761039926204822 34.353989996714517 3.2973371059633783 8.2800807787571085 1.0903543406166125 1056.5433570288587 96.781823448487557 2.347295496147126 93.913779000635259 1.4370337472064418 0.92807022901251812 1.0045107705518597 1.2499071895144878 69.653499197098427 6.334168839268389 1.7942956783808766 34.45979362167418 28.879627029993571 60.027114841272123 17.593001550063494 6.4503681110218158 3.5604679671814656 153.10941570007708 0.64594683051109303 1.2766768720466646 1.8605481807608155 2.2790520368143907 6.3216183988843104 116.59649635106325 165.27675160043873 68.415693777962588
leaf_count=100 1785 35 113 16 21781 3374 184 1090 89 24 21 49 3651 67 27 628 750 725 363 83 148 2628 19 33 28 21 89 1886 4882 2227
internal_value=0 -0.0272836 0.000244877 -1.95966e-05 9.8064e-05 -0.00416691 -0.0127923 -0.0144476 0.101358 -0.0212436 0.107277 0.266046 0.0040663 -0.00741943 0.0458931 0.017869 -0.00113171 0.015606 0.0169591 0.0440082 -0.0154012 -0.00324105 0.127678 0.075643 0.244543 0.261673 -0.0228977 -0.0210215 -0.031188 -0.000131967
internal_weight=0 37.6513 2013.29 2005.01 2003.92 947.373 462.667 456.054 6.61314 362.14 4.60171 2.25442 484.706 264.557 34.4509 220.148 123.367 88.9067 30.3775 24.0434 230.107 160.453 7.34364 6.69769 3.13723 4.07335 357.539 351.217 234.621 69.3438
internal_count=46916 1820 45096 44983 44967 23186 10641 10452 189 9362 254 70 12545 7068 561 5477 2103 1475 513 446 6507 2856 228 209 61 48 9108 9019 7133 2251
is_linear=0
shrinkage=0.1


Tree=79
num_leaves=31
num_cat=0
split_feature=40 0 15 9 46 27 27 38 27 26 18 14 19 15 3 7 13 4 20 9 27 27 27 33 7 19 35 35 40 40
split_gain=2.7685 18.4889 7.5684 6.35325 6.0047 7.60173 6.59395 5.57369 6.50488 10.7612 10.2167 6.81097 6.80702 7.57484 7.27935 6.79883 6.29615 6.02319 10.8415 15.0423 5.93476 5.86558 5.63271 5.40022 5.11001 6.69855 4.85978 9.76044 9.33209 7.92723
threshold=0.53500000000000014 -0.73627023843128392 -0.71560409934775004 1.438366478306347 2.5000000000000004 0.21526773883429787 0.5562891337157585 1011.0000000000001 -0.62551290078445987 -0.44657602165550525 0.98828462308201026 -1.0959449678051614 -0.28844559303405837 -0.067860762241446312 -0.71477396557076334 0.14364645915089444 -0.56877050973282872 0.069630724840634442 -0.12753685106780532 0.90468107331754521 -0.91784539030599477 -0.90830707528539745 -1.0381372928757109 2.364869903980678 -0.57621670379852918 -0.35935960041473347 2.0006868938579996 3.0237255918335433 0.43500000000000005 0.24500000000000002
decision_type=2 2 2 2 2 2 2 2 2 2 2 2 2 2 2 2 2 2 2 2 2 2 2 2 2 2 2 2 2 2
left_child=26 -2 24 4 5 -4 -7 8 9 -6 11 21 17 -14 -15 -16 -17 18 23 -20 22 -11 -9 -10 25 -3 29 -28 -29 -1
right_child=1 2 3 -5 7 6 -8 20 12 10 -12 -13 13 14 15 16 -18 -19 19 -21 -22 -23 -24 -25 -26 -27 27 28 -30 -31
leaf_value=-0.00086221546713720592 0.13791736054283357 -0.11948669546256446 0.0093649576763527847 0.15559013199801233 0.30514445880002278 0.16426413384924687 0.035808691756380406 -0.058602370031681075 -0.081590133466437537 0.13656137329797818 0.36759266510833166 -0.065617118522522971 0.021150823632126645 0.35232035264095374 -0.13820948173968955 -0.046161281621777052 0.19004245396516736 -0.10651258431985494 0.29112066156854521 -0.0093572947712583336 -0.11490393627525482 -0.07225515760486681 0.20682902607148496 0.24736065662085679 -0.1559129614595782 0.17673018636911147 -0.022893110104249725 0.045516992838978802 -0.0036837566625166972 0.023019511945996964
leaf_weight=1039.2777195752133 10.857620836235581 1.7703092333395036 50.040016893763095 2.8664229102432719 0.92222356889396095 6.6792084104381528 9.9479561569169146 2.1609393567778175 8.3710131992120314 3.3996542589738965 0.60316507378592987 31.157817551284104 21.44014589604922 1.2797032666858283 1.0770949975121817 1.4804278817027796 4.7471595564857134 5.9228085048962376 2.6711385447997609 4.4277587118558586 9.0350782992318255 2.2259500874206344 1.2689774916507293 0.53069448843598443 4.8516474266070864 1.3422283479012547 271.49376372073311 43.438645295565948 342.61792304611299 160.45050363731571
leaf_count=20664 107 43 750 27 23 74 121 70 404 30 12 1399 499 21 22 40 73 106 48 62 209 27 26 11 151 15 8670 829 7164 5219
internal_value=0 0.0111857 0.00355059 0.007957 0.00545873 0.0288298 0.0874098 -0.00970925 -0.00105267 -0.0323145 -0.0406387 -0.0473328 0.0220013 0.0529334 0.132313 0.0937698 0.133892 -0.0203609 0.0115291 0.103705 -0.07239 0.0539364 0.0396001 -0.061979 -0.0917546 0.00825174 -0.00145527 -0.00836478 0.00185226 0.0023317
internal_weight=0 191.077 180.22 172.255 169.389 66.6672 16.6272 102.722 90.2568 38.3088 37.3866 36.7834 51.9479 30.0245 8.58439 7.30468 6.22759 21.9234 16.0006 7.0989 12.465 5.6256 3.42992 8.90171 7.96419 3.11254 1857.28 657.55 386.057 1199.73
internal_count=46916 4370 4263 4054 4027 945 195 3082 2777 1491 1468 1456 1286 655 156 135 113 631 525 110 305 57 96 415 209 58 42546 16663 7993 25883
is_linear=0
shrinkage=0.1


Tree=80
num_leaves=31
num_cat=0
split_feature=38 30 32 13 27 0 2 29 27 32 19 4 3 38 26 40 40 2 28 19 32 29 7 10 7 40 27 42 5 32
split_gain=2.67704 6.51504 6.20014 6.21576 5.44124 9.81991 12.1819 15.2342 6.68747 7.46412 5.44525 5.78481 5.67174 5.26712 6.12512 5.13936 5.68415 7.09836 12.8598 5.83964 5.1082 4.91456 6.6131 6.74143 5.17983 4.86163 5.32362 4.80221 4.5123 4.9171
threshold=9.5000000000000018 -0.056270538124869686 0.64638899180365361 -0.78397820288124509 -0.77092766443938576 -0.090557531057336091 -0.45195399531419694 -0.16515326830140445 -0.8070937990161523 -0.05784613637892224 1.0591472188835869 1.7485692732325984 -0.3467761076143811 10.500000000000002 -0.75994102765813976 0.14500000000000005 0.24500000000000002 -0.61743828494534125 -0.45606380944415559 2.9456182737656893 0.054648234884955856 -0.5003740247702767 0.86072898974806 -1.4064830613485122 1.941282541937994 0.22500000000000003 0.96283999607495674 0.28125000000000006 0.77830466248886809 1.2768766587196383
decision_type=2 2 2 2 2 2 2 2 2 2 2 2 2 2 2 2 2 2 2 2 2 2 2 2 2 2 2 2 2 2
left_child=1 2 3 -1 5 6 7 -5 20 -10 11 21 -13 14 -2 -4 17 18 -17 27 -7 22 23 -6 -23 26 -19 28 29 -18
right_child=13 -3 15 4 10 8 -8 -9 9 -11 -12 12 -14 -15 -16 16 19 25 -20 -21 -22 24 -24 -25 -26 -27 -28 -29 -30 -31
leaf_value=0.066133089128817366 -0.068273329931184429 0.33650796451667925 -0.026105951976038374 0.92987894276776606 0.320239854540873 -0.029772298903126146 -0.10280552747680097 0.15867335726912041 -0.029455637116149614 0.38276992282658756 0.017631242562708579 -0.32300130242798136 -0.099830082243498208 0.00011242232644900715 0.081075000723244764 0.064023196026890064 -0.079864126045595868 -0.0013797096481279218 0.472112999883814 0.26818179263917824 -0.26877656997422078 -0.083112480740551442 0.1329081188546474 -0.075956328835473985 -0.35867240674091289 -0.044925500180466829 0.33333634107653215 -0.049884324343597269 0.24821294488946344 0.087395735292704377
leaf_weight=5.5481449784710994 3.3584179915487793 0.52542076352983613 20.94810078991577 0.38663687463849783 0.45565009722486127 16.977675428381197 0.73427850683219986 0.75890475395135559 0.94785373844206333 0.81859326688572653 6.7507456075400105 1.7894170065410433 3.1319407215341917 1906.9842037108028 15.061169276945291 1.9609723277390005 2.7816851846873814 0.99079028237611211 1.2737647169269619 0.83766117715276678 0.94396618567407031 20.015880706952892 2.515091679757461 7.4743598311906663 0.70622369833290477 3.0177274076268077 0.9130816264078021 9.741273913998155 1.0376246292144058 4.7742611868306994
leaf_count=129 40 10 509 17 15 786 59 40 40 15 216 19 35 42369 144 36 81 36 29 10 16 1102 71 623 8 74 12 286 11 78
internal_value=0 -0.0148436 -0.016405 -0.0354286 -0.0441773 -0.00321365 0.215157 0.418966 -0.0240636 0.161575 -0.0648009 -0.0802207 -0.180976 0.000626456 0.0538445 0.0111609 0.0397267 0.109649 0.22472 0.00998063 -0.0423611 -0.0643113 -0.00838015 -0.0531913 -0.0925038 0.0340181 0.159147 -0.00181577 0.0526725 0.0258198
internal_weight=0 118.758 118.232 69.9554 64.4072 21.5679 1.87982 1.14554 19.6881 1.76645 42.8393 36.0886 4.92136 1925.4 18.4196 48.2769 27.3288 8.15634 3.23474 19.1725 17.9216 31.1672 10.4451 7.93001 20.7221 4.9216 1.90387 18.3348 8.59357 7.55595
internal_count=46916 4363 4353 3191 3062 973 116 57 857 55 2089 1873 54 42553 184 1162 653 187 65 466 802 1819 709 638 1110 122 48 456 170 159
is_linear=0
shrinkage=0.1


Tree=81
num_leaves=31
num_cat=0
split_feature=49 46 19 8 2 31 27 38 30 9 9 27 34 49 40 3 0 10 33 9 42 5 19 4 42 38 38 5 40 35
split_gain=2.63883 4.78065 3.51836 3.23365 7.07953 9.37643 5.47338 3.01188 2.89589 2.89265 6.26521 5.94632 5.53755 10.7036 12.4274 7.48859 6.14545 6.01814 5.80293 5.52198 9.39133 9.38031 5.40524 5.31841 5.3038 5.19378 5.10853 5.08306 5.03069 6.67614
threshold=21.500000000000004 30.500000000000004 -1.0000000180025095e-35 -0.68045660522688289 -0.86425648418845868 -0.9723805190481849 1.9071761052989566 515.50000000000011 -0.054155693459700942 1.4973996768058531 1.5102158337005347 0.41363579822766766 1.0000000180025095e-35 10.500000000000002 0.13500000000000004 1.7001904160772068 -0.93648302536143013 1.5567621339366637 0.12455824683931176 2.4074226138898154 0.15625000000000003 0.19554132926552201 -0.41436754733222259 -0.37446474036367455 0.21875000000000003 328.50000000000006 3746.0000000000005 -0.73048927567486566 0.41500000000000004 4.9930976831809817
decision_type=2 2 2 2 2 2 2 2 2 2 2 2 2 2 2 2 2 2 2 2 2 2 2 2 2 2 2 2 2 2
left_child=8 3 -3 4 6 -6 -2 -7 9 26 11 -11 15 18 25 17 -16 19 -14 -12 -21 -22 -13 -17 -20 -15 -1 -19 -18 -30
right_child=1 2 -4 -5 5 7 -8 -9 -10 10 12 22 13 14 16 23 28 27 24 20 21 -23 -24 -25 -26 -27 -28 -29 29 -31
leaf_value=-0.0013135537012073648 -0.098398337837232938 -0.049067347839722913 0.11438151034463057 -0.08893383114144171 0.46024885400933391 -0.10399585280702897 0.11348816451123121 0.12530646642257051 0.1350698780717926 0.17685560966983277 0.00957670705532092 -0.062869157009992821 0.072514359966548189 0.030187664131708897 0.22596294524549482 0.035552294721369643 -0.036917115614584328 -0.1836667406180843 -0.095155806396773929 0.058718556680024063 -0.27722818983043418 -0.0098068786560892209 0.097411417616145024 0.13868716496662403 -0.025939882522993576 0.11902844294544486 -0.095384457633471822 0.096865157356046269 0.064725403781906526 -0.027041594689799497
leaf_weight=1675.142780780443 6.8345894559752178 2.1261475193314254 3.4604076370596877 11.307333659147842 0.63416330795735154 1.0051136045949598 1.4838008244987575 1.3318636934272943 1.5897381413960818 4.0812487276270977 128.67595739429817 3.6151974527165285 3.7617111150175324 15.167396503966303 1.081838909536599 13.678047610446812 41.836822687648237 0.68728903122246165 19.976154633332044 3.3193940464407188 2.8898815587162971 2.4018212854862213 5.0335547337308517 7.8808505251072338 24.833086863160133 11.62341485545039 5.7927458193153134 10.723704732023178 14.878206270746889 16.970403948798776
leaf_count=41775 359 25 26 1100 14 94 19 40 37 34 1233 35 33 136 9 111 360 16 158 30 27 24 37 101 216 109 107 329 183 139
internal_value=0 -0.0306565 0.0521757 -0.0511348 -0.0132762 0.119226 -0.0606029 0.0266855 0.000155833 4.93417e-05 0.0085625 0.0773632 0.00582882 -0.00817163 0.010294 0.0181741 -0.0106457 0.0101885 -0.0467818 0.00438855 -0.0731383 -0.15585 0.0304138 0.0732532 -0.0567966 0.068732 -0.00163774 0.0799686 -0.0141195 0.0158277
internal_weight=0 28.1834 5.58656 22.5969 11.2895 2.97114 8.31839 2.33698 2015.64 2014.05 333.116 12.73 320.386 150.129 101.558 170.257 74.7673 148.698 48.571 137.287 8.6111 5.2917 8.64875 21.5589 44.8092 26.7908 1680.94 11.411 73.6854 31.8486
internal_count=46916 1677 51 1626 526 148 378 134 45239 45202 3320 106 3214 1343 936 1871 691 1659 407 1314 81 51 72 212 374 245 41882 345 682 322
is_linear=0
shrinkage=0.1


Tree=82
num_leaves=31
num_cat=0
split_feature=25 22 1 34 0 27 2 40 30 22 10 13 19 34 28 20 3 25 25 13 40 49 35 25 27 40 29 25 11 19
split_gain=2.53903 2.58418 3.77704 5.84962 5.19526 5.51683 4.43892 3.79314 3.7328 3.32402 3.27579 3.24101 3.46613 4.25803 3.02558 5.5671 5.31963 7.2011 8.24286 4.51983 5.2031 4.81608 5.04669 6.69261 9.88703 5.2025 4.81939 4.06129 4.05789 3.98512
threshold=-1.4851349743931894 -0.70084960303363164 2.2562619842223239 0.9839017396781321 0.73547655698690162 -1.0381372928757109 1.3960542882318077 0.25500000000000006 -0.09389423891073076 -0.645976719402653 2.3050544980868706 -0.76988404236028352 -0.2333021517198749 0.98014938199676938 -0.63518802330279633 4.5132246739857207 -0.74538283800972527 -0.33569754561668441 -0.24834099484605202 0.15542264983587417 0.53500000000000014 2.5000000000000004 0.98012222656293002 -0.024711756182342379 1.7763589712874615 0.13500000000000004 1.5806416043966471 0.54024680001606862 -0.9457687186096454 0.67143371723131873
decision_type=2 2 2 2 2 2 2 2 2 2 2 2 2 2 2 2 2 2 2 2 2 2 2 2 2 2 2 2 2 2
left_child=-1 11 9 6 10 -6 8 -7 -4 -3 -5 -2 -13 -14 16 -16 -11 -18 -19 20 21 26 -23 24 -24 -25 28 -21 -20 -27
right_child=1 2 3 4 5 7 -8 -9 -10 14 -12 12 13 -15 15 -17 17 18 19 27 -22 22 23 25 -26 29 -28 -29 -30 -31
leaf_value=-0.061849366371604986 -0.17764725096808631 -0.16129070540389251 -0.15162525834529428 0.066326934036686352 -0.07264190433106836 0.19943021744739586 -0.068985729855132155 0.032673610389322871 0.073428560480733207 -0.084046664864488377 -0.036402906440364403 -0.1885565156282426 0.10498732278714587 -0.07255126668221637 -0.0017556248551126676 0.079657833416469204 0.13517475236357632 -0.17913962804911965 0.026647816729919532 0.0026646859275071357 0.15741221121855523 -0.094434160189241514 -0.023510702217846274 0.10815908327228695 0.3085691991733131 -0.044226855541014652 -0.065181701511315998 0.1667044856078769 0.11396467478275008 0.032843065221442591
leaf_weight=6.6686213877983382 1.7288155211135743 1.2866472648456682 0.75747266411781922 3.550696597434583 1.9825363606214521 2.9378023669123641 2.6110009429976335 2.546369094401598 27.254427216714248 4.9290891634300342 24.673731588060036 1.0654431153088806 2.4902146188542229 2.9526800904422998 1853.6511948914849 8.4374128272756916 5.3476615292020133 2.1211914503946891 13.779939520172778 2.4971753237768999 2.436525907367467 6.2058245996013275 1.9075343236327094 3.3613929301500383 1.6916638039983807 23.710169249214232 3.5391317391768089 3.8150169942528009 8.6717234048992395 9.3569146338850242
leaf_count=653 35 20 19 25 24 17 37 24 869 60 253 11 80 27 43653 101 79 25 178 27 28 56 29 28 17 223 55 44 111 108
internal_value=0 -4.37875e-05 0.000183806 0.023655 -0.00385581 0.0703215 0.0557191 0.122003 0.0673429 -0.000611633 -0.0234793 -0.0559411 -0.0236122 0.00867558 -0.00050591 -0.00138673 0.0170602 0.0226951 0.0154563 0.020554 0.0136843 0.00883558 -0.0105258 0.0024832 0.132571 -0.0103697 0.0432764 0.101808 0.0603731 -0.0224186
internal_weight=0 2031.3 2023.06 66.314 35.6911 7.46671 30.6229 5.48417 28.0119 1956.75 28.2244 8.23715 6.50834 5.44289 1955.46 1862.09 93.371 88.4419 83.0942 80.973 74.6608 72.2243 46.2335 40.0277 3.5992 36.4285 25.9908 6.31219 22.4517 33.0671
internal_count=46916 46263 46110 1268 343 65 925 41 888 44842 278 153 118 107 44822 43754 1068 1008 929 904 833 805 461 405 46 359 344 71 289 331
is_linear=0
shrinkage=0.1


Tree=83
num_leaves=31
num_cat=0
split_feature=34 4 15 11 16 40 8 11 10 11 29 19 8 8 23 31 16 28 11 30 11 25 17 25 42 9 16 16 19 4
split_gain=2.52955 4.27398 3.90098 5.27975 6.61596 4.3334 4.20178 4.1546 4.18481 6.7114 4.07841 4.05559 5.30357 5.81556 4.78011 4.57011 4.2064 4.87275 4.29825 4.53707 3.94717 3.61624 3.55028 3.45107 3.3473 3.34333 3.12566 4.10272 4.00591 5.53523
threshold=-1.0000000180025095e-35 2.9304020944050824 -0.48584623386099718 -0.4523823027897253 -0.023860920287497891 0.15500000000000003 2.0915874411419462 -0.95348937734767392 -1.0864279304944071 -0.71498037671146941 0.35399795879203749 -0.42738676297038963 -0.17293954436956677 0.33252606370728116 0.34192647502633328 -1.0026666406863505 -0.021440101862980399 -0.52798214578303237 -0.94732522249966677 -0.070924221632352027 -0.46495234212902281 1.011867020189555 -0.0012228033602464769 0.91523182192852437 0.34375000000000006 0.95070838402208468 -0.028956150851712811 -0.029961984492949508 -0.44364264731175956 1.5449598478190076
decision_type=2 2 2 2 2 2 2 2 2 2 2 2 2 2 2 2 2 2 2 2 2 2 2 2 2 2 2 2 2 2
left_child=1 2 3 7 5 -5 10 -1 9 -9 20 -10 14 24 15 -13 18 -18 -17 -20 -4 23 -23 25 -14 -12 27 -22 -28 -30
right_child=-2 -3 6 4 -6 -7 -8 8 11 -11 21 12 13 -15 -16 16 17 -19 19 -21 26 22 -24 -25 -26 -27 28 -29 29 -31
leaf_value=-0.098812196693218418 0.00067235002203816919 0.10983354481026333 0.15752845077684324 0.23745443910751282 -0.070346314338952803 0.024775723089988572 0.09486237284732818 0.21795705290528017 -0.05191018462013313 -0.046339258728701253 -0.032100446715851327 -0.10867201984158655 0.087546091563473594 -0.033204752999238175 -0.068236581578381458 0.16917598804806797 0.23840890356387182 0.013780816187733583 -0.066325704333873012 0.1658121882523037 -0.090218175972803794 0.12447449129775626 -0.017622104736540283 -0.16678794063144367 0.26609671934950913 0.1455781344552137 -0.087755400104047657 -0.31581796577064575 -0.028576690782767311 0.18753409195836429
leaf_weight=4.6441274310927829 1910.4106764267781 2.7176476493477812 0.81999641563743253 2.6413120022043577 1.7765203830786047 1.5032965168356893 2.4115872269030652 2.1476946545299147 14.433392347069452 1.738560881000011 11.347749131731691 2.1037735827267161 2.6146999597549501 2.4510895917192101 8.7567952964454872 1.3511042455211253 2.1190823875367646 1.7742834370583294 5.0926382225006863 1.0087104625999925 10.853043910348786 3.5404087994247675 3.4931489038281134 1.7148103285580862 1.7544891568832097 1.1680391374975432 11.605733150383454 0.87078898912295244 12.400965048000222 1.3104125792160637
leaf_count=120 44570 76 16 36 32 24 33 30 275 35 244 26 51 33 195 14 18 41 110 13 256 55 57 19 20 17 218 19 245 18
internal_value=0 -0.0141701 -0.0169914 0.00163723 0.0911084 0.160313 -0.0345227 -0.00855253 0.000300898 0.0997211 -0.0398 -0.00858938 0.0129517 0.0900818 -0.0107374 0.0266994 0.0518003 0.136041 0.00779046 -0.0279473 -0.0594829 -0.0047546 0.0539036 -0.0337468 0.159245 -0.0155185 -0.064287 -0.106975 -0.0445192 -0.00792273
internal_weight=0 122.166 119.448 57.9116 5.92113 4.14461 61.5367 51.9904 47.3463 3.88626 59.1251 43.4601 29.0267 6.82028 22.2064 13.4496 11.3458 3.89337 7.45245 6.10135 37.8609 21.2642 7.03356 14.2306 4.36919 12.5158 37.0409 11.7238 25.3171 13.7114
internal_count=46916 2346 2270 1073 92 60 1197 981 861 65 1164 796 521 104 417 222 196 59 137 123 772 392 112 280 71 261 756 275 481 263
is_linear=0
shrinkage=0.1


Tree=84
num_leaves=31
num_cat=0
split_feature=29 14 14 19 9 27 31 31 38 19 42 25 10 25 21 20 16 9 9 21 2 19 2 15 15 25 26 6 24 32
split_gain=2.49693 2.4848 6.87472 8.48793 5.67628 6.44885 5.46689 7.01447 6.02728 10.7228 8.05417 4.94079 5.16995 4.82287 4.34197 7.4601 4.01916 4.00021 5.40004 12.0681 3.83745 4.80328 6.29874 6.19059 16.7866 6.16372 8.2368 6.06185 4.75772 3.6227
threshold=5.569712950201585 0.9339492431873897 0.90912708445312618 0.67143371723131873 2.02159271668791 2.4781791928454955 0.77818076543887071 0.72139417917274151 191.50000000000003 -0.086364769853306642 0.34375000000000006 -0.26486236432274107 1.5408117196985638 1.6115143889720278 0.7523965495302144 -0.65239712200642708 -0.021440101862980399 -0.72154956378994839 -0.91591370884862178 1.5492008918256117 2.6688704485296157 -0.22057575733103427 1.3564354867222386 -0.59039592793118401 -0.59729984904552003 2.6894455977819507 1.2594421200688679 1.9675150079026349 -0.25884513584563112 -1.3418117498683666
decision_type=2 2 2 2 2 2 2 2 2 2 2 2 2 2 2 2 2 2 2 2 2 2 2 2 2 2 2 2 2 2
left_child=1 2 6 13 5 11 7 29 9 10 -9 12 14 -4 -3 16 -16 18 -17 -20 21 23 25 24 27 -23 -27 -13 -25 -1
right_child=-2 4 3 -5 -6 -7 -8 8 -10 -11 -12 20 -14 -15 15 17 -18 -19 19 -21 -22 22 -24 28 -26 26 -28 -29 -30 -31
leaf_value=0.023859521845299925 -0.14348578905470458 -0.082355209060297474 0.059787083814031028 0.22366005148941712 -0.095531116578996281 0.069813758154213298 -0.076097715217806228 0.089951291091831476 0.04459453204051704 -0.11029011562133083 0.59265537988851935 -0.031995686185767321 0.15589993052993978 -0.11496424465570264 0.047790768466787474 -0.029133910875693204 0.44592247877375057 -0.10344401062181104 0.67709929708125438 -0.0011052551489194461 0.13496365059202706 -0.0041772583633541216 0.18088705175291794 0.47594941897876386 0.65680018234437121 -0.057075917230027806 0.19313194421131447 0.35455695046599667 -0.050124807566458845 -0.00045820135054587232
leaf_weight=63.464704396028537 1.2155898894416157 20.472681801649749 9.7813073359429819 2.8654705332592121 7.7076404048129907 10.067612218670545 9.2955153922084701 0.51200787839479722 5.6861758725717664 0.58190877037122746 0.84420109796337783 3.5396841312758629 1.1993351774290193 1.8833961188793171 0.48820771649479755 3.8689523109351271 0.52755940554197878 4.1753080687485626 0.38294978998601459 0.83328124496620148 1.9671352307777841 70.542575580300763 2.0658208639360955 0.17274061893112858 0.44958195183426042 2.0477551836520425 3.6803660714067519 0.45819784048944701 35.820349943940528 1764.5517291372526
leaf_count=2580 27 2494 111 22 95 107 411 28 79 28 28 202 22 15 30 423 22 323 20 42 31 2099 36 17 8 28 44 18 1917 35609
internal_value=0 -0.000121814 0.000937518 0.069453 -0.011677 -0.00770605 0.000397911 0.000785277 0.0965033 0.248797 0.40287 -0.0128172 -0.0477875 0.0315715 -0.0557321 -0.0026928 0.254569 -0.0309113 0.0286433 0.212438 -0.0035643 -0.00585854 0.00859018 -0.0338468 0.0774572 0.00392345 0.103685 0.0123072 -0.0476 0.000386056
internal_weight=0 2029.93 1859.47 14.5302 170.468 162.76 1844.94 1835.64 7.62429 1.93812 1.35621 152.692 31.9483 11.6647 30.7489 10.2763 1.01577 9.26049 5.08518 1.21623 120.744 118.777 78.3365 40.4406 4.44746 76.2707 5.72812 3.99788 35.9931 1828.02
internal_count=46916 46889 38911 148 7978 7883 38763 38352 163 84 56 7776 3376 126 3354 860 52 808 485 62 4400 4369 2207 2162 228 2171 72 220 1934 38189
is_linear=0
shrinkage=0.1


Tree=85
num_leaves=31
num_cat=0
split_feature=21 11 21 49 25 12 46 27 26 1 20 25 6 19 2 21 9 4 28 32 25 22 19 28 28 7 3 28 27 28
split_gain=2.59333 6.56751 5.54263 4.67029 4.56388 3.53001 3.52777 3.24768 4.42622 7.01616 5.64248 6.65874 13.8157 5.43046 6.84348 5.64548 5.94313 5.45305 8.03572 5.81675 4.94413 5.55448 4.8568 5.02559 4.24408 8.46751 9.86935 8.95712 7.40745 9.18315
threshold=-1.4850889186529146 2.7701439728245174 -1.4602451318548086 2.5000000000000004 1.2349794001059247 -0.99033749252743619 12.500000000000002 -1.3653080125149801 1.5306442496225379 -0.31064959860276181 -0.5567783916666097 -0.044440724841659264 -0.17544315639301986 -0.57136507297362982 -0.84215779969197435 -1.363593917094434 1.5303804599162174 1.379583699338087 -0.19207230890921842 -0.26495134293540945 0.23290238063743088 -0.14224130673634464 -0.15121744543032523 -0.18727213047519592 -0.28676247277034211 -1.2102196628959352 1.7905304488283356 -0.34747465704942576 -0.63353371257544711 -0.32646261606748778
decision_type=2 2 2 2 2 2 2 2 2 2 2 2 2 2 2 2 2 2 2 2 2 2 2 2 2 2 2 2 2 2
left_child=1 4 3 5 -1 -2 -6 -4 24 10 -10 12 -12 15 22 16 -11 -16 19 -19 -13 -22 -15 -24 25 -9 28 -28 29 -27
right_child=2 -3 7 -5 6 -7 -8 8 9 13 11 20 -14 14 17 -17 -18 18 -20 -21 21 -23 23 -25 -26 26 27 -29 -30 -31
leaf_value=-0.12974650389289896 0.12472048939338687 0.0074451409908424769 -0.057450227431191769 0.14716897867280007 -0.055095053866630564 -0.074135572351627585 0.098428586222309641 -0.078486671908326366 -0.040374852974699213 -0.11373040834115855 -0.0016144829391856409 -0.11087494732818742 0.58350743068860689 0.16082279523914333 -0.050125922440307981 0.12896144033796983 0.14207453451281649 -0.14089663487345505 0.20602251302096497 0.049492453077337691 0.2404359703157829 0.0508204184549969 0.058667634381779132 -0.025577658993251817 -0.0084381526086283448 0.013956845048056891 0.038713849145182923 0.20980827122375062 -0.00035613701253088298 0.094030179715633988
leaf_weight=7.6212634574621942 1.4090319201350214 26.289775735815056 9.8018491567345318 4.7241853008745238 8.2142044601496291 2.4359931219369155 1.8302478920668352 12.910996833816169 6.6183430003002277 2.5851980897132312 0.91506588365882635 1.8088952545076598 0.72186878696083911 2.5115196574479368 37.484818993252702 6.1437518643215281 1.4001253861933944 2.4323602430522442 2.129333443939684 4.7160277082584798 1.6046835698653001 41.455265991040505 13.892912896117199 14.441766770672981 546.67904079944128 78.765961984521709 13.404320968780668 3.9648980824276796 1153.412208925467 17.505506775225513
leaf_count=277 10 538 542 74 127 39 25 153 421 62 21 86 29 39 789 91 12 34 17 66 17 704 225 264 19078 1371 142 35 21218 410
internal_value=0 -0.0242408 0.000316314 0.0805669 -0.0713951 -0.00126361 -0.0271208 -3.14746e-05 0.000254578 0.0173346 0.046016 0.0583105 0.256417 -3.16069e-05 -0.00901943 0.0688329 -0.0238609 -0.0331371 0.035503 -0.0152907 0.051083 0.0578867 0.0275427 0.0157291 -0.00106255 0.0020876 0.00290864 0.0777698 0.00186815 0.028517
internal_weight=0 43.9555 1985.88 8.56921 17.6657 3.84503 10.0445 1977.31 1967.5 140.862 53.1241 46.5058 1.63693 87.7378 77.6087 10.1291 3.98532 46.7625 9.27772 7.14839 44.8688 43.0599 30.8462 28.3347 1826.64 1279.96 1267.05 17.3692 1249.68 96.2715
internal_count=46916 967 45949 123 429 49 152 45826 45284 2877 1278 857 50 1599 1434 165 74 906 117 100 807 721 528 489 42407 23329 23176 177 22999 1781
is_linear=0
shrinkage=0.1


Tree=86
num_leaves=31
num_cat=0
split_feature=34 38 2 24 31 21 21 27 20 29 0 15 27 10 25 35 40 7 26 14 6 34 10 7 13 5 19 2 19 32
split_gain=2.50553 5.44193 8.44759 13.3679 4.31005 4.15892 4.07815 3.87485 3.86744 3.60149 4.3485 4.21502 4.36974 4.10022 3.79545 4.1469 4.39519 3.9079 4.55123 3.05642 8.44782 8.4299 8.24334 7.89744 8.27388 9.78869 6.70832 8.24001 6.40556 5.73034
threshold=1.012062357354049 328.50000000000006 1.5248058239849247 -0.25291476780373229 0.1362738754326894 -1.2347492399359543 1.7298127454321286 2.6414537064984236 0.75508999516113184 2.0594503521356287 -0.75393925286207575 -0.71223771746722553 1.4464636526754318 2.1918874436669324 0.24745619811950079 0.99929002124752653 0.15500000000000003 -1.4381427325822482 1.8219056985031414 -1.507797691239684 -0.91093414180513965 0.011960726152432974 -1.0790596599575564 -0.10564607444127681 0.40983184250055299 1.3674286231048896 0.065072010856380771 -0.39102975691856373 -0.54108079147463328 1.6146010819910701
decision_type=2 2 2 2 2 2 2 2 2 2 2 2 2 2 2 2 2 2 2 2 2 2 2 2 2 2 2 2 2 2
left_child=19 2 6 -4 9 -5 -2 -6 -8 10 -3 -12 13 14 15 -13 -17 -18 -19 21 26 23 -23 24 29 -26 27 -21 -27 -1
right_child=1 4 3 5 7 -7 8 -9 -10 -11 11 12 -14 -15 -16 16 17 18 -20 20 -22 22 -24 -25 25 28 -28 -29 -30 -31
leaf_value=-0.045567600926782928 -0.092316904039677433 -0.043166695717105907 0.94418578436127598 0.22999112230455029 -0.10159690462423049 -0.10267705711351816 -0.1028655431146271 0.1001726586061038 0.16583117134810232 -0.10886606431072221 -0.11018946441320535 -0.10320808362658802 0.15390164627748482 0.14810225862521895 -0.026669048858098756 0.30866098269052566 0.57931596642471517 -0.0059329695322852677 0.28864314897738752 -0.061685453263246454 0.00092080727100332996 0.18908941667399615 -0.087093117334517023 0.10378370322714091 -0.063391008144742064 -0.011191331308272927 0.21195813717685608 0.10049047956522755 0.054024107302423352 0.10168506008768521
leaf_weight=53.64802862983197 18.482649821846287 6.6811138817574891 0.19055922958068539 0.71543459082022298 5.8068117108196011 0.79162278503645112 0.92998653370886986 1.1383873308077452 1.2633776413276789 2.0699485009536138 1.5531135972123653 1.0175355544779474 4.044425419997423 2.8223103140480807 8.3805604251101595 0.97264363756403316 0.14430156070739997 2.850087441969654 0.64277212461456645 4.8261410053819427 1788.4899682758842 1.143178073689344 19.778756527230144 6.4884163134265682 14.087075554765759 24.587324310094118 2.8582433257251969 8.9300012961030006 38.872812719549984 2.7796647977083913
leaf_count=763 1376 182 12 24 430 109 99 11 17 73 60 73 37 36 211 12 6 242 12 42 41567 10 241 240 211 258 45 73 408 36
internal_value=0 -0.0202601 -0.0594106 0.155032 0.00271603 0.0552481 -0.0770176 -0.0685249 0.0519037 0.0185852 0.0276483 0.0487438 0.0605687 0.0381401 0.015985 0.0795079 0.119839 0.0693449 0.0482763 0.00040136 0.00158016 -0.0127836 -0.0720025 -0.00396302 -0.00918121 0.0120173 0.0725579 0.0435934 0.0287567 -0.0383138
internal_weight=0 60.4976 22.3736 1.69762 38.124 1.50706 20.676 6.9452 2.19336 31.1788 29.1089 22.4278 20.8746 16.8302 14.0079 5.62734 4.6098 3.63716 3.49286 1966.49 1805.1 161.385 20.9219 140.463 133.975 77.5472 16.6144 13.7561 63.4601 56.4277
internal_count=46916 3022 1637 145 1385 133 1492 441 116 944 871 689 629 592 556 345 272 260 254 43894 41727 2167 251 1916 1676 877 160 115 666 799
is_linear=0
shrinkage=0.1


Tree=87
num_leaves=31
num_cat=0
split_feature=38 0 25 29 38 27 40 27 33 20 10 22 13 1 5 4 4 2 2 35 22 1 19 12 17 38 21 21 14 23
split_gain=2.39906 5.62253 4.62421 4.60611 4.52116 6.32128 8.0895 12.1312 9.53479 4.5874 10.9047 14.1218 7.93225 5.15237 9.73095 5.00397 7.41748 6.13931 10.001 6.54888 5.65409 4.84057 4.74105 6.20461 4.44317 4.34633 4.72636 4.34208 3.81982 10.7026
threshold=9.5000000000000018 0.39722927595540775 1.4028891915947812 4.3294358941432902 5.5000000000000009 -0.77951590259058678 0.25500000000000006 -0.8070937990161523 -0.76804046002095705 -0.10551778913395118 -0.31495512714976825 -0.081560857655289407 -0.71017523106504454 -0.83604383459826337 0.013438345223348148 0.10674454676287359 0.22119691857059723 -0.25826790774298453 -0.59810951572557214 4.9887705833360174 -0.42632577886676087 1.2982253775917336 -0.74322749520763065 0.15546186394974906 0.00056446643979072891 10.500000000000002 0.74837645066445646 -1.3260967034051137 -2.3055110860920025 -1.8001129540670766
decision_type=2 2 2 2 2 2 2 2 2 2 2 2 2 2 2 2 2 2 2 2 2 2 2 2 2 2 2 2 2 2
left_child=1 2 4 -3 5 6 7 8 -1 12 11 -11 21 -13 -15 -12 -17 18 19 -18 -19 -7 23 -14 -6 26 -2 -8 29 -27
right_child=25 3 -4 -5 24 9 27 -9 -10 10 15 13 22 14 -16 16 17 20 -20 -21 -22 -23 -24 -25 -26 28 -28 -29 -30 -31
leaf_value=0.38684945624925926 0.071428876173054781 -0.061832950254716329 0.1537528469178816 0.16551482221762331 -0.079890313988857153 -0.10440274405825754 0.28418639220861291 0.66693757376480889 -0.04294453803807638 0.42102921883690914 -0.076445720093319014 0.2658827493487505 -0.10476647167153162 -0.08235595608612517 0.1671872264065779 0.19966045458851769 -0.02198655915157112 0.032727923678438423 -0.1721937922851193 0.21202326253467896 0.29221402527768864 0.1688276040357711 -0.084898455051582083 0.24893480055247605 0.082602422107549173 -0.070962599551079864 -0.061785139889258378 -0.028876421541301357 -0.0004129224578351825 0.067991064427235848
leaf_weight=0.85549740819260534 15.520417488180103 26.131289679091427 1.8642621664330352 0.92261824989691277 12.128689897945149 0.87292613601311986 0.50394394109025586 0.51685404172167082 1.3013265989720821 1.2788407197222111 8.7527737254276925 1.0541538698598731 0.95725326356477936 3.56120223365724 2.7844982715323567 1.9242868293076778 9.8715441422536951 9.4581426288932544 4.3522586990147838 1.3607649654149998 0.92153700254857618 2.520780136808753 16.768451244919561 1.0291663175448773 1.9538553978782136 7.2588790766894844 3.2150492258369914 3.6653624398168176 1856.2049062074511 23.450442258734256
leaf_count=29 144 1032 21 20 511 50 19 20 53 32 315 12 42 106 35 35 220 205 64 11 15 34 1275 13 64 89 40 130 42040 240
internal_value=0 -0.0140923 -0.00210659 -0.0540797 -0.00539372 0.00445151 0.0960319 0.231805 0.127532 -0.00483701 0.0133919 0.114183 -0.0421367 0.0611536 0.0271438 -0.010481 0.010222 -0.00381786 -0.043502 0.00636312 0.0557658 0.0985475 -0.0675936 0.0784866 -0.0573456 0.000641674 0.048569 0.00896347 0.000165796 0.0351461
internal_weight=0 117.312 90.2584 27.0539 88.3941 74.3116 6.84298 2.67368 2.15682 67.4686 45.32 8.6787 22.1486 7.39985 6.3457 36.6413 27.8885 25.9642 15.5846 11.2323 10.3797 3.39371 18.7549 1.98642 14.0825 1905.65 18.7355 4.16931 1886.91 30.7093
internal_count=46916 4363 3311 1052 3290 2715 251 102 82 2464 1050 185 1414 153 141 865 550 515 295 231 220 84 1330 55 575 42553 184 149 42369 329
is_linear=0
shrinkage=0.1


Tree=88
num_leaves=31
num_cat=0
split_feature=34 4 28 4 28 11 15 15 33 25 26 14 35 27 30 8 29 34 31 33 35 23 19 7 13 1 8 3 22 4
split_gain=2.29991 3.67235 3.95069 3.46019 3.34511 2.98669 3.55981 4.33619 6.24541 5.26795 9.17447 4.80678 4.43912 4.19825 5.27509 5.28313 3.98078 3.26767 4.65277 4.24569 3.45866 3.28935 4.70651 3.36094 6.40539 3.56247 3.42771 3.3031 4.65111 2.93774
threshold=-1.0000000180025095e-35 1.9916592372161854 -0.56356609863099949 1.874106253700081 -0.59103710720097424 -0.95348937734767392 -0.48584623386099718 -0.57735429754436929 -0.098092849660665185 -0.011288491187830853 -0.74083874691502205 -0.79003046914034181 -0.0022473295777506422 0.23086252668908791 -0.070532287087779033 -0.16885575413888049 -0.69882943047018398 -0.013326466502684478 -1.0065938218922881 -0.30854630163724134 1.0171597861644426 -1.7999978251029942 -0.064559306919271212 -0.76405173877950394 0.020610667827314407 1.5373033721667195 -1.1858385670684679 -0.76987746437582383 -0.61570380643948142 -0.35885465396655686
decision_type=2 2 2 2 2 2 2 2 2 2 2 2 2 2 2 2 2 2 2 2 2 2 2 2 2 2 2 2 2 2
left_child=1 3 4 5 -3 -1 7 8 16 10 -10 -11 -9 14 15 -14 -7 19 -19 -8 -21 -20 27 -24 25 26 -25 -23 -29 -28
right_child=-2 2 -4 -5 -6 6 17 12 9 11 -12 -13 13 -15 -16 -17 -18 18 21 20 -22 22 23 24 -26 -27 29 28 -30 -31
leaf_value=-0.10049987927648021 0.00063168938638371664 0.068394211527902066 -0.025381053888390809 -0.17531193284051128 0.2809333256177326 0.068943931431965103 -0.066380632573397089 -0.093971145744588522 0.22000690149184687 -0.090831567960367954 -0.090935852836943123 0.029759146961914441 -0.056863894003802241 0.028834144991229122 0.33515322928888525 0.18694774961356203 -0.090100550733211215 0.14721340848187819 0.063777187039597436 0.15525016419983162 0.010015144170853703 0.13408001996806093 -0.13929043244054923 0.079079638005028666 0.17006086204551371 0.10222527730877967 0.028274840307888568 -0.35610079087134228 -0.08123436241560647 -0.10169522635128765
leaf_weight=4.0967943624127647 1900.940590642218 4.1860370973590761 4.1626472077332419 1.3936516940593708 0.89966524392366398 1.8300221173558338 3.7716106185689569 1.8727379762567586 2.9145849635824561 4.6835013106465349 1.4069637609645749 11.233657670672979 1.5011935941874983 8.6814013179391605 1.1222161655314264 2.1785015705972812 11.23713986342773 1.2591939978301443 2.4960124813951472 2.650376900099209 4.2999266688711941 0.68593790195881865 1.8996549847070152 1.8586300057359029 1.968524963594972 1.9272442143410433 2.3092897220049027 0.6322761289775326 23.36992635647767 7.0435663606040544
leaf_count=116 44570 104 74 16 15 40 123 33 29 46 28 125 45 122 16 35 365 16 38 29 67 9 35 26 30 32 67 7 507 151
internal_value=0 -0.0136667 0.0468618 -0.0187407 0.105993 -0.0167375 -0.0134642 0.00633411 -0.0139352 0.02086 0.118773 -0.00572374 0.0502964 0.0703342 0.145362 0.0874807 -0.0678268 -0.0306154 -0.04233 0.0190427 0.065398 -0.0477309 -0.0544062 -0.0139263 0.0018375 -0.0233667 -0.0449559 -0.0822915 -0.088475 -0.0696047
internal_weight=0 119.573 9.24835 110.325 5.0857 108.931 104.834 48.6619 33.3059 20.2387 4.32155 15.9172 15.3561 13.4833 4.80191 3.6797 13.0672 56.1722 45.4503 10.7219 6.9503 44.1911 41.6951 17.0069 15.1073 13.1387 11.2115 24.6881 24.0022 9.35286
internal_count=46916 2346 193 2153 119 2137 2021 884 633 228 57 171 251 218 96 80 405 1137 918 219 96 902 864 341 306 276 244 523 514 218
is_linear=0
shrinkage=0.1


Tree=89
num_leaves=31
num_cat=0
split_feature=28 31 38 29 28 19 29 23 32 28 0 4 7 4 11 32 32 28 38 6 27 26 27 46 29 21 49 32 0 13
split_gain=2.31409 5.88664 4.31212 4.05123 3.67058 3.7938 2.86867 2.54861 2.54284 7.53897 7.70727 6.55264 12.0578 9.63121 9.04573 10.93 6.81027 5.07716 7.91089 5.0317 7.96482 6.90857 5.09094 9.43573 11.5795 5.55191 4.15549 3.97198 6.34835 5.82849
threshold=1.8633067985349518 -0.48393744662205757 2489.5000000000005 1.7221119659360842 2.5302772236282776 -0.80076912926925792 5.1658264084769021 -3.1625100533737798 -1.3418117498683666 0.59166694673678932 3.2197716499224249 -0.42202610372288524 -0.93086179528101953 -0.54007541342144572 0.053339161223753311 -1.3960253169183672 -1.5089232312861431 -0.22466672192929985 236.50000000000003 -0.78129687964420169 -1.3533990116179744 0.40780505316368215 -1.2640391242899776 11.500000000000002 -0.72670227011363075 -1.363593917094434 1.5000000000000002 -0.83653411027958813 3.2197716499224249 0.73080841734787205
decision_type=2 2 2 2 2 2 2 2 2 2 2 2 2 2 2 2 2 2 2 2 2 2 2 2 2 2 2 2 2 2
left_child=6 2 3 4 5 -2 8 -3 9 11 -11 12 -1 -14 16 -16 -15 18 -13 20 -19 -22 23 24 -21 -26 -23 29 -29 -10
right_child=1 7 -4 -5 -6 -7 -8 -9 27 10 -12 17 13 14 15 -17 -18 19 -20 22 21 26 -24 -25 25 -27 -28 28 -30 -31
leaf_value=0.92177617338988194 0.22952761325088189 0.23978174165379973 0.21728061109884522 0.071172298407132711 -0.11671094176212504 -0.037810897463038506 -0.11729195561365731 -0.058587464565636044 -0.020895456621181755 -0.064268279844227352 0.081019765949254474 0.016153579905443197 -0.028052308181801544 0.74955018468675982 -0.10538884471478122 0.458069930282194 0.26692946702573583 -0.091983743788230668 0.22961805071669447 0.48388910642027433 -0.026833765385357256 0.33102405338180929 -0.084447883205043164 -0.10427179130384312 0.19849792020029253 -0.012676732916465386 0.12647835015135306 0.00076681333349747722 0.11134534878245661 0.056966132680799975
leaf_weight=0.19475312251597632 0.7647809470072392 0.28986109304241736 1.1175223886966694 5.729731309460476 3.2960025584325194 1.735216457513159 2.0740244842600069 23.193063731305305 143.30238825362176 15.057055339450018 4.8200816770549855 4.1816324994433662 2.3709507420426235 0.46373569825664163 1.0254756527720017 0.51825277833268035 0.79128570365719431 2.1502340235747397 2.9685643590055406 0.68935993313789357 1.9026939207687954 1.5793405827134845 7.3181175690842819 3.6524184965528548 1.7804636158980427 4.1393939838744718 2.676223220769316 1763.6149288236629 5.2071400014683595 10.305521543254143
leaf_count=11 11 9 5 70 86 62 35 1577 6872 1061 95 112 208 16 67 21 36 46 29 8 34 22 411 216 33 113 37 35366 49 198
internal_value=0 -0.0252852 0.0297283 0.0115435 -0.0474036 0.0439713 0.000253611 -0.0549045 0.000376695 0.0209552 -0.0290368 0.0468309 0.149343 0.120243 0.245872 0.0837727 0.44526 0.030186 0.104778 0.00958409 0.0737127 0.131568 -0.0207242 0.0247206 0.096005 0.0508364 0.20239 -0.000247161 0.00109234 -0.0156717
internal_weight=0 36.1262 12.6433 11.5257 5.796 2.5 1982.78 23.4829 1980.71 58.28 19.8771 38.4029 5.36445 5.1697 2.79875 1.54373 1.25502 33.0384 7.1502 25.8882 8.30849 6.15826 17.5798 10.2616 6.60922 5.91986 4.25556 1922.43 1768.82 153.608
internal_count=46916 1820 234 229 159 73 45096 1586 45061 2576 1156 1420 359 348 140 88 52 1061 141 920 139 93 781 370 154 146 59 42485 35415 7070
is_linear=0
shrinkage=0.1


Tree=90
num_leaves=31
num_cat=0
split_feature=40 0 15 46 27 27 9 7 19 20 38 27 26 18 14 19 15 3 4 28 25 25 27 3 27 32 35 35 40 34
split_gain=2.30148 15.2074 6.38923 4.95682 5.99284 4.75002 4.52981 4.38863 5.38834 3.916 3.85797 5.00277 6.42155 6.67756 5.68565 5.36462 5.9942 4.97205 4.69428 9.52842 7.00024 10.3242 4.69324 4.84637 4.41109 3.84838 3.777 8.92855 7.5558 7.18754
threshold=0.53500000000000014 -0.73627023843128392 -0.71560409934775004 2.5000000000000004 0.21526773883429787 0.5562891337157585 1.4973996768058531 -0.57621670379852918 -0.35935960041473347 -0.2225647216766507 1011.0000000000001 -0.62551290078445987 -0.44657602165550525 0.98828462308201026 -1.0959449678051614 -0.33897741501696893 -0.067860762241446312 -0.73936761883306235 0.069630724840634442 -0.47527298479223007 0.68212478639652219 0.91523182192852437 -0.91784539030599477 -0.69341650763349783 -0.90830707528539745 -0.44141739654154405 2.0194887587307746 3.0237255918335433 0.43500000000000005 0.0027549358047693549
decision_type=2 2 2 2 2 2 2 2 2 2 2 2 2 2 2 2 2 2 2 2 2 2 2 2 2 2 2 2 2 2
left_child=26 25 7 4 -4 9 10 8 -3 -6 11 12 -5 14 24 18 -17 -18 19 -13 -21 -22 23 -12 -14 -2 -1 29 -29 -28
right_child=1 2 3 6 5 -7 -8 -9 -10 -11 22 15 13 -15 -16 16 17 -19 -20 20 21 -23 -24 -25 -26 -27 27 28 -30 -31
leaf_value=0.0019323212499749755 0.24057953176205638 -0.11790562998936605 0.010825064821327154 0.21138183243799627 0.20205239733748057 0.036455614678982798 0.17926871933608624 -0.15019095499507892 0.15169121263487814 0.047229560872282444 0.22949580958756977 0.1931334579477656 0.11827900900590611 0.25826734792608497 -0.061376467751367271 0.01533243880443985 0.33435565614936152 0.086616692620205646 -0.10570551737827674 -0.083255303161627242 0.1907945356987534 -0.11641500562807193 -0.10258741308896156 -0.037802359330240322 -0.065715489245394207 0.094873616773468297 -0.0099744435568893258 0.042149136665931224 -0.0031444386327133945 -0.046512779808234983
leaf_weight=1215.9097163417609 2.3259271138813338 1.6060656828340145 50.157160123344511 1.0685198905412026 4.2938166158273816 10.487216008827088 1.2953708693385113 4.4544414780102661 1.3769460781477389 2.6370294522494104 0.94289302313700352 2.2959168483503172 3.4612130681052804 0.74767994252033432 29.259201990207664 22.63886642199941 0.89376591518521209 8.6556441206485086 5.0663013719022265 8.2331070788204652 2.8007706841453919 1.7950365643482653 8.4192063544178364 2.4172192860860369 2.0896085454150954 8.214902608888222 150.64752577408217 41.341301036067307 337.54919042799156 83.776773240126204
leaf_count=26563 19 43 753 23 43 126 11 151 15 31 26 34 30 12 1399 528 13 152 100 378 38 49 211 70 27 88 3489 829 7164 4501
internal_value=0 0.0103343 0.00338876 0.00736572 0.0283742 0.0789089 -0.0065415 -0.0873297 0.00653917 0.143146 -0.00892969 -0.0018121 -0.0301639 -0.0374224 -0.0437735 0.0180129 0.0433595 0.109804 -0.0223942 0.0055122 -0.0280653 0.0708042 -0.0627109 0.0372051 0.0490142 0.127025 -0.00129491 -0.00769298 0.00179761 -0.0230322
internal_weight=0 187.634 177.093 169.656 67.5752 17.4181 102.08 7.43745 2.98301 6.93085 100.785 89.0056 36.6262 35.5577 34.81 52.3794 32.1883 9.54941 20.1911 15.1248 12.8289 4.59581 11.7793 3.36011 5.55082 10.5408 1829.22 613.315 378.89 234.424
internal_count=46916 4370 4263 4054 953 200 3101 209 58 74 3090 2783 1491 1468 1456 1292 693 165 599 499 465 87 307 96 57 107 42546 15983 7993 7990
is_linear=0
shrinkage=0.1


Tree=91
num_leaves=31
num_cat=0
split_feature=40 32 46 14 17 4 0 42 38 38 1 1 3 4 25 32 28 32 4 40 25 9 32 14 6 11 27 9 25 30
split_gain=2.28733 5.96642 5.12889 8.08904 5.4686 5.01061 4.67534 4.01377 6.46921 4.61777 4.97433 8.77197 5.16155 4.40504 4.25547 4.07381 3.98292 8.37445 7.5736 3.97212 16.0574 10.5889 8.91929 7.71036 9.41906 13.6303 13.3556 23.5361 9.93638 9.09901
threshold=0.045000000000000005 -0.33514867842153123 1.5000000000000002 0.67041837819855943 -0.016342364245303737 -0.45739960480603264 -0.93648302536143013 0.84375000000000011 99.500000000000014 278.50000000000006 -0.97303106620285396 -1.2015161765443481 0.57645830177368695 -0.37446474036367455 1.0328992383172235 2.4027043568508915 -0.56356609863099949 1.3419039486233644 -0.036952193531524326 0.13500000000000004 -0.13650612833349049 -0.030091242071829918 -1.1795497873311171 -0.14166987350364604 -0.1203143631746262 -0.19482152849921366 -0.024276810381619902 0.33264704448066745 0.059413398240010531 -0.0720188198003643
decision_type=2 2 2 2 2 2 2 2 2 2 2 2 2 2 2 2 2 2 2 2 2 2 2 2 2 2 2 2 2 2
left_child=1 5 3 7 -4 -1 -6 8 13 10 11 -9 -12 15 -15 -3 -10 18 -18 20 21 -2 -22 29 28 26 27 -26 -25 -24
right_child=19 2 4 -5 6 -7 -8 9 16 -11 12 -13 -14 14 -16 -17 17 -19 -20 -21 22 -23 23 24 25 -27 -28 -29 -30 -31
leaf_value=-0.083096401016366894 0.007202057278085156 -0.10931053884358309 0.14308847181322543 0.14903933317285536 -0.12629306279351615 0.09333665732898902 -0.023261231048164167 -0.10728241762148359 0.15343995136626765 -0.11254896962655583 0.031688261648493352 0.28394929459237728 -0.096195725230116255 -0.016025524566486885 0.10508222904909102 0.074452286517346991 0.16024000780083303 -0.035687756192965353 -0.038877873509330974 -0.0010861663264403411 -0.084875856608497974 -0.050662523871060884 0.025377129228575136 0.32009910589488882 0.036753689218744688 -0.015521637246874826 0.074865164942689286 0.8526345898038632 0.098081214574074593 -0.1566386164546488
leaf_weight=1.9571564174257208 93.313913737772964 6.862922250293197 1.9254856025800098 3.8806814034469417 4.5509867426007977 9.0654508739244175 136.58296576119028 0.96215186547488007 3.5987602388486293 5.708550736308097 6.3500028736889362 1.417305514682085 6.2747598569840193 12.270836235955359 3.7998230569064608 1.4636721536517141 6.6280354242771891 8.21001113578677 2.6836431454867116 1498.6930710508022 5.981282237044069 47.837095029884949 75.330655993660912 2.3022275986149934 0.81850885436870402 21.94907915731892 21.830834405496716 0.62246307171881199 16.203851251862943 2.8503999873064449
leaf_count=51 4177 107 15 50 67 70 1899 25 26 63 93 22 99 133 38 8 55 60 22 36132 177 1255 1005 36 42 571 366 14 204 34
internal_value=0 -0.0097315 -0.0134411 0.00871601 -0.0242999 0.0620095 -0.0265836 0.000493957 0.0171004 -0.0359998 -0.00687564 0.125752 -0.0318726 -0.0179762 0.0126098 -0.0770082 0.057619 0.0379384 0.102854 0.000983891 0.0117173 -0.0124087 0.034744 0.0397858 0.0656039 0.0410098 0.0943281 0.389193 0.125701 0.018741
internal_weight=0 224.193 213.171 70.1112 143.059 11.0226 141.134 66.2305 45.5177 20.7128 15.0042 2.37946 12.6248 24.3973 16.0707 8.32659 21.1204 17.5217 9.31168 1787.73 289.04 141.151 147.889 141.908 63.727 45.2209 23.2718 1.44097 18.5061 78.1811
internal_count=46916 2903 2782 801 1981 121 1966 751 449 302 239 47 192 286 171 115 163 137 77 44013 7881 5432 2449 2272 1233 993 422 56 240 1039
is_linear=0
shrinkage=0.1


Tree=92
num_leaves=31
num_cat=0
split_feature=34 17 38 29 24 31 15 0 29 15 27 25 11 9 2 9 29 32 21 24 38 7 30 17 14 14 18 34 7 23
split_gain=2.30996 4.69218 5.06106 4.21282 4.26429 3.97639 5.04448 4.07831 4.15978 3.34317 4.22611 3.44854 3.68952 4.68688 3.29419 4.70568 4.06222 3.21198 3.11202 3.19548 3.16874 2.90379 2.89088 2.78585 2.80983 7.4902 7.1533 6.8895 7.12246 6.80264
threshold=1.012062357354049 0.021416057736738745 328.50000000000006 -0.73408704624739995 -0.25291476780373229 -0.0063114789576299178 -0.72547954223064315 -0.75393925286207575 2.0594503521356287 -0.71223771746722553 1.4464636526754318 0.01648509366523827 0.54231441912432132 0.22298415082616821 -0.43344611017335455 0.36182437688234553 -0.76160683963958986 0.31946841519277697 1.7298127454321286 -0.2315934601022534 8.5000000000000018 -1.4381427325822482 1.0000000180025095e-35 0.019893928952372051 -1.507797691239684 -1.0827722494596868 -1.0339726965426692 0.011960726152432974 -0.10564607444127681 -0.65227977654774494
decision_type=2 2 2 2 2 2 2 2 2 2 2 2 2 2 2 2 2 2 2 2 2 2 2 2 2 2 2 2 2 2
left_child=23 2 3 4 -2 7 -7 22 9 -9 11 12 13 21 15 -13 -16 -17 20 -20 -5 -11 -4 24 27 26 -26 28 29 -1
right_child=1 -3 5 18 -6 6 -8 8 -10 10 -12 14 -14 -15 16 17 -18 -19 19 -21 -22 -23 -24 -25 25 -27 -28 -29 -30 -31
leaf_value=0.00699129482163345 0.33723079768348674 0.29292909477566959 -0.081404645223128 0.11973210500123491 -0.00098225371359158794 0.11084748034946307 -0.092100392940943576 -0.10788260075557204 -0.10856528546141109 0.36997550399602847 0.1558012723798618 -0.11490502221858477 0.31985494522409308 0.23849597048361174 0.065256991695199745 0.19982842577229093 -0.11388604116234842 0.010847742300979353 -0.036333227250790953 0.26748454761819856 -0.10179548311503593 -0.022923665985239622 0.11335787787546542 -0.057408197746310785 0.23586371427418126 -0.0011330839551811215 0.015212392852626303 -0.0677234804104377 0.1034462415813346 -0.041296287417432118
leaf_weight=87.447540007531643 0.44247506791725788 0.47582780360244115 5.2989293205318999 0.67331604030915215 2.3671453836723257 1.4676327467896042 7.4006367578404006 1.2362695073243291 1.7673864616081107 0.2019264681730476 3.8207340398803344 1.1099007022567091 0.70028432644903649 1.1981419082731006 2.0012667144183069 2.1281990446150307 3.4443247508024779 1.5576084554195402 1.2352794785983849 0.48097976832650591 15.743281496921552 2.748408138402735 0.89013610780239094 8.308606453239916 1.4766441537067283 1489.8181518015335 293.08522570319474 19.570193814113736 5.8726844599004826 43.781266632955521
leaf_count=1099 13 13 172 41 198 39 498 57 65 6 33 39 44 18 37 24 117 31 79 10 1288 196 4 196 24 38010 3501 248 240 576
internal_value=0 -0.0198125 -0.022382 -0.06166 0.0522815 -0.00013322 -0.058514 0.0182893 0.0385338 0.0514379 0.0618533 0.0380661 0.107542 0.0717025 0.0051726 0.0656083 -0.0480506 0.119966 -0.0793148 0.0488114 -0.0927097 0.00396709 -0.0533931 0.000373074 0.000620405 0.00174779 0.0163185 -0.0122197 -0.004297 -0.00911867
internal_weight=0 58.3901 57.9143 20.9425 2.80962 36.9718 8.86827 28.1035 21.9145 20.1471 18.9108 15.0901 4.84876 4.14848 10.2413 4.79571 5.44559 3.68581 18.1329 1.71626 16.4166 2.95033 6.18907 1949.36 1941.05 1784.38 294.562 156.672 137.101 131.229
internal_count=46916 3022 3009 1629 211 1380 537 843 667 602 545 512 264 220 248 94 154 55 1418 89 1329 202 176 43894 43698 41535 3525 2163 1915 1675
is_linear=0
shrinkage=0.1


Tree=93
num_leaves=31
num_cat=0
split_feature=38 38 27 38 20 20 9 5 18 18 31 31 20 40 27 25 35 18 30 12 18 2 9 35 2 4 20 14 40 19
split_gain=2.30908 11.4618 9.41866 9.19263 8.59634 6.88629 6.08997 5.25447 4.99724 7.47592 4.14253 7.72449 5.24166 5.43568 4.76006 4.39831 4.318 9.87483 17.5713 5.80238 5.61279 4.7251 4.50742 4.47666 9.41595 7.43541 8.12284 8.17099 21.9981 17.3514
threshold=55.500000000000007 58.500000000000007 0.5562891337157585 53.500000000000007 2.5857673043362488 1.5490234906492757 1.7373990539461595 -0.90107446360630405 -1.0218648130543768 -1.0222967354581038 0.55181735844413193 0.23980422236527069 -0.15148433731136443 0.13500000000000004 -1.0000000180025095e-35 -1.563810299843351 -0.0022473295777506422 -1.0177539006218248 -0.089033796813550767 -0.97329790749776601 0.98799825814512976 -0.38786411123719072 2.6694556369198881 1.9986246719170804 -0.37906238020727229 1.8993584984592189 0.89439407654998904 0.28369823136547562 0.25500000000000006 -0.44016339388922016
decision_type=2 2 2 2 2 2 2 2 2 2 2 2 2 2 2 2 2 2 2 2 2 2 2 2 2 2 2 2 2 2
left_child=3 2 -2 7 5 6 -5 8 9 -1 11 16 15 14 -14 -12 17 18 -9 -19 -21 -20 23 -18 -25 26 27 -26 29 -29
right_child=1 -3 -4 4 -6 -7 -8 10 -10 -11 12 -13 13 -15 -16 -17 22 19 21 20 -22 -23 -24 24 25 -27 -28 28 -30 -31
leaf_value=-0.1005057006637631 0.086971430010570228 0.0017618360255896477 0.48911204925093954 -0.070197978030227801 -0.45208748385025643 0.17609128114545358 -0.33549897147309005 0.69410350824534239 -0.070558834755126684 0.62706018434957944 0.49902116154843379 -0.054052763164977216 0.067492382411756494 0.040425150474198653 0.29852367301342714 -0.029160339675852638 -0.012936516687045286 0.22608987549895965 0.25199673456875787 -0.061404933320090671 0.16564655338405165 -0.071926761127014946 0.12781180825812655 0.02006502873225521 -0.016427533939079194 0.064036558326638349 -0.064894615131440903 0.83654839635122213 0.024194506874002788 0.087912670914526092
leaf_weight=0.30986416840460151 2.0197069616988297 1334.7394295760896 0.81842173216864456 10.724353909958147 0.61590526998043138 1.0472356677055366 0.94117531180381853 0.62892061332240734 15.476829229388386 0.25950133264996189 0.16090072947554368 28.647157229366712 1.6924342135898771 7.8215245986357331 1.8851741747930626 7.8257224856643024 244.12622738664504 1.0896324720233668 0.85023284750059258 6.1166509150061747 1.3245167308486996 0.95742366672493395 2.6602067630738011 183.35349974950077 94.913995873357635 11.335535024292765 31.404395987279713 0.63501245761290193 9.7303009286988509 0.60413534892722853
leaf_count=83 57 25618 11 593 5 11 6 19 1897 4 4 2251 33 214 29 823 6391 10 19 144 23 46 30 4207 3224 205 386 36 503 34
internal_value=0 0.00218869 0.202935 -0.00501373 -0.0872274 -0.0695507 -0.0916025 -0.00333771 -0.0598551 0.231099 -0.00191572 -0.0033427 0.0436028 0.0871278 0.189231 -0.0185194 -0.000879373 0.061281 0.23883 0.0105692 -0.0209901 0.0804309 -0.00205729 -0.00265697 0.00490231 -0.0138036 -0.0202307 -0.00698365 0.0747302 0.471558
internal_weight=0 1337.58 2.83813 667.138 13.3287 12.7128 11.6655 653.81 16.0462 0.569366 637.764 618.378 19.3858 11.3991 3.57761 7.98662 589.731 10.9674 2.43658 8.5308 7.44117 1.80766 578.763 576.103 331.977 148.623 137.288 105.883 10.9694 1.23915
internal_count=46916 25686 68 21230 615 610 599 20615 1984 87 18631 17528 1103 276 62 827 15277 261 84 177 167 65 15016 14986 8595 4388 4183 3797 573 70
is_linear=0
shrinkage=0.1


Tree=94
num_leaves=31
num_cat=0
split_feature=10 10 18 2 34 25 49 38 38 38 5 13 27 28 22 22 38 49 0 40 28 10 21 38 12 27 38 25 25 2
split_gain=2.2571 3.18219 4.45407 5.26346 3.92273 4.00987 2.9422 2.88727 2.68316 3.74176 2.73298 2.36396 6.21194 9.45088 14.5594 10.3243 6.46647 6.07382 6.29423 5.59989 4.79113 6.33988 5.31483 4.71828 7.28687 5.66455 5.29707 4.74382 5.6336 4.50065
threshold=3.4000999982371676 2.6326938790625092 0.96205111183992098 1.8371636503185398 0.99791482302608348 -1.0663138931084009 3.5000000000000004 24.500000000000004 328.50000000000006 692.50000000000011 -0.35909015378417769 -0.76160074062177796 0.51107937094534395 -0.52247313404298568 -0.52403911915426471 -0.51156290668608739 400.50000000000006 4.5000000000000009 0.89292183004993497 0.14500000000000005 -0.35543330547720725 2.6316347125661097 -1.2686268563803431 183.50000000000003 -0.3461026978979494 -1.1023727383251749 11.500000000000002 -0.84997556534301622 0.44915574322993629 0.0017439000778455523
decision_type=2 2 2 2 2 2 2 2 2 2 2 2 2 2 2 2 2 2 2 2 2 2 2 2 2 2 2 2 2 2
left_child=1 11 3 4 5 -3 7 -2 10 -10 -4 12 13 14 -1 -16 29 18 -15 -18 21 -19 -22 26 -25 -26 -24 -27 -29 -14
right_child=6 2 8 -5 -6 -7 -8 -9 9 -11 -12 -13 16 17 15 -17 19 20 -20 -21 22 -23 23 24 25 27 -28 28 -30 -31
leaf_value=0.057154346843780027 -0.09343192063797516 -0.1294200700755726 -0.029969767906869168 -0.23228248877922286 -0.082940322666708644 0.11133925140584007 -0.12002745706280699 0.10434692037482461 -0.11965567950820227 0.063013041052362148 0.10910048908719316 -0.0012101726014875941 -0.18593817783186259 0.0055262590937712429 0.67885269745913801 0.18327086588075975 -0.084963963166757889 -0.08871634337988156 0.12950337827613437 0.14166258353742431 -0.091912829683380715 0.24090179908055498 0.14205127205976734 0.43508393323038713 -0.10616002899006581 -0.1023972178638988 -0.095517821529759198 0.19730540915131195 -0.027259594582791452 -0.038527861009127876
leaf_weight=19.998675703536723 1.3516112416982644 0.85640866681933348 1.6357432901859308 1.0632487731054423 2.9949942787643522 3.5985280596651159 3.5716625778004527 1.6261881180107591 1.6608077669516195 3.4524044566787779 10.381003742571918 1887.8360355533077 3.4724050825461727 11.623533111647705 0.62717051594518114 1.2748438017442811 1.8350706363562483 11.697478196467269 6.3225299862679085 2.6866216780617833 4.0670212786644724 0.61416172143071968 1.2367174846585864 0.54928973503410716 1.6603978882776562 0.98139769409317335 3.8927881094859913 4.0840425579808661 1.5377518129535017 5.1326835418585688
leaf_count=337 29 30 29 11 53 111 64 60 30 53 253 43502 84 326 18 38 24 497 113 43 179 7 42 17 90 97 532 101 42 104
internal_value=0 -2.74166e-05 0.0349728 -0.024146 0.00555913 0.0650561 -0.0588283 0.0145759 0.0643534 0.00368094 0.09017 -0.000482747 0.016004 0.0278158 0.0822992 0.346684 -0.0471346 0.00309457 0.0492043 0.0496891 -0.0241963 -0.0722735 0.00867032 0.0380106 0.0823921 0.0589483 -0.0382402 0.100465 0.135879 -0.0980122
internal_weight=0 1996.77 25.6431 8.51318 7.44993 4.45494 6.54946 2.9778 17.13 5.11321 12.0167 1971.13 83.2946 70.1678 21.9007 1.90201 13.1268 48.2671 17.9461 4.52169 30.321 12.3116 18.0094 13.9424 8.81288 8.26359 5.12951 6.60319 5.62179 8.60509
internal_count=46916 46763 570 205 194 141 153 89 365 83 282 46193 2691 2436 393 56 255 2043 439 67 1604 504 1100 921 347 330 574 240 143 188
is_linear=0
shrinkage=0.1


Tree=95
num_leaves=31
num_cat=0
split_feature=21 11 21 25 49 6 6 24 1 32 30 27 26 10 21 28 6 9 1 2 40 20 19 20 19 28 8 9 28 11
split_gain=2.1902 5.41846 4.51669 4.20068 3.50203 3.46966 3.50761 3.19871 2.85135 3.28511 2.8286 2.6115 3.55073 5.5547 4.89466 4.53096 7.40057 4.51825 5.04564 5.56999 10.1392 5.5631 7.17339 6.6544 4.92489 4.83657 6.90766 4.12647 3.86153 3.80254
threshold=-1.4850889186529146 2.7701439728245174 -1.4602451318548086 1.2349794001059247 1.5000000000000002 -0.7034783472316064 -0.31461689944590571 -0.24087587471797609 -1.4798081560031797 2.1595013266659291 -0.081027507139190866 -1.3653080125149801 1.5306442496225379 -0.36883104948600559 -1.2249709497816534 1.8633067985349518 -0.51452686692158134 1.5102158337005347 -0.021975804160307526 -0.84215779969197435 0.24500000000000002 -0.025420599696706365 -0.31359078934488177 0.20539246228617861 -0.57475209805551197 0.11759925937804022 -0.68052323741609566 -1.0482798061635212 -0.18149822297876109 1.5313604697659209
decision_type=2 2 2 2 2 2 2 2 2 2 2 2 2 2 2 2 2 2 2 2 2 2 2 2 2 2 2 2 2 2
left_child=1 3 4 -1 -2 -6 -7 -5 9 10 -4 -10 29 15 17 -14 -17 18 -15 25 -21 27 23 -23 -19 -20 -27 -22 -26 -13
right_child=2 -3 8 7 5 6 -8 -9 11 -11 -12 12 13 14 -16 16 -18 24 19 20 21 22 -24 -25 28 26 -28 -29 -30 -31
leaf_value=-0.1278042865377475 -0.04333049206786499 0.0059053419126696904 0.10045919555176033 0.0065968995056609088 -0.038957590003707736 0.26909610998232775 0.090929758524005616 -0.12691734218263462 -0.053564115911665315 0.14759698674921623 -0.10445326497725681 -0.00014038780467948446 0.054607039462072973 -0.075773395742245397 0.11819547113241045 0.099572206501512578 -0.10635342823849225 0.17543198938772214 0.017405380403593011 -0.081585087145463461 0.13281376905624168 0.25559612211571014 -0.017453273143793357 0.055165275094080472 0.050208153274983673 -0.033608654206101894 0.26476688634214257 -0.10311915857485671 -0.10650922474563403 -0.035627392704126473
leaf_weight=6.7803046219632988 2.0073873433284444 25.925284260767512 0.75662944628857065 7.4674356400500965 1.3018291825428603 1.5629268926568327 3.7713310176040977 2.3619761755689979 8.9949803474592027 0.68518965691328038 6.1426802886417127 1764.0836797606898 43.294687818852253 11.09552324330434 3.4051690516062072 2.779421339277178 4.6901183783775187 2.5457522207871071 20.37810584995896 17.622969456017017 0.88911508204182244 2.5381334954872727 6.8873005192726868 4.7685229352209717 8.071293300483374 1.2709840245079251 1.9918839668389399 4.4594297878211391 1.9526276998221863 30.720816877845209
leaf_count=277 27 538 27 115 14 18 64 37 535 5 282 41473 934 357 38 38 231 20 322 324 38 29 124 44 108 35 26 170 27 639
internal_value=0 -0.0226629 0.000273917 -0.0672538 0.0724022 0.107411 0.143132 -0.0254861 -4.57908e-05 -0.0612408 -0.081981 0.000193153 0.000443248 0.0158622 0.000648823 0.0421978 -0.0297283 -0.00408965 -0.0137595 -0.00244369 -0.0265825 0.0230176 0.0557694 0.124789 0.0512247 0.0355044 0.148541 -0.0638989 0.0196801 -0.000747802
internal_weight=0 42.535 1958.67 16.6097 8.64347 6.63609 5.33426 9.82941 1950.03 7.5845 6.89931 1942.44 1933.45 138.641 87.8768 50.7642 7.46954 84.4716 71.902 60.8064 37.1655 19.5425 14.194 7.30666 12.5697 23.641 3.26287 5.34854 10.0239 1794.8
internal_count=46916 967 45949 429 123 96 82 152 45826 314 309 45512 44977 2865 1662 1203 269 1624 1469 1112 729 405 197 73 155 383 61 208 135 42112
is_linear=0
shrinkage=0.1


Tree=96
num_leaves=31
num_cat=0
split_feature=25 14 9 46 40 35 3 13 38 19 38 29 29 32 12 38 31 6 38 9 15 24 8 35 9 15 21 22 15 38
split_gain=2.1622 2.13878 5.64357 5.45648 4.47261 4.11428 4.76189 13.1594 3.92881 3.74419 3.61726 4.30558 7.15977 3.56171 3.19115 3.16506 3.39657 3.07944 4.65883 2.68424 2.66445 2.62221 6.84781 10.1389 6.70711 5.96972 6.18043 6.68201 6.0506 5.83291
threshold=-1.4851349743931894 1.602766957404737 1.8937445984283707 10.500000000000002 0.12500000000000003 4.9944146722638818 0.26069829878451389 0.48816429652729226 661.50000000000011 -0.087432162427103041 1945.0000000000002 -0.059247111328851215 -0.39303145179655924 1.9447213668505556 2.4867496068624617 1133.5000000000002 2.1676204824366434 1.3878316539155395 594.50000000000011 1.3921722512112509 3.3277308851321581 -0.23665752191825204 -1.1817584139528055 0.0032429738039999115 0.92092502303435109 2.2397817904865036 0.74837645066445646 0.87605132361873717 2.377792501405422 191.50000000000003
decision_type=2 2 2 2 2 2 2 2 2 2 2 2 2 2 2 2 2 2 2 2 2 2 2 2 2 2 2 2 2 2
left_child=-1 17 3 4 -3 6 9 -8 20 -6 11 12 -11 15 -7 16 -10 21 -19 -9 -5 -2 23 29 -25 26 -24 -28 -27 -23
right_child=1 2 -4 8 5 14 7 19 13 10 -12 -13 -14 -15 -16 -17 -18 18 -20 -21 -22 22 25 24 -26 28 27 -29 -30 -31
leaf_value=-0.059649788672223231 0.0013708228088663143 -0.070770003061259509 -0.15199364510320623 -0.09596348762247553 -0.05438647718586629 -0.091912468650157286 0.47131570962627251 -0.10308483429548668 0.13268345802985723 -0.075236251827372286 0.17090330594177006 -0.053728056084894699 0.20804549281726598 0.25872484317568401 0.067083360471700784 -0.060180769666975525 -0.10274577884496157 0.17247277348107343 -0.089107265335420877 0.13948809166209775 0.087616184358609295 0.0025236668988784065 -0.039209721759299668 -0.059746762996194275 0.10204050747138932 0.20007327741847863 -0.0035375334734667539 0.14558294455557139 0.0026631642890412471 0.24265559265976561
leaf_weight=6.1009020819328716 1797.4688707970781 4.5379765871912268 3.0589224719442418 12.054448792245239 3.2239193402929258 3.564885919680818 1.0117254126816981 0.88654761179350294 2.2187193535501106 1.4107869272120299 2.5994038246572018 3.1582541089737752 2.4271717995870876 0.51163014769554216 1.954399383626878 5.2595691796159372 0.84664179699029762 2.3547270349226888 0.95783554390072811 0.93971926346421242 0.84609627025201994 1.4474913103040332 88.543909376428928 7.3243517299415526 3.941220338921994 2.3507756877224883 27.184329744544815 3.3783545778132966 4.5727054326562211 3.3586921449750662
leaf_count=653 39534 181 56 1661 205 128 38 73 59 42 20 133 48 3 28 289 59 41 28 10 29 44 2308 260 64 34 677 74 109 28
internal_value=0 -2.66294e-05 -0.0203417 -0.0118549 0.0193224 0.0386283 0.0647979 0.182006 -0.0487374 0.0388502 0.0701758 0.032751 0.103915 0.00263055 -0.0356115 -0.0131084 0.0676587 0.000501519 0.0968363 0.0217329 -0.0839232 0.00033699 -0.0127401 0.0487325 -0.00314606 -0.0205793 -0.0258266 0.012946 0.0696911 0.170334
internal_weight=0 1993.39 50.5108 47.4519 25.7148 21.1768 15.6575 2.83799 21.7371 12.8195 9.59562 6.99621 3.83796 8.83656 5.51929 8.32493 3.06536 1942.88 3.31256 1.82627 12.9005 1939.57 142.102 16.0718 11.2656 126.03 119.107 30.5627 6.92348 4.80618
internal_count=46916 46263 3062 3006 906 725 569 121 2100 448 243 223 90 410 156 407 118 43201 69 83 1690 43132 3598 396 324 3202 3059 751 143 72
is_linear=0
shrinkage=0.1


Tree=97
num_leaves=31
num_cat=0
split_feature=10 1 38 34 4 14 32 20 25 19 5 3 13 27 7 7 27 2 31 31 32 40 31 10 5 40 40 38 49 25
split_gain=2.04129 6.29458 5.55063 5.46565 6.01992 13.7692 5.20154 7.49052 16.8779 5.9435 5.51225 10.8364 31.7993 7.99815 6.14394 5.90124 5.81025 7.26381 4.66232 10.4904 4.54778 5.13428 4.38685 4.08055 7.57945 7.72179 13.009 6.42594 5.46553 4.04406
threshold=1.5567621339366637 1.5038974545936106 2988.5000000000005 0.99472259501583882 0.35377075652890727 0.59508164862606916 -0.27108241849348275 1.9195225028265654 1.1324953631936434 -0.44364264731175956 1.0012065272063679 -0.42068318879391203 -0.40080361270598697 1.1450824039916401 1.3856675558163849 1.5194018234581101 -0.82460375816536746 -0.26967516141270836 -0.75211527092451336 -0.80284842579570437 0.79087069712429825 0.24500000000000002 0.010673710249269225 1.4435391667224884 -0.52007523270655565 0.22500000000000003 0.24500000000000002 44.500000000000007 4.5000000000000009 -0.58559903750320152
decision_type=2 2 2 2 2 2 2 2 2 2 2 2 2 2 2 2 2 2 2 2 2 2 2 2 2 2 2 2 2 2
left_child=23 -2 3 4 5 -3 22 8 10 -9 11 14 -13 -14 18 -16 -17 20 19 -8 21 -18 -6 -1 28 -26 -27 -28 -25 -5
right_child=1 2 -4 29 6 -7 7 9 -10 -11 -12 12 13 -15 15 16 17 -19 -20 -21 -22 -23 -24 24 25 26 27 -29 -30 -31
leaf_value=-0.00049249751854792763 0.12298508383259686 -0.35312215693543902 -0.09281164969855249 -0.060097991098840536 0.072551990491137822 0.012983123532450222 0.081868291456198866 -0.092729581423221324 -0.298635540248472 0.077241444224012246 0.0760231403578744 -0.57319278154707209 0.1057587020035427 -0.1893275039350136 -0.20944219900468306 -0.21299848860533058 0.069315175688622471 0.069481677938453598 0.076086101258586336 -0.23778791385566256 -0.26334656516456911 -0.12885401490390458 -0.07448051568734447 0.16559333824507616 -0.089070034808349741 0.13972013759634072 0.012760733285633244 -0.095353693842033391 -0.023521504483662893 -0.00038080463555690002
leaf_weight=1722.0972348696087 4.7278078314848235 1.3682850562036026 5.5019039483740917 13.076958746882154 30.153687332291156 4.1222116099670529 2.6390343848615885 2.2737920600920942 1.9067920949310053 21.604904972016811 8.8629374909214658 1.3041788889095185 2.480742501094944 1.4585857093334196 1.7327246787026549 1.3489984562620527 2.4386124592274419 7.7041960135102245 14.276960358023642 1.6803664555773092 1.0671904264017937 2.8184157321229577 2.17561425641179 3.2251500980928531 20.139761631842703 4.9242174997925785 11.246378667652609 10.754814420826731 2.9044461841695011 85.38313164212741
leaf_count=42458 43 15 76 293 686 62 81 32 26 688 260 17 58 25 22 14 40 131 265 28 19 48 34 25 263 41 152 156 47 811
internal_value=0 0.00883364 0.00635096 0.00892595 0.0238906 -0.0782539 0.0290869 0.0147306 -0.00665771 0.0610564 0.00451892 -0.010957 -0.145196 -0.00350067 0.00875607 -0.034489 -0.0147753 0.00428617 0.048545 -0.0424868 -0.0751353 -0.036928 0.0626574 -0.00133511 -0.0286135 -0.0422358 -0.0072046 -0.0400887 0.0759832 -0.00831213
internal_weight=0 222.108 217.38 211.878 113.418 5.4905 107.928 75.5984 51.7197 23.8787 49.8129 40.95 5.24351 3.93933 35.7065 17.1101 15.3774 14.0284 18.5964 4.3194 6.32422 5.25703 32.3293 1775.29 53.1948 47.0652 26.9254 22.0012 6.1296 98.4601
internal_count=46916 3774 3731 3655 2551 77 2474 1754 1034 720 1008 748 100 83 648 274 252 238 374 109 107 88 720 43142 684 612 349 308 72 1104
is_linear=0
shrinkage=0.1


Tree=98
num_leaves=31
num_cat=0
split_feature=22 25 15 12 1 10 4 31 19 20 19 26 29 28 38 5 32 3 5 15 19 9 18 32 28 3 28 9 9 4
split_gain=2.12181 2.91992 3.8058 4.02208 2.45673 7.66582 4.2831 8.44419 7.94793 6.59183 4.45656 7.9085 4.48266 8.1097 14.9553 10.69 16.4598 20.2426 9.15634 8.95514 10.8671 12.3335 8.85932 8.55039 7.70928 7.69778 7.26179 8.02679 11.0897 6.93923
threshold=-0.70084960303363164 0.21094606248729308 -0.69798158233880592 -0.54268614899751066 0.65485831979133691 0.46410416001286869 -0.11365225463311047 -1.0217412365789886 -0.64717691452286064 3.0370677020790411 -0.74322749520763065 0.55804296086063843 -0.35484398224763047 -0.29048993089313357 312.50000000000006 0.041031090668656754 -0.95003764265167845 -0.66296982752873346 0.68769913213557354 -0.70635282832435453 -0.53235782842759505 0.96375017631015947 -1.0308393046807141 1.2920898426542933 -0.61304123071381222 0.7741451850115032 -0.31808333904180003 0.14410075192778152 0.90468107331754521 0.55226009915368512
decision_type=2 2 2 2 2 2 2 2 2 2 2 2 2 2 2 2 2 2 2 2 2 2 2 2 2 2 2 2 2 2
left_child=1 2 -1 -4 6 -6 7 8 -2 -9 11 -8 -12 14 19 16 17 -15 25 23 21 -21 -22 -14 -16 -17 -24 -28 -29 -26
right_child=4 -3 3 -5 5 -7 10 9 -10 -11 12 -13 13 15 24 18 -18 -19 -20 20 22 -23 26 -25 29 -27 27 28 -30 -31
leaf_value=0.067609446998675576 -0.042437283955293864 0.0046522120672346434 -0.079830547632678134 -0.33155748984824746 0.13291026504728856 0.0041435861720415931 0.18217290266729169 0.0012621598367526167 0.18017724526378825 -0.18513878519175053 -0.02358537723980314 -0.059710318060581385 -0.061057854528082767 0.12689449604684438 -0.25668231695683341 -0.095826006542871378 0.016059608716964029 1.1916881753999478 -0.020809764841888678 0.35580592853134607 0.30024494549132386 0.031340277902139058 0.020174272733617743 0.051670910613248869 -0.07504987777236026 -0.44778495054129036 -0.10451508036832587 0.3074838807066087 0.038275784373090094 0.0090840450500641167
leaf_weight=0.82470615953207049 2.3651871685869992 4.0523146642372012 1.6242983015254144 1.0418688999488936 4.6564296539872876 649.75370198360179 3.1736070048063985 851.94695252180099 4.9819665690883985 1.9014191543683399 178.77255610766588 2.3545697275549173 20.744164584437389 0.42459054663777351 1.6466541048139323 10.864387762383554 1.8841034030774597 0.30809326120652292 82.696576422895305 2.2279071789234868 1.1996556671801943 2.4706951193511486 103.40114757069387 9.9585865787230414 21.030836277408525 0.65911397151649076 1.2853923738002766 3.0041007671970874 3.1187715055420995 18.362784496042877
leaf_count=21 40 73 47 16 43 10451 38 27309 41 23 3857 46 465 34 13 371 65 13 1380 29 28 22 1677 139 316 9 47 34 34 235
internal_value=0 -0.053094 -0.120128 -0.178199 4.32649e-05 0.00505982 -0.00242362 0.00176561 0.108513 0.000847067 -0.0101064 0.0791496 -0.0111697 -0.00338948 0.00869652 -0.0269096 0.172459 0.57464 -0.0324467 0.0235607 0.0362025 0.18519 0.0299527 -0.0244937 -0.0446932 -0.115957 0.0270265 0.122666 0.170359 -0.035832
internal_weight=0 7.54319 3.49087 2.66617 1985.19 654.41 1330.78 861.196 7.34715 853.848 469.588 5.52818 464.06 285.288 188.451 96.8369 2.61679 0.732684 94.2201 147.41 116.708 4.6986 112.009 30.7028 41.0403 11.5235 110.809 7.40826 6.12287 39.3936
internal_count=46916 157 84 63 46759 10494 36265 27413 81 27332 8852 84 8768 4911 3039 1872 112 47 1760 2475 1871 51 1820 604 564 380 1792 115 68 551
is_linear=0
shrinkage=0.1


Tree=99
num_leaves=31
num_cat=0
split_feature=34 34 8 7 25 28 27 19 15 15 30 22 10 24 18 17 9 10 7 32 14 31 9 23 19 32 26 7 19 23
split_gain=2.14817 3.18228 4.41555 5.43639 4.36895 3.80814 7.30119 4.46084 3.86155 3.69159 4.44931 4.33202 3.41363 3.39482 2.98242 3.44146 5.24665 3.80946 3.36428 4.61992 3.05968 3.05297 4.1694 3.26135 2.86835 3.49283 3.39336 2.66211 2.62537 2.62049
threshold=-1.0000000180025095e-35 -0.013326466502684478 -0.41905443593994429 -1.0308525000246436 0.62823608270900222 -0.56851221360899651 0.50523721300903357 0.61102634844431447 -0.72687517292199322 -0.59729984904552003 -0.087212200927983402 -0.4298539488703717 1.9776107148873956 -0.24393096085584168 -1.042283481693272 -0.00019704216286251867 -1.0108008893571709 -1.1974701554032186 -1.1166505713669665 -0.4571293114713833 0.23787762951660835 -0.90362294679634492 1.5102158337005347 -0.24887853600657087 -0.064559306919271212 1.3419039486233644 -0.85372519618253118 -0.31614456482879033 0.075465442023610371 -0.14268644355355362
decision_type=2 2 2 2 2 2 2 2 2 2 2 2 2 2 2 2 2 2 2 2 2 2 2 2 2 2 2 2 2 2
left_child=1 2 4 -4 -1 6 -3 8 27 -5 -11 -12 14 -9 -7 17 18 -16 -17 20 -20 -19 29 -24 26 28 -18 -8 -26 -23
right_child=-2 5 3 9 -6 12 7 13 -10 10 11 -13 -14 -15 15 16 24 21 19 -21 -22 22 23 -25 25 -27 -28 -29 -30 -31
leaf_value=-0.074480718464156492 0.00064366261779485122 0.13151615698970343 0.27189719949525376 -0.061797859273596795 0.049645354127345789 0.18307273589575751 0.21770770080964208 -0.1836353398903105 -0.015967871482406731 0.19934672478648827 0.10066794212553967 -0.10851911293450454 -0.19645739885088218 -0.0095202753927606555 0.12103374547969564 0.31360489141403347 -0.0037214681384788147 0.053883003482627728 -0.09055533242880387 0.25293944454434514 0.11548738873083347 -0.084694353131370081 0.15094581085504014 -0.023447307921790398 0.082011368475008353 0.13981340827972791 -0.10686166907896805 0.037205712397895871 -0.069533895215877592 -0.016707093077693004
leaf_weight=6.5677971063414606 1875.4568667454296 4.3202107636025202 1.1750226512085635 2.4372376366518429 4.9901217184960842 0.65313905430957575 1.3287843465805056 2.3219328979030243 10.003479334991423 2.1677651188801965 2.6758411424234496 1.5712909707799565 1.2481478778645385 2.1629351084120572 2.1143646114505819 0.42834272398613382 3.8926056323107359 5.047380529344081 2.399152757134289 0.70183667354285262 1.0301826541544867 10.452278216835113 2.0456275912001729 2.2538799680769435 1.3645294690504721 1.1648917691782106 17.6697149296524 2.1217493466101613 7.0463813012465835 12.389045078074561
leaf_count=179 44570 68 22 58 71 16 11 38 135 38 34 46 29 51 40 6 81 70 106 8 33 245 15 27 32 15 362 32 179 299
internal_value=0 -0.0133937 0.021238 0.0697967 -0.0208894 -0.0213326 0.0148115 -0.0132944 0.0154968 0.0429701 0.082775 0.023276 -0.032522 -0.0996642 -0.029626 -0.0316105 -0.0533458 -0.0089913 0.0468404 0.0191808 -0.0286595 -0.0175323 -0.0308134 0.0595258 -0.068016 -0.0224721 -0.088242 0.106716 -0.0449482 -0.0478183
internal_weight=0 115.746 21.5851 10.0272 11.5579 94.1606 22.2591 17.9389 13.454 8.85213 6.4149 4.24713 71.9015 4.48487 70.6534 70.0002 35.6976 34.3026 4.55951 4.13117 3.42934 32.1882 27.1408 4.29951 31.1381 9.5758 21.5623 3.45053 8.41091 22.8413
internal_count=46916 2346 448 198 250 1898 335 267 178 176 118 80 1563 89 1534 1518 822 696 153 147 139 656 586 42 669 226 443 43 211 544
is_linear=0
shrinkage=0.1


end of trees

feature_importances:
Column_38=342
Column_14=182
Column_35=159
Column_6=154
Column_9=127
Column_34=125
Column_40=116
Column_19=99
Column_46=99
Column_10=98
Column_49=93
Column_32=88
Column_25=81
Column_27=81
Column_1=80
Column_4=78
Column_20=76
Column_29=75
Column_31=71
Column_0=70
Column_28=62
Column_2=58
Column_8=58
Column_3=51
Column_15=50
Column_7=39
Column_21=35
Column_36=35
Column_13=34
Column_22=32
Column_5=31
Column_26=28
Column_33=26
Column_11=24
Column_23=21
Column_30=21
Column_12=20
Column_24=19
Column_17=17
Column_42=16
Column_18=15
Column_16=11
Column_41=2
Column_43=1

parameters:
[boosting: gbdt]
[objective: binary]
[metric: auc]
[tree_learner: serial]
[device_type: cpu]
[data_sample_strategy: bagging]
[data: ]
[valid: ]
[num_iterations: 100]
[learning_rate: 0.1]
[num_leaves: 31]
[num_threads: 1]
[seed: 0]
[deterministic: 0]
[force_col_wise: 0]
[force_row_wise: 0]
[histogram_pool_size: -1]
[max_depth: -1]
[min_data_in_leaf: 20]
[min_sum_hessian_in_leaf: 0.001]
[bagging_fraction: 1]
[pos_bagging_fraction: 1]
[neg_bagging_fraction: 1]
[bagging_freq: 0]
[bagging_seed: 3]
[feature_fraction: 1]
[feature_fraction_bynode: 1]
[feature_fraction_seed: 2]
[extra_trees: 0]
[extra_seed: 6]
[early_stopping_round: 0]
[first_metric_only: 0]
[max_delta_step: 0]
[lambda_l1: 0]
[lambda_l2: 0]
[linear_lambda: 0]
[min_gain_to_split: 0]
[drop_rate: 0.1]
[max_drop: 50]
[skip_drop: 0.5]
[xgboost_dart_mode: 0]
[uniform_drop: 0]
[drop_seed: 4]
[top_rate: 0.2]
[other_rate: 0.1]
[min_data_per_group: 100]
[max_cat_threshold: 32]
[cat_l2: 10]
[cat_smooth: 10]
[max_cat_to_onehot: 4]
[top_k: 20]
[monotone_constraints: ]
[monotone_constraints_method: basic]
[monotone_penalty: 0]
[feature_contri: ]
[forcedsplits_filename: ]
[refit_decay_rate: 0.9]
[cegb_tradeoff: 1]
[cegb_penalty_split: 0]
[cegb_penalty_feature_lazy: ]
[cegb_penalty_feature_coupled: ]
[path_smooth: 0]
[interaction_constraints: ]
[verbosity: 1]
[saved_feature_importance_type: 0]
[use_quantized_grad: 0]
[num_grad_quant_bins: 4]
[quant_train_renew_leaf: 0]
[stochastic_rounding: 1]
[linear_tree: 0]
[max_bin: 255]
[max_bin_by_feature: ]
[min_data_in_bin: 3]
[bin_construct_sample_cnt: 200000]
[data_random_seed: 1]
[is_enable_sparse: 1]
[enable_bundle: 1]
[use_missing: 1]
[zero_as_missing: 0]
[feature_pre_filter: 1]
[pre_partition: 0]
[two_round: 0]
[header: 0]
[label_column: ]
[weight_column: ]
[group_column: ]
[ignore_column: ]
[categorical_feature: ]
[forcedbins_filename: ]
[precise_float_parser: 0]
[parser_config_file: ]
[objective_seed: 5]
[num_class: 1]
[is_unbalance: 0]
[scale_pos_weight: 1]
[sigmoid: 1]
[boost_from_average: 1]
[reg_sqrt: 0]
[alpha: 0.9]
[fair_c: 1]
[poisson_max_delta_step: 0.7]
[tweedie_variance_power: 1.5]
[lambdarank_truncation_level: 30]
[lambdarank_norm: 1]
[label_gain: ]
[lambdarank_position_bias_regularization: 0]
[eval_at: ]
[multi_error_top_k: 1]
[auc_mu_weights: ]
[num_machines: 1]
[local_listen_port: 12400]
[time_out: 120]
[machine_list_filename: ]
[machines: ]
[gpu_platform_id: -1]
[gpu_device_id: -1]
[gpu_use_dp: 0]
[num_gpu: 1]

end of parameters

pandas_categorical:null
