id,loan_status
58645,0.9475219087666216
58646,0.0255054963925903
58647,0.4718326351250866
58648,0.0188570020640177
58649,0.0308865182847258
58650,0.9269088516580644
58651,0.0159033631245504
58652,0.018252413808128
58653,0.1943190751151117
58654,0.018995377607678
58655,0.0303588281010732
58656,0.0370378746270583
58657,0.0291271939744477
58658,0.0174812689451841
58659,0.0214377385856123
58660,0.0896247925250176
58661,0.0180159549930649
58662,0.0158436716557768
58663,0.0278600473949449
58664,0.0169449990337228
58665,0.0219711414867931
58666,0.0185707867625357
58667,0.0164359224078157
58668,0.0170161712637116
58669,0.0184171846862976
58670,0.0159320717486628
58671,0.4484055426343682
58672,0.0161882115193936
58673,0.938163931933278
58674,0.0160310737172756
58675,0.0212473432478211
58676,0.3161080611499575
58677,0.0204879566441141
58678,0.0174810621253527
58679,0.149914543757487
58680,0.9355247094989428
58681,0.0284209740952759
58682,0.0164381200700103
58683,0.0165535613605226
58684,0.2428896297959241
58685,0.059663720829846
58686,0.0255675439352183
58687,0.71015644216721
58688,0.0282956398118267
58689,0.2961607842746879
58690,0.0156343737775761
58691,0.0214727207318226
58692,0.019566456900893
58693,0.0170279096625046
58694,0.0259831328715655
58695,0.9459279342256576
58696,0.018671618015619
58697,0.0238047044866119
58698,0.0204240948421061
58699,0.0179889646140682
58700,0.0164251258738599
58701,0.016666791215208
58702,0.0387200283816739
58703,0.1327050603048078
58704,0.6313769762256515
58705,0.066955310625916
58706,0.0265932753032576
58707,0.0181798743442355
58708,0.0301448776639266
58709,0.9155634066105028
58710,0.0568117916028978
58711,0.9332813046950992
58712,0.0799485760774796
58713,0.0167273271589485
58714,0.021937910953304
58715,0.0182334083794772
58716,0.1702905032567785
58717,0.0232513401327266
58718,0.0448790599425981
58719,0.0199619331734914
58720,0.0156856094323109
58721,0.0475401328530579
58722,0.1723190022008143
58723,0.0194725135757788
58724,0.0192272601819063
58725,0.0200222681400497
58726,0.0197983629905039
58727,0.0443513538893821
58728,0.0679598989657104
58729,0.0273777083267727
58730,0.0165011652223983
58731,0.0183906226821112
58732,0.2719940961186714
58733,0.0157083553595883
58734,0.0448179198184032
58735,0.0206521556663489
58736,0.0807587410268972
58737,0.0241478945141057
58738,0.9465982962911326
58739,0.0484348803606437
58740,0.9419746406874904
58741,0.030541878162517
58742,0.0170216800554218
58743,0.0189721009505863
58744,0.0175958876690297
58745,0.0188616367026484
58746,0.0306741740785408
58747,0.0169569982535675
58748,0.0350219885050529
58749,0.0211869506789015
58750,0.0186523412425859
58751,0.0307536684634962
58752,0.9074482113015424
58753,0.0163997461885251
58754,0.0323298301976744
58755,0.125342411173685
58756,0.0200565871519675
58757,0.0248267963658337
58758,0.0179136373937495
58759,0.0156028046882949
58760,0.0158049467807217
58761,0.0193241520096782
58762,0.0162558098715012
58763,0.9427395748391736
58764,0.0160547330541789
58765,0.0199126775496325
58766,0.0181869812510225
58767,0.0197351109976191
58768,0.9286710254832388
58769,0.0167403807800839
58770,0.02963895549415
58771,0.0290698536876164
58772,0.0254002801611977
58773,0.0247651992193804
58774,0.0209331162546904
58775,0.917411374819301
58776,0.9126942355012018
58777,0.016820899668779
58778,0.0354184962452681
58779,0.0327132923859304
58780,0.0202887554357052
58781,0.0233204678642114
58782,0.0784133302833434
58783,0.0528705465704306
58784,0.0177196976133082
58785,0.0164025458355663
58786,0.0591455659446229
58787,0.0284505914299939
58788,0.0854589897047786
58789,0.0221199932734257
58790,0.0278799786605131
58791,0.0669172730999239
58792,0.0156143563251777
58793,0.0337146848463882
58794,0.0180908400508284
58795,0.020693856328496
58796,0.0200910309409773
58797,0.0233732453357509
58798,0.0621907502679609
58799,0.9339108776282348
58800,0.0206105525576656
58801,0.0166813211760336
58802,0.9088971881957122
58803,0.1872012260925935
58804,0.3889293234518178
58805,0.9335436379070688
58806,0.0342057427501225
58807,0.0186198667610524
58808,0.0166029835845631
58809,0.9381434831690184
58810,0.9028966760784056
58811,0.0237211235102273
58812,0.0325452551425674
58813,0.0308730792111478
58814,0.0344437671020188
58815,0.0189232387471132
58816,0.0216070486295592
58817,0.0160287595410052
58818,0.0234911472223321
58819,0.0565423018090638
58820,0.0163340361257807
58821,0.0233165641661275
58822,0.0166721001788682
58823,0.1259034933820482
58824,0.0555173084855819
58825,0.016626565224381
58826,0.1158683146397354
58827,0.0203552638929393
58828,0.0165494202767163
58829,0.0480949698863322
58830,0.0186766855697988
58831,0.1582296641137262
58832,0.0203463801536336
58833,0.0224257007992174
58834,0.020198042228256
58835,0.9405526691335568
58836,0.0219823959694725
58837,0.065301704908188
58838,0.0179008696005454
58839,0.0159663485231145
58840,0.0177023549333205
58841,0.9351660309747608
58842,0.0159486616934494
58843,0.0170512012117389
58844,0.0368683168139641
58845,0.0447221219945513
58846,0.0155714242553043
58847,0.9265327738228047
58848,0.0428043757519766
58849,0.05247559265292
58850,0.0225939701376806
58851,0.1030291671764781
58852,0.6360370711121284
58853,0.0204543018077346
58854,0.947684365679368
58855,0.141371993758202
58856,0.0167004787785239
58857,0.0395725341410532
58858,0.1398135666437198
58859,0.0178434466261007
58860,0.01685740827304
58861,0.0281035807308454
58862,0.0861379891309599
58863,0.2180494733756785
58864,0.019432917626651
58865,0.1958329618984234
58866,0.0270159201625748
58867,0.0155589962023149
58868,0.0265413037180125
58869,0.0175439123067236
58870,0.0426794412783947
58871,0.0165701396231441
58872,0.0199457108338741
58873,0.0210106149753901
58874,0.9313483598632168
58875,0.021104794849514
58876,0.0178746909467289
58877,0.0159306931366231
58878,0.0249719047921839
58879,0.0174719612622231
58880,0.0213090887257575
58881,0.0301149911486175
58882,0.0162779762075554
58883,0.6084735785058673
58884,0.0776049577952374
58885,0.4017321518619804
58886,0.0159073576022428
58887,0.9024463692860611
58888,0.3115473563609983
58889,0.9400514300408982
58890,0.062425550199142
58891,0.8974473879400249
58892,0.0727579812364207
58893,0.0309215158976716
58894,0.0562167965134341
58895,0.0167592478160053
58896,0.0166677301959931
58897,0.0231935719368699
58898,0.1723407101175816
58899,0.9335094842216228
58900,0.021518911308702
58901,0.1442476145643381
58902,0.0857487808729239
58903,0.0162275110461498
58904,0.0260332846039487
58905,0.0167630289428255
58906,0.0459257618815643
58907,0.0781846553227048
58908,0.0422450310943291
58909,0.0273341314260508
58910,0.0174944874681128
58911,0.0269867572030238
58912,0.0168157848825819
58913,0.1579607690911609
58914,0.0220323757174705
58915,0.0209543041340572
58916,0.0196746626695907
58917,0.343210905502275
58918,0.021665487886004
58919,0.0170593324105246
58920,0.0519033103911047
58921,0.0181987603133411
58922,0.0336439970427259
58923,0.0164871484002481
58924,0.0299524129577419
58925,0.0219254127286345
58926,0.8875490157452408
58927,0.0211220244211048
58928,0.0414024626435316
58929,0.0159990220482915
58930,0.0188809346074185
58931,0.936286817835333
58932,0.9452363235095572
58933,0.5840540559516609
58934,0.022178892489692
58935,0.0198576784327517
58936,0.0433703589847343
58937,0.0185700599791992
58938,0.018657413147374
58939,0.0184665095770338
58940,0.0171311628614948
58941,0.9323927294901166
58942,0.9272806679384388
58943,0.0294897917752248
58944,0.0212083192295757
58945,0.022667167763254
58946,0.023885785510457
58947,0.0260134448547949
58948,0.0416531883762543
58949,0.0169149713088917
58950,0.620029598738135
58951,0.8607537192736366
58952,0.016907777747303
58953,0.2912833932285729
58954,0.9436559166358368
58955,0.0242300777534331
58956,0.0162098227841829
58957,0.9432867702917658
58958,0.9473726418279034
58959,0.0167887148176163
58960,0.0238282341501308
58961,0.0179296608909184
58962,0.0621468953659743
58963,0.0416477755206651
58964,0.0267347834025459
58965,0.0217467974136388
58966,0.0359579186093035
58967,0.0174803402642205
58968,0.0281986376331776
58969,0.118458423727622
58970,0.0166551321331906
58971,0.0814385037158454
58972,0.032202996852929
58973,0.946358502685434
58974,0.0289405600533217
58975,0.0257700593935374
58976,0.0211980669355103
58977,0.0333118928748979
58978,0.0279578415777651
58979,0.0208216107718826
58980,0.0366199188789844
58981,0.0160955890317703
58982,0.0163673523739982
58983,0.0166535466960287
58984,0.0210503167008315
58985,0.0225108442931451
58986,0.9414815292345986
58987,0.0166465623631057
58988,0.0591804757037588
58989,0.0281732764951892
58990,0.0159578589028856
58991,0.0232155869184236
58992,0.0170363910664942
58993,0.0158522768064693
58994,0.0192658005975267
58995,0.9481543272238516
58996,0.0246920787099139
58997,0.8901955092706547
58998,0.0168732795869915
58999,0.0189021173862617
59000,0.0571419752934024
59001,0.1806903242542135
59002,0.036282941013462
59003,0.0419356039088691
59004,0.028461873710451
59005,0.0159114871600896
59006,0.0262437499408313
59007,0.0732645799468125
59008,0.9467793146922132
59009,0.0250372064603151
59010,0.0236804348580087
59011,0.0271958295811307
59012,0.0234876436856289
59013,0.0169435188094312
59014,0.0206054690039668
59015,0.1308386761236985
59016,0.0190393588279177
59017,0.0198165564287973
59018,0.0254446734661623
59019,0.0208412097309865
59020,0.0181765873628998
59021,0.0201979646497657
59022,0.0306016200579645
59023,0.9415103334714652
59024,0.0299712416343631
59025,0.9454509553616682
59026,0.0188390857914752
59027,0.0207109950715989
59028,0.0249664645831695
59029,0.0210525536311684
59030,0.0169513706996495
59031,0.8743544934600199
59032,0.8513975672810846
59033,0.0351596098877751
59034,0.0348504065362092
59035,0.0254678161594766
59036,0.0347766600260074
59037,0.0920029749412477
59038,0.0195525678900338
59039,0.045936919939219
59040,0.0298371070315887
59041,0.0189377121989727
59042,0.0483954148300045
59043,0.9387687204776192
59044,0.017020203627814
59045,0.0374932505422212
59046,0.1209189043676555
59047,0.2652560607998405
59048,0.0213336190352699
59049,0.0306866824036386
59050,0.0163219719901506
59051,0.0289528345034407
59052,0.0163140464784015
59053,0.0303792627932358
59054,0.0505816891305872
59055,0.041554199370187
59056,0.0171267040095372
59057,0.9396558678919932
59058,0.0169306391857869
59059,0.1549193055146697
59060,0.016785833767421
59061,0.0193873337963543
59062,0.0218925986716139
59063,0.0162038487487537
59064,0.0197045506504344
59065,0.0158465551790323
59066,0.0259765968989405
59067,0.0171131990182297
59068,0.020989539327724
59069,0.0280231183872563
59070,0.0264915271311614
59071,0.0408193882301189
59072,0.0194794137830593
59073,0.9383734800227828
59074,0.0230220024490417
59075,0.0346979525816682
59076,0.0262567896753538
59077,0.9375553760212112
59078,0.0340248247473311
59079,0.0599517914740837
59080,0.0171757475103907
59081,0.0245824886355875
59082,0.0536396599017363
59083,0.0168348879856434
59084,0.0159520324330261
59085,0.0378273611182679
59086,0.2021119219541712
59087,0.1111934342258875
59088,0.0468353715077422
59089,0.0287173725131213
59090,0.0358249010104943
59091,0.0161377109770553
59092,0.0385337334691135
59093,0.0222027913266974
59094,0.0187142262381404
59095,0.0158186126225247
59096,0.9390504265826252
59097,0.052304446367957
59098,0.0239506839952916
59099,0.0208094555112418
59100,0.0169231741750082
59101,0.0173922590217056
59102,0.0234706602395884
59103,0.0312854607835223
59104,0.0158987955058889
59105,0.0472141536377433
59106,0.0158043751861531
59107,0.0304036456129329
59108,0.0365528882346491
59109,0.0305127598811265
59110,0.0283723104515922
59111,0.0173206998681192
59112,0.0226840951908757
59113,0.9304708562774168
59114,0.0306940747694526
59115,0.1339952102721534
59116,0.0165072993560808
59117,0.017443195125115
59118,0.022921572176425
59119,0.0201290165650923
59120,0.016379875048802
59121,0.017080701737027
59122,0.0262235648084066
59123,0.9451289432146156
59124,0.9323924622809828
59125,0.0266316699208586
59126,0.8932931059421297
59127,0.0191345138422908
59128,0.0198876370186744
59129,0.0173626178714087
59130,0.0235079140726967
59131,0.0273592372168565
59132,0.0647720165602651
59133,0.7595879459957999
59134,0.0266306265749122
59135,0.0155689513514342
59136,0.0176508238254038
59137,0.0206860222670065
59138,0.0212450940811723
59139,0.0170523600419426
59140,0.0336171691867748
59141,0.9325094904342331
59142,0.229419215732438
59143,0.0209351759469081
59144,0.027630851416291
59145,0.0286909120951679
59146,0.1224563211187159
59147,0.0186575531321903
59148,0.0208975808960312
59149,0.0194190307868229
59150,0.0170443050367109
59151,0.0277299349364785
59152,0.0246690931458053
59153,0.0158312554426394
59154,0.0296705257048291
59155,0.1236987866058133
59156,0.0695724613312611
59157,0.0188211275254712
59158,0.0323834708979346
59159,0.0205429015252163
59160,0.0273909678297254
59161,0.0195443214716573
59162,0.0189851039637318
59163,0.0219505142184175
59164,0.0525935772183598
59165,0.0915551096205388
59166,0.0165397013954776
59167,0.0216181413203775
59168,0.1044446992528538
59169,0.9363942915684806
59170,0.029275806793492
59171,0.0246948143696645
59172,0.2103564179841579
59173,0.0167787722419664
59174,0.0170612757077987
59175,0.0172195150061673
59176,0.0605172583137589
59177,0.0168269941569794
59178,0.0169341198111219
59179,0.0170689783484141
59180,0.1294099911217803
59181,0.0770563298880825
59182,0.9390723715028884
59183,0.0313722501636359
59184,0.0265902955479739
59185,0.1439968807827776
59186,0.0307970638177672
59187,0.0184223777558175
59188,0.0296174613335935
59189,0.022919090890183
59190,0.0189212566538829
59191,0.0207884679053553
59192,0.4945084347398024
59193,0.0190155403860848
59194,0.0509805164481471
59195,0.0359141667175938
59196,0.0289412542844284
59197,0.038304795485268
59198,0.030370797577987
59199,0.0184068562877387
59200,0.9484657358275485
59201,0.017254152351692
59202,0.017157095776319
59203,0.5481297361034693
59204,0.0336997205900116
59205,0.0177251731671674
59206,0.0185234065442992
59207,0.0531328888707015
59208,0.0197198072733098
59209,0.0176705590482994
59210,0.0209844241301753
59211,0.0852649388711641
59212,0.0236199837322597
59213,0.0347769582284508
59214,0.0374957043476864
59215,0.017227981694603
59216,0.0290828843369818
59217,0.0177734525492518
59218,0.0167993799696124
59219,0.0170783514037931
59220,0.9112316846023384
59221,0.9201497213573432
59222,0.0222182687104813
59223,0.0179193394314364
59224,0.3011722409380991
59225,0.0168732928393894
59226,0.0168429299398835
59227,0.0407787744426063
59228,0.4359242204527759
59229,0.0169091065216151
59230,0.0188360694347133
59231,0.0158615033987643
59232,0.1044997667583353
59233,0.021311067516723
59234,0.0286829317467677
59235,0.0161787650142254
59236,0.0683810621993539
59237,0.0241720316009359
59238,0.0165455959060105
59239,0.6702012824320637
59240,0.0173895804390578
59241,0.0218677818345779
59242,0.0296744291054466
59243,0.9462809271866734
59244,0.0224095346475275
59245,0.9083646682430014
59246,0.019727004229996
59247,0.022522286218148
59248,0.0173210864522796
59249,0.0644622671991676
59250,0.5892798669772692
59251,0.02714985155511
59252,0.0352372545556296
59253,0.0421254714172844
59254,0.0193683358253528
59255,0.0166354553850208
59256,0.0160752796017562
59257,0.9464878027671664
59258,0.0261708054296019
59259,0.9465373325120244
59260,0.0176001606356976
59261,0.0383018252411299
59262,0.0566079395692675
59263,0.0156241544350938
59264,0.1136602640449488
59265,0.8612133869083288
59266,0.0404029962787945
59267,0.1180746532041459
59268,0.0290443182862883
59269,0.0216806586682936
59270,0.9454333999499364
59271,0.017621418024088
59272,0.9418076072198348
59273,0.0199062600387063
59274,0.0467392393207219
59275,0.0207944994124357
59276,0.029529051927055
59277,0.018068237640767
59278,0.0725105212850828
59279,0.019359834545625
59280,0.01724767693718
59281,0.0279104237120886
59282,0.0186990304594871
59283,0.0179217422347291
59284,0.0163221445285504
59285,0.0255867009284296
59286,0.0813768260240231
59287,0.0386497493913109
59288,0.9463090309518388
59289,0.0218751921549247
59290,0.0292884731917967
59291,0.0267597040378943
59292,0.0157143470274037
59293,0.0241797059385408
59294,0.9358555580126572
59295,0.0810245985983061
59296,0.0164383355818589
59297,0.0191831599895273
59298,0.0331942800891384
59299,0.0216779244754289
59300,0.0287574382002171
59301,0.0213019723551171
59302,0.0239837861788452
59303,0.0193752010289993
59304,0.1981363792247151
59305,0.0557419906779461
59306,0.0263170435046656
59307,0.0186600812164703
59308,0.0207281727517543
59309,0.0184010522750315
59310,0.0366572183787911
59311,0.0783383522671925
59312,0.0786761219266412
59313,0.9241681269012773
59314,0.3643892579283692
59315,0.0181341890619062
59316,0.1923293139558097
59317,0.0257222590242357
59318,0.0217327456513911
59319,0.1339104899126877
59320,0.0306562937828508
59321,0.053531933305364
59322,0.0379281175132726
59323,0.0546520293223005
59324,0.8819535958396929
59325,0.0281034205722157
59326,0.0207584482006012
59327,0.0292893796085449
59328,0.1470593990379164
59329,0.02147218458442
59330,0.0499923053131979
59331,0.0331634118541996
59332,0.0250279899375099
59333,0.0164235278547198
59334,0.040962759551625
59335,0.0187654173727994
59336,0.0576068996055023
59337,0.0179115548246187
59338,0.0357757531166158
59339,0.5179222470111275
59340,0.5438897597507731
59341,0.0404726967393843
59342,0.1139142966818063
59343,0.0184231293019518
59344,0.0715878969948671
59345,0.0186924624134089
59346,0.0169133892823352
59347,0.0986598396592016
59348,0.0194100888579809
59349,0.0278360162469761
59350,0.0175886552783429
59351,0.0285667619307942
59352,0.0438915854307163
59353,0.946347062293088
59354,0.8997068869123706
59355,0.0162352609674895
59356,0.0164872441758293
59357,0.0176074919219341
59358,0.0230188185554832
59359,0.0231652021980431
59360,0.9461041528254194
59361,0.0415990526121406
59362,0.2330992065864092
59363,0.0164460619201803
59364,0.0170346548189957
59365,0.016369772563377
59366,0.0168075545425431
59367,0.0319676285798503
59368,0.9369530825702584
59369,0.0221471955119867
59370,0.0178725486482291
59371,0.1379552683041917
59372,0.6680385978029661
59373,0.0251914449620742
59374,0.0167797522584255
59375,0.9457989807357764
59376,0.9252667855848198
59377,0.063406966488389
59378,0.0600239629241669
59379,0.0236325464644699
59380,0.0368715843299522
59381,0.0224246391529791
59382,0.0532916743334806
59383,0.9372116171721708
59384,0.0194413971685977
59385,0.0182713724106093
59386,0.1004326543414265
59387,0.9405638913889812
59388,0.1472089122332118
59389,0.0802868730595027
59390,0.8504872928117393
59391,0.1411797744291191
59392,0.2209583094468036
59393,0.9278447885179344
59394,0.9285340269649094
59395,0.0869064996348264
59396,0.0200605550353775
59397,0.0200424841438905
59398,0.018598969943432
59399,0.0218258821480288
59400,0.0231262593309496
59401,0.0212364968135549
59402,0.0498162187696315
59403,0.0202878686528187
59404,0.031010867393981
59405,0.0158034387650714
59406,0.0257867101995262
59407,0.0391742296463393
59408,0.0246019417244387
59409,0.0246742623588975
59410,0.0164274773590277
59411,0.0178950561560206
59412,0.0178479007815132
59413,0.0158803730346793
59414,0.0443353130038675
59415,0.0212952104066579
59416,0.0167217666267895
59417,0.0173207680680113
59418,0.0172137468158801
59419,0.0160920960503848
59420,0.0999744581874049
59421,0.1033605567567496
59422,0.037015317045094
59423,0.0335421584959836
59424,0.9274587245623463
59425,0.0342769216068778
59426,0.017262680553849
59427,0.0176778250596561
59428,0.0752041711969391
59429,0.0170365341999062
59430,0.0167142137346909
59431,0.0461850713814219
59432,0.0172896605289587
59433,0.0262166323418902
59434,0.0162957526481834
59435,0.0159040138106732
59436,0.0166585193767603
59437,0.0194436617848527
59438,0.6983927783423859
59439,0.0231977277233792
59440,0.0166001428082857
59441,0.0213220031797276
59442,0.0162553686573916
59443,0.0158842328896708
59444,0.0362054585587295
59445,0.0629155144369741
59446,0.0274496892064575
59447,0.0205937233734768
59448,0.0170451409722428
59449,0.018445932186164
59450,0.0500685816550137
59451,0.9439111688430788
59452,0.039985314490528
59453,0.0304666296234546
59454,0.0395352886165935
59455,0.0543017957725419
59456,0.020013520092597
59457,0.9385720117551484
59458,0.0506361172284431
59459,0.0728791210609898
59460,0.0746691803256085
59461,0.0166004343524032
59462,0.8974669882165971
59463,0.0167205189064029
59464,0.1899609608130807
59465,0.0326433619314991
59466,0.0299375488710766
59467,0.0248349704032623
59468,0.0160135831260192
59469,0.2155821547056984
59470,0.0160607308574358
59471,0.0176750927020576
59472,0.0445444386863422
59473,0.0386836982068453
59474,0.0188188970534836
59475,0.0316760693761275
59476,0.017481133377679
59477,0.0227164233317696
59478,0.0198145440049848
59479,0.0219964345883409
59480,0.018734428526878
59481,0.2321076775190942
59482,0.9449244068286746
59483,0.0178894246672921
59484,0.0162343398356563
59485,0.0311478180095402
59486,0.0761836886379936
59487,0.0228974169457752
59488,0.023739766443743
59489,0.0376633428279629
59490,0.0180241857283045
59491,0.9428265320264756
59492,0.019921215286121
59493,0.0198664657515225
59494,0.0165754122370769
59495,0.9212190701682206
59496,0.0169395702641748
59497,0.9464890883230832
59498,0.0368295745906549
59499,0.0349965077401035
59500,0.9348816010492536
59501,0.0192547992446197
59502,0.8970921087948294
59503,0.0724167725125798
59504,0.0167942357454579
59505,0.0675500253116246
59506,0.015713867397819
59507,0.0167759929796782
59508,0.0314218773841756
59509,0.0238700537204553
59510,0.0292468440409124
59511,0.0166330447058229
59512,0.0169995966717363
59513,0.0950713652149919
59514,0.0207501231408826
59515,0.0240189926716653
59516,0.0220107508500752
59517,0.4343276012562883
59518,0.017288625688521
59519,0.0169827310357497
59520,0.0203725440022995
59521,0.0231163546380094
59522,0.044200603440269
59523,0.0202803498775697
59524,0.0165617553628228
59525,0.8937688297967545
59526,0.1400812000011047
59527,0.0240450212266109
59528,0.0783818207055218
59529,0.0210265127085029
59530,0.9197608012888374
59531,0.0177661569832425
59532,0.0155397387832422
59533,0.0350078978875945
59534,0.1051588556291967
59535,0.0185336847256035
59536,0.0319102661890492
59537,0.0239194698361671
59538,0.0662897298978209
59539,0.0321801582388864
59540,0.7998359629111926
59541,0.0207861907671489
59542,0.0518109903222804
59543,0.0368064696426383
59544,0.022535098899318
59545,0.0215896322233092
59546,0.0240982574455888
59547,0.0180725677772447
59548,0.0169989138790153
59549,0.0231726242265328
59550,0.0166140655274259
59551,0.0198048961913237
59552,0.01661776043766
59553,0.020972694313009
59554,0.9301436232256468
59555,0.0186794187135387
59556,0.01694073227566
59557,0.0157672507675308
59558,0.040039966026165
59559,0.0196469281888669
59560,0.0163141202989697
59561,0.017169327657235
59562,0.0719134720104109
59563,0.0265795435906931
59564,0.1899467721859258
59565,0.0190044579018458
59566,0.0327605175091093
59567,0.0195857146765704
59568,0.0167204247300536
59569,0.0167889139498428
59570,0.0324882824305683
59571,0.0291278479962487
59572,0.0189379144982047
59573,0.0199546808943772
59574,0.9351928729150484
59575,0.0450984948020662
59576,0.0197176069763468
59577,0.0459717605496991
59578,0.90941179818847
59579,0.0169207589901375
59580,0.020450136169325
59581,0.081830349700954
59582,0.0195383918646272
59583,0.022972939684217
59584,0.0167755275293719
59585,0.0241391599044937
59586,0.0183061340222344
59587,0.0177924883095186
59588,0.0398062543205188
59589,0.1368684915926357
59590,0.0167646580848874
59591,0.3503593561141797
59592,0.0221818444489484
59593,0.0179749897238594
59594,0.276620092369397
59595,0.0204717400337104
59596,0.0342509541795757
59597,0.9255621381091744
59598,0.0248298433139097
59599,0.0900211939978223
59600,0.9212877989571294
59601,0.0161146543679924
59602,0.0902354188084681
59603,0.0419882670054358
59604,0.0210890949533016
59605,0.0164680351877703
59606,0.039310811083438
59607,0.0493864475275305
59608,0.0216456130964249
59609,0.0165684774909048
59610,0.934875055484634
59611,0.0179568123919235
59612,0.9363526625400468
59613,0.0840902070956478
59614,0.3047190061936453
59615,0.0191009776745827
59616,0.0361691942614693
59617,0.0320277578120009
59618,0.1690331410880358
59619,0.0208037383778439
59620,0.0180144935115714
59621,0.0332547461719049
59622,0.0218586088639157
59623,0.0277665775635935
59624,0.0585797330329803
59625,0.019124513928349
59626,0.0220581853481892
59627,0.0340187920166712
59628,0.0172746745790057
59629,0.0161926177811524
59630,0.0290521612956192
59631,0.0161697745405608
59632,0.0178098820112185
59633,0.0221300806093186
59634,0.0174882782710796
59635,0.0191642145396782
59636,0.0277286388812583
59637,0.0338624095814864
59638,0.9455822870729432
59639,0.0198259636960242
59640,0.0185785325417675
59641,0.0244436854145901
59642,0.0198864413350578
59643,0.0722425492956777
59644,0.0272385433133494
59645,0.0532286179523271
59646,0.0229399656797689
59647,0.9448587289065636
59648,0.0173361987853619
59649,0.0196567752343206
59650,0.0164794823642664
59651,0.0162033669560256
59652,0.019274065894754
59653,0.0175059652308979
59654,0.0432512494753771
59655,0.0315869672694733
59656,0.0921752618384093
59657,0.9232785767502614
59658,0.0163628168186922
59659,0.0327611217876298
59660,0.0953460192219367
59661,0.0220727155976248
59662,0.9326817146153812
59663,0.0348702652612267
59664,0.0467899084091117
59665,0.0237256246203941
59666,0.0271141993131132
59667,0.0202738742617651
59668,0.0197660376703786
59669,0.0178872506708383
59670,0.0636284087289983
59671,0.0172890654554967
59672,0.0176313780651794
59673,0.0183879245869989
59674,0.5903905271052978
59675,0.0158647976840766
59676,0.0760844660635215
59677,0.9096820047476384
59678,0.0204642115904543
59679,0.0209756051267356
59680,0.0167935452245765
59681,0.0287153943011875
59682,0.0379784722300203
59683,0.0167923501047336
59684,0.0216938845719596
59685,0.02083758239862
59686,0.1347757432194071
59687,0.0262126465372495
59688,0.0208970551558677
59689,0.1077853391679394
59690,0.0157604410715628
59691,0.0166012251609331
59692,0.0331804290629858
59693,0.0183947848039502
59694,0.0404197873540284
59695,0.019101777044297
59696,0.9397261345951564
59697,0.0185397584191949
59698,0.0190863383526563
59699,0.0202859655024987
59700,0.0302484636173643
59701,0.0164591604332975
59702,0.0184492633642119
59703,0.0281227019398201
59704,0.0179020423262699
59705,0.0694914074055981
59706,0.0180763105796568
59707,0.0321871428603468
59708,0.0573492859014072
59709,0.0330690705067527
59710,0.021970704058043
59711,0.034320562573157
59712,0.0179593832784216
59713,0.0593445399764511
59714,0.9195069187188014
59715,0.8978584400783568
59716,0.023091003425091
59717,0.0163416370865275
59718,0.029701864387135
59719,0.9325150202065584
59720,0.0190297549563579
59721,0.9385739459903512
59722,0.0185142396379898
59723,0.0221971136869334
59724,0.1983406778035059
59725,0.0204395389776018
59726,0.0261513421390043
59727,0.0692764760090228
59728,0.0168557267991395
59729,0.0164113877139406
59730,0.0736017958625629
59731,0.0329661567522805
59732,0.0245252817194521
59733,0.0246793671759531
59734,0.0465895989897577
59735,0.0190115240524749
59736,0.0575516690261147
59737,0.0165755376312373
59738,0.2361341155471478
59739,0.0237755402733907
59740,0.0196384954529437
59741,0.0174189952386033
59742,0.1108292801914165
59743,0.0205322819746539
59744,0.0313776534908126
59745,0.0183403920902939
59746,0.0200989565313227
59747,0.9480938798319414
59748,0.0204806421644885
59749,0.0211728470098612
59750,0.2549207507145057
59751,0.0226618591230876
59752,0.0434220090260257
59753,0.0165869945670803
59754,0.0166160368264976
59755,0.0262005072560153
59756,0.0188529320297052
59757,0.0253143713023953
59758,0.0449185928011633
59759,0.017423892495884
59760,0.0341579776353209
59761,0.0197265264772403
59762,0.0638789734963371
59763,0.0159584795152852
59764,0.0466294986223042
59765,0.0168756427123709
59766,0.1342187396070249
59767,0.0348217842676512
59768,0.0159558812235206
59769,0.0197667464068079
59770,0.0322842007340727
59771,0.0214509776791374
59772,0.0202442704954804
59773,0.0203464153500052
59774,0.0465124169487582
59775,0.1036493516575872
59776,0.0860205245443496
59777,0.0522239113632658
59778,0.0171231616444139
59779,0.0300980113913294
59780,0.0160818218483915
59781,0.0189627983867682
59782,0.0376860065031056
59783,0.0209563134620868
59784,0.0241128189830531
59785,0.017488069235347
59786,0.1500896456182849
59787,0.4298754648570633
59788,0.0595872017513162
59789,0.0279577214529042
59790,0.0322732434240113
59791,0.0162418234955186
59792,0.0247400934439736
59793,0.0241040757438094
59794,0.937257415426563
59795,0.9422512609323558
59796,0.016863496308519
59797,0.0476484343881934
59798,0.0166513629503349
59799,0.0169898629307448
59800,0.2626906742594063
59801,0.0188851646816655
59802,0.1024311141895054
59803,0.080258234804786
59804,0.0539930964298397
59805,0.0160159538467857
59806,0.018141220595682
59807,0.0202151317007593
59808,0.0167173379464858
59809,0.0217406148683022
59810,0.0195597905120422
59811,0.0260265573006329
59812,0.0208087140248113
59813,0.01664705099214
59814,0.0167876038122739
59815,0.0516204765461212
59816,0.0573076092127554
59817,0.0165574136029735
59818,0.6421425497071311
59819,0.2214992493337687
59820,0.0219109645376577
59821,0.052620879283103
59822,0.0206399172765895
59823,0.0238217069390121
59824,0.0186695750157239
59825,0.0169216130133148
59826,0.0280900462702247
59827,0.0688763165558992
59828,0.0440584279019806
59829,0.0502473777212197
59830,0.020331358491747
59831,0.0181658158130569
59832,0.1114774670260975
59833,0.0735671138908296
59834,0.0175391051457944
59835,0.0186840933421947
59836,0.0298960592056457
59837,0.0516988343201942
59838,0.0825652280616034
59839,0.0605827282598201
59840,0.0409241784986481
59841,0.9454942415177008
59842,0.0173418642731451
59843,0.0262399441222689
59844,0.2635709263412604
59845,0.0234690052215688
59846,0.0191295968218489
59847,0.0363350324552283
59848,0.0173090764637584
59849,0.0159583289168053
59850,0.942140166389094
59851,0.0158527685234785
59852,0.0181689762536441
59853,0.0204933875362658
59854,0.0161445262907066
59855,0.0246389681803793
59856,0.0177264707925793
59857,0.0875634249828348
59858,0.9353600339074388
59859,0.023084962675495
59860,0.92627184474391
59861,0.017100196291014
59862,0.0222063736809003
59863,0.0168002559730413
59864,0.0416930556065608
59865,0.0182069924093472
59866,0.0280000180262295
59867,0.0493790207738007
59868,0.0170380406471395
59869,0.0200952100870356
59870,0.0160938771767036
59871,0.0236731542545239
59872,0.0188561339478922
59873,0.0166625362544376
59874,0.3639213137140516
59875,0.0378343645754381
59876,0.016885836427757
59877,0.0262064105780962
59878,0.9446616029363932
59879,0.0201708237201386
59880,0.928604309426352
59881,0.0163609666024518
59882,0.0271225088793793
59883,0.0406688788406543
59884,0.0294593329909237
59885,0.1122122466800137
59886,0.0258958616870851
59887,0.9128574324706188
59888,0.0181591611493807
59889,0.0177621047920056
59890,0.0180857700507655
59891,0.3845144004217309
59892,0.0178141329951199
59893,0.0226964613816996
59894,0.0346918666656038
59895,0.0401556915116082
59896,0.0173216421062788
59897,0.0210939718884822
59898,0.0210293649925016
59899,0.0188618900387927
59900,0.0207654388892562
59901,0.9463516864197532
59902,0.0207255297690182
59903,0.0188303848149336
59904,0.0472014772293074
59905,0.0489394675748995
59906,0.2988945376898769
59907,0.0182750826506907
59908,0.0187170002098286
59909,0.0500128796550577
59910,0.0642835660897482
59911,0.02673738205269
59912,0.034425878953763
59913,0.016954478684155
59914,0.0562236861093365
59915,0.0207865168557856
59916,0.0169675596023671
59917,0.1714357408600363
59918,0.0170038244819745
59919,0.0218781555658376
59920,0.0362342289053246
59921,0.0295213722967852
59922,0.1013668818266853
59923,0.0287101607240534
59924,0.016657990398393
59925,0.9329171759662108
59926,0.0171333417762422
59927,0.0281059285860297
59928,0.0165372368894607
59929,0.0173423759175186
59930,0.0181195095181054
59931,0.018494100922169
59932,0.0354116015703284
59933,0.0235849918510724
59934,0.017043812499809
59935,0.0169636632786642
59936,0.0227870767245806
59937,0.1908133604465777
59938,0.0449062525091474
59939,0.0607472404667607
59940,0.858902850924584
59941,0.020365117427466
59942,0.0171559504123693
59943,0.0212440050923187
59944,0.0229840455628215
59945,0.0204837418647282
59946,0.0246456847526769
59947,0.0171374624493754
59948,0.0549101324950939
59949,0.933647865353402
59950,0.0206804506963347
59951,0.0370931150989635
59952,0.0175997267335462
59953,0.0293208912448283
59954,0.0305565442319978
59955,0.0159256179038106
59956,0.0252307516551243
59957,0.0860968638456607
59958,0.0414874272391055
59959,0.020055340255646
59960,0.0159375067086584
59961,0.061060475813274
59962,0.0896465792946875
59963,0.0170256701129978
59964,0.0160452148560541
59965,0.0170017697240957
59966,0.9000061333149616
59967,0.0222968083103764
59968,0.0163332229593282
59969,0.0162167918174388
59970,0.074121228398447
59971,0.9430734240789768
59972,0.941941989656317
59973,0.0321771432677674
59974,0.0174023922751205
59975,0.0213033498129103
59976,0.0173791196874452
59977,0.0315481805549786
59978,0.0829472151501623
59979,0.0178478897525648
59980,0.9401339090316287
59981,0.0198842230359665
59982,0.9470251411022212
59983,0.066210299378224
59984,0.0182006833242133
59985,0.0490779551810422
59986,0.0286033875628472
59987,0.0173875526415906
59988,0.0388535461412368
59989,0.0174899550023468
59990,0.0746367975405064
59991,0.0667076405801466
59992,0.0177818584187413
59993,0.0169770650408374
59994,0.0844013305581846
59995,0.9403553896459718
59996,0.0198366929539983
59997,0.0428229676608352
59998,0.0637428702132283
59999,0.0179604792575568
60000,0.0163094701125819
60001,0.0182323369181571
60002,0.1661825720383314
60003,0.0204781535208883
60004,0.0179335323480868
60005,0.0262035386602758
60006,0.0259161560071642
60007,0.0196817115907349
60008,0.0263955855044758
60009,0.0186834443851982
60010,0.0290733605057198
60011,0.0434405588695459
60012,0.029250192362482
60013,0.0174467774584954
60014,0.204579830268669
60015,0.022881642410272
60016,0.2111416647817825
60017,0.0399497526220144
60018,0.0197661061480092
60019,0.9299980378681436
60020,0.0311911036136422
60021,0.0178788571407611
60022,0.3489459014166795
60023,0.0222155126202791
60024,0.9418818475725456
60025,0.0233902023450675
60026,0.055257972392533
60027,0.4362721797740552
60028,0.0179559264626972
60029,0.945221445835678
60030,0.8943544255556823
60031,0.1787425815462553
60032,0.0610708369531999
60033,0.016171790321854
60034,0.0162425743385063
60035,0.0445755911466332
60036,0.0213264849688088
60037,0.0167204630080709
60038,0.0197653351575146
60039,0.0312869833323749
60040,0.0360640099348267
60041,0.037906602928794
60042,0.0216445885057557
60043,0.0855611088283709
60044,0.0292865036037347
60045,0.0178569298950346
60046,0.0397369010019952
60047,0.0519095628555048
60048,0.0159188662381608
60049,0.0239944191223816
60050,0.0554977759041062
60051,0.938942255963396
60052,0.0186388560169892
60053,0.0223642469896047
60054,0.0164890405136009
60055,0.0248223859417723
60056,0.042585981756996
60057,0.2350712963218728
60058,0.0385163027014206
60059,0.0181035565091652
60060,0.0318855697498779
60061,0.0192106603677184
60062,0.2006743882139198
60063,0.0198020286701945
60064,0.0175874285824326
60065,0.0210331525053529
60066,0.0770523673436763
60067,0.0688650551765011
60068,0.0178919223338512
60069,0.0185988574210797
60070,0.0207021554643772
60071,0.0161971332342155
60072,0.0690248480660361
60073,0.0327247977214932
60074,0.0338515714079176
60075,0.0488576335494468
60076,0.0583326753811693
60077,0.0311777949402811
60078,0.0279159163033361
60079,0.0181178277953885
60080,0.0197905800879146
60081,0.6174800507980985
60082,0.0329927147873011
60083,0.0224736681739628
60084,0.1044487502907206
60085,0.0216041582477808
60086,0.3213172219849129
60087,0.0166808412326802
60088,0.028665575407258
60089,0.0355654037453413
60090,0.0233968383216295
60091,0.9363619242762146
60092,0.0178252477161134
60093,0.0253407657807283
60094,0.016390034441566
60095,0.1426949643096762
60096,0.0180586021985286
60097,0.015593710195457
60098,0.0708394252618647
60099,0.018059879509172
60100,0.0202852133994434
60101,0.0359067093910777
60102,0.0173898086980024
60103,0.0170605816127757
60104,0.1012332446665147
60105,0.0244974046091718
60106,0.0158508933353335
60107,0.0167097178156386
60108,0.0187323083682292
60109,0.0229176378658099
60110,0.0337197792030223
60111,0.0161644126848838
60112,0.0259324341477704
60113,0.0223144332224777
60114,0.0603961445858944
60115,0.015874320319777
60116,0.9425296453402378
60117,0.0900739022446509
60118,0.0237364981220117
60119,0.01743779865654
60120,0.0518887159752407
60121,0.0232151994391904
60122,0.0215522230829081
60123,0.0188225366378093
60124,0.02336394503734
60125,0.3069191933026615
60126,0.0184753704793377
60127,0.0289272083999344
60128,0.018765791418044
60129,0.0162018886379573
60130,0.0191198093212064
60131,0.8841183175648268
60132,0.945490079036948
60133,0.0782906289095195
60134,0.0187880996915077
60135,0.024506948361088
60136,0.0167550799724274
60137,0.0632754450033838
60138,0.1909321126989894
60139,0.046916197253225
60140,0.0495229917446518
60141,0.0164717137964047
60142,0.0161217484412445
60143,0.945316170287166
60144,0.0561575409678596
60145,0.0175107055132318
60146,0.039053872157964
60147,0.0273232456114178
60148,0.0161079074992639
60149,0.0167864086725491
60150,0.0185933967960022
60151,0.9254853737903088
60152,0.0208929432447961
60153,0.0186211739812379
60154,0.0606085680419031
60155,0.0169921619542958
60156,0.0190844848647603
60157,0.0764157077755715
60158,0.0185651245653685
60159,0.0273847827908953
60160,0.0175675224756315
60161,0.0190260803488178
60162,0.4626655023774574
60163,0.0205194934675339
60164,0.0181019874983773
60165,0.0726833529773655
60166,0.0312729288204918
60167,0.0256684078754933
60168,0.2550463049446974
60169,0.0157571822761576
60170,0.0174304753098206
60171,0.0198375490307724
60172,0.0158966975170771
60173,0.0822957614021001
60174,0.0169512681170639
60175,0.0311588800224845
60176,0.0406386375956975
60177,0.0212183868125103
60178,0.0264355933378859
60179,0.0390685781286429
60180,0.0162626137552332
60181,0.0175095811703373
60182,0.0266609606677142
60183,0.1140982161485654
60184,0.0157671261456135
60185,0.0246495207236627
60186,0.9428887132403372
60187,0.0400688034550379
60188,0.0412727492599611
60189,0.0236092560056101
60190,0.806565023002995
60191,0.0266912581150066
60192,0.0167439971957706
60193,0.0183785977132558
60194,0.0819478704395753
60195,0.0634499509311308
60196,0.9246677173396408
60197,0.0160157225356476
60198,0.0287406930441565
60199,0.0235447029660146
60200,0.0194373529102132
60201,0.0618615209489771
60202,0.0205235305135477
60203,0.0288365927406908
60204,0.927413215663466
60205,0.0185375068167545
60206,0.0343001058397275
60207,0.9300909303473944
60208,0.0186703356683555
60209,0.1398669824564573
60210,0.0494178963737293
60211,0.9476224056307084
60212,0.0187396772887963
60213,0.0175031328133292
60214,0.0213636596368361
60215,0.0263651088554589
60216,0.0667809690331076
60217,0.0171761423425546
60218,0.0220712237988485
60219,0.0335254508157744
60220,0.84338990009282
60221,0.0180440931015149
60222,0.0176479559821835
60223,0.0200147884915367
60224,0.0197153411880078
60225,0.9333395578809528
60226,0.0312700889592614
60227,0.0169234319896832
60228,0.9314481325979416
60229,0.0489184959445088
60230,0.1457738497370633
60231,0.9103299815501368
60232,0.0256489492485723
60233,0.9300497500765004
60234,0.0444851130470157
60235,0.0231487322739182
60236,0.0213384302487415
60237,0.0627214690580743
60238,0.0662621493067264
60239,0.9387610741631616
60240,0.9204523398009046
60241,0.0176959661462016
60242,0.0281205650012023
60243,0.020098482160758
60244,0.3110816516093609
60245,0.0352339015892129
60246,0.0187169960498739
60247,0.01734021171191
60248,0.0202281375957513
60249,0.0219973621803828
60250,0.0244455243778425
60251,0.0234706248810349
60252,0.1189977629743155
60253,0.9397382564859504
60254,0.025185338553666
60255,0.0331740700871908
60256,0.0205764763569019
60257,0.0447801302966443
60258,0.0183935784114565
60259,0.0231587205000608
60260,0.0198910814758713
60261,0.0177076063721861
60262,0.025237131502706
60263,0.0160078400501724
60264,0.0294700161599638
60265,0.0276171529187114
60266,0.0168287331578548
60267,0.0157444590306933
60268,0.0355083973414508
60269,0.0421479317573314
60270,0.9332869127848336
60271,0.0192205104909837
60272,0.1266064887587485
60273,0.0178438278516922
60274,0.9354156725224476
60275,0.0244083734934528
60276,0.019807083613202
60277,0.0491193365024977
60278,0.0193352135977511
60279,0.0309326988578394
60280,0.0202275019073238
60281,0.0245520986772421
60282,0.4177262213274317
60283,0.0585447762885676
60284,0.0161440481785909
60285,0.556850399466733
60286,0.0298201223349799
60287,0.0201348191084678
60288,0.1102319179454744
60289,0.0164427469629535
60290,0.9325462772233696
60291,0.1971346085493402
60292,0.020373026325306
60293,0.0286274529139316
60294,0.0176685113074224
60295,0.0171357005794923
60296,0.0210743246862294
60297,0.0227313417618909
60298,0.0167047632893485
60299,0.9418043630811372
60300,0.0305669551810826
60301,0.3201984986343733
60302,0.0158092967249809
60303,0.1114503895673458
60304,0.015801024273275
60305,0.9331843140878626
60306,0.0179033060290033
60307,0.1255518241861811
60308,0.0212308347160442
60309,0.0240993372220889
60310,0.0287926475147083
60311,0.9423013386349712
60312,0.3072923254838839
60313,0.8902652892312951
60314,0.0159510263100003
60315,0.6789755699557243
60316,0.1724060035000379
60317,0.0329633951156089
60318,0.015862940803322
60319,0.0168998854144601
60320,0.020481712197763
60321,0.0178884386000449
60322,0.5018726028346333
60323,0.0208182172522553
60324,0.1447962917080406
60325,0.3394568610165416
60326,0.0203643838105357
60327,0.9393572292208444
60328,0.0359404573485393
60329,0.0482010720719878
60330,0.9387596353545008
60331,0.102698512505923
60332,0.0226846606138395
60333,0.0167141858319067
60334,0.0254247162931358
60335,0.0825166172268022
60336,0.0166888245874969
60337,0.0169109233999873
60338,0.0163769349857584
60339,0.0155967760970693
60340,0.0187119051234175
60341,0.0203264532633781
60342,0.0181779618659081
60343,0.0171394010772122
60344,0.0184536139636625
60345,0.0181855465451416
60346,0.0524943347652514
60347,0.8278757239097855
60348,0.0510409843855025
60349,0.0188109191339015
60350,0.2756360498655104
60351,0.0230853089546052
60352,0.0158292438794522
60353,0.0252165450505386
60354,0.019177571955438
60355,0.136515496433969
60356,0.0159992207459354
60357,0.0199713709139729
60358,0.01661008863451
60359,0.0401942821493642
60360,0.0174193291630673
60361,0.0352907553604868
60362,0.0177686621358252
60363,0.0236305615916901
60364,0.0316738915882105
60365,0.019603824153387
60366,0.0229260488950829
60367,0.0219842507072852
60368,0.0354586971798649
60369,0.0272834252121691
60370,0.0165612729907029
60371,0.0221609631915514
60372,0.0395379539748734
60373,0.1136522611359933
60374,0.0172204820925654
60375,0.0181853292196501
60376,0.0337709535184409
60377,0.020238723491669
60378,0.0372841437449076
60379,0.9452511574138004
60380,0.1113523543454196
60381,0.0175253745896742
60382,0.0164389027213167
60383,0.0207880338805732
60384,0.0238723489596608
60385,0.0160784782482205
60386,0.0163392545995604
60387,0.0265113736514201
60388,0.0203997560380206
60389,0.9453671302648664
60390,0.0305159809911758
60391,0.0261355367069397
60392,0.0251701345330026
60393,0.0265304307364556
60394,0.0811817896227139
60395,0.0157450909688691
60396,0.0177913605210666
60397,0.9423032466169684
60398,0.0170029305132778
60399,0.0251455812413214
60400,0.0192845968828479
60401,0.0197492455094534
60402,0.0168970605833535
60403,0.9481808316369554
60404,0.01660380584696
60405,0.0222241949223186
60406,0.0179884715468082
60407,0.0201351891183998
60408,0.0203218822820582
60409,0.0177023680486671
60410,0.0164788466085133
60411,0.0226835156718065
60412,0.8380084393999694
60413,0.0282096713336713
60414,0.01863221975624
60415,0.016434645910019
60416,0.0443590881345407
60417,0.0197940452948938
60418,0.086647017176003
60419,0.0206227395153595
60420,0.0286965311306495
60421,0.02473837747266
60422,0.0181386040053261
60423,0.0259099705419404
60424,0.299570864698335
60425,0.1070256915723165
60426,0.0178787854525595
60427,0.0472823066730378
60428,0.019843046481342
60429,0.0169066290075513
60430,0.0165419017738884
60431,0.0680532978863267
60432,0.0405360282134993
60433,0.5522866014338008
60434,0.0885775256787553
60435,0.0191562291156161
60436,0.0409002229250585
60437,0.1138514278911605
60438,0.9481337391519498
60439,0.0164512511353105
60440,0.9282453552368916
60441,0.0278382350154577
60442,0.0158995452608899
60443,0.0294736796759064
60444,0.0183101200028203
60445,0.0190834127316378
60446,0.0248106115468953
60447,0.0214566128063425
60448,0.0220993267765182
60449,0.9486640056342744
60450,0.0414410772289009
60451,0.020889745035584
60452,0.0286669963453841
60453,0.0235343827093444
60454,0.016875227682392
60455,0.0164146411208543
60456,0.0804348120571428
60457,0.071026792914227
60458,0.016337443543999
60459,0.0250802790630498
60460,0.9102343158392182
60461,0.015924737561251
60462,0.0173258971119278
60463,0.022240020107353
60464,0.0177802391884911
60465,0.0236879396474558
60466,0.0937895020434797
60467,0.9030436619291344
60468,0.092029016473159
60469,0.0354867658724614
60470,0.0515527669603533
60471,0.01664114721601
60472,0.0601207567098806
60473,0.0156372490236752
60474,0.0181200527689454
60475,0.1582744080832456
60476,0.0168330634213247
60477,0.0199148618349284
60478,0.9431476487716516
60479,0.0208497678074374
60480,0.0163216731769089
60481,0.0157701241805692
60482,0.0172711174483265
60483,0.0159219815395199
60484,0.6818283506282918
60485,0.090725523180415
60486,0.0205793884229093
60487,0.039518468940696
60488,0.0856336280648449
60489,0.0167539365377884
60490,0.064412067579235
60491,0.0371092698358089
60492,0.1454342648419547
60493,0.0173683090037282
60494,0.0767483149081198
60495,0.0178495663771535
60496,0.0433318149327123
60497,0.0234309774240215
60498,0.1551431155083751
60499,0.0158947313022144
60500,0.018693981663473
60501,0.0168769134097286
60502,0.0195205147420804
60503,0.1964793171714806
60504,0.4381377569735537
60505,0.0178517885126333
60506,0.9225303325418002
60507,0.0626545435354194
60508,0.0169394809840459
60509,0.0218096399615259
60510,0.7374108195967193
60511,0.0369305160818116
60512,0.020377167758715
60513,0.0158279163592473
60514,0.0182142326324534
60515,0.030140329388763
60516,0.0545316373999843
60517,0.0161076930647041
60518,0.0250453237503588
60519,0.020906268763492
60520,0.0206041133390673
60521,0.9440929700554178
60522,0.0158226329525316
60523,0.0322008453899492
60524,0.0174195918189522
60525,0.9287129387350138
60526,0.0466302821534564
60527,0.7656722723862273
60528,0.0220459254185015
60529,0.0170100555855118
60530,0.0605363966132332
60531,0.0277724707813002
60532,0.0255419517954952
60533,0.0223090645411082
60534,0.0263489449925607
60535,0.0222214441572935
60536,0.8984841715072192
60537,0.0187748966117052
60538,0.0168131315893391
60539,0.9203554830873204
60540,0.0216182148907882
60541,0.0245158443553279
60542,0.0165717014906371
60543,0.7032917920654183
60544,0.0337456216907988
60545,0.160325325912454
60546,0.0190270148284142
60547,0.015884415117876
60548,0.029321442977696
60549,0.0177788493065525
60550,0.0922608905641941
60551,0.0285083273581386
60552,0.0175243486928022
60553,0.0251622077970808
60554,0.1501743632653716
60555,0.05989777396143
60556,0.0248067073399636
60557,0.3707463797937939
60558,0.0217585631899591
60559,0.0167637350481727
60560,0.8901898265005818
60561,0.0163497245809066
60562,0.9113376111732384
60563,0.9412892147543818
60564,0.0200313800979214
60565,0.0267269357934581
60566,0.0235012650359974
60567,0.0180526019121442
60568,0.0212857866018785
60569,0.0286770556956357
60570,0.0167008963289507
60571,0.0437623400448632
60572,0.0166465895839865
60573,0.0216497109929871
60574,0.93231395978831
60575,0.0389910548897658
60576,0.1438163427348461
60577,0.0197159586155955
60578,0.89457098181809
60579,0.109424113591932
60580,0.0172211888130436
60581,0.0193971995979777
60582,0.9427506167343288
60583,0.0303452199159138
60584,0.9328062481372508
60585,0.9386730933631772
60586,0.0245320046162556
60587,0.0160808229337851
60588,0.0210463802522616
60589,0.0290306705017127
60590,0.0204203473862325
60591,0.0253823009624582
60592,0.0170104780049943
60593,0.0205063880942724
60594,0.9038310169804848
60595,0.0503430322080655
60596,0.0172839454842093
60597,0.0157932443420074
60598,0.0212570397782196
60599,0.0182700180920647
60600,0.022408993602041
60601,0.021278231275242
60602,0.9312711226808392
60603,0.0174483662952037
60604,0.0400124255982581
60605,0.0166603449608138
60606,0.0159973829435579
60607,0.0166428298201617
60608,0.0236216862282384
60609,0.0178816621250628
60610,0.0182849103243529
60611,0.0231102770127083
60612,0.0200574945428536
60613,0.0203789181438854
60614,0.0202436867549999
60615,0.9280991347461178
60616,0.947163069937289
60617,0.9045185648981836
60618,0.0535619823050315
60619,0.1841305249211471
60620,0.0211966884479873
60621,0.9470275084759936
60622,0.0168001751978749
60623,0.0343904758608689
60624,0.0178446323829947
60625,0.1885115479980213
60626,0.0191958106795506
60627,0.0323752964600048
60628,0.0162385346924491
60629,0.0282454102138141
60630,0.109974729699777
60631,0.9292222162777534
60632,0.0171742365456645
60633,0.0302596299955992
60634,0.0229272099275198
60635,0.0172842657000248
60636,0.0169703398718845
60637,0.0348909692200789
60638,0.0190307106699337
60639,0.0536400940867065
60640,0.0159724236663999
60641,0.0157803973289247
60642,0.0549069495913488
60643,0.0625565163834019
60644,0.0155567888136551
60645,0.91939207801204
60646,0.022492948947532
60647,0.0169557289478096
60648,0.0274031165552884
60649,0.0250898949281809
60650,0.9479607649528402
60651,0.0169398187218073
60652,0.0159469872621231
60653,0.0317157820282274
60654,0.0179262386847037
60655,0.0333922944115879
60656,0.0257806118443422
60657,0.0229274990811825
60658,0.9467346455627832
60659,0.9476305308433436
60660,0.0275479499645266
60661,0.0192840252876325
60662,0.936922251062691
60663,0.0179258240603349
60664,0.9401352601940792
60665,0.0167462704604837
60666,0.0170378160030102
60667,0.0296034533855106
60668,0.0381757356433737
60669,0.0174256205730805
60670,0.0211236600752492
60671,0.0213175437407212
60672,0.0161029731398881
60673,0.0292180177922935
60674,0.0264063209781887
60675,0.0595475921195661
60676,0.0178068697670075
60677,0.0155547781900321
60678,0.0171780434377498
60679,0.8967172719540171
60680,0.0837658992504743
60681,0.0174185149952061
60682,0.5985588938784243
60683,0.0447187270262032
60684,0.025985876654185
60685,0.0371710355416536
60686,0.0182796228790629
60687,0.0197974418217023
60688,0.0241368154701298
60689,0.0259861417287968
60690,0.0219319088497627
60691,0.027234379536216
60692,0.1405905783835806
60693,0.0526271447215692
60694,0.0303010687517797
60695,0.0285466194084823
60696,0.021470652698651
60697,0.0211024943992842
60698,0.0176082209370261
60699,0.1141293609503144
60700,0.0166866437709572
60701,0.0163031840866965
60702,0.0343223638757743
60703,0.0166148421922034
60704,0.0302925895076804
60705,0.0666940884740008
60706,0.0201534312448675
60707,0.0174554118452879
60708,0.0465980102296986
60709,0.0182693115258077
60710,0.0463063127984071
60711,0.0164272631545587
60712,0.0399434153683601
60713,0.8972420826299206
60714,0.9407339433335548
60715,0.0199751125509924
60716,0.9262232911739866
60717,0.0232944681497144
60718,0.0186429728374168
60719,0.0186535926520408
60720,0.0210649889335265
60721,0.0169513256272787
60722,0.9483580477622072
60723,0.0263008184645368
60724,0.153306176688384
60725,0.0195459590015906
60726,0.0321352977080774
60727,0.0501523210971477
60728,0.0193812585121393
60729,0.941270451940289
60730,0.0266223790599855
60731,0.016126835958731
60732,0.0168549820153701
60733,0.934962494966258
60734,0.0473892995953662
60735,0.0168373970179543
60736,0.0166324668264673
60737,0.9476793460710632
60738,0.0369191880698084
60739,0.6346566981206103
60740,0.0899338792023141
60741,0.2395849843783001
60742,0.0255473859282107
60743,0.017466294455571
60744,0.0288793261736023
60745,0.0355148485380632
60746,0.0411534490063277
60747,0.1478231423012601
60748,0.0508049242588328
60749,0.0170751554993687
60750,0.0182643639875331
60751,0.0207565245735442
60752,0.016558303957328
60753,0.0382779559568295
60754,0.016827992606653
60755,0.5276774662979123
60756,0.0283292069696133
60757,0.0230836429356298
60758,0.0432524276994451
60759,0.0163036575351602
60760,0.0210798433388527
60761,0.0189163676390568
60762,0.0159534905765937
60763,0.0263789465289922
60764,0.0237988017896492
60765,0.0175667532722806
60766,0.0192580686633435
60767,0.0171585632018739
60768,0.0282694110106719
60769,0.0170245697269895
60770,0.025969457006391
60771,0.0164783852963974
60772,0.0189395411551741
60773,0.1133232877765254
60774,0.0226535502808511
60775,0.0168753611401788
60776,0.0159479429521598
60777,0.0256931070697216
60778,0.0226243416048407
60779,0.0188652304314178
60780,0.0253102174979916
60781,0.0165311035165092
60782,0.0155613590675705
60783,0.0167000405077044
60784,0.0674398191826879
60785,0.0267352365214989
60786,0.0245040077930497
60787,0.0285706131359275
60788,0.9470660239121582
60789,0.0319281337879297
60790,0.0205776184349636
60791,0.0168214238755576
60792,0.0174563243998843
60793,0.2402959061797913
60794,0.0182402495692981
60795,0.029108056136853
60796,0.0233854728085422
60797,0.0157981194321586
60798,0.0620277610467623
60799,0.1232423748498203
60800,0.0251448862873773
60801,0.0236743174636814
60802,0.0175220394613213
60803,0.0181191202890789
60804,0.0306636014630185
60805,0.0205896283100469
60806,0.0193826714758643
60807,0.0163224624696219
60808,0.0335796380987211
60809,0.02615880314311
60810,0.0165058011139769
60811,0.0168070755994878
60812,0.0995244570428844
60813,0.0495259624843635
60814,0.0314450674337015
60815,0.0876961871609853
60816,0.0210714821153375
60817,0.0388446953149523
60818,0.0652901727040982
60819,0.9433244562215964
60820,0.93719852695518
60821,0.0617092737360282
60822,0.0213214906822822
60823,0.0241563003033156
60824,0.0233014223029529
60825,0.0189744329811305
60826,0.0204307844746415
60827,0.0197214170743395
60828,0.0168923046938713
60829,0.0187926124877285
60830,0.0489062131374558
60831,0.0209972351444293
60832,0.0173865617960287
60833,0.0233950442992139
60834,0.081003875964309
60835,0.830489655043855
60836,0.0179431040271612
60837,0.0268047454255563
60838,0.0287223149779417
60839,0.0173911029319479
60840,0.0778452782808715
60841,0.0307392243766003
60842,0.0394484326093879
60843,0.9386719780415946
60844,0.0228466157395899
60845,0.018200314042566
60846,0.0158209422625295
60847,0.0771556590342378
60848,0.0249012537526034
60849,0.016450599950532
60850,0.0185830513592687
60851,0.0303609570695063
60852,0.0200546696863371
60853,0.0363630076020308
60854,0.0158798035935072
60855,0.0163748288660623
60856,0.0164787576689255
60857,0.0336911269918496
60858,0.0349555844902376
60859,0.7635222537964494
60860,0.0240367672326543
60861,0.019768420112054
60862,0.0430219705534291
60863,0.0195676605952612
60864,0.0168404211559468
60865,0.0170167443877705
60866,0.0244189335704173
60867,0.0184389028475038
60868,0.0233221923490612
60869,0.0173612895298107
60870,0.0180700786224075
60871,0.8849192715495182
60872,0.0419517141030355
60873,0.603410785166301
60874,0.0210142810451135
60875,0.0159745717785323
60876,0.0181773685746583
60877,0.0198549794461491
60878,0.0213993666186338
60879,0.0158816689685739
60880,0.0210075016711755
60881,0.0178852085635113
60882,0.0166837778808386
60883,0.0167002539447589
60884,0.0203497841888755
60885,0.0219567910982192
60886,0.9328555727253772
60887,0.0178878954191632
60888,0.940330534771071
60889,0.0171830274238313
60890,0.0232887973914844
60891,0.113875267145229
60892,0.0244631429657685
60893,0.0488005398138686
60894,0.01873666023999
60895,0.0172272448018373
60896,0.0173085511357481
60897,0.0274947347822072
60898,0.0175050441796121
60899,0.0170046582017001
60900,0.0233050587350242
60901,0.0891926281828309
60902,0.018164849279993
60903,0.0160107106927044
60904,0.0211028008545626
60905,0.0240670429652832
60906,0.0200558981701084
60907,0.0251159455073684
60908,0.0183898992705158
60909,0.018651394063359
60910,0.0668475951719735
60911,0.0166053371600636
60912,0.017111949306977
60913,0.0658021827760276
60914,0.0343195485210987
60915,0.925285629197594
60916,0.0197212710359474
60917,0.0202451805856121
60918,0.0274952034739616
60919,0.9427792897451076
60920,0.0321884498931601
60921,0.0236584910641277
60922,0.0161257856605301
60923,0.3341560391059828
60924,0.0458702562271152
60925,0.0208997809212791
60926,0.9423421113571075
60927,0.06521996551778
60928,0.0441489467009423
60929,0.0893052651762822
60930,0.0182469933173168
60931,0.0182256158008958
60932,0.0207300774010836
60933,0.0252601385188305
60934,0.0289994096272736
60935,0.9466666641598284
60936,0.8845494926150179
60937,0.018373231479064
60938,0.0213258537005195
60939,0.0300463350753727
60940,0.0539530112836876
60941,0.0183075944618379
60942,0.0166450580416254
60943,0.0167613028202877
60944,0.0169239278728094
60945,0.0182062649852237
60946,0.0204553052147924
60947,0.0235062888868331
60948,0.0555435554130946
60949,0.0231710016835039
60950,0.0237060293529447
60951,0.0221670514476684
60952,0.024272111513473
60953,0.0205068466840552
60954,0.0250951821991032
60955,0.0343012939673938
60956,0.8285209298726495
60957,0.0485780425453249
60958,0.1074558655009909
60959,0.0818002150660776
60960,0.0417413233898219
60961,0.0644165586169287
60962,0.0296567999577987
60963,0.0198776358647327
60964,0.0702856388432099
60965,0.6912957756337877
60966,0.0331166908531108
60967,0.0263790103387851
60968,0.5268638549419477
60969,0.0166985061868689
60970,0.1886262322712776
60971,0.0176706032122088
60972,0.9447682240139282
60973,0.0190663472149674
60974,0.0188079180493432
60975,0.0246978159657789
60976,0.0260487691261106
60977,0.937011238768148
60978,0.0170829017703101
60979,0.0199413418887743
60980,0.0202162917974974
60981,0.9285270849644702
60982,0.0458253048384203
60983,0.9198176223264392
60984,0.9074677285028088
60985,0.0433354525185623
60986,0.0173255647822382
60987,0.0452830539396997
60988,0.0748349270439289
60989,0.0511948271472015
60990,0.0191267363864052
60991,0.0327919941569542
60992,0.0176829349081326
60993,0.0198575628965583
60994,0.040876286324049
60995,0.0173877675292784
60996,0.9471046673265352
60997,0.1743425293243049
60998,0.0633028407291248
60999,0.0171529293328079
61000,0.0198317913350539
61001,0.0169053549546177
61002,0.944735062161369
61003,0.0335987503002055
61004,0.021852277865769
61005,0.0890785210723251
61006,0.0725632998278354
61007,0.8431178498533504
61008,0.0647981973433534
61009,0.020510623493006
61010,0.9231609494350868
61011,0.0168235881164531
61012,0.0191270790091451
61013,0.0171534423951558
61014,0.9350446155001636
61015,0.8692678628069517
61016,0.0495875433091935
61017,0.0292056684987822
61018,0.0205343045842635
61019,0.0183155743493928
61020,0.9030173722911627
61021,0.0170752230669647
61022,0.9425330660616014
61023,0.0175677743897696
61024,0.0757018802541686
61025,0.037183964044983
61026,0.0155596410073815
61027,0.0155275004709969
61028,0.020255170363499
61029,0.0242879245700244
61030,0.0172147842227812
61031,0.944935073591328
61032,0.0231222904176097
61033,0.0417478129060918
61034,0.0229176818155857
61035,0.0789865757928061
61036,0.0321374566238778
61037,0.946418259441724
61038,0.0162793674237909
61039,0.0160264256875583
61040,0.0211524778300622
61041,0.8831395074082249
61042,0.0334133804561604
61043,0.0168290963691793
61044,0.0320390066623934
61045,0.9324963705873642
61046,0.0260920391184527
61047,0.0167070022932407
61048,0.0211592860375771
61049,0.0328527174695819
61050,0.0217444837696285
61051,0.0598362949625449
61052,0.0161845280755119
61053,0.9184262879052328
61054,0.0218439588462307
61055,0.0161466282935553
61056,0.0163139957359375
61057,0.0349296508917035
61058,0.0169508831168633
61059,0.0262406096398519
61060,0.0194509608303765
61061,0.1063637729303371
61062,0.0233280936845875
61063,0.8546008548261279
61064,0.0166547847431704
61065,0.0214433250022389
61066,0.0213140862638156
61067,0.0167786272332658
61068,0.8214442953568387
61069,0.0204121369813592
61070,0.0158963659805884
61071,0.8740406002261318
61072,0.0164854373480535
61073,0.0206670188675214
61074,0.0209615755003615
61075,0.0190679369321326
61076,0.0214293054737692
61077,0.027147375920801
61078,0.9462908428835592
61079,0.0853698932368021
61080,0.0166869490304402
61081,0.130685780814962
61082,0.1207561481669052
61083,0.0557709767164464
61084,0.0195956924000977
61085,0.9345913876423476
61086,0.0202559120814424
61087,0.0244015997593188
61088,0.0157096939057493
61089,0.0347347677013682
61090,0.0163944826127105
61091,0.072110997941106
61092,0.0164272465517907
61093,0.9294095902197
61094,0.0360015376102749
61095,0.9412610305547418
61096,0.0166310985615546
61097,0.0196763092651517
61098,0.0266114856527472
61099,0.0170186189793774
61100,0.0182892772310881
61101,0.0211708972557397
61102,0.93767830465809
61103,0.3768522326139013
61104,0.0321983047019039
61105,0.0211064415687889
61106,0.0187425558799245
61107,0.0344233021895507
61108,0.8965333434112069
61109,0.9405908330958398
61110,0.0203425804441837
61111,0.4933257825289242
61112,0.0398441647367399
61113,0.019736198095905
61114,0.0435371023818241
61115,0.0678599908727431
61116,0.9422350333769798
61117,0.0165752807745314
61118,0.0252450606109729
61119,0.0198246267416331
61120,0.9171876196872556
61121,0.0763872911194625
61122,0.0182719776436938
61123,0.0472951665387557
61124,0.0165598941538517
61125,0.0159655280910161
61126,0.0167283771977763
61127,0.2342736913204781
61128,0.0355938976217277
61129,0.3551179787555242
61130,0.0176711651779037
61131,0.0188245333567053
61132,0.0182828428424459
61133,0.0225203653482836
61134,0.0302661990843117
61135,0.0175641054988155
61136,0.0392572716957493
61137,0.0171013473791682
61138,0.0160424345004692
61139,0.0173187387832778
61140,0.8814622293390597
61141,0.0193385190845744
61142,0.0204123171438918
61143,0.0530716427886547
61144,0.8771263051056662
61145,0.0230439343939009
61146,0.0178013286771727
61147,0.1052683754626703
61148,0.937704756716384
61149,0.0270228834636713
61150,0.0198375605959835
61151,0.0170003309714137
61152,0.0167613153354714
61153,0.0163325802211185
61154,0.0793914362430746
61155,0.0320282684090094
61156,0.9371147809142918
61157,0.0182844845867374
61158,0.9358298264033856
61159,0.9442499008092832
61160,0.9023307695853232
61161,0.9285707800477484
61162,0.2914601003235846
61163,0.947115475564153
61164,0.0370260214017185
61165,0.0804660813456591
61166,0.0168730569351686
61167,0.0219525393717661
61168,0.0500495995054663
61169,0.0180180736062323
61170,0.035831716186275
61171,0.9465692975399214
61172,0.0175905855606931
61173,0.0229407821560485
61174,0.0347019940369928
61175,0.9256351037036068
61176,0.017322105556745
61177,0.0254752964648117
61178,0.0307868110830519
61179,0.0242619206933534
61180,0.0317233210594382
61181,0.6417960640618205
61182,0.0183237972883933
61183,0.7170021216291053
61184,0.0159320892857906
61185,0.0245838254474671
61186,0.0345508019408068
61187,0.0439198035433997
61188,0.9448945933095738
61189,0.0187220555587094
61190,0.920445885031421
61191,0.0329287872231311
61192,0.9364323209033424
61193,0.9297219750944624
61194,0.9427386859945356
61195,0.0158725333440242
61196,0.0202873800987209
61197,0.0250889429298619
61198,0.0833410554915645
61199,0.0166417087395948
61200,0.0191979582504612
61201,0.0164832767004989
61202,0.0163927652425581
61203,0.0411787395851423
61204,0.01651589352036
61205,0.0195310885274078
61206,0.01846155023063
61207,0.0330595072301245
61208,0.4331743904981618
61209,0.0160867483663846
61210,0.0167414257349281
61211,0.017091937389704
61212,0.0404192548419271
61213,0.0291589970026869
61214,0.0273361801318502
61215,0.0242174862290315
61216,0.0513611252416713
61217,0.0171484280926687
61218,0.2342580552018789
61219,0.0189139667509027
61220,0.0278219361391856
61221,0.0182478578440807
61222,0.019198194565813
61223,0.0165420522082972
61224,0.1195617922645515
61225,0.0160123326024073
61226,0.0406419255286278
61227,0.0211142557984809
61228,0.0341350674632214
61229,0.0200790177442125
61230,0.0374079660711001
61231,0.0181159884448224
61232,0.0183553967096552
61233,0.0866705019416896
61234,0.0854017327889259
61235,0.9178114784214492
61236,0.029953964901288
61237,0.0224090545291226
61238,0.9345292120341776
61239,0.9405290509092836
61240,0.0219928198597632
61241,0.0505412074826015
61242,0.079893058311398
61243,0.0320371486678106
61244,0.0191744048181846
61245,0.3749857812678798
61246,0.0244478728571899
61247,0.070432830503736
61248,0.0161712747023777
61249,0.0163306702435482
61250,0.0281169396612106
61251,0.0231959303833652
61252,0.9343521402905528
61253,0.9290195650959124
61254,0.0493791332481755
61255,0.923776843154705
61256,0.0546147023602001
61257,0.0245032986148378
61258,0.0169030369796465
61259,0.0188812050579482
61260,0.5174344146899588
61261,0.0255733018476615
61262,0.018356531203215
61263,0.0336715999332593
61264,0.016319498078506
61265,0.0226347609350879
61266,0.0170940244066935
61267,0.1640900488092578
61268,0.0165885747911884
61269,0.5925054392479613
61270,0.930889065632675
61271,0.3610798053141432
61272,0.0196567981859108
61273,0.089393547450939
61274,0.0169564887746025
61275,0.0163362288139776
61276,0.0361153752697014
61277,0.0191192879060074
61278,0.0594488872370286
61279,0.0327171915873176
61280,0.0205933721351471
61281,0.0168322570950039
61282,0.0192282494368558
61283,0.1027862676942092
61284,0.0611771377346896
61285,0.108942439452592
61286,0.0635083788015751
61287,0.0434019798218053
61288,0.0736099747552567
61289,0.0247428007866226
61290,0.0196935676421807
61291,0.028342877434194
61292,0.234707766923128
61293,0.0179517977187648
61294,0.0206074124644843
61295,0.0448619195761513
61296,0.0211866785607786
61297,0.0214861822209019
61298,0.0232431786829416
61299,0.0965238323114002
61300,0.9347381737394848
61301,0.019157110877282
61302,0.0177796752553193
61303,0.0473803989409458
61304,0.0723479955606769
61305,0.0164573169387419
61306,0.0184835593211137
61307,0.0513524736016542
61308,0.0643473347124021
61309,0.016115640870615
61310,0.0225556562223859
61311,0.0221750946289298
61312,0.0259482026176199
61313,0.4113415498871708
61314,0.9472879414925824
61315,0.0446028373204117
61316,0.0170462126358376
61317,0.9422803962550232
61318,0.0631001357980905
61319,0.0201881583970073
61320,0.0211696764567552
61321,0.9441224054356856
61322,0.0392294252148699
61323,0.0248358001401278
61324,0.0574728123808186
61325,0.0383058284499765
61326,0.0187597112760361
61327,0.0984347319678438
61328,0.043874008614954
61329,0.0251870178539311
61330,0.0468281170587091
61331,0.1293147690495938
61332,0.0301400039190411
61333,0.0187893403768803
61334,0.1021898071538448
61335,0.0171888402888912
61336,0.9286376434736556
61337,0.8370452863574603
61338,0.0199798809487606
61339,0.0184184736570551
61340,0.0178377331732727
61341,0.0175108989036679
61342,0.0511249958079466
61343,0.0268165383787881
61344,0.0598859867691219
61345,0.0211902991710469
61346,0.0168010741642492
61347,0.0650308161756245
61348,0.0291905836852337
61349,0.3354289525141131
61350,0.0474554286809605
61351,0.8635821254855669
61352,0.0238342240363188
61353,0.0230773342099276
61354,0.0191552400370571
61355,0.01924856819299
61356,0.0321444088339866
61357,0.0181315826933504
61358,0.940297808014994
61359,0.0193506392492051
61360,0.0878015630227696
61361,0.0274838662972494
61362,0.0269043374962698
61363,0.9360968457075356
61364,0.0410407267646095
61365,0.0172702980751479
61366,0.017264357541718
61367,0.0175455530462017
61368,0.0265764654269814
61369,0.0198326561623583
61370,0.0201728379094193
61371,0.0187046744934571
61372,0.0240005154242447
61373,0.0320765359814885
61374,0.0171078039629964
61375,0.0256208768058163
61376,0.0315329639262187
61377,0.0165286267257118
61378,0.0205365688014172
61379,0.9441124279319176
61380,0.0356943638672425
61381,0.9384405477874608
61382,0.0220125378823189
61383,0.0173300400418841
61384,0.0184548986252746
61385,0.0168562607665187
61386,0.0196330302051199
61387,0.0162803154625471
61388,0.0329930125412786
61389,0.0186639967911844
61390,0.0165564104218781
61391,0.0516094453253371
61392,0.0240238250757744
61393,0.0165745353707676
61394,0.0189209145096069
61395,0.0476616773595868
61396,0.0651400015406817
61397,0.0193721139388176
61398,0.0273088539278102
61399,0.0164039876876149
61400,0.2771214429180164
61401,0.0653037791030534
61402,0.0298046270329151
61403,0.0196072136519957
61404,0.0156215321581037
61405,0.0345872160718185
61406,0.0175531608242878
61407,0.018894262478632
61408,0.0473741645161738
61409,0.0175542724778411
61410,0.4253756914139712
61411,0.2034938214519193
61412,0.0179498105894489
61413,0.0368978919770328
61414,0.9309323387379688
61415,0.9399545655640966
61416,0.0215304616194333
61417,0.0182002419790199
61418,0.9368570972519932
61419,0.0173995717511197
61420,0.0157427025546721
61421,0.0175634455646891
61422,0.0277305587530393
61423,0.0171970336674473
61424,0.0188400708298378
61425,0.0158099783172093
61426,0.180179147508986
61427,0.0198455599598709
61428,0.2135613417029001
61429,0.0297013896285693
61430,0.0469743640813167
61431,0.9226249199988554
61432,0.0176134419677817
61433,0.0178815915266479
61434,0.9454716327131054
61435,0.0231318457260265
61436,0.1042303992539511
61437,0.0251975989625239
61438,0.0157964572362267
61439,0.933437188700627
61440,0.92656218889571
61441,0.1202923220557762
61442,0.0238770146771401
61443,0.0309100226921546
61444,0.0160958099869463
61445,0.0220373836480032
61446,0.0255326021534257
61447,0.018649000911875
61448,0.0275078777097993
61449,0.016577045039643
61450,0.0726059487229381
61451,0.0163191807345852
61452,0.0236159437994527
61453,0.0235037832933079
61454,0.0207486044010232
61455,0.0186257393884695
61456,0.0183444017245228
61457,0.0188131669116209
61458,0.0184692064704926
61459,0.019421211244546
61460,0.0299854701111107
61461,0.0181531717105396
61462,0.0872326424157383
61463,0.9416416814920032
61464,0.0943952526851069
61465,0.0272326090731078
61466,0.0693430520861927
61467,0.0234214197651572
61468,0.0185788546311306
61469,0.1680317496083053
61470,0.0182941173512677
61471,0.0160847779958938
61472,0.0186541771859096
61473,0.0201209074541846
61474,0.1224191336320405
61475,0.0207967449228276
61476,0.0269005837999933
61477,0.1646333513512158
61478,0.0992299754089641
61479,0.1671411141972806
61480,0.0332834590003656
61481,0.0245868801270277
61482,0.0272905026907724
61483,0.0173823555220556
61484,0.0173990698420214
61485,0.0169430610721096
61486,0.926821432063564
61487,0.0184816958924086
61488,0.9266878530298012
61489,0.0321316975122278
61490,0.0289368946491345
61491,0.1028813846578825
61492,0.0169117321865101
61493,0.0340883507385165
61494,0.0176039705254838
61495,0.039448102850112
61496,0.0314260560537662
61497,0.016962012356713
61498,0.0178562096182521
61499,0.0195043901120113
61500,0.0310814462422164
61501,0.0377873741603008
61502,0.0207737655104191
61503,0.0284947622901114
61504,0.0184653276454586
61505,0.8752658751088094
61506,0.0354482182484904
61507,0.0196133237181086
61508,0.0163657424836966
61509,0.8859255527561177
61510,0.0184289539034862
61511,0.0183006507449095
61512,0.946414425829344
61513,0.0196388865980232
61514,0.0165991805229632
61515,0.0381809507575342
61516,0.0427206794403842
61517,0.016534617757614
61518,0.0374253060788662
61519,0.0342135369436231
61520,0.0652662349393189
61521,0.0186384729731193
61522,0.0812959194427101
61523,0.0160470997185651
61524,0.9474872463254568
61525,0.0298365315705096
61526,0.0194224331312363
61527,0.071389242234536
61528,0.0261064311829103
61529,0.0220842045639723
61530,0.0272803054257655
61531,0.0175783462548788
61532,0.9417623030133372
61533,0.0408001928762211
61534,0.119822346746765
61535,0.0355189021190397
61536,0.0163250679480283
61537,0.0201874413243537
61538,0.0223724850882619
61539,0.0184051676785243
61540,0.0339691088638052
61541,0.323887030248752
61542,0.0156326915462938
61543,0.0165812103868728
61544,0.0163545487754398
61545,0.4586424608863815
61546,0.0762583175667949
61547,0.0542104417012822
61548,0.0166927117063579
61549,0.0189374417987938
61550,0.0465682195475591
61551,0.0240557647293063
61552,0.0173620580139661
61553,0.0350757451378545
61554,0.0159585903016699
61555,0.016033172902481
61556,0.2732546213283799
61557,0.937637426319244
61558,0.0488256978715739
61559,0.01701450356333
61560,0.0171854788453505
61561,0.0166902514093055
61562,0.0928626084038001
61563,0.024909601824105
61564,0.9165743770804812
61565,0.0420510742049723
61566,0.0215688805347942
61567,0.0821656018831752
61568,0.0251537973603411
61569,0.0258317169867476
61570,0.0227161412086065
61571,0.0214693725861787
61572,0.0272844951466265
61573,0.0271714522650515
61574,0.0169941002153453
61575,0.0236130238558017
61576,0.0168617308406489
61577,0.0379790208070782
61578,0.0370853917818252
61579,0.0273120214108259
61580,0.0184234912805582
61581,0.927223013268881
61582,0.0185676826034947
61583,0.0728796963591613
61584,0.0164722783743994
61585,0.0181184592724424
61586,0.0196347559313713
61587,0.0208169773791781
61588,0.0168786294277419
61589,0.0169011746193899
61590,0.043041840663037
61591,0.0340095980746103
61592,0.0186809460450895
61593,0.1667874066794221
61594,0.0165109112222383
61595,0.0170975000641868
61596,0.9218051136287148
61597,0.0220645649496794
61598,0.0298647686151798
61599,0.0220012432729849
61600,0.023373235960941
61601,0.0771725946653968
61602,0.0181811605861556
61603,0.0166812812348947
61604,0.0174362771723951
61605,0.0223678575749561
61606,0.0637917905288315
61607,0.0188639284521694
61608,0.9373274340621236
61609,0.0565376055810505
61610,0.0192066628810861
61611,0.5257663835584653
61612,0.0230403634089611
61613,0.0271480412762228
61614,0.9336448039075408
61615,0.0298482985224769
61616,0.0289894846930893
61617,0.0157974932310393
61618,0.9407029631782464
61619,0.0785362036678742
61620,0.5891001562419944
61621,0.0263463798424973
61622,0.019870680835226
61623,0.0161999668005799
61624,0.8870481514472932
61625,0.0165364958309599
61626,0.0177328616637888
61627,0.0173796703872607
61628,0.0172105489282278
61629,0.0564336512965579
61630,0.0216909952881185
61631,0.1948385191667813
61632,0.0441448657213236
61633,0.0163201620813003
61634,0.0283411578067652
61635,0.0169306590161512
61636,0.0245292107713221
61637,0.0229185723384701
61638,0.0262678231402891
61639,0.1104100202722735
61640,0.0166028006968777
61641,0.0173943958356182
61642,0.0165592945753535
61643,0.0360926341412349
61644,0.0191892836816377
61645,0.0212888293666494
61646,0.2677426453083494
61647,0.0159899811031512
61648,0.0545893774005746
61649,0.1417917008949308
61650,0.0172117443906627
61651,0.0222789407476208
61652,0.1033330088495594
61653,0.0435761746355068
61654,0.0187033874751246
61655,0.0205152465806335
61656,0.0167321767620698
61657,0.1187796982826916
61658,0.0216770528506775
61659,0.0265634550055427
61660,0.0234167019800895
61661,0.0217173491977316
61662,0.668440057739601
61663,0.0287368729198273
61664,0.0274630120771712
61665,0.1570487987842239
61666,0.0726624015615565
61667,0.9367518135354882
61668,0.0170059277131522
61669,0.0266772776946952
61670,0.0166476417523604
61671,0.0168982963759751
61672,0.0236670870342999
61673,0.0181435297050429
61674,0.0835434292574498
61675,0.1051058943830077
61676,0.9437608090606115
61677,0.0388179020306355
61678,0.0188815685511079
61679,0.0194442251552426
61680,0.0287420184051886
61681,0.0207747173672743
61682,0.0175772182237168
61683,0.0159006262792665
61684,0.019426379080554
61685,0.016772147905596
61686,0.054681192401956
61687,0.0163099312634331
61688,0.0969995896987846
61689,0.0161449107736465
61690,0.0183342481960509
61691,0.1807056077919265
61692,0.0225250673309285
61693,0.0202817471011496
61694,0.037534232803325
61695,0.0178794734746924
61696,0.9202797818520744
61697,0.0973521604787621
61698,0.0225520263472593
61699,0.0160841262707981
61700,0.9470316712315656
61701,0.021950292587277
61702,0.0274168553087379
61703,0.0359272314603965
61704,0.0224130383405299
61705,0.9171877737969072
61706,0.034240937942105
61707,0.018206023972803
61708,0.0170657858090612
61709,0.0165372138542019
61710,0.0235562136404259
61711,0.0180244719734793
61712,0.9220032696534204
61713,0.0297688806350316
61714,0.0249219064113348
61715,0.0305173182649225
61716,0.056470788664783
61717,0.931737201433272
61718,0.1241314289068179
61719,0.0459850931858311
61720,0.9356441263007572
61721,0.9394632511081258
61722,0.0360302919603081
61723,0.0260233330437465
61724,0.0159702158783207
61725,0.022279117648341
61726,0.1146843001779092
61727,0.0164398658791404
61728,0.0170542348128955
61729,0.0440976179665066
61730,0.0832385501893416
61731,0.0160501420852131
61732,0.0231306134514928
61733,0.0297957174445803
61734,0.0188102263565594
61735,0.039674058766565
61736,0.0269502130279381
61737,0.0209064432701892
61738,0.9328167200940648
61739,0.1882482815758753
61740,0.0182983704675027
61741,0.0179136926063896
61742,0.0182866601036343
61743,0.0322089527040356
61744,0.0172617162364709
61745,0.0193992724786816
61746,0.0680577169652828
61747,0.0198119887087731
61748,0.4292122844888934
61749,0.0163624368366368
61750,0.0427616279521103
61751,0.0418602217865285
61752,0.0859049448792816
61753,0.0384979493412602
61754,0.0207422801273649
61755,0.0312188418524036
61756,0.0243027020717431
61757,0.0345435104138184
61758,0.0910523686587248
61759,0.0170998190679498
61760,0.0334244057104938
61761,0.0230999916218431
61762,0.0165746750209563
61763,0.0227672702709187
61764,0.3451139430005502
61765,0.0157977517919633
61766,0.0184851043811713
61767,0.0207951140030536
61768,0.0189661278001261
61769,0.0178505162134705
61770,0.02002858593171
61771,0.0815866132548375
61772,0.0296313831790297
61773,0.0160241098680838
61774,0.1807271848519995
61775,0.0177155149574129
61776,0.8756616233551558
61777,0.0162800237370386
61778,0.0183553511119216
61779,0.0269733168363323
61780,0.0268897544465672
61781,0.9256325399159476
61782,0.7679323700635254
61783,0.0204514584520774
61784,0.0228843735753779
61785,0.0278052941588317
61786,0.0162491755500151
61787,0.0359396692261733
61788,0.0253323477885765
61789,0.9147678291301392
61790,0.01590620719224
61791,0.0176300184919812
61792,0.0216314105608643
61793,0.0186004551762887
61794,0.0913594644736556
61795,0.0200983788649941
61796,0.0484103015710199
61797,0.0170647277365548
61798,0.02138834272463
61799,0.0156136232590289
61800,0.9368176611748978
61801,0.0171757001279326
61802,0.0168625442886378
61803,0.0354501070990782
61804,0.0222054858778122
61805,0.0758986528214505
61806,0.0159010140604512
61807,0.0919407766284848
61808,0.0217491614354553
61809,0.0391643672226847
61810,0.0175303828014845
61811,0.9402361060549032
61812,0.0183261888732399
61813,0.023864241947537
61814,0.0167080317125014
61815,0.2193735608516459
61816,0.9353138184050924
61817,0.0710977235233013
61818,0.0254811963700607
61819,0.0254555840822959
61820,0.0209240462026807
61821,0.0254753285963616
61822,0.0160059948347852
61823,0.0164912355061126
61824,0.939297019048291
61825,0.0496992022805744
61826,0.0178216069132312
61827,0.2601502100163269
61828,0.0890393580834458
61829,0.0176941289958045
61830,0.0273319312917829
61831,0.0620895683281851
61832,0.0496033025493497
61833,0.0218951897031689
61834,0.0252629333592605
61835,0.0170665401667238
61836,0.0163925705394143
61837,0.0211389485850088
61838,0.6822881467335882
61839,0.1705756020137615
61840,0.0280493815594341
61841,0.0156595096563161
61842,0.0590954259707613
61843,0.0533126830238967
61844,0.0160542238796858
61845,0.03604941105803
61846,0.0283217553410546
61847,0.0158202317381146
61848,0.106830005527651
61849,0.4394592310464805
61850,0.0218668508545809
61851,0.0203433106294297
61852,0.045522810265718
61853,0.9406411948510924
61854,0.0256105360223361
61855,0.0303017346315488
61856,0.1905423653624679
61857,0.0202906567799956
61858,0.0411979759657994
61859,0.0899008555783177
61860,0.5356248982664511
61861,0.930390859145023
61862,0.0465921530762848
61863,0.0251356570173046
61864,0.0157908723964328
61865,0.0198957137571183
61866,0.0181814437655437
61867,0.0184753876214314
61868,0.0417953607941411
61869,0.7666529397817683
61870,0.0559610596496503
61871,0.0196454974706358
61872,0.0238208185768334
61873,0.0250396451679584
61874,0.9445123588860596
61875,0.3338707027983923
61876,0.0485649368285573
61877,0.2887093994523216
61878,0.071132902374559
61879,0.0166442176906534
61880,0.1256181918718337
61881,0.0246973378820605
61882,0.0164476441788609
61883,0.2523217048332913
61884,0.0164221210373248
61885,0.0181597805770634
61886,0.0183872532030451
61887,0.0245737082190623
61888,0.0524653549487329
61889,0.0232428603469639
61890,0.0235139918248688
61891,0.0203145948161784
61892,0.0180256583398935
61893,0.0355264263943797
61894,0.027644800978436
61895,0.0212976568180037
61896,0.015574478140784
61897,0.0603836382242998
61898,0.9392285930906252
61899,0.0541476406851175
61900,0.0206815130859049
61901,0.0215573435330092
61902,0.017150476123835
61903,0.0382704722675851
61904,0.9209542131640632
61905,0.0185219260256682
61906,0.0157677233726158
61907,0.0201985356490542
61908,0.0164204696517504
61909,0.0159666116411326
61910,0.0223871247896683
61911,0.9022356528485836
61912,0.1593588661539592
61913,0.0231872621756328
61914,0.0183246296619038
61915,0.0187976757896982
61916,0.8314601816491511
61917,0.0212724420093003
61918,0.081639339543594
61919,0.0617971991034295
61920,0.0159644757543622
61921,0.0319453025502743
61922,0.0526841547157305
61923,0.0425844657680988
61924,0.0212263493237003
61925,0.0392579394992135
61926,0.9382397704885744
61927,0.9431877449115056
61928,0.0171117520563971
61929,0.0179631030633541
61930,0.0193925434481229
61931,0.0284548801084865
61932,0.8878578850076458
61933,0.0653390064977422
61934,0.0192915510832868
61935,0.0174112825829618
61936,0.0882103895486161
61937,0.9472868776413456
61938,0.0408717138424841
61939,0.9402738794731652
61940,0.188565567821502
61941,0.079154738246961
61942,0.0186833205468491
61943,0.0197927061080539
61944,0.0165118504207572
61945,0.0161594958424185
61946,0.022764890914199
61947,0.0172647907087879
61948,0.0172136700038634
61949,0.018370073597148
61950,0.9361203942425448
61951,0.0587462267336127
61952,0.0223237641846317
61953,0.8298303287974378
61954,0.0159710612468241
61955,0.0245207738806603
61956,0.0493518579786319
61957,0.0162985170782747
61958,0.0240759960017954
61959,0.0160792030235927
61960,0.0159177965992897
61961,0.0167223882575881
61962,0.018415845978853
61963,0.0186191834074864
61964,0.0224067237334651
61965,0.5127819758149668
61966,0.0299163726842646
61967,0.0196994718070909
61968,0.0428293038856656
61969,0.020240437055918
61970,0.3197030845585382
61971,0.0197291033272944
61972,0.084639416265732
61973,0.0222515076656902
61974,0.0508103187423588
61975,0.018786895074757
61976,0.01840994277216
61977,0.0250660510436478
61978,0.0532128567691372
61979,0.0763079041490635
61980,0.0170350223447903
61981,0.94786920451475
61982,0.9277968888227516
61983,0.0222293974415846
61984,0.018515081480967
61985,0.0388616650657357
61986,0.0336791830760305
61987,0.0160514790786477
61988,0.0241183488789185
61989,0.0253315559932824
61990,0.0167711058949127
61991,0.0190445018961848
61992,0.0369205714162776
61993,0.0172105351287997
61994,0.0257176504417644
61995,0.0199185501667573
61996,0.0244391594162001
61997,0.0245121941360622
61998,0.0265132086437731
61999,0.0307981062096855
62000,0.0158580136777766
62001,0.0214459410401321
62002,0.0226743598348264
62003,0.450371717896371
62004,0.0229738847122509
62005,0.0174927356549491
62006,0.0167838265065162
62007,0.0750859046562871
62008,0.0664032458911028
62009,0.0193685261759051
62010,0.0245831378504929
62011,0.0164650691571125
62012,0.017686623773879
62013,0.0171735015793631
62014,0.0426937516325208
62015,0.6030962163168149
62016,0.0165722937493574
62017,0.0175726005399104
62018,0.0199560651528393
62019,0.1172003190105805
62020,0.0175355384818487
62021,0.020601256492925
62022,0.9336519851318156
62023,0.9272513600047472
62024,0.0276699438764239
62025,0.0209494470491655
62026,0.0201760015867925
62027,0.945872134884138
62028,0.0418552460228496
62029,0.0179547300986835
62030,0.0295726093440842
62031,0.0157292273138751
62032,0.0232484426660115
62033,0.0615072541028216
62034,0.0167727478708295
62035,0.0265782014216013
62036,0.0276647276565008
62037,0.2925244769720806
62038,0.0190394242116256
62039,0.40810733263705
62040,0.8479899291426127
62041,0.0362817428549463
62042,0.8518392440437171
62043,0.0160279598687309
62044,0.947313671252516
62045,0.0160025679686818
62046,0.0189951002655599
62047,0.0186423942650664
62048,0.0378993991323757
62049,0.0294835175535091
62050,0.0219410183970685
62051,0.0189367201503046
62052,0.0168906288354019
62053,0.9195848797820052
62054,0.1168205250675052
62055,0.0239796524470806
62056,0.0218471323203066
62057,0.0209287383194272
62058,0.058350017029393
62059,0.0175752509578453
62060,0.0289045226561728
62061,0.0280848041522169
62062,0.0547356781748316
62063,0.0156153477806332
62064,0.0584721232093524
62065,0.1078812970133695
62066,0.1621675870895463
62067,0.0176157628756872
62068,0.0232716087829785
62069,0.0158387832105639
62070,0.0228197008206007
62071,0.0592400178847485
62072,0.933513153515189
62073,0.015953523902388
62074,0.0271006995830111
62075,0.1203665783876133
62076,0.0190401299890425
62077,0.0162477151107489
62078,0.0212970283865188
62079,0.8062685886499618
62080,0.1385322732340251
62081,0.0222246698788468
62082,0.0451131343356633
62083,0.092316246157667
62084,0.3042030559285305
62085,0.9400486367971592
62086,0.0158813421551879
62087,0.9184323473854412
62088,0.0191170760069242
62089,0.0158273098685176
62090,0.0196099901244248
62091,0.6720248625612047
62092,0.0168380077222077
62093,0.0212181229632876
62094,0.0393888461111841
62095,0.0199678326297382
62096,0.0176076055075723
62097,0.0160903950216965
62098,0.942606988335519
62099,0.0530676313055556
62100,0.019871550446601
62101,0.0245642974705545
62102,0.0288674179926989
62103,0.0196840788665307
62104,0.01660176045737
62105,0.0227178343992388
62106,0.0176225197869793
62107,0.0193664180126706
62108,0.0165393395525555
62109,0.0330585107445661
62110,0.0270665934213852
62111,0.0564887211426239
62112,0.0290614625190606
62113,0.0188503422653618
62114,0.3374827448571334
62115,0.0169529277268606
62116,0.7210082729342409
62117,0.028693510573865
62118,0.0286053120356676
62119,0.0188925028714444
62120,0.0169477766042718
62121,0.0290544932670399
62122,0.0264850482369924
62123,0.1130483466627682
62124,0.0197912530992561
62125,0.020464321555405
62126,0.0269563771556121
62127,0.0178456929789463
62128,0.0175749989509619
62129,0.0170473917004848
62130,0.0164300544241083
62131,0.251644991381788
62132,0.0169787242089732
62133,0.0769979346640365
62134,0.0441016524941506
62135,0.026345290718822
62136,0.9381146278245448
62137,0.2209474329878118
62138,0.0193021421240925
62139,0.0615794950838736
62140,0.0449653676935366
62141,0.8971150895739455
62142,0.0349644022314842
62143,0.0167048988361204
62144,0.0470154745568603
62145,0.9143115915333936
62146,0.1332735062651473
62147,0.0168062306525826
62148,0.0213900530752519
62149,0.0278941187469541
62150,0.0298454422391892
62151,0.0166019916519161
62152,0.0464377163908838
62153,0.0255459186133934
62154,0.946686266863635
62155,0.0193514024452141
62156,0.0290372123727525
62157,0.0283493778467658
62158,0.0215169314629256
62159,0.0235159625691496
62160,0.019906387433419
62161,0.022088861145647
62162,0.0259940996375417
62163,0.0206851505386893
62164,0.0331903348830757
62165,0.0168906486845839
62166,0.0214749948528462
62167,0.8961484195401226
62168,0.0247458179287492
62169,0.5571902391885284
62170,0.797259522421407
62171,0.0159720780119043
62172,0.0201506410950406
62173,0.1378189891304375
62174,0.0213484920469017
62175,0.0164432275241012
62176,0.0261920149763063
62177,0.8037247346464103
62178,0.0675333024082764
62179,0.0272316800947215
62180,0.0210568477231897
62181,0.0215050544580331
62182,0.0167603031995986
62183,0.0208003272498617
62184,0.0396244682542763
62185,0.0171053446765497
62186,0.3404927762576613
62187,0.0169017788392374
62188,0.0230874312181847
62189,0.0158034369415521
62190,0.2923831559797132
62191,0.8536168080396249
62192,0.026725658591956
62193,0.3082603985408783
62194,0.0363662688765773
62195,0.0506397482548371
62196,0.0755053920780708
62197,0.016445693623415
62198,0.0187147940389739
62199,0.0287130538775143
62200,0.9027643767842426
62201,0.3017096417718881
62202,0.0169570288205282
62203,0.0161434542539113
62204,0.0202010030277318
62205,0.9424229683274576
62206,0.0834504485895126
62207,0.0522405638613418
62208,0.0160938061442186
62209,0.0346074348122117
62210,0.0473921251598016
62211,0.0264578410485409
62212,0.0204402213636933
62213,0.0566586420748903
62214,0.0598502343334128
62215,0.0451223728178596
62216,0.0436509048846077
62217,0.0196598887050985
62218,0.028681761293121
62219,0.0180520653296101
62220,0.0193057824809259
62221,0.0272486725903075
62222,0.0251781692330534
62223,0.9314300621346092
62224,0.0224069407540945
62225,0.2063002193673905
62226,0.0428684078816949
62227,0.017129008983482
62228,0.051159656621773
62229,0.018490587234476
62230,0.0161774472005265
62231,0.0163744813575009
62232,0.0166763413515813
62233,0.0567303678353511
62234,0.0222255588896836
62235,0.1492232544609595
62236,0.0165002183029502
62237,0.0502405636666635
62238,0.0169140274870337
62239,0.8969255439691166
62240,0.0160200760945702
62241,0.0289399151778318
62242,0.0576137021350812
62243,0.0202114068367416
62244,0.0217560658787684
62245,0.0195031413825079
62246,0.0200371441310039
62247,0.0188695120185917
62248,0.0999338019457525
62249,0.9081123212649316
62250,0.031867808374055
62251,0.0196533478267744
62252,0.0164852219241087
62253,0.0228554151416993
62254,0.0223124588957596
62255,0.0165546591169393
62256,0.0346655489140254
62257,0.0223157171268603
62258,0.0308810598362157
62259,0.0234000224405958
62260,0.553353904009361
62261,0.0307944955211248
62262,0.9175714885593846
62263,0.0216450514708935
62264,0.2037138151122755
62265,0.0252836582854279
62266,0.0637109470372945
62267,0.2019012886734715
62268,0.0416478305873977
62269,0.0441917573859235
62270,0.0633908458752746
62271,0.5204340186238933
62272,0.2185569522166228
62273,0.0204502542484644
62274,0.0305745760338639
62275,0.021714521206022
62276,0.0341849742147405
62277,0.1170505455292346
62278,0.0299538487081456
62279,0.0198963876691653
62280,0.0172316175997051
62281,0.0158877932618038
62282,0.0179862035965266
62283,0.0182250804365293
62284,0.0168697260593665
62285,0.0431863546421301
62286,0.0192436302901552
62287,0.0801248488754092
62288,0.0193507521055548
62289,0.1613612210200383
62290,0.0179426761900808
62291,0.9311387679890504
62292,0.0243346665449499
62293,0.0739599606777705
62294,0.0193104004497887
62295,0.0159493793474971
62296,0.0197000748927262
62297,0.022862369260302
62298,0.0249246122155192
62299,0.0160361346792486
62300,0.0279409002869555
62301,0.0193754838513181
62302,0.0180276217814227
62303,0.01937871551353
62304,0.0193274499847973
62305,0.0173390134641501
62306,0.0174537219853953
62307,0.0278905039534773
62308,0.0173905453086958
62309,0.0740208795791312
62310,0.0243365752712664
62311,0.3153228477393245
62312,0.0236500595671175
62313,0.0258193554641444
62314,0.0170736090441854
62315,0.0201135370286965
62316,0.0158802774318661
62317,0.0414749992319892
62318,0.021023238767441
62319,0.0180624872577689
62320,0.0162802811060439
62321,0.1692564394754932
62322,0.0262616662867356
62323,0.0172949856177491
62324,0.0597638464015889
62325,0.0246584803620081
62326,0.0210210097290199
62327,0.938021543890998
62328,0.0395101564435242
62329,0.1410889825952096
62330,0.0213926151757115
62331,0.0978158720186142
62332,0.0164261856027259
62333,0.025637653021033
62334,0.0164799072943804
62335,0.0188890743171252
62336,0.9471945565405476
62337,0.0165916716788755
62338,0.0166839576977315
62339,0.4162785305613432
62340,0.024054220952451
62341,0.0206193660590652
62342,0.9459836413689128
62343,0.0202264408882809
62344,0.0255847630540565
62345,0.0168437612805616
62346,0.0300998856829882
62347,0.0173998695053503
62348,0.0409355393644404
62349,0.0163543848211613
62350,0.9459344259268948
62351,0.0355002671857086
62352,0.0210770525057561
62353,0.0158170636955787
62354,0.0567420844201111
62355,0.0250387885474436
62356,0.9409095336487332
62357,0.0167083320947484
62358,0.0172906095751497
62359,0.0172995558447637
62360,0.016473396395513
62361,0.0218575145064411
62362,0.9322471885907136
62363,0.9461059673199824
62364,0.1194295630069524
62365,0.0269404493178696
62366,0.1208160785859644
62367,0.0220966804456974
62368,0.0176607941163591
62369,0.0674229051083466
62370,0.946377560172746
62371,0.2402463412897648
62372,0.0192149213683505
62373,0.0756419860441168
62374,0.0165227308433103
62375,0.0173709088971028
62376,0.580324228208983
62377,0.0214256940665543
62378,0.8792416816696156
62379,0.0182462958267485
62380,0.0168224498592964
62381,0.0253757892630126
62382,0.9394212317918568
62383,0.0177945338014177
62384,0.0165432083580107
62385,0.0191992315438317
62386,0.0269048026928922
62387,0.9454610269601028
62388,0.92424141270699
62389,0.0187940051707327
62390,0.0158634140078096
62391,0.9435909172823068
62392,0.0217991758309747
62393,0.0178073435959454
62394,0.0180033742753699
62395,0.0230829654478744
62396,0.0214157228803101
62397,0.020097176068943
62398,0.030661985540461
62399,0.0166684614330896
62400,0.1319028652442672
62401,0.0341784696899721
62402,0.0199661093201001
62403,0.0174579481903854
62404,0.4643220688026029
62405,0.0185724259795015
62406,0.0241456699632146
62407,0.0614842435896754
62408,0.0459572329457527
62409,0.0319493044427809
62410,0.0355704192423854
62411,0.030975574145411
62412,0.0163391574433363
62413,0.2907537774264873
62414,0.0171257175287333
62415,0.0170531994878628
62416,0.0184883398409713
62417,0.0311410452323868
62418,0.0165231788685017
62419,0.0165014902190132
62420,0.0501537923521158
62421,0.0222552245976995
62422,0.0692270004585225
62423,0.0165042800471836
62424,0.0156519731732456
62425,0.0184002903994564
62426,0.0313893080455541
62427,0.0166533757273699
62428,0.017304556550591
62429,0.0171056639935099
62430,0.1433660807321546
62431,0.934122251607266
62432,0.0860429025977263
62433,0.0195521002857379
62434,0.0159076486604321
62435,0.017993044284056
62436,0.0549941494333053
62437,0.016138617926203
62438,0.0177863729415126
62439,0.0276735821276871
62440,0.9433865195569052
62441,0.0516602010009532
62442,0.0160973705168149
62443,0.0170852434519715
62444,0.0345315863051509
62445,0.0377113518433527
62446,0.0394736206831655
62447,0.0173648560368493
62448,0.9373143170695768
62449,0.0270104727365026
62450,0.0191294377038977
62451,0.0165675071090164
62452,0.0237367698294794
62453,0.026334133821724
62454,0.0250585937128895
62455,0.925772106537989
62456,0.0234216402554753
62457,0.0165461851266785
62458,0.0196085671054232
62459,0.0301957988024987
62460,0.0186192827577228
62461,0.1121055892126288
62462,0.0168985228248899
62463,0.9325420745734784
62464,0.9378913966453506
62465,0.9393475652291772
62466,0.3149618818535996
62467,0.0249934094674144
62468,0.2226100315341186
62469,0.942022715173498
62470,0.0191307193159056
62471,0.0498006630227878
62472,0.0203950817885335
62473,0.0215495092479933
62474,0.0193748252034452
62475,0.9403008230831624
62476,0.0849408209823005
62477,0.8854640224082462
62478,0.3311252346699577
62479,0.0450608561592826
62480,0.0402134705520782
62481,0.0436668902472109
62482,0.2295513251156821
62483,0.0473181910893177
62484,0.0265699329150449
62485,0.0191060951212392
62486,0.0175325241940408
62487,0.0178596805097572
62488,0.0173464762458864
62489,0.0187052472553299
62490,0.0237040530333815
62491,0.0601676702808265
62492,0.0300646472812549
62493,0.0307232771993456
62494,0.0492189657269346
62495,0.9425934619929406
62496,0.0162894754986291
62497,0.0513135144385513
62498,0.0192176090578318
62499,0.0170637733368343
62500,0.0200007779304401
62501,0.0843602941315732
62502,0.938335818561301
62503,0.0171033312896507
62504,0.9068308414371744
62505,0.0202993310621765
62506,0.0173144906199525
62507,0.0265940857525069
62508,0.0457629592896594
62509,0.0377551671135609
62510,0.0291990781332403
62511,0.114067814853191
62512,0.023055632910037
62513,0.0243961177502539
62514,0.8773584909778132
62515,0.01635197738149
62516,0.0268791265698068
62517,0.0168016442069131
62518,0.0169124057204664
62519,0.9422853976683868
62520,0.0185304347869012
62521,0.0163611432828028
62522,0.0659870147767795
62523,0.0178943013614025
62524,0.0208977098250133
62525,0.0342011038976136
62526,0.9373488342294544
62527,0.0261059969382893
62528,0.942710411723796
62529,0.0195496935125105
62530,0.0192017345529674
62531,0.0855261293374697
62532,0.0227693794479731
62533,0.0706097538226226
62534,0.0250350655592311
62535,0.9384061309213058
62536,0.0236870369335682
62537,0.0169343124451129
62538,0.9441491405366086
62539,0.0167034170556566
62540,0.1321848821284441
62541,0.8779205829528343
62542,0.0390798946747364
62543,0.0204162944403177
62544,0.018253584226197
62545,0.0191522667816409
62546,0.0851949315599576
62547,0.4279029585448052
62548,0.0162386847982422
62549,0.0165639601393541
62550,0.0816529203894481
62551,0.0213145291255257
62552,0.9476457177973122
62553,0.0572592414759801
62554,0.0188968100572627
62555,0.0206082751985587
62556,0.0202279464788467
62557,0.0380172465783041
62558,0.0693449200379523
62559,0.0198455947801023
62560,0.1068755111549572
62561,0.0389503597261124
62562,0.0192004266736477
62563,0.2281197063477116
62564,0.0519594979921972
62565,0.0475377935316832
62566,0.0221637063028639
62567,0.0160357462941716
62568,0.0394743917338202
62569,0.0155284285789961
62570,0.0323148051922442
62571,0.0214379626095745
62572,0.015965069454313
62573,0.0172845795045795
62574,0.0160942732625482
62575,0.0445857962036876
62576,0.0457191150843162
62577,0.0194181280909202
62578,0.078459522757079
62579,0.0549424492625177
62580,0.0220154128594992
62581,0.0810413993129143
62582,0.0233306785304692
62583,0.0173204671749262
62584,0.9340080658952848
62585,0.024376235145316
62586,0.9457382770420776
62587,0.0227140238945151
62588,0.0207796338301046
62589,0.0186175927070206
62590,0.0162409667173067
62591,0.109553381302303
62592,0.0241672797965971
62593,0.0184914971959344
62594,0.9483414952097612
62595,0.0568985608608325
62596,0.128154948128867
62597,0.0206597160223285
62598,0.0171436240249745
62599,0.016400026206758
62600,0.0252273807578397
62601,0.0205973841026239
62602,0.0295308609614166
62603,0.929522302847496
62604,0.0191209641934088
62605,0.0705330115425989
62606,0.9349505279078794
62607,0.0808044955007199
62608,0.1020928988805196
62609,0.9474919877347424
62610,0.0218548504977246
62611,0.0165424554165639
62612,0.0158412515808862
62613,0.0275650186562478
62614,0.9111554920583554
62615,0.0186486440775381
62616,0.0231836688805483
62617,0.947916345743101
62618,0.0157375561585994
62619,0.0591914460904931
62620,0.8434422548031038
62621,0.0167828450556693
62622,0.0194340773516204
62623,0.0936287055489993
62624,0.040202643508115
62625,0.0205860986260977
62626,0.0172414697899054
62627,0.9039022997883231
62628,0.0163655326007014
62629,0.0555053970547955
62630,0.1885606546082285
62631,0.0388956173539299
62632,0.0236057083914999
62633,0.0175949927792501
62634,0.028316721786924
62635,0.0233835815728821
62636,0.0241520673333746
62637,0.943719494247379
62638,0.0424167365437431
62639,0.1292268841363724
62640,0.0300506636752374
62641,0.0176695531058874
62642,0.4061302539225029
62643,0.0277813361812946
62644,0.0212952618529266
62645,0.9329896026566098
62646,0.823867118121544
62647,0.0178299731502376
62648,0.0336535674779185
62649,0.0275842574968952
62650,0.0250575592882611
62651,0.0573667312121378
62652,0.0172788319933103
62653,0.0158704665532106
62654,0.0176811168507196
62655,0.5951983235504443
62656,0.019869817934977
62657,0.0488083914114061
62658,0.0176809103152849
62659,0.0172482105389191
62660,0.0204816935442504
62661,0.0167113577723407
62662,0.0204348565074716
62663,0.9475646807767996
62664,0.0543443637034311
62665,0.0475106817601473
62666,0.9374388887087068
62667,0.0156866407185109
62668,0.0427241599778523
62669,0.056651664425802
62670,0.0159690254248721
62671,0.3392211365277569
62672,0.022357939180026
62673,0.0196820273993478
62674,0.0196755226107206
62675,0.0181138289973548
62676,0.029498282798949
62677,0.1362666852523462
62678,0.0216387482304865
62679,0.0258380074856497
62680,0.0201514697917714
62681,0.0307948509154158
62682,0.0626120471557024
62683,0.0225598002617132
62684,0.0169557969459701
62685,0.0985674564349893
62686,0.0935368225474011
62687,0.9455946512843334
62688,0.0297566812348835
62689,0.0260593522938905
62690,0.6989282513867506
62691,0.943469904297254
62692,0.0219086253856857
62693,0.9392284957168712
62694,0.0158445620874677
62695,0.17385428306862
62696,0.9475677641023126
62697,0.017794143372787
62698,0.5638574215016939
62699,0.0436428026478908
62700,0.0195504245158433
62701,0.0161840119587122
62702,0.0195231590750001
62703,0.9273948250881728
62704,0.0178944224547587
62705,0.0167797457537713
62706,0.9275759663835684
62707,0.93812413684306
62708,0.0261379324185503
62709,0.0319852333802158
62710,0.017272554406765
62711,0.1911764963707267
62712,0.0175091890902648
62713,0.9468653979905616
62714,0.0244565036475575
62715,0.9423005941139608
62716,0.0163438531596476
62717,0.024808371822638
62718,0.9383587622486051
62719,0.0175472953340424
62720,0.0168940470450416
62721,0.019291808138423
62722,0.0179017875332099
62723,0.0167837811721032
62724,0.0190387456099574
62725,0.017097206984283
62726,0.0172250622400794
62727,0.0175404242054845
62728,0.0162148878515383
62729,0.1200247149877889
62730,0.934657701652686
62731,0.0374748080672123
62732,0.9445497564505452
62733,0.2744450042286311
62734,0.227190283253172
62735,0.017934108532053
62736,0.0590477330965477
62737,0.0244014505749772
62738,0.022561509454367
62739,0.0179208545469096
62740,0.0204696553307992
62741,0.0243482017923887
62742,0.0335366331987258
62743,0.9386359886486996
62744,0.0194743507954838
62745,0.0165064771852537
62746,0.0167137117827029
62747,0.0371465740636179
62748,0.0233084007432898
62749,0.0779690880219368
62750,0.0322417897725189
62751,0.9260666439794012
62752,0.0201866568658918
62753,0.017710344510934
62754,0.93610236375124
62755,0.1327719779869027
62756,0.0306273006371181
62757,0.0169847262766335
62758,0.017171529021931
62759,0.0244060385392659
62760,0.9376264328210572
62761,0.0275774793150607
62762,0.0190812976723757
62763,0.0168042293985138
62764,0.0779494998031622
62765,0.0160597737128196
62766,0.0198426434265972
62767,0.0167787815073302
62768,0.0281789218849241
62769,0.0529703013445761
62770,0.0187256674931364
62771,0.0201960990488867
62772,0.0176021535475661
62773,0.1496801169128249
62774,0.0191863214946431
62775,0.0190993375679127
62776,0.027819784920382
62777,0.0185362841572584
62778,0.0200887453601398
62779,0.0318825788363107
62780,0.0236123318418592
62781,0.016396469514629
62782,0.0185755349919852
62783,0.9450346437791892
62784,0.9218963433413688
62785,0.0217837396549142
62786,0.0235242503076089
62787,0.0628349253618685
62788,0.1181983735375902
62789,0.0212148674057772
62790,0.0309891514969148
62791,0.0224297128008907
62792,0.0162827704073623
62793,0.0477973839729543
62794,0.042813598769975
62795,0.0202049082784555
62796,0.0274098353159918
62797,0.8019360920837304
62798,0.034924866759437
62799,0.9414085909341992
62800,0.9454665700889116
62801,0.01965813251935
62802,0.0705519010050493
62803,0.0174947527599609
62804,0.0205054627692909
62805,0.0175893582132766
62806,0.9193221400970478
62807,0.0160665038238351
62808,0.0184005770299981
62809,0.0164940882421375
62810,0.0197358756066695
62811,0.0184207918632515
62812,0.0284082766840388
62813,0.0177066285928335
62814,0.0240535938213808
62815,0.9318514558352232
62816,0.1368293686561659
62817,0.0175432597898947
62818,0.0173666647012735
62819,0.0581562141040233
62820,0.0229857065591406
62821,0.9451406674577948
62822,0.0951991884921752
62823,0.0229610416118489
62824,0.9428871179705044
62825,0.9380198406928776
62826,0.0589529103657163
62827,0.0242843044616242
62828,0.0279139726490281
62829,0.0257513053692853
62830,0.0163540754959331
62831,0.093869220431998
62832,0.0203220407041282
62833,0.0481795390038742
62834,0.0165087808079437
62835,0.0182569844652592
62836,0.0228050895466374
62837,0.0239829770621946
62838,0.0170893287941184
62839,0.1022812797892992
62840,0.0256630689677282
62841,0.0210181397288953
62842,0.4350986838367441
62843,0.1739439970718655
62844,0.938542511513598
62845,0.0253918473953047
62846,0.097941216926093
62847,0.0183863326909395
62848,0.0210138284862742
62849,0.021831823071449
62850,0.0167953269452391
62851,0.0228877571889435
62852,0.9300099740000716
62853,0.0849056251266754
62854,0.0362833264058109
62855,0.091343019059756
62856,0.0173218083820849
62857,0.017961121670863
62858,0.0703558792705161
62859,0.9297354470505096
62860,0.0822632510988958
62861,0.2312108845347375
62862,0.1902898093570302
62863,0.0160745710870274
62864,0.0166191534399663
62865,0.0387463819165644
62866,0.2184139229979989
62867,0.019981162118245
62868,0.0540460266884929
62869,0.0891523147089542
62870,0.3514085890762267
62871,0.0220679166834225
62872,0.0180446960422734
62873,0.0219176235669933
62874,0.0158164154282711
62875,0.016591646753484
62876,0.0177395555634658
62877,0.9425336568325152
62878,0.0358803425628763
62879,0.0391891052536907
62880,0.017993210083324
62881,0.0400612000687685
62882,0.0182648606499548
62883,0.3055012552307198
62884,0.0376361416826164
62885,0.0218591760568969
62886,0.0178450976029716
62887,0.0208617175767895
62888,0.0174360029185294
62889,0.0283881249345175
62890,0.0240340469352068
62891,0.9431796007741988
62892,0.029863147317876
62893,0.9460812855114435
62894,0.0295971312029132
62895,0.0229541035929338
62896,0.0165414951457007
62897,0.0257976864435017
62898,0.0164114875783586
62899,0.0171938826472625
62900,0.0373682133122401
62901,0.0165696471751959
62902,0.9454018056136152
62903,0.0169630275296417
62904,0.0229770295931171
62905,0.038404384038154
62906,0.0176823035691604
62907,0.0226381042415357
62908,0.0188136851722369
62909,0.0352751870541229
62910,0.0216563875525154
62911,0.0362280363913859
62912,0.016994048753068
62913,0.0685941993555583
62914,0.9440375883822484
62915,0.02234183122243
62916,0.0187960852738114
62917,0.0208174282549957
62918,0.0365140199858056
62919,0.0157286180047228
62920,0.0162518245673199
62921,0.0900764877000629
62922,0.0159007727552304
62923,0.0216122814213844
62924,0.8860340701179801
62925,0.0422593889715054
62926,0.0294046688776122
62927,0.0184406521254862
62928,0.9475018317646828
62929,0.022055094887407
62930,0.9277503334041152
62931,0.0164945859766277
62932,0.0204792589840474
62933,0.0520568508206148
62934,0.1205647021555817
62935,0.0198807647789636
62936,0.9105583133217182
62937,0.0290444966164269
62938,0.0187010364944392
62939,0.0164873597076317
62940,0.9408656250134496
62941,0.0215836357457002
62942,0.0170377569242349
62943,0.1474242964480082
62944,0.0180486255210091
62945,0.0577209940257851
62946,0.0224086418641601
62947,0.0202668637140548
62948,0.0219973816859841
62949,0.1721572879569136
62950,0.920569889714427
62951,0.0236083932143578
62952,0.0533960410669921
62953,0.0163405934589556
62954,0.0163823210530453
62955,0.0163457382678322
62956,0.0170962118633845
62957,0.0160145293115776
62958,0.0181691845838994
62959,0.0210998636968174
62960,0.7959980765339469
62961,0.0225432201995682
62962,0.0384180862366882
62963,0.0283545887167658
62964,0.0841484878684615
62965,0.0161034646433318
62966,0.0562845367915663
62967,0.9265964448704748
62968,0.0811369318524651
62969,0.0773472280275787
62970,0.0253356712426623
62971,0.0354719740967351
62972,0.1077209383998607
62973,0.2434876254478363
62974,0.0472977944360893
62975,0.0680934422203627
62976,0.0177360744969796
62977,0.0169077228793425
62978,0.6684592969146065
62979,0.078297972085774
62980,0.017692980637252
62981,0.9345869542590206
62982,0.024852737152371
62983,0.0331709932804434
62984,0.0185089436088389
62985,0.0174489705916722
62986,0.9324129247335636
62987,0.0161499679350725
62988,0.0211920882375134
62989,0.0784465141265693
62990,0.0412187863734998
62991,0.0212464733030719
62992,0.017264406782589
62993,0.0217755412436005
62994,0.0243347206270267
62995,0.735000822027457
62996,0.0197477163841085
62997,0.0281936731648933
62998,0.024533168591533
62999,0.0268265910489309
63000,0.0187345226787688
63001,0.020686059935144
63002,0.0197450146488619
63003,0.0209126106537162
63004,0.0329880782345287
63005,0.027332107275486
63006,0.0550590977283594
63007,0.0288527027181281
63008,0.0206780401778022
63009,0.017764831841686
63010,0.0196587128861736
63011,0.0174687163392205
63012,0.0169158082162624
63013,0.0251880632029991
63014,0.0207532825661523
63015,0.021540984332854
63016,0.0171861245247901
63017,0.0404514789797085
63018,0.0172095877442315
63019,0.0170228113002986
63020,0.943278768002338
63021,0.1485809638845813
63022,0.0258618722914825
63023,0.019090224555741
63024,0.0157853237982243
63025,0.0556534096712726
63026,0.9437609831687276
63027,0.9475170036518024
63028,0.2363265302275121
63029,0.9364281575091228
63030,0.0173841683212583
63031,0.0262953404173803
63032,0.3151469664887573
63033,0.0176638370038864
63034,0.0341699346590454
63035,0.0237645903070305
63036,0.0162498170218048
63037,0.0983136352444035
63038,0.0158588476400054
63039,0.0156343036577125
63040,0.0176082455895503
63041,0.9440289473066168
63042,0.0200842214993717
63043,0.0246304701129665
63044,0.1015556037119819
63045,0.0165439992865645
63046,0.0215339597230146
63047,0.6880243354738828
63048,0.0199317318759364
63049,0.0580917772373481
63050,0.94826687223916
63051,0.0172965325331033
63052,0.681328040140097
63053,0.0158672910067995
63054,0.0157161302081084
63055,0.0179413659438828
63056,0.0206834395511303
63057,0.0190892961957084
63058,0.0160881745459953
63059,0.9472024517954862
63060,0.0281255174229454
63061,0.0157983278023698
63062,0.0247311402478762
63063,0.0199996585147063
63064,0.0195548110851594
63065,0.0162277627483742
63066,0.0180121297803005
63067,0.0197908443916954
63068,0.0240219133062508
63069,0.0170624950483151
63070,0.0357539154829974
63071,0.9484595097304158
63072,0.0183795699999905
63073,0.1569779878150104
63074,0.6292870506505384
63075,0.0174755876733654
63076,0.0191214386677744
63077,0.0173479827563727
63078,0.0235975938975679
63079,0.1195885225705609
63080,0.0184359998045585
63081,0.0211984665893326
63082,0.0170573303648995
63083,0.0320655086870259
63084,0.0804430499564831
63085,0.0542874014506967
63086,0.9404147882932792
63087,0.0188545856768419
63088,0.0230501278500835
63089,0.2413410001622163
63090,0.0942007344739611
63091,0.0253168226504238
63092,0.0174508520996695
63093,0.0334987521047503
63094,0.0212803601253172
63095,0.016839794692942
63096,0.0810640202963241
63097,0.0253328871178979
63098,0.0302997685905021
63099,0.9473449397054484
63100,0.0168292632725271
63101,0.022232348581471
63102,0.0380179707854903
63103,0.0163515625869632
63104,0.0201840044767299
63105,0.018163823362755
63106,0.0176827938995629
63107,0.0185939332934376
63108,0.0611014784106126
63109,0.0189549038061234
63110,0.0688599801767429
63111,0.0524468007609559
63112,0.9446388576174484
63113,0.0174626422159354
63114,0.0215233853848478
63115,0.0923544052440455
63116,0.0823475796525681
63117,0.0176867166953306
63118,0.0187074602178381
63119,0.1995404826905506
63120,0.0165678682341601
63121,0.0277532663617957
63122,0.0200816992861278
63123,0.9091199373507342
63124,0.0207269272056783
63125,0.0438833463899184
63126,0.020328065838187
63127,0.0307331465438564
63128,0.0261805841948315
63129,0.0183370454362092
63130,0.0185579553207525
63131,0.0175383277559952
63132,0.018853422527386
63133,0.8948640451647552
63134,0.9387928754736348
63135,0.0183347067168458
63136,0.941744267724312
63137,0.0977437646899683
63138,0.0485078169113243
63139,0.0174413994732145
63140,0.9177893365985684
63141,0.0200644528091203
63142,0.0314998885152255
63143,0.0180655009137769
63144,0.0191253893152959
63145,0.0338727258039536
63146,0.0169607078128001
63147,0.0253213730666739
63148,0.0237778917847231
63149,0.0860426564436418
63150,0.9369416418828102
63151,0.0176008067170512
63152,0.9413305949148644
63153,0.947308047314749
63154,0.028576205850231
63155,0.0577903978717281
63156,0.0214081776169886
63157,0.0165447070999911
63158,0.3000230036919789
63159,0.024079247606264
63160,0.0247779880914964
63161,0.0241276606568937
63162,0.0292461952511079
63163,0.0174214612304131
63164,0.0179251844414828
63165,0.0284066240816532
63166,0.0491145787128533
63167,0.0175161076129023
63168,0.0333753257867508
63169,0.0167111117894694
63170,0.0270672362327598
63171,0.0170771541490722
63172,0.0166381466591018
63173,0.941529554863018
63174,0.0450244742012467
63175,0.0174885050985487
63176,0.0377370395728353
63177,0.5012999550365664
63178,0.0217157257712493
63179,0.0637140272332957
63180,0.0167027395784664
63181,0.3766839044205216
63182,0.0166271795506911
63183,0.0179104350454682
63184,0.0171607686784834
63185,0.0557494402833251
63186,0.0187845242978611
63187,0.0189821949998945
63188,0.0199399325146838
63189,0.0852426049832241
63190,0.4144469703483888
63191,0.0227347335004278
63192,0.061584028698877
63193,0.0977246715525863
63194,0.0162093918064326
63195,0.0207488791397497
63196,0.9386716403217492
63197,0.0190551342598119
63198,0.1629086575438648
63199,0.0234072583545647
63200,0.0179492898125208
63201,0.0789248073622298
63202,0.0176226577413065
63203,0.024459123927818
63204,0.0253578052224185
63205,0.0213618069626204
63206,0.0606139282699439
63207,0.6884410711477588
63208,0.0173899483270126
63209,0.0243053706858297
63210,0.912509839598756
63211,0.0358801531656243
63212,0.0511477961796355
63213,0.0432163338186511
63214,0.0340301232294748
63215,0.2153929677973456
63216,0.0168571643883331
63217,0.0279821730461735
63218,0.0301407503471596
63219,0.9431966220148792
63220,0.0311117432935499
63221,0.9300889940115428
63222,0.0207417642925856
63223,0.0198406398075137
63224,0.0159189185761887
63225,0.0372423013292023
63226,0.0186606557156824
63227,0.0156141970573033
63228,0.0176835644426583
63229,0.0229349726181093
63230,0.0479170561130876
63231,0.0261346540066122
63232,0.9369840762015454
63233,0.0221021239598958
63234,0.0456543306195865
63235,0.0191735180695357
63236,0.0164095055832146
63237,0.018997811682427
63238,0.0507822987555662
63239,0.0210629525390711
63240,0.9365091729844734
63241,0.0216790678940706
63242,0.0181364140445203
63243,0.0174198882790917
63244,0.0294525305277587
63245,0.0178901236020513
63246,0.0165780290063652
63247,0.0981718394399902
63248,0.9318514960240092
63249,0.0163493026016521
63250,0.0315619278977025
63251,0.0240096653511556
63252,0.0441180692670526
63253,0.040226020430554
63254,0.0168712764693613
63255,0.0185158831554027
63256,0.9397093798693564
63257,0.0170087311736441
63258,0.0285076905091418
63259,0.0188555033795355
63260,0.0171228345228306
63261,0.5448448742641917
63262,0.0268590936572529
63263,0.0251737253214018
63264,0.0200396538386672
63265,0.0213510530325397
63266,0.0161417024505574
63267,0.9469914530148424
63268,0.0253153153921735
63269,0.0168507728209845
63270,0.0193969852045894
63271,0.0173712591179699
63272,0.0188229062805793
63273,0.0233090549922465
63274,0.3262416677557093
63275,0.0433143195433251
63276,0.0192562974601759
63277,0.022940411219659
63278,0.0347726630854479
63279,0.0224629107556082
63280,0.0385022369359808
63281,0.116123675693372
63282,0.0163416256738207
63283,0.4079520956804168
63284,0.0694422735523936
63285,0.9382741157587662
63286,0.0180995880019409
63287,0.0167661626161944
63288,0.9261427997238262
63289,0.0245151675537792
63290,0.0213818813110109
63291,0.0179698818206207
63292,0.3406912598873767
63293,0.0188876115606624
63294,0.0183631769815052
63295,0.0222157774057236
63296,0.9403339037429534
63297,0.0168922240655114
63298,0.0201539035935887
63299,0.0174367307117549
63300,0.202779728877151
63301,0.0187611885729731
63302,0.0161871144279132
63303,0.2568410625747582
63304,0.0543822852934188
63305,0.9141633052597904
63306,0.0159055613603142
63307,0.0193625757769685
63308,0.0332677407395887
63309,0.0170184203403108
63310,0.025561050034879
63311,0.0214720971312237
63312,0.024880466139711
63313,0.0171188865665845
63314,0.942845349142206
63315,0.0244450142618646
63316,0.0160380273669727
63317,0.0757142046076213
63318,0.0248895132703111
63319,0.0177457136891398
63320,0.9362277138628352
63321,0.9465346998846356
63322,0.6156991118271522
63323,0.0431332855839259
63324,0.0166921199352461
63325,0.0228801122682801
63326,0.0710629890814742
63327,0.0241714627544569
63328,0.0583553494524423
63329,0.0163584928797982
63330,0.0212594844161818
63331,0.0187855977085239
63332,0.0205804599346141
63333,0.0245361209769669
63334,0.0249316537739865
63335,0.4983242730638668
63336,0.022227574714745
63337,0.9467312533099804
63338,0.0414660790222282
63339,0.0338838148183463
63340,0.0182152338515054
63341,0.4117191189687751
63342,0.0644791375887455
63343,0.0240429123062802
63344,0.0294731119603409
63345,0.0403331056199455
63346,0.0278399091450292
63347,0.0515657444720385
63348,0.9410317217590776
63349,0.6808700424926568
63350,0.9421396349938402
63351,0.0412339565820607
63352,0.0180092748166982
63353,0.0192340158499333
63354,0.0163593964114377
63355,0.0201124549400589
63356,0.0183813573740756
63357,0.0200938037163117
63358,0.017748913984679
63359,0.0226039869942539
63360,0.0191157706077543
63361,0.0165600338410178
63362,0.0175671050730669
63363,0.0212898897004246
63364,0.036456377618034
63365,0.9332033983065114
63366,0.7318713028827484
63367,0.0179395308187834
63368,0.6331079784353983
63369,0.1363798486415407
63370,0.0256627846335354
63371,0.0212567842678293
63372,0.9013618227397024
63373,0.9374037274075776
63374,0.0174104950395243
63375,0.0217151156254568
63376,0.0198168650918512
63377,0.0206442510470501
63378,0.0278819646356243
63379,0.0156823263256921
63380,0.0248957945523098
63381,0.0192478157627134
63382,0.0891506883652598
63383,0.0160631515560233
63384,0.0242534119195212
63385,0.0169593139800501
63386,0.0954091957714904
63387,0.0304686344999978
63388,0.0628104428200911
63389,0.0310945942171325
63390,0.0758996868946436
63391,0.0320342886976187
63392,0.8996016925286986
63393,0.0208936320174897
63394,0.0175962421820564
63395,0.912396398709758
63396,0.0175942854024174
63397,0.0342066462060987
63398,0.0213131347615318
63399,0.0174240556504811
63400,0.9381256791047644
63401,0.0180573388318505
63402,0.026089603536202
63403,0.920337133971634
63404,0.045254547472407
63405,0.9393402384735664
63406,0.0157281436835693
63407,0.0177999008033657
63408,0.022723488999555
63409,0.0234939575973836
63410,0.0163410340595263
63411,0.0170419735305482
63412,0.0263892474692126
63413,0.0176442902207209
63414,0.0829361146047818
63415,0.0184825949801755
63416,0.2917843806519824
63417,0.0382247983866332
63418,0.0200944532304389
63419,0.0315043289505183
63420,0.0189149427426454
63421,0.1081041944614194
63422,0.0172707051793854
63423,0.026607722978621
63424,0.016352597711415
63425,0.1335270967483264
63426,0.0249047839044814
63427,0.0178665072830459
63428,0.0172983335210232
63429,0.0164989742152026
63430,0.0310835208012146
63431,0.0160169290611219
63432,0.0204293497160289
63433,0.0263037503316468
63434,0.0189386036694989
63435,0.019990703587006
63436,0.105937284564482
63437,0.0339039953806903
63438,0.0165623739108945
63439,0.0596166007720995
63440,0.0172818684522822
63441,0.0193402297961136
63442,0.041071926531107
63443,0.0209569958978637
63444,0.0454496033933168
63445,0.0309839276180686
63446,0.9474861737537804
63447,0.0198891966051195
63448,0.0299918151697437
63449,0.0308545253239276
63450,0.0157992700152599
63451,0.0179743984189102
63452,0.0226459740665206
63453,0.0684163229104461
63454,0.9457357840007355
63455,0.1033259299874179
63456,0.016459226312377
63457,0.0207427863526173
63458,0.0192251134720343
63459,0.0271305632832246
63460,0.0203595397285762
63461,0.0235985386722053
63462,0.0211757137547225
63463,0.0395229426678947
63464,0.0265701760968943
63465,0.0184848695142259
63466,0.0404319291629059
63467,0.0187948656404011
63468,0.0168384034037683
63469,0.0207021155383795
63470,0.0180072487551205
63471,0.0215136649454237
63472,0.0169946455038517
63473,0.1006869186854269
63474,0.0206781229006709
63475,0.7106517530811971
63476,0.0328110976285041
63477,0.0209160867997505
63478,0.0379010229267809
63479,0.1665220885856401
63480,0.0163935310642666
63481,0.0181413182113182
63482,0.0235455789515488
63483,0.0415592556602393
63484,0.0723754981371667
63485,0.0165089640264842
63486,0.2154139983636789
63487,0.2781657762352542
63488,0.9094128709423864
63489,0.017243812973676
63490,0.0313774546674421
63491,0.0786346171811231
63492,0.0164602110766706
63493,0.0199818553842643
63494,0.8759895292505187
63495,0.0160991492490498
63496,0.0168689369723327
63497,0.0166473554232941
63498,0.0234181733513246
63499,0.9197142919324776
63500,0.0317590508994819
63501,0.0289351734648635
63502,0.9473266112430616
63503,0.9426937626887656
63504,0.0171081833647649
63505,0.9395961965061432
63506,0.0158584526823102
63507,0.0808965253844445
63508,0.1384955365143239
63509,0.0274625430019603
63510,0.0161843364561
63511,0.0198550245834893
63512,0.946046695048262
63513,0.0191931074934887
63514,0.915631438958281
63515,0.0624592975086417
63516,0.2104122945188139
63517,0.0245510726854099
63518,0.016521233116546
63519,0.0231257962336073
63520,0.0328120836041444
63521,0.0221579774128811
63522,0.0304672225834737
63523,0.0321470469305316
63524,0.1061293848405045
63525,0.793240357261734
63526,0.0241070088068597
63527,0.0259053678298886
63528,0.0415455872145024
63529,0.0180688659614578
63530,0.0156696705744063
63531,0.0284708265490363
63532,0.0737568534357385
63533,0.0950891251318747
63534,0.0372840328112637
63535,0.0171916921698119
63536,0.0176473441967728
63537,0.1286743032695582
63538,0.0347734371161367
63539,0.3383942910216363
63540,0.0309686286718073
63541,0.0211256081108119
63542,0.016695114507091
63543,0.0543036648371506
63544,0.0365105605989154
63545,0.0251941602868638
63546,0.0176303066737945
63547,0.0545619061205909
63548,0.0219740553324259
63549,0.0174304985832149
63550,0.1286096359031523
63551,0.0277217458012287
63552,0.0162834312362596
63553,0.0243738092849508
63554,0.0221836370241048
63555,0.0779289175890833
63556,0.0229621305856772
63557,0.3814891921937467
63558,0.0168252309768235
63559,0.0282581414392785
63560,0.0300356042112044
63561,0.9314460733772746
63562,0.0162669295743743
63563,0.9304953371839796
63564,0.016917004498407
63565,0.0453638281417463
63566,0.027332697140179
63567,0.941564250540982
63568,0.0183793843061619
63569,0.0166523757738812
63570,0.9425030380258256
63571,0.0828810936434105
63572,0.0183894266016062
63573,0.0184058064997455
63574,0.1709318621897085
63575,0.0296996791025726
63576,0.0342614888584186
63577,0.0364617108712566
63578,0.9436738797943808
63579,0.0155506017328201
63580,0.0186021453137326
63581,0.0156719163649844
63582,0.0502872627893449
63583,0.0507868974164727
63584,0.0262185675601304
63585,0.0198420342412074
63586,0.0183018651089672
63587,0.0272327351753947
63588,0.1115657455879173
63589,0.2646913547075983
63590,0.0210480572323426
63591,0.0183384943210001
63592,0.0205506056303395
63593,0.0176102604343027
63594,0.0177791660335879
63595,0.019024975992916
63596,0.0262003744755494
63597,0.01850810971189
63598,0.9405056181492532
63599,0.254941910588947
63600,0.9293052124075856
63601,0.9384311402411672
63602,0.9363930381809344
63603,0.0177105046023873
63604,0.0278135103587851
63605,0.0285347931793067
63606,0.8896610921091616
63607,0.017881995388162
63608,0.9476507315429404
63609,0.0478150105027419
63610,0.0209434677538211
63611,0.0164948630778063
63612,0.0211933973401657
63613,0.1113318855240899
63614,0.0162078998761465
63615,0.0196814896792503
63616,0.0158455520152563
63617,0.1051919800016213
63618,0.0361599172790509
63619,0.0161451816410262
63620,0.9145932492199458
63621,0.0637598341835654
63622,0.9467870956544964
63623,0.0296238724766538
63624,0.1369269757429579
63625,0.0345935056764837
63626,0.0190586551620606
63627,0.0195946255318144
63628,0.9407756226965566
63629,0.0282040324088923
63630,0.0166146545111142
63631,0.059086163447514
63632,0.0171019775809778
63633,0.0359867546165298
63634,0.0182560812457593
63635,0.0181968313085196
63636,0.1135819617608644
63637,0.0395416647228613
63638,0.0369285462318214
63639,0.039307185142634
63640,0.3937634584582764
63641,0.0378242821541744
63642,0.017235560174127
63643,0.0201737601518215
63644,0.0316578912709828
63645,0.0177080627481442
63646,0.0165306874185104
63647,0.0407793650336714
63648,0.0240784300031072
63649,0.0182998189237931
63650,0.9365022586346644
63651,0.0201607121203743
63652,0.0179087383943142
63653,0.0329381035297789
63654,0.0190608958991766
63655,0.3818061574130096
63656,0.0165446250430257
63657,0.0538055429496254
63658,0.0178388932265139
63659,0.0170908920683159
63660,0.0228506112276757
63661,0.055065798765225
63662,0.0490578289713905
63663,0.0188473800369981
63664,0.0207038761880349
63665,0.0217418324908126
63666,0.0339588638933239
63667,0.0651832670499207
63668,0.0297839735466108
63669,0.01999220708989
63670,0.0466245372748918
63671,0.0184468921449943
63672,0.03180434648905
63673,0.0189868145694357
63674,0.017776934420989
63675,0.0166310090794361
63676,0.0254085847011553
63677,0.0577076552999056
63678,0.3656545925441314
63679,0.0173442152747982
63680,0.8952644500172732
63681,0.0228043592916944
63682,0.0263786299901754
63683,0.0258683922754621
63684,0.0256790279453902
63685,0.3842694947132982
63686,0.0166394545169089
63687,0.0166860167579169
63688,0.0197958846236614
63689,0.6718266623035628
63690,0.9451429088275588
63691,0.5238638269466476
63692,0.0218557444379898
63693,0.0190804826417625
63694,0.0268167163614116
63695,0.1539080582170825
63696,0.0806510964641124
63697,0.017474462616826
63698,0.0168134073381896
63699,0.0187715704297673
63700,0.0179942234424526
63701,0.0165514661057437
63702,0.0314136759608047
63703,0.0990503860309955
63704,0.0160932053965683
63705,0.0230322034068392
63706,0.0256137857869696
63707,0.0171710659244201
63708,0.0160088328011487
63709,0.0224950081390031
63710,0.0902975207170719
63711,0.1333771102221292
63712,0.0227007430484297
63713,0.9409622124860144
63714,0.0247846534164579
63715,0.0237498516599757
63716,0.0209226722031769
63717,0.0176975278466305
63718,0.0164480942162393
63719,0.0191779370246357
63720,0.0177300003289391
63721,0.0189751265753303
63722,0.0665755979785997
63723,0.0168053413455883
63724,0.1649911566786318
63725,0.9083239324387316
63726,0.0183710222299078
63727,0.9392717784246568
63728,0.019324277817956
63729,0.018992518609149
63730,0.017939712264136
63731,0.0229746957805614
63732,0.6140690212753974
63733,0.0223348953031584
63734,0.055169202704235
63735,0.0214233260435663
63736,0.0824588480104609
63737,0.8631071812869965
63738,0.0245509732761471
63739,0.0379027448894162
63740,0.0160114963832591
63741,0.1277081794705472
63742,0.067753258033437
63743,0.0210182231860387
63744,0.1138926006456626
63745,0.938816259693816
63746,0.0190719646050548
63747,0.0284457124230042
63748,0.1222181867892426
63749,0.0216463006062661
63750,0.0173705304243852
63751,0.9270240209720548
63752,0.0187652814383543
63753,0.0284860448691357
63754,0.9395865329116682
63755,0.0249429103413001
63756,0.0927006729844779
63757,0.0205073238913459
63758,0.0166740320036466
63759,0.0506103336717221
63760,0.0476073086363661
63761,0.0565515177048238
63762,0.9148147796160204
63763,0.0283424035315695
63764,0.0531687532127693
63765,0.021749112992629
63766,0.9460538158630682
63767,0.0331499066799673
63768,0.0474450957390849
63769,0.0315186485476131
63770,0.0842764732318583
63771,0.0322060990596348
63772,0.0191410123587288
63773,0.0165375034270392
63774,0.0678641034331569
63775,0.0247903412604667
63776,0.0167891365050199
63777,0.0218114078602214
63778,0.8950289236445854
63779,0.0324382350433758
63780,0.0605004291922957
63781,0.3466468453727389
63782,0.0190471255802819
63783,0.0159505319771252
63784,0.0324500803953755
63785,0.0169381891790684
63786,0.0251896372185303
63787,0.0207762589714775
63788,0.3182415777348006
63789,0.2776684777652887
63790,0.0172607079556491
63791,0.0212883393860028
63792,0.016557888160824
63793,0.01646780334856
63794,0.0165140458999025
63795,0.9287463518006646
63796,0.2212464868362807
63797,0.0174444175367143
63798,0.0972835921211841
63799,0.452005579425355
63800,0.2013086311058768
63801,0.0173533816107322
63802,0.5976116224439305
63803,0.0451480982630112
63804,0.0817208361605623
63805,0.9352595660825508
63806,0.0163455686905019
63807,0.1426218511166249
63808,0.0769866410846481
63809,0.0565250363033584
63810,0.0180775273941132
63811,0.938914924082754
63812,0.0166078250663088
63813,0.032744171380408
63814,0.0184375744757776
63815,0.0178256229507271
63816,0.9480091676522138
63817,0.0169855250231614
63818,0.0312128906112367
63819,0.0258810333716474
63820,0.0209437470823432
63821,0.0168597631463759
63822,0.0202633023634808
63823,0.0443302538180787
63824,0.0160787861187964
63825,0.0198224657340601
63826,0.0180886225809271
63827,0.0417143547003706
63828,0.0197144754625996
63829,0.0192722133300427
63830,0.4619751124035957
63831,0.0566756189477228
63832,0.9081988000242424
63833,0.0200939136836269
63834,0.0601928474602098
63835,0.0165838409278659
63836,0.0286814621576376
63837,0.0339444904430501
63838,0.0173042749951152
63839,0.0171647621348195
63840,0.91797830594212
63841,0.0417326614734897
63842,0.2956088626883132
63843,0.9372283770056596
63844,0.0247417785927853
63845,0.80553147000709
63846,0.0193556976502286
63847,0.0161554089227443
63848,0.019971867329645
63849,0.0161621945253364
63850,0.017426701282322
63851,0.9261571961884696
63852,0.046846128180196
63853,0.904659758184712
63854,0.0223470907888418
63855,0.1017609447547418
63856,0.038755138510394
63857,0.0226962420093294
63858,0.0358187463355704
63859,0.8519198898647701
63860,0.1344467957845142
63861,0.0245417413716409
63862,0.0200971081633799
63863,0.0651216746353358
63864,0.6229679921740953
63865,0.0178001090191653
63866,0.0175986169955476
63867,0.0354848215763683
63868,0.0748392775157181
63869,0.0246539081200398
63870,0.9320262507329532
63871,0.2778638622645172
63872,0.9479347614233764
63873,0.0846689152156118
63874,0.9328254799289928
63875,0.909492751502379
63876,0.9259753973989352
63877,0.0683500692466009
63878,0.0178154006705347
63879,0.0176033486595446
63880,0.0518196066551384
63881,0.0178450277134196
63882,0.0169263173410139
63883,0.0321497786411925
63884,0.0217037419537686
63885,0.8133722246889178
63886,0.0675011285423373
63887,0.9308950088232544
63888,0.9142177021119609
63889,0.1189981146565874
63890,0.4480901780139624
63891,0.0196442550239335
63892,0.023669301059589
63893,0.0191370511943602
63894,0.0458406695021485
63895,0.0157836689463449
63896,0.947181676154008
63897,0.0249116168136119
63898,0.2918164634145492
63899,0.0218468451152153
63900,0.0184334072548317
63901,0.0183975800485615
63902,0.0220565822934572
63903,0.0846559781291479
63904,0.0872371723457997
63905,0.0170614844214404
63906,0.0158603154617189
63907,0.0639878840006041
63908,0.2197105765577013
63909,0.0161368160499552
63910,0.8105468263939617
63911,0.0440017894379552
63912,0.02027664532003
63913,0.0291297531593977
63914,0.0161134141737139
63915,0.029471252763569
63916,0.0194780859061528
63917,0.0182343913273953
63918,0.0185661367660522
63919,0.0258112914453785
63920,0.0162790621916535
63921,0.0302902872268563
63922,0.2374071704263304
63923,0.0157393105284151
63924,0.0562746290145894
63925,0.0233313124318946
63926,0.0160393758513883
63927,0.0225426274410082
63928,0.1100315245937874
63929,0.0362057940631274
63930,0.0167726427528658
63931,0.9167869197905468
63932,0.0169780576540567
63933,0.0197388700248223
63934,0.022268211950448
63935,0.0594569965227697
63936,0.0346309387670535
63937,0.0303372710772945
63938,0.0392144670082955
63939,0.0171342487256808
63940,0.9462191588649952
63941,0.0207694384138107
63942,0.0220547082090697
63943,0.0632289037853343
63944,0.092845799006825
63945,0.0172368985973456
63946,0.0321406554802082
63947,0.0203319148830461
63948,0.0174073846409744
63949,0.025268959465546
63950,0.1271920514924838
63951,0.946193201810528
63952,0.0181772450162172
63953,0.0214139821714811
63954,0.018460868650256
63955,0.0175394414863144
63956,0.019496356803879
63957,0.0263097629330417
63958,0.055505130849023
63959,0.0217579276234701
63960,0.0170514288157087
63961,0.1276006754869864
63962,0.1079196095444618
63963,0.0450113828014181
63964,0.0292464445939622
63965,0.0171314368849352
63966,0.0210188938377979
63967,0.0200118946320953
63968,0.0499118742374056
63969,0.115808432311761
63970,0.0201828309537614
63971,0.0217709191102102
63972,0.0753213276210961
63973,0.9317090324260028
63974,0.0206131282225865
63975,0.0516903709046424
63976,0.0529678940741093
63977,0.0160256556246266
63978,0.0197447803877788
63979,0.0402705410265092
63980,0.0158018875759072
63981,0.0193674188878999
63982,0.0897334232824614
63983,0.018794255149613
63984,0.9477270375874648
63985,0.0165583832762127
63986,0.0194797593575296
63987,0.0171454460743005
63988,0.1854220808642254
63989,0.0235737159157011
63990,0.3076347001239249
63991,0.0297816296252171
63992,0.9476419642507984
63993,0.2471888490607431
63994,0.0364601717849699
63995,0.7898210961948496
63996,0.9196805985661204
63997,0.0230300036861875
63998,0.0165176628258647
63999,0.0387259714987008
64000,0.9421738930338488
64001,0.2256472028868482
64002,0.0422718205575545
64003,0.0167981267527626
64004,0.9354768159931656
64005,0.018772994065213
64006,0.9312931239234352
64007,0.0237474745158393
64008,0.0197315332601005
64009,0.0167966266742775
64010,0.0309182745078103
64011,0.1066840531984417
64012,0.0158589599405874
64013,0.0516675507995503
64014,0.9414903654058008
64015,0.0165720007836026
64016,0.0160407451659119
64017,0.9257060797477084
64018,0.9292115401617131
64019,0.0201936754261134
64020,0.0203091555321475
64021,0.0189760628561117
64022,0.2149780637150129
64023,0.0233079950922977
64024,0.0648214215137343
64025,0.0437551340892707
64026,0.0172227602315318
64027,0.0155442033720234
64028,0.941996803762058
64029,0.0938258692671147
64030,0.0168139845652781
64031,0.0171370718982692
64032,0.0189154997532297
64033,0.0255194299404905
64034,0.9292605769282324
64035,0.0312676218562591
64036,0.0385293347236622
64037,0.0922901569472192
64038,0.0687616615379599
64039,0.0208249557451996
64040,0.9215214030341968
64041,0.052544000363811
64042,0.0219580251836361
64043,0.0166062167973348
64044,0.0159184783747829
64045,0.0305705960127992
64046,0.0170671069628356
64047,0.0389644220859254
64048,0.018062063008786
64049,0.0185351183864313
64050,0.0158879181605159
64051,0.0216387441008753
64052,0.0193828290634791
64053,0.0194038945347301
64054,0.0167196294435046
64055,0.0284054626511971
64056,0.0185201942445045
64057,0.9348637183342324
64058,0.0181834838523269
64059,0.9470969552927824
64060,0.0183788263942163
64061,0.0244325055777362
64062,0.0237166334964146
64063,0.01585122504577
64064,0.0394184122137717
64065,0.0312219689007197
64066,0.0351182671651962
64067,0.0184393893601609
64068,0.0169546365275149
64069,0.4931559779299301
64070,0.9475570528994208
64071,0.057266479687601
64072,0.0256516501705495
64073,0.0185095030038743
64074,0.9218117963956194
64075,0.0185958463769672
64076,0.0537128171428209
64077,0.0338009769517148
64078,0.0210778281274875
64079,0.0519335902626714
64080,0.1120726796644476
64081,0.0170796163415241
64082,0.0182964073419025
64083,0.8981110836804034
64084,0.0250136769626744
64085,0.0181135508207794
64086,0.0196614910415971
64087,0.020940777848267
64088,0.0273057437605749
64089,0.0220411858525296
64090,0.0195193777542534
64091,0.0255453790120462
64092,0.0256082522492311
64093,0.0569351088150153
64094,0.074270471093652
64095,0.0207124603635624
64096,0.0190386464815519
64097,0.0216453271607541
64098,0.0205797737826366
64099,0.0192971050312497
64100,0.0165765625365815
64101,0.1510052275720169
64102,0.0251997077442862
64103,0.0309114708417533
64104,0.0210847901224925
64105,0.0291666589196797
64106,0.0208329494968595
64107,0.0882334492961094
64108,0.0181848768268569
64109,0.0851913037278763
64110,0.0602225374012691
64111,0.0241886290760662
64112,0.0210509507947053
64113,0.0180295184196306
64114,0.0182375766130275
64115,0.0193471255404111
64116,0.0174038893982853
64117,0.0218579853913454
64118,0.0165298422780608
64119,0.0209240596108051
64120,0.0182702592096621
64121,0.0724365667355707
64122,0.0182404138291693
64123,0.024618096738476
64124,0.0159227536081891
64125,0.0361139271461669
64126,0.0430992948649636
64127,0.0172306276705583
64128,0.0298988199012088
64129,0.0404212150704587
64130,0.0176418538884122
64131,0.0259406850510179
64132,0.1355980383062842
64133,0.0204120532406433
64134,0.0191474402134865
64135,0.0165880989202469
64136,0.039486667731438
64137,0.0906558572173221
64138,0.0156674335075809
64139,0.029324451720789
64140,0.0298178639407957
64141,0.0181174152349247
64142,0.0196673944620306
64143,0.935322985141504
64144,0.0182882615241432
64145,0.0381156930855089
64146,0.0165798990688086
64147,0.0222607332688625
64148,0.0468931333046566
64149,0.0187267373758004
64150,0.019276938355495
64151,0.9435383678798476
64152,0.0776846748888443
64153,0.0216564990368417
64154,0.2534221789418469
64155,0.0172132628642555
64156,0.0769496875506657
64157,0.0254469559256587
64158,0.026261785373964
64159,0.035662142486885
64160,0.0168515559969708
64161,0.0211160822624719
64162,0.9352480272001212
64163,0.017960403641164
64164,0.0410162888383892
64165,0.8870357096969715
64166,0.0162107609372732
64167,0.0237886919288796
64168,0.0167766842330992
64169,0.022780091734873
64170,0.0193243289950421
64171,0.0622546991775204
64172,0.9265466669053812
64173,0.0381126007480892
64174,0.0363735759914933
64175,0.0181591465714241
64176,0.0287298449366587
64177,0.0496830391072294
64178,0.026395529201724
64179,0.0192576400475783
64180,0.0211964059822599
64181,0.0192993972022028
64182,0.0368192433116241
64183,0.0343089126575245
64184,0.0437864633542793
64185,0.0162137374944503
64186,0.0408371483410935
64187,0.0171183384764747
64188,0.0181689146332192
64189,0.6691076684074055
64190,0.0491108028424275
64191,0.0495655531920838
64192,0.0176526307633165
64193,0.9368754728051052
64194,0.0216482452591957
64195,0.0212101195937859
64196,0.0195983955405665
64197,0.8670261710716574
64198,0.015937378941885
64199,0.0496545338717471
64200,0.0193711520076505
64201,0.0839717713314017
64202,0.0288847914551761
64203,0.0174463954694935
64204,0.0443252403701348
64205,0.0207715764450731
64206,0.059525549238449
64207,0.9322882603007404
64208,0.0815990452232803
64209,0.0870245493202243
64210,0.0182537741051347
64211,0.0465945140117676
64212,0.0168428065914623
64213,0.0162311743529418
64214,0.0197057204536132
64215,0.0210173495164219
64216,0.0167159564581033
64217,0.0252708664060125
64218,0.810088254801898
64219,0.0161542407761033
64220,0.0387638673299226
64221,0.2873564346019608
64222,0.0314040702692232
64223,0.0172834171104313
64224,0.6474563259645347
64225,0.0218184994707748
64226,0.0367024228218851
64227,0.0974202279443081
64228,0.0521648781276442
64229,0.9029636132466746
64230,0.3481571342147981
64231,0.0227288868854593
64232,0.0531698878121297
64233,0.0172006607718972
64234,0.0188366116763335
64235,0.0229050371445368
64236,0.0324725720697812
64237,0.0164606417016842
64238,0.0179570125443076
64239,0.0186257178697772
64240,0.0319288009139115
64241,0.0176026482982821
64242,0.0220330504506811
64243,0.0583909451239266
64244,0.6753364065231628
64245,0.0203872716723779
64246,0.0198279044409105
64247,0.0244863285253802
64248,0.0202555231545959
64249,0.051514311752843
64250,0.0293337806500073
64251,0.0306805874007916
64252,0.0235125517738254
64253,0.0625437290154476
64254,0.0182816601798472
64255,0.163786324334943
64256,0.0209712909708655
64257,0.0193243948251976
64258,0.0195896145475104
64259,0.0190628717358389
64260,0.0225068879016398
64261,0.022531256010462
64262,0.0183838406605579
64263,0.0249232856971303
64264,0.0158307274821129
64265,0.2864584872320141
64266,0.0347990254088196
64267,0.0155927005842483
64268,0.0176380636444785
64269,0.0249971535110749
64270,0.0258229966055415
64271,0.9366925565238244
64272,0.0368787783163385
64273,0.0166964645817714
64274,0.0569482318365744
64275,0.0165038628835935
64276,0.3775335858546248
64277,0.0202568653744985
64278,0.0171844454421432
64279,0.0193352385367765
64280,0.0206677621829722
64281,0.0754152829446935
64282,0.921379433042338
64283,0.0173698107476156
64284,0.1134922895789416
64285,0.1759983723446064
64286,0.0189353635194443
64287,0.0234636272002716
64288,0.0485277994928201
64289,0.0272645787406984
64290,0.0173644758087621
64291,0.0348799315293826
64292,0.0197112078479825
64293,0.022729934042558
64294,0.9405843477131746
64295,0.93953377750919
64296,0.0246237874715847
64297,0.0184621619601486
64298,0.0345313361450104
64299,0.0187396154305555
64300,0.9464836302106048
64301,0.0291784684319566
64302,0.0166685877246393
64303,0.0421072711614261
64304,0.0172105961224629
64305,0.0208237804762807
64306,0.365365794863598
64307,0.0218911334641474
64308,0.02793502784392
64309,0.7634871522854871
64310,0.0593403855617712
64311,0.3146878977372343
64312,0.6203193748368988
64313,0.0157267107564918
64314,0.0175522174332136
64315,0.0245155182572586
64316,0.0185898885810792
64317,0.1406789830358688
64318,0.0528513636611985
64319,0.0254800625843981
64320,0.0354629444111988
64321,0.0202693158284586
64322,0.0192571583620153
64323,0.0170959747406483
64324,0.0556303431489
64325,0.0208195660775257
64326,0.0201167944316209
64327,0.944778732255936
64328,0.0178928352088231
64329,0.5811347776491644
64330,0.1502793251555993
64331,0.0176823355772697
64332,0.4064617746728234
64333,0.0289653685115902
64334,0.0386604564204814
64335,0.0156876331027763
64336,0.0173968770932632
64337,0.0683519620853023
64338,0.9342654813244632
64339,0.0435480344382208
64340,0.9442134218017724
64341,0.0224674852198335
64342,0.0182036658166119
64343,0.0468235744137166
64344,0.8299147628648137
64345,0.0181410208647697
64346,0.0456177028488102
64347,0.0164746026622346
64348,0.9398078379723034
64349,0.0285048855102562
64350,0.267380006843098
64351,0.0369206452615887
64352,0.0168813225492684
64353,0.0169224185504322
64354,0.0160133312350895
64355,0.0164705069808594
64356,0.0773986877205097
64357,0.0192931269059724
64358,0.0317394149700712
64359,0.0456261718965436
64360,0.0310342714455437
64361,0.0219599982844246
64362,0.0188767306775148
64363,0.0203218615240996
64364,0.0349672975489726
64365,0.0693994846009666
64366,0.0157632739330295
64367,0.0597982369746748
64368,0.0221240571765839
64369,0.0366775084576259
64370,0.0259568879372675
64371,0.0664296274848943
64372,0.0572742044021513
64373,0.02561994226225
64374,0.0293381354891932
64375,0.0192305342872494
64376,0.0261749805604101
64377,0.0163288386079641
64378,0.0229475202589406
64379,0.0170976934695789
64380,0.0177939829133528
64381,0.0175115361733729
64382,0.0678051150043083
64383,0.0208758654244092
64384,0.0276698004114402
64385,0.0579252145001182
64386,0.0536059985364385
64387,0.0272725762514721
64388,0.0156121867307568
64389,0.218925354445702
64390,0.0163277070519582
64391,0.025133872444163
64392,0.9418492690132484
64393,0.0189285418407632
64394,0.0164285603280896
64395,0.1012532151395669
64396,0.0223236130327818
64397,0.0196817424828732
64398,0.0340978608924036
64399,0.029987171426528
64400,0.947788201219616
64401,0.01680207313498
64402,0.0159356689735512
64403,0.0347302826979264
64404,0.0213746949692581
64405,0.0185072302353397
64406,0.0157613737348626
64407,0.1048900947915332
64408,0.9472981076211252
64409,0.0196273408896711
64410,0.0280613388822368
64411,0.0178204869389496
64412,0.4044155240337242
64413,0.0165386500335248
64414,0.9414797534924356
64415,0.0723611365688858
64416,0.0173671219394355
64417,0.1328353474162816
64418,0.027846829845843
64419,0.0174823560162124
64420,0.0176385775711557
64421,0.065904969871454
64422,0.021146579566125
64423,0.0299870852777811
64424,0.0187428345703068
64425,0.0492453112888712
64426,0.0313191911286764
64427,0.0896407391447934
64428,0.0157026738478772
64429,0.0167853519578882
64430,0.0182690893314695
64431,0.935985263484672
64432,0.0515376526056331
64433,0.0184374820768733
64434,0.0239996850330185
64435,0.0240200058909635
64436,0.0215501537524223
64437,0.1257974515094395
64438,0.0177952776047843
64439,0.0282607467168636
64440,0.0167998006538196
64441,0.015776455189565
64442,0.0253913086976136
64443,0.026884881218105
64444,0.0200363756517425
64445,0.0527938325006517
64446,0.0283843208704232
64447,0.4714580570736292
64448,0.0258020483428877
64449,0.0272566713173445
64450,0.3360146385251213
64451,0.0182893131500851
64452,0.9471267818864904
64453,0.0172040879302278
64454,0.0213370046703362
64455,0.1117173313390721
64456,0.0195379774023189
64457,0.9411603738538398
64458,0.0163885493704888
64459,0.0173325138097509
64460,0.2349280738187216
64461,0.016160361679053
64462,0.022222620350426
64463,0.0180914938700122
64464,0.0262404213584673
64465,0.9376776753413268
64466,0.0240163620400393
64467,0.0166427282090299
64468,0.0176720590700158
64469,0.015677946053059
64470,0.0193639337799444
64471,0.0163947132348554
64472,0.0261757958998349
64473,0.8718892644353697
64474,0.1023911260075179
64475,0.9175022941197288
64476,0.0484083043247371
64477,0.116590127367408
64478,0.0683726410374903
64479,0.0448338798884313
64480,0.0353619237198984
64481,0.0170045555555983
64482,0.084277753195067
64483,0.0533164469425114
64484,0.0199091075527964
64485,0.0575126607827825
64486,0.0256181985344798
64487,0.020518813390747
64488,0.0198473469004663
64489,0.0306611268038148
64490,0.0365671028054475
64491,0.0170888201950029
64492,0.0230991037220288
64493,0.0890267350539208
64494,0.0170380033191654
64495,0.0174390678522635
64496,0.0161374107811523
64497,0.019658843386869
64498,0.0293383416995527
64499,0.0158848228330365
64500,0.030911238091542
64501,0.0334249909230465
64502,0.1125725401964293
64503,0.0241644727517396
64504,0.0231426983888935
64505,0.0878904047586099
64506,0.944703440282143
64507,0.0289124624928956
64508,0.0228849463293756
64509,0.9303234318964768
64510,0.0165067228342261
64511,0.0195570262905165
64512,0.0175055247600661
64513,0.0193294815249379
64514,0.0174542108087367
64515,0.0261400055090015
64516,0.0173045755291524
64517,0.0166621200945881
64518,0.0167700804578769
64519,0.0169878137781714
64520,0.0190472556949196
64521,0.0279283364278845
64522,0.0162509168187338
64523,0.0240801170670811
64524,0.0192816383506626
64525,0.050503526175538
64526,0.015882467790057
64527,0.0183562916266716
64528,0.0231689789939451
64529,0.0181516003338039
64530,0.024983473031378
64531,0.0400043174127952
64532,0.016072340254569
64533,0.018726968976618
64534,0.1826823685727762
64535,0.0646146974497551
64536,0.0212892838617164
64537,0.0232948149674381
64538,0.0160411946431883
64539,0.9434354946507209
64540,0.0246551807265351
64541,0.0190042227766862
64542,0.0185579370249849
64543,0.0259255876827773
64544,0.0234362282058597
64545,0.0274111867428656
64546,0.1110520053398737
64547,0.1174428131135083
64548,0.1682619645626564
64549,0.020297917809348
64550,0.0426590822405683
64551,0.017729275532697
64552,0.0268298543187308
64553,0.0346544920391436
64554,0.017262157783537
64555,0.019869095874271
64556,0.0167077098149755
64557,0.0191295931298381
64558,0.9343632898116476
64559,0.019939177253978
64560,0.0175550265148222
64561,0.0465237096196635
64562,0.0469910825053462
64563,0.0163765103346943
64564,0.0174342144658175
64565,0.9369624705918574
64566,0.0436276625816697
64567,0.2787176414461141
64568,0.0537245536825173
64569,0.0241690546733762
64570,0.0280369791574083
64571,0.0346627251960721
64572,0.9129895771480968
64573,0.0217520463416115
64574,0.0312694476824685
64575,0.0176107761052878
64576,0.5746551831451674
64577,0.0276135666819128
64578,0.0169704151287828
64579,0.0178465178953704
64580,0.0191390890437261
64581,0.0164047783989529
64582,0.0180668879248807
64583,0.0409782315372496
64584,0.0159756868275121
64585,0.0590938472741599
64586,0.0230093924057707
64587,0.0315249248902622
64588,0.0171540787243905
64589,0.0190302735812996
64590,0.9183553589937848
64591,0.016947457400799
64592,0.0180597214703024
64593,0.0178281979298151
64594,0.0183641951509823
64595,0.0206298123216645
64596,0.01708086517922
64597,0.9328164546213176
64598,0.0239942100497714
64599,0.9426737558179452
64600,0.0847970265539185
64601,0.9408599886938444
64602,0.0242561219000521
64603,0.0218909718787342
64604,0.9380863797550713
64605,0.0168382132474773
64606,0.0173797253815398
64607,0.177133428573076
64608,0.0270958581104344
64609,0.2614984940951984
64610,0.0177495245213847
64611,0.0160068558503596
64612,0.0302593001143719
64613,0.0217626994128968
64614,0.0264108157035876
64615,0.0275847112056898
64616,0.9460704847293256
64617,0.01726823865396
64618,0.0161723726403667
64619,0.0198275730723971
64620,0.0680411520118912
64621,0.03195758103445
64622,0.0215358755691242
64623,0.0363578283165893
64624,0.0188307175215406
64625,0.9317927152300358
64626,0.0343202718976114
64627,0.1018641110476687
64628,0.172469773343469
64629,0.0189386472875103
64630,0.0686748065092309
64631,0.0168731614532485
64632,0.0162365442627317
64633,0.0234203116790843
64634,0.9419082014157462
64635,0.0282356213826218
64636,0.0169672053844475
64637,0.0176167227152671
64638,0.0177441735408657
64639,0.9442259440778944
64640,0.1196012390908137
64641,0.0170019130149067
64642,0.0672005676603155
64643,0.0253565059614272
64644,0.036602988397442
64645,0.0180317742337574
64646,0.0316764646336951
64647,0.0305872284309148
64648,0.0164116926201531
64649,0.0344658975695029
64650,0.9420797359472148
64651,0.0670718281614192
64652,0.020231267779079
64653,0.0276000922962117
64654,0.9463841961334925
64655,0.0192650054342872
64656,0.0162854411293752
64657,0.086489479219272
64658,0.0179740704249882
64659,0.0215748211328359
64660,0.0291926811718362
64661,0.0176791710164444
64662,0.2696139135524303
64663,0.0220252297138008
64664,0.0515489311813943
64665,0.0330786191016248
64666,0.0182379984569247
64667,0.0220729012620964
64668,0.154490315729592
64669,0.0206465329526644
64670,0.2659211627246527
64671,0.0519600397571639
64672,0.026380114599044
64673,0.0224173689259683
64674,0.6687971967220514
64675,0.0224393513796659
64676,0.054688112772986
64677,0.0166979880371459
64678,0.0253802664458817
64679,0.0160119912782715
64680,0.944253509587465
64681,0.015967773816755
64682,0.0236331563218327
64683,0.017684998099742
64684,0.0161551196749543
64685,0.0252667507640773
64686,0.0169735160547543
64687,0.127601587109823
64688,0.2918151473095249
64689,0.945766768038496
64690,0.0160557003412534
64691,0.0163953359437851
64692,0.0181677607865977
64693,0.0177812555539249
64694,0.0306914536892011
64695,0.9222130237365246
64696,0.4471493879832737
64697,0.0207661578049137
64698,0.0246072990030244
64699,0.0233989497416002
64700,0.0190378455159231
64701,0.075753432386743
64702,0.0219424088983506
64703,0.1501049516768284
64704,0.0501993848983671
64705,0.9470776389257424
64706,0.0170916868798535
64707,0.0176031974562729
64708,0.0216467679710678
64709,0.0161703300161756
64710,0.0242238224201941
64711,0.017432917835558
64712,0.0265044336870083
64713,0.1097734582766662
64714,0.0190118649235963
64715,0.0749696587696766
64716,0.165764308058142
64717,0.146932085935894
64718,0.0493991321237667
64719,0.0197924966765363
64720,0.0191629005307513
64721,0.0614801702952869
64722,0.0284427606309915
64723,0.0175661517787013
64724,0.023575576748892
64725,0.0168542458794688
64726,0.0176747654878617
64727,0.0221992067982407
64728,0.9335648384870096
64729,0.0279264872089568
64730,0.0176878093727347
64731,0.0197645208839096
64732,0.583122717275759
64733,0.9286674323409896
64734,0.5931583745387342
64735,0.0155817606510361
64736,0.1073890756242633
64737,0.0196367100369522
64738,0.945372111052374
64739,0.9464306771575616
64740,0.0433765609142634
64741,0.0688386867001961
64742,0.0180087710063718
64743,0.0193730520413622
64744,0.0182541639900897
64745,0.0342683999043839
64746,0.9084563176166094
64747,0.016573799236628
64748,0.0158789043472497
64749,0.0162164180709022
64750,0.0187104754990181
64751,0.0191736837186258
64752,0.8880807994185861
64753,0.020011169634055
64754,0.0568229031125502
64755,0.0155820366249003
64756,0.033892656285433
64757,0.023265116618285
64758,0.0298337450135007
64759,0.019385197203237
64760,0.0179769701345039
64761,0.0166461937994867
64762,0.0756200037853036
64763,0.016673454000975
64764,0.4239267422439922
64765,0.0358030119270662
64766,0.0548539491038632
64767,0.0169843835436219
64768,0.0818105791233307
64769,0.0299753835046293
64770,0.5067593565990597
64771,0.0322463685574585
64772,0.0873239637803076
64773,0.9325860002837614
64774,0.0195130736995789
64775,0.0169499243344983
64776,0.0172571760030751
64777,0.0166215305449997
64778,0.9343331764514776
64779,0.0194606960025893
64780,0.0770856053503469
64781,0.9453821519435456
64782,0.0179250041111971
64783,0.0203337476124811
64784,0.043506991999302
64785,0.0170979583807111
64786,0.0175488964201345
64787,0.0508484799205153
64788,0.0383549085554877
64789,0.018287169340555
64790,0.0186455432358252
64791,0.0200367492328886
64792,0.0164866237337778
64793,0.0317794964283672
64794,0.0165764182869083
64795,0.0168886405097646
64796,0.0588723582409524
64797,0.0226705241371259
64798,0.0171549208861742
64799,0.0349354853287805
64800,0.0171827426995358
64801,0.0883998904945033
64802,0.02101622797655
64803,0.0223943538257293
64804,0.0176968340142826
64805,0.0260083618276152
64806,0.0158996376183049
64807,0.023055749572747
64808,0.0259411608748261
64809,0.1616401188715086
64810,0.0854649958708445
64811,0.0265220598441546
64812,0.218990271190573
64813,0.9373900676269988
64814,0.0235382822270524
64815,0.0165657111917439
64816,0.0647938700335919
64817,0.1341940210069853
64818,0.0197772018401993
64819,0.0227001730377289
64820,0.0174861314733654
64821,0.0237004739125703
64822,0.0512485585112045
64823,0.0168889774146061
64824,0.0224695529642945
64825,0.0203120762626095
64826,0.4028618295204509
64827,0.0180190712548984
64828,0.0190443461594706
64829,0.0211645345953674
64830,0.0275733181688439
64831,0.0411343088071192
64832,0.3138289147477923
64833,0.0298058428218322
64834,0.0328607450538343
64835,0.0171930392567187
64836,0.0232976151726953
64837,0.022290915302677
64838,0.0225657534644443
64839,0.0827252385674842
64840,0.1090875401159016
64841,0.0199784180055776
64842,0.3851166487862831
64843,0.0230441340379409
64844,0.0201493843519782
64845,0.0178502725814099
64846,0.0215874273971399
64847,0.0156547420863787
64848,0.3134170271455001
64849,0.0156450442828267
64850,0.0180340466657407
64851,0.0526686150619637
64852,0.0177716014713647
64853,0.019744917812631
64854,0.0534402473985366
64855,0.0199597159506096
64856,0.0265053677892703
64857,0.0179176853967277
64858,0.0245805457954159
64859,0.0179217408621788
64860,0.0245593165306581
64861,0.0164135170822734
64862,0.0214492997834737
64863,0.0157245057702172
64864,0.0177981739709598
64865,0.0318761810453782
64866,0.0177228479184119
64867,0.0228302674243932
64868,0.1051143004856053
64869,0.0214649604294068
64870,0.0184276121350569
64871,0.0201128720614103
64872,0.0172918611015896
64873,0.0797985130161728
64874,0.1665759151610107
64875,0.0190273543856655
64876,0.0356379920261884
64877,0.0294309405265039
64878,0.0163173827491415
64879,0.0172109668768166
64880,0.0208661906082213
64881,0.0509836935341842
64882,0.0428839535749958
64883,0.0652595017084096
64884,0.0590371486886448
64885,0.0935114944337494
64886,0.0166205396394284
64887,0.0990179506639799
64888,0.0165620069598589
64889,0.9417204922212112
64890,0.0291886533048426
64891,0.0251912073784069
64892,0.0451835062013168
64893,0.0275801188409646
64894,0.2674750419399748
64895,0.0271509548187637
64896,0.0473044743556049
64897,0.02173517354165
64898,0.9481878969231522
64899,0.0595775137109588
64900,0.0307389516441148
64901,0.0196507620446242
64902,0.877661722168275
64903,0.0209793277093452
64904,0.0231135338939034
64905,0.9448003770924596
64906,0.93152232351301
64907,0.0201609519503422
64908,0.0323945384845408
64909,0.0164324594972589
64910,0.0172242538031506
64911,0.0174254072469887
64912,0.0476037673258384
64913,0.050249823986124
64914,0.053720237856566
64915,0.0175551209439966
64916,0.5109157901318252
64917,0.0228768882011915
64918,0.0175966203069505
64919,0.0159715472613263
64920,0.0175547948344541
64921,0.0384320967853272
64922,0.0260545764185302
64923,0.3236106379683298
64924,0.2915315638848198
64925,0.9383987577084076
64926,0.0176839560219919
64927,0.0625577991867439
64928,0.0211618886588544
64929,0.0191161406391422
64930,0.0173207437466012
64931,0.0161513219181148
64932,0.0176108125132941
64933,0.0458842720728055
64934,0.0161034626766292
64935,0.0167037024386748
64936,0.0160313207842667
64937,0.08347400411938
64938,0.0381711706548063
64939,0.9271707149712084
64940,0.0163157414252033
64941,0.4925088755659988
64942,0.0241871067667142
64943,0.1088927948821861
64944,0.0166084496957144
64945,0.0156776425518059
64946,0.0250710318977511
64947,0.0198129196929066
64948,0.0228975271242792
64949,0.0166886002663891
64950,0.0213695517290946
64951,0.9205146485686162
64952,0.0161221995790952
64953,0.0196177702550974
64954,0.0176960835921707
64955,0.0804633232820546
64956,0.0186761344817077
64957,0.0235058493848906
64958,0.0298352519312049
64959,0.0169322815804958
64960,0.030284263299433
64961,0.0748043230208753
64962,0.0190645884821232
64963,0.8856034604535742
64964,0.0159814706466148
64965,0.0222859250332973
64966,0.0188664086842571
64967,0.1009917538379772
64968,0.0215547558823211
64969,0.0274016629559212
64970,0.29512627693031
64971,0.0989897387105959
64972,0.0266222398717343
64973,0.1232895970788692
64974,0.0211788292166334
64975,0.0259617664349804
64976,0.090718817134439
64977,0.0476320470537891
64978,0.017034607157537
64979,0.938760107318506
64980,0.0228996501820535
64981,0.0202589645943645
64982,0.1032758069730408
64983,0.0314722522070039
64984,0.016027820159577
64985,0.0200581113767245
64986,0.0202717518362174
64987,0.0217285626019442
64988,0.0171349108795887
64989,0.0200927995205203
64990,0.0271466901300685
64991,0.0168134737639599
64992,0.0620885695422699
64993,0.0179907727865629
64994,0.0249123410231221
64995,0.068697969997471
64996,0.591680598211612
64997,0.9153692426708712
64998,0.0253597869124537
64999,0.016355248420918
65000,0.917492934481538
65001,0.0520621523935918
65002,0.0166524228917196
65003,0.748660620635117
65004,0.0193908167949639
65005,0.2451927290510791
65006,0.0358817796148716
65007,0.2199639419672999
65008,0.0252762909044541
65009,0.9183505796381682
65010,0.0202324961948025
65011,0.0273058610671335
65012,0.3943832704671571
65013,0.0173386940124317
65014,0.0238938502326417
65015,0.0740089585547082
65016,0.1539649287969064
65017,0.928527741925384
65018,0.017946980541122
65019,0.0377255337213541
65020,0.0290315448571814
65021,0.0168767629789242
65022,0.018872136735525
65023,0.0170191548472997
65024,0.020497242380574
65025,0.0477857310752577
65026,0.1360318080494391
65027,0.0670228380821491
65028,0.2782999973161116
65029,0.0186236808449351
65030,0.0156401244829875
65031,0.0189902279852819
65032,0.0871766798448391
65033,0.0903516574870385
65034,0.922287438199847
65035,0.6727483154774294
65036,0.0219720317568144
65037,0.946316084978272
65038,0.0221472389406494
65039,0.0859925771576941
65040,0.1990451033730877
65041,0.0161285069461156
65042,0.0189207085824717
65043,0.0218136079584129
65044,0.2333597074690563
65045,0.0483898036640263
65046,0.0197363172720465
65047,0.0170105159655659
65048,0.0188789350728989
65049,0.0248864518550204
65050,0.0156890847834646
65051,0.0584224521680255
65052,0.0681014133350543
65053,0.0173252433677475
65054,0.0160659176267038
65055,0.0298651311660756
65056,0.0459504301523054
65057,0.017396627992892
65058,0.016922659068264
65059,0.832807224476078
65060,0.0164737602248382
65061,0.9441332934983296
65062,0.0196715687220497
65063,0.1290668458799939
65064,0.9435696150031846
65065,0.0159923140799842
65066,0.017916999498013
65067,0.0189369054315988
65068,0.0293882903376203
65069,0.0173824055212748
65070,0.0184403436522739
65071,0.2121256962869695
65072,0.1351591504861854
65073,0.0428794743108068
65074,0.9396800203344116
65075,0.0276876195440454
65076,0.0177546567836388
65077,0.0208257978178627
65078,0.0214504391431144
65079,0.021271391721252
65080,0.0200920096909654
65081,0.0274652596365262
65082,0.0304868506109957
65083,0.0185099662700233
65084,0.3316328558890418
65085,0.018133687742349
65086,0.0249357943540428
65087,0.0178598340555918
65088,0.0204159337349021
65089,0.0274197104973527
65090,0.8935695323660191
65091,0.0264543377568318
65092,0.0166999943307454
65093,0.0181138623562717
65094,0.1486960262238313
65095,0.0171284198716395
65096,0.0209088097058289
65097,0.125573456047224
65098,0.019037064054178
65099,0.0204955685194772
65100,0.0376074061530966
65101,0.0429077880706068
65102,0.0155624809033969
65103,0.1415831463751986
65104,0.0222135140264706
65105,0.0161939521957289
65106,0.9237060708010878
65107,0.0232824859207288
65108,0.0523492525174533
65109,0.0350669383003527
65110,0.0167057751315417
65111,0.0227776420507454
65112,0.039663831181846
65113,0.0158242461336795
65114,0.0219699757183755
65115,0.9467395097026944
65116,0.0236525634142862
65117,0.0236682732145086
65118,0.9373341412395002
65119,0.074569664150715
65120,0.9433907693641276
65121,0.017507603265414
65122,0.0182510363489952
65123,0.9373700641381916
65124,0.0158761919148013
65125,0.017383168497944
65126,0.4913164828607491
65127,0.1288093645237361
65128,0.0199177330150051
65129,0.0205025214289296
65130,0.0388933969512665
65131,0.0284042832528808
65132,0.937022270214958
65133,0.0163948910634306
65134,0.0478401989729529
65135,0.0167510168009644
65136,0.9188805520143536
65137,0.0189115185347148
65138,0.0212533259162977
65139,0.0222103677705685
65140,0.0233742590581677
65141,0.020797172031657
65142,0.021784447618855
65143,0.9473737078193204
65144,0.0185030935290178
65145,0.136957190789516
65146,0.0762189107142707
65147,0.0205335681563811
65148,0.0189624552431933
65149,0.0371542825705159
65150,0.0470463309203917
65151,0.017406884769951
65152,0.0273980891204866
65153,0.01765141787239
65154,0.0163177710735117
65155,0.024899862399857
65156,0.0205616402243805
65157,0.0165843949411548
65158,0.0176700836384683
65159,0.017450279282651
65160,0.0166655678484304
65161,0.0220943584770029
65162,0.0422726133062258
65163,0.0217917416401303
65164,0.1056425587583822
65165,0.9284335801877144
65166,0.0242289098290358
65167,0.0195605926188508
65168,0.0170315466347855
65169,0.0228652383555851
65170,0.0185404610254568
65171,0.0187640942621295
65172,0.0164704285685998
65173,0.0167456811695782
65174,0.017221001295534
65175,0.0180772615278899
65176,0.0182489338335038
65177,0.0208421970162645
65178,0.0234112110509548
65179,0.0166117930371124
65180,0.0225345824024102
65181,0.0185035949565875
65182,0.0921021302497454
65183,0.0265591117287541
65184,0.0320362676725243
65185,0.0170201233511861
65186,0.8943017901302809
65187,0.0177033607079754
65188,0.0431503772551504
65189,0.0226850502124425
65190,0.0195201801511557
65191,0.0170304230409607
65192,0.0215833852694276
65193,0.016781017620792
65194,0.0183144004014043
65195,0.0176392838622571
65196,0.0387616737229995
65197,0.0205322695526894
65198,0.0416743809334072
65199,0.0582742693863309
65200,0.0352648496294321
65201,0.0377860055280306
65202,0.0408044128779184
65203,0.0260121080231949
65204,0.0180818078758302
65205,0.0566739188644376
65206,0.019375450585797
65207,0.442662294804055
65208,0.0291082561459565
65209,0.0687781821577172
65210,0.018051146240985
65211,0.3369531442027197
65212,0.0174631738801715
65213,0.0207984766547499
65214,0.0354797734691906
65215,0.0839806951801142
65216,0.0158345509234868
65217,0.0634771453399935
65218,0.0213601379153266
65219,0.0217932636136614
65220,0.0163225178794378
65221,0.0184419460352377
65222,0.9251175157353072
65223,0.0209701032252887
65224,0.0164646090469921
65225,0.0397149686922917
65226,0.9272847003364438
65227,0.0190036425878441
65228,0.0437021501520395
65229,0.0336398213920279
65230,0.0162869345539866
65231,0.945775038450988
65232,0.947634063716138
65233,0.9336322863696994
65234,0.0563339687750233
65235,0.946669924339101
65236,0.0220190420274459
65237,0.9360810049017724
65238,0.0262381715130378
65239,0.9425281930666876
65240,0.035359218109627
65241,0.019195635445544
65242,0.0160527249921766
65243,0.0160507390838602
65244,0.1853735557246739
65245,0.015978993333702
65246,0.0202308862872785
65247,0.0187290518113081
65248,0.1236592579133512
65249,0.0436683881020292
65250,0.5589119350362178
65251,0.0185492921649941
65252,0.9406616228010009
65253,0.0212132843283802
65254,0.0175326391415081
65255,0.0179819918616595
65256,0.1099645553104613
65257,0.0181645533114835
65258,0.02280650062015
65259,0.0271626502703883
65260,0.0256048935986511
65261,0.0157033371179127
65262,0.0665249721309106
65263,0.939873106784568
65264,0.0197588794561034
65265,0.0618659956246148
65266,0.9018945694799084
65267,0.9471536169269904
65268,0.021322778025694
65269,0.0167666564800567
65270,0.0184810961724566
65271,0.9339910800740112
65272,0.0262937412094689
65273,0.0167525702506959
65274,0.0297932157267169
65275,0.0412200085325227
65276,0.0190601001997053
65277,0.0183556887361932
65278,0.0265184649928692
65279,0.0193116315739212
65280,0.0213405470195171
65281,0.0177431463963211
65282,0.0275942584180215
65283,0.0175585048445656
65284,0.3072299755449021
65285,0.0251694157510779
65286,0.0613733439117441
65287,0.0203009696998974
65288,0.0156831450710819
65289,0.0162790445727853
65290,0.0188353591184025
65291,0.0211695231724779
65292,0.0652820564014773
65293,0.532399533854737
65294,0.0195920506749044
65295,0.0663894260914288
65296,0.0210815947388715
65297,0.0165791850795254
65298,0.0233433345566179
65299,0.015707570388297
65300,0.0167998418881461
65301,0.0203791479691166
65302,0.0267890262807963
65303,0.0242617060366784
65304,0.0179091911933461
65305,0.0269748892846264
65306,0.0469647619552823
65307,0.0783025389989991
65308,0.0178562311474838
65309,0.0379215078270192
65310,0.0176422120208673
65311,0.0173667443372921
65312,0.0634681201612321
65313,0.0233425398710802
65314,0.0298152758174803
65315,0.0689335158592873
65316,0.0244806451797896
65317,0.0182872843373723
65318,0.0174400482136897
65319,0.940159463680754
65320,0.0737517725608852
65321,0.1476255794162831
65322,0.9402514498909084
65323,0.0271804849040547
65324,0.0185829527580379
65325,0.0264542094620653
65326,0.395416329619931
65327,0.0171881729712345
65328,0.0165991430501623
65329,0.0172865678421518
65330,0.019869739148018
65331,0.9173668061139876
65332,0.0587719842661131
65333,0.0163512914040773
65334,0.015666850450757
65335,0.0219224463822597
65336,0.0500561916381446
65337,0.0174787702960123
65338,0.0203867789713958
65339,0.0206036504208989
65340,0.0247203021058118
65341,0.025295218284294
65342,0.0167957493030118
65343,0.0315360922947253
65344,0.0896214077054859
65345,0.0327176319819941
65346,0.0173404304952531
65347,0.9348323999007672
65348,0.0303527960614431
65349,0.0212828106076104
65350,0.0177682107587782
65351,0.020948620982182
65352,0.0169942091989522
65353,0.0236157090351829
65354,0.0170708027594774
65355,0.0212139234385763
65356,0.0809903400691066
65357,0.017459802708532
65358,0.0206456216995694
65359,0.0245101417976035
65360,0.0225598522714029
65361,0.0164668301932198
65362,0.0242410427824465
65363,0.0176092682881914
65364,0.1765623014149712
65365,0.0181434785598443
65366,0.916880471919458
65367,0.0230933711133152
65368,0.0160386308991809
65369,0.0822364455595401
65370,0.0437074928351079
65371,0.0248368633788761
65372,0.0268155642245507
65373,0.0202773218722573
65374,0.0333032602693895
65375,0.0173781536557249
65376,0.0706968826195116
65377,0.0664165056245844
65378,0.0197915092817632
65379,0.024767798228515
65380,0.0157788147206969
65381,0.0170022765782363
65382,0.0171623844340987
65383,0.9321487883335052
65384,0.023260064477922
65385,0.0165262756882809
65386,0.0312179551587979
65387,0.9276534264156012
65388,0.9448565627254704
65389,0.031597267012884
65390,0.0526874416264105
65391,0.0163612901106198
65392,0.4206242143019044
65393,0.0177755467510812
65394,0.0296715343111201
65395,0.3870045745067499
65396,0.0176924229266512
65397,0.0176119771716799
65398,0.93907080782027
65399,0.920567457693122
65400,0.0158334732794271
65401,0.020301266468478
65402,0.018138765617983
65403,0.0159456162751915
65404,0.926438125680998
65405,0.0255979902824375
65406,0.0222231270859507
65407,0.0171063573085838
65408,0.0378306568179294
65409,0.0356282646703695
65410,0.0174590345521209
65411,0.0211124870240439
65412,0.0197507215120685
65413,0.0252676450581906
65414,0.0234769114185283
65415,0.0350228997737948
65416,0.0371147313618037
65417,0.023169739605289
65418,0.0209717548683193
65419,0.9472141386581716
65420,0.0307603319423036
65421,0.0933829024029321
65422,0.0251084124819995
65423,0.0170431011382837
65424,0.0188588024552745
65425,0.0427144190172733
65426,0.0861675545208218
65427,0.021330132332899
65428,0.0164783894296121
65429,0.0160103912634251
65430,0.0243323113137697
65431,0.0177367648054593
65432,0.0765969293934144
65433,0.9406599902753192
65434,0.361195372880135
65435,0.0214659015208137
65436,0.9342588552716168
65437,0.0257772316168714
65438,0.0997000442037213
65439,0.9274787704655062
65440,0.0211921407054525
65441,0.9259821820735148
65442,0.0160898482221659
65443,0.0627463913129811
65444,0.0402465858858331
65445,0.017996365962211
65446,0.0184522118536454
65447,0.0192788150093214
65448,0.0726609538358669
65449,0.9413737119876268
65450,0.0217405012134923
65451,0.0218655601523488
65452,0.4760469083706546
65453,0.02449290777208
65454,0.0178333663529951
65455,0.0280656462812914
65456,0.9425084612705964
65457,0.0196756177130812
65458,0.0211713778066866
65459,0.1382551792232179
65460,0.018114464366414
65461,0.1618089807124329
65462,0.0753649516147106
65463,0.0220279981156902
65464,0.0161381559043718
65465,0.0831574430666783
65466,0.0252049322432383
65467,0.9433251442954862
65468,0.1086533800090414
65469,0.0172706345227858
65470,0.0838798885428334
65471,0.938568399526539
65472,0.08348615973798
65473,0.0180874354605842
65474,0.1112576485175483
65475,0.0327461091799914
65476,0.0595769079396206
65477,0.9434413335689104
65478,0.0184248553093506
65479,0.0164656948434966
65480,0.0371750968231221
65481,0.8812046254575869
65482,0.0419084436817853
65483,0.0184843274884764
65484,0.023944252572316
65485,0.0222783909940225
65486,0.0921953437435492
65487,0.0280292899326218
65488,0.0167965748041359
65489,0.0228314926673574
65490,0.94842180531838
65491,0.0164996514107291
65492,0.0167190915404818
65493,0.1155185373965725
65494,0.0193187722223094
65495,0.0364903841425328
65496,0.0201802126240923
65497,0.0171791278714039
65498,0.040060192613667
65499,0.0283866532399476
65500,0.0181418916375853
65501,0.93595292979795
65502,0.0799089271452112
65503,0.2260541624094307
65504,0.0189501047746946
65505,0.9259653926629168
65506,0.0180856192442087
65507,0.0268734948689067
65508,0.0168521854994708
65509,0.0272289520493182
65510,0.0753330366584723
65511,0.0504488028707925
65512,0.026226463552229
65513,0.0172293742111771
65514,0.0240688189454216
65515,0.893209072090716
65516,0.0229096794522654
65517,0.0341785178408323
65518,0.0313883018987886
65519,0.0172424249655508
65520,0.0202189188285608
65521,0.9157867369628226
65522,0.0730312239829998
65523,0.0184325784991153
65524,0.0330344213726543
65525,0.0169887108850323
65526,0.016292272966348
65527,0.0570793745007961
65528,0.0194443269826019
65529,0.019417651079463
65530,0.0172293321087618
65531,0.0160717137000391
65532,0.0254635096687336
65533,0.0627510756460105
65534,0.016280646386928
65535,0.0167847226617599
65536,0.0425033950006898
65537,0.0162778485827364
65538,0.0321821673493844
65539,0.0155706372296311
65540,0.0160286553610579
65541,0.0185077339025332
65542,0.0190754566430267
65543,0.0219171684794403
65544,0.0202125186012683
65545,0.0309087432813428
65546,0.8956645717448969
65547,0.7094621170772702
65548,0.0193389822932842
65549,0.3289019806692188
65550,0.1031423531879581
65551,0.0180774333769928
65552,0.0188014337514131
65553,0.0189507520278874
65554,0.1893331739959893
65555,0.0172100605823892
65556,0.060164094670221
65557,0.0581181256115555
65558,0.0186810173583094
65559,0.0205694848260304
65560,0.9442475918674156
65561,0.0206880890714426
65562,0.0254007375989686
65563,0.0183732002428615
65564,0.019079544721223
65565,0.055306077982005
65566,0.0197207617065472
65567,0.0230626071553576
65568,0.0157967049695063
65569,0.017071307269378
65570,0.0354473360694215
65571,0.029916867147404
65572,0.0532323094477484
65573,0.0349830147237818
65574,0.0176215339006848
65575,0.0160233044989584
65576,0.0223523832563028
65577,0.0458023958712102
65578,0.0209587704794669
65579,0.8939210840255684
65580,0.0766421621180099
65581,0.0476098607346612
65582,0.0827908360046889
65583,0.0649281374787313
65584,0.0680676904208899
65585,0.0176957246401742
65586,0.0157971093071839
65587,0.0916557249276317
65588,0.0161927483446547
65589,0.0971462100721584
65590,0.035299253301059
65591,0.0158425727649769
65592,0.0166410045056245
65593,0.0171865131378362
65594,0.0199176807895743
65595,0.0502166049433284
65596,0.0168343236295097
65597,0.016873087349623
65598,0.0175487104897138
65599,0.0249461356409802
65600,0.0222958033075556
65601,0.0349550179155901
65602,0.0200127408547164
65603,0.1256824424961961
65604,0.0725982061891304
65605,0.0168364099580553
65606,0.0178600453226102
65607,0.0189552196999517
65608,0.0234110544774803
65609,0.0990378989721752
65610,0.8993039577020693
65611,0.0267814206134087
65612,0.0190773511294597
65613,0.0198339732265244
65614,0.0169175254862011
65615,0.0161709353400029
65616,0.0503617292792852
65617,0.0210294904938817
65618,0.0435546323024563
65619,0.0174303690678532
65620,0.0658887642726094
65621,0.2953707029556051
65622,0.0206569683379381
65623,0.0173153586716804
65624,0.0398424942586096
65625,0.036618349424662
65626,0.9327982008906296
65627,0.0173264909932112
65628,0.0483493784190731
65629,0.1874398259684402
65630,0.0281754695701231
65631,0.0209008344171619
65632,0.0235273838364841
65633,0.0198345171472631
65634,0.9419464810169884
65635,0.0219518756053354
65636,0.942571758028717
65637,0.0174891112057842
65638,0.0382933082157086
65639,0.0347689536023923
65640,0.0164855727643402
65641,0.0279493888210803
65642,0.0175444490387695
65643,0.0167294897625411
65644,0.1682402272996187
65645,0.1284262248974753
65646,0.0198936694351137
65647,0.0923376277083039
65648,0.1027128621542285
65649,0.0167421626555025
65650,0.9279694148883189
65651,0.1316037735310632
65652,0.6662772734678701
65653,0.0961882467295225
65654,0.0240945730504994
65655,0.1542443975795347
65656,0.0178413844455524
65657,0.847111189356643
65658,0.0172342399224221
65659,0.0165593040569898
65660,0.0281500993017159
65661,0.9245401212846712
65662,0.0171793803140917
65663,0.0217546663531754
65664,0.0183303364015018
65665,0.9393963399142778
65666,0.0436110586054621
65667,0.3016747100025397
65668,0.024012316537315
65669,0.0181704880768525
65670,0.9468836678595752
65671,0.0180941766392719
65672,0.0263452223131433
65673,0.0516640651611388
65674,0.0708364755006737
65675,0.016472060511322
65676,0.0247162373000489
65677,0.0225830035691775
65678,0.0244267913525787
65679,0.0219916241275114
65680,0.9292915468304056
65681,0.0365929353745934
65682,0.9416704121886204
65683,0.0440622642770373
65684,0.0159922942850428
65685,0.0373032472611135
65686,0.0286590537451138
65687,0.0241596262385174
65688,0.020814754429242
65689,0.0798148232288012
65690,0.0174805182848932
65691,0.9136895239356142
65692,0.0203821645963573
65693,0.0517386958686034
65694,0.9347831692332
65695,0.0174457139269154
65696,0.0418042206858693
65697,0.0166935866242909
65698,0.0343901072336445
65699,0.0245873366806367
65700,0.017665796528157
65701,0.0246471532998825
65702,0.2046808889808818
65703,0.0215546783597431
65704,0.0445883786961357
65705,0.020086848397258
65706,0.6039588168782182
65707,0.0942037806115945
65708,0.0203518811222063
65709,0.0159037337598429
65710,0.0171295960096247
65711,0.0558297887474448
65712,0.156166033562329
65713,0.9478633962533176
65714,0.0171083331087847
65715,0.0187168344799298
65716,0.0235104393155293
65717,0.018633498736598
65718,0.0162448811208268
65719,0.0301668844699533
65720,0.0210088851515826
65721,0.935085303686578
65722,0.0608782421055415
65723,0.0398467486200586
65724,0.0238868499472252
65725,0.9122116538870492
65726,0.9283537939634622
65727,0.053042961632198
65728,0.2516460701511917
65729,0.0162802359982843
65730,0.5349959966878085
65731,0.0191102734072577
65732,0.0227661975360282
65733,0.3886207919225578
65734,0.0160361517704886
65735,0.0169861237378415
65736,0.0197582995159334
65737,0.0179106894015606
65738,0.0187808926943513
65739,0.035975251023011
65740,0.0180149545700795
65741,0.0271140813222235
65742,0.0318187012580552
65743,0.0214673170825668
65744,0.0190180148271769
65745,0.0185720420682663
65746,0.0254456242793582
65747,0.0157474668026575
65748,0.0320671426740131
65749,0.0751966714045774
65750,0.2597593906334879
65751,0.019079057679363
65752,0.9410501084869632
65753,0.0177741193182447
65754,0.0244271292872726
65755,0.0191251504965459
65756,0.0238215822005591
65757,0.0167941791880146
65758,0.9413477317576616
65759,0.0181065506358943
65760,0.0177924437878236
65761,0.1005011222869654
65762,0.0925904407256558
65763,0.0771911797877472
65764,0.0266037425929385
65765,0.0186779173663589
65766,0.6502487306857474
65767,0.9419426406870046
65768,0.0402859759569995
65769,0.0250298982065064
65770,0.0165591402982769
65771,0.0797224727982222
65772,0.0170282180379188
65773,0.908031109819298
65774,0.0193415801799613
65775,0.0157388408548707
65776,0.0187741236282496
65777,0.0193647908860085
65778,0.0389914767293358
65779,0.919812040352341
65780,0.0313754110345303
65781,0.0168773184556638
65782,0.8965712800427729
65783,0.1621421058754469
65784,0.0214743369043145
65785,0.0213920655927196
65786,0.9418035735526616
65787,0.0193582274333325
65788,0.0178993837566125
65789,0.0369240516955545
65790,0.0164988565175166
65791,0.2333205689786845
65792,0.9487300870936742
65793,0.0196541755343853
65794,0.0156900813355138
65795,0.0209400507091196
65796,0.0224446403258308
65797,0.0193143905530879
65798,0.2978168605147711
65799,0.02311601400575
65800,0.0220996346746096
65801,0.0279274755294676
65802,0.0219324773751154
65803,0.0169553803540378
65804,0.0183073409811908
65805,0.0184298235035263
65806,0.2763959041915882
65807,0.0174736547329098
65808,0.0336058499652395
65809,0.0175514357008743
65810,0.0211664053115752
65811,0.0182744261774081
65812,0.0157353562719749
65813,0.016713040116683
65814,0.0210445584048471
65815,0.0231539471935089
65816,0.0164157000515191
65817,0.0166042969530942
65818,0.0182359493150368
65819,0.0163929830827747
65820,0.0162083707232476
65821,0.0594550875782606
65822,0.0177997645190059
65823,0.0404155575430515
65824,0.024931496636056
65825,0.0171579730847737
65826,0.0261652112977723
65827,0.0202551693463957
65828,0.0555886441052227
65829,0.019926804812043
65830,0.0171513226721947
65831,0.017675563633419
65832,0.0868524932548692
65833,0.0249099916018703
65834,0.01815762063537
65835,0.0219700206981018
65836,0.0805250188877263
65837,0.0198873133283492
65838,0.0175402972955315
65839,0.0160749452826576
65840,0.1777174693742669
65841,0.840671838708849
65842,0.0162721720012876
65843,0.0630857505581845
65844,0.0253601346064345
65845,0.0570396670037516
65846,0.0236997083463904
65847,0.0698811704138634
65848,0.0178880652688021
65849,0.086036283899951
65850,0.0204277941674393
65851,0.0203149000636854
65852,0.525050067184434
65853,0.0731944322412707
65854,0.0165500531320692
65855,0.0228968266674844
65856,0.0332108226604229
65857,0.0163332305166884
65858,0.0346542389476327
65859,0.0167282294045266
65860,0.924564915998312
65861,0.0173645284480258
65862,0.0804909503737326
65863,0.016218083429001
65864,0.022851251148322
65865,0.2092650775490114
65866,0.0168016020684524
65867,0.3348637932348804
65868,0.0259725899597786
65869,0.0156933344944376
65870,0.0181592962115617
65871,0.0173043781698988
65872,0.0341228407499725
65873,0.1265729852138294
65874,0.0197913048911324
65875,0.0176222077930585
65876,0.1575256322086631
65877,0.0321825321832478
65878,0.3187909962775441
65879,0.0164339778520841
65880,0.2135361118764203
65881,0.0276521503546454
65882,0.0270261795301827
65883,0.2917607040867738
65884,0.9223715976046216
65885,0.0212143303749704
65886,0.0318478298337507
65887,0.0805208246426171
65888,0.0308579840178241
65889,0.0343877611794087
65890,0.0179369492329546
65891,0.0268938207690136
65892,0.9393994803973176
65893,0.0209661014771777
65894,0.1146608761396868
65895,0.030404985138416
65896,0.1339891793887961
65897,0.0217043826542203
65898,0.0198973362257425
65899,0.0793636319259692
65900,0.0455035889657589
65901,0.017205335503022
65902,0.0550521714490381
65903,0.031123038638884
65904,0.020144340596812
65905,0.0324003859742295
65906,0.9428376119255508
65907,0.0306638332481511
65908,0.0170637380644144
65909,0.0168565590750791
65910,0.0164722472243427
65911,0.0243341587421023
65912,0.0189165049795078
65913,0.0172221070681179
65914,0.0351538610183624
65915,0.0173966596146405
65916,0.0286408076020364
65917,0.0186490653378494
65918,0.020823405753438
65919,0.1325108592685752
65920,0.0459340174809696
65921,0.0166139929250537
65922,0.0187190825801091
65923,0.0170647633972147
65924,0.0305766187212871
65925,0.0304268386989607
65926,0.025265774914022
65927,0.0229163411190659
65928,0.0948479963779722
65929,0.0179043271486873
65930,0.1452103986093549
65931,0.0416743784477318
65932,0.0755410173334748
65933,0.0180938271681719
65934,0.0218856183255645
65935,0.0344800616935885
65936,0.0906803691422514
65937,0.1165491343029679
65938,0.1819590188510656
65939,0.1986123332114208
65940,0.0162196077231265
65941,0.0258234554389731
65942,0.0171533438488929
65943,0.0155362641113749
65944,0.0165245025777514
65945,0.437738979598476
65946,0.0173417492463552
65947,0.1173882737408921
65948,0.0240461752830221
65949,0.9420133486515684
65950,0.9246457266734216
65951,0.0226323591785826
65952,0.016328770562232
65953,0.0183095201703966
65954,0.948409346937462
65955,0.0202008523539333
65956,0.0458266802652575
65957,0.0250737011275065
65958,0.0242614864165764
65959,0.0236038411244911
65960,0.0181481484443729
65961,0.0160909377043107
65962,0.0201243594150139
65963,0.0167545242724108
65964,0.9482616242844528
65965,0.0253375421799815
65966,0.0176983723349111
65967,0.0159959854831097
65968,0.0184455620592261
65969,0.0194528248815311
65970,0.0165158804876549
65971,0.9462685850581748
65972,0.1365487534680216
65973,0.0189110311928638
65974,0.0196052536826236
65975,0.0334457938177182
65976,0.0172609257857857
65977,0.0247844543561157
65978,0.021130168421145
65979,0.9481811170882112
65980,0.0523356608427925
65981,0.020261512655189
65982,0.0511726904648317
65983,0.018406513038434
65984,0.0159493125714215
65985,0.9370633308894196
65986,0.5452847971950765
65987,0.0254648353222766
65988,0.019715457303122
65989,0.0208194809493789
65990,0.0407630588655687
65991,0.0163916407357377
65992,0.0182395079500413
65993,0.0167171462326539
65994,0.0451767196915571
65995,0.0868997560840879
65996,0.0162085938494559
65997,0.0316984409314488
65998,0.0275295459890251
65999,0.0289485761505637
66000,0.0379960022387321
66001,0.936574322631245
66002,0.0186605165432719
66003,0.0181872245906586
66004,0.2701724269710278
66005,0.0175786304612844
66006,0.0162284594394307
66007,0.0312108660014628
66008,0.0231792563081431
66009,0.9391221354232356
66010,0.9432730143065512
66011,0.945153406772654
66012,0.0247229979554147
66013,0.0178872649764438
66014,0.0169582218572039
66015,0.0167801726872651
66016,0.9454292301025624
66017,0.0233094440963747
66018,0.0178012390869932
66019,0.212731429713965
66020,0.941455618403201
66021,0.9008969435875346
66022,0.9382754744923784
66023,0.0161320064640002
66024,0.0195723758435997
66025,0.0222549787917419
66026,0.0746576257966987
66027,0.0287817197624279
66028,0.0211573726116924
66029,0.9351797148949712
66030,0.023932231291519
66031,0.048781903817641
66032,0.0754675494562269
66033,0.0175502015512387
66034,0.2627900323746643
66035,0.0223370196252592
66036,0.8806173774544188
66037,0.0180180999937977
66038,0.0225797619529882
66039,0.016912962963834
66040,0.0185993281626918
66041,0.0263718569977854
66042,0.0282149457368336
66043,0.93367174895049
66044,0.0380468640226418
66045,0.1342002282877878
66046,0.0167170831386859
66047,0.0199586929989192
66048,0.9390449176523368
66049,0.3458239055641634
66050,0.030185163015905
66051,0.0189513753846389
66052,0.0261473633449511
66053,0.0760067526946326
66054,0.1565290027599497
66055,0.0261973820991876
66056,0.8895180987539832
66057,0.0182114307803925
66058,0.0259884416560574
66059,0.0226957250401469
66060,0.0709623415102795
66061,0.0172011445146245
66062,0.022710929416183
66063,0.0209576106421047
66064,0.0182422479033162
66065,0.0216834497295112
66066,0.072623399397007
66067,0.0174130301222511
66068,0.0215040368532251
66069,0.0183712564271056
66070,0.0244541825011863
66071,0.3778074737259566
66072,0.8480454929870272
66073,0.0700779693744105
66074,0.0540683969114808
66075,0.9426512856112984
66076,0.4464771301261789
66077,0.0172936926930798
66078,0.0228212814394716
66079,0.0205071661535171
66080,0.3135085059019119
66081,0.0378790112666336
66082,0.0305002481777492
66083,0.0445613566112421
66084,0.0283692328791617
66085,0.0160846523572706
66086,0.0290456740216437
66087,0.5619970168057338
66088,0.0192978640763874
66089,0.018751350030817
66090,0.9447159524574886
66091,0.0497797229909706
66092,0.0176623633237849
66093,0.2283419317228437
66094,0.0161246918916549
66095,0.938251358337858
66096,0.0196672418677931
66097,0.8937341947278364
66098,0.0419700998488619
66099,0.0165817753320889
66100,0.0169707146210198
66101,0.0245789866413676
66102,0.8789148901961333
66103,0.0193355308698736
66104,0.0346696245682272
66105,0.0167592034463151
66106,0.02013775378957
66107,0.0233619086396068
66108,0.941868297365596
66109,0.0175124086672581
66110,0.0161464549336175
66111,0.0161749828203463
66112,0.937033645916158
66113,0.0163131852396426
66114,0.0178377906309603
66115,0.0173681832208739
66116,0.0196189119077495
66117,0.0336213573771008
66118,0.0171208543073568
66119,0.017925419150394
66120,0.0269866748165511
66121,0.0180268494884423
66122,0.0357803427316051
66123,0.0186316065231814
66124,0.0179754628544111
66125,0.0176323111689414
66126,0.0256855717459458
66127,0.0207984785759896
66128,0.0191389949567835
66129,0.2734403438196126
66130,0.0171117258816355
66131,0.0433565223115101
66132,0.0161833180880974
66133,0.0648670537907418
66134,0.0197017117540088
66135,0.0176146354456197
66136,0.0178699945958076
66137,0.0193003358561508
66138,0.0223168835222794
66139,0.0588154889072528
66140,0.0178606127050253
66141,0.0175614257523158
66142,0.0179021657885294
66143,0.0156866907974017
66144,0.8762103475378854
66145,0.0360566743664612
66146,0.0159894593761009
66147,0.0344999171902064
66148,0.0907976039744222
66149,0.0780093423621901
66150,0.1357914596900725
66151,0.0157989225017759
66152,0.0167149553711435
66153,0.0165002807325922
66154,0.0164522800919372
66155,0.0255247207935162
66156,0.9466133679875204
66157,0.0220430455313491
66158,0.2572631714308254
66159,0.0166585317876133
66160,0.0260955950973871
66161,0.0259062539684569
66162,0.068348393079545
66163,0.0421080435141099
66164,0.0163982596812599
66165,0.0236331540238138
66166,0.94799795235146
66167,0.9443950696133472
66168,0.1778481372679891
66169,0.0167749495411162
66170,0.9156232844378014
66171,0.0179966934625135
66172,0.0821454360431882
66173,0.0170108673103916
66174,0.0270952401148872
66175,0.0218831768271219
66176,0.0213134562273726
66177,0.5982872521944098
66178,0.0200569236156224
66179,0.0181526895244182
66180,0.2175746613012227
66181,0.9367369564938866
66182,0.0289793907075098
66183,0.2574738440313588
66184,0.0175262358171013
66185,0.0292862485825467
66186,0.0628013793416264
66187,0.9468621789432452
66188,0.1389057697079093
66189,0.0526029804855337
66190,0.020567174531595
66191,0.0187662927431904
66192,0.0598620051279911
66193,0.0201497868071525
66194,0.0191556566663855
66195,0.0157760049084015
66196,0.0312616746767221
66197,0.0164151449845996
66198,0.0163422939624571
66199,0.0236988666060682
66200,0.0391858055559811
66201,0.0412423111500048
66202,0.0190810962525516
66203,0.2747844421002271
66204,0.0195041889417317
66205,0.1791378515735858
66206,0.0328444745819748
66207,0.0422406688115049
66208,0.0167230962842867
66209,0.099149173856612
66210,0.146331992467184
66211,0.0173371964217955
66212,0.0168670967276672
66213,0.940083627353183
66214,0.0184298364955436
66215,0.0271461553435428
66216,0.0175646021696355
66217,0.0219396736143417
66218,0.0206356673146685
66219,0.1437128244526022
66220,0.2181896585877069
66221,0.0166955175617014
66222,0.2565119047761431
66223,0.0528071891055644
66224,0.9433843204993924
66225,0.9207483600597586
66226,0.0308828773815495
66227,0.0193873414435474
66228,0.9442795718769136
66229,0.0177255366323419
66230,0.9143411204717932
66231,0.0207346975019505
66232,0.4926247461842455
66233,0.0175960909660679
66234,0.0171359393457165
66235,0.0166052798233799
66236,0.0206801338905192
66237,0.9479738794609794
66238,0.0164150921343926
66239,0.0180216390142737
66240,0.0168855133892382
66241,0.942401617818806
66242,0.0183032036735244
66243,0.9349021594186264
66244,0.0183001606183324
66245,0.0167943613409224
66246,0.6621349126708324
66247,0.0164719947555188
66248,0.0188170812174981
66249,0.019094833854006
66250,0.0190308051875506
66251,0.0169691677674667
66252,0.0177483088582946
66253,0.0198094178957033
66254,0.0171980011775181
66255,0.0176832553801504
66256,0.052350042899877
66257,0.1844737749645968
66258,0.939257221242372
66259,0.9448437319661486
66260,0.0350123426054268
66261,0.0580436269146117
66262,0.0201649462336481
66263,0.019394748548997
66264,0.9374388138877828
66265,0.0182855363659079
66266,0.0181478936736315
66267,0.0174379827368106
66268,0.0178132573670638
66269,0.021642887554326
66270,0.0182578776349439
66271,0.0275807118251733
66272,0.1972066622863963
66273,0.0215944142620803
66274,0.0283218023341811
66275,0.0826609709712544
66276,0.0553086275679807
66277,0.0168053339919423
66278,0.0215880790319675
66279,0.0182654113757976
66280,0.0163787349218454
66281,0.0259120756252664
66282,0.1746867246561738
66283,0.0174254018301791
66284,0.037454234098557
66285,0.0205031829873745
66286,0.057095970744027
66287,0.0289266835616788
66288,0.4998503467112896
66289,0.0272520242516762
66290,0.0172473975207737
66291,0.0175008761897065
66292,0.017547930104393
66293,0.9321587518531884
66294,0.0182518815601772
66295,0.0164687846107168
66296,0.0168418433870765
66297,0.0162703939976595
66298,0.016597630961039
66299,0.0271382431010701
66300,0.0190586755421368
66301,0.0169785453201494
66302,0.0211930268154914
66303,0.0168173538159135
66304,0.022061645748989
66305,0.0172580614917366
66306,0.0184657464215129
66307,0.0290130246389952
66308,0.0169802528654057
66309,0.9237955087392226
66310,0.0272089809467059
66311,0.019782272424427
66312,0.0203462736422755
66313,0.0481931518199892
66314,0.942675091747533
66315,0.0262074475041591
66316,0.0196508798396015
66317,0.0165997780520998
66318,0.0200494817760065
66319,0.140799004571072
66320,0.0167377947043415
66321,0.0293441198568746
66322,0.0192953043727051
66323,0.0787041664912373
66324,0.0165580039195346
66325,0.0177040686904012
66326,0.1239266233502793
66327,0.0454105203619829
66328,0.6420790113139149
66329,0.0157359199816374
66330,0.5886621592785051
66331,0.0172792108623797
66332,0.015995349161009
66333,0.0241852286370458
66334,0.0177159856103276
66335,0.0223885421090344
66336,0.0572681285835708
66337,0.0166045426933508
66338,0.3212200084563099
66339,0.0282292574750425
66340,0.9476396427074212
66341,0.2614357015804371
66342,0.0259225985427715
66343,0.0169436995764736
66344,0.4049561996190655
66345,0.0222605185868899
66346,0.1256362133855715
66347,0.0171014816526871
66348,0.0226579530496494
66349,0.019200162164895
66350,0.0213672778551764
66351,0.3538939438510141
66352,0.0183478851052802
66353,0.8771135376056673
66354,0.0242367707903542
66355,0.0158926582157437
66356,0.017228471040029
66357,0.0199597556163773
66358,0.2041329192804174
66359,0.9303703404917788
66360,0.0155204077610831
66361,0.0195517136269488
66362,0.0276422279542311
66363,0.1180152202493177
66364,0.0161129624832974
66365,0.0201276155650321
66366,0.0274311797785749
66367,0.0545412388172277
66368,0.1207044888916567
66369,0.0215548093942251
66370,0.0191180948237657
66371,0.0714611613942798
66372,0.9299484392312756
66373,0.943245490606716
66374,0.0292189895649685
66375,0.0290253988465279
66376,0.0244653593948446
66377,0.0220501610246939
66378,0.1695291637795333
66379,0.016838087759802
66380,0.1514113628870236
66381,0.0348303923056603
66382,0.0248785862142413
66383,0.94813506622513
66384,0.0180010516020781
66385,0.0255513363029836
66386,0.9403700675608766
66387,0.0399141831116351
66388,0.0420164268344867
66389,0.0185591301511971
66390,0.0636095841783671
66391,0.9412779479838448
66392,0.9449853586327436
66393,0.0180229544979433
66394,0.0295121812213283
66395,0.0201899715412672
66396,0.5174595765617013
66397,0.9472508649237278
66398,0.0196204810284728
66399,0.9467776114891076
66400,0.9061031832600616
66401,0.1155017310368032
66402,0.3386815906557455
66403,0.1219726547978945
66404,0.0165204054097777
66405,0.025469228716215
66406,0.023930871723546
66407,0.0189101913664581
66408,0.0215217421068896
66409,0.038986090356698
66410,0.026191341689262
66411,0.0249605455518449
66412,0.1012067023075434
66413,0.1193392374035846
66414,0.0366653136245585
66415,0.0199293120784173
66416,0.045719030199842
66417,0.0700166684590677
66418,0.0272105732266342
66419,0.0291956341855924
66420,0.1446953391811944
66421,0.0933417262723238
66422,0.2303557603400006
66423,0.0239145673023213
66424,0.939339423222578
66425,0.017817439186656
66426,0.0312886584997598
66427,0.0194239821678638
66428,0.9354212978673404
66429,0.0157024538811633
66430,0.1923417929471089
66431,0.047752459656811
66432,0.860500868634352
66433,0.043793736307593
66434,0.016212808262931
66435,0.0185392086085757
66436,0.9396397516588192
66437,0.0670549373164396
66438,0.91186950782179
66439,0.0169225332779182
66440,0.0209750446678966
66441,0.0281943999236286
66442,0.0622720872040125
66443,0.358879544626154
66444,0.0543579154545707
66445,0.0336657783672448
66446,0.1581714830967274
66447,0.0180746783104231
66448,0.0477462996275761
66449,0.9448906542512912
66450,0.0172333742063737
66451,0.0163509868744045
66452,0.0988003365262144
66453,0.0199863987826799
66454,0.0405487345172734
66455,0.0178877325693088
66456,0.9267500241189937
66457,0.0460272103410154
66458,0.0157752287878631
66459,0.1023879809346838
66460,0.0212324135936473
66461,0.2664345857410571
66462,0.020543184729735
66463,0.0206941307586328
66464,0.0167795029830784
66465,0.1545506224841496
66466,0.0264558868873645
66467,0.0569697903460171
66468,0.0191876212257286
66469,0.2177409791600041
66470,0.0177906011891083
66471,0.0258754928182168
66472,0.0181911600844877
66473,0.0490792807666254
66474,0.017754815215277
66475,0.0455233015805314
66476,0.0168497776426349
66477,0.0264498258093333
66478,0.0165075410056578
66479,0.0172813741130548
66480,0.0238323516367175
66481,0.0172628272569862
66482,0.0522275392159989
66483,0.0165540744922045
66484,0.0209919787793505
66485,0.0171798335727914
66486,0.3782464164973823
66487,0.01808220919953
66488,0.0554448557570315
66489,0.0174829402827074
66490,0.0217518028321735
66491,0.0254545130135449
66492,0.0178918477659681
66493,0.903090651467253
66494,0.0286913146022847
66495,0.0294434114467562
66496,0.9480457543135918
66497,0.016650132479871
66498,0.016302291034665
66499,0.0238204697604356
66500,0.016875876392669
66501,0.0178075351579695
66502,0.017732861670611
66503,0.0163275912509813
66504,0.0472519210704974
66505,0.9454401362219228
66506,0.0165849369479077
66507,0.0164204497895044
66508,0.0370327477175762
66509,0.0255728309461854
66510,0.040063329594993
66511,0.0182277046861026
66512,0.0335709016486558
66513,0.0259199562204329
66514,0.0494811766678811
66515,0.059660391623391
66516,0.0202784541493653
66517,0.0767421102710922
66518,0.9359428570202268
66519,0.0163563926310103
66520,0.0203255641957537
66521,0.0210731085386501
66522,0.0186617079192519
66523,0.0210748312992352
66524,0.0183337782220372
66525,0.0160700824802053
66526,0.1026334254218764
66527,0.0166819792627655
66528,0.4595222487743876
66529,0.0294619467583481
66530,0.1283679515769305
66531,0.0165184470844649
66532,0.0184946705927734
66533,0.0173973676523072
66534,0.0164771239345375
66535,0.0249907925383632
66536,0.026962244702291
66537,0.0165424451274714
66538,0.1800253667769142
66539,0.0164038109546001
66540,0.0251923318301875
66541,0.0486205626128475
66542,0.0603166381556172
66543,0.8521865806109931
66544,0.0705513118484189
66545,0.016269445668353
66546,0.076980748802449
66547,0.0172415798211581
66548,0.0159934373785527
66549,0.0199334329017777
66550,0.0204258149759231
66551,0.0192847456078438
66552,0.0571315721513469
66553,0.0180897321025496
66554,0.0561825614558956
66555,0.0160189061557307
66556,0.0315195130421629
66557,0.0301360318907555
66558,0.0169460207489405
66559,0.0266068211896911
66560,0.0182149643624615
66561,0.0166251433310249
66562,0.0271332065598757
66563,0.0200557390739764
66564,0.0716102534664056
66565,0.0170496299476643
66566,0.0157494753429277
66567,0.0198087345648322
66568,0.3770832020999212
66569,0.0248507267157276
66570,0.9468166770570275
66571,0.0858528384722423
66572,0.0280044983320216
66573,0.0443382554370583
66574,0.018602502597607
66575,0.0173356037531091
66576,0.382150670322383
66577,0.0226814910646672
66578,0.9369702880086176
66579,0.9404287396738834
66580,0.0481846300186582
66581,0.0161683771660567
66582,0.0667274046962365
66583,0.0173189910728133
66584,0.0333877140334319
66585,0.0163764348900144
66586,0.0201004061008382
66587,0.0296768988458563
66588,0.7495246719780363
66589,0.0177027546346749
66590,0.6770726210658806
66591,0.0251053260456697
66592,0.0166080895930983
66593,0.1096366936693884
66594,0.0239794721439908
66595,0.0687287399552765
66596,0.0235607953530726
66597,0.9353027196829184
66598,0.0198530535629909
66599,0.019005469631959
66600,0.0698699293565415
66601,0.0171842398089878
66602,0.0182081899863801
66603,0.040843019448218
66604,0.0797879615226617
66605,0.0190042239081141
66606,0.0171884871133194
66607,0.0174225427204519
66608,0.0196265644393026
66609,0.0164031864560874
66610,0.0994123222866517
66611,0.0167193769888409
66612,0.0243087040636493
66613,0.0177563122143294
66614,0.0401209180146444
66615,0.0156948393056664
66616,0.041431099441822
66617,0.017637172539279
66618,0.0297209902644155
66619,0.0256139099160862
66620,0.0184662174870878
66621,0.0247975809991456
66622,0.0158317951707607
66623,0.0273586929317042
66624,0.0177034630772379
66625,0.0187282640788472
66626,0.0173629488777728
66627,0.0176435316672103
66628,0.0155603449499873
66629,0.0165067852053953
66630,0.0540081787328954
66631,0.0322312112362275
66632,0.0320669042003962
66633,0.0671858881862304
66634,0.9060161096459602
66635,0.0163074315127443
66636,0.0196779265739208
66637,0.0287566978970999
66638,0.0179828851786781
66639,0.090048962133058
66640,0.2784802741349489
66641,0.939194501619012
66642,0.022261010847444
66643,0.0218461843633062
66644,0.0190756382527171
66645,0.3251368780867499
66646,0.0662939361783463
66647,0.0210457101888003
66648,0.0227467204153682
66649,0.0180866898795332
66650,0.0163043719245542
66651,0.0168389708759731
66652,0.0227644874578163
66653,0.0186761027856219
66654,0.0168432503795309
66655,0.0169799806210188
66656,0.0158579721526475
66657,0.0371683791634842
66658,0.0216256976145801
66659,0.7700993814931885
66660,0.041997176107718
66661,0.9386002631768462
66662,0.0766449859446111
66663,0.0615081024484296
66664,0.0178831670427471
66665,0.0174083949801861
66666,0.0208634428198072
66667,0.0227603626934611
66668,0.0210007908121518
66669,0.0184314174033513
66670,0.0428412567040918
66671,0.028410681866541
66672,0.0235794329338197
66673,0.0386155728239101
66674,0.0169491543455313
66675,0.0230144967370473
66676,0.0167119231333496
66677,0.0354873869571451
66678,0.0236448573052206
66679,0.0270502573064723
66680,0.0182317903595907
66681,0.0222282170162706
66682,0.0834798958829645
66683,0.0166991763570969
66684,0.0214060099214486
66685,0.0520429161424896
66686,0.0757165407417434
66687,0.0237182965436355
66688,0.0174918271283266
66689,0.0669576804801723
66690,0.017094481045698
66691,0.0193733795379685
66692,0.0213507759093585
66693,0.0215887248280567
66694,0.0203615679524546
66695,0.0194378535923728
66696,0.1943021696324295
66697,0.0178171795945142
66698,0.0599443202305792
66699,0.0235482972269794
66700,0.0203965489328547
66701,0.0188990970311628
66702,0.0203528046326401
66703,0.947936236832751
66704,0.0391778578650828
66705,0.0165462556522435
66706,0.0169027069500656
66707,0.3463112157262615
66708,0.0297859479928685
66709,0.0553215336529835
66710,0.0198866677973919
66711,0.894006613928494
66712,0.0417616586400841
66713,0.0175458530451853
66714,0.0182983274142593
66715,0.0427413126699905
66716,0.0172156636794865
66717,0.0384686968647988
66718,0.0158257285004923
66719,0.0160126212378447
66720,0.0227262642553385
66721,0.0162354700269778
66722,0.0338386104446251
66723,0.0189502217715836
66724,0.0524482113711408
66725,0.0168768384241474
66726,0.0438354503579857
66727,0.0167106510018292
66728,0.0191127486875788
66729,0.0240035254178851
66730,0.9477509892162288
66731,0.0250746504072235
66732,0.0166899255115756
66733,0.6339605078091198
66734,0.0177782812448667
66735,0.016161667491105
66736,0.0269788875527928
66737,0.0230702243431252
66738,0.0395862266913753
66739,0.0927807846239843
66740,0.0193397913164291
66741,0.9289297545110586
66742,0.1355638192107533
66743,0.0278452800351541
66744,0.0331077546574433
66745,0.0210745330406804
66746,0.0168554860251639
66747,0.0244369182325946
66748,0.0202285202282822
66749,0.0157571599190934
66750,0.0171602955329416
66751,0.0257978325176655
66752,0.9435074115504478
66753,0.0278916689912195
66754,0.028678282000566
66755,0.0223449354234601
66756,0.9474699746135312
66757,0.1942947667767988
66758,0.0178563734659167
66759,0.0403280552909413
66760,0.016871753048543
66761,0.0164418726642538
66762,0.0176555968151843
66763,0.0168113196474494
66764,0.0306734648093746
66765,0.0165624772259538
66766,0.0177582156421304
66767,0.0198610208772324
66768,0.228577969528658
66769,0.0879189374654514
66770,0.0184822829705537
66771,0.3540833121563003
66772,0.017494606003525
66773,0.0236565869547418
66774,0.9441785799692756
66775,0.1437490474269226
66776,0.019697228630888
66777,0.0702708516405653
66778,0.0189375207978048
66779,0.0341855479842421
66780,0.0193813099112029
66781,0.0268901731016479
66782,0.0180026814417804
66783,0.0170583525758145
66784,0.0208553889343298
66785,0.086396537727427
66786,0.0215864457828768
66787,0.0173972101583289
66788,0.0177302556502089
66789,0.0207318418653903
66790,0.0184260017680616
66791,0.0167214695944696
66792,0.0333102877261815
66793,0.0261152590696673
66794,0.0167608742017
66795,0.0196659556294838
66796,0.9440637039819326
66797,0.0255146286658461
66798,0.0186282653989003
66799,0.0287970221798483
66800,0.0170751365239496
66801,0.0188018300563113
66802,0.0232377659766124
66803,0.02199431063306
66804,0.0209829436629759
66805,0.0308253317063296
66806,0.0265437620718708
66807,0.0157655493772889
66808,0.0158248934662453
66809,0.9346735597525502
66810,0.0666712016280797
66811,0.060750919742998
66812,0.019081857365448
66813,0.0351028137788791
66814,0.0177315823053737
66815,0.0197655481795598
66816,0.0169485365076284
66817,0.0175220748154986
66818,0.0190511296066286
66819,0.0254750092667701
66820,0.0256022738352018
66821,0.0195510694913149
66822,0.020812013050491
66823,0.2500847768805425
66824,0.01724917823447
66825,0.0432589407475798
66826,0.0319142152310889
66827,0.018432028971383
66828,0.0197287755255696
66829,0.1005377398235007
66830,0.8511867339310548
66831,0.9437094312151918
66832,0.018718171305467
66833,0.0243196158224092
66834,0.0205543304492577
66835,0.0274982157121725
66836,0.0544763767333184
66837,0.1148500212342516
66838,0.0171690825007238
66839,0.0156259534843897
66840,0.0220385204276534
66841,0.0189583517027706
66842,0.9483551544542486
66843,0.0352794194540774
66844,0.2636633621237206
66845,0.0266102477686536
66846,0.0398338839724088
66847,0.021481331040708
66848,0.0173260069171605
66849,0.0167171744631564
66850,0.0244835579091023
66851,0.0512932984215081
66852,0.0267559670093116
66853,0.0211298656908344
66854,0.0175571760810479
66855,0.0221425457856542
66856,0.8971392854550977
66857,0.0182035962364713
66858,0.0162147742038488
66859,0.0169204292066883
66860,0.0241517757994657
66861,0.1795896117096901
66862,0.0567814866618206
66863,0.0217245639921457
66864,0.0178930017239057
66865,0.8767726015926567
66866,0.0187634744186846
66867,0.1479471192001182
66868,0.0224046945468793
66869,0.0707271234028489
66870,0.016278609533479
66871,0.1840381009086561
66872,0.0251583234817382
66873,0.0379075557546498
66874,0.0218260026016726
66875,0.0204820336821797
66876,0.0519993979900409
66877,0.0233669582953091
66878,0.370789352763012
66879,0.0522034078136063
66880,0.0303844984420888
66881,0.0168652627210071
66882,0.0176992307147542
66883,0.9483543822866712
66884,0.2072325659089444
66885,0.0213218085338679
66886,0.0803760482345156
66887,0.0160242317852469
66888,0.0165831558750537
66889,0.1230895397426596
66890,0.0363779279610091
66891,0.9443482151055428
66892,0.0375273126089886
66893,0.0280497633075926
66894,0.9280599286499036
66895,0.017401862002354
66896,0.0230311484665911
66897,0.0307336217544614
66898,0.044290407084798
66899,0.7904334031895452
66900,0.0601742673888046
66901,0.0601891456196049
66902,0.0219284966571374
66903,0.0188445467356585
66904,0.019933051804685
66905,0.0269700103154952
66906,0.94389939109561
66907,0.0522747845914187
66908,0.0206569215800067
66909,0.0202989869799004
66910,0.0206275395760569
66911,0.0161186883780796
66912,0.3230721920561388
66913,0.0175468050981254
66914,0.1410283042708539
66915,0.0167476279154154
66916,0.0174330831048849
66917,0.0254903709081091
66918,0.0204782421453449
66919,0.015765623706679
66920,0.0235518218132889
66921,0.0158599436356334
66922,0.0185868185659202
66923,0.0267124143745236
66924,0.6432384471804716
66925,0.0205548427988693
66926,0.0694326945271238
66927,0.1468504633921538
66928,0.0374498203472131
66929,0.0164265635678156
66930,0.0167464211124266
66931,0.7788028094046322
66932,0.0188883404478249
66933,0.0225011375562544
66934,0.0216961396951435
66935,0.082880722686998
66936,0.018090597051304
66937,0.0160481485669971
66938,0.0187432968538501
66939,0.0432538454657866
66940,0.0173069154907967
66941,0.0884045747891443
66942,0.0159872593662007
66943,0.020890738498924
66944,0.0585808146261642
66945,0.8908202400731559
66946,0.0237826280805118
66947,0.0454297629854221
66948,0.1047421432507003
66949,0.0167161497215756
66950,0.9407881477965658
66951,0.0156345749091536
66952,0.0156619012455413
66953,0.0187115690343572
66954,0.0447454659303356
66955,0.0203996854042748
66956,0.0201356989906768
66957,0.0196655968531738
66958,0.0298514417921803
66959,0.0172653189880105
66960,0.0182575897125901
66961,0.1257443024008937
66962,0.5241994934463474
66963,0.0325418579853409
66964,0.0358791881436699
66965,0.0250122371467247
66966,0.1550144159098972
66967,0.132966578374282
66968,0.0173404017359549
66969,0.0258649378174368
66970,0.018181628893857
66971,0.0572973737396725
66972,0.0222403912907026
66973,0.0629030524074022
66974,0.0187923400611939
66975,0.0611929926818553
66976,0.0172632904442502
66977,0.0170233283107663
66978,0.0317368177596617
66979,0.0367468209143062
66980,0.016414942049641
66981,0.0194032333003201
66982,0.0420196696960736
66983,0.0440581211925531
66984,0.016968921956865
66985,0.0178029889807832
66986,0.0218658346624465
66987,0.0205538112586235
66988,0.0212301403169279
66989,0.01589417820677
66990,0.546567363930011
66991,0.0553464964008329
66992,0.4603180818331216
66993,0.0308757274638986
66994,0.0197182572185596
66995,0.439640517174953
66996,0.0779606876840412
66997,0.9331123323312592
66998,0.0180721033334527
66999,0.0203426952551951
67000,0.0167854071578662
67001,0.0206296104421154
67002,0.0157676252890794
67003,0.0295932348891272
67004,0.2372073684381795
67005,0.0274088518495318
67006,0.0846686482603176
67007,0.0383187168137444
67008,0.0224033278176384
67009,0.017248783802361
67010,0.0536020654855726
67011,0.0247353855379356
67012,0.024843624040854
67013,0.9476851774751004
67014,0.0834437246252784
67015,0.0166110531284162
67016,0.0228759569697095
67017,0.0480773772098737
67018,0.0184264466361074
67019,0.0502316361752177
67020,0.0215823298498696
67021,0.1276172282050659
67022,0.0835968525618848
67023,0.0175805368028582
67024,0.0325942184038455
67025,0.0172865836925187
67026,0.0190869877123986
67027,0.0685766054425474
67028,0.2871088081581183
67029,0.0186702070448909
67030,0.0166671507789497
67031,0.9413385106494536
67032,0.0267225260730201
67033,0.0175676668781941
67034,0.0169607594983021
67035,0.0162583692554998
67036,0.018405665320653
67037,0.1205718658588373
67038,0.0207750680748238
67039,0.0223397362569906
67040,0.0593038480670788
67041,0.0174021881251341
67042,0.0427920674259347
67043,0.0218601979895523
67044,0.0181971865679528
67045,0.9213624568035056
67046,0.0835209843855553
67047,0.9247043469066598
67048,0.0313604475578201
67049,0.1419367516192418
67050,0.0173715082503013
67051,0.0212537941454083
67052,0.100095364051728
67053,0.0188648061107224
67054,0.0433056680380296
67055,0.0208363604825643
67056,0.0162652911448515
67057,0.15428173810181
67058,0.0247127001972852
67059,0.941851503622006
67060,0.020442273642685
67061,0.2148646560139004
67062,0.0559860717749362
67063,0.023378599590346
67064,0.0572204504109864
67065,0.0182841132221187
67066,0.0161178773276579
67067,0.0172523951375762
67068,0.620396248843038
67069,0.0236903470804641
67070,0.0190486514878563
67071,0.0162701745244549
67072,0.0400784602914729
67073,0.0191566643570154
67074,0.0266449271461516
67075,0.0189784836345149
67076,0.0159622910089992
67077,0.93876000536831
67078,0.0174301856206728
67079,0.0166312428516006
67080,0.0168840440405543
67081,0.0301037468162569
67082,0.0207540675608768
67083,0.0254240831454741
67084,0.0347137253892462
67085,0.1251600472837202
67086,0.0196444108236601
67087,0.0187140924025576
67088,0.9469824422469872
67089,0.0167358063640028
67090,0.0356098963462195
67091,0.0197632694364576
67092,0.9430137262554332
67093,0.021332949161997
67094,0.0237701592216368
67095,0.0738308338655735
67096,0.0216045430066086
67097,0.0188882117253687
67098,0.0257250091346204
67099,0.0204459822241398
67100,0.0171921675744539
67101,0.518731459416691
67102,0.0163758850281446
67103,0.0296317945376825
67104,0.0174983612024825
67105,0.0325161521922254
67106,0.0171186913245893
67107,0.93740056273325
67108,0.9373633785233966
67109,0.0211735519201717
67110,0.0798602677075232
67111,0.9474567476391073
67112,0.0186124178966472
67113,0.0265234008981294
67114,0.0386720674423502
67115,0.0313639068118306
67116,0.016747569059706
67117,0.0295181749988552
67118,0.4528932599937455
67119,0.9325987052413712
67120,0.019030546051489
67121,0.018366338053158
67122,0.1970056278239671
67123,0.0166616567618989
67124,0.0200059017716422
67125,0.0280111200618763
67126,0.0183649343695984
67127,0.0221851221876559
67128,0.017035974010205
67129,0.016587546656484
67130,0.0194117884042603
67131,0.0165637744568741
67132,0.0203183288733172
67133,0.0158162655592638
67134,0.0270458307896633
67135,0.9375808756223704
67136,0.9487252582413042
67137,0.0263424542941801
67138,0.018880678406372
67139,0.0179228474841028
67140,0.0182416578304976
67141,0.0672089697859094
67142,0.0234546737166985
67143,0.0176337861702551
67144,0.8940253146044441
67145,0.0216795743939745
67146,0.1801171928884733
67147,0.3549329405677389
67148,0.0161933522680091
67149,0.0230938472037765
67150,0.1012144723810946
67151,0.0234774402690618
67152,0.0808118279994929
67153,0.0204939364166853
67154,0.0205089093880361
67155,0.3039507789526038
67156,0.0279715269803485
67157,0.1334528032222083
67158,0.0229867289458068
67159,0.0187343700667357
67160,0.0166596888241108
67161,0.017208127562285
67162,0.0186402003355906
67163,0.0159538519974129
67164,0.0181295905413517
67165,0.0520683740373413
67166,0.020327973642175
67167,0.0224245255942525
67168,0.0162227347231386
67169,0.0168967169547459
67170,0.8994192701787325
67171,0.061430385917376
67172,0.1167002099704212
67173,0.0378391838055537
67174,0.1411994897399105
67175,0.0359491519405355
67176,0.94317288932562
67177,0.0165317551665479
67178,0.0993492723638307
67179,0.026355467674414
67180,0.8825261446866899
67181,0.0433537113838536
67182,0.0266890891887347
67183,0.0166277250667002
67184,0.0217314059363409
67185,0.8911740166957105
67186,0.9484537611681652
67187,0.0177747580120925
67188,0.0204692125758949
67189,0.0284916703785613
67190,0.0200223751707378
67191,0.076400210832207
67192,0.0288971489245819
67193,0.0173428827982741
67194,0.0187881892645727
67195,0.016812924712425
67196,0.3571325698812302
67197,0.0169640708391523
67198,0.0167861719804188
67199,0.9376422810260828
67200,0.0226459693160315
67201,0.0213499189274352
67202,0.0661042892009041
67203,0.0200543812368079
67204,0.0179446463027678
67205,0.0165360288034131
67206,0.1097747365047184
67207,0.0244427753396053
67208,0.018786445837294
67209,0.1261908056231296
67210,0.0204833365915944
67211,0.0172528137510406
67212,0.1165531963918111
67213,0.0199588132253278
67214,0.0205293131955516
67215,0.0163974449166031
67216,0.0168518153834888
67217,0.021176227043329
67218,0.0192555647331974
67219,0.9421583676513882
67220,0.466882186303011
67221,0.015750456131385
67222,0.0538163692645596
67223,0.0178387846826244
67224,0.0161789191787861
67225,0.02499892374784
67226,0.0261779887560221
67227,0.0226762667771627
67228,0.0197969410791091
67229,0.9081739954162116
67230,0.0416523397137096
67231,0.0174793648956554
67232,0.3357876529266519
67233,0.0210646664270201
67234,0.0175035520720538
67235,0.0172167576625036
67236,0.3155170004550562
67237,0.0341156158672809
67238,0.9286316696955303
67239,0.0192856210841345
67240,0.618001417266503
67241,0.0176031902228208
67242,0.0195065983691501
67243,0.0169379938710573
67244,0.0252982766282233
67245,0.5220211345494046
67246,0.9279288184636804
67247,0.0193897618938677
67248,0.0202024916968359
67249,0.0158040082163094
67250,0.0609286413277489
67251,0.0310672032397117
67252,0.0163976353662485
67253,0.8629567706487896
67254,0.0407199062334001
67255,0.0318328806296035
67256,0.9256061008285964
67257,0.0225362401051458
67258,0.0169074048160355
67259,0.0233827993947059
67260,0.0555576549893038
67261,0.018897992239742
67262,0.0200712386724321
67263,0.8660966762222199
67264,0.9189200757236312
67265,0.0167459200885177
67266,0.0169996346415381
67267,0.938675221025931
67268,0.0199664443151484
67269,0.9037250959152684
67270,0.0234680002448751
67271,0.0483286885449138
67272,0.0468319138622973
67273,0.039639567664808
67274,0.2741935034033455
67275,0.0158029266228458
67276,0.0162371048589206
67277,0.052216764747862
67278,0.1656824496461783
67279,0.9475574622830812
67280,0.027932573989576
67281,0.0197389956773458
67282,0.0834864686835994
67283,0.0467317905185278
67284,0.019800593611398
67285,0.0286833162192136
67286,0.04046639353814
67287,0.0460957017994675
67288,0.0177875454352082
67289,0.0176453601292548
67290,0.0173584952981851
67291,0.0429308408529599
67292,0.0178123440185784
67293,0.1070263649796044
67294,0.0688200968547566
67295,0.0220048260150353
67296,0.0792074829059695
67297,0.0186538101297409
67298,0.0178083064278921
67299,0.0209495509243485
67300,0.0172917503828927
67301,0.0179453265318723
67302,0.946542930084219
67303,0.0902403324962829
67304,0.0490347610457488
67305,0.0172015089501424
67306,0.0371264219252207
67307,0.0771021686919016
67308,0.0163919089635312
67309,0.0182151527242305
67310,0.915057756238054
67311,0.9477742354193808
67312,0.0269098297862876
67313,0.0225566460824794
67314,0.0213300299378204
67315,0.9397448318729504
67316,0.0176219656791346
67317,0.942025792741968
67318,0.0174960343751323
67319,0.0159512175990098
67320,0.0181997332951891
67321,0.0200941552045654
67322,0.2673794623031799
67323,0.0199633780106238
67324,0.5842193866128081
67325,0.0208639999467097
67326,0.0169269249930394
67327,0.0161219038859688
67328,0.0256193645803112
67329,0.0209756624552127
67330,0.0192464185467855
67331,0.0281691458974376
67332,0.0312221742304427
67333,0.0205418345399133
67334,0.8343631816604644
67335,0.017738638242564
67336,0.0472902979139971
67337,0.0781754642547488
67338,0.0156053833423217
67339,0.9053746257324112
67340,0.0203193976446022
67341,0.5112841851487651
67342,0.0290737348796413
67343,0.023719638788949
67344,0.0521989323291826
67345,0.0179534987359239
67346,0.0165368221685962
67347,0.0251259449126973
67348,0.0164714331069214
67349,0.0387504607186789
67350,0.0187898922698841
67351,0.9328901045027532
67352,0.0201454289176879
67353,0.1175500979410236
67354,0.0227283652373815
67355,0.0180016792901459
67356,0.0171597508608204
67357,0.0164993093664129
67358,0.0155325349700247
67359,0.0291158082201867
67360,0.9435489846950912
67361,0.017520722833269
67362,0.0190076043287097
67363,0.0178127868504409
67364,0.0156390062185281
67365,0.020159160400654
67366,0.0196702332898469
67367,0.0168577873926165
67368,0.0274233989579525
67369,0.0176631566538909
67370,0.0164967029251473
67371,0.0192229279303347
67372,0.905685714714242
67373,0.016461758426546
67374,0.1597482812056222
67375,0.0169298581841107
67376,0.0313452491093991
67377,0.017733746682743
67378,0.0207413376961835
67379,0.01762314413772
67380,0.017234887660575
67381,0.9390679458505942
67382,0.0167450483670287
67383,0.944365431730029
67384,0.0166661239880722
67385,0.0175737088101555
67386,0.0205799668709424
67387,0.0164739164316384
67388,0.0164055670712662
67389,0.0260801052708815
67390,0.4371611627205382
67391,0.9353852700128424
67392,0.0243272777793655
67393,0.6724857776568505
67394,0.0227233210180749
67395,0.0166633322666064
67396,0.0368205538278497
67397,0.0199615901598866
67398,0.9453508316301884
67399,0.0793062326759811
67400,0.0201875891264387
67401,0.0181388177156724
67402,0.0195423130571297
67403,0.0222971304539293
67404,0.0194722676739822
67405,0.9448709709868136
67406,0.9363569808953384
67407,0.0563155239447651
67408,0.2180875915922395
67409,0.9429325570943978
67410,0.2327993555850471
67411,0.0161289374036274
67412,0.0185572236698637
67413,0.0556593492407121
67414,0.0206294242288941
67415,0.0760818374548103
67416,0.9434350996297156
67417,0.0208250163520584
67418,0.8452823275377637
67419,0.0163152841888708
67420,0.0536167242232401
67421,0.0163578456265552
67422,0.0821721953408785
67423,0.0276042925312601
67424,0.2180344609943356
67425,0.940230451049219
67426,0.0312170722103378
67427,0.0167688963288577
67428,0.016738922581928
67429,0.0190868137876352
67430,0.9396175803542516
67431,0.0168594693098422
67432,0.4000915177420791
67433,0.015724497324966
67434,0.6972004465312516
67435,0.018738355343119
67436,0.1011421501179893
67437,0.1978956275243305
67438,0.0245047876016105
67439,0.0162154462126341
67440,0.0222931975029026
67441,0.9258210237979516
67442,0.0172628901265159
67443,0.0195155571893233
67444,0.944547823827294
67445,0.0170274066922241
67446,0.0424392759230534
67447,0.0166002100064111
67448,0.0336335877439947
67449,0.0202580781665592
67450,0.0183936842403715
67451,0.0173238889856354
67452,0.162118196142682
67453,0.0160973775159703
67454,0.0543762995216501
67455,0.1009637613781643
67456,0.0167781646705115
67457,0.0691467940753432
67458,0.0163802633613189
67459,0.060638770677955
67460,0.048478421171424
67461,0.0229229500567601
67462,0.9476580317017136
67463,0.0240732139706142
67464,0.9375770743438422
67465,0.0294005359486339
67466,0.0215283957885479
67467,0.0191556803222281
67468,0.9046993462308732
67469,0.0174609577562827
67470,0.0226369961754588
67471,0.5343902107696843
67472,0.0163711077302844
67473,0.0597730401366024
67474,0.0332156593112948
67475,0.0446372044631387
67476,0.0165867315976474
67477,0.0261834508587277
67478,0.0174303418866107
67479,0.0587881327186409
67480,0.0171270001929893
67481,0.0243178940044347
67482,0.0219726457668012
67483,0.0168850607723842
67484,0.0168722080001933
67485,0.0267630286432024
67486,0.0186851859481595
67487,0.022825423428966
67488,0.0178582176692644
67489,0.017204235774405
67490,0.0426438748285977
67491,0.8917110539376696
67492,0.5685382081314063
67493,0.025331379360419
67494,0.904506612715017
67495,0.0202122819858176
67496,0.0184591772022118
67497,0.0156989835845244
67498,0.0250405851737463
67499,0.0382337423435231
67500,0.0241180749041682
67501,0.9321412919986566
67502,0.0213833054818997
67503,0.0614246151024891
67504,0.0241805239940737
67505,0.0183046461133123
67506,0.9248937077410134
67507,0.0311560382602753
67508,0.0273958523090122
67509,0.0176875231093978
67510,0.8756205478705724
67511,0.035177490951447
67512,0.0339587729495041
67513,0.0615171794238918
67514,0.0269827524062574
67515,0.9395409503399198
67516,0.9093389170544494
67517,0.0424192434359215
67518,0.0286621796836838
67519,0.0187078228696057
67520,0.0381297332235987
67521,0.0172195247077677
67522,0.0275314847621337
67523,0.1256649546683506
67524,0.0300218025111758
67525,0.0165534560739678
67526,0.0250264301798818
67527,0.944956969036212
67528,0.1408417951120629
67529,0.017081677594055
67530,0.0197041794996411
67531,0.0254288793029153
67532,0.0210208999130634
67533,0.8926656127164947
67534,0.0448201041168037
67535,0.0178750218737423
67536,0.0177019333184932
67537,0.0573334679833992
67538,0.0218097042698572
67539,0.0276995307285772
67540,0.0219019848372891
67541,0.0161576013978507
67542,0.0171706159628303
67543,0.0160069502505736
67544,0.0454574168989989
67545,0.0160626358695587
67546,0.0223625292069526
67547,0.0159924803541142
67548,0.0174193779238461
67549,0.0182616724470802
67550,0.0181961983440603
67551,0.0164857501483377
67552,0.0169335296107326
67553,0.0168413989099341
67554,0.0220893382959363
67555,0.0792013535360346
67556,0.1081326088723335
67557,0.0173290015608709
67558,0.9455914797310558
67559,0.0193129878110388
67560,0.0251800210843717
67561,0.0237200783273204
67562,0.0164145859620965
67563,0.0210836899093517
67564,0.0748633798948168
67565,0.0206163249340696
67566,0.0198013208802702
67567,0.0165492046962138
67568,0.0211621649948557
67569,0.02845027599286
67570,0.0209801199094323
67571,0.0177414549008783
67572,0.0182210155691005
67573,0.0203218825656844
67574,0.0278863821146996
67575,0.0315166571507359
67576,0.4681848880753592
67577,0.0650628293677253
67578,0.934061545580308
67579,0.0596423060925003
67580,0.0303895633782938
67581,0.0159060521285161
67582,0.0220431254794148
67583,0.1550994206880187
67584,0.9239536622184252
67585,0.9483754755132456
67586,0.0201250142551244
67587,0.0185613968979402
67588,0.0520712721012712
67589,0.9459729860401396
67590,0.0170045673955349
67591,0.0165096767040661
67592,0.018681528138176
67593,0.018551207679699
67594,0.0236038266993353
67595,0.0275140105596637
67596,0.021180736905036
67597,0.5829855635302228
67598,0.0165886027437983
67599,0.0601793517014063
67600,0.0168038035600399
67601,0.0268919296803231
67602,0.017289267652315
67603,0.9446632339515316
67604,0.0286027778150241
67605,0.0177841721373441
67606,0.0195155167294016
67607,0.016756972540975
67608,0.0260963254634433
67609,0.0210869692470144
67610,0.0179654714181528
67611,0.0167629042530468
67612,0.0406859369699716
67613,0.0238517995294486
67614,0.0198160144242862
67615,0.0236133573723083
67616,0.0571377564183388
67617,0.0190703062002099
67618,0.1501762387444138
67619,0.0230857471976291
67620,0.022963094968297
67621,0.0179363263526672
67622,0.0263845975346978
67623,0.0200409070183449
67624,0.0161296251898498
67625,0.0240843825333444
67626,0.0301774351819936
67627,0.0155982023419145
67628,0.0176253160551785
67629,0.0169504160830269
67630,0.0230826239661755
67631,0.0190332104783129
67632,0.0296893265588446
67633,0.077258257264769
67634,0.0184904688942102
67635,0.9445791189266998
67636,0.1805024631685897
67637,0.0184589396398356
67638,0.090120440787611
67639,0.0161963176575966
67640,0.0161871082599749
67641,0.0178823341879402
67642,0.0170551266761005
67643,0.0225582881558036
67644,0.7957860388704647
67645,0.0224460726149689
67646,0.0173382284605952
67647,0.0167656560772126
67648,0.0191009974317245
67649,0.0213129079108101
67650,0.0401902090116555
67651,0.0217689327994123
67652,0.0320414357216097
67653,0.0684765351467052
67654,0.1056020052668591
67655,0.1464228782693678
67656,0.0214288590357376
67657,0.1041066833401838
67658,0.0220441505948111
67659,0.5361584613218389
67660,0.0175879848166054
67661,0.0181293685127764
67662,0.9201634398362324
67663,0.2463440281414625
67664,0.8878785899008486
67665,0.9350377879052942
67666,0.019509476245452
67667,0.042928459039795
67668,0.0156891645316867
67669,0.0223538823593912
67670,0.0195877688964066
67671,0.0218952037711031
67672,0.0396357237204699
67673,0.0190924636910685
67674,0.0588627843459788
67675,0.0518898717093632
67676,0.0214592735603089
67677,0.032755741066694
67678,0.0488071505750572
67679,0.0814086772811633
67680,0.1551416353503275
67681,0.3296958626563538
67682,0.9476396505861648
67683,0.9407454652828644
67684,0.0228224249966727
67685,0.0207511832937367
67686,0.0171906495798951
67687,0.0173887009680519
67688,0.0174699206339883
67689,0.0187259138108223
67690,0.1749217578045741
67691,0.0726637115004382
67692,0.0194180229829257
67693,0.075018055050396
67694,0.0199671652720809
67695,0.9413324998079462
67696,0.0201760121119188
67697,0.0187983227425977
67698,0.0178118292748488
67699,0.0417941590816107
67700,0.0186769847669182
67701,0.029615483816242
67702,0.0159034864686491
67703,0.0172485883097561
67704,0.941246889441553
67705,0.0567867627316283
67706,0.0175101011256361
67707,0.0178463523550367
67708,0.017102303227739
67709,0.0234083957262821
67710,0.0172847959626891
67711,0.0331286123675045
67712,0.0170934402788321
67713,0.0209805170928224
67714,0.0307449432509318
67715,0.0198482808297502
67716,0.0286014767716967
67717,0.1021417765748212
67718,0.1241950851605716
67719,0.9384280818439932
67720,0.0206141599641207
67721,0.4211181508043508
67722,0.017067955192597
67723,0.0179423570827099
67724,0.0230837162273239
67725,0.0255200684154141
67726,0.1123931332153475
67727,0.0414446674230945
67728,0.9308767401435308
67729,0.0188903315947552
67730,0.070038286242051
67731,0.700622337297078
67732,0.018124429855726
67733,0.3337129463349557
67734,0.8998281421621983
67735,0.0373253769606938
67736,0.025799946222009
67737,0.9409343734762764
67738,0.018361335708179
67739,0.0167539541350938
67740,0.0167128408823921
67741,0.0339665780943113
67742,0.024274110549048
67743,0.0168650019389859
67744,0.030317310806408
67745,0.0187384489430435
67746,0.0183948776618638
67747,0.023856935928299
67748,0.0171970132652762
67749,0.0163861736595702
67750,0.0165492397030393
67751,0.9447402862302527
67752,0.0190278340869976
67753,0.2915188386107084
67754,0.0239241110212053
67755,0.0236919273349125
67756,0.0662261885207202
67757,0.018844187964708
67758,0.0258017242491422
67759,0.9345155801544104
67760,0.024859009214543
67761,0.0362551675806121
67762,0.018838860291644
67763,0.0647258500069463
67764,0.0387356218827192
67765,0.0240671140056201
67766,0.0213725170210401
67767,0.0248193828953492
67768,0.0187142087239744
67769,0.0255685951843842
67770,0.0192826638294134
67771,0.0223402393065234
67772,0.7400730003369241
67773,0.0195261080108262
67774,0.0336267247030044
67775,0.055550060561075
67776,0.0605025800833879
67777,0.0189018200571577
67778,0.9466781396473064
67779,0.8371134951270004
67780,0.0160292190812282
67781,0.0173089092180848
67782,0.0342823935703791
67783,0.0167033528042545
67784,0.0170603302462102
67785,0.9426619144204956
67786,0.0210920328499034
67787,0.0569317993218217
67788,0.0317069507269931
67789,0.0693637215560757
67790,0.024339242557299
67791,0.0228539325609367
67792,0.0198835027976087
67793,0.0189998664423885
67794,0.0165741658290301
67795,0.0169840901000526
67796,0.0170900705474751
67797,0.0168366643317306
67798,0.0159199562995428
67799,0.0166459990454519
67800,0.0168958526299723
67801,0.0225859220435998
67802,0.4882449080762631
67803,0.0175326698366207
67804,0.9199975536528454
67805,0.9269974364769724
67806,0.0466162145303754
67807,0.077953645358416
67808,0.0167158858357171
67809,0.1839241992414916
67810,0.1627830181366727
67811,0.0182990849726315
67812,0.0166463776492994
67813,0.1646589362191101
67814,0.0160001153345912
67815,0.0171235958803816
67816,0.01691958365593
67817,0.016482035675895
67818,0.0376180933104662
67819,0.0399196081378409
67820,0.0191370348056277
67821,0.8862630716894513
67822,0.02351415918209
67823,0.0279639194201372
67824,0.0171190829002835
67825,0.0170145599498366
67826,0.0168153777101852
67827,0.0334028642453433
67828,0.019812212127985
67829,0.0484066108320146
67830,0.1022030391385148
67831,0.0193997401301264
67832,0.0447926148631114
67833,0.5169392336902506
67834,0.0184674672829767
67835,0.017495706930113
67836,0.0477081830872304
67837,0.0177281988779932
67838,0.0239591695537449
67839,0.0155983942300486
67840,0.0185629258057996
67841,0.0198904154905806
67842,0.0179973909946701
67843,0.0504868843032159
67844,0.024342339246333
67845,0.0191417753598939
67846,0.0256946796110842
67847,0.0287311933575632
67848,0.0340424242762238
67849,0.0185365811395777
67850,0.0168138846071474
67851,0.0180505201129566
67852,0.0168101139376555
67853,0.0627262255565319
67854,0.0189846414497516
67855,0.015950823426548
67856,0.0168903932197186
67857,0.0194842380095582
67858,0.0157806533068849
67859,0.016545599260077
67860,0.0226357252495104
67861,0.0191166006849326
67862,0.0286036570214975
67863,0.0159091837107673
67864,0.0476797665398985
67865,0.0229766332368347
67866,0.0287006242868883
67867,0.1121554041584413
67868,0.017876946072706
67869,0.0483341816752069
67870,0.0288835295986866
67871,0.0172038018749464
67872,0.024444990757041
67873,0.0236641188885224
67874,0.0207871065793862
67875,0.0187712715602083
67876,0.1704678255038143
67877,0.0782929037408541
67878,0.0821299140795633
67879,0.0244744920142536
67880,0.0779961900740915
67881,0.0192182749243744
67882,0.0202036045426373
67883,0.0228958551997599
67884,0.0291079457037317
67885,0.0156257510642161
67886,0.7989994610211776
67887,0.0195125456597943
67888,0.0623925432606643
67889,0.0186533348033328
67890,0.0177780825625044
67891,0.0263705602225431
67892,0.020811310369286
67893,0.9312524963907955
67894,0.0193521670942062
67895,0.0186141767318392
67896,0.0188625684830778
67897,0.0180932375990141
67898,0.0259083484459339
67899,0.1076206611478294
67900,0.0346349701731329
67901,0.016353644404675
67902,0.0169643325211226
67903,0.0297277321376208
67904,0.947447514761518
67905,0.0263925411063662
67906,0.0248366048855043
67907,0.0376937391278234
67908,0.0229680340881051
67909,0.0293033709670891
67910,0.8102913723481224
67911,0.8987536087261677
67912,0.2556701733606451
67913,0.6205911147605286
67914,0.01676149239413
67915,0.4369680916563702
67916,0.0158312749000721
67917,0.0186318585874996
67918,0.0171648494734644
67919,0.0317346572299379
67920,0.1118383473916641
67921,0.0263775367030929
67922,0.0235459501325043
67923,0.2607918371512709
67924,0.0264859668218411
67925,0.0168377793230362
67926,0.0300196205305812
67927,0.1051240189803186
67928,0.0344084933229298
67929,0.0550757173602326
67930,0.0273290180977168
67931,0.3977212826845375
67932,0.0184007992836958
67933,0.0169762669450317
67934,0.333886461777223
67935,0.0159958226026524
67936,0.0575294007436968
67937,0.0621650214630099
67938,0.0203384648624793
67939,0.0311161525123828
67940,0.017907244917637
67941,0.0278002614694629
67942,0.0168676186645594
67943,0.0239983586956655
67944,0.02635607880512
67945,0.0172218179462442
67946,0.0264389410913305
67947,0.0364456800419067
67948,0.0180862321057892
67949,0.0211645212200221
67950,0.0191411103734094
67951,0.0381825153801035
67952,0.018154295324611
67953,0.0236206602284894
67954,0.0166797959796283
67955,0.0374050915402822
67956,0.0503072713472078
67957,0.0373496238540784
67958,0.0171301003985381
67959,0.022342245660388
67960,0.0210651131610878
67961,0.0440170312312637
67962,0.0706555076143209
67963,0.0274460956759756
67964,0.0166205179526856
67965,0.0410554248342399
67966,0.0852735384028075
67967,0.01905865261593
67968,0.8535877125659572
67969,0.0184006877077704
67970,0.0306615293491227
67971,0.0185779254037239
67972,0.0409937907589577
67973,0.0208696695780549
67974,0.2336562659200499
67975,0.906941147502972
67976,0.0271221034645898
67977,0.9438828971789444
67978,0.022602455760165
67979,0.1196554072792445
67980,0.1669264709392308
67981,0.0216798817579267
67982,0.9425940717103308
67983,0.0254166737374889
67984,0.1366400292834044
67985,0.0188547292473479
67986,0.0207020552002001
67987,0.0963357817963321
67988,0.9136501063882482
67989,0.0173438513199066
67990,0.0273387188831347
67991,0.0168473613663899
67992,0.0873624969313257
67993,0.0298389904710742
67994,0.0888192407757351
67995,0.2153255096758556
67996,0.0165679257463919
67997,0.0183498544053055
67998,0.0164581814089566
67999,0.9338463130429656
68000,0.0164641636952807
68001,0.0737851980463991
68002,0.0216402498506273
68003,0.9426762024100144
68004,0.1109218980656193
68005,0.0721251956723613
68006,0.0268240858864547
68007,0.0179679066779543
68008,0.0501527669374429
68009,0.0202516589590157
68010,0.4830016679588102
68011,0.0195638554162737
68012,0.0167080819852975
68013,0.9420808607138008
68014,0.0181380820535191
68015,0.0323978402163862
68016,0.9410867177300416
68017,0.018673925558924
68018,0.0190885404366268
68019,0.0276751006256922
68020,0.0246335580608095
68021,0.0556875929001703
68022,0.0240018916657841
68023,0.1170826379273137
68024,0.0167338121579658
68025,0.0215669439387046
68026,0.0186886723845362
68027,0.9464536169905232
68028,0.134549405722344
68029,0.0186072888072089
68030,0.0177329520126758
68031,0.0199583192272558
68032,0.0168758646413708
68033,0.0205298753915756
68034,0.9383358647538064
68035,0.92397616948599
68036,0.0158017570025148
68037,0.0169735738945135
68038,0.0169826741126028
68039,0.0852957669932567
68040,0.9392121476453648
68041,0.0313789480922528
68042,0.0702596854527752
68043,0.0268437327805023
68044,0.0199383415343826
68045,0.0606609339805858
68046,0.032705550727195
68047,0.0574872890141036
68048,0.05669021204061
68049,0.9154794827028702
68050,0.0254731436242933
68051,0.0226827591670704
68052,0.0426210919699509
68053,0.0169811138982137
68054,0.0190866439304998
68055,0.0241366645301212
68056,0.0208615062112763
68057,0.0612566378309726
68058,0.1510220577792619
68059,0.016403147742246
68060,0.0169528488788361
68061,0.02346297595073
68062,0.0221919095990415
68063,0.9451243005311604
68064,0.0173505638808385
68065,0.0253396322230321
68066,0.0178264597479294
68067,0.938284540775564
68068,0.0166731601955815
68069,0.0403822775356514
68070,0.0249576298294778
68071,0.0210987438740368
68072,0.0208561525976236
68073,0.9246595469269288
68074,0.9478096476592428
68075,0.0172566514643352
68076,0.0654068323958036
68077,0.0335277670991445
68078,0.94156722565294
68079,0.021338996628064
68080,0.0200995628517177
68081,0.0240948630634868
68082,0.0188511420391877
68083,0.0204830261517132
68084,0.0186472460031099
68085,0.0237860302553869
68086,0.0209449364889593
68087,0.0164882862698914
68088,0.0650309275934572
68089,0.0189210553857065
68090,0.0158130347014569
68091,0.7543140095565104
68092,0.1321595018447608
68093,0.0227318747583571
68094,0.0162639017268523
68095,0.1214898453393896
68096,0.0490503164291675
68097,0.0225530988599738
68098,0.9432400068146638
68099,0.9387476615828882
68100,0.0192863361408595
68101,0.0175977383615504
68102,0.0194744940338903
68103,0.2272643827855329
68104,0.0309611126866517
68105,0.027539548971882
68106,0.0199314799082894
68107,0.0168192324075235
68108,0.0325482684814331
68109,0.2119594661992356
68110,0.0675973867012492
68111,0.0389217577084897
68112,0.1948826897720831
68113,0.0557829044997865
68114,0.0266624369043808
68115,0.0328080115191864
68116,0.0161614722916981
68117,0.0262058524256989
68118,0.0214783425117945
68119,0.0271806338927926
68120,0.0322509857530959
68121,0.0200819957525271
68122,0.0221914592751115
68123,0.0191374803890072
68124,0.0511795476377033
68125,0.0259817952506242
68126,0.068400660996774
68127,0.0416481558152702
68128,0.0236025996515807
68129,0.0547318234030203
68130,0.9214980435244412
68131,0.0408920951382446
68132,0.106899524540239
68133,0.0839193328855265
68134,0.0166895621664416
68135,0.0304688803835598
68136,0.0175765023334142
68137,0.0417040871171117
68138,0.0199462244399511
68139,0.0487021245243047
68140,0.0422181760352925
68141,0.0222833045057133
68142,0.018015896811855
68143,0.0232301449476977
68144,0.4400736677980996
68145,0.018901455272476
68146,0.0237162525356696
68147,0.0185368635059578
68148,0.0192356543314724
68149,0.0170544366213713
68150,0.034974747449885
68151,0.018210387669756
68152,0.6363872791997612
68153,0.0466314647416701
68154,0.024958960092425
68155,0.0731587511612157
68156,0.0173545650562171
68157,0.0194086984165964
68158,0.923169479798785
68159,0.0207471547941922
68160,0.0199712057431815
68161,0.015924051564
68162,0.024744801809999
68163,0.9170622925806486
68164,0.0193289085753039
68165,0.096948251332122
68166,0.0247852056635457
68167,0.0202267367886708
68168,0.0195336940684188
68169,0.0289655834279102
68170,0.0461372477322563
68171,0.0296450525841492
68172,0.0173736317499165
68173,0.015792325880956
68174,0.0200306315423541
68175,0.0205727502683903
68176,0.9412506634485563
68177,0.0181758416399674
68178,0.0235198148883064
68179,0.0166891492576207
68180,0.0294680083321921
68181,0.0627335621234622
68182,0.0404107934644209
68183,0.9416681621620344
68184,0.0185071176626975
68185,0.0418619058118462
68186,0.0221792419472591
68187,0.0177858491659252
68188,0.0176470535141087
68189,0.0158320635148857
68190,0.0230446757998642
68191,0.0268945710819053
68192,0.0163807317433465
68193,0.0296432254207705
68194,0.0204278690000213
68195,0.0158584492905538
68196,0.0214176517551122
68197,0.0788086563813118
68198,0.8614719855207384
68199,0.0315669639028322
68200,0.0183455034918865
68201,0.021644538166741
68202,0.018988195693752
68203,0.2875814537873459
68204,0.947776197944456
68205,0.7338521669508606
68206,0.0809671452875931
68207,0.0180301793077246
68208,0.046640379753792
68209,0.0168218693653344
68210,0.9411448796788314
68211,0.0185127811153095
68212,0.0180645041505886
68213,0.031166893626207
68214,0.0213424815382177
68215,0.0288844060031177
68216,0.3115015315680534
68217,0.0167291271512248
68218,0.1726949192757136
68219,0.3491603913853289
68220,0.0669399792739576
68221,0.0239359180749263
68222,0.7469973177419633
68223,0.051311577684479
68224,0.069796794445229
68225,0.0171092426144459
68226,0.019773704190103
68227,0.8542893630554218
68228,0.0520702994203138
68229,0.0221139898918645
68230,0.0173555565166336
68231,0.0266189243993906
68232,0.03190957225794
68233,0.0184665805084637
68234,0.017783938926759
68235,0.0313093108101383
68236,0.0928320178534789
68237,0.0326451798097732
68238,0.0161705688182426
68239,0.0273860639694228
68240,0.0285000300421048
68241,0.0234107234698743
68242,0.020497105534114
68243,0.0846447098201889
68244,0.0333730399096067
68245,0.0180209879572019
68246,0.0166974379794567
68247,0.0182394438804582
68248,0.0195540926070562
68249,0.0171838432402581
68250,0.0183638665866413
68251,0.0197676351487848
68252,0.1153187544072887
68253,0.0160842424568991
68254,0.0173063472292958
68255,0.0484517867461138
68256,0.0183216508602725
68257,0.016000304491031
68258,0.903413021508699
68259,0.0253053739451905
68260,0.1130457163016238
68261,0.016300763000543
68262,0.0156696031325187
68263,0.0272594105756863
68264,0.0202941232742926
68265,0.9480205950309072
68266,0.0199866497338226
68267,0.0270562536309731
68268,0.0288581652292017
68269,0.0186034229740789
68270,0.0175999504031697
68271,0.0237129559543845
68272,0.552699926057367
68273,0.0291846041097119
68274,0.0188296206660494
68275,0.4924476486242364
68276,0.5309737871180767
68277,0.0165053103705158
68278,0.0210577938862658
68279,0.0825759675542202
68280,0.0211165760389841
68281,0.02160601692272
68282,0.0512636215640934
68283,0.0234500716512381
68284,0.0181364342474943
68285,0.0929299773260072
68286,0.0162161824603458
68287,0.0167780407648708
68288,0.11043717194027
68289,0.0172546042833796
68290,0.0187132938704767
68291,0.0260065471649682
68292,0.0180266113063001
68293,0.0159385681767967
68294,0.0698786486692392
68295,0.9260557055162068
68296,0.9362870076573756
68297,0.0175967525795682
68298,0.0170624758858784
68299,0.0399440321651393
68300,0.0278656106515339
68301,0.0167352430283698
68302,0.043253806041947
68303,0.0210087302179884
68304,0.0417618135051156
68305,0.0174175892280497
68306,0.0297897830420326
68307,0.0157714199892
68308,0.028388512500436
68309,0.0256973958572487
68310,0.027090059843475
68311,0.0631665076376447
68312,0.0176328382027406
68313,0.0156841464676879
68314,0.0235406365002173
68315,0.9392130658787332
68316,0.0560944446788015
68317,0.0199741455828153
68318,0.0338510563288882
68319,0.0169096724453898
68320,0.0182217250368816
68321,0.0197753166214399
68322,0.062262366459462
68323,0.0319259652593097
68324,0.0200077666879397
68325,0.0166641226731961
68326,0.0200635418419668
68327,0.0331052433789251
68328,0.0264413790382331
68329,0.0229670058985526
68330,0.0259839211683287
68331,0.0344319454240995
68332,0.8896347386950232
68333,0.0172937387368635
68334,0.0685946596933926
68335,0.3120444310783468
68336,0.926820688539886
68337,0.0193784724009981
68338,0.0165073293693062
68339,0.933203659959388
68340,0.018527467583811
68341,0.0229622986168106
68342,0.9255968342404396
68343,0.0196219153093769
68344,0.0160778263593468
68345,0.9435798265473416
68346,0.016839281435125
68347,0.015829759088702
68348,0.2073039352154042
68349,0.031709463642956
68350,0.9276016755170728
68351,0.0215137552079574
68352,0.0155520034778261
68353,0.0181313611548071
68354,0.946859649508345
68355,0.0176528085263979
68356,0.0208006430214069
68357,0.924846075814065
68358,0.0199763170474696
68359,0.0226768399982271
68360,0.2480149382433474
68361,0.0541673206822296
68362,0.0362854995017161
68363,0.0181971893473445
68364,0.0173661643234785
68365,0.0177500640329634
68366,0.0310740831662082
68367,0.0510872007296291
68368,0.0852190768960097
68369,0.9020917138618032
68370,0.942350855868614
68371,0.110124587405413
68372,0.8883085785042304
68373,0.1753569217387801
68374,0.0639155545577489
68375,0.0167279103954464
68376,0.1227701263323854
68377,0.0773147790452396
68378,0.0260292791452532
68379,0.0186496918009161
68380,0.0406065421352506
68381,0.0191682583000166
68382,0.0410030812672647
68383,0.0286821544598955
68384,0.0226919220946399
68385,0.0269179563150526
68386,0.0217097890933182
68387,0.0275414630327444
68388,0.0267419420881129
68389,0.3619763460432778
68390,0.0459568661891366
68391,0.0445389305140422
68392,0.0225584743737664
68393,0.1281753488399159
68394,0.921177631090143
68395,0.0177084475207169
68396,0.131261241341483
68397,0.0217883744191159
68398,0.1098311528003009
68399,0.0187177192478041
68400,0.1167198198900629
68401,0.2711113604984123
68402,0.0257028950190567
68403,0.1036520955430912
68404,0.9410642854364843
68405,0.0225748371067968
68406,0.0176979248505201
68407,0.9473713835499408
68408,0.3871123074213949
68409,0.0243892830667974
68410,0.0248389888813059
68411,0.0203496072553168
68412,0.0819292688775633
68413,0.0456547308221723
68414,0.9279671230265404
68415,0.5995362687183358
68416,0.0204373701470949
68417,0.0484217060046095
68418,0.0449859887601482
68419,0.0265378275349217
68420,0.0248103531878325
68421,0.892358420598634
68422,0.0163626837223957
68423,0.0181573664906599
68424,0.9201294015536028
68425,0.031367983324693
68426,0.0172147395077517
68427,0.0667381985212108
68428,0.0861460111309163
68429,0.0202625580374028
68430,0.0174943131346444
68431,0.0177334342671939
68432,0.0218580331929728
68433,0.0176164778796398
68434,0.0545392835974762
68435,0.9482422366705252
68436,0.0377258117314822
68437,0.0241999827859928
68438,0.0244372616511161
68439,0.0166560701419226
68440,0.0165086037982453
68441,0.042433655853168
68442,0.0178540042972823
68443,0.0589414421308652
68444,0.93731159085915
68445,0.0227353455229216
68446,0.0211391911478002
68447,0.016562570386302
68448,0.0596868874350622
68449,0.0198302435080669
68450,0.754505260694185
68451,0.0269761421527851
68452,0.0177150963725805
68453,0.0867289645735937
68454,0.0750533134293122
68455,0.0340591268174911
68456,0.0658147453646028
68457,0.0217183217001288
68458,0.0176395369341179
68459,0.0280819451434471
68460,0.0306504784795278
68461,0.0197672432546556
68462,0.0171489471417845
68463,0.0322584751672072
68464,0.0289737822117385
68465,0.0306802163367662
68466,0.0174511322079685
68467,0.0214697191099296
68468,0.0225476349225299
68469,0.0213301710478003
68470,0.0175919690826346
68471,0.9345104587806716
68472,0.0172614428886436
68473,0.0490696032551378
68474,0.7828429464234098
68475,0.0207223477179701
68476,0.0164438932863845
68477,0.0223904335374083
68478,0.0160845730595154
68479,0.0189760530374445
68480,0.0427562871095436
68481,0.0273452070919984
68482,0.0887674692527031
68483,0.1098666984976949
68484,0.0192069902853496
68485,0.0183250011346009
68486,0.0323847805442472
68487,0.0159696937129938
68488,0.9463104066754036
68489,0.0345615582390087
68490,0.021232686753434
68491,0.0352090822151898
68492,0.2791061737398845
68493,0.0174806846746858
68494,0.0166157919252226
68495,0.0162259776427633
68496,0.0673400055283097
68497,0.0798518807294476
68498,0.0167280329820356
68499,0.0179339028049784
68500,0.0643238024688998
68501,0.0172132243405654
68502,0.0833825145205746
68503,0.0345710188314277
68504,0.0327592366719521
68505,0.0171583664737103
68506,0.0382578967074732
68507,0.0170013195304066
68508,0.0173515182574144
68509,0.0941572719521634
68510,0.0170705523992069
68511,0.0171297897312786
68512,0.0337131261681802
68513,0.0163880198400464
68514,0.9218282574387694
68515,0.0474903823661304
68516,0.3391579836548134
68517,0.0174065520201123
68518,0.9367854008196644
68519,0.0252327723711349
68520,0.02040261302621
68521,0.0171621360814837
68522,0.2104868910230489
68523,0.0170788663598286
68524,0.6556413863029249
68525,0.0170750983081936
68526,0.0332840676177641
68527,0.030007583563907
68528,0.046515495361937
68529,0.0174777509744596
68530,0.0190075038311598
68531,0.0198237659659181
68532,0.0158079877877671
68533,0.9315798738718434
68534,0.0210952551108196
68535,0.4146122093051813
68536,0.0175035867874076
68537,0.0801667460406273
68538,0.0235142789824974
68539,0.0217067405286985
68540,0.0198254846146128
68541,0.017443797137958
68542,0.0168728143585462
68543,0.0183267599658424
68544,0.0729316075042855
68545,0.0183872345017892
68546,0.0224444064327244
68547,0.9169615320601316
68548,0.0242497756322529
68549,0.016526055117127
68550,0.9348792747318232
68551,0.9248140967573106
68552,0.016302601683868
68553,0.058521651828206
68554,0.1113778326585834
68555,0.0480441274715712
68556,0.1279864688934063
68557,0.0337691217008091
68558,0.9272670244377076
68559,0.0425236641490215
68560,0.9450277673563374
68561,0.0988436833055247
68562,0.298517382326661
68563,0.3926083255340133
68564,0.0168866960546157
68565,0.0200245211778558
68566,0.0193706010424086
68567,0.017115778283084
68568,0.0207562756270979
68569,0.043955791037143
68570,0.0190453462906189
68571,0.9376948749045748
68572,0.1000306728253889
68573,0.0183793005937216
68574,0.0330404917017728
68575,0.0162785766806614
68576,0.0182874960869071
68577,0.1079187767317519
68578,0.0622675195117656
68579,0.0199818258237251
68580,0.0170428449771669
68581,0.0350314122415658
68582,0.2164786757579418
68583,0.9484284974694992
68584,0.0189157088066996
68585,0.9385339187672904
68586,0.1096484922193954
68587,0.0181639541628066
68588,0.0295554820396818
68589,0.0171170335110201
68590,0.9364385560565048
68591,0.0332173053014159
68592,0.940036167536368
68593,0.0171169571418106
68594,0.0334500817867961
68595,0.0160082386620754
68596,0.1679968985766032
68597,0.901094042132081
68598,0.02390678025423
68599,0.0205541704079749
68600,0.0191967597758385
68601,0.0186934348635865
68602,0.0466800337881693
68603,0.0353223208195864
68604,0.2968285473443303
68605,0.8577180664402069
68606,0.0245338545911153
68607,0.0175948995281954
68608,0.0486456292233046
68609,0.0158797563830799
68610,0.0278458334574278
68611,0.0184706509802762
68612,0.9158212746549372
68613,0.028185665470036
68614,0.0371836042266196
68615,0.0956712111822321
68616,0.0167587514019099
68617,0.025756960400289
68618,0.0207620392992915
68619,0.4397347308226438
68620,0.0233281980030708
68621,0.0765527419424056
68622,0.0163108104431116
68623,0.0222002062711694
68624,0.015934518214035
68625,0.1578658942236561
68626,0.0241456612616218
68627,0.0224308413108518
68628,0.0203382913592755
68629,0.0248578855854389
68630,0.7078163778566645
68631,0.0165047681305491
68632,0.0871765444831755
68633,0.0174532285110316
68634,0.0160737813487893
68635,0.9176674532596084
68636,0.0241726408839269
68637,0.0241486405652775
68638,0.0346343730556553
68639,0.9446248344682138
68640,0.0220435364478209
68641,0.5490026053670274
68642,0.0254914596804829
68643,0.0166841261751102
68644,0.0212589718267245
68645,0.935225761576378
68646,0.026584942217593
68647,0.0181135609058347
68648,0.4772350629781564
68649,0.0169683356166496
68650,0.91641527243591
68651,0.0202248570670523
68652,0.0191776706889116
68653,0.9309479307024552
68654,0.0741551018214074
68655,0.0847015598894024
68656,0.017074020699397
68657,0.0222705784657383
68658,0.9230776809095556
68659,0.0167013459109639
68660,0.0258630111450577
68661,0.0326062689129542
68662,0.0306318075321192
68663,0.0212565542960507
68664,0.0161552212575893
68665,0.0212799361318582
68666,0.0269650211069242
68667,0.0344975565140198
68668,0.0163579361032694
68669,0.0800835928499474
68670,0.0272471695956711
68671,0.0186637966299756
68672,0.0235890202810916
68673,0.0214763020066614
68674,0.020693595238742
68675,0.0200807673789001
68676,0.0183762967712363
68677,0.0468656041764349
68678,0.0334988443421315
68679,0.0224519677023618
68680,0.0224503944277362
68681,0.0163853337187316
68682,0.0237963263249258
68683,0.0338113871758845
68684,0.0264758847338472
68685,0.0286318568369045
68686,0.0163231194674792
68687,0.0183424453924715
68688,0.0388244773563155
68689,0.0155236039800373
68690,0.0178630037650846
68691,0.0212442923369335
68692,0.0174957395264099
68693,0.0379717290098303
68694,0.0204118471671514
68695,0.0345610461847349
68696,0.9429648441009388
68697,0.0159729045224825
68698,0.0180182626679778
68699,0.4895821530089065
68700,0.9468989987483908
68701,0.0796993632771954
68702,0.0170837512107075
68703,0.0537387876901359
68704,0.0368970650846268
68705,0.0197716782447616
68706,0.1496137949953019
68707,0.9439037122333122
68708,0.0196593876999523
68709,0.0172718360838417
68710,0.0462219683185431
68711,0.1851250840049248
68712,0.0196807357786277
68713,0.0625109039726521
68714,0.1324311884078296
68715,0.0159371013670384
68716,0.017460921073853
68717,0.0291127490791269
68718,0.0313130701490513
68719,0.0632379167912012
68720,0.1065050511431391
68721,0.0623547868787054
68722,0.0172653533725856
68723,0.9412341593664142
68724,0.0285822291320075
68725,0.0227613874548075
68726,0.0221558917926962
68727,0.018358103440065
68728,0.0183842626030068
68729,0.205665447684938
68730,0.0166580334422894
68731,0.0309868450359574
68732,0.0215087762959472
68733,0.0164167871375992
68734,0.0174186529176903
68735,0.2088398499328957
68736,0.03705530713663
68737,0.0300302408183911
68738,0.0176067407716894
68739,0.0193676394402301
68740,0.0202055131734935
68741,0.1397673886924265
68742,0.0171222263691172
68743,0.0171186674390134
68744,0.9474038037000014
68745,0.0178747343707406
68746,0.1110856130126345
68747,0.0187312793103493
68748,0.947029606793962
68749,0.0242830134626669
68750,0.0238381230707821
68751,0.4288119130191751
68752,0.0379692593714168
68753,0.0161211650271301
68754,0.0309526192966569
68755,0.0178625715613623
68756,0.07031331717732
68757,0.0199154640002774
68758,0.1833235064578504
68759,0.0294496153286899
68760,0.02717185303873
68761,0.02597703311334
68762,0.7921719686921437
68763,0.0155340173052515
68764,0.946062215101887
68765,0.1559878565523641
68766,0.0641458665269798
68767,0.015909422895457
68768,0.0182350072647911
68769,0.0213704207445195
68770,0.0165832065786283
68771,0.093632760407189
68772,0.0179798367104738
68773,0.0163180149405222
68774,0.0363401308421231
68775,0.9464984248595936
68776,0.0173572181409747
68777,0.0159483188772681
68778,0.0167580082627586
68779,0.9475469851441344
68780,0.0848569616498135
68781,0.0378103797922049
68782,0.0373088751661993
68783,0.089657335306659
68784,0.0391951110085776
68785,0.0158953207899228
68786,0.0176184594858742
68787,0.0304407292846795
68788,0.0233676150791918
68789,0.0159735244644483
68790,0.0164750571422908
68791,0.0160804407652283
68792,0.0161870575624114
68793,0.021358887645688
68794,0.0233589100002424
68795,0.0157362992286566
68796,0.0257986628842756
68797,0.1380570443598653
68798,0.0294925964210979
68799,0.0301525973241224
68800,0.0187031378218232
68801,0.0728550956030848
68802,0.0176703659027696
68803,0.8850290578038259
68804,0.9288928820107027
68805,0.0211763758412504
68806,0.9421720732119032
68807,0.0597768253802672
68808,0.0238614676547967
68809,0.026605232650139
68810,0.0295835955331105
68811,0.9397405365847872
68812,0.0305093044498517
68813,0.0245762586098008
68814,0.0163596003691959
68815,0.0222373927101302
68816,0.0192263908940194
68817,0.1132809129325083
68818,0.0230967584428679
68819,0.2191904872895453
68820,0.0264804657443593
68821,0.0159415347019858
68822,0.0207269833996785
68823,0.0278064864788316
68824,0.9063768062376174
68825,0.9405279514204952
68826,0.0228170308442842
68827,0.0190292642972611
68828,0.0204975336530059
68829,0.9473777742561952
68830,0.023194458173443
68831,0.0163318874806505
68832,0.0425099843741098
68833,0.945526686634838
68834,0.0349230829860961
68835,0.0188042732034238
68836,0.0354455831366772
68837,0.2796580822180633
68838,0.0184975020483622
68839,0.0196319832046617
68840,0.0188627443957064
68841,0.0196364751628197
68842,0.0336565944231912
68843,0.6279077962838031
68844,0.0243034161562953
68845,0.9439947625354012
68846,0.929382301855913
68847,0.0282080209124303
68848,0.0407454162213445
68849,0.3376740325531556
68850,0.0295561033494345
68851,0.0201369577336486
68852,0.0282587547499909
68853,0.0245873235543043
68854,0.0166479796441195
68855,0.9409481250549324
68856,0.0478572974685359
68857,0.0252549384658561
68858,0.0195480483438232
68859,0.017521413124613
68860,0.0176952666288769
68861,0.0159679399705324
68862,0.1554028788263237
68863,0.1095726179810697
68864,0.1624782724290544
68865,0.018383963167301
68866,0.0464363135932721
68867,0.0201264251359391
68868,0.9346120303976818
68869,0.7890432152432462
68870,0.0178826182189521
68871,0.0227607552092622
68872,0.0376978797386857
68873,0.234441836972603
68874,0.0385930842358034
68875,0.0248498601075738
68876,0.0214617916877477
68877,0.0175173987027676
68878,0.859928781285725
68879,0.0180976119000829
68880,0.0178337623353901
68881,0.020823246145143
68882,0.0446014473466078
68883,0.1362556217415615
68884,0.0214588598222721
68885,0.0189785872660595
68886,0.3996755507172386
68887,0.0180186653294435
68888,0.0228724134240344
68889,0.0225901719658941
68890,0.0792520047933871
68891,0.942388062586708
68892,0.0272814580822784
68893,0.0249838118010232
68894,0.0306179646383249
68895,0.0163771415955307
68896,0.0163560463414784
68897,0.7112852497492588
68898,0.0183343705109062
68899,0.8877693428688558
68900,0.9366206863134904
68901,0.018928301277327
68902,0.0208766071036002
68903,0.0172311200337141
68904,0.0219209032941884
68905,0.0183422990198336
68906,0.0176520690735278
68907,0.019544888176173
68908,0.0249012467811182
68909,0.0209301012904101
68910,0.0209353380052964
68911,0.9017009338806892
68912,0.015867543325525
68913,0.0197086892261214
68914,0.0264129234432962
68915,0.0272499550131177
68916,0.0168759514024218
68917,0.2589457644886829
68918,0.0168608473381522
68919,0.0163998722723259
68920,0.0168452872524852
68921,0.0631826623765634
68922,0.0165018017273184
68923,0.0171879717171532
68924,0.0476915569070879
68925,0.0263721926935874
68926,0.936134383345942
68927,0.019360207384254
68928,0.9166675554043272
68929,0.0201456853874228
68930,0.9263407555559068
68931,0.8782645486444012
68932,0.0276231994432742
68933,0.0202878139224783
68934,0.0192938598018834
68935,0.0168556320365938
68936,0.0194707800012453
68937,0.0220300468707341
68938,0.1363439373742418
68939,0.0333222727218427
68940,0.0526254912140398
68941,0.016122567821208
68942,0.0281412037221996
68943,0.0171481903234222
68944,0.3059553646855248
68945,0.1240204694809401
68946,0.0220830608439425
68947,0.0188605424223508
68948,0.0304125026571135
68949,0.0181552181670137
68950,0.9439087602183476
68951,0.0164944904944539
68952,0.0338972270055223
68953,0.0200249284813381
68954,0.0224413288097296
68955,0.0272385204096133
68956,0.015687514712104
68957,0.0244190549054155
68958,0.0432675315499241
68959,0.9469110773660742
68960,0.0456469718816958
68961,0.020619620428485
68962,0.017847076991966
68963,0.9052583220187224
68964,0.0172614166413379
68965,0.0246214387583902
68966,0.04160073549138
68967,0.0252817401585496
68968,0.1168121545567568
68969,0.0194334882177152
68970,0.0201862038834669
68971,0.0261329930152929
68972,0.0577289648642282
68973,0.0213041524553489
68974,0.0163611020372877
68975,0.0341779631559543
68976,0.0163544187961516
68977,0.0219938233440305
68978,0.0397032316460895
68979,0.2793671692825055
68980,0.0155496473538012
68981,0.0177340488094731
68982,0.0171441312062368
68983,0.0171272489724472
68984,0.056520603438402
68985,0.111436971660595
68986,0.0218422006544051
68987,0.020660836086184
68988,0.0159389754680595
68989,0.0171473675751086
68990,0.9465230176223745
68991,0.94435862067234
68992,0.0223061831169965
68993,0.0678542978071866
68994,0.0317731626212557
68995,0.0512857040264148
68996,0.9193745701098538
68997,0.0226040979562531
68998,0.0286365702928918
68999,0.1231582251778429
69000,0.02372476591318
69001,0.943477135675714
69002,0.0233305255278837
69003,0.0299640552589
69004,0.0168963028282606
69005,0.0167013237406415
69006,0.0363554618450355
69007,0.0684916341864252
69008,0.0521946422829696
69009,0.0171188593439653
69010,0.6109603844626142
69011,0.0175624171886369
69012,0.015692031502664
69013,0.2723278627559442
69014,0.910962488519996
69015,0.018226761268608
69016,0.0224135530079011
69017,0.942420786861301
69018,0.0432250021607484
69019,0.0456965971742962
69020,0.0231639252331214
69021,0.0176626456325202
69022,0.1793281608938634
69023,0.0529408426570901
69024,0.0200276396002303
69025,0.0165453529907228
69026,0.0181105660279828
69027,0.031784106701174
69028,0.0400616959033266
69029,0.0156904190667084
69030,0.9236620425494833
69031,0.0184112313816568
69032,0.0558025501010363
69033,0.0411237454559239
69034,0.0237601075943179
69035,0.2933919989184954
69036,0.0186469332288149
69037,0.0174044092343993
69038,0.0309469326818113
69039,0.0176686602773951
69040,0.0460614411806783
69041,0.0169198700710078
69042,0.0174908907197515
69043,0.0263198296476883
69044,0.0156101469151054
69045,0.0161182046832672
69046,0.0191769103331014
69047,0.933448915186042
69048,0.9468655010230212
69049,0.0190833822389117
69050,0.1333227103834597
69051,0.0173387003835267
69052,0.946268136028116
69053,0.0165838531388882
69054,0.1535982273526384
69055,0.0222714865132573
69056,0.019379724324472
69057,0.0404445108566287
69058,0.0260616259514179
69059,0.9132817206643964
69060,0.0174846231169133
69061,0.0233064633530479
69062,0.0265743253427056
69063,0.0168078300962291
69064,0.0233045551403359
69065,0.0239790601802023
69066,0.0245995081922848
69067,0.9268352633346691
69068,0.0177937187442803
69069,0.018352909984503
69070,0.0166659016510556
69071,0.0293407659365321
69072,0.9481661881556436
69073,0.0276748953700976
69074,0.0257620779311507
69075,0.0194729313320138
69076,0.0166781831597556
69077,0.9421866051748856
69078,0.0181321163661331
69079,0.0196673966849836
69080,0.0186530170485986
69081,0.0254948048299223
69082,0.0169990570565567
69083,0.0214844849107026
69084,0.0304851755835963
69085,0.0364677489831696
69086,0.0203253143517394
69087,0.027950849730566
69088,0.201142588223717
69089,0.0211712649396745
69090,0.0160532066883658
69091,0.1131084633127198
69092,0.0174455295859506
69093,0.1748751362669525
69094,0.0494511729075352
69095,0.0340576092944467
69096,0.0199804709763351
69097,0.0309024385196714
69098,0.0323232763046382
69099,0.0213183800750586
69100,0.0456094410996137
69101,0.0471153251595002
69102,0.0168940850428409
69103,0.0197880097935117
69104,0.9481674198047328
69105,0.0222471508187039
69106,0.0219870534613996
69107,0.0219665473389118
69108,0.9400873567151362
69109,0.0171923842688319
69110,0.0243959069304333
69111,0.0333671982277481
69112,0.0189354889378821
69113,0.0218993469466459
69114,0.0183436415005171
69115,0.0245047024818583
69116,0.0654423238513119
69117,0.0160708773337352
69118,0.016512102403648
69119,0.0334064466480738
69120,0.0174764748719119
69121,0.0451783219595076
69122,0.0201250490742459
69123,0.9476284709792392
69124,0.0239753900328287
69125,0.0172369062656142
69126,0.0361859832765302
69127,0.0441923836654344
69128,0.0175349235576076
69129,0.0343585544943925
69130,0.0231400274430218
69131,0.0197435027833581
69132,0.0188332637530399
69133,0.0164294028838551
69134,0.2132828590444558
69135,0.0246621688813985
69136,0.016540738962754
69137,0.0265139374219835
69138,0.0160546486178959
69139,0.0214748870701537
69140,0.0180010584584802
69141,0.1374985317006299
69142,0.3553837197061792
69143,0.9415241623062558
69144,0.0158403839856544
69145,0.3626997891929622
69146,0.2770181195575601
69147,0.0415505296310835
69148,0.0194297477046332
69149,0.0715690418366806
69150,0.0943898044482091
69151,0.0245803082475463
69152,0.0190599016723568
69153,0.0263686101124932
69154,0.0260344002019943
69155,0.4818732805575625
69156,0.0398722465054627
69157,0.0224146438510582
69158,0.019104495262263
69159,0.0166047860918245
69160,0.92143223005461
69161,0.0291347936364449
69162,0.0303216287140568
69163,0.0286034323240902
69164,0.0168810532170503
69165,0.0559950857497823
69166,0.0195260224389093
69167,0.937423867981882
69168,0.0199349807305743
69169,0.1513600586969591
69170,0.0238840384131369
69171,0.0309682426416907
69172,0.0176750850478486
69173,0.8633303319297347
69174,0.0164564121009304
69175,0.1873060002598956
69176,0.0717370168467316
69177,0.0196045272085896
69178,0.0175859209549692
69179,0.1809849253600708
69180,0.6539699238947214
69181,0.0189241724651046
69182,0.0164072785950393
69183,0.1853211215078974
69184,0.0367373341411671
69185,0.0179329344253116
69186,0.0609699517188381
69187,0.0216038681596977
69188,0.018726342697911
69189,0.0192557646904096
69190,0.3716260709454585
69191,0.0340370108239869
69192,0.0176082807206792
69193,0.048765033657932
69194,0.9384903613764248
69195,0.0179312632229463
69196,0.0226904307069752
69197,0.0226797227568369
69198,0.0204657908817338
69199,0.0177602280685209
69200,0.0507848627614283
69201,0.0671974949696772
69202,0.0232270096091955
69203,0.0186865771868456
69204,0.0202988179621369
69205,0.0330701973341428
69206,0.0210194415284827
69207,0.069009180960709
69208,0.0170517804919526
69209,0.0317823488868207
69210,0.0368735295988133
69211,0.0651877967519819
69212,0.0203527198374882
69213,0.0280234890194025
69214,0.0257259256022349
69215,0.0218993833365149
69216,0.0414008369449841
69217,0.0191133110463273
69218,0.0156823350460733
69219,0.0431534745320212
69220,0.1464888197833465
69221,0.0192770440869776
69222,0.1391826225166386
69223,0.9295670156084636
69224,0.0173989021186443
69225,0.0596193344211597
69226,0.0159801885745766
69227,0.0213510221608691
69228,0.0192404124072691
69229,0.3005237008472529
69230,0.9466816660408504
69231,0.0284955089895087
69232,0.1833094142256781
69233,0.026468242023948
69234,0.0167837450321235
69235,0.943406438984692
69236,0.031488541664195
69237,0.933971399623792
69238,0.0186603377638105
69239,0.9217067022820984
69240,0.8539890163848118
69241,0.0181070358896162
69242,0.9478077896476284
69243,0.0175758629009268
69244,0.033706380718784
69245,0.020166046479833
69246,0.0318663124795051
69247,0.021422698043399
69248,0.9479782904822436
69249,0.0526869182415966
69250,0.0160363120986202
69251,0.0167978161532511
69252,0.0181944343395368
69253,0.017037357686114
69254,0.0233560681239508
69255,0.0230849995439813
69256,0.0261130328013228
69257,0.0324149203299901
69258,0.0516328655608173
69259,0.1665909783309315
69260,0.0191076227733807
69261,0.3919158423316374
69262,0.0282958851188608
69263,0.0198410626798193
69264,0.0196712780960915
69265,0.0219048184253345
69266,0.0170716316139407
69267,0.1353830440558213
69268,0.0159289874082669
69269,0.0162459919295557
69270,0.0348209028757045
69271,0.0363375376721449
69272,0.1712985553528069
69273,0.0559684327867037
69274,0.0181337580642541
69275,0.9269293918180308
69276,0.016835583689295
69277,0.0286634299166872
69278,0.9483640522313072
69279,0.2327073613085049
69280,0.0380562137041076
69281,0.9097009897585936
69282,0.9467016697347032
69283,0.0247786112536549
69284,0.0185233880065611
69285,0.0228436343000193
69286,0.0157198484779724
69287,0.0174178651138366
69288,0.0170478211795412
69289,0.0175371352219851
69290,0.0194375133076248
69291,0.0173523136482388
69292,0.0205220699771947
69293,0.0234554532122583
69294,0.0424581923890838
69295,0.0171211510931158
69296,0.0167850165272155
69297,0.0174578331083542
69298,0.0200521871740865
69299,0.0184299256923815
69300,0.0741366522535599
69301,0.0166423616791278
69302,0.9424822870439724
69303,0.0340239274969825
69304,0.0192306020019831
69305,0.0294609198029142
69306,0.0282273007463836
69307,0.0522769793004047
69308,0.0171398295827919
69309,0.0226348472475783
69310,0.9246604762315312
69311,0.0256196727407438
69312,0.0205022028692163
69313,0.1230017274332001
69314,0.0169509480447607
69315,0.0251548393005999
69316,0.0157647001966875
69317,0.031507940048281
69318,0.0175328932950044
69319,0.0157919243590509
69320,0.0171573561954483
69321,0.0327925517857335
69322,0.0276945157567125
69323,0.0181127981152766
69324,0.0367378511871252
69325,0.0359926323344841
69326,0.0253729578249017
69327,0.0159395918874131
69328,0.9427499879271304
69329,0.021540544878639
69330,0.0225045960275067
69331,0.022704635808215
69332,0.0845567223389592
69333,0.4277643222842709
69334,0.0184502801393187
69335,0.0158003903557893
69336,0.0606718825020497
69337,0.0647885351382829
69338,0.0164122081468196
69339,0.0169494946773034
69340,0.0195088676607925
69341,0.0199055475925088
69342,0.0285424556951406
69343,0.0163289708912644
69344,0.0240270370232554
69345,0.0217134726934915
69346,0.0247288149151942
69347,0.0158967040027721
69348,0.0283266211321536
69349,0.0225038166050363
69350,0.0221483658283236
69351,0.0349195504741089
69352,0.0237987076491137
69353,0.0211861834517706
69354,0.0808442310213104
69355,0.0174017291857356
69356,0.0232376415420294
69357,0.0168246447966835
69358,0.0206024542342258
69359,0.0277050415894862
69360,0.0616180556042999
69361,0.1994844538401679
69362,0.0555571356618272
69363,0.0647581233560326
69364,0.0321268700749726
69365,0.0196140795243046
69366,0.0300410589517228
69367,0.0225112718416521
69368,0.0408578911481583
69369,0.0374533563089095
69370,0.0166646326380394
69371,0.017422118690396
69372,0.0463030007086652
69373,0.0307934767265386
69374,0.0160792934631251
69375,0.0669248474267397
69376,0.0169080199938702
69377,0.9398775015216572
69378,0.094879214603839
69379,0.0188870129439961
69380,0.9325465237357676
69381,0.0181489514613947
69382,0.0157381207412729
69383,0.0198408429413073
69384,0.0457445733457037
69385,0.068235158015262
69386,0.0167320373410672
69387,0.9473181575405843
69388,0.2780595628881565
69389,0.0183959519371391
69390,0.0305963721892959
69391,0.0178985041463763
69392,0.0421090653259986
69393,0.0165326983947157
69394,0.0177087164837428
69395,0.0377998861574208
69396,0.0251549301989306
69397,0.0480834394714568
69398,0.0718454787333524
69399,0.9311083738653866
69400,0.0165982918932866
69401,0.0172552255085987
69402,0.0156315648195217
69403,0.0174522338821645
69404,0.6780175438919485
69405,0.0159652122817345
69406,0.0196632896295897
69407,0.0353304488989771
69408,0.0648959945542783
69409,0.025259769580079
69410,0.0370351126364192
69411,0.0406913523091456
69412,0.0337399810802166
69413,0.0170722100030857
69414,0.0248091859965754
69415,0.0998357301595407
69416,0.0320709688162602
69417,0.0232625212469716
69418,0.0179317295032
69419,0.0350914790424588
69420,0.0523104970350422
69421,0.0165804800930969
69422,0.1304455286806187
69423,0.1215335829275351
69424,0.2780459379115535
69425,0.0382078499072547
69426,0.0269765286360328
69427,0.0199419418982537
69428,0.3923488878058177
69429,0.054558800844645
69430,0.0199172596676315
69431,0.0169724079930943
69432,0.0162657486418592
69433,0.0729139442896346
69434,0.028190583317282
69435,0.0204218932490859
69436,0.0196261358618395
69437,0.0499437589255145
69438,0.0249889633675295
69439,0.0173270288006343
69440,0.0203436889013784
69441,0.0210638829756506
69442,0.0175433925539898
69443,0.9343605294980856
69444,0.016671971632588
69445,0.0201797273733336
69446,0.0184409710340641
69447,0.0167541021548207
69448,0.0191435878795385
69449,0.0195904439398696
69450,0.0219765875070398
69451,0.0202595409328889
69452,0.3716003232338618
69453,0.0311753199187364
69454,0.01730192225224
69455,0.0646038026864056
69456,0.057203855284414
69457,0.02940358543412
69458,0.0306934871030018
69459,0.0212211148629253
69460,0.106513006029446
69461,0.9210621427372736
69462,0.0741536107476764
69463,0.0160343274487026
69464,0.0238854816844042
69465,0.0238286951305727
69466,0.1136384484190578
69467,0.0204461641045705
69468,0.018933694537532
69469,0.1300834132231622
69470,0.0302594742826826
69471,0.0179433917746823
69472,0.0207828682899373
69473,0.0164040041350102
69474,0.0220953926163809
69475,0.0266856362673615
69476,0.0945092704053308
69477,0.0197450213005497
69478,0.0260664669054777
69479,0.0296500825853017
69480,0.0822175495911586
69481,0.0192124150068641
69482,0.0251592240431772
69483,0.0162717279941422
69484,0.0183415123504474
69485,0.0255612136789184
69486,0.0166978376262946
69487,0.0167847394046408
69488,0.0195936666051824
69489,0.0216666668449214
69490,0.0204380256537693
69491,0.0185184295404585
69492,0.0288172736072141
69493,0.0611592607181696
69494,0.1886950796765912
69495,0.0613077344696665
69496,0.0201054551248992
69497,0.0929702381564136
69498,0.0225853791606993
69499,0.0630819165480902
69500,0.1719513659642416
69501,0.0826332002640607
69502,0.0179957796601168
69503,0.0208953795141932
69504,0.0374119115053595
69505,0.0807107301871675
69506,0.0174008642712262
69507,0.0323424745046731
69508,0.1006742484618147
69509,0.016322518878644
69510,0.0188084950335762
69511,0.0181513301582183
69512,0.0192352801399116
69513,0.0232799667087735
69514,0.0521924526424253
69515,0.0175825678323714
69516,0.0507642252831966
69517,0.0238946564371622
69518,0.0189953840154784
69519,0.0222380035227946
69520,0.0268034642968769
69521,0.0323477010738742
69522,0.0240848474829217
69523,0.9262713095082862
69524,0.2110857301425986
69525,0.9453267234374444
69526,0.9419515402557208
69527,0.0217763575661016
69528,0.0166772869706815
69529,0.0202888584832326
69530,0.9435999987438654
69531,0.0278456035018009
69532,0.0172736564040442
69533,0.1040398179514581
69534,0.208727582064268
69535,0.0452125072106176
69536,0.0179785690651433
69537,0.0608783850989172
69538,0.0428543633069946
69539,0.0165760535361722
69540,0.0386052832881504
69541,0.0631549549085157
69542,0.0614651845300746
69543,0.027991556146504
69544,0.2604149342864408
69545,0.9448403470180484
69546,0.0411695105520439
69547,0.0503541372947471
69548,0.0180189076361686
69549,0.0219948281715869
69550,0.020033139065777
69551,0.017904454985855
69552,0.0239063631868315
69553,0.0225727004975829
69554,0.3004755495173238
69555,0.0639203675866784
69556,0.0238277282945625
69557,0.0162443113436953
69558,0.0191400044632129
69559,0.9453149939492288
69560,0.9325221719214992
69561,0.0484446668059063
69562,0.4659913417656744
69563,0.1336056431832876
69564,0.9412793966368572
69565,0.0235206197414787
69566,0.0237833958130769
69567,0.0603204354622955
69568,0.0627565545067025
69569,0.0165716447065574
69570,0.0193784733930828
69571,0.01563743608286
69572,0.0166308015857799
69573,0.943329683248754
69574,0.0178341965091453
69575,0.0211944583674414
69576,0.0702503827467544
69577,0.941200288258725
69578,0.9441252879423588
69579,0.2669181465271028
69580,0.069350517304826
69581,0.0185971307808965
69582,0.9118395928448418
69583,0.0613732344285321
69584,0.0213962277227223
69585,0.0192174148667092
69586,0.1311349196482364
69587,0.0205170903698703
69588,0.0167295967725004
69589,0.0790519597447079
69590,0.0180784148243484
69591,0.0178404383267214
69592,0.6026900392166022
69593,0.5913752475825343
69594,0.0234162365540912
69595,0.0185547188892409
69596,0.018427611698413
69597,0.935891930162254
69598,0.0343025804858391
69599,0.0280484722077059
69600,0.0166310229990815
69601,0.0207017554822554
69602,0.0313011729721822
69603,0.9193825258804214
69604,0.0304804734348069
69605,0.0281517185403996
69606,0.0160059746043306
69607,0.1819223547792499
69608,0.0482615024190537
69609,0.1070516744541859
69610,0.933755550086843
69611,0.0185368240498552
69612,0.0222295695549933
69613,0.0215568506937501
69614,0.0304198010972597
69615,0.0176135093519331
69616,0.0218314036460758
69617,0.0257993732731025
69618,0.0157002455461383
69619,0.9476584648698058
69620,0.0168079309544465
69621,0.0429495276808909
69622,0.0203663940750472
69623,0.3273410261327546
69624,0.2941466095358304
69625,0.1272771699648655
69626,0.0562203196354675
69627,0.0169133729569089
69628,0.0182970832687067
69629,0.0943648279556598
69630,0.933935933812296
69631,0.9404950071153952
69632,0.0414362682099968
69633,0.4367085204858785
69634,0.0160393127093179
69635,0.0160109138708699
69636,0.0161108747808328
69637,0.0929911409512713
69638,0.0447120623916272
69639,0.945421140100043
69640,0.0167510160165143
69641,0.0402902653678958
69642,0.0171948281868732
69643,0.0378863529128295
69644,0.9427235758569874
69645,0.0297719420458552
69646,0.0180491639171028
69647,0.0208462383479972
69648,0.9462371152326576
69649,0.2302176977038676
69650,0.0259843225853569
69651,0.0214073062894641
69652,0.0179546094021227
69653,0.015917836109397
69654,0.0208902055873137
69655,0.0164928760949159
69656,0.018454846952217
69657,0.0185245256724166
69658,0.0175396138190669
69659,0.0869371305266988
69660,0.050421331531949
69661,0.0582375580404518
69662,0.9131404189057792
69663,0.0158737158553962
69664,0.041645792702582
69665,0.9462607971084716
69666,0.0628494465691429
69667,0.0253866278476709
69668,0.9255915458504472
69669,0.0170196835789495
69670,0.0165303707402813
69671,0.0176639377306798
69672,0.071968195226535
69673,0.456025144975363
69674,0.6727159006040464
69675,0.027423268627037
69676,0.0246437178989315
69677,0.0322768839732601
69678,0.0249558497098487
69679,0.9404016783278512
69680,0.0289580303598435
69681,0.0201703618827634
69682,0.0216093514590171
69683,0.0223582573286176
69684,0.0707656800139394
69685,0.126386633027458
69686,0.0457973154398573
69687,0.0611007930862082
69688,0.0155602153466959
69689,0.0770692851759706
69690,0.0426080531867522
69691,0.0202973620141501
69692,0.0340485796990925
69693,0.0893452006051778
69694,0.0168753152272907
69695,0.0159531328871792
69696,0.2897101671439724
69697,0.9388876052961136
69698,0.0257090410944515
69699,0.0221949298290447
69700,0.0269731609530221
69701,0.0188060633259698
69702,0.0197578367501289
69703,0.0183300940308791
69704,0.0710375275147995
69705,0.0170805842585554
69706,0.0218318743033784
69707,0.0756527487354343
69708,0.1790589191485791
69709,0.0234638798754153
69710,0.0267041388480555
69711,0.1110451775428817
69712,0.0642944531373757
69713,0.0198807795209262
69714,0.9261139061523116
69715,0.0215872670212698
69716,0.0377744157544165
69717,0.0525496468381605
69718,0.0516607154883005
69719,0.0189281011318121
69720,0.938539810403878
69721,0.0258005635221143
69722,0.0324492273471758
69723,0.0218726723414276
69724,0.0206289490420067
69725,0.020789542525285
69726,0.0217027393533887
69727,0.0276986269670271
69728,0.1802336017342548
69729,0.0176070045586393
69730,0.0232172443718079
69731,0.0211722177707616
69732,0.0194034325501702
69733,0.016804515844538
69734,0.0161261053639817
69735,0.0176739472607428
69736,0.0170548665212745
69737,0.0256252365928686
69738,0.0926998938965018
69739,0.0162772881624749
69740,0.0178980278961155
69741,0.1116291192862891
69742,0.018421761511115
69743,0.0682434722570541
69744,0.0197918660112685
69745,0.0165102082701076
69746,0.0262058752382546
69747,0.0191831977097231
69748,0.0176052745621846
69749,0.0346661947602025
69750,0.0169920946685328
69751,0.0272231737640767
69752,0.1287527923771905
69753,0.0226967405035314
69754,0.0183787225706032
69755,0.9367867587317326
69756,0.0651542370195422
69757,0.01645836328806
69758,0.0172532390306861
69759,0.0175090121965125
69760,0.0174663390516908
69761,0.0160908053931668
69762,0.0227658912030663
69763,0.0278678781909727
69764,0.0201872003459413
69765,0.040102851241421
69766,0.0227808201338631
69767,0.017529622401406
69768,0.0723775947711022
69769,0.878348852126729
69770,0.0215194787685358
69771,0.0180354494719782
69772,0.0343915533035873
69773,0.892910050415329
69774,0.9435242934076182
69775,0.0194582211793763
69776,0.0239326679575577
69777,0.0176749659678367
69778,0.0647317355757365
69779,0.0227068909129918
69780,0.0324332227921587
69781,0.0326963515613916
69782,0.9443532060224704
69783,0.016535167515908
69784,0.0189111750141148
69785,0.0714014158120025
69786,0.1060124382233271
69787,0.0357331234851505
69788,0.017959604392312
69789,0.0169455869953228
69790,0.0162248629909177
69791,0.0183613933539758
69792,0.0183909709448157
69793,0.0307168324687316
69794,0.0209110759404205
69795,0.0284605320991618
69796,0.0162594751534847
69797,0.0269380111387285
69798,0.0166581166252787
69799,0.0207253198889263
69800,0.0160449886204899
69801,0.92114926719886
69802,0.0213625930471254
69803,0.0405179846719141
69804,0.943919004366961
69805,0.0563416595874208
69806,0.0165674437683497
69807,0.0193658861510915
69808,0.0597281791320324
69809,0.0197124207602662
69810,0.9429294271635712
69811,0.0238660122410094
69812,0.0249994652147187
69813,0.0191257486013725
69814,0.0734183824599115
69815,0.044253774052231
69816,0.0160667757122312
69817,0.0277838810696694
69818,0.0212722167738592
69819,0.1712764645179758
69820,0.0160019856516527
69821,0.945989439527924
69822,0.0976243026770459
69823,0.2206464358739336
69824,0.0948781357893232
69825,0.0198527953700825
69826,0.0186774078211442
69827,0.0194228233140353
69828,0.0261494325280501
69829,0.9476484042647444
69830,0.0222934772609261
69831,0.752613343549055
69832,0.0214559973258545
69833,0.0507790014194317
69834,0.0194501405573899
69835,0.0165404169693423
69836,0.1558470626837931
69837,0.0672096847402298
69838,0.0262471472338355
69839,0.1206787838153863
69840,0.0178268638025642
69841,0.0223634632235194
69842,0.0225416118302372
69843,0.0248130143336163
69844,0.0908226810987037
69845,0.0161467757867889
69846,0.0181216080752511
69847,0.0368195775590982
69848,0.0253153794288614
69849,0.0197143387375253
69850,0.0934486026863417
69851,0.0206691724330577
69852,0.0319068290661575
69853,0.0325408898954959
69854,0.0631716363601242
69855,0.0193219479122034
69856,0.1732358254069642
69857,0.8701127280183399
69858,0.0489892337005046
69859,0.0195386721599766
69860,0.0190176364361841
69861,0.9448105077709968
69862,0.0195688751190959
69863,0.0160159163125057
69864,0.92933436476497
69865,0.051973204980116
69866,0.0169832477442998
69867,0.9356917837601748
69868,0.0232048684188105
69869,0.2199676587663204
69870,0.0161717072240473
69871,0.0169843234600816
69872,0.8885803198730247
69873,0.0516639219424997
69874,0.0306016894391199
69875,0.0175658873035307
69876,0.0300306223649681
69877,0.0210945518010033
69878,0.0336879555040116
69879,0.017714286936503
69880,0.0214500193229321
69881,0.0283274274563493
69882,0.0171520327618909
69883,0.0652821952699022
69884,0.9424355916653228
69885,0.3281695161150908
69886,0.0231603655904299
69887,0.0316148556494517
69888,0.0548311034065377
69889,0.1431754913157407
69890,0.0346248810877018
69891,0.0296759534679451
69892,0.0370306733455809
69893,0.0537051408724674
69894,0.0180930125716265
69895,0.9419719682877656
69896,0.9200589151666662
69897,0.0507861146907008
69898,0.0186205785669926
69899,0.0159313103564999
69900,0.0690070597946186
69901,0.9381294671879822
69902,0.0218071504611346
69903,0.0340767329233403
69904,0.0401157072029038
69905,0.01718863321848
69906,0.0162850736964443
69907,0.0335257723836269
69908,0.0321623730341772
69909,0.0187223321774509
69910,0.027377522490901
69911,0.2555383324322232
69912,0.0228804772275213
69913,0.3435058394117842
69914,0.0533768534387255
69915,0.2683159876247915
69916,0.0165056813917397
69917,0.5865744074435751
69918,0.0835321999489305
69919,0.0434434128116787
69920,0.0201883980642041
69921,0.0276215535507385
69922,0.0205198336826748
69923,0.0461791532533326
69924,0.0379634768922227
69925,0.01698170489378
69926,0.7272146294323601
69927,0.0198740894486571
69928,0.0667119090966114
69929,0.0180200194800565
69930,0.0366915059008659
69931,0.0193888053528513
69932,0.0913845705125394
69933,0.0273542028633901
69934,0.0504137568658686
69935,0.0203011550816485
69936,0.0504249067061097
69937,0.0233558915840647
69938,0.025067091668613
69939,0.0586453461196116
69940,0.0166667207088575
69941,0.0253272523144677
69942,0.0160787217359325
69943,0.0227806445605438
69944,0.0561199105094196
69945,0.0322466026964767
69946,0.9390990629047452
69947,0.015810425983607
69948,0.0193838277155261
69949,0.0187535848058624
69950,0.0553838450759874
69951,0.3494961870889737
69952,0.0408687999567867
69953,0.0170155286691528
69954,0.1127416328148784
69955,0.747160944660309
69956,0.0209239261244013
69957,0.0315032085087316
69958,0.9480179548796486
69959,0.9479199704519966
69960,0.0157108732526987
69961,0.0168066828564091
69962,0.8835959128828788
69963,0.0274120647900673
69964,0.170304653896831
69965,0.5161989174393026
69966,0.017329544587279
69967,0.0368769548181068
69968,0.0182573065607869
69969,0.0181638576454233
69970,0.0161390125091292
69971,0.0163619621238785
69972,0.0943255629680535
69973,0.0638622607127243
69974,0.0175308121841883
69975,0.0192855645927164
69976,0.9399440496078376
69977,0.0174014029219645
69978,0.7105509827054667
69979,0.0201415994229841
69980,0.0336842149162621
69981,0.019425506267364
69982,0.0312631330132404
69983,0.0460903554391631
69984,0.01639195706069
69985,0.0168969351935797
69986,0.0295673477144197
69987,0.0207644906794463
69988,0.047905091319904
69989,0.0169829455213089
69990,0.4875255049883872
69991,0.0505279529185303
69992,0.0220409492608982
69993,0.0205919274185144
69994,0.0165597380603314
69995,0.0294128103438004
69996,0.0165404238382975
69997,0.0489703982316682
69998,0.0208051465954086
69999,0.0170682658258328
70000,0.017341143486308
70001,0.0815736787271866
70002,0.0179264714698496
70003,0.0200482736917657
70004,0.0176029703511822
70005,0.0230091718583669
70006,0.0211549686228754
70007,0.0258830539428947
70008,0.0353303476269125
70009,0.0391593143368495
70010,0.8904269139169627
70011,0.0783135712293498
70012,0.043742409227877
70013,0.1098051852337457
70014,0.0231123420022216
70015,0.0483303885524595
70016,0.035200604674827
70017,0.0231337803893714
70018,0.0165974911077602
70019,0.0240677145016733
70020,0.0247335383573837
70021,0.0179834144213032
70022,0.0175503552265926
70023,0.0768889073795929
70024,0.0207141959228584
70025,0.0197519165427682
70026,0.0526728454067049
70027,0.0178769892790014
70028,0.0179278289131168
70029,0.0168125332642321
70030,0.0161083959017883
70031,0.0207788398482694
70032,0.9214538591998844
70033,0.9459106244806712
70034,0.0286712012945347
70035,0.0212998807994479
70036,0.0368321756237769
70037,0.0164527212263086
70038,0.0164198294402224
70039,0.9430772479799716
70040,0.0317043505771894
70041,0.0479240417331944
70042,0.922224524987466
70043,0.0170186286474796
70044,0.0201580805612131
70045,0.0438380516461659
70046,0.0180595353675631
70047,0.024780650824023
70048,0.0251779195632457
70049,0.0176089745383463
70050,0.0261643780196182
70051,0.1623782737939049
70052,0.0242354802311275
70053,0.9468664291545804
70054,0.944344094575741
70055,0.0185279064585907
70056,0.0175844693398341
70057,0.0223290499502022
70058,0.0195360555175301
70059,0.039326596282256
70060,0.0371488757365846
70061,0.0209123754531328
70062,0.0277769783380571
70063,0.0689454466399697
70064,0.057508685730708
70065,0.0210932418396962
70066,0.94512839661091
70067,0.0235119635718839
70068,0.0178454899353086
70069,0.1435896287640107
70070,0.023771095596874
70071,0.029837748004511
70072,0.9444344527252656
70073,0.0181347439805989
70074,0.0159386733171508
70075,0.0160020812828924
70076,0.0165649326833974
70077,0.0253571159803749
70078,0.019250191484428
70079,0.0215644955624473
70080,0.0206483581155778
70081,0.0378155247816666
70082,0.0256620630806511
70083,0.0181515177659008
70084,0.0182716535032219
70085,0.9324066069088024
70086,0.0171608825638526
70087,0.0175406244128519
70088,0.0291694233340621
70089,0.0288006740214429
70090,0.0299482045231393
70091,0.0601717066231824
70092,0.9458438954880404
70093,0.0792043675010849
70094,0.8918346280412581
70095,0.0794394725133229
70096,0.0291114598921513
70097,0.7584173229425663
70098,0.0203954664900554
70099,0.0179136614573087
70100,0.0171724780419154
70101,0.0169096063306116
70102,0.943210245504995
70103,0.0177344562029972
70104,0.0165145382640022
70105,0.0417773361579633
70106,0.9369030300519996
70107,0.0204349442250283
70108,0.0175931040816635
70109,0.0436073312941651
70110,0.0166064060047021
70111,0.0882088155219353
70112,0.9419546970961444
70113,0.0184512555611316
70114,0.0426989691506141
70115,0.059659004002054
70116,0.0161878768973518
70117,0.016162593706487
70118,0.0254265937045894
70119,0.0179117271855975
70120,0.0688145695241337
70121,0.4178659501074308
70122,0.0273215523658948
70123,0.0213417839339531
70124,0.0270814173127655
70125,0.0441744721022915
70126,0.0155911440139675
70127,0.0417452021535843
70128,0.0181615891750603
70129,0.0172664402222131
70130,0.0186399992317611
70131,0.9461341859969437
70132,0.0298495597037448
70133,0.9187859496850844
70134,0.9474056397451448
70135,0.0172067458185875
70136,0.0175297428221911
70137,0.9404654478078378
70138,0.046508929870373
70139,0.0183190197533231
70140,0.0171539145524509
70141,0.0186706059646305
70142,0.0229816566184533
70143,0.0523965746482431
70144,0.0185986536496072
70145,0.0159378888928907
70146,0.0166542221133796
70147,0.018837202190902
70148,0.9403547504569956
70149,0.0172346916219458
70150,0.0167353374017197
70151,0.0160071691941779
70152,0.0171757441978749
70153,0.0643123701475902
70154,0.016565312275359
70155,0.0854458779165586
70156,0.0451097300547224
70157,0.023956184272914
70158,0.0172293941774501
70159,0.9175368178735251
70160,0.0267549811373652
70161,0.0273552423824942
70162,0.0183576830086009
70163,0.0217614009066319
70164,0.0182130007917282
70165,0.0548442483860414
70166,0.0178953586446898
70167,0.9456725583342108
70168,0.0178309334880807
70169,0.0199133509290353
70170,0.0163019551305148
70171,0.9252523885005076
70172,0.8931965592614453
70173,0.0181111837915477
70174,0.0167975298622579
70175,0.0204940846188755
70176,0.0165948152422973
70177,0.017918233725429
70178,0.0168853718654285
70179,0.9428832834688342
70180,0.0468921614356231
70181,0.0302089985468617
70182,0.0462192072693143
70183,0.0187575707248784
70184,0.0334961161097154
70185,0.0192834743649664
70186,0.9127782055031396
70187,0.027757131600407
70188,0.0158872915706562
70189,0.0883151359777004
70190,0.0370488963165494
70191,0.0647752409558413
70192,0.0198576084986815
70193,0.0198460115636404
70194,0.0663553592402024
70195,0.0915098054671486
70196,0.0196459128177569
70197,0.9265755035763462
70198,0.020570469777397
70199,0.0249234756926438
70200,0.1163066475917053
70201,0.9431283319495964
70202,0.1116988944720612
70203,0.9331358107836758
70204,0.017906071742492
70205,0.0202823570936797
70206,0.0926744431859722
70207,0.0388731920308861
70208,0.07513455012757
70209,0.0518254022808748
70210,0.0196929215447796
70211,0.1887462672239227
70212,0.0257447193725288
70213,0.0770423102725795
70214,0.0687248119325949
70215,0.0254218987383417
70216,0.9365706525009914
70217,0.0156363653777788
70218,0.0224887550344759
70219,0.5790149943225552
70220,0.0193708334071208
70221,0.0173743701254881
70222,0.0172191299834016
70223,0.01799407514807
70224,0.9106745311419928
70225,0.0268876365880246
70226,0.0552105247961993
70227,0.0181357675384096
70228,0.126396763348823
70229,0.0239658970646238
70230,0.9365334477450392
70231,0.1645959488537343
70232,0.0346713424070887
70233,0.0185857486828021
70234,0.0216823767693089
70235,0.0192855551304281
70236,0.0160568606017308
70237,0.0267584372282496
70238,0.5547629425587699
70239,0.0164943061600157
70240,0.0219042124529809
70241,0.0333638566639223
70242,0.0654817020727123
70243,0.0250740177100251
70244,0.1545351442119164
70245,0.0175477327710393
70246,0.0185612915768912
70247,0.0187134572869058
70248,0.0180218079973796
70249,0.0195065660827236
70250,0.0214833717780733
70251,0.0297846360919719
70252,0.1266287421669573
70253,0.9350707833721712
70254,0.0747303868104526
70255,0.0249219317996666
70256,0.0182420664844696
70257,0.0340104792121108
70258,0.02137254413017
70259,0.0182473836001416
70260,0.0163347101406717
70261,0.0776343372095494
70262,0.040304668560942
70263,0.0338320490921528
70264,0.0161225946700689
70265,0.0169530174536032
70266,0.0253831427574997
70267,0.0174772994976976
70268,0.0185695592747015
70269,0.0232898267583778
70270,0.9335562868156816
70271,0.0211931931736497
70272,0.0228784903701743
70273,0.0362453237440233
70274,0.1111718127207365
70275,0.0264443477179782
70276,0.0734890841180575
70277,0.0225222808570932
70278,0.0867981837926321
70279,0.0173346866940565
70280,0.0164974601986353
70281,0.0214300530917353
70282,0.0756485301676624
70283,0.026901529628402
70284,0.8927301789554334
70285,0.0182389787560705
70286,0.026206213085344
70287,0.4656141605021425
70288,0.0234959412191591
70289,0.8391035024477934
70290,0.0259835190770871
70291,0.1381455568450087
70292,0.0234311146449493
70293,0.0222930728364746
70294,0.0270412614583837
70295,0.0574002766013459
70296,0.0195506224727105
70297,0.2341456913828116
70298,0.0220786621164295
70299,0.0158881243124868
70300,0.0235711309478333
70301,0.9412422717085692
70302,0.0415498550997815
70303,0.0175675695286714
70304,0.0177295299759587
70305,0.0801256782904773
70306,0.0199131394005064
70307,0.9186387215603344
70308,0.0194610830276095
70309,0.0175099908781173
70310,0.0161883331173656
70311,0.9357765010438834
70312,0.0164570424462526
70313,0.017140009131203
70314,0.0361966009191759
70315,0.0624339423862974
70316,0.0160165298614161
70317,0.94357420142373
70318,0.038752350926913
70319,0.0226116856817349
70320,0.0169055437572245
70321,0.0175594230574476
70322,0.0280926682818219
70323,0.026207943693541
70324,0.0254220215338835
70325,0.019369935907694
70326,0.0674757881920295
70327,0.9372981262310518
70328,0.8679472741588002
70329,0.0202486248744386
70330,0.0160238560514846
70331,0.017000530575536
70332,0.0158762353876385
70333,0.0184253565485765
70334,0.1367754001175791
70335,0.0509053363359003
70336,0.0205126903823132
70337,0.9399140069681968
70338,0.2975437088117588
70339,0.0256388161083552
70340,0.0287852813192906
70341,0.0157097173918204
70342,0.0784619718139564
70343,0.0365934930518411
70344,0.1179850769818426
70345,0.0187883936483052
70346,0.9398334991284972
70347,0.0178318038180304
70348,0.07092777455448
70349,0.0457039911608774
70350,0.0271436375778845
70351,0.0235951280016483
70352,0.016773384199621
70353,0.0205771065075949
70354,0.025293879889648
70355,0.1102918678530347
70356,0.0873927510269423
70357,0.0221414718017997
70358,0.0165843418387073
70359,0.2147411790198626
70360,0.0202138905418901
70361,0.0189389754711891
70362,0.0314725046310344
70363,0.0379409550860781
70364,0.0176813379884698
70365,0.0526673156997108
70366,0.0213125617703435
70367,0.0183200600401338
70368,0.0206528058839861
70369,0.0217104507623851
70370,0.0783161615536588
70371,0.0181743966874483
70372,0.0894151718819134
70373,0.0303371854402108
70374,0.0233899232707728
70375,0.0194553303817489
70376,0.0207288023749557
70377,0.0713444044600447
70378,0.0743488635125614
70379,0.06435681735915
70380,0.0199814750193298
70381,0.0673947953921988
70382,0.3731051732254102
70383,0.1358891676080313
70384,0.0568181509113624
70385,0.0181055418874593
70386,0.9362796849108678
70387,0.0253176359938685
70388,0.5728341401241922
70389,0.0206530263256995
70390,0.0178453014817858
70391,0.0185801611194753
70392,0.0158970174754731
70393,0.0169615147795601
70394,0.0183302428568902
70395,0.107626112424095
70396,0.0285613826624696
70397,0.0843138411015217
70398,0.0166257215517079
70399,0.94034121394531
70400,0.0446084773823218
70401,0.0174784318794496
70402,0.0669223586147447
70403,0.0517954457348975
70404,0.0606886936889659
70405,0.0882296951146286
70406,0.0358448925459641
70407,0.9386627245799812
70408,0.0286816307952201
70409,0.0220546184318304
70410,0.1257858375847668
70411,0.0212960721599678
70412,0.0171414075843001
70413,0.023317542109686
70414,0.0258934208699096
70415,0.034576716356531
70416,0.017564405844056
70417,0.0172986622610892
70418,0.0163925729875084
70419,0.0207970642965008
70420,0.045991828137862
70421,0.0171215700342738
70422,0.0640378409833101
70423,0.0907292926848889
70424,0.0328094694516469
70425,0.0228238025174906
70426,0.0288189663445628
70427,0.0267899563342371
70428,0.0716885658407987
70429,0.7624647801667431
70430,0.0372681381333116
70431,0.0351686209456136
70432,0.0457974078526288
70433,0.0588676104306869
70434,0.0600551081431019
70435,0.0317160111462473
70436,0.021200266923839
70437,0.0174773006171501
70438,0.0282956992808787
70439,0.0159719285633462
70440,0.0792790335473367
70441,0.0189940765409174
70442,0.111028075240215
70443,0.933912676139421
70444,0.0183862525808792
70445,0.4998742840501043
70446,0.8889815638390722
70447,0.1013330879644978
70448,0.0366168206644554
70449,0.0184278485005923
70450,0.0275993625861267
70451,0.0884719548666911
70452,0.9378070051716748
70453,0.1258138807320836
70454,0.018763419183556
70455,0.0580230252822383
70456,0.0328434037399012
70457,0.0170065198203971
70458,0.0209398157177172
70459,0.0177033522642433
70460,0.9477655473112204
70461,0.0385579425375565
70462,0.0439807348375712
70463,0.0177662814495604
70464,0.0405596419773853
70465,0.0322814523127193
70466,0.0211838897453885
70467,0.9439904354974716
70468,0.9389741117523772
70469,0.0156383338377768
70470,0.0196374017169258
70471,0.0157929760072912
70472,0.0201851270270541
70473,0.9085731590501148
70474,0.0164518519990783
70475,0.9369827530082492
70476,0.0606008936848885
70477,0.0214932927944864
70478,0.0222832325557377
70479,0.9386392546187324
70480,0.0503482755690983
70481,0.27276616460982
70482,0.0188079115530319
70483,0.0309269007225873
70484,0.041839788205344
70485,0.0367852650134408
70486,0.0240097361271019
70487,0.9274537629008514
70488,0.0194130056864319
70489,0.0878054799712773
70490,0.021187443204414
70491,0.3979511370785253
70492,0.0196913340629901
70493,0.0292820526224045
70494,0.0415850567346339
70495,0.0176051075279381
70496,0.0186376188191446
70497,0.0499529970851263
70498,0.0305507101067856
70499,0.9298722579972184
70500,0.0209275111175267
70501,0.0160850238714184
70502,0.9342863403194708
70503,0.0932622897378392
70504,0.0259841252203538
70505,0.1133381425788358
70506,0.0212122179526886
70507,0.0177947707083625
70508,0.9006339814297993
70509,0.3628417746987339
70510,0.0288646484694928
70511,0.0159793356334223
70512,0.0692636363446454
70513,0.0273804584235345
70514,0.0160954975416603
70515,0.0864300144558338
70516,0.0231368824556501
70517,0.0248243773597167
70518,0.0157896555374839
70519,0.0171781631525941
70520,0.0188342698829244
70521,0.0166406933272206
70522,0.0184336119839022
70523,0.0164825512599556
70524,0.0223476377631625
70525,0.0392931951585075
70526,0.8813468576880448
70527,0.1312847390100461
70528,0.0213018516916734
70529,0.2175964731808148
70530,0.017231440493844
70531,0.0343691858435939
70532,0.0281056044576344
70533,0.0891115889117224
70534,0.018660300664071
70535,0.0162350570159941
70536,0.0188694429936568
70537,0.0175587101104136
70538,0.0189624778218468
70539,0.030145684785594
70540,0.0172326565740875
70541,0.0172885096214952
70542,0.0361582122790696
70543,0.9397371837531916
70544,0.0237293969560226
70545,0.0164866710205987
70546,0.0240895575301789
70547,0.018070759660665
70548,0.0662529384779588
70549,0.0184051234039621
70550,0.9319493500595668
70551,0.0201464176220778
70552,0.0218706559195497
70553,0.0174312070168729
70554,0.0174869950786452
70555,0.0283129482303064
70556,0.0159888497261804
70557,0.018079269764057
70558,0.0183109679792281
70559,0.0189184945786646
70560,0.0167144225888862
70561,0.0175134523779331
70562,0.0158829233051229
70563,0.8809990486116939
70564,0.0811176642005747
70565,0.0180905794088239
70566,0.0181963001918161
70567,0.947239581673686
70568,0.0373718482466442
70569,0.0362278037662175
70570,0.0158303964249625
70571,0.017746190351787
70572,0.0278744747682767
70573,0.0172445158171782
70574,0.0439637953050148
70575,0.0314830268123862
70576,0.3108968750912167
70577,0.0185034377051523
70578,0.0163210456847593
70579,0.0182042016556859
70580,0.0219870853766855
70581,0.01672313011564
70582,0.1659720743747151
70583,0.0242646676617897
70584,0.0187596742308552
70585,0.0228122790048006
70586,0.0246430290014845
70587,0.0157588715246635
70588,0.0178716737631924
70589,0.0212416931680521
70590,0.0387546074014784
70591,0.0173270139991842
70592,0.0254543785297309
70593,0.0480501412488635
70594,0.0665215002585968
70595,0.0178934846328532
70596,0.8997002095598374
70597,0.0172791270426566
70598,0.0244514559586669
70599,0.019070474703212
70600,0.0158998706664825
70601,0.0260051628736253
70602,0.0220786761012738
70603,0.0572095485455389
70604,0.028773465018557
70605,0.0256476832470776
70606,0.0278946223316194
70607,0.0324282855174516
70608,0.0288828132233256
70609,0.0182180597971464
70610,0.016740805906792
70611,0.0172337878528425
70612,0.0615012273969696
70613,0.9431519543750592
70614,0.0795066556516867
70615,0.0203363005907126
70616,0.0229569956343539
70617,0.01793786265334
70618,0.0162863407235037
70619,0.0441234718943845
70620,0.017032092952435
70621,0.0207587582694169
70622,0.2110480653423023
70623,0.0310313841351081
70624,0.2696680648535614
70625,0.0218126920059768
70626,0.0166459090862306
70627,0.0744020178019608
70628,0.0233694087400922
70629,0.0179791981598663
70630,0.0184394565123934
70631,0.016641647864966
70632,0.1210299695920317
70633,0.0344816932801957
70634,0.0213652926610674
70635,0.0170558476464296
70636,0.0607771816518289
70637,0.94588368180057
70638,0.0276643661441004
70639,0.016671182235873
70640,0.0203258047496532
70641,0.2586541963606388
70642,0.0165904686979629
70643,0.0352452390641967
70644,0.0163587586885966
70645,0.0163368000502491
70646,0.0172331297405634
70647,0.0184220088471637
70648,0.0343956233235241
70649,0.0194140315451506
70650,0.0168349995478402
70651,0.025018434538397
70652,0.0187806860744933
70653,0.2918166335015116
70654,0.0238847932205534
70655,0.0351499747662691
70656,0.0268905780670736
70657,0.0176977059610272
70658,0.0187426742398597
70659,0.0817968960519791
70660,0.9393955821371855
70661,0.9272043355780942
70662,0.0188798262118028
70663,0.0171016116541908
70664,0.0163183228108119
70665,0.0253785015298959
70666,0.0347160583213597
70667,0.0249451076541427
70668,0.0162100423843005
70669,0.9334821479159198
70670,0.0495760781282541
70671,0.0377100807013359
70672,0.0438936659462558
70673,0.0242900886019926
70674,0.0203375192164127
70675,0.0238198752504902
70676,0.0194450926646254
70677,0.0177575143626822
70678,0.8976655452156868
70679,0.0679530698060934
70680,0.054082388355132
70681,0.0206300640885684
70682,0.0371769736145592
70683,0.0193811237400871
70684,0.0164964821045017
70685,0.0286802314907557
70686,0.0170502345278024
70687,0.0627477643548875
70688,0.0349458991751405
70689,0.0163091777607994
70690,0.0182921938971564
70691,0.0319878015997482
70692,0.0357057547445076
70693,0.0175389848719609
70694,0.0174437924568241
70695,0.137651986398056
70696,0.5676947727642319
70697,0.0157771825961768
70698,0.0587625376815009
70699,0.0177331341531251
70700,0.0162521132835848
70701,0.2567565174979596
70702,0.0197205180745846
70703,0.1642039164055213
70704,0.0195785051682836
70705,0.0162924146949319
70706,0.0182518766216372
70707,0.0678572601889236
70708,0.0320972272864453
70709,0.0486279167097996
70710,0.0177135648748316
70711,0.0188042486347685
70712,0.0197979680622892
70713,0.0286986188244065
70714,0.0796422122680011
70715,0.9400955922469338
70716,0.0254690039981158
70717,0.0284803225960515
70718,0.025794866838764
70719,0.0245668326391792
70720,0.0181029147479399
70721,0.0245712769094415
70722,0.0175444319524314
70723,0.0218410972440822
70724,0.5336716901967373
70725,0.0164874192675076
70726,0.8635239781358258
70727,0.0272172152684937
70728,0.0166894610190209
70729,0.0271620918497388
70730,0.0273113396044977
70731,0.0200688502417861
70732,0.0306384013330781
70733,0.0619573254760559
70734,0.2565571287744907
70735,0.0171654233932568
70736,0.0186536012963916
70737,0.0418565832787873
70738,0.0400793556586771
70739,0.0173991527189671
70740,0.0175204290638094
70741,0.0318919852635353
70742,0.0186484960866829
70743,0.0286207795187486
70744,0.9086302353782316
70745,0.0165392842018743
70746,0.1140277441612967
70747,0.0465211618850448
70748,0.0195513852269907
70749,0.0217423588766716
70750,0.0197985532797664
70751,0.0293773208158337
70752,0.0425753809226051
70753,0.0206405135968119
70754,0.0174911478704301
70755,0.0193890053640762
70756,0.5037707465024899
70757,0.9231632097598204
70758,0.947764467012711
70759,0.0646771909429716
70760,0.0161145915653557
70761,0.027606078048774
70762,0.0920335975494963
70763,0.017806787963983
70764,0.0297276522324322
70765,0.0226339466786279
70766,0.0507839443223292
70767,0.0233378702328186
70768,0.019235412330604
70769,0.9487028750952996
70770,0.019277213652885
70771,0.0158929607497919
70772,0.0222914257693976
70773,0.0158802542434641
70774,0.0187989186503066
70775,0.0163249689021403
70776,0.0226453219193889
70777,0.0255755968358755
70778,0.924318105888244
70779,0.0577998122328912
70780,0.0288144476256113
70781,0.0205915790792067
70782,0.0158787602670131
70783,0.0160032459308223
70784,0.0221176822875932
70785,0.065451937088249
70786,0.9324043603779086
70787,0.1134723716006705
70788,0.0173132468058834
70789,0.0186242093695561
70790,0.0174210127914725
70791,0.91120424635634
70792,0.0285660971026995
70793,0.0171877527060523
70794,0.027602087324033
70795,0.9285225802905248
70796,0.9401227097910688
70797,0.0163075484957007
70798,0.0162251750878039
70799,0.0168006200094408
70800,0.0270867069934649
70801,0.8750418281761291
70802,0.0389426498927773
70803,0.0372382889986048
70804,0.940699566587681
70805,0.015900535321447
70806,0.0342410199757966
70807,0.0496921083695705
70808,0.9267021251864436
70809,0.0181007548338874
70810,0.416768556406959
70811,0.0277558678586893
70812,0.0178120370598954
70813,0.7147609788892683
70814,0.9439600487363284
70815,0.017326237454727
70816,0.0163396433290884
70817,0.0207545127715588
70818,0.0172777961086145
70819,0.016869207519642
70820,0.0181757259156777
70821,0.058621241955159
70822,0.0231992740129749
70823,0.037947666583148
70824,0.0453536651923424
70825,0.0201678616402661
70826,0.0526450211315139
70827,0.032084096456344
70828,0.9481096177124858
70829,0.9480549707829712
70830,0.0168835605454031
70831,0.0297067219402969
70832,0.0169374627857499
70833,0.0159440197366274
70834,0.9447733170530476
70835,0.939445324629039
70836,0.0206249023485557
70837,0.040396379329465
70838,0.0184029225290172
70839,0.0180093289029112
70840,0.9385896731552096
70841,0.026859822277459
70842,0.0172882583467534
70843,0.0199919443251425
70844,0.0177349091273856
70845,0.019434241663225
70846,0.5004622795944105
70847,0.0180760265414365
70848,0.0180172911328772
70849,0.0196627577498909
70850,0.0210380810566506
70851,0.0171028283013665
70852,0.0329270809026757
70853,0.0156280229605371
70854,0.0162696422755705
70855,0.027585859492432
70856,0.0222770089259729
70857,0.0503134094006004
70858,0.045155999601303
70859,0.9382308895760338
70860,0.0159394525388364
70861,0.5199925835785414
70862,0.0190076773543075
70863,0.1757741399107087
70864,0.9351629430868434
70865,0.0193436343760733
70866,0.0163555281621621
70867,0.0172842494445727
70868,0.0285410471779729
70869,0.0163353250556717
70870,0.0184736077139193
70871,0.02142408271357
70872,0.9453670094607056
70873,0.0165670773114073
70874,0.0294457252484817
70875,0.0301306188589307
70876,0.019053247542379
70877,0.0493005264279955
70878,0.0167393985612575
70879,0.0427394390300664
70880,0.9133208725802924
70881,0.931918744697354
70882,0.0157158481107205
70883,0.0659939185780601
70884,0.9247161023646936
70885,0.0209222674253766
70886,0.016367381979741
70887,0.0215567888579725
70888,0.1446868960777768
70889,0.01940220724422
70890,0.0364061574886467
70891,0.0166629613313749
70892,0.0169549811105747
70893,0.0372990091476988
70894,0.0240692492346279
70895,0.0225304365599516
70896,0.0643345819906049
70897,0.5677359437196308
70898,0.0185522827037153
70899,0.0290669998433558
70900,0.0401727561492822
70901,0.0248297038772426
70902,0.0270122843860574
70903,0.0331944585513737
70904,0.0173281728829023
70905,0.0239852020830607
70906,0.0166321035513799
70907,0.0357231548074691
70908,0.0170423944817146
70909,0.0176085529589791
70910,0.033494101048661
70911,0.9434445146878564
70912,0.0201396871038446
70913,0.0186694042046218
70914,0.0207158172288767
70915,0.0177505396198146
70916,0.0255736180203475
70917,0.0289475970736206
70918,0.0202766732889477
70919,0.0212367410709283
70920,0.0187986410421962
70921,0.0404103874571801
70922,0.0224734017336818
70923,0.018587575939605
70924,0.0216840019626278
70925,0.931348062941136
70926,0.0162287697939091
70927,0.9252488117448212
70928,0.9480931703935102
70929,0.9330978295950462
70930,0.0177278966074269
70931,0.0176477452236829
70932,0.017386801588379
70933,0.9207657898201272
70934,0.0249942709999307
70935,0.8886686721458595
70936,0.0960911541294212
70937,0.2111549984576253
70938,0.0240074874254654
70939,0.016613838165903
70940,0.0529199085172469
70941,0.0203503381103513
70942,0.0228142783817427
70943,0.19648488514678
70944,0.0162508075512449
70945,0.0536512249551922
70946,0.0499756707089548
70947,0.0214052441375538
70948,0.0210778156602103
70949,0.1234400002513227
70950,0.2023145106210656
70951,0.0179588394430181
70952,0.0185344677528128
70953,0.9382684031160754
70954,0.0235921653329255
70955,0.0175627288802966
70956,0.0359924965935389
70957,0.0170674729443924
70958,0.0177610627596503
70959,0.0183886191308763
70960,0.016807945693879
70961,0.0233736154636391
70962,0.0332160296684109
70963,0.1023895213829171
70964,0.0825141658475887
70965,0.0195438585129533
70966,0.0681903497491818
70967,0.1214028088705594
70968,0.0229394200015098
70969,0.0178204162516376
70970,0.0180550471191855
70971,0.0285749685365327
70972,0.0510116680736288
70973,0.0659717872548787
70974,0.0425106256838688
70975,0.9261096664822482
70976,0.0168933957255178
70977,0.023958167205131
70978,0.9354876864975692
70979,0.0308652125000915
70980,0.9390235095962752
70981,0.0296033560106286
70982,0.0220500527752792
70983,0.0569963145754835
70984,0.0163718499090368
70985,0.0164624334239043
70986,0.0171707311208638
70987,0.407598622246248
70988,0.0185863532832028
70989,0.0182150716104298
70990,0.9470391095805936
70991,0.0178030765621517
70992,0.0216721291671854
70993,0.0170884762330423
70994,0.0240698537989563
70995,0.0345093162107986
70996,0.0196761441528553
70997,0.0383340574561211
70998,0.018065422067445
70999,0.0208635700821005
71000,0.9107515651300336
71001,0.016011607364836
71002,0.0386069182864141
71003,0.0272018545978859
71004,0.0166272497930678
71005,0.0160239923734959
71006,0.0349603608618531
71007,0.933714115640002
71008,0.0177908816783116
71009,0.0156622787772644
71010,0.1795238469604521
71011,0.0226358255007368
71012,0.0192095553943192
71013,0.033501490049478
71014,0.0351908640935132
71015,0.0163985546887802
71016,0.0192092091548358
71017,0.0268424339249666
71018,0.914755292469806
71019,0.027680929552441
71020,0.0918660823241216
71021,0.016688348898844
71022,0.0214047223027099
71023,0.0310749064231096
71024,0.0159761558881838
71025,0.0458330698225342
71026,0.0185264133712309
71027,0.0169874787428547
71028,0.0189226075608729
71029,0.0251716906210007
71030,0.0224125882386259
71031,0.9487446977881492
71032,0.016861548685023
71033,0.0320095472920829
71034,0.0197612306190873
71035,0.0172481704202031
71036,0.0170818932886434
71037,0.0305200970081329
71038,0.074619742141376
71039,0.1123379991717412
71040,0.0414033154710231
71041,0.0192445543890521
71042,0.0293565079654758
71043,0.0162707442670546
71044,0.0206496820127519
71045,0.0243513444377416
71046,0.0214624166060561
71047,0.9345307864519322
71048,0.0217050033696715
71049,0.94032608757269
71050,0.0199711336176197
71051,0.9170880000479852
71052,0.0372394352204499
71053,0.0194292547661086
71054,0.0254001851637329
71055,0.0513624295200798
71056,0.0251105775273822
71057,0.0211299516657123
71058,0.0223395369041704
71059,0.0169550739591301
71060,0.4445259173082425
71061,0.0186723806445374
71062,0.0163512525638725
71063,0.0526136184993655
71064,0.0176325050469787
71065,0.0206142143592427
71066,0.0352502874450622
71067,0.0259469574332034
71068,0.0727278297272157
71069,0.1255472267679562
71070,0.9483601999127568
71071,0.0160336766934469
71072,0.0165808038543722
71073,0.0158854749535095
71074,0.9198778586742312
71075,0.0308539827931867
71076,0.0166963874693811
71077,0.0216952773985175
71078,0.0265642590655938
71079,0.0364027336029232
71080,0.0165305262402105
71081,0.0848482097479754
71082,0.3892109778680013
71083,0.0171998654643657
71084,0.0245912454314114
71085,0.0631344009032858
71086,0.0286339017238785
71087,0.0200957998138469
71088,0.0281767176358043
71089,0.9477365932627552
71090,0.083630600728302
71091,0.0186445599772341
71092,0.0463145133088685
71093,0.0792872617691339
71094,0.0164711616730028
71095,0.9390830406325876
71096,0.0555686125442937
71097,0.0199631208220342
71098,0.0224749798899592
71099,0.0310237133659359
71100,0.0181343465528696
71101,0.0341043185184651
71102,0.9468851405033258
71103,0.0171043836518787
71104,0.0609878182612396
71105,0.0184089474549801
71106,0.9001702968189196
71107,0.0176072461043391
71108,0.0180933083861629
71109,0.0372943784512793
71110,0.0293037551236053
71111,0.0205629148951394
71112,0.0189013045908962
71113,0.0172529780870436
71114,0.023585902007545
71115,0.5956318710765088
71116,0.0694460603586995
71117,0.0168451409991181
71118,0.1324772247592028
71119,0.6182310850309327
71120,0.0219908626106298
71121,0.0405584380614952
71122,0.0190939624563079
71123,0.9478979522995616
71124,0.0215892829804585
71125,0.0249629261282254
71126,0.0631448251635661
71127,0.2640987787219718
71128,0.0318412038884339
71129,0.0480580131584355
71130,0.750133593003988
71131,0.0195735042754634
71132,0.0333723034754134
71133,0.0214239050448125
71134,0.0170116045433902
71135,0.01625659900729
71136,0.0155539105308471
71137,0.0210539347421004
71138,0.020104562811074
71139,0.0314121279953012
71140,0.0217430897100758
71141,0.315183624453472
71142,0.0177630607838242
71143,0.9482026585417568
71144,0.0167586310229834
71145,0.0172569029803549
71146,0.0749920250884981
71147,0.0216614836332168
71148,0.0184589195078546
71149,0.018506573913076
71150,0.0164287076300662
71151,0.0369938916299016
71152,0.0256973766703387
71153,0.0168799587922815
71154,0.0229224361213921
71155,0.1152581141443911
71156,0.0854357159103884
71157,0.0374107918648524
71158,0.0174299380611112
71159,0.0162445179524525
71160,0.0200982056426142
71161,0.0220984217544258
71162,0.1515862774350579
71163,0.0263672530448961
71164,0.9418264547663808
71165,0.0185096570389648
71166,0.02589843580899
71167,0.8642812696701769
71168,0.0955347067822513
71169,0.9481474032550682
71170,0.0185603910592193
71171,0.0257724499792038
71172,0.016492093842398
71173,0.062518284248128
71174,0.0208210677156601
71175,0.036559566580669
71176,0.1603088455021719
71177,0.0816626905967478
71178,0.0214040946291886
71179,0.0187828255801828
71180,0.1222880915589867
71181,0.5477503992130954
71182,0.0330264265974559
71183,0.0289061421660892
71184,0.0181465961886223
71185,0.0839541352105582
71186,0.2945696272885582
71187,0.9372486879524758
71188,0.0164763352259919
71189,0.0201562972478056
71190,0.0179691930317467
71191,0.0163846924574931
71192,0.5504881898121566
71193,0.0190822960463219
71194,0.9346710142922368
71195,0.0247489816558263
71196,0.935355849131348
71197,0.1210312543405743
71198,0.0209676704733113
71199,0.0246400698001079
71200,0.0321680406052288
71201,0.0173224824183999
71202,0.0172998999024741
71203,0.0299288060301394
71204,0.0389584525459754
71205,0.2588543731192172
71206,0.0382062817960799
71207,0.0169142575004195
71208,0.94633597802408
71209,0.018675999970895
71210,0.0161841119588063
71211,0.1096567163855329
71212,0.0267815798943121
71213,0.0963072080466244
71214,0.3944281824575292
71215,0.0413197763552684
71216,0.0197187839099621
71217,0.0203963571804642
71218,0.0567077172255009
71219,0.9441548414675665
71220,0.0155517088248669
71221,0.0275787878400615
71222,0.0451410680613003
71223,0.0206567301968985
71224,0.0373461311215126
71225,0.0238482344767684
71226,0.0229718074039033
71227,0.9299210658510858
71228,0.0167172052753389
71229,0.0327593949542728
71230,0.0577208832671728
71231,0.0158797486791253
71232,0.0263234164611966
71233,0.0275106077640006
71234,0.0243917980121847
71235,0.0181636221692157
71236,0.9450963315802372
71237,0.0168638093302172
71238,0.9428586805439614
71239,0.0218361975431549
71240,0.0174791507464174
71241,0.0186307260774114
71242,0.0678440422849027
71243,0.0203132051440257
71244,0.0163583104818599
71245,0.0292959917826774
71246,0.9480159810744666
71247,0.0279651955191653
71248,0.0184603107203162
71249,0.0167427421305625
71250,0.0208754261579341
71251,0.0215384172950724
71252,0.0193763038472579
71253,0.0165902796334095
71254,0.1910763009124124
71255,0.0228790606781645
71256,0.0170328881264687
71257,0.0527044708674021
71258,0.0162688888159594
71259,0.0274989163003642
71260,0.0848756889038265
71261,0.0157779084291168
71262,0.025026829398984
71263,0.0158379131805183
71264,0.0201331999867047
71265,0.856863193111673
71266,0.0303459503497194
71267,0.1240151045380632
71268,0.0157071482154548
71269,0.0173666807029576
71270,0.2067519205434925
71271,0.8802153683436637
71272,0.041847206715783
71273,0.0221125472355908
71274,0.0188326506285259
71275,0.1210120433642615
71276,0.0168371326692523
71277,0.0917932018186891
71278,0.0217563159400937
71279,0.0716163086016968
71280,0.0206106509056249
71281,0.9145768674117336
71282,0.0310134187535251
71283,0.0358648404737309
71284,0.0323189717204125
71285,0.0178081506377441
71286,0.0219831956658759
71287,0.0167749478161289
71288,0.0158890091523015
71289,0.9466810719761564
71290,0.0321189134711101
71291,0.018285148841374
71292,0.0333529023391013
71293,0.0186630729638937
71294,0.0160619243461022
71295,0.0207158697687753
71296,0.0511084726818364
71297,0.0622539203252155
71298,0.1410759495710034
71299,0.0307891852166301
71300,0.9346901890867652
71301,0.0158961222022985
71302,0.023490700750759
71303,0.0343523162904646
71304,0.2912006379808662
71305,0.0317641843597795
71306,0.0330220107090636
71307,0.0378833995944924
71308,0.0173506279027827
71309,0.9465418772846956
71310,0.0749394553073476
71311,0.0234360625388392
71312,0.017404904750522
71313,0.140294746155444
71314,0.0391839418245572
71315,0.0177931375606554
71316,0.0200432633283834
71317,0.034341246584838
71318,0.0157474368698048
71319,0.0197317690125248
71320,0.0205539021289944
71321,0.0272852120801915
71322,0.0179059357551499
71323,0.0281575263511932
71324,0.0597795236099543
71325,0.0331199054386475
71326,0.0671881051834052
71327,0.0167089965793617
71328,0.0175119374051525
71329,0.0338316087293728
71330,0.0903718839926738
71331,0.0198632978851471
71332,0.0324153763325532
71333,0.0167042571105918
71334,0.034268688452975
71335,0.0260291023252512
71336,0.0222061424835021
71337,0.0321861806857339
71338,0.0168665318279953
71339,0.026410453758264
71340,0.0198833858514784
71341,0.9257082391480742
71342,0.034529779149434
71343,0.0167507856766707
71344,0.0310975260684297
71345,0.0214016113577008
71346,0.1203256882591934
71347,0.0200838264566081
71348,0.9402833537661648
71349,0.0207179055222279
71350,0.0382037445171675
71351,0.9413249339071595
71352,0.4365280121499518
71353,0.0201719230503979
71354,0.0244459096646579
71355,0.0169017236467022
71356,0.0195123590877487
71357,0.0162274865436883
71358,0.0198992442695894
71359,0.0473078502350086
71360,0.8619186718377998
71361,0.0495022902057624
71362,0.05337603732466
71363,0.019748960818563
71364,0.0215436176814679
71365,0.023056081003345
71366,0.0213800006203948
71367,0.0213617647800737
71368,0.0264136521153825
71369,0.0182516086635193
71370,0.0312527384785864
71371,0.0812044028569554
71372,0.0188325186694372
71373,0.0184563133708096
71374,0.0225441334696429
71375,0.928740283166404
71376,0.0302478553752523
71377,0.0214309425510624
71378,0.0494013015740232
71379,0.0179583152018915
71380,0.020125744013074
71381,0.8152998476112161
71382,0.4322337952757167
71383,0.0340801107917558
71384,0.0177311144449409
71385,0.0451078707064086
71386,0.0200086494269806
71387,0.0947998340198799
71388,0.0196355215483794
71389,0.0166777962721408
71390,0.0166092498418041
71391,0.0167677188207332
71392,0.0170033668381034
71393,0.0576519710808432
71394,0.8604152663020934
71395,0.022409906911974
71396,0.0207767872097395
71397,0.0310637892959231
71398,0.0208113243821003
71399,0.0355957787560703
71400,0.0663839312006059
71401,0.0208835886752665
71402,0.0170340451304964
71403,0.0277522995532676
71404,0.0385171067630458
71405,0.018933673990783
71406,0.0163679303058452
71407,0.9445578018823572
71408,0.016408139507715
71409,0.0232468984311323
71410,0.0175355224321075
71411,0.0177023636267633
71412,0.9426462718715536
71413,0.0162885199098801
71414,0.0181638830632674
71415,0.017971969772645
71416,0.1742365015586113
71417,0.0224346923191056
71418,0.0430438797357845
71419,0.0245948287154852
71420,0.0668559186232469
71421,0.0246013593617884
71422,0.0168263828007062
71423,0.0317491460111946
71424,0.0482642658568177
71425,0.9441714830879888
71426,0.0173367236918215
71427,0.0382325153978338
71428,0.0155973290990049
71429,0.8344189219234452
71430,0.024527522410328
71431,0.0372841006455396
71432,0.0250079926519016
71433,0.0164060052385558
71434,0.0396276946889848
71435,0.0228835458587952
71436,0.016483680553599
71437,0.0250991802088204
71438,0.0164319060053995
71439,0.9216801186717928
71440,0.9418587846692928
71441,0.0178391252389143
71442,0.0180847447134399
71443,0.0442421819302491
71444,0.2375805932701057
71445,0.024721429891637
71446,0.0221928066969601
71447,0.0527363994011064
71448,0.0230520826248946
71449,0.0174717316705555
71450,0.0169308687525998
71451,0.0200713481851754
71452,0.9426704869322384
71453,0.0175044819308259
71454,0.0172745302259978
71455,0.0280373394245089
71456,0.6280539131524707
71457,0.3370464552468379
71458,0.8043820468093769
71459,0.0404605721925003
71460,0.0157388151263927
71461,0.0204721405255766
71462,0.029397616512721
71463,0.0209451174557582
71464,0.0397499673859977
71465,0.0523764826910896
71466,0.029915658075747
71467,0.0158525841376938
71468,0.6010664730722177
71469,0.0202204242311135
71470,0.0163211785403058
71471,0.0210262803697432
71472,0.8952519389547886
71473,0.936230550072938
71474,0.0333897098851121
71475,0.0182554983844712
71476,0.020999329465166
71477,0.0545589151505891
71478,0.0336089256430862
71479,0.0551502822913176
71480,0.9364619245135972
71481,0.0335524158280261
71482,0.0333039246906568
71483,0.0215872513907385
71484,0.022177369939251
71485,0.0196520771227873
71486,0.0187793266971313
71487,0.0841728270892106
71488,0.0243569450410061
71489,0.021466498504318
71490,0.0195368286235303
71491,0.0272606408812889
71492,0.9382375372122568
71493,0.9168251714866408
71494,0.0264540977650894
71495,0.0222711564928593
71496,0.9221397352343128
71497,0.3739921134549491
71498,0.0194807307383213
71499,0.0433184582815633
71500,0.0181570422320764
71501,0.0289621601805523
71502,0.0219390045663912
71503,0.9451917558573772
71504,0.023883071317582
71505,0.0622168468153146
71506,0.0164770748070196
71507,0.0162499303479179
71508,0.0441770806766261
71509,0.0168603734394163
71510,0.9098035079834628
71511,0.0220481799471386
71512,0.0181347119518651
71513,0.0174178811217154
71514,0.0175305523498963
71515,0.0375971947856191
71516,0.9387298904047844
71517,0.0185220010994677
71518,0.0217485183398582
71519,0.9469870865779838
71520,0.0197284979901633
71521,0.0196474984202062
71522,0.0237234907865146
71523,0.0174638823430974
71524,0.0161720546266624
71525,0.0174327796345496
71526,0.055292119794656
71527,0.0217816405360883
71528,0.0182565551423325
71529,0.0267352711269624
71530,0.0191354838079528
71531,0.0294352561462397
71532,0.0193333139677583
71533,0.0236801952576561
71534,0.897994743772202
71535,0.0157847256697029
71536,0.0174720661267539
71537,0.0278589338243397
71538,0.0381945151958347
71539,0.0804230552051392
71540,0.2423903389417077
71541,0.942081641847068
71542,0.0166097225988558
71543,0.9464238072291318
71544,0.0986813251740622
71545,0.0194604929988617
71546,0.08294418996838
71547,0.0878221025999098
71548,0.0554400191092953
71549,0.0195559585476182
71550,0.0176860463472435
71551,0.0169994231904674
71552,0.938303007458697
71553,0.0326833627854886
71554,0.2375222073594803
71555,0.0853706140036075
71556,0.0239485243155487
71557,0.0233504118925017
71558,0.0160590033177795
71559,0.0313239145137573
71560,0.0458681628236899
71561,0.0270255603244667
71562,0.0176519029334263
71563,0.0173689174404832
71564,0.0281890919563583
71565,0.0330491625116409
71566,0.0186736752393934
71567,0.0388990323100989
71568,0.0179883795025344
71569,0.0217184328838129
71570,0.3334898162545777
71571,0.0176843375455517
71572,0.0157080339232211
71573,0.9384895210936962
71574,0.0208474108263639
71575,0.0433608194421917
71576,0.0253599922325911
71577,0.9384321348249688
71578,0.0412601290270598
71579,0.0185909917327047
71580,0.0338121724231279
71581,0.0375142741350654
71582,0.0258475624638969
71583,0.0165998245339341
71584,0.0182608859855488
71585,0.0399156345325288
71586,0.937778884184176
71587,0.7896062950209293
71588,0.8895089736818184
71589,0.2318736979467177
71590,0.2125536667192467
71591,0.0163526671325462
71592,0.0335528446107162
71593,0.0213968827146351
71594,0.0806339131794822
71595,0.1824322464884573
71596,0.0190228787533071
71597,0.0174944191097192
71598,0.0219191471971489
71599,0.0168046322792802
71600,0.0299286878753179
71601,0.0188290695609098
71602,0.0179269318979278
71603,0.0347360818666699
71604,0.0346079879060312
71605,0.9449005386243704
71606,0.0481010301767514
71607,0.099516944719961
71608,0.0223745412650054
71609,0.0308923446726295
71610,0.0197612009039538
71611,0.0597131273098974
71612,0.0594785209186374
71613,0.1103440707261149
71614,0.9322427150266992
71615,0.9269501464534586
71616,0.0169727582360691
71617,0.0166812795240072
71618,0.0233725201451653
71619,0.0817742092678706
71620,0.0165685081385347
71621,0.0157599706801071
71622,0.0231519359342204
71623,0.0510211563158345
71624,0.0174990319958217
71625,0.0202484738142779
71626,0.9187845868522572
71627,0.0206424671283961
71628,0.484669984438133
71629,0.0283059619894359
71630,0.0165051599204715
71631,0.0176544290844972
71632,0.0344151590158367
71633,0.0212322767432706
71634,0.080940157754354
71635,0.0227355759444933
71636,0.0175505232598856
71637,0.0169518657296771
71638,0.9441289706742882
71639,0.0212235724241574
71640,0.0206877731974154
71641,0.0253568927541268
71642,0.030741088165838
71643,0.0207583359629041
71644,0.022585432610285
71645,0.0207540295968339
71646,0.0437705040282411
71647,0.0161179076005783
71648,0.6166315243467871
71649,0.0227849120383096
71650,0.0437298099447074
71651,0.0169520907793837
71652,0.0171060924348889
71653,0.0481099396239822
71654,0.0165343035802864
71655,0.0187204739137043
71656,0.9413817977912377
71657,0.0303191033754978
71658,0.0174878828583283
71659,0.0173745634971836
71660,0.0155856585383553
71661,0.0247619113765729
71662,0.0220949313309155
71663,0.0619351019026457
71664,0.0249257456933447
71665,0.0783199979979563
71666,0.3293703777553642
71667,0.0233948307049328
71668,0.0825720183981842
71669,0.0327774626181377
71670,0.0183149671714969
71671,0.0273749274134287
71672,0.019094394014576
71673,0.0305941517343989
71674,0.0289568265000637
71675,0.9358052437962208
71676,0.1302795446184555
71677,0.0183876693412829
71678,0.0194877162428705
71679,0.0218064373119684
71680,0.0383417808539842
71681,0.0166708380516535
71682,0.0201282984178928
71683,0.020607327484064
71684,0.9455437540439364
71685,0.0272737895805378
71686,0.941711094630312
71687,0.0171673464360361
71688,0.0363424645310284
71689,0.0376305108671922
71690,0.023394867765853
71691,0.0269914936704291
71692,0.1385798764069146
71693,0.1311284480691616
71694,0.0190270039188939
71695,0.0682042619137842
71696,0.261028466434855
71697,0.0185656340891869
71698,0.019940121617342
71699,0.0180067899274227
71700,0.0334983594735934
71701,0.019909959862926
71702,0.0175302747661913
71703,0.0217578447365281
71704,0.0377071438201046
71705,0.0172206450674851
71706,0.016786206484474
71707,0.0215258622608377
71708,0.0181616700663539
71709,0.0158828587517179
71710,0.1000272979317845
71711,0.1844163687924612
71712,0.0180790526476853
71713,0.0203537057993308
71714,0.4315253801837029
71715,0.0158556202057745
71716,0.0253019526285357
71717,0.0443437091422564
71718,0.0521603922353787
71719,0.0160206124242798
71720,0.022548954083075
71721,0.0224634205217618
71722,0.2314484793295068
71723,0.2342962633227198
71724,0.9385184824774672
71725,0.0359113342592853
71726,0.0170674592125208
71727,0.0402427576161811
71728,0.0401276499062561
71729,0.0182667772128393
71730,0.2751626722713625
71731,0.1089003964010537
71732,0.0170007382168404
71733,0.0216981117899962
71734,0.0421660991146876
71735,0.0211886393921355
71736,0.0266925724032697
71737,0.0246731636248122
71738,0.0252961406087217
71739,0.0199387070827007
71740,0.0159060700537487
71741,0.0162242836503369
71742,0.0189129031611007
71743,0.0217318530128565
71744,0.9286503653422074
71745,0.0193511935692155
71746,0.0158693300690525
71747,0.1507236321474071
71748,0.0551583105862586
71749,0.0174318794206058
71750,0.0466523858498707
71751,0.016213402562477
71752,0.0188169122084115
71753,0.0313430147501437
71754,0.0361273453010504
71755,0.0162173315598883
71756,0.2283949529309692
71757,0.0695302358141753
71758,0.0267898878286081
71759,0.078120852024274
71760,0.0164479067508322
71761,0.0236574766891933
71762,0.0375443050115461
71763,0.0294459135403819
71764,0.0212978095509804
71765,0.0159556547167611
71766,0.020361170634749
71767,0.0259042471162077
71768,0.4315440360353224
71769,0.938319023422077
71770,0.94409021191238
71771,0.0200567192784394
71772,0.9350001141641744
71773,0.0169443738464054
71774,0.0359894416817787
71775,0.0405037178568284
71776,0.0194316583585823
71777,0.8006159400666094
71778,0.0866790081909311
71779,0.0179282041969168
71780,0.0190343924431267
71781,0.2207348088793401
71782,0.0228145133926657
71783,0.0605557699336478
71784,0.0597099220830327
71785,0.0285428697015549
71786,0.0352476529110935
71787,0.0957463916919221
71788,0.9420254372406968
71789,0.9445237458442624
71790,0.0656065455420742
71791,0.0204029730023104
71792,0.0702396744066935
71793,0.1357797566751309
71794,0.0367226589521969
71795,0.0202748044761476
71796,0.0178430630298474
71797,0.9469391693526108
71798,0.0344486019380613
71799,0.0228104738365927
71800,0.0168054522885357
71801,0.0183682799751004
71802,0.0232693556310636
71803,0.019482026624491
71804,0.0482373516672273
71805,0.2049499812236674
71806,0.0170719136499788
71807,0.0202267154634634
71808,0.2563280751870075
71809,0.936577555742248
71810,0.0207077194692422
71811,0.9459169365565316
71812,0.0203400669999307
71813,0.0174157878625888
71814,0.1160488312684192
71815,0.0164874458700217
71816,0.0308988668793609
71817,0.0691218000395872
71818,0.0373034105775602
71819,0.0166841402208968
71820,0.0206956196662212
71821,0.9410088525024236
71822,0.9447969899986972
71823,0.0307060991927446
71824,0.937924935258412
71825,0.0417733031070868
71826,0.0463569864770271
71827,0.0196217710673181
71828,0.0198115866875025
71829,0.0171920647980034
71830,0.0169172267628517
71831,0.0775773813262437
71832,0.0169646059943869
71833,0.0175900965016104
71834,0.9384219951685072
71835,0.02258833367884
71836,0.0225077228548864
71837,0.1844216154126361
71838,0.0182250080790159
71839,0.1086646593480274
71840,0.0349340499834776
71841,0.0244850615791019
71842,0.0180939443205901
71843,0.0163321069802969
71844,0.0170900982757767
71845,0.0191711292661585
71846,0.0162559555380832
71847,0.0249552225901618
71848,0.0163628323001085
71849,0.0181752974612976
71850,0.0197178376359242
71851,0.6839408958206346
71852,0.0176958219394375
71853,0.0182326189089217
71854,0.0165876674051466
71855,0.0172961951067203
71856,0.0517693631217889
71857,0.0222584201811795
71858,0.0198004398005711
71859,0.0238017494910043
71860,0.0356832782621243
71861,0.9242178351762248
71862,0.0557700845644367
71863,0.017804711905566
71864,0.0235061713661205
71865,0.0167868458954227
71866,0.0167957968425683
71867,0.017126423129305
71868,0.0228202166130693
71869,0.6266999045992601
71870,0.0172775814091188
71871,0.2224059323894951
71872,0.2085360763413547
71873,0.0164721647780411
71874,0.0159074522546612
71875,0.23966557974489
71876,0.0182702540314363
71877,0.036258967595842
71878,0.0169225275764871
71879,0.019209960549904
71880,0.0203814329974588
71881,0.0171503768918155
71882,0.0168146715436635
71883,0.0795432873222069
71884,0.9409612338642002
71885,0.0170585080404016
71886,0.0450937113313364
71887,0.8774972140530889
71888,0.9479799950676934
71889,0.022484885643301
71890,0.0179718932040171
71891,0.0173815214680608
71892,0.0177607128367133
71893,0.0349776125509167
71894,0.0268152681007944
71895,0.0359781310122413
71896,0.9412874404298558
71897,0.037660718739083
71898,0.0478009855935856
71899,0.395696684000656
71900,0.1449693751290862
71901,0.0274510962969669
71902,0.0303247876909335
71903,0.0267621799554474
71904,0.0210644333550516
71905,0.9304747411591404
71906,0.0186616413558402
71907,0.06348292196631
71908,0.0339400168090892
71909,0.0238474089389215
71910,0.0158126705953599
71911,0.9455871531497484
71912,0.0158930351466654
71913,0.0203629855140012
71914,0.0242657171998557
71915,0.0172905883858256
71916,0.0218389812464722
71917,0.9478246505029604
71918,0.0619907884648598
71919,0.0164124719587441
71920,0.0204698031795066
71921,0.0164328987707051
71922,0.8658753384817609
71923,0.0160848766276463
71924,0.4161869212767558
71925,0.0299674000785435
71926,0.0162785063662875
71927,0.0166555453143366
71928,0.0190351835745168
71929,0.0183962846888189
71930,0.0189704781172427
71931,0.0446774060335005
71932,0.0189591218650287
71933,0.0998030608859807
71934,0.0172099793794858
71935,0.0191854470132482
71936,0.0296822929383956
71937,0.0551368706287721
71938,0.0365680474033912
71939,0.0208771815179933
71940,0.0231278443384368
71941,0.0303853658250526
71942,0.0230624721040347
71943,0.026790207774225
71944,0.0166730518569583
71945,0.0174587142888696
71946,0.049162131009048
71947,0.0169751086552517
71948,0.0415953740066572
71949,0.144007291737563
71950,0.0460456679981709
71951,0.3007624585548742
71952,0.9424186648360764
71953,0.0204319456647224
71954,0.0227053382068303
71955,0.0214205357926687
71956,0.0265204035910859
71957,0.0171116899787323
71958,0.0158844828535228
71959,0.01824004270266
71960,0.0158369126434356
71961,0.1649557701057363
71962,0.4819391232803479
71963,0.0463992953071478
71964,0.0255249536686278
71965,0.0239608588765831
71966,0.0168208965571783
71967,0.3029443842142405
71968,0.0161143220618763
71969,0.0170248475074926
71970,0.905210263911528
71971,0.015975155371053
71972,0.0281825824144933
71973,0.0313370332665991
71974,0.0159250829161835
71975,0.0348071931800596
71976,0.059752220227036
71977,0.0307567495911103
71978,0.4139312364652643
71979,0.0165962403474255
71980,0.018324359297764
71981,0.0236420979865346
71982,0.1305692721583017
71983,0.9293536082879144
71984,0.0260596769381709
71985,0.0252941331605408
71986,0.0508661890230341
71987,0.0156576727261297
71988,0.9363078523269568
71989,0.077808093434369
71990,0.019847110462724
71991,0.0200685294403162
71992,0.2364010990184885
71993,0.0418008257619731
71994,0.9452538341844842
71995,0.0167116167519004
71996,0.0268900249541778
71997,0.5389680899375742
71998,0.0175778970440482
71999,0.0316585522577576
72000,0.935991662758199
72001,0.0239277378736144
72002,0.0283209826475311
72003,0.9445351456645252
72004,0.0197270117014921
72005,0.0162456412463808
72006,0.0157901212591363
72007,0.0177537024160917
72008,0.0349958304595251
72009,0.0225564440006316
72010,0.0722707737436882
72011,0.2162390435772377
72012,0.1019860963586952
72013,0.0237627361816485
72014,0.0473624237378164
72015,0.019518550670653
72016,0.0194107812983853
72017,0.0490094470985029
72018,0.0170206004998465
72019,0.0396949216360544
72020,0.0666026646063921
72021,0.0238113129553966
72022,0.0178523365322803
72023,0.0310594490572442
72024,0.0163059600007874
72025,0.0590999745592296
72026,0.0170495742405106
72027,0.0179275445149985
72028,0.0255784432436434
72029,0.0357256373456895
72030,0.0389578883630317
72031,0.0339359874763482
72032,0.0182157728543411
72033,0.0168838726507249
72034,0.0294851585993946
72035,0.0663104031858727
72036,0.9476048492523792
72037,0.0212728797839109
72038,0.022566955668738
72039,0.0340105613944518
72040,0.021607249875622
72041,0.0168409617893343
72042,0.0224588880174991
72043,0.0165680406375343
72044,0.0165750209735594
72045,0.0168549236195363
72046,0.945807304330882
72047,0.0703713974647785
72048,0.6229911192777365
72049,0.0292079973235442
72050,0.0505340244542673
72051,0.0256907821960198
72052,0.0166291765820454
72053,0.0195361629637052
72054,0.0177565637287857
72055,0.066950995860147
72056,0.0617216597350774
72057,0.3790938511092234
72058,0.0161706676663987
72059,0.0259762153382033
72060,0.0360657966578025
72061,0.0285707263574893
72062,0.94260869430741
72063,0.0175866844245025
72064,0.016373802290702
72065,0.0194968289948242
72066,0.0218789595350406
72067,0.897810723471203
72068,0.9471784238647258
72069,0.0195191652578644
72070,0.9392886141559462
72071,0.0302443196299696
72072,0.0163585284210281
72073,0.019882301200809
72074,0.0418768951513369
72075,0.0260469495832398
72076,0.0187622499636712
72077,0.0183991051526654
72078,0.0572522082999803
72079,0.0195175301602527
72080,0.0530488513037351
72081,0.021510508097277
72082,0.043299340774223
72083,0.0171546129954689
72084,0.1676195708539798
72085,0.0179782001952166
72086,0.0176735824420004
72087,0.0207426618351918
72088,0.1250395178053155
72089,0.0161222294970044
72090,0.9406279715415696
72091,0.0222604673621136
72092,0.0166816378705021
72093,0.0202849030709575
72094,0.0219947312649268
72095,0.0249999512624081
72096,0.0302087905854548
72097,0.0174607450808225
72098,0.0171761258283606
72099,0.9343177154180108
72100,0.0155880661691596
72101,0.9275586313861393
72102,0.0210203253837829
72103,0.0412465411018385
72104,0.941144063617224
72105,0.922067914984962
72106,0.0808703818544934
72107,0.0281787064476247
72108,0.037960560054859
72109,0.0159428078457969
72110,0.0283927023047283
72111,0.0282132818688663
72112,0.0258283821663658
72113,0.0266070524486305
72114,0.8796523788125162
72115,0.0159630743327837
72116,0.0214302597705265
72117,0.024554855265167
72118,0.9305594744887322
72119,0.0272389957802163
72120,0.021776738390262
72121,0.943639908845603
72122,0.0392006762146781
72123,0.0176697318479094
72124,0.023792551447192
72125,0.0178339134495577
72126,0.0258454753199423
72127,0.0275567287661223
72128,0.0255645197732472
72129,0.0200518760048995
72130,0.0173866758616043
72131,0.1385156184853439
72132,0.1116401353101923
72133,0.0172474040462956
72134,0.0161758760677888
72135,0.0159150948904943
72136,0.0268418884486097
72137,0.0346269336283855
72138,0.4398775916763039
72139,0.0276164377383661
72140,0.0221607900795231
72141,0.0297281034035257
72142,0.1987817385961424
72143,0.0428112762108721
72144,0.0193788176973164
72145,0.018390874016863
72146,0.0362807010706166
72147,0.9431279571251944
72148,0.0181972574367866
72149,0.0538972498849064
72150,0.0204250951918942
72151,0.0795656831755679
72152,0.0185553675387333
72153,0.0320966075903411
72154,0.0191517725903519
72155,0.0288529993658499
72156,0.0182209732728333
72157,0.9370715962439083
72158,0.9361726818907417
72159,0.0185234717172519
72160,0.0243071265399236
72161,0.9447756724963836
72162,0.0783133849644656
72163,0.0712852043272303
72164,0.6612325521616007
72165,0.0308435915242128
72166,0.9455043879376948
72167,0.9419605239332266
72168,0.0329841410973766
72169,0.0197216958496807
72170,0.0229514648307668
72171,0.0211729771891632
72172,0.0195289471387722
72173,0.0155436050216043
72174,0.0171563982180113
72175,0.016964162729002
72176,0.0983547803814668
72177,0.0481247016931529
72178,0.0359271182206941
72179,0.0404776376402973
72180,0.0188689103875081
72181,0.0212697151235498
72182,0.029055221756535
72183,0.0208721984318951
72184,0.0312698586247224
72185,0.940569682157254
72186,0.9186440137394772
72187,0.9429330682127391
72188,0.0255621552669814
72189,0.9364006751799756
72190,0.0548216902845161
72191,0.0211625683666338
72192,0.0225598957140664
72193,0.0245713710531919
72194,0.0364465197853947
72195,0.2293331643730114
72196,0.0249618566795019
72197,0.0215120716410022
72198,0.0351870437007117
72199,0.0171588332572586
72200,0.9420195844745946
72201,0.0173295421335589
72202,0.2843428919581706
72203,0.0252682266641522
72204,0.022014227918488
72205,0.0169659696441188
72206,0.0381928309760203
72207,0.0158241635394568
72208,0.0157312663085314
72209,0.0238532199999087
72210,0.0173577501739877
72211,0.1540102611421868
72212,0.941892912392373
72213,0.020089432070149
72214,0.0172135624992849
72215,0.0192190887931231
72216,0.3396617569877946
72217,0.0158375327390001
72218,0.0165426750593887
72219,0.0167845319507756
72220,0.0273597860686546
72221,0.0158063556650594
72222,0.8306454707571927
72223,0.0162838077756505
72224,0.915331818575553
72225,0.0206942851191628
72226,0.0160787761629747
72227,0.0169140338502319
72228,0.0221299091744962
72229,0.0208313778908582
72230,0.0239986948983943
72231,0.016473255569052
72232,0.0159556644943725
72233,0.0172122080502403
72234,0.0166076112349359
72235,0.03062121434497
72236,0.0217990510636893
72237,0.0189183954552354
72238,0.021088657164028
72239,0.0190412357008198
72240,0.0170417026272265
72241,0.0183570486733495
72242,0.0628879223280883
72243,0.0201762141334724
72244,0.517297028001078
72245,0.1197762280137473
72246,0.0181501558036353
72247,0.0554747444266799
72248,0.0202665065712951
72249,0.0161186209904957
72250,0.0191351646138001
72251,0.0186967318696583
72252,0.0165932474066576
72253,0.0389518945752583
72254,0.0159988217996972
72255,0.0203389832418822
72256,0.0301253360905074
72257,0.0169099606129553
72258,0.0210443980449292
72259,0.0183071330955296
72260,0.0260833107312791
72261,0.7639041013271031
72262,0.0172683435757876
72263,0.0852144873406625
72264,0.0156997813433087
72265,0.1152717106678097
72266,0.9236508759717086
72267,0.0164260065457083
72268,0.0167347710327385
72269,0.0195838555216934
72270,0.0163116040347879
72271,0.0170272020028035
72272,0.0173596452422771
72273,0.0215159219523104
72274,0.0191182838009439
72275,0.0262426684402824
72276,0.0889692293702752
72277,0.0178780295420375
72278,0.0158401972764659
72279,0.9424213111517228
72280,0.0453135099523414
72281,0.0166181592038953
72282,0.0189343919966577
72283,0.065993747516418
72284,0.0233577672373183
72285,0.9065842084618388
72286,0.0159332433466616
72287,0.0489201645695579
72288,0.0199771779025415
72289,0.0222988214116562
72290,0.0302167508120624
72291,0.9385309068138036
72292,0.0511868090864106
72293,0.0491607101380358
72294,0.0167564529284682
72295,0.01816680765942
72296,0.0426840781089079
72297,0.0338881774037034
72298,0.0160379670350633
72299,0.023494289950528
72300,0.0214946586109019
72301,0.0205813436579215
72302,0.0192748639287638
72303,0.06955551775437
72304,0.0170937167124162
72305,0.0157915975976262
72306,0.01792368588605
72307,0.0180765450982556
72308,0.0174710694064674
72309,0.0181256557088046
72310,0.0240679572475446
72311,0.0268592194508764
72312,0.017107247772414
72313,0.0242814634857313
72314,0.9447959913593662
72315,0.017797735350863
72316,0.028453909584407
72317,0.0222499234984193
72318,0.9469978963451074
72319,0.0180089449760068
72320,0.0194972531445108
72321,0.0350891155751121
72322,0.0165482581639307
72323,0.0482284342870341
72324,0.2240714840569612
72325,0.0206394891111163
72326,0.1488106489420273
72327,0.0240608560824655
72328,0.0244629661913938
72329,0.1186884141713164
72330,0.5281755449936154
72331,0.0628792503389762
72332,0.0175153956193892
72333,0.0189411912603793
72334,0.0217684497378711
72335,0.0170965597941146
72336,0.0254519235707132
72337,0.0192667298050703
72338,0.062415099246866
72339,0.0219704489908171
72340,0.0169342242717932
72341,0.0203565700229506
72342,0.0906900797044782
72343,0.0310841122990856
72344,0.0160593488862936
72345,0.0698231083163131
72346,0.0346015992550092
72347,0.0167461909271734
72348,0.938040511346514
72349,0.0171107347009108
72350,0.0204641382210621
72351,0.0162836519552546
72352,0.8596190045703511
72353,0.0324248693709849
72354,0.5175422384613648
72355,0.018327153529873
72356,0.0201215906006324
72357,0.0224101710793375
72358,0.018266081217787
72359,0.1323870579537961
72360,0.021557964248542
72361,0.0167710427765588
72362,0.01824529939207
72363,0.0318840582070721
72364,0.0441114884625323
72365,0.0189245708391711
72366,0.0197612170800187
72367,0.0322395337436995
72368,0.0293180971247279
72369,0.0185029464822376
72370,0.0178011475028194
72371,0.9439560675426882
72372,0.0238648018374194
72373,0.0194567076242844
72374,0.0171505178498551
72375,0.9355839475710636
72376,0.0181066607112894
72377,0.3641723288669817
72378,0.0170025513561108
72379,0.0174994763791699
72380,0.1048636770469657
72381,0.0156518762207574
72382,0.018725509102267
72383,0.0178597147993613
72384,0.0648123554516005
72385,0.026646295470244
72386,0.016812840669229
72387,0.0264501696144804
72388,0.0292616719422792
72389,0.0192499153864881
72390,0.017270211796232
72391,0.0211948657829388
72392,0.018314129027505
72393,0.903280000230818
72394,0.0209168737643539
72395,0.0162958560902769
72396,0.1288666118636099
72397,0.0180856464544296
72398,0.0194683923138537
72399,0.0509757473628521
72400,0.0177118648839502
72401,0.055434562355766
72402,0.016608216631561
72403,0.0352579711037632
72404,0.9342903826918684
72405,0.0170031575584101
72406,0.820198171437194
72407,0.0159275290302581
72408,0.0172495992494556
72409,0.0303550127815055
72410,0.0183939734850949
72411,0.0160583712155373
72412,0.0452814206181775
72413,0.0204717523545466
72414,0.9091188574613102
72415,0.0336148686321807
72416,0.0192489538410935
72417,0.1363765471858337
72418,0.0167079652101041
72419,0.0179861471522114
72420,0.0166263267620496
72421,0.1100973833944281
72422,0.0692708635541318
72423,0.0160967301215978
72424,0.8519179834235203
72425,0.0182961306983869
72426,0.924814083231249
72427,0.944892079167954
72428,0.0240483298728981
72429,0.0277881602754486
72430,0.0156673939950893
72431,0.021256310867033
72432,0.2428551474653092
72433,0.0200475185302272
72434,0.9408297803682596
72435,0.021762729797353
72436,0.06128819866406
72437,0.019751233361645
72438,0.0624279651150594
72439,0.0191460054758981
72440,0.0357110054683994
72441,0.0194824180172703
72442,0.0656600431637931
72443,0.0166047217275904
72444,0.0170866085751908
72445,0.0984185646515433
72446,0.0188336385733479
72447,0.0181904785688505
72448,0.8984175038853998
72449,0.0189723649767852
72450,0.0168416136063194
72451,0.0175627241137401
72452,0.0221723198351958
72453,0.1595838241088853
72454,0.0159347533012649
72455,0.0174467829551799
72456,0.0195468658642532
72457,0.023736576693392
72458,0.0201416230093866
72459,0.0245017353567789
72460,0.0192543253118925
72461,0.0322122078132193
72462,0.0169736329244475
72463,0.0177779506585569
72464,0.0299098511093208
72465,0.0341686462232832
72466,0.017162660782663
72467,0.9333970251888472
72468,0.941641442921936
72469,0.4496866283441366
72470,0.0417831883679412
72471,0.0162037823388218
72472,0.0247316189892372
72473,0.020215414412577
72474,0.9237803908818972
72475,0.0161652348268935
72476,0.0169515711540433
72477,0.0200004613857713
72478,0.1705895534673918
72479,0.0228621543192871
72480,0.177781660442324
72481,0.0167190119810627
72482,0.0225846229647123
72483,0.0212973703942955
72484,0.3698637505908763
72485,0.0363865480146488
72486,0.0233359897835354
72487,0.0180019315809262
72488,0.0160567157923392
72489,0.0232357871279013
72490,0.0173519640732481
72491,0.0164646047935171
72492,0.9413082208590547
72493,0.2465096506338828
72494,0.0173488736329301
72495,0.0463904039704416
72496,0.0245794447152826
72497,0.0166004120056136
72498,0.921528565938608
72499,0.0552406709614614
72500,0.9421380282036788
72501,0.936999722524045
72502,0.025479758020473
72503,0.0213490632474937
72504,0.9356451167285968
72505,0.0685202850888451
72506,0.0844328311302742
72507,0.940334284519484
72508,0.0435054002623831
72509,0.0264696853108935
72510,0.0286707117959382
72511,0.8422972420979534
72512,0.0627607641381602
72513,0.015818764157167
72514,0.0710193243833599
72515,0.0202767898103817
72516,0.0312915710090625
72517,0.0203395775897783
72518,0.041499570162467
72519,0.0178556671691499
72520,0.0505822047526674
72521,0.4316840358580729
72522,0.0182043972806233
72523,0.0177522800630201
72524,0.0218912042803136
72525,0.0257391913128643
72526,0.0221640883824793
72527,0.941878472789279
72528,0.9466819558971368
72529,0.0582815901431091
72530,0.0167054413097441
72531,0.0254667705829313
72532,0.0382495067973035
72533,0.0246228289287569
72534,0.03887250609927
72535,0.0251084272108309
72536,0.8616950552430916
72537,0.0157095566547709
72538,0.0618745599418451
72539,0.5374146016172747
72540,0.0159956997031193
72541,0.0264008329081121
72542,0.9407839405276736
72543,0.018423159730417
72544,0.025685176637317
72545,0.0174787591586483
72546,0.0167760210007358
72547,0.946381270199089
72548,0.0519793384290595
72549,0.9452264326612144
72550,0.9437134641076016
72551,0.0156940829529339
72552,0.016138306590192
72553,0.1595036517463802
72554,0.0463667895454894
72555,0.0507327572311072
72556,0.939729904788888
72557,0.0190427740859259
72558,0.0376329474187546
72559,0.1043120270150729
72560,0.0182577110430061
72561,0.0189583186587
72562,0.0155787324806007
72563,0.0171673435735235
72564,0.0816072115310401
72565,0.0220337153706856
72566,0.0184086222990841
72567,0.0166771373258363
72568,0.0691576401758823
72569,0.0679202889582453
72570,0.0170390163033398
72571,0.0174993919991964
72572,0.0489317894341196
72573,0.0161129096498612
72574,0.0248741521801984
72575,0.3342589520944335
72576,0.9142329086907112
72577,0.0201149994921593
72578,0.0309225069437251
72579,0.0194857794281068
72580,0.0211265728832838
72581,0.020041184322118
72582,0.0551984102477622
72583,0.9371741077517524
72584,0.0213417079191001
72585,0.9278403749886984
72586,0.0160028514478428
72587,0.0167450635966746
72588,0.0202602593731683
72589,0.0238285245777475
72590,0.0185438369574998
72591,0.0191414486535583
72592,0.0221548180862591
72593,0.0235040154173251
72594,0.0201144672549512
72595,0.0175573945565022
72596,0.0550893118715906
72597,0.0163696589497207
72598,0.015627294799453
72599,0.0911358311437019
72600,0.0172931271663395
72601,0.0176964534398399
72602,0.0159586656431317
72603,0.8889645019197744
72604,0.0973437092607718
72605,0.0170276810829281
72606,0.1065597901240588
72607,0.0180195373167633
72608,0.0643532275652462
72609,0.0176610737190998
72610,0.0843785021031094
72611,0.0227286478859066
72612,0.0193802895716943
72613,0.0164454755363134
72614,0.0286981755176898
72615,0.0191023639002752
72616,0.0314045354470789
72617,0.0164906426342995
72618,0.9405873683228202
72619,0.0167024560186517
72620,0.2971185988861144
72621,0.016905508194763
72622,0.6467812001441263
72623,0.0354538416749133
72624,0.0165262304713339
72625,0.6692323169221224
72626,0.0184852875496273
72627,0.0202487340074916
72628,0.0192517564025584
72629,0.1044576225172711
72630,0.0522375404001384
72631,0.0181148358202494
72632,0.0388616357802703
72633,0.9439285477361808
72634,0.9012012839424066
72635,0.0159281788171983
72636,0.0375133295701442
72637,0.0173293531450853
72638,0.8890503303576763
72639,0.9171194706761024
72640,0.302315283898049
72641,0.0915910125008873
72642,0.0261706141985642
72643,0.0170714177736751
72644,0.024396027307289
72645,0.0287705461383853
72646,0.0365641453400421
72647,0.4724743018370402
72648,0.0165922721814531
72649,0.0452495727801344
72650,0.0188849226974966
72651,0.0181584710746336
72652,0.0168628185979751
72653,0.0155297064892037
72654,0.023468452043996
72655,0.0185338629721034
72656,0.0235575139281117
72657,0.0658720626384827
72658,0.0213353350228946
72659,0.07719872196808
72660,0.0205974683439042
72661,0.0260093641238454
72662,0.0687830358511225
72663,0.0530343283788497
72664,0.0282355763169662
72665,0.0158639474623854
72666,0.0218970535809659
72667,0.0233676280531235
72668,0.0202206487667678
72669,0.2037165293183222
72670,0.0265054595313885
72671,0.0838208254924511
72672,0.0187207375104354
72673,0.0175959512525586
72674,0.0237145244913556
72675,0.0168509554588312
72676,0.0159797837901556
72677,0.0171879802325901
72678,0.0741045826145811
72679,0.0468941259213211
72680,0.020707323274418
72681,0.0193260739286051
72682,0.0195890034042572
72683,0.0546855738737407
72684,0.9293709962593985
72685,0.0259049874479711
72686,0.1298301448815911
72687,0.0171925036863095
72688,0.0202767566367358
72689,0.0246977548463322
72690,0.121963869431924
72691,0.0184547383607543
72692,0.0155577861713579
72693,0.0382672974668096
72694,0.0243422676232289
72695,0.04539574497414
72696,0.021832071656201
72697,0.0162051375361678
72698,0.9274669022758952
72699,0.023465851051702
72700,0.0733441119112833
72701,0.030377753486245
72702,0.0270270256425773
72703,0.0265702618787425
72704,0.0203713762867134
72705,0.0185661858390541
72706,0.0329832011632065
72707,0.0267760005965221
72708,0.0939804120042792
72709,0.019024712077065
72710,0.0201606603272593
72711,0.0828853955058233
72712,0.0175010803624324
72713,0.0968884814204528
72714,0.1237540535006457
72715,0.9463667539920508
72716,0.0606171561898493
72717,0.9444111462425288
72718,0.0607431124741003
72719,0.021910547658231
72720,0.0479949543128763
72721,0.018901060846606
72722,0.0180001611842588
72723,0.0199302113260338
72724,0.0227824209745097
72725,0.1023610634463515
72726,0.1966212642048013
72727,0.020123287183641
72728,0.0192233487420032
72729,0.0199657691902327
72730,0.0316348252059472
72731,0.0615105686296007
72732,0.9402362199797036
72733,0.0432293739469898
72734,0.9095796715530092
72735,0.0164162316182016
72736,0.1165921080008351
72737,0.0471481805386531
72738,0.0178849534041618
72739,0.0191734026356187
72740,0.0189307167651515
72741,0.1773930050454728
72742,0.936585264078954
72743,0.0172653260905074
72744,0.070392629076525
72745,0.0295862298975214
72746,0.0250052571910062
72747,0.0186655872122064
72748,0.0200334109898985
72749,0.0168008448107427
72750,0.0379436767322617
72751,0.0159914561100965
72752,0.0191751942678037
72753,0.0273974576508223
72754,0.3585978576039582
72755,0.0203781226918555
72756,0.0190176121196127
72757,0.0164373334624948
72758,0.0271913786002056
72759,0.0177499850082902
72760,0.0156559954738611
72761,0.0275807617978203
72762,0.9481423450467314
72763,0.0194480380958244
72764,0.0612721091476582
72765,0.0208440042743688
72766,0.0160675085781986
72767,0.0490685296575454
72768,0.4573411321622649
72769,0.0159895312109212
72770,0.0277651433821352
72771,0.0275122270260247
72772,0.0298863289301422
72773,0.0171027961168028
72774,0.0230961061172776
72775,0.0220477788276311
72776,0.1258873156608048
72777,0.0180074610869705
72778,0.0252352655106792
72779,0.0456262779242685
72780,0.0221939907973213
72781,0.9485804631848722
72782,0.0546791254705416
72783,0.0352482174526485
72784,0.0254906423585233
72785,0.0167369918998934
72786,0.0192026388412476
72787,0.0228427808445607
72788,0.022177894000068
72789,0.8853343844465398
72790,0.0987200058583482
72791,0.0847083996860082
72792,0.0180383194851121
72793,0.0204028825482263
72794,0.0234016962103782
72795,0.0172443786085997
72796,0.4618642162478285
72797,0.9369796791858378
72798,0.944168533712471
72799,0.0250814582134163
72800,0.0200112870349558
72801,0.0197496665498162
72802,0.0733311707079049
72803,0.0220243534953432
72804,0.0189682769890443
72805,0.0173713125702465
72806,0.0386108487704734
72807,0.0252039157574826
72808,0.0253391860862679
72809,0.028453819202905
72810,0.0247005266518158
72811,0.0521692511639269
72812,0.1966359551105453
72813,0.0224743739013876
72814,0.0283833777368204
72815,0.0198465981702847
72816,0.0213628746389767
72817,0.1970445553881226
72818,0.1450328472636947
72819,0.0169332456910538
72820,0.0439133923272161
72821,0.0314607358427231
72822,0.0190884144683725
72823,0.9393929585468864
72824,0.0198687239443155
72825,0.0174859805441378
72826,0.0235803635865403
72827,0.0188672731540172
72828,0.053463938618087
72829,0.3132478180798446
72830,0.0215686508871124
72831,0.0364459392879257
72832,0.022581702755827
72833,0.0252209019058738
72834,0.0173702671986416
72835,0.0169953832644147
72836,0.0224441137075015
72837,0.0204344002660314
72838,0.0191496525361241
72839,0.0190076589410512
72840,0.0261494259934092
72841,0.0310319667155337
72842,0.0184796287117207
72843,0.0386645829670667
72844,0.0157778398219783
72845,0.0224354691294354
72846,0.0163189534182289
72847,0.1409393400171235
72848,0.0364782574316349
72849,0.0161504725422728
72850,0.0285999634880475
72851,0.0187815859647683
72852,0.0303289907503729
72853,0.0230162927216712
72854,0.0200463910419941
72855,0.0451801586275716
72856,0.0694345863762678
72857,0.0762550157825254
72858,0.0162216382405169
72859,0.0166151798097213
72860,0.029770008961174
72861,0.0181723204492408
72862,0.0198605455263035
72863,0.9371395141494376
72864,0.0164377062015814
72865,0.0165644383327808
72866,0.9486488029837988
72867,0.0495696731175628
72868,0.1259408319563104
72869,0.0238812677351051
72870,0.0216445464006585
72871,0.0362702182716911
72872,0.0252228197136608
72873,0.015802850418203
72874,0.0287362331603172
72875,0.0254101370502598
72876,0.9436043118683294
72877,0.0169614600811349
72878,0.0239806961465801
72879,0.0172808266745461
72880,0.0181777323540561
72881,0.0338241398331201
72882,0.9427947339689864
72883,0.0294238717428246
72884,0.0192919635493847
72885,0.0161605870486135
72886,0.0209106902279208
72887,0.7007718640918333
72888,0.033110850803927
72889,0.0175337577300528
72890,0.0605686961827455
72891,0.0180357653914535
72892,0.0187099255169227
72893,0.0195251265062928
72894,0.0165910820680925
72895,0.0208022584815309
72896,0.0225704847537989
72897,0.0169174073311703
72898,0.0468372806006902
72899,0.0233121028978834
72900,0.0208070682973017
72901,0.0553058260744333
72902,0.0156293252274769
72903,0.0366255798076195
72904,0.0211985664086937
72905,0.0176309370545482
72906,0.0186756310583448
72907,0.1240044286524239
72908,0.023966552737523
72909,0.0180382500275062
72910,0.017152572636504
72911,0.0165565461710875
72912,0.0236879121960332
72913,0.1260121255505127
72914,0.0215452995081513
72915,0.931395619577812
72916,0.0182880923655747
72917,0.0218177867327036
72918,0.0190245331895257
72919,0.0171195392417347
72920,0.0170623439973656
72921,0.0208972393651646
72922,0.0249269066807755
72923,0.0236252746824124
72924,0.0303200822745263
72925,0.1016536834908572
72926,0.943250890742555
72927,0.0299288130764949
72928,0.054741918398614
72929,0.022470790552328
72930,0.0181732021327432
72931,0.1683178062993502
72932,0.92738533417011
72933,0.0261902129250285
72934,0.0347522474795826
72935,0.0237766311274889
72936,0.01985620004044
72937,0.0173776531449214
72938,0.018250996836933
72939,0.0241163691995981
72940,0.0196196362110413
72941,0.0253547214417462
72942,0.0182743027388826
72943,0.9004705292636145
72944,0.021287860382342
72945,0.017946350526192
72946,0.934171418966456
72947,0.0831223017258954
72948,0.0183660885000479
72949,0.0277403424961889
72950,0.0188980748147908
72951,0.0158586952502802
72952,0.0177055327551825
72953,0.0241223797305368
72954,0.0185888771698286
72955,0.0505696920905883
72956,0.0432495807512359
72957,0.0182920313046351
72958,0.0344184272481122
72959,0.2928903563451804
72960,0.0195574203925896
72961,0.0184994638721862
72962,0.05686152734199
72963,0.018148578153372
72964,0.0233499381734641
72965,0.8975252875687075
72966,0.0379671506276161
72967,0.0257723380539196
72968,0.0207191352473567
72969,0.0427773041400559
72970,0.9005013255898882
72971,0.0325141760033941
72972,0.0157666782356978
72973,0.0388466698323136
72974,0.9450436273121856
72975,0.0449997859390696
72976,0.0440495570678396
72977,0.0188066872374354
72978,0.0172546626513073
72979,0.0768597839570301
72980,0.4460583717090161
72981,0.0227416119170683
72982,0.0376800898749674
72983,0.0169151153366801
72984,0.0201828377686784
72985,0.0155956498832428
72986,0.0378554246476874
72987,0.0173515876408421
72988,0.057331921546814
72989,0.0231819210784742
72990,0.0178109494332884
72991,0.1041790281273723
72992,0.0286696714322909
72993,0.0513853171216168
72994,0.0170552537647747
72995,0.0764443103697995
72996,0.0290410552080288
72997,0.0157236339290406
72998,0.0173092590645486
72999,0.0166755810892656
73000,0.94551792631898
73001,0.0807421355022008
73002,0.0257284631416281
73003,0.0179384017694705
73004,0.0183281308959707
73005,0.0253893641543132
73006,0.0396524806891481
73007,0.9045550965897816
73008,0.0192897011380345
73009,0.0463123264851847
73010,0.0801350086305096
73011,0.0235277473151222
73012,0.929614111776324
73013,0.2972724623617633
73014,0.9471997706652486
73015,0.0509526157470976
73016,0.0310809608878416
73017,0.0186352444278266
73018,0.9471796183004138
73019,0.0164809430402412
73020,0.0211524599221009
73021,0.0455575984318726
73022,0.0265587955391623
73023,0.0190957067167512
73024,0.0248151019646389
73025,0.019347326038399
73026,0.0671104493652458
73027,0.0165605405278301
73028,0.1017204843007786
73029,0.0160909773857043
73030,0.5254645814250603
73031,0.9433309398697975
73032,0.215041689087748
73033,0.0473394277546107
73034,0.1457133230397278
73035,0.0204027726483831
73036,0.9174326757174373
73037,0.1080048065743273
73038,0.0163896052384251
73039,0.0212161071091827
73040,0.0186517514093709
73041,0.0183398854285003
73042,0.0163349918110443
73043,0.1570004072583079
73044,0.021623745328786
73045,0.0271785307508455
73046,0.0888604324449546
73047,0.0201514822024863
73048,0.0425313322143225
73049,0.0176680668468315
73050,0.0186594578683401
73051,0.0281762715119721
73052,0.0191249754733087
73053,0.882383461862513
73054,0.9428680288102814
73055,0.0185484006342309
73056,0.9310103704128944
73057,0.9358478468646504
73058,0.0447656646263621
73059,0.8832149233197
73060,0.0240155012652693
73061,0.8256144266075951
73062,0.0156085925700558
73063,0.8011500454778407
73064,0.0177959923735802
73065,0.0230473530355044
73066,0.0163732433341081
73067,0.9374009206074612
73068,0.0158998186042515
73069,0.030595532630531
73070,0.0198476071436615
73071,0.9180284586390896
73072,0.1019442983075182
73073,0.0207846733595722
73074,0.0159443553687552
73075,0.0224761523752191
73076,0.0174619902745096
73077,0.0168815376739815
73078,0.0157566441513456
73079,0.0194715407033007
73080,0.0189708663038905
73081,0.6290660092019089
73082,0.0750023440116347
73083,0.0173248745385072
73084,0.028315664191042
73085,0.0159331696717322
73086,0.0250247529913049
73087,0.0791160844837502
73088,0.0201300975957206
73089,0.0163665589174214
73090,0.089980278717614
73091,0.0169643512052873
73092,0.018729235817122
73093,0.1023646957095736
73094,0.9451823571545894
73095,0.0245239932272363
73096,0.021880544089598
73097,0.0690173879575322
73098,0.0176727816075897
73099,0.039077294195396
73100,0.0160645721900895
73101,0.0241714196387541
73102,0.2872886872162234
73103,0.0236274439515854
73104,0.0387322155795741
73105,0.0393194587694194
73106,0.0252931520576336
73107,0.934805370834849
73108,0.0188523727949494
73109,0.0172241261902746
73110,0.9348944448948048
73111,0.0179006130876039
73112,0.912418929084286
73113,0.0169383203992983
73114,0.0260793977775358
73115,0.9465273540916704
73116,0.0217509932901715
73117,0.015844508410571
73118,0.020987030963309
73119,0.0198446360058736
73120,0.0964328230853128
73121,0.017827360807517
73122,0.0198473150122933
73123,0.0161381123964842
73124,0.0189454303904323
73125,0.0242965842150782
73126,0.2820048345087355
73127,0.9255609215343388
73128,0.7922376582981381
73129,0.019821824992977
73130,0.9421439205608912
73131,0.0287309367322405
73132,0.0334036737168739
73133,0.9405307970899596
73134,0.0170699137617054
73135,0.017543162478918
73136,0.0183320881202086
73137,0.019423534912489
73138,0.9285065311037723
73139,0.0162399789862633
73140,0.0183026922237839
73141,0.0599629888180436
73142,0.0172352177851254
73143,0.0287160724711464
73144,0.018341918018919
73145,0.0266695968390586
73146,0.016730140399196
73147,0.0188009939414443
73148,0.0181942790164301
73149,0.0184211823515193
73150,0.0254208264601287
73151,0.0256279457539531
73152,0.01558993026603
73153,0.0862653968558447
73154,0.0214192786852747
73155,0.019182021581684
73156,0.0195773083073939
73157,0.0491046302796389
73158,0.0240374886528365
73159,0.0198533699549282
73160,0.0304418534013495
73161,0.0197192118556293
73162,0.0213915978634002
73163,0.053034172633918
73164,0.0177343814904177
73165,0.9441822026398288
73166,0.0222700344372996
73167,0.0180198005106343
73168,0.0246686888778565
73169,0.1093056209239729
73170,0.0165453951460519
73171,0.0170754846987428
73172,0.0287190642012183
73173,0.0207334147460125
73174,0.016878180444816
73175,0.0223488467153796
73176,0.0679906823197494
73177,0.0822347367485231
73178,0.0185057404496424
73179,0.0156848248475416
73180,0.0179178218454354
73181,0.0202601854232026
73182,0.0762997902745934
73183,0.0194112170784772
73184,0.016631571653332
73185,0.0301880342139101
73186,0.0309360036506045
73187,0.0347506961004557
73188,0.0249332339392885
73189,0.0735337420258594
73190,0.9361006565662248
73191,0.0263316476945946
73192,0.0766331726981034
73193,0.0200159148000274
73194,0.0178492970245863
73195,0.0157928335766646
73196,0.0157919571243201
73197,0.0379318500374945
73198,0.2175488395760241
73199,0.016174579319524
73200,0.0289934955239497
73201,0.0168665177256331
73202,0.027460885147438
73203,0.0171570611611258
73204,0.0189099489744366
73205,0.0178177333745164
73206,0.9471622675833976
73207,0.0364074653750786
73208,0.0174410656754677
73209,0.0240055549944029
73210,0.0157142291522769
73211,0.0166031468419423
73212,0.9426730930462266
73213,0.0173632081104894
73214,0.0191901411309125
73215,0.0839909534304243
73216,0.0556761590309827
73217,0.0278930611304026
73218,0.018581199553471
73219,0.0397702055331489
73220,0.0251182779896441
73221,0.0275632345878293
73222,0.0251420681132399
73223,0.0379906128812483
73224,0.0268086551960185
73225,0.0165570901787981
73226,0.94060188413407
73227,0.9203255679926424
73228,0.0159365569379861
73229,0.9422066266339212
73230,0.0318868994541078
73231,0.8778861709415436
73232,0.0195496264921583
73233,0.0175253930366556
73234,0.0326276768996289
73235,0.0249423346287175
73236,0.0381200567472675
73237,0.0206569820505177
73238,0.0171332559991696
73239,0.0190829143990391
73240,0.0186645888219382
73241,0.0221105035741603
73242,0.9412411387248972
73243,0.017608675427106
73244,0.0220018315839139
73245,0.0214611317244614
73246,0.0171343739810533
73247,0.0337390859480893
73248,0.0189972595118618
73249,0.0181966603719969
73250,0.0189523042382395
73251,0.0163570601875616
73252,0.0198640163802683
73253,0.0379246933520926
73254,0.0266624888898019
73255,0.0169925291376313
73256,0.0160073185432221
73257,0.9466033988228216
73258,0.0407290383876437
73259,0.1221820158087742
73260,0.9431735486360464
73261,0.025743976846411
73262,0.0177415601618188
73263,0.0233269582590386
73264,0.0179209455514097
73265,0.0169712200284138
73266,0.940608006402644
73267,0.0196816149946767
73268,0.0199954297241628
73269,0.5083775421533864
73270,0.0161551736624811
73271,0.0318071528357113
73272,0.0260254782382577
73273,0.0767812238764668
73274,0.0239499916077621
73275,0.0161271720794108
73276,0.0812895498676282
73277,0.0268874830084531
73278,0.146818029914261
73279,0.94154713713059
73280,0.0177892714885521
73281,0.0159099041723356
73282,0.041043838646599
73283,0.0179817697820406
73284,0.0183715574378502
73285,0.2514418607212873
73286,0.0225562430357021
73287,0.94450710295693
73288,0.0362363147731528
73289,0.0179221499116366
73290,0.1002847653020473
73291,0.9184360162829645
73292,0.0179651323592727
73293,0.5458255343330258
73294,0.0176237898847706
73295,0.0298259035625989
73296,0.2396690831131709
73297,0.0223401229934634
73298,0.0202341141150975
73299,0.0241988298347366
73300,0.0183852956401148
73301,0.0385224774278035
73302,0.0164966404382657
73303,0.0270313009949309
73304,0.0171252571121161
73305,0.018147144550987
73306,0.0161468094561004
73307,0.0536585101227418
73308,0.2826985072582967
73309,0.0191522339934666
73310,0.0360948725548123
73311,0.9361846049649484
73312,0.0430415145555052
73313,0.017362831600276
73314,0.0259170135648628
73315,0.9473044522905892
73316,0.0174680983914631
73317,0.0531724602564951
73318,0.0506649665257849
73319,0.1751685065590859
73320,0.0173800998234741
73321,0.942215852510364
73322,0.0166401003546348
73323,0.0191274469096227
73324,0.018356548068357
73325,0.0168195269267383
73326,0.0230072816841244
73327,0.0219794073088139
73328,0.017643614923411
73329,0.0160295818378669
73330,0.116056740803927
73331,0.0750096610691781
73332,0.0277594648766432
73333,0.9328641650957598
73334,0.0183312257090091
73335,0.0181960774837655
73336,0.0853785849380348
73337,0.0307543106791924
73338,0.0210288174037103
73339,0.0189741082492261
73340,0.0167506293437631
73341,0.0158584706313881
73342,0.0463092501192224
73343,0.5830296798144203
73344,0.2815919789753687
73345,0.071466850477866
73346,0.0160835841289579
73347,0.7113951561961633
73348,0.0197293052877896
73349,0.4112748174113155
73350,0.0201957727169355
73351,0.0239586712935173
73352,0.0179301909022031
73353,0.0380821472093226
73354,0.0336404051919718
73355,0.0255547015222471
73356,0.0484984542780619
73357,0.0292890712438945
73358,0.0338758700904505
73359,0.0168582747940214
73360,0.0561425827684973
73361,0.018617542233766
73362,0.0244907554698879
73363,0.6758883195666215
73364,0.0176019323344461
73365,0.0282043138014472
73366,0.0506880275499321
73367,0.0209758423661964
73368,0.0199849352459476
73369,0.0318656964488265
73370,0.0204732100625568
73371,0.0275437295070407
73372,0.0229873352202036
73373,0.018370883363331
73374,0.0710753827651962
73375,0.0484603968711068
73376,0.0299391166803162
73377,0.0158867874136004
73378,0.020980155788355
73379,0.0251112350876506
73380,0.0457503214077277
73381,0.0273678697229466
73382,0.9428835370410948
73383,0.0170618191710429
73384,0.0254231987723843
73385,0.0253329602488185
73386,0.1886758852678266
73387,0.1588968023708759
73388,0.0213541386347726
73389,0.0217189046748318
73390,0.0209337514493164
73391,0.0792636901223744
73392,0.0192942366906223
73393,0.0172939297557798
73394,0.0697204116907442
73395,0.0215270137183816
73396,0.0635073637922478
73397,0.0867614306135782
73398,0.0535095348821801
73399,0.0200947928119036
73400,0.0433455693779088
73401,0.0504341947785926
73402,0.0237887408521296
73403,0.0171179125648918
73404,0.0160285815562649
73405,0.0163929701909867
73406,0.0181958564528956
73407,0.942117314297073
73408,0.0415961879250822
73409,0.0185804370748613
73410,0.9197839088347196
73411,0.0237427418406551
73412,0.9280873898839528
73413,0.1002056945155167
73414,0.0919257760891468
73415,0.0647477367079634
73416,0.1246267829082052
73417,0.0288016260342768
73418,0.0184853609361912
73419,0.0169056099187534
73420,0.0384590695381538
73421,0.0204143668225949
73422,0.0164000962569299
73423,0.0701805382128073
73424,0.017234271901495
73425,0.0176515340173879
73426,0.0177978841852918
73427,0.0271941107328907
73428,0.9378289720846869
73429,0.0220279864118785
73430,0.0170905832428445
73431,0.1296813594355094
73432,0.3292814029910001
73433,0.0169956662115279
73434,0.0156065957413792
73435,0.0198702680109243
73436,0.023457273832557
73437,0.0177159877402253
73438,0.0262890318304472
73439,0.0177883524165893
73440,0.0165775238813977
73441,0.0530822771629696
73442,0.0205453040877246
73443,0.0244101117441673
73444,0.0186107993729954
73445,0.0232680002567697
73446,0.9425388555223044
73447,0.0170055832076573
73448,0.0174727438144274
73449,0.0204067989142453
73450,0.1643853913456193
73451,0.0166936331814618
73452,0.942587638317664
73453,0.9458776008481226
73454,0.1049377646876724
73455,0.0212524471218317
73456,0.0166110809384286
73457,0.0583276474358521
73458,0.0229812884291624
73459,0.9393093749759628
73460,0.0171903834004585
73461,0.0378949046628535
73462,0.0464642116398198
73463,0.0165944186689262
73464,0.0200980821287383
73465,0.0207042400365737
73466,0.0209390415482751
73467,0.0185248944795122
73468,0.0834785733361697
73469,0.0185169098334866
73470,0.0847181006451959
73471,0.031497481639792
73472,0.9433942902314002
73473,0.1760155717612121
73474,0.0274418572734827
73475,0.0167989484728084
73476,0.0169401006357444
73477,0.0228165033329429
73478,0.0201336479729055
73479,0.0193447227622124
73480,0.0159265354377319
73481,0.0220952864816078
73482,0.0165032154548745
73483,0.0196377120551666
73484,0.9361404058591526
73485,0.0423452494304966
73486,0.0609748170278987
73487,0.0350403372617744
73488,0.0208205876500395
73489,0.0201073742803382
73490,0.9426407278877484
73491,0.0184589570611963
73492,0.021485076801397
73493,0.0296300226094488
73494,0.8925997350748314
73495,0.0198671341454798
73496,0.2251137690557152
73497,0.0238957664905611
73498,0.0169949413409994
73499,0.0542009649151657
73500,0.0174014686994623
73501,0.0430793883210402
73502,0.0163775286279775
73503,0.0213791286623323
73504,0.0171125854135011
73505,0.0216197354031622
73506,0.0167956289571637
73507,0.0178009419071725
73508,0.9138094875559456
73509,0.0184931393413762
73510,0.0300944955013215
73511,0.0178384093425217
73512,0.0163729326714169
73513,0.0494880762486339
73514,0.0341179353267732
73515,0.93482536284265
73516,0.01673007662537
73517,0.0280985601612745
73518,0.9400979868814224
73519,0.0183518195909683
73520,0.0282183371730156
73521,0.0740767930581737
73522,0.0166586716716838
73523,0.0172386694742366
73524,0.0188562448854187
73525,0.0200032593402858
73526,0.0174543248120405
73527,0.0208765569509863
73528,0.0560206779384151
73529,0.0463413538266396
73530,0.9480113154347828
73531,0.0431284964047788
73532,0.0757698639815173
73533,0.0238322626212106
73534,0.0788753449884313
73535,0.0257087659774038
73536,0.0166669195229685
73537,0.1522597595033087
73538,0.0319902168997398
73539,0.0330993176014468
73540,0.947191319607906
73541,0.0168205282380994
73542,0.0435571127727853
73543,0.0159064900285374
73544,0.0262015923862656
73545,0.0163147828172561
73546,0.311691110998756
73547,0.9424262758744184
73548,0.0167410457297497
73549,0.0215342698155293
73550,0.0186260121803857
73551,0.0175306743875537
73552,0.0215808470657853
73553,0.0222847148670895
73554,0.0352134229624518
73555,0.0325403647906738
73556,0.2624593186689372
73557,0.0155806431719671
73558,0.0412533601754206
73559,0.9339756447094072
73560,0.4595183712537339
73561,0.0169589856431339
73562,0.0259130987443438
73563,0.0214794037898287
73564,0.9368714772445392
73565,0.019686092463575
73566,0.0262179341754109
73567,0.0240288435049846
73568,0.0214684369511726
73569,0.0170630727418451
73570,0.0596537208186185
73571,0.0306792025528872
73572,0.0160039377186653
73573,0.0392208012919022
73574,0.024193135527646
73575,0.0434588334927447
73576,0.0465882181786025
73577,0.0168901664419706
73578,0.1489745299846125
73579,0.0208922351392881
73580,0.021521634999599
73581,0.0425567823228336
73582,0.0291269296887303
73583,0.0250608820749925
73584,0.0219439481136811
73585,0.9331485941976252
73586,0.0169975419765717
73587,0.0279605260490792
73588,0.019592997753377
73589,0.0215921292730195
73590,0.0276628732442984
73591,0.0364906457311928
73592,0.0201136459432611
73593,0.9190886608286162
73594,0.0166353144707574
73595,0.071746460354853
73596,0.0231849469192342
73597,0.0233181574796692
73598,0.0165635551522221
73599,0.050111252161107
73600,0.0197239809525618
73601,0.0178309108064559
73602,0.0303100326059314
73603,0.0184659379651578
73604,0.9395914426347892
73605,0.0243953814294051
73606,0.1555183177407802
73607,0.0213308762018994
73608,0.0258400509416084
73609,0.8568380927568064
73610,0.0215600375484684
73611,0.204884878071873
73612,0.4736530459657306
73613,0.0175864630261286
73614,0.0164803453892454
73615,0.0159469605145107
73616,0.934147925855308
73617,0.1286823197300877
73618,0.0216789931186482
73619,0.0220492338471284
73620,0.0309716649428876
73621,0.9444627471957038
73622,0.0194095482491625
73623,0.0219605586114146
73624,0.0196516172131
73625,0.0204714579843858
73626,0.0187486866085287
73627,0.0175938954385052
73628,0.0340752419550754
73629,0.0199419407356565
73630,0.0205171016514028
73631,0.0212774183943912
73632,0.0156048973051766
73633,0.8952621821572325
73634,0.0265100804705854
73635,0.2041425919855844
73636,0.0178669718255774
73637,0.0399697583791492
73638,0.0208179408774631
73639,0.0558765972142868
73640,0.0628815057623114
73641,0.0182188300148551
73642,0.0244872263719459
73643,0.9004317660435108
73644,0.0245325924438476
73645,0.0733579972159007
73646,0.0961674396182632
73647,0.0741728341708062
73648,0.0352287248512564
73649,0.9223656631765124
73650,0.1507852548195308
73651,0.2970248021389369
73652,0.0188999101195124
73653,0.0744828941634535
73654,0.0180831681236335
73655,0.224746765846218
73656,0.0204901200786458
73657,0.8005532599219212
73658,0.019475551740388
73659,0.0180057533266625
73660,0.0387581795662195
73661,0.7267765004473482
73662,0.0211145392784802
73663,0.946568188766545
73664,0.0192733134906751
73665,0.0170642477305646
73666,0.016519394725386
73667,0.0529029742665725
73668,0.0174078660813634
73669,0.0273021581188845
73670,0.0180650373327231
73671,0.2527345787404574
73672,0.0205132209223382
73673,0.1022188628185902
73674,0.9444375212023036
73675,0.2796563145522026
73676,0.0217420969028969
73677,0.0172638990079764
73678,0.0218953077131547
73679,0.0767655700042659
73680,0.9466502213561871
73681,0.0252568908399868
73682,0.0315244782572107
73683,0.0271470579397831
73684,0.0159215587795533
73685,0.017998225341486
73686,0.9378635641064824
73687,0.0182556188606251
73688,0.0203045615775352
73689,0.0219139016959234
73690,0.0179935159839033
73691,0.0189009166371571
73692,0.0161653760050287
73693,0.018219607289849
73694,0.0629157617460246
73695,0.0206376235342921
73696,0.0191861964001357
73697,0.0589900964261659
73698,0.0982904641721692
73699,0.0199476944272483
73700,0.0193432543569881
73701,0.9399490208037324
73702,0.0180667248113777
73703,0.031049076042589
73704,0.0174991568057115
73705,0.0166402186812642
73706,0.0638346356063043
73707,0.0212083341049962
73708,0.0162220411907447
73709,0.0185357505155345
73710,0.0174775852019728
73711,0.039116082158386
73712,0.0160414608937763
73713,0.0205042725901278
73714,0.0226287096301807
73715,0.0175327077273602
73716,0.0237122590894783
73717,0.0181663265619187
73718,0.2200768398064726
73719,0.9029897993813945
73720,0.9348821259619184
73721,0.0190978348185735
73722,0.0255101862065425
73723,0.0177737398060883
73724,0.0164582321004193
73725,0.0320672132072568
73726,0.020619686969991
73727,0.0191098047463659
73728,0.0190820144016109
73729,0.030377976307421
73730,0.9391070966060048
73731,0.0162785897606209
73732,0.0198798188506709
73733,0.298253297310532
73734,0.0167701659033152
73735,0.0190530122893762
73736,0.9429797599698304
73737,0.026792122959809
73738,0.0163190144845106
73739,0.1028503380084062
73740,0.0197389442372166
73741,0.0208959652677898
73742,0.0897880084138443
73743,0.0231403378765868
73744,0.0197436039320915
73745,0.9405336182840492
73746,0.0165531972183632
73747,0.0217314980497225
73748,0.019901925556629
73749,0.6488232427462759
73750,0.0171636013166103
73751,0.9205467723409824
73752,0.017525232433169
73753,0.0177987171485359
73754,0.0204236721676449
73755,0.0176893800648628
73756,0.0182586891814436
73757,0.0596257105550733
73758,0.0222223265022244
73759,0.0177524490132857
73760,0.0172836198158375
73761,0.0340793343042868
73762,0.9299085966623016
73763,0.092733998933355
73764,0.032499932231888
73765,0.0307905895828377
73766,0.929162252418782
73767,0.6234201360797921
73768,0.0497788103533616
73769,0.9244292092219328
73770,0.9367311757714506
73771,0.0191248672040544
73772,0.0243678730495972
73773,0.016726091541569
73774,0.0189037437390854
73775,0.0305186293914615
73776,0.0178399595938511
73777,0.0200522585968157
73778,0.088367226841732
73779,0.0183547811962472
73780,0.0186590368341169
73781,0.9157986351189098
73782,0.0295095574124941
73783,0.019403649454032
73784,0.0243839482423289
73785,0.0231535298605594
73786,0.1746117445065661
73787,0.0176145513230367
73788,0.015690214283669
73789,0.0780053951792112
73790,0.0167494411647669
73791,0.8488136778679758
73792,0.945286482542568
73793,0.0170007017988403
73794,0.5485663730802833
73795,0.0391177274673191
73796,0.0378700351744084
73797,0.0255292769415418
73798,0.0434039850052999
73799,0.0161421314301201
73800,0.0165418726829909
73801,0.0189016976505603
73802,0.0214120124193848
73803,0.0231306617854717
73804,0.0157367963689517
73805,0.4663622018919506
73806,0.0415440484512739
73807,0.0174769424240957
73808,0.1173826164433183
73809,0.0169720560244291
73810,0.929466715513414
73811,0.0353431460622562
73812,0.5765821395766222
73813,0.0216343629475346
73814,0.0242849201031282
73815,0.2512822779237196
73816,0.0225471764882064
73817,0.0208957824045429
73818,0.1078481059585811
73819,0.0165244003088379
73820,0.0209217300544971
73821,0.1311280743540737
73822,0.0340209325332327
73823,0.0178631520282332
73824,0.0236975541424268
73825,0.0233188532754861
73826,0.0438574897589458
73827,0.0211558451878494
73828,0.036075095542484
73829,0.9386083210981232
73830,0.6418708877872982
73831,0.2893215894617441
73832,0.1236391635800868
73833,0.018790940806949
73834,0.8084850317806599
73835,0.0207210317803427
73836,0.0200334902227962
73837,0.0198135351280562
73838,0.9158817936371384
73839,0.0168445688783775
73840,0.0176839790433752
73841,0.3367974311500513
73842,0.9390170626100536
73843,0.0215418615933218
73844,0.0281328928638355
73845,0.0775822747677746
73846,0.0234480758293537
73847,0.0250019525816915
73848,0.0237651199343328
73849,0.0914245887520306
73850,0.0222506168570887
73851,0.023648310718237
73852,0.0186441142946286
73853,0.0170569941697812
73854,0.0392020810451442
73855,0.0215190710896058
73856,0.0174373669308023
73857,0.0565799768064063
73858,0.0240586383379543
73859,0.0164200556692152
73860,0.0172078276699405
73861,0.753012022907106
73862,0.0189621530644837
73863,0.0206736600674658
73864,0.0185122266745334
73865,0.016408585957057
73866,0.0165436935512294
73867,0.0171340305479557
73868,0.0171022994701919
73869,0.0164481537076189
73870,0.0250616854887652
73871,0.0194402773408692
73872,0.0194059146457142
73873,0.2206436256910069
73874,0.0162314733436556
73875,0.0170336764866267
73876,0.9383113462322874
73877,0.0381357974456649
73878,0.0174694902020104
73879,0.0184581730542325
73880,0.023449522872956
73881,0.0251481107425293
73882,0.2766799567844666
73883,0.0168974152487667
73884,0.0182989145432315
73885,0.019572901327583
73886,0.0168169500330073
73887,0.0274025812271792
73888,0.019793259148317
73889,0.0213631642557134
73890,0.026211194361284
73891,0.0185309200843787
73892,0.018777033630515
73893,0.0217410201893774
73894,0.0175805343563874
73895,0.0318971599525707
73896,0.0408805466355593
73897,0.0336340374124853
73898,0.0215995585912622
73899,0.0201307612027091
73900,0.9479146215404588
73901,0.0287797557196315
73902,0.0531684060439785
73903,0.1856801833864898
73904,0.9393507552403976
73905,0.0763349890869879
73906,0.0168688611875903
73907,0.0217600212818981
73908,0.3174866766830622
73909,0.0300194088561374
73910,0.2306059555802992
73911,0.0189311925340473
73912,0.018274229141982
73913,0.0713162764685108
73914,0.0172220764810249
73915,0.0181074150741938
73916,0.0381241691049054
73917,0.0203624552265466
73918,0.1927051154715694
73919,0.027215778987543
73920,0.02150269158463
73921,0.0236584380644081
73922,0.0178352868093187
73923,0.0159484907871634
73924,0.0286148472309644
73925,0.0162775789606026
73926,0.0172258214661896
73927,0.0414156493756457
73928,0.0417918314220013
73929,0.7624848019594708
73930,0.040075028881248
73931,0.6109482812317997
73932,0.0184737398061941
73933,0.0222891753953242
73934,0.020358944258668
73935,0.0167619265830035
73936,0.9117494840867484
73937,0.0207596068033865
73938,0.0159446239272324
73939,0.0212655746452317
73940,0.17072970791003
73941,0.3739820670604802
73942,0.0243373860015785
73943,0.1001936525131902
73944,0.0172216866221413
73945,0.0278533066908231
73946,0.939618737155908
73947,0.0222271733047475
73948,0.9352616076861406
73949,0.052256092491187
73950,0.943575991982234
73951,0.1599389381268843
73952,0.0168919015914295
73953,0.0270490094032636
73954,0.9461019878074398
73955,0.0167688445304389
73956,0.0284618014423256
73957,0.016790296534225
73958,0.0384828886864948
73959,0.0210462690304759
73960,0.0313879683790672
73961,0.0173580768585739
73962,0.0237094915136764
73963,0.9361372530440196
73964,0.020644350483646
73965,0.0280247741659326
73966,0.0675779204326769
73967,0.0195374178867432
73968,0.0232181994167547
73969,0.0166933380891885
73970,0.016060422371654
73971,0.021345261439201
73972,0.9422466296329076
73973,0.0211968362030747
73974,0.0158824604195579
73975,0.0216357840052206
73976,0.0337695654594192
73977,0.0250081613288176
73978,0.018192341866786
73979,0.0347048412914865
73980,0.020087599684079
73981,0.023700034455653
73982,0.031723555636627
73983,0.8067077117396443
73984,0.017477321660189
73985,0.020185134447325
73986,0.0175214598273257
73987,0.0273466762476129
73988,0.0248916118669915
73989,0.0556586312631764
73990,0.0200076187544878
73991,0.0218355876519916
73992,0.0197939725560449
73993,0.1686999894357725
73994,0.0620872199000939
73995,0.1993618721670638
73996,0.9337490077709912
73997,0.0220228344503688
73998,0.0350114810615795
73999,0.2145534235412193
74000,0.7021513637896146
74001,0.0164840517888068
74002,0.020027147427452
74003,0.0202106937223158
74004,0.0279789172697004
74005,0.0226779452320448
74006,0.0197826046592386
74007,0.0695416864418468
74008,0.0634511056677897
74009,0.0161636641599327
74010,0.0371446784790958
74011,0.0216305938514888
74012,0.0324820716534772
74013,0.1152824839244619
74014,0.0214032408622751
74015,0.0192850219891181
74016,0.0234901986216307
74017,0.0219079943514509
74018,0.0219690128409224
74019,0.9254686826605938
74020,0.0216737786258969
74021,0.030589017772564
74022,0.0159434303664687
74023,0.0507441814598199
74024,0.0276684421182502
74025,0.0798919928433678
74026,0.0174047284832219
74027,0.0193903489174458
74028,0.0198932240185428
74029,0.0196257389471898
74030,0.0172238057922104
74031,0.0170735088056309
74032,0.0296380965429307
74033,0.0563858675110598
74034,0.018415125303874
74035,0.0178485361686541
74036,0.0173879236458861
74037,0.0939079616855418
74038,0.0934137195914007
74039,0.0219409345491606
74040,0.0162220277667144
74041,0.0273011820781851
74042,0.0496432230788082
74043,0.0957574774988264
74044,0.0315974213712051
74045,0.0255984597593253
74046,0.920120480068759
74047,0.0374385725739951
74048,0.1233209164484131
74049,0.0196215245626716
74050,0.0184002665017292
74051,0.0165126021186254
74052,0.1880154114893897
74053,0.0641779589109342
74054,0.0495338261932501
74055,0.0230734752102917
74056,0.0208321443537459
74057,0.0899164102582262
74058,0.0159183777154769
74059,0.0207715884617984
74060,0.0214010913544924
74061,0.2118696251294406
74062,0.019576290939997
74063,0.0207381549818871
74064,0.0464839427697175
74065,0.0164243079945002
74066,0.016008569887246
74067,0.0283706675420829
74068,0.0204646988611194
74069,0.0618302114675124
74070,0.0322822082255806
74071,0.0594143970527005
74072,0.0174962707938204
74073,0.9429448060129426
74074,0.3344171804686601
74075,0.0668141627288557
74076,0.0157995045098399
74077,0.0232723163116254
74078,0.0248378535394626
74079,0.4893279346954874
74080,0.0203502722658497
74081,0.0178244313455903
74082,0.0292512542498142
74083,0.0168831780603884
74084,0.0295296893346171
74085,0.0234578748430184
74086,0.0173020137018396
74087,0.0289672491779876
74088,0.9354276857109372
74089,0.0441842947141488
74090,0.0202065295317193
74091,0.0224046494900698
74092,0.0176530816885318
74093,0.1990941648888499
74094,0.0211647085058623
74095,0.0188531122383225
74096,0.0171394320001468
74097,0.5149176040465298
74098,0.0484147297201739
74099,0.0265276402790548
74100,0.8467009424489145
74101,0.0202376104731523
74102,0.1151890197999918
74103,0.0175473027998933
74104,0.0840404668927074
74105,0.083829744948736
74106,0.0589819856532903
74107,0.018186609821723
74108,0.0168799357051823
74109,0.0162902236269048
74110,0.0204454533591535
74111,0.0192935261823984
74112,0.0203337168400668
74113,0.5612441376965394
74114,0.0161748587840702
74115,0.035068228319055
74116,0.0367640511750955
74117,0.9359519106638527
74118,0.1199176543720207
74119,0.022260929524097
74120,0.01958653308068
74121,0.0258888481813106
74122,0.0185300256267539
74123,0.0269514939021451
74124,0.0159651741769284
74125,0.0174917550671237
74126,0.0195155108319158
74127,0.9362855618077288
74128,0.016150318834069
74129,0.0197420370271537
74130,0.939793853858593
74131,0.0617495772549758
74132,0.0159685509030487
74133,0.0232601569995728
74134,0.0215470521466854
74135,0.0173834076438827
74136,0.0201320010314483
74137,0.0162786189887413
74138,0.3858615323495193
74139,0.0251182180115784
74140,0.0330489896799423
74141,0.0475796983288438
74142,0.0157944396064358
74143,0.0163501744610188
74144,0.943019421343838
74145,0.0173802349390969
74146,0.0300082158499053
74147,0.0196197194973153
74148,0.1929219614691129
74149,0.1512923012944324
74150,0.0208351950687491
74151,0.0721763958789837
74152,0.0799821429116418
74153,0.0200523574709717
74154,0.031274379691433
74155,0.5402814598287194
74156,0.0165524370623466
74157,0.031669756413261
74158,0.0164043413237495
74159,0.2985916834280363
74160,0.4568596409590063
74161,0.0254057590416458
74162,0.0179854674889904
74163,0.0164204762413809
74164,0.018271346751661
74165,0.0161239094790932
74166,0.0245673500814099
74167,0.0457215334893552
74168,0.0174943144659931
74169,0.026622752777393
74170,0.0158406766603932
74171,0.0163387945326774
74172,0.0233545624824551
74173,0.2893694670319159
74174,0.9467428915689176
74175,0.0650953944961559
74176,0.9395193109301726
74177,0.0924477321773392
74178,0.0229641853015464
74179,0.0276822563543158
74180,0.5863416741739554
74181,0.0224190169834481
74182,0.0502267079695691
74183,0.0208290463467841
74184,0.9253222702091092
74185,0.9412180851174898
74186,0.0704618935696986
74187,0.017521232760859
74188,0.0397580540961888
74189,0.0255049962663066
74190,0.9281953574470552
74191,0.944298415349445
74192,0.016290958229629
74193,0.0158393972387472
74194,0.0188206549772929
74195,0.0188616032691824
74196,0.0191955056556856
74197,0.017041760029206
74198,0.0188641714152939
74199,0.127381368890164
74200,0.1340660093556564
74201,0.0167421896249752
74202,0.1879578256850105
74203,0.4381146012110413
74204,0.0273135807998097
74205,0.2894060287630617
74206,0.1022337717939959
74207,0.0223573537649433
74208,0.0191219480664089
74209,0.0161967999477076
74210,0.0371030419703479
74211,0.947018926769154
74212,0.0210097621959793
74213,0.163957217599535
74214,0.0320046487021465
74215,0.0154991137760156
74216,0.0185114668311861
74217,0.1206811203414631
74218,0.0155801642695024
74219,0.0275019428499527
74220,0.0177044755846673
74221,0.0159768357714756
74222,0.0863890403045012
74223,0.0168769611608453
74224,0.0158896647340232
74225,0.9397415962178576
74226,0.1166269440507132
74227,0.0159822986394935
74228,0.0860263274504854
74229,0.028865111895794
74230,0.0206196629688549
74231,0.8518532135805363
74232,0.017834708878992
74233,0.9422635675424108
74234,0.0185669971214346
74235,0.0171304374765579
74236,0.019461622415832
74237,0.8479715014534331
74238,0.0170941517563584
74239,0.0268232130403667
74240,0.2909023345744155
74241,0.0217219080132735
74242,0.9383558626871522
74243,0.0173338608792813
74244,0.3806186271103956
74245,0.0172350444267189
74246,0.0671378206011325
74247,0.2210675312856554
74248,0.9430481779922524
74249,0.0291470008337061
74250,0.0157193194916834
74251,0.2251442234448701
74252,0.0169899866195386
74253,0.0189795689304109
74254,0.0690907466151507
74255,0.0173509765391802
74256,0.2937107661676474
74257,0.0207677936592306
74258,0.0266805390734162
74259,0.4662674870005955
74260,0.0189446097972581
74261,0.1784050987711866
74262,0.0243055477465396
74263,0.0197940330415547
74264,0.0168310490260294
74265,0.9485715616495732
74266,0.0196857290979364
74267,0.9036039002818504
74268,0.0569895050616228
74269,0.0208424499378033
74270,0.9351711718692788
74271,0.0367292359457233
74272,0.0284296838221044
74273,0.0253109918391306
74274,0.01680040254646
74275,0.0167146775713029
74276,0.0200679746889106
74277,0.030786391174503
74278,0.0257327251295158
74279,0.0287500462981683
74280,0.2142948838508549
74281,0.018190406600275
74282,0.0163788246579176
74283,0.0157641060075635
74284,0.0158442360608952
74285,0.0298267311239677
74286,0.0179699574043284
74287,0.0178243396130547
74288,0.236412509517074
74289,0.1120048084870363
74290,0.0186381700124206
74291,0.0245246351143348
74292,0.0196354876539848
74293,0.02303804685244
74294,0.0170837072535446
74295,0.0167970519086692
74296,0.0642172870103807
74297,0.0278704107909159
74298,0.4548556029034534
74299,0.0156270364182829
74300,0.0411306238551276
74301,0.8472601755419773
74302,0.0321844544011102
74303,0.0434250788926136
74304,0.0413326776509859
74305,0.0175134991284198
74306,0.0158192866217628
74307,0.9466115594707336
74308,0.0165446332198643
74309,0.1226156693794442
74310,0.0181446653665284
74311,0.0173239760086855
74312,0.1251090111083348
74313,0.0255953191495637
74314,0.9405390045938258
74315,0.9468766942676868
74316,0.0243493746340997
74317,0.9083267569980856
74318,0.0171959610458342
74319,0.0159132387313857
74320,0.035662381544868
74321,0.020774306328878
74322,0.0227498108335553
74323,0.023042037551767
74324,0.111582828068904
74325,0.0214964031584047
74326,0.0308356279126847
74327,0.0330276230347766
74328,0.0760982799070269
74329,0.1118684552641721
74330,0.1683440127515141
74331,0.9318707840178588
74332,0.9413923777918104
74333,0.0220560063990409
74334,0.0855970856260623
74335,0.0174235735713786
74336,0.0281692849698087
74337,0.0163180834806167
74338,0.1295584710595304
74339,0.0451465909621237
74340,0.0169811195159847
74341,0.1878165027961716
74342,0.1567362751471311
74343,0.0262352863609572
74344,0.0219726444646224
74345,0.0197574930772673
74346,0.1316466838194472
74347,0.0302804667423373
74348,0.1070908636742776
74349,0.0198432739010292
74350,0.0177138735453681
74351,0.0159166267116922
74352,0.043071080963628
74353,0.0169772214602024
74354,0.0170304918167685
74355,0.9393515165257712
74356,0.0188508244342973
74357,0.0174547220079404
74358,0.0202962195140635
74359,0.0191187103533646
74360,0.047470889015355
74361,0.0166364774919708
74362,0.1238785574151703
74363,0.024565209750066
74364,0.07720024466222
74365,0.1616407416563628
74366,0.0412916080605587
74367,0.0434027065803767
74368,0.9366518967549546
74369,0.9402466119843432
74370,0.016308357176711
74371,0.0161832174485784
74372,0.0183084732064017
74373,0.048296790932189
74374,0.0200916443691677
74375,0.9473643816852528
74376,0.0189499616221598
74377,0.0186841275581281
74378,0.0315314125519607
74379,0.0595134850389328
74380,0.9368139970456174
74381,0.9309851833324678
74382,0.0165765352154436
74383,0.0304419914996584
74384,0.0167781955243557
74385,0.0282241759587529
74386,0.0181713014967056
74387,0.029562235941572
74388,0.0199220367812203
74389,0.0163735038296531
74390,0.0176154615616238
74391,0.0289152004832326
74392,0.0160575039995363
74393,0.0231168334624811
74394,0.1342054679742787
74395,0.1274757947658616
74396,0.0200423650991476
74397,0.0186531369698865
74398,0.0198373038865263
74399,0.0171606074657675
74400,0.1246477188846022
74401,0.0180806027993357
74402,0.0406634305411638
74403,0.0194670218254796
74404,0.0177349044131414
74405,0.0274444749786545
74406,0.9063920051075368
74407,0.0465586968718464
74408,0.9130174449755946
74409,0.0240833130681157
74410,0.0173947414514097
74411,0.166930871882265
74412,0.0168916230380843
74413,0.0239909908289238
74414,0.1059015288610497
74415,0.0468239620416822
74416,0.0158857485907627
74417,0.8269873439798201
74418,0.9399297167183044
74419,0.0211652367426401
74420,0.9440517631713048
74421,0.0174993449554102
74422,0.0173917023694699
74423,0.0258037401981888
74424,0.0206525659685438
74425,0.2192694489535567
74426,0.1340383892302884
74427,0.0182837755890934
74428,0.0203946982766662
74429,0.0349509646341293
74430,0.0174798062194797
74431,0.0623316523325396
74432,0.023358142208066
74433,0.0169363255635904
74434,0.267651019821863
74435,0.023496644616864
74436,0.0785223450270163
74437,0.0157464926843217
74438,0.0403656940150551
74439,0.0191681759000977
74440,0.0183686880201733
74441,0.1005503690196748
74442,0.0775055934516638
74443,0.0213229814016829
74444,0.0281735573268007
74445,0.0164222520643692
74446,0.0458804723741451
74447,0.017625151193449
74448,0.0295419270748385
74449,0.8874784672431687
74450,0.0167560079838608
74451,0.0502667162156975
74452,0.03017918822007
74453,0.9301444171691484
74454,0.0241527640688478
74455,0.0179760356417085
74456,0.083343016088625
74457,0.9431060152035348
74458,0.0389620213725652
74459,0.0641979349212317
74460,0.0165991535070645
74461,0.1396526375355274
74462,0.017009903913499
74463,0.0201271462853683
74464,0.0163615459618847
74465,0.0433515216956067
74466,0.9372801491720274
74467,0.016309784459986
74468,0.0197333083627907
74469,0.0244074191889346
74470,0.8708522608273521
74471,0.0270874384293097
74472,0.0167123731174903
74473,0.3918377624729185
74474,0.0229196446262051
74475,0.0312176273288323
74476,0.0217419298826127
74477,0.0621585937841683
74478,0.0309637701496286
74479,0.019151333143253
74480,0.0183265798723463
74481,0.0455057441116842
74482,0.0162816539260814
74483,0.0260443373444691
74484,0.0183961586566951
74485,0.032474815833494
74486,0.0214774998011526
74487,0.0312720294662972
74488,0.0208032369094998
74489,0.0185520373590638
74490,0.0167756407864133
74491,0.0355570848354334
74492,0.041516637127063
74493,0.9411010483147356
74494,0.0164092516837643
74495,0.0186600348421741
74496,0.0169690150940177
74497,0.0334990361980622
74498,0.0184222731884809
74499,0.0181146596763822
74500,0.034991501410689
74501,0.0461401329043902
74502,0.938086691647084
74503,0.9277679418509232
74504,0.3303009373410824
74505,0.0226794395472402
74506,0.0343933154327251
74507,0.0209865065951239
74508,0.0225541034503234
74509,0.031660843937596
74510,0.017778650980187
74511,0.0165716766042388
74512,0.0176384707796699
74513,0.049601993430568
74514,0.0165626135942182
74515,0.8081524959192912
74516,0.045243465546969
74517,0.0198739041207702
74518,0.7484153324665216
74519,0.3250971468649892
74520,0.0202971184332342
74521,0.0221686717562301
74522,0.1083769114878151
74523,0.0744386343337074
74524,0.0195052572251403
74525,0.0242204920919574
74526,0.0176222974395328
74527,0.0265293511024998
74528,0.019645349341668
74529,0.0204698865166902
74530,0.1880395177965098
74531,0.0169189100376067
74532,0.0159695625211364
74533,0.8969409051316075
74534,0.2749929233142781
74535,0.0215492179806904
74536,0.1086673801997408
74537,0.0277205833600444
74538,0.1206396297598744
74539,0.0193175605168606
74540,0.0189670245822212
74541,0.022105648385435
74542,0.0286785748834058
74543,0.2348569885167433
74544,0.0172220866254874
74545,0.0174415977182758
74546,0.0196622308443903
74547,0.052716708295669
74548,0.0258907268355851
74549,0.0155501299256757
74550,0.0360080526452182
74551,0.0312636438143054
74552,0.0249186838251545
74553,0.8550300768004732
74554,0.0186251337787553
74555,0.0159611171335161
74556,0.0235469459160993
74557,0.9010596938127554
74558,0.0980294979570097
74559,0.017719056218103
74560,0.0182868875801884
74561,0.0193430587501104
74562,0.9370444737755852
74563,0.0432646869567336
74564,0.1025081074529657
74565,0.0178746984979
74566,0.0185594057977094
74567,0.0193308366252463
74568,0.0206976040180602
74569,0.0325542434652955
74570,0.0915698354902064
74571,0.0181537079405265
74572,0.9248687235451905
74573,0.0436027251880663
74574,0.0301673374397596
74575,0.4685787637764976
74576,0.0162948900677012
74577,0.0481864268097098
74578,0.9402979734909228
74579,0.0538999855591491
74580,0.0220082095299456
74581,0.0281428830930516
74582,0.9294151268836444
74583,0.0195376561061949
74584,0.0176354095397007
74585,0.020926413274679
74586,0.0270239394721793
74587,0.0226713351576925
74588,0.1285731097749328
74589,0.0201057172634694
74590,0.9468429894126074
74591,0.01774572974223
74592,0.0214872237776666
74593,0.0340837613561749
74594,0.0167321635635338
74595,0.9423863095194398
74596,0.0308975432661126
74597,0.0418040440033209
74598,0.0189057288387412
74599,0.0612244323780615
74600,0.0200518636997465
74601,0.018790300119178
74602,0.9473974510373724
74603,0.0351771513892787
74604,0.0159607237362876
74605,0.0176855396553252
74606,0.0206740010134981
74607,0.0180984953757496
74608,0.0175377895974907
74609,0.0166632527579747
74610,0.0183783425751771
74611,0.9247392433376324
74612,0.0189674607716042
74613,0.0570958906926003
74614,0.019664678372079
74615,0.909012654843376
74616,0.0200233128900207
74617,0.7323163472520008
74618,0.0187102581403089
74619,0.022059128843762
74620,0.0187828302584321
74621,0.0299638854985465
74622,0.0240620915078137
74623,0.9051897086311286
74624,0.0184972225131619
74625,0.1376891751846921
74626,0.0332977821589092
74627,0.0170430494464431
74628,0.0368330598435335
74629,0.0162376536840496
74630,0.0267706202094911
74631,0.0711426561950741
74632,0.0581327849890479
74633,0.0219498057047645
74634,0.0226671084129641
74635,0.0279332178230696
74636,0.0208411078767229
74637,0.0368316056262208
74638,0.0163182926773025
74639,0.0218987076324842
74640,0.9471794405866902
74641,0.0260458320441652
74642,0.0307566471361317
74643,0.0170440301061189
74644,0.0619864436461381
74645,0.0184037549172951
74646,0.4996372928985989
74647,0.0612043160618308
74648,0.027549357286385
74649,0.9179191086565696
74650,0.01702292760058
74651,0.0232605520922394
74652,0.0328345553483729
74653,0.0232301748216446
74654,0.0227602599435861
74655,0.095366779275479
74656,0.0228421684032857
74657,0.0180616274011188
74658,0.0190331869611601
74659,0.1630657418063034
74660,0.0329314884540467
74661,0.0181795609759586
74662,0.1608169859437765
74663,0.0444528295834532
74664,0.0408235625301707
74665,0.0159689805747738
74666,0.0200941329174161
74667,0.0219271914698879
74668,0.0271086324869164
74669,0.0263621992323061
74670,0.0155875620982931
74671,0.0261283292498788
74672,0.0494904928622083
74673,0.0290842622712459
74674,0.1476778474260044
74675,0.0272741230896013
74676,0.0308583792759899
74677,0.0283828781893188
74678,0.0472890236836467
74679,0.017239243329752
74680,0.0191900902882133
74681,0.0550076737702292
74682,0.9418915163913568
74683,0.0169143091001391
74684,0.0421018280351072
74685,0.0163097076023088
74686,0.016532754031003
74687,0.124245059261779
74688,0.8878374282123422
74689,0.0171142706630869
74690,0.0246604905700023
74691,0.2626154835521154
74692,0.0905919545995999
74693,0.0210948499873716
74694,0.5641454004020799
74695,0.0172157568230327
74696,0.0179987903199052
74697,0.1343091595688237
74698,0.0257728045662222
74699,0.0349140879786753
74700,0.0165765215474593
74701,0.0418675356660622
74702,0.0223751021858587
74703,0.0167517496357469
74704,0.0169555954106424
74705,0.0167174356354334
74706,0.0219246994601833
74707,0.0171357199942079
74708,0.941237171557446
74709,0.0173120729235842
74710,0.1176849330993554
74711,0.0232494883513388
74712,0.0430795219485956
74713,0.0223980673913025
74714,0.0172749090049749
74715,0.0160902124177191
74716,0.089256749708887
74717,0.0222121551028016
74718,0.0323755726337909
74719,0.1277421226111533
74720,0.021172463794948
74721,0.0159052569560141
74722,0.0212855747559063
74723,0.0262351778680862
74724,0.2630775146938551
74725,0.1351907358118083
74726,0.019526749077814
74727,0.0228572420775448
74728,0.0204977106441279
74729,0.0206755475366789
74730,0.0739006240413489
74731,0.0705062255896937
74732,0.9301288521167028
74733,0.0172517491678724
74734,0.0170096395652898
74735,0.4886428517036691
74736,0.0171166474959762
74737,0.0168859626713779
74738,0.0171703098692071
74739,0.0923501049022378
74740,0.0242127191414009
74741,0.9227680340618672
74742,0.0158775130299732
74743,0.0182153562116933
74744,0.0234179964930416
74745,0.0213975912258751
74746,0.0437370127709669
74747,0.0167566443246716
74748,0.0275036320818679
74749,0.0197584191209683
74750,0.0165949582291139
74751,0.9219858079145408
74752,0.0279546768146313
74753,0.0230714879569558
74754,0.0170941818877349
74755,0.0814691885589129
74756,0.0174261347259875
74757,0.0160847985738269
74758,0.1753884203732296
74759,0.0297937545172522
74760,0.016684156046889
74761,0.0473338318913517
74762,0.0352411747130121
74763,0.0179432621152966
74764,0.017249049558882
74765,0.0184954710854362
74766,0.1141036074343194
74767,0.0203109313886896
74768,0.0529010794237608
74769,0.0167801918563244
74770,0.0211018638698938
74771,0.0856149276328443
74772,0.0172284017180288
74773,0.0441647409104219
74774,0.5592958404970951
74775,0.0296156822119238
74776,0.0191358357740867
74777,0.0186772397295297
74778,0.0282528688166391
74779,0.0386010017586525
74780,0.0176118195907047
74781,0.0309970478908748
74782,0.0271745855663464
74783,0.9446734704317732
74784,0.0437334297297167
74785,0.1013179996316841
74786,0.9354558788237288
74787,0.0176259740085007
74788,0.0165412872498568
74789,0.0626415937997477
74790,0.0190526988624944
74791,0.0173906298666311
74792,0.0178243409933962
74793,0.9453282756759908
74794,0.0256694709228738
74795,0.0488842835155836
74796,0.0372652216113561
74797,0.9380799527806722
74798,0.0247994419680027
74799,0.0302248243805325
74800,0.0202200926300253
74801,0.1667407198040636
74802,0.1978898859499655
74803,0.0292531699505019
74804,0.0439414148332268
74805,0.0187156865327858
74806,0.0185483292644077
74807,0.0223002158014401
74808,0.0175841375168268
74809,0.0576331558193682
74810,0.0194157942895767
74811,0.0359583279227365
74812,0.017545834704735
74813,0.0186794319505754
74814,0.0212628628517991
74815,0.0316102483876712
74816,0.0180644971806489
74817,0.0173597120002354
74818,0.0430416191733992
74819,0.0173456345166019
74820,0.0333306211273349
74821,0.2057140248288788
74822,0.0372735805070903
74823,0.0195205356296397
74824,0.0162878445027192
74825,0.0236027237345308
74826,0.03920093438857
74827,0.0221381497447221
74828,0.1192069842679538
74829,0.0189566827096125
74830,0.0321869980816525
74831,0.0170680388414551
74832,0.0204589744919408
74833,0.0177440913151618
74834,0.016734006307092
74835,0.0162039803883787
74836,0.8827325923713168
74837,0.9364147380015648
74838,0.0681507019610353
74839,0.0265041009424763
74840,0.0196037872816091
74841,0.0175425470390041
74842,0.0178014845615302
74843,0.0299321207116147
74844,0.023490941574202
74845,0.0165474608471217
74846,0.0168639688776081
74847,0.0342447713739459
74848,0.0248117156256194
74849,0.0223109248086493
74850,0.0213356811197159
74851,0.0555108194879862
74852,0.2157916501234134
74853,0.018435386219554
74854,0.0201569249076728
74855,0.0179472627521693
74856,0.0158004582730225
74857,0.0183200972879565
74858,0.0191539511177256
74859,0.0204183527608447
74860,0.07386113303531
74861,0.0323087386417367
74862,0.0202166432422891
74863,0.9445355658192311
74864,0.3780690917805386
74865,0.0164627403992648
74866,0.0406412069156631
74867,0.0263283227837059
74868,0.0455663614139063
74869,0.0997073738714556
74870,0.018101700933699
74871,0.0160046617769008
74872,0.0200086360812799
74873,0.0156964731006438
74874,0.0166088403252198
74875,0.0216195631629864
74876,0.023973621356355
74877,0.044387265919883
74878,0.0179290171226278
74879,0.0204195398245881
74880,0.0164316939847044
74881,0.9075669964239016
74882,0.0190889771647816
74883,0.0177812640560897
74884,0.0204822243848984
74885,0.0189332556489629
74886,0.0239492766075128
74887,0.0168863991696983
74888,0.0171819740087394
74889,0.1594741518790132
74890,0.0473378833360376
74891,0.0757940655382462
74892,0.1005557476933649
74893,0.0281754064271049
74894,0.0657234130624333
74895,0.0183541752897969
74896,0.0251614408902833
74897,0.018528460142598
74898,0.0902459405738053
74899,0.0258259678074984
74900,0.0317357451979556
74901,0.0205367292609842
74902,0.0169934637247661
74903,0.0461690868690889
74904,0.0287054511527415
74905,0.0166042474057076
74906,0.0164668241632399
74907,0.0365774289775082
74908,0.0294563756884741
74909,0.9152773180046172
74910,0.0174896595539363
74911,0.0175777016048526
74912,0.4804357779847431
74913,0.0207976742167417
74914,0.9315227278276556
74915,0.0171166333923017
74916,0.0414468166826814
74917,0.2745604460998104
74918,0.020003212756108
74919,0.0196197502511545
74920,0.9181493025401108
74921,0.0982438692965664
74922,0.050205301973652
74923,0.0172933162477926
74924,0.0418825511479385
74925,0.0271547659015349
74926,0.9463097590191992
74927,0.0319546498352396
74928,0.1262337947654513
74929,0.0191944376743011
74930,0.0171084915135778
74931,0.4359895380924917
74932,0.0161933331887977
74933,0.0237244763111981
74934,0.0213375896351963
74935,0.9398446545220274
74936,0.9256522507741644
74937,0.14666532034473
74938,0.0163525765817502
74939,0.021124823223819
74940,0.0189237823674932
74941,0.0685636490051625
74942,0.0157889760678001
74943,0.0218907683782252
74944,0.0451325763547869
74945,0.0170720859593546
74946,0.0165910363293307
74947,0.0199133184602717
74948,0.0711834295346331
74949,0.0217887495242437
74950,0.047900459982943
74951,0.0723726452383052
74952,0.6926914662254346
74953,0.017812951918648
74954,0.0167691430795035
74955,0.948715887837531
74956,0.0419818853851888
74957,0.9415688126668782
74958,0.017440320794367
74959,0.0767123166478669
74960,0.0176816596656716
74961,0.0185797365749937
74962,0.0214035787169877
74963,0.0235894124732701
74964,0.0728942085719719
74965,0.0278156682424316
74966,0.01585936089195
74967,0.0184560658606662
74968,0.0273921388263714
74969,0.0201873423055473
74970,0.0194743703631336
74971,0.0186015009429082
74972,0.0167496782681335
74973,0.11936122662631
74974,0.0643268829264794
74975,0.0177349169115104
74976,0.0402508363869054
74977,0.0180495032286893
74978,0.0169614555122372
74979,0.0240995718018734
74980,0.0224905726470812
74981,0.0180275620329777
74982,0.0779827717289434
74983,0.0162136357633995
74984,0.0181393256189981
74985,0.1665483790882796
74986,0.0162814995818127
74987,0.9439901412684556
74988,0.0182704201453441
74989,0.0300671472570579
74990,0.0173990761373315
74991,0.0166462896693779
74992,0.2551272452956806
74993,0.887856116747875
74994,0.0172803328150146
74995,0.0339596695614008
74996,0.0239855074336329
74997,0.0178420617005231
74998,0.942540997385704
74999,0.0279549787944892
75000,0.0306760678524834
75001,0.0258658562413801
75002,0.0893562635366179
75003,0.0261976272342401
75004,0.0232858964401717
75005,0.0194196924879953
75006,0.0283074081120485
75007,0.0187862706451144
75008,0.0180463050393695
75009,0.624046214263986
75010,0.1353537584284421
75011,0.028586527375805
75012,0.0182034274367526
75013,0.0228562191833655
75014,0.0165598916258004
75015,0.141506080409494
75016,0.0165761605763843
75017,0.0893440630343336
75018,0.0156218823486389
75019,0.4238852550379848
75020,0.0188757720148248
75021,0.0218748359280093
75022,0.0377095210915264
75023,0.0176036304137604
75024,0.0272808646697549
75025,0.0194058200621647
75026,0.9329143445752353
75027,0.0192301353682685
75028,0.0217964476036265
75029,0.7710425503443189
75030,0.0161803324204328
75031,0.0171423048230855
75032,0.9400928505018942
75033,0.05694871777975
75034,0.016008446029926
75035,0.0188531869953343
75036,0.0489996114623113
75037,0.0667869595138332
75038,0.0199332188326617
75039,0.0161661982776279
75040,0.021739314827368
75041,0.020079964273224
75042,0.083580625083339
75043,0.0690934859829087
75044,0.0160719526477103
75045,0.023651299086285
75046,0.0162796410192146
75047,0.0192227371826044
75048,0.9267083701090132
75049,0.0159111274106331
75050,0.0193674335463264
75051,0.0648151700632153
75052,0.0197720455722645
75053,0.0479736749348585
75054,0.1888397353468138
75055,0.0279613986597338
75056,0.0165841595653088
75057,0.0166089057701948
75058,0.016958251164473
75059,0.0167854404934248
75060,0.943115381879734
75061,0.0215271366929587
75062,0.914673715442886
75063,0.0364294929346397
75064,0.1547088219961462
75065,0.015678221666201
75066,0.0162545868272238
75067,0.0277645622977353
75068,0.0668518517515383
75069,0.0158645115012029
75070,0.0224821315413891
75071,0.0193267218697507
75072,0.3430964322105348
75073,0.947633505118952
75074,0.1932882405337663
75075,0.0545232598941574
75076,0.020090130701642
75077,0.9067110351738388
75078,0.0466463989137555
75079,0.0169884718302157
75080,0.0308959648000857
75081,0.0184644245643007
75082,0.0346611211448133
75083,0.0179038015822973
75084,0.0170956661324964
75085,0.0175717928457325
75086,0.0220904148668959
75087,0.0913884393859811
75088,0.0371164324555404
75089,0.9457946193189226
75090,0.0212718547634528
75091,0.0800863238434649
75092,0.0180924261988939
75093,0.0311070080670792
75094,0.0175199692976697
75095,0.0183969135295101
75096,0.0175863718767433
75097,0.0489546313812371
75098,0.0186274000748228
75099,0.0325063751208007
75100,0.0341388970944062
75101,0.0451425156938559
75102,0.0170108324091944
75103,0.0311864784938238
75104,0.0178409050075878
75105,0.0316036319089986
75106,0.1009113064170799
75107,0.0246198594427744
75108,0.0242288753310358
75109,0.0180701287055102
75110,0.0300496652249435
75111,0.0186480676915635
75112,0.0190010222755116
75113,0.0185846431774637
75114,0.0213984473384037
75115,0.0317326883730024
75116,0.1381452964919956
75117,0.1410149006103685
75118,0.0223964522840853
75119,0.0176658388411131
75120,0.0204501418660955
75121,0.140180652561814
75122,0.0183345394813921
75123,0.0167758404766033
75124,0.0171058404373511
75125,0.0249369886009112
75126,0.0191659187487409
75127,0.91639305934802
75128,0.8884823518659096
75129,0.017859605118739
75130,0.0171023769037256
75131,0.931720531219992
75132,0.0228114511099498
75133,0.0508390832386281
75134,0.1269795660986478
75135,0.0439217889782395
75136,0.0472090631494798
75137,0.0218693395140665
75138,0.0216007476251312
75139,0.0246640001637488
75140,0.0849044668593584
75141,0.0333403182908942
75142,0.0337434282392847
75143,0.6848088960862619
75144,0.018665976630548
75145,0.0415704639008459
75146,0.0195334035195244
75147,0.0245697587684464
75148,0.017390051142359
75149,0.034090762278049
75150,0.0187124096798644
75151,0.0176592145603062
75152,0.0172973300757701
75153,0.0220278938446171
75154,0.0403278983847268
75155,0.0299273898255381
75156,0.0177783241354172
75157,0.0798571882461829
75158,0.0187152333270835
75159,0.0534565184131119
75160,0.0530925531861973
75161,0.0157118907100584
75162,0.0163339068221025
75163,0.0163657069549198
75164,0.0172459818592601
75165,0.0160167782689806
75166,0.0319422317591082
75167,0.0175627080732031
75168,0.0184341958615138
75169,0.0224977557508398
75170,0.0247366716946813
75171,0.0618899103978912
75172,0.0188590269928686
75173,0.0316216419664322
75174,0.0510103593029527
75175,0.0203101239306944
75176,0.0265045779051497
75177,0.0160456918927918
75178,0.0609632746911045
75179,0.9426937683111428
75180,0.0167368157867172
75181,0.015827116445193
75182,0.0165300919466602
75183,0.1668405635205251
75184,0.0326113736792213
75185,0.0268574584101197
75186,0.0176904510754685
75187,0.0515253896015223
75188,0.0194324600801692
75189,0.0162710056214383
75190,0.0163452221147123
75191,0.9444590101757048
75192,0.0313805204576061
75193,0.0193910332761609
75194,0.0181454341321846
75195,0.9460254229197212
75196,0.3195864962676013
75197,0.0673584013798252
75198,0.2134847020415236
75199,0.0261605333880587
75200,0.0165187157715266
75201,0.0171659683113772
75202,0.0555494118742882
75203,0.0239254481341343
75204,0.0271706244164652
75205,0.0203531949324261
75206,0.0191623520247487
75207,0.0165347332773795
75208,0.0177140864344522
75209,0.932627835827154
75210,0.0200461974679119
75211,0.0289034907819114
75212,0.0857205565869442
75213,0.0200465138926871
75214,0.0584330639966979
75215,0.0257300371422161
75216,0.032409516669281
75217,0.0187679585948441
75218,0.0176117854123742
75219,0.033254033732397
75220,0.016890691078263
75221,0.7851374694325091
75222,0.0202915308822361
75223,0.0224164079311699
75224,0.0201310313347458
75225,0.0205635317444461
75226,0.0184553357405725
75227,0.0210261461420914
75228,0.0163771701702253
75229,0.017141240251113
75230,0.0225025883603684
75231,0.9474450122089598
75232,0.0164110586456832
75233,0.0345722503686813
75234,0.945187733691017
75235,0.020215820050151
75236,0.0279266923813632
75237,0.023130394976377
75238,0.0225636255098628
75239,0.0193649636996472
75240,0.0496035357987293
75241,0.053646589745742
75242,0.0224120657561987
75243,0.0274385884808183
75244,0.0630936339791835
75245,0.04658047158983
75246,0.0188564230665789
75247,0.0212877612025174
75248,0.0362267506315252
75249,0.1244381407611419
75250,0.0167092806478483
75251,0.9392741238212556
75252,0.0288402293688547
75253,0.0167109612364617
75254,0.4665381647808851
75255,0.0310284561352235
75256,0.0168632665016976
75257,0.0171812754069106
75258,0.0172009011640314
75259,0.0224291356908723
75260,0.0162352370583851
75261,0.0245641562260286
75262,0.0201778018740462
75263,0.0477257564555543
75264,0.0162426001198641
75265,0.0167743675645169
75266,0.0206264482724268
75267,0.0584083435138945
75268,0.0177863421650251
75269,0.2184567589220643
75270,0.0176630801288549
75271,0.652202468341599
75272,0.0212525394894809
75273,0.1435183747932654
75274,0.9451316559009084
75275,0.0579650765575134
75276,0.0272817567629844
75277,0.0614620495314316
75278,0.0174989046256405
75279,0.0513166147966863
75280,0.0251736267651604
75281,0.052175880378094
75282,0.018401272033025
75283,0.0201989139058389
75284,0.0237608733203612
75285,0.939348503104014
75286,0.9160501821955548
75287,0.947531627593422
75288,0.0186478224868124
75289,0.0163748223557451
75290,0.0238070562878215
75291,0.0187962977515721
75292,0.0187112614475121
75293,0.0459303646969016
75294,0.0160792681754081
75295,0.0992700326052036
75296,0.0162206462540444
75297,0.0170443957042102
75298,0.0169741357394169
75299,0.0168788420263012
75300,0.0205493432015885
75301,0.016867487726455
75302,0.0285094729375318
75303,0.9422552395989708
75304,0.4035240712028458
75305,0.019593199685412
75306,0.0218942350442397
75307,0.8710123736036877
75308,0.9469992895233812
75309,0.0204794820611738
75310,0.0561792913390253
75311,0.0266200438867649
75312,0.0168537659951398
75313,0.0545134610046224
75314,0.0208723787331882
75315,0.0212189090030807
75316,0.0461583458824047
75317,0.0195018960703919
75318,0.0185933903660059
75319,0.942221827059559
75320,0.0398927191588965
75321,0.0185961239110736
75322,0.081647693241568
75323,0.0169746058659475
75324,0.0177136573729944
75325,0.3760907572422909
75326,0.3110589571722943
75327,0.018247758886941
75328,0.0188166045294882
75329,0.5995994409966534
75330,0.0283070473279905
75331,0.0558585121776469
75332,0.0468028472600028
75333,0.0238871896432259
75334,0.0202658203777739
75335,0.0284336580213742
75336,0.0181696968454956
75337,0.0177969803214517
75338,0.0173583584760129
75339,0.3823868832423525
75340,0.0216480282373517
75341,0.0167921365499057
75342,0.0307184753505684
75343,0.0267299261054498
75344,0.0163483828641449
75345,0.0175989040801658
75346,0.0188671334959888
75347,0.0393330111468539
75348,0.0387837107931931
75349,0.0209599029527748
75350,0.016691624833745
75351,0.2127081578099066
75352,0.0233453721234126
75353,0.035441611878765
75354,0.0190212827811144
75355,0.0489864308610361
75356,0.0188383185528338
75357,0.0232520429918082
75358,0.946372011518256
75359,0.0166612040638755
75360,0.0185862453549028
75361,0.0177007017032444
75362,0.0558453879882943
75363,0.0209524541309871
75364,0.0181274289487675
75365,0.0172773690577974
75366,0.0156658716932109
75367,0.0969683338709459
75368,0.0215938865359278
75369,0.0184598272701058
75370,0.0161225039621545
75371,0.0226519687188996
75372,0.9315519129049932
75373,0.4568688035753065
75374,0.0167752397476793
75375,0.0437846168389276
75376,0.0200300400624204
75377,0.0158750196537102
75378,0.0185307471980805
75379,0.1234820261901997
75380,0.0677775001881721
75381,0.0175330408779019
75382,0.9383199617815954
75383,0.0227632043120193
75384,0.9405506460231188
75385,0.944441928044258
75386,0.0156341280940973
75387,0.0214319670496925
75388,0.0209789610775308
75389,0.0168686720359587
75390,0.0291481435263361
75391,0.0157972628066365
75392,0.0515361988353034
75393,0.0198995255799126
75394,0.0234775207221351
75395,0.0463618332132011
75396,0.016459017219189
75397,0.017813162475149
75398,0.0159134740504055
75399,0.0315819241459603
75400,0.0202733422759926
75401,0.0275658475786673
75402,0.0932075078875837
75403,0.022062450067387
75404,0.1433497602257073
75405,0.174871476152582
75406,0.7522398033716866
75407,0.0249511754717019
75408,0.0282627943270135
75409,0.0919681085515867
75410,0.0407918741393932
75411,0.1140936093746689
75412,0.0157363414878819
75413,0.019591739006336
75414,0.024029177181463
75415,0.0181162863023936
75416,0.02038944765471
75417,0.0242090785734067
75418,0.0163046633729515
75419,0.0259181707733
75420,0.0220964839359314
75421,0.0167502160586576
75422,0.0272129803291927
75423,0.015668134673686
75424,0.0679430528903108
75425,0.0177981358718891
75426,0.0185831759377911
75427,0.9437314149732404
75428,0.9016128626879812
75429,0.0175294241505015
75430,0.0167365342595087
75431,0.048391323446969
75432,0.0206091335958147
75433,0.0353008104287837
75434,0.2992851180855913
75435,0.0704603162199565
75436,0.0184042704807708
75437,0.2920297948680269
75438,0.018280456270619
75439,0.0165817122715292
75440,0.0389084175675781
75441,0.017841185163925
75442,0.0190108755421692
75443,0.0259913635444125
75444,0.0162531202726475
75445,0.0196673107753943
75446,0.0212266471785835
75447,0.7372052154285241
75448,0.0175763342765033
75449,0.0162211001832241
75450,0.0275868597226284
75451,0.0250402627411768
75452,0.0326615279765496
75453,0.0161846211613457
75454,0.0210985311981859
75455,0.036244150367845
75456,0.0161160677044912
75457,0.0692629197430524
75458,0.021808630905255
75459,0.0844196255984609
75460,0.024462815017602
75461,0.0267708395195968
75462,0.9437583021456156
75463,0.0166780042752725
75464,0.9471686048254542
75465,0.0288856949259854
75466,0.0200328925690292
75467,0.0192464170396205
75468,0.6721211922909522
75469,0.0175405885294773
75470,0.0167673072420087
75471,0.1547326062471176
75472,0.0176518681566852
75473,0.0160159817952633
75474,0.0176528357889858
75475,0.0239014568527241
75476,0.3611852020981202
75477,0.0168419206938296
75478,0.0167882354407983
75479,0.0249722683099223
75480,0.0213559781875166
75481,0.0197499677504209
75482,0.63322538010023
75483,0.9385152950254326
75484,0.0166157582730583
75485,0.3423818168414663
75486,0.4679569542983578
75487,0.1233439851629411
75488,0.0205891581061108
75489,0.0235201241758035
75490,0.020568114619174
75491,0.0232564713070305
75492,0.0520424440267945
75493,0.0209151739955841
75494,0.0355883624291227
75495,0.0234140696433562
75496,0.1607200179155755
75497,0.1213415870968196
75498,0.1259004647986643
75499,0.0186511044441233
75500,0.0241430185519454
75501,0.0328812619867515
75502,0.926074128356464
75503,0.8994101860733285
75504,0.0171922279759195
75505,0.1379378369245106
75506,0.0254981001094557
75507,0.0265137632399241
75508,0.0225365295372211
75509,0.8906946598424171
75510,0.9069312587637796
75511,0.0217877725294721
75512,0.0247478203034677
75513,0.023140333532134
75514,0.0408344329866325
75515,0.0167613097447786
75516,0.3831077033533198
75517,0.021028216191494
75518,0.0168782626285213
75519,0.0240845281069406
75520,0.0167735832714905
75521,0.915003380866428
75522,0.0193396333929776
75523,0.0713562475495963
75524,0.0280408238934612
75525,0.0172013871748925
75526,0.0305218857237424
75527,0.018856123980052
75528,0.939903234404528
75529,0.2001871665982404
75530,0.0193824747868256
75531,0.0162734322446237
75532,0.0246901367451552
75533,0.0187492815394993
75534,0.0296890194794724
75535,0.9372702190320142
75536,0.0251459550998506
75537,0.0173329438281201
75538,0.3165445089066558
75539,0.015582950815798
75540,0.8217885640248593
75541,0.9430056319526844
75542,0.0523065642398646
75543,0.0285882127670825
75544,0.0196353962236744
75545,0.0666269009684106
75546,0.0169214872927264
75547,0.0196445828912372
75548,0.9461059950448312
75549,0.0616885278720473
75550,0.0181752114559624
75551,0.0298976384559425
75552,0.0209199207425508
75553,0.0460501325891229
75554,0.0361092041595805
75555,0.0268303180460884
75556,0.946485175699634
75557,0.0451260469762194
75558,0.0158129171828473
75559,0.9075724391839048
75560,0.3008535616213499
75561,0.0159757873137379
75562,0.0319947443749703
75563,0.0168214551270322
75564,0.0211343931774412
75565,0.027868170875249
75566,0.017360126338435
75567,0.0321499465781038
75568,0.0237829638232981
75569,0.0352190019566223
75570,0.0182411350406704
75571,0.0189966062091664
75572,0.174801600176905
75573,0.0176447619847063
75574,0.0466899633410057
75575,0.0162756740684791
75576,0.0448805581178618
75577,0.0246498140273712
75578,0.0229126252427801
75579,0.1926177890301659
75580,0.2083678398836874
75581,0.0289726214594603
75582,0.0160845810690882
75583,0.0163117531467457
75584,0.0898196471662287
75585,0.0244077662135673
75586,0.060528119455617
75587,0.0157116290178136
75588,0.0216208475673131
75589,0.0271643239993783
75590,0.0206874956470842
75591,0.0164253536959671
75592,0.0194712384160513
75593,0.1541478548379068
75594,0.0186088802957391
75595,0.0247295063202841
75596,0.0159770716019417
75597,0.1705420674433835
75598,0.0752169649116487
75599,0.0171749410187753
75600,0.0422911473665958
75601,0.017446371295193
75602,0.0250463577260833
75603,0.0202905578793778
75604,0.0341284559887941
75605,0.0978156825298449
75606,0.0251133962526285
75607,0.0303733168135236
75608,0.018498885106329
75609,0.0167031302459545
75610,0.0208831502860531
75611,0.0221280841145183
75612,0.0178713563203117
75613,0.0168686736688006
75614,0.0179481877329796
75615,0.5062236845509496
75616,0.0600466629438407
75617,0.3295380334002118
75618,0.0190161465055877
75619,0.0199923467169107
75620,0.0214624407760347
75621,0.0363257061542479
75622,0.0158088867019736
75623,0.0165910574857957
75624,0.0425955409754529
75625,0.0163470470730373
75626,0.9380862193600068
75627,0.0169593627377414
75628,0.9092349846908108
75629,0.0176967696621739
75630,0.0368656626621114
75631,0.0247792290867114
75632,0.0175890431810449
75633,0.0452153955778601
75634,0.0610890855659287
75635,0.0255124521997069
75636,0.921863656077134
75637,0.0194103112342912
75638,0.0205647652535446
75639,0.0267719915159217
75640,0.031812862349633
75641,0.0345457436959092
75642,0.030795988390664
75643,0.0186406766390646
75644,0.0167052003752605
75645,0.0160712874178591
75646,0.0480221917478524
75647,0.934176304434915
75648,0.0177015483182971
75649,0.017706386067974
75650,0.052344961984632
75651,0.0189689046541385
75652,0.0163891156265193
75653,0.0177044470242225
75654,0.0188265104190675
75655,0.9364831097014644
75656,0.0170026071465368
75657,0.0803724043216249
75658,0.3135882932787076
75659,0.0394119071777116
75660,0.0219641365874715
75661,0.0176027851109073
75662,0.929836680358791
75663,0.0187739061301723
75664,0.9392652799941684
75665,0.0172415685578215
75666,0.0737991472863394
75667,0.9100129694295824
75668,0.9314715436271676
75669,0.0186621905764132
75670,0.0590998737322217
75671,0.0155695881125032
75672,0.0228066384064797
75673,0.0166452595655036
75674,0.0175423863470042
75675,0.0222848743254668
75676,0.0243360670746031
75677,0.021656053732202
75678,0.0193666388171526
75679,0.8927685559714942
75680,0.0177707809449684
75681,0.0172594449432783
75682,0.060318836834621
75683,0.0178966233370221
75684,0.0503630535153838
75685,0.045062640593596
75686,0.0269131116705908
75687,0.0226386743818465
75688,0.0504044194224744
75689,0.0213003343935157
75690,0.0204218661706192
75691,0.0411690027036342
75692,0.0276160539105212
75693,0.0590776233301048
75694,0.0160985130953304
75695,0.0764332342818624
75696,0.0193782089215656
75697,0.0171978736409672
75698,0.0294209605768421
75699,0.0171805999595197
75700,0.0180104214164685
75701,0.932476843931379
75702,0.0161221941347262
75703,0.0202998711589117
75704,0.0251908422639991
75705,0.0168279487818604
75706,0.0168019967681289
75707,0.0355579049679376
75708,0.0601488879813159
75709,0.0255717722010223
75710,0.0281084242208363
75711,0.0305780926855731
75712,0.0235731748409476
75713,0.8757482331912158
75714,0.9335290603920888
75715,0.0288338407885541
75716,0.0205182806264675
75717,0.0198371993562909
75718,0.0189208709406419
75719,0.0170853815734365
75720,0.0169205538741151
75721,0.0230748942687062
75722,0.0163989324694723
75723,0.0227259606706407
75724,0.0155824424025827
75725,0.0279562650829331
75726,0.7115192627376172
75727,0.0192505142172996
75728,0.6775592534639094
75729,0.0224980258213532
75730,0.0491147980430514
75731,0.0203680899191602
75732,0.0856815715986409
75733,0.0230308971127694
75734,0.0890171700318415
75735,0.0276319815947745
75736,0.0511993771406996
75737,0.0206447431045345
75738,0.0190615656518251
75739,0.0176916782061166
75740,0.0200293513939934
75741,0.0227118339176449
75742,0.0370166481440386
75743,0.0204450351518509
75744,0.0236600428018066
75745,0.0689503857041646
75746,0.0235606260470229
75747,0.0166992172741199
75748,0.9413537784674796
75749,0.0245374164742864
75750,0.0192450049517213
75751,0.0178853205147573
75752,0.0294973601796838
75753,0.0385806933916512
75754,0.0540941650304707
75755,0.0165383158503437
75756,0.0317012682518357
75757,0.927727064282069
75758,0.0252045518360377
75759,0.0325623273896113
75760,0.0380271373345163
75761,0.0197665633926563
75762,0.0181907741293191
75763,0.0248389673340401
75764,0.0290927231501025
75765,0.01944668151866
75766,0.9410729023101494
75767,0.0222986445909472
75768,0.0173070827441125
75769,0.943349492807646
75770,0.0208481669656584
75771,0.017593846801956
75772,0.0234224118297107
75773,0.0483404716578747
75774,0.0203192392539961
75775,0.0183507558963329
75776,0.0196703131911039
75777,0.0404340648699367
75778,0.054219289138826
75779,0.01829789943363
75780,0.017467872320079
75781,0.0223616937443235
75782,0.0496295868839044
75783,0.0481706807180937
75784,0.0203794292564733
75785,0.0181945128814714
75786,0.027500433565599
75787,0.0231816086451047
75788,0.1699456394258676
75789,0.0157499400291367
75790,0.0178041846006223
75791,0.0353125863692709
75792,0.0305436051598187
75793,0.0202957978406886
75794,0.0255408470989061
75795,0.0338358076248699
75796,0.0314230084702774
75797,0.0264887748605459
75798,0.9233937169005072
75799,0.0188509948212311
75800,0.0163348386994486
75801,0.0185157489951527
75802,0.1201340694050361
75803,0.0291405000374285
75804,0.0184066056424927
75805,0.020391266351436
75806,0.0179855663250854
75807,0.0241121197070157
75808,0.0373807981061561
75809,0.0155842331173906
75810,0.0195211757491638
75811,0.9319752958025715
75812,0.0164436826585001
75813,0.0250550474048941
75814,0.017569460889275
75815,0.8668129593072084
75816,0.6185781949876106
75817,0.0340127523400143
75818,0.0248990641986245
75819,0.9391185762820422
75820,0.0461757504197948
75821,0.0170277103359065
75822,0.0604547010835736
75823,0.018868879043605
75824,0.0272320369590533
75825,0.867506763303753
75826,0.0498939450332546
75827,0.9288419980989436
75828,0.0216469161233934
75829,0.0172719610372784
75830,0.0193491241442405
75831,0.029939357805765
75832,0.0193507570586231
75833,0.0163242768047984
75834,0.0595738453886907
75835,0.0332654620045686
75836,0.0442515255830153
75837,0.0314288060204184
75838,0.0159467357733423
75839,0.0527039128179224
75840,0.0428576556411909
75841,0.0194252236354344
75842,0.0249701320942514
75843,0.0177853140146047
75844,0.0201288828055257
75845,0.0182491062171537
75846,0.0716400676081813
75847,0.0282458056014569
75848,0.0259826782950418
75849,0.0187489509177494
75850,0.0402075126631019
75851,0.0195029669955035
75852,0.9410979267455936
75853,0.0430867515957429
75854,0.0163834911437349
75855,0.0318500379172762
75856,0.0497527770299008
75857,0.9461641487503872
75858,0.0313990794832643
75859,0.8703464449011176
75860,0.018742571104175
75861,0.9064998689149656
75862,0.016836167097832
75863,0.0248837100456112
75864,0.946888507886534
75865,0.0191551336404437
75866,0.0228631759018944
75867,0.01704242473423
75868,0.9446165657103316
75869,0.0180605793254709
75870,0.0180863530497503
75871,0.0187252385444252
75872,0.026284582012004
75873,0.0189370041395643
75874,0.9379756380112716
75875,0.0227994127888307
75876,0.0194260311077431
75877,0.0572013864591232
75878,0.9443407359284408
75879,0.0179141505549423
75880,0.0158774796319824
75881,0.0193882430009257
75882,0.0927274548263974
75883,0.0195534570155347
75884,0.0179745471963004
75885,0.0240784639080312
75886,0.7624875784774622
75887,0.9427150913139885
75888,0.1276320786213516
75889,0.0278909309036336
75890,0.939630955966282
75891,0.0278423444319646
75892,0.0288729751587801
75893,0.4649569269335651
75894,0.0158320039373241
75895,0.0262196475185119
75896,0.0371490680785519
75897,0.0194486976922815
75898,0.0172839533302662
75899,0.0205030681262695
75900,0.017483809391523
75901,0.0867725011140835
75902,0.0180705081260834
75903,0.0187967521025032
75904,0.0176960960676637
75905,0.0248565826217854
75906,0.017659508684804
75907,0.0424074793237303
75908,0.0479222805086977
75909,0.0167594602721654
75910,0.0216576750096389
75911,0.016283860679404
75912,0.0224002248468415
75913,0.0197895220604049
75914,0.0165999527170988
75915,0.0194969773625161
75916,0.0168576509984832
75917,0.3712893758124586
75918,0.0227641643679578
75919,0.0492480171585008
75920,0.0261776703028296
75921,0.9451997734495234
75922,0.9251996524416166
75923,0.0164475832252153
75924,0.0220998432500481
75925,0.135259265232644
75926,0.025608142168367
75927,0.0233431593355158
75928,0.0264758389145432
75929,0.1569346850864692
75930,0.9462502112273642
75931,0.0206917904299306
75932,0.0172311754360066
75933,0.0213387543588472
75934,0.0436469246727271
75935,0.0865780298125732
75936,0.9461938357848454
75937,0.0196621410440021
75938,0.9436728929204798
75939,0.0707888823997083
75940,0.0291533681255789
75941,0.0168864701565703
75942,0.046669294958133
75943,0.0172514496715086
75944,0.0173450539206201
75945,0.0267442439525051
75946,0.0175782061306114
75947,0.0164094431103422
75948,0.0220512036079534
75949,0.0201032772790448
75950,0.0509885087244667
75951,0.0238729112240777
75952,0.015981938281547
75953,0.0208927442569544
75954,0.0184209970147108
75955,0.0357480446422325
75956,0.0581821376978793
75957,0.0171277786898616
75958,0.2031755716887658
75959,0.0173778689179251
75960,0.0236408988049589
75961,0.1436374384091306
75962,0.0241835341442001
75963,0.0654937856502245
75964,0.0450937180412776
75965,0.0260858988837346
75966,0.0185487868745107
75967,0.0249046162475831
75968,0.017778019248893
75969,0.9072383498588588
75970,0.0473168228835311
75971,0.01886680983808
75972,0.0173876458034145
75973,0.2114529771531172
75974,0.0218453181758802
75975,0.0610097847065822
75976,0.017299465981989
75977,0.9359360814787742
75978,0.0445988428625439
75979,0.0322261713305348
75980,0.9331907431281652
75981,0.0227504892804674
75982,0.0165883700054101
75983,0.0169935629235876
75984,0.0237110545974228
75985,0.0442949552736705
75986,0.8782247751219502
75987,0.8624349703461498
75988,0.0207409738899898
75989,0.0205062150665507
75990,0.0256112488603013
75991,0.0212389762809559
75992,0.0184939655048717
75993,0.0212761200184531
75994,0.0180586430634333
75995,0.0205586186981543
75996,0.0170931497748628
75997,0.0161634202012127
75998,0.9460527762899982
75999,0.0431601983908618
76000,0.1210612211382753
76001,0.021102664902403
76002,0.0164485584114636
76003,0.0520083254522531
76004,0.9485861536971264
76005,0.0860246219324099
76006,0.0445688921797298
76007,0.0162480352355603
76008,0.0173337051722653
76009,0.0481022687619852
76010,0.0180337292003732
76011,0.0736984130863098
76012,0.0932472104684149
76013,0.0199368431282819
76014,0.0164127011018489
76015,0.023024025614005
76016,0.023485254659014
76017,0.1320601322435617
76018,0.0157550261383816
76019,0.0201086370692135
76020,0.0159492840861749
76021,0.0184176476674347
76022,0.0686250904580754
76023,0.158567043735974
76024,0.0967550824123386
76025,0.0577159416118399
76026,0.0214980600609093
76027,0.0339137402715444
76028,0.0286510679207732
76029,0.9468000203517964
76030,0.9007507700935328
76031,0.0162892428376062
76032,0.0278567863651644
76033,0.0162775694606363
76034,0.0168173131276607
76035,0.0190619217968131
76036,0.0239323096088227
76037,0.934624955237166
76038,0.0943496312977802
76039,0.0211359705096042
76040,0.0396752417137548
76041,0.0213640208567777
76042,0.9157175668020284
76043,0.0192753412838334
76044,0.0226186250630188
76045,0.060119746152078
76046,0.0175350381392334
76047,0.0197954949092065
76048,0.0575503283259271
76049,0.0159132144937637
76050,0.947582147784776
76051,0.0165354387654067
76052,0.0986919467510991
76053,0.0284979124755259
76054,0.947809861435234
76055,0.9334109732195612
76056,0.0190320161992808
76057,0.0175928556337935
76058,0.9036682335174676
76059,0.8634899149116803
76060,0.021693194938143
76061,0.0215567329883189
76062,0.0168728581574196
76063,0.0164383284293341
76064,0.0167799925441905
76065,0.0317833428364761
76066,0.0222017154254435
76067,0.9474768738234536
76068,0.01660233842955
76069,0.9458338208341964
76070,0.0612271414519195
76071,0.0216158535621126
76072,0.0192228041417109
76073,0.1344221121744961
76074,0.0185187653317387
76075,0.9329565167777664
76076,0.0176695858187378
76077,0.0288694824466864
76078,0.0167844061710655
76079,0.0239127753621549
76080,0.0176864714695249
76081,0.0280516836403232
76082,0.0288919155700942
76083,0.0854920356962594
76084,0.8626904054876696
76085,0.0202606604043684
76086,0.0168349567335659
76087,0.0326965983679382
76088,0.0554884518627831
76089,0.0293713864595207
76090,0.0214062421013831
76091,0.0224712580425428
76092,0.048683780550698
76093,0.0207601792680767
76094,0.9256962702179566
76095,0.0195073333251892
76096,0.0325348038048699
76097,0.0214550621384695
76098,0.0205853031179856
76099,0.0228204801955224
76100,0.029937590517235
76101,0.034510897783403
76102,0.0241792432442375
76103,0.026730980743044
76104,0.0162120149315309
76105,0.0761691417113299
76106,0.0599072223777156
76107,0.0177144036379253
76108,0.0167889624005128
76109,0.0293299589298226
76110,0.0257290817791257
76111,0.0813651823534658
76112,0.0592801647171375
76113,0.020429274859968
76114,0.0241444188870669
76115,0.0168761450445594
76116,0.1233271820438423
76117,0.0212964623162802
76118,0.018962321210884
76119,0.0255120340647762
76120,0.0159633602762686
76121,0.0199544829162807
76122,0.9431147158986356
76123,0.018454984494346
76124,0.0184389977773222
76125,0.0167610733759267
76126,0.0177326462761702
76127,0.0169827649064761
76128,0.0168711447152259
76129,0.0221337201081987
76130,0.0210062483076854
76131,0.020061230010074
76132,0.0179421524645421
76133,0.1290155907898598
76134,0.02672602954424
76135,0.0237251098985757
76136,0.0899465513365419
76137,0.0164998219612642
76138,0.0209815803193721
76139,0.928637288566822
76140,0.0173260902459543
76141,0.9407239891252868
76142,0.0356008670507609
76143,0.9465484786980156
76144,0.017656403389344
76145,0.0454519304789528
76146,0.1126101388728992
76147,0.017474746966175
76148,0.8788850963382911
76149,0.0203847901470956
76150,0.0190941911366382
76151,0.0170302234943609
76152,0.0915751047306105
76153,0.0169206235616771
76154,0.017195808048773
76155,0.0202205805132769
76156,0.0177015176866446
76157,0.0196502226421695
76158,0.3694054793543054
76159,0.0238016073605481
76160,0.0261770240813068
76161,0.925304893901412
76162,0.01928490971514
76163,0.0526332202401014
76164,0.0532781668658309
76165,0.0170650605600137
76166,0.016154997927768
76167,0.0270632332097309
76168,0.0164512058192486
76169,0.0210232545805614
76170,0.0304294238550594
76171,0.1449317461480761
76172,0.0170290740492517
76173,0.0276979897610686
76174,0.9455172705491668
76175,0.01858370914543
76176,0.0256600725293492
76177,0.0216446491391951
76178,0.8976648327400849
76179,0.9453428247798455
76180,0.3405394588131599
76181,0.0778757121144943
76182,0.0159696406235001
76183,0.031629835136429
76184,0.0240440762412667
76185,0.0158221906635343
76186,0.0419673231438644
76187,0.0174635479696033
76188,0.0231782469993804
76189,0.023197063311408
76190,0.0318229690277045
76191,0.0227065044492911
76192,0.0216315056666468
76193,0.0303546687760668
76194,0.0174016904367553
76195,0.0164456653005688
76196,0.1554300614238166
76197,0.0178025559871422
76198,0.0526680129519972
76199,0.0235540205322862
76200,0.0832511183201792
76201,0.0171952356491997
76202,0.0199358431596223
76203,0.016762532105839
76204,0.0284703740857619
76205,0.0303586405766775
76206,0.0500306188073017
76207,0.0594511698613937
76208,0.9410920063158684
76209,0.0291820950705214
76210,0.0335598180342621
76211,0.0310894250818555
76212,0.0179653133290682
76213,0.9371416377683192
76214,0.0170129600230736
76215,0.0302417762653742
76216,0.0265736560396996
76217,0.0907845568813204
76218,0.2204671021146511
76219,0.0205558334359015
76220,0.9031971296126162
76221,0.0204093415476003
76222,0.245410849787818
76223,0.0192349606990814
76224,0.832942526389963
76225,0.0210006071911756
76226,0.092971655905449
76227,0.0167492999172171
76228,0.050843528290735
76229,0.0201137871355579
76230,0.3092562202044527
76231,0.2164311689381159
76232,0.1468912905525179
76233,0.0184714542026
76234,0.022417957750972
76235,0.0583444331318733
76236,0.0181749905056378
76237,0.029770353409412
76238,0.018888850345715
76239,0.0246839835977883
76240,0.0272553069515949
76241,0.0189951242726069
76242,0.0210101569325761
76243,0.0166519840240727
76244,0.0160793666131409
76245,0.0164997791392756
76246,0.0518639438722284
76247,0.0207554334889713
76248,0.0167598740066632
76249,0.0205398548632962
76250,0.0834994514507375
76251,0.0194317049890017
76252,0.0233636160011556
76253,0.9421950732899832
76254,0.1767682671682818
76255,0.0467992361805313
76256,0.2220341154352696
76257,0.0785878811252928
76258,0.0189461574889757
76259,0.0168637953312844
76260,0.0361064599473291
76261,0.0171349811259409
76262,0.0194565871063782
76263,0.0390338254786225
76264,0.016675806088958
76265,0.0169858998471618
76266,0.933065226285117
76267,0.0622852385424746
76268,0.0652339234152375
76269,0.1099560909424524
76270,0.0179809878126902
76271,0.0255067360779202
76272,0.0303227417179286
76273,0.0495009592272972
76274,0.8937895868827564
76275,0.9433168909471878
76276,0.073227382326108
76277,0.0185310319028667
76278,0.0257685321749608
76279,0.0159340485432128
76280,0.0666132109678911
76281,0.0196742702352704
76282,0.0200539441824735
76283,0.9460148858000864
76284,0.0333432816811293
76285,0.0517416611820659
76286,0.0207894454860381
76287,0.0223213367732492
76288,0.0926088151203378
76289,0.0240674150433419
76290,0.0255121460030903
76291,0.0214862770486591
76292,0.0176700492854039
76293,0.0185850585927738
76294,0.0198825464365547
76295,0.0177060463926287
76296,0.0178773912661126
76297,0.023913710524083
76298,0.0718768874011303
76299,0.0233819375278563
76300,0.0184614472543808
76301,0.0180161276776824
76302,0.9329306671418806
76303,0.9291442548549984
76304,0.0193081868278973
76305,0.0663047812170892
76306,0.3562789316721043
76307,0.0692842055263285
76308,0.019580792878231
76309,0.0363000205257791
76310,0.0813732787727805
76311,0.0183194624462491
76312,0.0178214446040985
76313,0.9343685730164916
76314,0.0191267216976124
76315,0.0327335280458953
76316,0.0171374791917878
76317,0.0171576191073743
76318,0.0166438353743133
76319,0.0211318817360194
76320,0.0330099729294721
76321,0.1370913830151567
76322,0.0267861350958514
76323,0.0241903775896146
76324,0.9354728219232912
76325,0.0523930082636624
76326,0.0313727099361348
76327,0.0319702203842619
76328,0.8988340725868301
76329,0.1391467181878552
76330,0.0162348957354947
76331,0.1506746520758692
76332,0.026535189008036
76333,0.1242753082756211
76334,0.0159797983997656
76335,0.0278660163253247
76336,0.0211232732582342
76337,0.0177600573793294
76338,0.03878962613247
76339,0.0181596019544302
76340,0.0601606203337421
76341,0.0193294841679378
76342,0.0306039789857498
76343,0.0190171805044132
76344,0.0163312898280761
76345,0.0163081779397729
76346,0.9423129239009866
76347,0.028893183724117
76348,0.0261762906724777
76349,0.0166529460348805
76350,0.0527494208534922
76351,0.0158830490636033
76352,0.9408327865687838
76353,0.0225183080605266
76354,0.0184563143030703
76355,0.050612719422636
76356,0.9260474182353582
76357,0.023052821301056
76358,0.0230847069568091
76359,0.0172176862986835
76360,0.1771636908522847
76361,0.028868862387701
76362,0.0197688906410224
76363,0.0686908517957694
76364,0.0223081846944996
76365,0.0283855468224239
76366,0.0218694775242627
76367,0.0336449613410176
76368,0.0389211989238182
76369,0.9372562724309994
76370,0.0367047726094186
76371,0.0312564284562536
76372,0.0330538998581609
76373,0.091449232234721
76374,0.0205074139152634
76375,0.0170088166426248
76376,0.0612497944242669
76377,0.0784385683212624
76378,0.0170365609118025
76379,0.9372483442618766
76380,0.018371912874748
76381,0.1580731757854959
76382,0.0163558507879549
76383,0.0214652843442021
76384,0.0166282711892458
76385,0.0428606426380544
76386,0.0177061777553749
76387,0.0275137361231687
76388,0.0168437650077306
76389,0.0730840467347125
76390,0.0160465253920052
76391,0.071097140880114
76392,0.0230050384441211
76393,0.0273020133441469
76394,0.0175939283248629
76395,0.0180505677601796
76396,0.0221213104054036
76397,0.948008172666644
76398,0.0199186820529125
76399,0.0190135948239154
76400,0.0276811465714907
76401,0.0606650196494888
76402,0.0165619473458571
76403,0.0174951522784161
76404,0.6159413263489998
76405,0.0314429464670209
76406,0.924096560793196
76407,0.0177500135497438
76408,0.0417071475074597
76409,0.0159941657875447
76410,0.0345312587096828
76411,0.0497052147066737
76412,0.9432674402797676
76413,0.0208826269486125
76414,0.0369991239501183
76415,0.017121755845259
76416,0.0240893558917265
76417,0.0158426884931589
76418,0.0221181213598032
76419,0.6824047565995452
76420,0.9238582213290664
76421,0.02349225271062
76422,0.0212874229692839
76423,0.0411126573698614
76424,0.0264671314345152
76425,0.0815552978597052
76426,0.0177747576041564
76427,0.0201774110781333
76428,0.0949003567776818
76429,0.7646977408218874
76430,0.0171068759446306
76431,0.0242500890959111
76432,0.0246446806658342
76433,0.0182670114340963
76434,0.9189384397905692
76435,0.0370438895152393
76436,0.0499957071496609
76437,0.0198981300880608
76438,0.0176814229887793
76439,0.0463099470849224
76440,0.0224923690541558
76441,0.0231738280456038
76442,0.0205974783094491
76443,0.0317512717832088
76444,0.9066135303622938
76445,0.0163043231489308
76446,0.0171371249610966
76447,0.0165406737690254
76448,0.9279532179743476
76449,0.0157987384717802
76450,0.939441068278606
76451,0.0164285188756098
76452,0.0162438905168748
76453,0.8582540880787335
76454,0.0184510527442107
76455,0.0175962162657965
76456,0.0281130695486885
76457,0.0279275236278559
76458,0.0251205088717557
76459,0.0564834592992423
76460,0.0169949751912107
76461,0.0609044080649583
76462,0.9466132384365148
76463,0.9483401885202264
76464,0.1153548405591132
76465,0.0255700177669105
76466,0.0214889597043088
76467,0.0160455264648943
76468,0.3029219577608936
76469,0.9406313841062264
76470,0.0426296920858594
76471,0.0213521661973123
76472,0.0182951345457595
76473,0.0191440069100057
76474,0.0261133956164676
76475,0.9460614248840056
76476,0.0165346101537546
76477,0.0213379524681204
76478,0.9478482972317648
76479,0.1630038750729297
76480,0.0158267035407949
76481,0.0293651634042818
76482,0.9431168149870396
76483,0.035443516337365
76484,0.0483410948350722
76485,0.0165703623453804
76486,0.0199850228753089
76487,0.0533856288607049
76488,0.046242610597242
76489,0.0160682526941272
76490,0.0998854424953786
76491,0.4683437655566825
76492,0.0277836058703329
76493,0.0168018032100767
76494,0.3752816170725377
76495,0.033674215305267
76496,0.0172841806766704
76497,0.0183947570512166
76498,0.0221432128514187
76499,0.0161943927218043
76500,0.0239720633533869
76501,0.0217926305040108
76502,0.0474145458041258
76503,0.9423331259900416
76504,0.0198116190727812
76505,0.0228452518434507
76506,0.7584856997499824
76507,0.0286314913787422
76508,0.0174636725188078
76509,0.019243764966624
76510,0.0801248693615217
76511,0.0167494833807077
76512,0.9384740470379668
76513,0.9272411474464712
76514,0.9397975034232028
76515,0.0203124633321965
76516,0.9439535046739962
76517,0.0191564143757388
76518,0.0174150600109639
76519,0.018466465731951
76520,0.0159308758458462
76521,0.0201182771887411
76522,0.0372402363361304
76523,0.0425599933253119
76524,0.0205949615486883
76525,0.0283453176286765
76526,0.0499704473237195
76527,0.0346389095710342
76528,0.1302809256437074
76529,0.0170299048248282
76530,0.0506981133064894
76531,0.9333840394662888
76532,0.035054222357283
76533,0.0203542416684024
76534,0.062790874024347
76535,0.0297659748762769
76536,0.0377241292446403
76537,0.0170491793991487
76538,0.0200478750013668
76539,0.0916197748490188
76540,0.9171918744039614
76541,0.0439852668930551
76542,0.0736986831491257
76543,0.0163365239217056
76544,0.0170471888801242
76545,0.0483188610194498
76546,0.0251980284343479
76547,0.0273930390678999
76548,0.0165405069292311
76549,0.016167079804776
76550,0.0169386106263101
76551,0.0312033389268391
76552,0.0363144346611394
76553,0.0166659109712745
76554,0.943962966791587
76555,0.0625829230431496
76556,0.0326769781431507
76557,0.0510470253890537
76558,0.0185354796596912
76559,0.0196874407207582
76560,0.0203698270804076
76561,0.1269413398461961
76562,0.0236304129583314
76563,0.0659163698970385
76564,0.0169377339177032
76565,0.0460172724910802
76566,0.0206980158385265
76567,0.0350427058955258
76568,0.0188427324555127
76569,0.9481799724740668
76570,0.0203836038221056
76571,0.0170535419908712
76572,0.0160427397917497
76573,0.9321564446191548
76574,0.0221527309413451
76575,0.0196555975872294
76576,0.016385759733722
76577,0.0208607046663658
76578,0.0389919320225816
76579,0.0291952896533297
76580,0.0174706712193427
76581,0.0306559198493116
76582,0.0162258159117065
76583,0.0202695809115121
76584,0.0211011151631665
76585,0.9291328775583052
76586,0.0214468689541721
76587,0.0195657034899549
76588,0.0226419682717551
76589,0.0213198799711301
76590,0.9357765988163184
76591,0.2892841401036384
76592,0.0192717773513033
76593,0.0163243914355204
76594,0.0189264112592722
76595,0.0201695517975215
76596,0.0227757109574529
76597,0.0784973081295059
76598,0.9047458666020364
76599,0.2939399693537579
76600,0.92517273838558
76601,0.0209671010451047
76602,0.0274602101182427
76603,0.020643326913459
76604,0.1959830540071299
76605,0.0576298299800795
76606,0.0231295809580683
76607,0.0213409833313239
76608,0.9457209163801276
76609,0.0225083529167571
76610,0.0245507883905433
76611,0.0203251275057976
76612,0.7303444966271809
76613,0.0274982713289061
76614,0.0171076003546498
76615,0.032945500419044
76616,0.0188325117684769
76617,0.0183746224232598
76618,0.0192242786201277
76619,0.024029848318073
76620,0.0254742276349453
76621,0.0621523340530673
76622,0.0173983688824447
76623,0.9295374186201666
76624,0.0215039259124761
76625,0.0304469653546204
76626,0.0167054392713641
76627,0.0230828247101391
76628,0.0162099065326332
76629,0.9352724426933834
76630,0.3823181239442708
76631,0.0170333009842802
76632,0.0177041648113305
76633,0.0271117501212046
76634,0.0163056708312518
76635,0.0166546649331052
76636,0.0272471793911005
76637,0.0184520172028542
76638,0.0203406953356118
76639,0.071172804202513
76640,0.1013620683245323
76641,0.0243132482984074
76642,0.0166509336254539
76643,0.8521361009985323
76644,0.0191672813745381
76645,0.018105218918671
76646,0.0462651280941461
76647,0.0166082956956137
76648,0.0166381923703307
76649,0.0298458291852025
76650,0.0631700580566572
76651,0.0174962370865902
76652,0.0175901733221037
76653,0.8983740416399534
76654,0.9396045729184528
76655,0.0942260026933168
76656,0.2757231985445511
76657,0.0601619853464206
76658,0.0173303842610902
76659,0.0230317750580455
76660,0.0178774124829069
76661,0.0686564330428644
76662,0.0196670626558382
76663,0.0173858129054748
76664,0.0168974477878028
76665,0.0239197910931311
76666,0.1586033722516936
76667,0.0506946865797201
76668,0.0166399113661382
76669,0.0157825321476691
76670,0.0169019194397642
76671,0.0200801929388215
76672,0.0284500160585159
76673,0.9440424449577188
76674,0.0166537341878332
76675,0.0206901402510282
76676,0.028359983355539
76677,0.0172870058673811
76678,0.0213850693407757
76679,0.0162676468720581
76680,0.0397344278981095
76681,0.0172152340807897
76682,0.1696618074681211
76683,0.0301851888604131
76684,0.0349077201464485
76685,0.0229282976588171
76686,0.0389854289433673
76687,0.0643748386899535
76688,0.0191348640935444
76689,0.940275117650676
76690,0.0731149600644847
76691,0.9408057629685452
76692,0.0177305729866588
76693,0.0409081836609277
76694,0.2346757783341723
76695,0.0544956813431343
76696,0.018249881673495
76697,0.037765626720038
76698,0.0300398003320042
76699,0.0231748588875815
76700,0.1110441427960853
76701,0.0212392674922406
76702,0.0157155816579102
76703,0.0192284554572549
76704,0.0187825930597165
76705,0.0165360739691138
76706,0.0181604848521731
76707,0.9420311009419912
76708,0.0240421436695447
76709,0.0721208016362358
76710,0.0176613814381117
76711,0.0557667976628141
76712,0.0337155301202973
76713,0.1009570827252756
76714,0.02057592537181
76715,0.0391498265619924
76716,0.1056683428964175
76717,0.090929690318568
76718,0.0180728842471452
76719,0.0191153639030268
76720,0.0158230530877089
76721,0.9078959816833287
76722,0.0167897189041418
76723,0.0196613533029951
76724,0.02222783957166
76725,0.8693992823811196
76726,0.0164892911637934
76727,0.0165351259548628
76728,0.0327583535249918
76729,0.0340260633045238
76730,0.1849379852095632
76731,0.0167558852649362
76732,0.0332820700215523
76733,0.0328572923938246
76734,0.199270237257267
76735,0.0161115398888705
76736,0.0182874761627691
76737,0.0624489248850848
76738,0.0243610602564354
76739,0.4561265178952087
76740,0.0204544621182438
76741,0.0211641929031263
76742,0.0526475050251754
76743,0.0167806823945323
76744,0.0202924867310988
76745,0.0164745238040867
76746,0.0332155618682507
76747,0.024637086174227
76748,0.0186630552399386
76749,0.0436228732996802
76750,0.0229012874196464
76751,0.0204268912889551
76752,0.102429501699158
76753,0.0213008274312022
76754,0.0169614895156582
76755,0.1493095557981335
76756,0.0278284961301192
76757,0.0755653188200356
76758,0.0162327775028401
76759,0.0430397753970637
76760,0.0226944966965846
76761,0.9423188065119544
76762,0.0430204829973431
76763,0.0177710597963619
76764,0.0236783672470044
76765,0.9287527155718714
76766,0.0322870388143336
76767,0.0167292403192443
76768,0.0273406373806084
76769,0.0194245307155469
76770,0.2917013498361143
76771,0.0201049535015587
76772,0.01979528439397
76773,0.0160911046072844
76774,0.0657604541454182
76775,0.0523689463004615
76776,0.9257083708678048
76777,0.0793943105967535
76778,0.0181448624274003
76779,0.0162430346234433
76780,0.9245137311687864
76781,0.0392521271628855
76782,0.019398795232294
76783,0.0160823936782737
76784,0.0345454250146911
76785,0.0158959874237857
76786,0.0654100051226036
76787,0.0183258020222936
76788,0.0351227477535727
76789,0.0182911672789937
76790,0.0229111298852025
76791,0.0239235033443993
76792,0.0242627096768009
76793,0.032614997930476
76794,0.0246133058373949
76795,0.0192965870928529
76796,0.0264840475717146
76797,0.0512593993093794
76798,0.1106469058677523
76799,0.0216805583747799
76800,0.0178402266631935
76801,0.028406061535954
76802,0.0242391842196588
76803,0.0522522468195146
76804,0.9452962481672992
76805,0.0242034154369458
76806,0.0165649845496741
76807,0.0720886502404063
76808,0.0170557954545015
76809,0.0737999600381031
76810,0.0776668474381171
76811,0.0198028054792585
76812,0.0271339685433265
76813,0.0213925386711793
76814,0.0247036625003642
76815,0.029145577072295
76816,0.0183967934888086
76817,0.0168435798360251
76818,0.0177108081384266
76819,0.9403106947064648
76820,0.0193943952162581
76821,0.8737393342675177
76822,0.0225889772278104
76823,0.0419551599488471
76824,0.6770960006928098
76825,0.0895547873516033
76826,0.0403198414831053
76827,0.0179846960685876
76828,0.0246983243580592
76829,0.0165747046928994
76830,0.0183118926339112
76831,0.0170034386585872
76832,0.0370153022955503
76833,0.9373638213128104
76834,0.0210397744548263
76835,0.0172278675522778
76836,0.2129680834796633
76837,0.0329805040243002
76838,0.0173080046323746
76839,0.0181000863255576
76840,0.0181901332498948
76841,0.0171765273301627
76842,0.0177507128306051
76843,0.0168595187398991
76844,0.8444542142338131
76845,0.0186910838586509
76846,0.0191794001949312
76847,0.2782498852413455
76848,0.0185336669578293
76849,0.4410886708859918
76850,0.0374878849477399
76851,0.1743075447230508
76852,0.0237823267396077
76853,0.0295267411608268
76854,0.0187262093413123
76855,0.0160243961768781
76856,0.0178531073480956
76857,0.0163878387079011
76858,0.0252267626690829
76859,0.0199524360898601
76860,0.1304922096281792
76861,0.0178592913957965
76862,0.0290178453690291
76863,0.0909212293871801
76864,0.0207369846262084
76865,0.0663432408661051
76866,0.0169787965265891
76867,0.029116905900045
76868,0.0186059242548613
76869,0.312923511181252
76870,0.9471698055612912
76871,0.2296069167732106
76872,0.3079231670969104
76873,0.017377175487326
76874,0.906931906995788
76875,0.0328251245804668
76876,0.018588593931758
76877,0.0168830139031185
76878,0.0188736952907756
76879,0.0477578952474086
76880,0.0212329281292876
76881,0.624803259856335
76882,0.0588182051858875
76883,0.0170709417608317
76884,0.0198982361796473
76885,0.5098113043026402
76886,0.0786214290344735
76887,0.0170952068192143
76888,0.0159365493885704
76889,0.0170493348262469
76890,0.0161117469574755
76891,0.9296331919610028
76892,0.0190801669506163
76893,0.0163202616495171
76894,0.0161977951622541
76895,0.0193899082101325
76896,0.0299868873164837
76897,0.0233680576436087
76898,0.0158490193845166
76899,0.0352893859888131
76900,0.0275583908599396
76901,0.0273535555327282
76902,0.0198028286675157
76903,0.0516856218961502
76904,0.1050715727145333
76905,0.0248132904360642
76906,0.0160289935094452
76907,0.0761209693632976
76908,0.0192632894424864
76909,0.0214042170802648
76910,0.0181984124931767
76911,0.0415915082654353
76912,0.9460918692823764
76913,0.0182868003752651
76914,0.9298272810347522
76915,0.0315568639938254
76916,0.0195454952804155
76917,0.0624479091109481
76918,0.0178230633916244
76919,0.0160300682900479
76920,0.0302851896407871
76921,0.0168917983622027
76922,0.0329742258597902
76923,0.0171145874447819
76924,0.0166608395416887
76925,0.9467471368409364
76926,0.0685796781538204
76927,0.0175022981247639
76928,0.0859788796656381
76929,0.0216988257547152
76930,0.0197034308080712
76931,0.0240800598826444
76932,0.016982386281435
76933,0.021420949650161
76934,0.0162537720341079
76935,0.0308204072985527
76936,0.3037620686622835
76937,0.0520450341369973
76938,0.0278719878583259
76939,0.6891429423714995
76940,0.0806977995569415
76941,0.0173223186720713
76942,0.0417013403292
76943,0.045744833769963
76944,0.0469971308498211
76945,0.0174745586671682
76946,0.0336022061915241
76947,0.0226873380584413
76948,0.9349722443231638
76949,0.0519240850357582
76950,0.1225862238458767
76951,0.0207150045962017
76952,0.0170458258496343
76953,0.1479064496565919
76954,0.0312762444090682
76955,0.0286673671230816
76956,0.0165069579741804
76957,0.0226791689006374
76958,0.0170304774699086
76959,0.0296061950803107
76960,0.0168331112294901
76961,0.0172324368602158
76962,0.0328820344903222
76963,0.0228217492835189
76964,0.2051064548631041
76965,0.0209876152996572
76966,0.0215980164605727
76967,0.0769271182042495
76968,0.1874309246774616
76969,0.020157868019567
76970,0.0157790304731577
76971,0.0534166636973969
76972,0.01884098215524
76973,0.0183760634999355
76974,0.0155872335221503
76975,0.0343507998847519
76976,0.0888157957748769
76977,0.0789471213546985
76978,0.019994809000421
76979,0.0174466523164999
76980,0.0300729517831993
76981,0.0156054000992327
76982,0.9396522009159112
76983,0.0300564554354312
76984,0.0238083264590187
76985,0.0221563436708467
76986,0.0340732820334883
76987,0.9487655461543356
76988,0.02710206087083
76989,0.0320134812250537
76990,0.0170314076114215
76991,0.9404222778414664
76992,0.0186578641420056
76993,0.9473180951822656
76994,0.0199996854004823
76995,0.0165781235053772
76996,0.0488876724195638
76997,0.9070858062400372
76998,0.0328609157040608
76999,0.0216524125913992
77000,0.0234871152494063
77001,0.0175461300626288
77002,0.0665177876322839
77003,0.9359555435008224
77004,0.0453260610811577
77005,0.9391618661816884
77006,0.0159304155232916
77007,0.0441067351009629
77008,0.9362311893816072
77009,0.0170049060145537
77010,0.0175880095495067
77011,0.025281368894915
77012,0.0496325523316663
77013,0.0312524849845831
77014,0.0184087782975959
77015,0.0169256993911469
77016,0.8218224731770443
77017,0.0593558396834797
77018,0.0187413128582214
77019,0.8804677576735138
77020,0.0159959368017482
77021,0.0204722501211291
77022,0.0491411352752319
77023,0.3843831962329725
77024,0.0258342397684912
77025,0.01669387610698
77026,0.1970069636454205
77027,0.0258044318626456
77028,0.0254621087531087
77029,0.023648018422729
77030,0.0160187053302601
77031,0.0176689292922693
77032,0.030445821010357
77033,0.0729875168937215
77034,0.9485884735434092
77035,0.9108252738826764
77036,0.0181943218388535
77037,0.0225868923762507
77038,0.0520237732945841
77039,0.0169510416456387
77040,0.0196450886271351
77041,0.0158630366852741
77042,0.0314703081853417
77043,0.0401628207281958
77044,0.0196253293403306
77045,0.0174526960600167
77046,0.0231058788277788
77047,0.0280908911374935
77048,0.740771682679655
77049,0.0427746595663272
77050,0.0234380481929402
77051,0.0157620155347072
77052,0.0155913376136648
77053,0.0263883661463401
77054,0.0181616051502711
77055,0.0157744394757051
77056,0.0225550228657391
77057,0.056778530273383
77058,0.0385675134223433
77059,0.0305952669089577
77060,0.017402877154495
77061,0.1015993556037994
77062,0.0286728325943327
77063,0.934539407056156
77064,0.0370348382512762
77065,0.0167853155108772
77066,0.5588667599837699
77067,0.9190245829932976
77068,0.0191974196590564
77069,0.0207873096874897
77070,0.0167714740286431
77071,0.0209013122998035
77072,0.0188691268338341
77073,0.93433456507124
77074,0.0169593814875384
77075,0.0173962530172252
77076,0.0213826546709857
77077,0.0161404486543565
77078,0.0169873842686693
77079,0.0350794605808094
77080,0.0296726478811838
77081,0.0229786540952829
77082,0.0174680466103173
77083,0.8352495840712229
77084,0.0171782907303075
77085,0.0440385271484323
77086,0.1378488540576232
77087,0.0196252768756202
77088,0.1774136280871497
77089,0.0187955828453001
77090,0.0203810967779332
77091,0.017062659725154
77092,0.0225387384432942
77093,0.0449609974912199
77094,0.0699882851211253
77095,0.0165056204166056
77096,0.022160107698294
77097,0.0530506854669611
77098,0.4584054454718962
77099,0.027127165619149
77100,0.0819571213100374
77101,0.0216995349989396
77102,0.1301038823750736
77103,0.0778668532896012
77104,0.0157811780446921
77105,0.0603787997794932
77106,0.0182692258803998
77107,0.0346042916607202
77108,0.017007528126882
77109,0.0190875336694528
77110,0.0388173305852308
77111,0.0207868260039769
77112,0.0157728540517299
77113,0.0733450210173743
77114,0.3574493258205282
77115,0.0320774781862447
77116,0.035964462167871
77117,0.0177129746871724
77118,0.0257169662512623
77119,0.0191285618280427
77120,0.0565248817376704
77121,0.0200337297786432
77122,0.0194850329106653
77123,0.0271952440226021
77124,0.0179841309164172
77125,0.0560886837358644
77126,0.0179857876248503
77127,0.2471402144358225
77128,0.0160536784102145
77129,0.0168826127086023
77130,0.9459338059522948
77131,0.030210797167505
77132,0.0158818669816873
77133,0.1220617366124428
77134,0.0172921775510837
77135,0.938016717364746
77136,0.0169873320935402
77137,0.0160045391417864
77138,0.0160745300857905
77139,0.1174237778727724
77140,0.9367119611272924
77141,0.0177859894043555
77142,0.944554691358768
77143,0.0197168046017404
77144,0.0187919496908683
77145,0.021450657483193
77146,0.0169444962035572
77147,0.942311202369321
77148,0.0159918771597314
77149,0.9430532164941048
77150,0.0182789965859373
77151,0.0175916484308216
77152,0.9409141904475954
77153,0.0167402978779291
77154,0.2249639939404096
77155,0.9378189803764556
77156,0.0220449925695373
77157,0.9375706156756728
77158,0.0217507881904431
77159,0.0177441150618651
77160,0.0254168847220269
77161,0.0583682443384052
77162,0.0649638546135258
77163,0.0182863672291671
77164,0.0302938278587069
77165,0.0514648649224777
77166,0.0214305217399201
77167,0.0219888342741312
77168,0.0173171295804184
77169,0.0422416094337065
77170,0.1310891071882629
77171,0.0285951956173435
77172,0.0173710222488739
77173,0.0201119565490973
77174,0.3321965452054455
77175,0.0405726490460898
77176,0.0175473574857548
77177,0.0180432243822714
77178,0.256117159115044
77179,0.0177445515206753
77180,0.0181755460352345
77181,0.0255053143285861
77182,0.1026979915936388
77183,0.0482269151899783
77184,0.0416655641303371
77185,0.0187792019074411
77186,0.0162846964870773
77187,0.0225273919928843
77188,0.0182527306457223
77189,0.0190328007305366
77190,0.0219977127769027
77191,0.0191737995246374
77192,0.0167754763802427
77193,0.0463691745741037
77194,0.0173798243036687
77195,0.0743445073125439
77196,0.0268154791887461
77197,0.019732461307522
77198,0.1380551300010976
77199,0.0218918058625129
77200,0.0362521953932778
77201,0.1002063008558622
77202,0.017562311785329
77203,0.935093268270126
77204,0.0366921478387751
77205,0.3049816547147856
77206,0.0159174181747059
77207,0.0156652648219796
77208,0.0202286406975612
77209,0.016322049189386
77210,0.0160049117340924
77211,0.0171706208153181
77212,0.1762918166385713
77213,0.0199568496918791
77214,0.0293118663677847
77215,0.0159826362705496
77216,0.0247854201824011
77217,0.0187007165225981
77218,0.0213658227067396
77219,0.0167405926870119
77220,0.0215278825033706
77221,0.0214292103032535
77222,0.0325057749853165
77223,0.9438346927954216
77224,0.0181742240723724
77225,0.0214656244252252
77226,0.0186956350338443
77227,0.0556627911770696
77228,0.0199569635559893
77229,0.0172347116173877
77230,0.0190929730573483
77231,0.0278099622110039
77232,0.0731892164827116
77233,0.0197128617876816
77234,0.0291726179602194
77235,0.0185002835457354
77236,0.0197819343197856
77237,0.0157633533115542
77238,0.0265575669929679
77239,0.0181707497419586
77240,0.0285801639573448
77241,0.0193588961381427
77242,0.0584125638849131
77243,0.019167041998117
77244,0.0195124281361469
77245,0.0283807907891954
77246,0.0196787996982333
77247,0.015906206740648
77248,0.0180759026124124
77249,0.0157333636184674
77250,0.4131941303155325
77251,0.0279268012401153
77252,0.0198485804575753
77253,0.0159092934780279
77254,0.943394258116653
77255,0.0164255261990003
77256,0.1540006431893008
77257,0.3852563845310927
77258,0.0558132837698832
77259,0.0647401321771791
77260,0.021214868215845
77261,0.0363578181422049
77262,0.0488867450675384
77263,0.019281329343007
77264,0.9405900673178303
77265,0.0168256327153978
77266,0.0162739132405249
77267,0.0235111038995762
77268,0.0199654118789046
77269,0.0194479884048292
77270,0.0181437045167552
77271,0.0269299322059669
77272,0.034597082228774
77273,0.0166496730317095
77274,0.016339985011246
77275,0.0827657908121604
77276,0.6710738942016177
77277,0.0179426156212196
77278,0.0176679851551805
77279,0.0342004971606474
77280,0.0173259005584837
77281,0.0235308504549089
77282,0.0218542828430337
77283,0.0179215615711185
77284,0.0267283405403502
77285,0.0208487710559849
77286,0.0394451239389784
77287,0.0328718261705789
77288,0.0169829757802421
77289,0.0198416623636481
77290,0.0244338543150789
77291,0.0207075943614929
77292,0.0198503346691796
77293,0.0427413356768152
77294,0.0307221463951878
77295,0.0231176523927943
77296,0.0195670001252349
77297,0.0174830830977158
77298,0.4643490306721133
77299,0.0169497098044249
77300,0.0413239659031072
77301,0.0355147435130092
77302,0.1051549175744487
77303,0.0183902499209709
77304,0.0167471533985771
77305,0.0200722320312509
77306,0.0261474365540728
77307,0.118707202312095
77308,0.0180823436483384
77309,0.0175840176924004
77310,0.0906344947151284
77311,0.9407543538475386
77312,0.0170582097364009
77313,0.0177371441350769
77314,0.0216180751236392
77315,0.0245032794402774
77316,0.9314005997213834
77317,0.9206180500327404
77318,0.0169761093452244
77319,0.0160341831602487
77320,0.0167230736256257
77321,0.0272784142188508
77322,0.030364194621044
77323,0.1078081243495501
77324,0.016918734510932
77325,0.1430941948504251
77326,0.5643655541939774
77327,0.0253313509041869
77328,0.020271905336265
77329,0.4575120437936203
77330,0.01973257306262
77331,0.0160830993162897
77332,0.934950544654704
77333,0.0196584841159314
77334,0.0158532055596919
77335,0.0158743650031516
77336,0.0335919746342794
77337,0.0157814830425828
77338,0.0167568567317229
77339,0.0200328050962624
77340,0.016434822613628
77341,0.0505001763756544
77342,0.0203418090095693
77343,0.0215700812767545
77344,0.0652766217846602
77345,0.0358330009444721
77346,0.0209597201326633
77347,0.0175671443161561
77348,0.029577256382913
77349,0.0182613405810079
77350,0.0162123797886486
77351,0.0310980149654925
77352,0.022431569852065
77353,0.0169336760835943
77354,0.0164307942615071
77355,0.0458349931018795
77356,0.1563692353678046
77357,0.0955803642925519
77358,0.0230209933738474
77359,0.0158266791782046
77360,0.017595426656242
77361,0.1205014859644188
77362,0.0217467980941914
77363,0.0231554960671293
77364,0.9360715579203088
77365,0.0694576431527772
77366,0.017322307776464
77367,0.0413584274079681
77368,0.0193321896930825
77369,0.0224975444656438
77370,0.0262694072319907
77371,0.0273879782591905
77372,0.141239995741258
77373,0.0636506866430412
77374,0.015669407355681
77375,0.0164267137424631
77376,0.0323517190103878
77377,0.0276572209261452
77378,0.0196011638483485
77379,0.0367342394875951
77380,0.9392908757943312
77381,0.130986829482482
77382,0.0335987062234316
77383,0.0207506088378067
77384,0.9211356764588872
77385,0.0204535911638977
77386,0.1228787992678031
77387,0.0158104021716922
77388,0.0164528354892056
77389,0.0381832436950359
77390,0.0188352650744781
77391,0.0458487856872315
77392,0.0340752004544629
77393,0.040812162365748
77394,0.5153408264965669
77395,0.2197092885508214
77396,0.0358562607119916
77397,0.0199601640648746
77398,0.075662559123524
77399,0.8990319201561993
77400,0.0163826831411424
77401,0.9433364366514464
77402,0.0165420565590039
77403,0.0172662011805798
77404,0.0362048716358137
77405,0.2378532759032398
77406,0.0181801181066413
77407,0.0206055166100585
77408,0.1175138239602611
77409,0.0173380147221979
77410,0.0280216683324439
77411,0.0256561772414517
77412,0.02671686348664
77413,0.0191422011215367
77414,0.0190181798688813
77415,0.0319532763684117
77416,0.0181588650335499
77417,0.030187787905329
77418,0.0191277324673067
77419,0.0202642974613803
77420,0.9062798446685026
77421,0.0175883005805499
77422,0.0175970509341249
77423,0.0194424920341431
77424,0.143499768556521
77425,0.0751955259343429
77426,0.0183327542064853
77427,0.0292531090281142
77428,0.0162202107217992
77429,0.018514650457179
77430,0.0389453108164332
77431,0.0189607711683448
77432,0.0180976589376051
77433,0.0445030074093027
77434,0.017741606351516
77435,0.0201677354153631
77436,0.0408794706066197
77437,0.1143009913238894
77438,0.0178295135336884
77439,0.0166223675323043
77440,0.0387771472905676
77441,0.9410992606567012
77442,0.0204419014424043
77443,0.0169576549193674
77444,0.0252369501432799
77445,0.0217551198671697
77446,0.9439562955410824
77447,0.0160640953455083
77448,0.0268196604389586
77449,0.0271780722245838
77450,0.9396198612457856
77451,0.0829364712500402
77452,0.0376217280375045
77453,0.0286269772306579
77454,0.0168222047396319
77455,0.0260144563858836
77456,0.0420664629220167
77457,0.0165829201378436
77458,0.0160124040914761
77459,0.0157159759740478
77460,0.0186316053964041
77461,0.9357874246280352
77462,0.0315949512923672
77463,0.0253038972011264
77464,0.0937297335121858
77465,0.0259421649590828
77466,0.0246729048078412
77467,0.1620534506771125
77468,0.0553663221981439
77469,0.6837379341176896
77470,0.0634166611088482
77471,0.9402575675450336
77472,0.9438946885277472
77473,0.067120525493675
77474,0.8698985044499362
77475,0.0161384612252928
77476,0.0267400508554715
77477,0.0271101682227844
77478,0.0162642367504624
77479,0.0170340542323892
77480,0.021080442699734
77481,0.0165797677940042
77482,0.0207522188081134
77483,0.016539973382496
77484,0.0238644467722921
77485,0.0236755478944158
77486,0.0402352242966554
77487,0.0402736819537097
77488,0.2010248957411284
77489,0.0387214255416683
77490,0.9466232051408032
77491,0.0222285775645549
77492,0.0232064407989566
77493,0.0162295058155384
77494,0.0205478903456177
77495,0.0383898954995082
77496,0.3025152951755035
77497,0.0182775194392295
77498,0.0175589471816419
77499,0.0215651761155167
77500,0.0198549455024585
77501,0.0183710765895807
77502,0.927514039091618
77503,0.0192892165054065
77504,0.0252118254994184
77505,0.2361339877704263
77506,0.0229546064449612
77507,0.0164137553934468
77508,0.1199285467921585
77509,0.2811841000661303
77510,0.9317595023914632
77511,0.0165987927742541
77512,0.9281906338930568
77513,0.0255626293964205
77514,0.02150548702833
77515,0.5411104403706652
77516,0.0235085091293604
77517,0.0173265721231018
77518,0.9474745555490574
77519,0.9455137452208144
77520,0.9287298440851156
77521,0.0247384518925468
77522,0.0211454093343406
77523,0.0171732364996914
77524,0.0179913295605591
77525,0.9391364677108958
77526,0.0163071293692662
77527,0.0191196054408155
77528,0.0160868976728248
77529,0.0189268098093345
77530,0.0228860206422603
77531,0.0172841065734516
77532,0.0292762838842934
77533,0.3482230955059097
77534,0.0177598535881171
77535,0.0160256475844599
77536,0.0196079440398281
77537,0.0428318624286694
77538,0.0294082329659695
77539,0.0164437828435814
77540,0.0846752731728906
77541,0.0809541200833236
77542,0.029756848594841
77543,0.0258793290198424
77544,0.942786031362954
77545,0.0229288644518015
77546,0.0318217384951437
77547,0.0295918315590824
77548,0.0188769274566482
77549,0.0245935455483475
77550,0.0169684444572787
77551,0.0165268009740295
77552,0.0374967115954627
77553,0.0814701770546879
77554,0.1148345303962209
77555,0.868313927198896
77556,0.0222480774844574
77557,0.0243578560502659
77558,0.0279383981002479
77559,0.0477700811989113
77560,0.1550937495214109
77561,0.7560535911490628
77562,0.4255895904283564
77563,0.0252066206238302
77564,0.0242062952308678
77565,0.0333013433569847
77566,0.0340612064818781
77567,0.0246370644956145
77568,0.0666543631995999
77569,0.0159561521925078
77570,0.016264496015911
77571,0.0181373374125226
77572,0.0231596212501557
77573,0.0248308797217772
77574,0.0310160698819726
77575,0.9282249381350056
77576,0.1818878757662275
77577,0.0183419108285588
77578,0.9302230383608124
77579,0.0164413126218213
77580,0.0173386283631084
77581,0.0225702839589422
77582,0.0232955159148706
77583,0.938446098073789
77584,0.0200899761400446
77585,0.0463749490618812
77586,0.015932864966354
77587,0.1210284659359582
77588,0.0314237969261458
77589,0.0211882459902098
77590,0.2915494553721576
77591,0.1205558670794667
77592,0.0171716717383802
77593,0.0574760608785115
77594,0.0994416184937624
77595,0.9429685983386716
77596,0.0749683935337442
77597,0.0505905641494757
77598,0.0166649289807609
77599,0.941245223983506
77600,0.0196252223541027
77601,0.0201211892404102
77602,0.3078488174528793
77603,0.018919560977836
77604,0.0166826523153525
77605,0.0175687351716412
77606,0.0194409704523346
77607,0.9106210635822332
77608,0.9285868199710166
77609,0.0283197159629434
77610,0.0170751009500867
77611,0.0510541889587552
77612,0.0221472476402962
77613,0.0194306904433809
77614,0.0197853398027747
77615,0.0300868837336503
77616,0.0253539369743604
77617,0.0172546049017268
77618,0.0562066112442972
77619,0.0155770857144258
77620,0.0222108887433326
77621,0.0222732301757401
77622,0.3667317330262249
77623,0.0453116415482901
77624,0.0251481118916204
77625,0.23172078682617
77626,0.1329434979950824
77627,0.024343337696372
77628,0.0162925136961308
77629,0.1209508746976896
77630,0.0217203657109171
77631,0.1109681137741856
77632,0.1448800414064895
77633,0.0177245287558184
77634,0.9299597729066832
77635,0.0162149682923213
77636,0.0487447424668363
77637,0.0265059704598241
77638,0.1819964478917586
77639,0.3103114120609972
77640,0.0210367534274487
77641,0.0566404930051968
77642,0.0167159332834989
77643,0.89251533526702
77644,0.0196100480885627
77645,0.016479206357362
77646,0.0374915911178089
77647,0.0254927532204797
77648,0.945749569217266
77649,0.0320659309599192
77650,0.9328194383826952
77651,0.0398134284848544
77652,0.0291075938959519
77653,0.016936177159655
77654,0.8795648610178303
77655,0.0449754824571247
77656,0.0166656049279444
77657,0.1144698982745566
77658,0.0229399517033469
77659,0.0257497496163069
77660,0.0166713910786379
77661,0.0256230610430578
77662,0.0179693259206952
77663,0.0212784229365157
77664,0.0174465460933755
77665,0.023332974402148
77666,0.017970905977265
77667,0.0218853839021987
77668,0.0493457618895449
77669,0.6898556644244597
77670,0.3789984310062901
77671,0.0274679431279705
77672,0.0176324267539424
77673,0.0185419260282833
77674,0.0275920398071203
77675,0.0199032617191891
77676,0.0189284409875008
77677,0.0195088714714326
77678,0.0743707259559575
77679,0.0259701530523119
77680,0.0173611114417891
77681,0.017521571467294
77682,0.2090266083854049
77683,0.1711477021705052
77684,0.0164845396440995
77685,0.0297898894570414
77686,0.0227726356098327
77687,0.0166916424677281
77688,0.942297949323517
77689,0.0462717625440655
77690,0.1736180331194294
77691,0.866525397760473
77692,0.9409363049456828
77693,0.0184727778355048
77694,0.9423655270199176
77695,0.0487811544968028
77696,0.025395082626918
77697,0.0204934568829391
77698,0.0282697946374713
77699,0.0169552734894479
77700,0.0168768412020383
77701,0.1368273447236848
77702,0.0173436709749218
77703,0.023470842544345
77704,0.0525559626546511
77705,0.7154545389955655
77706,0.2531682810633651
77707,0.0472326835746919
77708,0.015969886765888
77709,0.218025409278449
77710,0.0243394419280496
77711,0.02075437458896
77712,0.0213134920794696
77713,0.0186798774879431
77714,0.022415993034081
77715,0.8897662130382126
77716,0.0414866935934397
77717,0.3033393438891367
77718,0.9423768383376068
77719,0.0623394307873578
77720,0.0206318560014586
77721,0.0221394453066478
77722,0.0532191099304961
77723,0.0327247380683653
77724,0.1398281490091338
77725,0.0176247382124768
77726,0.0225676718872147
77727,0.2018510416901524
77728,0.0164506070652297
77729,0.0157919856588204
77730,0.0209148799274505
77731,0.0402940259048334
77732,0.0203144500787338
77733,0.0171914094028508
77734,0.0372765118500049
77735,0.0186541162200089
77736,0.0203573153481444
77737,0.0294187627752177
77738,0.0287222947009211
77739,0.0337996407046696
77740,0.0837213453178553
77741,0.0162110570839358
77742,0.0328190145248348
77743,0.0180982581407976
77744,0.0232280418146296
77745,0.0168624812310533
77746,0.0193067190602282
77747,0.0249809950736537
77748,0.9320159610908496
77749,0.9420235997150131
77750,0.0174399760959099
77751,0.0281444134886732
77752,0.9273521967875816
77753,0.020184189121284
77754,0.0329535816443842
77755,0.0228132069441881
77756,0.0169229181936639
77757,0.0216366216259504
77758,0.0265331916516305
77759,0.0579123835860495
77760,0.0158949868853233
77761,0.9205371870875236
77762,0.0236698683086156
77763,0.0174496545679666
77764,0.0169718950756231
77765,0.0258240965776704
77766,0.0616658753166609
77767,0.9311159182500516
77768,0.8557547374306524
77769,0.0252143589697925
77770,0.0194778151178629
77771,0.944044776859894
77772,0.9374349077589476
77773,0.2004786550066916
77774,0.0314658105602173
77775,0.0695715368851766
77776,0.0157722424779615
77777,0.1185523752766015
77778,0.0173599141114334
77779,0.018234115964143
77780,0.0490028068292875
77781,0.113851922063338
77782,0.0306046762203322
77783,0.0236772921048435
77784,0.8911372437936231
77785,0.021828949969367
77786,0.0165721742124033
77787,0.0188930514717542
77788,0.03686068859544
77789,0.017253314418449
77790,0.0183903511844894
77791,0.0397192588532327
77792,0.0189635771644577
77793,0.9254825965762165
77794,0.0258984839250123
77795,0.0155397733798706
77796,0.9434394063225748
77797,0.0325700400455814
77798,0.0177149869246073
77799,0.9383509777748404
77800,0.0314937416878276
77801,0.030096351416842
77802,0.94741443113474
77803,0.0181517833837124
77804,0.018252903814873
77805,0.0205299579772667
77806,0.2296009434896634
77807,0.9414509964330692
77808,0.0792929937477334
77809,0.0290081671442919
77810,0.0304063388537849
77811,0.0679925617298438
77812,0.0183421133037948
77813,0.0380048333132308
77814,0.0162591426052051
77815,0.0158353524796016
77816,0.0164711277949712
77817,0.0251157371338797
77818,0.0163974950251765
77819,0.0542377603558726
77820,0.9244181365953336
77821,0.0241458374447522
77822,0.0226904252421707
77823,0.0284211048538913
77824,0.0185078406220503
77825,0.0409785460953135
77826,0.0176710573321386
77827,0.0236935446815642
77828,0.0242550201767432
77829,0.0201849116839758
77830,0.0177216347186248
77831,0.0205249400769641
77832,0.0173342839362766
77833,0.0174898629093367
77834,0.0229349763268297
77835,0.05277391555396
77836,0.023262419100493
77837,0.0160798673030663
77838,0.0167841514263813
77839,0.0341546644199995
77840,0.052250267201109
77841,0.0164422698765471
77842,0.6191872135847053
77843,0.0754784154098204
77844,0.4528092935534659
77845,0.0728432656041093
77846,0.0217995859158166
77847,0.919105627851678
77848,0.0357831475203319
77849,0.0283435484061589
77850,0.0224193881987106
77851,0.9455149053737664
77852,0.0211568311438651
77853,0.0184849946267956
77854,0.0163165287894399
77855,0.0174875442372619
77856,0.0194233180069485
77857,0.0562173512318731
77858,0.0656890385812613
77859,0.0791854310480542
77860,0.9337843191110689
77861,0.924206664600184
77862,0.0189570441653406
77863,0.0880708908844147
77864,0.9393735326735216
77865,0.0175488108138649
77866,0.0181026689150057
77867,0.0159336358840452
77868,0.0242514618200574
77869,0.0220116148258574
77870,0.0183985812037818
77871,0.0218201347518401
77872,0.0331297899099748
77873,0.9469603230087208
77874,0.0171868692583969
77875,0.0266341227091867
77876,0.0235376237044785
77877,0.0190908248106877
77878,0.0267210246884308
77879,0.424524772972336
77880,0.021985509694041
77881,0.1874691817371132
77882,0.1788722964461045
77883,0.0627998302359047
77884,0.9121638641827388
77885,0.0188121393393861
77886,0.0181210004565477
77887,0.0171114222212239
77888,0.0467494486964034
77889,0.0301937756758336
77890,0.0240839476386653
77891,0.0174213893660004
77892,0.933419667001326
77893,0.0209760800227564
77894,0.0439893038141292
77895,0.0157030316545646
77896,0.0158284082448251
77897,0.0372374062627892
77898,0.0997660651181933
77899,0.0186802983252079
77900,0.0286849813969904
77901,0.0185961887133792
77902,0.0163276582846203
77903,0.029394900256355
77904,0.124993545667057
77905,0.0193068881065806
77906,0.043010774158084
77907,0.0399638069777061
77908,0.0307712479499488
77909,0.0185368559888219
77910,0.0232936987096299
77911,0.0854465587435127
77912,0.0577876908633364
77913,0.1121913811997404
77914,0.0178531474227863
77915,0.9373991009804892
77916,0.0183644599566399
77917,0.0332862481650324
77918,0.0193024503400544
77919,0.0168955396067553
77920,0.0531132246211663
77921,0.0164187792093305
77922,0.0233613566372114
77923,0.0442375538752623
77924,0.0209587280709998
77925,0.0335244389398948
77926,0.0189445260091055
77927,0.02142258051157
77928,0.0179610875666868
77929,0.0207943799919688
77930,0.0200157238175809
77931,0.0320531825490402
77932,0.0177694882428664
77933,0.140123709975228
77934,0.0158847320318289
77935,0.0177509920650515
77936,0.0272908036254151
77937,0.0240017132891406
77938,0.0339762680609704
77939,0.3339774328437795
77940,0.019600235732798
77941,0.0204729425525585
77942,0.0170303770325585
77943,0.0214065298934762
77944,0.020505396735205
77945,0.0161050071794046
77946,0.0194424471975074
77947,0.0570513337674866
77948,0.9195131622880028
77949,0.1350250122404021
77950,0.0168317366962263
77951,0.0492174579209601
77952,0.0169045087053284
77953,0.188395534221604
77954,0.0182401976576532
77955,0.0252203499895835
77956,0.0675862543757955
77957,0.9257656662577234
77958,0.0266901702723037
77959,0.0543618117476773
77960,0.0544385438600857
77961,0.0170772085840218
77962,0.0205076160718859
77963,0.0168303877282249
77964,0.0155882612231572
77965,0.223144553119075
77966,0.0188839070982178
77967,0.0229971540683284
77968,0.0170693043002185
77969,0.0163909655721313
77970,0.1234106894632153
77971,0.0228946651177002
77972,0.1811664149623348
77973,0.0201715280671123
77974,0.9066712111796476
77975,0.0165090907340119
77976,0.0248487206560633
77977,0.0206801066626042
77978,0.0169703233347319
77979,0.0461032120445361
77980,0.0161864697700764
77981,0.016797874557973
77982,0.018770423150923
77983,0.0160348508558921
77984,0.0392991130887083
77985,0.041075241335146
77986,0.0540478543441714
77987,0.0309130814708105
77988,0.0546750472763927
77989,0.0199323040641647
77990,0.0213045274181156
77991,0.1140782133032001
77992,0.016329045500266
77993,0.94001031941919
77994,0.9371721633348368
77995,0.0695625393994323
77996,0.0251216823972933
77997,0.0180306408396862
77998,0.9387938586092012
77999,0.0160488642059767
78000,0.017072738130682
78001,0.0494473221657624
78002,0.0227779342843745
78003,0.0164519194165325
78004,0.0665344213138098
78005,0.0165139842636367
78006,0.0190397643339363
78007,0.0239355627704555
78008,0.0196200153002028
78009,0.017541598808549
78010,0.0209602669879394
78011,0.0168857726524564
78012,0.0293610893462634
78013,0.0580648686637249
78014,0.0168993954159454
78015,0.0264787241010175
78016,0.0238545794988242
78017,0.0193929282926415
78018,0.0159038507152455
78019,0.9360719474906872
78020,0.0162594431871346
78021,0.0690325406312611
78022,0.0164311236405196
78023,0.921265158949666
78024,0.0340564422543377
78025,0.0295558278679036
78026,0.0390152932530549
78027,0.0928771037683949
78028,0.021209756724584
78029,0.0321659344847581
78030,0.0263443984628838
78031,0.031515614363249
78032,0.2164086601072778
78033,0.8918988312895739
78034,0.0205843632481596
78035,0.0194827747718667
78036,0.0174451789173204
78037,0.0216287962860108
78038,0.0188223324679104
78039,0.0480943818184967
78040,0.0186572928777584
78041,0.0178554078425157
78042,0.0163173856144218
78043,0.4043989623960201
78044,0.0216302418745196
78045,0.0201780671590542
78046,0.1094435282688595
78047,0.9304535554913456
78048,0.9233073192088984
78049,0.0249703454901504
78050,0.0526118979544835
78051,0.0158530130553501
78052,0.0369080293177892
78053,0.02232150657528
78054,0.0377043804123968
78055,0.0167275022500475
78056,0.0351081334458949
78057,0.1351362323906396
78058,0.0412215129615127
78059,0.0221031190718946
78060,0.0197609379739001
78061,0.0777821037428797
78062,0.191513489609978
78063,0.0170385318857107
78064,0.0194902460433947
78065,0.0234772388319314
78066,0.0212963970156423
78067,0.0197480030196926
78068,0.5360371416963625
78069,0.0252917407725679
78070,0.0179377236385573
78071,0.4393888521515103
78072,0.019116513926492
78073,0.091271596053728
78074,0.0202749882785213
78075,0.0249398530253039
78076,0.0212998107717904
78077,0.019499786809729
78078,0.8914259409459163
78079,0.0163841016624078
78080,0.9107789190397048
78081,0.0232596283493108
78082,0.0176609249059671
78083,0.035655196405282
78084,0.024159013181285
78085,0.0862592993015381
78086,0.0170363317344791
78087,0.0529319586784352
78088,0.0237791520746516
78089,0.9476786230048168
78090,0.0164273939438924
78091,0.0766174520668309
78092,0.8964389494307881
78093,0.0643048376707521
78094,0.0178447941603685
78095,0.0166842679370862
78096,0.0190552108598975
78097,0.0239144943365821
78098,0.0195244611509863
78099,0.0189754001410306
78100,0.0170804318342491
78101,0.5683449117274985
78102,0.0269728789128118
78103,0.0158098987360596
78104,0.0206098255088905
78105,0.017236399685881
78106,0.0164959692888306
78107,0.0174151689439107
78108,0.0155669656966016
78109,0.0318363221735007
78110,0.0208145261647222
78111,0.0230050214770524
78112,0.0392140111781379
78113,0.0236165983430081
78114,0.0443735115617412
78115,0.0163230553954325
78116,0.0299154659983936
78117,0.0497280615468831
78118,0.0195726756759395
78119,0.0326477689593894
78120,0.017961408223237
78121,0.0690836259449306
78122,0.024074483747346
78123,0.0319321351876502
78124,0.2601109089940416
78125,0.9069207683848284
78126,0.0211506134828466
78127,0.0162587237904201
78128,0.0164655340541908
78129,0.0162974062309808
78130,0.0165611042347697
78131,0.0510757358115365
78132,0.0183459784175008
78133,0.0287255061371868
78134,0.0232352594753583
78135,0.0173567462187386
78136,0.0205030990636163
78137,0.017647452527942
78138,0.2951653433433643
78139,0.0170406287405858
78140,0.0275315495102477
78141,0.194237196263988
78142,0.9258418386020376
78143,0.0405970706949697
78144,0.0335243177350123
78145,0.9485806370162037
78146,0.0225210164453634
78147,0.0158763263281674
78148,0.0191794810043492
78149,0.1864820831570423
78150,0.0701605771736388
78151,0.0301103181642304
78152,0.1012469961044093
78153,0.0185036591671376
78154,0.1421171322765387
78155,0.0470162583922289
78156,0.0285865732958545
78157,0.0372119615723553
78158,0.0226844993599231
78159,0.0158083050473373
78160,0.018056085437537
78161,0.0218051892608127
78162,0.0225615150427198
78163,0.0300403736694025
78164,0.0225809529993621
78165,0.0159734393861009
78166,0.0301614476696084
78167,0.0218660278067489
78168,0.0178182539882737
78169,0.0155636033352855
78170,0.9162969076266272
78171,0.0229715091457026
78172,0.2754975151809293
78173,0.9107083205903396
78174,0.1334716241524326
78175,0.0187912504995371
78176,0.0197186720392833
78177,0.0167348862260763
78178,0.023180090901091
78179,0.9474661716332752
78180,0.0215511921102466
78181,0.0267705059781451
78182,0.0159443920803323
78183,0.0330411188612711
78184,0.3472435612299855
78185,0.9467423109944334
78186,0.0210412819610307
78187,0.0184988694168734
78188,0.918742312522392
78189,0.5371670636805067
78190,0.0184404121391837
78191,0.9459066498492864
78192,0.0250222564818599
78193,0.1084459737482556
78194,0.0455809160064831
78195,0.019885485735606
78196,0.0156291380683875
78197,0.0712207083449771
78198,0.0195300528450894
78199,0.0238455057658519
78200,0.0167528234988269
78201,0.016220302447532
78202,0.0713284485546484
78203,0.9468348969919396
78204,0.0160229385810112
78205,0.0208542836800754
78206,0.0655930972289973
78207,0.0520915509428182
78208,0.0223040570394227
78209,0.0412408866509897
78210,0.050230089555488
78211,0.0171805501209451
78212,0.0238023278654945
78213,0.042219320299883
78214,0.0172420833745463
78215,0.0161590444523354
78216,0.0189026666503722
78217,0.029364755028387
78218,0.0180012810726282
78219,0.0168489077940078
78220,0.0183853931097915
78221,0.0199055759600842
78222,0.0160354579873763
78223,0.0203004974915918
78224,0.0172640867098303
78225,0.0309790906747608
78226,0.0168789001395104
78227,0.0178046055024086
78228,0.0163137025567066
78229,0.0168628816352753
78230,0.8891126071935008
78231,0.0355257912597089
78232,0.0164495150388107
78233,0.0488729958658991
78234,0.0164788356823835
78235,0.93267689431027
78236,0.4928715003984083
78237,0.0182937608218172
78238,0.0651614345348148
78239,0.0334896368211644
78240,0.0170168024231808
78241,0.8967843920878621
78242,0.0718086588504856
78243,0.0231394614309368
78244,0.0204608710644716
78245,0.0448909786998827
78246,0.0162665212772372
78247,0.0171921735182712
78248,0.0176513483935432
78249,0.0224457947223979
78250,0.1008898691061727
78251,0.0248243217976301
78252,0.0278879685122975
78253,0.1137717377370245
78254,0.0225288379351944
78255,0.5406867491725493
78256,0.0345738398728365
78257,0.0169705389202326
78258,0.0625835188743181
78259,0.0385463470790072
78260,0.9468799511436832
78261,0.0275907690527644
78262,0.6531833497021452
78263,0.0157605516765675
78264,0.0921755793180084
78265,0.027295049370117
78266,0.0228915588960781
78267,0.0204743382210901
78268,0.024186372414816
78269,0.2823563318815354
78270,0.0178504639000346
78271,0.0161585699181404
78272,0.0200845116249615
78273,0.0929935872606423
78274,0.015868681834217
78275,0.0163508573201211
78276,0.0193094865719064
78277,0.0180150282784902
78278,0.1370481859933689
78279,0.0174729069334854
78280,0.0240719986640295
78281,0.0161355608275169
78282,0.9424926445064852
78283,0.0213557494970032
78284,0.0229884765593119
78285,0.929810077185349
78286,0.0170942240340702
78287,0.0408001323165417
78288,0.0171239457829751
78289,0.0584837944106831
78290,0.0205842227167537
78291,0.9413858485848576
78292,0.0217449123584877
78293,0.0371883473545946
78294,0.0376144162075247
78295,0.0191164669576089
78296,0.0179232672435783
78297,0.0167919739770398
78298,0.019318687731094
78299,0.0202996767330346
78300,0.0187601588805038
78301,0.0214854468946381
78302,0.0199842298146478
78303,0.9206404869225332
78304,0.1197660651830233
78305,0.1083257788839535
78306,0.0336825240380695
78307,0.0170982093318166
78308,0.0237059419429408
78309,0.050450995140493
78310,0.6115090103794188
78311,0.057525231049501
78312,0.2740381366276325
78313,0.1558101361100836
78314,0.018857108860267
78315,0.053536983331203
78316,0.0456286355665378
78317,0.1461403729692945
78318,0.0165271840501475
78319,0.0404966255568841
78320,0.07670019123975
78321,0.0259110826208509
78322,0.0345610690723343
78323,0.0178977990392441
78324,0.0207792113209761
78325,0.0190572745866989
78326,0.1528675456622131
78327,0.0168979190750136
78328,0.0289121197127326
78329,0.0185330137855022
78330,0.0447356523644814
78331,0.0223142713515714
78332,0.0183177958728565
78333,0.016842811447457
78334,0.0820646802527561
78335,0.0203114951139246
78336,0.0192688883159882
78337,0.0263613198470776
78338,0.916987998009392
78339,0.0206727985822962
78340,0.939382661316794
78341,0.0249109391289988
78342,0.021714147378657
78343,0.0570842393966692
78344,0.2092467010756202
78345,0.0164261409416717
78346,0.0181633406478151
78347,0.9155675376403856
78348,0.0282886165806582
78349,0.0326258208331282
78350,0.8235460670654902
78351,0.0382672958743376
78352,0.0311872308010728
78353,0.0238698105125192
78354,0.0167329151619309
78355,0.0206806269352904
78356,0.0172445596803431
78357,0.0257264838177025
78358,0.0359078380677909
78359,0.0185458029654948
78360,0.0408406302796468
78361,0.0181631237344657
78362,0.1455346572585441
78363,0.7187510700847636
78364,0.0157294443383601
78365,0.0210454773028983
78366,0.0208220662667505
78367,0.035523216947293
78368,0.0278789163548201
78369,0.1490395765345088
78370,0.0184155475224328
78371,0.0202023720011163
78372,0.0246840210301858
78373,0.9334861054641956
78374,0.0191471674281244
78375,0.0478241026474275
78376,0.0294964049801248
78377,0.0360058508232799
78378,0.0287409082333567
78379,0.0168835494344123
78380,0.019028201945366
78381,0.0350737938461943
78382,0.0171104420125794
78383,0.2055054804368517
78384,0.019865936144403
78385,0.0167588044085648
78386,0.0244124798041272
78387,0.0668326378917268
78388,0.1002597976878606
78389,0.016302124371622
78390,0.0165643302816787
78391,0.0173717738679844
78392,0.0189985117914839
78393,0.019811666701433
78394,0.0453389984724488
78395,0.9324282869725764
78396,0.0164322679975707
78397,0.0221568279747482
78398,0.0159189558031255
78399,0.0185855702916561
78400,0.039207147331258
78401,0.0297371254501616
78402,0.0650567943966411
78403,0.023435558820142
78404,0.0229263250200457
78405,0.0250214158047031
78406,0.0158374507249706
78407,0.0160457431555819
78408,0.0172627723088007
78409,0.0525832315892351
78410,0.0350632847438117
78411,0.938475895412911
78412,0.0201644388281329
78413,0.0265424757262099
78414,0.02495398520188
78415,0.1888900542664499
78416,0.942300970421
78417,0.0757134919708891
78418,0.022685241412036
78419,0.0231880118017677
78420,0.0258910496354209
78421,0.0493618821902611
78422,0.237487705611213
78423,0.0229300600767142
78424,0.0169895004882621
78425,0.0341488201728735
78426,0.0266971960031561
78427,0.0740666748601105
78428,0.0157509671564943
78429,0.0232080609283608
78430,0.0193821308738482
78431,0.0233022575778751
78432,0.0188623240614406
78433,0.0723833281725451
78434,0.8410966961572748
78435,0.9365387817987664
78436,0.0161600512070733
78437,0.0377589473956552
78438,0.0239290309971693
78439,0.0237085937946091
78440,0.0194677804729489
78441,0.0184231070319391
78442,0.0418654256996167
78443,0.0811999935411758
78444,0.1768017226334598
78445,0.0213361833110356
78446,0.0169703152995487
78447,0.023218175911231
78448,0.020348150367987
78449,0.1346483442165112
78450,0.0538772157913272
78451,0.9472656635667662
78452,0.0180344848544781
78453,0.1000957174103387
78454,0.0160241646418067
78455,0.0414627082176545
78456,0.0175712593650143
78457,0.0257307678708182
78458,0.0217496969614633
78459,0.0448621492255208
78460,0.0254763729200453
78461,0.0199167221514465
78462,0.0175583818901541
78463,0.0212436844234211
78464,0.0197915257939394
78465,0.0163590078639587
78466,0.0220941595202277
78467,0.0320051806686386
78468,0.0226731952391849
78469,0.9404249391925056
78470,0.9404123896307032
78471,0.0449178766046753
78472,0.0260255161171896
78473,0.0177238126031851
78474,0.0243044196832849
78475,0.9216059679276132
78476,0.0248381174989115
78477,0.9476513658592218
78478,0.9327228314863886
78479,0.0177287680705901
78480,0.2707924434986675
78481,0.026198781946821
78482,0.0157914198817316
78483,0.0159977840816075
78484,0.1035438728475965
78485,0.0212521764696362
78486,0.0942904669139919
78487,0.0191415101379676
78488,0.0176627561179848
78489,0.0258410761644799
78490,0.0242442883456809
78491,0.0180097049878148
78492,0.4185448931430843
78493,0.0181579669704255
78494,0.0160004592001843
78495,0.0225831765644776
78496,0.017462396821775
78497,0.2611846279020661
78498,0.0302669387185453
78499,0.9474835277736776
78500,0.0377377882445164
78501,0.0472719500211282
78502,0.0163492390647077
78503,0.0213318865263925
78504,0.1042204425126974
78505,0.0474555587154677
78506,0.0172084394399781
78507,0.0242397965956631
78508,0.0179421546680604
78509,0.0556630254689857
78510,0.0236548937501988
78511,0.0166342015900309
78512,0.0169052934387145
78513,0.9343259721702172
78514,0.0160487726103778
78515,0.0197178712419065
78516,0.0435072859714379
78517,0.0196736478669402
78518,0.1752481145579392
78519,0.0263999478567002
78520,0.0203373786171428
78521,0.0197057411438904
78522,0.0166980278890405
78523,0.0210251484647313
78524,0.0169119068136779
78525,0.0176215856692856
78526,0.1138995825198062
78527,0.21615620565173
78528,0.017193596049903
78529,0.0197614749160273
78530,0.0210409518348325
78531,0.9476762372188752
78532,0.942247566409806
78533,0.021037981178143
78534,0.0160183701949487
78535,0.9477405954841848
78536,0.0296098376898201
78537,0.0202450051986244
78538,0.0174654185056159
78539,0.088663672850936
78540,0.1409622031023189
78541,0.0181433423722603
78542,0.1601175618295859
78543,0.0191236253146675
78544,0.0193235692498137
78545,0.0169266199359056
78546,0.1075099983296735
78547,0.0175579151406669
78548,0.0167658910942803
78549,0.0189246100418133
78550,0.0185016606840029
78551,0.0635362654007945
78552,0.0200024615573303
78553,0.0171599716284084
78554,0.0164501288584121
78555,0.0186186455163065
78556,0.943898756046594
78557,0.1163182700236037
78558,0.024903368488132
78559,0.0231266478359362
78560,0.0190724866921341
78561,0.0223238517481976
78562,0.0179493172743847
78563,0.0172835953389614
78564,0.0168927579325936
78565,0.0221112576565573
78566,0.0225599722260765
78567,0.0161109775000259
78568,0.3226044312029078
78569,0.0209378846658708
78570,0.0173258918104795
78571,0.0183972456928897
78572,0.0158886417942815
78573,0.9231566345912484
78574,0.1376705230719459
78575,0.0211037819057217
78576,0.0585571297212915
78577,0.2316072344000605
78578,0.0553556673112311
78579,0.946923643428278
78580,0.0247583976145359
78581,0.0192860388672471
78582,0.0249446196504051
78583,0.0227662019548302
78584,0.0182522572898452
78585,0.0186332323893561
78586,0.127717297533826
78587,0.0166324691023258
78588,0.0502460092840314
78589,0.0218042542745413
78590,0.0167034188157805
78591,0.0168587131840253
78592,0.0975987618516567
78593,0.0190205350291843
78594,0.9353142140882164
78595,0.016251436738985
78596,0.0170476000095377
78597,0.9385627298539204
78598,0.0505409670997128
78599,0.0172878899128011
78600,0.0191508236717629
78601,0.1289639528380152
78602,0.0242373307669847
78603,0.0245437436190838
78604,0.4841161396732639
78605,0.0166712118037383
78606,0.0173499088882571
78607,0.0224287924615529
78608,0.0286532619020761
78609,0.0206204146408904
78610,0.0222007051083408
78611,0.0326513196030093
78612,0.0348246030358377
78613,0.0163015994028174
78614,0.0206780587632633
78615,0.0346304891526102
78616,0.0286625689314979
78617,0.0199954112980355
78618,0.020607209161704
78619,0.1982461106964539
78620,0.0194211880409911
78621,0.1305383612633976
78622,0.9413346848507184
78623,0.2180963150792366
78624,0.3700911479795445
78625,0.0434107289796653
78626,0.0158510366259042
78627,0.918426354225832
78628,0.0215941933040866
78629,0.0247868719533252
78630,0.0179442956949891
78631,0.0174063321603063
78632,0.06242576840144
78633,0.1365158172371572
78634,0.0163406315826105
78635,0.0170515898232763
78636,0.0204464534761321
78637,0.0308213219969971
78638,0.0982244532864064
78639,0.9176046168954533
78640,0.0288046400656567
78641,0.0162063668622593
78642,0.0167320575992979
78643,0.0173960755423786
78644,0.0978346969494506
78645,0.0186077407800372
78646,0.0218976815825651
78647,0.0193927481392917
78648,0.0170766909049412
78649,0.0166002771882013
78650,0.0583343648255866
78651,0.0180972522102681
78652,0.9270027388399704
78653,0.0201079598214492
78654,0.0172880479757035
78655,0.9336822922562158
78656,0.9404915356844172
78657,0.0260224024043965
78658,0.0186822418913565
78659,0.0338363440803338
78660,0.0484888382856105
78661,0.0178359438692054
78662,0.0174224151598847
78663,0.0246443849956266
78664,0.027601890428127
78665,0.0186188693783409
78666,0.0194190653892543
78667,0.0226493726786009
78668,0.0198512259959258
78669,0.0284123480789656
78670,0.0335164859428087
78671,0.0193251490251402
78672,0.0163579600897664
78673,0.0314832913173905
78674,0.0170786642345375
78675,0.0816198856910174
78676,0.019815974032607
78677,0.9158818677504962
78678,0.0989183475031235
78679,0.021768229600991
78680,0.0156466763692632
78681,0.0308894992159049
78682,0.062290940102227
78683,0.0257366126186943
78684,0.9473278746973578
78685,0.0155756228331674
78686,0.0160859442028623
78687,0.923786414686692
78688,0.0601074665163955
78689,0.0246932515125556
78690,0.1016409938126964
78691,0.0193703866305193
78692,0.0227168878781853
78693,0.9354865253565812
78694,0.0261511660529037
78695,0.9398766196042584
78696,0.0429890743649111
78697,0.0267553670789435
78698,0.0173020939945326
78699,0.0166654906979044
78700,0.0184987319317275
78701,0.0359929277609054
78702,0.0183728171710925
78703,0.0162581388351568
78704,0.0237403548021579
78705,0.0171974960102078
78706,0.0316518863339702
78707,0.0268183558900624
78708,0.0274538995322485
78709,0.0187616604439935
78710,0.0174190528498884
78711,0.0224745477850488
78712,0.0179651839085245
78713,0.9372807168492976
78714,0.0174131197494486
78715,0.0200097495464512
78716,0.0194213599799957
78717,0.2040512126032804
78718,0.0170675562254601
78719,0.0249274740628808
78720,0.0209974702200687
78721,0.9489775006256452
78722,0.0166973339505612
78723,0.9369074413522712
78724,0.9289522503627278
78725,0.053217400087643
78726,0.0179041710366374
78727,0.0157036056766092
78728,0.0162794660075716
78729,0.0252426920881621
78730,0.9260425531908616
78731,0.0709521050298427
78732,0.0196514598396666
78733,0.0176546720748638
78734,0.0168544407734755
78735,0.930713364230837
78736,0.0892638397092403
78737,0.1155281222700719
78738,0.016126654997908
78739,0.0549186489210018
78740,0.935911588210024
78741,0.039716911186205
78742,0.9435676770350232
78743,0.0225702809167276
78744,0.020619249764393
78745,0.0207778276240556
78746,0.0164113333316152
78747,0.526882292800517
78748,0.0157064607391548
78749,0.6190033899130605
78750,0.930582406688116
78751,0.0835717962407535
78752,0.0195666019635552
78753,0.0168556836025422
78754,0.0217001757938265
78755,0.9126243589482796
78756,0.1400127476047795
78757,0.0171147244950787
78758,0.0233384324654044
78759,0.023553854072329
78760,0.1932790424092481
78761,0.017880492891009
78762,0.0162973893640297
78763,0.0164616399132113
78764,0.0206475383013523
78765,0.2128418542325403
78766,0.0770220012060757
78767,0.9316823983934336
78768,0.0253561452212092
78769,0.8050441239086703
78770,0.0167784873377556
78771,0.0182699723122885
78772,0.0202953833935169
78773,0.0159949287714635
78774,0.019265735951521
78775,0.0276458566691915
78776,0.0173352994708668
78777,0.7983541547448194
78778,0.0185499612739475
78779,0.0161940715875861
78780,0.026016292356071
78781,0.079981409144223
78782,0.9407303960916464
78783,0.0215346882915696
78784,0.0498115126758766
78785,0.0481164767619642
78786,0.0417497906028856
78787,0.1362696126581457
78788,0.0174408567590139
78789,0.0225514943599113
78790,0.2426189176541159
78791,0.0661313280681732
78792,0.0259533759395025
78793,0.0245971702313629
78794,0.017644110692814
78795,0.4874821078271544
78796,0.9452161082208268
78797,0.0177296160421454
78798,0.0171348062321479
78799,0.0157487614666838
78800,0.0168091184047764
78801,0.123739568528941
78802,0.0491167298392056
78803,0.0168367601625895
78804,0.0195111508515302
78805,0.0167559421565112
78806,0.9461057826000026
78807,0.0317451691833608
78808,0.0336342511529251
78809,0.0656688563464639
78810,0.0183126680158803
78811,0.0618871250071105
78812,0.0391296649404188
78813,0.5100273585458184
78814,0.0206893153047152
78815,0.0199830211932029
78816,0.0868194181623692
78817,0.0162674564178902
78818,0.9431070883692192
78819,0.1956669467143502
78820,0.0185709835084578
78821,0.036668517944697
78822,0.0175957905016012
78823,0.9207504801612972
78824,0.0246355115529086
78825,0.9393539338827244
78826,0.0210416558954841
78827,0.0175184273731312
78828,0.0183131953613989
78829,0.0158141298356198
78830,0.0175452051359333
78831,0.0271355251827295
78832,0.0235240404710513
78833,0.0215574783281344
78834,0.0183749212190166
78835,0.1100057028949642
78836,0.017145807524905
78837,0.0236670984688642
78838,0.067895509464245
78839,0.0186174567611089
78840,0.0217625894357936
78841,0.0206503010885367
78842,0.0239460917237918
78843,0.0179908447045185
78844,0.0178330104976985
78845,0.0169500368857968
78846,0.0209821940991485
78847,0.0165573966373523
78848,0.0243263431672509
78849,0.0157917810906053
78850,0.0164633530514348
78851,0.0171530523021783
78852,0.0183036192145062
78853,0.0206668901724209
78854,0.9028473029058408
78855,0.1047573125370811
78856,0.0205935631026006
78857,0.0191044334776008
78858,0.0165529899442268
78859,0.3985482000802118
78860,0.0177847962543515
78861,0.0157456852388037
78862,0.0335155362094774
78863,0.0164261988756964
78864,0.0165056972759636
78865,0.0196712020804712
78866,0.0187269143375965
78867,0.05691578563253
78868,0.0217696604784581
78869,0.9453231556467848
78870,0.0194372080430286
78871,0.0742050282570639
78872,0.0189883507553981
78873,0.0266478706935714
78874,0.0163925760915226
78875,0.0202755370862098
78876,0.0179793246333437
78877,0.0171950561696662
78878,0.0168838224102358
78879,0.0168529927629777
78880,0.9130578730417802
78881,0.948667055612109
78882,0.2669388913142499
78883,0.9468676838864648
78884,0.0242353202329545
78885,0.0354891002478295
78886,0.0236794127922301
78887,0.1237416343079836
78888,0.0164012277205348
78889,0.0623107164828692
78890,0.0279702701957143
78891,0.0253453010541768
78892,0.0455669774499776
78893,0.0156292974103322
78894,0.0213174789564443
78895,0.9323522878495134
78896,0.0178698227610932
78897,0.0319562022785453
78898,0.0191568683447523
78899,0.019637879984919
78900,0.9284789595423464
78901,0.0230146811018621
78902,0.0347607066520061
78903,0.016461457159616
78904,0.0209458929001912
78905,0.0248120853740287
78906,0.0211367338897633
78907,0.0469548462275986
78908,0.023820450281438
78909,0.0288400897465077
78910,0.0159162591248846
78911,0.0156333535685616
78912,0.0266804916697481
78913,0.0168671771827637
78914,0.9039477294307756
78915,0.0423820124130795
78916,0.0176617335343691
78917,0.0601100778587064
78918,0.0196083462289749
78919,0.0232233082553627
78920,0.9283088130620164
78921,0.0373484819183256
78922,0.0173256882703104
78923,0.020944784088992
78924,0.94737401722605
78925,0.0198302407043088
78926,0.0302270134666406
78927,0.0493807938283271
78928,0.018398919418867
78929,0.0168741435632675
78930,0.0237779181454033
78931,0.0643081880757302
78932,0.0333885551199023
78933,0.0169198091760049
78934,0.0890814726595929
78935,0.0163157956759133
78936,0.0850520472815697
78937,0.0165434983414015
78938,0.0196376518169218
78939,0.0184744873186859
78940,0.0256323728170635
78941,0.0223849369916735
78942,0.0303152065722709
78943,0.018099921180029
78944,0.01914871688603
78945,0.0264841694796464
78946,0.0198100501339963
78947,0.0177838744239329
78948,0.0822369947300752
78949,0.9473099793484182
78950,0.0392912471943372
78951,0.0215289404124718
78952,0.0158945425592244
78953,0.9467727561782372
78954,0.1147499818480527
78955,0.0226511962713659
78956,0.0170358156244014
78957,0.0176070112922787
78958,0.0163444422518958
78959,0.0305286553977449
78960,0.8975487003239635
78961,0.0187612354547767
78962,0.0279207059033077
78963,0.0772244573261979
78964,0.0263650387857579
78965,0.0180435910303118
78966,0.9222707138831928
78967,0.0475619041555558
78968,0.0157033525201132
78969,0.0161448402861245
78970,0.9419275632132674
78971,0.0174640294492999
78972,0.0249309131937544
78973,0.0157127094595748
78974,0.9135005286352532
78975,0.8892012545170371
78976,0.0167103636530473
78977,0.026246950600104
78978,0.0242764438393191
78979,0.0163825092942658
78980,0.025066853644314
78981,0.0956456887249988
78982,0.0387643717701767
78983,0.0283871776664719
78984,0.0159848379973046
78985,0.0197430177588465
78986,0.9316141736225952
78987,0.016556624824386
78988,0.8866416194223041
78989,0.0176950955676334
78990,0.0173953224137234
78991,0.4862922642849948
78992,0.0353322618770514
78993,0.0179691190066011
78994,0.0715237938496459
78995,0.0492720345576247
78996,0.0192307488880196
78997,0.0158059587965271
78998,0.0177211542151923
78999,0.0170252071991409
79000,0.0164890707860622
79001,0.0177170251927124
79002,0.0177283203243907
79003,0.0220825233085968
79004,0.0402564091216361
79005,0.0411310493329888
79006,0.0216909181757609
79007,0.9101210285229284
79008,0.0588691817291516
79009,0.0159143183340757
79010,0.0160955586266479
79011,0.0357749484567777
79012,0.0188679870149583
79013,0.0665671041162655
79014,0.0570965700218342
79015,0.0169969388300082
79016,0.023842367562584
79017,0.0317031380949671
79018,0.0168099150235227
79019,0.0362367731714728
79020,0.925637598205817
79021,0.018746200103548
79022,0.0215644899431976
79023,0.0174059489001692
79024,0.0166846497975426
79025,0.0172235077547711
79026,0.0183661148652647
79027,0.0192530908036526
79028,0.8982423094203823
79029,0.0159344377425234
79030,0.0255044508526825
79031,0.6830351942162661
79032,0.8687468906817352
79033,0.0546007703057361
79034,0.0274360894074835
79035,0.01669232748301
79036,0.0173543976236251
79037,0.9389962580645338
79038,0.0188401926780547
79039,0.0643315968402561
79040,0.0275705771447759
79041,0.0166803345472643
79042,0.0201684121015765
79043,0.0260421205168797
79044,0.143375314540429
79045,0.0964210635120178
79046,0.0687524181213118
79047,0.0326496184380991
79048,0.1188523068308187
79049,0.0311756318957358
79050,0.0237840913077549
79051,0.0217973939872346
79052,0.1026614392534065
79053,0.0433000833927901
79054,0.8277037137685616
79055,0.0179499871265953
79056,0.0195805359080975
79057,0.0197994787363618
79058,0.0179742818329121
79059,0.1292610504003585
79060,0.0295452305737487
79061,0.0162527448483758
79062,0.0600519333011804
79063,0.019972544490448
79064,0.4189376929733379
79065,0.0250657552629591
79066,0.0169029401903754
79067,0.0172452346609782
79068,0.0187811008817066
79069,0.1573030145109716
79070,0.0292960123149922
79071,0.0183695329677051
79072,0.0167007175562742
79073,0.0307422197899678
79074,0.9424574262202626
79075,0.0195304053876674
79076,0.0826305622498823
79077,0.0181401007751263
79078,0.0215212656719457
79079,0.0193696345240389
79080,0.018685552549857
79081,0.0163846292725388
79082,0.0195888401007889
79083,0.0420192751441625
79084,0.0273055549881612
79085,0.9409732700899583
79086,0.945743051656726
79087,0.9414644825094738
79088,0.0193643072534824
79089,0.0166689994544046
79090,0.9230958201687968
79091,0.0214611065008928
79092,0.0161619318296519
79093,0.9411994869349593
79094,0.0180963956222407
79095,0.0183931258064692
79096,0.0240772610641225
79097,0.1390838155053309
79098,0.9220490888713048
79099,0.9483817996566234
79100,0.0165892011000162
79101,0.0407502336614013
79102,0.099802492492266
79103,0.0457725595050203
79104,0.0186964899060614
79105,0.0182720820609341
79106,0.0263471420520091
79107,0.0185365597308243
79108,0.0165541599301597
79109,0.0181491229989546
79110,0.0297098168203551
79111,0.020599690210828
79112,0.016687764183721
79113,0.0240018699237431
79114,0.0163419959314564
79115,0.0326362384560062
79116,0.0196944495064547
79117,0.0348219151281826
79118,0.0214259266859415
79119,0.9464497003111192
79120,0.0175280098224196
79121,0.0195225292713855
79122,0.0421673456743666
79123,0.0170665970341427
79124,0.0185209525759742
79125,0.0175690761289181
79126,0.0182420270039141
79127,0.9441463523299096
79128,0.0166621315241713
79129,0.0236305205819379
79130,0.0178860061239954
79131,0.8611945144917286
79132,0.019289404054391
79133,0.0328780138381511
79134,0.0187388252025179
79135,0.031845245777543
79136,0.0754153975888568
79137,0.0216238949401124
79138,0.051626289473079
79139,0.1161039402195507
79140,0.7024719913893918
79141,0.0180323970167492
79142,0.0157061648065268
79143,0.0215718504115194
79144,0.0261380968287693
79145,0.0272383703218435
79146,0.0265362851190769
79147,0.2829025963728644
79148,0.0176561995184691
79149,0.1275855637455951
79150,0.0193405598783897
79151,0.0633829840865217
79152,0.0271302406961137
79153,0.0189931409038362
79154,0.0185618466045209
79155,0.0405940449322819
79156,0.0256131528640933
79157,0.0544304757009415
79158,0.0180851885619318
79159,0.0325164629239065
79160,0.0174500010112684
79161,0.1017429104928441
79162,0.0176371759807619
79163,0.05311878867842
79164,0.0209137761293085
79165,0.0203966085080459
79166,0.0157494352487264
79167,0.1172195537222501
79168,0.0399329765982861
79169,0.0190443282859497
79170,0.0204329433269528
79171,0.0157151817257108
79172,0.0218083282241078
79173,0.0326738577348897
79174,0.9339496548394146
79175,0.175208240151899
79176,0.0162790219327441
79177,0.9105726975586628
79178,0.0662988943759076
79179,0.0207314719442529
79180,0.0402605103271971
79181,0.0194396894502513
79182,0.017884988906902
79183,0.0165014756947657
79184,0.0188921362873494
79185,0.0200927052382957
79186,0.0161792965402494
79187,0.0230889755390949
79188,0.0749282296723182
79189,0.1175538277789639
79190,0.0161080103662727
79191,0.162581553101436
79192,0.9440413893253872
79193,0.4814163917456244
79194,0.2563354608961771
79195,0.039627391979639
79196,0.2893688261710562
79197,0.0384725873156666
79198,0.9243312674370396
79199,0.048070625620399
79200,0.053884489677121
79201,0.0213013206344379
79202,0.0357035779643572
79203,0.0580503894296005
79204,0.0181075575404359
79205,0.01749582811679
79206,0.0398280459766963
79207,0.2127522880348667
79208,0.0174401136575304
79209,0.9459405506408112
79210,0.0333133491169359
79211,0.0173415773465977
79212,0.069468010903282
79213,0.0280891859900077
79214,0.0164602643966247
79215,0.0156367979642841
79216,0.9390514829975568
79217,0.0323624968885309
79218,0.016397772928444
79219,0.0209328311145582
79220,0.0208060753644856
79221,0.0199276290036428
79222,0.9436085373502616
79223,0.0312811355803728
79224,0.0159141741682339
79225,0.0158802636126897
79226,0.0443085892009409
79227,0.0238185660435958
79228,0.1525842119492903
79229,0.1052877490962724
79230,0.0889129342752008
79231,0.4798376512524118
79232,0.1345258764514921
79233,0.0164509891488734
79234,0.0258060519977329
79235,0.0341556354431726
79236,0.0292448229444181
79237,0.0402366834179648
79238,0.9297619806107376
79239,0.0174021994963901
79240,0.0244086402417896
79241,0.0211069155798426
79242,0.9448599251651112
79243,0.0171432044073992
79244,0.0841495556118423
79245,0.0179453849026853
79246,0.0174277743313699
79247,0.0800062285314736
79248,0.0177468957396229
79249,0.0207298142428015
79250,0.0249564357532016
79251,0.0219117536867478
79252,0.9077515797246334
79253,0.0174296367548684
79254,0.0159169637181152
79255,0.0170646438486567
79256,0.0253537568254998
79257,0.9474634142672448
79258,0.0188822956103453
79259,0.0298758850587559
79260,0.0743012963644822
79261,0.020739667729343
79262,0.021253156251952
79263,0.0182995731437583
79264,0.0639257034429184
79265,0.0480133392475571
79266,0.8685069287433022
79267,0.0180019397699755
79268,0.0207173442321523
79269,0.6789941486295215
79270,0.023701037370483
79271,0.0337858851861539
79272,0.0188155927680388
79273,0.9038956284406844
79274,0.0805074560848587
79275,0.0269520393720865
79276,0.0171207089088533
79277,0.0358339199931869
79278,0.0574617926541121
79279,0.0186805492042969
79280,0.0181274714334086
79281,0.0190362721556168
79282,0.0256746005494496
79283,0.0676473092734176
79284,0.0165354031288333
79285,0.140197394865658
79286,0.1632967981945698
79287,0.0186677251976496
79288,0.0249956625702946
79289,0.0204674942588777
79290,0.0167672385885124
79291,0.0171241330946531
79292,0.0235807385856993
79293,0.0170402972032981
79294,0.9402232113929114
79295,0.0200049060187087
79296,0.0635415085130177
79297,0.0175151260916332
79298,0.0207164698615118
79299,0.0390790118519291
79300,0.0155784528499051
79301,0.0158828250459967
79302,0.948519348425118
79303,0.0179875538756743
79304,0.0272692670252226
79305,0.0248368120462566
79306,0.0189862220149914
79307,0.0359875180362027
79308,0.0270155521153521
79309,0.0356616010295918
79310,0.0434934142459603
79311,0.0470280911498561
79312,0.0262948181433138
79313,0.1575292990013946
79314,0.0384586575762026
79315,0.0173582427581653
79316,0.0199170347702265
79317,0.0222636484588338
79318,0.0747946709918886
79319,0.0226502243354566
79320,0.8456528340205116
79321,0.9482888945822852
79322,0.9305215402880592
79323,0.0168166544824896
79324,0.3414240877440213
79325,0.0257011864345744
79326,0.0264308651168408
79327,0.0158442432750456
79328,0.017250076940481
79329,0.0261817697633727
79330,0.0313051343234371
79331,0.0160840430427055
79332,0.9433823960551668
79333,0.0284244043488967
79334,0.0200703837421066
79335,0.0199872935422637
79336,0.0203008499279689
79337,0.0190265564387254
79338,0.0157427663653623
79339,0.108983788772184
79340,0.0165123082637975
79341,0.0293999372901961
79342,0.0227693986035244
79343,0.0196331739024495
79344,0.0225656886682513
79345,0.0179431553757535
79346,0.0185810254672251
79347,0.6076581400112626
79348,0.031319044084981
79349,0.0234539791966772
79350,0.0350152534060781
79351,0.0220411092770026
79352,0.0260980932124839
79353,0.075245642936229
79354,0.0218329216671873
79355,0.087658550589496
79356,0.0210661378019166
79357,0.0163703930049081
79358,0.015535859775756
79359,0.0591820104700615
79360,0.0168228404734514
79361,0.0243749180114961
79362,0.017161596104607
79363,0.0168540531554565
79364,0.9365717858097892
79365,0.0163614675897879
79366,0.9468393619742554
79367,0.0172860182321472
79368,0.0264449477738872
79369,0.0198488972025065
79370,0.0194192260568557
79371,0.9319808390066612
79372,0.0196178226299294
79373,0.016571448380193
79374,0.0647696740687104
79375,0.9066579331476244
79376,0.0190377173161477
79377,0.0367644223690867
79378,0.0175861186643813
79379,0.0216310329446255
79380,0.0243244121076656
79381,0.0289147289850333
79382,0.1233875825458741
79383,0.9206358112921535
79384,0.9450404220218388
79385,0.0218681088180584
79386,0.947118680682868
79387,0.0389939386650321
79388,0.0224239564274814
79389,0.0267864163238654
79390,0.0322527844426755
79391,0.9420454795951128
79392,0.0228443284395167
79393,0.0161015069431926
79394,0.0217094991443224
79395,0.0311296732913964
79396,0.0215269639036048
79397,0.0189277353529461
79398,0.0163466504596504
79399,0.0293671878627031
79400,0.0252573178539636
79401,0.9433037676976456
79402,0.0181472312866967
79403,0.9366561249931368
79404,0.0184336502285946
79405,0.0405715686342132
79406,0.0159521438599314
79407,0.021560777707511
79408,0.0911112313978218
79409,0.0511556984775387
79410,0.0280763828835149
79411,0.0175231992484373
79412,0.0191513045752681
79413,0.0162043179769935
79414,0.0260433648405133
79415,0.0179839825300027
79416,0.0194632237668231
79417,0.038807770877076
79418,0.0352381726531907
79419,0.0215764258393591
79420,0.052730258816624
79421,0.0161694336538259
79422,0.8691140516582785
79423,0.0523815974438253
79424,0.0276313255768619
79425,0.0178511852254352
79426,0.0166559515260823
79427,0.017168387597346
79428,0.0257385624119857
79429,0.0292054035550189
79430,0.0159187226787577
79431,0.934951733514558
79432,0.0194045764723429
79433,0.0196184396581765
79434,0.0170204481142437
79435,0.1642183217831857
79436,0.0194609786436298
79437,0.0511936722087294
79438,0.0184207988539496
79439,0.0249363191301313
79440,0.0181756063996842
79441,0.0434329694124082
79442,0.0261102276148829
79443,0.0363459457496836
79444,0.0178404229078208
79445,0.0242559417624481
79446,0.0287124286362777
79447,0.0184873047864411
79448,0.0192279237142547
79449,0.018146434981833
79450,0.0401880005013785
79451,0.0210472802516
79452,0.0474157111584045
79453,0.0451493695228939
79454,0.0160737131625102
79455,0.0162414329555393
79456,0.0157836059982755
79457,0.0157789149361128
79458,0.0168112897829926
79459,0.9124215937301974
79460,0.0163688275880647
79461,0.9388316526672305
79462,0.0299991631005451
79463,0.0233876946503755
79464,0.1052997333398869
79465,0.0215234762611219
79466,0.0175436037352671
79467,0.0355006573754087
79468,0.0818327631705406
79469,0.0245371557776724
79470,0.0309266326880957
79471,0.0218757215956589
79472,0.0170765585643075
79473,0.6777416429359373
79474,0.0171314264720962
79475,0.0212179509378735
79476,0.9023799176143044
79477,0.9463786403094906
79478,0.0294139818773596
79479,0.0286515409778517
79480,0.0281948947256663
79481,0.016264575678673
79482,0.0421698304838725
79483,0.0189830719992764
79484,0.0170787909101997
79485,0.0512529294598054
79486,0.0661343130799012
79487,0.0341635610155992
79488,0.019283055566531
79489,0.0197676475930939
79490,0.0172452412468337
79491,0.1616529308961306
79492,0.0169825320308309
79493,0.9299889787787476
79494,0.787842246784403
79495,0.0181590798763704
79496,0.0506033423304763
79497,0.2836510946673548
79498,0.852567851266694
79499,0.9457030500281254
79500,0.0225703055377307
79501,0.0223285710119614
79502,0.0158611238765581
79503,0.0259072463223638
79504,0.0299725791015121
79505,0.0183339388382409
79506,0.0243335571768692
79507,0.0175299066699967
79508,0.0250405995513815
79509,0.0164599287199333
79510,0.2157837168738504
79511,0.0163810997253662
79512,0.0168920768206288
79513,0.020090944244649
79514,0.0273362123158659
79515,0.0358816993060399
79516,0.0236460833533065
79517,0.024343945043743
79518,0.0160497722669285
79519,0.0171843787866945
79520,0.0157286320939937
79521,0.0204882036316005
79522,0.0199000359896991
79523,0.3902984570505353
79524,0.0169216607935314
79525,0.0270229134317541
79526,0.0185922831860219
79527,0.0221042853786383
79528,0.0217750112398343
79529,0.939203206085632
79530,0.0285735430362231
79531,0.0198491140857947
79532,0.0169321917009082
79533,0.0262628546187081
79534,0.0183645809765778
79535,0.9466967042608578
79536,0.0190497804939195
79537,0.0335394059536134
79538,0.0185760957339142
79539,0.9327324723715568
79540,0.0458287530863444
79541,0.0167202307676786
79542,0.0198101351361368
79543,0.6545489648777566
79544,0.0167987056793925
79545,0.9160545060787756
79546,0.9423967245906356
79547,0.0198424207169666
79548,0.0186870034896865
79549,0.0437672060756697
79550,0.0261014922236005
79551,0.0268791445916858
79552,0.1871566968007952
79553,0.0223164840430737
79554,0.017124504135139
79555,0.0163127054643879
79556,0.8188218638585737
79557,0.0669937255259908
79558,0.0238053322668634
79559,0.0187462399163908
79560,0.0292243481751453
79561,0.0255364797720739
79562,0.0164240825529522
79563,0.0220206765969064
79564,0.94851974367975
79565,0.7110472281495003
79566,0.0207686862279108
79567,0.0189777478544755
79568,0.0181311531653228
79569,0.0166689234931275
79570,0.0390469683241897
79571,0.0173492993363581
79572,0.0369837554100126
79573,0.035618783894221
79574,0.0676046932514202
79575,0.018604684443225
79576,0.1119036875040002
79577,0.0276368793303081
79578,0.0168273848354528
79579,0.0315993620123175
79580,0.0223297262647806
79581,0.0177280861612733
79582,0.9160834339662626
79583,0.0170227127221143
79584,0.0189340725139534
79585,0.0217810281145694
79586,0.0209232348065134
79587,0.0246709561447832
79588,0.1810339741935269
79589,0.0684154825875181
79590,0.0433230112383749
79591,0.876968339363904
79592,0.0191814911497816
79593,0.0218800114347562
79594,0.0299229411435599
79595,0.8739645988531158
79596,0.0242036464242917
79597,0.0332085981420406
79598,0.0272028499116053
79599,0.0534103988386073
79600,0.0298654078343208
79601,0.0324776320592014
79602,0.1703366245993666
79603,0.0505632258692085
79604,0.0184314756107006
79605,0.0508282752859359
79606,0.9454238280942338
79607,0.0192208631416911
79608,0.0195130157586612
79609,0.0303357697881314
79610,0.0292374081140741
79611,0.0159773091866853
79612,0.0173736317934722
79613,0.9383823527884164
79614,0.7222326628267505
79615,0.0180143639892706
79616,0.0369594493402719
79617,0.0183065424815192
79618,0.020267437056704
79619,0.9182376866619076
79620,0.0190848575610052
79621,0.0426698701600168
79622,0.0221054301034817
79623,0.0198411384818581
79624,0.0573917949529906
79625,0.0178678390433096
79626,0.0213778746090172
79627,0.0225812533179279
79628,0.0200707744408253
79629,0.0167537731256924
79630,0.0296867007838234
79631,0.9166488059403064
79632,0.0174906763374337
79633,0.1828867141461465
79634,0.0190726184691289
79635,0.931182472368842
79636,0.0159206048373515
79637,0.0183173792208151
79638,0.0221464394462734
79639,0.0455360447507097
79640,0.0187453068828443
79641,0.6963690139843528
79642,0.0330907672913523
79643,0.2175574536690496
79644,0.0275388449244347
79645,0.030420129951751
79646,0.0170059644539434
79647,0.0202535936256731
79648,0.929294733270206
79649,0.0197411431642059
79650,0.0228398544763647
79651,0.0159878362215308
79652,0.0590629806665166
79653,0.0830059973347952
79654,0.0199371062380041
79655,0.0201738325223846
79656,0.0166960283934444
79657,0.1804976402763313
79658,0.0190303067205482
79659,0.0271844231644173
79660,0.0259825821432131
79661,0.0218525652579487
79662,0.0336245569892997
79663,0.0161678082992701
79664,0.0160835568721274
79665,0.9255300137991692
79666,0.5205158784074951
79667,0.0208117018314182
79668,0.5275843311806236
79669,0.0362167688131758
79670,0.0940374092847247
79671,0.9296818087467342
79672,0.0410814188720212
79673,0.0365741126408053
79674,0.0169724010055917
79675,0.0689484692941233
79676,0.9166416332063768
79677,0.1056626163349926
79678,0.0160949245049491
79679,0.0428577579289412
79680,0.0306854009025398
79681,0.0259392573997597
79682,0.0347413786369509
79683,0.0191219785284473
79684,0.0266350321123454
79685,0.0164336672969277
79686,0.0323766102385012
79687,0.933556261518434
79688,0.3397328030884571
79689,0.0372307827812764
79690,0.0359026370080301
79691,0.0686039605452968
79692,0.9456172817479768
79693,0.0167712425371704
79694,0.0193632258582913
79695,0.0186693762799255
79696,0.0164984001489486
79697,0.0545156860546626
79698,0.0170296054320962
79699,0.0180380686225615
79700,0.017113885635462
79701,0.0355548726640893
79702,0.0216826361510356
79703,0.9477412388220212
79704,0.018678877226021
79705,0.0168456300608514
79706,0.0447829972833124
79707,0.9284667729535888
79708,0.0203498818774392
79709,0.02167279955496
79710,0.018972379742745
79711,0.0437602455413392
79712,0.0192957724977633
79713,0.0222010774661229
79714,0.0242864987454616
79715,0.0234423794815448
79716,0.0217845561050629
79717,0.9437413455485336
79718,0.019199563532713
79719,0.0804529889571286
79720,0.0953130285815204
79721,0.025535478300325
79722,0.9012104347849508
79723,0.1478377192222639
79724,0.934271457127438
79725,0.9321420291202984
79726,0.0389044494960754
79727,0.0159224790981047
79728,0.0272480291401117
79729,0.0371671875651724
79730,0.0173446926570431
79731,0.0171178459594836
79732,0.0155235145715713
79733,0.5527753971768838
79734,0.0212998800896193
79735,0.0523270890449977
79736,0.0167853259464013
79737,0.0161687948270808
79738,0.0196672462548822
79739,0.01714047147142
79740,0.0162451813131422
79741,0.0216373268084858
79742,0.0371397054319134
79743,0.0188579869309131
79744,0.0588283202103035
79745,0.0300071073682919
79746,0.9435479777795944
79747,0.0325684195646101
79748,0.0210568724792887
79749,0.0801294062802108
79750,0.0826691408752446
79751,0.0255639066101291
79752,0.1092943248196833
79753,0.0175651046529663
79754,0.0170942160626411
79755,0.0716272837956479
79756,0.0160246949838322
79757,0.0212612482352078
79758,0.0171390988672202
79759,0.0798885495123611
79760,0.9485982849548448
79761,0.022054625237164
79762,0.0159060908408647
79763,0.0204241841135659
79764,0.0242712867406822
79765,0.9415624560248318
79766,0.0531553123641381
79767,0.0204948301389024
79768,0.0403389384558668
79769,0.0379519933189156
79770,0.0209215897514573
79771,0.0204712499852732
79772,0.0159557556750149
79773,0.0161109574326775
79774,0.023602752031363
79775,0.0165535080768067
79776,0.9019041081334498
79777,0.027352296011778
79778,0.0202689438516964
79779,0.9426070416744636
79780,0.2297923747658902
79781,0.0158763804490685
79782,0.938975291549778
79783,0.0596678941614267
79784,0.9316189281953482
79785,0.0166113100668228
79786,0.4717279566782583
79787,0.022596971719347
79788,0.017601726330688
79789,0.9345695671957872
79790,0.0404926166286377
79791,0.1102661901399599
79792,0.3626537614862415
79793,0.0191468463107989
79794,0.0233242892978081
79795,0.0255462576582403
79796,0.2322708998226068
79797,0.0213696949109533
79798,0.0161671894517972
79799,0.1007311681056451
79800,0.0225819527978309
79801,0.9419978410253008
79802,0.0173681505421974
79803,0.0168268666564889
79804,0.1908807673315133
79805,0.0499542822341973
79806,0.0287033991239913
79807,0.0446980643836579
79808,0.022475950432306
79809,0.0825318752062968
79810,0.0409979579026198
79811,0.0784094762732601
79812,0.0161879298122902
79813,0.0158535048796966
79814,0.0273171966466425
79815,0.0871852211075204
79816,0.94658807852756
79817,0.026443561448862
79818,0.0215503960571075
79819,0.4335536486222534
79820,0.0354468281943457
79821,0.0173997229465935
79822,0.0169007087015834
79823,0.0181591237649262
79824,0.4616531179626196
79825,0.0301049815114824
79826,0.9410638831375552
79827,0.0399217427927167
79828,0.021777647675613
79829,0.0242849673501729
79830,0.0189330012959475
79831,0.0596492179805638
79832,0.940020328955672
79833,0.0212261376050392
79834,0.0207460757966303
79835,0.5707987902435961
79836,0.0600988066529444
79837,0.0185491527985726
79838,0.0340043613499508
79839,0.9474805448612008
79840,0.0542221204794788
79841,0.9376720811455622
79842,0.0282139410048523
79843,0.0166958285024901
79844,0.0222278097834391
79845,0.0206710746384851
79846,0.0165225478855019
79847,0.947500652193444
79848,0.0336871544479522
79849,0.0283946342072767
79850,0.0733135794808387
79851,0.0375043325880405
79852,0.0228901879043972
79853,0.0165668670688809
79854,0.059698491291535
79855,0.0163760287916768
79856,0.0162043812140403
79857,0.0195642382024532
79858,0.0180356394299627
79859,0.2264242685352324
79860,0.0155438119307104
79861,0.018366086973977
79862,0.9467937044289908
79863,0.020636048442836
79864,0.0335094724495642
79865,0.016922590449154
79866,0.0221893651848642
79867,0.0155723223893899
79868,0.9348335773456948
79869,0.0193905562533028
79870,0.0772417652538376
79871,0.0236151864957703
79872,0.0163901274916155
79873,0.4533434948011443
79874,0.1043095240515219
79875,0.944639913933926
79876,0.0225171981228406
79877,0.0442848133902727
79878,0.0215955872790899
79879,0.0181655128671618
79880,0.0310655005518575
79881,0.024775153552587
79882,0.0161195268865655
79883,0.1013160825882094
79884,0.0183437406899262
79885,0.9451459024468808
79886,0.0181546076173882
79887,0.9320916596009244
79888,0.0192434979987892
79889,0.0503325384894777
79890,0.0170569960567938
79891,0.0205207524833181
79892,0.0233396686217077
79893,0.0592398948927241
79894,0.0174158213894046
79895,0.0906321707053034
79896,0.0204713196772586
79897,0.0326409950648292
79898,0.0188603419787673
79899,0.0176002747322632
79900,0.0238056036066832
79901,0.0205149572144314
79902,0.0257181577717928
79903,0.0302187522737751
79904,0.0743809825500608
79905,0.0378624725633097
79906,0.0235057302906237
79907,0.0617791431792923
79908,0.0187378816080474
79909,0.0351380201598925
79910,0.0160301688752386
79911,0.0313717798461778
79912,0.0478082034229219
79913,0.942365768153602
79914,0.0201050424254118
79915,0.0165968787686714
79916,0.0446573930975943
79917,0.0162722290412168
79918,0.0220902534983847
79919,0.0204774780252798
79920,0.0183355597903746
79921,0.1184275311444618
79922,0.0159883374745463
79923,0.051167070499624
79924,0.0476373023102027
79925,0.0166990189686993
79926,0.0249805662388413
79927,0.016004708648224
79928,0.9020203054043237
79929,0.9384403064637308
79930,0.0175311580390736
79931,0.0237315341409424
79932,0.3573797706084105
79933,0.1062640334069248
79934,0.114719423043178
79935,0.0220495004703585
79936,0.0184086301433308
79937,0.0254452459700024
79938,0.9448355743453516
79939,0.9309699729001034
79940,0.0880524397849833
79941,0.0248192925222889
79942,0.0243153024210798
79943,0.0313500460197372
79944,0.9467735476850284
79945,0.0164789957699403
79946,0.0324038761825418
79947,0.0631023379292463
79948,0.0193445084311169
79949,0.0169275017905322
79950,0.0160826035474101
79951,0.0164894709156441
79952,0.022083640855968
79953,0.0455178063872127
79954,0.0767811187943412
79955,0.0162951736451932
79956,0.0373619427534001
79957,0.0168440682116465
79958,0.0194571241722544
79959,0.0206474505992323
79960,0.0201945101458361
79961,0.0193641731965842
79962,0.057612504949257
79963,0.0167334300147047
79964,0.0196542600250463
79965,0.2890686293985578
79966,0.0275690066274151
79967,0.0624347312797824
79968,0.0238026920967031
79969,0.0204761032702383
79970,0.0173015199818694
79971,0.0163760888722142
79972,0.0514401754438398
79973,0.0947798584667886
79974,0.017388188999781
79975,0.802438443643277
79976,0.0176204974652252
79977,0.0210637184604449
79978,0.0185737866097174
79979,0.0224683238088601
79980,0.9049250097568328
79981,0.0176939091405286
79982,0.0165525755929223
79983,0.0263874319493379
79984,0.0265492821930365
79985,0.0168590670673667
79986,0.0158792625166008
79987,0.0232958163922462
79988,0.0388945517758148
79989,0.4412872238865474
79990,0.0199379529476179
79991,0.3857174853221189
79992,0.0173893265799355
79993,0.0263755536132115
79994,0.0647958988160969
79995,0.0228445465799305
79996,0.0771156416928314
79997,0.0192517159555244
79998,0.1093439877941676
79999,0.0167840434967406
80000,0.0165453253861822
80001,0.0168165840889869
80002,0.9470345553172902
80003,0.020635245772212
80004,0.1207707286454892
80005,0.0177455818532695
80006,0.9477709205688372
80007,0.0168601256925765
80008,0.0367974680857345
80009,0.094147530652797
80010,0.0172356970770852
80011,0.0160417700798438
80012,0.0366067865895353
80013,0.0192957372016331
80014,0.0178647784619481
80015,0.022609288606884
80016,0.3239369498744088
80017,0.0163090287680521
80018,0.0191794914963982
80019,0.0275694368641084
80020,0.0341064715785122
80021,0.062310533895038
80022,0.0373831017825455
80023,0.1143348253261905
80024,0.0169262106171593
80025,0.9055514009779972
80026,0.0941985021622544
80027,0.026961633928584
80028,0.0332823329148869
80029,0.0163650962422211
80030,0.0578939884652546
80031,0.0159956393824703
80032,0.0482411147549752
80033,0.0199910213837956
80034,0.0164308563436651
80035,0.0342310066059673
80036,0.0191711998532994
80037,0.0208358620311916
80038,0.0174197000398883
80039,0.0281792539423578
80040,0.0231091422919201
80041,0.0176973670762064
80042,0.0334760041672368
80043,0.0260220473759972
80044,0.1416433743651511
80045,0.0174850055588438
80046,0.1333714428376579
80047,0.0545820075589807
80048,0.0167482946472784
80049,0.0174623162347716
80050,0.0160225314974609
80051,0.8202874082927447
80052,0.0253370746282303
80053,0.100330108673055
80054,0.0248721930892152
80055,0.9451507616022988
80056,0.9163114802966712
80057,0.0922417934823709
80058,0.0193750321061854
80059,0.0162582490494865
80060,0.0276364380793915
80061,0.0336347896064701
80062,0.0394925064926196
80063,0.0247989110539756
80064,0.9478827302606148
80065,0.0531576228658527
80066,0.1211568011890582
80067,0.0204340074074051
80068,0.3236314192570602
80069,0.936394051655371
80070,0.0261963779695685
80071,0.0533204497384188
80072,0.9078820813414584
80073,0.9449658312626557
80074,0.183442391675395
80075,0.0289582376504817
80076,0.018782335833271
80077,0.155124297592879
80078,0.0163063745122373
80079,0.016327765098777
80080,0.0609518469765342
80081,0.0516014433533263
80082,0.1014577071695926
80083,0.0166492855852607
80084,0.0181656068001266
80085,0.0161011943642436
80086,0.2774181604677388
80087,0.0168759402507872
80088,0.9182219489922228
80089,0.0206355480264158
80090,0.0230641048121947
80091,0.0309802495240829
80092,0.0292494445670387
80093,0.0414280078919466
80094,0.0745742031706883
80095,0.2946243999072521
80096,0.0188500239289367
80097,0.925196046808815
80098,0.0540698847912012
80099,0.0641487435039558
80100,0.0226650665928986
80101,0.0188356678152991
80102,0.9465017187039252
80103,0.0858843464644095
80104,0.0222497002392539
80105,0.0171908215645789
80106,0.0205964815121313
80107,0.0173785771161355
80108,0.0171324095854768
80109,0.9297640702331804
80110,0.0207322425752531
80111,0.2113806605346102
80112,0.0164461540760086
80113,0.016639648451338
80114,0.0208868007080178
80115,0.0164457428973143
80116,0.0198998579022952
80117,0.0232450487651998
80118,0.0182281199963478
80119,0.118473591640564
80120,0.0158014500917837
80121,0.0222870360712138
80122,0.0235819366005749
80123,0.0155507242615462
80124,0.948225957831336
80125,0.0322168637995756
80126,0.5766313753559911
80127,0.0167165582952589
80128,0.9478057751078756
80129,0.0205922937401691
80130,0.0206956532665823
80131,0.9306212771588452
80132,0.1476032339627476
80133,0.0181844679860759
80134,0.3118059614673498
80135,0.0307520238031981
80136,0.9369193979240316
80137,0.2402276293015585
80138,0.0158066849516064
80139,0.0218170969107667
80140,0.0260450496628017
80141,0.0180874576535525
80142,0.0180310038240814
80143,0.0184120951959171
80144,0.0168457722502231
80145,0.5881335739787674
80146,0.888525320265366
80147,0.9344443834241692
80148,0.0190368349879091
80149,0.9335441082008412
80150,0.0224380898064573
80151,0.0214868611134181
80152,0.9426846236496564
80153,0.0415713334131983
80154,0.0194773248563962
80155,0.048609626111345
80156,0.9210849063717768
80157,0.916946604044292
80158,0.0169851172501886
80159,0.0179313802842693
80160,0.0216058148504932
80161,0.0241193124259882
80162,0.0443454579790461
80163,0.0183838005976018
80164,0.0321789036408041
80165,0.0971934574612065
80166,0.0352870027671743
80167,0.0420086586068318
80168,0.05307126182726
80169,0.0209830637314102
80170,0.0180165035977311
80171,0.0211377922643707
80172,0.0181591819739026
80173,0.0172875114952766
80174,0.944042478456298
80175,0.0163576545148541
80176,0.0184644913343202
80177,0.8936487546714393
80178,0.0196175885049928
80179,0.0230831749070666
80180,0.0164048938914489
80181,0.9390179584881154
80182,0.0157333883280262
80183,0.0183093993689679
80184,0.9176235624947832
80185,0.0213857530382409
80186,0.0207094267511823
80187,0.0205566011009143
80188,0.0264311561987348
80189,0.0168165436823526
80190,0.0188442871786716
80191,0.0263999626306386
80192,0.0176929978028337
80193,0.0161121185955964
80194,0.0192310596141957
80195,0.9198140561518762
80196,0.0157813269217742
80197,0.0188782773779027
80198,0.0184941406656075
80199,0.0192939814315713
80200,0.0296227324516984
80201,0.0773970972009645
80202,0.0194041520650886
80203,0.9472036161168894
80204,0.0998909498246866
80205,0.1110250326886239
80206,0.0160156820628443
80207,0.0676311927598549
80208,0.017571573644913
80209,0.0204776603419088
80210,0.0212079369603646
80211,0.0335154927193982
80212,0.0276886501614655
80213,0.0192050575309743
80214,0.0443925710916324
80215,0.0171279156002222
80216,0.0484929414411652
80217,0.0176824479835632
80218,0.0166838542338662
80219,0.0171212153227162
80220,0.0169490193811077
80221,0.0162905530380618
80222,0.1510283203823193
80223,0.9366370880607676
80224,0.0205470259982338
80225,0.0360952282472804
80226,0.0828587652308057
80227,0.0161438160584203
80228,0.0289268417137393
80229,0.0287241700580765
80230,0.0169090008604496
80231,0.9278035113362768
80232,0.0275869420253823
80233,0.0194412630055671
80234,0.0181070977582821
80235,0.0169934375920182
80236,0.0450329033824262
80237,0.0176527537198535
80238,0.0441839996265866
80239,0.0232973019176291
80240,0.1013893031765635
80241,0.0184684055155189
80242,0.0373331606397961
80243,0.0164957136972918
80244,0.0185121103137551
80245,0.0330179868039092
80246,0.0191853276066036
80247,0.0175293169576111
80248,0.3076453212930913
80249,0.016141785401072
80250,0.1928110989533367
80251,0.017226170476484
80252,0.0182662113752565
80253,0.0223420283560606
80254,0.0156821152042683
80255,0.1479474546242361
80256,0.0208021788893679
80257,0.7047317198767318
80258,0.0204747202333076
80259,0.0173989554220549
80260,0.0186427894426169
80261,0.0177406073568361
80262,0.0276865132532653
80263,0.0754114450919861
80264,0.9446218491979012
80265,0.0184072273104154
80266,0.0363608375495917
80267,0.94692642284145
80268,0.0161518132155138
80269,0.0177250905261187
80270,0.0561650149022022
80271,0.0764817446111023
80272,0.613075632199485
80273,0.3905406349300803
80274,0.0217134733818974
80275,0.0259979817208722
80276,0.9416700777799488
80277,0.0191448220130847
80278,0.6491277071952272
80279,0.4532775081561106
80280,0.0335792359704425
80281,0.0321377632141089
80282,0.0224281512569401
80283,0.0163591587051074
80284,0.02522512052976
80285,0.0694941351068075
80286,0.938965200295386
80287,0.0192718297039536
80288,0.0184421520649446
80289,0.0197539123687292
80290,0.0182572107802213
80291,0.0165068559206554
80292,0.0155320286374641
80293,0.017398213642092
80294,0.023967057242825
80295,0.0239880116726963
80296,0.0299822732723887
80297,0.9452096937261651
80298,0.019699410504258
80299,0.0910830566485281
80300,0.0512574250659009
80301,0.020039765798957
80302,0.0290076778229975
80303,0.1644689603241738
80304,0.0175403154388712
80305,0.2527097426068602
80306,0.0301197977470685
80307,0.0202335005835562
80308,0.0172574473505585
80309,0.0160484766561581
80310,0.0178344058056689
80311,0.0161988363392064
80312,0.0259107186983788
80313,0.0198192293985121
80314,0.0175106651514655
80315,0.1105063830834628
80316,0.108111431004327
80317,0.0195108803574112
80318,0.9320611991473317
80319,0.0268613678856794
80320,0.0157154710263539
80321,0.0329503620176772
80322,0.0234600390925776
80323,0.244702797314454
80324,0.01972586643063
80325,0.026149100752613
80326,0.0357438319899317
80327,0.0181940968902049
80328,0.0976157220582183
80329,0.0536878683145507
80330,0.0248355472568079
80331,0.0173466536136368
80332,0.0281979939217318
80333,0.0320788451541673
80334,0.8117468545294763
80335,0.0164103012775768
80336,0.0224098043649543
80337,0.0162717667576556
80338,0.0277963867732926
80339,0.0179768753501702
80340,0.0241730128716516
80341,0.0278545581614115
80342,0.0177347257269513
80343,0.0242915501991717
80344,0.0226059149883169
80345,0.0882440687261456
80346,0.9248464263076074
80347,0.0193715246041889
80348,0.0161314336003542
80349,0.0646027154565628
80350,0.0704438493125456
80351,0.0190331770598386
80352,0.0194719478024553
80353,0.076880353128438
80354,0.7070985875504865
80355,0.059465874540607
80356,0.0201683182227737
80357,0.0211543449237826
80358,0.0477187710338884
80359,0.0211740754153455
80360,0.024686250839188
80361,0.0195145126733657
80362,0.0164801312847073
80363,0.0173850209451631
80364,0.0442335289214641
80365,0.0175890482361801
80366,0.0245969643373858
80367,0.0246766176043601
80368,0.0162587770354168
80369,0.943668294214958
80370,0.945490983946107
80371,0.6074161501443626
80372,0.0229100446443136
80373,0.019106649397498
80374,0.0161160019175356
80375,0.0160791954807333
80376,0.9434084781412168
80377,0.0411150499077035
80378,0.0196265817809094
80379,0.0156527497833021
80380,0.052478341223088
80381,0.0235319449694892
80382,0.0385933553284455
80383,0.0327846680689292
80384,0.0944273322322356
80385,0.0197386428530496
80386,0.0193056327018352
80387,0.0688405525197653
80388,0.0175620523089236
80389,0.01665367623994
80390,0.0163988095293528
80391,0.0196777140180181
80392,0.1909709209745765
80393,0.1711030668775557
80394,0.084910435398369
80395,0.0240658183937124
80396,0.0607795872293003
80397,0.0207366859016434
80398,0.0643945520303454
80399,0.0201831211579765
80400,0.9351916404007116
80401,0.0172949381803865
80402,0.0170930971059196
80403,0.0669501941218195
80404,0.0352136835211737
80405,0.0249932116250898
80406,0.0270722629566976
80407,0.0172698031929964
80408,0.0684876781951496
80409,0.0243732427241949
80410,0.0177650616609653
80411,0.0420594372881798
80412,0.0193174185370851
80413,0.0214944732088925
80414,0.0390468367555787
80415,0.0156830026755546
80416,0.0575457444835692
80417,0.0175397540635753
80418,0.0193676386428373
80419,0.0311038448001785
80420,0.0194480504262393
80421,0.0176689422020243
80422,0.0157565745796344
80423,0.0283523033568243
80424,0.0218983638886668
80425,0.0164646908558306
80426,0.0242920497697634
80427,0.0182859038658531
80428,0.0484970299714211
80429,0.9164974001714165
80430,0.0168372417609716
80431,0.9326513798896772
80432,0.1674389933295432
80433,0.0159954451688412
80434,0.0381979239533329
80435,0.0166412582806067
80436,0.0161713582691241
80437,0.0266317968635856
80438,0.0317601262080665
80439,0.0529608881700981
80440,0.2171182947128325
80441,0.0226515373962542
80442,0.3079185092897681
80443,0.0186299897839523
80444,0.0270698109485629
80445,0.0270976917910602
80446,0.0202494362299863
80447,0.0552355312471896
80448,0.0215469580596647
80449,0.0226402566564519
80450,0.0260357743615679
80451,0.0264480544264946
80452,0.0644460975379525
80453,0.0300395193744361
80454,0.0523137487759188
80455,0.0211564055154963
80456,0.0169758770548825
80457,0.0206705760432289
80458,0.9356815250619842
80459,0.0169404908627675
80460,0.02068195434126
80461,0.0394701386852816
80462,0.0171463176337181
80463,0.0301013512565371
80464,0.0158121526182226
80465,0.0608183037011537
80466,0.0188605207669188
80467,0.0178602920570449
80468,0.0174550304303921
80469,0.0212512092034962
80470,0.4676698211125576
80471,0.0308611697947683
80472,0.0378945481346962
80473,0.0170183087948787
80474,0.0163008033968274
80475,0.0182548431353452
80476,0.0163859262488359
80477,0.0197846165817363
80478,0.0181964994167648
80479,0.083595504856079
80480,0.0159042552666235
80481,0.0179386859366302
80482,0.0352127809220618
80483,0.0220505616152833
80484,0.0166089149555873
80485,0.0353861831685948
80486,0.016617569470818
80487,0.0209494607093385
80488,0.9244033124596358
80489,0.0174086539172765
80490,0.0360817798992337
80491,0.9430038810903482
80492,0.0219348494144611
80493,0.0203226837109789
80494,0.0231149860331973
80495,0.9447050727496964
80496,0.0184702650139247
80497,0.9465784969088784
80498,0.0480136798789584
80499,0.0645156547463068
80500,0.9446773871889504
80501,0.0204798766912896
80502,0.0164624297199425
80503,0.1216785227868637
80504,0.943811668306062
80505,0.9368726509164989
80506,0.9453962930864196
80507,0.0206514320127688
80508,0.0320091197719203
80509,0.0239751176361196
80510,0.0295041795899871
80511,0.0244642218972756
80512,0.0240266744627656
80513,0.0173910540855641
80514,0.0169169935362711
80515,0.1879635047751695
80516,0.0200696558919422
80517,0.0202893259020747
80518,0.0495218770469883
80519,0.0284020419671151
80520,0.0515998267621936
80521,0.016715968578826
80522,0.0265692042482131
80523,0.0178554679576883
80524,0.0184853272150518
80525,0.0178917446079703
80526,0.0257771777908376
80527,0.015998174541731
80528,0.0184538855246218
80529,0.017707791747896
80530,0.0204854300984237
80531,0.0185030543821243
80532,0.0199631986437348
80533,0.0192980652276285
80534,0.0225513312750288
80535,0.0174956992604612
80536,0.0291039253631554
80537,0.0213630418423094
80538,0.019917024898651
80539,0.0450172477396366
80540,0.0274463549200421
80541,0.0591400173888537
80542,0.0976326228367109
80543,0.0370331212267773
80544,0.016881999531802
80545,0.0300635254635011
80546,0.018362764548434
80547,0.0177400003112667
80548,0.0158455244324108
80549,0.9373547069329298
80550,0.9464565852366332
80551,0.0428015498907584
80552,0.0818865310771909
80553,0.0159414928451718
80554,0.0181453113101741
80555,0.0157533094344843
80556,0.946976158211242
80557,0.0362428238237608
80558,0.017427446383378
80559,0.9447014845597212
80560,0.0185619786952507
80561,0.0516079515094443
80562,0.0304776505258458
80563,0.1148442092414403
80564,0.0164855501866957
80565,0.0159019254921805
80566,0.0237340072629665
80567,0.018058767678842
80568,0.0180920236515677
80569,0.3170917323871647
80570,0.0389949168674032
80571,0.0200884955653427
80572,0.0238134850432853
80573,0.025531944829841
80574,0.0168800482153562
80575,0.1804960824330488
80576,0.0325149912078328
80577,0.9489964927145252
80578,0.0189023205284376
80579,0.1053147406133811
80580,0.0164292879647591
80581,0.0385347746097
80582,0.0221095983767407
80583,0.0266588950477519
80584,0.0172987488140049
80585,0.1015874178192214
80586,0.0855682344375994
80587,0.0171986632651587
80588,0.0225423072241084
80589,0.0931675699961097
80590,0.0180715911197369
80591,0.0195239685514705
80592,0.1596722850592365
80593,0.0212197274475119
80594,0.0187040327800591
80595,0.0208352485434983
80596,0.0231300517020702
80597,0.3731988529670514
80598,0.0172715206437266
80599,0.0202397869759817
80600,0.9451120918110636
80601,0.0188413690025162
80602,0.0202240094510089
80603,0.0678856293450996
80604,0.0203526139398281
80605,0.0277313998427458
80606,0.0809196510675253
80607,0.0190017144990217
80608,0.018689091798645
80609,0.9035959465429108
80610,0.0527442979600023
80611,0.0249588953480908
80612,0.8936880859960756
80613,0.0801825227297359
80614,0.0301380468321402
80615,0.9274718182687732
80616,0.0244064146852378
80617,0.2012145250039049
80618,0.9192048901081238
80619,0.0897146827094179
80620,0.0227823848150925
80621,0.0180501980589793
80622,0.1002986505873578
80623,0.5036289094076072
80624,0.0445832613069506
80625,0.0865783102798376
80626,0.0546140381180496
80627,0.0631684796162663
80628,0.0174068206580179
80629,0.0167078659974004
80630,0.0173778527799811
80631,0.2150635405271514
80632,0.0298940984558606
80633,0.0189376689905145
80634,0.0168590449477718
80635,0.6072308429178845
80636,0.9070982487114684
80637,0.7652572076544131
80638,0.0849773123713896
80639,0.0341218719733277
80640,0.0166995009911642
80641,0.1068928368667946
80642,0.0196979813924916
80643,0.0177680044346715
80644,0.018723005208297
80645,0.9441485426769504
80646,0.0170938095751639
80647,0.0287706484955778
80648,0.0762341000489981
80649,0.0436083271501011
80650,0.9188707249084082
80651,0.0174078772112806
80652,0.0174540350470276
80653,0.0181507924830329
80654,0.8455867126553699
80655,0.9362333417930176
80656,0.0179264365791694
80657,0.1415964985588063
80658,0.0211522613042989
80659,0.9372941806051504
80660,0.3333023617113174
80661,0.0189700521257871
80662,0.0186044574320863
80663,0.020406678075407
80664,0.1986969767609851
80665,0.9200320685488536
80666,0.9279785096933524
80667,0.0167557679632714
80668,0.0187382145114553
80669,0.8202204642366518
80670,0.0171662846189981
80671,0.0156712862273221
80672,0.0267049040796425
80673,0.1065558757186724
80674,0.0263077259027445
80675,0.0205142522408761
80676,0.0179364922027065
80677,0.0167036800338218
80678,0.0195287707658189
80679,0.0515587812549421
80680,0.0168001427531887
80681,0.0161016072302639
80682,0.0167722437698625
80683,0.0165918118657494
80684,0.0252249232623661
80685,0.947396992143526
80686,0.0182151064529211
80687,0.0213231304295455
80688,0.0255973652884153
80689,0.0186049243761218
80690,0.0292962651947691
80691,0.0222583467805739
80692,0.0166176415940617
80693,0.0391653602885443
80694,0.0204049724208192
80695,0.0190683542674607
80696,0.0220001060258078
80697,0.0201523459529834
80698,0.0841351208112027
80699,0.0184196958630977
80700,0.2383718463220761
80701,0.0552442428980298
80702,0.0269758185641842
80703,0.0170955531407166
80704,0.0238271655756525
80705,0.0401656979553117
80706,0.0254202548472855
80707,0.0229516230232026
80708,0.0181370906677557
80709,0.0177896661078691
80710,0.0322970435600574
80711,0.0458609754657973
80712,0.0591142556917094
80713,0.019451468782932
80714,0.0172024712519536
80715,0.0180482514012271
80716,0.0300684548781258
80717,0.0243241856656027
80718,0.0219133771465691
80719,0.0172386738737754
80720,0.0169966239724926
80721,0.0162928433377299
80722,0.0165134651049471
80723,0.0634606675097044
80724,0.0637811987839071
80725,0.0507745210189828
80726,0.0157700806765789
80727,0.0572757135102091
80728,0.0184705004129324
80729,0.0322675860886583
80730,0.0234696961863416
80731,0.0176729159848831
80732,0.0248441332303817
80733,0.0168320865129967
80734,0.0273101555347492
80735,0.0281945340479526
80736,0.0200465276319924
80737,0.0212211084996586
80738,0.0392038339648114
80739,0.0171179492907268
80740,0.0248411169664046
80741,0.019338730003309
80742,0.0159907780863892
80743,0.0161130904357495
80744,0.0187764267329531
80745,0.0187082551318924
80746,0.0206243624407096
80747,0.0168672225321305
80748,0.0251469360439723
80749,0.0161797549922087
80750,0.0415689639097042
80751,0.3755372866211709
80752,0.0203945135909936
80753,0.6079809563159948
80754,0.019111612816949
80755,0.0197648962646425
80756,0.0305719730967509
80757,0.1606271767667197
80758,0.056994955372914
80759,0.0209562061836728
80760,0.4707616777348833
80761,0.0197000369521284
80762,0.0397158467387581
80763,0.0226872841980202
80764,0.0247158079091472
80765,0.0202520545550566
80766,0.0280252134060099
80767,0.0182862101245836
80768,0.0175839792240708
80769,0.0246667190638932
80770,0.0299157346533997
80771,0.0379431468469132
80772,0.944166598598914
80773,0.0853619619138829
80774,0.0165111512360799
80775,0.0267960667871246
80776,0.0248573099771956
80777,0.021644797017562
80778,0.0166208517264583
80779,0.0222239725723306
80780,0.0212652025156496
80781,0.0265576865834293
80782,0.0200361591090824
80783,0.219093096395317
80784,0.0322554110552801
80785,0.032071307151278
80786,0.0188653124370138
80787,0.9483367227315004
80788,0.0187880706958566
80789,0.0274716811901845
80790,0.2995043839101715
80791,0.0178661926782695
80792,0.017542336451783
80793,0.0234760734749993
80794,0.0175095970612779
80795,0.0205527994776176
80796,0.0734298797390985
80797,0.0388976324441866
80798,0.0160990596070879
80799,0.0314846335282985
80800,0.0222759559666815
80801,0.0229820484865738
80802,0.0175725757067937
80803,0.0233624915006846
80804,0.0219466356293854
80805,0.0166975245698739
80806,0.0158577797487068
80807,0.0170801949746856
80808,0.0262215004630489
80809,0.048553216097696
80810,0.0181987745450219
80811,0.0188115952032177
80812,0.0171005127261508
80813,0.0515957095727483
80814,0.0201087212611058
80815,0.0774856914059744
80816,0.0215313647077198
80817,0.1281178615805714
80818,0.0179640568102034
80819,0.0174159052303771
80820,0.0729714273337046
80821,0.0190808752805524
80822,0.0180525525338053
80823,0.9482182727419456
80824,0.063541761680374
80825,0.1873528180928048
80826,0.0252907874253241
80827,0.0274732794953017
80828,0.0157370086578175
80829,0.0182469805592394
80830,0.037662928537609
80831,0.0185440461950505
80832,0.9468058151573592
80833,0.0977886596455018
80834,0.0163729593985661
80835,0.032816533283153
80836,0.0435076679815854
80837,0.0167097436723305
80838,0.0761214735440733
80839,0.0278214273512565
80840,0.0160617668102278
80841,0.0191035642578581
80842,0.0193260389428792
80843,0.018127021623104
80844,0.0207871863025408
80845,0.0215104396565756
80846,0.5459746090390941
80847,0.0171456551175169
80848,0.0164295193123744
80849,0.0185600726221967
80850,0.2633479652563989
80851,0.0253538120154904
80852,0.0950495639676938
80853,0.0755596335234031
80854,0.0221323528309732
80855,0.016429476071667
80856,0.0302392210400412
80857,0.3372474384987032
80858,0.0674987142660471
80859,0.8940106994190318
80860,0.0327483297095121
80861,0.0751909401417695
80862,0.0972615863154532
80863,0.0458211453062717
80864,0.9413603738449404
80865,0.0181861550894339
80866,0.0158639516345641
80867,0.0347568417771885
80868,0.9321099778167616
80869,0.0174645764956878
80870,0.0234201922376691
80871,0.0172637130512174
80872,0.0270670030210324
80873,0.0171633301208588
80874,0.9272966761501787
80875,0.5056070052385393
80876,0.0169589442657469
80877,0.9028079891739303
80878,0.8345445281318086
80879,0.0433485655528872
80880,0.0439891684618349
80881,0.9433156317015858
80882,0.0160260090491943
80883,0.1148287646462639
80884,0.016276536638596
80885,0.0178214566132141
80886,0.0160768656496782
80887,0.0267853133366428
80888,0.0207003695339362
80889,0.0173183490496598
80890,0.0277063466239282
80891,0.0679455429692971
80892,0.94814089048018
80893,0.0173750773735351
80894,0.0178878498872337
80895,0.1253654089956772
80896,0.017009148191468
80897,0.0527947068479714
80898,0.0182787376167449
80899,0.0541180961962737
80900,0.0172205594081889
80901,0.018637072412697
80902,0.0236051957569587
80903,0.0177053063159241
80904,0.0162551081240518
80905,0.0158575379200959
80906,0.0255588308516911
80907,0.3764610277480372
80908,0.0276781544493625
80909,0.1855326592349316
80910,0.0168845675882159
80911,0.0164962474034272
80912,0.0192784845158513
80913,0.0219850560657406
80914,0.0169927379068461
80915,0.9393253869903654
80916,0.0205927787665603
80917,0.0390368047368425
80918,0.0163935185570415
80919,0.0502777296273302
80920,0.0203841780683443
80921,0.0210492456682614
80922,0.1083348328328952
80923,0.0245207524692424
80924,0.0510202845781533
80925,0.0265863710306466
80926,0.0221107523788047
80927,0.0250341197129395
80928,0.0172413265806233
80929,0.0370766889569537
80930,0.2964149159107002
80931,0.9424903248713152
80932,0.1327173187900936
80933,0.0468205644527363
80934,0.0179067845650263
80935,0.0206584635995692
80936,0.9433813566268991
80937,0.074400883550329
80938,0.0205903840453125
80939,0.0264515541566548
80940,0.024654911010146
80941,0.0359304027262509
80942,0.0234887754134862
80943,0.0651231779977241
80944,0.0231263300057859
80945,0.0634553608776836
80946,0.0171582671058037
80947,0.9464314138374056
80948,0.0193348238293833
80949,0.0480848855647967
80950,0.0209480958524708
80951,0.9432432708795924
80952,0.0666625296110691
80953,0.0174551348048269
80954,0.0173286376448728
80955,0.0226170050804906
80956,0.0174591928152349
80957,0.0261023771815886
80958,0.1939469447211687
80959,0.0194286857301506
80960,0.9330531533934324
80961,0.0186656507780394
80962,0.0446221541837815
80963,0.0179415761505064
80964,0.0280220422770916
80965,0.0181374619125247
80966,0.0268257814928522
80967,0.0249524563924016
80968,0.0181132074913465
80969,0.0172669342602473
80970,0.0219499427219793
80971,0.9390215648658752
80972,0.2618118510351082
80973,0.0176242836411859
80974,0.0654180370502523
80975,0.0268987659909898
80976,0.0350978464029808
80977,0.020306396305128
80978,0.0190757774442807
80979,0.0189886804076917
80980,0.0182050947646676
80981,0.9382888894088536
80982,0.0174251051810212
80983,0.1167699959938333
80984,0.0188302436905891
80985,0.0181566685609963
80986,0.0256501332444549
80987,0.612993317803413
80988,0.0328702018789732
80989,0.0219252764484134
80990,0.0210691728446935
80991,0.0218038035527101
80992,0.0180302586986817
80993,0.0157177445942129
80994,0.3980402950169082
80995,0.0514404673950981
80996,0.0236195174905261
80997,0.9458103298591876
80998,0.0210652341496287
80999,0.8915139468328013
81000,0.0710684424579143
81001,0.0610454856027782
81002,0.0305278185037821
81003,0.0267715346525174
81004,0.0350083284279306
81005,0.0162895012239482
81006,0.0224066974302436
81007,0.0157495031376207
81008,0.0205531608560514
81009,0.0494993331125076
81010,0.4455274964595206
81011,0.4590483486202593
81012,0.0236850073684532
81013,0.0195020510997613
81014,0.0170789992984906
81015,0.0322715124301873
81016,0.0251158766139616
81017,0.0177060480739084
81018,0.1842513223306259
81019,0.0197714498949527
81020,0.0564940306444785
81021,0.9318369289744776
81022,0.0238561324142048
81023,0.0590403993891068
81024,0.025167612609428
81025,0.0254427666412776
81026,0.0237678373447649
81027,0.0233431876942651
81028,0.9241484876977388
81029,0.040695725611924
81030,0.0196110466714791
81031,0.0260206133595843
81032,0.1573314856387369
81033,0.0226220182672227
81034,0.9444131885807192
81035,0.0164924036439472
81036,0.0243675225825863
81037,0.9208281750635688
81038,0.0276931822094019
81039,0.0213873457357552
81040,0.0179701221841876
81041,0.0239726824289426
81042,0.938656989299406
81043,0.0157934447987153
81044,0.0173333179836842
81045,0.0180112303763625
81046,0.0334299485296428
81047,0.0250964309207312
81048,0.0173258079471365
81049,0.0243382488171815
81050,0.0236417612870725
81051,0.0192640204416161
81052,0.0338997975455126
81053,0.0157727830863812
81054,0.0200175784025346
81055,0.0163779113862218
81056,0.0194439671707275
81057,0.2855274841479034
81058,0.0806006072831437
81059,0.0161608719051318
81060,0.02725901295763
81061,0.3969527113932856
81062,0.0181666236543223
81063,0.0494367845140823
81064,0.9440129060474656
81065,0.017686371018696
81066,0.8611379554747839
81067,0.0190960691059907
81068,0.016735850976278
81069,0.9391244485149424
81070,0.0250271426275771
81071,0.0230746512412233
81072,0.0176320770189637
81073,0.0468591842501116
81074,0.0186431258905237
81075,0.0510932590070702
81076,0.0217864910932877
81077,0.0162606718007345
81078,0.0181154955934649
81079,0.0182752980894883
81080,0.0230704929817147
81081,0.158407071707552
81082,0.0226702383490879
81083,0.4817698233564349
81084,0.01580297606106
81085,0.9321510445356463
81086,0.0229972549696331
81087,0.0299918263665065
81088,0.0279715636108254
81089,0.0203532797734808
81090,0.0202156647898378
81091,0.0170289316493658
81092,0.0162141363930457
81093,0.0181490346549913
81094,0.0172179879436469
81095,0.0443795584336988
81096,0.0158259626268328
81097,0.0232457404960463
81098,0.03524696686378
81099,0.0250003441303407
81100,0.0161359446003875
81101,0.0191516858867334
81102,0.0821674617568023
81103,0.0162077073077721
81104,0.0168466800084942
81105,0.0196040585741225
81106,0.0168261637646673
81107,0.0254482895872055
81108,0.0168462381158849
81109,0.023340264014582
81110,0.0199130559958265
81111,0.0162374520313928
81112,0.0157412395733772
81113,0.4679856752445659
81114,0.0169402908399596
81115,0.015989144086836
81116,0.02027886048133
81117,0.0180958899329477
81118,0.052466801451194
81119,0.0254458349966175
81120,0.9454932053433762
81121,0.0187891925657454
81122,0.04700411839669
81123,0.0162976506953557
81124,0.0965306548336935
81125,0.0868662820842494
81126,0.0266618723349787
81127,0.9418614468666102
81128,0.9416050219019988
81129,0.0201150930147867
81130,0.0254987890542445
81131,0.0176271558931756
81132,0.0156759887285943
81133,0.0157302284502019
81134,0.1505075554076699
81135,0.0228865893992912
81136,0.9472742057873494
81137,0.0210594832974402
81138,0.037433829523438
81139,0.0184614480421346
81140,0.037267575046141
81141,0.0169019185218792
81142,0.7151371136878768
81143,0.0203018794684902
81144,0.0202206921151604
81145,0.0189331216649198
81146,0.941458900792284
81147,0.9399860656372252
81148,0.0171092945625869
81149,0.040253851503259
81150,0.0165720163609248
81151,0.0191166063754193
81152,0.0170703032155534
81153,0.0986872282236022
81154,0.0158244930692418
81155,0.040923362284697
81156,0.0343765273055476
81157,0.0377840109202059
81158,0.0198147787559708
81159,0.0315292944650028
81160,0.0209012610818669
81161,0.928909678065936
81162,0.0738260445000582
81163,0.0326681808494756
81164,0.9021751712041258
81165,0.0266507471284262
81166,0.9475792931113496
81167,0.0312925298645885
81168,0.0177990891722411
81169,0.0236573003332099
81170,0.8673571333392879
81171,0.017237257551168
81172,0.0185190392394224
81173,0.0410268514671632
81174,0.0200130487802232
81175,0.0574370213528956
81176,0.0165799632522136
81177,0.0378102663443839
81178,0.0778878106457214
81179,0.088126035114223
81180,0.0195232046398223
81181,0.0181279096561377
81182,0.0211199555721347
81183,0.9463494889676428
81184,0.0264383870237377
81185,0.026146381121757
81186,0.0202152584333513
81187,0.01817324769965
81188,0.0340861104244811
81189,0.1053035349878106
81190,0.024846181896363
81191,0.0188201519198448
81192,0.0764798896914997
81193,0.0164409919603203
81194,0.017900098012559
81195,0.0166301982980543
81196,0.0209286342968435
81197,0.0282372034393061
81198,0.0175357879878424
81199,0.0188735411556372
81200,0.0178919290899333
81201,0.055161176199053
81202,0.9208771615216624
81203,0.0436947017469638
81204,0.0464097534072783
81205,0.9431899352424542
81206,0.0185919102738134
81207,0.0187885482463427
81208,0.0180270431626473
81209,0.0262539516154328
81210,0.0276275679075609
81211,0.016438043287068
81212,0.0167736413520571
81213,0.0174552783283695
81214,0.0165921211265309
81215,0.0283860197057631
81216,0.0179070922206439
81217,0.7285227358503287
81218,0.9472193345442186
81219,0.9459591538668902
81220,0.0321757899890387
81221,0.0316657220935805
81222,0.0159366681629786
81223,0.0291643685980125
81224,0.0266237826176144
81225,0.0193184930834575
81226,0.0424735487769219
81227,0.0230432246466762
81228,0.0166034890958495
81229,0.0201351689539032
81230,0.018159972388783
81231,0.0967055437309268
81232,0.0205607541925551
81233,0.0215098507810147
81234,0.0276278226651231
81235,0.0305041594881907
81236,0.0196844194835275
81237,0.0201095792770115
81238,0.0199801283622806
81239,0.9453384513264432
81240,0.0160587038219449
81241,0.0162747559310959
81242,0.0378609567973101
81243,0.0205989630002382
81244,0.0172985974311477
81245,0.0371202815350782
81246,0.0330199639366256
81247,0.7783138482496905
81248,0.0179691516845758
81249,0.0845439177684744
81250,0.0869495012094294
81251,0.0163369696535305
81252,0.01728787619604
81253,0.0223126763723701
81254,0.4006065636074508
81255,0.0375120476900246
81256,0.9346970270420272
81257,0.022406445133923
81258,0.0174152347494257
81259,0.0259422314405214
81260,0.0410662053338984
81261,0.0910779538604717
81262,0.0295912533887727
81263,0.1641403118718465
81264,0.0207314465238024
81265,0.0171712024649122
81266,0.8429324950930092
81267,0.017486366590403
81268,0.0190493125035537
81269,0.1156613896761818
81270,0.0160038712566169
81271,0.9251858120401334
81272,0.0172526939801019
81273,0.0164391726680105
81274,0.0322094511014934
81275,0.0185105380075312
81276,0.1439451687364225
81277,0.3335329333236961
81278,0.0833109766869842
81279,0.0486149645273099
81280,0.0500035356342599
81281,0.9107778429487592
81282,0.0271799115356019
81283,0.0256788993506001
81284,0.0303733518982386
81285,0.1459799947529303
81286,0.0402309123338055
81287,0.7911280681195412
81288,0.020145423085446
81289,0.0167728924510198
81290,0.0569127958855207
81291,0.0171755736155216
81292,0.0168214101229966
81293,0.0265020295834781
81294,0.0169444114702775
81295,0.9426084827455486
81296,0.0752918027022231
81297,0.0403405290749642
81298,0.0205094384352874
81299,0.0214087259059192
81300,0.2058133833651196
81301,0.0255794427262797
81302,0.0166275616080346
81303,0.0277863596260626
81304,0.035572445461705
81305,0.0157240150635603
81306,0.0193736803064929
81307,0.0203672902870826
81308,0.0167790196710611
81309,0.0159881494553633
81310,0.0303723405962074
81311,0.0314329215838007
81312,0.0167487005483222
81313,0.0177518676557085
81314,0.0238025828492891
81315,0.0246788536028617
81316,0.5443680475323569
81317,0.0365473736280586
81318,0.0241272681122156
81319,0.0207642664996558
81320,0.8496425575384612
81321,0.0263397868814325
81322,0.022409492504242
81323,0.0298431061945712
81324,0.0178483212721095
81325,0.0158703619381976
81326,0.0164859125814189
81327,0.0223273596804481
81328,0.9162966671315312
81329,0.0295862886896271
81330,0.0322637898996618
81331,0.0160881499187552
81332,0.020006568515451
81333,0.0475789406685106
81334,0.8382160417870023
81335,0.0168718725140577
81336,0.0161490873357172
81337,0.0199387308809199
81338,0.0188475770456188
81339,0.0186526712501755
81340,0.017257608546301
81341,0.0188496767985611
81342,0.0268656606190483
81343,0.94482140389473
81344,0.0165090964542091
81345,0.016117593314458
81346,0.0173562072815198
81347,0.0168077632830693
81348,0.9327030290934404
81349,0.0972652342709294
81350,0.0179100068499962
81351,0.0435251432131378
81352,0.017476695613125
81353,0.2386854622677095
81354,0.0495450483790548
81355,0.0183861258360285
81356,0.0203673629717371
81357,0.9313154184673216
81358,0.0168510548587079
81359,0.0847932325104761
81360,0.1672454630516934
81361,0.0242721066541727
81362,0.0212388905764917
81363,0.0211179862299666
81364,0.4411484200811055
81365,0.0172399983907289
81366,0.0229260235384243
81367,0.4565081377256518
81368,0.0207587911944621
81369,0.917529058217502
81370,0.0181345289106958
81371,0.0198524505334566
81372,0.0161226160810366
81373,0.0328240099687454
81374,0.0167286468278334
81375,0.0248337609940537
81376,0.017591592578274
81377,0.948147624798897
81378,0.0745057871358333
81379,0.0272888913519282
81380,0.0161872989182203
81381,0.0185983831696857
81382,0.0171225483273914
81383,0.0180505078995502
81384,0.0183402755403833
81385,0.0280840168456099
81386,0.0204377654427921
81387,0.0182897324035658
81388,0.0556417227123848
81389,0.020379796710948
81390,0.0234931245110196
81391,0.0168500664122639
81392,0.9166072618737304
81393,0.0188555193756166
81394,0.0301096972515401
81395,0.0208749063170559
81396,0.0197408688721022
81397,0.3082809183490917
81398,0.0162055130774722
81399,0.0215207355818727
81400,0.5116745256543015
81401,0.0590039714900858
81402,0.0201687415352745
81403,0.0263113022135281
81404,0.0183264562879304
81405,0.9375662562318748
81406,0.0188967146364987
81407,0.0174468603541236
81408,0.021624691220182
81409,0.0185914140847426
81410,0.0241255202785521
81411,0.0200314706031091
81412,0.0265867307603966
81413,0.9365391969953863
81414,0.0168427609015454
81415,0.108594071430038
81416,0.0225626123725109
81417,0.0254825337160233
81418,0.048950580004749
81419,0.0199317075922124
81420,0.0180890282767484
81421,0.0162503899415543
81422,0.0311731217753913
81423,0.0167349721061244
81424,0.0323083152096874
81425,0.9389768848815784
81426,0.0321233998367778
81427,0.0214228011595957
81428,0.0181732502889922
81429,0.9463700526806738
81430,0.0184435873243602
81431,0.0435188021718216
81432,0.926263086142232
81433,0.0329229625833724
81434,0.0277720878880427
81435,0.0266733905626254
81436,0.1965697215707828
81437,0.0196150746535378
81438,0.0289116524838748
81439,0.01817018628899
81440,0.0172058515466489
81441,0.0203860474776654
81442,0.0162133989428964
81443,0.0169316551893962
81444,0.021717948739955
81445,0.0364523906661957
81446,0.0370459936260913
81447,0.0242247710785663
81448,0.0267817897704915
81449,0.0170341534095791
81450,0.0787925068065582
81451,0.0463160086959932
81452,0.0156416968785155
81453,0.0176192021315547
81454,0.1880391791580624
81455,0.0256206078449759
81456,0.0161019235037429
81457,0.0164424418346031
81458,0.020630336633254
81459,0.018060846778503
81460,0.0840232457899109
81461,0.0187943715045398
81462,0.9279739258638354
81463,0.0198887054405422
81464,0.0309963219524163
81465,0.0180101782613468
81466,0.0155797315591414
81467,0.0187785202077545
81468,0.0221393237130029
81469,0.0250232919909662
81470,0.0183811418269857
81471,0.0162420935215226
81472,0.0291922413249825
81473,0.0187576506491299
81474,0.051182582519806
81475,0.0158365488849895
81476,0.775877153248843
81477,0.9489579467675512
81478,0.0253934419928088
81479,0.0425648007802597
81480,0.0187844847755945
81481,0.1058402916383709
81482,0.030865395370015
81483,0.0393362091084984
81484,0.0240797148516198
81485,0.0297029665692598
81486,0.0159493479701733
81487,0.0213053552139036
81488,0.0194400415797668
81489,0.0171745948471067
81490,0.0207309597083743
81491,0.0407261413543881
81492,0.0193228774803177
81493,0.0160504499445554
81494,0.0192729328190887
81495,0.0270925991540871
81496,0.0225548539244313
81497,0.0170112074816731
81498,0.0212301978543933
81499,0.0236302125305932
81500,0.0184402853723811
81501,0.9210764346058236
81502,0.028614046258587
81503,0.0191555229090596
81504,0.0229735404021986
81505,0.0729139085025093
81506,0.0396712615721737
81507,0.0199990038471293
81508,0.0160634076832021
81509,0.049613272478305
81510,0.5079742045394513
81511,0.9210157883323584
81512,0.0964310008865289
81513,0.0180208881389936
81514,0.0162772748640862
81515,0.0172126950837134
81516,0.0539860874644138
81517,0.0450558877850114
81518,0.0163576456327315
81519,0.8694668983536155
81520,0.0400471519917969
81521,0.0202336058558954
81522,0.022754337755893
81523,0.0420103697768689
81524,0.0331268816557474
81525,0.0180477779237352
81526,0.017324845023969
81527,0.0167296587729352
81528,0.027412611030662
81529,0.2420347620381261
81530,0.018812300167152
81531,0.0172762405939611
81532,0.0300936009231458
81533,0.016869111067927
81534,0.0186486843811409
81535,0.0262523978498841
81536,0.0168728083926806
81537,0.8921588640090854
81538,0.0266038014088813
81539,0.0171997701355756
81540,0.0168142599205948
81541,0.0709141183552189
81542,0.0159070358127247
81543,0.0234290757109901
81544,0.0290931941220985
81545,0.0169889931922584
81546,0.0168165136188257
81547,0.0272959249943985
81548,0.5921954734978598
81549,0.0220323911365137
81550,0.0362475816821373
81551,0.1444804469795097
81552,0.0538964355825569
81553,0.9475196326700012
81554,0.015500861574571
81555,0.0216258513665002
81556,0.0174261200897602
81557,0.02500644802351
81558,0.037376295119875
81559,0.922769930097973
81560,0.02909714580467
81561,0.1134719531643427
81562,0.0159742149150343
81563,0.0161064691976225
81564,0.0184722390246972
81565,0.0157714582946872
81566,0.0158606819465674
81567,0.9370798127393608
81568,0.9444978523373372
81569,0.0775259290524171
81570,0.9465718276940084
81571,0.2246954371557945
81572,0.0178236600610698
81573,0.0159526678917896
81574,0.0302343137905685
81575,0.0328671471291844
81576,0.0243377443413149
81577,0.2456945662163108
81578,0.0220539280484343
81579,0.1213298409571909
81580,0.29717126689736
81581,0.0221278415572279
81582,0.0165906353322141
81583,0.0730176173105272
81584,0.0665339174394274
81585,0.0463418065318558
81586,0.099438859565271
81587,0.0215891825417656
81588,0.0787203946553505
81589,0.0168794322312579
81590,0.016747935836543
81591,0.0176279540439607
81592,0.0905332462871507
81593,0.0198877600630998
81594,0.0203441275395224
81595,0.9472144367609288
81596,0.0183051374014472
81597,0.0181628696134524
81598,0.9380856528683073
81599,0.0197634327726987
81600,0.0512395865934451
81601,0.0191756144607015
81602,0.0198146696286877
81603,0.033880836586803
81604,0.0378036458464743
81605,0.2346199577073734
81606,0.7211835694750064
81607,0.0233496628109594
81608,0.0248788314609244
81609,0.0175352298546597
81610,0.0160166809698455
81611,0.0538569052815094
81612,0.0514478057064137
81613,0.0254938120716198
81614,0.0300198655534082
81615,0.0170037727345685
81616,0.0167279219410247
81617,0.0387943145034028
81618,0.4464110064472334
81619,0.0175651368696893
81620,0.1578821471192302
81621,0.0159857822136876
81622,0.0169750456644397
81623,0.0258438374911714
81624,0.0158382489022581
81625,0.0241177268695695
81626,0.0186444222470045
81627,0.0154893015196439
81628,0.0339898565886417
81629,0.0185919806311962
81630,0.0928375598373072
81631,0.0254132793170997
81632,0.0818405956727885
81633,0.0268896503227311
81634,0.064982005526672
81635,0.0216902177073049
81636,0.0161137362849591
81637,0.016193918082729
81638,0.0485228693349521
81639,0.1424896801660652
81640,0.0191239626050473
81641,0.0241974424516021
81642,0.9391823138966848
81643,0.929361257556936
81644,0.0281196469854313
81645,0.0155933930144225
81646,0.0171021722130601
81647,0.0155910508522742
81648,0.0205196957964582
81649,0.0166221218925317
81650,0.0159087826222855
81651,0.0574508198855137
81652,0.0188088795036626
81653,0.0204323911098274
81654,0.0213322129540934
81655,0.0178152878065074
81656,0.0275921327421099
81657,0.0203646894534751
81658,0.030721526595136
81659,0.0179830185122244
81660,0.0856685553428665
81661,0.1081065586105135
81662,0.0179169130731268
81663,0.0169923407035386
81664,0.0237221136195486
81665,0.1220693008562994
81666,0.0179972815546353
81667,0.0157983680871911
81668,0.015953108898206
81669,0.0158928715271805
81670,0.1772629076419732
81671,0.1123714261063503
81672,0.9328717048341488
81673,0.0281188301780055
81674,0.0191739174079237
81675,0.9443541832393192
81676,0.0159711794708433
81677,0.0160365700633391
81678,0.0371633566976056
81679,0.0243500371401365
81680,0.0281290843413153
81681,0.0330000761027717
81682,0.0221194818265166
81683,0.8753421462286386
81684,0.0167699485329518
81685,0.9331136600680684
81686,0.0229902841803618
81687,0.0222607029620546
81688,0.932331345004924
81689,0.0167184768767046
81690,0.0368392700971495
81691,0.0172419704165445
81692,0.1730460708709625
81693,0.9443996822727544
81694,0.0207229833480142
81695,0.0180773110908797
81696,0.0181084044847544
81697,0.8248393604359685
81698,0.0549415534531694
81699,0.0168192219595638
81700,0.0297643092247578
81701,0.0755581672161384
81702,0.0363876705535032
81703,0.0412507606457275
81704,0.040219472484425
81705,0.9361661560392776
81706,0.0159763759346623
81707,0.0165268277761339
81708,0.0189316675157527
81709,0.0196679838729996
81710,0.4547455363248135
81711,0.027716286190493
81712,0.050579710407907
81713,0.0197151855976613
81714,0.0169153564869763
81715,0.6461070743602136
81716,0.0164496380130989
81717,0.018116682249621
81718,0.0156870619316983
81719,0.946232622749266
81720,0.0193660990546188
81721,0.0198831650111775
81722,0.8681854343018455
81723,0.0742810809721884
81724,0.0739952688774344
81725,0.021992272516546
81726,0.0219340734962658
81727,0.063133456260751
81728,0.0221012338788768
81729,0.0397826482387255
81730,0.0222244676133949
81731,0.021822049835149
81732,0.0321486348006923
81733,0.0273285120951139
81734,0.0164348113293586
81735,0.0729715822401944
81736,0.0618500376870942
81737,0.0216786900588223
81738,0.0408183592710749
81739,0.0519081946767089
81740,0.0170628903074801
81741,0.3369203219789321
81742,0.9413536169688744
81743,0.935312103168141
81744,0.0185558482171856
81745,0.0181788616766689
81746,0.947416971470432
81747,0.0278466927818776
81748,0.0207285764916393
81749,0.016044439855171
81750,0.9390806501489112
81751,0.9176072971139844
81752,0.9457925973284186
81753,0.0161388718937587
81754,0.0183282960683919
81755,0.0177670325447497
81756,0.0228052837495998
81757,0.0236940645003184
81758,0.0296538999372659
81759,0.0710580479775649
81760,0.0160755130432323
81761,0.0194862498668012
81762,0.0172391595561612
81763,0.0210649901829063
81764,0.0222794347580662
81765,0.0205413476138237
81766,0.0250454436055575
81767,0.0211268792818847
81768,0.193426397810234
81769,0.015833363941459
81770,0.0155361501152134
81771,0.0190862307729233
81772,0.020581989416333
81773,0.0251593475639775
81774,0.0191279824190308
81775,0.135833838882965
81776,0.0643362688231136
81777,0.0618342111102549
81778,0.0196784270757681
81779,0.062777072529135
81780,0.0187260866396946
81781,0.0182192959435387
81782,0.0394105567804331
81783,0.0327015300681984
81784,0.019740185031644
81785,0.0246197539126821
81786,0.0525203873530978
81787,0.0202287012976299
81788,0.8428279801087284
81789,0.0306427599619052
81790,0.0182824664289943
81791,0.0196018142633099
81792,0.0607395723557519
81793,0.0392710516154872
81794,0.0194932571173956
81795,0.0221689620592281
81796,0.0190494887460569
81797,0.025779964609395
81798,0.0205491744202166
81799,0.0221021371539881
81800,0.017270463803852
81801,0.0173989466462141
81802,0.0159410096419581
81803,0.0229474914519448
81804,0.0355612897983016
81805,0.2715272073790382
81806,0.0168639202817034
81807,0.0226109466965727
81808,0.0339695251023953
81809,0.0158820920459405
81810,0.0255418987651016
81811,0.9414004973067924
81812,0.9391140995695488
81813,0.0337171587627339
81814,0.0268728126605858
81815,0.0534081766037124
81816,0.9426779699823358
81817,0.0676905050734959
81818,0.0197771258167202
81819,0.0395681063011797
81820,0.0236939162892427
81821,0.0180607733208975
81822,0.9418866737801186
81823,0.0262009337788682
81824,0.0864625946266433
81825,0.0222259337788967
81826,0.939165897977698
81827,0.0410428651301297
81828,0.9467805453459504
81829,0.0285933004752927
81830,0.0253395930159358
81831,0.0279205677051901
81832,0.0253347082956943
81833,0.0159021795690892
81834,0.1352130918845644
81835,0.0174284944669906
81836,0.941391447817132
81837,0.0201324769789703
81838,0.022430082841534
81839,0.0173900500343378
81840,0.9005235852618693
81841,0.0506496535160568
81842,0.9389114165294604
81843,0.017170609841109
81844,0.943213991512144
81845,0.0195924474609476
81846,0.0220499203892793
81847,0.0921796405120771
81848,0.94051651336608
81849,0.0183331635753367
81850,0.015956456630257
81851,0.0161056864967472
81852,0.0164086039881706
81853,0.0182649115437288
81854,0.8942582514673633
81855,0.0532946830534166
81856,0.0260091105596657
81857,0.0164018342065172
81858,0.0165737511218453
81859,0.7017878026473102
81860,0.9075087937722016
81861,0.0266716460645891
81862,0.015907446915302
81863,0.4630683476158139
81864,0.0399226885568686
81865,0.0203405566842111
81866,0.0157157207167138
81867,0.0178073785075689
81868,0.0234397578623913
81869,0.3719570733950355
81870,0.0267103829439925
81871,0.0271013115208981
81872,0.0183111734504116
81873,0.0163018902609691
81874,0.947215763366778
81875,0.0181256701107801
81876,0.1013702844379683
81877,0.0383457985817035
81878,0.0185297439339346
81879,0.9103275537679246
81880,0.9349269697263763
81881,0.9314304330988612
81882,0.0213387438472594
81883,0.8895061325007348
81884,0.938854172880672
81885,0.0247217694597459
81886,0.0171731354974459
81887,0.0171718496362279
81888,0.0221557274264073
81889,0.0209121951338695
81890,0.0211219308143646
81891,0.020055729379474
81892,0.0170336805961341
81893,0.0200114594012081
81894,0.9317656963280474
81895,0.018221451240197
81896,0.9210882353882456
81897,0.019418040311518
81898,0.0344374441376178
81899,0.033294468784072
81900,0.0893453424453322
81901,0.0183903737773535
81902,0.94698549999496
81903,0.0163969709464199
81904,0.0164040938047851
81905,0.0239158450775864
81906,0.0162545512303804
81907,0.0213664591256313
81908,0.0239707313448331
81909,0.0517330369872836
81910,0.0171094419622668
81911,0.0224845974320569
81912,0.0162932745924146
81913,0.018346582398003
81914,0.0236443809543551
81915,0.0189505454786995
81916,0.0185765651162158
81917,0.0771776422585995
81918,0.0162914899353344
81919,0.017776731753298
81920,0.0481236511155467
81921,0.0270647240979436
81922,0.9133540591942304
81923,0.0307961508316569
81924,0.0202413416941717
81925,0.0244018664926361
81926,0.0412197342894676
81927,0.0289087048712894
81928,0.047388563816258
81929,0.0329907915357102
81930,0.2722882896084941
81931,0.0663928157475862
81932,0.0190913972412678
81933,0.9434688815734305
81934,0.0489502729092678
81935,0.0239873191534736
81936,0.0724485159349663
81937,0.1362439104052655
81938,0.0342820940544567
81939,0.0193656850698837
81940,0.0162331932133511
81941,0.0182846862446633
81942,0.0186295672802548
81943,0.1947538365461787
81944,0.0165744597610201
81945,0.0254853994287206
81946,0.0331966599760485
81947,0.0382172797206635
81948,0.0237865682154677
81949,0.0214133185944894
81950,0.0167453775004394
81951,0.5302480484619156
81952,0.025881954218319
81953,0.0276236256207754
81954,0.0201214391226091
81955,0.0198594591601779
81956,0.0162472928484381
81957,0.0157395578010356
81958,0.0208851172062984
81959,0.0726540063963499
81960,0.0172049401842299
81961,0.0169977174970582
81962,0.0197798871363227
81963,0.9459557842424628
81964,0.947299831789936
81965,0.1470675984994494
81966,0.9430939970800056
81967,0.1181430940493527
81968,0.0187082757836612
81969,0.022527126526179
81970,0.0201961729232688
81971,0.0353748164901413
81972,0.0166348903737094
81973,0.1653725098971042
81974,0.024642950213229
81975,0.0188594937771172
81976,0.0492569050065605
81977,0.934185927186406
81978,0.022513677257755
81979,0.0249196119530539
81980,0.0221400149932646
81981,0.0183393146967532
81982,0.0166520491284604
81983,0.0199950967351276
81984,0.0168663504027762
81985,0.939596351311016
81986,0.0250324007632496
81987,0.0157654632181962
81988,0.0176037222346033
81989,0.0175313488519666
81990,0.0581453050756251
81991,0.0335182641131914
81992,0.9086872923380084
81993,0.7778759144120492
81994,0.0180645397633755
81995,0.0361568343251487
81996,0.0188454593948239
81997,0.0223104233916743
81998,0.0175392698190999
81999,0.0286884637276449
82000,0.0182022121446955
82001,0.0172937233831331
82002,0.9401579998386026
82003,0.0237533962665267
82004,0.0184890767656722
82005,0.0162786844027612
82006,0.0558820178782155
82007,0.1165962274927182
82008,0.0276530637032239
82009,0.0262071476137694
82010,0.0157104646427729
82011,0.4271471839428663
82012,0.0241747319253574
82013,0.0164728713845656
82014,0.0157839853431401
82015,0.0236126853294801
82016,0.6626643145220675
82017,0.0216565881943762
82018,0.0495132970764806
82019,0.0558304814076962
82020,0.4453146225227079
82021,0.0410531588024091
82022,0.0177694232413224
82023,0.0396789069107803
82024,0.0169469159339634
82025,0.0217373004502202
82026,0.0326167644326436
82027,0.0476992561220004
82028,0.0372365016094899
82029,0.0172025632338595
82030,0.9423841104640732
82031,0.0286091853710078
82032,0.0326822205690953
82033,0.6701515964556191
82034,0.0166628874911371
82035,0.0330936915679208
82036,0.0321257784711324
82037,0.0648504741673062
82038,0.0937653102065947
82039,0.0311434972556803
82040,0.0160647538521501
82041,0.0230666126511115
82042,0.016999424310039
82043,0.0344592395650398
82044,0.8612014724383505
82045,0.019054507179715
82046,0.0165523813038015
82047,0.7540653737232382
82048,0.0170567352021721
82049,0.1235666434914346
82050,0.0218180408672179
82051,0.0294757179951103
82052,0.4597882786360456
82053,0.0180014858780485
82054,0.019638291520195
82055,0.0179359243722975
82056,0.0240427965648274
82057,0.1005237681493012
82058,0.0178132085947801
82059,0.3137038901614921
82060,0.0554140392074496
82061,0.0169698612882015
82062,0.0188027632368661
82063,0.0489850506885891
82064,0.0306594236734748
82065,0.0936238360448622
82066,0.0403230764224086
82067,0.038423241305763
82068,0.9236065187482289
82069,0.0263839912048556
82070,0.0532957769553365
82071,0.0175430251683898
82072,0.0510093693828069
82073,0.0253479749752074
82074,0.036370604091257
82075,0.0274936348949631
82076,0.3810896835167438
82077,0.060300529682156
82078,0.0157008857877686
82079,0.4819951099702084
82080,0.0165118021347539
82081,0.0173980053978796
82082,0.9410157963489492
82083,0.0583785506549231
82084,0.0187016083313258
82085,0.01795819935298
82086,0.0238427708910949
82087,0.0184717505431549
82088,0.0641936969571993
82089,0.0161029477296477
82090,0.0166988100911313
82091,0.0173584706819697
82092,0.0193402200073761
82093,0.8870648254817326
82094,0.0760323692865804
82095,0.0704966519747776
82096,0.0490669129515992
82097,0.0219806232831591
82098,0.0298550200378519
82099,0.0253351116754313
82100,0.0491406875947138
82101,0.0184532502925003
82102,0.0307095393693794
82103,0.082475619542049
82104,0.0498617474432778
82105,0.1951698317636411
82106,0.7916224682338724
82107,0.0181374017304821
82108,0.0172426922090785
82109,0.0158190128975458
82110,0.018079768858521
82111,0.0169498454262348
82112,0.0223779308063732
82113,0.9370632248829956
82114,0.1727620625899512
82115,0.9485656810756488
82116,0.0234522607494456
82117,0.018047309827414
82118,0.0206847059744717
82119,0.0165801814926594
82120,0.1106636638773853
82121,0.0167267576660432
82122,0.0220865585811461
82123,0.0169657215364356
82124,0.0326986718755756
82125,0.0203414197632556
82126,0.0204692862145202
82127,0.017117482585793
82128,0.0159787941142726
82129,0.0282625126683148
82130,0.021106134567013
82131,0.0271997854498586
82132,0.0556044862551377
82133,0.0340645325431496
82134,0.0159541392609216
82135,0.0578518266629311
82136,0.0318175855768587
82137,0.0328689576842826
82138,0.0484243213936102
82139,0.0180172610598734
82140,0.0290949429414924
82141,0.1131065581541502
82142,0.0462298229929141
82143,0.9358111461538504
82144,0.025855152781499
82145,0.0162977113315054
82146,0.0169460490672147
82147,0.0158194043942814
82148,0.0248924584691899
82149,0.043393936865143
82150,0.0277222877383765
82151,0.0362509938260491
82152,0.0173036678470772
82153,0.1089426019988334
82154,0.0161481149040306
82155,0.9377201010736655
82156,0.0713942864376633
82157,0.0229361684403775
82158,0.0303477846713533
82159,0.1132561795030447
82160,0.0197105457561546
82161,0.0240034794477543
82162,0.018306408244927
82163,0.0167478167040749
82164,0.0200854700821907
82165,0.0165604817324325
82166,0.0166800758389223
82167,0.0198937027355759
82168,0.0211236109986298
82169,0.0257096752635523
82170,0.0227978183878524
82171,0.3313429088285325
82172,0.9269724819754672
82173,0.0652679187122903
82174,0.018153022578709
82175,0.0358046841735064
82176,0.0304477301385552
82177,0.0164492523627658
82178,0.9373024229358876
82179,0.0187138372355108
82180,0.0301550409821322
82181,0.0176858585733599
82182,0.021257277900733
82183,0.0162562241462635
82184,0.2156325846110569
82185,0.0221850013917522
82186,0.0177749293720342
82187,0.0298282944551976
82188,0.2470950873740313
82189,0.9443581999989624
82190,0.0186629613520739
82191,0.8948497119219125
82192,0.0169363522799647
82193,0.0269784757520284
82194,0.0868374742692729
82195,0.0161187225904714
82196,0.0181256670449176
82197,0.938810217928765
82198,0.0392704112227896
82199,0.0361437421397024
82200,0.0164548185535872
82201,0.017901865675894
82202,0.9247162939247926
82203,0.1289066786883168
82204,0.0217604747538813
82205,0.0163331241387417
82206,0.0165545353627651
82207,0.0155314414736071
82208,0.0188664216558305
82209,0.0169975062550539
82210,0.742299921765589
82211,0.3972836498441973
82212,0.0983421954734664
82213,0.9350532097723012
82214,0.0156553182256628
82215,0.023427046053032
82216,0.0210700424289891
82217,0.0713253998683591
82218,0.0164864985651668
82219,0.0269264784665021
82220,0.0230252454517287
82221,0.0302797313928028
82222,0.0678552290633912
82223,0.0160513137102291
82224,0.0537567342872596
82225,0.0164478311342526
82226,0.0183029762386225
82227,0.0159443632149654
82228,0.0198206740389202
82229,0.026838815908459
82230,0.0175796073738897
82231,0.0170425648565959
82232,0.01925528510857
82233,0.0377934693420172
82234,0.1208689789238163
82235,0.0453087039368675
82236,0.016412478098617
82237,0.0289889542181208
82238,0.0186683484535357
82239,0.0427899844761223
82240,0.0395202969694947
82241,0.0262000174651426
82242,0.2152669758976453
82243,0.070735397030185
82244,0.9342193631538864
82245,0.9283362644323244
82246,0.0163285208184264
82247,0.9381785246481064
82248,0.0181298862502721
82249,0.1254657166666531
82250,0.0216439930216191
82251,0.0189480396962945
82252,0.0421933419349969
82253,0.0218706089864278
82254,0.029370482498031
82255,0.0236820396873595
82256,0.0731557918290797
82257,0.0596587630130773
82258,0.0218122783048797
82259,0.9146691818037652
82260,0.0187726560391658
82261,0.0189663393590222
82262,0.041423352718607
82263,0.0158013565401474
82264,0.0159497502978488
82265,0.019804185797087
82266,0.0515072788896644
82267,0.0306698644902248
82268,0.0192061923730213
82269,0.0183252785032078
82270,0.9400524157774138
82271,0.0163168162032019
82272,0.0405568292862766
82273,0.9379331784560522
82274,0.0193317110342117
82275,0.0809342795154318
82276,0.0734874490365431
82277,0.9478049039301092
82278,0.0251690337477687
82279,0.6401878519761587
82280,0.0192977319300568
82281,0.0268202392072052
82282,0.0204946892285686
82283,0.0161185947229454
82284,0.0195742542634609
82285,0.2770684713077347
82286,0.022889884925782
82287,0.0315867373086258
82288,0.0199673176199396
82289,0.0306827215632451
82290,0.0495810883986456
82291,0.0450073218445026
82292,0.0197246529639232
82293,0.9227615196531118
82294,0.0210461416010864
82295,0.0293541899237499
82296,0.0166008068589577
82297,0.0159418686054272
82298,0.0170993315559814
82299,0.0217065100137551
82300,0.0957639661550964
82301,0.0374793145766945
82302,0.0181133517249039
82303,0.9404233183135196
82304,0.0571925985019192
82305,0.0165473252188972
82306,0.1389377869432627
82307,0.0167523482352593
82308,0.0168804201896124
82309,0.0249729727475827
82310,0.0225495217064587
82311,0.0604575796605161
82312,0.022922759887972
82313,0.7186700602244197
82314,0.0163276412407427
82315,0.0403830618199416
82316,0.3078393318694293
82317,0.0230298372962474
82318,0.0184091928290261
82319,0.0190724019516403
82320,0.0173593254294595
82321,0.0170675668311195
82322,0.0553588413138268
82323,0.0163749752860361
82324,0.0238777861510236
82325,0.0175189950341221
82326,0.021197307292929
82327,0.0202729723486901
82328,0.0231193996339898
82329,0.0202726783372647
82330,0.0180609704739699
82331,0.0177041067284895
82332,0.0180009935538981
82333,0.0766882869499786
82334,0.0159701354224709
82335,0.0159266202324346
82336,0.5355845316677412
82337,0.0464055746629013
82338,0.0272075735730565
82339,0.0221898251189895
82340,0.034431506746199
82341,0.0166546147881841
82342,0.0192478276718678
82343,0.0271300582222952
82344,0.1100802340930484
82345,0.0176341522652603
82346,0.0514844684459146
82347,0.0163908539857491
82348,0.942641469987192
82349,0.0968854995914568
82350,0.0167567789346673
82351,0.0334938944845386
82352,0.0293436706175232
82353,0.0282950225951945
82354,0.0479924510321156
82355,0.0205844280001012
82356,0.0222428946693224
82357,0.046595214982863
82358,0.1479250451500779
82359,0.922064749985156
82360,0.0308048750513899
82361,0.0187811836674858
82362,0.0168470209705438
82363,0.0544084379001518
82364,0.8966733956439614
82365,0.0347368565067889
82366,0.0175773849086552
82367,0.0190845419155368
82368,0.0409640686026997
82369,0.0236544523761603
82370,0.0395367701126118
82371,0.0170743810173216
82372,0.0173858888723526
82373,0.3214426388558905
82374,0.0412057441343854
82375,0.0176580588830421
82376,0.0454896282409537
82377,0.0175800294194487
82378,0.0452931353445111
82379,0.0171372699354579
82380,0.0459701887494611
82381,0.0268760457129799
82382,0.1622719550184938
82383,0.0582755939558816
82384,0.0195110479073472
82385,0.1196951017345943
82386,0.0233640671594753
82387,0.028282431149118
82388,0.0169351565986235
82389,0.0298085951510633
82390,0.0213522361114732
82391,0.9430287565930724
82392,0.0333809463047951
82393,0.270232641623621
82394,0.0992428816565965
82395,0.0185726783827482
82396,0.0177641337982882
82397,0.0226410451996525
82398,0.0193861606335633
82399,0.0362669543556633
82400,0.0163289039877226
82401,0.0310676719036215
82402,0.024444016365549
82403,0.1057576801088509
82404,0.0206372247092796
82405,0.0339399703148755
82406,0.0355239347158188
82407,0.0210709429981276
82408,0.0159522320365703
82409,0.0187569233640967
82410,0.0174257067676843
82411,0.022045876254434
82412,0.0172705089418708
82413,0.0186563049097935
82414,0.0211960695341776
82415,0.0225003238494417
82416,0.0200910986131124
82417,0.506010548697969
82418,0.021852702630756
82419,0.0200031111086449
82420,0.0161104727196636
82421,0.8681830849701135
82422,0.0160127592041168
82423,0.0177724661885074
82424,0.021289383251099
82425,0.018054939824059
82426,0.9437332038730892
82427,0.0185697059746027
82428,0.0189034284758938
82429,0.0359952122748449
82430,0.0180302273660417
82431,0.0170912528927739
82432,0.0175183477360767
82433,0.0440093252657306
82434,0.022695039055834
82435,0.0361964505601544
82436,0.0163743606936035
82437,0.0191351348841373
82438,0.0201309728967572
82439,0.2754204047625856
82440,0.1075237774009646
82441,0.0158902422021466
82442,0.0160178767085822
82443,0.087845819181812
82444,0.0235070649131404
82445,0.0165807194831594
82446,0.0285197852951209
82447,0.0397408931419492
82448,0.0191003411265846
82449,0.0175700300137798
82450,0.0238812036110432
82451,0.028936280984829
82452,0.0197771138403263
82453,0.0159044906204359
82454,0.0197695127557316
82455,0.0185297587806957
82456,0.9444034520407784
82457,0.0187719473559462
82458,0.0262443574494675
82459,0.0232154117236624
82460,0.0164158543620203
82461,0.0195302097916176
82462,0.0975215804339175
82463,0.0307151004065605
82464,0.0200608267292097
82465,0.0164155175165829
82466,0.0752714043566218
82467,0.0175292540667907
82468,0.0164954452025948
82469,0.0233835788299125
82470,0.0191621034623933
82471,0.0155045620655828
82472,0.0922695373781494
82473,0.1305121812553525
82474,0.0178718283230635
82475,0.0237153596399361
82476,0.0272589256361241
82477,0.0163751702736438
82478,0.016389890313146
82479,0.9117153585589856
82480,0.0168454621446293
82481,0.0202698073958328
82482,0.0168137225129249
82483,0.0430775309829934
82484,0.4289723308014377
82485,0.0303972242168692
82486,0.944475350259521
82487,0.0262299929631783
82488,0.9473506275244452
82489,0.93555775703533
82490,0.0252181556442783
82491,0.0202377810061903
82492,0.0431299934044817
82493,0.11989121000982
82494,0.0473862649829763
82495,0.0699194134063994
82496,0.0817205679355507
82497,0.0306493779908986
82498,0.0167627852719789
82499,0.0396068158945163
82500,0.0167036736223063
82501,0.1271264002963162
82502,0.0178098646470275
82503,0.1014365828192617
82504,0.0214753412554533
82505,0.0199258679219355
82506,0.0168837198767458
82507,0.0176821465283447
82508,0.0740124729107978
82509,0.0216187336853395
82510,0.0237397292373642
82511,0.0208201342191783
82512,0.0204774295899942
82513,0.1992674652425135
82514,0.0189715378060953
82515,0.8430984860720873
82516,0.0159491067974626
82517,0.0251845044656466
82518,0.0385924674122847
82519,0.0209469668242438
82520,0.1732644413675881
82521,0.2638675037268428
82522,0.0224138714722068
82523,0.0179205673276046
82524,0.0211669445306152
82525,0.0211241890447902
82526,0.1290794939822667
82527,0.0210524917752624
82528,0.0195980587764222
82529,0.030557163498683
82530,0.0230962075266321
82531,0.0249821433959438
82532,0.0836687783871217
82533,0.0207494203971214
82534,0.0221919535939161
82535,0.9096698351641984
82536,0.0694834041937559
82537,0.0549011504752936
82538,0.0171021484778353
82539,0.6135693857838138
82540,0.0182763281406082
82541,0.0356183425179607
82542,0.8266342703723911
82543,0.0168291897770077
82544,0.0343534207142444
82545,0.9473520928168356
82546,0.4280601389279832
82547,0.0226750463052786
82548,0.0315396785757634
82549,0.064901504128395
82550,0.0189603603633351
82551,0.0166434717779132
82552,0.0157272064714631
82553,0.0155381497429084
82554,0.0187613311219077
82555,0.0174543531710732
82556,0.0368693757129942
82557,0.0218494498377513
82558,0.0538101559498499
82559,0.0166561058530131
82560,0.0169364947451383
82561,0.0245784205046743
82562,0.0188300948967718
82563,0.0439947333268675
82564,0.0391731817970249
82565,0.0232434725831978
82566,0.0238792213751556
82567,0.0168987818536618
82568,0.0183184362339408
82569,0.9443081204320118
82570,0.9321106990594016
82571,0.9462630827997524
82572,0.0210377909706438
82573,0.0931726287416594
82574,0.0181965428400644
82575,0.9229317217643568
82576,0.0982557168508196
82577,0.0201055070282103
82578,0.0184494080981559
82579,0.0303731892632777
82580,0.0180371447396404
82581,0.9371736488546694
82582,0.0176908559677223
82583,0.0183909351541338
82584,0.016701217155551
82585,0.0271190271996325
82586,0.0531715743624768
82587,0.019208695067571
82588,0.3892141656054354
82589,0.0167530897030888
82590,0.0198947026862922
82591,0.6013587588608017
82592,0.9372188219795136
82593,0.0246593204967401
82594,0.0182028331706556
82595,0.9232448008014772
82596,0.0172101042659802
82597,0.0247245198339279
82598,0.0172709378878551
82599,0.0286978284310403
82600,0.0187606785182669
82601,0.8165014568954319
82602,0.0214906479941069
82603,0.0200636322629049
82604,0.0244016609964298
82605,0.0200891086174737
82606,0.1351767873840747
82607,0.0168859142377172
82608,0.0197767719111408
82609,0.6805589567022049
82610,0.0176214013780883
82611,0.0921889089994959
82612,0.0330551484284224
82613,0.9384720014622664
82614,0.0168351728349396
82615,0.9019017214085115
82616,0.0181056486980455
82617,0.0306998472537539
82618,0.017653629576747
82619,0.0197719886217909
82620,0.0259745799416344
82621,0.0214062281767099
82622,0.0719146096815335
82623,0.0178318805864412
82624,0.0167874154981281
82625,0.9439017547502606
82626,0.0206023262272866
82627,0.0454784615585155
82628,0.017456356148734
82629,0.017479704512345
82630,0.0193434597643601
82631,0.0161381241879344
82632,0.0238511434513354
82633,0.0181852343722245
82634,0.0475371166103925
82635,0.0215253793231625
82636,0.9309733926716288
82637,0.0182783651308671
82638,0.0168331244846807
82639,0.4296148379586529
82640,0.0212981359507414
82641,0.4211281774296186
82642,0.0221329988072186
82643,0.0230738164971975
82644,0.0337565434659919
82645,0.0189490498830661
82646,0.0170833017497152
82647,0.028082306938503
82648,0.0168170605577648
82649,0.0184800871357175
82650,0.0175336301910293
82651,0.0166166232650164
82652,0.0161870736622959
82653,0.0998739688786054
82654,0.0198713582608394
82655,0.0196800779415364
82656,0.9342745160062002
82657,0.0186420220891787
82658,0.9392481850837108
82659,0.0191430929951923
82660,0.1213153476200129
82661,0.0912879568848261
82662,0.0590819298514278
82663,0.0220728412247172
82664,0.0940254095072697
82665,0.9392913990119088
82666,0.0407367579300084
82667,0.9468848066835652
82668,0.0470494623068898
82669,0.0382130155514151
82670,0.1261959911135589
82671,0.9169095772527838
82672,0.0163382601694784
82673,0.0540998863464904
82674,0.0164103060295038
82675,0.0277512750520054
82676,0.0186021646429385
82677,0.0194709915233973
82678,0.0516274530287056
82679,0.025052701857386
82680,0.0659695028316205
82681,0.0264868846384354
82682,0.9360301544241844
82683,0.0569194269879547
82684,0.1151675523081504
82685,0.0173068834796391
82686,0.0174696723263647
82687,0.0215255239732796
82688,0.0186051306391542
82689,0.0176748134206585
82690,0.0174710641145507
82691,0.0178737152723741
82692,0.0196058011875801
82693,0.0166289704251135
82694,0.0182838661934748
82695,0.0166377543152465
82696,0.1052007563851211
82697,0.0213287279250939
82698,0.9474941465382408
82699,0.0167761176942456
82700,0.015923983788453
82701,0.030918634813802
82702,0.0164321394223577
82703,0.0179987556927024
82704,0.0167759480708556
82705,0.0161389755487016
82706,0.0397959084897548
82707,0.0169467154600932
82708,0.0168588140489771
82709,0.0262167920618486
82710,0.0156127086820182
82711,0.0189199711723065
82712,0.026272681419095
82713,0.0202260096980836
82714,0.0231242446381847
82715,0.0316999155350282
82716,0.0186313338228584
82717,0.0178531007023301
82718,0.102972750755144
82719,0.0671054999148151
82720,0.0311874777787547
82721,0.02042537779476
82722,0.0379788382960759
82723,0.0204591603190005
82724,0.0508317989081854
82725,0.9436015719497812
82726,0.0415578536185697
82727,0.0442699311450429
82728,0.9309584628769764
82729,0.0523442637137194
82730,0.9306298604817096
82731,0.018180792183942
82732,0.0238473704364556
82733,0.0264400024087662
82734,0.0177682396552706
82735,0.0625711020861705
82736,0.9172745395932992
82737,0.064656397400285
82738,0.9047676388153816
82739,0.0380785176075385
82740,0.0460610451329418
82741,0.1359719633862416
82742,0.0168055938243439
82743,0.6214371821121358
82744,0.0832278799829623
82745,0.016496608965494
82746,0.0193696039959753
82747,0.9375061504532028
82748,0.0430446605939202
82749,0.041687794547587
82750,0.0310722141633889
82751,0.0387574487515587
82752,0.0168273494720601
82753,0.0159399015573065
82754,0.0171154418417492
82755,0.026728065317218
82756,0.0172264217830354
82757,0.0217343418183826
82758,0.0240285372233304
82759,0.0185650717609665
82760,0.0222215068899324
82761,0.9120464609623216
82762,0.0965009589545506
82763,0.0204220995816174
82764,0.9468281335482076
82765,0.0234544967914573
82766,0.0159723559322786
82767,0.945512458330632
82768,0.0205298084108294
82769,0.0199362176914252
82770,0.0184456810977698
82771,0.0331904598609845
82772,0.2767949337632753
82773,0.0189892560908416
82774,0.0866566214884288
82775,0.0202531195313742
82776,0.9402581463946336
82777,0.0175108070562114
82778,0.177209457903516
82779,0.0306732437065083
82780,0.2033203112205898
82781,0.0508900486705825
82782,0.0443476218557592
82783,0.0240898994564598
82784,0.1408467939949928
82785,0.016511050809768
82786,0.0329819968509376
82787,0.0175744055247876
82788,0.0264987116507506
82789,0.0158123337260803
82790,0.9463720647869532
82791,0.9429546182549312
82792,0.0193423568466997
82793,0.0159808994758208
82794,0.119596983021043
82795,0.0168410043793087
82796,0.1550383209358051
82797,0.0244877839160359
82798,0.5537616172851996
82799,0.0185390041125022
82800,0.0182834955104025
82801,0.1152957387842025
82802,0.0170854484367889
82803,0.0169491448862015
82804,0.0188673167101744
82805,0.0186038976193162
82806,0.0181391640787925
82807,0.0410955009231071
82808,0.0711212197414679
82809,0.0245746707417299
82810,0.032710769613398
82811,0.9099085900324242
82812,0.0187455127140473
82813,0.0205723687797222
82814,0.9476709122185434
82815,0.942963108614627
82816,0.0178925296601517
82817,0.0225207129732429
82818,0.0184965062365626
82819,0.0238817385007151
82820,0.0221905788775909
82821,0.0173418047058014
82822,0.0234265633898495
82823,0.9393209587812702
82824,0.0161663711895838
82825,0.0188126530115511
82826,0.9044865368231714
82827,0.032702295985817
82828,0.018287696626905
82829,0.0179092762294356
82830,0.0176262740670883
82831,0.0186982147774469
82832,0.0306669081127626
82833,0.0176180943854824
82834,0.03151016004903
82835,0.0171471560749401
82836,0.0281953691184221
82837,0.0190273680318231
82838,0.0336910714368765
82839,0.0428677306220137
82840,0.0245542849786448
82841,0.9304696405041408
82842,0.0444283402553342
82843,0.0175721319976802
82844,0.0194635892011499
82845,0.0173064635483102
82846,0.0183238737467847
82847,0.0290514161120799
82848,0.090105934284237
82849,0.0455453206406065
82850,0.0340579193592216
82851,0.1963431326488418
82852,0.0172753355586052
82853,0.0225779967024762
82854,0.0390526762114971
82855,0.9186165312496456
82856,0.9428222700303686
82857,0.0426354193521469
82858,0.933935435399902
82859,0.0202388025467475
82860,0.9480775715724796
82861,0.0180138545064896
82862,0.0553122717476548
82863,0.0300978989930289
82864,0.0286980420296979
82865,0.9480194027991224
82866,0.0557133615865599
82867,0.7567488111682831
82868,0.0451115674564475
82869,0.0273302786146156
82870,0.0456005829659712
82871,0.2193630998493369
82872,0.0210170665160069
82873,0.0598762565818508
82874,0.0240797078860299
82875,0.9380741657255764
82876,0.0174770958201558
82877,0.0166426670876679
82878,0.0179887383952637
82879,0.9432426807122748
82880,0.6345527739106863
82881,0.0167211131182441
82882,0.9411295093533322
82883,0.0194759844959724
82884,0.0184369785435897
82885,0.0868527781099366
82886,0.0172401577322228
82887,0.0244645635218895
82888,0.0286971397717412
82889,0.9317527528429634
82890,0.7855566021503672
82891,0.017920743955126
82892,0.0334286672217701
82893,0.016662528605333
82894,0.0370176478142909
82895,0.0252606069839697
82896,0.0207040134972127
82897,0.0196034433888807
82898,0.0229624035701105
82899,0.0201505912583238
82900,0.0585578028245354
82901,0.9340865817900942
82902,0.0208143561295515
82903,0.0209481266458194
82904,0.0166111994416781
82905,0.016165897865079
82906,0.0329213113074585
82907,0.1035955478666887
82908,0.016885372012178
82909,0.0178512867738726
82910,0.0157428665740669
82911,0.929813526328776
82912,0.0316061523947575
82913,0.0205461070257798
82914,0.1106553191465327
82915,0.0160729010404946
82916,0.0234317656996544
82917,0.5605265279894933
82918,0.0199069092460992
82919,0.0180928399541462
82920,0.0168489129859291
82921,0.016858261186574
82922,0.0313764624852238
82923,0.0216019936651157
82924,0.0172064153155456
82925,0.066041569722788
82926,0.017680714813305
82927,0.0208593990372645
82928,0.0195828377408596
82929,0.0174010963704894
82930,0.0161782653584871
82931,0.9471757622892334
82932,0.0179490922625716
82933,0.0162554221511154
82934,0.9137169359225448
82935,0.0890989299983332
82936,0.0248542051316359
82937,0.019345591348908
82938,0.1017674566814111
82939,0.7488923524256047
82940,0.0224974728893228
82941,0.0160245001510554
82942,0.0268498521680011
82943,0.0201410267708617
82944,0.0164567537581681
82945,0.0280348600614392
82946,0.0425982804852962
82947,0.8801355483900375
82948,0.0828071550827671
82949,0.0170555023738647
82950,0.0197216526236411
82951,0.0155153829959121
82952,0.8057601198732062
82953,0.9460876794717358
82954,0.0158821764056517
82955,0.0256420579887821
82956,0.0494163505663128
82957,0.9409468753464224
82958,0.0458008288749136
82959,0.0396315484614992
82960,0.0191044792569518
82961,0.0161113930066247
82962,0.0246186451616116
82963,0.7514319496190844
82964,0.0180489044405449
82965,0.0175710377674169
82966,0.9382733260659946
82967,0.9421600273071714
82968,0.0241651157301089
82969,0.0302698996920665
82970,0.024819511558034
82971,0.0160421250257914
82972,0.9385423907415318
82973,0.0295914656257061
82974,0.0179205131733108
82975,0.0162765225669704
82976,0.0302409704352058
82977,0.0181091393594227
82978,0.2699037176410325
82979,0.0230695621717121
82980,0.0366343685732434
82981,0.0256701589184011
82982,0.0355000913509848
82983,0.0228452961657615
82984,0.019298441998077
82985,0.0202907394699019
82986,0.0168821967904542
82987,0.0217675890772532
82988,0.0384668280965891
82989,0.023008965352583
82990,0.0192257953299613
82991,0.1484036649044051
82992,0.0173699207822998
82993,0.0164307984189944
82994,0.0239322259669569
82995,0.0170646873296601
82996,0.0194314297383531
82997,0.1994881496255592
82998,0.0184395027155787
82999,0.0163516606494469
83000,0.0200106450798144
83001,0.9413761020972938
83002,0.0166746529418842
83003,0.0185547517890287
83004,0.0162122857373808
83005,0.2998765942725684
83006,0.020614895852226
83007,0.0205248372207623
83008,0.0975479871385986
83009,0.0475212048225718
83010,0.0408180664289267
83011,0.9254777167287782
83012,0.4057773595747362
83013,0.0226205003344309
83014,0.052972163690276
83015,0.0419064386878916
83016,0.0288855492379553
83017,0.0181629863447709
83018,0.0351717282080931
83019,0.937781657976614
83020,0.0167704626904229
83021,0.026842110462826
83022,0.0194650644401032
83023,0.018828126492742
83024,0.0158457063839729
83025,0.0162176708710819
83026,0.0169530672394842
83027,0.0213758111482043
83028,0.1380970700367699
83029,0.0261499778695729
83030,0.0173027590802972
83031,0.0189807357009172
83032,0.0281007285408556
83033,0.021216032379377
83034,0.0391233224459707
83035,0.0433987433295201
83036,0.2160826760339486
83037,0.929900389925692
83038,0.0716848027838714
83039,0.310969141856613
83040,0.0196178034120132
83041,0.021978213570704
83042,0.0231106057098974
83043,0.0226023001478456
83044,0.0206843589438275
83045,0.0212415466262177
83046,0.0188610047037287
83047,0.017967977829039
83048,0.0379746729207915
83049,0.0196979251951644
83050,0.017708302990255
83051,0.0356586466071013
83052,0.017292224418834
83053,0.0194579591555257
83054,0.01868493996357
83055,0.017333841057553
83056,0.0170159597205434
83057,0.1933614775708749
83058,0.1113292648793146
83059,0.0213742162221221
83060,0.0299204559696566
83061,0.048441227165278
83062,0.032084063633556
83063,0.9464303679036388
83064,0.0368380296574377
83065,0.0177311748857667
83066,0.0178729235766478
83067,0.0232804070000225
83068,0.9374801370487
83069,0.0222248062578936
83070,0.01840737792888
83071,0.0584890524548995
83072,0.3185953181110033
83073,0.0160716648680867
83074,0.0199075848328207
83075,0.0232894184875657
83076,0.0159827582209153
83077,0.0179393999734334
83078,0.0186849809896822
83079,0.555260362976076
83080,0.8324759981577673
83081,0.0166089940067003
83082,0.0194685108666128
83083,0.0253725177288134
83084,0.0161668266202876
83085,0.0197840059294039
83086,0.1030049024557568
83087,0.0167624423966323
83088,0.0224284420852369
83089,0.0177127216888032
83090,0.0819846682036917
83091,0.0475672605602179
83092,0.9449438379111684
83093,0.0187074199587625
83094,0.0171843009091613
83095,0.0181375653877666
83096,0.0333070238559657
83097,0.0164710833647861
83098,0.0263852319551356
83099,0.0166688527222191
83100,0.0354636981291603
83101,0.0213274521571208
83102,0.8555756254782875
83103,0.0166319330070899
83104,0.0235311549829563
83105,0.0173064347478772
83106,0.0400966564118514
83107,0.1200787010137534
83108,0.0294578810527061
83109,0.0292744993915562
83110,0.0193082407662979
83111,0.0184205045128269
83112,0.0524923061625635
83113,0.0162805127508236
83114,0.0176051703671704
83115,0.0370305898589219
83116,0.0164719592632868
83117,0.0668269924798415
83118,0.0723363570258489
83119,0.0167936770948874
83120,0.0449734116190696
83121,0.0160247442007693
83122,0.8628669170969111
83123,0.1290184194162076
83124,0.0182340645172213
83125,0.023273898329938
83126,0.0176282148985029
83127,0.0664785221716815
83128,0.2540363009883682
83129,0.022842081469141
83130,0.9392842849341702
83131,0.0182065103064338
83132,0.0264000992275088
83133,0.0268634890054117
83134,0.0449880152009045
83135,0.0215742543608147
83136,0.8932251889478278
83137,0.0262998178284981
83138,0.09077937652091
83139,0.0205562757496692
83140,0.0183295352752833
83141,0.0232211455521308
83142,0.0329296601279935
83143,0.0159639315990569
83144,0.0226694241401456
83145,0.046187728483991
83146,0.0165708795377971
83147,0.0253333665349402
83148,0.0310437808043614
83149,0.0262222567665264
83150,0.0178807363345243
83151,0.0261700871387154
83152,0.0313990124177927
83153,0.0174483930926446
83154,0.0176542990886504
83155,0.9403457825167858
83156,0.0213072172177537
83157,0.065270658012035
83158,0.0187172351187163
83159,0.0220395556453591
83160,0.1515379161883898
83161,0.0233840546396529
83162,0.0859132407402254
83163,0.0290687810843365
83164,0.025154517860028
83165,0.0269965798182448
83166,0.0216460341393557
83167,0.8588429732701863
83168,0.8598539904024639
83169,0.0200923743645259
83170,0.071967558482312
83171,0.063309941860307
83172,0.0597322475384488
83173,0.0499826777168235
83174,0.145633988422399
83175,0.3015067683415571
83176,0.9359417719668148
83177,0.0192762770770715
83178,0.0205082996276357
83179,0.0301583709057476
83180,0.944541510415706
83181,0.0483243499141098
83182,0.0183008615541855
83183,0.0221192013285257
83184,0.0180268164987168
83185,0.943247619977983
83186,0.0878195049720705
83187,0.0201866930075975
83188,0.0255970599220145
83189,0.1655807649439549
83190,0.0173688300084747
83191,0.0176498086004735
83192,0.0801774434793281
83193,0.0191642684756079
83194,0.023120385410152
83195,0.0234969471072739
83196,0.0507627772628951
83197,0.0162471119345546
83198,0.1560082786896354
83199,0.0216944018409819
83200,0.0185056830981714
83201,0.1081340209711273
83202,0.7284637415245254
83203,0.0248420572055501
83204,0.0186958889181201
83205,0.0487607693066293
83206,0.0165532800049434
83207,0.9368620451233176
83208,0.0233544130994636
83209,0.0163949922765065
83210,0.0576442438570893
83211,0.1425326778563491
83212,0.0197424806737755
83213,0.2123983347569442
83214,0.0195034732507867
83215,0.1662403770680235
83216,0.9415300242109962
83217,0.0354733217362189
83218,0.0245798265246342
83219,0.0168806238133113
83220,0.1200823361367759
83221,0.0759320801443858
83222,0.0166491278063916
83223,0.0197166647509632
83224,0.0204064741738037
83225,0.0215927616321289
83226,0.138836345780949
83227,0.2744114439815668
83228,0.0534451165620076
83229,0.0324823817412502
83230,0.0158196075511335
83231,0.9397901119348352
83232,0.0205959823626361
83233,0.0162047122139999
83234,0.94346889795702
83235,0.0158765392914261
83236,0.0167629310311697
83237,0.0663974352745413
83238,0.9165573523767452
83239,0.022973343000273
83240,0.157396496226954
83241,0.0791836365569047
83242,0.9453271078085396
83243,0.0249893998209395
83244,0.0286242925366533
83245,0.0200819411702641
83246,0.9405701453091704
83247,0.065444666621514
83248,0.0159532666336961
83249,0.0195695413934058
83250,0.0194478774980256
83251,0.0287479279152012
83252,0.0324071024755019
83253,0.0276319069600142
83254,0.0208499392712109
83255,0.0236798435818188
83256,0.0210341441083315
83257,0.0158043745819318
83258,0.0246297069272151
83259,0.0755308862655097
83260,0.0268564972691448
83261,0.2084454675175477
83262,0.9412992700502972
83263,0.0175143480272036
83264,0.0396289560868217
83265,0.939868966279272
83266,0.0176834055007573
83267,0.0224883793826792
83268,0.0170630942547466
83269,0.016519951322362
83270,0.0282672521831925
83271,0.0431475347815966
83272,0.0200291307541672
83273,0.0171002559219543
83274,0.0463812847298739
83275,0.0163026101608972
83276,0.0168404343536043
83277,0.0191946079400296
83278,0.0280564581987923
83279,0.0169559229995945
83280,0.0334984693917732
83281,0.0237237823994237
83282,0.0419938603563907
83283,0.0169513737555064
83284,0.0165541433883079
83285,0.0301870564417727
83286,0.9424523887209426
83287,0.0180990178861277
83288,0.023143027822087
83289,0.0181284734520893
83290,0.0187860730333251
83291,0.1069382705814326
83292,0.0172430243682808
83293,0.0169112064547979
83294,0.0179790664006121
83295,0.0206232109653386
83296,0.0163784712601869
83297,0.0205354505199542
83298,0.0196797486906554
83299,0.0172610611715188
83300,0.0168935652336894
83301,0.0948023248410729
83302,0.0450252016680967
83303,0.0426076513116473
83304,0.2804583773690224
83305,0.0214367685712026
83306,0.1216150171525052
83307,0.0187438266323842
83308,0.0285737244452099
83309,0.0177228067451446
83310,0.0190336237057101
83311,0.0287733954402019
83312,0.0245444990724272
83313,0.0275836764622603
83314,0.0423612782283732
83315,0.0196558256504745
83316,0.0208373450636409
83317,0.9423000027761868
83318,0.0180043813199936
83319,0.0355096626110028
83320,0.9402930554466784
83321,0.0438059295687366
83322,0.0165312064901137
83323,0.0189395500240689
83324,0.0188310829696585
83325,0.0549646863464524
83326,0.0403306353114088
83327,0.0167643122842563
83328,0.1081557760044339
83329,0.0163998195707944
83330,0.0173581022348836
83331,0.9455412097286968
83332,0.0159421049404435
83333,0.7601101112954128
83334,0.0159901602125498
83335,0.0160565560856515
83336,0.049504103546413
83337,0.0183727856942408
83338,0.930107441872126
83339,0.036052892468954
83340,0.0184934580311909
83341,0.0302005238648103
83342,0.9426427930137632
83343,0.0207921286818011
83344,0.0206861126366742
83345,0.0216755849737194
83346,0.0253511767848666
83347,0.0168423729478061
83348,0.0166600609382927
83349,0.0184533780740143
83350,0.9478909465557056
83351,0.0417290633996628
83352,0.3090522486514269
83353,0.0180455957592983
83354,0.0214334065108458
83355,0.0231910524580977
83356,0.0179753871644987
83357,0.9112400030927208
83358,0.0355570788612895
83359,0.0964095568464183
83360,0.824527258675383
83361,0.0171069052771727
83362,0.0886127231460359
83363,0.0187916839452918
83364,0.9372267281284784
83365,0.0182194215557691
83366,0.912087904709496
83367,0.0340759018499343
83368,0.0177136209031448
83369,0.0166553989959578
83370,0.0569416209744776
83371,0.9338955840584088
83372,0.8809289525219628
83373,0.034433566374087
83374,0.10600824205575
83375,0.0242314979101344
83376,0.945105059900193
83377,0.0201460581025249
83378,0.9163651143405852
83379,0.0471431366699265
83380,0.0421208252017634
83381,0.9163994510710028
83382,0.025474549590483
83383,0.0258697605661029
83384,0.028223270184348
83385,0.0259092506363017
83386,0.0183795334201679
83387,0.036280812480905
83388,0.0166611729614512
83389,0.019997345631794
83390,0.94008349932017
83391,0.0554563166372933
83392,0.0200835703225976
83393,0.0203242324302254
83394,0.0290316397558087
83395,0.0220230194540156
83396,0.1635800313745455
83397,0.0469478784701532
83398,0.187685305510451
83399,0.0318918800427125
83400,0.113806419479911
83401,0.0180353976155372
83402,0.0160746324239771
83403,0.9460856984419016
83404,0.9385512569061232
83405,0.0246100988052707
83406,0.0317839675137221
83407,0.0254483644516145
83408,0.0216093701753013
83409,0.0778972214512165
83410,0.0195302163097169
83411,0.0229058249203658
83412,0.929337924139064
83413,0.0175619150709063
83414,0.0185930403062016
83415,0.0211291326228448
83416,0.0488474191455151
83417,0.0217323996181889
83418,0.0201630722335186
83419,0.919942373406048
83420,0.0343173061638104
83421,0.0289447536842244
83422,0.0376544483927509
83423,0.0225436555534737
83424,0.0183602146653405
83425,0.0225843757010076
83426,0.0170033740484071
83427,0.9427498069308938
83428,0.016541071108858
83429,0.0188316773005178
83430,0.1694306433037909
83431,0.0322786565442545
83432,0.1429936356281165
83433,0.0173460880409517
83434,0.0485998983263522
83435,0.0166017205435078
83436,0.024263663105203
83437,0.0166600241766764
83438,0.0158020715245097
83439,0.020986711043648
83440,0.1148759271692779
83441,0.0310166721414311
83442,0.0173477292617365
83443,0.0159232019475374
83444,0.0419084700702286
83445,0.0261386088769995
83446,0.031448509405214
83447,0.0173857704754411
83448,0.018118955859501
83449,0.1177489755351777
83450,0.0203481191826187
83451,0.0174571414342877
83452,0.0183642897331958
83453,0.0610222841361879
83454,0.0177452224379899
83455,0.0716096127822944
83456,0.0175224827540957
83457,0.0574570924401827
83458,0.016365169799002
83459,0.017848106132877
83460,0.0263981505248804
83461,0.0586582918146454
83462,0.0163398246628475
83463,0.0227154772862624
83464,0.0179041519557673
83465,0.3752773234831627
83466,0.0173355798130475
83467,0.0181417714809321
83468,0.0172928553052896
83469,0.017413116113354
83470,0.0207891251220876
83471,0.0183024271754586
83472,0.0189486032971152
83473,0.0236354559308856
83474,0.0676303942243226
83475,0.0664984899734806
83476,0.0276032690610957
83477,0.9154868179542625
83478,0.1775790401452464
83479,0.0239947946472181
83480,0.0234971340213258
83481,0.0877031531743799
83482,0.0166398440964679
83483,0.0294224567818259
83484,0.9420165007736144
83485,0.9303310186000512
83486,0.1215714908148746
83487,0.907411515404319
83488,0.0184579325508067
83489,0.0170638735417613
83490,0.0187909624818988
83491,0.0183007547073637
83492,0.0193207559937275
83493,0.0175674569091584
83494,0.0406259090590751
83495,0.0178511415712304
83496,0.0549943950036178
83497,0.026059343089603
83498,0.0177461325205881
83499,0.036175365239831
83500,0.0410634514966227
83501,0.0179372345647326
83502,0.0210049877258631
83503,0.018993625688158
83504,0.0464685760001939
83505,0.0524019737450612
83506,0.0767629474379035
83507,0.0164254609968281
83508,0.0164559470379107
83509,0.0206773689824046
83510,0.0159523381155277
83511,0.0225947492668197
83512,0.0269821559618443
83513,0.0294970085451251
83514,0.923537015554399
83515,0.0179314877852814
83516,0.0159606319481898
83517,0.0207985570530493
83518,0.0170270011351618
83519,0.033015610054899
83520,0.9417787648450436
83521,0.02020076760865
83522,0.1198471892960056
83523,0.9340139656135588
83524,0.0227897563737032
83525,0.0178497135904221
83526,0.0200153831323823
83527,0.0259730133506546
83528,0.2376471599529147
83529,0.0168268554562844
83530,0.0186770480444494
83531,0.2384228347031915
83532,0.9081867162718906
83533,0.9346562813422664
83534,0.0200114768673254
83535,0.0180962603722334
83536,0.0180836439904022
83537,0.0184585201570971
83538,0.0207469118277934
83539,0.9342949059314144
83540,0.01782375761932
83541,0.3710092796795978
83542,0.0241687670472782
83543,0.0277525491243003
83544,0.0169514708854701
83545,0.120905302087914
83546,0.0166853020202388
83547,0.0920883164627544
83548,0.0182528431863721
83549,0.0211628533794265
83550,0.1628071704556291
83551,0.017551422171537
83552,0.0361714202805989
83553,0.938657712172135
83554,0.0255633010908284
83555,0.8453812905537578
83556,0.0194345257557244
83557,0.0187841868210189
83558,0.1501731762763112
83559,0.0460927706446494
83560,0.0162785288624116
83561,0.0350888820627169
83562,0.0179537154376916
83563,0.1756351887883993
83564,0.0240981423562546
83565,0.0194726311524109
83566,0.0339911132661855
83567,0.1178462485047933
83568,0.0175301550414724
83569,0.0174435136045281
83570,0.0185034550061455
83571,0.0252161955742671
83572,0.0202745865821989
83573,0.0242459306740034
83574,0.0225862632099233
83575,0.039593720226523
83576,0.0329088453347924
83577,0.0311353109260108
83578,0.0358230012180809
83579,0.0176113721497357
83580,0.2050522158639968
83581,0.0250634965908782
83582,0.0164259596237377
83583,0.0198153106689324
83584,0.0161510681846271
83585,0.1644523567638548
83586,0.0201884240235665
83587,0.0682112612014248
83588,0.8741099777631613
83589,0.9461423687182092
83590,0.025465425820351
83591,0.0431684919865072
83592,0.0212010890930512
83593,0.0230053952494767
83594,0.0217431735914811
83595,0.0394037191461559
83596,0.0201406213780448
83597,0.0282973972076473
83598,0.2264777154445167
83599,0.0242877459053106
83600,0.0686984553288981
83601,0.0495386758239787
83602,0.0176678731087883
83603,0.0170678496662211
83604,0.0179869416517429
83605,0.0242263069599825
83606,0.9395659032897614
83607,0.9451253639095492
83608,0.0168977566853626
83609,0.0443628248746912
83610,0.0204132536328019
83611,0.024064585138423
83612,0.1002644252014674
83613,0.0187969308819663
83614,0.0156720275756999
83615,0.0234974920514092
83616,0.0286982233053385
83617,0.0183708419649116
83618,0.9427600236634373
83619,0.1099492402654258
83620,0.0164083911840061
83621,0.115482571201757
83622,0.0209781153224429
83623,0.0469633712215576
83624,0.9479325603973358
83625,0.0173877544939126
83626,0.0544407102674124
83627,0.0161011104365514
83628,0.0366822624501355
83629,0.0231897555684828
83630,0.3552578825382523
83631,0.0346982594771876
83632,0.0164117744964246
83633,0.0168548350783182
83634,0.940735975805718
83635,0.0166900715835472
83636,0.0239509877856192
83637,0.3758962464249716
83638,0.9385484132529244
83639,0.0159825072431142
83640,0.1253546215835392
83641,0.0174381315024711
83642,0.0158049617424541
83643,0.0176039449190552
83644,0.0391623943793444
83645,0.0392056314625684
83646,0.9384696862966933
83647,0.2032006374210637
83648,0.9025700577906672
83649,0.0155638274972923
83650,0.9487628860389724
83651,0.0184498874647875
83652,0.0332432374553239
83653,0.0691138655730771
83654,0.722216115688219
83655,0.02302240903201
83656,0.0187359997956969
83657,0.027824877038773
83658,0.0448888313830024
83659,0.0174280609409441
83660,0.0273907599234831
83661,0.02618399004227
83662,0.0414333171448786
83663,0.0190407179355274
83664,0.0171005052666424
83665,0.8775711252729763
83666,0.0162774862421968
83667,0.0255458386749863
83668,0.0159179514611565
83669,0.0198226552225029
83670,0.018572020002104
83671,0.1515030892424925
83672,0.0213360609407071
83673,0.941400796921912
83674,0.0196800499195744
83675,0.0229235977068259
83676,0.0712149683185913
83677,0.0183389426977184
83678,0.0171130788513343
83679,0.0181429881571214
83680,0.0226403233815386
83681,0.0198889006962492
83682,0.0178440499745274
83683,0.0186809233126902
83684,0.0636412095115563
83685,0.3230636720749194
83686,0.0254549672376681
83687,0.0234812314570359
83688,0.0399181335325977
83689,0.9468989805324404
83690,0.0186570152111122
83691,0.0232390622114105
83692,0.0960523644219474
83693,0.2471203682507561
83694,0.0161678599628832
83695,0.0202323729400639
83696,0.1045543232212207
83697,0.0201171273932243
83698,0.0550960114268183
83699,0.0545784005166253
83700,0.0210493691970037
83701,0.0502077941281356
83702,0.0168788683190621
83703,0.0159335536371444
83704,0.056529433615646
83705,0.0268387866151421
83706,0.0183763491230401
83707,0.0210645202421041
83708,0.0195907846295515
83709,0.1186940235422265
83710,0.088577378842101
83711,0.0489858292015326
83712,0.1214741615744431
83713,0.9476398382182992
83714,0.0214935362761849
83715,0.0157767587781844
83716,0.0258086967377372
83717,0.2179593729793318
83718,0.0203269561112064
83719,0.030281952712162
83720,0.0316969279520132
83721,0.0177802557699105
83722,0.0173950570039335
83723,0.0248366567209237
83724,0.0970135272762995
83725,0.0324095934057971
83726,0.0326318481722115
83727,0.8023974410070632
83728,0.0194031066350125
83729,0.0161455425373233
83730,0.0291273761776627
83731,0.1729524932921655
83732,0.4105976158076111
83733,0.0163271938796393
83734,0.0508445609331629
83735,0.0166308180415642
83736,0.0250750172351744
83737,0.0174825320786214
83738,0.0166831082062473
83739,0.018636110069347
83740,0.2942631805030096
83741,0.92295135612685
83742,0.0205600213721669
83743,0.0546183561089866
83744,0.0992543439140523
83745,0.022211950145299
83746,0.0176923502924676
83747,0.0167122953384935
83748,0.0178421688294038
83749,0.023887388172455
83750,0.0195722670209555
83751,0.0155948557623728
83752,0.0202070774716133
83753,0.018574527849893
83754,0.8181378847124935
83755,0.0377345096174051
83756,0.0319788995966759
83757,0.2830744699998101
83758,0.017518592087618
83759,0.0299950789689513
83760,0.945090116179566
83761,0.0168590263324676
83762,0.0806402012991926
83763,0.0201475810736417
83764,0.0156825868538216
83765,0.0273814654094572
83766,0.2727899957600727
83767,0.0278918064367422
83768,0.0192741812505403
83769,0.0221195528775467
83770,0.9423714947412964
83771,0.0201088760656186
83772,0.0266029339207419
83773,0.0227135304906235
83774,0.0177339919221364
83775,0.0225965644997188
83776,0.0181366085278963
83777,0.0563409786801875
83778,0.2570437309907928
83779,0.0167788224771964
83780,0.4065405236020273
83781,0.0290737496131695
83782,0.0310446838981952
83783,0.0174410230591644
83784,0.0281268072088111
83785,0.018886432408217
83786,0.0294157473744884
83787,0.0179300983002702
83788,0.0158058815417728
83789,0.02175821474106
83790,0.0220901945758314
83791,0.0362540650213922
83792,0.9113310140664594
83793,0.0311791945888283
83794,0.0264439282325871
83795,0.0472429610071963
83796,0.0626677785353049
83797,0.0216057193667995
83798,0.0163136141573738
83799,0.0230671225026687
83800,0.0996032881673222
83801,0.9044913193263052
83802,0.0290338515346237
83803,0.022902908146383
83804,0.0204309047054137
83805,0.0395327314884042
83806,0.029858102049717
83807,0.9429679285304202
83808,0.9422017063920646
83809,0.0232551171911979
83810,0.9487941503871744
83811,0.0215915373590131
83812,0.0199178994407975
83813,0.0290111088338251
83814,0.0175460618085348
83815,0.0311963212275523
83816,0.0163929999233562
83817,0.0248385003410149
83818,0.1840585784539083
83819,0.9391251633459078
83820,0.0886654284843646
83821,0.1586142404198435
83822,0.0388037095970469
83823,0.02281807453333
83824,0.1126589648060557
83825,0.0171265679648793
83826,0.0305507851510686
83827,0.017157987192644
83828,0.1840344406390842
83829,0.0442933413309666
83830,0.0622103966117301
83831,0.9466079851422692
83832,0.0189235402738251
83833,0.0243037221094125
83834,0.018732994166602
83835,0.0250252689620315
83836,0.0608161137977341
83837,0.0212458987931271
83838,0.0173548958936151
83839,0.9470342939322406
83840,0.1115533583054926
83841,0.0346055951044864
83842,0.0436431956905665
83843,0.017728559338723
83844,0.0170048968245868
83845,0.018433948603059
83846,0.933526364783289
83847,0.0192893143922821
83848,0.9481550058667798
83849,0.0246607243102687
83850,0.0177357143635221
83851,0.0192174149653852
83852,0.0170563306854508
83853,0.0172235565849052
83854,0.053394299294123
83855,0.018373495340757
83856,0.0183391582676658
83857,0.0441631974389565
83858,0.0171926567497634
83859,0.0160883453165722
83860,0.0267554249676865
83861,0.0719593889366758
83862,0.021139337118347
83863,0.103805950272015
83864,0.0191538764896103
83865,0.022336910425522
83866,0.0229583029615718
83867,0.0201234953066972
83868,0.0209582805959823
83869,0.0224928454584444
83870,0.0174020215402696
83871,0.0171858475151432
83872,0.0469011095981433
83873,0.6808780101661337
83874,0.0583015322115833
83875,0.7559667414149214
83876,0.0727725577613166
83877,0.0253149248873869
83878,0.0161885358675026
83879,0.0199988223327127
83880,0.0439452120095606
83881,0.9389644077470848
83882,0.0188356322813202
83883,0.0225732541758369
83884,0.0167565259704611
83885,0.1197018613808676
83886,0.0223436444615398
83887,0.3756459677719672
83888,0.0252398246926497
83889,0.0193004495297749
83890,0.0192198736252959
83891,0.0190981260415191
83892,0.0262190898116447
83893,0.0624586172306236
83894,0.0177914390792205
83895,0.0161525594918906
83896,0.0169934163064536
83897,0.029593374226897
83898,0.0327900967767087
83899,0.0178699121771459
83900,0.0188591065796849
83901,0.026432689397652
83902,0.0174567215300875
83903,0.0646408104222071
83904,0.0183147631891371
83905,0.0215909313218315
83906,0.0765608293862659
83907,0.9471373563631657
83908,0.0228106206085908
83909,0.0386303669595156
83910,0.0169381250453756
83911,0.0268736055670186
83912,0.0403033298356885
83913,0.0306189837325628
83914,0.0202193099088869
83915,0.018563171652124
83916,0.0195561894559842
83917,0.0172989431734994
83918,0.0207885183281499
83919,0.0346768406724943
83920,0.0264118453923578
83921,0.0671012886139685
83922,0.0221884169449304
83923,0.0212675343272784
83924,0.9090989223850544
83925,0.0158946327267737
83926,0.0209280503802587
83927,0.0217694968327968
83928,0.0199100510212545
83929,0.873731932400889
83930,0.9431980695218456
83931,0.0167562960505373
83932,0.0192721063387431
83933,0.020752546816451
83934,0.0179993586465462
83935,0.0183148253958423
83936,0.0223278614349179
83937,0.0172864642132413
83938,0.0220993144149497
83939,0.9457593853069516
83940,0.0203794268112966
83941,0.0331726784662897
83942,0.0164856444454413
83943,0.940149442086685
83944,0.0182151716205298
83945,0.0203458703638707
83946,0.1239510887858948
83947,0.0460339664220156
83948,0.0868564448159307
83949,0.0159411425367997
83950,0.0371114103965706
83951,0.0198351137041444
83952,0.1519942347521192
83953,0.9201883767948944
83954,0.0204824594840843
83955,0.0184550709092516
83956,0.0248482743445857
83957,0.0169698101424614
83958,0.019990786775596
83959,0.0187522243576454
83960,0.048323552949495
83961,0.0165231830852633
83962,0.0190031620463927
83963,0.9325490395135428
83964,0.0711525019640739
83965,0.0155479286781167
83966,0.0192054880383403
83967,0.0443462099050889
83968,0.0162985851356549
83969,0.0301358663259199
83970,0.0168872937640726
83971,0.0549733787092907
83972,0.0254173957680479
83973,0.0168491724697349
83974,0.2073436058356482
83975,0.0179408673818671
83976,0.021468405384757
83977,0.0381197376431078
83978,0.0231308916493406
83979,0.037498169804376
83980,0.0250008510523733
83981,0.0293338667696128
83982,0.0234777533500552
83983,0.0310698464749084
83984,0.0183437315880591
83985,0.0196552817457772
83986,0.1195273856989422
83987,0.0196469608090912
83988,0.9286555445837426
83989,0.0230209878888337
83990,0.0186587195956015
83991,0.0204686082090616
83992,0.2220829390797948
83993,0.6844676102241795
83994,0.1480993449230182
83995,0.0159079415975839
83996,0.0312662309904218
83997,0.0696434260174992
83998,0.0189982651189579
83999,0.0443996930411199
84000,0.0178552050440305
84001,0.0291331062343461
84002,0.0182160359614548
84003,0.9289360568953232
84004,0.0160325860795109
84005,0.0226880472691638
84006,0.9316702894956244
84007,0.93499768687434
84008,0.0169394932217148
84009,0.015948777402925
84010,0.0159363943160468
84011,0.0185386090284299
84012,0.0264276835522348
84013,0.019109316048167
84014,0.0187646435086506
84015,0.0838477255329835
84016,0.0172383802727667
84017,0.0220904690177066
84018,0.0341447641274754
84019,0.0169080824431
84020,0.0262528118795627
84021,0.0247058412849633
84022,0.1972107898561792
84023,0.01725005588684
84024,0.0170686941530089
84025,0.936885596669013
84026,0.9343513863455556
84027,0.0179237460463997
84028,0.0193412385009578
84029,0.0194816481618923
84030,0.0213107212751961
84031,0.0208865647061809
84032,0.0187042310923786
84033,0.0167002516681213
84034,0.0330783612571924
84035,0.0507932644001917
84036,0.0178410248126108
84037,0.0288482576732611
84038,0.0697275327815931
84039,0.0191309837550923
84040,0.016075376568995
84041,0.1275358703884368
84042,0.0219729227252727
84043,0.0164185573519318
84044,0.0190627674474302
84045,0.9435895638426536
84046,0.9154082588840466
84047,0.6471313110052981
84048,0.0166552117253048
84049,0.0165053197378106
84050,0.0181181290232137
84051,0.0231386146532354
84052,0.0182346624129401
84053,0.0244641089761188
84054,0.018725077873789
84055,0.0182762380989032
84056,0.2363114291603492
84057,0.3388905896665568
84058,0.0234579444145539
84059,0.0189637964046748
84060,0.0234814940672903
84061,0.0271030893892931
84062,0.024109057881347
84063,0.0312584613656475
84064,0.0208250001018354
84065,0.0310935091520682
84066,0.0207440797759493
84067,0.0170526826022859
84068,0.0209904346319546
84069,0.017341540269821
84070,0.0161787181836933
84071,0.0262249964103717
84072,0.0428417469389894
84073,0.0207977877800481
84074,0.0230725198953284
84075,0.0209048006743292
84076,0.018847803582513
84077,0.0218785587223562
84078,0.9447075100371052
84079,0.1553942984282327
84080,0.0327292853589094
84081,0.0412652389202316
84082,0.0169997953670216
84083,0.0203204394617255
84084,0.0171926601499606
84085,0.0196945700788136
84086,0.0508218409918511
84087,0.0273830197134961
84088,0.0330910887485102
84089,0.0298821997772304
84090,0.0440985269180744
84091,0.941496974159665
84092,0.0329084543547098
84093,0.2867781672704168
84094,0.0181980284857599
84095,0.0177598312312004
84096,0.0211098886126987
84097,0.0184199824494365
84098,0.0304058412296776
84099,0.0164723188819198
84100,0.0271313562182714
84101,0.0775777953914454
84102,0.0167131513280083
84103,0.0586975393575412
84104,0.9446892359515796
84105,0.2233231740497878
84106,0.0345129300782331
84107,0.0515185797956809
84108,0.0190316726466722
84109,0.94659296925915
84110,0.0280507043846718
84111,0.0233748566572688
84112,0.0186037892086914
84113,0.0192665012599855
84114,0.0164770761211629
84115,0.0225864743176545
84116,0.0173944248627152
84117,0.0190772747011886
84118,0.0271321529979668
84119,0.0166511970802466
84120,0.0216499187457444
84121,0.0170707868529216
84122,0.0237671489110966
84123,0.0156186200682642
84124,0.0260007623571835
84125,0.1626384391337181
84126,0.0339711633439333
84127,0.1390313285434211
84128,0.0563960164149811
84129,0.5041527227900496
84130,0.0196897197451283
84131,0.0199600563191016
84132,0.0352701094907406
84133,0.0160667254495307
84134,0.0339832607415316
84135,0.0206069071131588
84136,0.1379778451253983
84137,0.0162935567227702
84138,0.0940422647696353
84139,0.0307615203459517
84140,0.0172663865458679
84141,0.0184449478996621
84142,0.0190302131373243
84143,0.0162062813975229
84144,0.0200559613964014
84145,0.0190585105163845
84146,0.1105312147172461
84147,0.018646376899089
84148,0.0165126816649261
84149,0.0235039888113812
84150,0.0259110096503051
84151,0.4111491441120898
84152,0.016926107525219
84153,0.050482254080582
84154,0.055241778198114
84155,0.0171085980342451
84156,0.0169525753210237
84157,0.2455831876522902
84158,0.9333297440436066
84159,0.0191955259457411
84160,0.0180995099713696
84161,0.0197508216576545
84162,0.0214070095257953
84163,0.0451427418494723
84164,0.021787015081392
84165,0.0168797855369614
84166,0.9448633071919028
84167,0.0157002937966567
84168,0.9216734468426652
84169,0.9389955316645826
84170,0.0190786141777999
84171,0.0200132300806876
84172,0.2544504726543422
84173,0.019720299875871
84174,0.8681957841482184
84175,0.1544888958494947
84176,0.0194102493523091
84177,0.0202866293728009
84178,0.0317713765763598
84179,0.0178882487290867
84180,0.018580192682895
84181,0.0180320548635967
84182,0.9190240192490732
84183,0.0165620384816519
84184,0.0227293663169682
84185,0.0179569558338212
84186,0.0218027831261074
84187,0.0159595821032676
84188,0.2962922088016243
84189,0.0159759830996342
84190,0.0178813849298957
84191,0.0234272751477619
84192,0.0199040232304698
84193,0.9136603839281898
84194,0.0327447312992934
84195,0.0453991346861043
84196,0.0163641877379167
84197,0.0169595667125857
84198,0.0359283170242025
84199,0.024092091189755
84200,0.9453384928496648
84201,0.0641384536088058
84202,0.0172839411118863
84203,0.0259229427005778
84204,0.0157321892921166
84205,0.0258145738447257
84206,0.1123056240562475
84207,0.0174014311166221
84208,0.0225573230836239
84209,0.0672066233749756
84210,0.0189513237658604
84211,0.021779381421105
84212,0.0724560063461881
84213,0.0231160767700047
84214,0.0167077613632183
84215,0.016664187560319
84216,0.9304317242939288
84217,0.023042426233699
84218,0.1221689474154942
84219,0.0268197585417741
84220,0.0169023328226918
84221,0.0167050542334867
84222,0.189997494899645
84223,0.0182540900590275
84224,0.0944943734488761
84225,0.0716926355458738
84226,0.0191808090078771
84227,0.0202699673880938
84228,0.0166824279814469
84229,0.2789718502142057
84230,0.0197886023776254
84231,0.026309805080432
84232,0.0229444221895145
84233,0.0212513524637236
84234,0.0161352536004061
84235,0.0925323121646752
84236,0.0235477881885595
84237,0.0272347645933241
84238,0.0212831532755762
84239,0.0181664995514849
84240,0.0171773285280925
84241,0.0194539988559992
84242,0.0214686884299557
84243,0.0189800135999402
84244,0.0270844103555107
84245,0.9431281061638052
84246,0.0282412577500345
84247,0.0492509695994554
84248,0.0624547329987578
84249,0.0563997847356035
84250,0.0384430722694456
84251,0.0372561107272415
84252,0.0499697006549165
84253,0.0206521511682829
84254,0.0181767348567682
84255,0.0387884549263656
84256,0.2659703437848545
84257,0.0208582409203702
84258,0.0158123779197072
84259,0.0939872624328885
84260,0.0546930606246897
84261,0.1376098932360069
84262,0.0157070466455505
84263,0.0223256815558181
84264,0.0188004580398628
84265,0.0171099104703499
84266,0.0221709474877066
84267,0.0171936504353096
84268,0.0213770245026686
84269,0.0155594047198965
84270,0.0269311458729007
84271,0.1398119834911992
84272,0.0158105371455491
84273,0.0204521927489662
84274,0.0680256497969702
84275,0.0155694992422847
84276,0.9367859105854042
84277,0.0168087517289347
84278,0.0548960470325574
84279,0.041611227779276
84280,0.0169980866816191
84281,0.0168805388974465
84282,0.3122603099004215
84283,0.0310192583359255
84284,0.0215701957350726
84285,0.0182488371648345
84286,0.0538178682687305
84287,0.9439731794913548
84288,0.0165937381386869
84289,0.0296434751019
84290,0.0186216174945817
84291,0.0925183721828449
84292,0.0262212741703756
84293,0.0164551285919189
84294,0.1656502276289235
84295,0.1359941100731991
84296,0.0196953000947178
84297,0.4601986785004923
84298,0.0468540089051331
84299,0.0396905874507307
84300,0.1157032994469047
84301,0.0294910609404564
84302,0.0418315014436985
84303,0.0188883708570231
84304,0.0161730573580795
84305,0.3977979231421296
84306,0.0226810811765448
84307,0.0163738015010311
84308,0.0351347140800306
84309,0.0160257562577681
84310,0.0219691858766022
84311,0.114378171834682
84312,0.0396195265499904
84313,0.2141175472555312
84314,0.1197674202976889
84315,0.0164512951060149
84316,0.0188172107135304
84317,0.0314658361580406
84318,0.1464345583715876
84319,0.0240987916017794
84320,0.0276063944379457
84321,0.0734222431571977
84322,0.0522718285626917
84323,0.0164723265320241
84324,0.0193966316100323
84325,0.0275145481466094
84326,0.0188579193774618
84327,0.0178866669563962
84328,0.6443151385486559
84329,0.9379662036232536
84330,0.0260878804318143
84331,0.0162803709620677
84332,0.0240733027312018
84333,0.018723337470853
84334,0.0257206891654741
84335,0.0718789291973328
84336,0.9180427253168546
84337,0.9453526199972312
84338,0.0184448308629234
84339,0.0193863185444772
84340,0.0259268852598801
84341,0.0322548533460942
84342,0.0230332888008128
84343,0.0412301198159144
84344,0.0172027760686629
84345,0.0805779781133025
84346,0.0279722771279963
84347,0.0184698024195206
84348,0.0181232990847205
84349,0.0159052216565126
84350,0.0204934036052139
84351,0.0228699772937705
84352,0.9476793901979764
84353,0.0254272246541205
84354,0.01627001979141
84355,0.0490882943947463
84356,0.0217934065802082
84357,0.0200702840251807
84358,0.0375862740090743
84359,0.034445130787702
84360,0.0758328370043924
84361,0.019310372280468
84362,0.0183576733584326
84363,0.0205628340728445
84364,0.0282655387689629
84365,0.0187599218907598
84366,0.0249987669541342
84367,0.0220081538933553
84368,0.0214006857151299
84369,0.9182107396605644
84370,0.0357584242422176
84371,0.0442828186379485
84372,0.0177539912295294
84373,0.0472037020598532
84374,0.0239730305114841
84375,0.1120239978577975
84376,0.0260031734696742
84377,0.0347304516176438
84378,0.934873017904307
84379,0.0158800968715891
84380,0.0180292452150593
84381,0.0336861477282696
84382,0.0167908981600711
84383,0.0277995762389382
84384,0.0221796014943324
84385,0.0189307264369547
84386,0.0162350047356661
84387,0.0283818095913871
84388,0.0196019363790831
84389,0.0159355920963788
84390,0.0168744537754975
84391,0.017545087595903
84392,0.0342395361472753
84393,0.0216064065759179
84394,0.0298597643885937
84395,0.0166834377748881
84396,0.0437171008969401
84397,0.0184458438827006
84398,0.0245029320420722
84399,0.0173343435398124
84400,0.0271066512824388
84401,0.6376785361934845
84402,0.0255792572022077
84403,0.0221279668916688
84404,0.0206806877457038
84405,0.2962925395242026
84406,0.0247545367909511
84407,0.0207140484932969
84408,0.0166606684371925
84409,0.0190222070069458
84410,0.9011864332646704
84411,0.9322717047681436
84412,0.0170957252763208
84413,0.068671041458252
84414,0.0383960970391747
84415,0.0202094876457007
84416,0.0203278586944102
84417,0.9395336552509548
84418,0.0172989749831538
84419,0.0255281173291779
84420,0.0186474608949341
84421,0.0195094778387651
84422,0.0218031105991515
84423,0.8351879854772433
84424,0.0178654051097163
84425,0.0163415489466878
84426,0.1214553968412721
84427,0.0354662910233499
84428,0.0171525852554154
84429,0.0214037142588981
84430,0.9424602222500283
84431,0.063326426524197
84432,0.0186534508640435
84433,0.0344718851215131
84434,0.021246158577257
84435,0.0764184154963985
84436,0.0171487473674145
84437,0.9013043896255016
84438,0.0209443666732467
84439,0.9455274484485808
84440,0.0201112567775125
84441,0.0259609685783873
84442,0.1262040192200144
84443,0.0216335438414634
84444,0.0204758686125926
84445,0.0715020220347269
84446,0.055834544508706
84447,0.0169742374069672
84448,0.0219164541785718
84449,0.0163761442249945
84450,0.1108899352911074
84451,0.3050798454553771
84452,0.015995509231862
84453,0.915870396675244
84454,0.0214991561722594
84455,0.0292205933867022
84456,0.0310991252318404
84457,0.9484352030956944
84458,0.9377788109441572
84459,0.0191478565581863
84460,0.0179654764571429
84461,0.0218481155939748
84462,0.7816256934001878
84463,0.0225904185110193
84464,0.022064455928094
84465,0.9465858016221312
84466,0.0172291473705204
84467,0.0204921623228639
84468,0.0177951292928395
84469,0.0172313801162358
84470,0.0215810155568431
84471,0.0344874290304338
84472,0.0305869927956445
84473,0.9286738166898102
84474,0.0250437316186669
84475,0.0864050499606837
84476,0.0161263319859244
84477,0.0239518281393239
84478,0.0209638134185785
84479,0.0217820944031905
84480,0.0185777351405909
84481,0.0253431575632268
84482,0.0159978046658662
84483,0.9450528881297484
84484,0.2327089477139007
84485,0.017665458482769
84486,0.0182890079472301
84487,0.029349164669041
84488,0.1024375683665168
84489,0.9449613039353434
84490,0.024054462256586
84491,0.0448792369729319
84492,0.9490377922404524
84493,0.0197390231288591
84494,0.02532661395745
84495,0.0229660419161716
84496,0.0165408209592554
84497,0.017082122888922
84498,0.0194164821603583
84499,0.0164683476427726
84500,0.0157376539801796
84501,0.0166281614077363
84502,0.032963821468919
84503,0.0205474210021505
84504,0.3217830692714382
84505,0.018106525302584
84506,0.0213115256535706
84507,0.018639894651095
84508,0.0279544718942914
84509,0.0217235209459583
84510,0.0219721087479059
84511,0.0163250182666272
84512,0.0345072687859261
84513,0.0420380582900989
84514,0.0186886787961914
84515,0.0321128681221797
84516,0.0174446124092585
84517,0.0296734867017379
84518,0.0236327048326426
84519,0.0579403376196572
84520,0.2302639049738328
84521,0.2875120539626286
84522,0.0170994043192977
84523,0.0182794407473884
84524,0.9136340204882832
84525,0.1271366279022188
84526,0.0194959150401414
84527,0.0435012096809468
84528,0.0665924088141896
84529,0.0655331143680964
84530,0.0204972292345438
84531,0.1298446497306368
84532,0.0162486634961075
84533,0.435080457447713
84534,0.0277327309141661
84535,0.0246703085416818
84536,0.0265890064487417
84537,0.0209776315703133
84538,0.0180579447913512
84539,0.0164359176095261
84540,0.0247636056976209
84541,0.027118086644883
84542,0.8326716296735281
84543,0.0165123351409856
84544,0.0276332275849433
84545,0.018669175103128
84546,0.0170680309016815
84547,0.1310538676325397
84548,0.0163579901612297
84549,0.0168475332674346
84550,0.0512308697598432
84551,0.9371461896683816
84552,0.0247730406012237
84553,0.0357632304729804
84554,0.0177235909629811
84555,0.3229409984708344
84556,0.0254690180686867
84557,0.0165799243192406
84558,0.0180388642670625
84559,0.2358207221583407
84560,0.0211904306950853
84561,0.0200263762436837
84562,0.0852289800580641
84563,0.0207896093951121
84564,0.0179156831547722
84565,0.1238202053817628
84566,0.0165000598307076
84567,0.0556728868625074
84568,0.0173980589351579
84569,0.9449407981173444
84570,0.0204381816663745
84571,0.9167128433564996
84572,0.0180488357294832
84573,0.362736547468761
84574,0.0222622967745337
84575,0.4745613797882151
84576,0.0156559708757072
84577,0.0277963724462533
84578,0.0246677935423651
84579,0.0892369144255248
84580,0.1261419594263652
84581,0.0346365481269823
84582,0.0168200447037513
84583,0.0197138856351048
84584,0.0196489462881763
84585,0.0670044499845465
84586,0.0300340788353669
84587,0.1364833240401002
84588,0.0180645776403939
84589,0.0278806254366379
84590,0.9436138000259746
84591,0.9422860084272074
84592,0.0167392224692526
84593,0.0311817045353598
84594,0.0315405888208324
84595,0.0158180781059864
84596,0.0166804099930619
84597,0.2290576349726543
84598,0.0674056512645049
84599,0.0236773765696964
84600,0.0192860000427717
84601,0.0237437934956613
84602,0.0540188005196191
84603,0.0386655794052426
84604,0.0242174848234027
84605,0.029232368929726
84606,0.0219369850787643
84607,0.0175781953664188
84608,0.9400682733106784
84609,0.9487143786261434
84610,0.933197478080974
84611,0.0695227789187308
84612,0.2518159269278009
84613,0.0224439846534685
84614,0.0162794066273168
84615,0.032585901819441
84616,0.9466180518319912
84617,0.0368204081941109
84618,0.0227986585606518
84619,0.0166717548652109
84620,0.0242766073084511
84621,0.0218245198472132
84622,0.0867581757530745
84623,0.0230170439444016
84624,0.0212541537874497
84625,0.0544573502976269
84626,0.027723633198336
84627,0.1965017858704664
84628,0.0200445991637191
84629,0.045084050035936
84630,0.0166572715694899
84631,0.9412049912073788
84632,0.0171013603081515
84633,0.0290642561443158
84634,0.0651662967568819
84635,0.247896160562894
84636,0.016296154009984
84637,0.0182480383289598
84638,0.0173355215561746
84639,0.0208595554487502
84640,0.0310097335243205
84641,0.0623548028291994
84642,0.0174697795977767
84643,0.0694707438106733
84644,0.0183580964179613
84645,0.0340880014415445
84646,0.0190062134148142
84647,0.0197145568696395
84648,0.0219440430729379
84649,0.0618187616139505
84650,0.0385075806845548
84651,0.0214192347131091
84652,0.0367246344507156
84653,0.0187360975152045
84654,0.0183692489434241
84655,0.0206294357802989
84656,0.0181371456664796
84657,0.0287903393879055
84658,0.0253129007040536
84659,0.0175253707071315
84660,0.0166173421786288
84661,0.0220879038954846
84662,0.0157499975571898
84663,0.9362192396754956
84664,0.024209427242262
84665,0.0165480015542148
84666,0.0222429237278559
84667,0.9185810989347996
84668,0.1381185396311946
84669,0.9142478557888584
84670,0.042843745733766
84671,0.0185976251439936
84672,0.0160593454962894
84673,0.060999385327075
84674,0.0179966196819184
84675,0.0315198182160199
84676,0.088405304246208
84677,0.0191249909530111
84678,0.0939837316445612
84679,0.1953923909119888
84680,0.0615683191818902
84681,0.0353751983931802
84682,0.0173253129305158
84683,0.0726835014932111
84684,0.2299001354960048
84685,0.0200503219508621
84686,0.0182667331834806
84687,0.02056889448356
84688,0.641231803834676
84689,0.0379249207453517
84690,0.0232965069587982
84691,0.0394666805064111
84692,0.0524264192127889
84693,0.0161423948044921
84694,0.0201125495783629
84695,0.0186046304905246
84696,0.030232584322491
84697,0.0187822156251421
84698,0.0429797201589557
84699,0.0271129819932995
84700,0.0158157885154924
84701,0.0202014073481838
84702,0.0209051436147267
84703,0.0253547783022524
84704,0.0211465810778562
84705,0.7659973752578386
84706,0.0234235373208658
84707,0.0174026277274648
84708,0.9190227311879684
84709,0.0312692562015546
84710,0.0215522498698945
84711,0.0166968417894997
84712,0.0159066419725559
84713,0.0174642206764764
84714,0.020861650547457
84715,0.8733195810053536
84716,0.0361597723567644
84717,0.937618149934414
84718,0.1024417708582879
84719,0.026639242981334
84720,0.1362006427849181
84721,0.02344576429705
84722,0.0189099621914632
84723,0.9469238093432925
84724,0.017173785069186
84725,0.9488373809132372
84726,0.0171550791696938
84727,0.018678875722739
84728,0.9376757612387374
84729,0.0237765730764625
84730,0.1010295004811623
84731,0.0162268999970043
84732,0.0196204911871524
84733,0.0171021459491827
84734,0.0161359220953354
84735,0.1955809690946969
84736,0.0240590659552582
84737,0.9312233662125332
84738,0.0212633235543503
84739,0.0156785504926703
84740,0.026212509231152
84741,0.0163076561601182
84742,0.0179347041920479
84743,0.0344110582325585
84744,0.0172668457198362
84745,0.020249118105437
84746,0.0221802253799398
84747,0.0487333471885976
84748,0.0228631221245916
84749,0.9303132504933268
84750,0.0286030722864666
84751,0.1220776960008434
84752,0.261712774199431
84753,0.0294661115800157
84754,0.0854764976047511
84755,0.1780383594232958
84756,0.2580733905509279
84757,0.0212631288713378
84758,0.0705437303466248
84759,0.0183379982829044
84760,0.2233900334786432
84761,0.052975902631687
84762,0.0221123767943265
84763,0.0185000696778034
84764,0.0764319053956943
84765,0.018695079146179
84766,0.7617224483211216
84767,0.0187806805956773
84768,0.0221107825670279
84769,0.0210528579605789
84770,0.016474277971553
84771,0.0157576114917011
84772,0.0310303241565132
84773,0.0232166388466952
84774,0.017293964098096
84775,0.0271238504464866
84776,0.0234359940648048
84777,0.0172118889683607
84778,0.1370646576855862
84779,0.9469775092557142
84780,0.943459352847868
84781,0.9384444437187718
84782,0.0560181720705322
84783,0.0193529766941966
84784,0.3071620251786496
84785,0.4430385661432581
84786,0.9253541059326608
84787,0.020638737525171
84788,0.9406946450127
84789,0.9314585095327138
84790,0.0687761105074269
84791,0.9460975513045772
84792,0.0162768199739329
84793,0.0207647792887656
84794,0.0238667022960834
84795,0.0189030371972994
84796,0.0258830809970253
84797,0.0165254852241958
84798,0.0183418034149171
84799,0.0175523035290462
84800,0.0206324481400147
84801,0.0229508061556191
84802,0.0194190113553519
84803,0.0181914236107703
84804,0.0311106085105413
84805,0.0179342703938313
84806,0.1182645711901375
84807,0.0187012275233501
84808,0.024629340486472
84809,0.0212691284845876
84810,0.0170261954434093
84811,0.9383729240525068
84812,0.0327013421823503
84813,0.017876102515662
84814,0.9301115935776344
84815,0.90087588391044
84816,0.9453561663753594
84817,0.0224137148601354
84818,0.0299291655458002
84819,0.0626985730793779
84820,0.0226212152356146
84821,0.0174850436227129
84822,0.0175541491690202
84823,0.0169163603833369
84824,0.0188948099058388
84825,0.0271171210287633
84826,0.0243017904655795
84827,0.0429595109826975
84828,0.0210881629014881
84829,0.0685351655819393
84830,0.0169382063548987
84831,0.0973426489035887
84832,0.0183267378770537
84833,0.0701820645419513
84834,0.0208129378054841
84835,0.0502862428646157
84836,0.9284531728621914
84837,0.0168727742345269
84838,0.1119252751662631
84839,0.4623759765254378
84840,0.0175620084331036
84841,0.0324267746789388
84842,0.0203489286674465
84843,0.0186600907599447
84844,0.0244811192613396
84845,0.9013921459070228
84846,0.0155928817859982
84847,0.0418983794883456
84848,0.0689727616794038
84849,0.0328221476181098
84850,0.0192774385261734
84851,0.0203911128319155
84852,0.0277104524805906
84853,0.0424931111130372
84854,0.0205648066039597
84855,0.0463093907618054
84856,0.0158579715879647
84857,0.0175797429147698
84858,0.0166954918839658
84859,0.0207455144428869
84860,0.0160001250970402
84861,0.0182585360606417
84862,0.947421796886659
84863,0.02017525992643
84864,0.0758834797156309
84865,0.0237856976315168
84866,0.016270979201043
84867,0.0247825244114533
84868,0.0326894302403955
84869,0.0390028447328596
84870,0.0245252510468279
84871,0.0184834165943831
84872,0.0895512581817208
84873,0.0167422636085175
84874,0.0185168416891745
84875,0.0416543922498174
84876,0.1584753006049229
84877,0.9131109601398888
84878,0.0437504119947573
84879,0.0166568138059293
84880,0.0179036166125281
84881,0.1829250199391678
84882,0.0284634006320979
84883,0.0185122631959734
84884,0.0172116417801741
84885,0.03751709993072
84886,0.1937686669703646
84887,0.0215464624010581
84888,0.0279349634031252
84889,0.0667850558509336
84890,0.0888197522815174
84891,0.0176861986353973
84892,0.0703432071445736
84893,0.0761128266519649
84894,0.0207503195841747
84895,0.0160610578482226
84896,0.0175803169646559
84897,0.0385431532440391
84898,0.0186488606243279
84899,0.0952205281675029
84900,0.074921599749853
84901,0.0201546148671834
84902,0.0230799292267493
84903,0.941012809376744
84904,0.0204379868168512
84905,0.4454990449322462
84906,0.024768618849399
84907,0.0950147734281537
84908,0.0209799797078968
84909,0.0592039016369288
84910,0.0171544713032808
84911,0.9134488153659592
84912,0.0201351983292426
84913,0.018002820711389
84914,0.0199305423615238
84915,0.0236090265710657
84916,0.0212320532006216
84917,0.0632466065871732
84918,0.2375651146480798
84919,0.0244189270648758
84920,0.0256550533289063
84921,0.0515895614023042
84922,0.016059944091249
84923,0.0156660661173836
84924,0.0218586908282599
84925,0.0200827204083474
84926,0.9475764609303884
84927,0.0156488245318809
84928,0.0298049363021832
84929,0.0190499865960514
84930,0.4927923023009221
84931,0.023745058761835
84932,0.0224513702660381
84933,0.0242526776384005
84934,0.5352641068232898
84935,0.8774803734211198
84936,0.0212133832041768
84937,0.0820345532254311
84938,0.0187520197699549
84939,0.0179237234575023
84940,0.0222617634175978
84941,0.0262409650072561
84942,0.0219924302349174
84943,0.018260389652741
84944,0.0237124495960894
84945,0.0305852538719529
84946,0.0441157422905231
84947,0.1605346828186679
84948,0.0160851344926179
84949,0.0205219141120901
84950,0.0169064581706899
84951,0.0216929110037618
84952,0.0240195707072403
84953,0.0231369543895461
84954,0.0187173065718552
84955,0.0221186178811291
84956,0.0538086425316093
84957,0.0174969238262136
84958,0.0166375183654491
84959,0.0221892966546425
84960,0.1173644302784438
84961,0.0160014452762018
84962,0.2025976999744391
84963,0.0167478667120972
84964,0.0225470791285023
84965,0.0214983988634615
84966,0.0301951470889522
84967,0.0963872391435217
84968,0.0197102401027967
84969,0.0187956263846364
84970,0.9377288395791364
84971,0.0311511176587047
84972,0.9433814264719972
84973,0.0162171153837961
84974,0.0355239552905102
84975,0.019054185650019
84976,0.0175087399960088
84977,0.0188651227191031
84978,0.0175696390064153
84979,0.8857283232024883
84980,0.0322988777556451
84981,0.0179877843312491
84982,0.9331078398366704
84983,0.0167548244863344
84984,0.0192660160135368
84985,0.5567948928368897
84986,0.0169326371028631
84987,0.0556514816727524
84988,0.0519339780129938
84989,0.0785189942013956
84990,0.0177114160040616
84991,0.0167332259548649
84992,0.0226737519177244
84993,0.022968469946582
84994,0.0324574223853
84995,0.0315790662030137
84996,0.0533609826029056
84997,0.04514455723839
84998,0.0205958588279886
84999,0.9461861636461522
85000,0.0292055135668272
85001,0.0188158916056798
85002,0.0304016669581056
85003,0.0184724860384398
85004,0.0682654946552212
85005,0.0233997487779046
85006,0.0724914603338033
85007,0.941424124795297
85008,0.0723735661360816
85009,0.197633379024627
85010,0.0189474847860998
85011,0.0192003080213388
85012,0.0226670737094691
85013,0.0209895907026315
85014,0.0471973488705864
85015,0.0291954022600131
85016,0.0200812000696108
85017,0.0171027069239642
85018,0.294561741415272
85019,0.0205141541637926
85020,0.0165339071893366
85021,0.0202343240974575
85022,0.8811147071797893
85023,0.0184793539492184
85024,0.0188042379464935
85025,0.0156791033005449
85026,0.0167266655762617
85027,0.0207774860362869
85028,0.2482500729799609
85029,0.1004125245529669
85030,0.0322751835664649
85031,0.0176506368769474
85032,0.0167316712527611
85033,0.0161747938484896
85034,0.0220045139561799
85035,0.0165087705385774
85036,0.9392655158126622
85037,0.0238630508066017
85038,0.029482386064325
85039,0.0233032540447736
85040,0.8733898831610589
85041,0.0159279674689711
85042,0.0295435281853823
85043,0.0170316731592292
85044,0.0207547603911166
85045,0.0181096169633215
85046,0.018999027083552
85047,0.0308094352377426
85048,0.0176078463405386
85049,0.0220650414512491
85050,0.0171464018821627
85051,0.0638137291783109
85052,0.0261211861888347
85053,0.0322865016383809
85054,0.0170025013184518
85055,0.0330196803045235
85056,0.0216759603050792
85057,0.0158801228512799
85058,0.0173304880659281
85059,0.0216954930814003
85060,0.0239388586962717
85061,0.9440630580867018
85062,0.9368456371081564
85063,0.0190974644383983
85064,0.0166672696704967
85065,0.0272202070273793
85066,0.1538113090381607
85067,0.0172492744207335
85068,0.0723497582512001
85069,0.016130346556211
85070,0.9397929536150664
85071,0.0318084236166827
85072,0.0601526661618323
85073,0.0225677923994316
85074,0.0195431671127439
85075,0.0375902821058381
85076,0.0250582696042547
85077,0.0172449935666041
85078,0.0168604704608076
85079,0.0168547113817878
85080,0.0193734859503896
85081,0.9369883054900754
85082,0.383032227296406
85083,0.0158658362935559
85084,0.1968885101143655
85085,0.0766709960932453
85086,0.0211789978340369
85087,0.0172448880882577
85088,0.0204533469186931
85089,0.0169785288918524
85090,0.0398482843512582
85091,0.0258599471024562
85092,0.0679227454200256
85093,0.0177175597820669
85094,0.0170080319410514
85095,0.9135799754618577
85096,0.0425381538522262
85097,0.016313576117498
85098,0.932201906813273
85099,0.0242012961235099
85100,0.0201750178772616
85101,0.0170070824735995
85102,0.0218941721440662
85103,0.0203232186570455
85104,0.9144177045735684
85105,0.0271980509390819
85106,0.3889075571128719
85107,0.0884525974012896
85108,0.0450878729664137
85109,0.0169885013984865
85110,0.0231385992765693
85111,0.0982078247783027
85112,0.017308785429825
85113,0.0211961341521384
85114,0.0421410133094375
85115,0.0188702716066151
85116,0.0184379138590561
85117,0.0173791625526251
85118,0.0179772282480196
85119,0.0332470542537679
85120,0.9377545761660756
85121,0.1654514173038306
85122,0.0196519194083489
85123,0.017956494833465
85124,0.9431238054949956
85125,0.0228231967639267
85126,0.1452492287009578
85127,0.0183748769803063
85128,0.4735031726813897
85129,0.0206225810911804
85130,0.0222935185758881
85131,0.0267928051599837
85132,0.2372469677684421
85133,0.9456030661097096
85134,0.0220090604846511
85135,0.0164863375943538
85136,0.017259010479667
85137,0.9482541145624416
85138,0.0457226118794444
85139,0.0209121665846398
85140,0.0160238409540648
85141,0.0405136197214451
85142,0.0156443857303056
85143,0.0242370510472424
85144,0.9399368628088216
85145,0.0250621946906119
85146,0.0616501045290744
85147,0.0185757169540599
85148,0.0161679067873333
85149,0.1571129743401222
85150,0.0163179884980621
85151,0.1249956492822665
85152,0.0262065116025565
85153,0.0343443963854642
85154,0.9342538568651836
85155,0.0421523925356219
85156,0.0449391007206391
85157,0.0926735497526673
85158,0.9208586152146004
85159,0.0208835498497676
85160,0.0301608453268404
85161,0.8304551116040719
85162,0.0197242692229745
85163,0.0172064672830375
85164,0.0178129401074945
85165,0.0191717698965054
85166,0.0439611143956479
85167,0.0155882634300338
85168,0.0340794941611555
85169,0.934127432492123
85170,0.9446539799169316
85171,0.0197744519181177
85172,0.0160158636615184
85173,0.0161835527916664
85174,0.9367293177892816
85175,0.0220989940895867
85176,0.0155367919708378
85177,0.0640237328780703
85178,0.1374890341822769
85179,0.0192005316500846
85180,0.0230079457877021
85181,0.0242310776879803
85182,0.1071361828706535
85183,0.0202728953258389
85184,0.02209645195168
85185,0.8556411712855929
85186,0.0538957461526232
85187,0.0249532169176737
85188,0.9227601774601796
85189,0.0210299692882031
85190,0.0170809703676215
85191,0.0180286124934476
85192,0.0315967054075186
85193,0.9475629405756988
85194,0.0412991365078038
85195,0.0326426761639003
85196,0.0634324137464873
85197,0.0508449457516125
85198,0.0163238331430042
85199,0.0196914022262292
85200,0.0409852579828044
85201,0.080658868387947
85202,0.0162385760194485
85203,0.0188017853355976
85204,0.0197201806030307
85205,0.0188689935182492
85206,0.0787437465674222
85207,0.9411530694484932
85208,0.2826345026865413
85209,0.0211301900943334
85210,0.0167538967219683
85211,0.022967411137165
85212,0.9361515105475224
85213,0.0349752938951204
85214,0.03492092727004
85215,0.2863285376182256
85216,0.0186854925713179
85217,0.0236086781067265
85218,0.0247149176330251
85219,0.0173977042055326
85220,0.015844843327338
85221,0.8706895105555156
85222,0.896564848746465
85223,0.0171866601885858
85224,0.1021069306956939
85225,0.0218267986509696
85226,0.1922801761856419
85227,0.0641750760773561
85228,0.0502875990662125
85229,0.060120827893405
85230,0.0278619175871603
85231,0.0162724826762648
85232,0.0242393292420936
85233,0.0393658413291596
85234,0.0283267319664106
85235,0.4815213144144857
85236,0.017104429079464
85237,0.0167983936375898
85238,0.0165900626564019
85239,0.0165683332651808
85240,0.9332492094468662
85241,0.9155571929483212
85242,0.0478617601995278
85243,0.0170167258433324
85244,0.0173763821621814
85245,0.0204589193922597
85246,0.2030346967219817
85247,0.0165789627176838
85248,0.0157579639216998
85249,0.8661746274129449
85250,0.0205020350609207
85251,0.0224876093704144
85252,0.0219166253943853
85253,0.0808990431907208
85254,0.0218630384949705
85255,0.0166518402357841
85256,0.0306451056783273
85257,0.9333896465748212
85258,0.0232848825910619
85259,0.0195808858769877
85260,0.0163586564438372
85261,0.0410779565380302
85262,0.0927042079131232
85263,0.0222452244809751
85264,0.9392716839315416
85265,0.0156775913042391
85266,0.1073207688542186
85267,0.3742223495859245
85268,0.0350473027139499
85269,0.0172314185076731
85270,0.0248490662869994
85271,0.0197010645068374
85272,0.9477142855650056
85273,0.0167415613304454
85274,0.122301213852511
85275,0.0229183334175868
85276,0.0220703280168381
85277,0.1695350350095323
85278,0.0187653221343092
85279,0.0157378984704787
85280,0.1788060854019754
85281,0.017268138773819
85282,0.01854060673256
85283,0.911320591458472
85284,0.0876770746190368
85285,0.0204742769957481
85286,0.0177406565417694
85287,0.0330310940913533
85288,0.1252539511661519
85289,0.9328593822942014
85290,0.0219669782169514
85291,0.0347873329284881
85292,0.0160500077638987
85293,0.0164942816397606
85294,0.0370614626714162
85295,0.0169776684176985
85296,0.0809389929608443
85297,0.91743009474018
85298,0.9337228343950572
85299,0.0179214984269101
85300,0.0193662799187906
85301,0.0227545649815742
85302,0.0184287917239932
85303,0.0170322454285384
85304,0.0162391876500302
85305,0.0613927079319525
85306,0.0202343061260536
85307,0.0547809720628593
85308,0.0472265127853419
85309,0.0271030803076492
85310,0.0394394600372563
85311,0.0558222022187521
85312,0.0200535377045993
85313,0.0199792633143247
85314,0.0214333577191404
85315,0.0307677816659816
85316,0.0173548590442979
85317,0.9077449598149258
85318,0.0349977681714102
85319,0.0170161196967819
85320,0.0414197267836307
85321,0.0258535777769922
85322,0.017156977307952
85323,0.01645919931525
85324,0.0204956987622792
85325,0.0398969451134926
85326,0.039669922693259
85327,0.0168620689348949
85328,0.906995249143082
85329,0.020913041505619
85330,0.0902793359721129
85331,0.2606493382094932
85332,0.0171405264408238
85333,0.0175818456746938
85334,0.0168420887679406
85335,0.0208369613219852
85336,0.0182853513572038
85337,0.0159291301284363
85338,0.0172652073716214
85339,0.9359487841729808
85340,0.0184859516077179
85341,0.0176738864565118
85342,0.940451845362702
85343,0.017511556464635
85344,0.0263835413616497
85345,0.0210996566133665
85346,0.0245541983354557
85347,0.0546048577067524
85348,0.0894817294706001
85349,0.1594124397002475
85350,0.0171441166074401
85351,0.0174521706475721
85352,0.1852770697072376
85353,0.0249604585061206
85354,0.0187063441932666
85355,0.0206697365899233
85356,0.0198060413515615
85357,0.0189321981822796
85358,0.0309228107354112
85359,0.0369370213105822
85360,0.0297578031846878
85361,0.0176449375128508
85362,0.0210889959201595
85363,0.9325644575485126
85364,0.9443316971703434
85365,0.947108600540716
85366,0.0183574993522541
85367,0.0590128774304914
85368,0.0197224966026356
85369,0.0172714790464302
85370,0.3132817446590999
85371,0.0163530126396091
85372,0.0230576932291467
85373,0.0304968760146182
85374,0.0181824499113477
85375,0.0210912078386044
85376,0.0250184451266768
85377,0.0173449366271554
85378,0.0203646841505015
85379,0.017738504644278
85380,0.0362194468317362
85381,0.0379642390433259
85382,0.0242719174990606
85383,0.0315095823515698
85384,0.0224955987513594
85385,0.0349472349666201
85386,0.0174569007466781
85387,0.021081154975425
85388,0.1216232856029422
85389,0.0159539585430604
85390,0.036574756198585
85391,0.0184647110852364
85392,0.0497512947475694
85393,0.066179757376502
85394,0.0913494371817854
85395,0.0245834479460062
85396,0.0164840123968497
85397,0.0244845640657799
85398,0.1859776960187879
85399,0.0240194890201261
85400,0.0204252584735088
85401,0.0209554122896409
85402,0.0160820542596369
85403,0.5807162443738643
85404,0.0253711106949359
85405,0.0416091841555426
85406,0.0205518436252319
85407,0.0212819973285244
85408,0.018461928230008
85409,0.0181918122139501
85410,0.0458659414485363
85411,0.0158809880412622
85412,0.0260530435657243
85413,0.0230873882233466
85414,0.0341016679356806
85415,0.0748649955468972
85416,0.0172741623628384
85417,0.0652816773765996
85418,0.0157061314217492
85419,0.0174094962732221
85420,0.940767601450354
85421,0.1417110876825019
85422,0.0350510669256582
85423,0.0180797657351359
85424,0.0189288344609785
85425,0.0196698965619812
85426,0.031493620987881
85427,0.0228998298582618
85428,0.0181030548436102
85429,0.0178235089342768
85430,0.0231263485372767
85431,0.0415839664014397
85432,0.0361142534133035
85433,0.0231234748271007
85434,0.0469962762271681
85435,0.0410170937062981
85436,0.0317915742665148
85437,0.9058472561497038
85438,0.0430991999156329
85439,0.0206894826864359
85440,0.024050416552862
85441,0.0159182955858747
85442,0.0405346036716846
85443,0.0176218318787522
85444,0.8834445955885732
85445,0.8999490805034299
85446,0.0238002001333701
85447,0.0199447096542207
85448,0.0156587686475549
85449,0.02031111043547
85450,0.0184486143586543
85451,0.0168922674923408
85452,0.0258595154127721
85453,0.0185090272579317
85454,0.9341207308690171
85455,0.0174039380340574
85456,0.0237371789215362
85457,0.0174506105917841
85458,0.0178908653324082
85459,0.0165266866861684
85460,0.0205580671743078
85461,0.0513486076328052
85462,0.0266563604779976
85463,0.0350158767352731
85464,0.0170713925103695
85465,0.0257235427128471
85466,0.0222168542506413
85467,0.2077958624265991
85468,0.943299496803115
85469,0.0220003382038919
85470,0.0949636404817832
85471,0.9458232507251516
85472,0.5109271005207784
85473,0.0570813545193127
85474,0.9432081064007902
85475,0.0735613502337541
85476,0.0253727862532138
85477,0.0181845933774362
85478,0.0165007294493067
85479,0.1299328538127087
85480,0.104189820484707
85481,0.0244059677063371
85482,0.0300670886697096
85483,0.0203235483861846
85484,0.0236293097154057
85485,0.0473772771525047
85486,0.2305213352277473
85487,0.1842399404218857
85488,0.0175859446366542
85489,0.9464668850718072
85490,0.0290841906001683
85491,0.9423353077651738
85492,0.0198781967526301
85493,0.8705087546124585
85494,0.0213129070554323
85495,0.1993777380678401
85496,0.0199929728174893
85497,0.017893863496753
85498,0.0210696491859222
85499,0.0176705802980928
85500,0.0165580492836642
85501,0.054623050456121
85502,0.0341768443342381
85503,0.0474436118710954
85504,0.0173787328259282
85505,0.0174937956626375
85506,0.0161610467442201
85507,0.0159858798382615
85508,0.0223269989366623
85509,0.0158919657872062
85510,0.0174383900352589
85511,0.0202383205902941
85512,0.0222392849709524
85513,0.0258667225965651
85514,0.0301695723759082
85515,0.0380410645564233
85516,0.016866779671053
85517,0.0191686325093208
85518,0.0379441298875493
85519,0.039057628784183
85520,0.9428274049341364
85521,0.93870460798729
85522,0.0287259668876243
85523,0.0174881139518187
85524,0.2121030162344779
85525,0.0682663850885672
85526,0.0171933229898111
85527,0.0188006254879806
85528,0.0228809775407388
85529,0.0166450707620536
85530,0.0204792415917975
85531,0.0174550465985999
85532,0.0240781558371506
85533,0.0184390653306277
85534,0.0433092961030533
85535,0.0751802003630806
85536,0.0172942274715604
85537,0.017444729002169
85538,0.0211286715427597
85539,0.0187090159641999
85540,0.0210999800588204
85541,0.207587567788335
85542,0.0162108951470981
85543,0.0364659739823651
85544,0.0160501514940228
85545,0.0202342015218878
85546,0.0185422784197038
85547,0.0218566635865968
85548,0.0239157912086365
85549,0.0344092662300707
85550,0.0165604918015875
85551,0.0346167855934091
85552,0.0565935865420365
85553,0.0269805634644411
85554,0.0284899758042388
85555,0.033414855643726
85556,0.0195602878349109
85557,0.9046570945830475
85558,0.0562477769268402
85559,0.020356228535809
85560,0.0174916965965962
85561,0.1929194819764074
85562,0.0267385073139064
85563,0.0728997921662499
85564,0.018731378923977
85565,0.0167756027444067
85566,0.0170489083489062
85567,0.0245490623196886
85568,0.0683974381485343
85569,0.0163673136311504
85570,0.0859698042007177
85571,0.9243818066165922
85572,0.0345712396810354
85573,0.0171614518626595
85574,0.0186087202896522
85575,0.0156936902304525
85576,0.035626776281241
85577,0.0171838053472589
85578,0.0800454414208299
85579,0.74696456281778
85580,0.0275319620539597
85581,0.0181560879332274
85582,0.0473134428413067
85583,0.0258192628841855
85584,0.0428072522212831
85585,0.0237917507303263
85586,0.8709148540739694
85587,0.0767757975722763
85588,0.0601729333428415
85589,0.0303668752632741
85590,0.0709473662649165
85591,0.9413869758916626
85592,0.0181676726233967
85593,0.1068446264152326
85594,0.0171994986979317
85595,0.0652913815164701
85596,0.0210067300198671
85597,0.025583629338369
85598,0.0223712212412363
85599,0.0240295144033204
85600,0.0216496525920462
85601,0.0863222511289187
85602,0.0186047353058693
85603,0.0209198456689518
85604,0.1152321191331171
85605,0.016038031324933
85606,0.0318950976880002
85607,0.0228579793335433
85608,0.159211769304842
85609,0.0177652651113223
85610,0.0157136301284778
85611,0.040277531263372
85612,0.0323327330597004
85613,0.0273387554566161
85614,0.0197078275571751
85615,0.0192646309870054
85616,0.0192907087136694
85617,0.9387561902220952
85618,0.3623215281528661
85619,0.0182822691338475
85620,0.0292603120813101
85621,0.0398708177575978
85622,0.0158360098875711
85623,0.93886550210397
85624,0.93743342469555
85625,0.0513984541146367
85626,0.039351892892172
85627,0.0161980595482314
85628,0.017759712950694
85629,0.0645486333766706
85630,0.0244874642605194
85631,0.017219095408267
85632,0.0182130478279674
85633,0.0164019635372878
85634,0.0226843278180391
85635,0.0205806279208393
85636,0.926713855085318
85637,0.0978524882806733
85638,0.0165761003182352
85639,0.9070105281589356
85640,0.0406747275557192
85641,0.0190104621148134
85642,0.0369137014131022
85643,0.0166744831052579
85644,0.0262191746118581
85645,0.0251858539180439
85646,0.0279163101759062
85647,0.0371685630522247
85648,0.9406186597936764
85649,0.1599910897020955
85650,0.0166589202266721
85651,0.1359375162151782
85652,0.0252630357316061
85653,0.021208441624034
85654,0.9378438802810208
85655,0.0701580793062709
85656,0.0443499756613124
85657,0.0157262723203199
85658,0.021051707204981
85659,0.0320775139788634
85660,0.0531712487550537
85661,0.1996987569987405
85662,0.1388310879764637
85663,0.9410549028783972
85664,0.022086259101449
85665,0.0192588692098587
85666,0.0168575876732925
85667,0.0169906401429969
85668,0.9241126594004384
85669,0.0187072827855328
85670,0.07714493527366
85671,0.0194491589307433
85672,0.0217184062266227
85673,0.0220403063518547
85674,0.0192863447120451
85675,0.0874666412915937
85676,0.2957236417837985
85677,0.0218141730104659
85678,0.9307942663795504
85679,0.0175017186151908
85680,0.031217654082117
85681,0.1671142625602023
85682,0.0174926138454084
85683,0.0161216611665871
85684,0.9365780564032676
85685,0.9411825518108824
85686,0.0554722765366365
85687,0.9481012734082028
85688,0.2279892730972818
85689,0.0296547690188708
85690,0.2012848005205413
85691,0.0225954016253974
85692,0.4510418401645706
85693,0.0440009135425394
85694,0.9314208005242124
85695,0.0378827023716289
85696,0.0208024375068282
85697,0.0310587132000019
85698,0.0183679764153518
85699,0.0394306322506276
85700,0.0168974718466561
85701,0.0412769123627128
85702,0.0266418797602103
85703,0.2774308175828011
85704,0.9239572363289236
85705,0.0895048174526388
85706,0.0176863511785703
85707,0.0375761422237513
85708,0.0163313385347507
85709,0.9424313146413632
85710,0.1696117725020008
85711,0.1546727503195113
85712,0.0277879807241566
85713,0.1288567997772144
85714,0.1290539584820374
85715,0.0212569835923281
85716,0.0222022003834331
85717,0.9479043829765524
85718,0.1061883586242832
85719,0.040213853932002
85720,0.0240779829375803
85721,0.0332497319604966
85722,0.0178000041868469
85723,0.0199497240344868
85724,0.0214888417674135
85725,0.0244810625343199
85726,0.0339952442070616
85727,0.0345986705923937
85728,0.0250549226658601
85729,0.9141121038593578
85730,0.8857168533249212
85731,0.0168935579147113
85732,0.199448634694481
85733,0.0227299792003213
85734,0.0185631710716799
85735,0.0168691847828095
85736,0.0236066336577998
85737,0.9423173391406394
85738,0.0601250752957513
85739,0.0179649503461711
85740,0.0177860922064914
85741,0.0328936113513703
85742,0.015708508270067
85743,0.0264637500971222
85744,0.0161249688066723
85745,0.1787854668511525
85746,0.0178358678928654
85747,0.0697473492940552
85748,0.0204738189220642
85749,0.0764981019352835
85750,0.0419435446728509
85751,0.0331181146416347
85752,0.0362972505421964
85753,0.0270211472097872
85754,0.1776852744184612
85755,0.0170651149098111
85756,0.0353564912962101
85757,0.9325035140514066
85758,0.020429848355211
85759,0.0164997096708136
85760,0.0212093216394742
85761,0.4997166598730432
85762,0.0221090733685259
85763,0.019306225127015
85764,0.0796162301318436
85765,0.056301849326192
85766,0.0217707373605164
85767,0.0167762756728942
85768,0.0425598964977797
85769,0.0276764126277872
85770,0.0173190420631322
85771,0.0198686938532209
85772,0.0170602841208312
85773,0.0222603146497761
85774,0.0195128473713209
85775,0.0209331240967859
85776,0.0174030679169692
85777,0.9327234193300118
85778,0.0163457646827001
85779,0.0163568822876318
85780,0.0166046950058629
85781,0.6055037936738437
85782,0.0160345701572256
85783,0.017155211335438
85784,0.9380710016510287
85785,0.0182660188831225
85786,0.0164354192401469
85787,0.9419780052382872
85788,0.0164007996368083
85789,0.0366682938985492
85790,0.0601029092322143
85791,0.0494852278917571
85792,0.0695962263848796
85793,0.0159948960486381
85794,0.016222274302158
85795,0.0379891518105732
85796,0.1207074525899711
85797,0.0190121196139532
85798,0.0182454563018696
85799,0.053495208598123
85800,0.9219490975323228
85801,0.020793847785624
85802,0.0701277715573493
85803,0.0880326490816288
85804,0.0161995885288322
85805,0.0188440097285721
85806,0.0186765125649259
85807,0.0203052200493465
85808,0.0253528806199526
85809,0.3575573681722269
85810,0.789700004550829
85811,0.0455567111976272
85812,0.0175910647980122
85813,0.9114271004412348
85814,0.0217395118724323
85815,0.0322884583701715
85816,0.0373774558730814
85817,0.0224623192436474
85818,0.0178298171795943
85819,0.0257165172364759
85820,0.0179051647320492
85821,0.0453506525661047
85822,0.0367277615185355
85823,0.0242572815057501
85824,0.0216567468352394
85825,0.0209657988575142
85826,0.9229178108615996
85827,0.0250811803123292
85828,0.0184087099755037
85829,0.104679275866403
85830,0.945837570212994
85831,0.9259135595952496
85832,0.0184071344327379
85833,0.0195564601130509
85834,0.0176043818440793
85835,0.5247840136944256
85836,0.0175249984413371
85837,0.8872618097862874
85838,0.0170378599244792
85839,0.020242487727902
85840,0.9303714155669132
85841,0.859379789951633
85842,0.0166177852443509
85843,0.4234511221539063
85844,0.017131610418998
85845,0.0375033577735027
85846,0.0597407512332323
85847,0.019824682025856
85848,0.033528760145122
85849,0.0217172263394976
85850,0.0529535130711102
85851,0.0378055370595285
85852,0.0169827304025898
85853,0.0786029301207436
85854,0.0191480831498712
85855,0.0177977062645585
85856,0.0182538901599849
85857,0.0226143520035485
85858,0.0813962788933452
85859,0.01610618741793
85860,0.0209924262520893
85861,0.0168908270255444
85862,0.0212760187072896
85863,0.0296713330556083
85864,0.9416290289400088
85865,0.016511221025514
85866,0.0657995033258759
85867,0.0544634647038675
85868,0.8914498706328198
85869,0.0603894400595636
85870,0.0176691188137788
85871,0.0161015558783112
85872,0.0192355377988289
85873,0.0237330364599013
85874,0.0222133189812484
85875,0.3771190594939074
85876,0.942815326990313
85877,0.0182662330501884
85878,0.0609053002688172
85879,0.9465560217656512
85880,0.1911024775144294
85881,0.0620856197268048
85882,0.0456906130334834
85883,0.0166048007803859
85884,0.0333318330260555
85885,0.0469240529211995
85886,0.0215730228097309
85887,0.9318409136848196
85888,0.0447567541007946
85889,0.0299194433613156
85890,0.0159495242772443
85891,0.0164934884384453
85892,0.0194234660894675
85893,0.020915790749184
85894,0.9240877442397272
85895,0.0187243707140096
85896,0.0207368493534443
85897,0.020278100067047
85898,0.0161719316190861
85899,0.0213690009650447
85900,0.0188000270706863
85901,0.0339090579914669
85902,0.029100026344374
85903,0.019065459184197
85904,0.067602360226009
85905,0.0324407388462462
85906,0.0202458159914699
85907,0.0160399717193577
85908,0.0174783453827268
85909,0.0168724888158463
85910,0.0274727674321941
85911,0.0162008651959797
85912,0.0210247195845836
85913,0.9406855353389896
85914,0.0869789029193331
85915,0.0165350071123618
85916,0.0187393599866943
85917,0.0201919725535922
85918,0.0165464997086437
85919,0.0714831134353775
85920,0.0320968915245435
85921,0.9006718549714641
85922,0.0171336872223181
85923,0.9441468884934544
85924,0.9484791702528184
85925,0.0638353395617341
85926,0.0190087091809227
85927,0.0184023572940531
85928,0.0183479221964232
85929,0.0166454486952619
85930,0.0889132919857875
85931,0.0434808023981013
85932,0.0438389766645762
85933,0.0268622046489752
85934,0.0158027654291908
85935,0.0767808718390337
85936,0.0187312410631379
85937,0.0238601707436888
85938,0.0159521197131056
85939,0.0433400928504503
85940,0.0513187659932142
85941,0.0180185625658146
85942,0.0242405952473168
85943,0.0160013630935381
85944,0.608806770394263
85945,0.016662988900524
85946,0.0316815993378561
85947,0.0299172497428517
85948,0.031438128463625
85949,0.93302974844777
85950,0.0248756771093462
85951,0.0226640242534439
85952,0.148747048410037
85953,0.0809247349943699
85954,0.0163328828415579
85955,0.0155771432760613
85956,0.0426637431913298
85957,0.016295447703889
85958,0.0622132944364334
85959,0.0162561936007236
85960,0.0192360125907116
85961,0.0174778490803365
85962,0.1219554967429341
85963,0.1868600583323659
85964,0.0227673664449782
85965,0.0158049350758338
85966,0.0921613435700909
85967,0.0177008830083835
85968,0.0213830605068334
85969,0.0167842333926269
85970,0.0170997290153863
85971,0.0251849140880385
85972,0.0420138100991053
85973,0.0212956456541012
85974,0.0479284888146559
85975,0.0189952349403781
85976,0.0172660081639958
85977,0.2891115354724045
85978,0.0294106742500493
85979,0.0235213525658998
85980,0.0200055346455484
85981,0.0224305991096717
85982,0.0252613810386798
85983,0.1651895014934765
85984,0.5105109385308795
85985,0.0526889736526952
85986,0.0283929097624961
85987,0.0202225272244927
85988,0.0183767701230773
85989,0.0823898835932096
85990,0.0667758679521112
85991,0.0292364220847088
85992,0.0547332303579761
85993,0.932508547264226
85994,0.063911030493215
85995,0.0215238377900288
85996,0.0523327295310571
85997,0.0171677695902774
85998,0.0306975018574799
85999,0.0161333758843397
86000,0.018840010956066
86001,0.0441678089843738
86002,0.016477007950754
86003,0.8421463926369974
86004,0.0603580358557654
86005,0.0356762599224393
86006,0.0937982877286118
86007,0.4900023642252453
86008,0.0249491385111902
86009,0.0260729824351749
86010,0.0269352033059389
86011,0.0175981573870626
86012,0.0274094661689606
86013,0.1572839370055211
86014,0.2211029087838548
86015,0.0242583371029367
86016,0.0190422676134861
86017,0.0165457249055955
86018,0.0183376521076773
86019,0.0364235332884591
86020,0.0179232862877827
86021,0.0316615842454554
86022,0.1784149450141732
86023,0.0174451684274151
86024,0.0239293051985355
86025,0.0255485939675645
86026,0.0156447558263467
86027,0.0171070382472599
86028,0.0324356574173987
86029,0.0251503310484223
86030,0.0171041454338655
86031,0.0181245503394814
86032,0.017109140815735
86033,0.0245894704707887
86034,0.0192553801580643
86035,0.0187266778919802
86036,0.0167944154809933
86037,0.0328255819736127
86038,0.910421848778536
86039,0.0192988190340242
86040,0.0172929254241848
86041,0.9337350898141938
86042,0.0286953272016704
86043,0.9275858391385596
86044,0.0985252155461584
86045,0.0159522981455496
86046,0.0212190004276726
86047,0.1311931177531365
86048,0.0238302602109265
86049,0.0171482391651647
86050,0.0163494848615289
86051,0.0175255197335574
86052,0.0433586020085312
86053,0.0318166546677655
86054,0.0195501931973639
86055,0.0172421781015902
86056,0.8622416285345877
86057,0.0165714620272553
86058,0.0250018257935273
86059,0.0222063718102069
86060,0.0230344712404913
86061,0.0173965490814933
86062,0.0178782770535332
86063,0.0460365877674918
86064,0.0227537125019464
86065,0.0158063710973576
86066,0.0179692325356814
86067,0.0220100385017862
86068,0.0168604585370495
86069,0.0800282908448935
86070,0.9478768020335544
86071,0.0162942204190452
86072,0.0216579425978752
86073,0.0426440030949611
86074,0.0179133255127343
86075,0.0356226860480495
86076,0.1955642206769843
86077,0.0203830933307305
86078,0.0318174439026789
86079,0.0268501798821933
86080,0.015743861075305
86081,0.0172367631559795
86082,0.0168207679164411
86083,0.0207367012476983
86084,0.0162376088921996
86085,0.0165634395596941
86086,0.0480586505331235
86087,0.9090162937412238
86088,0.0216408790354108
86089,0.0185546195007886
86090,0.0175587858180146
86091,0.0178588653300253
86092,0.0169762341509492
86093,0.9371703469561912
86094,0.0166676237421109
86095,0.0174087775199915
86096,0.0793476178587855
86097,0.0370687014721474
86098,0.0438159261126293
86099,0.0205389978738026
86100,0.9385201660980956
86101,0.0300245970617528
86102,0.0586654916196908
86103,0.0175899362160408
86104,0.0158484436285413
86105,0.0247008062773268
86106,0.0154891792373941
86107,0.0200086998805932
86108,0.0315744724198065
86109,0.0163170003943263
86110,0.0186906809992432
86111,0.0200237862406416
86112,0.0225925531072379
86113,0.0179726696682183
86114,0.1691356934355532
86115,0.0177273993710167
86116,0.0164008475335269
86117,0.016412842172534
86118,0.0768174971316196
86119,0.5815242567540492
86120,0.0309943604303005
86121,0.0675209053801385
86122,0.0226006533424579
86123,0.0162993008335959
86124,0.0176428818105597
86125,0.0604406141014853
86126,0.0184186162399702
86127,0.0171248054018754
86128,0.0260761224272971
86129,0.0183087661783065
86130,0.0186781774618332
86131,0.0250167628888923
86132,0.0337751818929703
86133,0.016046600460496
86134,0.0559646803765786
86135,0.9409561041192926
86136,0.0362262030630849
86137,0.0537893445007555
86138,0.1290776888007962
86139,0.0252326485838859
86140,0.0186827781570217
86141,0.1163930642387318
86142,0.7719433109538281
86143,0.0532760309924104
86144,0.942137802436091
86145,0.0213902238771645
86146,0.0204306066557535
86147,0.0173939554990634
86148,0.0159153034649754
86149,0.9101459581415122
86150,0.0183002419105216
86151,0.1095502186330815
86152,0.0166370692026793
86153,0.0194091881334672
86154,0.3325368403829369
86155,0.018409642733042
86156,0.0175712054631949
86157,0.0190410434475439
86158,0.0185616303708107
86159,0.0409748862212823
86160,0.0173317464959532
86161,0.0220565468015186
86162,0.057640031417336
86163,0.0205713972495506
86164,0.0204200382891338
86165,0.0273010270410712
86166,0.0497129193804417
86167,0.0238215396686098
86168,0.0157293562301698
86169,0.0260148636182341
86170,0.016499469388337
86171,0.0172655158139613
86172,0.1614454551606662
86173,0.0186418615951061
86174,0.0745147718793101
86175,0.0782666563834876
86176,0.0402576639506181
86177,0.9068711726072508
86178,0.0281649140131342
86179,0.0256478734635867
86180,0.0315871633311582
86181,0.0299709278797977
86182,0.0174404927534319
86183,0.0247643511626773
86184,0.0156074949920596
86185,0.2871735611780432
86186,0.0560695653004975
86187,0.0261035196265648
86188,0.0220761241913735
86189,0.0175893352832971
86190,0.1780478063482221
86191,0.0182088547676372
86192,0.0184565814426767
86193,0.1122330965396633
86194,0.0231320908505749
86195,0.0585574671509781
86196,0.0156627991911576
86197,0.0247047641202881
86198,0.0435398427541652
86199,0.0158378813497975
86200,0.1108570812127622
86201,0.0230558705298116
86202,0.0213765272409037
86203,0.0168693399202444
86204,0.0177165296033976
86205,0.0667085118163987
86206,0.0601989693125718
86207,0.0224311801277671
86208,0.0166306868701815
86209,0.0173415303501846
86210,0.0224260772984299
86211,0.9466786495793152
86212,0.0238651583947927
86213,0.0188849233350229
86214,0.0172235317422286
86215,0.0198794351343207
86216,0.2224206463047158
86217,0.9465757615594684
86218,0.017532591212363
86219,0.9375462969679844
86220,0.0160192143043842
86221,0.0293705942742198
86222,0.0157402987908802
86223,0.0172397350490405
86224,0.023766075049012
86225,0.0185910667298549
86226,0.0343733652882186
86227,0.0204331627046564
86228,0.946543888641913
86229,0.0199691119031451
86230,0.033778554642196
86231,0.01704807317366
86232,0.0198025679051719
86233,0.0231126311731566
86234,0.0185547755709018
86235,0.0159149819467822
86236,0.0257603677046943
86237,0.0219752083824903
86238,0.0394558165950522
86239,0.916507840325638
86240,0.9259349647148288
86241,0.9480462245187832
86242,0.0174054889762483
86243,0.0223742850337666
86244,0.9409048537035664
86245,0.0193900381166336
86246,0.0241666474140173
86247,0.0238413376245705
86248,0.0163439186430969
86249,0.0179402902185862
86250,0.0444496830235651
86251,0.0447092920129578
86252,0.0442087604624043
86253,0.0175239180991134
86254,0.0164756361628425
86255,0.9205927289428268
86256,0.0225112610467527
86257,0.0178617493298901
86258,0.0175619094509545
86259,0.0202139974881124
86260,0.0185601552429023
86261,0.0172953277137933
86262,0.0511524698379964
86263,0.9438874943448892
86264,0.0188824281043647
86265,0.0183755712021443
86266,0.940262089538688
86267,0.0238708936413449
86268,0.0451173411353454
86269,0.8913193894227843
86270,0.0633764605648586
86271,0.0307934266685812
86272,0.0180014758904962
86273,0.0219488833538165
86274,0.9364763613986224
86275,0.9442065108450418
86276,0.0184346579749695
86277,0.0176922408866334
86278,0.0293819973554789
86279,0.0941187245247656
86280,0.2058924039393579
86281,0.0160794758457039
86282,0.0182435621757309
86283,0.9086147485017636
86284,0.0199043437276307
86285,0.0214534850133868
86286,0.0171887465254261
86287,0.0181517660371105
86288,0.0163073731326607
86289,0.0179332013138044
86290,0.0190287260649433
86291,0.0530305888179803
86292,0.0337546210405184
86293,0.1613334507278118
86294,0.1585433746783141
86295,0.0173174178777701
86296,0.940328134428995
86297,0.0220821438770389
86298,0.0155748413089591
86299,0.0362743358537936
86300,0.0216755653270907
86301,0.932008968089116
86302,0.0216083964705256
86303,0.0155859849637632
86304,0.0226783769686306
86305,0.0192146447299992
86306,0.0173806342856609
86307,0.0213366597094822
86308,0.0166730052760755
86309,0.0785815526726032
86310,0.0805682486072609
86311,0.0180984813194566
86312,0.0165734394270552
86313,0.0979280678342498
86314,0.0249263930589184
86315,0.0189881090248296
86316,0.9040739702666593
86317,0.0317231988652795
86318,0.016106720785868
86319,0.0192332559046392
86320,0.0537674153054089
86321,0.038510791940855
86322,0.0758870968309613
86323,0.9468968736089346
86324,0.0173128224917859
86325,0.0249305363608159
86326,0.0162947271115899
86327,0.0230300013267414
86328,0.0335099584400029
86329,0.0170045299072365
86330,0.019986424552379
86331,0.0169391837415563
86332,0.0247865589882691
86333,0.0178011353475462
86334,0.0155504885449917
86335,0.0286548740427259
86336,0.0207281733095157
86337,0.0321507709638526
86338,0.0527364918265484
86339,0.0232346404936689
86340,0.0699145605887164
86341,0.025259126021332
86342,0.9171434691393094
86343,0.0175771698230481
86344,0.122914693702166
86345,0.0168488810554202
86346,0.0224060796155041
86347,0.0800684340909324
86348,0.0182585863756897
86349,0.025488701786345
86350,0.0227138059755553
86351,0.0179993630535046
86352,0.0258224087539557
86353,0.0216759300423861
86354,0.8666028167949705
86355,0.018069359979478
86356,0.0185016336122486
86357,0.0214311694683999
86358,0.0505853327801599
86359,0.0202871755417423
86360,0.0206936816011215
86361,0.0158308169400044
86362,0.0946214656493794
86363,0.0166993807655632
86364,0.0390277670595614
86365,0.054264835174927
86366,0.0183902349012814
86367,0.0163402666834273
86368,0.0158651187492262
86369,0.0372872630186687
86370,0.0887043622452462
86371,0.2941818872644429
86372,0.9293937577447966
86373,0.0634906444965503
86374,0.0186394158598507
86375,0.0183298459285258
86376,0.0177932860586705
86377,0.0173847484750392
86378,0.8216457464470986
86379,0.0655757719330792
86380,0.0202805915957944
86381,0.031957533717066
86382,0.9355120073873406
86383,0.0217003882132905
86384,0.0169892130424703
86385,0.0313839057538238
86386,0.0245844881175647
86387,0.0171824346737851
86388,0.0312286924826182
86389,0.0537549430169184
86390,0.0176942843444628
86391,0.0210884677040183
86392,0.0158487056777353
86393,0.0199687936185866
86394,0.0220447448855838
86395,0.9086769352470192
86396,0.0607535112953353
86397,0.0369906127635607
86398,0.0783044770568124
86399,0.0530700360913887
86400,0.0165616976934964
86401,0.022279309452006
86402,0.0388487947246426
86403,0.0302576249391961
86404,0.0157379926192021
86405,0.0197185056623636
86406,0.0356421493644304
86407,0.0198377372932845
86408,0.5771533948372745
86409,0.9459888812339964
86410,0.0177719120642213
86411,0.0195024494212256
86412,0.0358892253908307
86413,0.0175741612657355
86414,0.0177371460444554
86415,0.0332307042704001
86416,0.0730562887876441
86417,0.9341303210848454
86418,0.0190016520550918
86419,0.0197323899977526
86420,0.0197819234174946
86421,0.9427740632424644
86422,0.0190950045817735
86423,0.0160772960205063
86424,0.0442381723677041
86425,0.6217052113289017
86426,0.1457516652999421
86427,0.1487934452134165
86428,0.0221977198314232
86429,0.0155266737419594
86430,0.1573763681879616
86431,0.0305200088089419
86432,0.0172237378022074
86433,0.0184246397753701
86434,0.0166266103057074
86435,0.0754079554051981
86436,0.0516932098392989
86437,0.0451752681218755
86438,0.032685799756197
86439,0.917633563933692
86440,0.0288136840657877
86441,0.0176941701563122
86442,0.0186066405491814
86443,0.0157210302814174
86444,0.0243622321125837
86445,0.0872023135253113
86446,0.1469460099462741
86447,0.0171382148746745
86448,0.0671814953701611
86449,0.943475860714286
86450,0.2021159224338943
86451,0.0169531263408264
86452,0.0180606771307737
86453,0.0161448082872527
86454,0.0179547316434439
86455,0.0171818563863672
86456,0.0985741712097007
86457,0.0184420687450379
86458,0.0354015557127143
86459,0.0587936243560322
86460,0.0358970857714936
86461,0.0540094231600165
86462,0.0244392418944909
86463,0.0403389859271716
86464,0.0195146385763242
86465,0.0389239616611932
86466,0.0181497569075297
86467,0.0447116971884193
86468,0.019721469485073
86469,0.8717202462504182
86470,0.0378518015702748
86471,0.0621687901528667
86472,0.9387359129052512
86473,0.0216342723743961
86474,0.0541146742384961
86475,0.0165643409137407
86476,0.0198459628933153
86477,0.0414868982968731
86478,0.0245521144638273
86479,0.0639321836342606
86480,0.915244306953378
86481,0.072167738848721
86482,0.0220070268315688
86483,0.0193502729602231
86484,0.0508007253607491
86485,0.0184884195628893
86486,0.0194119693064385
86487,0.023669076165038
86488,0.0178258107620954
86489,0.0230943903086959
86490,0.0159864734104336
86491,0.0217535399411929
86492,0.4196324476963451
86493,0.0275512432784337
86494,0.0265884655280388
86495,0.0173960150096979
86496,0.0313338577165881
86497,0.191283921575731
86498,0.9374357314693834
86499,0.0234027741546516
86500,0.0233667299821838
86501,0.0165254427709354
86502,0.0170432201321453
86503,0.0159634746951204
86504,0.0264101547411436
86505,0.0183365901949124
86506,0.9224498449398156
86507,0.0252915009746987
86508,0.0264627822298933
86509,0.0179493996301873
86510,0.0205354090021927
86511,0.0228717955820363
86512,0.0299137317807517
86513,0.0762426974951284
86514,0.0194742488523504
86515,0.0208384028487095
86516,0.0789386920360394
86517,0.0173111430402635
86518,0.9380200580293436
86519,0.0226766440272012
86520,0.0171382424153872
86521,0.0281865799732686
86522,0.9437062201930848
86523,0.8903318523845255
86524,0.0166072713534199
86525,0.0180283681613714
86526,0.9101303314460124
86527,0.0282592146885783
86528,0.0374348457771125
86529,0.0197393219950141
86530,0.0245825801948798
86531,0.0177886864302214
86532,0.0175689244157176
86533,0.0408001253467106
86534,0.0391476639273302
86535,0.0384900495997362
86536,0.2029616886725576
86537,0.0165219441595142
86538,0.0168104165669276
86539,0.046993773557132
86540,0.0222133640328794
86541,0.0203714800026548
86542,0.039283698004004
86543,0.0304694792313651
86544,0.0364367283060143
86545,0.0232519769309361
86546,0.0158882524274107
86547,0.0985875063890513
86548,0.0227056700075539
86549,0.0670635263216453
86550,0.9470997890001644
86551,0.8915678470725008
86552,0.0189137038607563
86553,0.0188330358813795
86554,0.0236600689953409
86555,0.0160519561579173
86556,0.0176020918487175
86557,0.019898815489125
86558,0.9416615462125988
86559,0.0212540623716598
86560,0.0328921476363278
86561,0.0417114535048881
86562,0.0184818996633821
86563,0.223133042170142
86564,0.0157771243652511
86565,0.0188062261525894
86566,0.0371762121152774
86567,0.0312775132917135
86568,0.0279844870464445
86569,0.0169029085354012
86570,0.0380153545074819
86571,0.0196503094444894
86572,0.0176800880569628
86573,0.9413595884230554
86574,0.7852647827468235
86575,0.0878510987503058
86576,0.0179779915738389
86577,0.0965281783178961
86578,0.0348806561825302
86579,0.0170487324209445
86580,0.8714969559301987
86581,0.2201852459521885
86582,0.0205517162786278
86583,0.0175607118363174
86584,0.0395269455915583
86585,0.0525388002906634
86586,0.0203727006389539
86587,0.0168711085935893
86588,0.0280633734874609
86589,0.0904530169119274
86590,0.016337655801782
86591,0.1520528000005724
86592,0.0567624149807407
86593,0.0491812321886941
86594,0.020920578161197
86595,0.0171654077142146
86596,0.0174697242167024
86597,0.9199187026179312
86598,0.1434116874172078
86599,0.0171924289090105
86600,0.0198587397074067
86601,0.7635247277114396
86602,0.927153659088301
86603,0.0216043765211564
86604,0.0323430967860314
86605,0.0189214911906212
86606,0.0328914253263056
86607,0.0208417420318002
86608,0.0570011448549769
86609,0.047961758180177
86610,0.1304497452729237
86611,0.0217667455101838
86612,0.0182887015863808
86613,0.0172048184038176
86614,0.0363194475173802
86615,0.0192777642180474
86616,0.0158818232007723
86617,0.0178673523096945
86618,0.0259643221579849
86619,0.0190589226699353
86620,0.0170851440217308
86621,0.0713818979345683
86622,0.0159136136525312
86623,0.2419441151707483
86624,0.0286112205479186
86625,0.0692527073679341
86626,0.0203315311516304
86627,0.0643454888083494
86628,0.0166140883404575
86629,0.0337311346402573
86630,0.9422367321373936
86631,0.1463593786027103
86632,0.1077711461083001
86633,0.0175821507855048
86634,0.0456449350400361
86635,0.0202428643819782
86636,0.1359774590384791
86637,0.0171024858014578
86638,0.018958584133793
86639,0.0174877354373759
86640,0.0196543427717886
86641,0.06170895701693
86642,0.8926628173911489
86643,0.0160799205651213
86644,0.0241714379462734
86645,0.0252450795721907
86646,0.0593085355372872
86647,0.0221042381450914
86648,0.0393015411450073
86649,0.0224196238215403
86650,0.0417852421475935
86651,0.0289653574342772
86652,0.0228521422446766
86653,0.4258575971631518
86654,0.0548874142281584
86655,0.0218543754700401
86656,0.0178145802598968
86657,0.0169968323719807
86658,0.0168315374279047
86659,0.0208052685983454
86660,0.0268005227169081
86661,0.2439236982972069
86662,0.0157648217152124
86663,0.0254545361711524
86664,0.0170176390191827
86665,0.59159161398548
86666,0.932164045575528
86667,0.072466634167072
86668,0.0352416691284017
86669,0.0160292377720527
86670,0.0461890193038865
86671,0.05839891907352
86672,0.0167698527220944
86673,0.0180576687757874
86674,0.0228225846314519
86675,0.0164797763274297
86676,0.0925388793762216
86677,0.0238862871370096
86678,0.0394433186251133
86679,0.0162291772575577
86680,0.0313025298516752
86681,0.0183295033071265
86682,0.0211491857496219
86683,0.0218914602161115
86684,0.0179552473240053
86685,0.0170151479722255
86686,0.0260416810640589
86687,0.01827482614346
86688,0.0702725621122064
86689,0.0175196069361381
86690,0.0206675004135579
86691,0.0167397108848923
86692,0.1125842679958333
86693,0.9277701382371438
86694,0.023079748627604
86695,0.94731262021547
86696,0.0202462716322161
86697,0.860446296150674
86698,0.019794957955786
86699,0.93846110121048
86700,0.0364977517500891
86701,0.9198812377555844
86702,0.0201234155527428
86703,0.3001971877834793
86704,0.0246328232756149
86705,0.0349946060321492
86706,0.0185709825849236
86707,0.9412190926955007
86708,0.0167788040932064
86709,0.0244578834002413
86710,0.0158774902102916
86711,0.0172092286101928
86712,0.0206244741982467
86713,0.0161899071928125
86714,0.0189230075497078
86715,0.0355866133501923
86716,0.0283895883124494
86717,0.0212954828171322
86718,0.6338583230490513
86719,0.0296546429908789
86720,0.0248302611753764
86721,0.0186930119274936
86722,0.0203371088949021
86723,0.0160269959133004
86724,0.0218390560182021
86725,0.0301886633614861
86726,0.9391985900329608
86727,0.0478966750273191
86728,0.0193529230226386
86729,0.0177655145484675
86730,0.0290668948780931
86731,0.0199704007293067
86732,0.0210436620951711
86733,0.0160542923182253
86734,0.0478882671621452
86735,0.9107557867330272
86736,0.9247332054406951
86737,0.0174416185685387
86738,0.0174999264329797
86739,0.0256281799667093
86740,0.0158563340980533
86741,0.0175131528609597
86742,0.0168106279699234
86743,0.0176333724848555
86744,0.0209702352540204
86745,0.0171578599018442
86746,0.1338419005194275
86747,0.0228330892312487
86748,0.0174809518596902
86749,0.909519953062887
86750,0.0171782301106192
86751,0.0207976594191429
86752,0.0173129809417171
86753,0.0243700656392041
86754,0.130190176561861
86755,0.0218917001723233
86756,0.0231199183514372
86757,0.9461161631509256
86758,0.0198449184879371
86759,0.481872739603104
86760,0.015952607107424
86761,0.0229723677989076
86762,0.0186580198782457
86763,0.0296185772700542
86764,0.0192366622880848
86765,0.0206262080352124
86766,0.0400076602519343
86767,0.095749599769594
86768,0.2944118573273987
86769,0.9481415818566064
86770,0.9457248838461536
86771,0.0185954612344448
86772,0.1123784203009841
86773,0.0267703969168438
86774,0.0239687597694566
86775,0.0158420310027142
86776,0.4890832054841669
86777,0.0173037866416811
86778,0.0174558590134476
86779,0.0769010426273581
86780,0.0159215805394364
86781,0.0161831944231371
86782,0.0187340031642227
86783,0.0231794441323695
86784,0.0173960368761838
86785,0.0200565487406647
86786,0.9403888783001398
86787,0.0217073519958319
86788,0.0526749158834394
86789,0.0177887510086036
86790,0.661791405033003
86791,0.0238874875821377
86792,0.0179352330808278
86793,0.0386387866464041
86794,0.0475800662392345
86795,0.0172006597156282
86796,0.0323553123025987
86797,0.0569409764224353
86798,0.0295410823341045
86799,0.1489996770015496
86800,0.0620280583179162
86801,0.0360904378116243
86802,0.0559594052620907
86803,0.6242607192372178
86804,0.0305462723457383
86805,0.7776146537413211
86806,0.0156912118937591
86807,0.935922014062502
86808,0.7603891706381625
86809,0.0308558585339379
86810,0.0164888944337072
86811,0.9189271710502388
86812,0.0495675668072685
86813,0.9457752330829892
86814,0.0344933163283646
86815,0.0172724785639835
86816,0.0229522906158617
86817,0.0362485692827236
86818,0.0184489708764056
86819,0.0305126888878509
86820,0.0166539713717845
86821,0.9352491786295912
86822,0.0360938466486595
86823,0.9309586315822588
86824,0.0169377824860147
86825,0.0602457431257552
86826,0.0163984201021571
86827,0.0294450530630423
86828,0.0235022710939885
86829,0.942791750659576
86830,0.0195491467238691
86831,0.0164830570458908
86832,0.0460104027926388
86833,0.0193815287358066
86834,0.019271074830813
86835,0.0262051530787972
86836,0.0439701414539745
86837,0.020781670252376
86838,0.0231933542651829
86839,0.2169166248849147
86840,0.0181447361066302
86841,0.0159103611828344
86842,0.0235754941272689
86843,0.0184332217310746
86844,0.9127690690324636
86845,0.0200250236511624
86846,0.0244029178607178
86847,0.0333188584954449
86848,0.91893000847318
86849,0.0289713040052927
86850,0.0159091152760164
86851,0.9328769166825172
86852,0.027214880948159
86853,0.033841005305185
86854,0.0173920649393805
86855,0.2569671362209462
86856,0.0185548445486177
86857,0.0175847789313951
86858,0.0174649397435004
86859,0.0534348532551682
86860,0.016657604919869
86861,0.0205615983165772
86862,0.0406135328143526
86863,0.0190940349985674
86864,0.0187699510915953
86865,0.0183075610264348
86866,0.0180694969715798
86867,0.1530601954452673
86868,0.0176966993005578
86869,0.0309117858400187
86870,0.1594899778528244
86871,0.0221258010573911
86872,0.0532682333016699
86873,0.0222732568049471
86874,0.019764253848099
86875,0.0266793651865101
86876,0.0231378095040061
86877,0.0351933181984767
86878,0.0187509233883107
86879,0.024297552926907
86880,0.019897826752056
86881,0.1019456155402469
86882,0.0168159113422815
86883,0.0185450637958324
86884,0.0481934699471367
86885,0.027341280585403
86886,0.0195750405702689
86887,0.0158113515605752
86888,0.0172038310230957
86889,0.0221348971668207
86890,0.0222510560697425
86891,0.0563841785077011
86892,0.0225972697536258
86893,0.0173489088710262
86894,0.0317327998999272
86895,0.0163942073575217
86896,0.0171616976668073
86897,0.6954091146146174
86898,0.9450599376688994
86899,0.0294766921289843
86900,0.0374178393695769
86901,0.0878272903596652
86902,0.0171200228248898
86903,0.0209843584472849
86904,0.016783491161623
86905,0.0236065086693424
86906,0.0200909089867128
86907,0.0188509762746646
86908,0.0278608870018516
86909,0.0160897460137376
86910,0.0160017351817116
86911,0.0187458026625576
86912,0.0217103629568713
86913,0.0472536708742136
86914,0.0229667056774646
86915,0.0165080083551391
86916,0.0210422492580995
86917,0.9282064066058924
86918,0.0191496945814531
86919,0.0271131977912892
86920,0.0233103989656508
86921,0.0571137478259659
86922,0.0216657497286686
86923,0.0205215720689277
86924,0.0175586161416336
86925,0.0194071665282753
86926,0.9035103270453076
86927,0.016110535047723
86928,0.0192764266011638
86929,0.0165871356574096
86930,0.9272785512203916
86931,0.0199513246071065
86932,0.914026992493952
86933,0.0330827101944259
86934,0.047269083452121
86935,0.019398107674686
86936,0.2381568049111585
86937,0.2438280133807985
86938,0.0863858560882771
86939,0.0176636009032282
86940,0.0172823991339366
86941,0.089200390272969
86942,0.2360763874877157
86943,0.0180778322179635
86944,0.03623731531499
86945,0.1020604344836196
86946,0.0172924948969538
86947,0.0363142859108365
86948,0.0275230473628769
86949,0.035201195058506
86950,0.0267586712001894
86951,0.059996967738659
86952,0.943919499137054
86953,0.0176338668833309
86954,0.0217667178935555
86955,0.9248914736252594
86956,0.9289767475713472
86957,0.0166063506036588
86958,0.0159929895790521
86959,0.029625605458675
86960,0.0169631059535989
86961,0.0166538356861016
86962,0.9481042470649772
86963,0.0222557143239613
86964,0.0161853141778376
86965,0.0685688270105942
86966,0.0166587707089694
86967,0.2290415449887154
86968,0.9361911663574696
86969,0.94616413086458
86970,0.017538573780347
86971,0.9333096619375584
86972,0.0168628609684618
86973,0.0171490734877434
86974,0.9411115332523542
86975,0.0234408259335762
86976,0.0219106318936888
86977,0.01675979976968
86978,0.0369565920127375
86979,0.0171528412653766
86980,0.0174631371350172
86981,0.0165038848088127
86982,0.0686876718869276
86983,0.0272043699815022
86984,0.0498193656355225
86985,0.0158811297799164
86986,0.1900815058085192
86987,0.0350258457928921
86988,0.0160246667846837
86989,0.9280986565746688
86990,0.4344119467797734
86991,0.0238386045354221
86992,0.9469881165438464
86993,0.2746394971899839
86994,0.0168727604637635
86995,0.0164589068839482
86996,0.0164065168596451
86997,0.0263069564094521
86998,0.9434619497699096
86999,0.0198862083085712
87000,0.0165108051488399
87001,0.947893192171766
87002,0.0637202613970553
87003,0.0191679854122599
87004,0.0162587775458903
87005,0.1111666139497588
87006,0.01627930744062
87007,0.0324309407020845
87008,0.0232611196447564
87009,0.0174876193938972
87010,0.0180160626918501
87011,0.0500087083569844
87012,0.0268383094424608
87013,0.0916894445056182
87014,0.0749298635203775
87015,0.0165207403590191
87016,0.0171833655557013
87017,0.019280972284369
87018,0.0220681535530409
87019,0.0175239083256625
87020,0.0249931087693516
87021,0.0163904535700329
87022,0.0195274099485656
87023,0.0241244059556715
87024,0.059114905598437
87025,0.4866406693675029
87026,0.0232437892684169
87027,0.0201751548743058
87028,0.0813068500535381
87029,0.0170220441659289
87030,0.0307929565359496
87031,0.0233556522211192
87032,0.9415218252081357
87033,0.0226474308885584
87034,0.0565984958122167
87035,0.0389335342746334
87036,0.0178034992111181
87037,0.0184445742793178
87038,0.1283209163848537
87039,0.8985654823112599
87040,0.0548971442006432
87041,0.016479941545035
87042,0.0163930380426528
87043,0.9273189307420244
87044,0.0189689388486206
87045,0.0166754085391063
87046,0.0308343973002319
87047,0.9242610482883472
87048,0.0281724111276504
87049,0.015828704806864
87050,0.0244118155016203
87051,0.0964770992731969
87052,0.9079202147355102
87053,0.0183620488829904
87054,0.0220669991607455
87055,0.0499869358416038
87056,0.0399854772804107
87057,0.0176234723661786
87058,0.0789553743712923
87059,0.9285556210307786
87060,0.018908035325203
87061,0.0168853810873532
87062,0.0194680121493023
87063,0.085364845299039
87064,0.907986857468516
87065,0.0245081410163135
87066,0.0516561781668189
87067,0.0173729118535206
87068,0.0326938540807478
87069,0.1270420760930725
87070,0.029368167049781
87071,0.0811429021988111
87072,0.0202972296844877
87073,0.0162033663249102
87074,0.018661138799887
87075,0.0581933337175491
87076,0.9411448028682408
87077,0.0320437278702346
87078,0.8634368670891006
87079,0.0287774691305347
87080,0.0240639194075701
87081,0.0209523234645274
87082,0.0200642433660437
87083,0.0165112013879825
87084,0.9418237010984482
87085,0.0161555739144864
87086,0.1575922215866504
87087,0.0172317884512993
87088,0.0164898258798409
87089,0.0270675764686984
87090,0.015822147843532
87091,0.0233468414286243
87092,0.0193161172282392
87093,0.019036415673512
87094,0.0293566033632301
87095,0.0239692759710902
87096,0.0183548357685852
87097,0.0165530755148804
87098,0.0168255614363975
87099,0.0213697413844358
87100,0.1240095229250268
87101,0.0309171694033292
87102,0.0200898218323249
87103,0.0157474638831421
87104,0.0167393702170614
87105,0.0219354323050031
87106,0.0211888914881742
87107,0.299302752677749
87108,0.0168009902906197
87109,0.0642696638253974
87110,0.1637983032701199
87111,0.036018072052927
87112,0.0169587411673798
87113,0.0252686841343958
87114,0.017835954531785
87115,0.9389086505306222
87116,0.021136068518636
87117,0.017186161440457
87118,0.1002177777668832
87119,0.0175129904067243
87120,0.0172283914469621
87121,0.0169109533295951
87122,0.0166607676168389
87123,0.0202581394320287
87124,0.1158593618461618
87125,0.0203547300661289
87126,0.0216771284594072
87127,0.0439433791955788
87128,0.0232727667671362
87129,0.0166724999140464
87130,0.0256480583950278
87131,0.0267135876802756
87132,0.0319026759737968
87133,0.023754111154981
87134,0.1450755264359448
87135,0.0332486206580536
87136,0.0269483091442537
87137,0.0370780201182113
87138,0.0494275416895392
87139,0.6667245139437902
87140,0.4191198918163592
87141,0.0178816967212226
87142,0.0399086627514068
87143,0.0213463351760179
87144,0.0167830767609018
87145,0.015639959730888
87146,0.0179668384092906
87147,0.0249380924982884
87148,0.9195370519004642
87149,0.9451027024968116
87150,0.0155860740926981
87151,0.0257874401124739
87152,0.0228455920888166
87153,0.0173727160022638
87154,0.0290756734920749
87155,0.0199907721022651
87156,0.0168814179639516
87157,0.018024544944967
87158,0.0257822123141427
87159,0.0283379898186931
87160,0.0189183573065739
87161,0.0927995050071763
87162,0.0180467885464527
87163,0.0936716734925858
87164,0.020521746285879
87165,0.0179915778176322
87166,0.0816602930028509
87167,0.015611175675227
87168,0.0560030530291553
87169,0.9223959027765344
87170,0.0316080699359062
87171,0.9428035230427112
87172,0.0309579409307164
87173,0.0166409736982731
87174,0.018195740279876
87175,0.0209424067581121
87176,0.9084184601292242
87177,0.0399443068591479
87178,0.0245017731003793
87179,0.0574542360421801
87180,0.0205231184006773
87181,0.0175304187581065
87182,0.0184586823711669
87183,0.0183919505564331
87184,0.0229851523993223
87185,0.0206153250357686
87186,0.9471668866267684
87187,0.0229474485741761
87188,0.2669234911974277
87189,0.0225719086247725
87190,0.0195837232632175
87191,0.0206909356667226
87192,0.0298287138804194
87193,0.0265402822524415
87194,0.9376936218038098
87195,0.0211813861670401
87196,0.9479798154781092
87197,0.0189905271239321
87198,0.0176266082934016
87199,0.2752701412979801
87200,0.0162232601739697
87201,0.0167763785856212
87202,0.0256681769441698
87203,0.030720046598362
87204,0.0691892245623432
87205,0.0174960029456501
87206,0.0241774600336356
87207,0.0397401237960873
87208,0.0161549916066382
87209,0.9335121522647832
87210,0.121522090643086
87211,0.0159835527281396
87212,0.0159884694540606
87213,0.6395070809699752
87214,0.0161963221447072
87215,0.0162490136202978
87216,0.5581194402021321
87217,0.0190848302390727
87218,0.0356619151743779
87219,0.0172737698152936
87220,0.0367608127523676
87221,0.0163020283693656
87222,0.0756186930287268
87223,0.0191440687169904
87224,0.0216240828692513
87225,0.052295145836965
87226,0.0173115548642744
87227,0.01798236981905
87228,0.0218978680831639
87229,0.017054620252097
87230,0.0189220192469043
87231,0.0175663336292269
87232,0.0198717151421241
87233,0.089041117640046
87234,0.0238169055076339
87235,0.0176215111439065
87236,0.0216366735844968
87237,0.9381486855914624
87238,0.1084466341546722
87239,0.0177677527593016
87240,0.0593887128832534
87241,0.0182292893887956
87242,0.0248003764283694
87243,0.0165596172393365
87244,0.0157782502297906
87245,0.0240148367070129
87246,0.0164430702708474
87247,0.0547087409528386
87248,0.0216779220933339
87249,0.1018570244074692
87250,0.017821653717414
87251,0.0187343861656762
87252,0.1354285705997025
87253,0.0218912103679147
87254,0.0167504439464282
87255,0.0185644098101907
87256,0.9357073116915426
87257,0.0164565605913815
87258,0.9311456219705544
87259,0.0168774605016331
87260,0.0169072631610046
87261,0.9391862460856416
87262,0.0223442894585026
87263,0.0221492249845944
87264,0.0156296329514445
87265,0.0173965072820714
87266,0.0202696553210771
87267,0.054772213290871
87268,0.0188412721641293
87269,0.0166098473765629
87270,0.0205209451010453
87271,0.948096327421704
87272,0.0917971195465314
87273,0.0379347578323404
87274,0.0598451932070487
87275,0.0157290996849294
87276,0.0333117332868304
87277,0.0219666727237264
87278,0.3189279206676491
87279,0.941601303543474
87280,0.0185138730579906
87281,0.0344489566249004
87282,0.0267747661500908
87283,0.0197871871229981
87284,0.0171657096388281
87285,0.036007702550155
87286,0.0696540183715614
87287,0.9480410874434984
87288,0.0185186828476045
87289,0.0166064467597749
87290,0.0279838709716372
87291,0.3181575048969224
87292,0.0166539067155387
87293,0.0293926411476213
87294,0.0372168466988179
87295,0.0374855607690513
87296,0.0178089607396424
87297,0.0194477306790376
87298,0.0382373738112527
87299,0.0184101344869835
87300,0.0346045801906581
87301,0.0419738432839511
87302,0.0311400230470655
87303,0.0219673550593016
87304,0.0157073525438229
87305,0.0292531875396263
87306,0.0160365731205882
87307,0.0202535338049393
87308,0.0155692480699197
87309,0.0189530945832887
87310,0.0216322848988892
87311,0.0198698078298132
87312,0.0161897748658148
87313,0.8041835136403492
87314,0.0171649358518402
87315,0.0218633085310431
87316,0.0519114697554691
87317,0.055812398582404
87318,0.0255596559067575
87319,0.1186369400460001
87320,0.0239936628074829
87321,0.0171287706764387
87322,0.0158261647187048
87323,0.068899735554225
87324,0.0221269128948231
87325,0.0985137702335317
87326,0.0599189190778857
87327,0.0464677695866683
87328,0.0201317004467061
87329,0.0823129533590635
87330,0.0310140740104202
87331,0.7853034075745443
87332,0.0181772589550812
87333,0.0163859857659089
87334,0.0512885191407541
87335,0.0604096812604754
87336,0.0290165875235768
87337,0.905353822165525
87338,0.9439372121438534
87339,0.0208608506439295
87340,0.0184390970308311
87341,0.0170332700057504
87342,0.0234587122354154
87343,0.0302367186307731
87344,0.0250419395102535
87345,0.0807580700246307
87346,0.0674300036124379
87347,0.0161912004443573
87348,0.0190265819267229
87349,0.0197763849905132
87350,0.0629316176122539
87351,0.9339942917284036
87352,0.0362822329330132
87353,0.0376095452686226
87354,0.7370475704444102
87355,0.0158541028498472
87356,0.6709603895048762
87357,0.185226075608179
87358,0.0867249753089622
87359,0.0302781948243404
87360,0.8365237227834259
87361,0.0190718379275057
87362,0.9388459795641456
87363,0.098831595476055
87364,0.0245990406494044
87365,0.0170205903349863
87366,0.946587724271608
87367,0.0706659716135024
87368,0.016842244808956
87369,0.0999321369831472
87370,0.0567615727343371
87371,0.9280071948649576
87372,0.0214719015101737
87373,0.0190967197733812
87374,0.01695700854024
87375,0.0180991912959627
87376,0.0196891531473958
87377,0.0214143762186636
87378,0.0256358025882666
87379,0.017145250696728
87380,0.015591362015976
87381,0.0545189681940308
87382,0.0513117790205436
87383,0.3393011208825129
87384,0.0634841413999333
87385,0.0169478436713469
87386,0.0166711239540577
87387,0.0241088778170472
87388,0.0268890428110137
87389,0.9454143243763904
87390,0.0219850222873002
87391,0.1297435605512783
87392,0.0191455185308345
87393,0.0171479888490232
87394,0.0846957408988893
87395,0.0273481608406033
87396,0.0568753652518797
87397,0.0286916221909168
87398,0.0319445118649576
87399,0.0167249766104819
87400,0.0217424955631238
87401,0.0223705477720369
87402,0.278109147983581
87403,0.0240013482603108
87404,0.019471480103039
87405,0.0250591317605952
87406,0.0704132456062132
87407,0.0167577307554522
87408,0.0174699777094807
87409,0.1207264697919944
87410,0.0164448045362102
87411,0.0165943563918764
87412,0.0384969725727111
87413,0.9474596838395424
87414,0.0240470831997991
87415,0.0352292686510752
87416,0.0175245618489584
87417,0.0156601248541732
87418,0.1813865249363827
87419,0.0176729359970198
87420,0.4577405791905343
87421,0.0167181710295938
87422,0.0368698321432876
87423,0.7000653189377709
87424,0.0184445000516267
87425,0.0190260496404795
87426,0.0646172015807532
87427,0.0216911424915783
87428,0.9380465403881716
87429,0.0200443286517147
87430,0.0197047776473889
87431,0.0158856898419196
87432,0.0382852930139446
87433,0.0155334354903962
87434,0.0237431643199031
87435,0.1398128617727365
87436,0.0166042957712113
87437,0.045129913938858
87438,0.0176487302943829
87439,0.0162434970933983
87440,0.1179858705303406
87441,0.031130788469186
87442,0.1481156030716542
87443,0.9383619242065272
87444,0.0203607247637897
87445,0.0194795970356094
87446,0.0184420635977941
87447,0.2387871268412194
87448,0.0180588456100575
87449,0.1103435851809302
87450,0.3077436350942225
87451,0.0168262013360761
87452,0.0240019439135632
87453,0.015962657482299
87454,0.0159983693138528
87455,0.0179423495724085
87456,0.5129610516292257
87457,0.0233517494920023
87458,0.6726112143715277
87459,0.018964663740045
87460,0.0170490702729028
87461,0.063481950432518
87462,0.0215794341780877
87463,0.0185207648227734
87464,0.0384412794063833
87465,0.0159508948749599
87466,0.0178734064163614
87467,0.0266059242468156
87468,0.0280611688739353
87469,0.0264605120193611
87470,0.0187837424496531
87471,0.9362053665502614
87472,0.0166923611318868
87473,0.0167224442814362
87474,0.0230790789216552
87475,0.0201844366339646
87476,0.0540963982573071
87477,0.1563750753495961
87478,0.0251603183505344
87479,0.0162532293552671
87480,0.0176737312740165
87481,0.020239403881754
87482,0.0317340330382664
87483,0.1911116498619478
87484,0.017502660544208
87485,0.0208688106456226
87486,0.0171468401915933
87487,0.9203400472692692
87488,0.0414355433366408
87489,0.947794171984532
87490,0.0293440515285076
87491,0.0183681818256766
87492,0.8958663314755104
87493,0.0170637899930743
87494,0.0167397168551671
87495,0.0688663453989469
87496,0.0602355915005193
87497,0.0296163909481833
87498,0.0187706137649267
87499,0.0213720734350657
87500,0.0276811461748137
87501,0.0192301410392434
87502,0.0238292825178884
87503,0.0160994878915899
87504,0.0163235381534292
87505,0.0190401402681244
87506,0.0191892374674905
87507,0.0257666984297026
87508,0.0164520578700405
87509,0.0168311682613954
87510,0.0299910297508005
87511,0.0371214359478268
87512,0.1227904590143489
87513,0.0414325641263879
87514,0.0173619229210946
87515,0.0179379121397489
87516,0.948409796101817
87517,0.0315510726361553
87518,0.0351285040564238
87519,0.040114792330865
87520,0.0166255770142403
87521,0.0291027919828154
87522,0.2289885088083345
87523,0.9206046549677844
87524,0.9460885073390074
87525,0.0182245232547822
87526,0.040901702477731
87527,0.8879030778773391
87528,0.0176660664969939
87529,0.0225743115226669
87530,0.0190186076750987
87531,0.032626635357458
87532,0.0234698531070423
87533,0.0284519330927983
87534,0.0177864180912737
87535,0.0203507224750126
87536,0.0285617924937057
87537,0.0302773139527141
87538,0.0307239788883889
87539,0.0233914393827461
87540,0.2188099650062969
87541,0.947982985756942
87542,0.0161404351972943
87543,0.0560717680720177
87544,0.0168616553001288
87545,0.1565557427196698
87546,0.0210366474960018
87547,0.0285848534543895
87548,0.0541194494891356
87549,0.0223863448700643
87550,0.0157041262886567
87551,0.0840974002126754
87552,0.0264214846681901
87553,0.0217921521571466
87554,0.0192092222183826
87555,0.176135236203846
87556,0.0199374841631678
87557,0.0471887936652412
87558,0.9241274362227272
87559,0.940058136773208
87560,0.0660660129763986
87561,0.0454516897575352
87562,0.0265851907739002
87563,0.0310500109581314
87564,0.0161487382383438
87565,0.0879236893484553
87566,0.3498368225747059
87567,0.0204280607362835
87568,0.0171227792139875
87569,0.0421536931247642
87570,0.9317368110222728
87571,0.0168004438530255
87572,0.0311235564362125
87573,0.0226392191576348
87574,0.0273068339627731
87575,0.0482382672155055
87576,0.0249859325361479
87577,0.052042565406103
87578,0.0156294322436079
87579,0.9298021030292586
87580,0.0482658911490855
87581,0.0611902635164686
87582,0.0189997843606579
87583,0.0204653438094364
87584,0.0175923616311362
87585,0.0181157914044825
87586,0.0166594125801952
87587,0.0327811847731981
87588,0.3425857117540642
87589,0.0166936469560328
87590,0.0225691402798212
87591,0.0217442927675107
87592,0.0242845826980593
87593,0.0590715047322211
87594,0.0188585685780263
87595,0.0172386164643954
87596,0.0161004981352803
87597,0.0164190152934493
87598,0.0250416996870641
87599,0.0239821629136384
87600,0.4137055998501039
87601,0.0193509396521368
87602,0.0217940417259004
87603,0.0379818752512793
87604,0.017289347438327
87605,0.0241017504529006
87606,0.021241927108552
87607,0.9373923237325116
87608,0.0957796810531362
87609,0.0212021963505151
87610,0.0428446754328992
87611,0.0183373140610454
87612,0.0323107221176419
87613,0.940852862013114
87614,0.025481163003544
87615,0.0226977944238301
87616,0.0268416331319542
87617,0.0162367731451087
87618,0.068047084881265
87619,0.9296158344568456
87620,0.0170560938364214
87621,0.694583723653186
87622,0.0179851171407294
87623,0.947097413146576
87624,0.0446407953584042
87625,0.4121032727081493
87626,0.0212251737510081
87627,0.0228724294921159
87628,0.072327484077572
87629,0.0290914598743398
87630,0.0187442883118668
87631,0.0214426628814591
87632,0.0266793143501332
87633,0.1294510397713359
87634,0.0161579073188719
87635,0.0179558434998256
87636,0.210890302509707
87637,0.0377895001000045
87638,0.943317588818139
87639,0.0211806217324824
87640,0.060661363266121
87641,0.0171487153886972
87642,0.9377748913692332
87643,0.1453288061935779
87644,0.0199806842873491
87645,0.0172676046273856
87646,0.0228882678349153
87647,0.0301154058641947
87648,0.9397452205434818
87649,0.0234409975824898
87650,0.0288999618276975
87651,0.1665116056778973
87652,0.3746106831112107
87653,0.0193844028886193
87654,0.0288227414046889
87655,0.0306477357486464
87656,0.0158019871371818
87657,0.0196803813307385
87658,0.0174357103910922
87659,0.1159002231072481
87660,0.0181195461871483
87661,0.0157809980514409
87662,0.0192119162559285
87663,0.0269250182412221
87664,0.0179753190342431
87665,0.0183568832418532
87666,0.017142194061278
87667,0.0223846035057707
87668,0.0557647040829849
87669,0.0677201471420653
87670,0.0199099389587789
87671,0.0417611799466352
87672,0.0259578206596488
87673,0.0177781384986613
87674,0.0335241658633772
87675,0.0516537469437324
87676,0.01655634239758
87677,0.2192887897347263
87678,0.0174968611504991
87679,0.0438538146358864
87680,0.4863759444827361
87681,0.0216863749130167
87682,0.021868575662881
87683,0.0205389080013884
87684,0.0162066817483513
87685,0.0160914828070464
87686,0.0426587192992441
87687,0.0190532904735267
87688,0.0189218773007014
87689,0.9035912942448728
87690,0.0352808804016567
87691,0.0275777154467341
87692,0.0159300479581719
87693,0.0345420181918908
87694,0.0525003377359564
87695,0.018221454772404
87696,0.0187805884350638
87697,0.0157758832748791
87698,0.0483265757478145
87699,0.0206083210041755
87700,0.0179354789499503
87701,0.2040958435354886
87702,0.0623229628676585
87703,0.02015453131397
87704,0.9462594096101962
87705,0.0164205361429231
87706,0.0162563874305306
87707,0.032619551418086
87708,0.1147827229232374
87709,0.0165892630543065
87710,0.0420229465289783
87711,0.0184650231524095
87712,0.0188351114568964
87713,0.034080376012813
87714,0.0332331090595282
87715,0.0233658236122258
87716,0.0189774879510412
87717,0.0230846253173257
87718,0.1235337001625283
87719,0.0849695610147473
87720,0.0663789945629251
87721,0.0182747128245206
87722,0.0183096526845231
87723,0.015727668298902
87724,0.9212453232576951
87725,0.167418395658229
87726,0.0264651244723848
87727,0.1873304568033475
87728,0.018356360783584
87729,0.0238968148930646
87730,0.0378014703509902
87731,0.1086161470444316
87732,0.0461767357235437
87733,0.0293464027572171
87734,0.017953799164925
87735,0.0209772215696531
87736,0.0231402878808882
87737,0.6808511630922311
87738,0.0969137319261224
87739,0.0173847707039076
87740,0.1222093564610815
87741,0.0313379473720386
87742,0.0591590866519276
87743,0.0175985784471971
87744,0.0233448724450738
87745,0.0227416840297538
87746,0.0247380615857771
87747,0.0520652302050513
87748,0.0239176307080037
87749,0.0170247091353279
87750,0.0257554080526786
87751,0.0166127995538308
87752,0.0206419472980433
87753,0.8428106242420619
87754,0.0272681848779228
87755,0.0174265629726866
87756,0.0165392466887847
87757,0.0191857315714794
87758,0.0169017323353986
87759,0.024343566976019
87760,0.1641666561726456
87761,0.0260316844006964
87762,0.2065644206588508
87763,0.935558226868034
87764,0.0197770076987793
87765,0.0828919956369274
87766,0.0207576365507788
87767,0.0249373407905198
87768,0.9174112182226368
87769,0.0162701320305179
87770,0.0401627315318087
87771,0.9289482026269622
87772,0.0225283281848885
87773,0.018549245418428
87774,0.085791341757372
87775,0.9488817877713752
87776,0.134161480185397
87777,0.0176814567159401
87778,0.0247276720643979
87779,0.0361886481335194
87780,0.0224140056327631
87781,0.0167870093742648
87782,0.0175414949850939
87783,0.5280587156579557
87784,0.0195358931726607
87785,0.0162890121217023
87786,0.016823804436734
87787,0.0171900201692398
87788,0.0658565583287801
87789,0.0370324280630959
87790,0.0871825610772875
87791,0.0273711837711751
87792,0.019302133272909
87793,0.0168362802433057
87794,0.94159495706186
87795,0.01620560225186
87796,0.0190410816688876
87797,0.6134035491206009
87798,0.0360025979170189
87799,0.0168350622535654
87800,0.0885761681211936
87801,0.0388406973174159
87802,0.025218421829225
87803,0.0473219555210689
87804,0.0247137771667314
87805,0.0419536371019577
87806,0.0745308276609393
87807,0.017546652611445
87808,0.0202695378031883
87809,0.0239772485707648
87810,0.0211918156475369
87811,0.0202511118194462
87812,0.0242280260654714
87813,0.0238731846118358
87814,0.0828292167572183
87815,0.0358551168982199
87816,0.9471324900306364
87817,0.0208300593416616
87818,0.1137590668143705
87819,0.0220222528610456
87820,0.0170020126281644
87821,0.1363962205391565
87822,0.0268438611373471
87823,0.0177615653327558
87824,0.0171661286995252
87825,0.9382283898700756
87826,0.0592523485532775
87827,0.0806588140563111
87828,0.0247468534018613
87829,0.0165397699794363
87830,0.0178555349804609
87831,0.0534249362469302
87832,0.0177472566943026
87833,0.0160288020546813
87834,0.7742970954433119
87835,0.088061864529631
87836,0.017583139186786
87837,0.0226902475296415
87838,0.0188445037749142
87839,0.0180351830609922
87840,0.930350873472022
87841,0.023611863624904
87842,0.043275268909192
87843,0.0759259843660651
87844,0.0198055870666085
87845,0.0162326869962025
87846,0.0165576204018211
87847,0.0203689790736232
87848,0.0284718805473343
87849,0.9380667262475734
87850,0.0775546884435292
87851,0.0194098983801013
87852,0.9120248722199684
87853,0.0241498890879004
87854,0.0367586407832494
87855,0.0322551983814465
87856,0.0224095355916818
87857,0.0233728212651113
87858,0.0228079469051938
87859,0.0276845208590537
87860,0.0190991847377071
87861,0.0230823298651574
87862,0.0772513770296749
87863,0.0172864840280915
87864,0.9436126560984748
87865,0.0812561827886817
87866,0.0639616170277342
87867,0.018541002634754
87868,0.0157825746315009
87869,0.0166576327583953
87870,0.9414280233272024
87871,0.026530043423154
87872,0.0173285986800958
87873,0.0205153216142228
87874,0.0184415396728778
87875,0.0714472577080114
87876,0.0186295989648682
87877,0.0178809374658194
87878,0.0199352949997964
87879,0.0476943526303327
87880,0.0239320731138423
87881,0.0291972542751819
87882,0.0171003616995924
87883,0.0855390660959246
87884,0.0226198610503324
87885,0.0165268618164193
87886,0.01779522644747
87887,0.0227547280344752
87888,0.0225508073404805
87889,0.0187477353215567
87890,0.0291024236847238
87891,0.0169683443528038
87892,0.0321131945927014
87893,0.0188432296230568
87894,0.021803767386701
87895,0.9358064421128558
87896,0.0251010892567941
87897,0.0176846763435753
87898,0.0187794431427438
87899,0.0261752091189043
87900,0.0201480490522941
87901,0.0166818323426247
87902,0.0359928670296838
87903,0.2513421061028587
87904,0.0164454118570668
87905,0.345762997883218
87906,0.0240612311699657
87907,0.9335815189064786
87908,0.017891842123556
87909,0.0255587181240969
87910,0.8875958982070746
87911,0.0301067471081475
87912,0.0263804527605832
87913,0.0168492455784315
87914,0.0239724065592216
87915,0.9379654449755706
87916,0.0218569908838999
87917,0.0251487348979567
87918,0.1835622173248267
87919,0.0169293309269057
87920,0.2238649653559007
87921,0.0210828521416934
87922,0.0267424188028613
87923,0.0315246692646029
87924,0.0176381964878577
87925,0.0442549423896599
87926,0.9373496212984864
87927,0.0170388536906789
87928,0.206765610387509
87929,0.0795089765383957
87930,0.0638927862059301
87931,0.9407959206240324
87932,0.0172476441604194
87933,0.9090219866448216
87934,0.0437272222528636
87935,0.0265855537906448
87936,0.0501072232179746
87937,0.0254646641935255
87938,0.0441080438797482
87939,0.055372628171367
87940,0.0170983246797888
87941,0.9111722372937472
87942,0.0173485386409599
87943,0.0196147547158288
87944,0.0177370343667673
87945,0.0200022942832222
87946,0.0218000338960996
87947,0.0202788271390194
87948,0.018003700724545
87949,0.0375096712944476
87950,0.928778763969476
87951,0.0345485132417776
87952,0.1903062403427921
87953,0.0166491536803667
87954,0.0167030459958074
87955,0.0172369445769928
87956,0.0414306051516669
87957,0.0863298164812845
87958,0.0469025442167983
87959,0.0162758125620265
87960,0.0243514900298415
87961,0.0267391199289948
87962,0.01608628496918
87963,0.0258702245599782
87964,0.0716430929042752
87965,0.0193376108994609
87966,0.0466857918117109
87967,0.0272473482941328
87968,0.017303647576514
87969,0.0258359483670906
87970,0.0265471082157722
87971,0.0164577573409864
87972,0.0258626713442671
87973,0.9393701151436332
87974,0.0501494821532653
87975,0.0204736513910849
87976,0.0213641144119483
87977,0.0192577908016257
87978,0.0160539650816609
87979,0.9220496168281372
87980,0.0201980936471274
87981,0.0248386315781993
87982,0.022064824337141
87983,0.0209065908751649
87984,0.0174676976772338
87985,0.0362802939950514
87986,0.9276986627853778
87987,0.1518296267648742
87988,0.0509937706343229
87989,0.378368467581549
87990,0.0177187783730598
87991,0.0403478740376098
87992,0.0360695926069578
87993,0.0209934631415278
87994,0.0724523627291019
87995,0.0170597524265017
87996,0.0234739902854447
87997,0.0176329328167289
87998,0.0173518668619701
87999,0.1601239094068029
88000,0.020098946673682
88001,0.0159485671759385
88002,0.0874575656182704
88003,0.0157295548731905
88004,0.0192765594669788
88005,0.0213669986086554
88006,0.0197429879787245
88007,0.0780295618994979
88008,0.0177875465893661
88009,0.01699214129049
88010,0.0175678252717481
88011,0.0241282027282717
88012,0.0201659980468598
88013,0.0166775865518402
88014,0.017326621102973
88015,0.0396908207840564
88016,0.0259818078883526
88017,0.9378664335195532
88018,0.032298277480747
88019,0.9373679729000188
88020,0.0236954101753817
88021,0.0190289222611558
88022,0.9439461672606216
88023,0.0165914141852462
88024,0.0251172067240101
88025,0.0265171975710096
88026,0.0170374317119181
88027,0.0236620650471629
88028,0.0173445208528986
88029,0.0292384002268992
88030,0.0291063267158863
88031,0.0233365930333078
88032,0.196704914018557
88033,0.016949209056664
88034,0.9104893572470496
88035,0.015809705281812
88036,0.0159552562367904
88037,0.0225738091803496
88038,0.1240471993975663
88039,0.0263318615363682
88040,0.0235869105342542
88041,0.0196682538970222
88042,0.0625963316787797
88043,0.0916841361780828
88044,0.0176506611152552
88045,0.0191196774789032
88046,0.0360427339652442
88047,0.9359090015376076
88048,0.0886564965605991
88049,0.0306160909881924
88050,0.0215369665003413
88051,0.0169938502965873
88052,0.0238112842371107
88053,0.0252762709226265
88054,0.0168094853198463
88055,0.0186010495860451
88056,0.944558932547224
88057,0.0193711372587497
88058,0.0171033885553636
88059,0.0215048921576989
88060,0.0258771679415321
88061,0.1999868037458281
88062,0.0361527907102267
88063,0.0417650594342303
88064,0.0447111449703984
88065,0.0171268652055818
88066,0.0800661408877897
88067,0.0335747676542861
88068,0.0407087184941331
88069,0.0174824013083438
88070,0.0207806402298165
88071,0.0268144421945228
88072,0.0324256100707652
88073,0.3072333897559381
88074,0.017800971274406
88075,0.0336634963615767
88076,0.0195363587354977
88077,0.0391817101221402
88078,0.1575541250017783
88079,0.0835048660004552
88080,0.0161073844084723
88081,0.0205986091238279
88082,0.0204306496845537
88083,0.0162589366240649
88084,0.0728927373094811
88085,0.0264351027452582
88086,0.0169868040340361
88087,0.1064579752704275
88088,0.0956404587048835
88089,0.0867574673563529
88090,0.0169474348921751
88091,0.0336893809368396
88092,0.0189817962457785
88093,0.0172471541043719
88094,0.3639819131986568
88095,0.0183558376448467
88096,0.0166938667327971
88097,0.0620044280454257
88098,0.017757822193877
88099,0.9419634410394896
88100,0.0357571096673433
88101,0.0173668294555998
88102,0.0197827662224238
88103,0.0286385543826278
88104,0.039165452994111
88105,0.0200925035278698
88106,0.0241589679214155
88107,0.0168902244199142
88108,0.0315053112999126
88109,0.0190946103555961
88110,0.0174228534710412
88111,0.0233361296799994
88112,0.0167105791386628
88113,0.073618647204828
88114,0.0683591355629486
88115,0.0755277930383881
88116,0.0161859858658588
88117,0.0263737870755579
88118,0.0211273301453997
88119,0.0193028485103669
88120,0.0593699432630211
88121,0.071062485291113
88122,0.032581104157166
88123,0.020687470599524
88124,0.9408823340909396
88125,0.0161594420905031
88126,0.0160229117885366
88127,0.9362303700977742
88128,0.9460079241371278
88129,0.0268433501693687
88130,0.0464057111709979
88131,0.910375339151046
88132,0.91524049426034
88133,0.0519960524562402
88134,0.0227203773840966
88135,0.9429981451690824
88136,0.024180974912877
88137,0.0178027604584283
88138,0.0285507396420029
88139,0.1288908683390368
88140,0.025258683551045
88141,0.0188673260302289
88142,0.1973992892498152
88143,0.0225607049838035
88144,0.0187858463549622
88145,0.1275916779402831
88146,0.1439244536611246
88147,0.018972224338733
88148,0.0210569524950963
88149,0.0837759273162108
88150,0.0263647960502609
88151,0.0301795874168217
88152,0.0175427442219961
88153,0.0167022233057755
88154,0.039560875715673
88155,0.0160415730404817
88156,0.0172514082341089
88157,0.0163993152375288
88158,0.0274823120255934
88159,0.9409040725913156
88160,0.0379128125366204
88161,0.9473213126775636
88162,0.0472248280104318
88163,0.1144215278348627
88164,0.0266083985721882
88165,0.0201419556830751
88166,0.0161445519892937
88167,0.0369846272625012
88168,0.601369930756342
88169,0.0314914127138942
88170,0.0584603763558441
88171,0.0385879564193691
88172,0.0164838121350829
88173,0.0550657820298756
88174,0.0173308337217453
88175,0.0163983243217477
88176,0.0480120994936223
88177,0.1394106579075225
88178,0.1087473956708579
88179,0.0155639449898507
88180,0.0190205940593047
88181,0.1574910342144938
88182,0.148530639776896
88183,0.0160112031197763
88184,0.016783574785472
88185,0.0193902747366455
88186,0.0257734218821865
88187,0.0270820937542307
88188,0.0158579878040787
88189,0.0170236621646237
88190,0.9160741447265142
88191,0.0261700159589418
88192,0.0206830006178636
88193,0.0265397814657641
88194,0.0233093619325208
88195,0.0248942805785244
88196,0.0206718680474014
88197,0.032918797771682
88198,0.0526944844714897
88199,0.0262175921519928
88200,0.0395786895363067
88201,0.0871516885563824
88202,0.0180931517084773
88203,0.331182048322853
88204,0.0639990654797438
88205,0.0180336497371381
88206,0.0157800752907523
88207,0.9369531318410738
88208,0.0164814734283314
88209,0.94167865360837
88210,0.1032325647600337
88211,0.0165035556589797
88212,0.948841678482398
88213,0.9459084039777036
88214,0.0226956819521464
88215,0.9377880368800072
88216,0.0197624486588158
88217,0.9421569898352926
88218,0.0178337622374719
88219,0.0166176673348898
88220,0.0284536128049117
88221,0.0374805040488114
88222,0.0158881159762157
88223,0.0201138013183712
88224,0.0530690177443478
88225,0.0162137845316098
88226,0.0194844275234015
88227,0.7120590635924354
88228,0.0161085629681498
88229,0.0194218138848445
88230,0.0161679372142093
88231,0.8960547948499737
88232,0.0172345694203121
88233,0.0356185210163383
88234,0.9348031330787698
88235,0.0195176294230747
88236,0.0157799513245254
88237,0.112007185055356
88238,0.0185346602637753
88239,0.0373720341602165
88240,0.934830938670494
88241,0.0172329964279809
88242,0.0228195262193768
88243,0.0204460719939679
88244,0.0211522386506348
88245,0.0202688566776529
88246,0.0335845088188789
88247,0.9464964419116302
88248,0.0160861569774813
88249,0.0629202096170172
88250,0.0157590547389563
88251,0.0253631849788308
88252,0.0301567862639796
88253,0.0176328346335222
88254,0.2410816894029094
88255,0.0226277456911918
88256,0.0165559166278148
88257,0.0197234272271678
88258,0.0215954414751361
88259,0.1043431391030709
88260,0.0161371314733462
88261,0.0229860323315265
88262,0.0192956220784302
88263,0.0238636555953982
88264,0.0297268572937277
88265,0.948310057603684
88266,0.8584685418200058
88267,0.1552766060955779
88268,0.0185252297887555
88269,0.0157284237592086
88270,0.0600500416796301
88271,0.9290955269691424
88272,0.12266303421542
88273,0.0821128386222194
88274,0.9442854030943828
88275,0.0217114087593125
88276,0.018797326531917
88277,0.0165391801956659
88278,0.0315662721862696
88279,0.0164774284298049
88280,0.0205526443313175
88281,0.0200947140467306
88282,0.0478260595291918
88283,0.0392909021647192
88284,0.020519334930886
88285,0.4622193997812769
88286,0.0165256956247146
88287,0.946902457549334
88288,0.9297624281652936
88289,0.1216400614667305
88290,0.0252817038982273
88291,0.0156496728317228
88292,0.0407267661496697
88293,0.0320002137774281
88294,0.9424970165116612
88295,0.0167003668532318
88296,0.0455150472092859
88297,0.9419520146873112
88298,0.0179173398558042
88299,0.0166580952414277
88300,0.1456492017884435
88301,0.0377558059629751
88302,0.0353018456875886
88303,0.0178820126029433
88304,0.5228695666282095
88305,0.171194704750088
88306,0.7723153919666638
88307,0.0184281383204169
88308,0.0157020634453913
88309,0.0155794032871674
88310,0.0685415046413621
88311,0.0209862298127967
88312,0.0198563268419312
88313,0.0165003764884527
88314,0.5498721280018944
88315,0.0180060289654871
88316,0.0310754715853124
88317,0.017953201349316
88318,0.0249304662127322
88319,0.0235977657659295
88320,0.0197104060749737
88321,0.0181954093192565
88322,0.0336324831227957
88323,0.0187493140119821
88324,0.0188498724907279
88325,0.0264953576762595
88326,0.0885787806143117
88327,0.0167749977273516
88328,0.0175358644646156
88329,0.0196370598155712
88330,0.0418834780932132
88331,0.0245823013975901
88332,0.0559265224052006
88333,0.0161038801942102
88334,0.0203380539298874
88335,0.0306309937175162
88336,0.0169564387290745
88337,0.0172718168146524
88338,0.0519877220899334
88339,0.0167437765042133
88340,0.0166383831589283
88341,0.0157551684776974
88342,0.0413299820594212
88343,0.030452107430523
88344,0.8832648849262684
88345,0.0215598260296756
88346,0.0758512120141219
88347,0.0396674622174976
88348,0.0161439839368825
88349,0.9186798773914344
88350,0.0164283131743043
88351,0.0381585544914077
88352,0.0189040405144765
88353,0.920263748544798
88354,0.0191739622270987
88355,0.0362606092615454
88356,0.0196367444444469
88357,0.9427272357509736
88358,0.0238647790150696
88359,0.027477616226213
88360,0.0305380736749689
88361,0.02032667664516
88362,0.0162976398550915
88363,0.0168986108680622
88364,0.0223255718625081
88365,0.2399585395288208
88366,0.943598699589734
88367,0.0258279567605538
88368,0.0537110030023865
88369,0.0252450075510832
88370,0.934987072575684
88371,0.0318981962679437
88372,0.0164198466720659
88373,0.0161269491044063
88374,0.8788102701220067
88375,0.3488762539645251
88376,0.0306907780847689
88377,0.0166400138233011
88378,0.0175390326074228
88379,0.0204676130775623
88380,0.939869570739546
88381,0.0230161038119356
88382,0.8448659237407837
88383,0.0187952072606881
88384,0.9469004893965394
88385,0.9416678853028208
88386,0.0192028980058836
88387,0.0399192362308455
88388,0.0183231825844393
88389,0.935560047498556
88390,0.020459040829909
88391,0.0224640861059324
88392,0.0273568791069454
88393,0.0172474080560997
88394,0.0183726118634577
88395,0.0163779025970204
88396,0.0268358383221431
88397,0.0224433295363776
88398,0.0517087503038398
88399,0.0312546155174611
88400,0.1114636655982891
88401,0.0182515221423622
88402,0.0177048250286879
88403,0.0193034436044054
88404,0.0173714797698146
88405,0.0188179721998764
88406,0.0210830613350483
88407,0.033015785597785
88408,0.9437638243516138
88409,0.0182605695161917
88410,0.9432621378701932
88411,0.0197469655004233
88412,0.1201028835303435
88413,0.0346576829715454
88414,0.0160735823196263
88415,0.063771993567625
88416,0.0212331677007025
88417,0.01722699039427
88418,0.0180553414832874
88419,0.0198585305073407
88420,0.0175782510458416
88421,0.0168227537180497
88422,0.0293217487847212
88423,0.0541292542505497
88424,0.0167879175507155
88425,0.0359220004858746
88426,0.0814677289868991
88427,0.0267790688392191
88428,0.0168558138539308
88429,0.017798035639678
88430,0.0301933444502093
88431,0.0518410426300401
88432,0.0894160167258271
88433,0.033324952555818
88434,0.0234195714870212
88435,0.0189004500787015
88436,0.0201254154455415
88437,0.0314687203503692
88438,0.0165896118528102
88439,0.0159890677140849
88440,0.0771346940384399
88441,0.0194719738115881
88442,0.054521078239982
88443,0.0165588184884354
88444,0.8944739124811827
88445,0.0168494698142418
88446,0.0159409903312161
88447,0.9483467791296996
88448,0.02723776210479
88449,0.0364605958728328
88450,0.019852250606385
88451,0.0177236552001325
88452,0.0183745344715292
88453,0.5408727065661496
88454,0.0255852281426464
88455,0.0269082172642373
88456,0.0205123610079704
88457,0.0167738413699529
88458,0.0244350193336475
88459,0.8915029478561853
88460,0.947613578270218
88461,0.0494166821337337
88462,0.0157581178617603
88463,0.1008700443817062
88464,0.0567725362715398
88465,0.0206820123319665
88466,0.0398678750141214
88467,0.7717571599936939
88468,0.0315151448649153
88469,0.0457492330235843
88470,0.0204461824904045
88471,0.0171640302859283
88472,0.0218603014288132
88473,0.1110447540112998
88474,0.9356993558805726
88475,0.0201196190336761
88476,0.0271272491619924
88477,0.0177094719400883
88478,0.0158393019322426
88479,0.0178320895694216
88480,0.0174185398352732
88481,0.1556173971134694
88482,0.0226459557835368
88483,0.051796140072888
88484,0.0159675308447861
88485,0.8947096328554848
88486,0.1119136958985958
88487,0.0184113399799543
88488,0.0407773708005076
88489,0.0214577017112486
88490,0.2192999508832262
88491,0.0340811914148561
88492,0.0170892529051551
88493,0.0241644994578521
88494,0.0174884472970165
88495,0.0641887809898564
88496,0.9483923744389752
88497,0.0164882767164876
88498,0.0227715698253157
88499,0.0478695523545004
88500,0.01837589457871
88501,0.0162367950197939
88502,0.0172755980447585
88503,0.0215750545132436
88504,0.0414742294533402
88505,0.0473604358487066
88506,0.0177921096519767
88507,0.9483065489314708
88508,0.9187163928062704
88509,0.0185797347902461
88510,0.944868204312415
88511,0.0176279576265379
88512,0.0169556032679147
88513,0.0323394018580805
88514,0.0191677879414074
88515,0.0480468626523838
88516,0.0248349310741439
88517,0.017149024494741
88518,0.0760227144508187
88519,0.031202976294281
88520,0.0198070844637446
88521,0.0209033042308245
88522,0.0178255825992517
88523,0.0178027630644454
88524,0.023670529824553
88525,0.0268751872941627
88526,0.0430996906080899
88527,0.0176219682817217
88528,0.0187909899474189
88529,0.0195265471021049
88530,0.0200304820513968
88531,0.0333379879367741
88532,0.017535077382107
88533,0.021384719498264
88534,0.0306890792446915
88535,0.0195150779213107
88536,0.0309295731998751
88537,0.0165501279934673
88538,0.024883041466693
88539,0.024150544922813
88540,0.0223009217679292
88541,0.0369452330244356
88542,0.0190402461442812
88543,0.0393176420010753
88544,0.0266312842366224
88545,0.20726782695208
88546,0.0300582971026085
88547,0.0165401920088106
88548,0.0162123146537137
88549,0.039099059215623
88550,0.0162483933611192
88551,0.0194227106441423
88552,0.0376794939398488
88553,0.019063583668614
88554,0.0167751431465162
88555,0.0184204405358749
88556,0.0163096884620597
88557,0.0191818767109926
88558,0.0519250791266014
88559,0.0315451622267861
88560,0.0183401693012167
88561,0.0168680024322768
88562,0.0749013282941995
88563,0.0760970544777236
88564,0.0729969817234992
88565,0.0210190007404116
88566,0.0167213115593215
88567,0.0441074799871048
88568,0.9451008909834776
88569,0.0237230211236026
88570,0.0208218138944981
88571,0.9350529326420638
88572,0.016275436681679
88573,0.0175668713040964
88574,0.9395682870920602
88575,0.0181139768037614
88576,0.0216887016194106
88577,0.0158663058962809
88578,0.0239377177229294
88579,0.0187940468217345
88580,0.038901464250835
88581,0.0459070781367331
88582,0.0250164068262098
88583,0.3492536477900319
88584,0.0169101185667009
88585,0.0270059023069141
88586,0.676593141039024
88587,0.0169505080355997
88588,0.1943851599454841
88589,0.0164604006241579
88590,0.0175451646069446
88591,0.079209181353702
88592,0.0180576234882576
88593,0.0158540647969423
88594,0.0179100596235197
88595,0.0433188543504184
88596,0.0192597031098814
88597,0.0199635684933041
88598,0.0172705580203616
88599,0.1963909918235787
88600,0.016454517250961
88601,0.0189767866549748
88602,0.0498447124182074
88603,0.0238348591190061
88604,0.0263795430879683
88605,0.0314271126312084
88606,0.0170988299719827
88607,0.9204362313167388
88608,0.0277494924839168
88609,0.034576388233761
88610,0.0774960399279945
88611,0.0188872617727931
88612,0.0368329982374249
88613,0.0190164335494067
88614,0.0189575466451914
88615,0.0170056174458771
88616,0.9411655790617608
88617,0.0482649497896028
88618,0.0272475541344444
88619,0.0166133729940719
88620,0.0168351188687217
88621,0.022323989836508
88622,0.0169098296634575
88623,0.0173453671693273
88624,0.0237374296441966
88625,0.023542230285157
88626,0.0164828609855586
88627,0.9426393560666518
88628,0.8823957334867011
88629,0.0168372141590552
88630,0.0171271454361536
88631,0.0248475157751421
88632,0.0218062873686724
88633,0.020326288476204
88634,0.0190784506866524
88635,0.0234451030071978
88636,0.0219773535996615
88637,0.0281119551109096
88638,0.0173800847601712
88639,0.0366226917458693
88640,0.0174071645724226
88641,0.0192077088757807
88642,0.0168077142187662
88643,0.0395649639473151
88644,0.0743137571683725
88645,0.169381486066801
88646,0.0169064649204091
88647,0.0295725034797371
88648,0.0194620196498087
88649,0.4412762477428683
88650,0.1871719626226958
88651,0.1810184229725726
88652,0.0246621296661452
88653,0.0165615284309153
88654,0.1107029376228724
88655,0.0476790679126917
88656,0.0731987515826766
88657,0.017511964835555
88658,0.0219506124525708
88659,0.0371185744320492
88660,0.0718819482717407
88661,0.020193860750529
88662,0.0185503541208548
88663,0.0248336247900384
88664,0.0240285623102657
88665,0.0708744330678821
88666,0.021185823477472
88667,0.0578811836504627
88668,0.018581956284363
88669,0.0172374662233783
88670,0.0194417677819115
88671,0.0161455426424222
88672,0.0155669682020572
88673,0.0674438055133789
88674,0.0185916630341508
88675,0.9425262578021868
88676,0.0188951961978439
88677,0.0157254837749229
88678,0.0983256133900768
88679,0.1844500083136245
88680,0.0196651823278498
88681,0.0190434339031219
88682,0.0291066594653752
88683,0.0181409844308065
88684,0.0296359141998046
88685,0.9478708394941824
88686,0.0405060541356939
88687,0.0236261740624646
88688,0.02206114653349
88689,0.0169294398069372
88690,0.9350702046852212
88691,0.018094004196873
88692,0.0362822255270094
88693,0.9486193078973186
88694,0.185434888148405
88695,0.0210588874934367
88696,0.0407188733285105
88697,0.8496069528722493
88698,0.0608020481569745
88699,0.017301751833626
88700,0.0203028988131636
88701,0.0680904266201985
88702,0.0162358512081824
88703,0.0184351178578091
88704,0.0239134324828093
88705,0.2111059617326924
88706,0.9388866129792311
88707,0.9332788201913368
88708,0.0268048964837207
88709,0.0272914597179034
88710,0.0334061043706483
88711,0.0176896656804523
88712,0.0718118974898702
88713,0.9343730648857778
88714,0.0518928667789795
88715,0.0568960748958833
88716,0.0240477457896784
88717,0.0159260630556127
88718,0.0424470950306872
88719,0.0728592773713659
88720,0.0440460455101546
88721,0.0261234296485503
88722,0.0173965757618226
88723,0.0173873842667942
88724,0.0190673529953731
88725,0.0256226614363749
88726,0.0166067537537706
88727,0.1068029995686241
88728,0.9245669851568308
88729,0.0168909268043617
88730,0.0300556936125783
88731,0.0507746946782335
88732,0.1714793869948812
88733,0.0265487200088632
88734,0.017596327373721
88735,0.0268504679691605
88736,0.016640835193861
88737,0.0198794643560875
88738,0.023400153941433
88739,0.911425575273165
88740,0.1261893490049341
88741,0.9453789982436216
88742,0.0177733970918201
88743,0.6625100286035754
88744,0.0220433167583399
88745,0.9477809797771106
88746,0.0190179394289456
88747,0.0179374727448083
88748,0.9221130109228536
88749,0.0191032692877914
88750,0.0398597536770681
88751,0.0172218548101802
88752,0.035265716764949
88753,0.0192054721178152
88754,0.0750983714814497
88755,0.1102268008913817
88756,0.1152366013929425
88757,0.0160190793266666
88758,0.0189082913761627
88759,0.3766737448878602
88760,0.8165261420114006
88761,0.018672124534772
88762,0.016969907511374
88763,0.931666718552714
88764,0.0182733077823059
88765,0.0523843638252845
88766,0.9361201852206024
88767,0.0310682254492414
88768,0.9312947910190712
88769,0.0486825780649135
88770,0.031748874235706
88771,0.0177508860929043
88772,0.1483933762855837
88773,0.0171675057832315
88774,0.3718603980433271
88775,0.0235497333491762
88776,0.0312161215967893
88777,0.942146997491051
88778,0.0163090738079461
88779,0.0190675194989082
88780,0.0875164346712413
88781,0.0216386100847212
88782,0.0183938568778479
88783,0.0374750961153316
88784,0.0164073974000928
88785,0.0161863013972914
88786,0.0186687992908013
88787,0.93661896335611
88788,0.3710154603871963
88789,0.3251581209587445
88790,0.937828064324668
88791,0.01689040129379
88792,0.0187048990051657
88793,0.0224329189513373
88794,0.047960331966648
88795,0.2696773911857252
88796,0.0190351098275221
88797,0.0166171954688367
88798,0.0159293697653403
88799,0.0174266818356545
88800,0.0504757877607005
88801,0.0206127720129898
88802,0.0223092358322642
88803,0.9457790855703592
88804,0.0684470619278689
88805,0.024390223883257
88806,0.0173850912765155
88807,0.0171064440371295
88808,0.0315470633165842
88809,0.0275711212635591
88810,0.0196911342291522
88811,0.8894249058492115
88812,0.0168726929419124
88813,0.0343139426452112
88814,0.020899421100009
88815,0.0177956430338346
88816,0.0194868211524562
88817,0.0251331122120656
88818,0.0177151607778107
88819,0.0373254296635071
88820,0.0508553342937157
88821,0.249189263732718
88822,0.0405429440088503
88823,0.0521454170972196
88824,0.0203858046428172
88825,0.025512801555358
88826,0.0166937662001854
88827,0.0705401961568569
88828,0.018569630565553
88829,0.0711301193865575
88830,0.0162887339000281
88831,0.0293900860384867
88832,0.0177074584083474
88833,0.0216270230709519
88834,0.5024121621658842
88835,0.0552947147279616
88836,0.0272393118248542
88837,0.019714388311276
88838,0.0529742840900338
88839,0.0303413170250346
88840,0.9154183726089786
88841,0.9019748921903354
88842,0.0669912233326506
88843,0.0198449226045647
88844,0.0253819789212948
88845,0.0191053894308555
88846,0.9429237722894006
88847,0.0169658771132533
88848,0.0164758484690789
88849,0.02491872594821
88850,0.9393588148807266
88851,0.9157352779947796
88852,0.0706426522525461
88853,0.0268194329706864
88854,0.0329462686638249
88855,0.0186012614334567
88856,0.0161218850529121
88857,0.8795129120356603
88858,0.0269330641445364
88859,0.0209878755159148
88860,0.0169915825171094
88861,0.0341642427974587
88862,0.8030790409901118
88863,0.0166811531836402
88864,0.0255588551762097
88865,0.031816400493723
88866,0.947570649160067
88867,0.0180051344719391
88868,0.0207757785873068
88869,0.0391091611078077
88870,0.0330600526759364
88871,0.0168998637982517
88872,0.0184206654591563
88873,0.0219970965022628
88874,0.9218934686697804
88875,0.0158828523019003
88876,0.0371252222885601
88877,0.0161072534592019
88878,0.0163496706810226
88879,0.0223407830132408
88880,0.0169509229712597
88881,0.943483509378578
88882,0.0267237415674771
88883,0.0195752195873256
88884,0.0163013457559935
88885,0.9361281635274444
88886,0.0177616438290282
88887,0.1410026734670472
88888,0.0182790515466718
88889,0.0257425607989887
88890,0.0169798789079433
88891,0.1794721651306387
88892,0.0171000745067081
88893,0.0210971836582986
88894,0.0158445920032364
88895,0.0635179869310336
88896,0.0183448540181972
88897,0.0199024363398604
88898,0.0890354071146071
88899,0.0176324927586525
88900,0.0228024205617121
88901,0.0181124599111299
88902,0.1767819938706216
88903,0.0171347117996009
88904,0.0321214909494516
88905,0.8916742086771839
88906,0.0158529733335913
88907,0.9453482370588342
88908,0.0160085396939135
88909,0.8781374857715576
88910,0.128772110528822
88911,0.6515579288768876
88912,0.0269666785714775
88913,0.0190600303218949
88914,0.016966345941609
88915,0.0196847108649407
88916,0.0219515336992014
88917,0.018177015914501
88918,0.1422177271967748
88919,0.0173997878158786
88920,0.103920418431305
88921,0.1019638984613254
88922,0.9461086622548504
88923,0.0191101011353589
88924,0.945706261153243
88925,0.0225470591720185
88926,0.0165465365861242
88927,0.016579611106825
88928,0.0163662319943668
88929,0.9079971364593316
88930,0.0221645156023964
88931,0.903516948381672
88932,0.0185936814285108
88933,0.0174633631770056
88934,0.0225700630733728
88935,0.0210458000362381
88936,0.2168025887356648
88937,0.0532237358253282
88938,0.0545625163723336
88939,0.9363296732822998
88940,0.0219455969520407
88941,0.0169982818351225
88942,0.0714837798279053
88943,0.0196694930835278
88944,0.0170192478151391
88945,0.0322126982295896
88946,0.1471287755924787
88947,0.0171445452947562
88948,0.018614872461628
88949,0.5491594475897191
88950,0.0165958776888666
88951,0.1937092622434839
88952,0.017352420860957
88953,0.0257098283208546
88954,0.056956035108635
88955,0.0224523211687718
88956,0.9407519037607958
88957,0.0727893515902681
88958,0.4341894658056808
88959,0.0483518595899975
88960,0.028398433515512
88961,0.0197899382067814
88962,0.0183814390887178
88963,0.047755401454289
88964,0.015846395033026
88965,0.9481272555270748
88966,0.0165135351136874
88967,0.0238536728913517
88968,0.3531057706734912
88969,0.9440014428335336
88970,0.0187393517586048
88971,0.0239625921889701
88972,0.0264848870002177
88973,0.0209834147692115
88974,0.0315540247078562
88975,0.0654325323217956
88976,0.0186654388316434
88977,0.9219517465705244
88978,0.0263528072561787
88979,0.0296427830512471
88980,0.0221925407413283
88981,0.229750719293905
88982,0.9431084851536105
88983,0.8833691122477136
88984,0.0176207053274702
88985,0.0246643298063888
88986,0.0372650864716758
88987,0.0164538896239445
88988,0.0217071449515281
88989,0.0177168224376848
88990,0.941537502175358
88991,0.2404429486875138
88992,0.0182643873291706
88993,0.0363909202830083
88994,0.056637480563625
88995,0.0204345053709213
88996,0.0289147946572082
88997,0.0343713327097997
88998,0.0182821299478573
88999,0.0211977723419834
89000,0.031233020419122
89001,0.0186586651055037
89002,0.9408197136375904
89003,0.0234701298146756
89004,0.841664196261429
89005,0.0337093208890307
89006,0.0165052194623432
89007,0.0849464717849162
89008,0.9373917780639932
89009,0.0306323098388595
89010,0.0190120135586067
89011,0.0171959926600185
89012,0.0263929050514312
89013,0.94776466086269
89014,0.0280291276043836
89015,0.0699509128674795
89016,0.0178433547813483
89017,0.9373642705948372
89018,0.7441115535789724
89019,0.0686355523784659
89020,0.922907837495722
89021,0.0169226599254434
89022,0.0177292390907239
89023,0.0194796785957151
89024,0.0263964899684956
89025,0.0313732294566524
89026,0.0221850335194124
89027,0.9474055441789369
89028,0.0180035887877702
89029,0.0179245351687045
89030,0.0168709795995727
89031,0.4012047757988654
89032,0.0224589440266483
89033,0.027570191862018
89034,0.945567129727662
89035,0.0465437049880524
89036,0.020529343353018
89037,0.0163836431593997
89038,0.0659680148184363
89039,0.1477425755868462
89040,0.9026665072481898
89041,0.0164058448936283
89042,0.0184474690311011
89043,0.0165099313854974
89044,0.0178684980903301
89045,0.0179705765933111
89046,0.0167186688915585
89047,0.9220501009665418
89048,0.0176973499485351
89049,0.9070160043005308
89050,0.024565741206313
89051,0.0280288211267258
89052,0.0208304615726521
89053,0.0284679957594486
89054,0.0166745454592618
89055,0.0230696511758465
89056,0.0170859223609319
89057,0.0172050932668584
89058,0.0805261839710516
89059,0.016074705681842
89060,0.0170658613959791
89061,0.0750524581871205
89062,0.948466007552544
89063,0.0172966305586026
89064,0.1811606890865826
89065,0.0163365019869919
89066,0.9059677726648976
89067,0.0342126213212498
89068,0.0409005563754961
89069,0.0183429176481602
89070,0.9458926156715486
89071,0.0172740003308872
89072,0.0260919199201498
89073,0.0203532140173002
89074,0.0177909194611043
89075,0.0179253780827402
89076,0.0313209547585798
89077,0.0173829708490258
89078,0.0259871224659526
89079,0.0162744335560168
89080,0.0170167412889589
89081,0.2864195218700673
89082,0.0167662843509409
89083,0.0362003796042191
89084,0.0167245657261626
89085,0.021110506482148
89086,0.0228511461090568
89087,0.0215892147235114
89088,0.9463251486402352
89089,0.0173412572584983
89090,0.0683144137114468
89091,0.0276258761005253
89092,0.0190330804372881
89093,0.0238861060444656
89094,0.023995376588419
89095,0.0179673501456153
89096,0.1670951126020646
89097,0.0175757418572465
89098,0.0290290140527253
89099,0.0176150288623811
89100,0.0261382745418372
89101,0.0167841321450542
89102,0.0219815440599957
89103,0.940253525847406
89104,0.0355263944675289
89105,0.0196122576002711
89106,0.0280017817708667
89107,0.0204821551570027
89108,0.0851326696543131
89109,0.0187907882796661
89110,0.0175607282057883
89111,0.030519972120709
89112,0.1294165772349721
89113,0.0180361711650175
89114,0.0242425253786672
89115,0.024636451611133
89116,0.0196912800046842
89117,0.0175610904921887
89118,0.0251641127812277
89119,0.0234716235271857
89120,0.0195336249112857
89121,0.9418911969678304
89122,0.0174378780496635
89123,0.0260181359911586
89124,0.1233652103088633
89125,0.0317409567361883
89126,0.0173797497222548
89127,0.0164943746141252
89128,0.0168648658198172
89129,0.0168485302109614
89130,0.0597965935876597
89131,0.0183808637842533
89132,0.0167423416042084
89133,0.0194039486990854
89134,0.945222547899842
89135,0.0218800182215436
89136,0.9341292116730072
89137,0.0506514787983636
89138,0.0281998736719273
89139,0.5010889664137822
89140,0.0161490470237912
89141,0.0832655708796964
89142,0.0203401729741999
89143,0.0168865446996374
89144,0.0179425614123295
89145,0.0292279846710455
89146,0.0734507787943786
89147,0.4350425059528766
89148,0.0177140079316435
89149,0.9326428762377468
89150,0.902677288976228
89151,0.9453520809073824
89152,0.0178071484952442
89153,0.0174709395021161
89154,0.0166024371414856
89155,0.8572329719219499
89156,0.0167401471509998
89157,0.9441861784698964
89158,0.9313153356139484
89159,0.0167071471219294
89160,0.1490116820321688
89161,0.0714526628226488
89162,0.01697716541142
89163,0.0161896356923889
89164,0.019048146335597
89165,0.0157824743246682
89166,0.0232479872103867
89167,0.0255499687355752
89168,0.0448244691871583
89169,0.0179279354366467
89170,0.016710839922572
89171,0.0214835687847549
89172,0.0367692944866601
89173,0.015704369095829
89174,0.9392555059568976
89175,0.0232473257492586
89176,0.0261421820126749
89177,0.0232171375006881
89178,0.0265147640255423
89179,0.0187433802565228
89180,0.0185853471637231
89181,0.0228837245386437
89182,0.9452694607920876
89183,0.0203027234603927
89184,0.0222297341601317
89185,0.0180765666211691
89186,0.0291188580125654
89187,0.0326839985533179
89188,0.9373591067583584
89189,0.5783198701280587
89190,0.0197579857425745
89191,0.0187247799116124
89192,0.944722491322459
89193,0.0168358204849094
89194,0.0167734160638458
89195,0.0185415151077075
89196,0.0201863316389306
89197,0.015760189845174
89198,0.0613406025739294
89199,0.1889930740607488
89200,0.7521912300967877
89201,0.0177348183112944
89202,0.050970295473283
89203,0.0174138878657685
89204,0.0235819904033437
89205,0.0172481581093702
89206,0.027594285199615
89207,0.0239103431277024
89208,0.0447644123380979
89209,0.01930395003972
89210,0.0250262869219
89211,0.0704249708754741
89212,0.0170318445722206
89213,0.0657033467232705
89214,0.0169689526079215
89215,0.0299750349647377
89216,0.0230273639361324
89217,0.0164646080312078
89218,0.045248636501652
89219,0.0211074753606466
89220,0.0166855441903417
89221,0.0186331495347884
89222,0.0185829818531436
89223,0.0168114754829163
89224,0.0220825511124721
89225,0.0194802667541768
89226,0.0227087099334114
89227,0.0202377638999715
89228,0.0171755788308249
89229,0.2970593603244095
89230,0.0255842743764946
89231,0.0164801223211208
89232,0.0249990307645657
89233,0.928114367045044
89234,0.0159162868667926
89235,0.928328778151719
89236,0.0164175321405004
89237,0.0773573565651837
89238,0.0867353006642374
89239,0.0158883669976271
89240,0.017682637736849
89241,0.0183713564336789
89242,0.3047462494107435
89243,0.0159579684201546
89244,0.9096911241728678
89245,0.0319629447672595
89246,0.0357017668131816
89247,0.0205706783566961
89248,0.0331607932783794
89249,0.9396086278846744
89250,0.0206684186942761
89251,0.0225869818562793
89252,0.0174466946242171
89253,0.0168107263177832
89254,0.0501135727404649
89255,0.0973660582625878
89256,0.032247158715865
89257,0.0166701951915574
89258,0.0160557421727057
89259,0.0905325437702966
89260,0.0206764896250927
89261,0.0158049303297748
89262,0.0165884853214858
89263,0.0196631253819903
89264,0.9130386490146444
89265,0.0388085154464784
89266,0.9132093105756816
89267,0.0211221749073404
89268,0.0471597614137527
89269,0.0234974144632904
89270,0.0187700155978369
89271,0.0662364402306652
89272,0.0464331703173069
89273,0.0302330203614033
89274,0.0406898296433242
89275,0.4141471367235088
89276,0.0762791893030164
89277,0.0252876801981258
89278,0.0197376405398762
89279,0.082680368122919
89280,0.0346060942740046
89281,0.0212497090306686
89282,0.0253633948173221
89283,0.0210208297181595
89284,0.041532298843111
89285,0.0177842186361595
89286,0.0192214660351935
89287,0.020464421910359
89288,0.0225993193767132
89289,0.929007407829398
89290,0.0159731499598907
89291,0.0186208653649854
89292,0.0172010810281902
89293,0.0248915825025874
89294,0.9454429221396056
89295,0.9323604711582116
89296,0.9380194712507018
89297,0.0174912042542656
89298,0.0327847429439779
89299,0.018375942982896
89300,0.0162754463427248
89301,0.0216912474346741
89302,0.0181925290657315
89303,0.0173356281089876
89304,0.2572369814553515
89305,0.9274993538711698
89306,0.0262325984856078
89307,0.934385723366465
89308,0.4149440626584106
89309,0.0180654959603926
89310,0.0209698432511663
89311,0.0439594689286405
89312,0.9404261121363512
89313,0.0177406228577073
89314,0.041780535792958
89315,0.1414936057854387
89316,0.747181363534529
89317,0.0424902884370349
89318,0.0216466220904488
89319,0.0199510713013365
89320,0.0260765245184994
89321,0.9418247911502274
89322,0.022956646720358
89323,0.0187579620015463
89324,0.9484822676393592
89325,0.0471747512450527
89326,0.0521960784995675
89327,0.0164911650228241
89328,0.0277945992457191
89329,0.0171432287304351
89330,0.0301009578164978
89331,0.020121836257373
89332,0.0169848691150938
89333,0.0183927367340507
89334,0.0164622709688996
89335,0.0415128600427135
89336,0.0172510399501096
89337,0.0191974010855254
89338,0.0244618492278035
89339,0.9419970023745758
89340,0.0224281972725075
89341,0.0199761051011516
89342,0.8805254496831819
89343,0.0165265992558448
89344,0.0198469024208096
89345,0.0200064804272747
89346,0.0193309784090764
89347,0.0173807563596408
89348,0.0765750828403638
89349,0.0777921060475718
89350,0.019339855946014
89351,0.0167789577722753
89352,0.0155598701739023
89353,0.039419232397054
89354,0.0238109536091254
89355,0.0173595362281951
89356,0.0191365062598402
89357,0.0167552798484002
89358,0.0165034564999419
89359,0.0308895355668806
89360,0.0321125460100232
89361,0.1078451948151943
89362,0.0224930727638657
89363,0.0240086404036911
89364,0.026867893663538
89365,0.0166557644693749
89366,0.5979037747281187
89367,0.0165726533298242
89368,0.3115821794836336
89369,0.1965138049070549
89370,0.0187010265326474
89371,0.0206637239231665
89372,0.0325709061141924
89373,0.0664501698160043
89374,0.0393140903361113
89375,0.0308903942477309
89376,0.0224958961589737
89377,0.0217858370121537
89378,0.0181245635557087
89379,0.0453734422187047
89380,0.0166443375323647
89381,0.0912484939819583
89382,0.0159929596806896
89383,0.0416850750988385
89384,0.0242161374856967
89385,0.0177779284282982
89386,0.0588598610095226
89387,0.0202109623036027
89388,0.0301261649096589
89389,0.0257967465961756
89390,0.0159947554408676
89391,0.0547219293145464
89392,0.938421113323636
89393,0.0183632328220117
89394,0.0168085090218331
89395,0.0620136964787671
89396,0.0432602199089743
89397,0.2690760461780186
89398,0.0186295276157778
89399,0.0203582150183267
89400,0.1101366718328726
89401,0.1520327283152332
89402,0.9400805964656862
89403,0.0164085762761445
89404,0.0215266804152753
89405,0.0297867145828219
89406,0.016321577124296
89407,0.08282547658967
89408,0.0185184447070819
89409,0.0173286895705509
89410,0.1814982718459343
89411,0.0213598675904101
89412,0.0165520776082975
89413,0.9451315740779456
89414,0.0212074892212593
89415,0.0748678093020137
89416,0.075290742378097
89417,0.0169220366037537
89418,0.0720362175600891
89419,0.080379045198578
89420,0.9263499516000466
89421,0.0202865244246354
89422,0.0185232335977464
89423,0.0272539464524111
89424,0.0628788652359419
89425,0.1203802505135284
89426,0.0262062115541093
89427,0.0326960961893163
89428,0.0179355751123307
89429,0.0715270787038851
89430,0.0301793159730932
89431,0.084150391089725
89432,0.020334938089804
89433,0.8849569366757462
89434,0.1307493440031378
89435,0.0202332121852375
89436,0.0214035178708704
89437,0.0502349950137086
89438,0.0217198128952754
89439,0.0229808155006686
89440,0.0179192156195689
89441,0.0206716777645581
89442,0.0222323451464783
89443,0.0707536371753485
89444,0.0664945679576929
89445,0.0266559084204285
89446,0.9459660827466908
89447,0.145312914352186
89448,0.0244243583060682
89449,0.0179913288741037
89450,0.0185949423842871
89451,0.0169752937870666
89452,0.0174417726354087
89453,0.0225795888590747
89454,0.0194079430090628
89455,0.0474094802830682
89456,0.0169922505637953
89457,0.0158855984745502
89458,0.8663950987367611
89459,0.036883225721602
89460,0.0563721558885708
89461,0.0259557491141438
89462,0.9473872995246218
89463,0.0857408358845256
89464,0.0362010454472077
89465,0.0189175858626344
89466,0.0180280160249691
89467,0.0199442144304614
89468,0.0187258296113526
89469,0.0297640285996788
89470,0.016381914124688
89471,0.023690701487019
89472,0.0226511716211838
89473,0.0504155984282833
89474,0.0242586126239828
89475,0.0229734396504683
89476,0.0172213745881593
89477,0.0283437875545618
89478,0.0309455353971742
89479,0.0203667988930573
89480,0.8231020720714635
89481,0.0347784833333883
89482,0.0190328720508454
89483,0.0380272196919143
89484,0.0176987300381622
89485,0.0182843877448844
89486,0.0182767022366815
89487,0.0185474106525054
89488,0.0261653087564456
89489,0.2033732254772673
89490,0.018376949340327
89491,0.0190122279334962
89492,0.0244506550988425
89493,0.0164103807074582
89494,0.019551137105781
89495,0.0197747410130144
89496,0.0596919204521366
89497,0.0194863969045007
89498,0.0334460611627442
89499,0.94248594379717
89500,0.9296284157393412
89501,0.0227517772474867
89502,0.393941662141178
89503,0.09238581438527
89504,0.0230526209132062
89505,0.0249528010153626
89506,0.9414603024897013
89507,0.0958658621504777
89508,0.0566546153230517
89509,0.0270190721661719
89510,0.0223895926828107
89511,0.0155158557617023
89512,0.0242166051761498
89513,0.0162505236133083
89514,0.0761523922806645
89515,0.938491976729366
89516,0.0195987719722132
89517,0.0211242542245104
89518,0.0198112845850583
89519,0.0737324841387992
89520,0.1349146894338795
89521,0.017131656362605
89522,0.0171493276803102
89523,0.1099448066049307
89524,0.0284494663526735
89525,0.0178777802038397
89526,0.0282852643257708
89527,0.0283105273188211
89528,0.0980280523612002
89529,0.0568416021826634
89530,0.0159224567864241
89531,0.0237222000279143
89532,0.0305209442023776
89533,0.0623625472012333
89534,0.0259667018529242
89535,0.0199231798803911
89536,0.0175637367676797
89537,0.0337356730412528
89538,0.9320034361305648
89539,0.0224695494051942
89540,0.9420525576409172
89541,0.1002565655425815
89542,0.0235482038091526
89543,0.0608540434915654
89544,0.0177173259546965
89545,0.0201103850931163
89546,0.0279752776098413
89547,0.0186908959501589
89548,0.0253016209077716
89549,0.0164275505071163
89550,0.0206256262559952
89551,0.0952448143754668
89552,0.0403686775772617
89553,0.9415844488289506
89554,0.5492330613351324
89555,0.033654367036325
89556,0.0228472305918137
89557,0.0184488296107381
89558,0.0195875808259326
89559,0.0158913415657618
89560,0.0168979748925331
89561,0.0241177782663684
89562,0.0299190742775729
89563,0.0225846899108887
89564,0.0159027690918866
89565,0.0397567778356031
89566,0.018220437963055
89567,0.0787303295582191
89568,0.4661743283381752
89569,0.0208357010302676
89570,0.0198921598410885
89571,0.0216060410523534
89572,0.0227067583673029
89573,0.0465047326517708
89574,0.9327777860671798
89575,0.0214805469706813
89576,0.0168193501739023
89577,0.0157403832488188
89578,0.015873414029066
89579,0.9402100911476238
89580,0.0182931407816019
89581,0.1249601414669526
89582,0.0189909967545175
89583,0.0184527412338578
89584,0.0176726439893737
89585,0.0736313711900172
89586,0.0179544327027011
89587,0.0184738130332738
89588,0.0213220372560581
89589,0.0191433597851228
89590,0.0174569821281367
89591,0.0221399088023759
89592,0.939874280280665
89593,0.3728099089887125
89594,0.0196153445027657
89595,0.0202916578334022
89596,0.0202300074885939
89597,0.0194106180013191
89598,0.0421428053327795
89599,0.0259215561059272
89600,0.0160299442250522
89601,0.0528222807678315
89602,0.0155569527248287
89603,0.0515161944154414
89604,0.0290091356273749
89605,0.9429843580457172
89606,0.0264660243958521
89607,0.0283473819628998
89608,0.0164349597105352
89609,0.0167654241141161
89610,0.6054170351868091
89611,0.0224259348448016
89612,0.0213901201172879
89613,0.0162058807390402
89614,0.0156265247097566
89615,0.0341787801605855
89616,0.024015444818528
89617,0.038357393096058
89618,0.0240845873611792
89619,0.7881411217615604
89620,0.0575522794568456
89621,0.0163059716780111
89622,0.0207910421995668
89623,0.016695158843624
89624,0.0638406664410785
89625,0.018253865839907
89626,0.0245273801984039
89627,0.0240195505874617
89628,0.0176495224999224
89629,0.3009119366081645
89630,0.0664027705041834
89631,0.0402324934272162
89632,0.0189985998924147
89633,0.0206874053187249
89634,0.0163712334029065
89635,0.0232767610679354
89636,0.0193718812493447
89637,0.0192811750854657
89638,0.058136032531617
89639,0.0180416119359564
89640,0.0179201834185867
89641,0.0380238368785741
89642,0.9054467966866278
89643,0.0190260648156121
89644,0.5314113628024211
89645,0.026745808629747
89646,0.0405653528348777
89647,0.056883845014849
89648,0.0174657723156377
89649,0.051763972022476
89650,0.0198155122141458
89651,0.016763227411983
89652,0.0163392150006836
89653,0.0880709562770614
89654,0.0239818479774813
89655,0.9259426842714712
89656,0.0479012583570041
89657,0.0501444584117117
89658,0.0205981992191927
89659,0.0197961775631434
89660,0.0187398992611286
89661,0.0156257389791625
89662,0.0356094941454656
89663,0.0625277941075323
89664,0.0176581479146583
89665,0.0307956103781186
89666,0.0235871037346494
89667,0.0489467649940064
89668,0.046967974032057
89669,0.022321188673438
89670,0.9471938670759475
89671,0.0260002795435073
89672,0.0199131504101004
89673,0.016955403387575
89674,0.0169614505640871
89675,0.0522811531303024
89676,0.0315303621325051
89677,0.0255440199001027
89678,0.0222337869876622
89679,0.0298539168210665
89680,0.0175558186311013
89681,0.0542856361527701
89682,0.0163527916224146
89683,0.0169930605764235
89684,0.0163108440986968
89685,0.0212159708192103
89686,0.9410646650445996
89687,0.0200455190435598
89688,0.0188207617314132
89689,0.0476321437785492
89690,0.0161625743448652
89691,0.9430676492025708
89692,0.0173393755437184
89693,0.0301622135778429
89694,0.0169116749790997
89695,0.028573300664918
89696,0.0197909741778721
89697,0.0412470225245971
89698,0.0216168671110774
89699,0.0200292041271424
89700,0.0211956875258326
89701,0.0325940745863646
89702,0.0401859541985466
89703,0.0357003735019754
89704,0.019812788539828
89705,0.0179964064992397
89706,0.91180689241444
89707,0.0337853879268967
89708,0.7998612813019249
89709,0.1037402300532217
89710,0.0188575260904589
89711,0.0186451822258401
89712,0.0268088129947161
89713,0.0224839024110648
89714,0.0705300112995877
89715,0.016093757810096
89716,0.0158451933011147
89717,0.0177634691271449
89718,0.1456155812594337
89719,0.9449874095375008
89720,0.0164355029927426
89721,0.0167808307410019
89722,0.0170034392942599
89723,0.0181644397436851
89724,0.0218936637778208
89725,0.0165616469703944
89726,0.0174043754343205
89727,0.0163009335770795
89728,0.0519571591934608
89729,0.0157976371950029
89730,0.0516315906195812
89731,0.934192812529144
89732,0.9160397923882448
89733,0.018293914672967
89734,0.0233279116641049
89735,0.0189230373384198
89736,0.0190940230867929
89737,0.0189273325735849
89738,0.7753761636766144
89739,0.0165461251553872
89740,0.0188051609303802
89741,0.0396742120082278
89742,0.0489733546733901
89743,0.0190380277295918
89744,0.0413538606319866
89745,0.946922325112136
89746,0.0165474655866579
89747,0.038168706504057
89748,0.0167441380870056
89749,0.0372691076618135
89750,0.0166661051294294
89751,0.0191216391664202
89752,0.0172106099695851
89753,0.0165757778525667
89754,0.9471247244184924
89755,0.0174087195521126
89756,0.0162429433363106
89757,0.0198287060982411
89758,0.176973111564235
89759,0.0552211609518997
89760,0.0159798373185397
89761,0.0166910988863927
89762,0.9308770222593256
89763,0.0192906478461506
89764,0.0177250496332114
89765,0.0182472946833857
89766,0.0169285952110385
89767,0.1170881411985406
89768,0.0722335838163778
89769,0.022991786892425
89770,0.0172463743505946
89771,0.0277613731438235
89772,0.928462168937076
89773,0.0277003538668196
89774,0.0536241722147742
89775,0.5663275447240865
89776,0.0249679429132614
89777,0.9326494479608892
89778,0.0340263511574404
89779,0.0440102120471248
89780,0.0440640341799774
89781,0.0328900025767232
89782,0.0195221721330709
89783,0.522466970243878
89784,0.034905158424191
89785,0.0183191672497439
89786,0.0178779764865672
89787,0.0810138588905729
89788,0.0714181133511272
89789,0.0172063830517365
89790,0.075570859526914
89791,0.0181318294216737
89792,0.0268390620577202
89793,0.0174870549109327
89794,0.02624527381685
89795,0.017143492940665
89796,0.0179553733433671
89797,0.0974453045657847
89798,0.0552816559843538
89799,0.0301934216576064
89800,0.0181664991829894
89801,0.0187919732197195
89802,0.0612730084035711
89803,0.017925854516155
89804,0.9329284820082162
89805,0.0201701605826352
89806,0.0466668935768598
89807,0.0184866545707564
89808,0.1219845803689387
89809,0.0180980479528972
89810,0.9393240994237656
89811,0.0167771348996512
89812,0.0186431616149027
89813,0.0224908475216605
89814,0.0174380743422684
89815,0.9242544476160044
89816,0.0159892878098796
89817,0.4578726649256689
89818,0.944717883882454
89819,0.0227211736631664
89820,0.0237510582852887
89821,0.0252875307323645
89822,0.0311410051577374
89823,0.0248267312299754
89824,0.0173358095604106
89825,0.0162361669919395
89826,0.027485251910096
89827,0.0653375022184587
89828,0.9416653991216838
89829,0.0241077626364636
89830,0.0672206061769551
89831,0.9458419847890543
89832,0.0278845350231177
89833,0.0160337569522744
89834,0.0660791474283538
89835,0.0523088520709223
89836,0.0176394282416465
89837,0.0270596080657004
89838,0.0169646793462568
89839,0.066727645773146
89840,0.0237657370763312
89841,0.0207077545253866
89842,0.02940669772391
89843,0.927613643934476
89844,0.0155644252017729
89845,0.0216972891676038
89846,0.0222187838253673
89847,0.0442328661739328
89848,0.0440014463269971
89849,0.0270555054578584
89850,0.138321701390862
89851,0.016661677291449
89852,0.071772881209837
89853,0.0178277238277096
89854,0.0494260404724036
89855,0.0168783650448053
89856,0.0168430342424413
89857,0.0940967294321001
89858,0.0226708868948713
89859,0.0222780130474635
89860,0.0162914225553511
89861,0.0161993345091672
89862,0.0172018325587694
89863,0.7445754174327417
89864,0.0166359799633677
89865,0.2168530540016291
89866,0.0225689440209592
89867,0.1458726972470428
89868,0.0430982277172963
89869,0.0209600839051526
89870,0.0328406903335418
89871,0.017231335765443
89872,0.020108251601576
89873,0.2612965368368042
89874,0.0171461020140868
89875,0.0170544147735812
89876,0.0159040531021133
89877,0.9298371745731407
89878,0.9343191626961824
89879,0.018108839143594
89880,0.0164861609084757
89881,0.0162892187363856
89882,0.9317011339145608
89883,0.0721274379097009
89884,0.0231510126729533
89885,0.9310994367008648
89886,0.0477170814789369
89887,0.0169316752533776
89888,0.0395056326656293
89889,0.9470036355061472
89890,0.0191880695977091
89891,0.0176661364839328
89892,0.0178664507839864
89893,0.0216956877416449
89894,0.0202469970801119
89895,0.0202717911219914
89896,0.190942781311578
89897,0.0381094828952184
89898,0.0261465144614768
89899,0.0237426026931278
89900,0.018360307491446
89901,0.0168979523077257
89902,0.0394417870399362
89903,0.0170882028001057
89904,0.0221225338697324
89905,0.0925134147761065
89906,0.0177187335913891
89907,0.0185096342960774
89908,0.0180451783180599
89909,0.0185192988669128
89910,0.0319649470955556
89911,0.0177390949508458
89912,0.0556664021669767
89913,0.0214809503579622
89914,0.0286242554737764
89915,0.030444088251358
89916,0.0250731503929444
89917,0.0320185932696147
89918,0.8996383310757902
89919,0.0206587078393432
89920,0.2624377035323416
89921,0.0349484872912502
89922,0.2961279872423716
89923,0.0237381006883619
89924,0.0195664894621756
89925,0.0172645003841303
89926,0.02552430456653
89927,0.9409067071806456
89928,0.023330098159778
89929,0.1740753674919862
89930,0.0916960645036964
89931,0.0208633795743223
89932,0.0228247648428529
89933,0.0246799145839862
89934,0.0220750101360112
89935,0.1468804982504406
89936,0.946707032731148
89937,0.0504070680277283
89938,0.1312285603457408
89939,0.0162933034396936
89940,0.0286774039590719
89941,0.0548802845747428
89942,0.016362329052431
89943,0.0202619998621205
89944,0.0715214163771988
89945,0.9328851628191684
89946,0.021417500389349
89947,0.0664978867503567
89948,0.0474861429924766
89949,0.0420004614408483
89950,0.0189159015283743
89951,0.0383959953582806
89952,0.0600036916020673
89953,0.0247541824887587
89954,0.0214280893954781
89955,0.0159247735481849
89956,0.0713598454150439
89957,0.0220663301087751
89958,0.0531080815086025
89959,0.0342124377589462
89960,0.0300480427752088
89961,0.0180226175416167
89962,0.0588924056778585
89963,0.0180603261167286
89964,0.0228538289497392
89965,0.0198647150657569
89966,0.0280813594668009
89967,0.0211565245384065
89968,0.0294639649100208
89969,0.0173413635094242
89970,0.1215423792325181
89971,0.0188060383848472
89972,0.0211672074808977
89973,0.0160638707867333
89974,0.0198610030473165
89975,0.0211547791172735
89976,0.0283005653254265
89977,0.0182899095529161
89978,0.0207803022007316
89979,0.9003971669948942
89980,0.0583039229305849
89981,0.0273927722738974
89982,0.022249421255596
89983,0.0185073492940004
89984,0.0216502093964869
89985,0.935469348291986
89986,0.0202467551238158
89987,0.0176575400145944
89988,0.017773442385276
89989,0.0269646092848815
89990,0.0158102940493602
89991,0.0169471020397796
89992,0.0258702162247418
89993,0.0188175710125383
89994,0.0797856200485201
89995,0.0223026796902718
89996,0.0263358559089073
89997,0.8939202603254135
89998,0.0664233420607802
89999,0.0189270087101065
90000,0.0253496658606626
90001,0.0577182991738673
90002,0.0675778289430222
90003,0.0173216546375495
90004,0.0375855773524682
90005,0.0186628518663515
90006,0.9306746008567192
90007,0.0176364751354277
90008,0.9470948347501432
90009,0.0191752183365677
90010,0.1544946876924447
90011,0.0177296341184031
90012,0.663594609317865
90013,0.1395875788220807
90014,0.0170148437746637
90015,0.042916521988989
90016,0.019809962454044
90017,0.8607503357480286
90018,0.0213758018389083
90019,0.0265719205742421
90020,0.0162059889092857
90021,0.0160984108953156
90022,0.0175905788153892
90023,0.0677441927929787
90024,0.017379117228199
90025,0.935378125271947
90026,0.1849723774599625
90027,0.0247666083712434
90028,0.9297105109328286
90029,0.0180795173020071
90030,0.0199891430711229
90031,0.024863120807393
90032,0.0170004981243365
90033,0.0250396404160469
90034,0.0223249651834131
90035,0.2142606234422893
90036,0.0503747387763518
90037,0.0267758571085883
90038,0.0644496169315965
90039,0.0162732283760621
90040,0.0235945113386877
90041,0.0167138597242809
90042,0.0234779529858684
90043,0.0157667538690011
90044,0.0174380126985236
90045,0.021456754637889
90046,0.0408915062506668
90047,0.0390131877239209
90048,0.0165062139050228
90049,0.4879785717646078
90050,0.1620723379176201
90051,0.0164232433961814
90052,0.0164629325102153
90053,0.0163359036974209
90054,0.0171875917277594
90055,0.9418133301199664
90056,0.3465694814650766
90057,0.0292842619431151
90058,0.0221519833000223
90059,0.0270422607402031
90060,0.0579226581106974
90061,0.0183155613103229
90062,0.0181376224690118
90063,0.0215973213055657
90064,0.121574660356431
90065,0.0356035699022818
90066,0.0368739120386741
90067,0.0191952251710886
90068,0.0352280713205128
90069,0.9414603809489368
90070,0.1052906502721449
90071,0.0181798890079409
90072,0.019046071120358
90073,0.0316949576360841
90074,0.020736986748206
90075,0.0158169550154065
90076,0.0179907326311962
90077,0.9408509157019171
90078,0.0271600795110978
90079,0.0237547473315866
90080,0.0160730927045012
90081,0.0366802475511792
90082,0.0186042851767933
90083,0.0165270364981003
90084,0.0286006897584835
90085,0.9222967820334348
90086,0.0169990329048088
90087,0.0258786670284612
90088,0.9428301165146828
90089,0.0172205808757057
90090,0.1042689049233814
90091,0.0202802124256227
90092,0.0194413328575238
90093,0.0159824758336824
90094,0.0203216263689381
90095,0.0236363187442301
90096,0.0160622703968638
90097,0.0394469180626252
90098,0.0166183094823597
90099,0.0421044755543105
90100,0.2387943966622295
90101,0.0182629525195895
90102,0.0165739165359121
90103,0.9479513692215232
90104,0.0206708956011915
90105,0.0284620218630969
90106,0.0177375958987449
90107,0.0165965614698476
90108,0.0323255853753524
90109,0.1534744592370745
90110,0.0245843379264343
90111,0.0188237746735874
90112,0.93230284565552
90113,0.9390037512317728
90114,0.0738776378967995
90115,0.0247096353140404
90116,0.0247650801467173
90117,0.0193743063499389
90118,0.0183881544517074
90119,0.0425542339220249
90120,0.0192582930932967
90121,0.0235916146734603
90122,0.0410530241285179
90123,0.94178814434762
90124,0.0160958869446014
90125,0.0174525059092304
90126,0.0211196481337348
90127,0.0243673996051791
90128,0.0455088157801724
90129,0.3717191258896421
90130,0.0651012743315705
90131,0.0165278492682666
90132,0.0168737331278451
90133,0.0254820627621558
90134,0.0372910151279997
90135,0.0190853641550938
90136,0.0186866830898248
90137,0.0157734993361798
90138,0.0988128086697162
90139,0.0331760250771004
90140,0.1031881922930465
90141,0.0185249588055409
90142,0.0190230921809549
90143,0.0167524478317417
90144,0.0214667120116874
90145,0.0300881636183664
90146,0.0190714287939809
90147,0.0251786166839739
90148,0.017789774374571
90149,0.032694175218612
90150,0.020835505466371
90151,0.0179071446050838
90152,0.016473525076209
90153,0.0183327858995796
90154,0.0189180790093254
90155,0.0349837088380973
90156,0.1107385891673748
90157,0.9438402726688684
90158,0.7505081490834317
90159,0.031135287704156
90160,0.01869450452933
90161,0.0159307703302496
90162,0.0179897614223019
90163,0.0157084604329433
90164,0.0202405948774668
90165,0.0400002835755373
90166,0.0166232294381363
90167,0.9008820708980824
90168,0.037613682984504
90169,0.8342131097988454
90170,0.0179347318674085
90171,0.2435599208000909
90172,0.0747400806507957
90173,0.936821414920813
90174,0.1111574012060155
90175,0.6887725209750011
90176,0.0518033020308918
90177,0.0175401657278417
90178,0.0170548117963111
90179,0.1488330192345501
90180,0.017733498450052
90181,0.9466172772476787
90182,0.9339450211892468
90183,0.0507053816713336
90184,0.0205663352888425
90185,0.0178817703048826
90186,0.0390314804950507
90187,0.0163800043021609
90188,0.929326581880208
90189,0.0253119720445479
90190,0.0265591170973485
90191,0.0522611751638635
90192,0.0466298236975946
90193,0.0215154418038197
90194,0.038105948932096
90195,0.0189067391370739
90196,0.0169571448814518
90197,0.0224583500091478
90198,0.0171647621694967
90199,0.3060441495044956
90200,0.0185806971477926
90201,0.0164572997929634
90202,0.0786478154379189
90203,0.0419616989976195
90204,0.9445526361022276
90205,0.0157793935074235
90206,0.0606788795510591
90207,0.917198169005336
90208,0.0653389439432271
90209,0.0407479671373195
90210,0.0808472189190318
90211,0.0427614787415295
90212,0.0422832421307263
90213,0.0163152136290656
90214,0.0331162857236582
90215,0.0380020660609709
90216,0.0242906459739335
90217,0.0262865943362449
90218,0.9416456339619562
90219,0.0241564178168817
90220,0.0208388887750493
90221,0.0176520555303477
90222,0.0198377253547014
90223,0.0183807350906583
90224,0.0270461314130688
90225,0.0268865386944304
90226,0.017566698680906
90227,0.0267178461986238
90228,0.0328110543768292
90229,0.0205290344739155
90230,0.1463390805803306
90231,0.514080051740007
90232,0.9472899435934784
90233,0.0196809635126941
90234,0.015660247426695
90235,0.017152854250097
90236,0.034480388442268
90237,0.0155629284363363
90238,0.0207179676774189
90239,0.0221831237532349
90240,0.930198836268584
90241,0.0209499856223436
90242,0.0452017741542235
90243,0.0180896833892713
90244,0.0193965535079686
90245,0.0222305327113531
90246,0.0234960545253477
90247,0.0352010749472258
90248,0.0160398503129756
90249,0.0173131278438709
90250,0.0241881806793689
90251,0.088567303500635
90252,0.0311888182223219
90253,0.0188470259904571
90254,0.9344846687387506
90255,0.2460123310330767
90256,0.0313447600673019
90257,0.0165653210612379
90258,0.046529974697416
90259,0.0679980790409942
90260,0.0227583873305651
90261,0.0187169096669868
90262,0.0267222867797791
90263,0.0287980590601262
90264,0.2071895838050267
90265,0.9372831959744284
90266,0.0156186936047233
90267,0.1192027240199567
90268,0.0244807365610226
90269,0.016514643250135
90270,0.0158186659600007
90271,0.0247065555431719
90272,0.0241086240509346
90273,0.0437763602173991
90274,0.0170466678648027
90275,0.0197650922293906
90276,0.0233626726713174
90277,0.0276644490640037
90278,0.0640563872108438
90279,0.9396659948970412
90280,0.9283852481406264
90281,0.0217279640040141
90282,0.0479889208481886
90283,0.0306941058495283
90284,0.018680490526972
90285,0.0184922270632208
90286,0.0228600308778909
90287,0.0994314429369589
90288,0.0380493975032472
90289,0.0196586641786594
90290,0.0213440346313284
90291,0.0176578912349361
90292,0.9458775068516396
90293,0.0205791627433321
90294,0.9482056619726996
90295,0.0222885610967553
90296,0.0205089193311725
90297,0.0170401900000454
90298,0.061350630493136
90299,0.0221724006169116
90300,0.0912493933585263
90301,0.020194536259899
90302,0.0291952615429513
90303,0.0354589022352905
90304,0.1093260384134671
90305,0.0251608466237061
90306,0.0353082126299997
90307,0.030558764543566
90308,0.0230281481763958
90309,0.0201171506969876
90310,0.0195700705362157
90311,0.0156323888642098
90312,0.048821797675954
90313,0.0165338600978096
90314,0.1010333375469052
90315,0.0157191999117339
90316,0.0167626493496938
90317,0.017020039440529
90318,0.01946848252852
90319,0.0201953708796191
90320,0.0166080678990704
90321,0.0211675858504418
90322,0.0170274128669589
90323,0.016275642836917
90324,0.0341510050431517
90325,0.061649613352458
90326,0.9481124715925022
90327,0.9414548955549212
90328,0.0220689670845625
90329,0.0941165280573057
90330,0.0488847871672719
90331,0.0170296691000801
90332,0.943587031407952
90333,0.9414960875024306
90334,0.0297108589858754
90335,0.0171279758359466
90336,0.0157726923116802
90337,0.0167060212365879
90338,0.9335730075058992
90339,0.0562190560125534
90340,0.0447382081040151
90341,0.0446988860808895
90342,0.0468052372379655
90343,0.0757139199964825
90344,0.9489473494159928
90345,0.0204489811213447
90346,0.9484204826315056
90347,0.0240988430970634
90348,0.0173604871108562
90349,0.0189825191635285
90350,0.0396989994256116
90351,0.0259843624669885
90352,0.9449616828781872
90353,0.0167256438119877
90354,0.0205618664483278
90355,0.9418002410753968
90356,0.0234379588026983
90357,0.0591892472473351
90358,0.0540976984267947
90359,0.0173664548333333
90360,0.0461591502219009
90361,0.0190999871897914
90362,0.0543072708240515
90363,0.1018005974750715
90364,0.0252068506594059
90365,0.0195270813137298
90366,0.0560243586542936
90367,0.017522684970126
90368,0.0227312031865266
90369,0.0171389244944459
90370,0.9382909734518506
90371,0.0168655455697779
90372,0.1254566236587532
90373,0.055646694295334
90374,0.042098745996997
90375,0.2100083916137811
90376,0.0195554087491665
90377,0.9360646535052431
90378,0.1088019729436173
90379,0.0183844393275302
90380,0.0312077987473911
90381,0.0301756147030788
90382,0.1967526260327914
90383,0.0167329699284416
90384,0.0169599403767047
90385,0.0187508635674099
90386,0.9191659811747136
90387,0.9418070946013866
90388,0.3714267594279252
90389,0.0701997753335102
90390,0.036086902968469
90391,0.021109923655634
90392,0.0866930188036996
90393,0.0197605085670167
90394,0.0167788150587744
90395,0.0275834889339788
90396,0.0864525888014133
90397,0.0762071100185444
90398,0.019401511750401
90399,0.030548679982811
90400,0.0166321760378359
90401,0.0163198768274859
90402,0.9301997094210124
90403,0.0179928045111459
90404,0.0568420653611301
90405,0.015567622035438
90406,0.0319937105328895
90407,0.0203979735480423
90408,0.0539314679857063
90409,0.0343838437926875
90410,0.0360073198103097
90411,0.086594541168795
90412,0.0156932513184832
90413,0.0164461351562742
90414,0.0174340157275117
90415,0.0190331958761986
90416,0.0229870868946133
90417,0.0277126076620765
90418,0.0288369641600854
90419,0.2796440308029114
90420,0.0237231157304053
90421,0.3257382586201854
90422,0.01723488964749
90423,0.0162597775767504
90424,0.0198091700658943
90425,0.0221334260087032
90426,0.019423475322892
90427,0.0197444876172337
90428,0.0296326031617665
90429,0.0455761864383741
90430,0.0670250452266492
90431,0.0173495822035221
90432,0.01605647708075
90433,0.0322212636098506
90434,0.042562186566131
90435,0.0606738839674504
90436,0.0306836004015412
90437,0.0308650346622313
90438,0.0164961731915675
90439,0.0226860356967923
90440,0.024913046002091
90441,0.0163250868091499
90442,0.0160012723991307
90443,0.0562265116200492
90444,0.0189490671794043
90445,0.0910518740055555
90446,0.0383238804132081
90447,0.3582881357670232
90448,0.0183277121086152
90449,0.0204924922966794
90450,0.0261975394455061
90451,0.0214576692847206
90452,0.92018173608112
90453,0.0196955306712971
90454,0.0307824597583921
90455,0.0175648039726687
90456,0.0286034209962786
90457,0.0202388920366467
90458,0.0243726130758501
90459,0.0992749271070127
90460,0.0249946210223548
90461,0.0173087276569795
90462,0.0340715775203924
90463,0.0167356498715259
90464,0.0611758685165586
90465,0.021664811045053
90466,0.9300066145543596
90467,0.9235655848952232
90468,0.894840885815604
90469,0.0184470836859286
90470,0.1158156139944592
90471,0.0184146328724204
90472,0.6833026090986102
90473,0.0161866537130747
90474,0.030850745749931
90475,0.9425361766605688
90476,0.0167411483248899
90477,0.0201380138883843
90478,0.0164998750031015
90479,0.0434658785819182
90480,0.01699491127037
90481,0.0201755465210676
90482,0.0190213152670947
90483,0.0248928303630939
90484,0.0237468754095071
90485,0.1546690888701722
90486,0.2610002532565257
90487,0.0196946622691065
90488,0.0186726313428427
90489,0.025030185439357
90490,0.1351146243895437
90491,0.0230416424274633
90492,0.0216374697321984
90493,0.0200397889681677
90494,0.0179770518896555
90495,0.0164900329317735
90496,0.0629376648842418
90497,0.0718185682226565
90498,0.0276290467945709
90499,0.3590318632558937
90500,0.0174746198201547
90501,0.0554889085075833
90502,0.0190287637991582
90503,0.0183682116769214
90504,0.0177108355555677
90505,0.0436503912992806
90506,0.0168974665312895
90507,0.0254075972425488
90508,0.0174200613490986
90509,0.0389346401563178
90510,0.0347784576915929
90511,0.0304049173352609
90512,0.9311640751968444
90513,0.9400957026213074
90514,0.0191244377257413
90515,0.0189254626825538
90516,0.0339456170696776
90517,0.0175228607117845
90518,0.1324581291017653
90519,0.0193537910192064
90520,0.0360357202308335
90521,0.0282323940746313
90522,0.0183102904942596
90523,0.9325304319903606
90524,0.920403524769569
90525,0.0171396518766388
90526,0.0257441804754084
90527,0.1393856670108275
90528,0.1537246937121114
90529,0.0181758053977742
90530,0.017031777522011
90531,0.030940131100097
90532,0.0213552824789274
90533,0.0168803743535056
90534,0.0208430919888579
90535,0.1398578677538193
90536,0.0910741361917813
90537,0.1755652149250604
90538,0.058587124685469
90539,0.1681834623243819
90540,0.019092507395052
90541,0.0239050567978427
90542,0.0205784529510561
90543,0.0946871301506169
90544,0.0297965948051687
90545,0.0175127083622802
90546,0.1130184710111737
90547,0.0198412272090718
90548,0.0317276234087729
90549,0.0765630487806214
90550,0.0575145137192663
90551,0.01852276007453
90552,0.0577026710275101
90553,0.3264527725983984
90554,0.9460946941372416
90555,0.0191055582546974
90556,0.0157313446950053
90557,0.021736659048567
90558,0.8481566438634063
90559,0.0537665707816402
90560,0.0275532974834966
90561,0.0167980509908097
90562,0.0353879795931318
90563,0.9416702307878472
90564,0.0592652978241664
90565,0.0176365906384063
90566,0.0285323465508409
90567,0.0632190273124655
90568,0.0947576761455496
90569,0.0387517106575991
90570,0.0167906962789896
90571,0.4250496860224361
90572,0.0183081546730233
90573,0.0182443791069597
90574,0.0314729174863126
90575,0.0171808961112821
90576,0.0200043890014082
90577,0.0159542715143089
90578,0.0848957922214705
90579,0.0155377063049228
90580,0.0186030133451866
90581,0.0400185692966729
90582,0.9476547951326504
90583,0.0223503225376393
90584,0.021591305170535
90585,0.3737024666989864
90586,0.0248824684127505
90587,0.9410032471939378
90588,0.1547525302339141
90589,0.0164217666370362
90590,0.0395301401494322
90591,0.9472445026090064
90592,0.1093244705981996
90593,0.0217085682158623
90594,0.0172423745879629
90595,0.0194276092824908
90596,0.0202250555741344
90597,0.6545990573219226
90598,0.0189234866163809
90599,0.0188726144947811
90600,0.0252547545469122
90601,0.1203282762899121
90602,0.2311521976634978
90603,0.0173528240815135
90604,0.065002396672876
90605,0.8542777553412185
90606,0.9395097969154214
90607,0.1062396219772687
90608,0.0184118482614143
90609,0.9436847814606646
90610,0.0184694149045876
90611,0.0181122231604335
90612,0.0157042535764037
90613,0.0162857153755121
90614,0.0619156408719609
90615,0.0160474052704825
90616,0.0279058349283896
90617,0.0184142854888016
90618,0.02838546993671
90619,0.0177783364061513
90620,0.0445018685817584
90621,0.3062710076394456
90622,0.0160803975234941
90623,0.0348285772220433
90624,0.0189589980483614
90625,0.0200715608120558
90626,0.0307983428246409
90627,0.0179171234419179
90628,0.0197722184148705
90629,0.0165417130680155
90630,0.0370533147620879
90631,0.0469947455779966
90632,0.9458551812517536
90633,0.935371736513186
90634,0.0792340898358283
90635,0.0215299815948388
90636,0.9058694713879484
90637,0.0165796525007193
90638,0.0203010341235746
90639,0.2521437095830849
90640,0.0183195673003191
90641,0.0265405417725917
90642,0.0182780362468691
90643,0.3295550979455703
90644,0.0250391356374429
90645,0.9479768876420934
90646,0.0193232228250117
90647,0.0204883258753209
90648,0.0863832144519611
90649,0.0217701137769222
90650,0.9388474042796242
90651,0.0254803388229529
90652,0.0776396462137321
90653,0.9423088462285668
90654,0.0279054158734217
90655,0.0172713679736861
90656,0.0212639794921715
90657,0.0165522396890075
90658,0.8957234829807422
90659,0.0160185724443352
90660,0.0164154463781985
90661,0.0498904738098426
90662,0.0163635836764468
90663,0.016971217073246
90664,0.0172396513151959
90665,0.9280374318451936
90666,0.0169895566606316
90667,0.0236151053201466
90668,0.0183096044070316
90669,0.0169355358486487
90670,0.0301259388665994
90671,0.0164561812476873
90672,0.0317732308339621
90673,0.0196143721977932
90674,0.6746105343968135
90675,0.0225337673716272
90676,0.0672406113857089
90677,0.0273514002685624
90678,0.8938760019468966
90679,0.0189889885631549
90680,0.0291761564984018
90681,0.030942309017237
90682,0.0186512467219422
90683,0.0575163316494065
90684,0.0543387445592015
90685,0.0429379211629663
90686,0.3537713646255493
90687,0.6608470169507658
90688,0.1860912200704564
90689,0.9341911601788128
90690,0.131835258128332
90691,0.0202746096783749
90692,0.9456540892997132
90693,0.044339361326403
90694,0.0163660415757817
90695,0.0192085156302036
90696,0.0231122531826498
90697,0.9478210440304418
90698,0.0167374709202084
90699,0.0170464687102897
90700,0.0214711446677822
90701,0.0195472215319178
90702,0.0223808802753779
90703,0.0229721019206359
90704,0.0452355378056569
90705,0.0186254404318713
90706,0.9372474876844452
90707,0.0178042387503709
90708,0.1641555189247433
90709,0.0215020170480069
90710,0.942394486696033
90711,0.0783047597643589
90712,0.0184951198136126
90713,0.015854867964619
90714,0.018476455841266
90715,0.0529408437403505
90716,0.0170995070066894
90717,0.0280182700534399
90718,0.0295318701453567
90719,0.039865336852758
90720,0.944088743898459
90721,0.0274355001611479
90722,0.2619298654127253
90723,0.0168091098622498
90724,0.0245819418838486
90725,0.0215133296204225
90726,0.0208743517113446
90727,0.0166497635180597
90728,0.1084517927802197
90729,0.9480628944391338
90730,0.947888074127586
90731,0.0209910074978011
90732,0.0421882174140276
90733,0.0182808869405387
90734,0.558093831499078
90735,0.0223452112318051
90736,0.0166143774747771
90737,0.9138563763132684
90738,0.0363453231358215
90739,0.0175083756118275
90740,0.164143353048894
90741,0.0647620761132837
90742,0.01974459088118
90743,0.083194184278104
90744,0.0211489580061598
90745,0.020418701093881
90746,0.0188590925286153
90747,0.0219949679598118
90748,0.0669036006965345
90749,0.0181132686742559
90750,0.0181654769961525
90751,0.861313352598814
90752,0.0164310058163002
90753,0.01818726535655
90754,0.0175985890621999
90755,0.0302471395243801
90756,0.0184233105757244
90757,0.0237610191354014
90758,0.0207333828061547
90759,0.0168058221005965
90760,0.0157768898802848
90761,0.0358576865151436
90762,0.0264003592094913
90763,0.0219072279191749
90764,0.0204789043472993
90765,0.0192967183219742
90766,0.9346642970819412
90767,0.0193593946053875
90768,0.9348810917945364
90769,0.0620669820483319
90770,0.0158150088837034
90771,0.017165609888589
90772,0.0349096097625063
90773,0.0449613307556298
90774,0.0203939801262204
90775,0.0245893444223466
90776,0.1575015687477709
90777,0.0204885629001212
90778,0.0185955736714302
90779,0.0777907606815548
90780,0.0176304773262688
90781,0.0469127433370448
90782,0.01948026140486
90783,0.0273876443356828
90784,0.0184591329321989
90785,0.9186996371392704
90786,0.0246662941670344
90787,0.9471382431272692
90788,0.0671266578273606
90789,0.0196201535409074
90790,0.9358586925102425
90791,0.0171249838656756
90792,0.0556972428316992
90793,0.0209061132729291
90794,0.921501249034058
90795,0.7962797569856587
90796,0.0184056013833712
90797,0.0235712399450897
90798,0.0291698342423611
90799,0.0184031182651137
90800,0.93549042377943
90801,0.0522183163530325
90802,0.0569208264985211
90803,0.0929389340097927
90804,0.0572848472661944
90805,0.0158863734208986
90806,0.0161958047575467
90807,0.0201919352518139
90808,0.0879223592990784
90809,0.0194721218737513
90810,0.0273289443704195
90811,0.6589848597349698
90812,0.0245731259443446
90813,0.9438928395869786
90814,0.0783801704688583
90815,0.9482118859960588
90816,0.0174547200381524
90817,0.2030964052309453
90818,0.0502099991426046
90819,0.0228162756658497
90820,0.019667878067497
90821,0.029400991578509
90822,0.0228751343817012
90823,0.0178571708618282
90824,0.0235965113732173
90825,0.0168732780210975
90826,0.0219359640704791
90827,0.9467337213179264
90828,0.024864476489271
90829,0.0355389813434911
90830,0.0198391331111817
90831,0.0264539653440342
90832,0.018932322893692
90833,0.0486485279269917
90834,0.0201602341582451
90835,0.0168306268470958
90836,0.0444640726617547
90837,0.0166605577011399
90838,0.0613343891357436
90839,0.0292218870542311
90840,0.0157894952528314
90841,0.0330727794397418
90842,0.0315927524905393
90843,0.0161698785720673
90844,0.2190857152243054
90845,0.0159809616761393
90846,0.0173228623783389
90847,0.0253907388553291
90848,0.0222559257370802
90849,0.0214673482762279
90850,0.0166460512069849
90851,0.016744271722231
90852,0.0307647636389762
90853,0.0177019617376265
90854,0.0162456982918308
90855,0.0194699675714681
90856,0.016796313535488
90857,0.022939375855097
90858,0.0193356815422885
90859,0.0158102310123741
90860,0.0155535958864426
90861,0.0294485291562678
90862,0.0425493369368178
90863,0.0188956831256303
90864,0.0491232288075818
90865,0.0479062815747391
90866,0.9286663157883538
90867,0.0174306582420899
90868,0.0184298389667849
90869,0.2203473762359292
90870,0.0313892107749812
90871,0.0173421734497649
90872,0.0398997750252214
90873,0.0436898905230603
90874,0.0182696251046099
90875,0.018841016694049
90876,0.8906586713031621
90877,0.0176633966103337
90878,0.0263587774180361
90879,0.0176928495436212
90880,0.0203246904522079
90881,0.0184562411029311
90882,0.1150524076386606
90883,0.0524605054269524
90884,0.2987949311499638
90885,0.0370269850103124
90886,0.7241924968489488
90887,0.0189135732009226
90888,0.9408899008240028
90889,0.0408900769093162
90890,0.0206644787781859
90891,0.9026810550314424
90892,0.0165689059998147
90893,0.0180974118927973
90894,0.0259745302607205
90895,0.0189730459269887
90896,0.0854665539181575
90897,0.0259523142274171
90898,0.0180075503474192
90899,0.0553165922046629
90900,0.0286848391496763
90901,0.0198656316196711
90902,0.0158763517494179
90903,0.9457970753178536
90904,0.0466756076093127
90905,0.0583748200929117
90906,0.0179200477136253
90907,0.0246537797808281
90908,0.0239516586377271
90909,0.9008251434133228
90910,0.0309792652824586
90911,0.0622254804486132
90912,0.9446630490643756
90913,0.0160522941075692
90914,0.054389905175479
90915,0.0159556226646622
90916,0.0432344049487224
90917,0.0175570769020398
90918,0.0168596319546093
90919,0.0516878755759913
90920,0.0633699974539671
90921,0.017558566248956
90922,0.4856310139631368
90923,0.0165221643493622
90924,0.0383240872364036
90925,0.0176208404297069
90926,0.0204933161996787
90927,0.0463366382050252
90928,0.0183913435117706
90929,0.0225294186799129
90930,0.0714352615463038
90931,0.0319417572587244
90932,0.0215692311991485
90933,0.0167998855433268
90934,0.2125129974401943
90935,0.0179104679798333
90936,0.9477845405395696
90937,0.034351479640204
90938,0.9422500417202672
90939,0.018155079746288
90940,0.0174771362826594
90941,0.9348086597844328
90942,0.0371639601970513
90943,0.2368972308673665
90944,0.0260599870243282
90945,0.0779024348603382
90946,0.0246295043937494
90947,0.0163040338734226
90948,0.01628000225705
90949,0.0174888608361964
90950,0.0396738320995884
90951,0.024454653518221
90952,0.0195143271121222
90953,0.0180228784996853
90954,0.0190463328014133
90955,0.090528065875672
90956,0.1111230734929445
90957,0.0447699322408437
90958,0.0170807654522763
90959,0.0201425704315552
90960,0.0213604077431863
90961,0.0268032501957312
90962,0.9379105139684848
90963,0.0172583770726754
90964,0.0201098503143199
90965,0.0180902262746881
90966,0.0221056610535708
90967,0.0180894049430335
90968,0.0192423347324494
90969,0.918173666548608
90970,0.0176045168205309
90971,0.0238312183723606
90972,0.0193371111934301
90973,0.02598630416882
90974,0.9439793303448442
90975,0.0673681533394868
90976,0.9348982156988056
90977,0.024512514209927
90978,0.1186668607263995
90979,0.0256491912850466
90980,0.0738472162065259
90981,0.0245982001954127
90982,0.0333003620548422
90983,0.022330525908758
90984,0.0204568949600152
90985,0.939402878682892
90986,0.0240020054391447
90987,0.1826554365466617
90988,0.0699908043908752
90989,0.087542720338644
90990,0.0227742897211964
90991,0.0158614676228071
90992,0.0165278619490554
90993,0.0165621825141256
90994,0.0209958590557065
90995,0.0228464480201734
90996,0.04975924844454
90997,0.0204820593658875
90998,0.0178617159968899
90999,0.0157358899490836
91000,0.0565531910845454
91001,0.0221122780471276
91002,0.0567665594888674
91003,0.7338647831517817
91004,0.0221315929560506
91005,0.0190506483302682
91006,0.0351003776380364
91007,0.0573306326981269
91008,0.1252295625052924
91009,0.0271756672565216
91010,0.0176154983706879
91011,0.0635587125226808
91012,0.0233657706767885
91013,0.0190440671781477
91014,0.019267500568134
91015,0.0226830121314961
91016,0.0223295980109218
91017,0.0232775932110429
91018,0.028791586358619
91019,0.017076625849711
91020,0.0382732262064555
91021,0.0183362067535686
91022,0.0313414152434433
91023,0.0178479316359558
91024,0.0358492195830489
91025,0.0206871364452928
91026,0.0232163728909135
91027,0.0162952508479767
91028,0.0172542086605975
91029,0.0163524001211504
91030,0.1481403800906847
91031,0.0173467668493372
91032,0.0229369303053144
91033,0.0275434678825979
91034,0.0256600127741381
91035,0.0173126928986376
91036,0.0347504025483734
91037,0.0671028658178657
91038,0.3113703355138692
91039,0.0190237196170366
91040,0.93364409762712
91041,0.0226990753160813
91042,0.1283481519714956
91043,0.0440533205881016
91044,0.0187146709707947
91045,0.0968201555643009
91046,0.0310730266835521
91047,0.0289565783756798
91048,0.0208178827511179
91049,0.0244124101103434
91050,0.5996446586439359
91051,0.9221198195423764
91052,0.9456170891367226
91053,0.0210548516018365
91054,0.0241157106845627
91055,0.0169916024846443
91056,0.0412324842837541
91057,0.3304383003598674
91058,0.0178907783734469
91059,0.0612688500322045
91060,0.035120697801053
91061,0.0260893009878603
91062,0.0181824716717322
91063,0.0223081752378666
91064,0.0173154704155316
91065,0.025317995363293
91066,0.0900767474905838
91067,0.0296706682505112
91068,0.0204860790975659
91069,0.0197433327520711
91070,0.0165000127987363
91071,0.0450562444598915
91072,0.0179789485889677
91073,0.0391661388464218
91074,0.0198761606486139
91075,0.9283591632187782
91076,0.0186636878474021
91077,0.0164568674708195
91078,0.0164464947220789
91079,0.0301654327558723
91080,0.673673138210441
91081,0.0299289020440798
91082,0.94689537357431
91083,0.0184282256751685
91084,0.7283680004227256
91085,0.936589884772256
91086,0.0217698647515448
91087,0.017421779503693
91088,0.0348551987390124
91089,0.0905983548090171
91090,0.92998934773618
91091,0.0162251634074384
91092,0.0171401176576599
91093,0.3515146169542595
91094,0.1135333225002976
91095,0.1065040683324195
91096,0.0165057505349017
91097,0.0162029979038533
91098,0.0245229077879111
91099,0.9476052313450344
91100,0.0231542315117247
91101,0.0608115243798523
91102,0.1994944303933911
91103,0.0268246985321236
91104,0.9369908197321616
91105,0.0214012117395551
91106,0.0232156779961532
91107,0.0300546119097338
91108,0.0179285995863159
91109,0.0192613625709169
91110,0.9421839282592628
91111,0.017411701077517
91112,0.0171255849618507
91113,0.9455820455675144
91114,0.0195370502020531
91115,0.0170873554898449
91116,0.0375066046464487
91117,0.1557783249255781
91118,0.0174605789172226
91119,0.0225857100258331
91120,0.0297245544378529
91121,0.0166419001785265
91122,0.0796331774897007
91123,0.8287452260778156
91124,0.0192049247415847
91125,0.9398359481217208
91126,0.0176601198199401
91127,0.939236778523616
91128,0.0257120574999637
91129,0.0371863708924917
91130,0.8933467463935492
91131,0.0271576261603006
91132,0.9391869410487594
91133,0.0194593504453363
91134,0.9174224982571396
91135,0.0252875670499032
91136,0.0903988114227751
91137,0.016917552285756
91138,0.0301006278130966
91139,0.52183870986138
91140,0.0166299923427239
91141,0.0197922427896128
91142,0.0210905533942403
91143,0.0175903479555689
91144,0.9167171022258545
91145,0.0531707770742184
91146,0.0298299802769196
91147,0.0178108341055399
91148,0.0168365235342167
91149,0.9128023928092266
91150,0.0216623253796437
91151,0.0170289671396101
91152,0.0230020298445402
91153,0.0265606278240043
91154,0.3360851345124735
91155,0.0164520269013899
91156,0.0170219180364736
91157,0.9073645349994854
91158,0.9020485472874948
91159,0.074338451280186
91160,0.0249892511544409
91161,0.0177303409633051
91162,0.0206967883453989
91163,0.0296513797910324
91164,0.0216415208929435
91165,0.944553654589256
91166,0.0665942854045513
91167,0.0265020319890371
91168,0.0214710026752232
91169,0.0426232858652786
91170,0.0282746163361044
91171,0.0165844885215726
91172,0.0251918494944477
91173,0.0219532043843781
91174,0.0395670295609617
91175,0.0645916294220477
91176,0.0229150374665352
91177,0.0360328516953544
91178,0.0258704632457783
91179,0.4007516309393434
91180,0.0221018773288277
91181,0.0213240490804623
91182,0.0215220017074783
91183,0.0328495625778357
91184,0.0246491151339852
91185,0.033202150253402
91186,0.0210901248953453
91187,0.016959501415638
91188,0.0194708615938501
91189,0.0320123659926463
91190,0.0167728426966965
91191,0.0215633802241715
91192,0.020290729798583
91193,0.0172120958309853
91194,0.0157611275323216
91195,0.018164923523823
91196,0.0208725787310391
91197,0.0543185934681403
91198,0.0167516029131317
91199,0.0382123021935275
91200,0.0411571420678288
91201,0.0435322778036502
91202,0.0170724335044067
91203,0.0222984358790389
91204,0.0267718816824397
91205,0.0585987850964445
91206,0.9479220379802162
91207,0.031684618940032
91208,0.0322190795753475
91209,0.0170014571305364
91210,0.0196790732822688
91211,0.0915485096838845
91212,0.0483230550340031
91213,0.0165600453761469
91214,0.0281651444437642
91215,0.024069190177017
91216,0.1952854914744172
91217,0.0218002297622008
91218,0.1287721464929369
91219,0.0213369044567677
91220,0.0224800744052188
91221,0.0778792735231412
91222,0.0728222766763091
91223,0.022675167102887
91224,0.0483423047657486
91225,0.0243270862209951
91226,0.0223192077170932
91227,0.9429926008599716
91228,0.0187501510254851
91229,0.0222813005122431
91230,0.0517497120170063
91231,0.0161619168274273
91232,0.0261265145625179
91233,0.0173569192648168
91234,0.0173155825440265
91235,0.1276537125502895
91236,0.9467754126822552
91237,0.0167534447289207
91238,0.0195572033051472
91239,0.0375997223486374
91240,0.0244079695196757
91241,0.0164471113182966
91242,0.027056871325304
91243,0.2815103649520917
91244,0.0208842143568541
91245,0.0371893280405979
91246,0.9383194396825916
91247,0.1354213061595067
91248,0.0241103419006001
91249,0.9244551126699064
91250,0.9313475914514472
91251,0.0416583530870681
91252,0.018417388748835
91253,0.0312766706255508
91254,0.0251808037924839
91255,0.0177389716417482
91256,0.0163490945301166
91257,0.0171576735077747
91258,0.02895101022479
91259,0.027742580690106
91260,0.0224682712010761
91261,0.0216899086615063
91262,0.0169246885499556
91263,0.0282209004212697
91264,0.0531472189568101
91265,0.0159831190384344
91266,0.0189162862093131
91267,0.1094395292489555
91268,0.0218838668627368
91269,0.0326882082216585
91270,0.0188852717673119
91271,0.947478111876875
91272,0.0177246384695936
91273,0.0391372468171846
91274,0.0188397957833875
91275,0.0280313853143616
91276,0.8769528533320375
91277,0.0790221346358332
91278,0.0155412512789659
91279,0.0170334018010532
91280,0.936293702919344
91281,0.0177688014484225
91282,0.945588169492764
91283,0.8402008783055755
91284,0.0253309028190447
91285,0.0186592536613083
91286,0.9401236358454677
91287,0.0180527988032506
91288,0.089560580950743
91289,0.034318988857491
91290,0.9377955241030518
91291,0.033402434777838
91292,0.0185816044201615
91293,0.0166746509352185
91294,0.9468657983394442
91295,0.044255477894409
91296,0.0231927390067517
91297,0.0725597024091403
91298,0.0272576462508638
91299,0.0313831777951919
91300,0.0233354804828565
91301,0.0309396339688745
91302,0.0183224100946984
91303,0.0184208319594921
91304,0.0271132095422989
91305,0.0162892827705224
91306,0.0164553873128403
91307,0.0205526647735814
91308,0.0171481910650685
91309,0.8933645275087577
91310,0.0215053039757611
91311,0.0180519589517153
91312,0.0374209275363085
91313,0.0700383672533655
91314,0.0163032647214206
91315,0.0552806540123588
91316,0.0186566549173163
91317,0.0333318722938891
91318,0.2138227090874012
91319,0.9387701553034228
91320,0.0274077689167592
91321,0.0445101608048568
91322,0.9423702374874784
91323,0.018141149476591
91324,0.028699399887552
91325,0.0218490565733013
91326,0.0453740739775482
91327,0.105733706800187
91328,0.0164592195299657
91329,0.0489764408771101
91330,0.0210651849347321
91331,0.0211938931349491
91332,0.020692122185883
91333,0.0194345649101863
91334,0.941183730976242
91335,0.0168546621481297
91336,0.1541682414787163
91337,0.0369284365326717
91338,0.055754317025644
91339,0.0165443459773226
91340,0.0165581479824148
91341,0.0176805158732575
91342,0.0267834143783984
91343,0.0742762393791592
91344,0.0183152224848829
91345,0.2920596635465377
91346,0.0242808515313373
91347,0.0335179692944808
91348,0.0170520577823051
91349,0.912732159511189
91350,0.3226960650475579
91351,0.0160723398177637
91352,0.0257435161733821
91353,0.0190664163946094
91354,0.0165243419976033
91355,0.0229014978921092
91356,0.0190964573556144
91357,0.9399481065737516
91358,0.0190390579188918
91359,0.1173168231415748
91360,0.0166806853432928
91361,0.0302426619926359
91362,0.0345059704563168
91363,0.1053018274049986
91364,0.0176906304539992
91365,0.0159806647071204
91366,0.0280456490723224
91367,0.0183744228648642
91368,0.0211426940918408
91369,0.0468194509704428
91370,0.0192170600217889
91371,0.0180481388359184
91372,0.0164115762914369
91373,0.0212158467498317
91374,0.0172813909625655
91375,0.0176939624592028
91376,0.6496880742545477
91377,0.9411615393026148
91378,0.0208005232546482
91379,0.0165586671709148
91380,0.0180467713541714
91381,0.0296790608758754
91382,0.057879874200311
91383,0.0246526858667551
91384,0.0238076860609558
91385,0.0160133202751035
91386,0.0325412209652321
91387,0.0287855261566869
91388,0.0166551835407012
91389,0.0166556921029826
91390,0.0624996352715539
91391,0.0158844379713076
91392,0.0173044021477294
91393,0.0252004902489799
91394,0.0175612505203955
91395,0.0205779950450592
91396,0.0796885180872923
91397,0.0159552720398618
91398,0.0372772040636127
91399,0.1728894605031598
91400,0.016990376950275
91401,0.0173765153122623
91402,0.920861206918254
91403,0.0556689602526463
91404,0.0344691761796631
91405,0.0791053351879179
91406,0.0164642606525517
91407,0.0164793677364786
91408,0.1239797673695322
91409,0.0436963827573242
91410,0.0167770320238332
91411,0.0191299054265376
91412,0.8952007679009504
91413,0.0535240745006333
91414,0.0313828143414977
91415,0.0209451077260284
91416,0.0344740328414902
91417,0.0219188629446035
91418,0.0168544549535162
91419,0.9229690533457432
91420,0.0173212055510259
91421,0.0169452754406463
91422,0.0700875173680215
91423,0.0317215949378003
91424,0.0191624826542866
91425,0.0854946776262955
91426,0.0186878316677526
91427,0.055513582536597
91428,0.0222162520115563
91429,0.0207018729479574
91430,0.0171230321769622
91431,0.9447044499997792
91432,0.0160930775882654
91433,0.0216805377181715
91434,0.018580191801253
91435,0.0186936899474864
91436,0.0242697305900712
91437,0.0280104188632787
91438,0.0438202479362905
91439,0.0190110451954845
91440,0.9472778029590252
91441,0.018984181309254
91442,0.0177176100402789
91443,0.0585575553201963
91444,0.0178845126849473
91445,0.0275841385666269
91446,0.1242828994828672
91447,0.9373746749779628
91448,0.0179517305001821
91449,0.0225081553062068
91450,0.0167851922856536
91451,0.016719730268457
91452,0.0261428661615283
91453,0.7781142658394284
91454,0.9480058147953672
91455,0.0173097369398399
91456,0.0187096174211076
91457,0.0178638115549309
91458,0.0404979532565369
91459,0.016845396268391
91460,0.9333034077735054
91461,0.027332071926379
91462,0.2677991934785893
91463,0.0187159138012741
91464,0.0201514766762851
91465,0.9457871573957386
91466,0.0185688843085115
91467,0.0275027597938974
91468,0.0210311376122543
91469,0.0614856088918551
91470,0.0234461157801658
91471,0.933969142428175
91472,0.0231861022476086
91473,0.0225057839901193
91474,0.031403217959349
91475,0.0191915359178187
91476,0.0360090143032923
91477,0.0197695569725029
91478,0.019414673220297
91479,0.0199278803626971
91480,0.0160353488061237
91481,0.0163828392522911
91482,0.0164499582629773
91483,0.0159794629943078
91484,0.0181042587118252
91485,0.0880798605375225
91486,0.019055123311817
91487,0.030343034783562
91488,0.0178549038427867
91489,0.1985625392209518
91490,0.9332292459532452
91491,0.943265493617736
91492,0.0495514403374235
91493,0.0200189437291931
91494,0.1942643464804586
91495,0.0551598541471268
91496,0.0158101044395643
91497,0.9424067246125571
91498,0.055485163276633
91499,0.0215408415024808
91500,0.0202969719901887
91501,0.0159735336382578
91502,0.0161734346572973
91503,0.9478572219220917
91504,0.0167561662640285
91505,0.9462253284242
91506,0.9473125790354836
91507,0.1220582724032191
91508,0.0173587924604729
91509,0.8418131324717633
91510,0.0500126678087104
91511,0.9389788201220232
91512,0.0285832701388842
91513,0.0168123090115108
91514,0.016075783737406
91515,0.0175120138462383
91516,0.0171734689173921
91517,0.0214651751864513
91518,0.8650324568736498
91519,0.9374167249872968
91520,0.8567255206860743
91521,0.0161610241970766
91522,0.033106239023489
91523,0.016668063412067
91524,0.0191237618705048
91525,0.0208903297442725
91526,0.0271931775299669
91527,0.0175515217751563
91528,0.0198367933715382
91529,0.0184211594025469
91530,0.0477816502772238
91531,0.0657831987810939
91532,0.0161374274427544
91533,0.0318670516417408
91534,0.9476018862074912
91535,0.0222689518359329
91536,0.0162881801746054
91537,0.0649639170649029
91538,0.0160276874466931
91539,0.054799317168789
91540,0.0193148923216082
91541,0.0172347241032528
91542,0.0386195617092826
91543,0.0194749806583337
91544,0.0177352515274975
91545,0.0162686275742492
91546,0.07217340722737
91547,0.0182827446265229
91548,0.0180020261386393
91549,0.0608810265855764
91550,0.0180397011926664
91551,0.0254118844161378
91552,0.016114920100921
91553,0.0186701822245372
91554,0.0804237561801883
91555,0.0428112878351575
91556,0.0328265070181295
91557,0.0237727755932472
91558,0.0287876846123072
91559,0.9383869420990044
91560,0.0179009208669935
91561,0.0214808926893551
91562,0.0193208720627423
91563,0.0220752984682191
91564,0.1030773732343896
91565,0.0192506899545391
91566,0.0394818612756819
91567,0.0264840992877808
91568,0.0179016324878165
91569,0.295729963921884
91570,0.0266658668916913
91571,0.0169700462629922
91572,0.0214210999880919
91573,0.0191496088739675
91574,0.0173971004296709
91575,0.0674356781926193
91576,0.0192478662903868
91577,0.015576168846642
91578,0.0202283920507688
91579,0.017309839538607
91580,0.0203839482309194
91581,0.0169790551731947
91582,0.0327522082459454
91583,0.0172152903567004
91584,0.0215375508906806
91585,0.0209272137966243
91586,0.0170155314452706
91587,0.093092797888648
91588,0.1371264744066873
91589,0.0217300617463417
91590,0.0201215653005569
91591,0.0369225975235295
91592,0.0158113714283973
91593,0.0178441474065199
91594,0.0169233462590465
91595,0.0408187464608118
91596,0.0695163889989786
91597,0.0184978509056336
91598,0.9430206652370612
91599,0.482928865502643
91600,0.0173941859973828
91601,0.0712730977854813
91602,0.4833856713580837
91603,0.0187126055285492
91604,0.0263456353818431
91605,0.6310907461606263
91606,0.1552094383466062
91607,0.0222588880467169
91608,0.0160454229239253
91609,0.3660668340722639
91610,0.0596086055292752
91611,0.0275833011827049
91612,0.0205026356388237
91613,0.0208087324362724
91614,0.0552339708116786
91615,0.1477100490033688
91616,0.0186428507020169
91617,0.0380609074382141
91618,0.0200597139625304
91619,0.0204017802864017
91620,0.0194381140008667
91621,0.0277200395116967
91622,0.9460065485069532
91623,0.0644413449511247
91624,0.040255941817314
91625,0.0171457698723916
91626,0.9303347540425252
91627,0.0217341024031491
91628,0.0184187306085482
91629,0.0331133746247864
91630,0.0178332383358459
91631,0.1311923018716941
91632,0.0198292660270969
91633,0.0165230463231523
91634,0.019732634133907
91635,0.0184312158737909
91636,0.0297790157141814
91637,0.0175353049344662
91638,0.7022342849481624
91639,0.0158727686511819
91640,0.0178255241530271
91641,0.632496004834216
91642,0.0221327148702041
91643,0.0208644406571782
91644,0.0194470028581687
91645,0.034080896295186
91646,0.053105097246894
91647,0.0226794337265878
91648,0.0164616246708212
91649,0.0377384132621995
91650,0.4888800408160075
91651,0.0164217182995124
91652,0.3678310930745023
91653,0.0237043175596702
91654,0.0363163222329869
91655,0.0171380958991673
91656,0.1052662696275996
91657,0.0319038505967803
91658,0.9411550060295608
91659,0.0174016180069906
91660,0.0165564290102498
91661,0.0306374626727253
91662,0.0320184532546695
91663,0.0300698510402388
91664,0.0175184724408465
91665,0.0220469092043011
91666,0.0169546162581227
91667,0.940512296295644
91668,0.0180249352095722
91669,0.0222804937179556
91670,0.052368209668637
91671,0.020181070783618
91672,0.0194589363551278
91673,0.9330902541671188
91674,0.0157536905097207
91675,0.4190807917838285
91676,0.0165617852655101
91677,0.0477940103850568
91678,0.4526260081377476
91679,0.0218409229786604
91680,0.0175501070618216
91681,0.1497017583710766
91682,0.9352661701510846
91683,0.0173486357547086
91684,0.019829142453075
91685,0.0238715033397784
91686,0.0156136632564157
91687,0.066198652101387
91688,0.0171859561993704
91689,0.0213485920370688
91690,0.5438218910455915
91691,0.0367117653800651
91692,0.0229437168226478
91693,0.9477420510547354
91694,0.0742226694369552
91695,0.0194899193220452
91696,0.0178239568245756
91697,0.0663242824910737
91698,0.0172816299076528
91699,0.3133758056404909
91700,0.0565135072762941
91701,0.0385918402421637
91702,0.9457657517998076
91703,0.026685660146517
91704,0.0586821063931881
91705,0.0197006205834928
91706,0.0867353291314018
91707,0.0715949625779535
91708,0.9433164149147693
91709,0.032703411623582
91710,0.0158050066166862
91711,0.0217482713827916
91712,0.0421365024042249
91713,0.0260152556032845
91714,0.0166900136695328
91715,0.9378769860981464
91716,0.0661489943156861
91717,0.0169021339129375
91718,0.0170976488689614
91719,0.2000970686103527
91720,0.0218191240896825
91721,0.94873291062455
91722,0.0162210846911361
91723,0.0254398289031489
91724,0.945875336023266
91725,0.0207204849770924
91726,0.0170466513387085
91727,0.9127777853492712
91728,0.0266138844201345
91729,0.0157237680675019
91730,0.0198087386737707
91731,0.0205435465866796
91732,0.4037741187444041
91733,0.2104373732500254
91734,0.0169753094057447
91735,0.2771494849322329
91736,0.0547317982462452
91737,0.0172885860332501
91738,0.0186452797749028
91739,0.0519402141510324
91740,0.0161999376347306
91741,0.9445040250545704
91742,0.033786137366173
91743,0.0180699642852906
91744,0.0163032924926952
91745,0.016344881377452
91746,0.0204050441224042
91747,0.0617438536270046
91748,0.1086823992357356
91749,0.0205998134698346
91750,0.0203403604388637
91751,0.0189041706978328
91752,0.0379135834670658
91753,0.0177283666632722
91754,0.0172106981766107
91755,0.1021327327246043
91756,0.058742523513872
91757,0.173399430272089
91758,0.0690374667305531
91759,0.0197966525214731
91760,0.0184114827610114
91761,0.0170351851352946
91762,0.0282602014603505
91763,0.0899384460432444
91764,0.0215417597517036
91765,0.0187215211634939
91766,0.9413101315400731
91767,0.0196179331309298
91768,0.0156517769936581
91769,0.0352587591387177
91770,0.0238724360338828
91771,0.0208324478024765
91772,0.085527027965526
91773,0.0213579736237615
91774,0.0237850433053896
91775,0.0475324300702435
91776,0.016994786045037
91777,0.02957782193434
91778,0.0260680812752683
91779,0.0928280953153562
91780,0.0159685720539294
91781,0.0396153807250644
91782,0.0178113328139345
91783,0.0253644712126214
91784,0.0165787921112827
91785,0.948725063575342
91786,0.9414831585013622
91787,0.017423559201576
91788,0.0354279147588438
91789,0.0289973101284931
91790,0.0176348174795751
91791,0.0197572643177039
91792,0.0167918827401477
91793,0.02412961995732
91794,0.0165577097899442
91795,0.0873799606228898
91796,0.4844333313919965
91797,0.0192435303899051
91798,0.9410614407718596
91799,0.0161674236842557
91800,0.016513942001789
91801,0.0357040345463325
91802,0.0171894379245825
91803,0.0306525807807734
91804,0.0266988244722276
91805,0.0170052004355444
91806,0.0200090372189636
91807,0.0189132742339966
91808,0.0298344235468009
91809,0.902736595221912
91810,0.9073934563879722
91811,0.0222026230346851
91812,0.017763290474521
91813,0.9364395724655076
91814,0.0171529081009451
91815,0.0434252497002878
91816,0.0238527913906381
91817,0.8799246208734638
91818,0.0251445781462458
91819,0.0520733166387803
91820,0.923103287519499
91821,0.020601981369029
91822,0.0209677495695863
91823,0.0203611060069559
91824,0.0249609994986886
91825,0.0319572587313124
91826,0.0254238437902321
91827,0.018358421761815
91828,0.9205767672344138
91829,0.921369083309056
91830,0.0194750669794141
91831,0.0293148583813667
91832,0.0164123605324866
91833,0.0162008443243429
91834,0.0268008181429102
91835,0.7355414977413317
91836,0.0158907891592306
91837,0.0160696283616683
91838,0.0167637246009418
91839,0.0289658718358829
91840,0.0202641045252146
91841,0.0164040219819019
91842,0.0248924191351735
91843,0.0571429163817202
91844,0.94382446016439
91845,0.0161260229765213
91846,0.4134071996850727
91847,0.0225748970747584
91848,0.0291666135577712
91849,0.0215560955433426
91850,0.0502544859249627
91851,0.0994522207188293
91852,0.0224604815249918
91853,0.0172955678958864
91854,0.0195937228852789
91855,0.0514686753950602
91856,0.0168425576499369
91857,0.0516180637287964
91858,0.01910510538736
91859,0.0313019111180337
91860,0.0882775206661777
91861,0.0363975740880997
91862,0.0536486327123659
91863,0.017213398094875
91864,0.0196986500926332
91865,0.0239697903906564
91866,0.94284358155054
91867,0.0175332679510263
91868,0.0187154499350051
91869,0.0476305495004753
91870,0.0585279903437534
91871,0.01717507939564
91872,0.0393710464780196
91873,0.153153943835521
91874,0.0183896736281962
91875,0.0985927280853808
91876,0.0194900870928832
91877,0.0162608268269954
91878,0.0222215523245386
91879,0.0218138161657109
91880,0.0183454223855464
91881,0.0175902040151997
91882,0.0241746300542247
91883,0.0629150028892851
91884,0.0159333448948106
91885,0.0193036720812294
91886,0.02014306213968
91887,0.0170203299042037
91888,0.0183865203907405
91889,0.926400247268869
91890,0.0411324007067883
91891,0.8952223897248963
91892,0.8009495258186637
91893,0.0170027992240169
91894,0.9366410335416004
91895,0.0461962961972434
91896,0.018766130837401
91897,0.1139551608744003
91898,0.018100363556088
91899,0.9049505968173694
91900,0.0257571010073242
91901,0.0172651471941004
91902,0.0232203014585258
91903,0.0824715752128863
91904,0.9216698991015864
91905,0.9371380724331004
91906,0.1831504021441316
91907,0.0627926516532097
91908,0.0184196452212415
91909,0.0192856847902581
91910,0.0206079111306916
91911,0.0435722314112905
91912,0.0178404496350741
91913,0.92895731078356
91914,0.0539064763918442
91915,0.0728759095963016
91916,0.0275010942608452
91917,0.0287137390135372
91918,0.0237279577138066
91919,0.0161647782305426
91920,0.0200303927536499
91921,0.0185820170864634
91922,0.0200918909572586
91923,0.1020968566577037
91924,0.0162317243137814
91925,0.9188899731207728
91926,0.0234169115530756
91927,0.0164918171480452
91928,0.0220094690424938
91929,0.0187503240214156
91930,0.0361714014216989
91931,0.019966204892272
91932,0.0166367582172561
91933,0.0228270734627166
91934,0.0161646729061361
91935,0.0160837707116318
91936,0.3170809074987896
91937,0.0188003249815722
91938,0.0387946509508009
91939,0.016756268000203
91940,0.0244641795326207
91941,0.0228787463861035
91942,0.0372930891483929
91943,0.0163089019392645
91944,0.0223376181281427
91945,0.0463129916141265
91946,0.0168909930307397
91947,0.0314714476067346
91948,0.0736017618642617
91949,0.2321546225486134
91950,0.022203004505535
91951,0.0156820831839078
91952,0.0515242851584915
91953,0.0410741890207109
91954,0.0218623572602974
91955,0.0157453057783528
91956,0.0991602159814779
91957,0.0474446472185167
91958,0.040399283644607
91959,0.0163965670709357
91960,0.0162540994637817
91961,0.0253812960236873
91962,0.9021568251261524
91963,0.0169372098974937
91964,0.0178262680133362
91965,0.0326923579408183
91966,0.0189569274227185
91967,0.0178742650203781
91968,0.0202434757413742
91969,0.0338220464078894
91970,0.0425113968409573
91971,0.0157373822487629
91972,0.9428093400638085
91973,0.0168966927887571
91974,0.0159217523818864
91975,0.936723864712205
91976,0.0156529296868659
91977,0.0421428902484805
91978,0.0204274695802937
91979,0.0271646170306367
91980,0.0179908089799461
91981,0.0239493538434079
91982,0.0287450918735428
91983,0.015926936084956
91984,0.0386686334690513
91985,0.020940970342893
91986,0.0185920392836231
91987,0.0184793938232093
91988,0.016194305853856
91989,0.0203993623408059
91990,0.0189156590023406
91991,0.0225325457001827
91992,0.8663841655868899
91993,0.0907240854102641
91994,0.017483572038475
91995,0.023758018541234
91996,0.0171290373410052
91997,0.020965270906882
91998,0.0217496465685858
91999,0.0174015713454712
92000,0.0179000308594765
92001,0.0237390031662984
92002,0.035701334678433
92003,0.0273361816597608
92004,0.1767219781350351
92005,0.8417247534014598
92006,0.0360905648501454
92007,0.1111729270758747
92008,0.948181173653337
92009,0.0183694629890094
92010,0.9414893012725372
92011,0.0280078407565533
92012,0.9384886920404774
92013,0.025341772071528
92014,0.0181375577074051
92015,0.0168684590660015
92016,0.0810807026245135
92017,0.0359608730507804
92018,0.0449500446158846
92019,0.0314509971686084
92020,0.017236435769544
92021,0.016015458628292
92022,0.0230438797756064
92023,0.2380650634478511
92024,0.0191572394938666
92025,0.0233569572120653
92026,0.935556457058158
92027,0.0226077981872159
92028,0.0206858520094531
92029,0.0161850789490635
92030,0.0224466319939219
92031,0.017308109816893
92032,0.0222867168078133
92033,0.1124134571921981
92034,0.0197188261978263
92035,0.079139732968455
92036,0.9132303245368268
92037,0.0174091555768834
92038,0.0199574483034415
92039,0.028314355479578
92040,0.0185405403674819
92041,0.0188238383542087
92042,0.7197193639527483
92043,0.0210205493472385
92044,0.1190546469233708
92045,0.0694638848423158
92046,0.0206710665593303
92047,0.0181114929344602
92048,0.0165678696749994
92049,0.0274433066736304
92050,0.0181605948450667
92051,0.019160789987301
92052,0.0220696853933979
92053,0.016856401329891
92054,0.0671895514303419
92055,0.0302541667253789
92056,0.0166654085893457
92057,0.0332928665363289
92058,0.0242785135104534
92059,0.0302307975895462
92060,0.0191320128243532
92061,0.9367832026855104
92062,0.017400430555969
92063,0.0333594720257178
92064,0.0184488125944104
92065,0.0180547137447651
92066,0.0180768648923509
92067,0.0264020430888122
92068,0.0156258898858267
92069,0.0221965999000735
92070,0.0887239978267242
92071,0.0592266754199894
92072,0.0282466764538031
92073,0.0235973616905834
92074,0.106958380983643
92075,0.0171769571338921
92076,0.0197594514144931
92077,0.0177164645006872
92078,0.7239389049239344
92079,0.0357939162831595
92080,0.0194735988469035
92081,0.0421198747695706
92082,0.0271527512041838
92083,0.0191106722622979
92084,0.0177343077851215
92085,0.9386108205424122
92086,0.8978052365335196
92087,0.0199913159628912
92088,0.0175612750731279
92089,0.0856222532107319
92090,0.0165814932863404
92091,0.0787448186507455
92092,0.0211234159685915
92093,0.0181823096710971
92094,0.043034381425849
92095,0.938512054806907
92096,0.0327115082624719
92097,0.0158107889898156
92098,0.3433223321482599
92099,0.1548774716973425
92100,0.1089699860420536
92101,0.0173503488751457
92102,0.0173088109484394
92103,0.9046711475556876
92104,0.0172749851601844
92105,0.9053837926174372
92106,0.017462824670635
92107,0.0541030905693717
92108,0.1770074491211939
92109,0.0166517338928116
92110,0.0217377313861596
92111,0.0173275405639742
92112,0.0159614561639252
92113,0.0181176621324817
92114,0.0238925993767478
92115,0.0554341728185099
92116,0.0158247803352621
92117,0.94522400102004
92118,0.1433613654621294
92119,0.0169824850061433
92120,0.015563115201512
92121,0.0444699473928127
92122,0.0186182027937725
92123,0.9371939822616758
92124,0.947330052804775
92125,0.0262752641434714
92126,0.0843450952667654
92127,0.0199092926377198
92128,0.0205517071336396
92129,0.0168044965390352
92130,0.0357501736100881
92131,0.0170114811650751
92132,0.0511584979045026
92133,0.0161751635725191
92134,0.0489205286872894
92135,0.0400353773324745
92136,0.0285905649708022
92137,0.0312017212323349
92138,0.904016665147913
92139,0.0598160198942376
92140,0.0162814028538532
92141,0.0266310784644105
92142,0.0833650233565849
92143,0.0170298037122546
92144,0.0772482085400821
92145,0.5096232973826252
92146,0.8735681958900232
92147,0.0170424082225233
92148,0.0648621987171255
92149,0.9308732338273265
92150,0.0613733700891976
92151,0.0951840954852484
92152,0.0164106084042459
92153,0.0191920783089761
92154,0.1385562380655098
92155,0.018582819685786
92156,0.0159323324650376
92157,0.0167294283884191
92158,0.6683242978770889
92159,0.0277580798530651
92160,0.0161657391965946
92161,0.0301275335984186
92162,0.0169599173424205
92163,0.0446099922060901
92164,0.023782125813139
92165,0.0570366521481502
92166,0.0179523915767564
92167,0.032469074720177
92168,0.0312123497872722
92169,0.0213610660266742
92170,0.0360124634377024
92171,0.018806018959418
92172,0.0811528988465185
92173,0.0338005057848313
92174,0.0170891817105157
92175,0.0182149512162486
92176,0.0218265804484764
92177,0.0599997009523208
92178,0.0241143412128174
92179,0.0295097580513601
92180,0.0199256574342046
92181,0.0157494280527488
92182,0.0249763899268138
92183,0.0187731029763245
92184,0.8860815974909592
92185,0.0291813098875157
92186,0.0325110583055516
92187,0.0162423297972092
92188,0.0549239068724087
92189,0.0317291382618681
92190,0.0155711137322277
92191,0.0171460666368642
92192,0.0168391868330972
92193,0.077549137147379
92194,0.0909072370881789
92195,0.0403334986254504
92196,0.9389293765201764
92197,0.0211829590924851
92198,0.0733570154430273
92199,0.0160146332243986
92200,0.0361795261086515
92201,0.0251134685160196
92202,0.0172150773024834
92203,0.0204180310935489
92204,0.9088111587260406
92205,0.0195848232731437
92206,0.0209184508801913
92207,0.0163475271557653
92208,0.0159940870903628
92209,0.0187084874345606
92210,0.0198075005558205
92211,0.0305775981153869
92212,0.0178478497142909
92213,0.0215313992402859
92214,0.0188979542567244
92215,0.022049865181291
92216,0.0186076711674835
92217,0.0227335037279348
92218,0.0203475269299701
92219,0.0589130992563345
92220,0.0165262748700783
92221,0.0211495277844172
92222,0.0168485054484119
92223,0.0244218289576378
92224,0.017359886191349
92225,0.9444248055511828
92226,0.0325568488666685
92227,0.8660557038676274
92228,0.0195899233544635
92229,0.0244145754498703
92230,0.0332567813874944
92231,0.0180983286394738
92232,0.0342395909502657
92233,0.0508977336919934
92234,0.4095539176322235
92235,0.0239229422062609
92236,0.9155624849616028
92237,0.0255871534632158
92238,0.0202345323787978
92239,0.0165652778101781
92240,0.0208793159833016
92241,0.942262653135564
92242,0.0246360971169963
92243,0.0381639892897451
92244,0.0422810814136357
92245,0.0321642516155786
92246,0.0542703584698485
92247,0.0353330320482692
92248,0.0170505112753701
92249,0.0156660529311146
92250,0.0185239311902399
92251,0.0183834756704438
92252,0.0257620757982027
92253,0.0358615116226388
92254,0.0199167530030542
92255,0.9355586100330971
92256,0.0178910123975333
92257,0.0173476685936718
92258,0.0211581664218207
92259,0.0198634931595283
92260,0.0335587339371478
92261,0.0185441114099786
92262,0.0169708859444257
92263,0.0272932918092547
92264,0.9410038918078232
92265,0.1402627253545432
92266,0.0723427033893602
92267,0.0165066158568581
92268,0.9172190691434228
92269,0.9428214424626984
92270,0.942706026524052
92271,0.0176138991724561
92272,0.0159057841740617
92273,0.0176703976528129
92274,0.0173927854162362
92275,0.0236007762799873
92276,0.2569626550445057
92277,0.0159217805249514
92278,0.9472433383468146
92279,0.0205808711702149
92280,0.0164360207234962
92281,0.025788353745704
92282,0.017187171385462
92283,0.016576222817275
92284,0.0262714756150236
92285,0.0162019373127612
92286,0.0160357856899981
92287,0.0230503953702351
92288,0.0250584373067332
92289,0.0253163629353622
92290,0.0405034972346766
92291,0.9230491427670794
92292,0.0373317379771386
92293,0.0321526554506369
92294,0.0167681617656232
92295,0.021829803113371
92296,0.0308984102649837
92297,0.0166709163430096
92298,0.0163572284037066
92299,0.0778801334474424
92300,0.0339643252470902
92301,0.0514311036296406
92302,0.0660961944472792
92303,0.0359075680993503
92304,0.0163000955571061
92305,0.0159899083407244
92306,0.0360993989842496
92307,0.0195972126634887
92308,0.0281568157326563
92309,0.0169800435814264
92310,0.0317480833915174
92311,0.0158112722703541
92312,0.0165046189711085
92313,0.0217658895151296
92314,0.0174856377822884
92315,0.0166229427946185
92316,0.0189306100700337
92317,0.0362061882515212
92318,0.0179488591836607
92319,0.0284106869802916
92320,0.0185423847677994
92321,0.0719327928171281
92322,0.0435404723395157
92323,0.0916560407549157
92324,0.0236748411317659
92325,0.0255666122757258
92326,0.0399877345688785
92327,0.0166288790016537
92328,0.0169812346323686
92329,0.1748877034386647
92330,0.0198526617012322
92331,0.0185407452058062
92332,0.0189691371866766
92333,0.0162944948576898
92334,0.0510761112641266
92335,0.0190839572134486
92336,0.018883909907049
92337,0.0198729203661469
92338,0.0166573638445664
92339,0.0162792061553461
92340,0.0204245606896039
92341,0.0165202126760019
92342,0.0305268318287623
92343,0.0471449168533522
92344,0.0171467936410762
92345,0.0325115152467993
92346,0.0161355906129018
92347,0.0218428379685166
92348,0.1158383453815562
92349,0.016727363813495
92350,0.6258093633188677
92351,0.0330681711781692
92352,0.0270417131433376
92353,0.0238140179702842
92354,0.0170052547926326
92355,0.0157686958291774
92356,0.0169388029752215
92357,0.0514896787193953
92358,0.0869315409462279
92359,0.0204746064542937
92360,0.435063698513899
92361,0.9364064361232234
92362,0.0298353535234809
92363,0.0203977359874638
92364,0.0167319669498512
92365,0.0674252659457204
92366,0.0166805428804613
92367,0.0170147210306231
92368,0.0164530249817557
92369,0.0296086534429925
92370,0.15725336992508
92371,0.0244567965282003
92372,0.2659960469261721
92373,0.0435642131851942
92374,0.0410152106385659
92375,0.0336466956813969
92376,0.0178043150586868
92377,0.0225130205373186
92378,0.0174233977569053
92379,0.0677460185277976
92380,0.0181440709734526
92381,0.0170922552867807
92382,0.0186850840620399
92383,0.0239414714521062
92384,0.0181310644747448
92385,0.022234319163122
92386,0.0371450106380643
92387,0.0653439036237242
92388,0.8808865088170033
92389,0.916619210710675
92390,0.0175292930888198
92391,0.0160609057464071
92392,0.0277118417225868
92393,0.2195436786656952
92394,0.0161760643258445
92395,0.0213127010873078
92396,0.0206645995536618
92397,0.9448250756926692
92398,0.9430782310245844
92399,0.0509430312468576
92400,0.0465866170861039
92401,0.2280691943846318
92402,0.0282875324025249
92403,0.9418577672879176
92404,0.0239069442815281
92405,0.0182327376603419
92406,0.0169174685342149
92407,0.0280824709906988
92408,0.0357374258291843
92409,0.0176712793392266
92410,0.0183506247218223
92411,0.0907716106121262
92412,0.01948588803311
92413,0.0352699929771229
92414,0.0299041076989591
92415,0.9103139130238704
92416,0.0403785618827649
92417,0.0223242206221056
92418,0.0259261570178457
92419,0.0230100534842633
92420,0.0177439708852407
92421,0.0264338367410022
92422,0.0231516986595232
92423,0.0445686922078015
92424,0.1331574286997031
92425,0.0196569948089927
92426,0.907026314164486
92427,0.0431970928890788
92428,0.0512889153107524
92429,0.0578350972107638
92430,0.0201927877050175
92431,0.0166505694063777
92432,0.019102283271911
92433,0.2346138710088433
92434,0.017961457693177
92435,0.2808472119756299
92436,0.0165533507248004
92437,0.0157380413847748
92438,0.0174742935109899
92439,0.0192338870993069
92440,0.0299112082123259
92441,0.0174960073885981
92442,0.0363187574944396
92443,0.0481588198510795
92444,0.0225524980270913
92445,0.123126053669636
92446,0.9415054597913994
92447,0.0167366217075877
92448,0.1042102571170432
92449,0.018567755693795
92450,0.0172612095306596
92451,0.0211622875433694
92452,0.0204949621537074
92453,0.0168208654491642
92454,0.0375229783161102
92455,0.8307266503418986
92456,0.1505659766742282
92457,0.9480887029401388
92458,0.0358008187279005
92459,0.0229235180764367
92460,0.0292905211681851
92461,0.0300103624561677
92462,0.0991984736588616
92463,0.0169820502388108
92464,0.0218472180372211
92465,0.0200874370392029
92466,0.1647063231406769
92467,0.0352628150852918
92468,0.0218827135801894
92469,0.9165730072196924
92470,0.0197037440426684
92471,0.0160065899803191
92472,0.9413913295898828
92473,0.929171679941288
92474,0.019175892659892
92475,0.0387999345504988
92476,0.0407883163417616
92477,0.0270809543340944
92478,0.0896716441300806
92479,0.016147769620528
92480,0.017327351086685
92481,0.1248417395245419
92482,0.0179983168305773
92483,0.0182221140835894
92484,0.0540150437082438
92485,0.0234646474457152
92486,0.0220448161691499
92487,0.0256620034044526
92488,0.0171312538467073
92489,0.0584248919483846
92490,0.0202548327009029
92491,0.017287872788346
92492,0.0202962023460444
92493,0.0192775515655608
92494,0.0182299718123013
92495,0.0283867976994517
92496,0.0206324575717056
92497,0.0319662552674594
92498,0.0260541361174276
92499,0.0225758367630298
92500,0.9368322484547124
92501,0.0274378900794957
92502,0.0564409625585739
92503,0.0184221213516449
92504,0.0174777652475155
92505,0.0257872040112978
92506,0.9421740051692798
92507,0.018642000268143
92508,0.0240099058300924
92509,0.3169280603849998
92510,0.0530409139719819
92511,0.0190433931489954
92512,0.0197897833249102
92513,0.0391631961553185
92514,0.3622270828831156
92515,0.0361602382506812
92516,0.0195673209751499
92517,0.0186722447089416
92518,0.0749006041257504
92519,0.0233977567500342
92520,0.0199950970187265
92521,0.0420162148310212
92522,0.0155675702303791
92523,0.0361178987057554
92524,0.0190536377693721
92525,0.024198575495217
92526,0.0178327908333496
92527,0.0325645354832811
92528,0.0239222196536253
92529,0.0202414622189689
92530,0.0281036768107288
92531,0.0209191910482307
92532,0.0222972021615181
92533,0.0168066803942104
92534,0.0292793466055206
92535,0.0758466983919173
92536,0.0194502042541585
92537,0.0168214908690057
92538,0.0274679068097606
92539,0.0188213485102642
92540,0.0216004427063145
92541,0.0217588278701412
92542,0.0183725695134991
92543,0.0172540092888538
92544,0.0390515237606703
92545,0.0201180239058843
92546,0.0444360906527793
92547,0.0166755965936578
92548,0.0158496112602764
92549,0.9092131602359174
92550,0.0159575886886835
92551,0.0475100441006881
92552,0.0194478029067703
92553,0.1033797919696238
92554,0.0159199231873292
92555,0.016467712201105
92556,0.018894538782215
92557,0.0619971346801501
92558,0.1768346211239648
92559,0.0265321417204507
92560,0.0160196088545453
92561,0.0159539676136899
92562,0.0181771566463225
92563,0.0333379000688185
92564,0.0170257611657292
92565,0.0292041697091629
92566,0.0218154168888925
92567,0.935622208998682
92568,0.9439515956395008
92569,0.0201525816183623
92570,0.0164222091795446
92571,0.0246222666227218
92572,0.0190880841717651
92573,0.0177832668524171
92574,0.0174294005563816
92575,0.0174128234779865
92576,0.0177748277648096
92577,0.0297461638802985
92578,0.0246123459082169
92579,0.9100335552284508
92580,0.0248689274633224
92581,0.0263557989401775
92582,0.0672598227673062
92583,0.0176479241862762
92584,0.0425378311402977
92585,0.0925876591585355
92586,0.0183500831647472
92587,0.0191711964293564
92588,0.0923094033847167
92589,0.0167859773022123
92590,0.909611923478526
92591,0.016361990053038
92592,0.9080583327775548
92593,0.0254772563148082
92594,0.0523707415723738
92595,0.0244151267026202
92596,0.0188755405502677
92597,0.021222224224511
92598,0.0349269450063908
92599,0.0239377396666983
92600,0.0187950759659207
92601,0.0163738039109996
92602,0.0160904813010786
92603,0.0947475781326659
92604,0.0189458711655613
92605,0.0293990615247713
92606,0.0176944904334438
92607,0.0178100751787661
92608,0.9435430995255336
92609,0.4564929608210256
92610,0.80830734547355
92611,0.0745383440300996
92612,0.945921967604148
92613,0.0617926075737127
92614,0.0176243767120371
92615,0.7593143237579936
92616,0.1920322970885279
92617,0.9441759856358648
92618,0.018142768801407
92619,0.0210651745017081
92620,0.0207151144455404
92621,0.0264984674662751
92622,0.017513603608011
92623,0.0191601794053397
92624,0.9432958884167568
92625,0.0917658783540809
92626,0.0191855011314454
92627,0.016820212969267
92628,0.0178161523651895
92629,0.0195564204526714
92630,0.0173877174599895
92631,0.0336845078203132
92632,0.0254224462787203
92633,0.947698592072993
92634,0.0235608380142055
92635,0.0445510507553894
92636,0.9442869363603594
92637,0.0274842966666201
92638,0.0259631464456511
92639,0.02883959745728
92640,0.0179985091317835
92641,0.1445548099778355
92642,0.0202809688314042
92643,0.0155280990175195
92644,0.0358313899103822
92645,0.016071897010717
92646,0.0165351389388624
92647,0.9255569865940988
92648,0.0284790654521782
92649,0.0188331996712996
92650,0.0180995124450971
92651,0.0224238542051484
92652,0.0243744468041322
92653,0.0239653612388817
92654,0.0190134116387036
92655,0.0176270654264066
92656,0.017773157446022
92657,0.0175717256943327
92658,0.947277806924653
92659,0.0630745506033834
92660,0.016658905409035
92661,0.0283358816077735
92662,0.0223563459330068
92663,0.0166211389376138
92664,0.0204129024469685
92665,0.0219462522823362
92666,0.0171657081943294
92667,0.9399142389262124
92668,0.0175455857905935
92669,0.0400986614636577
92670,0.0309357354424223
92671,0.1197789703408668
92672,0.0158581430832545
92673,0.0214085651186548
92674,0.0175841549608766
92675,0.8014303226649597
92676,0.0170459449242265
92677,0.0283146920981015
92678,0.0176714716008219
92679,0.0166595061603972
92680,0.0171458437421322
92681,0.0386706691911587
92682,0.0302280561057921
92683,0.0496493715969672
92684,0.0173301650097022
92685,0.9469256002413468
92686,0.034266380115609
92687,0.945026167048435
92688,0.1484820846043796
92689,0.0239259235212665
92690,0.0170654572613154
92691,0.8499677950789088
92692,0.0210739778505775
92693,0.9311286383782996
92694,0.0297585744282215
92695,0.0248844202135329
92696,0.7257423345715714
92697,0.025081420557574
92698,0.9428776294173126
92699,0.0217009774535944
92700,0.0184197358915798
92701,0.949037918479692
92702,0.1823513647379505
92703,0.1536416692638064
92704,0.0647369480598199
92705,0.0175516445668301
92706,0.0908613999053964
92707,0.0650734625535395
92708,0.0184218120915974
92709,0.0170806842255986
92710,0.0233562053247926
92711,0.0177236656990274
92712,0.0252560819241663
92713,0.9389742699314492
92714,0.0230841309357324
92715,0.0258796340064123
92716,0.021859789639294
92717,0.0216853756869592
92718,0.144445028824671
92719,0.021944321787446
92720,0.0208235511450351
92721,0.0490479673095523
92722,0.0173475607735033
92723,0.0197917248447864
92724,0.0158313604799767
92725,0.9157116421616646
92726,0.0778532747151398
92727,0.0416553555104976
92728,0.0188974479611801
92729,0.9466364191590536
92730,0.0437523971870243
92731,0.0524362721043621
92732,0.0502220018024599
92733,0.9306486498859574
92734,0.0162171761914436
92735,0.0199415918824714
92736,0.0471773329389978
92737,0.0311822152995345
92738,0.0174532192908789
92739,0.0235693026435208
92740,0.0534088662854535
92741,0.0190465641389319
92742,0.0173782412108654
92743,0.0211364010273771
92744,0.0435941592418588
92745,0.0163462590016574
92746,0.029872293878744
92747,0.0161401260971354
92748,0.0164806522984281
92749,0.0171811260380369
92750,0.0192025912802452
92751,0.0790838248225186
92752,0.0349294389396809
92753,0.0426595785769557
92754,0.2576034472461139
92755,0.0198680634276181
92756,0.0459585632192573
92757,0.0199076563461843
92758,0.0159291849173373
92759,0.0256896733094789
92760,0.0645394081205139
92761,0.0161314778374467
92762,0.0200210335249089
92763,0.0202667729207533
92764,0.0159566230746825
92765,0.0328000764727169
92766,0.0310175051522431
92767,0.9298732042055744
92768,0.0362110820018808
92769,0.0267772920766423
92770,0.0589213071982756
92771,0.0166401239928086
92772,0.0188073969285416
92773,0.9439883051180752
92774,0.0238492182985589
92775,0.0230523489659485
92776,0.0229593672096541
92777,0.0210344635682683
92778,0.0201324550062616
92779,0.024214273413838
92780,0.0986663622036841
92781,0.9102689752962514
92782,0.0158475558532746
92783,0.0194188511735214
92784,0.0590356120544467
92785,0.0242289083701065
92786,0.0316446189612229
92787,0.0229257385948948
92788,0.0227532415758135
92789,0.017670781127875
92790,0.0194136160333711
92791,0.0881799057543702
92792,0.0833741564059691
92793,0.0183047666778953
92794,0.0192724662589681
92795,0.0195186681211845
92796,0.0176244572299388
92797,0.0177788907171137
92798,0.0258755408931666
92799,0.0203501787634116
92800,0.043045065861856
92801,0.0344222092514856
92802,0.0168828365153645
92803,0.017672533155312
92804,0.0183884926614619
92805,0.0523085667125294
92806,0.0169638838420009
92807,0.6674992986843338
92808,0.0186113581421963
92809,0.9390176510682824
92810,0.0228116606628716
92811,0.0587789547399969
92812,0.023974448867337
92813,0.924430838259202
92814,0.0208312799765181
92815,0.0661051044454556
92816,0.074445900168984
92817,0.0164340194904633
92818,0.0192354659299202
92819,0.0491706663311645
92820,0.0170728487630462
92821,0.9335698249621128
92822,0.067950718690727
92823,0.0179495702708211
92824,0.0205630125360694
92825,0.3082821357919492
92826,0.0594240795912684
92827,0.0185806606022709
92828,0.0161305417079294
92829,0.0355271026859769
92830,0.0278604957627336
92831,0.0196804655115566
92832,0.0179040695106827
92833,0.0216153892123681
92834,0.0903877881928521
92835,0.0804980505512412
92836,0.0923960209422376
92837,0.0275699972960875
92838,0.0180889121287189
92839,0.0210478741255917
92840,0.0588795805328648
92841,0.4632577598253363
92842,0.0168656293769863
92843,0.0165712146814077
92844,0.032455125922461
92845,0.0226036367789209
92846,0.2532454678816613
92847,0.0235487595076301
92848,0.0165234799504265
92849,0.9381579333794214
92850,0.0318351709269826
92851,0.0178465026074723
92852,0.110870475004262
92853,0.0170963595867978
92854,0.0179877861512809
92855,0.0537151385766149
92856,0.0154306642361568
92857,0.3951495959700883
92858,0.0462179634202272
92859,0.0162585968424736
92860,0.2473848652242546
92861,0.0380391586789575
92862,0.0583343021951484
92863,0.0730871088419354
92864,0.0210797574339359
92865,0.0202883544398361
92866,0.945921349534051
92867,0.0335728184601567
92868,0.0208114785312658
92869,0.0236371995298224
92870,0.0228150826161997
92871,0.0390148959951286
92872,0.020982066615598
92873,0.0162135242314566
92874,0.9375447736022764
92875,0.0186687851096039
92876,0.021474473296381
92877,0.0247192917256584
92878,0.9180147482254476
92879,0.015892165312293
92880,0.0192082322276235
92881,0.9427926840972792
92882,0.044478471919853
92883,0.0185279999623071
92884,0.0202325513912925
92885,0.055706335038137
92886,0.0163408016946377
92887,0.0208237978443098
92888,0.017665611017259
92889,0.0203412518846967
92890,0.0158081840723196
92891,0.0173665566674234
92892,0.0173624999603551
92893,0.0378606529514852
92894,0.0169577215552598
92895,0.2274021282233083
92896,0.0478320994608773
92897,0.0714891362811968
92898,0.0172339118810547
92899,0.0200530067035915
92900,0.0528772639395307
92901,0.052869477447254
92902,0.0177239861636898
92903,0.1268744876108747
92904,0.015755921636881
92905,0.0207419615951312
92906,0.0159236189534953
92907,0.0223682425018671
92908,0.0157298489973437
92909,0.0690503801036962
92910,0.0238424869621584
92911,0.017866399381455
92912,0.0246083879835353
92913,0.0333696902849526
92914,0.0250361410243945
92915,0.0415206494954638
92916,0.1845188287324745
92917,0.0171530596420991
92918,0.9192283580733316
92919,0.0339622762673574
92920,0.0216899788644385
92921,0.0881234747753763
92922,0.0752454373291151
92923,0.0690901880134537
92924,0.0163991774489467
92925,0.0185360470764611
92926,0.01933651545329
92927,0.0162129455222694
92928,0.0335454258432889
92929,0.0210225932454643
92930,0.0656381871044123
92931,0.0224208985615046
92932,0.0182422961953667
92933,0.0164766048509085
92934,0.0174818083987342
92935,0.0164946165525212
92936,0.0242417611578364
92937,0.0194685003033891
92938,0.0193415937978521
92939,0.0155307318900392
92940,0.0159069447464503
92941,0.9427469371731964
92942,0.0246412800765044
92943,0.0197265807819563
92944,0.0465348007530067
92945,0.0188417243847125
92946,0.0177334418171524
92947,0.0220947342825755
92948,0.0168035180567554
92949,0.0169670170144429
92950,0.0187317100784589
92951,0.0157965942043625
92952,0.0164092902572216
92953,0.9416467729491194
92954,0.02016968941584
92955,0.0689563084257759
92956,0.11006513703518
92957,0.9438631087640568
92958,0.0406440737682779
92959,0.0279297671763175
92960,0.0277791939854416
92961,0.0162773839692531
92962,0.019874697713993
92963,0.9438925876653744
92964,0.0523176512085606
92965,0.0194225956715815
92966,0.0226730248360561
92967,0.2888047775287754
92968,0.7659061722216246
92969,0.0346483685771075
92970,0.0167152758120376
92971,0.0620864693941264
92972,0.0165280736596634
92973,0.0391934961807145
92974,0.0882781279339102
92975,0.0513923639337212
92976,0.0330495665744013
92977,0.0209255797223581
92978,0.0167110352847236
92979,0.0388121469283084
92980,0.0482047100454776
92981,0.0184998804005473
92982,0.0180895127527573
92983,0.0243988787922171
92984,0.0227735067134834
92985,0.0192491023800941
92986,0.0213072359328736
92987,0.0164996851802477
92988,0.016826299300192
92989,0.0174696806634817
92990,0.0180213777871212
92991,0.023171310905694
92992,0.0168574447272337
92993,0.0409436048704568
92994,0.0493283802716754
92995,0.948589458483067
92996,0.0173850143624724
92997,0.9345547406509394
92998,0.0185721724081651
92999,0.0155313226123104
93000,0.9354001874615931
93001,0.0407536848505606
93002,0.023058821306382
93003,0.0688598988300355
93004,0.9413745692037716
93005,0.021644158633576
93006,0.9279910938403344
93007,0.1165720615395895
93008,0.0372292762391393
93009,0.0694741524645222
93010,0.0701770556952963
93011,0.0261813188607735
93012,0.0624314109712092
93013,0.8974513199296545
93014,0.0211742920503727
93015,0.0167799909749143
93016,0.0168273394558775
93017,0.0219047765110703
93018,0.5034876872970845
93019,0.0187121844234541
93020,0.9125260847320787
93021,0.0256371232635579
93022,0.0462311734675833
93023,0.034258404652289
93024,0.0178512004517243
93025,0.025651545823407
93026,0.0234943673695865
93027,0.0645247534923601
93028,0.0159292909507414
93029,0.0186474803412257
93030,0.0731826440183586
93031,0.0241438539368854
93032,0.0187642359794277
93033,0.0524678818109405
93034,0.0199478340648372
93035,0.0200024352495718
93036,0.1377505381902683
93037,0.018837691005079
93038,0.0580756412376567
93039,0.0178304147504107
93040,0.0342275846384673
93041,0.1077914986901959
93042,0.0642480618501034
93043,0.0163914951510151
93044,0.0187271111784677
93045,0.0182460513343368
93046,0.0316532287932428
93047,0.0160474398277091
93048,0.0183850267463399
93049,0.0181320025305726
93050,0.0164071727956072
93051,0.0276335241833698
93052,0.0223353284996817
93053,0.0596801591212454
93054,0.493075704398956
93055,0.9347653253171088
93056,0.0573500697181622
93057,0.0199402565358257
93058,0.0165698464653754
93059,0.0163865914375754
93060,0.075213969158046
93061,0.0160099180030607
93062,0.1668525784593025
93063,0.0170450038769087
93064,0.0260167820296953
93065,0.0244108980327929
93066,0.0205152597582979
93067,0.1696305681663289
93068,0.0286042939778427
93069,0.0215948365238193
93070,0.0174961713176032
93071,0.0280367425033323
93072,0.0594012485820276
93073,0.0178952109226866
93074,0.0168282045131246
93075,0.0246882839829808
93076,0.587307005318072
93077,0.0264583688825107
93078,0.0301369767336648
93079,0.0216582572746024
93080,0.0172004075903084
93081,0.4964180341816462
93082,0.0484583608111001
93083,0.0313948102172762
93084,0.1368817218186857
93085,0.0295935094942463
93086,0.9321047754208804
93087,0.0187437707068779
93088,0.0227693044775175
93089,0.0181219451118584
93090,0.0212391765844323
93091,0.0173852469855335
93092,0.0159974677020934
93093,0.0171150648751862
93094,0.0276877674588442
93095,0.0200048085798524
93096,0.1091475947677818
93097,0.0368834536526745
93098,0.0218799948013355
93099,0.0180745090277055
93100,0.0164231297729998
93101,0.908485155030555
93102,0.0163846770326783
93103,0.2670787162789196
93104,0.0377177787868174
93105,0.916439961354145
93106,0.133919609916104
93107,0.0253997109037132
93108,0.0187922166964359
93109,0.0210183168763816
93110,0.023145162209508
93111,0.0850202529956356
93112,0.0361266911621512
93113,0.0169024454809159
93114,0.0339005964189873
93115,0.0167753633893643
93116,0.93286036199437
93117,0.0664518575736881
93118,0.047693034987748
93119,0.0875848439065736
93120,0.0225056799747362
93121,0.087233271184241
93122,0.0747743210066946
93123,0.0215173300061949
93124,0.0356061735932604
93125,0.0226153845301431
93126,0.0369008364293484
93127,0.0179938661073991
93128,0.0164131710650904
93129,0.069872966703981
93130,0.6006554131380446
93131,0.0176411054479569
93132,0.018030323969384
93133,0.0180330508001103
93134,0.0344385152711339
93135,0.0292692028894894
93136,0.1896082126957169
93137,0.9296630721195396
93138,0.9247212053689726
93139,0.0527956062124514
93140,0.0532542367419434
93141,0.0229453553996927
93142,0.0445833538861139
93143,0.0187610833647535
93144,0.0177732983797307
93145,0.0178303768204346
93146,0.0279843344532454
93147,0.0161744612777027
93148,0.020929402306088
93149,0.21192728997149
93150,0.0205235684136911
93151,0.015965458813101
93152,0.0181793896181529
93153,0.0250110730506156
93154,0.1026348915723296
93155,0.0228159794778443
93156,0.9419199719616348
93157,0.017380441009684
93158,0.3626567842588403
93159,0.0184624106670073
93160,0.0170917408649119
93161,0.03652465267943
93162,0.0426583914154073
93163,0.0161775686391315
93164,0.0189437575925598
93165,0.0250025718057696
93166,0.0165091949427359
93167,0.035257200543804
93168,0.0178095761859593
93169,0.0192895795601897
93170,0.0229412808039345
93171,0.1089179835186569
93172,0.0174526698272559
93173,0.930124722050445
93174,0.039057933664352
93175,0.0258396325255921
93176,0.0157147680123958
93177,0.0221896447547146
93178,0.0162600039502853
93179,0.0183212451807733
93180,0.0194124524839887
93181,0.0168420013233716
93182,0.8688757437096166
93183,0.0340702682352529
93184,0.0165086472916049
93185,0.4909391798318835
93186,0.9295898830847475
93187,0.0172621643654032
93188,0.0156239261490822
93189,0.0243342166529994
93190,0.5380568424463319
93191,0.0177824752493863
93192,0.938754381354888
93193,0.0229575599912062
93194,0.0645456578543224
93195,0.0624986743898548
93196,0.0203510126866617
93197,0.0160356492096647
93198,0.0177889856150709
93199,0.0242478145191908
93200,0.9408889085436676
93201,0.0155422742842281
93202,0.9359812112495908
93203,0.9483772313324508
93204,0.0166124647920755
93205,0.0186421475973769
93206,0.9398047887708624
93207,0.0215197615673264
93208,0.0159301944668665
93209,0.9274129384670884
93210,0.086093740320499
93211,0.0258576574934973
93212,0.0161598597872632
93213,0.0541676627206698
93214,0.0423640608720412
93215,0.0170155660030056
93216,0.0205473121787467
93217,0.0231601459369605
93218,0.0204836625017312
93219,0.0216735254007167
93220,0.0628308865883252
93221,0.0235376083679589
93222,0.0287736832233341
93223,0.0207592485195403
93224,0.0689422126779399
93225,0.1868495724918047
93226,0.0175941812166483
93227,0.0179004531858663
93228,0.0621836397968489
93229,0.0155734121363194
93230,0.0820647275127478
93231,0.0193589378043425
93232,0.024534995912905
93233,0.2322307144067106
93234,0.0194305464579644
93235,0.0234513987718993
93236,0.0283999559205516
93237,0.2989211834802552
93238,0.0162341632093848
93239,0.0621306569545676
93240,0.8532161952360955
93241,0.1655499393278549
93242,0.9465475016883492
93243,0.0580924359621313
93244,0.026910601624019
93245,0.0380253726724963
93246,0.0168405291152585
93247,0.0589780986563429
93248,0.0169397239607732
93249,0.0427213697641285
93250,0.0486475044225739
93251,0.0228913298211911
93252,0.0181834900750309
93253,0.0157235422696339
93254,0.0170993352714349
93255,0.9290529142760484
93256,0.0642093134410151
93257,0.0213519460270679
93258,0.0162812507228087
93259,0.0248891636014797
93260,0.0603991575399705
93261,0.0170705305859514
93262,0.0295823916160788
93263,0.0218552673122489
93264,0.0169584740307608
93265,0.0158542166571857
93266,0.023199632324525
93267,0.0272075210938213
93268,0.0173126668857831
93269,0.0280036450412725
93270,0.1111119745802954
93271,0.0218559297982432
93272,0.9362361277293384
93273,0.0226615190381111
93274,0.0175187905450685
93275,0.028992446380073
93276,0.0161121398143072
93277,0.0479274349727624
93278,0.020010470227457
93279,0.0376972854494423
93280,0.9170411214684502
93281,0.0231179010104869
93282,0.0170286932469607
93283,0.0191894621638298
93284,0.9395076406922634
93285,0.019199927720363
93286,0.0206982690785839
93287,0.9394276169632468
93288,0.0969129369448353
93289,0.0163212957942407
93290,0.0156697770527489
93291,0.9171971947038646
93292,0.088666214269587
93293,0.0744708057071959
93294,0.0245594673703881
93295,0.0255210376452748
93296,0.1558972292381769
93297,0.7082497778061738
93298,0.0312530115039648
93299,0.0211936225169608
93300,0.0184079048377839
93301,0.05271124228431
93302,0.0258197613665862
93303,0.03025973480132
93304,0.0171050130331886
93305,0.0196957988601556
93306,0.3458503606047788
93307,0.0183259953075128
93308,0.0208912486058219
93309,0.0206762626888322
93310,0.0183844413764703
93311,0.0227563069988063
93312,0.7104573085592956
93313,0.0204606208054006
93314,0.3543455307677904
93315,0.1129463124240649
93316,0.8012699787724534
93317,0.0215719528270839
93318,0.021328866692583
93319,0.029131952523751
93320,0.0179206676479425
93321,0.0296130308800499
93322,0.1034011198601414
93323,0.0206840871002253
93324,0.0197051145187717
93325,0.0218445329375076
93326,0.0479876217924977
93327,0.0214224633043729
93328,0.2799464858870213
93329,0.2539573332427646
93330,0.02769989913067
93331,0.0200190505199488
93332,0.0401211141780129
93333,0.0171323004556351
93334,0.0380928092824556
93335,0.0300673271395312
93336,0.0246692931711649
93337,0.0169611137141209
93338,0.0242194526724017
93339,0.0176734143002937
93340,0.0220530951595629
93341,0.0687683039366462
93342,0.0188246746716826
93343,0.028414811781064
93344,0.0176759006771606
93345,0.0216182023225844
93346,0.0173547581032689
93347,0.0182301169361835
93348,0.0210786434309977
93349,0.0279896872038589
93350,0.015750838931386
93351,0.0540295680621285
93352,0.0200643178020523
93353,0.0171747842025461
93354,0.0297994985565424
93355,0.0194617354408245
93356,0.0200929565815579
93357,0.0202776780165788
93358,0.0201149347008317
93359,0.0735489237717788
93360,0.023565864082493
93361,0.0370440317122968
93362,0.0268850471508299
93363,0.0261261586610335
93364,0.0361083995442507
93365,0.0170963202420542
93366,0.0209603288517627
93367,0.0185371797272388
93368,0.0272334758713719
93369,0.5355550127363016
93370,0.0213462178365654
93371,0.0495963873276634
93372,0.0177414027655604
93373,0.0201247505603973
93374,0.0178422197708636
93375,0.0208124724525592
93376,0.1638135461579048
93377,0.0691753848043328
93378,0.0171854014026172
93379,0.9451958967744892
93380,0.0162990696912946
93381,0.1710484975933346
93382,0.1627849696759004
93383,0.946908340325573
93384,0.029033786707946
93385,0.0175829613512807
93386,0.1263939183189386
93387,0.3283651525986061
93388,0.0433270733040987
93389,0.0233016013356372
93390,0.0501760887257899
93391,0.0194863500369602
93392,0.021189791648135
93393,0.0560291152628094
93394,0.0225622743839295
93395,0.0690018735335681
93396,0.1729937050214708
93397,0.0251098379494009
93398,0.0206262989790098
93399,0.0156445556048698
93400,0.9432022623498244
93401,0.0158402000682797
93402,0.0227514576277389
93403,0.947930290699092
93404,0.1020946980533131
93405,0.9475754853606808
93406,0.0897436338218881
93407,0.0387504058596024
93408,0.0164192329523875
93409,0.0351451738763411
93410,0.0278613385897193
93411,0.0172293045309059
93412,0.0408158789119479
93413,0.0166377220056087
93414,0.0174631838879943
93415,0.0337279253841291
93416,0.0194266422565122
93417,0.0189760128159284
93418,0.0168219993037462
93419,0.9287102200865144
93420,0.016716658328339
93421,0.0194346971613934
93422,0.053834462295064
93423,0.0204936788845238
93424,0.9334942173434492
93425,0.0194018313306162
93426,0.0179159718622277
93427,0.9409497453510768
93428,0.0530823141549994
93429,0.0191287965518942
93430,0.0234302846351906
93431,0.0167030415598882
93432,0.9206113089347346
93433,0.0214053753596076
93434,0.0167657920507871
93435,0.0211675444588403
93436,0.0245118059712351
93437,0.0168934338320395
93438,0.4118314052116931
93439,0.9179949000635744
93440,0.0760648304034403
93441,0.0896724810430221
93442,0.0227671010274186
93443,0.0171333973168371
93444,0.0161828766732307
93445,0.0163299744815185
93446,0.0178437605349632
93447,0.0213478187324383
93448,0.0232700905044169
93449,0.0756112843699403
93450,0.0166097660684933
93451,0.025541318785227
93452,0.0583931513648447
93453,0.1098184139666966
93454,0.9374402013392228
93455,0.0219024614242563
93456,0.0318819556124261
93457,0.9482894528956044
93458,0.0172330581681826
93459,0.0169728674118452
93460,0.0166726997547597
93461,0.0202266102407787
93462,0.0216704414105187
93463,0.0178789987020388
93464,0.944453992638118
93465,0.0177459195260986
93466,0.018444202715074
93467,0.0167459341930651
93468,0.0298327268181341
93469,0.0166472230654651
93470,0.0174060702731174
93471,0.0168561653497192
93472,0.0452041271998753
93473,0.0205069000238762
93474,0.0178911201677062
93475,0.0172948045587612
93476,0.0305068560859092
93477,0.9336267859322018
93478,0.0245413429846737
93479,0.0168639315809817
93480,0.0202329181086521
93481,0.1295870751243644
93482,0.1878750764993554
93483,0.017121391986782
93484,0.1835675548411077
93485,0.9440261991606632
93486,0.0289643299608989
93487,0.0210009767447939
93488,0.0179315387744535
93489,0.0215286125033644
93490,0.0163582291523439
93491,0.0164158675277154
93492,0.9421396088009996
93493,0.0450446922135545
93494,0.0211399625409253
93495,0.0171494888283823
93496,0.9416599598043957
93497,0.0169860515205541
93498,0.0259637841722382
93499,0.0196526822796001
93500,0.0247852588363432
93501,0.0503471127399277
93502,0.0324267309543025
93503,0.198281055836685
93504,0.0209938211394876
93505,0.0319488054441859
93506,0.02016835009541
93507,0.0726095196689998
93508,0.0248399370733943
93509,0.0219021740247589
93510,0.0173456058839301
93511,0.0211170424378297
93512,0.0285773729490162
93513,0.0159448767402008
93514,0.0222137532704305
93515,0.0178467846118928
93516,0.0261036240059008
93517,0.0203562189967747
93518,0.0180956954445844
93519,0.0228494298545057
93520,0.8515126424371677
93521,0.0320737605786069
93522,0.026422249634633
93523,0.0198529970189518
93524,0.0193330874119678
93525,0.0205462742546894
93526,0.0203807882935036
93527,0.01985781982516
93528,0.0165390922852969
93529,0.0451562958226732
93530,0.0174857222844262
93531,0.9381343810487238
93532,0.6662279479940721
93533,0.0160557967999207
93534,0.901673584694602
93535,0.027065636783412
93536,0.0178154103766842
93537,0.0169122732304607
93538,0.9403189410513976
93539,0.9455408569182748
93540,0.0222652508152521
93541,0.0158660616138679
93542,0.0164051965939523
93543,0.0283571519314449
93544,0.0175842637798549
93545,0.0180722196679292
93546,0.0245108709806309
93547,0.0183570832318108
93548,0.0165302134171487
93549,0.0182827684791541
93550,0.0183012289516149
93551,0.0183365779586451
93552,0.0977643673768991
93553,0.2304246227150128
93554,0.0469996751738473
93555,0.018691758439687
93556,0.0177248478404953
93557,0.0718073991858972
93558,0.0716396126113192
93559,0.0205264498358919
93560,0.0162277816472838
93561,0.9468118933816254
93562,0.0158216438280267
93563,0.021153096764998
93564,0.0206960940331442
93565,0.017496452217956
93566,0.019183363069695
93567,0.0184440467855307
93568,0.0175454199971636
93569,0.1026612111289318
93570,0.0299572380602491
93571,0.0786363916321839
93572,0.0172494644170428
93573,0.0359588093338898
93574,0.0243270980860296
93575,0.0249476106359674
93576,0.0220203260461905
93577,0.4917129324731441
93578,0.0155891688257178
93579,0.0208834948566845
93580,0.0158144248417338
93581,0.0197089203046957
93582,0.0756754999869279
93583,0.0325023254535061
93584,0.0177007338977328
93585,0.1115804361398892
93586,0.0209587783927878
93587,0.0186831377676715
93588,0.0183129595426617
93589,0.9476824491867912
93590,0.2564371149976612
93591,0.0264147702917888
93592,0.0590475241528127
93593,0.0159440300488834
93594,0.0165730257720451
93595,0.0213479565660522
93596,0.0204918965954863
93597,0.0175506581093236
93598,0.0174943817462443
93599,0.0200099516453884
93600,0.0164998132797537
93601,0.0354617365342717
93602,0.0166721890794981
93603,0.0158526689390312
93604,0.0404304339006531
93605,0.0428959927220429
93606,0.2526329651733368
93607,0.0272723887449032
93608,0.0167480202155629
93609,0.9387226171855388
93610,0.0183083041491639
93611,0.0169980208897854
93612,0.0192084708102542
93613,0.0175444764929414
93614,0.9458300281555718
93615,0.0154942742351059
93616,0.0226052339794483
93617,0.0213348865987422
93618,0.091431516225541
93619,0.1005691624667213
93620,0.0325366400053107
93621,0.0205501194032272
93622,0.906438029542764
93623,0.0333481739417367
93624,0.0717216545231324
93625,0.042179369233009
93626,0.0247340127575318
93627,0.9416967928198264
93628,0.0376104756101349
93629,0.068470516520159
93630,0.0304057304530086
93631,0.0197805734188685
93632,0.0176815105872765
93633,0.0268715646420967
93634,0.1567162293992861
93635,0.0179076549731109
93636,0.0215021098488158
93637,0.2622540590009641
93638,0.0167732934055346
93639,0.2390852464303365
93640,0.0669578369412703
93641,0.1780305394796393
93642,0.0306608318092729
93643,0.0174066229682226
93644,0.0795853936411355
93645,0.0183462704171106
93646,0.0189913907590559
93647,0.0952344167972807
93648,0.0602271264266527
93649,0.0183548285100937
93650,0.0208964301663213
93651,0.0169470892330548
93652,0.9152345478513494
93653,0.0212741787578456
93654,0.0656719682985094
93655,0.0155393989289728
93656,0.0174591234341266
93657,0.9201034828071496
93658,0.022223357901463
93659,0.0587321677424877
93660,0.0890042836455821
93661,0.6371217913573197
93662,0.015608747639026
93663,0.0163629090157693
93664,0.0162474887226624
93665,0.0176757827903121
93666,0.1112408336660177
93667,0.0289194985363768
93668,0.0186105311806862
93669,0.0301092699818396
93670,0.1787804944097719
93671,0.0253489957030625
93672,0.0382734192694121
93673,0.032709287266702
93674,0.020484741504589
93675,0.937105857349094
93676,0.0338929275362228
93677,0.0163259744709984
93678,0.9228684170914396
93679,0.0166110699282255
93680,0.0160914639934066
93681,0.0720674755031269
93682,0.9436841569232136
93683,0.0175154853362817
93684,0.0177619512967682
93685,0.0177414135302877
93686,0.0277413594745551
93687,0.0769196499962437
93688,0.0218656870849284
93689,0.0266707934258951
93690,0.0188257983006458
93691,0.0300326295516685
93692,0.0159585375108887
93693,0.0334652862271132
93694,0.0184394438143042
93695,0.0203872225825353
93696,0.9469133619918292
93697,0.0444898581729199
93698,0.0246448483339017
93699,0.0224812079772357
93700,0.0164031634373597
93701,0.0589781748412704
93702,0.0422368990905922
93703,0.0173694623898071
93704,0.016065286775979
93705,0.0410065365761864
93706,0.0371765837748329
93707,0.0952206236779305
93708,0.0319559675131955
93709,0.9450597771165136
93710,0.0172588962774774
93711,0.0242892598808786
93712,0.020480716158294
93713,0.0227044875955747
93714,0.0833253067854239
93715,0.0157629058100396
93716,0.0269272168323331
93717,0.0193210349522097
93718,0.0246332429804749
93719,0.0194299566055565
93720,0.9399636355030254
93721,0.0165282661644771
93722,0.0448771820253439
93723,0.016999763399568
93724,0.9156396985454606
93725,0.0195447311059442
93726,0.0280007524647283
93727,0.0212613115389797
93728,0.0810128007631686
93729,0.2708581502343476
93730,0.0170776892496561
93731,0.2176504231677766
93732,0.0166661766029686
93733,0.0213618606736881
93734,0.0198034089213265
93735,0.0214907508745572
93736,0.064263972871063
93737,0.0188514882326518
93738,0.9350931563852536
93739,0.0201480431755174
93740,0.0198172236258403
93741,0.0182234113321482
93742,0.0270934335593791
93743,0.8969901366725817
93744,0.0166889073983959
93745,0.9405631337300514
93746,0.019720987781204
93747,0.0201896265387381
93748,0.0169123432306193
93749,0.0176030548280974
93750,0.9446552315236644
93751,0.0175683723839151
93752,0.018928296967063
93753,0.0167123842132792
93754,0.0221558376670265
93755,0.0620915878195526
93756,0.0222273537193985
93757,0.0426836284401248
93758,0.1246938889959897
93759,0.8742142279394192
93760,0.0168385690646794
93761,0.0171117983138377
93762,0.8150603957095149
93763,0.0177656282902225
93764,0.022573811648767
93765,0.0598386292393586
93766,0.0262212219186688
93767,0.0343710176009864
93768,0.0156578542161521
93769,0.016746748047836
93770,0.0173195761034332
93771,0.0378490492862765
93772,0.0483896720905082
93773,0.9077173197334752
93774,0.9364505578005484
93775,0.0280386433177286
93776,0.0481927668879168
93777,0.0259680269905228
93778,0.0175022577619474
93779,0.0168057867029587
93780,0.0480692122383087
93781,0.0187496579896803
93782,0.2211352164386496
93783,0.0199182899285029
93784,0.0180882132766931
93785,0.0176944005769589
93786,0.0316023551673212
93787,0.0220603015194471
93788,0.0311337639901744
93789,0.0169905699909674
93790,0.0303772403538003
93791,0.4662748614924714
93792,0.0175263018387811
93793,0.9423124511557524
93794,0.0298704339645478
93795,0.0989517651141542
93796,0.0685332332085
93797,0.0182712710174014
93798,0.0193529882245391
93799,0.017109286897089
93800,0.8606555621120606
93801,0.0171857451125934
93802,0.0242265156839959
93803,0.0480398208117781
93804,0.0194870277369132
93805,0.0890925567922916
93806,0.0193673345586138
93807,0.0943016872477393
93808,0.0373238215304787
93809,0.0308517700144953
93810,0.28005908746657
93811,0.0218160339205985
93812,0.0324204134719621
93813,0.0190451843909145
93814,0.0184341452174431
93815,0.2439975203713521
93816,0.0382170245884451
93817,0.0442517321459804
93818,0.0174338333489704
93819,0.027339478813056
93820,0.0835401227633353
93821,0.9220721545827528
93822,0.0171423376306008
93823,0.018884187375013
93824,0.0198207961839195
93825,0.1142411118247942
93826,0.9482036289083792
93827,0.384987519519236
93828,0.0160397063893165
93829,0.0175089897030422
93830,0.0233823147202936
93831,0.9053894532763008
93832,0.0524753669716712
93833,0.0173231643417465
93834,0.6101056130119975
93835,0.016644077667705
93836,0.0212620235770945
93837,0.0420351691523561
93838,0.0161838286736966
93839,0.0174918045842715
93840,0.0783522012006379
93841,0.0179105411830512
93842,0.0434209774961362
93843,0.9475101797385572
93844,0.0762404890802949
93845,0.0264458746738128
93846,0.0313181830100179
93847,0.0181150145464592
93848,0.0292654645502058
93849,0.9459407289296716
93850,0.0177414037566049
93851,0.0729627028248433
93852,0.0166888765042349
93853,0.0493260363412833
93854,0.941454801692068
93855,0.0563855901014728
93856,0.2840011025416663
93857,0.0467864097974384
93858,0.0175058176880264
93859,0.056393300130406
93860,0.1464430826711646
93861,0.0246567806588403
93862,0.0238743047647566
93863,0.0288590043118204
93864,0.0548793622804364
93865,0.0459579538180908
93866,0.0236318458777893
93867,0.0199977058602454
93868,0.938263976047916
93869,0.9383066534159176
93870,0.0329109516387496
93871,0.0185624530958735
93872,0.0191437200669744
93873,0.0192333763462268
93874,0.0438670270955002
93875,0.015750790817737
93876,0.0296185373148379
93877,0.0466414112419765
93878,0.0160397234531977
93879,0.0169410397438727
93880,0.0211811544330712
93881,0.0220946820926244
93882,0.0183358523181748
93883,0.0768073014802073
93884,0.2542788866008223
93885,0.93647372985705
93886,0.0175653177960691
93887,0.9214221297120296
93888,0.0182335232588906
93889,0.0328554651387812
93890,0.0661321053344955
93891,0.0685822189311358
93892,0.0329911885217831
93893,0.9449480191642076
93894,0.0562473474726945
93895,0.0507462775434211
93896,0.5247421503866143
93897,0.360884983362939
93898,0.9365550099276564
93899,0.0285871764492371
93900,0.9403818616298634
93901,0.0163989397500355
93902,0.0160962709765008
93903,0.0216494487484496
93904,0.9433792131332568
93905,0.0260412847439701
93906,0.0179188885928547
93907,0.0171922083374309
93908,0.1704882460817383
93909,0.0225196332672593
93910,0.9311357070773648
93911,0.0344846281679362
93912,0.019496605901593
93913,0.017071556431635
93914,0.0329498922987815
93915,0.0237487216463552
93916,0.0282342061522961
93917,0.0238305037061542
93918,0.021749916438955
93919,0.2795692972989517
93920,0.0596801414956135
93921,0.0167886759084154
93922,0.3989865121573708
93923,0.0188951379858139
93924,0.0180101968251569
93925,0.078639936580196
93926,0.0222404607375888
93927,0.0161317825179917
93928,0.0183193257699053
93929,0.0323406115762079
93930,0.0349637743061539
93931,0.0302952171378339
93932,0.7595986761528177
93933,0.0173153252654718
93934,0.0177527173566225
93935,0.9338190804382264
93936,0.0186814405162709
93937,0.0159654916801425
93938,0.9214627001427202
93939,0.632126647982655
93940,0.0174981064373155
93941,0.939342464710883
93942,0.0561654727125616
93943,0.028212961096607
93944,0.0513879433578713
93945,0.0158394019483006
93946,0.0222446220049276
93947,0.0181582343173858
93948,0.2080753648540706
93949,0.9473479400562822
93950,0.0190355981318984
93951,0.0211148349641329
93952,0.0839412535212182
93953,0.018106398200338
93954,0.0205008560547083
93955,0.0172595096667443
93956,0.0330760316250784
93957,0.0173458266378244
93958,0.0622292994704412
93959,0.0181766807163127
93960,0.015611191532402
93961,0.8467295108520065
93962,0.1563485043790887
93963,0.0212136349141127
93964,0.0173213424530691
93965,0.019491488868819
93966,0.0329577192176042
93967,0.0348810794937771
93968,0.0161198938155227
93969,0.9400705216572648
93970,0.01675061156417
93971,0.0572892093270313
93972,0.0331578324452755
93973,0.0193933608296692
93974,0.0244790037912705
93975,0.0169666239774661
93976,0.0173292988531956
93977,0.0185925579399497
93978,0.9180255964816278
93979,0.0191100296063331
93980,0.0192967964915309
93981,0.0463058724996879
93982,0.0633965705107748
93983,0.0220632087675143
93984,0.8984357719810271
93985,0.0222863805718085
93986,0.93531647102547
93987,0.0160168373637134
93988,0.0210052178668364
93989,0.016054578792707
93990,0.0193933298552174
93991,0.0577266834893101
93992,0.8766631320258792
93993,0.0266061325109274
93994,0.9458685538945324
93995,0.0189008684328932
93996,0.0162614783029079
93997,0.933603528742162
93998,0.6286980811448695
93999,0.0327607810268761
94000,0.0172643316621232
94001,0.0181546050236587
94002,0.9197716169343712
94003,0.0161139304252642
94004,0.9464632414119344
94005,0.0200148690618575
94006,0.0177453108798289
94007,0.0162830463061633
94008,0.1717141392191672
94009,0.0178164723439658
94010,0.02036121108664
94011,0.0185084843887052
94012,0.031326051291101
94013,0.0175086516145457
94014,0.0205748159705205
94015,0.0233916232687764
94016,0.0174065495705661
94017,0.8692644202702895
94018,0.0176912071145649
94019,0.0168108680015778
94020,0.9441231016219054
94021,0.0207013073508076
94022,0.0172706989785417
94023,0.9273799335536356
94024,0.0406231880157681
94025,0.0165151978377939
94026,0.9091094212721352
94027,0.1775552250661741
94028,0.13073274894623
94029,0.0163491809452802
94030,0.0162415574714999
94031,0.0724183731056166
94032,0.4678649926866783
94033,0.0238261395256724
94034,0.0973217511606285
94035,0.0349945540112544
94036,0.0214045026117323
94037,0.8756267193708176
94038,0.0178787178209569
94039,0.0510076849733076
94040,0.0216798735392316
94041,0.0221428949599931
94042,0.0673481534348143
94043,0.0166002733368184
94044,0.0602137709974661
94045,0.8200004955036007
94046,0.0241588406241785
94047,0.0165054584744347
94048,0.0163426389283152
94049,0.0188993796016988
94050,0.0237234830237355
94051,0.0331634912316797
94052,0.0227576413018065
94053,0.0178703803906425
94054,0.0218438548750188
94055,0.0260350320910631
94056,0.0695142400823995
94057,0.0227214212535789
94058,0.105064816857049
94059,0.0283436122801849
94060,0.0230480658523787
94061,0.0166941475376051
94062,0.0678627530746296
94063,0.0273500546654414
94064,0.0314451443477191
94065,0.0180528473710414
94066,0.0221492751173209
94067,0.0181308316877104
94068,0.0159898070017273
94069,0.0172438743024512
94070,0.0195036179009379
94071,0.0176418087681804
94072,0.0271139509706878
94073,0.017410466918302
94074,0.0950815045615532
94075,0.0200155325764372
94076,0.0162376700338499
94077,0.0195320093679999
94078,0.019836277299156
94079,0.9215104256811756
94080,0.925288181860898
94081,0.0221391789450999
94082,0.1004686639814929
94083,0.0642330197767942
94084,0.0211385184570462
94085,0.0186148954276823
94086,0.9368903361276693
94087,0.0271935951950199
94088,0.0183478986947722
94089,0.9220722858192628
94090,0.0583945322642501
94091,0.0273608942756828
94092,0.1218713078112682
94093,0.0226292315457172
94094,0.0178076695812214
94095,0.2411429270607949
94096,0.031305213702029
94097,0.9332573909611496
94098,0.0175867135911597
94099,0.0174430700100418
94100,0.0315079890906134
94101,0.0313280022524631
94102,0.0165700644652528
94103,0.0172267859684278
94104,0.0260249077531663
94105,0.0182017257450851
94106,0.0325773605518154
94107,0.1453173887527796
94108,0.2347279404273295
94109,0.9397814789764556
94110,0.0452527679537694
94111,0.0253274153720971
94112,0.0178327096943008
94113,0.0204847098657793
94114,0.0235147575752473
94115,0.0496615652197844
94116,0.1750736664006386
94117,0.0171453407689637
94118,0.0259565954818482
94119,0.0209611774346521
94120,0.075530251538787
94121,0.018469717350097
94122,0.0285226066361127
94123,0.2736250538327549
94124,0.017395825868466
94125,0.8961258771141469
94126,0.0162490914352943
94127,0.0224066274751289
94128,0.0950302639533718
94129,0.075336663767208
94130,0.0174246090432515
94131,0.024208055017897
94132,0.0233131495789059
94133,0.0282714699100805
94134,0.918827299978926
94135,0.0445852856347897
94136,0.0479299084367012
94137,0.0498073391635594
94138,0.0176135716416531
94139,0.0242040095104091
94140,0.0364924018632745
94141,0.0946443746709768
94142,0.0507034762729613
94143,0.0216616904956555
94144,0.0193153815004839
94145,0.0170873229039585
94146,0.0176471828109678
94147,0.9328781709084252
94148,0.0174598222389882
94149,0.0234284756155311
94150,0.0329464021131686
94151,0.9200418765600388
94152,0.0180462017845354
94153,0.0174990305775525
94154,0.0163532534468403
94155,0.0322860938911591
94156,0.0359008513449798
94157,0.0599879891985415
94158,0.0173431646469445
94159,0.9397680148520818
94160,0.01753243402072
94161,0.0249330650892223
94162,0.9315289262745206
94163,0.026083818840471
94164,0.0170803072873085
94165,0.7168934016741748
94166,0.0191557437281546
94167,0.0165545228481806
94168,0.0417735733352921
94169,0.0171826983876444
94170,0.0283350182485516
94171,0.0183504609765094
94172,0.9252950151951934
94173,0.9349898209865708
94174,0.9405228346464526
94175,0.020344845566902
94176,0.4717180685097281
94177,0.8664763319655989
94178,0.0383156192759136
94179,0.0551355895041541
94180,0.0510540466027672
94181,0.0162291805239149
94182,0.0212448459041984
94183,0.0187931926168245
94184,0.0222908117184111
94185,0.0243903877713947
94186,0.0409447196820264
94187,0.0224663950805335
94188,0.0179762264096417
94189,0.0177626249119225
94190,0.019752621917927
94191,0.9472558279591028
94192,0.0196378520412884
94193,0.9469863092584438
94194,0.0231331960783738
94195,0.0207327744493006
94196,0.0211578132512335
94197,0.1668872774930013
94198,0.0254489760766388
94199,0.0235359152200203
94200,0.0276342456087043
94201,0.0900346986759348
94202,0.0180223241168783
94203,0.0180098865450585
94204,0.0452078668959595
94205,0.0171722306983675
94206,0.019905474323692
94207,0.0178652531026263
94208,0.0163776823308636
94209,0.5108885818055737
94210,0.01762076561328
94211,0.0190538083018491
94212,0.0313753366517296
94213,0.0431412202422792
94214,0.0256963883476536
94215,0.0249743304248881
94216,0.0530087430414538
94217,0.0627327123112048
94218,0.0169094323182213
94219,0.0234150849228749
94220,0.0160346686721261
94221,0.0190256296182623
94222,0.4583826377201757
94223,0.0203633146575873
94224,0.9445098418085413
94225,0.0183189155204452
94226,0.0192713341044121
94227,0.855848094709684
94228,0.0182992720919687
94229,0.0156036969932124
94230,0.1743732653230648
94231,0.01996546685452
94232,0.0167385628580417
94233,0.0184221276674678
94234,0.9329114096580762
94235,0.0188146276912548
94236,0.0183670045255844
94237,0.0164651658632117
94238,0.0372315766523178
94239,0.020675812538382
94240,0.9335575783747052
94241,0.024524542467735
94242,0.0903280383615042
94243,0.120723219179044
94244,0.945967864813452
94245,0.0230099922283363
94246,0.934482078983245
94247,0.8565345043175179
94248,0.0698352287342301
94249,0.3325798687977152
94250,0.0493426533311063
94251,0.0397307420405289
94252,0.0328575004716504
94253,0.0227100421869496
94254,0.0177913674863233
94255,0.9446632275823742
94256,0.0175743927381978
94257,0.0165502492265266
94258,0.0571201704561884
94259,0.2511182174099823
94260,0.9346642489046288
94261,0.0184698169430217
94262,0.0198813911335963
94263,0.9398118095832908
94264,0.0323560741379967
94265,0.0401738994618671
94266,0.932515972710638
94267,0.929356323260823
94268,0.1145019409474445
94269,0.0176473980927866
94270,0.0484377097681092
94271,0.9364245068493026
94272,0.0183464759189672
94273,0.0225458101310984
94274,0.9459577453408352
94275,0.5746150237834438
94276,0.0200608129059909
94277,0.0195237238536797
94278,0.0916645692006899
94279,0.0415917863493078
94280,0.0524418690045586
94281,0.0201792369879117
94282,0.0543844406376545
94283,0.5047503847097583
94284,0.0165720290815892
94285,0.4981180622622769
94286,0.0218379485578951
94287,0.0200229955536354
94288,0.0194683135950172
94289,0.0194186349354747
94290,0.0168723168017319
94291,0.0236292629813468
94292,0.0177695797472228
94293,0.0181095035682598
94294,0.0856909635590382
94295,0.0199013869105812
94296,0.0163602488394232
94297,0.1106553565798597
94298,0.9330197867645682
94299,0.0204673994432139
94300,0.0167235013124962
94301,0.0218403275799468
94302,0.0217528625401903
94303,0.9282993077256992
94304,0.947001018034276
94305,0.0205723151277044
94306,0.0173938277387042
94307,0.0181640107131091
94308,0.2128229726734778
94309,0.0169319407366442
94310,0.0158806057714292
94311,0.0160891648545751
94312,0.2606247260370302
94313,0.0209047968674659
94314,0.0156023585808383
94315,0.9408759060098792
94316,0.9400607311182864
94317,0.0431084350776443
94318,0.0310665099470964
94319,0.0202255803801707
94320,0.0266453078537447
94321,0.9454279973012888
94322,0.0298377470240043
94323,0.0290068095053813
94324,0.9467796947671668
94325,0.0456626047779672
94326,0.023512932435366
94327,0.0291926051168253
94328,0.0235908320449653
94329,0.0185473438134231
94330,0.0180372426895404
94331,0.095648717582511
94332,0.0970773472973165
94333,0.0229931481288402
94334,0.0380559196301454
94335,0.0209186934656855
94336,0.0163055372089694
94337,0.0474271898895676
94338,0.9478368140504994
94339,0.0159635224255711
94340,0.021365569699389
94341,0.0190460332762425
94342,0.0230589240439249
94343,0.0172260965447861
94344,0.0173782817343512
94345,0.0289747270177717
94346,0.0204833437316182
94347,0.0239695367098674
94348,0.0204607317706901
94349,0.0256229270134747
94350,0.0160440758080661
94351,0.0217926553520622
94352,0.0253951594591091
94353,0.9475976005172616
94354,0.0185606037527837
94355,0.0321338798119492
94356,0.0868642226808385
94357,0.0208045255880062
94358,0.0171358791736674
94359,0.0430114475477907
94360,0.0164092087526301
94361,0.0245618503177476
94362,0.0196460991455904
94363,0.0185743333884727
94364,0.0172475923601994
94365,0.0187846555287331
94366,0.0211809749615049
94367,0.0221729821665672
94368,0.0189003556769384
94369,0.0220703572946056
94370,0.0222177518819002
94371,0.7263722747456681
94372,0.1785780880528817
94373,0.0173245911805349
94374,0.0196162832271321
94375,0.016492247810522
94376,0.9368672254922809
94377,0.0163952441047686
94378,0.0178090661872135
94379,0.0276215461470558
94380,0.0194979965316944
94381,0.0231561405073144
94382,0.9428389002134157
94383,0.0197492984892173
94384,0.0423007773367778
94385,0.0198850862232488
94386,0.9399156974505332
94387,0.0277465524816021
94388,0.2187622754128778
94389,0.092338450928187
94390,0.017676261666514
94391,0.0419484151895286
94392,0.0170438580844508
94393,0.0184389527707211
94394,0.0195256999487669
94395,0.0249217973522358
94396,0.0262872726450861
94397,0.0177830148912826
94398,0.0201918160110655
94399,0.0431000242794158
94400,0.0311804532261138
94401,0.0959225591555009
94402,0.9470005566806852
94403,0.0489279043003753
94404,0.0321020968755858
94405,0.0179083036753264
94406,0.0328888252555922
94407,0.0428516680014102
94408,0.0182494687875329
94409,0.1058976607455344
94410,0.021065356454484
94411,0.0607867489670677
94412,0.0156320209731084
94413,0.0261275923823252
94414,0.0172317254639084
94415,0.0168727401027684
94416,0.0160136231262056
94417,0.0201380765172407
94418,0.0155953914679396
94419,0.0166424751736994
94420,0.0370498641845035
94421,0.0372762606680536
94422,0.0161043481129644
94423,0.042305017587446
94424,0.9471007400411664
94425,0.0201758385696351
94426,0.0164401743537732
94427,0.0221639185934885
94428,0.0195445805519112
94429,0.0973198846299642
94430,0.017986865758608
94431,0.0171487164437573
94432,0.0183485785075599
94433,0.9397049142583692
94434,0.0163452162294706
94435,0.0167785139837057
94436,0.9291454233088796
94437,0.0206523817333028
94438,0.0974818712404864
94439,0.0207508686546885
94440,0.0155881301978783
94441,0.016373256089317
94442,0.0172456730217093
94443,0.017004178926381
94444,0.0217114674216233
94445,0.0185466543000133
94446,0.0173437544039726
94447,0.349214262906927
94448,0.0157916344919678
94449,0.0183590949887402
94450,0.1981032135186733
94451,0.0169132663108466
94452,0.0202471401719274
94453,0.0205430497452437
94454,0.019980041663491
94455,0.045963122487803
94456,0.0176610818220025
94457,0.0207088001697808
94458,0.94371582576705
94459,0.0747247273228052
94460,0.0161616958750444
94461,0.0168661149120528
94462,0.0284020097136816
94463,0.0306567811812403
94464,0.0279937385928623
94465,0.0190670962473002
94466,0.0181375788170888
94467,0.0796609538135624
94468,0.0181935569778585
94469,0.0190781229047048
94470,0.2044476659797618
94471,0.0166851671913246
94472,0.0305061501984492
94473,0.9072020074151514
94474,0.1288767927746691
94475,0.0171189459621958
94476,0.0160469988008788
94477,0.9397831141927454
94478,0.017922880101017
94479,0.0905982305008446
94480,0.0162371080909047
94481,0.0161084407444245
94482,0.0201732241904103
94483,0.0703120013784392
94484,0.9389325053201478
94485,0.0174485202495331
94486,0.023765148479431
94487,0.0438414066722379
94488,0.9436048461420572
94489,0.0306923349472128
94490,0.0278149208875409
94491,0.0220510254219608
94492,0.9418280525861642
94493,0.0218071423186047
94494,0.0158761829646481
94495,0.9308938847922168
94496,0.0807956690996564
94497,0.0485503855589304
94498,0.1348889107860916
94499,0.8670055703683822
94500,0.0308140865483087
94501,0.1511911168333942
94502,0.0239398176102237
94503,0.022646436251636
94504,0.0193143244373098
94505,0.0194071307828992
94506,0.0158005158236599
94507,0.0192306638136337
94508,0.0422784291167528
94509,0.0208087057412077
94510,0.0201783296915223
94511,0.7688395897927549
94512,0.0172721515071559
94513,0.0367225698177962
94514,0.1207478441318869
94515,0.0675455878068958
94516,0.0157825017129383
94517,0.0171116852318879
94518,0.9224085553400688
94519,0.0448907607708989
94520,0.0247259454981209
94521,0.0557075444275774
94522,0.0579609985582171
94523,0.0195336217407446
94524,0.0189404916043833
94525,0.082897744663814
94526,0.0154821682964684
94527,0.2982962800583785
94528,0.0656223442500085
94529,0.0849368145240214
94530,0.8495876269166172
94531,0.0327302966980427
94532,0.944229851333767
94533,0.0225819207917394
94534,0.0182573192269826
94535,0.0176730295353211
94536,0.0300998734600508
94537,0.0228694012834582
94538,0.0192506733426976
94539,0.0173358433358068
94540,0.8968497354585052
94541,0.0167895020004618
94542,0.0679156452138704
94543,0.0309669606026082
94544,0.0440425079453125
94545,0.0206968470245786
94546,0.0238247179253948
94547,0.0277395441432791
94548,0.0157751308586903
94549,0.0177446975303965
94550,0.8194123928133924
94551,0.0191915211885098
94552,0.688037630094534
94553,0.0238516071073359
94554,0.0313195732567539
94555,0.1058920699650203
94556,0.0226247567866935
94557,0.0201142050428182
94558,0.0155643591751293
94559,0.0194507005557879
94560,0.0215202872045661
94561,0.947644061367578
94562,0.0264978791031088
94563,0.0194498078964496
94564,0.0177144972337788
94565,0.1672421003638452
94566,0.0335587125211179
94567,0.1462649420934626
94568,0.0241850760319674
94569,0.0233477914438843
94570,0.020033423962671
94571,0.0219108367229744
94572,0.8328755040495975
94573,0.020481820742153
94574,0.0195166090270364
94575,0.0202606891299462
94576,0.0177970202375211
94577,0.0173229282741256
94578,0.9474084741824356
94579,0.0435300697677871
94580,0.940456481641799
94581,0.0157649647903635
94582,0.1744968815694156
94583,0.0558255626827185
94584,0.0710272754287325
94585,0.0179092078460937
94586,0.0174544088675492
94587,0.0188897919628734
94588,0.4481654861554281
94589,0.9026231094444924
94590,0.036819442396059
94591,0.0156139083961883
94592,0.0229500385673393
94593,0.0322058294258064
94594,0.944585909999579
94595,0.0157134395673187
94596,0.0163755871422289
94597,0.0343782625650403
94598,0.0172698351102832
94599,0.0267824921323206
94600,0.0223572848561542
94601,0.0955280709587994
94602,0.016655317757896
94603,0.0194836573904247
94604,0.0169135781714748
94605,0.0189391709436067
94606,0.0164335032069643
94607,0.0166495275432384
94608,0.0171763710403117
94609,0.0258802351407695
94610,0.0171407879268528
94611,0.0322000397554389
94612,0.1983365134920959
94613,0.944237726869305
94614,0.0368825902702511
94615,0.0165032672072978
94616,0.0245259908891511
94617,0.015974557792164
94618,0.1089405931472206
94619,0.0620175808831053
94620,0.0774116442241533
94621,0.1399451868945609
94622,0.0299866286147261
94623,0.0505385521710963
94624,0.0327681715973577
94625,0.0481738398645728
94626,0.0159958855535889
94627,0.0184517965245631
94628,0.0177425942394093
94629,0.2910673139520867
94630,0.0158716224764551
94631,0.0269594281877532
94632,0.0170667913530047
94633,0.0447232006295483
94634,0.1472920064482076
94635,0.017927267092184
94636,0.0184165013246349
94637,0.0206909582766484
94638,0.041931288394467
94639,0.9018559170536516
94640,0.0215742406435188
94641,0.03148647752792
94642,0.0238121221045846
94643,0.4900693017417234
94644,0.016649869628401
94645,0.0182098021564559
94646,0.0166890036223325
94647,0.0985567520023683
94648,0.0163846278075444
94649,0.0343029213123773
94650,0.0170219273963671
94651,0.6456155610491364
94652,0.9413226589361748
94653,0.022975510556151
94654,0.930215670823441
94655,0.0254906739495583
94656,0.0198302473677304
94657,0.0181578549929201
94658,0.1516627839694888
94659,0.0186080993262505
94660,0.7895393440693064
94661,0.034833580156406
94662,0.023413421568254
94663,0.0164501113984972
94664,0.0447877769112685
94665,0.0230906573512269
94666,0.0291727263724741
94667,0.0173755587711162
94668,0.0283439328732982
94669,0.2408049102152961
94670,0.0163289431880269
94671,0.0160905865003723
94672,0.0253802673819104
94673,0.0288603033583376
94674,0.0408422928169175
94675,0.9001206548448372
94676,0.022152107450175
94677,0.0189135520172544
94678,0.9034325883941524
94679,0.0176896073473705
94680,0.2378651942193458
94681,0.0190505204196348
94682,0.92622193521134
94683,0.0177422610489404
94684,0.0585592766753587
94685,0.0162911819260284
94686,0.0315343175064354
94687,0.9433739163659588
94688,0.1546094161700885
94689,0.0187091339046854
94690,0.0714321337035349
94691,0.0173555688844509
94692,0.0201105727056083
94693,0.0156572950396376
94694,0.0195680529225523
94695,0.0230249249687336
94696,0.0298036815257855
94697,0.9168463545670528
94698,0.0167011597233967
94699,0.0261403095003693
94700,0.020282267206923
94701,0.0200939653257021
94702,0.0263035241181464
94703,0.0711688878742929
94704,0.0371179650690562
94705,0.0371215097075537
94706,0.1650985220845195
94707,0.1295798577031303
94708,0.0167430341532544
94709,0.0255295415161008
94710,0.9261695230883364
94711,0.0156439793912343
94712,0.7212768128450636
94713,0.0671630763241026
94714,0.1544592927965491
94715,0.3323952055640156
94716,0.1058615914898822
94717,0.0190956124538043
94718,0.0303154711116031
94719,0.0204803010015287
94720,0.0228576405688276
94721,0.0223325615760977
94722,0.0201045796403281
94723,0.4836798751018839
94724,0.0169498906566846
94725,0.0155411936707262
94726,0.0163812368304307
94727,0.0219280952308857
94728,0.0313535419607626
94729,0.0190887245559553
94730,0.021958346192571
94731,0.947896394633262
94732,0.0220357871953799
94733,0.0259094309985346
94734,0.0753933198081889
94735,0.0161426004065857
94736,0.9403051426472644
94737,0.0171490854240431
94738,0.2828795911514324
94739,0.0209573898166699
94740,0.0201009799288065
94741,0.093291690797213
94742,0.7154302120710901
94743,0.9408243528000252
94744,0.1692372612083257
94745,0.0162533669975828
94746,0.2255792508421604
94747,0.0218771410625839
94748,0.0170705768735598
94749,0.015889932120223
94750,0.0175737780580603
94751,0.0171202749672907
94752,0.1150489634991508
94753,0.0395917518560901
94754,0.0177803301761792
94755,0.0183797092507626
94756,0.0275693494951408
94757,0.0270812307555694
94758,0.0306204981808643
94759,0.018696106684762
94760,0.1360670368540681
94761,0.2498832664378014
94762,0.0309982689454385
94763,0.0549373413359355
94764,0.3267268936994059
94765,0.0243432315117337
94766,0.3427933489555542
94767,0.0160299606870799
94768,0.9206961418432836
94769,0.0185819978845229
94770,0.0361961523064339
94771,0.0173986113478607
94772,0.0176327760683561
94773,0.0213249416249651
94774,0.050992403690601
94775,0.0220381152145105
94776,0.0210314894401628
94777,0.0213982271479882
94778,0.0201293460168508
94779,0.020669368330557
94780,0.0215423072909105
94781,0.0162884673510947
94782,0.0240829978651586
94783,0.0330528923799398
94784,0.0216878258044185
94785,0.0188208327032442
94786,0.0257259590321638
94787,0.0161102584260422
94788,0.1154485817121812
94789,0.0182324866641649
94790,0.941309750571284
94791,0.0171421786855601
94792,0.9415919475100512
94793,0.0192803879954645
94794,0.0162120137756273
94795,0.0168882821309788
94796,0.01824003555283
94797,0.0177861865475206
94798,0.0422454984857772
94799,0.1048151889541213
94800,0.0186819541990645
94801,0.0571051802857546
94802,0.9323083218714284
94803,0.0246766107991894
94804,0.0239879102664801
94805,0.0564634613898921
94806,0.017635157430387
94807,0.016791937902796
94808,0.1073398168734452
94809,0.0533070700316922
94810,0.6424843126975595
94811,0.0169866447189056
94812,0.0467640704501108
94813,0.0200074210163018
94814,0.130980963950644
94815,0.0193740635554176
94816,0.3432391812563181
94817,0.9209822219538172
94818,0.0647304528201003
94819,0.0226744599860431
94820,0.0216978360337995
94821,0.3849277799510072
94822,0.0228276385135119
94823,0.0484582346741598
94824,0.0164468185865324
94825,0.050134987686215
94826,0.9371985242984784
94827,0.0201282214145315
94828,0.0171207215164421
94829,0.0762594381110352
94830,0.1015758361719316
94831,0.0221665530881701
94832,0.9313957485616314
94833,0.0304333659296579
94834,0.0170324229210035
94835,0.0337523887498644
94836,0.017055689560825
94837,0.1359892259395967
94838,0.0801141062779146
94839,0.0230592789452318
94840,0.0666948318463113
94841,0.0248180011954986
94842,0.0174202528693059
94843,0.9435516047946106
94844,0.0186818979203753
94845,0.021639286688047
94846,0.020776304153736
94847,0.0228722487873608
94848,0.0206907525233853
94849,0.0475835997892604
94850,0.690311590304851
94851,0.0164003442844336
94852,0.018670360963917
94853,0.0303428758161363
94854,0.0206657408602853
94855,0.0174617563077358
94856,0.0323288766182783
94857,0.034224135487144
94858,0.0790125187270748
94859,0.0254943564376349
94860,0.0249831254916882
94861,0.0162519838899565
94862,0.0179321036039819
94863,0.0351895849600855
94864,0.0203945820112313
94865,0.0420917905032916
94866,0.0829225417223861
94867,0.017385447727093
94868,0.0518839198299387
94869,0.9274823435596358
94870,0.0419564179201531
94871,0.019831609830798
94872,0.0179877201068293
94873,0.1075312419309428
94874,0.943981631707674
94875,0.025535805122822
94876,0.0358506548899304
94877,0.018492994129021
94878,0.0690140348134846
94879,0.098756687154144
94880,0.0375843800951543
94881,0.016809399380891
94882,0.0305304507255923
94883,0.3920609844268704
94884,0.0211911231286981
94885,0.0171644851262832
94886,0.0649641174352226
94887,0.0167185096556052
94888,0.0197125354733299
94889,0.0173740953221412
94890,0.0244071745680741
94891,0.0234860363306441
94892,0.0338057111735122
94893,0.0168002998343235
94894,0.0173682447303789
94895,0.2775912615372051
94896,0.0679795576874141
94897,0.9102496089743122
94898,0.0224770866678999
94899,0.3134438039043539
94900,0.0164128632833912
94901,0.0166796076759466
94902,0.024366143664996
94903,0.9470486650182918
94904,0.0224376499479209
94905,0.0168494888577673
94906,0.0288555304537855
94907,0.018706598151688
94908,0.0265316797222722
94909,0.0462106441034844
94910,0.0280276593608796
94911,0.6212954252534174
94912,0.3909362394470634
94913,0.0171296106847602
94914,0.0242801409614966
94915,0.0792143133528339
94916,0.0337942039537253
94917,0.0173235404064741
94918,0.1997330371205155
94919,0.3562656592158373
94920,0.9473192750827522
94921,0.0174461745793147
94922,0.0190080352585578
94923,0.9319850503776658
94924,0.015632317969697
94925,0.9464018240823554
94926,0.9356584996586602
94927,0.0402316182363041
94928,0.0205113205409752
94929,0.0250358173576512
94930,0.01978793440257
94931,0.4678463059395379
94932,0.0164799394996273
94933,0.9455811185307984
94934,0.0177276699097857
94935,0.0685730850242391
94936,0.0416285968744918
94937,0.0187507246259806
94938,0.0240406317185987
94939,0.0175666304554064
94940,0.0207633509821612
94941,0.0267666714244974
94942,0.023011337686117
94943,0.0163035437025983
94944,0.0238143950621088
94945,0.0173574293407713
94946,0.9400839091461178
94947,0.0223533943036302
94948,0.0192828714518079
94949,0.0351084493796503
94950,0.0939494482372359
94951,0.0229642984818229
94952,0.0159242495386598
94953,0.0159061643798478
94954,0.934878480404972
94955,0.0576027784787263
94956,0.0226024633747053
94957,0.0371221954435888
94958,0.0213950092263338
94959,0.0409881764646613
94960,0.0307281523715648
94961,0.9222233407663666
94962,0.0361436912123117
94963,0.0198148821794267
94964,0.0196194109436525
94965,0.0195749041715976
94966,0.0183124575461156
94967,0.0195735915518836
94968,0.924979041387334
94969,0.0160861323947473
94970,0.0605563384892608
94971,0.0257755091062901
94972,0.9454185590305448
94973,0.046165953817341
94974,0.8868872599734303
94975,0.0283935016457381
94976,0.0416395189222474
94977,0.0212152226308445
94978,0.0443081705975916
94979,0.0348165535207751
94980,0.0178381827607535
94981,0.018080057933697
94982,0.0369636430861865
94983,0.9371263841581648
94984,0.0185073603399391
94985,0.0228378440204019
94986,0.0283084620047055
94987,0.0330774117784805
94988,0.0306987186748854
94989,0.0354980788124203
94990,0.0197153144282631
94991,0.0275663618377258
94992,0.5328051868901144
94993,0.0179915492191321
94994,0.0181143822096988
94995,0.4596222957002182
94996,0.0204205070992224
94997,0.0373311118286148
94998,0.921039383403462
94999,0.0200278183499942
95000,0.0187734806906392
95001,0.0240553145095706
95002,0.0179343743427033
95003,0.0665092843822932
95004,0.0249171038177032
95005,0.016709147171923
95006,0.0181469578400853
95007,0.0194225801814778
95008,0.0306054084104642
95009,0.0612332147197989
95010,0.0724889476508273
95011,0.0373621946826113
95012,0.0249461352240195
95013,0.2623412103916296
95014,0.0160117124480975
95015,0.9482377226783985
95016,0.0223054720493383
95017,0.0221526250635454
95018,0.0170681691416542
95019,0.0433575167968666
95020,0.8863808536267191
95021,0.0537916908666638
95022,0.9340631074749016
95023,0.9051089524615088
95024,0.0226096328673229
95025,0.311218444000061
95026,0.0159094070784713
95027,0.0175113574215024
95028,0.0195076011006141
95029,0.90807316649638
95030,0.0173745993073769
95031,0.9397403586350788
95032,0.0176559679412278
95033,0.0209035267135405
95034,0.4685440724502238
95035,0.0215018087507611
95036,0.0174045376132929
95037,0.0168740224679653
95038,0.0590544115652921
95039,0.020856893566618
95040,0.0199540751098799
95041,0.0168018237875686
95042,0.9402460527922808
95043,0.0167434926952048
95044,0.0962044134578172
95045,0.0162994133911839
95046,0.0202736021465466
95047,0.0399208645306258
95048,0.0326171308685719
95049,0.0429741832581772
95050,0.0226344378649897
95051,0.0172327572628387
95052,0.0691640846406746
95053,0.9473871981618937
95054,0.017767418492705
95055,0.0224950699109013
95056,0.1493828358769042
95057,0.019288894259174
95058,0.0253243622422492
95059,0.0223202962406441
95060,0.0204471956752438
95061,0.0749285445397748
95062,0.0264261255424562
95063,0.030034405538367
95064,0.0375814443095867
95065,0.9294389919797446
95066,0.0181990629458779
95067,0.0190696274969212
95068,0.0169167150261383
95069,0.9470400099875608
95070,0.0239959865936891
95071,0.0163812146868936
95072,0.0171603668958689
95073,0.0261252453495365
95074,0.033266513123053
95075,0.2546986791425266
95076,0.0170699160419819
95077,0.0240416663745625
95078,0.0165447556401384
95079,0.0163542160764209
95080,0.8916150886766376
95081,0.0200127869118506
95082,0.017864301057216
95083,0.108946226657598
95084,0.0397134669837972
95085,0.0179873442833305
95086,0.0678643245016898
95087,0.0254778746283464
95088,0.0177938451107038
95089,0.0165827282919726
95090,0.1010674719110594
95091,0.0526132643888947
95092,0.0168129862974132
95093,0.0499416469308174
95094,0.0307859161449823
95095,0.9481777996755708
95096,0.0166352040422733
95097,0.8919067192783103
95098,0.9330946161805048
95099,0.0611544945549784
95100,0.0192774533970406
95101,0.0272594538722713
95102,0.0196499373278997
95103,0.0407547547612429
95104,0.0329439929927162
95105,0.066216269726711
95106,0.03913430825173
95107,0.0188513720724192
95108,0.0281035354726943
95109,0.0223265195414469
95110,0.0180801248097392
95111,0.0235186317514262
95112,0.0172791735977914
95113,0.0164093154446731
95114,0.0909322601727104
95115,0.9044386999667492
95116,0.0163229677527335
95117,0.0166932837903912
95118,0.0660561279895138
95119,0.0172840580099007
95120,0.9376416263474534
95121,0.024400764048957
95122,0.0201927503577628
95123,0.0330309766283728
95124,0.2934868705279336
95125,0.0553659541131884
95126,0.0185288867977081
95127,0.0401078626378277
95128,0.0362808481394071
95129,0.3723139056700846
95130,0.0172050916136262
95131,0.0169722763433941
95132,0.9375767477261772
95133,0.0158607528453754
95134,0.0377401307761909
95135,0.937316754783484
95136,0.0194196871278614
95137,0.0835882349632684
95138,0.9360821169407004
95139,0.0349291874664647
95140,0.0197222059658274
95141,0.9405824449873514
95142,0.019178795080476
95143,0.9481157372292088
95144,0.0210488567778544
95145,0.0325386634699645
95146,0.0161507321530436
95147,0.1680514912570768
95148,0.0202011647705928
95149,0.0227324310622166
95150,0.9401542699942111
95151,0.0218817847878607
95152,0.0246998047164673
95153,0.019561524868813
95154,0.0490073444287857
95155,0.1089499384861617
95156,0.0163535718777919
95157,0.0192759172269349
95158,0.0164798836441481
95159,0.3105009917854578
95160,0.0256141821082137
95161,0.05316038256011
95162,0.0162463051540994
95163,0.1123496586808185
95164,0.0277632798584291
95165,0.0189692527848606
95166,0.0187080882532848
95167,0.0176852519156695
95168,0.0221925566902975
95169,0.0619262119896476
95170,0.0461642479246613
95171,0.0183945638092239
95172,0.0177049873194355
95173,0.017366748281522
95174,0.0182560142616685
95175,0.0173757401832882
95176,0.1239382001796345
95177,0.0161794304878324
95178,0.0413082599109166
95179,0.0301051936773309
95180,0.0170998720971414
95181,0.8072332644604847
95182,0.5389115217934748
95183,0.0203108547057164
95184,0.0231692204151487
95185,0.3809050269760879
95186,0.0231466652582309
95187,0.0572442786884873
95188,0.0169460254872339
95189,0.0162946884756374
95190,0.0316365821398688
95191,0.0173745022206456
95192,0.9273215188154434
95193,0.0192125778355924
95194,0.0579799691542719
95195,0.0172998303923884
95196,0.3215421694082206
95197,0.0211684828881226
95198,0.0192990807152127
95199,0.0226428869124284
95200,0.0247178973930137
95201,0.1225981961326785
95202,0.0663908103969285
95203,0.0439752303321084
95204,0.0163613767475853
95205,0.0466098362092407
95206,0.9363005554772372
95207,0.0210828615084019
95208,0.0228780661183672
95209,0.0192820457690781
95210,0.0240597480066694
95211,0.016434788636871
95212,0.0169995869144484
95213,0.0216381135660886
95214,0.1412292549069894
95215,0.1491734399848091
95216,0.0277734072509344
95217,0.0324000807438672
95218,0.0170240134705781
95219,0.9332510615819886
95220,0.9443912783711004
95221,0.0480837339589802
95222,0.928229443254708
95223,0.0179675813092436
95224,0.019886995351389
95225,0.0161203592397971
95226,0.9124990073030884
95227,0.0160412099052826
95228,0.0195755606477278
95229,0.0294345860265192
95230,0.2143007692386259
95231,0.0212699452101304
95232,0.0157396709001042
95233,0.0157799960657298
95234,0.0802135427833772
95235,0.0209687774846282
95236,0.0239542915788998
95237,0.0227682848969403
95238,0.9449973331024436
95239,0.0403371076120395
95240,0.0328744536578064
95241,0.0209208660884789
95242,0.0585089309519899
95243,0.0933993199503067
95244,0.946947317230776
95245,0.0165591947859229
95246,0.0272028476750555
95247,0.9426175198466504
95248,0.0747019240703964
95249,0.9376847170628496
95250,0.0252572029899453
95251,0.0197688894256914
95252,0.6880301721485316
95253,0.9327924142941456
95254,0.0164041240605019
95255,0.1110612098782874
95256,0.0267363328860397
95257,0.028720333045013
95258,0.0193375372464293
95259,0.0232077663300136
95260,0.0177819456348813
95261,0.016924928920374
95262,0.9399787946325454
95263,0.0246390963714084
95264,0.0219447350889603
95265,0.0167724976675926
95266,0.0159110608098282
95267,0.0167052278999105
95268,0.0168652280462526
95269,0.9274433362313972
95270,0.0201880190999673
95271,0.0267352260236454
95272,0.1002145714133645
95273,0.1382926272514847
95274,0.0316265673197097
95275,0.0163927062587827
95276,0.9461259902508528
95277,0.9119838074478924
95278,0.0606370957454152
95279,0.0224940342590946
95280,0.0171446706092856
95281,0.0174952043865662
95282,0.0217372834010551
95283,0.0194652589264651
95284,0.0176097408859224
95285,0.0228478293562768
95286,0.0414820966778307
95287,0.0570110501177561
95288,0.0214031204492951
95289,0.0195325587931512
95290,0.0178621755099704
95291,0.0301691728243993
95292,0.0210122710124717
95293,0.0194338135588067
95294,0.0223944824761873
95295,0.0167831713485614
95296,0.0225661777596663
95297,0.0203705403078082
95298,0.0398001504393416
95299,0.018801365805062
95300,0.9333677543810224
95301,0.9309418621964922
95302,0.0158244887871887
95303,0.0980424689234855
95304,0.1398164648968159
95305,0.0210807369614786
95306,0.3055128835047995
95307,0.0179812604694391
95308,0.0194299144491392
95309,0.041952522986612
95310,0.0164005210069072
95311,0.0191904690411112
95312,0.0197984632357761
95313,0.9194732583939332
95314,0.0220623373888938
95315,0.0182041404606114
95316,0.9411404595602296
95317,0.0177741526141269
95318,0.1006687947562218
95319,0.0275133732989367
95320,0.0202216909145342
95321,0.0188501270225496
95322,0.1679356221987348
95323,0.027422749982748
95324,0.0410778882089755
95325,0.0238754874568722
95326,0.0165138342045009
95327,0.7436754296977974
95328,0.0171751295887303
95329,0.0179449969185385
95330,0.0210096448024171
95331,0.0218520676261605
95332,0.9443698233207866
95333,0.2459472771605551
95334,0.1833938822525825
95335,0.0165695183547297
95336,0.0249717500838668
95337,0.0318733000341468
95338,0.8426856416254661
95339,0.0320109914238715
95340,0.0157681557466377
95341,0.5923456782622786
95342,0.0193835823954924
95343,0.0175628752882671
95344,0.0182159351644277
95345,0.0231340783966846
95346,0.0208600111573202
95347,0.0197963780127402
95348,0.0268817049157635
95349,0.0204671370001415
95350,0.0169761252180113
95351,0.0988795014055935
95352,0.0158035828163848
95353,0.0482884501067409
95354,0.0645384157051917
95355,0.0189081333051599
95356,0.0260339728232932
95357,0.0344934143576839
95358,0.0202948318043368
95359,0.022443633693335
95360,0.1582333279844591
95361,0.0295493923291108
95362,0.0245341253827108
95363,0.0169793017078537
95364,0.0330818422667828
95365,0.0977482951500343
95366,0.6520388211531986
95367,0.0182738796895355
95368,0.0199733370460763
95369,0.0155216016102387
95370,0.0213531022377613
95371,0.0327966384709851
95372,0.0269201122723528
95373,0.0182747368260357
95374,0.022066256994257
95375,0.0164616367436271
95376,0.2366370371523305
95377,0.0164172339252559
95378,0.0773027358866482
95379,0.9264719292832904
95380,0.0163410773739965
95381,0.0169426819239038
95382,0.0204826251508676
95383,0.036556475237124
95384,0.1795336383980784
95385,0.0313714358991767
95386,0.936603891181382
95387,0.017502209313094
95388,0.9316511091969284
95389,0.2029085421797624
95390,0.020836314295106
95391,0.0233193248793562
95392,0.4186311719161786
95393,0.0252905849614921
95394,0.0259780573227978
95395,0.9420912721531334
95396,0.0350566411395855
95397,0.0671437830170449
95398,0.0211721091366823
95399,0.539651241459452
95400,0.0237474903314128
95401,0.0835895612818976
95402,0.0762666554076826
95403,0.0176723712418103
95404,0.015787424139892
95405,0.0714830439790408
95406,0.0211331823752039
95407,0.0337739547040669
95408,0.0210165341340229
95409,0.9464828034920322
95410,0.0171005772135466
95411,0.2350469201618394
95412,0.0183573275153487
95413,0.0417637625690504
95414,0.1339280535044787
95415,0.0202015007032441
95416,0.1047865752009687
95417,0.0202009145208271
95418,0.937682958999889
95419,0.0180217022409573
95420,0.0231791279788407
95421,0.0223386980372345
95422,0.0189204186131632
95423,0.0244044283244065
95424,0.0691876408690676
95425,0.0259055481954193
95426,0.0325693123766036
95427,0.0280540325251427
95428,0.0206330782807742
95429,0.0158903972486137
95430,0.0253131552853979
95431,0.0176196419006042
95432,0.04575622520067
95433,0.0256336276641444
95434,0.3954694982057716
95435,0.0288833978458295
95436,0.8569152093706737
95437,0.9447253785093008
95438,0.0383229054594534
95439,0.0174769799168944
95440,0.1474704143481278
95441,0.1845462302234732
95442,0.0221865502444809
95443,0.0675180445876704
95444,0.0500056136974908
95445,0.11351625135858
95446,0.015688461546393
95447,0.0163844843096338
95448,0.0171190681225401
95449,0.0213453025631109
95450,0.0640402798478162
95451,0.1471094767077824
95452,0.0171447955815539
95453,0.6116782349176184
95454,0.948253186918266
95455,0.0626797154459247
95456,0.0174012786587031
95457,0.2677391021315478
95458,0.0192656381731468
95459,0.019968806141195
95460,0.0199685140312069
95461,0.0181456565829258
95462,0.9444197000574512
95463,0.0185085048990136
95464,0.0842439343133351
95465,0.1586151375255849
95466,0.0195858926759608
95467,0.0202380583404914
95468,0.0279520014460872
95469,0.9467345816894162
95470,0.0179653090242615
95471,0.0306211553329345
95472,0.0552583476916394
95473,0.0777731732342549
95474,0.0393715725069658
95475,0.0403223890053635
95476,0.0211071956802735
95477,0.1186201827602686
95478,0.0236901600904939
95479,0.2361209321269127
95480,0.6380022755961341
95481,0.0169045953872533
95482,0.0187993451208033
95483,0.0163420489202732
95484,0.0195200089441157
95485,0.0173337536013236
95486,0.0206966236697888
95487,0.0210403567890269
95488,0.0185589604103335
95489,0.0252263459945121
95490,0.019240264606634
95491,0.9481176646609446
95492,0.0179153928032618
95493,0.1769582425009913
95494,0.0308805262421348
95495,0.0176252646870494
95496,0.0578826125958384
95497,0.0205011274402988
95498,0.9469032394842676
95499,0.0410269039676259
95500,0.0177925384426299
95501,0.0888084017609795
95502,0.0252166665754811
95503,0.0203236936229187
95504,0.4486795020919201
95505,0.9154775934436872
95506,0.016400475516972
95507,0.0250515523219599
95508,0.0257193386753333
95509,0.9480486929940568
95510,0.049451150810032
95511,0.9363500641090676
95512,0.0222668234290868
95513,0.9357893236318062
95514,0.0171340826740684
95515,0.041588348294513
95516,0.1303876870962447
95517,0.0215750288782482
95518,0.9464451608237046
95519,0.0170534988994096
95520,0.0220839275656428
95521,0.0293666499147772
95522,0.0931327215985837
95523,0.0334156814449241
95524,0.029284213617859
95525,0.0276362081739698
95526,0.035835404285779
95527,0.0157914884981482
95528,0.0939526047751688
95529,0.0212806570633876
95530,0.0425751188704671
95531,0.929121360311207
95532,0.01761994765057
95533,0.0194245371279497
95534,0.9361001224788996
95535,0.0426505945607055
95536,0.0175008160938535
95537,0.0381022551162375
95538,0.0219698149083148
95539,0.4379732198112591
95540,0.0188982748001447
95541,0.0623322223368036
95542,0.0708287767819526
95543,0.0290098259295468
95544,0.0224253614729281
95545,0.0187922844936481
95546,0.0177886315464779
95547,0.0162482898612409
95548,0.0226730245170304
95549,0.0244691948333018
95550,0.9209680632610202
95551,0.0327860774359335
95552,0.0215306791987054
95553,0.0174306648323165
95554,0.0187933027898503
95555,0.122272368488261
95556,0.1208440165916826
95557,0.0186550943093996
95558,0.0165376980979906
95559,0.0235067602543475
95560,0.0189300493810008
95561,0.0643081156553583
95562,0.0184506021282041
95563,0.020826097457386
95564,0.0437458747677041
95565,0.9470966742707416
95566,0.0332708960398333
95567,0.0185712395844403
95568,0.1059204809697248
95569,0.0165696335438977
95570,0.0263640507434394
95571,0.0177769520002733
95572,0.0187778398588954
95573,0.9324513220826826
95574,0.0175189857069132
95575,0.025225802520267
95576,0.0196365195660654
95577,0.0187323291372275
95578,0.0325064136145875
95579,0.0168518971012785
95580,0.0162577439197444
95581,0.0813097288721583
95582,0.9359023194499664
95583,0.0802069699057533
95584,0.0335548888818227
95585,0.0207816678175981
95586,0.0298385724965962
95587,0.6745767606751537
95588,0.0166542222526223
95589,0.0411191839221198
95590,0.0309862001916422
95591,0.5902136092663446
95592,0.0479016268074196
95593,0.9450446661040036
95594,0.3290099153082957
95595,0.0164858014608815
95596,0.3475741406285739
95597,0.02447381582727
95598,0.0356064091024849
95599,0.2885807991162412
95600,0.0192616047177013
95601,0.046632216694757
95602,0.0187398069489974
95603,0.0365446388297391
95604,0.0189587559243906
95605,0.0393129529632714
95606,0.9339563640279172
95607,0.9154016325002864
95608,0.0172338044218944
95609,0.2219367931872532
95610,0.0623351902626479
95611,0.0188991440196764
95612,0.9248684559454196
95613,0.9470768400737216
95614,0.0178430221536238
95615,0.0495361650618913
95616,0.0513339677666504
95617,0.0167995498071555
95618,0.018752683308673
95619,0.0528416350835852
95620,0.0162454667697358
95621,0.0179967139104065
95622,0.022992249395559
95623,0.0193172856379379
95624,0.0310526759555651
95625,0.0289079320002152
95626,0.0199026859796912
95627,0.0378375621246809
95628,0.0373940753175133
95629,0.0187529316641697
95630,0.0179241445704482
95631,0.0176215476329097
95632,0.9391459330695424
95633,0.0266910888821272
95634,0.0302704482824366
95635,0.9314189080548472
95636,0.0676216445894616
95637,0.0196579115892461
95638,0.0158701038940343
95639,0.0221892252848815
95640,0.937569492344694
95641,0.0178808488412266
95642,0.0182599326475409
95643,0.0260335801371651
95644,0.0198169890112229
95645,0.0213237403326211
95646,0.0392806614551877
95647,0.0165396175556318
95648,0.0392301739922648
95649,0.0954736807896036
95650,0.015745333385172
95651,0.0169240920787614
95652,0.0169626806982321
95653,0.0166990687432286
95654,0.0199908532873453
95655,0.0179282916268574
95656,0.0803479414441941
95657,0.0205497431415736
95658,0.0303697584960184
95659,0.1939981321418473
95660,0.0177506467783392
95661,0.027840549904282
95662,0.0358063158754847
95663,0.1187403986012306
95664,0.333835212894242
95665,0.0188464675638275
95666,0.0159097780215967
95667,0.0213457392748303
95668,0.8945258943194744
95669,0.0612406462012773
95670,0.0415962001121489
95671,0.0167373474531385
95672,0.0169712605474963
95673,0.03262827767391
95674,0.0627131411656991
95675,0.9395907293763536
95676,0.0441800005772774
95677,0.0265822041552248
95678,0.0507840261482024
95679,0.0179739352201988
95680,0.947878825992573
95681,0.1237675911026165
95682,0.0181984289380115
95683,0.0236582023021904
95684,0.0231565258359268
95685,0.8678848318152557
95686,0.0215970536138428
95687,0.020443219982895
95688,0.0213742301116821
95689,0.944957180493743
95690,0.0212195878898247
95691,0.020662112120062
95692,0.0182459851578495
95693,0.017622813827367
95694,0.0182345511144235
95695,0.0161626562515969
95696,0.021276580253851
95697,0.022644975683019
95698,0.0280801564388748
95699,0.0175557952559446
95700,0.0261587298927426
95701,0.017395773534972
95702,0.0199091406569125
95703,0.0223750192891972
95704,0.0183922337430994
95705,0.0420879073526488
95706,0.9129642069864584
95707,0.022890851059791
95708,0.0479888854583718
95709,0.0675963321953104
95710,0.0444759566961236
95711,0.0194344775386875
95712,0.0210916450771925
95713,0.020602107065606
95714,0.0160687875966617
95715,0.0167879520957087
95716,0.0165121904515103
95717,0.0363836616575437
95718,0.0211964428047224
95719,0.0268242378733377
95720,0.0212165166737278
95721,0.0298880192340573
95722,0.0169863758408218
95723,0.0172065281939277
95724,0.2790681187528677
95725,0.0460050303338246
95726,0.6541471423128374
95727,0.0241559291909987
95728,0.0828397475868725
95729,0.0523015919907973
95730,0.0506955300109261
95731,0.0224639544022893
95732,0.0168549430791028
95733,0.563016016591815
95734,0.0223518089340443
95735,0.0271469204075609
95736,0.0191729469185567
95737,0.0628241976731771
95738,0.0182941966725781
95739,0.016674421929486
95740,0.0206578337628764
95741,0.0369528628155655
95742,0.9406952489857086
95743,0.0171295628440034
95744,0.0446230729993804
95745,0.0359595727297903
95746,0.0170738616916307
95747,0.0207458591284656
95748,0.7823586659261381
95749,0.0272810804538049
95750,0.0161752009802828
95751,0.9447719859784738
95752,0.1079701249029181
95753,0.0157934304117249
95754,0.9404477387088837
95755,0.6825481271254191
95756,0.0178098842007698
95757,0.0228548002088919
95758,0.9234822942662274
95759,0.1562970468074266
95760,0.0719148263187101
95761,0.0197951989486084
95762,0.016045444589969
95763,0.0543637740828867
95764,0.946260303179362
95765,0.0422541793434701
95766,0.0161979355008555
95767,0.0229702235325515
95768,0.0182800560137564
95769,0.139770064170699
95770,0.1470498845078473
95771,0.0178785071016076
95772,0.0158783246758084
95773,0.0195083792185498
95774,0.9318982060539788
95775,0.0453592319165218
95776,0.0170807106237571
95777,0.9360683890049196
95778,0.0267874047166441
95779,0.0166925138850003
95780,0.552191524811037
95781,0.016050913085313
95782,0.546901907982803
95783,0.0181807412953006
95784,0.021437391490854
95785,0.1521547874306448
95786,0.0162204410533086
95787,0.0336880020553598
95788,0.0231796377916609
95789,0.0204994637894025
95790,0.0169287185077334
95791,0.0277754726259498
95792,0.0225928722648324
95793,0.2003721892189244
95794,0.0182590041284671
95795,0.0190152385455989
95796,0.0182680326676969
95797,0.0160539053942878
95798,0.0171947691936058
95799,0.0196433737155323
95800,0.0174589353746745
95801,0.0165685515111298
95802,0.0282505732920134
95803,0.0196128390474727
95804,0.3446914513582171
95805,0.0226296679674463
95806,0.0195401093803431
95807,0.029257450298306
95808,0.9366319807700154
95809,0.0298659771612924
95810,0.9396250452295822
95811,0.0564354326368113
95812,0.0410797622655526
95813,0.0320972673555668
95814,0.0189871642415083
95815,0.0416159054935265
95816,0.9226324157808208
95817,0.0539982206289346
95818,0.0158642826093467
95819,0.0179431924742704
95820,0.0161021791211003
95821,0.9348749644081752
95822,0.0853636819115777
95823,0.0162164968908598
95824,0.0220863657149841
95825,0.1788018809924163
95826,0.0195665452280359
95827,0.0807155594282847
95828,0.0214590791924353
95829,0.918794230354934
95830,0.0441955331343133
95831,0.0161977124377882
95832,0.0215613307230805
95833,0.7326484282147523
95834,0.037962198924195
95835,0.0208230612166606
95836,0.0158202237740132
95837,0.0236472354490835
95838,0.0177098268771805
95839,0.0158731543734459
95840,0.0480214047127819
95841,0.0350486010980357
95842,0.0264217559795204
95843,0.5538635719396032
95844,0.029578158956689
95845,0.915185402769312
95846,0.0183005229084349
95847,0.0171686424303292
95848,0.0308217378520318
95849,0.025379679677268
95850,0.0180235590171944
95851,0.0197570779897614
95852,0.020156725706538
95853,0.0177887067793706
95854,0.1168472960764532
95855,0.9429701982809602
95856,0.0210165726039392
95857,0.019404689296322
95858,0.941912577323511
95859,0.5317558111448881
95860,0.0200960468504611
95861,0.934854163919266
95862,0.0182552784200834
95863,0.0549413381874393
95864,0.0286305531578494
95865,0.0208951574404672
95866,0.040795160533284
95867,0.0163774840038068
95868,0.079210309195684
95869,0.0595752495145864
95870,0.0276725035551149
95871,0.0194914457953576
95872,0.0222645347514455
95873,0.0213544841613967
95874,0.0191786865671942
95875,0.6971305615596756
95876,0.0478892875187758
95877,0.0245820525207047
95878,0.0215994861087047
95879,0.0199825667198823
95880,0.101125770851625
95881,0.0188193299144968
95882,0.0317577544886425
95883,0.0199379591579547
95884,0.0981888606424344
95885,0.0368500751799539
95886,0.3524021697397513
95887,0.0197998995078042
95888,0.1525011487949192
95889,0.0641933998918789
95890,0.017064169990494
95891,0.0182260099129648
95892,0.0263818810638125
95893,0.1049226001895871
95894,0.0161230387041485
95895,0.2174097159137995
95896,0.0291796863108451
95897,0.017379729029254
95898,0.0162511361988524
95899,0.036085867183253
95900,0.0863306630313841
95901,0.0557362233205003
95902,0.0233752424752626
95903,0.2031111701333389
95904,0.0764103589330015
95905,0.9478064665770156
95906,0.0193161690527686
95907,0.0206147853443493
95908,0.0173720976511198
95909,0.0180887598128484
95910,0.0819060593051597
95911,0.0174281272634509
95912,0.0485342542390062
95913,0.0401465756358163
95914,0.0674988852117293
95915,0.0221788086469941
95916,0.106132613702134
95917,0.9370773874342015
95918,0.0192783278841494
95919,0.927233199522356
95920,0.0174244791578184
95921,0.0199287196887692
95922,0.0308520558991925
95923,0.0253275346169257
95924,0.0317420355819306
95925,0.9457434922850808
95926,0.0675662053990076
95927,0.380168185951763
95928,0.0386784493781964
95929,0.0194891629866722
95930,0.0203516821540693
95931,0.3347804880809986
95932,0.0243881031566148
95933,0.0242220624290872
95934,0.0192430253796375
95935,0.0196766681607393
95936,0.0180411231804368
95937,0.0201786436143936
95938,0.0185332575669635
95939,0.0167735289213709
95940,0.0221627854615543
95941,0.9229598665733936
95942,0.0478742660180506
95943,0.0184818478736016
95944,0.0206288449424219
95945,0.0285305543762866
95946,0.0192154763430071
95947,0.0306615646732619
95948,0.0185611013662015
95949,0.0157436721174136
95950,0.1554441741571201
95951,0.0211537285297936
95952,0.0216181459925546
95953,0.8414162562238122
95954,0.0165419621784798
95955,0.9263071957180262
95956,0.0158496955104555
95957,0.6826933180282319
95958,0.9463463253357676
95959,0.0229853550458615
95960,0.1948613872970021
95961,0.0206605922031771
95962,0.018651560548471
95963,0.0777783919645048
95964,0.0280873710559604
95965,0.0255521296490012
95966,0.0370671930414806
95967,0.0205611014241097
95968,0.919189549210866
95969,0.0342077285446992
95970,0.0158551928745275
95971,0.0167659750354634
95972,0.1314948416104605
95973,0.0371343569161947
95974,0.0177220694963058
95975,0.017484440882758
95976,0.0169629970034963
95977,0.0662842381682162
95978,0.0194683462344797
95979,0.947505260452932
95980,0.0272168798696575
95981,0.0156615357341198
95982,0.1852335468735304
95983,0.0223646910563698
95984,0.0607909176480714
95985,0.0167562248241335
95986,0.0205117526558885
95987,0.0461428033434022
95988,0.017137491236286
95989,0.022248643086377
95990,0.0233457471295712
95991,0.0729679623570182
95992,0.020050753855423
95993,0.0252244208414223
95994,0.0181360193906916
95995,0.0160360639413788
95996,0.0178082344586546
95997,0.0763784625209799
95998,0.0169013714037272
95999,0.0979006764313154
96000,0.0234697221904481
96001,0.016276072621176
96002,0.0491310615488504
96003,0.0163411325716164
96004,0.9429707266263936
96005,0.027021202182509
96006,0.0175871266073643
96007,0.0203696395111374
96008,0.0178906090848375
96009,0.0160101377223556
96010,0.036685658094744
96011,0.0173671614821987
96012,0.0185837257430115
96013,0.0346415029331606
96014,0.0170429370095777
96015,0.0178189477420651
96016,0.3341874384334904
96017,0.9434528712362796
96018,0.017400687234432
96019,0.0300023186367644
96020,0.0169701839459599
96021,0.0188314868847131
96022,0.0166253789110832
96023,0.0342341025367049
96024,0.0179639731193893
96025,0.0300353131187808
96026,0.3529100641164496
96027,0.0175507480626138
96028,0.0171420194668216
96029,0.0288007259757491
96030,0.016556424042965
96031,0.945943085504981
96032,0.934381576972806
96033,0.0206967762963348
96034,0.7955367477313333
96035,0.0251176120818215
96036,0.931918295830582
96037,0.1600099222497181
96038,0.0475887293197433
96039,0.9472977066218382
96040,0.0287461159248608
96041,0.0204635186635445
96042,0.0171522257715454
96043,0.0278208439061399
96044,0.0227332424934465
96045,0.018412027805476
96046,0.0193023472124893
96047,0.8752901238744444
96048,0.0310025692109179
96049,0.0197742112368009
96050,0.0499520891223689
96051,0.0665385779985894
96052,0.0228779247845795
96053,0.0180124552051783
96054,0.0195534383407066
96055,0.0248575769291374
96056,0.0165761461839904
96057,0.0510226099928404
96058,0.0272542357916607
96059,0.0298361308763635
96060,0.0562289922832718
96061,0.022355114763221
96062,0.0189769367522927
96063,0.0187131159373138
96064,0.0175660430388389
96065,0.0182184338303899
96066,0.0188849797339667
96067,0.0169469247052635
96068,0.0174330411756994
96069,0.0173646304830954
96070,0.0232382273543746
96071,0.0288490674953641
96072,0.0168301619684405
96073,0.0335035912651471
96074,0.0155729768630012
96075,0.0197180074688267
96076,0.2005066481428013
96077,0.4486271246105631
96078,0.942365528006858
96079,0.057261159159758
96080,0.0188161491824023
96081,0.0366549934789497
96082,0.0834906347941528
96083,0.0259515381250212
96084,0.9479408341252772
96085,0.0226022235362417
96086,0.7730497804121912
96087,0.0234388576955862
96088,0.0186946195514215
96089,0.0195836829761257
96090,0.0191185146880131
96091,0.0254806596036193
96092,0.0171414299734667
96093,0.9435942163236628
96094,0.024466855038851
96095,0.031453764494048
96096,0.0581677637042801
96097,0.0237017963819394
96098,0.0185260553065086
96099,0.0163912839194244
96100,0.0319773357433993
96101,0.0508087568198611
96102,0.1260215759446726
96103,0.0297432943036167
96104,0.0692443501118131
96105,0.0220809134901459
96106,0.0168749855668655
96107,0.2336561111615845
96108,0.0181116371039282
96109,0.0225131019122659
96110,0.9470921213561224
96111,0.023062989063824
96112,0.0206972878016633
96113,0.437461699536054
96114,0.0244453289162193
96115,0.0182499379329916
96116,0.0596148615825537
96117,0.0190223142768825
96118,0.0176360921836465
96119,0.0178861225019399
96120,0.016879797461492
96121,0.0180776954525939
96122,0.017671918172395
96123,0.0399713272861477
96124,0.0254830090028622
96125,0.0179947729700532
96126,0.0366982756138593
96127,0.9110986730535372
96128,0.0386120364369556
96129,0.0790418878488798
96130,0.9234235454235294
96131,0.0214959755635847
96132,0.0215683457377122
96133,0.0192782280582012
96134,0.0204592113252187
96135,0.0178927426051757
96136,0.0181997554786753
96137,0.0419290904735726
96138,0.94188649082141
96139,0.7307364760936129
96140,0.0227965890637985
96141,0.02034635388919
96142,0.0164640904185553
96143,0.0224926052593231
96144,0.0157525968457761
96145,0.0249489433100351
96146,0.2170895815381777
96147,0.9368339352940628
96148,0.113488723979212
96149,0.0160793381149723
96150,0.0284031471536809
96151,0.0190362023493042
96152,0.0167212080588011
96153,0.9043492924468812
96154,0.3053523133799669
96155,0.0351846596247285
96156,0.0446207052355708
96157,0.0179832307899616
96158,0.0290355394905856
96159,0.0422746661314212
96160,0.0173708749958462
96161,0.0191360423435118
96162,0.018663621364127
96163,0.0221806145692606
96164,0.0215187553427504
96165,0.0214270486961632
96166,0.0177813202159589
96167,0.0213213208459058
96168,0.0335178849612892
96169,0.04792368133569
96170,0.9416209786238846
96171,0.0208929814802604
96172,0.0206264796973175
96173,0.0221891286642808
96174,0.0179887124188448
96175,0.9099277672380368
96176,0.0474337118903451
96177,0.0166773073113835
96178,0.026770047003037
96179,0.0158476188746399
96180,0.0189045690298288
96181,0.0689935402381162
96182,0.0174275743671344
96183,0.0200244307291895
96184,0.0182879078837261
96185,0.0493866783298557
96186,0.0166443085549456
96187,0.9455682349838994
96188,0.1352417413843166
96189,0.080895201163888
96190,0.0218651302540639
96191,0.0321371349593281
96192,0.0445802372360243
96193,0.9396061396332128
96194,0.0188359969403585
96195,0.0293461066772949
96196,0.0663460439031712
96197,0.0206205756400635
96198,0.941062260516946
96199,0.0182648589238471
96200,0.940922580162584
96201,0.0280145576541751
96202,0.0169818396337643
96203,0.0332455429259099
96204,0.0203176705352015
96205,0.0194800329850935
96206,0.0168612092969824
96207,0.0173806482781283
96208,0.0203092992801768
96209,0.021150778672597
96210,0.0300767874566932
96211,0.0169896859794728
96212,0.0264124656762929
96213,0.0218374762057841
96214,0.0440702262897389
96215,0.017044610163285
96216,0.0422975236926127
96217,0.016789007360249
96218,0.108838384801929
96219,0.0201987210304016
96220,0.0166662712216532
96221,0.0431826734594186
96222,0.0247331903810846
96223,0.0183045158772017
96224,0.0212754623464396
96225,0.9218533021274072
96226,0.945957846326896
96227,0.0230249206308036
96228,0.9030154434528428
96229,0.0159802508798897
96230,0.0174952560553313
96231,0.0194903418010436
96232,0.0392014537993953
96233,0.0261426165068832
96234,0.0180977625551457
96235,0.0198820089116377
96236,0.018664953269973
96237,0.0227764930060113
96238,0.0212868857118615
96239,0.0345153968830305
96240,0.0195051656549663
96241,0.7697852049116443
96242,0.0186440649223912
96243,0.0267016237086319
96244,0.0322191875674789
96245,0.0276948637055628
96246,0.0241097486799727
96247,0.9452725556568428
96248,0.017040289467048
96249,0.3337799331194828
96250,0.0189537957925882
96251,0.1406214365066663
96252,0.0166871922502532
96253,0.0299010703847333
96254,0.0182416717782504
96255,0.0198414757243898
96256,0.0226355204088251
96257,0.0188017605593116
96258,0.0188731968344114
96259,0.017262751932783
96260,0.015598878218879
96261,0.0192610747384368
96262,0.01733455015982
96263,0.0215171186369611
96264,0.0454608519349056
96265,0.04603012859276
96266,0.0204929407006275
96267,0.9242510893730862
96268,0.0230893370786419
96269,0.0170661573150345
96270,0.0169779618160398
96271,0.9415643514850056
96272,0.1142696780346791
96273,0.0562304169541193
96274,0.0167595879658512
96275,0.2100633275421513
96276,0.9436575375251756
96277,0.0209078799274547
96278,0.0777345806617614
96279,0.1520504842210645
96280,0.0172856709466012
96281,0.1475420217069233
96282,0.0191908529182255
96283,0.1799917714055576
96284,0.0250653128432855
96285,0.9466940895707712
96286,0.0343382428624796
96287,0.0204047815856678
96288,0.0166886985655324
96289,0.0221141227611575
96290,0.015611438214846
96291,0.0206125604617048
96292,0.0220354028210061
96293,0.0270569479590142
96294,0.048014391912809
96295,0.0262345726575241
96296,0.0221059920126242
96297,0.0668133697892277
96298,0.0167413869530317
96299,0.0461196315844039
96300,0.0188781270886062
96301,0.0216073382209661
96302,0.0172791440168937
96303,0.0195385180880499
96304,0.9476238191498262
96305,0.0178210092715843
96306,0.0165157625662407
96307,0.0177088032358256
96308,0.0349052161112265
96309,0.017311212801699
96310,0.0179097196927151
96311,0.6150066632057796
96312,0.0302843911984701
96313,0.0776950661571467
96314,0.0226279493551454
96315,0.0484866799029407
96316,0.0196527852722883
96317,0.096783065340526
96318,0.0174723483756063
96319,0.0248284104950375
96320,0.039835706937952
96321,0.0168817192641303
96322,0.0205400252212073
96323,0.4950741104410193
96324,0.0168640814448512
96325,0.070693009179505
96326,0.0571381379671357
96327,0.0192969178294326
96328,0.0200356435621035
96329,0.1222255566975826
96330,0.0428841963279493
96331,0.0315814169835373
96332,0.0242054714441817
96333,0.0320062232662951
96334,0.0934336955012692
96335,0.0916675477145744
96336,0.0283168145086139
96337,0.0159886077718344
96338,0.0207384599079324
96339,0.0237795824057532
96340,0.0168378063827161
96341,0.0243628666991018
96342,0.0405078163923925
96343,0.0191107147337204
96344,0.0480808263353099
96345,0.0302023584337673
96346,0.0269422493887708
96347,0.0156866342388488
96348,0.0162422406337613
96349,0.0465529171491681
96350,0.0414503850583151
96351,0.9291417982121716
96352,0.0213053386735863
96353,0.0189678028949253
96354,0.0185419343383485
96355,0.9373310747257017
96356,0.0277011319813314
96357,0.0251184710113467
96358,0.0532090844447743
96359,0.5576433115242321
96360,0.0158371194480971
96361,0.0212902980576018
96362,0.0722428803302543
96363,0.0215851005039791
96364,0.9447389715287297
96365,0.0170438050716444
96366,0.0160141945763411
96367,0.0308623640316804
96368,0.9396602769278368
96369,0.0189211321414272
96370,0.0200984333774574
96371,0.0174616266554891
96372,0.0367357725461338
96373,0.0175951722694497
96374,0.024548815067495
96375,0.019441484948896
96376,0.0158525555868968
96377,0.037862594801019
96378,0.0178782804270849
96379,0.0162982351590754
96380,0.0173922341265986
96381,0.0164259625793827
96382,0.0241769099825918
96383,0.9188421367186044
96384,0.0402993755558825
96385,0.0273338916185479
96386,0.0251341494138872
96387,0.0157491102808212
96388,0.0364191118680465
96389,0.0165138525835719
96390,0.0163811581702466
96391,0.017660571662279
96392,0.0605565538985112
96393,0.0223518364721298
96394,0.945986688979546
96395,0.0289718334075035
96396,0.0192545791200777
96397,0.0163835018942692
96398,0.0221710250645483
96399,0.1847621926737584
96400,0.0176698547912613
96401,0.0189658152435996
96402,0.1514506667186387
96403,0.0319601771019525
96404,0.0486234658923462
96405,0.9476628636136168
96406,0.0177364158757079
96407,0.0180555129200662
96408,0.0186630890853851
96409,0.0279525560803147
96410,0.017360362367903
96411,0.0186905838664676
96412,0.0193706789101363
96413,0.0211752206220181
96414,0.0166593703382658
96415,0.0178960273910728
96416,0.0600874823757946
96417,0.0198248698920493
96418,0.0285254354615088
96419,0.0214926225811192
96420,0.0311782348116008
96421,0.0401317323006947
96422,0.9448790077318804
96423,0.0331636188736359
96424,0.0231417155860785
96425,0.0873145269418813
96426,0.1052032888660597
96427,0.0323082496965512
96428,0.1096465863208498
96429,0.0607637104008191
96430,0.7920493217468717
96431,0.0171760228240983
96432,0.0687509867349346
96433,0.0185925834013749
96434,0.0300498182427096
96435,0.0177883685558101
96436,0.039288717825573
96437,0.0193418393238592
96438,0.2749904205148404
96439,0.5903384896642168
96440,0.0168916580027493
96441,0.0172189924779229
96442,0.0169271525336771
96443,0.0326695855398307
96444,0.0212266012523985
96445,0.0370433061670351
96446,0.0181341948525673
96447,0.9142460200271588
96448,0.0232517583176263
96449,0.0156670796782332
96450,0.0369068760416266
96451,0.0210397087928395
96452,0.3528603175610266
96453,0.0626205974149131
96454,0.0166366125305946
96455,0.1199845259283545
96456,0.0247362304076241
96457,0.0309667261480994
96458,0.0179264938133353
96459,0.0165839928807138
96460,0.0181362336231869
96461,0.0996772236395608
96462,0.0387527533147977
96463,0.9339732237327658
96464,0.0273566309196451
96465,0.0363694741100644
96466,0.0171367536416133
96467,0.0176247959475197
96468,0.9463609821588622
96469,0.0223654722549035
96470,0.0198802069806015
96471,0.0169693984139123
96472,0.0250606486857478
96473,0.0184654655233838
96474,0.016543984963031
96475,0.0619498350894011
96476,0.0261166790462294
96477,0.0187235995865233
96478,0.0188838048105207
96479,0.138867785810494
96480,0.022014818781405
96481,0.9445416948120754
96482,0.0173902367706567
96483,0.0214725896144429
96484,0.022945526100227
96485,0.048843675579885
96486,0.0192283683024026
96487,0.0174457432440185
96488,0.0631962712381447
96489,0.0235858257501231
96490,0.0180354323816449
96491,0.0173820623114914
96492,0.5185499752675975
96493,0.9476169520953224
96494,0.0529458319777136
96495,0.0164477416096056
96496,0.0178230223970481
96497,0.022163311777947
96498,0.0165664961386917
96499,0.023632444524065
96500,0.3283827853645342
96501,0.0179952502989136
96502,0.113148769117765
96503,0.0162891458341006
96504,0.0246546954285844
96505,0.017579766015801
96506,0.0255334616430382
96507,0.4117822541709686
96508,0.051440107775539
96509,0.0190809147290118
96510,0.411785518072962
96511,0.9337319945131276
96512,0.017621428997721
96513,0.0419443996156342
96514,0.022310110215677
96515,0.0231098568115377
96516,0.3242125599376586
96517,0.0187125316915426
96518,0.943551968122269
96519,0.0246432071058474
96520,0.020797805466281
96521,0.0338761651529677
96522,0.0166079145384438
96523,0.0209021556718102
96524,0.020284973105624
96525,0.0243251385663664
96526,0.0204574527471955
96527,0.0176778717013022
96528,0.0295367713901623
96529,0.0191534655530094
96530,0.0164680189323152
96531,0.0213683748947233
96532,0.9449414411393294
96533,0.0242679591004156
96534,0.9410991820789264
96535,0.2193413585562966
96536,0.900195709929118
96537,0.0416364060636945
96538,0.0582177995277407
96539,0.0943158968071563
96540,0.0163801800844434
96541,0.0166626709366178
96542,0.0164000388303947
96543,0.0540511956598213
96544,0.0165770149402203
96545,0.9484998345583376
96546,0.0433156519310876
96547,0.0193540642108096
96548,0.0322877310208337
96549,0.0247043947529734
96550,0.0326489574156161
96551,0.016297001944882
96552,0.0438288068012803
96553,0.0162918158275511
96554,0.9152694071489456
96555,0.0182749348985141
96556,0.0171311013446098
96557,0.0194508916608674
96558,0.9470964878033202
96559,0.0194282613269141
96560,0.8954857531664422
96561,0.0240477869210748
96562,0.0173134600982329
96563,0.0161749546831503
96564,0.0215172327055337
96565,0.047638722967885
96566,0.0184292365956634
96567,0.0238864512911475
96568,0.0217649751627448
96569,0.6668967237166475
96570,0.0178625230424816
96571,0.0244037426709555
96572,0.0204665688497375
96573,0.0159048699802366
96574,0.0536076938315756
96575,0.0178583038027666
96576,0.0270613804521851
96577,0.5390196993543549
96578,0.0185777278016305
96579,0.0214536891565885
96580,0.0163061224776869
96581,0.0718860397897408
96582,0.0780183574357359
96583,0.0301178829339491
96584,0.2237903572253685
96585,0.0252784798218496
96586,0.0292901490064771
96587,0.027142662724017
96588,0.0731866690909964
96589,0.0170555642902194
96590,0.0393910769013889
96591,0.075628587120713
96592,0.0377233310183173
96593,0.0156578164790107
96594,0.0238949404415491
96595,0.0781820645063512
96596,0.8982914496814577
96597,0.0447116118428886
96598,0.015829487370055
96599,0.8523130128479055
96600,0.0185440637554384
96601,0.0592844046257717
96602,0.036937191241591
96603,0.0366320228626795
96604,0.0265691535604828
96605,0.0486324773245493
96606,0.0173615798398989
96607,0.0174371991462693
96608,0.0586670343282497
96609,0.0163278781824366
96610,0.0287224716581301
96611,0.023874018776864
96612,0.1221864997092441
96613,0.2656791009042979
96614,0.0723243313129075
96615,0.0464952901088234
96616,0.0169042668868903
96617,0.294212201990413
96618,0.03705385437939
96619,0.0172722856761469
96620,0.058594653325855
96621,0.0158412298424273
96622,0.1430494497011404
96623,0.0175138178723711
96624,0.0455384294612426
96625,0.018917048845321
96626,0.0290549178741968
96627,0.0509585895056021
96628,0.0326520631743579
96629,0.0194176003606102
96630,0.0236083421750968
96631,0.0162354783592911
96632,0.2543479468943233
96633,0.0201206318013413
96634,0.0730504539100721
96635,0.0175501614688249
96636,0.0175610112759336
96637,0.0168380748156543
96638,0.019124836785748
96639,0.0156082517608136
96640,0.0197832223729369
96641,0.0217153758226527
96642,0.0161128302225572
96643,0.0227270934202768
96644,0.0182159010154044
96645,0.0303054646147872
96646,0.0894169427409192
96647,0.0668293907144943
96648,0.0197349078336044
96649,0.6878269412491201
96650,0.0281487891222826
96651,0.9420678197765444
96652,0.9004475552080905
96653,0.0211471060184161
96654,0.0588297680878495
96655,0.0171669267428761
96656,0.016465822630108
96657,0.0176108489253876
96658,0.0284168499339107
96659,0.9289227631519008
96660,0.0368417444638213
96661,0.9452217799486704
96662,0.0185291293683316
96663,0.0522371163957329
96664,0.0177500971494698
96665,0.0614450288336995
96666,0.0170227033245535
96667,0.0368069901342515
96668,0.0230212899685234
96669,0.0169027656476057
96670,0.9314044148270764
96671,0.0182094227494051
96672,0.0158690682417245
96673,0.0178969722854805
96674,0.1894029456791832
96675,0.023623669855625
96676,0.0384102119932657
96677,0.9389779740589058
96678,0.0241903260593649
96679,0.01646594979163
96680,0.0173024696885282
96681,0.1579076831936111
96682,0.020153134422329
96683,0.0240379023972745
96684,0.0334644021388464
96685,0.0168557282155993
96686,0.936119671250886
96687,0.3604688541190957
96688,0.6172483631016135
96689,0.9468241029345428
96690,0.0164707822815416
96691,0.0461677942469995
96692,0.0228914326544436
96693,0.0366367424075394
96694,0.0202989968036366
96695,0.0164775831460133
96696,0.0212302970780061
96697,0.0173231320110238
96698,0.1310150769242296
96699,0.0167717466224966
96700,0.033379473777538
96701,0.0155811004670975
96702,0.0690775347245828
96703,0.0186786405760768
96704,0.0165105483004277
96705,0.0202220822588485
96706,0.018850078634037
96707,0.0571656974373109
96708,0.017295168512695
96709,0.0169276003712047
96710,0.9104099996980052
96711,0.185025002441457
96712,0.0362021081741604
96713,0.0193331534818804
96714,0.025736151805589
96715,0.0291931002199831
96716,0.0182905166416696
96717,0.0280385211494946
96718,0.0158800080410347
96719,0.0172684943175598
96720,0.0256278757856963
96721,0.0885290498516127
96722,0.0219732176509831
96723,0.0168796074274201
96724,0.0156315697589541
96725,0.946876893339212
96726,0.0169329537373946
96727,0.0199720223845024
96728,0.0257554725913117
96729,0.0176877319897574
96730,0.9266616409386772
96731,0.0157441856037528
96732,0.0187853973379559
96733,0.0189932974637417
96734,0.0159127550962791
96735,0.016928777797541
96736,0.9466395290992858
96737,0.0182020262673088
96738,0.0207977228857976
96739,0.0180641516238601
96740,0.8997432498402471
96741,0.0206001206240765
96742,0.0207083807385877
96743,0.0171684351606534
96744,0.0285962329181644
96745,0.0563875564376121
96746,0.0178719022668274
96747,0.1010602588565362
96748,0.0453180458626683
96749,0.0170428317780209
96750,0.0166978751569103
96751,0.9477738096733404
96752,0.0182426470255363
96753,0.0178068045971679
96754,0.043057010331138
96755,0.0730609142258441
96756,0.947124360097476
96757,0.0473614484815912
96758,0.0181263873619365
96759,0.0205819481632318
96760,0.0957010090489863
96761,0.8868850862325618
96762,0.0167208446393389
96763,0.0524983140989637
96764,0.0171932723067838
96765,0.0273475357041757
96766,0.0188926068797688
96767,0.0183797264447277
96768,0.1394953827189734
96769,0.0165530840166889
96770,0.0183028137388285
96771,0.0159539256505427
96772,0.0431841688043491
96773,0.3420003047221152
96774,0.1722031431495764
96775,0.0625036326748365
96776,0.0684082756812409
96777,0.01894652053905
96778,0.0301481812840059
96779,0.0900554705471406
96780,0.0394335128307356
96781,0.8640183756764375
96782,0.01692639558011
96783,0.021420880727225
96784,0.0199375434941342
96785,0.0192958419047569
96786,0.947395631990364
96787,0.9336158975568318
96788,0.0174173436789557
96789,0.9359926070371716
96790,0.235755002459137
96791,0.0199270842866531
96792,0.0244850185519648
96793,0.9421000654856628
96794,0.0205408906662363
96795,0.0802821109278103
96796,0.0189269073257478
96797,0.0168621101324049
96798,0.0275832757627714
96799,0.0205006100998347
96800,0.0173022583387767
96801,0.0400326338161767
96802,0.0403451000020336
96803,0.0173437602124955
96804,0.0219521703793675
96805,0.8785354436647683
96806,0.9382457665617554
96807,0.0997286901041709
96808,0.0276510303093821
96809,0.0173800480698439
96810,0.017691790332752
96811,0.017231929763142
96812,0.0584984778148327
96813,0.8832584464527291
96814,0.0184915358904906
96815,0.065049758227082
96816,0.1527175980800189
96817,0.0162624124064673
96818,0.0167393593198622
96819,0.0164753704657658
96820,0.9129881737934978
96821,0.0189882030225499
96822,0.0161455781952914
96823,0.0237552024074992
96824,0.033837279455245
96825,0.0213931835838918
96826,0.3281812997041043
96827,0.0199079143660629
96828,0.941545712611997
96829,0.01575728808631
96830,0.0733870410513978
96831,0.0223946010617538
96832,0.0190933439203362
96833,0.0249647710653982
96834,0.0303678438572105
96835,0.020210261378995
96836,0.9001658795040592
96837,0.0640272369293654
96838,0.036692496700788
96839,0.019708924467305
96840,0.0426049145020653
96841,0.0197247937433664
96842,0.1600991494243799
96843,0.0863835874104128
96844,0.0745410864577124
96845,0.0176989274904745
96846,0.946802413558499
96847,0.946543326186898
96848,0.032355722074543
96849,0.0236247310640791
96850,0.022049259375008
96851,0.0401018563219001
96852,0.021149183360509
96853,0.947690619191517
96854,0.0157669178665131
96855,0.0213524947970921
96856,0.92956344580851
96857,0.0230583740015199
96858,0.034531445384193
96859,0.0636453922903643
96860,0.0366715837334718
96861,0.9313265057227722
96862,0.0240255606311724
96863,0.942536675385192
96864,0.0289150907820853
96865,0.5764339147070187
96866,0.0202281570603103
96867,0.0171733528901362
96868,0.0233087424796721
96869,0.0191755234273183
96870,0.0534169070562331
96871,0.0172031783717581
96872,0.0183247585108948
96873,0.9409854320584952
96874,0.0168144177855458
96875,0.0181786759413708
96876,0.0190113059671416
96877,0.1985065354415546
96878,0.0341258941242135
96879,0.0171430915017148
96880,0.0427425993864511
96881,0.9308517370056796
96882,0.0270488014642331
96883,0.0705309765561428
96884,0.0193267312055869
96885,0.016890774496102
96886,0.0169960015213661
96887,0.0368533413023727
96888,0.0257030101630674
96889,0.0175852368103758
96890,0.017566020737324
96891,0.0165255177697075
96892,0.0172735397310362
96893,0.0183976570458798
96894,0.0171685949851254
96895,0.1322273156176184
96896,0.0281066885050295
96897,0.0206514247358732
96898,0.1223128858362962
96899,0.1368780517438838
96900,0.4328037795244919
96901,0.0158150773021799
96902,0.0220298596204636
96903,0.0156703610140016
96904,0.148240446650258
96905,0.0210378662146376
96906,0.9384996282391844
96907,0.0292314692811561
96908,0.0159111383510355
96909,0.0350870472854044
96910,0.0181699371795409
96911,0.0287534436339353
96912,0.0160680733295592
96913,0.0177198733159269
96914,0.0383400640144495
96915,0.0211200918749391
96916,0.0240334762953877
96917,0.2844244205271
96918,0.0156475008601761
96919,0.0885917152231687
96920,0.0672374079986127
96921,0.0164712886714043
96922,0.017362487574782
96923,0.0456414128426975
96924,0.026936318739824
96925,0.021812284237666
96926,0.0391035961026845
96927,0.0333949585063458
96928,0.1229259273223646
96929,0.0372413215774656
96930,0.0196561694087615
96931,0.0207217996662661
96932,0.0171416659547709
96933,0.0235539971735297
96934,0.0570728002836836
96935,0.0193007870917858
96936,0.0226112984746512
96937,0.0199970338201907
96938,0.0171359524260352
96939,0.9411277789039818
96940,0.0334726805986965
96941,0.0263166519019911
96942,0.047965015611824
96943,0.0279659500926581
96944,0.0175451432581257
96945,0.0544282421132088
96946,0.9387443697149414
96947,0.0311580713263738
96948,0.0213831987127493
96949,0.0214470643944302
96950,0.0161197522506053
96951,0.0293464442170794
96952,0.0292719936437848
96953,0.1881047402893962
96954,0.0173048515451143
96955,0.9329801343584444
96956,0.0400824028410457
96957,0.018077386967929
96958,0.0232879114247093
96959,0.0175127479488089
96960,0.020327032089527
96961,0.0940557466059817
96962,0.0328988166741278
96963,0.0282198180645384
96964,0.0162826433658711
96965,0.9350600941183824
96966,0.9480682122558362
96967,0.9384810034272988
96968,0.0215887160944938
96969,0.0297706308063365
96970,0.0351138988037318
96971,0.0180032440441002
96972,0.0167092292011897
96973,0.018752643659765
96974,0.0218651684234849
96975,0.025627261810892
96976,0.0168108155148085
96977,0.0176093488964717
96978,0.0189920442801301
96979,0.0331956279467775
96980,0.0197808700287272
96981,0.132528018763378
96982,0.0300003811818162
96983,0.0189704537891825
96984,0.926534246792216
96985,0.0180318157696006
96986,0.0647105668400936
96987,0.023007489300021
96988,0.0201585801099465
96989,0.0182038801940837
96990,0.0172672553873757
96991,0.0204446089507151
96992,0.0179474092997239
96993,0.0175906640350206
96994,0.0339963370333401
96995,0.1076827571804407
96996,0.0193181020585158
96997,0.9447625663351048
96998,0.0223183038468407
96999,0.0168663583240019
97000,0.0169295269074793
97001,0.5597316087907293
97002,0.0438623010671828
97003,0.0185060262091288
97004,0.0162391665140776
97005,0.0204939056928473
97006,0.0163084487404574
97007,0.0180393887677966
97008,0.0260630251802767
97009,0.0521419927486665
97010,0.017999553027449
97011,0.0172826399664579
97012,0.0162970865197117
97013,0.0164658687658784
97014,0.0193688991344174
97015,0.0538061278103295
97016,0.0253822252714785
97017,0.0167319945892613
97018,0.2382836277578328
97019,0.0610054946827184
97020,0.0175720996823121
97021,0.0185755692909438
97022,0.940678471798742
97023,0.0261283084117193
97024,0.0170034806872804
97025,0.147710396644828
97026,0.0196446115185564
97027,0.0170040514935688
97028,0.0170529625761712
97029,0.0709620008746152
97030,0.038339467995671
97031,0.9481118340615646
97032,0.0171114472402406
97033,0.0359746532207787
97034,0.0170818541323891
97035,0.0162041786121758
97036,0.234744831661191
97037,0.0221479913577264
97038,0.8929470202021758
97039,0.1182940351498821
97040,0.0202979387904382
97041,0.0198617006155604
97042,0.0201844593329507
97043,0.0160390489414387
97044,0.0161093441740086
97045,0.1813579453874972
97046,0.021428733165604
97047,0.0178205847577441
97048,0.0916942619405204
97049,0.0199228909962534
97050,0.2879935378616678
97051,0.9425862878434113
97052,0.1191880310999565
97053,0.0170191940836971
97054,0.1396703420440984
97055,0.3135468790086969
97056,0.0189553324092629
97057,0.0199906604024581
97058,0.6147563692412943
97059,0.0291995764798278
97060,0.0294401846405413
97061,0.0685233347655192
97062,0.0164084560416213
97063,0.0199080728549443
97064,0.0175640140600846
97065,0.0479679783813466
97066,0.0174192596022273
97067,0.0185509074327586
97068,0.0173945575798603
97069,0.0205773531506495
97070,0.9477281271273346
97071,0.902050599014116
97072,0.0225523473885566
97073,0.0221426825370379
97074,0.0959868432196972
97075,0.3542549453021369
97076,0.0162522040687549
97077,0.0374070365408441
97078,0.1110783909953168
97079,0.0333145631823065
97080,0.017144440669517
97081,0.9450962594162884
97082,0.0244751377329503
97083,0.0218676320246729
97084,0.0317722963115276
97085,0.9304104383046674
97086,0.0167108029485818
97087,0.0191489276883421
97088,0.0188168540085459
97089,0.0823912490428341
97090,0.0622664815235107
97091,0.942623222671035
97092,0.9165875512913916
97093,0.2101868498663041
97094,0.025821204214155
97095,0.4224512799905126
97096,0.0162992889939071
97097,0.9484885275209688
97098,0.0201995149931738
97099,0.0183687614273161
97100,0.0255324467848437
97101,0.0226966557911475
97102,0.0231585814122714
97103,0.0170087316042248
97104,0.9448140297658968
97105,0.033602325867452
97106,0.0305296777705554
97107,0.0286331701469361
97108,0.9028465706128476
97109,0.0181220372034655
97110,0.0180799222505654
97111,0.0501996639029552
97112,0.017843251771228
97113,0.0167800327707459
97114,0.0348431548719134
97115,0.9434945413594804
97116,0.0197624099656937
97117,0.0376237605985775
97118,0.0160702506165827
97119,0.044497664986759
97120,0.0157890526237663
97121,0.0169676646167478
97122,0.0175130882402049
97123,0.0227119593936572
97124,0.925876226895072
97125,0.027518379012437
97126,0.0216713509842428
97127,0.0774393497459889
97128,0.0174109683556748
97129,0.0171019090039039
97130,0.0185612956650432
97131,0.0472902350627271
97132,0.0637808170807728
97133,0.0238798533187752
97134,0.0420445106739824
97135,0.0810565958534217
97136,0.0172269714955245
97137,0.0178195296564493
97138,0.0174991847140607
97139,0.0170653193571736
97140,0.1464239283376097
97141,0.0195216348346832
97142,0.0160225267641953
97143,0.9483549456095792
97144,0.0201917688986122
97145,0.9238290837544088
97146,0.0476200842320566
97147,0.0189446807418004
97148,0.0240564319246693
97149,0.0246798705458286
97150,0.0175318947871834
97151,0.94101128280457
97152,0.0288130998288162
97153,0.0171073355087172
97154,0.0195702333709892
97155,0.0184982590493328
97156,0.0178117064747999
97157,0.1020782898113609
97158,0.9185786428423682
97159,0.9102649972941976
97160,0.017825860293136
97161,0.2679698558927562
97162,0.0165645622880232
97163,0.0171685361030524
97164,0.0307057183204071
97165,0.0182136907494232
97166,0.0162741611755496
97167,0.0401475502898672
97168,0.0172241017049176
97169,0.0167786094076997
97170,0.023718958645694
97171,0.0390486276460869
97172,0.0232496949067264
97173,0.0197516978971111
97174,0.0239257409747843
97175,0.0210422249200689
97176,0.0169538319203704
97177,0.0643126713787022
97178,0.0238251839351814
97179,0.7135188403166648
97180,0.0253521957377941
97181,0.0844516627016125
97182,0.0286236617416031
97183,0.0624759169866704
97184,0.1364630552251572
97185,0.0168240383781509
97186,0.3361933531568851
97187,0.1823910528122279
97188,0.0182084873822065
97189,0.016552194438008
97190,0.0216703406691272
97191,0.3439896648023521
97192,0.0408379918938613
97193,0.0304234670002659
97194,0.9240682026281396
97195,0.0377290709534054
97196,0.0408939556327614
97197,0.0168233871087971
97198,0.0199135325030263
97199,0.0236033765658176
97200,0.0160246346481461
97201,0.0171126929317244
97202,0.0776537395859768
97203,0.0591757385122394
97204,0.0175110893398426
97205,0.0173580400723781
97206,0.0256826631736895
97207,0.0157743477174537
97208,0.024955079236372
97209,0.0164598398895639
97210,0.026154688789587
97211,0.0161793274400208
97212,0.0221761289055157
97213,0.0355997346717478
97214,0.016742332280439
97215,0.0209509900636579
97216,0.0737898514626082
97217,0.0541257138688491
97218,0.0175057710652216
97219,0.7023506503977304
97220,0.2488821579393216
97221,0.0347616664349937
97222,0.027720815606162
97223,0.0261712594413453
97224,0.8138121490532693
97225,0.0196814221261716
97226,0.0211318704449799
97227,0.0239885306147668
97228,0.0562534046375539
97229,0.0183459953288057
97230,0.0182678869686526
97231,0.9244477456634508
97232,0.0629602535703102
97233,0.0403888821974475
97234,0.9130323323451904
97235,0.0206296824897126
97236,0.947086341808862
97237,0.0174156137907077
97238,0.0157956835848419
97239,0.0156978575366543
97240,0.0170326854538014
97241,0.0174777256882643
97242,0.0206733942539127
97243,0.0740242223071864
97244,0.0325031166160375
97245,0.0252427384414744
97246,0.0169330937664533
97247,0.0261241112325922
97248,0.016666833837749
97249,0.0165702557182239
97250,0.0175379345157488
97251,0.9393902851796748
97252,0.0588054576772734
97253,0.019787019268852
97254,0.0177050328117274
97255,0.0391385266381999
97256,0.1024677980294512
97257,0.01786220612552
97258,0.0425014591379817
97259,0.0238569387159713
97260,0.0172560019441386
97261,0.9261583883276636
97262,0.0777085003516147
97263,0.0200983470733121
97264,0.0194510920252934
97265,0.9442971197721916
97266,0.262453626650753
97267,0.3668087715790507
97268,0.0182567433284681
97269,0.0570443339059544
97270,0.0355754406736732
97271,0.934255354369826
97272,0.0262043984203424
97273,0.0219338583754472
97274,0.031613078967673
97275,0.019152583963039
97276,0.9258657411796412
97277,0.0204731062336918
97278,0.3291527519325172
97279,0.0183989702308326
97280,0.0230915968875461
97281,0.0664579668065954
97282,0.0243111687168785
97283,0.0188205579959375
97284,0.0217800221542899
97285,0.0192498618425707
97286,0.0165193383944087
97287,0.0219238238654618
97288,0.0293326365678652
97289,0.9395411382924542
97290,0.0262620958105049
97291,0.0234759808945331
97292,0.017169460585746
97293,0.0177264641303423
97294,0.0240414019358303
97295,0.9451943195464934
97296,0.8459806081050885
97297,0.0334668258092547
97298,0.0192478498192638
97299,0.0252096520198614
97300,0.0371101169181056
97301,0.0597394360613839
97302,0.022565909612845
97303,0.0238383179000841
97304,0.0198374829944916
97305,0.0220641053397249
97306,0.0770394489854592
97307,0.0175692756618066
97308,0.0190835746446239
97309,0.0235709455281772
97310,0.0242505919331717
97311,0.9460734134089782
97312,0.0187192124934743
97313,0.8301460137079886
97314,0.0188803976151329
97315,0.0805415051111463
97316,0.9424681130719524
97317,0.0575358371952205
97318,0.0215996163832431
97319,0.0271207491482404
97320,0.0203861464447042
97321,0.1197142869354934
97322,0.0243461407497656
97323,0.0342071725074313
97324,0.1099298443049491
97325,0.041099946514184
97326,0.1912031366107528
97327,0.0168307002525271
97328,0.8773844107153291
97329,0.0242313716426184
97330,0.0230699643441309
97331,0.0234349616051881
97332,0.0158399647574165
97333,0.016334933039518
97334,0.0212888262191697
97335,0.0829520877533574
97336,0.0168184387665592
97337,0.0172207274859503
97338,0.0164417994175765
97339,0.0210694010041655
97340,0.0291342216618046
97341,0.0280461191482575
97342,0.0161566652949816
97343,0.0254804446220083
97344,0.0173580383646565
97345,0.8822590006485448
97346,0.0505230557921228
97347,0.0353332304586097
97348,0.0204749701175813
97349,0.040363597658571
97350,0.020666429852507
97351,0.364604279539461
97352,0.0614546729824613
97353,0.0195274379974542
97354,0.0173769676041898
97355,0.0182790384827667
97356,0.0219543042479337
97357,0.0172324182127406
97358,0.0501851330723277
97359,0.0232177859711211
97360,0.0199367101757496
97361,0.0209927628903272
97362,0.0211268800970179
97363,0.0185838635997189
97364,0.9159019049125604
97365,0.0283147790987481
97366,0.0156478974406637
97367,0.0173911448308312
97368,0.944486970060172
97369,0.0190356513838148
97370,0.0522904936496872
97371,0.0183275002444983
97372,0.2803216320108959
97373,0.0165609928873691
97374,0.02212759786612
97375,0.024615374916417
97376,0.0183234997957833
97377,0.019027414889212
97378,0.0815499673370288
97379,0.0505151053305968
97380,0.0224905061955246
97381,0.1137987551620888
97382,0.0567664450878128
97383,0.0190415024406567
97384,0.0203310688819936
97385,0.0172062345956648
97386,0.0266298768377013
97387,0.0219631704126412
97388,0.0388387639510888
97389,0.0400594492262585
97390,0.0183664187150691
97391,0.0266977510849354
97392,0.0748222975614043
97393,0.0166117774812733
97394,0.0287993803553963
97395,0.0279004724219625
97396,0.0249026236147715
97397,0.9434636641746053
97398,0.0261263697228377
97399,0.0440188163035218
97400,0.0181272794833854
97401,0.0167774450634141
97402,0.9133238304444018
97403,0.0170117156666066
97404,0.0164622817134393
97405,0.2770877335462732
97406,0.0176372961621336
97407,0.0551888279856746
97408,0.4102649860379651
97409,0.0180748343723888
97410,0.0158485379290942
97411,0.8937506290446753
97412,0.0175054760033933
97413,0.3978580303241871
97414,0.0160004604618039
97415,0.0221218364257883
97416,0.1700042315497558
97417,0.0755628137202549
97418,0.0198024657214592
97419,0.0203703402981518
97420,0.0173715285122261
97421,0.0432131533681345
97422,0.0221422253501569
97423,0.0167787519370364
97424,0.0506986783872733
97425,0.0187753619129757
97426,0.0206218215020444
97427,0.0275068150644879
97428,0.0440891753953092
97429,0.0204837202111963
97430,0.0178406780569682
97431,0.0252824805949301
97432,0.0164329503822445
97433,0.0157971517592058
97434,0.0162817583516549
97435,0.0159625961654589
97436,0.0161355915921158
97437,0.0224490122989577
97438,0.0447639543599085
97439,0.0409515328652163
97440,0.0184028034291393
97441,0.0181034132561904
97442,0.01750705420909
97443,0.0483032397868182
97444,0.0246740364242688
97445,0.0179880327537436
97446,0.0161164690022841
97447,0.0212358156752717
97448,0.947509238572664
97449,0.0285345500976653
97450,0.9399592597614492
97451,0.0192775448828281
97452,0.0300272803401566
97453,0.929901480651835
97454,0.0190818161919504
97455,0.0189036793511134
97456,0.0240473250489926
97457,0.0511123293010084
97458,0.05122081711878
97459,0.019162260755426
97460,0.0760111622351888
97461,0.0192071359960517
97462,0.0843924793135184
97463,0.0341828449179621
97464,0.9387671592368572
97465,0.0172327918787711
97466,0.0166026297250588
97467,0.0282698344734054
97468,0.028023211491676
97469,0.0160761172288548
97470,0.9358970426483876
97471,0.018276303180351
97472,0.0159116817947508
97473,0.017173966784915
97474,0.9383419949788678
97475,0.6276020026946451
97476,0.2102942867388548
97477,0.0423912217772559
97478,0.0169588596368814
97479,0.0194189190001481
97480,0.019432912969243
97481,0.0188051495923106
97482,0.0174089140559463
97483,0.930745826308977
97484,0.0309103615039645
97485,0.9259086395762908
97486,0.0183291086513485
97487,0.0218959841621136
97488,0.0168274534074245
97489,0.0166529186099919
97490,0.0441359416108259
97491,0.0637934395479881
97492,0.0175281271575821
97493,0.4898003726767316
97494,0.0200834974973624
97495,0.0429533541548933
97496,0.0179650211883303
97497,0.0279818954982269
97498,0.9467735297092116
97499,0.0170641293031268
97500,0.1446697268020446
97501,0.0277975174992487
97502,0.0307563076696524
97503,0.0230619610945723
97504,0.0179215368263254
97505,0.0310921352939649
97506,0.0214111067244142
97507,0.0297809087311074
97508,0.016368431706562
97509,0.016228530814429
97510,0.9437569474278672
97511,0.0513855772797247
97512,0.0228477802903211
97513,0.0249589064864596
97514,0.0171700150407805
97515,0.0189753287848593
97516,0.944917549485779
97517,0.0164082785527566
97518,0.168947583921653
97519,0.0220472134756229
97520,0.0194159794013125
97521,0.9337926017387254
97522,0.0505397015388379
97523,0.0750324434210288
97524,0.2251222919451749
97525,0.0231636833801093
97526,0.0626819224823756
97527,0.0194254972801298
97528,0.0166869740941546
97529,0.0189016424129216
97530,0.0264676531652626
97531,0.0231574945832701
97532,0.9454434984329756
97533,0.0251814303625553
97534,0.0181462209273984
97535,0.0576593248453464
97536,0.0175902762670668
97537,0.0210967295486286
97538,0.015971079378829
97539,0.0210681762605112
97540,0.0157031289508951
97541,0.0170923184608881
97542,0.7667804662305898
97543,0.0164875047158135
97544,0.0263954804080384
97545,0.0178196881255131
97546,0.0193148196810986
97547,0.0169841823413007
97548,0.0315188696307716
97549,0.0157202536729823
97550,0.0355671130219424
97551,0.0166889466695349
97552,0.9317506907955068
97553,0.0175823437704926
97554,0.0157930700043482
97555,0.0284354146413063
97556,0.0177852651676279
97557,0.0206429768558093
97558,0.0192594478812544
97559,0.0483631717618084
97560,0.0836988188356192
97561,0.0164628854107522
97562,0.0571349586647343
97563,0.0220925561247478
97564,0.0453915800311679
97565,0.0203184489669749
97566,0.0245923043258155
97567,0.0392807500295545
97568,0.0291262477825918
97569,0.9469702881438608
97570,0.0194421034893193
97571,0.080056255825516
97572,0.5754609785572415
97573,0.2534642313930761
97574,0.0187505924539025
97575,0.1653142679274244
97576,0.0161889195085317
97577,0.079539389418307
97578,0.7080873405049912
97579,0.0812489986062485
97580,0.0168128937930562
97581,0.9479530792994
97582,0.054698014450895
97583,0.0159128006777894
97584,0.0178986670838724
97585,0.0174635239289774
97586,0.0227642611785339
97587,0.4828651244076529
97588,0.1996157108113921
97589,0.0160798940191995
97590,0.0179177848827617
97591,0.0250757941005856
97592,0.0173290591965421
97593,0.0182629332863298
97594,0.0222716649487571
97595,0.0182495275299913
97596,0.0395657951536759
97597,0.0187395463541176
97598,0.0539378462100265
97599,0.0209392888855323
97600,0.926869440527072
97601,0.0317966487075182
97602,0.0340185012796198
97603,0.0184419632561433
97604,0.9433877214198696
97605,0.016851946453057
97606,0.9241198656166898
97607,0.0204764159611274
97608,0.0159112056538628
97609,0.0169173804559928
97610,0.0399061829931909
97611,0.01741848519563
97612,0.9468259152402968
97613,0.0179649494535232
97614,0.0172368400234599
97615,0.2270976457531346
97616,0.946494043146596
97617,0.0352574536375255
97618,0.0184201167020066
97619,0.020009013389891
97620,0.0244414399452485
97621,0.0184718910501131
97622,0.0170879478531068
97623,0.1350213715398647
97624,0.0640052046314153
97625,0.0163156623843166
97626,0.0210671464128572
97627,0.0176983908853822
97628,0.0175603177490461
97629,0.9332233744132932
97630,0.9407804400491092
97631,0.0227763093202965
97632,0.0171377815838654
97633,0.0222120714138909
97634,0.0194535064454941
97635,0.0182924877958469
97636,0.0768942044700446
97637,0.0517559390804063
97638,0.0163725367030764
97639,0.941275248309322
97640,0.9412013021782418
97641,0.0219764625189142
97642,0.0210110747304845
97643,0.9351178058430736
97644,0.0211258553104418
97645,0.0162305590352713
97646,0.0425512574873362
97647,0.0155916419834703
97648,0.0176422362777071
97649,0.8983912587755687
97650,0.0191592582490743
97651,0.0157591420755937
97652,0.0162862449578727
97653,0.0178197470582426
97654,0.0575207316101654
97655,0.3105332485541749
97656,0.0174366625145074
97657,0.0201364036469652
97658,0.0771091072553975
97659,0.0178039485110312
97660,0.0246128952018593
97661,0.0182781545853411
97662,0.0169019681276514
97663,0.1762497005960382
97664,0.0476909938118825
97665,0.0179781497679046
97666,0.0244106590236555
97667,0.0171189858791368
97668,0.0680612877599635
97669,0.0448703072470548
97670,0.0167663934772906
97671,0.0165505645074417
97672,0.016084946870618
97673,0.0188775775918164
97674,0.0688851277138038
97675,0.0170052163492472
97676,0.0189993073625034
97677,0.940125130176468
97678,0.1364261756653257
97679,0.0168940802285047
97680,0.0831930289826645
97681,0.0882302434715889
97682,0.0475283302613538
97683,0.0170384971535077
97684,0.0169921326988081
97685,0.0177672230667759
97686,0.0161255924966627
97687,0.0440241135415564
97688,0.9219011102995128
97689,0.931767028220036
97690,0.021721386018809
97691,0.02065213732414
97692,0.0298803234679995
97693,0.019627777515341
97694,0.0594910386580997
97695,0.023396095333319
97696,0.2075326929343843
97697,0.0195295313071886
97698,0.0309128352151292
97699,0.0577053857075753
97700,0.0314426954351671
97701,0.0173189336294431
97702,0.9475633066500098
97703,0.0201497063997553
97704,0.3501138646994211
97705,0.0191408565055169
97706,0.0240108144136739
97707,0.0185149514802665
97708,0.0192717478259313
97709,0.0173399357638687
97710,0.0178792982523871
97711,0.0404199863934316
97712,0.018266157103641
97713,0.4918270135523558
97714,0.0304546899926639
97715,0.8839104111268625
97716,0.0758638081827118
97717,0.0784797147320468
97718,0.016785817972518
97719,0.0273773601008182
97720,0.0188325695727175
97721,0.943898500495468
97722,0.9274819099120734
97723,0.0157025407180087
97724,0.0158701638621083
97725,0.0193706327196674
97726,0.085029794830233
97727,0.016748912470845
97728,0.0195981499648332
97729,0.0190260029239243
97730,0.937398688650068
97731,0.8930700820949479
97732,0.0459114135292698
97733,0.8979742251447094
97734,0.9475832075734664
97735,0.9318798477109568
97736,0.0225776277669152
97737,0.0192413302229109
97738,0.0541971551480345
97739,0.0177445259969718
97740,0.0188104496614409
97741,0.1574321140159526
97742,0.9321820429484416
